상품명,brand,전성분
메이크온 시너지 마스크,메이크온,"정제수, 부틸렌글라이콜, 글리세린, 나이아신아마이드, 1,2-헥산다이올, 판테놀, 카보머, 알지닌, 잔탄검, 메틸트라이메티콘, 알란토인, 폴리글리세릴-10라우레이트, 에틸헥실글리세린, 암모늄아크릴로일다이메틸타우레이트/브이피코폴리머, 아데노신, 세라마이드엔피, 향료, 다이소듐이디티에이, 2,3-부탄다이올, 소듐하이알루로네이트, 알부틴, 하이드로제네이티드레시틴, 글리세릴스테아레이트, 하이드록시프로필트라이모늄하이알루로네이트, 콜레스테롤, 세라마이드엔에스, 세라마이드에이피, 세라마이드에이에스, 하이드롤라이즈드하이알루로닉애씨드, 소듐아세틸레이티드하이알루로네이트, 하이알루로닉애씨드, 카프릴릭/카프릭트라이글리세라이드, 소듐하이알루로네이트크로스폴리머, 하이드롤라이즈드소듐하이알루로네이트, 포타슘하이알루로네이트, 스쿠알란, 세틸에틸헥사노에이트, 병풀추출물, 마카다미아씨오일, 스테아릭애씨드, 토코페롤, 올레익애씨드, 유채스테롤, 세라마이드이오피"
가볍게 마시는 히알루론산,메이크온,
스킨 라이트 테라피 III,메이크온,
스킨 라이트 테라피 3S,메이크온,
젬 소노 테라피 릴리프,메이크온,
히알루로닉 스파 캡슐 24개입,메이크온,"소듐하이알루로네이트, 만니톨"
마그네타이트 바디롤러,메이크온,
,메이크온,
페이셜 부스팅 스파,메이크온,해당없음
수분가득 콜라겐 시트 마스크 25ml,에뛰드,"정제수, 하이드롤라이즈드콜라겐, 부틸렌글라이콜, 메틸프로판다이올, 1,2-헥산다이올, 에탄올, 글리세린, 폴리글리세릴-10라우레이트, 아크릴레이트/C10-30알킬아크릴레이트크로스폴리머, 알지닌, 알란토인, 잔탄검, 폴리글리세릴-10미리스테이트, 에틸헥실글리세린, 다이소듐이디티에이, 하이드롤라이즈드루핀단백질, 토코페롤"
드로잉 아이 브로우 0.25g,에뛰드,"흑색산화철, 하이드로제네이티드돌콩오일, 하이드로제네이티드코코-글리세라이즈, 황색산화철, 마이카, 하이드로제네이티드식물성오일, 적색산화철, 징크스테아레이트, 스테아릭애씨드, 카나우바왁스, 폴리글리세릴-2트라이아이소스테아레이트, 토코페롤, 카프릴릴글라이콜, 페녹시에탄올, 아스코빌팔미테이트, 헥실렌글라이콜"
진저슈가 립케어 2종 기획세트,에뛰드,"립마스크 : 폴리부텐, 하이드로제네이티드폴리아이소부텐, 피토스테릴이소스테아릴다이머디리놀리에이트, 다이아이소스테아릴말레이트, 피토스테릴/이소스테아릴/세틸/스테아릴/베헤닐다이머디리놀리에이트, 덱스트린팔미테이트, 시어버터, 마이크로크리스탈린왁스, 폴리에틸렌, 글리세린, 비즈왁스, 토코페릴아세테이트, 칸데릴라왁스, 야자씨버터, 에틸렌/프로필렌/스타이렌코폴리머, 트라이에틸헥사노인, 다이메티콘, 카프릴릭/카프릭트라이글리세라이드, 오조케라이트, 폴리하이드록시스테아릭애씨드, 리모넨, 폴리글리세릴-2다이폴리하이드록시스테아레이트, 다이스테아다이모늄헥토라이트, 에틸헥실팔미테이트, 레시틴, 아이소스테아릭애씨드, 아이소프로필팔미테이트, 솔비탄아이소스테아레이트, 향료, 폴리글리세릴-3폴리리시놀리에이트, 데하이드로아세틱애씨드, 부틸렌/에틸렌/스타이렌코폴리머, 리날룰, 트레할로오스, 펜타에리스리틸테트라-다이-T-부틸하이드록시하이드로신나메이트, 시트랄, 정제수, 부틸렌글라이콜, 생강추출물, 비에이치티. -립밤스틱 : 스쿠알란, 카프릴릭/카프릭트라이글리세라이드, 비스-다이글리세릴폴리아실아디페이트-2, 하이드로제네이티드캐스터오일아이소스테아레이트, 브이피/헥사데센코폴리머, 펜타에리스리틸테트라아이소스테아레이트, 다이아이소스테아릴말레이트, 합성왁스, 에이치디아이/트라이메틸올헥실락톤크로스폴리머, 합성플루오르플로고파이트, 야자씨버터, 시어버터, 세레신, 수크로오스테트라스테아레이트트라이아세테이트, 토코페릴아세테이트, 마이크로크리스탈린왁스, 1,2-헥산다이올, 에틸렌/프로필렌코폴리머, 리모넨, 라우로일라이신, 향료, 에틸헥실글리세린, 실리카, 리날룰, 시트랄, 제라니올, 에리스리톨, 정제수, 부틸렌글라이콜, 생강추출물, 토코페롤"
왓츠 인 마이 아이즈,에뛰드,"탤크, 마이카, 티타늄디옥사이드 (CI 77891), 트라이에틸헥사노인, 징크스테아레이트, 합성플루오르플로고파이트, 실리카, 폴리글리세릴-2트라이아이소스테아레이트, 망가니즈바이올렛, 페닐트라이메티콘, 하이드로제네이티드폴리아이소부텐, 카프릴릴글라이콜, 에틸헥실글리세린, 다이메티콘, 트라이에톡시카프릴릴실레인, 울트라마린, 적색226호, 황색산화철, 알루미늄하이드록사이드, 메티콘, 틴옥사이드, 황색4호, 토코페롤"
디어 달링 워터젤 틴트,에뛰드,"정제수, 글리세린, 글리세릴폴리메타크릴레이트, 프로판다이올, 트레할로오스, 펜틸렌글라이콜, 1,2-헥산다이올, 암모늄아크릴로일다이메틸타우레이트/브이피코폴리머, 폴리아크릴레이트-13, 트로메타민, 적색218호, 폴리아이소부텐, 글리세릴카프릴레이트, 폴리글리세릴-10라우레이트, 황색5호, 향료, 부틸렌글라이콜, 폴리솔베이트20, 솔비탄아이소스테아레이트, 푸니카그라나툼프룻추출물, 페녹시에탄올, 사핀두스트리폴리아투스푸룻추출물"
왓츠 인 마이 아이즈 카페 더블,에뛰드,"[좌] 탤크, 마이카, 티타늄디옥사이드 (CI 77891), 실리카, 헥실라우레이트, 보론나이트라이드, 라우로일라이신, 징크스테아레이트, 다이아이소스테아릴말레이트, 황색산화철, 펜타에리스리틸테트라에틸헥사노에이트, 페닐트라이메티콘, 적색산화철, 다이메티콘, 카프릴릴글라이콜, 에틸헥실글리세린, 트라이에톡시카프릴릴실레인, 흑색산화철, 황색4호, 알루미늄하이드록사이드, 적색226호, 메티콘, 토코페롤 [우] 마이카, 탤크, 티타늄디옥사이드 (CI 77891), 헥실라우레이트, 알루미늄전분옥테닐석시네이트, 다이아이소스테아릴말레이트, 페닐트라이메티콘, 비닐다이메티콘, 합성플루오르플로고파이트, 다이메티콘, 마그네슘미리스테이트, 징크스테아레이트, 카프릴릴글라이콜, 에틸헥실글리세린, 적색산화철, 트라이에톡시카프릴릴실레인, 황색4호, 틴옥사이드, 황색5호, 실리카, 적색202호, 토코페롤"
수분가득 콜라겐 딥시트 마스크 37ml,에뛰드,"정제수, 하이드롤라이즈드콜라겐(60,056ppm), 다이프로필렌글라이콜, 세틸에틸헥사노에이트, 글리세린, 카프릴릭/카프릭트라이글리세라이드, 1,2-헥산다이올, 글리세레스-26, 폴리글리세릴-3다이스테아레이트, 글리세릴스테아레이트, 폴리글리세릴-3메틸글루코오스다이스테아레이트, 부틸렌글라이콜, 트레할로오스, 판테놀, 글리세릴스테아레이트시트레이트, 스페인감초뿌리추출물, 녹차추출물, 생강추출물, 콥티스뿌리추출물, 카보머, 알지닌, 잔탄검, 에틸헥실글리세린, 하이드록시에틸아크릴레이트/소듐아크릴로일다이메틸타우레이트코폴리머, 다이소듐이디티에이, 하이드로제네이티드레시틴, 소듐하이알루로네이트, 솔비탄아이소스테아레이트, 세라마이드엔피, 콜레스테롤, 하이드롤라이즈드루핀단백질"
순정 디렉터 수분 선크림 기획세트 SPF50+/PA++++,에뛰드,"정제수, 다이부틸아디페이트, 프로판다이올, 부틸렌글라이콜, 에칠헥실트리아존, 테레프탈릴리덴디캠퍼설포닉애씨드, 폴리글리세릴-3다이스테아레이트, 트로메타민, 1,2-헥산다이올, 펜틸렌글라이콜, 세테아릴알코올, 디에칠아미노하이드록시벤조일헥실벤조에이트, 폴리실리콘-15, 글리세릴스테아레이트, 비스-에칠헥실옥시페놀메톡시페닐트리아진, 포타슘세틸포스페이트, 메틸프로판다이올, 실리카, 카보머, 병풀추출물, 글리세릴스테아레이트시트레이트, 아크릴레이트/C10-30알킬아크릴레이트크로스폴리머, 에틸헥실글리세린, 암모늄아크릴로일다이메틸타우레이트/브이피코폴리머, 폴리에터-1, 다이소듐이디티에이, 바이오사카라이드검-1, 알란토인, 판테놀, 토코페롤, 마데카소사이드"
닥터 마스카라 픽서 포 래쉬  6g,에뛰드,"아이소도데케인, 브이피/에이코신코폴리머, 사이클로펜타실록세인, 트라이메틸실록시실리케이트, 실리카, 다이스테아다이모늄헥토라이트, 합성왁스, 아이소부틸메타크릴레이트/비스-하이드록시프로필다이메티콘아크릴레이트코폴리머, 프로필렌카보네이트, 에틸렌/프로필렌코폴리머, 흑색산화철, 트라이에톡시카프릴릴실레인"
프루프 10 젤 방수 펜슬 0.3 g,에뛰드,"흑색산화철, 트리메칠실록시실리케이트, 사이클로펜타실록산, 이소도데칸, 폴리에칠렌, 합성왁스, 세레신, 마이카, 합성칸데릴라왁스, 폴리이소부텐, 티타늄디옥사이드"
순정 디렉터 선크림,에뛰드,"[전성분] 정제수, 다이부틸아디페이트, C12-15알킬벤조에이트, 다이프로필렌글라이콜, 티타늄디옥사이드 (CI 77891), 코코-카프릴레이트/카프레이트, 아이소노닐아이소노나노에이트, 부틸렌글라이콜, 디에칠아미노하이드록시벤조일헥실벤조에이트, 나이아신아마이드, 펜틸렌글라이콜, 1,2-헥산다이올, 비스-에칠헥실옥시페놀메톡시페닐트리아진, 에칠헥실트리아존, 글리세린, 폴리실리콘-15, 테레프탈릴리덴디캠퍼설포닉애씨드, 폴리하이드록시스테아릭애씨드, 폴리C10-30알킬아크릴레이트, 폴리글리세릴-3메틸글루코오스다이스테아레이트, 폴리메틸실세스퀴옥세인, 포타슘세틸포스페이트, 트로메타민, 아이소도데케인, 옥틸도데칸올, 알루미늄하이드록사이드, 소듐폴리아크릴로일다이메틸타우레이트, 판테놀, 스테아릭애씨드, 폴리글리세릴-6스테아레이트, 하이드록시에틸아크릴레이트/소듐아크릴로일다이메틸타우레이트코폴리머, 폴리글리세릴-4아이소스테아레이트, 폴리글리세릴-2다이폴리하이드록시스테아레이트, 아이소프로필티타늄트라이아이소스테아레이트, 하이드록시프로필메틸셀룰로오스스테아록시에터, 폴리아크릴레이트크로스폴리머-6, 에틸헥실글리세린, 아데노신, 트라이소듐에틸렌다이아민다이석시네이트, 폴리글리세릴-6베헤네이트, 토코페롤, 베헤닐알코올, 잔탄검, 황색산화철 (CI 77492), 적색산화철 (CI 77491)[전성분] 정제수, 소듐코코일이세티오네이트, 글리세린, 하이드록시프로필스타치포스페이트, 소듐메틸코코일타우레이트, 데실글루코사이드, 포타슘코코일글리시네이트, 세테아릴알코올, 글리세릴스테아레이트, 솔비탄올리베이트, 글라이콜다이스테아레이트, 포타슘코코에이트, 카프릴릴글라이콜, 시트릭애씨드, 폴리쿼터늄-67, 글리세릴카프릴레이트, 다이소듐이디티에이, 소듐아세테이트, 소듐클로라이드, 판테놀, 펜틸렌글라이콜, 마데카소사이드"
뽀오얀 미소 발효 립&아이 리무버 250ml,에뛰드,"정제수, 세틸에틸헥사노에이트, C9-12알케인, C18-21알케인, 글리세린, 아이소도데케인, 헥실렌글라이콜, 소듐클로라이드, 코코-카프릴레이트/카프레이트, 카프릴릴/카프릴글루코사이드, 라우릴메틸글루세스-10하이드록시프로필다이모늄클로라이드, 1,2-헥산다이올, 다이포타슘포스페이트, 소듐메타포스페이트, 에틸헥실글리세린, 부틸렌글라이콜, 포타슘포스페이트, 효모/보리씨발효여과물, 프로판다이올, 쌀겨오일, 모나스커스/쌀발효물, 돌콩지질, 토코페롤, 다이소듐이디티에이"
님프 광채볼류머 투명한 물광 24g,에뛰드,"하이드로제네이티드폴리데센, 하이드로제네이티드폴리아이소부텐, 피마자씨오일, 에틸렌/프로필렌코폴리머, 에틸헥실올리베이트, 폴리글리세릴-4다이아이소스테아레이트/폴리하이드록시스테아레이트/세바케이트, 향료, 카프릴릴글라이콜, 다이아이소스테아릴말레이트, 아르간커넬오일, 옥틸도데실스테아로일스테아레이트, 에틸헥실글리세린, 아보카도오일, 티타늄디옥사이드 (CI 77891), 1,2-헥산다이올, 울트라마린, 적색산화철, 하이드롤라이즈드하이알루로닉애씨드"
청순거짓 브라우카라 대용량 기획세트,에뛰드,"정제수, 사이클로펜타실록세인, 트라이메틸실록시실리케이트, 아이소도데케인, 탤크, 메틸트라이메티콘, 아크릴레이트/스테아릴아크릴레이트/다이메티콘메타크릴레이트코폴리머, 피이지-10다이메티콘, 적색산화철, 오조케라이트, 비닐다이메티콘/메티콘실세스퀴옥세인크로스폴리머, 황색산화철, 흑색산화철, 부틸렌글라이콜, 라우릴피이지-9폴리다이메틸실록시에틸다이메티콘, 마이카, 티타늄디옥사이드 (CI 77891), 소듐클로라이드, 에틸헥산다이올, 펜틸렌글라이콜, 다이스테아다이모늄헥토라이트, 1,2-헥산다이올, 프로필렌카보네이트, 트라이에톡시카프릴릴실레인, 아이소프로필티타늄트라이아이소스테아레이트, 다이소듐이디티에이, 비스-피이지-15다이메티콘/아이피디아이코폴리머, 알루미늄하이드록사이드, 피이지-2소이아민, 토코페롤"
컬 픽스 마스카라,에뛰드,"아이소도데케인, 트라이메틸실록시실리케이트, 세레신, 덱스트린팔미테이트/에틸헥사노에이트, 탤크, 부틸아크릴레이트/하이드록시프로필다이메티콘아크릴레이트코폴리머, 마이크로크리스탈린왁스, 흑색산화철, 다이스테아다이모늄헥토라이트, 폴리프로필실세스퀴옥세인, 프로필렌카보네이트, 하이드로제네이티드폴리아이소부텐, 트라이에톡시카프릴릴실레인, 비에이치티"
블링블링 아이스틱 1.4g,에뛰드,"트라이에틸헥사노인, 합성플루오르플로고파이트, 마이카, 페닐트라이메티콘, 티타늄디옥사이드 (CI 77891), 카프릴릭/카프릭/미리스틱/스테아릭트라이글리세라이드, 세레신, 스쿠알란, 폴리에틸렌, 비스머스옥시클로라이드, 보론나이트라이드, 나일론-12, 네오펜틸글라이콜다이카프레이트, 카프릴릭/카프릭트라이글리세라이드, 칼슘소듐보로실리케이트, 솔비탄세스퀴올리에이트, 칸데릴라왁스, 카프릴릴글라이콜, 토코페릴아세테이트, 해바라기씨오일, 포도씨오일, 글리세릴카프릴레이트, 페녹시에탄올, 스테아랄코늄헥토라이트, 헥실렌글라이콜, 프로필렌카보네이트, 틴옥사이드"
라인 픽스 브러쉬 라이너 0.5g,에뛰드,"정제수, 암모늄스타이렌/아크릴레이트코폴리머, 카본블랙, 부틸렌글라이콜, 암모늄아크릴레이트코폴리머, 스타이렌/아크릴레이트코폴리머, 펜틸렌글라이콜, 페녹시에탄올, 1,2-헥산다이올, 카프릴릴글라이콜, 소듐데하이드로아세테이트, 에틸헥실글리세린, 다이소듐이디티에이, 트라이데세스-6포스페이트, 다이프로필렌글라이콜, 바나나추출물, 글리세릴카프릴레이트, 바오밥나무씨추출물, 검정콩추출물, 흑미추출물, 검은깨추출물, 시메티콘"
팡팡 헤어 섀도우 3.5g,에뛰드,"탤크, 마그네슘포타슘플루오로실리케이트, 흑색산화철, 폴리메틸메타크릴레이트, 마이카, 폴리에틸렌, 다이페닐실록시페닐트라이메티콘, 황색산화철, 옥틸도데실스테아로일스테아레이트, 트라이에톡시카프릴릴실레인, 적색산화철, 트라이메틸실록시실리케이트, 다이메티콘, 에틸헥실글리세린, 폴리프로필실세스퀴옥세인, 카프릴릴메티콘, 데하이드로아세틱애씨드, 정제수, 에탄올, 부틸렌글라이콜, 녹차추출물, 덱스트린, 마트리카리아꽃수, 글리세린, 락토바실러스발효물, 토코페롤, 프로판다이올, 동백나무씨오일, 판테놀, 세라마이드엔피, 1,2-헥산다이올, 검정콩추출물, 피토스핑고신, 하이드로제네이티드레시틴, 락토바실러스발효용해물, 다이소듐이디티에이"
픽싱틴트 4g,에뛰드,"정제수,아이소도데케인,다이메티콘,비닐다이메티콘/메티콘실세스퀴옥세인크로스폴리머,부틸렌글라이콜,다이스테아다이모늄헥토라이트,트라이칼슘포스페이트,다이메티콘/비닐다이메티콘크로스폴리머,솔비탄아이소스테아레이트,라우릴폴리글리세릴-3폴리다이메틸실록시에틸다이메티콘,다이아이소스테아릴말레이트,다이글리세린,세틸피이지/피피지-10/1다이메티콘,스테아릴다이메티콘,마그네슘설페이트,다이페닐실록시페닐트라이메티콘,1,2-헥산다이올,프로필렌카보네이트,티타늄디옥사이드 (CI 77891),적색202호,폴리글리세릴-3다이아이소스테아레이트,옥타데센,아크릴레이트/폴리트라이메틸실록시메타크릴레이트코폴리머,황색4호,폴리글리세릴-3폴리다이메틸실록시에틸다이메티콘,향료,솔비탄올리베이트,실리카다이메틸실릴레이트,적색산화철,황색5호,트라이에톡시카프릴릴실레인,적색104호의(1),솔비탄세스퀴올리에이트,에틸헥실글리세린,청색1호,적색201호,토코페롤,펜타에리스리틸테트라-다이-T-부틸하이드록시하이드로신나메이트"
진저슈가 립밤스틱 3.7g,에뛰드,"스쿠알란, 카프릴릭/카프릭트라이글리세라이드, 비스-다이글리세릴폴리아실아디페이트-2, 하이드로제네이티드캐스터오일아이소스테아레이트, 브이피/헥사데센코폴리머, 펜타에리스리틸테트라아이소스테아레이트, 다이아이소스테아릴말레이트, 합성왁스, 에이치디아이/트라이메틸올헥실락톤크로스폴리머, 합성플루오르플로고파이트, 야자씨버터, 시어버터, 세레신, 수크로오스테트라스테아레이트트라이아세테이트, 토코페릴아세테이트, 마이크로크리스탈린왁스, 1,2-헥산다이올, 에틸렌/프로필렌코폴리머, 리모넨, 라우로일라이신, 향료, 에틸헥실글리세린, 실리카, 리날룰, 시트랄, 제라니올, 에리스리톨, 정제수, 부틸렌글라이콜, 생강추출물, 토코페롤"
진저슈가 에센셜 립밤 15ml,에뛰드,"다이아이소스테아릴말레이트, 폴리부텐, 피토스테릴/이소스테아릴/세틸/스테아릴/베헤닐다이머디리놀리에이트, 피토스테릴이소스테아릴다이머디리놀리에이트, 하이드로제네이티드폴리아이소부텐, 덱스트린팔미테이트/에틸헥사노에이트, 시어버터, 글리세린, 토코페릴아세테이트, 야자씨버터, 트라이에틸헥사노인, 에틸렌/프로필렌/스타이렌코폴리머, 칸데릴라왁스, 다이메티콘, 카프릴릭/카프릭트라이글리세라이드, 리모넨, 수크로오스테트라스테아레이트트라이아세테이트, 해바라기씨왁스, 오조케라이트, 합성왁스, 폴리글리세릴-2다이폴리하이드록시스테아레이트, 폴리하이드록시스테아릭애씨드, 향료, 다이스테아다이모늄헥토라이트, 레시틴, 솔비탄아이소스테아레이트, 에틸헥실팔미테이트, 아이소스테아릭애씨드, 아이소프로필미리스테이트, 데하이드로아세틱애씨드, 폴리글리세릴-3폴리리시놀리에이트, 리날룰, 부틸렌/에틸렌/스타이렌코폴리머, 시트랄, 펜타에리스리틸테트라-다이-T-부틸하이드록시하이드로신나메이트, 제라니올, 에리스리톨, 정제수, 부틸렌글라이콜, 생강추출물"
그림자쉐딩 재창조 & 재창조 쉐딩스틱 기획세트,에뛰드,"[톤앤톤] 탤크, 마이카, 펜타에리스리틸테트라에틸헥사노에이트, 나일론-12, 다이아이소스테아릴말레이트, 마그네슘스테아레이트, 티타늄디옥사이드 (CI 77891), 황색산화철, 흑색산화철, 다이메티콘, 적색산화철, 1,2-헥산다이올, 아미노프로필다이메티콘, 폴리메틸실세스퀴옥세인, 글리세릴카프릴레이트, 망가니즈바이올렛, 트라이에톡시카프릴릴실레인, 알루미나, 실리카 [무드온] 탤크, 마이카, 펜타에리스리틸테트라에틸헥사노에이트, 나일론-12, 다이아이소스테아릴말레이트, 티타늄디옥사이드 (CI 77891), 황색산화철, 마그네슘스테아레이트, 흑색산화철, 적색산화철, 다이메티콘, 1,2-헥산다이올, 아미노프로필다이메티콘, 폴리메틸실세스퀴옥세인, 글리세릴카프릴레이트, 트라이에톡시카프릴릴실레인, 알루미나, 실리카 [재창조 #웜쉐딩] 에틸헥실팔미테이트, 사이클로펜타실록세인, 실리카, 합성왁스, 카프릴릭/카프릭트라이글리세라이드, 티타늄디옥사이드 (CI 77891), 다이메티콘, C13-15알케인, 트라이메틸실록시실리케이트, 비닐다이메티콘/메티콘실세스퀴옥세인크로스폴리머, 아이소도데케인, 세틸피이지/피피지-10/1다이메티콘, 폴리글리세릴-3폴리리시놀리에이트, 파라핀, 호호바에스터, 솔비탄아이소스테아레이트, 브이피/헥사데센코폴리머, 황색산화철, 다이메티콘/비닐다이메티콘크로스폴리머, 흑색산화철, 마이크로크리스탈린왁스, 다이스테아다이모늄헥토라이트, 적색산화철, 트라이에톡시카프릴릴실레인, 알루미늄하이드록사이드, 토코페롤, 펜타에리스리틸테트라-다이-T-부틸하이드록시하이드로신나메이트"
슈팅빔 하이라이터 3g,에뛰드,"마이카, 티타늄디옥사이드 (CI 77891), 다이아이소스테아릴말레이트, C9-12알케인, 하이드로제네이티드폴리아이소부텐, 트라이에틸헥사노인, 다이메티콘, 실리카, 징크스테아레이트, 옥틸도데칸올, 다이페닐다이메티콘, 다이메티콘/비닐다이메티콘크로스폴리머, 다이스테아다이모늄헥토라이트, 카프릴릴글라이콜, 에틸헥실글리세린, 적색산화철, 하이드로제네이티드식물성오일, 토코페롤, 펜타에리스리틸테트라-다이-t-부틸하이드록시하이드로신나메이트, 솔비탄트라이스테아레이트, 틴옥사이드"
순정 디렉터 톤업 수정 선크림 기획 세트 SPF50+/PA++++,에뛰드,"[전성분] 정제수, 다이부틸아디페이트, C12-15알킬벤조에이트, 다이프로필렌글라이콜, 티타늄디옥사이드 (CI 77891), 코코-카프릴레이트/카프레이트, 아이소노닐아이소노나노에이트, 부틸렌글라이콜, 디에칠아미노하이드록시벤조일헥실벤조에이트, 나이아신아마이드, 펜틸렌글라이콜, 1,2-헥산다이올, 비스-에칠헥실옥시페놀메톡시페닐트리아진, 에칠헥실트리아존, 글리세린, 폴리실리콘-15, 테레프탈릴리덴디캠퍼설포닉애씨드, 폴리하이드록시스테아릭애씨드, 폴리C10-30알킬아크릴레이트, 폴리글리세릴-3메틸글루코오스다이스테아레이트, 폴리메틸실세스퀴옥세인, 포타슘세틸포스페이트, 트로메타민, 아이소도데케인, 옥틸도데칸올, 알루미늄하이드록사이드, 소듐폴리아크릴로일다이메틸타우레이트, 판테놀, 스테아릭애씨드, 폴리글리세릴-6스테아레이트, 하이드록시에틸아크릴레이트/소듐아크릴로일다이메틸타우레이트코폴리머, 폴리글리세릴-4아이소스테아레이트, 폴리글리세릴-2다이폴리하이드록시스테아레이트, 아이소프로필티타늄트라이아이소스테아레이트, 하이드록시프로필메틸셀룰로오스스테아록시에터, 폴리아크릴레이트크로스폴리머-6, 에틸헥실글리세린, 아데노신, 트라이소듐에틸렌다이아민다이석시네이트, 폴리글리세릴-6베헤네이트, 토코페롤, 베헤닐알코올, 잔탄검, 황색산화철 (CI 77492), 적색산화철 (CI 77491) [전성분] 정제수, 소듐코코일이세티오네이트, 글리세린, 하이드록시프로필스타치포스페이트, 소듐메틸코코일타우레이트, 데실글루코사이드, 포타슘코코일글리시네이트, 세테아릴알코올, 글리세릴스테아레이트, 솔비탄올리베이트, 글라이콜다이스테아레이트, 포타슘코코에이트, 카프릴릴글라이콜, 시트릭애씨드, 폴리쿼터늄-67, 글리세릴카프릴레이트, 다이소듐이디티에이, 소듐아세테이트, 소듐클로라이드, 판테놀, 펜틸렌글라이콜, 마데카소사이드"
베어 엣지 슬림 브로우 0.1g,에뛰드,"마이카, 흑색산화철, 하이드로제네이티드코코-글리세라이즈, 하이드로제네이티드캐스터오일, 칸데릴라왁스, 하이드로제네이티드유채씨오일, 피마자씨오일, 하이드로제네이티드식물성오일, 적색산화철, 티타늄디옥사이드 (CI 77891), 황색산화철, 카나우바왁스, 징크스테아레이트, 폴리아이소부텐, 폴리하이드록시스테아릭애씨드, 에틸헥실팔미테이트, 레시틴, 아이소스테아릭애씨드, 아이소프로필미리스테이트, 폴리글리세릴-3폴리리시놀리에이트, 카프릴릴글라이콜, 글리세릴카프릴레이트"
플레이 101 스틱 컨투어 듀오,에뛰드,"1. 하이라이터: 옥틸도데칸올, 티타늄디옥사이드, 세틸에칠헥사노에이트, C12-15알킬벤조에이트, 합성플루오르플로고파이트, 실리카, 메칠메타크릴레이트크로스폴리머, 카프릴릭/카프릭트리글리세라이드, 폴리에칠렌, 오조케라이트, 펜타에리스리틸테트라이소스테아레이트, 소르비탄세스퀴올리에이트, 폴리글리세릴-6폴리리시놀리에이트, 황색산화철, 적색산화철, 토코페릴아세테이트, 데하이드로아세틱애씨드, 디스테아릴디모늄클로라이드, 레시틴, 틴옥사이드, 폴리하이드록시스테아릭애씨드, 에칠헥실팔미테이트, 이소스테아릭애씨드, 이소프로필미리스테이트, 폴리글리세릴-3폴리리시놀리에이트 2. 쉐이딩: 실리카, 옥틸도데칸올, 세틸에칠헥사노에이트, C12-15알킬벤조에이트, 페닐트리메치콘, 폴리에칠렌, 이소노닐이소노나노에이트, 오조케라이트, 황색산화철, 티타늄디옥사이드, 마이크로크리스탈린왁스, 소르비탄세스퀴올리에이트, 폴리글리세릴-6폴리리시놀리에이트, 스테아랄코늄헥토라이트, 합성플루오르플로고파이트, 흑색산화철, 적색산화철, 카프릴릭/카프릭트리글리세라이드, 카나우바왁스, 토코페릴아세테이트, 레시틴, 폴리하이드록시스테아릭애씨드, 데하이드로아세틱애씨드, 에칠헥실팔미테이트, 폴리글리세릴-3폴리리시놀리에이트, 이소스테아릭애씨드, 이소프로필미리스테이트, 디스테아릴디모늄클로라이드"
컬픽스 마스카라 올인원 3종 세트,에뛰드,"[컬픽스 마스카라(블랙)] 아이소도데케인, 트라이메틸실록시실리케이트, 세레신, 덱스트린팔미테이트/에틸헥사노에이트, 탤크, 부틸아크릴레이트/하이드록시프로필다이메티콘아크릴레이트코폴리머, 마이크로크리스탈린왁스, 흑색산화철, 다이스테아다이모늄헥토라이트, 폴리프로필실세스퀴옥세인, 프로필렌카보네이트, 하이드로제네이티드폴리아이소부텐, 트라이에톡시카프릴릴실레인, 비에이치티 [뽀오얀 립앤아이리무버] 정제수, 세틸에틸헥사노에이트, C9-12알케인, C18-21알케인, 글리세린, 아이소도데케인, 헥실렌글라이콜, 소듐클로라이드, 코코-카프릴레이트/카프레이트, 카프릴릴/카프릴글루코사이드, 라우릴메틸글루세스-10하이드록시프로필다이모늄클로라이드, 1,2-헥산다이올, 다이포타슘포스페이트, 소듐메타포스페이트, 에틸헥실글리세린, 부틸렌글라이콜, 포타슘포스페이트, 효모/보리씨발효여과물, 프로판다이올, 쌀겨오일, 모나스커스/쌀발효물, 돌콩지질, 토코페롤, 다이소듐이디티에이"
"6,400원",에뛰드,"정제수, 흑색산화철, 아크릴레이트코폴리머, 부틸렌글라이콜, 에탄올, 펜틸렌글라이콜, 1,2-헥산다이올, 폴리솔베이트20, 벤토나이트, 리튬마그네슘소듐실리케이트, 잔탄검, 카프릴릴글라이콜, 소듐데하이드로아세테이트, 소듐메타포스페이트"
플레이 컬러 아이즈 #더스티 캣 0.8g X 9,에뛰드,"[핑크 젤리 냠냠] 탤크, 마이카, 폴리프로필렌, 티타늄디옥사이드 (CI 77891), 트라이에틸헥사노인, 알루미늄전분옥테닐석시네이트, 펜타에리스리틸테트라에틸헥사노에이트, 다이메티콘, 흑색산화철, 피씨에이다이메티콘, 에틸헥실글리세린, 정제수, 트라이에톡시카프릴릴실레인, 카프릴릴글라이콜, 황색산화철, 적색산화철, 알루미늄하이드록사이드, 적색226호, 메티콘 / [큐티가 배로] 탤크, 마이카, 칼슘티타늄보로실리케이트, 다이아이소스테아릴말레이트, 티타늄디옥사이드 (CI 77891), 칼슘알루미늄보로실리케이트, 칼슘소듐보로실리케이트, 다이메티콘, 알루미늄전분옥테닐석시네이트, 보론나이트라이드, 징크스테아레이트, 적색산화철, 옥틸도데실스테아로일스테아레이트, 실버, 아이소스테아릭애씨드, 정제수, 라우로일라이신, 에틸헥실글리세린, 실리카, 카프릴릴글라이콜, 트라이에톡시카프릴릴실레인, 틴옥사이드, 적색226호 / [조심해! 냥냥펀치] 탤크, 마이카, 티타늄디옥사이드 (CI 77891), 나일론-12, 옥틸도데실스테아로일스테아레이트, 다이페닐실록시페닐트라이메티콘, 마그네슘미리스테이트, 실리카, 보론나이트라이드, 울트라마린, 적색산화철, 황색산화철, 흑색산화철, 카프릴릭/카프릭트라이글리세라이드, 적색226호, 다이메티콘, 에틸헥실글리세린, 메티콘, 카프릴릴글라이콜, 트라이에톡시카프릴릴실레인, 라우로일라이신, 알루미늄하이드록사이드, 징크스테아레이트 / [턱선에 베이지] 탤크, 마이카, 폴리프로필렌, 티타늄디옥사이드 (CI 77891), 트라이에틸헥사노인, 알루미늄전분옥테닐석시네이트, 흑색산화철, 펜타에리스리틸테트라에틸헥사노에이트, 다이메티콘, 황색산화철, 적색산화철, 울트라마린, 피씨에이다이메티콘, 에틸헥실글리세린, 정제수, 트라이에톡시카프릴릴실레인, 카프릴릴글라이콜, 적색226호, 알루미늄하이드록사이드, 메티콘 / [더스티 캣] 탤크, 마이카, 보론나이트라이드, 티타늄디옥사이드 (CI 77891), 옥틸도데실스테아로일스테아레이트, 다이페닐실록시페닐트라이메티콘, 마그네슘미리스테이트, 실리카, 울트라마린, 망가니즈바이올렛, 황색산화철, 흑색산화철, 적색산화철, 카프릴릭/카프릭트라이글리세라이드, 다이메티콘, 트라이에톡시카프릴릴실레인, 적색226호, 에틸헥실글리세린, 메티콘, 카프릴릴글라이콜, 알루미늄하이드록사이드, 징크스테아레이트 / [냥이의 속마음] 칼슘알루미늄보로실리케이트, 마이카, 칼슘티타늄보로실리케이트, 탤크, 실리카, 티타늄디옥사이드 (CI 77891), 다이메티콘, 다이아이소스테아릴말레이트, 다이페닐실록시페닐트라이메티콘, 프로필렌글라이콜다이벤조에이트, 펜타에리스리틸테트라아이소스테아레이트, 마그네슘미리스테이트, 트라이옥틸도데실시트레이트, 징크스테아레이트, 다이메티콘/비닐다이메티콘크로스폴리머, 하이드로제네이티드스타이렌/메틸스타이렌/인덴코폴리머, 적색산화철, 틴옥사이드, 트라이에톡시카프릴릴실레인, 에틸헥실글리세린, 카프릴릴글라이콜, 카민, 펜타에리스리틸테트라-다이-T-부틸하이드록시하이드로신나메이트 / [쿨럭 쿨럭] 탤크, 마이카, 폴리프로필렌, 티타늄디옥사이드 (CI 77891), 흑색산화철, 트라이에틸헥사노인, 적색산화철, 망가니즈바이올렛, 알루미늄전분옥테닐석시네이트, 울트라마린, 펜타에리스리틸테트라에틸헥사노에이트, 다이메티콘, 황색산화철, 적색226호, 피씨에이다이메티콘, 에틸헥실글리세린, 정제수, 트라이에톡시카프릴릴실레인, 카프릴릴글라이콜, 알루미늄하이드록사이드, 메티콘 / [갓 캔 감자] 탤크, 마이카, 적색산화철, 흑색산화철, 티타늄디옥사이드 (CI 77891), 알루미늄전분옥테닐석시네이트, 네오펜틸글라이콜다이에틸헥사노에이트, 보론나이트라이드, 헥실라우레이트, 옥틸도데실스테아로일스테아레이트, 세틸에틸헥사노에이트, 아이소스테아릭애씨드, 나일론-12, 다이아이소스테아릴말레이트, 정제수, 라우로일라이신, 트라이에톡시카프릴릴실레인, 에틸헥실글리세린, 카프릴릴글라이콜, 카민 / [쿨쿨~ 굿 나잇] 탤크, 마이카, 흑색산화철, 폴리프로필렌, 적색산화철, 트라이에틸헥사노인, 망가니즈바이올렛, 황색산화철, 다이페닐실록시페닐트라이메티콘, 알루미늄전분옥테닐석시네이트, 펜타에리스리틸테트라에틸헥사노에이트, 다이메티콘, 피씨에이다이메티콘, 에틸헥실글리세린, 정제수, 트라이에톡시카프릴릴실레인, 카프릴릴글라이콜, 적색226호"
아이돌 리얼 래쉬 픽서 8ml,에뛰드,"아이소도데케인, 합성왁스, 부틸아크릴레이트/하이드록시프로필다이메티콘아크릴레이트코폴리머, 마이크로크리스탈린왁스, 하이드로제네이티드폴리아이소부텐, 브이피/에이코신코폴리머, 다이스테아다이모늄헥토라이트, 실리카, 에틸렌/프로필렌코폴리머, 프로필렌카보네이트, 흑색산화철, 트라이에톡시카프릴릴실레인, 비에이치티"
베이킹 파우더 모공 클렌징 폼 듀오세트,에뛰드,"글리세린, 정제수, 스테아릭애씨드, 미리스틱애씨드, 피이지-32, 포타슘하이드록사이드, 팔미틱애씨드, 마이크로크리스탈린셀룰로오스, 라우릭애씨드, 코카미도프로필베타인, 글리세릴스테아레이트, 피이지-100스테아레이트, 향료, 실리카, 피이지-7글리세릴코코에이트, 폴리쿼터늄-7, 소듐클로라이드, 소듐바이카보네이트, 다이소듐이디티에이, 소듐벤조에이트, 락틱애씨드"
포근 픽싱틴트 4g,에뛰드,"다이메티콘, 다이메티콘/비닐다이메티콘크로스폴리머, 페닐트라이메티콘, 폴리글리세릴-2트라이아이소스테아레이트, 다이메티콘크로스폴리머, 하이드로제네이티드폴리아이소부텐, 티타늄디옥사이드 (CI 77891), 트라이메틸실록시실리케이트, 1,2-헥산다이올, 실리카실릴레이트, 세틸피이지/피피지-10/1다이메티콘, 아이소도데케인, 실리카, 탤크, 황색산화철, 토코페릴아세테이트, 적색202호, 적색산화철, 향료, 흑색산화철, 펜타에리스리틸테트라-다이-T-부틸하이드록시하이드로신나메이트, 적색104호의(1), 황색4호, 황색5호, 청색1호"
순정 약산성 클렌징 밀크 200ml,에뛰드,"정제수, 글리세린, 카프릴릭/카프릭트라이글리세라이드, 세틸에틸헥사노에이트, 해바라기씨오일, 부틸렌글라이콜, 1,2-헥산다이올, 세테아릴알코올, 아라키딜알코올, 판테놀, 베헤닐알코올, 아라키딜글루코사이드, 잔탄검, 아크릴레이트/C10-30알킬아크릴레이트크로스폴리머, 소듐스테아로일글루타메이트, 에틸헥실글리세린, 시트릭애씨드, 마데카소사이드, 은행나무잎추출물, 토코페롤"
마이 베스트 톤 아이 팔레트,에뛰드,"[아이 컨택] 마이카, 탤크, 마그네슘/포타슘/실리콘/플루오라이드/하이드록사이드/옥사이드, 티타늄디옥사이드 (CI 77891), 실리카, 하이드로제네이티드폴리(C6-14올레핀), 마그네슘미리스테이트, 메틸메타크릴레이트크로스폴리머, 하이드록시아파타이트, 라우로일라이신, 페닐트라이메티콘, 다이아이소스테아릴말레이트, 옥틸도데실스테아로일스테아레이트, 비스-베헤닐/아이소스테아릴/피토스테릴다이머다이리놀레일다이머다이리놀리에이트, 다이메티콘, 황색4호, 글리세릴카프릴레이트, 알루미늄하이드록사이드, 아이소프로필티타늄트라이아이소스테아레이트, 트라이에톡시카프릴릴실레인, 하이드로젠다이메티콘, 황색산화철, 미리스틱애씨드, 적색산화철, 적색226호, 토코페롤 / [첫사랑 코랄] 마그네슘/포타슘/실리콘/플루오라이드/하이드록사이드/옥사이드, 마이카, 탤크, 알루미늄전분옥테닐석시네이트, 티타늄디옥사이드 (CI 77891), 실리카, 징크스테아레이트, 마그네슘미리스테이트, 아이소아밀라우레이트, 스테아릴다이메티콘, 페닐트라이메티콘, 황색4호, 황색산화철, 다이메티콘, 하이드로젠다이메티콘, 글리세릴카프릴레이트, 다이아이소스테아릴말레이트, 적색226호, 트라이에톡시카프릴릴실레인, 알루미늄하이드록사이드, 적색산화철, 울트라마린, 하이드로제네이티드폴리데센, 흑색산화철 / [현실주의] 칼슘티타늄보로실리케이트, 헥실라우레이트, 티타늄디옥사이드 (CI 77891), 다이메티콘, 페닐트라이메티콘, 마이카, 폴리에틸렌, 합성플루오르플로고파이트, 다이아이소스테아릴말레이트, 실리카, 폴리프로필렌, 다이메티콘크로스폴리머, 카프릴릴글라이콜, 글리세릴카프릴레이트, 적색산화철, 틴옥사이드, 카민, 황색5호 / [내 말이 맞지?] 칼슘알루미늄보로실리케이트, 다이페닐실록시페닐트라이메티콘, 칼슘티타늄보로실리케이트, 폴리프로필렌, 다이아이소스테아릴말레이트, 비스-다이글리세릴폴리아실아디페이트-2, 비스-베헤닐/아이소스테아릴/피토스테릴다이머다이리놀레일다이머다이리놀리에이트, 티타늄디옥사이드 (CI 77891), 카프릴릭/카프릭트라이글리세라이드, 마이카, 하이드로제네이티드유채씨오일, 적색산화철, 합성플루오르플로고파이트, 글리세릴카프릴레이트, 틴옥사이드 / [발랄코랄] 마그네슘/포타슘/실리콘/플루오라이드/하이드록사이드/옥사이드, 마이카, 탤크, 알루미늄전분옥테닐석시네이트, 티타늄디옥사이드 (CI 77891), 실리카, 징크스테아레이트, 마그네슘미리스테이트, 라우로일라이신, 아이소아밀라우레이트, 페닐트라이메티콘, 스테아릴다이메티콘, 황색4호, 하이드로젠다이메티콘, 다이메티콘, 글리세릴카프릴레이트, 황색산화철, 적색산화철, 알루미늄하이드록사이드, 다이아이소스테아릴말레이트, 트라이에톡시카프릴릴실레인, 흑색산화철, 적색226호, 하이드로제네이티드폴리데센 / [요즘 인싸] 마그네슘/포타슘/실리콘/플루오라이드/하이드록사이드/옥사이드, 티타늄디옥사이드 (CI 77891), 마이카, 칼슘티타늄보로실리케이트, 탤크, 알루미늄전분옥테닐석시네이트, 실리카, 마그네슘미리스테이트, 징크스테아레이트, 아이소아밀라우레이트, 스테아릴다이메티콘, 페닐트라이메티콘, 적색산화철, 알루미늄하이드록사이드, 하이드로젠다이메티콘, 황색4호, 황색산화철, 글리세릴카프릴레이트, 다이메티콘, 울트라마린, 적색226호, 다이아이소스테아릴말레이트, 트라이에톡시카프릴릴실레인, 흑색산화철, 틴옥사이드, 하이드로제네이티드폴리데센 / [꽤 주관적] 마그네슘/포타슘/실리콘/플루오라이드/하이드록사이드/옥사이드, 마이카, 알루미늄전분옥테닐석시네이트, 탤크, 실리카, 티타늄디옥사이드 (CI 77891), 징크스테아레이트, 마그네슘미리스테이트, 라우로일라이신, 아이소아밀라우레이트, 황색산화철, 페닐트라이메티콘, 스테아릴다이메티콘, 흑색산화철, 황색4호, 적색산화철, 하이드로젠다이메티콘, 다이메티콘, 울트라마린, 글리세릴카프릴레이트, 적색226호, 다이아이소스테아릴말레이트, 트라이에톡시카프릴릴실레인, 알루미늄하이드록사이드, 하이드로제네이티드폴리데센 / [분위기 메이커] 마이카, 마그네슘/포타슘/실리콘/플루오라이드/하이드록사이드/옥사이드, 탤크, 실리카, 티타늄디옥사이드 (CI 77891), 하이드록시아파타이트, 황색4호, 메틸메타크릴레이트크로스폴리머, 라우로일라이신, 하이드로제네이티드폴리(C6-14올레핀), 마그네슘미리스테이트, 페닐트라이메티콘, 다이아이소스테아릴말레이트, 다이메티콘, 황색산화철, 옥틸도데실스테아로일스테아레이트, 비스-베헤닐/아이소스테아릴/피토스테릴다이머다이리놀레일다이머다이리놀리에이트, 적색산화철, 알루미늄하이드록사이드, 흑색산화철, 글리세릴카프릴레이트, 아이소프로필티타늄트라이아이소스테아레이트, 적색226호, 하이드로젠다이메티콘, 미리스틱애씨드, 트라이에톡시카프릴릴실레인, 토코페롤 / [고백장인] 마이카, 마그네슘/포타슘/실리콘/플루오라이드/하이드록사이드/옥사이드, 탤크, 실리카, 티타늄디옥사이드 (CI 77891), 마그네슘미리스테이트, 메틸메타크릴레이트크로스폴리머, 하이드록시아파타이트, 하이드로제네이티드폴리(C6-14올레핀), 라우로일라이신, 페닐트라이메티콘, 다이아이소스테아릴말레이트, 황색5호, 다이메티콘, 옥틸도데실스테아로일스테아레이트, 비스-베헤닐/아이소스테아릴/피토스테릴다이머다이리놀레일다이머다이리놀리에이트, 황색4호, 황색산화철, 글리세릴카프릴레이트, 알루미늄하이드록사이드, 적색산화철, 아이소프로필티타늄트라이아이소스테아레이트, 하이드로젠다이메티콘, 적색226호, 미리스틱애씨드, 흑색산화철, 트라이에톡시카프릴릴실레인, 토코페롤 / [자유로운 영혼] 마이카, 칼슘티타늄보로실리케이트, 티타늄디옥사이드 (CI 77891), 탤크, 페닐트라이메티콘, 폴리에틸렌, 징크스테아레이트, 하이드로제네이티드폴리(C6-14올레핀), 합성플루오르플로고파이트, 다이아이소스테아릴말레이트, 다이펜타에리스리틸헥사하이드록시스테아레이트/헥사스테아레이트/헥사로지네이트, 아이소스테아릴네오펜타노에이트, 메틸메타크릴레이트크로스폴리머, 나일론-12, 적색산화철, 하이드로제네이티드폴리아이소부텐, 옥틸도데실스테아로일스테아레이트, 글리세릴카프릴레이트, 카민, 틴옥사이드, 황색5호, 다이메티콘, 트라이에톡시카프릴릴실레인, 알루미늄하이드록사이드, 토코페롤 / [사회생활 만렙] 마그네슘/포타슘/실리콘/플루오라이드/하이드록사이드/옥사이드, 마이카, 탤크, 알루미늄전분옥테닐석시네이트, 실리카, 징크스테아레이트, 마그네슘미리스테이트, 라우로일라이신, 티타늄디옥사이드 (CI 77891), 황색산화철, 적색산화철, 아이소아밀라우레이트, 흑색산화철, 페닐트라이메티콘, 스테아릴다이메티콘, 울트라마린, 하이드로젠다이메티콘, 다이메티콘, 카민, 글리세릴카프릴레이트, 다이아이소스테아릴말레이트, 트라이에톡시카프릴릴실레인, 알루미늄하이드록사이드, 하이드로제네이티드폴리데센"
리얼아트 클렌징 오일 모이스처 2종 세트,에뛰드,"세틸에틸헥사노에이트, 카프릴릭/카프릭트라이글리세라이드, 솔베스-30테트라올리에이트, 에틸헥실스테아레이트, 해바라기씨오일, 하이드로제네이티드폴리(C6-14올레핀), 프로필렌글라이콜다이카프릴레이트/다이카프레이트, 향료, 카프릴릴글라이콜, 정제수, 메도우폼씨오일, 토코페롤, 소듐피씨에이"
디어달링 마커틴트,에뛰드,"정제수, 부틸렌글라이콜, 프로필렌글라이콜, 글리세릴글루코사이드, 글리세린, 폴리솔베이트60, 향료, 카프릴릴글라이콜, 1,2-헥산다이올, 적색227호, 적색104호의(1), 황색4호, 황색5호, 소듐파이테이트, 다이프로필렌글라이콜"
님프 듀이 베이스프렙 30ml,에뛰드,"정제수, 다이프로필렌글라이콜, 글리세린, 변성알코올, 1,2-헥산다이올, 나이아신아마이드, 글리세레스-26, 알지닌, 아크릴레이트/C10-30알킬아크릴레이트크로스폴리머, 카보머, 카프릴릴글라이콜, 에틸헥실글리세린, 폴리우레탄-15, 하이드록시에틸셀룰로오스, 트라이소듐에틸렌다이아민다이석시네이트, 글리세릴글루코사이드, 세테아릴알코올, 하이드로제네이티드폴리데센, 트라이에틸헥사노인, 아데노신, 하이드로제네이티드쌀겨오일, 옥틸도데칸올, 합성플루오르플로고파이트, 폴리글리세릴-10스테아레이트, 티타늄디옥사이드 (CI 77891), 카카오씨추출물, 하이드로제네이티드레시틴, 덱스트린, 적색산화철, 폴리솔베이트60, 다이소듐포스페이트, 소듐포스페이트"
뽀용 아이 메이커,에뛰드,"#핑키 마이카, 티타늄디옥사이드 (CI 77891), 탤크, 칼슘알루미늄보로실리케이트, 다이페닐실록시페닐트라이메티콘, 폴리프로필렌, 다이아이소스테아릴말레이트, 합성플루오르플로고파이트, 징크미리스테이트, 다이카프릴릴카보네이트, 다이메티콘/비닐다이메티콘크로스폴리머, 폴리아이소부텐, 다이펜타에리스리틸헥사하이드록시스테아레이트/헥사스테아레이트/헥사로지네이트, 실리카, 다이메티콘, 1,2-헥산다이올, 하이드로제네이티드레시틴, 글리세릴카프릴레이트, 트라이에톡시카프릴릴실레인, 틴옥사이드, 적색226호, 적색산화철, 토코페롤, 황색4호 #아이시 합성플루오르플로고파이트, 티타늄디옥사이드 (CI 77891), 마이카, 다이페닐실록시페닐트라이메티콘, 폴리프로필렌, 탤크, 다이아이소스테아릴말레이트, 징크미리스테이트, 다이카프릴릴카보네이트, 다이메티콘/비닐다이메티콘크로스폴리머, 폴리아이소부텐, 다이펜타에리스리틸헥사하이드록시스테아레이트/헥사스테아레이트/헥사로지네이트, 다이메티콘, 틴옥사이드, 1,2-헥산다이올, 하이드로제네이티드레시틴, 글리세릴카프릴레이트, 실리카, 망가니즈바이올렛, 트라이에톡시카프릴릴실레인, 적색226호, 황색산화철, 카올린, 토코페롤 #트윙클 마이카, 합성플루오르플로고파이트, 티타늄디옥사이드 (CI 77891), 탤크, 다이페닐실록시페닐트라이메티콘, 폴리프로필렌, 다이아이소스테아릴말레이트, 징크미리스테이트, 다이카프릴릴카보네이트, 다이메티콘/비닐다이메티콘크로스폴리머, 폴리아이소부텐, 다이펜타에리스리틸헥사하이드록시스테아레이트/헥사스테아레이트/헥사로지네이트, 다이메티콘, 울트라마린, 1,2-헥산다이올, 하이드로제네이티드레시틴, 틴옥사이드, 적색226호, 글리세릴카프릴레이트, 트라이에톡시카프릴릴실레인, 실리카, 적색산화철, 흑색산화철, 토코페롤 #렛츠 베이스 마이카, 탤크, 다이메티콘/비닐다이메티콘크로스폴리머, 하이드로제네이티드폴리(C6-14올레핀), 다이페닐실록시페닐트라이메티콘, 티타늄디옥사이드 (CI 77891), 마그네슘스테아레이트, 마그네슘미리스테이트, 다이아이소스테아릴말레이트, 하이드로제네이티드레시틴, 실리카, 트라이에톡시카프릴릴실레인, 합성플루오르플로고파이트, 1,2-헥산다이올, 적색산화철, 흑색산화철, 글리세릴카프릴레이트, 황색산화철, 적색226호, 망가니즈바이올렛, 라우로일라이신, 알루미늄하이드록사이드, 카올린, 다이메티콘 #쉬어 핑크 마이카, 탤크, 티타늄디옥사이드 (CI 77891), 다이메티콘/비닐다이메티콘크로스폴리머, 하이드로제네이티드폴리(C6-14올레핀), 다이페닐실록시페닐트라이메티콘, 마그네슘스테아레이트, 마그네슘미리스테이트, 다이아이소스테아릴말레이트, 울트라마린, 하이드로제네이티드레시틴, 합성플루오르플로고파이트, 실리카, 1,2-헥산다이올, 황색4호, 트라이에톡시카프릴릴실레인, 적색226호, 라우로일라이신, 글리세릴카프릴레이트, 알루미늄하이드록사이드, 적색산화철, 카올린, 흑색산화철, 다이메티콘 #모브 그레이 마이카, 탤크, 다이메티콘/비닐다이메티콘크로스폴리머, 망가니즈바이올렛, 하이드로제네이티드폴리(C6-14올레핀), 다이페닐실록시페닐트라이메티콘, 티타늄디옥사이드 (CI 77891), 마그네슘스테아레이트, 마그네슘미리스테이트, 다이아이소스테아릴말레이트, 흑색산화철, 황색산화철, 하이드로제네이티드레시틴, 실리카, 적색산화철, 트라이에톡시카프릴릴실레인, 1,2-헥산다이올, 합성플루오르플로고파이트, 카올린, 글리세릴카프릴레이트, 적색226호, 라우로일라이신, 알루미늄하이드록사이드, 다이메티콘 #썸 시크 마이카, 탤크, 다이메티콘/비닐다이메티콘크로스폴리머, 흑색산화철, 하이드로제네이티드폴리(C6-14올레핀), 다이페닐실록시페닐트라이메티콘, 울트라마린, 마그네슘스테아레이트, 티타늄디옥사이드 (CI 77891), 마그네슘미리스테이트, 다이아이소스테아릴말레이트, 적색산화철, 합성플루오르플로고파이트, 하이드로제네이티드레시틴, 황색산화철, 실리카, 적색226호, 트라이에톡시카프릴릴실레인, 1,2-헥산다이올, 카올린, 글리세릴카프릴레이트, 다이메티콘"
재창조 메이커 1g,에뛰드,"에틸헥실팔미테이트, 사이클로펜타실록세인, 실리카, 합성왁스, 카프릴릭/카프릭트라이글리세라이드, 티타늄디옥사이드 (CI 77891), 다이메티콘, C13-15알케인, 트라이메틸실록시실리케이트, 비닐다이메티콘/메티콘실세스퀴옥세인크로스폴리머, 아이소도데케인, 세틸피이지/피피지-10/1다이메티콘, 폴리글리세릴-3폴리리시놀리에이트, 파라핀, 호호바에스터, 솔비탄아이소스테아레이트, 브이피/헥사데센코폴리머, 황색산화철, 다이메티콘/비닐다이메티콘크로스폴리머, 흑색산화철, 마이크로크리스탈린왁스, 다이스테아다이모늄헥토라이트, 적색산화철, 트라이에톡시카프릴릴실레인, 알루미늄하이드록사이드, 토코페롤, 펜타에리스리틸테트라-다이-T-부틸하이드록시하이드로신나메이트"
오 마이 래쉬 쌩얼 카라 7ml,에뛰드,"사이클로펜타실록세인, 아이소도데케인, 트라이메틸실록시실리케이트, 마이크로크리스탈린왁스, 하이드로제네이티드폴리아이소부텐, 브이피/에이코신코폴리머, 실리카, 실리카다이메틸실릴레이트, 다이스테아다이모늄헥토라이트, 트라이하이드록시스테아린, 흑색산화철, 프로필렌카보네이트, 스테아로일이눌린, 페녹시에탄올, 에틸헥실글리세린, 트라이에톡시카프릴릴실레인, 비에이치티, 토코페롤, 정제수, 판테놀, 스위트아몬드오일, 부틸렌글라이콜, 쌀추출물, 돌콩추출물"
파워 래쉬 속눈썹 영양제 6g,에뛰드,"정제수, 부틸렌글라이콜, 카페인, 판테놀, 나이아신아마이드, 1,2-헥산다이올, 펜틸렌글라이콜, 암모늄아크릴로일다이메틸타우레이트/브이피코폴리머, 알지닌, 소듐하이알루로네이트, 녹차수, 글루타믹애씨드, 다이소듐이디티에이, 바이오틴, 칡뿌리추출물, 녹차뿌리추출물, 에틸헥실글리세린"
재창조 메이커 오버립,에뛰드,"메틸트라이메티콘, 마이카, 폴리프로필실세스퀴옥세인, 폴리글리세릴-2트라이아이소스테아레이트, 합성왁스, 티타늄디옥사이드 (CI 77891), 실리카, 파라핀, 아크릴레이트/스테아릴아크릴레이트/다이메티콘메타크릴레이트코폴리머, C12-15알킬에틸헥사노에이트, C13-15알케인, 적색산화철, 마이크로크리스탈린왁스, 폴리글리세릴-3폴리리시놀리에이트, 하이드로제네이티드폴리아이소부텐, 흑색산화철, 다이스테아다이모늄헥토라이트, 트라이에톡시카프릴릴실레인, 황색산화철, 향료, 알루미늄하이드록사이드, 리날룰, 시트로넬올"
순정 약산성 5.5 폼 클렌저 150ml,에뛰드,"정제수, 소듐코코일이세티오네이트, 글리세린, 하이드록시프로필스타치포스페이트, 소듐메틸코코일타우레이트, 데실글루코사이드, 포타슘코코일글리시네이트, 세테아릴알코올, 글리세릴스테아레이트, 솔비탄올리베이트, 글라이콜다이스테아레이트, 포타슘코코에이트, 카프릴릴글라이콜, 시트릭애씨드, 폴리쿼터늄-67, 글리세릴카프릴레이트, 다이소듐이디티에이, 소듐아세테이트, 소듐클로라이드, 판테놀, 펜틸렌글라이콜, 마데카소사이드"
진저슈가 오버나이트 립마스크 23g,에뛰드,"폴리부텐, 하이드로제네이티드폴리아이소부텐, 피토스테릴이소스테아릴다이머디리놀리에이트, 다이아이소스테아릴말레이트, 피토스테릴/이소스테아릴/세틸/스테아릴/베헤닐다이머디리놀리에이트, 덱스트린팔미테이트, 시어버터, 마이크로크리스탈린왁스, 폴리에틸렌, 글리세린, 비즈왁스, 토코페릴아세테이트, 칸데릴라왁스, 야자씨버터, 에틸렌/프로필렌/스타이렌코폴리머, 트라이에틸헥사노인, 다이메티콘, 카프릴릭/카프릭트라이글리세라이드, 오조케라이트, 폴리하이드록시스테아릭애씨드, 향료, 폴리글리세릴-2다이폴리하이드록시스테아레이트, 다이스테아다이모늄헥토라이트, 에틸헥실팔미테이트, 레시틴, 아이소스테아릭애씨드, 아이소프로필팔미테이트, 솔비탄아이소스테아레이트, 폴리글리세릴-3폴리리시놀리에이트, 데하이드로아세틱애씨드, 부틸렌/에틸렌/스타이렌코폴리머, 트레할로오스, 펜타에리스리틸테트라-다이-T-부틸하이드록시하이드로신나메이트, 정제수, 부틸렌글라이콜, 생강추출물, 비에이치티"
수분가득 콜라겐 아이크림 28ml,에뛰드,"하이드롤라이즈드콜라겐(652,300ppm), 프로판다이올, 세테아릴알코올, 스쿠알란, 부틸렌글라이콜, 폴리글리세릴-3메틸글루코오스다이스테아레이트, 시어버터, 카프릴릭/카프릭트라이글리세라이드, 1,2-헥산다이올, 다이-C12-13알킬말레이트, 펜타에리스리틸테트라에틸헥사노에이트, 하이드록시프로필스타치포스페이트, 하이드록시에틸아크릴레이트/소듐아크릴로일다이메틸타우레이트코폴리머, 카보머, 글리세릴스테아레이트, 트로메타민, 하이드로제네이티드레시틴, 글리세릴카프릴레이트, 정제수, 스테아릭애씨드, 팔미틱애씨드, 다이소듐이디티에이, 글리세린, 에틸헥실글리세린, 솔비탄아이소스테아레이트, 다이팔미토일하이드록시프롤린, 하이드롤라이즈드루핀단백질, 미리스틱애씨드, 라우릭애씨드"
컬러 래스팅 글로우 스틱 3.2g,에뛰드,"다이펜타에리스리틸펜타아이소스테아레이트, 다이페닐실록시페닐트라이메티콘, 다이페닐다이메티콘, 피토스테릴/옥틸도데실라우로일글루타메이트, 글리세릴운데실다이메티콘, 합성왁스, 피토스테릴/이소스테아릴/세틸/스테아릴/베헤닐다이머디리놀리에이트, 폴리글리세릴-2트라이아이소스테아레이트, 알루미나, 라우릴폴리글리세릴-3폴리다이메틸실록시에틸다이메티콘, 적색산화철, 폴리하이드록시스테아릭애씨드, 적색202호, 에틸렌/프로필렌코폴리머, 레시틴, 적색104호의(1), 에틸헥실팔미테이트, 아이소스테아릭애씨드, 아이소프로필미리스테이트, 향료, 폴리글리세릴-3폴리리시놀리에이트, 다이메티콘, 청색1호, 트라이에톡시카프릴릴실레인, 글리세린, 정제수, 부틸렌글라이콜, 토코페롤, 석류추출물, 석류나무꽃추출물"
빅 커버 스킨 핏 컨실러 7g,에뛰드,"정제수, 티타늄디옥사이드 (CI 77891), 사이클로펜타실록세인, 폴리메틸메타크릴레이트, 프로판다이올, 페닐트라이메티콘, 사이클로헥사실록세인, 라우릴피이지-9폴리다이메틸실록시에틸다이메티콘, 펜타에리스리틸테트라에틸헥사노에이트, 트라이메틸실록시실리케이트, 글리세린, 황색산화철, 피이지-10다이메티콘, 다이스테아다이모늄헥토라이트, 1,2-헥산다이올, 아크릴레이트/에틸헥실아크릴레이트/다이메티콘메타크릴레이트코폴리머, 소듐클로라이드, 알루미늄하이드록사이드, 트라이에톡시카프릴릴실레인, 흑색산화철, 크로뮴옥사이드그린, 향료, 카프릴릴글라이콜, 적색산화철, 글리세릴카프릴레이트, 울트라마린, 다이소듐이디티에이, 토코페롤"
닥터 마스카라 픽서 6g,에뛰드,"아이소도데케인, 트라이메틸실록시실리케이트, 사이클로펜타실록세인, 아크릴레이트/폴리트라이메틸실록시메타크릴레이트코폴리머, 다이스테아다이모늄헥토라이트, 합성왁스, 부틸아크릴레이트/하이드록시프로필다이메티콘아크릴레이트코폴리머, 실리카, 프로필렌카보네이트, 폴리프로필실세스퀴옥세인, 에틸렌/프로필렌코폴리머, 다이아이소스테아릴말레이트, 꽃창포추출물, 흑색산화철, 트라이에톡시카프릴릴실레인"
뽀오얀 미소 발효 클렌징오일 150ml,에뛰드,"C12-15알킬벤조에이트, 펜타에리스리틸테트라에틸헥사노에이트, 세틸에틸헥사노에이트, 카프릴릭/카프릭트라이글리세라이드, 폴리글리세릴-6다이카프레이트, 트라이에틸헥사노인, 폴리글리세릴-10다이아이소스테아레이트, 펜타에리스리틸테트라아이소스테아레이트, 아이소프로필팔미테이트, 폴리글리세릴-6카프릴레이트, C12-15알코올, 향료, 부틸렌글라이콜, 정제수, 시어버터, 효모/보리씨발효여과물, 프로판다이올, 코튼추출물, 모나스커스/쌀발효물, 1,2-헥산다이올, 돌콩지질, 에틸헥실글리세린, 다이소듐이디티에이"
베이킹 파우더 B.B 딥 클렌징폼 160g,에뛰드,"정제수, 미리스틱애씨드, 글리세린, 포타슘하이드록사이드, 실리카, 스테아릭애씨드, 피이지-32, 팔미틱애씨드, 글리세릴스테아레이트, 피이지-100스테아레이트, 글라이콜다이스테아레이트, 코카미도프로필베타인, 향료, 소듐클로라이드, 소듐바이카보네이트(0.1%), 쌀겨, 다이소듐이디티에이, 피이지-14M, 소듐벤조에이트, 락틱애씨드, 비에이치티"
순정 디렉터 무기자차 선크림 기획세트 SPF50+/PA++++,에뛰드,"정제수, 아이소노닐아이소노나노에이트, 징크옥사이드, 프로판다이올, C12-15알킬벤조에이트, 부틸옥틸살리실레이트, 티타늄디옥사이드, 실리카, 헥실라우레이트, 아크릴레이트코폴리머, 아이소트라이데실아이소노나노에이트, 폴리글리세릴-4다이아이소스테아레이트/폴리하이드록시스테아레이트/세바케이트, 폴리글리세릴-2아이소스테아레이트, 폴리글리세릴-2다이폴리하이드록시스테아레이트, 마그네슘설페이트, 1,2-헥산다이올, 다이스테아다이모늄헥토라이트, 다이메티콘크로스폴리머, 브이피/헥사데센코폴리머, 코코-카프릴레이트/카프레이트, 폴리하이드록시스테아릭애씨드, 폴리글리세릴-6폴리리시놀리에이트, 솔비탄세스퀴올리에이트, 트라이에톡시카프릴릴실레인, 병풀추출물, 폴리C10-30알킬아크릴레이트, 알루미늄하이드록사이드, 솔비탄아이소스테아레이트, 스테아릭애씨드, 폴리글리세릴-6폴리하이드록시스테아레이트, 피브이피, 병풀꽃/잎/줄기추출물, 폴리글리세린-6, 에틸헥실글리세린, 토코페롤, 아스코빌팔미테이트, 판테놀, 마데카소사이드, 아시아티코사이드, 병풀잎추출물"
피지쏙 파우더 5g,에뛰드,"마그네슘포타슘플루오로실리케이트, 실리카, 옥틸도데실스테아로일스테아레이트, 스쿠알란, 실리카다이메티콘실릴레이트, 마그네슘미리스테이트, 알루미늄전분옥테닐석시네이트, 솔비탄아이소스테아레이트, 다이메티콘, 메티콘, 에틸헥실글리세린, 글리세릴카프릴레이트, 토코페롤"
오마이래쉬 마스카라 1호 탑코트 12g,에뛰드,"정제수, 에탄올, 피브이피, 브이피/브이에이코폴리머, 카보머, 트로메타민, 펜틸렌글라이콜, 1,2-헥산다이올, 다이소듐이디티에이, 버지니아풍년화잎수, 라벤더꽃수, 프로필렌글라이콜, 부틸렌글라이콜, 오렌지추출물, 라즈베리추출물, 캐모마일꽃추출물, 키위추출물, 살구씨추출물, 자몽추출물, 시트릭애씨드, 소듐벤조에이트, 포타슘솔베이트, 페녹시에탄올"
플레이 멀티 아이즈,에뛰드,"[순백의 베이지] 탤크, 합성플루오르플로고파이트, 마이카, 티타늄디옥사이드 (CI 77891), 마그네슘미리스테이트, 나일론-12, 카프릴릭/카프릭트라이글리세라이드, 실리카, 다이아이소스테아릴말레이트, 황색산화철, 다이메티콘, 적색산화철, 라우로일라이신, 울트라마린, 카프릴릴글라이콜, 트라이하이드록시스테아린, 마카다미아씨오일, 글리세릴카프릴레이트, 알루미늄하이드록사이드, 에틸헥실글리세린, 트라이에톡시카프릴릴실레인, 흑색산화철, 토코페롤 [음영의 깊이] 탤크, 합성플루오르플로고파이트, 마이카, 티타늄디옥사이드 (CI 77891), 마그네슘미리스테이트, 나일론-12, 카프릴릭/카프릭트라이글리세라이드, 실리카, 황색산화철, 적색산화철, 다이아이소스테아릴말레이트, 흑색산화철, 다이메티콘, 울트라마린, 라우로일라이신, 카프릴릴글라이콜, 트라이하이드록시스테아린, 마카다미아씨오일, 글리세릴카프릴레이트, 에틸헥실글리세린, 트라이에톡시카프릴릴실레인, 알루미늄하이드록사이드, 토코페롤 [스포트라이트 빔] 칼슘티타늄보로실리케이트, 탤크, 네오펜틸글라이콜다이에틸헥사노에이트, 칼슘알루미늄보로실리케이트, 폴리메틸메타크릴레이트, 마그네슘미리스테이트, 티타늄디옥사이드 (CI 77891), 다이메티콘, 다이펜타에리스리틸헥사하이드록시스테아레이트/헥사스테아레이트/헥사로지네이트, 헥실라우레이트, 합성플루오르플로고파이트, 다이메티콘/비닐다이메티콘크로스폴리머, 카프릴릴글라이콜, 글리세릴카프릴레이트, 틴옥사이드, 에틸헥실글리세린, 소목껍질추출물, 적색산화철, 황색산화철, 트라이에톡시카프릴릴실레인, 토코페롤 [카카오브라운] 탤크, 합성플루오르플로고파이트, 마이카, 흑색산화철, 황색산화철, 적색산화철, 마그네슘미리스테이트, 나일론-12, 카프릴릭/카프릭트라이글리세라이드, 실리카, 티타늄디옥사이드 (CI 77891), 다이아이소스테아릴말레이트, 다이메티콘, 라우로일라이신, 카프릴릴글라이콜, 트라이하이드록시스테아린, 마카다미아씨오일, 글리세릴카프릴레이트, 에틸헥실글리세린, 트라이에톡시카프릴릴실레인, 알루미늄하이드록사이드, 토코페롤 [꿀광치트키] 칼슘알루미늄보로실리케이트, 합성플루오르플로고파이트, 탤크, 티타늄디옥사이드 (CI 77891), 다이아이소스테아릴말레이트, 카프릴릭/카프릭트라이글리세라이드, 하이드로제네이티드캐스터오일아이소스테아레이트, 마그네슘미리스테이트, 나일론-12, 마그네슘스테아레이트, 폴리메틸메타크릴레이트, 카프릴릴글라이콜, 글리세릴카프릴레이트, 틴옥사이드, 에틸헥실글리세린, 적색산화철, 마이카, 토코페롤 [피치나는피치] 탤크, 마그네슘/포타슘/실리콘/플루오라이드/하이드록사이드/옥사이드, 실리카, 메틸메타크릴레이트크로스폴리머, 알루미늄전분옥테닐석시네이트, 다이메티콘, 카프릴릭/카프릭트라이글리세라이드, 티타늄디옥사이드 (CI 77891), 다이아이소스테아릴말레이트, 마그네슘미리스테이트, 헥실라우레이트, 카프릴릴글라이콜, 알루미늄미리스테이트, 글리세릴카프릴레이트, 황색4호, 하이드로젠다이메티콘, 에틸헥실글리세린, 흑색산화철, 적색산화철, 황색산화철, 적색226호, 알루미늄하이드록사이드, 트라이에톡시카프릴릴실레인, 정제수, 소듐클로라이드, 소듐설페이트, 토코페롤 [말랑말랑살구야] 마이카, 티타늄디옥사이드 (CI 77891), 다이카프릴릴카보네이트, 다이메티콘, 메틸메타크릴레이트크로스폴리머, 합성플루오르플로고파이트, 다이메티콘/비닐다이메티콘크로스폴리머, 페닐트라이메티콘, 적색산화철, 트라이에톡시카프릴릴실레인, 다이펜타에리스리틸헥사하이드록시스테아레이트/헥사스테아레이트/헥사로지네이트, 카프릴릴글라이콜, 알루미늄하이드록사이드, 카민, 황색산화철, 글리세릴카프릴레이트, 황색4호, 에틸헥실글리세린, 마그네슘스테아레이트, 토코페롤"
피지쏙 젤리 파우더 8g,에뛰드,"다이메티콘, 실리카, C12-15알킬벤조에이트, 폴리글리세릴-2트라이아이소스테아레이트, 비닐다이메티콘/메티콘실세스퀴옥세인크로스폴리머, 합성왁스, 마이크로크리스탈린왁스, 솔비탄아이소스테아레이트, 1,2-헥산다이올, 카프릴릴글라이콜, 카프릴릭/카프릭글리세라이즈, 청색1호"
원더포어 프레쉬너 2종 세트,에뛰드,"정제수, 변성알코올, 부틸렌글라이콜, 글리세린, 프로판다이올, 1,2-헥산다이올, 베타인, 은행나무잎추출물, 에틸헥실글리세린, 콘민트잎추출물, 에탄올, 빌베리열매추출물, 다이소듐이디티에이, 사탕수수추출물, 소듐하이알루로네이트, 오렌지추출물, 레몬추출물, 비니거, 설탕단풍추출물, 토코페롤"
더블 래스팅 비건 커버 파운데이션 SPF32/PA++ 30 g,에뛰드,"정제수, 티타늄디옥사이드 (CI 77891), 다이페닐실록시페닐트라이메티콘, 메틸트라이메티콘, 부틸렌글라이콜, 호모살레이트, 아이소도데케인, 티타늄디옥사이드, 카프릴릴메티콘, 아크릴레이트/폴리트라이메틸실록시메타크릴레이트코폴리머, 라우릴폴리글리세릴-3폴리다이메틸실록시에틸다이메티콘, 폴리글리세릴-6폴리리시놀리에이트, 마이카, 1,2-헥산다이올, 황색산화철, 다이스테아다이모늄헥토라이트, 소듐클로라이드, 알루미늄하이드록사이드, 폴리글리세릴-2아이소스테아레이트, 비닐다이메티콘/메티콘실세스퀴옥세인크로스폴리머, 실리카, 스테아릭애씨드, 트라이에톡시카프릴릴실레인, 적색산화철, 카프릴릴글라이콜, 글리세릴카프릴레이트, 트라이하이드록시스테아린, 메티콘, 흑색산화철, 잔탄검, 다이소듐이디티에이, 토코페롤"
순정 판텐소사이드10 시카밤 50ml,에뛰드,"정제수, 부틸렌글라이콜, 판테놀, 스쿠알란, 세테아릴알코올, 1,2-헥산다이올, 하이드로제네이티드폴리(C6-14올레핀), 페닐트라이메티콘, 다이아이소스테아릴말레이트, 폴리글리세릴-10스테아레이트, 하이드록시에틸아크릴레이트/소듐아크릴로일다이메틸타우레이트코폴리머, 아크릴레이트/C10-30알킬아크릴레이트크로스폴리머, 글리세릴스테아레이트시트레이트, 글리세릴스테아레이트, 세테아릴글루코사이드, 하이드로제네이티드레시틴, 트로메타민, 글리세린, 카프릴릴글라이콜, 폴리글리세릴-3메틸글루코오스다이스테아레이트, 다이소듐이디티에이, 에틸헥실글리세린, 솔비탄아이소스테아레이트, 마데카소사이드, 아시아티코사이드, 마데카식애씨드, 아시아틱애씨드, 글루코오스, 녹차추출물, 토코페롤"
래쉬 업 콤브 마스카라 8g,에뛰드,"아이소도데케인, 트라이메틸실록시실리케이트, 세레신, 덱스트린팔미테이트/에틸헥사노에이트, 탤크, 아이소부틸메타크릴레이트/비스-하이드록시프로필다이메티콘아크릴레이트코폴리머, 마이크로크리스탈린왁스, 다이스테아다이모늄헥토라이트, 흑색산화철, 폴리프로필실세스퀴옥세인, 프로필렌카보네이트, 하이드로제네이티드폴리아이소부텐, 티타늄디옥사이드 (CI 77891), 황색산화철, 적색산화철, 트라이에톡시카프릴릴실레인, 알루미늄하이드록사이드, 판테놀, 비에이치티"
글로우 픽싱 틴트 3.8g,에뛰드,"정제수, 트라이메틸실록시페닐다이메티콘, 옥틸도데칸올, 비스-베헤닐/아이소스테아릴/피토스테릴다이머다이리놀레일다이머다이리놀리에이트, 폴리아마이드-8, 다이아이소스테아릴말레이트, 폴리솔베이트60, 부틸렌글라이콜, 세틸알코올, 글리세린, 솔비탄세스퀴올리에이트, 변성알코올, 하이드록시에틸아크릴레이트/소듐아크릴로일다이메틸타우레이트코폴리머, 코코-카프릴레이트/카프레이트, 1,2-헥산다이올, 티타늄디옥사이드 (CI 77891), 캐스터오일/아이피디아이코폴리머, 카프릴릴글라이콜, 카프릴릭/카프릭/석시닉트라이글리세라이드, 황색5호, 에틸헥실글리세린, 카프릴릭/카프릭트라이글리세라이드, 솔비탄아이소스테아레이트, 토코페롤, 데하이드로아세틱애씨드, 적색227호, 소듐파이테이트, 폴리아크릴레이트-13, 향료, 폴리아이소부텐, 하이드롤라이즈드하이알루로닉애씨드, 펜타에리스리틸테트라-다이-T-부틸하이드록시하이드로신나메이트, 폴리솔베이트20, 청색1호, 라즈베리잎추출물"
러블리쿠키 블러셔,에뛰드,"탤크, 마이카, 실리카, 다이아이소스테아릴말레이트, 하이드로제네이티드폴리(C6-14올레핀), 트라이에톡시카프릴릴실레인, 다이펜타에리스리틸헥사하이드록시스테아레이트/헥사스테아레이트/헥사로지네이트, 적색226호, 마그네슘미리스테이트, 옥틸도데실스테아로일스테아레이트, 에이치디아이/트라이메틸올헥실락톤크로스폴리머, 1,2-헥산다이올, 티타늄디옥사이드 (CI 77891), 울트라마린, 글리세릴카프릴레이트, 하이드로제네이티드레시틴, 황색4호, 적색산화철, 흑색산화철, 알루미늄하이드록사이드, 다이메티콘, 메티콘"
마스카라 전용 리무버 80ml,에뛰드,"정제수, 사이클로펜타실록산, 코코넛오일,헥실렌글라이콜, 코코-카프릴레이트/카프레이트, 소듐클로라이드, 라우릴메칠글루세스-10하이드록시프로필디모늄클로라이드, 페녹시에탄올, 디포타슘포스페이트, 카프릴릴/카프릴글루코사이드, 에칠헥실글리세린, 디소듐이디티에이, 포타슘포스페이트, 토코페롤"
립 앤 아이 리무버 250ml,에뛰드,"정제수, 사이클로펜타실록세인, 부틸렌글라이콜, 1,2-헥산다이올, 소듐클로라이드, 카프릴릴/카프릴글루코사이드, 다이소듐이디티에이"
오버 글로이 틴트,에뛰드,"정제수, 다이아이소스테아릴말레이트, 비스-다이글리세릴폴리아실아디페이트-2, 하이드로제네이티드폴리아이소부텐, 다이페닐다이메티콘, 트라이메틸실록시페닐다이메티콘, 폴리페닐실세스퀴옥세인, 글리세린, 세틸피이지/피피지-10/1다이메티콘, 폴리솔베이트60, 솔비탄아이소스테아레이트, 1,2-헥산다이올, 세테아레스-20, 하이드록시에틸아크릴레이트/소듐아크릴로일다이메틸타우레이트코폴리머, 스쿠알란, 페녹시에탄올, 티타늄디옥사이드 (CI 77891), 에틸헥실글리세린, 향료, 황색5호, 적색227호, 황색4호, 적색104호의(1), 청색1호, 펜타에리스리틸테트라-다이-T-부틸하이드록시하이드로신나메이트"
뽀오얀 미소 발효 클렌징폼 150ml,에뛰드,"정제수, 글리세린, 팔미틱애씨드, 라우릭애씨드, 스테아릭애씨드, 포타슘하이드록사이드, 미리스틱애씨드, 피이지-32, 다이프로필렌글라이콜, 코카미도프로필베타인, 소듐미리스토일글루타메이트, 글리세릴스테아레이트, 피이지-100스테아레이트, 소듐클로라이드, 페녹시에탄올, 향료, 아라키딕애씨드, 소듐벤조에이트, 황련뿌리추출물, 다이소듐이디티에이, 부틸렌글라이콜, 포타슘솔베이트, 비에이치티, 효모/보리씨발효여과물, 카카오씨추출물, 덱스트린, 쌀발효여과물, 프로판다이올, 1,2-헥산다이올, 락토바실러스/콩발효추출물, 에틸헥실글리세린"
하트 팝 블러셔 4g,에뛰드,"탤크, 마이카, 다이아이소스테아릴말레이트, 실리카, 보론나이트라이드, 징크스테아레이트, 다이페닐실록시페닐트라이메티콘, 티타늄디옥사이드 (CI 77891), 망가니즈바이올렛, 다이펜타에리스리틸헥사하이드록시스테아레이트/헥사스테아레이트/헥사로지네이트, 다이메티콘, 울트라마린, 카프릴릴글라이콜, 에틸헥실글리세린, 알루미늄하이드록사이드, 메티콘, 적색226호, 코코-카프릴레이트/카프레이트, 캐스터오일/아이피디아이코폴리머, 카프릴릭/카프릭/석시닉트라이글리세라이드, 토코페롤"
순정 2x 베리어 보습 크림 60ml,에뛰드,"정제수, 프로판다이올, 펜타에리스리틸테트라에틸헥사노에이트, 카프릴릭/카프릭트라이글리세라이드, 해바라기씨오일, 폴리글리세릴-3메틸글루코오스다이스테아레이트, 하이드로제네이티드식물성오일, 세테아릴알코올, 판테놀, 1,2-헥산다이올, 카보머, 잔탄검, 글리세릴카프릴레이트, 트로메타민, 에틸헥실글리세린, 다이소듐이디티에이, 마데카소사이드, 레시틴, 부틸렌글라이콜, 토코페롤, 녹차추출물"
순정 약산성 6.5 휩 클렌저 150ml,에뛰드,"정제수, 글리세린, 소르비톨, 프로판디올, 라우릴글루코사이드, 디소듐코코일글루타메이트, 판테놀, 시트릭애씨드, 글리세릴카프릴레이트, 에칠헥실글리세린, 마데카소사이드, 부틸렌글라이콜, 토코페롤, 녹차추출물"
순정 약산성 5.5 진정 토너 350ml,에뛰드,"정제수, 프로판디올, 글리세린, 베타인, 판테놀, 1,2-헥산디올, 폴리글리세린-3, 에칠헥실글리세린, 디소듐이디티에이, 카보머, 마데카소사이드, 부틸렌글라이콜, 황금추출물, 토코페롤, 녹차추출물"
애교살 메이커,에뛰드,"[애교살라이너] 사이클로펜타실록세인, 마이카, 트라이메틸실록시실리케이트, 폴리에틸렌, 아이소도데케인, 세레신, 티타늄디옥사이드 (CI 77891), 합성왁스, 아크릴레이트/스테아릴아크릴레이트/다이메티콘메타크릴레이트코폴리머, 다이스테아다이모늄헥토라이트, 흑색산화철, 황색산화철, 카나우바왁스, 다이아이소스테아릴말레이트, 적색산화철, 페녹시에탄올, 토코페릴아세테이트 / [애교살글리터] 합성플루오르플로고파이트, 마이카, 다이카프릴릴카보네이트, 다이페닐실록시페닐트라이메티콘, 티타늄디옥사이드 (CI 77891), 다이아이소스테아릴말레이트, 펜타에리스리틸테트라아이소스테아레이트, 칼슘티타늄보로실리케이트, 트라이메틸실록시실리케이트, 적색산화철, 실리카, 폴리프로필실세스퀴옥세인, 글리세릴베헤네이트/에이코사디오에이트, 페녹시에탄올, 토코페릴아세테이트, 카프릴릴글라이콜, 틴옥사이드"
페이스 브라이트너,에뛰드,"탤크, 합성플루오르플로고파이트, 마이카, 카프릴릭/카프릭트라이글리세라이드, 티타늄디옥사이드 (CI 77891), 보론나이트라이드, 실리카, 마그네슘미리스테이트, 다이아이소스테아릴말레이트, 부틸렌글라이콜다이카프릴레이트/다이카프레이트, 징크스테아레이트, 폴리메틸메타크릴레이트, 에이치디아이/트라이메틸올헥실락톤크로스폴리머, 페닐트라이메티콘, 카프릴릴글라이콜, 에틸헥실글리세린, 적색산화철, 다이메티콘, 황색5호, 틴옥사이드, 토코페롤"
디어달링 오일틴트 4.2g,에뛰드,"폴리글리세릴-2아이소스테아레이트/다이머다이리놀리에이트코폴리머, 폴리글리세릴-2트라이아이소스테아레이트, 카프릴릭/카프릭트라이글리세라이드, 다이아이소스테아릴말레이트, 실리카다이메틸실릴레이트, 적색202호, 황색4호, 코코-카프릴레이트/카프레이트, 캐스터오일/아이피디아이코폴리머, 향료, 카프릴릭/카프릭/석시닉트라이글리세라이드, 솔비탄세스퀴올리에이트, 리날룰"
그림자 쉐딩 브러쉬,에뛰드,"인조모,알루미늄,나무"
진저슈가 멜팅 밤 2.3g,에뛰드,"다이아이소스테아릴말레이트, 폴리부텐, 폴리글리세릴-2트라이아이소스테아레이트, 비스-다이글리세릴폴리아실아디페이트-2, 카프릴릭/카프릭트라이글리세라이드, 마이크로크리스탈린왁스, 합성왁스, 티타늄디옥사이드 (CI 77891), 스테아랄코늄헥토라이트, 파라핀, 적색산화철, 적색104호의(1), 프로필렌카보네이트, 흑색산화철, 향료, 카프릴릴글라이콜, 시어버터, 에틸렌/프로필렌코폴리머, 에틸헥실글리세린, 적색202호, 트레할로오스, 정제수, 부틸렌글라이콜, 생강추출물"
럭키 립햄치크 1.5g,에뛰드,"트라이에틸헥사노인, 옥틸도데칸올, 다이아이소스테아릴말레이트, 비스-다이글리세릴폴리아실아디페이트-2, 티타늄디옥사이드 (CI 77891), 카프릴릭/카프릭트라이글리세라이드, 합성왁스, 하이드로제네이티드폴리아이소부텐, 합성비즈왁스, 실리카, 솔비탄세스퀴올리에이트, 브이피/헥사데센코폴리머, 스테아랄코늄헥토라이트, 에틸렌/프로필렌코폴리머, 1,2-헥산다이올, 적색산화철, 프로필렌카보네이트, 황색4호, 트라이에톡시카프릴릴실레인, 토코페릴아세테이트, 적색202호, 다이메티콘, 카프릴릴글라이콜, 벤조트라이아졸릴도데실P-크레솔, 에틸헥실글리세린, 흑색산화철"
홀리데이 에디션,에뛰드,"[마이] 마이카, 탤크, 실리카, 티타늄디옥사이드 (CI 77891), 메틸메타크릴레이트크로스폴리머, 징크스테아레이트, 다이아이소스테아릴말레이트, 다이메티콘, 페닐트라이메티콘, 에틸헥실팔미테이트, 울트라마린, 하이드로제네이티드폴리(C6-14올레핀), 카프릴릭/카프릭트라이글리세라이드, 카민, 알루미늄미리스테이트, 황색산화철, 에틸헥실글리세린, 글리세릴카프릴레이트, 트라이에톡시카프릴릴실레인, 알루미늄하이드록사이드, 토코페릴아세테이트, 토코페롤 [스위티] 마이카, 탤크, 실리카, 티타늄디옥사이드 (CI 77891), 징크스테아레이트, 메틸메타크릴레이트크로스폴리머, 다이아이소스테아릴말레이트, 다이메티콘, 페닐트라이메티콘, 에틸헥실팔미테이트, 울트라마린, 카민, 하이드로제네이티드폴리(C6-14올레핀), 카프릴릭/카프릭트라이글리세라이드, 알루미늄미리스테이트, 에틸헥실글리세린, 황색산화철, 적색산화철, 글리세릴카프릴레이트, 토코페릴아세테이트, 트라이에톡시카프릴릴실레인, 알루미늄하이드록사이드, 토코페롤 [모먼트] 폴리메틸실세스퀴옥세인, 다이아이소스테아릴말레이트, 탤크, 다이메티콘, 칼슘알루미늄보로실리케이트, 페닐트라이메티콘, 칼슘티타늄보로실리케이트, 다이메티콘/비닐다이메티콘크로스폴리머, 폴리프로필렌, 티타늄디옥사이드 (CI 77891), 하이드로제네이티드폴리아이소부텐, 1,2-헥산다이올, 실리카, 에틸헥실글리세린, 글리세릴카프릴레이트, 마이카, 틴옥사이드, 적색산화철, 카민"
순정 10무 수분 에멀전 130ml,에뛰드,"정제수, 글리세린, 프로판다이올, 펜타에리스리틸테트라에틸헥사노에이트, 1,2-헥산다이올, 스쿠알란, 판테놀, 세테아릴알코올, 비스-다이글리세릴폴리아실아디페이트-2, 글리세릴스테아레이트, 폴리글리세릴-3메틸글루코오스다이스테아레이트, 암모늄아크릴로일다이메틸타우레이트/브이피코폴리머, 하이드로제네이티드레시틴, 아크릴레이트/C10-30알킬아크릴레이트크로스폴리머, 잔탄검, 글리세릴카프릴레이트, 하이드록시프로필스타치포스페이트, 다이소듐이디티에이, 에틸헥실글리세린, 마데카소사이드, 트로메타민, 부틸렌글라이콜, 토코페롤, 녹차추출물"
순정 수분 베리어 크림 75ml,에뛰드,"정제수, 글리세린, 프로판다이올, 펜타에리스리틸테트라에틸헥사노에이트, 하이드로제네이티드폴리(C6-14올레핀), 판테놀, 1,2-헥산다이올, 하이드록시에틸아크릴레이트/소듐아크릴로일다이메틸타우레이트코폴리머, 폴리메틸실세스퀴옥세인, 글리세릴스테아레이트시트레이트, 카보머, C14-22알코올, 글리세릴스테아레이트, 아라키딜알코올, 글리세릴카프릴레이트, 베헤닐알코올, 트로메타민, C12-20알킬글루코사이드, 에틸헥실글리세린, 부틸렌글라이콜, 다이소듐이디티에이, 솔비탄아이소스테아레이트, 아라키딜글루코사이드, 알란토인, 마데카소사이드, 황금추출물, 토코페롤, 녹차추출물"
그림자 쉐딩 브러쉬 1개입,에뛰드,
2X 쌩얼 라이너 0.5g,에뛰드,"정제수, 아크릴레이트코폴리머, 부틸렌글라이콜, 에탄올, 1,2-헥산다이올, 피이지-40하이드로제네이티드캐스터오일, 적색산화철, 카본블랙, 암모늄아크릴레이트코폴리머, 페녹시에탄올, 다이소듐이디티에이"
AC 클린업 핑크스팟 15ml,에뛰드,"변성알코올, 글리세린, 칼라민, 편백수, 티타늄디옥사이드 (CI 77891), 부틸렌글라이콜, 설퍼콜로이드, 에탄올, 쇠비름추출물, 살리실릭애씨드, 정제수, 1,2-헥산다이올, 다이포타슘글리시리제이트, 적색산화철, 티트리잎오일, 약모밀추출물, 실리카, 마데카소사이드, 에틸헥실글리세린, 삼백초추출물"
마이 래쉬 세럼 18g,에뛰드,"정제수, 부틸렌글라이콜, 글리세린, 1,2-헥산다이올, 암모늄아크릴로일다이메틸타우레이트/브이피코폴리머, 카프릴릴글라이콜, 에틸헥실글리세린, 에탄올, 판테놀, 생강추출물, 바이오틴, 토코페롤"
소프트 픽스 메이크업 픽서 50ml,에뛰드,"정제수, 변성알코올, 프로판다이올, 폴리에스터-5, 1,2-헥산다이올, 글리세레스-25피씨에이아이소스테아레이트, 부틸렌글라이콜, 에틸헥실글리세린, 스타이렌/브이피코폴리머, 글리세린, 향료, 트라이소듐에틸렌다이아민다이석시네이트, 옥수수커넬추출물, 하이드롤라이즈드맥아추출물, 하이드롤라이즈드삼색제비꽃추출물, 하이드롤라이즈드치자추출물, 소듐도독시놀-40설페이트, 소듐하이알루로네이트, 하이알루로닉애씨드, 하이드롤라이즈드하이알루로닉애씨드, 소르빅애씨드, 프룩탄, 글루코오스"
그림자 쉐딩 브러쉬,에뛰드,"인조모,알루미늄,나무"
피지쏙 팩트 9.5g,에뛰드,"마그네슘포타슘플루오로실리케이트, 실리카, 옥틸도데실스테아로일스테아레이트, 스쿠알란, 실리카다이메티콘실릴레이트, 마그네슘미리스테이트, 알루미늄전분옥테닐석시네이트, 솔비탄아이소스테아레이트, 다이메티콘, 메티콘, 에틸헥실글리세린, 글리세릴카프릴레이트, 토코페롤"
시크릿 빔 파우더 팩트 15g,에뛰드,"탤크, 티타늄디옥사이드, 마이카, 실리카, 페닐트라이메티콘, 합성플루오르플로고파이트, 카프릴릭/카프릭트라이글리세라이드, 다이메티콘, 티타늄디옥사이드 (CI 77891), 비닐다이메티콘/메티콘실세스퀴옥세인크로스폴리머, 에칠헥실메톡시신나메이트, 황색산화철, 징크스테아레이트, 트라이에톡시카프릴릴실레인, 에틸헥실글리세린, 메티콘, 적색산화철, 글리세릴카프릴레이트, 틴옥사이드, 향료, 울트라마린, 흑색산화철, 에이치디아이/트라이메틸올헥실락톤크로스폴리머, 일라이트, 토코페롤, 카올린, 몬모릴로나이트"
립 앤 아이 리무버 100ml,에뛰드,"정제수, 사이클로펜타실록세인, 부틸렌글라이콜, 1,2-헥산다이올, 소듐클로라이드, 카프릴릴/카프릴글루코사이드, 다이소듐이디티에이"
리얼아트 클렌징 오일 모이스처 185ml,에뛰드,"세틸에틸헥사노에이트, 카프릴릭/카프릭트라이글리세라이드, 솔베스-30테트라올리에이트, 에틸헥실스테아레이트, 해바라기씨오일, 하이드로제네이티드폴리(C6-14올레핀), 프로필렌글라이콜다이카프릴레이트/다이카프레이트, 향료, 카프릴릴글라이콜, 정제수, 메도우폼씨오일, 토코페롤, 소듐피씨에이"
클라우드 필터 쿠션 기획세트 SPF42/PA+++,에뛰드,"정제수, 다이메티콘, 메틸트라이메티콘, 티타늄디옥사이드 (CI 77891), 호모살레이트, 부틸렌글라이콜, 라우릴폴리글리세릴-3폴리다이메틸실록시에틸다이메티콘, 티타늄디옥사이드, 페닐트라이메티콘, 트라이실록세인, 카프릴릴메티콘, 폴리메틸실세스퀴옥세인, 실리카, 브이피/헥사데센코폴리머, 나이아신아마이드, 다이스테아다이모늄헥토라이트, 보론나이트라이드, 트라이메틸실록시실리케이트, 알루미늄하이드록사이드, 1,2-헥산다이올, 스테아릭애씨드, 소듐클로라이드, 아크릴레이트/스테아릴아크릴레이트/다이메티콘메타크릴레이트코폴리머, 트라이하이드록시스테아린, 황색산화철, 카프릴릴글라이콜, 트라이에톡시카프릴릴실레인, 적색산화철, 글리세릴카프릴레이트, 에틸헥실글리세린, 향료, 아데노신, 흑색산화철, 토코페롤"
님프 광채 볼류머 + 컨실러 2종 기획세트,에뛰드,"하이드로제네이티드폴리데센, 하이드로제네이티드폴리아이소부텐, 피마자씨오일, 에틸렌/프로필렌코폴리머, 에틸헥실올리베이트, 폴리글리세릴-4다이아이소스테아레이트/폴리하이드록시스테아레이트/세바케이트, 향료, 카프릴릴글라이콜, 다이아이소스테아릴말레이트, 아르간커넬오일, 옥틸도데실스테아로일스테아레이트, 에틸헥실글리세린, 아보카도오일, 티타늄디옥사이드 (CI 77891), 1,2-헥산다이올, 울트라마린, 적색산화철, 하이드롤라이즈드하이알루로닉애씨드 / 정제수, 티타늄디옥사이드 (CI 77891), 사이클로펜타실록세인, 프로판다이올, 트라이메틸실록시실리케이트, 폴리메틸메타크릴레이트, 페닐트라이메티콘, 라우릴피이지-9폴리다이메틸실록시에틸다이메티콘, 펜타에리스리틸테트라에틸헥사노에이트, 사이클로헥사실록세인, 글리세린, 황색산화철, 피이지-10다이메티콘, 1,2-헥산다이올, 아크릴레이트/에틸헥실아크릴레이트/다이메티콘메타크릴레이트코폴리머, 다이스테아다이모늄헥토라이트, 알루미늄하이드록사이드, 소듐클로라이드, 트라이에톡시카프릴릴실레인, 적색산화철, 향료, 카프릴릴글라이콜, 흑색산화철, 글리세릴카프릴레이트, 다이소듐이디티에이, 토코페롤"
재창조 메이커 애교살 라이너,에뛰드,"[Pencil] 마이카, C12-15알킬에틸헥사노에이트, 티타늄디옥사이드 (CI 77891), 페닐트라이메티콘, 폴리글리세릴-2트라이아이소스테아레이트, 합성왁스, 칸데릴라왁스, 검양옻나무열매왁스, 합성플루오르플로고파이트, 브이피/헥사데센코폴리머, 하이드로제네이티드폴리아이소부텐, 적색산화철, 카나우바왁스, 폴리하이드록시스테아릭애씨드, 에틸헥실팔미테이트, 레시틴, 아이소스테아릭애씨드, 아이소프로필미리스테이트, 폴리글리세릴-3폴리리시놀리에이트, 카민, 글리세릴카프릴레이트, 틴옥사이드 [Liner] 정제수, 부틸렌글라이콜, 펜틸렌글라이콜, 아크릴레이트코폴리머, 폴리솔베이트20, 페녹시에탄올, 변성알코올, 소듐데하이드로아세테이트, 황색4호, 적색40호, 잔탄검, 청색1호"
베이킹 파우더 사각사각 모공 스크럽 200g,에뛰드,"소듐바이카보네이트, 정제수, 글리세린, 실리카, 하이드레이티드실리카, 마이크로크리스탈린셀룰로오스, 피이지-7글리세릴코코에이트, 피이지-60하이드로제네이티드캐스터오일, 향료, 소듐메틸코코일타우레이트, 셀룰로오스검, 소듐설파이트, 멘톡시프로판다이올, 소듐클로라이드, 다이소듐이디티에이, 테트라소듐이디티에이"
반짝눈물 라이너,에뛰드,"정제수, 부틸렌글라이콜, 칼슘소듐보로실리케이트, 합성플루오르플로고파이트, 티타늄디옥사이드 (CI 77891), 피브이피, 펜틸렌글라이콜, 1,2-헥산다이올, 폴리솔베이트20, 트로메타민, 카보머, 실리카, 틴옥사이드, 다이소듐이디티에이"
수분가득 콜라겐 크림 75ml,에뛰드,"하이드롤라이즈드콜라겐(653,800ppm), 프로판다이올, 정제수, 글리세린, 부틸렌글라이콜, 펜타에리스리틸테트라에틸헥사노에이트, 메틸트라이메티콘, 글리세릴폴리메타크릴레이트, 1,2-헥산다이올, 베타인, 하이드로제네이티드폴리(C6-14올레핀), 다이카프릴릴에터, 글리세릴스테아레이트, C14-22알코올, 암모늄아크릴로일다이메틸타우레이트/브이피코폴리머, 글리세릴스테아레이트시트레이트, 하이드록시에틸아크릴레이트/소듐아크릴로일다이메틸타우레이트코폴리머, 아라키딜알코올, 실리카, 베헤닐알코올, C12-20알킬글루코사이드, 아라키딜글루코사이드, 글리세릴카프릴레이트, 다이소듐이디티에이, 에틸헥실글리세린, 솔비탄아이소스테아레이트, 하이드롤라이즈드루핀단백질, 글루코오스, 토코페롤"
수분가득 콜라겐 에멀전 180ml,에뛰드,"정제수, 하이드롤라이즈드콜라겐(186,800ppm), 글리세린, 프로판다이올, 펜타에리스리틸테트라에틸헥사노에이트, 메틸트라이메티콘, 하이드로제네이티드폴리(C6-14올레핀), 1,2-헥산다이올, 부틸렌글라이콜, 세틸에틸헥사노에이트, C14-22알코올, 글리세릴스테아레이트시트레이트, 하이드록시에틸아크릴레이트/소듐아크릴로일다이메틸타우레이트코폴리머, 아라키딜알코올, 글리세릴스테아레이트, 카보머, 잔탄검, C12-20알킬글루코사이드, 베헤닐알코올, 글리세릴카프릴레이트, 트로메타민, 아라키딜글루코사이드, 다이소듐이디티에이, 에틸헥실글리세린, 솔비탄아이소스테아레이트, 하이드롤라이즈드루핀단백질, 글루코오스, 토코페롤"
수분가득 콜라겐 2종 세트,에뛰드,"∙ 에뛰드 수분가득 콜라겐 토너 : 정제수, 하이드롤라이즈드콜라겐(205,600ppm), 글리세린, 프로판다이올, 변성알코올, 베타인, 1,2-헥산다이올, 부틸렌글라이콜, 글리세릴폴리메타크릴레이트, 피피지-13-데실테트라데세스-24, 잔탄검, 셀룰로오스검, 에틸헥실글리세린, 다이소듐이디티에이, 베타-글루칸, 하이드롤라이즈드루핀단백질, 토코페롤 ∙ 에뛰드 수분가득 콜라겐 에멀전 : 정제수, 하이드롤라이즈드콜라겐(186,800ppm), 글리세린, 프로판다이올, 펜타에리스리틸테트라에틸헥사노에이트, 메틸트라이메티콘, 하이드로제네이티드폴리(C6-14올레핀), 1,2-헥산다이올, 부틸렌글라이콜, 세틸에틸헥사노에이트, C14-22알코올, 글리세릴스테아레이트시트레이트, 하이드록시에틸아크릴레이트/소듐아크릴로일다이메틸타우레이트코폴리머, 아라키딜알코올, 글리세릴스테아레이트, 카보머, 잔탄검, C12-20알킬글루코사이드, 베헤닐알코올, 글리세릴카프릴레이트, 트로메타민, 아라키딜글루코사이드, 다이소듐이디티에이, 에틸헥실글리세린, 솔비탄아이소스테아레이트, 하이드롤라이즈드루핀단백질, 글루코오스, 토코페롤"
클라우드 필터 쿠션 기획세트 SPF42/PA+++,에뛰드,"정제수, 다이메티콘, 메틸트라이메티콘, 티타늄디옥사이드 (CI 77891), 호모살레이트, 부틸렌글라이콜, 라우릴폴리글리세릴-3폴리다이메틸실록시에틸다이메티콘, 티타늄디옥사이드, 페닐트라이메티콘, 트라이실록세인, 카프릴릴메티콘, 폴리메틸실세스퀴옥세인, 실리카, 브이피/헥사데센코폴리머, 나이아신아마이드, 다이스테아다이모늄헥토라이트, 보론나이트라이드, 트라이메틸실록시실리케이트, 알루미늄하이드록사이드, 1,2-헥산다이올, 스테아릭애씨드, 소듐클로라이드, 아크릴레이트/스테아릴아크릴레이트/다이메티콘메타크릴레이트코폴리머, 트라이하이드록시스테아린, 황색산화철, 카프릴릴글라이콜, 트라이에톡시카프릴릴실레인, 적색산화철, 글리세릴카프릴레이트, 에틸헥실글리세린, 향료, 아데노신, 흑색산화철, 토코페롤"
클라우드 필터 쿠션 SPF42/PA+++ 15g,에뛰드,"정제수, 다이메티콘, 메틸트라이메티콘, 티타늄디옥사이드 (CI 77891), 호모살레이트, 부틸렌글라이콜, 라우릴폴리글리세릴-3폴리다이메틸실록시에틸다이메티콘, 티타늄디옥사이드, 페닐트라이메티콘, 트라이실록세인, 카프릴릴메티콘, 폴리메틸실세스퀴옥세인, 실리카, 브이피/헥사데센코폴리머, 나이아신아마이드, 다이스테아다이모늄헥토라이트, 보론나이트라이드, 트라이메틸실록시실리케이트, 알루미늄하이드록사이드, 1,2-헥산다이올, 스테아릭애씨드, 소듐클로라이드, 아크릴레이트/스테아릴아크릴레이트/다이메티콘메타크릴레이트코폴리머, 트라이하이드록시스테아린, 황색산화철, 카프릴릴글라이콜, 트라이에톡시카프릴릴실레인, 적색산화철, 글리세릴카프릴레이트, 에틸헥실글리세린, 향료, 아데노신, 흑색산화철, 토코페롤"
그림자 쉐딩,에뛰드,"[톤앤톤] 탤크, 마이카, 펜타에리스리틸테트라에틸헥사노에이트, 나일론-12, 다이아이소스테아릴말레이트, 마그네슘스테아레이트, 티타늄디옥사이드 (CI 77891), 황색산화철, 흑색산화철, 다이메티콘, 적색산화철, 1,2-헥산다이올, 아미노프로필다이메티콘, 폴리메틸실세스퀴옥세인, 글리세릴카프릴레이트, 망가니즈바이올렛, 트라이에톡시카프릴릴실레인, 알루미나, 실리카 [무드온] 탤크, 마이카, 펜타에리스리틸테트라에틸헥사노에이트, 나일론-12, 다이아이소스테아릴말레이트, 티타늄디옥사이드 (CI 77891), 황색산화철, 마그네슘스테아레이트, 흑색산화철, 적색산화철, 다이메티콘, 1,2-헥산다이올, 아미노프로필다이메티콘, 폴리메틸실세스퀴옥세인, 글리세릴카프릴레이트, 트라이에톡시카프릴릴실레인, 알루미나, 실리카"
오버 글로이 틴트 기획세트,에뛰드,"정제수, 다이아이소스테아릴말레이트, 비스-다이글리세릴폴리아실아디페이트-2, 하이드로제네이티드폴리아이소부텐, 다이페닐다이메티콘, 트라이메틸실록시페닐다이메티콘, 글리세린, 폴리페닐실세스퀴옥세인, 세틸피이지/피피지-10/1다이메티콘, 1,2-헥산다이올, 폴리솔베이트60, 솔비탄아이소스테아레이트, 티타늄디옥사이드 (CI 77891), 세테아레스-20, 하이드록시에틸아크릴레이트/소듐아크릴로일다이메틸타우레이트코폴리머, 스쿠알란, 페녹시에탄올, 에틸헥실글리세린, 향료, 황색4호, 적색104호의(1), 적색227호, 황색5호, 청색1호, 펜타에리스리틸테트라-다이-T-부틸하이드록시하이드로신나메이트"
슈가컬러링 젤리밤 9g,에뛰드,"다이아이소스테아릴말레이트, 하이드로제네이티드폴리아이소부텐, 폴리부텐, 비스-베헤닐/아이소스테아릴/피토스테릴다이머다이리놀레일다이머다이리놀리에이트, 시어버터, 마이크로크리스탈린왁스, 에틸렌/프로필렌/스타이렌코폴리머, 1,2-헥산다이올, 합성왁스, 에틸렌/프로필렌코폴리머, 토코페릴아세테이트, 향료, 에틸헥실글리세린, 부틸렌/에틸렌/스타이렌코폴리머, 펜타에리스리틸테트라-다이-T-부틸하이드록시하이드로신나메이트, 시트릭애씨드, 스위트아몬드오일, 흑당밀가루, 정제수, 토코페롤, 부틸렌글라이콜, 사탕수수추출물, 마시멜로뿌리추출물, 밀겨추출물"
오버 글로이 글로스 2.8g,에뛰드,"하이드로제네이티드폴리아이소부텐, 비스-베헤닐/아이소스테아릴/피토스테릴다이머다이리놀레일다이머다이리놀리에이트, 다이아이소스테아릴말레이트, 아이소노닐아이소노나노에이트, 폴리글리세릴-2트라이아이소스테아레이트, 실리카다이메틸실릴레이트, 합성왁스, 폴리하이드록시스테아릭애씨드, 마이크로크리스탈린왁스, 실리카실릴레이트, 카프릴릭/카프릭글리세라이즈, 티타늄디옥사이드 (CI 77891), 에틸렌/프로필렌코폴리머, 향료, 황색5호, 적색202호, 리날룰, 흑색산화철, 리모넨, 헥실신남알, 적색산화철, 적색104호의(1), 황색4호, 청색1호"
프루티 립앤치크 블러밤 2.3g,에뛰드,"폴리글리세릴-2트라이아이소스테아레이트, 다이메티콘, 아이소노닐아이소노나노에이트, 카프릴릭/카프릭트라이글리세라이드, 실리카, 합성왁스, 옥틸도데칸올, 비스-다이글리세릴폴리아실아디페이트-2, 다이메티콘/비닐다이메티콘크로스폴리머, 마이카, C13-15알케인, 트라이베헤닌, 황색5호, 폴리글리세릴-3폴리리시놀리에이트, 합성비즈왁스, 티타늄디옥사이드 (CI 77891), 적색104호의(1), 1,2-헥산다이올, 라우릴피이지-10트리스(트라이메틸실록시)실릴에틸다이메티콘, 솔비탄세스퀴올리에이트, 스테아릭애씨드, 적색202호, 다이스테아다이모늄헥토라이트, 향료, 트라이에톡시카프릴릴실레인, 알루미늄하이드록사이드, 황색산화철, 흑색산화철, 토코페롤"
마이 베스트 톤 아이즈 2구,에뛰드,"[아이 캐치] 칼슘티타늄보로실리케이트, 마이카, 탤크, 티타늄디옥사이드 (CI 77891), 페닐트라이메티콘, 하이드로제네이티드폴리(C6-14올레핀), 폴리에틸렌, 징크스테아레이트, 적색산화철, 다이아이소스테아릴말레이트, 다이펜타에리스리틸헥사하이드록시스테아레이트/헥사스테아레이트/헥사로지네이트, 아이소스테아릴네오펜타노에이트, 하이드로제네이티드폴리아이소부텐, 메틸메타크릴레이트크로스폴리머, 나일론-12, 흑색산화철, 옥틸도데실스테아로일스테아레이트, 글리세릴카프릴레이트, 틴옥사이드, 토코페롤 / [집 밖 스모키] 메틸메타크릴레이트크로스폴리머, 마이카, 헥실라우레이트, 다이메티콘/비닐다이메티콘크로스폴리머, 흑색산화철, 다이메티콘, 티타늄디옥사이드 (CI 77891), 페닐트라이메티콘, 적색산화철, 실리카, 황색산화철, 다이아이소스테아릴말레이트, 황색4호, 폴리메틸실세스퀴옥세인, 카프릴릭/카프릭트라이글리세라이드, 울트라마린, 카프릴릴글라이콜, 글리세릴카프릴레이트, 메티콘, 적색226호, 트라이에톡시카프릴릴실레인, 알루미늄하이드록사이드, 라우로일라이신"
수분가득 콜라겐 클렌징 폼 150g,에뛰드,"정제수, 미리스틱애씨드, 글리세린, 피이지-32, 포타슘하이드록사이드, 스테아릭애씨드, 부틸렌글라이콜, 팔미틱애씨드, 라우릴하이드록시설테인, 글리세릴스테아레이트, 피이지-100스테아레이트, 하이드롤라이즈드콜라겐 (9,340 ppm), 글라이콜다이스테아레이트, 폴리쿼터늄-7, 향료, 다이소듐이디티에이, 1,2-헥산다이올, 소듐벤조에이트, 하이드롤라이즈드루핀단백질, 시트릭애씨드, 락틱애씨드, 에틸헥실글리세린"
룩 앳 마이 아이즈,에뛰드,"탤크, 칼슘알루미늄보로실리케이트, 카프릴릭/카프릭트라이글리세라이드, 마그네슘스테아레이트, 다이메티콘, 칼슘소듐보로실리케이트, 페닐트라이메티콘, 폴리메틸실세스퀴옥세인, 다이아이소스테아릴말레이트, 다이메티콘/비닐다이메티콘크로스폴리머, 폴리프로필렌, 티타늄디옥사이드 (CI 77891), 카프릴릴글라이콜, 비즈왁스, 실리카, 글리세릴카프릴레이트, 에틸헥실글리세린, 틴옥사이드, 마이카, 합성플루오르플로고파이트, 페릭페로시아나이드, 카민, 토코페롤"
뉴이어 컬렉션,에뛰드,"탤크, 칼슘알루미늄보로실리케이트, 카프릴릭/카프릭트라이글리세라이드, 마그네슘스테아레이트, 다이메티콘, 칼슘소듐보로실리케이트, 페닐트라이메티콘, 폴리메틸실세스퀴옥세인, 다이아이소스테아릴말레이트, 다이메티콘/비닐다이메티콘크로스폴리머, 폴리프로필렌, 티타늄디옥사이드 (CI 77891), 카프릴릴글라이콜, 비즈왁스, 실리카, 글리세릴카프릴레이트, 에틸헥실글리세린, 틴옥사이드, 마이카, 합성플루오르플로고파이트, 페릭페로시아나이드, 카민, 토코페롤"
컬러래스팅 글로우 스틱,에뛰드,"다이펜타에리스리틸펜타아이소스테아레이트, 다이페닐실록시페닐트라이메티콘, 다이페닐다이메티콘, 피토스테릴/옥틸도데실라우로일글루타메이트, 글리세릴운데실다이메티콘, 피토스테릴/이소스테아릴/세틸/스테아릴/베헤닐다이머디리놀리에이트, 합성왁스, 폴리글리세릴-2트라이아이소스테아레이트, 알루미나, 라우릴폴리글리세릴-3폴리다이메틸실록시에틸다이메티콘, 적색산화철, 티타늄디옥사이드 (CI 77891), 폴리하이드록시스테아릭애씨드, 에틸렌/프로필렌코폴리머, 흑색산화철, 레시틴, 에틸헥실팔미테이트, 아이소스테아릭애씨드, 아이소프로필미리스테이트, 향료, 적색202호, 폴리글리세릴-3폴리리시놀리에이트, 다이메티콘, 트라이에톡시카프릴릴실레인, 알루미늄하이드록사이드, 글리세린, 정제수, 부틸렌글라이콜, 토코페롤, 석류추출물, 석류나무꽃추출물"
더블래스팅 커버 컨실러 팔레트,에뛰드,"[01 Bright] 티타늄디옥사이드 (CI 77891), 하이드로제네이티드폴리아이소부텐, 옥틸도데칸올, 실리카, 아이소에이코산, 합성왁스, 다이메티콘, 헥실라우레이트, 해바라기씨왁스, 합성플루오르플로고파이트, 라우로일라이신, 사과씨오일, 카프릴릭/카프릭트라이글리세라이드, 폴리하이드록시스테아릭애씨드, 다이칼슘포스페이트, 솔비탄아이소스테아레이트, 동백나무씨오일, 레시틴, 아이소스테아릭애씨드, 에틸헥실팔미테이트, 아이소프로필미리스테이트, 적색산화철, 폴리글리세릴-3폴리리시놀리에이트, 스테아랄코늄헥토라이트, 황색산화철, 알루미늄하이드록사이드, 프로필렌카보네이트, 아이소프로필티타늄트라이아이소스테아레이트, 흑색산화철 [01 Light Cover] 티타늄디옥사이드 (CI 77891), 하이드로제네이티드폴리아이소부텐, 옥틸도데칸올, 아이소에이코산, 합성왁스, 실리카, 다이메티콘, 헥실라우레이트, 합성플루오르플로고파이트, 해바라기씨왁스, 라우로일라이신, 사과씨오일, 카프릴릭/카프릭트라이글리세라이드, 폴리하이드록시스테아릭애씨드, 다이칼슘포스페이트, 황색산화철, 솔비탄아이소스테아레이트, 동백나무씨오일, 레시틴, 아이소스테아릭애씨드, 에틸헥실팔미테이트, 아이소프로필미리스테이트, 폴리글리세릴-3폴리리시놀리에이트, 적색산화철, 스테아랄코늄헥토라이트, 알루미늄하이드록사이드, 프로필렌카보네이트, 흑색산화철, 아이소프로필티타늄트라이아이소스테아레이트 [01 Medium Cover] 티타늄디옥사이드 (CI 77891), 하이드로제네이티드폴리아이소부텐, 옥틸도데칸올, 아이소에이코산, 실리카, 폴리아이소부텐, 합성왁스, 해바라기씨왁스, 카프릴릭/카프릭트라이글리세라이드, 황색산화철, 폴리하이드록시스테아릭애씨드, 다이칼슘포스페이트, 솔비탄아이소스테아레이트, 합성플루오르플로고파이트, 레시틴, 아이소스테아릭애씨드, 에틸헥실팔미테이트, 아이소프로필미리스테이트, 적색산화철, 폴리글리세릴-3폴리리시놀리에이트, 스테아랄코늄헥토라이트, 알루미늄하이드록사이드, 흑색산화철, 프로필렌카보네이트, 아이소프로필티타늄트라이아이소스테아레이트 [01 Powder] 탤크, 마이카, 티타늄디옥사이드 (CI 77891), 실리카, 카프릴릭/카프릭트라이글리세라이드, 폴리메틸메타크릴레이트, 다이메티콘, 폴리메틸실세스퀴옥세인, 에이치디아이/트라이메틸올헥실락톤크로스폴리머, 나일론-12, 페닐트라이메티콘, 황색산화철, 트라이에톡시카프릴릴실레인, 메티콘, 카프릴릴글라이콜, 폴리글리세릴-4아이소스테아레이트, 에틸헥실글리세린, 적색산화철, 흑색산화철, 라우로일라이신, 하이드로제네이티드레시틴, 알루미늄하이드록사이드, 토코페롤"
디어달링 필오프 립스테인,에뛰드,"정제수, 폴리비닐알코올, 다이프로필렌글라이콜, 1,2-헥산다이올, 에탄올, 시트릭애씨드, 소듐시트레이트, 펜틸렌글라이콜, 부틸렌글라이콜, 향료, 적색223호, 황색4호, 알란토인, 적색227호, 다이포타슘글리시리제이트"
컬픽스 스키니 마스카라 1+1 기획세트,에뛰드,"아이소도데케인, 트라이메틸실록시실리케이트, 세레신, 덱스트린팔미테이트/에틸헥사노에이트, 탤크, 부틸아크릴레이트/하이드록시프로필다이메티콘아크릴레이트코폴리머, 마이크로크리스탈린왁스, 흑색산화철, 다이스테아다이모늄헥토라이트, 폴리프로필실세스퀴옥세인, 프로필렌카보네이트, 하이드로제네이티드폴리아이소부텐, 트라이에톡시카프릴릴실레인, 비에이치티"
팡팡 헤어카라 픽서 10ml,에뛰드,"정제수, 변성알코올, 브이피/브이에이코폴리머, 글리세린, 피이지-60하이드로제네이티드캐스터오일, 향료, 1,2-헥산다이올, 카보머, 리날룰, 트로메타민, 에틸헥실글리세린, 다이소듐이디티에이, 리모넨, 아르간커넬오일, 브라질넛씨오일, 시트로넬올, 알파-아이소메틸아이오논, 제라니올, 부틸렌글라이콜, 돌콩추출물, 석류추출물"
진저슈가 립세럼 13g,에뛰드,"하이드로제네이티드폴리(C6-14올레핀), 폴리부텐, 하이드로제네이티드폴리아이소부텐, 다이아이소스테아릴말레이트, 에틸렌/프로필렌/스타이렌코폴리머, 피토스테릴/이소스테아릴/세틸/스테아릴/베헤닐다이머디리놀리에이트, 폴리글리세릴-2아이소스테아레이트/다이머다이리놀리에이트코폴리머, 다이펜타에리스리틸펜타아이소스테아레이트, 덱스트린팔미테이트, 폴리글리세릴-2트라이아이소스테아레이트, 다이메티콘, 리모넨, 부틸렌/에틸렌/스타이렌코폴리머, 적색산화철, 시어버터, 적색104호의(1), 티타늄디옥사이드 (CI 77891), 향료, 황색산화철, 청색1호, 적색226호, 리날룰, 펜타에리스리틸테트라-다이-t-부틸하이드록시하이드로신나메이트, 흑색산화철, 시트랄, 알루미나, 에리스리톨, 트라이에톡시카프릴릴실레인, 정제수, 부틸렌글라이콜, 토코페롤, 생강추출물, 시트릭애씨드"
님프 광채 볼류머 듀오 기획세트,에뛰드,"하이드로제네이티드폴리데센, 하이드로제네이티드폴리아이소부텐, 피마자씨오일, 에틸렌/프로필렌코폴리머, 에틸헥실올리베이트, 폴리글리세릴-4다이아이소스테아레이트/폴리하이드록시스테아레이트/세바케이트, 향료, 카프릴릴글라이콜, 다이아이소스테아릴말레이트, 아르간커넬오일, 옥틸도데실스테아로일스테아레이트, 에틸헥실글리세린, 아보카도오일, 티타늄디옥사이드 (CI 77891), 1,2-헥산다이올, 울트라마린, 적색산화철, 하이드롤라이즈드하이알루로닉애씨드"
AC 클린업 클렌징 폼 150ml,에뛰드,"정제수 글리세린 소듐코코일이세티오네이트 글리세릴스테아레이트 세테아릴알코올 코코넛애씨드 프로판다이올 스테아릭애씨드 라우라미도프로필베타인 소듐이세티오네이트 하이드록시프로필스타치포스페이트 팔미틱애씨드 소듐메틸코코일타우레이트 살리실릭애씨드 솔비톨 부틸렌글라이콜 향료 포타슘벤조에이트 소듐클로라이드 다이소듐이디티에이 아라키딕애씨드 티트리잎수 미리스틱애씨드 올레익애씨드 쇠비름추출물 약모밀추출물 티트리잎오일 1,2-헥산다이올 펜틸렌글라이콜 카프릴릴글라이콜 캐모마일꽃추출물 병풀추출물 마데카소사이드"
피지쏙 젤리 파우더 퍼프 2P,에뛰드,
카페인더 딥 에디션,에뛰드,"[좌] 탤크, 마이카, 티타늄디옥사이드 (CI 77891), 실리카, 헥실라우레이트, 보론나이트라이드, 라우로일라이신, 징크스테아레이트, 다이아이소스테아릴말레이트, 황색산화철, 펜타에리스리틸테트라에틸헥사노에이트, 페닐트라이메티콘, 적색산화철, 다이메티콘, 카프릴릴글라이콜, 에틸헥실글리세린, 트라이에톡시카프릴릴실레인, 흑색산화철, 황색4호, 알루미늄하이드록사이드, 적색226호, 메티콘, 토코페롤 [우] 마이카, 탤크, 티타늄디옥사이드 (CI 77891), 헥실라우레이트, 알루미늄전분옥테닐석시네이트, 다이아이소스테아릴말레이트, 페닐트라이메티콘, 비닐다이메티콘, 합성플루오르플로고파이트, 다이메티콘, 마그네슘미리스테이트, 징크스테아레이트, 카프릴릴글라이콜, 에틸헥실글리세린, 적색산화철, 트라이에톡시카프릴릴실레인, 황색4호, 틴옥사이드, 황색5호, 실리카, 적색202호, 토코페롤"
올데이 맑은 BB 크림 SPF36/PA+++ 35ml,에뛰드,"정제수, 다이메티콘, 다이실록세인, 티타늄디옥사이드 (CI 77891), 호모살레이트, 카프릴릴메티콘, 글리세린, 에칠헥실살리실레이트, 피이지-10다이메티콘, 티타늄디옥사이드, 폴리메틸실세스퀴옥세인, 트라이베헤닌, 징크옥사이드, 1,2-헥산다이올, 락토바실러스발효용해물, 소듐클로라이드, 라우릴피이지-9폴리다이메틸실록시에틸다이메티콘, 트라이메틸실록시실리케이트, 다이메티콘/비닐다이메티콘크로스폴리머, 실리카, 다이스테아다이모늄헥토라이트, 트라이데실트라이멜리테이트, 알루미늄하이드록사이드, 스테아릭애씨드, 황색산화철, 프로판다이올, 트라이에톡시카프릴릴실레인, 에틸헥실글리세린, 글리세릴카프릴레이트, 트라이하이드록시스테아린, 적색산화철, 흑색산화철, 판테놀, 녹차씨추출물, 세라마이드엔피, 토코페롤, 피토스핑고신, 하이드로제네이티드레시틴, 병풀꽃/잎/줄기추출물, 다이소듐이디티에이"
순정 약산성 클렌징 밀크 200ml,에뛰드,"정제수, 글리세린, 카프릴릭/카프릭트라이글리세라이드, 세틸에틸헥사노에이트, 해바라기씨오일, 부틸렌글라이콜, 1,2-헥산다이올, 세테아릴알코올, 아라키딜알코올, 판테놀, 베헤닐알코올, 아라키딜글루코사이드, 잔탄검, 아크릴레이트/C10-30알킬아크릴레이트크로스폴리머, 소듐스테아로일글루타메이트, 에틸헥실글리세린, 시트릭애씨드, 마데카소사이드, 은행나무잎추출물, 토코페롤"
플레이 멀티 아이즈 마루 너만을 오로지 사랑해,에뛰드,"[1] 탤크, 합성플루오르플로고파이트, 마이카, 티타늄디옥사이드 (CI 77891), 나일론-12, 마그네슘미리스테이트, 카프릴릭/카프릭트라이글리세라이드, 실리카, 다이아이소스테아릴말레이트, 다이메티콘, 울트라마린, 적색산화철, 라우로일라이신, 카프릴릴글라이콜, 트라이하이드록시스테아린, 마카다미아씨오일, 글리세릴카프릴레이트, 에틸헥실글리세린, 알루미늄하이드록사이드, 황색산화철, 트라이에톡시카프릴릴실레인, 카민, 카올린, 황색4호, 토코페롤 [2] 탤크, 합성플루오르플로고파이트, 마이카, 티타늄디옥사이드 (CI 77891), 나일론-12, 마그네슘미리스테이트, 카프릴릭/카프릭트라이글리세라이드, 실리카, 카민, 다이아이소스테아릴말레이트, 황색4호, 다이메티콘, 라우로일라이신, 카프릴릴글라이콜, 트라이하이드록시스테아린, 마카다미아씨오일, 글리세릴카프릴레이트, 에틸헥실글리세린, 황색산화철, 알루미늄하이드록사이드, 흑색산화철, 트라이에톡시카프릴릴실레인, 적색산화철, 토코페롤 [3] 칼슘티타늄보로실리케이트, 탤크, 칼슘알루미늄보로실리케이트, 다이메티콘, 티타늄디옥사이드 (CI 77891), 마이카, 다이아이소스테아릴말레이트, 폴리메틸실세스퀴옥세인, 폴리프로필렌, 마그네슘미리스테이트, 페닐트라이메티콘, 하이드로제네이티드폴리(C6-14올레핀), 하이드로제네이티드캐스터오일아이소스테아레이트, 다이펜타에리스리틸헥사하이드록시스테아레이트/헥사스테아레이트/헥사로지네이트, 카프릴릴글라이콜, 카민, 다이메티콘/비닐다이메티콘크로스폴리머, 글리세릴카프릴레이트, 에틸헥실글리세린, 틴옥사이드, 황색4호, 적색산화철, 토코페롤 [4] 탤크, 합성플루오르플로고파이트, 마이카, 나일론-12, 마그네슘미리스테이트, 황색산화철, 카프릴릭/카프릭트라이글리세라이드, 실리카, 울트라마린, 적색산화철, 티타늄디옥사이드 (CI 77891), 다이아이소스테아릴말레이트, 흑색산화철, 다이메티콘, 라우로일라이신, 카프릴릴글라이콜, 트라이하이드록시스테아린, 마카다미아씨오일, 글리세릴카프릴레이트, 황색4호, 에틸헥실글리세린, 카민, 트라이에톡시카프릴릴실레인, 알루미늄하이드록사이드, 토코페롤 [5] 합성플루오르플로고파이트, 티타늄디옥사이드 (CI 77891), 트라이에틸헥사노인, 폴리글리세릴-2트라이아이소스테아레이트, 탤크, 칼슘티타늄보로실리케이트, 마그네슘미리스테이트, 마그네슘스테아레이트, 나일론-12, 하이드로제네이티드캐스터오일아이소스테아레이트, 폴리메틸메타크릴레이트, 카프릴릴글라이콜, 글리세릴카프릴레이트, 틴옥사이드, 에틸헥실글리세린, 토코페롤 [6] 탤크, 마이카, 티타늄디옥사이드 (CI 77891), 폴리메틸메타크릴레이트, 라우로일라이신, 다이메티콘, 옥틸도데실스테아로일스테아레이트, 다이아이소스테아릴말레이트, 마그네슘미리스테이트, 카민, 아이소세틸미리스테이트, 카프릴릴글라이콜, 적색산화철, 글리세릴카프릴레이트, 에틸헥실글리세린, 알루미늄하이드록사이드, 황색4호, 하이드로제네이티드레시틴, 트라이에톡시카프릴릴실레인, 토코페롤 [7] 마이카, 티타늄디옥사이드 (CI 77891), 다이카프릴릴카보네이트, 다이메티콘, 메틸메타크릴레이트크로스폴리머, 합성플루오르플로고파이트, 다이메티콘/비닐다이메티콘크로스폴리머, 페닐트라이메티콘, 트라이에톡시카프릴릴실레인, 다이펜타에리스리틸헥사하이드록시스테아레이트/헥사스테아레이트/헥사로지네이트, 카민, 카프릴릴글라이콜, 알루미늄하이드록사이드, 황색4호, 적색산화철, 황색산화철, 글리세릴카프릴레이트, 에틸헥실글리세린, 흑색산화철, 마그네슘스테아레이트, 울트라마린, 토코페롤"
벌룬 인 치크 6g,에뛰드,"실리카, 탤크, 마이카, 비닐다이메티콘/메티콘실세스퀴옥세인크로스폴리머, 카프릴릭/카프릭트라이글리세라이드, 메티콘, 마그네슘미리스테이트, 옥수수전분, 헥실라우레이트, 티타늄디옥사이드 (CI 77891), 폴리글리세릴-2트라이아이소스테아레이트, 카프릴릴글라이콜, 에틸헥실글리세린, 라우로일라이신, 페닐트라이메티콘, 다이메티콘, 울트라마린, 적색202호, 향료, 셀룰로오스, 알루미늄하이드록사이드, 황색4호, 쿠마린, 트라이에톡시카프릴릴실레인, 헥실신남알, 시트로넬올, 리날룰, C20-24올레핀, 토코페롤"
컬픽스 마스카라 1호 블랙  & 마스카라 픽서 퍼펙트래쉬,에뛰드,"[컬픽스 마스카라 1호 블랙] 아이소도데케인, 트라이메틸실록시실리케이트, 세레신, 덱스트린팔미테이트/에틸헥사노에이트, 탤크, 부틸아크릴레이트/하이드록시프로필다이메티콘아크릴레이트코폴리머, 마이크로크리스탈린왁스, 흑색산화철, 다이스테아다이모늄헥토라이트, 폴리프로필실세스퀴옥세인, 프로필렌카보네이트, 하이드로제네이티드폴리아이소부텐, 트라이에톡시카프릴릴실레인, 비에이치티 [닥터 마스카라픽서 포 퍼펙트래쉬] 아이소도데케인, 브이피/에이코신코폴리머, 사이클로펜타실록세인, 트라이메틸실록시실리케이트, 실리카, 다이스테아다이모늄헥토라이트, 합성왁스, 아이소부틸메타크릴레이트/비스-하이드록시프로필다이메티콘아크릴레이트코폴리머, 프로필렌카보네이트, 에틸렌/프로필렌코폴리머, 흑색산화철, 트라이에톡시카프릴릴실레인"
사르르 당충전 컬렉션,에뛰드,"하이드로제네이티드폴리아이소부텐, 비스-베헤닐/아이소스테아릴/피토스테릴다이머다이리놀레일다이머다이리놀리에이트, 다이아이소스테아릴말레이트, 아이소노닐아이소노나노에이트, 폴리글리세릴-2트라이아이소스테아레이트, 실리카다이메틸실릴레이트, 합성왁스, 폴리하이드록시스테아릭애씨드, 마이크로크리스탈린왁스, 실리카실릴레이트, 카프릴릭/카프릭글리세라이즈, 티타늄디옥사이드 (CI 77891), 에틸렌/프로필렌코폴리머, 향료, 황색5호, 적색202호, 리날룰, 흑색산화철, 리모넨, 헥실신남알, 적색산화철, 적색104호의(1), 황색4호, 청색1호"
클라우드 필터 쿠션 SPF42/PA+++ 15g,에뛰드,"정제수, 다이메티콘, 메틸트라이메티콘, 티타늄디옥사이드 (CI 77891), 호모살레이트, 부틸렌글라이콜, 라우릴폴리글리세릴-3폴리다이메틸실록시에틸다이메티콘, 티타늄디옥사이드, 페닐트라이메티콘, 트라이실록세인, 카프릴릴메티콘, 폴리메틸실세스퀴옥세인, 실리카, 브이피/헥사데센코폴리머, 나이아신아마이드, 다이스테아다이모늄헥토라이트, 보론나이트라이드, 트라이메틸실록시실리케이트, 알루미늄하이드록사이드, 1,2-헥산다이올, 스테아릭애씨드, 소듐클로라이드, 아크릴레이트/스테아릴아크릴레이트/다이메티콘메타크릴레이트코폴리머, 트라이하이드록시스테아린, 황색산화철, 카프릴릴글라이콜, 트라이에톡시카프릴릴실레인, 적색산화철, 글리세릴카프릴레이트, 에틸헥실글리세린, 향료, 아데노신, 흑색산화철, 토코페롤"
밀키베리 에디션,에뛰드,"폴리글리세릴-2아이소스테아레이트/다이머다이리놀리에이트코폴리머, 폴리글리세릴-2트라이아이소스테아레이트, 카프릴릭/카프릭트라이글리세라이드, 다이아이소스테아릴말레이트, 실리카다이메틸실릴레이트, 티타늄디옥사이드 (CI 77891), 코코-카프릴레이트/카프레이트, 캐스터오일/아이피디아이코폴리머, 적색산화철, 향료, 황색산화철, 카프릴릭/카프릭/석시닉트라이글리세라이드, 적색202호, 솔비탄세스퀴올리에이트, 리날룰, 리모넨"
오버 글로이 틴트,에뛰드,"정제수, 다이아이소스테아릴말레이트, 비스-다이글리세릴폴리아실아디페이트-2, 하이드로제네이티드폴리아이소부텐, 다이페닐다이메티콘, 트라이메틸실록시페닐다이메티콘, 폴리페닐실세스퀴옥세인, 글리세린, 세틸피이지/피피지-10/1다이메티콘, 세테아레스-20, 폴리솔베이트60, 솔비탄아이소스테아레이트, 티타늄디옥사이드 (CI 77891), 1,2-헥산다이올, 하이드록시에틸아크릴레이트/소듐아크릴로일다이메틸타우레이트코폴리머, 페녹시에탄올, 스쿠알란, 에틸헥실글리세린, 황색5호, 향료, 적색227호, 적색104호의(1), 청색1호, 황색4호, 펜타에리스리틸테트라-다이-T-부틸하이드록시하이드로신나메이트"
오버글로이 틴트,에뛰드,"정제수, 다이아이소스테아릴말레이트, 비스-다이글리세릴폴리아실아디페이트-2, 하이드로제네이티드폴리아이소부텐, 다이페닐다이메티콘, 트라이메틸실록시페닐다이메티콘, 폴리페닐실세스퀴옥세인, 글리세린, 세틸피이지/피피지-10/1다이메티콘, 폴리솔베이트60, 솔비탄아이소스테아레이트, 1,2-헥산다이올, 세테아레스-20, 하이드록시에틸아크릴레이트/소듐아크릴로일다이메틸타우레이트코폴리머, 스쿠알란, 페녹시에탄올, 적색227호, 황색5호, 에틸헥실글리세린, 향료, 황색4호, 적색104호의(1), 청색1호, 펜타에리스리틸테트라-다이-T-부틸하이드록시하이드로신나메이트, 티타늄디옥사이드 (CI 77891)"
하트팝 블러셔,에뛰드,"칼슘티타늄보로실리케이트, 탤크, 마이카, 페닐트라이메티콘, 트라이에틸헥사노인, 다이아이소스테아릴말레이트, 칼슘알루미늄보로실리케이트, 나일론-12, 징크스테아레이트, 비스-베헤닐/아이소스테아릴/피토스테릴다이머다이리놀레일다이머다이리놀리에이트, 하이드로제네이티드폴리아이소부텐, 티타늄디옥사이드 (CI 77891), 메틸메타크릴레이트크로스폴리머, 에틸헥실글리세린, 틴옥사이드, 글리세릴카프릴레이트"
낫배드 컬렉션,에뛰드,"칼슘티타늄보로실리케이트, 탤크, 마이카, 페닐트라이메티콘, 트라이에틸헥사노인, 다이아이소스테아릴말레이트, 칼슘알루미늄보로실리케이트, 나일론-12, 징크스테아레이트, 비스-베헤닐/아이소스테아릴/피토스테릴다이머다이리놀레일다이머다이리놀리에이트, 하이드로제네이티드폴리아이소부텐, 티타늄디옥사이드 (CI 77891), 메틸메타크릴레이트크로스폴리머, 에틸헥실글리세린, 틴옥사이드, 글리세릴카프릴레이트"
하트팝 듀오 블러셔,에뛰드,"[1] 탤크, 마그네슘/포타슘/실리콘/플루오라이드/하이드록사이드/옥사이드, 마이카, 실리카, 나일론-12, 티타늄디옥사이드 (CI 77891), 헥실라우레이트, 마그네슘스테아레이트, 페닐트라이메티콘, 다이아이소스테아릴말레이트, 옥틸도데실스테아로일스테아레이트, 다이펜타에리스리틸헥사하이드록시스테아레이트/헥사스테아레이트/헥사로지네이트, 다이메티콘, 트라이에톡시카프릴릴실레인, 비닐다이메티콘/메티콘실세스퀴옥세인크로스폴리머, 울트라마린, 아이소스테아릴네오펜타노에이트, 에틸헥실글리세린, 글리세릴카프릴레이트, 알루미늄하이드록사이드, 하이드로젠다이메티콘, 황색4호, 적색226호, 아이소프로필티타늄트라이아이소스테아레이트, 미리스틱애씨드, 세테아릴알코올 [2] 탤크, 마그네슘/포타슘/실리콘/플루오라이드/하이드록사이드/옥사이드, 마이카, 티타늄디옥사이드 (CI 77891), 실리카, 나일론-12, 헥실라우레이트, 마그네슘스테아레이트, 페닐트라이메티콘, 다이아이소스테아릴말레이트, 알루미늄하이드록사이드, 울트라마린, 트라이에톡시카프릴릴실레인, 옥틸도데실스테아로일스테아레이트, 다이펜타에리스리틸헥사하이드록시스테아레이트/헥사스테아레이트/헥사로지네이트, 비닐다이메티콘/메티콘실세스퀴옥세인크로스폴리머, 다이메티콘, 적색226호, 아이소스테아릴네오펜타노에이트, 에틸헥실글리세린, 글리세릴카프릴레이트, 하이드로젠다이메티콘, 아이소프로필티타늄트라이아이소스테아레이트, 미리스틱애씨드, 세테아릴알코올"
님프 광채 볼류머 투명한 물광,에뛰드,"하이드로제네이티드폴리데센, 하이드로제네이티드폴리아이소부텐, 피마자씨오일, 에틸렌/프로필렌코폴리머, 에틸헥실올리베이트, 폴리글리세릴-4다이아이소스테아레이트/폴리하이드록시스테아레이트/세바케이트, 향료, 카프릴릴글라이콜, 다이아이소스테아릴말레이트, 아르간커넬오일, 옥틸도데실스테아로일스테아레이트, 에틸헥실글리세린, 아보카도오일, 티타늄디옥사이드 (CI 77891), 1,2-헥산다이올, 울트라마린, 적색산화철, 하이드롤라이즈드하이알루로닉애씨드"
마이 베스트 톤 아이즈,에뛰드,"소싯적 핑크 : 칼슘알루미늄보로실리케이트, 다이페닐실록시페닐트라이메티콘, 티타늄디옥사이드 (CI 77891), 폴리프로필렌, 다이아이소스테아릴말레이트, 비스-다이글리세릴폴리아실아디페이트-2, 비스-베헤닐/아이소스테아릴/피토스테릴다이머다이리놀레일다이머다이리놀리에이트, 칼슘티타늄보로실리케이트, 카프릴릭/카프릭트라이글리세라이드, 실리카, 하이드로제네이티드유채씨오일, 적색산화철, 합성플루오르플로고파이트, 글리세릴카프릴레이트, 틴옥사이드, 알루미늄하이드록사이드, 적색226호, 황색4호, 울트라마린, 트라이에톡시카프릴릴실레인 엎어져도 라벤더 : 마그네슘/포타슘/실리콘/플루오라이드/하이드록사이드/옥사이드, 마이카, 라우로일라이신, 티타늄디옥사이드 (CI 77891), 실리카, 탤크, 알루미늄전분옥테닐석시네이트, 아이소아밀라우레이트, 징크스테아레이트, 페닐트라이메티콘, 스테아릴다이메티콘, 카프릴릭/카프릭트라이글리세라이드, 알루미늄하이드록사이드, 하이드로젠다이메티콘, 글리세릴카프릴레이트, 알루미늄미리스테이트, 적색226호, 울트라마린, 황색4호, 다이아이소스테아릴말레이트, 메티콘, 트라이에톡시카프릴릴실레인, 흑색산화철, 다이메티콘, 하이드로제네이티드폴리데센, 세테아릴알코올, 황색산화철"
하트팝 블러셔,에뛰드,"탤크, 마이카, 티타늄디옥사이드 (CI 77891), 마그네슘/포타슘/실리콘/플루오라이드/하이드록사이드/옥사이드, 칼슘티타늄보로실리케이트, 페닐트라이메티콘, 다이아이소스테아릴말레이트, 펜타에리스리틸테트라에틸헥사노에이트, 피토스테릴/이소스테아릴/세틸/스테아릴/베헤닐다이머디리놀리에이트, 징크스테아레이트, 하이드로제네이티드폴리아이소부텐, 마그네슘미리스테이트, 다이메티콘크로스폴리머, 다이메티콘, 에틸헥실글리세린, 틴옥사이드, 카프릴릴글라이콜, 아이소프로필티타늄트라이아이소스테아레이트, 미리스틱애씨드, 카민, 적색산화철, 토코페롤, 코코-카프릴레이트/카프레이트, 캐스터오일/아이피디아이코폴리머, 카프릴릭/카프릭/석시닉트라이글리세라이드"
순정판텐소사이드10시카밤 50ml *2,에뛰드,"정제수, 부틸렌글라이콜, 판테놀, 스쿠알란, 세테아릴알코올,1,2-헥산다이올, 하이드로제네이티드폴리(C6-14올레핀), 페닐트라이메티콘, 다이아이소스테아릴말레이트, 폴리글리세릴-10스테아레이트, 하이드록시에틸아크릴레이트/소듐아크릴로일다이메틸타우레이트코폴리머, 아크릴레이트/C10-30알킬아크릴레이트크로스폴리머, 글리세릴스테아레이트시트레이트, 글리세릴스테아레이트, 세테아릴글루코사이드, 하이드로제네이티드레시틴, 트로메타민, 글리세린, 카프릴릴글라이콜, 폴리글리세릴-3메틸글루코오스다이스테아레이트, 다이소듐이디티에이, 에틸헥실글리세린, 솔비탄아이소스테아레이트, 마데카소사이드, 아시아티코사이드, 마데카식애씨드, 아시아틱애씨드, 글루코오스, 녹차추출물, 토코페롤"
순정 판텐소사이드 마스크 25ml,에뛰드,"정제수, 다이프로필렌글라이콜, 1,2-헥산다이올, 카보머, 폴리글리세릴-10라우레이트, 글리세린, 폴리글리세릴-10미리스테이트, 알지닌, 알란토인, 에틸헥실글리세린, 판테놀, 다이소듐이디티에이, 트레할로오스, 병풀잎추출물, 마데카소사이드"
0.2 테라피 에어 마스크 20ml,에뛰드,"정제수, 글리세레스-26, 다이프로필렌글라이콜, 프로판다이올, 에탄올, 글리세린, 부틸렌글라이콜, 1,2-헥산다이올, 하이드록시에틸우레아, 소듐카보머, 알란토인, 스페인감초뿌리추출물, 녹차추출물, 하이드록시에틸셀룰로오스, 생강추출물, 콥티스뿌리추출물, 데하이드로아세틱애씨드, 소듐하이알루로네이트, 다이포타슘글리시리제이트, 다이소듐이디티에이, 카프릴릭/카프릭트라이글리세라이드, 폴리글리세릴-10라우레이트, 폴리글리세릴-10미리스테이트, 보스웰리아검, 리모넨, 베타-글루칸, 하이드로제네이티드레시틴, 알로에베라잎추출물(13.75ppm), 라벤더오일, 와일드제라늄오일, 대왕송오일, 유칼립투스잎오일, 세라마이드엔피, 피토스테릴/옥틸도데실라우로일글루타메이트, 레몬추출물, 필리핀오렌지전초오일"
뽀오얀 미소 발효 립&아이 리무버 250ml,에뛰드,"정제수, 세틸에틸헥사노에이트, C9-12알케인, C18-21알케인, 글리세린, 아이소도데케인, 헥실렌글라이콜, 소듐클로라이드, 코코-카프릴레이트/카프레이트, 카프릴릴/카프릴글루코사이드, 라우릴메틸글루세스-10하이드록시프로필다이모늄클로라이드, 1,2-헥산다이올, 다이포타슘포스페이트, 소듐메타포스페이트, 에틸헥실글리세린, 부틸렌글라이콜, 포타슘포스페이트, 효모/보리씨발효여과물, 프로판다이올, 쌀겨오일, 모나스커스/쌀발효물, 돌콩지질, 토코페롤, 다이소듐이디티에이"
뽀오얀 클렌징 오일 + 뽀오얀 클렌징 폼,에뛰드,"[뽀오얀 클렌징 오일] C12-15알킬벤조에이트, 펜타에리스리틸테트라에틸헥사노에이트, 세틸에틸헥사노에이트, 카프릴릭/카프릭트라이글리세라이드, 폴리글리세릴-6다이카프레이트, 트라이에틸헥사노인, 폴리글리세릴-10다이아이소스테아레이트, 펜타에리스리틸테트라아이소스테아레이트, 아이소프로필팔미테이트, 폴리글리세릴-6카프릴레이트, C12-15알코올, 향료, 부틸렌글라이콜, 정제수, 시어버터, 효모/보리씨발효여과물, 프로판다이올, 코튼추출물, 모나스커스/쌀발효물, 1,2-헥산다이올, 돌콩지질, 에틸헥실글리세린, 다이소듐이디티에이 / [뽀오얀 클렌징 폼] 정제수, 글리세린, 팔미틱애씨드, 라우릭애씨드, 스테아릭애씨드, 포타슘하이드록사이드, 미리스틱애씨드, 피이지-32, 다이프로필렌글라이콜, 코카미도프로필베타인, 소듐미리스토일글루타메이트, 글리세릴스테아레이트, 피이지-100스테아레이트, 소듐클로라이드, 페녹시에탄올, 향료, 아라키딕애씨드, 소듐벤조에이트, 황련뿌리추출물, 다이소듐이디티에이, 부틸렌글라이콜, 포타슘솔베이트, 비에이치티, 효모/보리씨발효여과물, 카카오씨추출물, 덱스트린, 쌀발효여과물, 프로판다이올, 1,2-헥산다이올, 락토바실러스/콩발효추출물, 에틸헥실글리세린"
오마이래쉬 마스카라 1호 탑코트 12g *2,에뛰드,"정제수, 에탄올, 피브이피, 브이피/브이에이코폴리머, 카보머, 트로메타민, 펜틸렌글라이콜, 1,2-헥산다이올, 다이소듐이디티에이, 버지니아풍년화잎수, 라벤더꽃수, 프로필렌글라이콜, 부틸렌글라이콜, 오렌지추출물, 라즈베리추출물, 캐모마일꽃추출물, 키위추출물, 살구씨추출물, 자몽추출물, 시트릭애씨드, 소듐벤조에이트, 포타슘솔베이트, 페녹시에탄올"
마스카라 전용 리무버 80ml *2,에뛰드,"정제수, 사이클로펜타실록산, 코코넛오일,헥실렌글라이콜, 코코-카프릴레이트/카프레이트, 소듐클로라이드, 라우릴메칠글루세스-10하이드록시프로필디모늄클로라이드, 페녹시에탄올, 디포타슘포스페이트, 카프릴릴/카프릴글루코사이드, 에칠헥실글리세린, 디소듐이디티에이, 포타슘포스페이트, 토코페롤"
파워 래쉬 속눈썹 영양제 6g*2,에뛰드,"정제수, 부틸렌글라이콜, 카페인, 판테놀, 나이아신아마이드, 1,2-헥산다이올, 펜틸렌글라이콜, 암모늄아크릴로일다이메틸타우레이트/브이피코폴리머, 알지닌, 소듐하이알루로네이트, 녹차수, 글루타믹애씨드, 다이소듐이디티에이, 바이오틴, 칡뿌리추출물, 녹차뿌리추출물, 에틸헥실글리세린"
제로피지 드라잉 파우더 4g,에뛰드,"실리카, 마이카, 카프릴릭/카프릭트라이글리세라이드, 하이드록시아파타이트, 다이메티콘/비닐다이메티콘크로스폴리머, 메티콘, 1,2-헥산다이올, 글리세릴카프릴레이트, 리모넨, 구주소나무잎오일, 정제수, 부틸렌글라이콜, 라임전초오일, 유칼립투스잎오일, 오렌지껍질오일, 베르가모트오일, 코튼추출물, 레몬껍질오일, 흰버드나무껍질추출물, 편백잎추출물, 오레가노잎추출물, 육계나무껍질추출물, 쇠비름추출물, 황금추출물, 락토바실러스/콩발효추출물"
수분가득 콜라겐 토너 200ml,에뛰드,"정제수, 하이드롤라이즈드콜라겐(205,600ppm), 글리세린, 프로판다이올, 변성알코올, 베타인, 1,2-헥산다이올, 부틸렌글라이콜, 글리세릴폴리메타크릴레이트, 피피지-13-데실테트라데세스-24, 잔탄검, 셀룰로오스검, 에틸헥실글리세린, 다이소듐이디티에이, 베타-글루칸, 하이드롤라이즈드루핀단백질, 토코페롤"
아토베리어365 크림 80ml,에스트라,"정제수, 부틸렌글라이콜, 글리세린, 부틸렌글라이콜다이카프릴레이트/다이카프레이트, 세틸에틸헥사노에이트, 스쿠알란, 펜타에리스리틸테트라아이소스테아레이트, 다이카프릴릴카보네이트, 베헤닐알코올, 다이메티콘, 하이드록시프로필비스팔미타마이드엠이에이, 스테아릭애씨드, 베타인, 만니톨, C14-22알코올, 팔미틱애씨드, 하이드록시프로필비스라우라마이드엠이에이, 아라키딜알코올, 콜레스테롤, 폴리아크릴레이트-13, C12-20알킬글루코사이드, 알란토인, 아라키딜글루코사이드, 나이아신아마이드, 세라마이드엔피, 글리세릴카프릴레이트, 에틸헥실글리세린, 하이드로제네이티드폴리아이소부텐, 카보머, 트로메타민, 다이메티콘올, 폴리글리세릴-10라우레이트, 하이드로제네이티드레시틴, 에틸헥실팔미테이트, 아크릴레이트/암모늄메타크릴레이트코폴리머, 솔비탄아이소스테아레이트, 실리카, 피토스핑고신, 스핑고리피드, 아라키딕애씨드, 토코페롤, 올레익애씨드"
아토베리어365 크림 80ml or 로션150ml,에스트라,"정제수, 부틸렌글라이콜, 글리세린, 부틸렌글라이콜다이카프릴레이트/다이카프레이트, 세틸에틸헥사노에이트, 스쿠알란, 펜타에리스리틸테트라아이소스테아레이트, 다이카프릴릴카보네이트, 베헤닐알코올, 다이메티콘, 하이드록시프로필비스팔미타마이드엠이에이, 스테아릭애씨드, 베타인, 만니톨, C14-22알코올, 팔미틱애씨드, 하이드록시프로필비스라우라마이드엠이에이, 아라키딜알코올, 콜레스테롤, 폴리아크릴레이트-13, C12-20알킬글루코사이드, 알란토인, 아라키딜글루코사이드, 나이아신아마이드, 세라마이드엔피, 글리세릴카프릴레이트, 에틸헥실글리세린, 하이드로제네이티드폴리아이소부텐, 카보머, 트로메타민, 다이메티콘올, 폴리글리세릴-10라우레이트, 하이드로제네이티드레시틴, 에틸헥실팔미테이트, 아크릴레이트/암모늄메타크릴레이트코폴리머, 솔비탄아이소스테아레이트, 실리카, 피토스핑고신, 스핑고리피드, 아라키딕애씨드, 토코페롤, 올레익애씨드"
아토베리어365크림미스트 120ml,에스트라,"정제수, 글리세린, 부틸렌글라이콜, 카프릴릭/카프릭트리글리세라이드, 하이드로제네이티드폴리(C6-14올레핀), 디메치콘, 세틸에칠헥사노에이트, 하이드록시프로필비스라우라마이드엠이에이, 1,2-헥산디올, 소듐서팩틴, 콜레스테롤, 글리세릴카프릴레이트, 디소듐이디티에이, 에칠헥실글리세린, 베헤닉애씨드, 토코페롤"
아토베리어365 세라-히알 속수분 앰플 30ml,에스트라,"정제수, 부틸렌글라이콜, 글리세린, 나이아신아마이드, 1,2-헥산다이올, 베타인, 판테놀, 카보머, 에틸헥실글리세린, 소듐하이알루로네이트(1001 ppm),3-O-에틸아스코빅애씨드, 셀룰로오스검, 트로메타민, 소듐트라이메타포스페이트, 다이포타슘글리시리제이트, 프로판다이올, 아데노신, 하이드록시프로필비스팔미타마이드엠이에이(210 ppm), 소듐메타포스페이트, 글리세릴카프릴레이트, 포타슘하이드록사이드, 소듐락테이트, 바이오사카라이드검-1, 카프릴릭/카프릭트라이글리세라이드, 펜틸렌글라이콜, 시트릭애씨드, 하이드록시에틸우레아, 폴리글리세릴-10스테아레이트, 콜레스테롤, 프로필렌글라이콜, 포타슘세틸포스페이트, 토코페롤, 세라마이드엔피(0.75 ppm), 만니톨, 스테아릭애씨드, 실리카, 아크릴레이트/암모늄메타크릴레이트코폴리머, 하이드로제네이티드레시틴, 팔미틱애씨드, 올레익애씨드, 아라키딕애씨드, 스핑고리피드"
아토베리어365 바디로션 400ml,에스트라,"하이드로제네이티드폴리(C6-14올레핀), 피토스테릴/이소스테아릴/세틸/스테아릴/베헤닐다이머디리놀리에이트, 하이드로제네이티드폴리아이소부텐, 다이아이소스테아릴말레이트, 폴리글리세릴-10데카아이소스테아레이트, 스쿠알란, 폴리아이소부텐, 합성왁스, 하이드로제네이티드식물성오일, 수크로오스테트라스테아레이트트라이아세테이트, 에틸렌/프로필렌/스타이렌코폴리머, C30-50알코올, 다이스테아다이모늄헥토라이트, 칸데릴라왁스에스터, 에틸렌/프로필렌코폴리머, 부틸렌글라이콜, 폴리에틸렌, 카나우바왁스, 부틸렌/에틸렌/스타이렌코폴리머, 펜타에리스리틸테트라-다이-T-부틸하이드록시하이드로신나메이트, 하이드록시프로필비스라우라마이드엠이에이, 달맞이꽃오일, 세라마이드엔피, 하이드록시프로필비스팔미타마이드엠이에이, 만니톨, 스테아릭애씨드, 카나우바왁스추출물, 아크릴레이트/암모늄메타크릴레이트코폴리머, 실리카, 아라키딕애씨드, 팔미틱애씨드, 소목줄기가루, 콜레스테롤, 올레익애씨드"
아토베리어365 하이드로 에센스 200ml,에스트라,"정제수, 부틸렌글라이콜, 글리세린, 스쿠알란, 1,2-헥산다이올, 아크릴레이트/C10-30알킬아크릴레이트크로스폴리머, 카보머, 트로메타민, 글리세릴카프릴레이트, 에틸헥실글리세린, 다이소듐이디티에이, 낫토검, 스테아릭애씨드, 하이드록시프로필비스팔미타마이드엠이에이, 만니톨, 피씨에이, 락틱애씨드, 글루코오스, 글라이신, 우레아, 소듐글리세로포스페이트, 세린, 글루타믹애씨드, 토코페롤, 아크릴레이트/암모늄메타크릴레이트코폴리머, 포타슘마그네슘아스파테이트, 아스파틱애씨드, 류신, 소듐클로라이드, 알라닌, 라이신, 알지닌, 칼슘글루코네이트, 마그네슘글루코네이트, 타이로신, 페닐알라닌, 프롤린, 트레오닌, 발린, 아이소류신, 시트릭애씨드, 콜레스테롤, 히스티딘, 실리카, 아세틸글루코사민, 크레아틴, 우릭애씨드, 시스테인, 메티오닌"
아토베리어365 버블클렌저 150ml,에스트라,"정제수, 글리세린, 솔비톨, 프로판다이올, 코코-글루코사이드, 카프릴릴/카프릴글루코사이드, 다이소듐코코암포다이아세테이트, 다이소듐코코일글루타메이트, 소듐클로라이드, 시트릭애씨드, 글리세릴카프릴레이트, 다이소듐이디티에이, 에틸헥실글리세린, 부틸렌글라이콜, 토코페롤, 녹차추출물"
아토베리어365 로션 150ml,에스트라,"정제수, 부틸렌글라이콜, 글리세린, 다이메티콘, 스쿠알란, 펜타에리스리틸테트라아이소스테아레이트, 베타인, 폴리글리세릴-3메틸글루코오스다이스테아레이트, 부틸렌글라이콜다이카프릴레이트/다이카프레이트, 카프릴릭/카프릭트라이글리세라이드, 팔미틱애씨드, 1,2-헥산다이올, 스테아릭애씨드, 하이드록시에틸아크릴레이트/소듐아크릴로일다이메틸타우레이트코폴리머, 글리세릴스테아레이트, 하이드록시프로필비스팔미타마이드엠이에이, 글리세릴스테아레이트시트레이트, 콜레스테롤, 나이아신아마이드, 다이메티콘올, 하이드록시프로필비스라우라마이드엠이에이, 베헤닐알코올, 글리세릴카프릴레이트, 카보머, 다이소듐이디티에이, 에틸헥실글리세린, 트로메타민, 솔비탄아이소스테아레이트, 피토스핑고신, 만니톨, 세라마이드엔피, 토코페롤, 하이드로제네이티드레시틴, 아크릴레이트/암모늄메타크릴레이트코폴리머, 실리카, 스핑고리피드, 아라키딕애씨드, 올레익애씨드"
더마UV365 무기자차 선크림 or 톤업 선크림 or 비타C광채 수분 선크림 SPF 50+/ PA++++ 40ml,에스트라,"정제수, 징크옥사이드, 사이클로헥사실록세인, 프로판다이올, 부틸옥틸살리실레이트, 프로필헵틸카프릴레이트, 아이소도데케인, 폴리글리세릴-3폴리다이메틸실록시에틸다이메티콘, 카프릴릴메티콘, 다이실록세인, 다이스테아다이모늄헥토라이트, 마그네슘설페이트, 트라이에톡시카프릴릴실레인, 1,2-헥산다이올, 폴리메틸실세스퀴옥세인, 폴리글리세릴-2다이폴리하이드록시스테아레이트, 라우릴폴리글리세릴-3폴리다이메틸실록시에틸다이메티콘, 알란토인, 카프릴릴글라이콜, 글리세릴카프릴레이트, 에틸헥실글리세린, 소듐하이알루로네이트, 세라마이드엔피, 토코페롤, 소듐아세틸레이티드하이알루로네이트, 하이드롤라이즈드하이알루로닉애씨드"
리제덤365 모공탄력 캡슐세럼 30ml,에스트라,"정제수, 부틸렌글라이콜, 나이아신아마이드, 글리세린, 다이메티콘, 1,2-헥산다이올, 하이드로제네이티드폴리데센, 스테아릭애씨드, 하이드록시프로필비스팔미타마이드엠이에이, 만니톨, 다이메티콘/비닐다이메티콘크로스폴리머, 폴리메틸메타크릴레이트, 카보머, 티몰트라이메톡시신나메이트, 소듐하이알루로네이트, 잔탄검, 글리세릴카프릴레이트, 소듐스테아로일글루타메이트, 소듐폴리아크릴로일다이메틸타우레이트, 아크릴레이트/암모늄메타크릴레이트코폴리머, 다이소듐이디티에이, 에틸헥실글리세린, 아데노신, 트로메타민, 콜레스테롤, 덱스트린, 카카오추출물, 실리카, 올레아놀릭애씨드, 3-O-에틸아스코빅애씨드, 하이드롤라이즈드익스텐신, 호호바씨오일, 폴리글리세릴-10라우레이트, 토코페롤, 하이드로제네이티드레시틴"
테라크네365 클리어 딥 클렌징 폼 200g,에스트라,"글리세린, 정제수, 포타슘코코일글리시네이트, 소듐코코일글라이시네이트, 부틸렌글라이콜, 폴리글리세릴-10라우레이트, 다이소듐라우레스설포석시네이트, 글리세릴스테아레이트에스이, 시트릭애씨드, 글라이콜다이스테아레이트, 알란토인, 다이소듐이디티에이, 에틸헥실글리세린, 테트라소듐이디티에이, 소듐하이알루로네이트, 글루코노락톤, 토코페롤"
아토베리어365 바디크림 250ml,에스트라,"정제수, 부틸렌글라이콜, 글리세린, 다이아이소스테아릴말레이트, 다이카프릴릴에터, 하이드로제네이티드폴리(C6-14올레핀), 베타인, 세틸에틸헥사노에이트, 메틸트라이메티콘, C14-22알코올, 세테아릴알코올, 글리세릴스테아레이트시트레이트, 1,2-헥산다이올, 스테아릭애씨드, 글리세릴폴리메타크릴레이트, 판테놀, 하이드록시에틸아크릴레이트/소듐아크릴로일다이메틸타우레이트코폴리머, 암모늄아크릴로일다이메틸타우레이트/브이피코폴리머, 글리세릴스테아레이트, 팔미틱애씨드, 아라키딜알코올, C12-20알킬글루코사이드, 아세틸글루코사민, 베헤닐알코올, 아라키딜글루코사이드, 에틸헥실글리세린, 세라마이드엔피, 다이소듐이디티에이, 하이드로제네이티드레시틴, 솔비탄아이소스테아레이트, 다이프로필렌글라이콜, 티몰트라이메톡시신나메이트, 글루코노락톤, 글루코오스, 토코페롤, 달맞이꽃오일, 하이드록시프로필비스팔미타마이드엠이에이, 만니톨, 카나우바왁스추출물, 아크릴레이트/암모늄메타크릴레이트코폴리머, 실리카, 아라키딕애씨드, 소목줄기가루, 콜레스테롤, 올레익애씨드"
아토베리어 365 하이드로 수딩크림 60ml,에스트라,"정제수, 프로판다이올, 글리세린, 페닐트라이메티콘, 메틸트라이메티콘, 1,2-헥산다이올, 트레할로오스, 다이카프릴릴카보네이트, 암모늄아크릴로일다이메틸타우레이트/브이피코폴리머, 하이드로제네이티드레시틴, 하이드로제네이티드폴리아이소부텐, 하이드록시에틸아크릴레이트/소듐아크릴로일다이메틸타우레이트코폴리머, 세테아릴알코올, 아크릴레이트/C10-30알킬아크릴레이트크로스폴리머, 글리세릴카프릴레이트, 글리세릴스테아레이트, 트로메타민, 다이소듐이디티에이, 에틸헥실글리세린, 스테아릭애씨드, 팔미틱애씨드, 폴리글리세릴-3메틸글루코오스다이스테아레이트, 솔비탄아이소스테아레이트, 만니톨, 알지닌, 세린, 수크로오스, 피씨에이, 시트룰린, 글라이코젠, 히스티딘에이치씨엘, 알라닌, 토코페롤, 하이드록시프로필비스팔미타마이드엠이에이, 트레오닌, 글루타믹애씨드, 미리스틱애씨드, 아라키딕애씨드, 라이신에이치씨엘, 아크릴레이트/암모늄메타크릴레이트코폴리머, 콜레스테롤, 실리카"
에이시카365 흔적진정세럼pH4.5 40ml,에스트라,"정제수, 글리세린, 부틸렌글라이콜, 다이프로필렌글라이콜, 베타인, 나이아신아마이드, 글루코노락톤, 1,2-헥산다이올, 다이에톡시에틸석시네이트, 트로메타민, 수크로오스스테아레이트, 스쿠알란, 하이드로제네이티드레시틴, 폴리글리세릴-10스테아레이트, 폴리글리세릴-10라우레이트, 카보머, 카프릴릴메티콘, 폴리아크릴레이트크로스폴리머-6, 에틸헥실글리세린, 콜레스테롤, 잔탄검, 아시아티코사이드, 마데카식애씨드, 아시아틱애씨드, 소듐하이알루로네이트, 셀룰로오스검, 3-O-에틸아스코빅애씨드, 징크피씨에이, 소듐글루코네이트, 글리세릴카프릴레이트, 마데카소사이드, 소듐트라이메타포스페이트"
에이시카 365 수분토너pH4.5 200ml,에스트라,"정제수, 부틸렌글라이콜, 글리세린, 나이아신아마이드, 1,2-헥산다이올, 글루코노락톤, 트로메타민, 잔탄검, 에틸헥실글리세린, 레시틴, 소듐메타포스페이트, 폴리글리세릴-10올리에이트, 소듐하이알루로네이트, 3-O-에틸아스코빅애씨드, 징크피씨에이, 폴리글리세릴-4카프레이트, 아시아티코사이드, 마데카식애씨드, 글리세릴카프릴레이트, 아시아틱애씨드, 마데카소사이드, 소듐트라이메타포스페이트, 프로필렌글라이콜, 토코페롤, 쌀겨오일"
NEW 테라크네365 나이아신아마이드5% 흔적 바디 미스트 200ml,에스트라,"정제수, 부틸렌글라이콜, 나이아신아마이드, 글리세린, 1,2-헥산다이올, 락토바실러스발효용해물, 트로메타민, 살리실릭애씨드, 프로판다이올, 알란토인, 글루코노락톤, 락틱애씨드, 에틸헥실글리세린, 폴리글리세릴-10라우레이트, 시트릭애씨드, 글라이콜릭애씨드, 마데카소사이드, 피토스핑고신, 징크클로라이드"
테라크네365 수딩 액티브 모이스처라이저 60ml,에스트라,"정제수, 부틸렌글라이콜, 카프릴릭/카프릭트라이글리세라이드, 나이아신아마이드, 아이소펜틸다이올, 세테아릴알코올, 다이메티콘, 폴리글리세릴-10스테아레이트, 베헤닐알코올, 카보머, 다이포타슘글리시리제이트, 포타슘하이드록사이드, 살리실릭애씨드, 다이소듐이디티에이, 에틸헥실글리세린, 소듐하이알루로네이트, 징크클로라이드, 토코페롤"
에이시카365 리페어 크림pH4.5 60ml,에스트라,"정제수, 글리세린, 부틸렌글라이콜, 에틸헥실스테아레이트, 나이아신아마이드, 1,2-헥산다이올, 다이메티콘, 다이에톡시에틸석시네이트, 글루코노락톤, 세테아릴올리베이트, 폴리아크릴레이트크로스폴리머-6, 판테놀, 폴리글리세릴-10베헤네이트/에이코사디오에이트, 폴리메틸실세스퀴옥세인, 솔비탄올리베이트, 하이드로제네이티드레시틴, 트로메타민, 세테아릴알코올, 하이드록시에틸아크릴레이트/소듐아크릴로일다이메틸타우레이트코폴리머, 소듐폴리아크릴로일다이메틸타우레이트, 아크릴레이트/C10-30알킬아크릴레이트크로스폴리머, 에틸헥실글리세린, 잔탄검, 세테아릴글루코사이드, 소듐글루코네이트, 아시아티코사이드, 솔비탄아이소스테아레이트, 마데카식애씨드, 아시아틱애씨드, 소듐하이알루로네이트, 3-O-에틸아스코빅애씨드, 징크피씨에이, 글리세릴카프릴레이트, 마데카소사이드, 소듐트라이메타포스페이트, 헥사펩타이드-9"
테라크네365 액티브 세럼 30ml,에스트라,"정제수, 부틸렌글라이콜, 글리세린, 변성알코올, 나이아신아마이드, 1,2-헥산다이올, 실리카, 다이에톡시에틸석시네이트, 해바라기씨오일, 하이드록시에틸아크릴레이트/소듐아크릴로일다이메틸타우레이트코폴리머, 암모늄아크릴로일다이메틸타우레이트/브이피코폴리머, 트로메타민, 살리실릭애씨드, 잔탄검, 다이포타슘글리시리제이트, 글리세릴카프릴레이트, 락틱애씨드, 다이소듐이디티에이, 멘톡시프로판다이올, 에틸헥실글리세린, 솔비탄아이소스테아레이트, 화이트루핀씨추출물, 시트릭애씨드, 징크클로라이드, 징크피씨에이, 글라이콜릭애씨드, 아시아티코사이드, 초피나무열매오일, 마데카식애씨드, 아시아틱애씨드, 토코페롤"
에이시카365 쿨링팩패드pH4.5 110ml,에스트라,"정제수, 부틸렌글라이콜, 글리세린, 나이아신아마이드, 1,2-헥산다이올, 글루코노락톤, 트로메타민, 잔탄검, 에틸헥실글리세린, 레시틴, 소듐메타포스페이트, 폴리글리세릴-10올리에이트, 매실추출물, 소듐하이알루로네이트, 3-O-에틸아스코빅애씨드, 징크피씨에이, 폴리글리세릴-4카프레이트, 아시아티코사이드, 마데카식애씨드, 글리세릴카프릴레이트, 아시아틱애씨드, 마데카소사이드, 소듐트라이메타포스페이트, 토코페롤, 쌀겨오일"
테라크네365 하이드로 액티브 토너 200ml,에스트라,"정제수, 부틸렌글라이콜, 글리세린, 나이아신아마이드, 아이소펜틸다이올, 베타인, 판테놀, 알란토인, 다이포타슘글리시리제이트, 잔탄검, 다이소듐이디티에이, 에틸헥실글리세린, 셀룰로오스검, 살리실릭애씨드, 징크클로라이드, 토코페롤"
NEW 리제덤365 레티노이드 아이세럼 15ml,에스트라,"정제수, 부틸렌글라이콜, 글리세린, 다이메티콘, 나이아신아마이드, 에틸헥실스테아레이트, 1,2-헥산다이올, 하이드록시에틸아크릴레이트/소듐아크릴로일다이메틸타우레이트코폴리머, 세테아릴알코올, 베타인, 판테놀, 글리세릴폴리메타크릴레이트, 소듐하이알루로네이트, 글리세릴스테아레이트, 아크릴레이트/C10-30알킬아크릴레이트크로스폴리머, 다이메티콘/비닐다이메티콘크로스폴리머, 다이메티콘올, 하이드로제네이티드레시틴, 셀룰로오스검, 글리세릴카프릴레이트, 글루코실헤스페리딘, 스테아릭애씨드, 트로메타민, 폴리글리세릴-3메틸글루코오스다이스테아레이트, 팔미틱애씨드, 솔비탄아이소스테아레이트, 에틸헥실글리세린, 다이메틸아이소소바이드, 아데노신, 소듐폴리아크릴레이트, 소듐메타포스페이트, 폴리글리세릴-6카프릴레이트, 하이드록시프로필비스팔미타마이드엠이에이, 만니톨, 하이드록시피나콜론레티노에이트(50 ppm), 미리스틱애씨드, 3-O-에틸아스코빅애씨드, 아크릴레이트/암모늄메타크릴레이트코폴리머, 라우릭애씨드, 티몰트라이메톡시신나메이트, 콜레스테롤, 실리카, 올레아놀릭애씨드, 카프릴릴글라이콜, 풀루란, 아세틸헵타펩타이드-4, 제인, 펙틴, 아세틸헥사펩타이드-8, 하이드롤라이즈드익스텐신, 호호바씨오일, 소듐하이드록사이드, 폴리글리세릴-10라우레이트, 아세틸옥타펩타이드-3, 시트릭애씨드"
리제덤365 밀도탄력 캡슐크림 50ml,에스트라,"정제수, 락토바실러스발효용해물, 부틸렌글라이콜, 글리세린, 다이메티콘, 프로판다이올, 세틸에틸헥사노에이트, 나이아신아마이드, 하이드로제네이티드폴리(C6-14올레핀), 다이카프릴릴카보네이트, 비스-하이드록시에톡시프로필다이메티콘, 1,2-헥산다이올, C14-22알코올, 암모늄아크릴로일다이메틸타우레이트/브이피코폴리머, 세테아릴올리베이트, 스테아릭애씨드, 아라키딜알코올, 글리세릴스테아레이트, 세테아릴알코올, 솔비탄올리베이트, 폴리아크릴레이트-13, 하이드록시프로필비스팔미타마이드엠이에이, 베헤닐알코올, 만니톨, 팔미틱애씨드, C12-20알킬글루코사이드, 아라키딜글루코사이드, 소듐스테아로일글루타메이트, 하이드로제네이티드폴리아이소부텐, 글리세릴카프릴레이트, 에틸헥실글리세린, 다이소듐이디티에이, 아데노신, 아크릴레이트/암모늄메타크릴레이트코폴리머, 폴리글리세릴-10라우레이트, 에틸헥실팔미테이트, 카보머, 솔비탄아이소스테아레이트, 덱스트린, 카카오추출물, 티몰트라이메톡시신나메이트, 콜레스테롤, 실리카, 올레아놀릭애씨드, 3-O-에틸아스코빅애씨드, 토코페롤, 하이드롤라이즈드익스텐신, 호호바씨오일, 하이드로제네이티드레시틴"
NEW 더마UV365 비타C 광채수분 선크림 SPF50+ PA++++ 40ml,에스트라,"정제수, 비스-에칠헥실옥시페놀메톡시페닐트리아진, 다이부틸아디페이트, 다이에틸헥실석시네이트, 에칠헥실트리아존, 디에칠아미노하이드록시벤조일헥실벤조에이트, 프로판다이올, 폴리실리콘-15, 나이아신아마이드, 1,2-헥산다이올, 실리카, 페닐트라이메티콘, 베헤닐알코올, 글리세릴스테아레이트에스이, 아크릴레이트/C10-30알킬아크릴레이트크로스폴리머, 트로메타민, 알란토인, 소듐메틸스테아로일타우레이트, 암모늄폴리아크릴로일다이메틸타우레이트, 폴리글리세릴-3메틸글루코오스다이스테아레이트, 글리세릴카프릴레이트, 에틸헥실글리세린, 아데노신, 소듐메타포스페이트, 아스코빌테트라이소팔미테이트(100ppm), 세라마이드엔피, 하이드롤라이즈드하이알루로닉애씨드, 토코페롤"
더마UV365 레드진정 톤업 선크림 SPF 50+/ PA++++ 40ML,에스트라,"정제수, 부틸렌글라이콜, 글리세린, 디에칠아미노하이드록시벤조일헥실벤조에이트, 호모살레이트, 에칠헥실살리실레이트, 메틸트라이메티콘, 부틸옥틸살리실레이트, 티타늄디옥사이드, C12-15알킬벤조에이트, 비스-에칠헥실옥시페놀메톡시페닐트리아진, 폴리실리콘-15, 티타늄디옥사이드 (CI 77891), 1,2-헥산다이올, 세테아릴알코올, 실리카, 폴리C10-30알킬아크릴레이트, 하이드록시에틸아크릴레이트/소듐아크릴로일다이메틸타우레이트코폴리머, 알루미늄스테아레이트, 알루미나, 스테아릭애씨드, 폴리하이드록시스테아릭애씨드, 아크릴레이트/C10-30알킬아크릴레이트크로스폴리머, 알란토인, 글리세릴스테아레이트, 하이드로제네이티드레시틴, 카프릴릴글라이콜, 에틸헥실글리세린, 트로메타민, 알루미늄하이드록사이드, 폴리글리세릴-3메틸글루코오스다이스테아레이트, 팔미틱애씨드, 다이소듐이디티에이, 트라이에톡시카프릴릴실레인, 솔비탄아이소스테아레이트, 적색산화철, 하이드롤라이즈드하이알루로닉애씨드, 세라마이드엔피, 황색산화철, 미리스틱애씨드, 라우릭애씨드, 토코페롤"
아토베리어365 크림 150ml*2개 대용량 홀리데이 에디션,에스트라,"정제수, 부틸렌글라이콜, 글리세린, 부틸렌글라이콜다이카프릴레이트/다이카프레이트, 세틸에틸헥사노에이트, 스쿠알란, 펜타에리스리틸테트라아이소스테아레이트, 다이카프릴릴카보네이트, 베헤닐알코올, 다이메티콘, 하이드록시프로필비스팔미타마이드엠이에이, 스테아릭애씨드, 베타인, 만니톨, C14-22알코올, 팔미틱애씨드, 하이드록시프로필비스라우라마이드엠이에이, 아라키딜알코올, 콜레스테롤, 폴리아크릴레이트-13, C12-20알킬글루코사이드, 알란토인, 아라키딜글루코사이드, 나이아신아마이드, 세라마이드엔피, 글리세릴카프릴레이트, 에틸헥실글리세린, 하이드로제네이티드폴리아이소부텐, 카보머, 트로메타민, 다이메티콘올, 폴리글리세릴-10라우레이트, 하이드로제네이티드레시틴, 에틸헥실팔미테이트, 아크릴레이트/암모늄메타크릴레이트코폴리머, 솔비탄아이소스테아레이트, 실리카, 피토스핑고신, 스핑고리피드, 아라키딕애씨드, 토코페롤, 올레익애씨드"
아토베리어365 크림 150ml 홀리데이 에디션,에스트라,"정제수, 부틸렌글라이콜, 글리세린, 부틸렌글라이콜다이카프릴레이트/다이카프레이트, 세틸에틸헥사노에이트, 스쿠알란, 펜타에리스리틸테트라아이소스테아레이트, 다이카프릴릴카보네이트, 베헤닐알코올, 다이메티콘, 하이드록시프로필비스팔미타마이드엠이에이, 스테아릭애씨드, 베타인, 만니톨, C14-22알코올, 팔미틱애씨드, 하이드록시프로필비스라우라마이드엠이에이, 아라키딜알코올, 콜레스테롤, 폴리아크릴레이트-13, C12-20알킬글루코사이드, 알란토인, 아라키딜글루코사이드, 나이아신아마이드, 세라마이드엔피, 글리세릴카프릴레이트, 에틸헥실글리세린, 하이드로제네이티드폴리아이소부텐, 카보머, 트로메타민, 다이메티콘올, 폴리글리세릴-10라우레이트, 하이드로제네이티드레시틴, 에틸헥실팔미테이트, 아크릴레이트/암모늄메타크릴레이트코폴리머, 솔비탄아이소스테아레이트, 실리카, 피토스핑고신, 스핑고리피드, 아라키딕애씨드, 토코페롤, 올레익애씨드"
리제덤365 모공탄력 캡슐세럼 30ml*2개 + 월리 우프 무드등,에스트라,"정제수, 부틸렌글라이콜, 나이아신아마이드, 글리세린, 다이메티콘, 1,2-헥산다이올, 하이드로제네이티드폴리데센, 스테아릭애씨드, 하이드록시프로필비스팔미타마이드엠이에이, 만니톨, 다이메티콘/비닐다이메티콘크로스폴리머, 폴리메틸메타크릴레이트, 카보머, 티몰트라이메톡시신나메이트, 소듐하이알루로네이트, 잔탄검, 글리세릴카프릴레이트, 소듐스테아로일글루타메이트, 소듐폴리아크릴로일다이메틸타우레이트, 아크릴레이트/암모늄메타크릴레이트코폴리머, 다이소듐이디티에이, 에틸헥실글리세린, 아데노신, 트로메타민, 콜레스테롤, 덱스트린, 카카오추출물, 실리카, 올레아놀릭애씨드, 3-O-에틸아스코빅애씨드, 하이드롤라이즈드익스텐신, 호호바씨오일, 폴리글리세릴-10라우레이트, 토코페롤, 하이드로제네이티드레시틴"
아토베리어365 크림 80ml*3개 + 월리 우프 무드등,에스트라,"정제수, 부틸렌글라이콜, 글리세린, 부틸렌글라이콜다이카프릴레이트/다이카프레이트, 세틸에틸헥사노에이트, 스쿠알란, 펜타에리스리틸테트라아이소스테아레이트, 다이카프릴릴카보네이트, 베헤닐알코올, 다이메티콘, 하이드록시프로필비스팔미타마이드엠이에이, 스테아릭애씨드, 베타인, 만니톨, C14-22알코올, 팔미틱애씨드, 하이드록시프로필비스라우라마이드엠이에이, 아라키딜알코올, 콜레스테롤, 폴리아크릴레이트-13, C12-20알킬글루코사이드, 알란토인, 아라키딜글루코사이드, 나이아신아마이드, 세라마이드엔피, 글리세릴카프릴레이트, 에틸헥실글리세린, 하이드로제네이티드폴리아이소부텐, 카보머, 트로메타민, 다이메티콘올, 폴리글리세릴-10라우레이트, 하이드로제네이티드레시틴, 에틸헥실팔미테이트, 아크릴레이트/암모늄메타크릴레이트코폴리머, 솔비탄아이소스테아레이트, 실리카, 피토스핑고신, 스핑고리피드, 아라키딕애씨드, 토코페롤, 올레익애씨드"
에이시카365 흔적진정세럼pH4.5 40ml 더블 세트,에스트라,"정제수, 글리세린, 부틸렌글라이콜, 다이프로필렌글라이콜, 베타인, 나이아신아마이드, 글루코노락톤, 1,2-헥산다이올, 다이에톡시에틸석시네이트, 트로메타민, 수크로오스스테아레이트, 스쿠알란, 하이드로제네이티드레시틴, 폴리글리세릴-10스테아레이트, 폴리글리세릴-10라우레이트, 카보머, 카프릴릴메티콘, 폴리아크릴레이트크로스폴리머-6, 에틸헥실글리세린, 콜레스테롤, 잔탄검, 아시아티코사이드, 마데카식애씨드, 아시아틱애씨드, 소듐하이알루로네이트, 셀룰로오스검, 3-O-에틸아스코빅애씨드, 징크피씨에이, 소듐글루코네이트, 글리세릴카프릴레이트, 마데카소사이드, 소듐트라이메타포스페이트"
아토베리어365 로션 150ml 더블 세트,에스트라,"정제수, 부틸렌글라이콜, 글리세린, 다이메티콘, 스쿠알란, 펜타에리스리틸테트라아이소스테아레이트, 베타인, 폴리글리세릴-3메틸글루코오스다이스테아레이트, 부틸렌글라이콜다이카프릴레이트/다이카프레이트, 카프릴릭/카프릭트라이글리세라이드, 팔미틱애씨드, 1,2-헥산다이올, 스테아릭애씨드, 하이드록시에틸아크릴레이트/소듐아크릴로일다이메틸타우레이트코폴리머, 글리세릴스테아레이트, 하이드록시프로필비스팔미타마이드엠이에이, 글리세릴스테아레이트시트레이트, 콜레스테롤, 나이아신아마이드, 다이메티콘올, 하이드록시프로필비스라우라마이드엠이에이, 베헤닐알코올, 글리세릴카프릴레이트, 카보머, 다이소듐이디티에이, 에틸헥실글리세린, 트로메타민, 솔비탄아이소스테아레이트, 피토스핑고신, 만니톨, 세라마이드엔피, 토코페롤, 하이드로제네이티드레시틴, 아크릴레이트/암모늄메타크릴레이트코폴리머, 실리카, 스핑고리피드, 아라키딕애씨드, 올레익애씨드"
아토베리어365 크림 80ml+세라-히알 속수분 앰플 30ml 더블 세트,에스트라,"[크림] 정제수, 부틸렌글라이콜, 글리세린, 부틸렌글라이콜다이카프릴레이트/다이카프레이트, 세틸에틸헥사노에이트, 스쿠알란, 펜타에리스리틸테트라아이소스테아레이트, 다이카프릴릴카보네이트, 베헤닐알코올, 다이메티콘, 하이드록시프로필비스팔미타마이드엠이에이, 스테아릭애씨드, 베타인, 만니톨, C14-22알코올, 팔미틱애씨드, 하이드록시프로필비스라우라마이드엠이에이, 아라키딜알코올, 콜레스테롤, 폴리아크릴레이트-13, C12-20알킬글루코사이드, 알란토인, 아라키딜글루코사이드, 나이아신아마이드, 세라마이드엔피, 글리세릴카프릴레이트, 에틸헥실글리세린, 하이드로제네이티드폴리아이소부텐, 카보머, 트로메타민, 다이메티콘올, 폴리글리세릴-10라우레이트, 하이드로제네이티드레시틴, 에틸헥실팔미테이트, 아크릴레이트/암모늄메타크릴레이트코폴리머, 솔비탄아이소스테아레이트, 실리카, 피토스핑고신, 스핑고리피드, 아라키딕애씨드, 토코페롤, 올레익애씨드 [앰플] 정제수, 부틸렌글라이콜, 글리세린, 나이아신아마이드, 1,2-헥산다이올, 베타인, 판테놀, 카보머, 에틸헥실글리세린, 소듐하이알루로네이트(1001 ppm),3-O-에틸아스코빅애씨드, 셀룰로오스검, 트로메타민, 소듐트라이메타포스페이트, 다이포타슘글리시리제이트, 프로판다이올, 아데노신, 하이드록시프로필비스팔미타마이드엠이에이(210 ppm), 소듐메타포스페이트, 글리세릴카프릴레이트, 포타슘하이드록사이드, 소듐락테이트, 바이오사카라이드검-1, 카프릴릭/카프릭트라이글리세라이드, 펜틸렌글라이콜, 시트릭애씨드, 하이드록시에틸우레아, 폴리글리세릴-10스테아레이트, 콜레스테롤, 프로필렌글라이콜, 포타슘세틸포스페이트, 토코페롤, 세라마이드엔피(0.75 ppm), 만니톨, 스테아릭애씨드, 실리카, 아크릴레이트/암모늄메타크릴레이트코폴리머, 하이드로제네이티드레시틴, 팔미틱애씨드, 올레익애씨드, 아라키딕애씨드, 스핑고리피드"
아토베리어365 크림 80ml 더블 세트,에스트라,"정제수, 부틸렌글라이콜, 글리세린, 부틸렌글라이콜다이카프릴레이트/다이카프레이트, 세틸에틸헥사노에이트, 스쿠알란, 펜타에리스리틸테트라아이소스테아레이트, 다이카프릴릴카보네이트, 베헤닐알코올, 다이메티콘, 하이드록시프로필비스팔미타마이드엠이에이, 스테아릭애씨드, 베타인, 만니톨, C14-22알코올, 팔미틱애씨드, 하이드록시프로필비스라우라마이드엠이에이, 아라키딜알코올, 콜레스테롤, 폴리아크릴레이트-13, C12-20알킬글루코사이드, 알란토인, 아라키딜글루코사이드, 나이아신아마이드, 세라마이드엔피, 글리세릴카프릴레이트, 에틸헥실글리세린, 하이드로제네이티드폴리아이소부텐, 카보머, 트로메타민, 다이메티콘올, 폴리글리세릴-10라우레이트, 하이드로제네이티드레시틴, 에틸헥실팔미테이트, 아크릴레이트/암모늄메타크릴레이트코폴리머, 솔비탄아이소스테아레이트, 실리카, 피토스핑고신, 스핑고리피드, 아라키딕애씨드, 토코페롤, 올레익애씨드"
테라크네365 액티브 세럼 30ml*2,에스트라,"정제수, 부틸렌글라이콜, 글리세린, 변성알코올, 나이아신아마이드, 1,2-헥산다이올, 실리카, 다이에톡시에틸석시네이트, 해바라기씨오일, 하이드록시에틸아크릴레이트/소듐아크릴로일다이메틸타우레이트코폴리머, 암모늄아크릴로일다이메틸타우레이트/브이피코폴리머, 트로메타민, 살리실릭애씨드, 잔탄검, 다이포타슘글리시리제이트, 글리세릴카프릴레이트, 락틱애씨드, 다이소듐이디티에이, 멘톡시프로판다이올, 에틸헥실글리세린, 솔비탄아이소스테아레이트, 화이트루핀씨추출물, 시트릭애씨드, 징크클로라이드, 징크피씨에이, 글라이콜릭애씨드, 아시아티코사이드, 초피나무열매오일, 마데카식애씨드, 아시아틱애씨드, 토코페롤"
테라크네 365 바디미스트 200ml,에스트라,"정제수, 부틸렌글라이콜, 나이아신아마이드, 글리세린, 1,2-헥산다이올, 락토바실러스발효용해물, 트로메타민, 살리실릭애씨드, 프로판다이올, 알란토인, 글루코노락톤, 락틱애씨드, 에틸헥실글리세린, 폴리글리세릴-10라우레이트, 시트릭애씨드, 글라이콜릭애씨드, 마데카소사이드, 피토스핑고신, 징크클로라이드"
에이시카365 쿨링팩 패드pH4.5 110ml,에스트라,"정제수, 부틸렌글라이콜, 글리세린, 나이아신아마이드, 1,2-헥산다이올, 글루코노락톤, 트로메타민, 잔탄검, 에틸헥실글리세린, 레시틴, 소듐메타포스페이트, 폴리글리세릴-10올리에이트, 매실추출물, 소듐하이알루로네이트, 3-O-에틸아스코빅애씨드, 징크피씨에이, 폴리글리세릴-4카프레이트, 아시아티코사이드, 마데카식애씨드, 글리세릴카프릴레이트, 아시아틱애씨드, 마데카소사이드, 소듐트라이메타포스페이트, 토코페롤, 쌀겨오일"
NEW 더마UV365 비타C 광채수분 선크림 40mlX2개 SPF50+ PA++++,에스트라,"정제수, 비스-에칠헥실옥시페놀메톡시페닐트리아진, 다이부틸아디페이트, 다이에틸헥실석시네이트, 에칠헥실트리아존, 디에칠아미노하이드록시벤조일헥실벤조에이트, 프로판다이올, 폴리실리콘-15, 나이아신아마이드, 1,2-헥산다이올, 실리카, 페닐트라이메티콘, 베헤닐알코올, 글리세릴스테아레이트에스이, 아크릴레이트/C10-30알킬아크릴레이트크로스폴리머, 트로메타민, 알란토인, 소듐메틸스테아로일타우레이트, 암모늄폴리아크릴로일다이메틸타우레이트, 폴리글리세릴-3메틸글루코오스다이스테아레이트, 글리세릴카프릴레이트, 에틸헥실글리세린, 아데노신, 소듐메타포스페이트, 아스코빌테트라이소팔미테이트(100ppm), 세라마이드엔피, 하이드롤라이즈드하이알루로닉애씨드, 토코페롤"
에이시카365 수분토너pH4.5 200ml*2,에스트라,"정제수, 부틸렌글라이콜, 글리세린, 나이아신아마이드, 1,2-헥산다이올, 글루코노락톤, 트로메타민, 잔탄검, 에틸헥실글리세린, 레시틴, 소듐메타포스페이트, 폴리글리세릴-10올리에이트, 소듐하이알루로네이트, 3-O-에틸아스코빅애씨드, 징크피씨에이, 폴리글리세릴-4카프레이트, 아시아티코사이드, 마데카식애씨드, 글리세릴카프릴레이트, 아시아틱애씨드, 마데카소사이드, 소듐트라이메타포스페이트, 프로필렌글라이콜, 토코페롤, 쌀겨오일"
에이시카365 리페어 크림pH4.5 60ml*2,에스트라,"정제수, 글리세린, 부틸렌글라이콜, 에틸헥실스테아레이트, 나이아신아마이드, 1,2-헥산다이올, 다이메티콘, 다이에톡시에틸석시네이트, 글루코노락톤, 세테아릴올리베이트, 폴리아크릴레이트크로스폴리머-6, 판테놀, 폴리글리세릴-10베헤네이트/에이코사디오에이트, 폴리메틸실세스퀴옥세인, 솔비탄올리베이트, 하이드로제네이티드레시틴, 트로메타민, 세테아릴알코올, 하이드록시에틸아크릴레이트/소듐아크릴로일다이메틸타우레이트코폴리머, 소듐폴리아크릴로일다이메틸타우레이트, 아크릴레이트/C10-30알킬아크릴레이트크로스폴리머, 에틸헥실글리세린, 잔탄검, 세테아릴글루코사이드, 소듐글루코네이트, 아시아티코사이드, 솔비탄아이소스테아레이트, 마데카식애씨드, 아시아틱애씨드, 소듐하이알루로네이트, 3-O-에틸아스코빅애씨드, 징크피씨에이, 글리세릴카프릴레이트, 마데카소사이드, 소듐트라이메타포스페이트, 헥사펩타이드-9"
에이시카 365 수분토너pH4.5+에이시카 365 흔적진정세럼pH4.5,에스트라,"[세럼]정제수, 글리세린, 부틸렌글라이콜, 다이프로필렌글라이콜, 베타인, 나이아신아마이드, 글루코노락톤, 1,2-헥산다이올, 다이에톡시에틸석시네이트, 트로메타민, 수크로오스스테아레이트, 스쿠알란, 하이드로제네이티드레시틴, 폴리글리세릴-10스테아레이트, 폴리글리세릴-10라우레이트, 카보머, 카프릴릴메티콘, 폴리아크릴레이트크로스폴리머-6, 에틸헥실글리세린, 콜레스테롤, 잔탄검, 아시아티코사이드, 마데카식애씨드, 아시아틱애씨드, 소듐하이알루로네이트, 셀룰로오스검, 3-O-에틸아스코빅애씨드, 징크피씨에이, 소듐글루코네이트, 글리세릴카프릴레이트, 마데카소사이드, 소듐트라이메타포스페이트 [토너]정제수, 부틸렌글라이콜, 글리세린, 나이아신아마이드, 1,2-헥산다이올, 글루코노락톤, 트로메타민, 잔탄검, 에틸헥실글리세린, 레시틴, 소듐메타포스페이트, 폴리글리세릴-10올리에이트, 소듐하이알루로네이트, 3-O-에틸아스코빅애씨드, 징크피씨에이, 폴리글리세릴-4카프레이트, 아시아티코사이드, 마데카식애씨드, 글리세릴카프릴레이트, 아시아틱애씨드, 마데카소사이드, 소듐트라이메타포스페이트, 프로필렌글라이콜, 토코페롤, 쌀겨오일"
리제덤365 밀도탄력 캡슐크림 50ml*2개,에스트라,"정제수, 락토바실러스발효용해물, 부틸렌글라이콜, 글리세린, 다이메티콘, 프로판다이올, 세틸에틸헥사노에이트, 나이아신아마이드, 하이드로제네이티드폴리(C6-14올레핀), 다이카프릴릴카보네이트, 비스-하이드록시에톡시프로필다이메티콘, 1,2-헥산다이올, C14-22알코올, 암모늄아크릴로일다이메틸타우레이트/브이피코폴리머, 세테아릴올리베이트, 스테아릭애씨드, 아라키딜알코올, 글리세릴스테아레이트, 세테아릴알코올, 솔비탄올리베이트, 폴리아크릴레이트-13, 하이드록시프로필비스팔미타마이드엠이에이, 베헤닐알코올, 만니톨, 팔미틱애씨드, C12-20알킬글루코사이드, 아라키딜글루코사이드, 소듐스테아로일글루타메이트, 하이드로제네이티드폴리아이소부텐, 글리세릴카프릴레이트, 에틸헥실글리세린, 다이소듐이디티에이, 아데노신, 아크릴레이트/암모늄메타크릴레이트코폴리머, 폴리글리세릴-10라우레이트, 에틸헥실팔미테이트, 카보머, 솔비탄아이소스테아레이트, 덱스트린, 카카오추출물, 티몰트라이메톡시신나메이트, 콜레스테롤, 실리카, 올레아놀릭애씨드, 3-O-에틸아스코빅애씨드, 토코페롤, 하이드롤라이즈드익스텐신, 호호바씨오일, 하이드로제네이티드레시틴"
리제덤365 레티노이드 아이세럼 15ml*2개,에스트라,"정제수, 부틸렌글라이콜, 글리세린, 다이메티콘, 나이아신아마이드, 에틸헥실스테아레이트, 1,2-헥산다이올, 하이드록시에틸아크릴레이트/소듐아크릴로일다이메틸타우레이트코폴리머, 세테아릴알코올, 베타인, 판테놀, 글리세릴폴리메타크릴레이트, 소듐하이알루로네이트, 글리세릴스테아레이트, 아크릴레이트/C10-30알킬아크릴레이트크로스폴리머, 다이메티콘/비닐다이메티콘크로스폴리머, 다이메티콘올, 하이드로제네이티드레시틴, 셀룰로오스검, 글리세릴카프릴레이트, 글루코실헤스페리딘, 스테아릭애씨드, 트로메타민, 폴리글리세릴-3메틸글루코오스다이스테아레이트, 팔미틱애씨드, 솔비탄아이소스테아레이트, 에틸헥실글리세린, 다이메틸아이소소바이드, 아데노신, 소듐폴리아크릴레이트, 소듐메타포스페이트, 폴리글리세릴-6카프릴레이트, 하이드록시프로필비스팔미타마이드엠이에이, 만니톨, 하이드록시피나콜론레티노에이트(50 ppm), 미리스틱애씨드, 3-O-에틸아스코빅애씨드, 아크릴레이트/암모늄메타크릴레이트코폴리머, 라우릭애씨드, 티몰트라이메톡시신나메이트, 콜레스테롤, 실리카, 올레아놀릭애씨드, 카프릴릴글라이콜, 풀루란, 아세틸헵타펩타이드-4, 제인, 펙틴, 아세틸헥사펩타이드-8, 하이드롤라이즈드익스텐신, 호호바씨오일, 소듐하이드록사이드, 폴리글리세릴-10라우레이트, 아세틸옥타펩타이드-3, 시트릭애씨드"
아토베리어365 세라-히알 속수분 앰플 30ml*2개,에스트라,"정제수, 부틸렌글라이콜, 글리세린, 나이아신아마이드, 1,2-헥산다이올, 베타인, 판테놀, 카보머, 에틸헥실글리세린, 소듐하이알루로네이트(1001 ppm),3-O-에틸아스코빅애씨드, 셀룰로오스검, 트로메타민, 소듐트라이메타포스페이트, 다이포타슘글리시리제이트, 프로판다이올, 아데노신, 하이드록시프로필비스팔미타마이드엠이에이(210 ppm), 소듐메타포스페이트, 글리세릴카프릴레이트, 포타슘하이드록사이드, 소듐락테이트, 바이오사카라이드검-1, 카프릴릭/카프릭트라이글리세라이드, 펜틸렌글라이콜, 시트릭애씨드, 하이드록시에틸우레아, 폴리글리세릴-10스테아레이트, 콜레스테롤, 프로필렌글라이콜, 포타슘세틸포스페이트, 토코페롤, 세라마이드엔피(0.75 ppm), 만니톨, 스테아릭애씨드, 실리카, 아크릴레이트/암모늄메타크릴레이트코폴리머, 하이드로제네이티드레시틴, 팔미틱애씨드, 올레익애씨드, 아라키딕애씨드, 스핑고리피드"
아토베리어365 크림 80ml+리제덤365 모공탄력 캡슐세럼 30ml,에스트라,"[리제덤365 모공탄력 캡슐세럼] 정제수, 부틸렌글라이콜, 나이아신아마이드, 글리세린, 다이메티콘, 1,2-헥산다이올, 하이드로제네이티드폴리데센, 스테아릭애씨드, 하이드록시프로필비스팔미타마이드엠이에이, 만니톨, 다이메티콘/비닐다이메티콘크로스폴리머, 폴리메틸메타크릴레이트, 카보머, 티몰트라이메톡시신나메이트, 소듐하이알루로네이트, 잔탄검, 글리세릴카프릴레이트, 소듐스테아로일글루타메이트, 소듐폴리아크릴로일다이메틸타우레이트, 아크릴레이트/암모늄메타크릴레이트코폴리머, 다이소듐이디티에이, 에틸헥실글리세린, 아데노신, 트로메타민, 콜레스테롤, 덱스트린, 카카오추출물, 실리카, 올레아놀릭애씨드, 3-O-에틸아스코빅애씨드, 하이드롤라이즈드익스텐신, 호호바씨오일, 폴리글리세릴-10라우레이트, 토코페롤, 하이드로제네이티드레시틴 [크림] [아토베리어365 크림] 정제수, 부틸렌글라이콜, 글리세린, 부틸렌글라이콜다이카프릴레이트/다이카프레이트, 세틸에틸헥사노에이트, 스쿠알란, 펜타에리스리틸테트라아이소스테아레이트, 다이카프릴릴카보네이트, 베헤닐알코올, 다이메티콘, 하이드록시프로필비스팔미타마이드엠이에이, 스테아릭애씨드, 베타인, 만니톨, C14-22알코올, 팔미틱애씨드, 하이드록시프로필비스라우라마이드엠이에이, 아라키딜알코올, 콜레스테롤, 폴리아크릴레이트-13, C12-20알킬글루코사이드, 알란토인, 아라키딜글루코사이드, 나이아신아마이드, 세라마이드엔피, 글리세릴카프릴레이트, 에틸헥실글리세린, 하이드로제네이티드폴리아이소부텐, 카보머, 트로메타민, 다이메티콘올, 폴리글리세릴-10라우레이트, 하이드로제네이티드레시틴, 에틸헥실팔미테이트, 아크릴레이트/암모늄메타크릴레이트코폴리머, 솔비탄아이소스테아레이트, 실리카, 피토스핑고신, 스핑고리피드, 아라키딕애씨드, 토코페롤, 올레익애씨드"
아토베리어365 바디크림 250mlX2개,에스트라,"정제수, 부틸렌글라이콜, 글리세린, 다이아이소스테아릴말레이트, 다이카프릴릴에터, 하이드로제네이티드폴리(C6-14올레핀), 베타인, 세틸에틸헥사노에이트, 메틸트라이메티콘, C14-22알코올, 세테아릴알코올, 글리세릴스테아레이트시트레이트, 1,2-헥산다이올, 스테아릭애씨드, 글리세릴폴리메타크릴레이트, 판테놀, 하이드록시에틸아크릴레이트/소듐아크릴로일다이메틸타우레이트코폴리머, 암모늄아크릴로일다이메틸타우레이트/브이피코폴리머, 글리세릴스테아레이트, 팔미틱애씨드, 아라키딜알코올, C12-20알킬글루코사이드, 아세틸글루코사민, 베헤닐알코올, 아라키딜글루코사이드, 에틸헥실글리세린, 세라마이드엔피, 다이소듐이디티에이, 하이드로제네이티드레시틴, 솔비탄아이소스테아레이트, 다이프로필렌글라이콜, 티몰트라이메톡시신나메이트, 글루코노락톤, 글루코오스, 토코페롤, 달맞이꽃오일, 하이드록시프로필비스팔미타마이드엠이에이, 만니톨, 카나우바왁스추출물, 아크릴레이트/암모늄메타크릴레이트코폴리머, 실리카, 아라키딕애씨드, 소목줄기가루, 콜레스테롤, 올레익애씨드"
리제덤365 모공탄력 캡슐세럼 30ml + 캡슐크림 50ml,에스트라,"[리제덤365 모공탄력 캡슐세럼] 정제수, 부틸렌글라이콜, 나이아신아마이드, 글리세린, 다이메티콘, 1,2-헥산다이올, 하이드로제네이티드폴리데센, 스테아릭애씨드, 하이드록시프로필비스팔미타마이드엠이에이, 만니톨, 다이메티콘/비닐다이메티콘크로스폴리머, 폴리메틸메타크릴레이트, 카보머, 티몰트라이메톡시신나메이트, 소듐하이알루로네이트, 잔탄검, 글리세릴카프릴레이트, 소듐스테아로일글루타메이트, 소듐폴리아크릴로일다이메틸타우레이트, 아크릴레이트/암모늄메타크릴레이트코폴리머, 다이소듐이디티에이, 에틸헥실글리세린, 아데노신, 트로메타민, 콜레스테롤, 덱스트린, 카카오추출물, 실리카, 올레아놀릭애씨드, 3-O-에틸아스코빅애씨드, 하이드롤라이즈드익스텐신, 호호바씨오일, 폴리글리세릴-10라우레이트, 토코페롤, 하이드로제네이티드레시틴 [리제덤365 밀도탄력 캡슐크림] 정제수, 락토바실러스발효용해물, 부틸렌글라이콜, 글리세린, 다이메티콘, 프로판다이올, 세틸에틸헥사노에이트, 나이아신아마이드, 하이드로제네이티드폴리(C6-14올레핀), 다이카프릴릴카보네이트, 비스-하이드록시에톡시프로필다이메티콘, 1,2-헥산다이올, C14-22알코올, 암모늄아크릴로일다이메틸타우레이트/브이피코폴리머, 세테아릴올리베이트, 스테아릭애씨드, 아라키딜알코올, 글리세릴스테아레이트, 세테아릴알코올, 솔비탄올리베이트, 폴리아크릴레이트-13, 하이드록시프로필비스팔미타마이드엠이에이, 베헤닐알코올, 만니톨, 팔미틱애씨드, C12-20알킬글루코사이드, 아라키딜글루코사이드, 소듐스테아로일글루타메이트, 하이드로제네이티드폴리아이소부텐, 글리세릴카프릴레이트, 에틸헥실글리세린, 다이소듐이디티에이, 아데노신, 아크릴레이트/암모늄메타크릴레이트코폴리머, 폴리글리세릴-10라우레이트, 에틸헥실팔미테이트, 카보머, 솔비탄아이소스테아레이트, 덱스트린, 카카오추출물, 티몰트라이메톡시신나메이트, 콜레스테롤, 실리카, 올레아놀릭애씨드, 3-O-에틸아스코빅애씨드, 토코페롤, 하이드롤라이즈드익스텐신, 호호바씨오일, 하이드로제네이티드레시틴"
아토베리어365 크림미스트 120mlX2개,에스트라,"정제수, 글리세린, 부틸렌글라이콜, 카프릴릭/카프릭트리글리세라이드, 하이드로제네이티드폴리(C6-14올레핀), 디메치콘, 세틸에칠헥사노에이트, 하이드록시프로필비스라우라마이드엠이에이, 1,2-헥산디올, 소듐서팩틴, 콜레스테롤, 글리세릴카프릴레이트, 디소듐이디티에이, 에칠헥실글리세린, 베헤닉애씨드, 토코페롤"
더마UV365 장벽수분 무기자차 선크림 40mlX2개 SPF50+ PA++++,에스트라,"정제수, 징크옥사이드, 사이클로헥사실록세인, 프로판다이올, 부틸옥틸살리실레이트, 프로필헵틸카프릴레이트, 아이소도데케인, 폴리글리세릴-3폴리다이메틸실록시에틸다이메티콘, 카프릴릴메티콘, 다이실록세인, 다이스테아다이모늄헥토라이트, 마그네슘설페이트, 트라이에톡시카프릴릴실레인, 1,2-헥산다이올, 폴리메틸실세스퀴옥세인, 폴리글리세릴-2다이폴리하이드록시스테아레이트, 라우릴폴리글리세릴-3폴리다이메틸실록시에틸다이메티콘, 알란토인, 카프릴릴글라이콜, 글리세릴카프릴레이트, 에틸헥실글리세린, 소듐하이알루로네이트, 세라마이드엔피, 토코페롤, 소듐아세틸레이티드하이알루로네이트, 하이드롤라이즈드하이알루로닉애씨드"
테라크네365 클리어 딥 클렌징 폼 200gX2개,에스트라,"글리세린, 정제수, 포타슘코코일글리시네이트, 소듐코코일글라이시네이트, 부틸렌글라이콜, 폴리글리세릴-10라우레이트, 다이소듐라우레스설포석시네이트, 글리세릴스테아레이트에스이, 시트릭애씨드, 글라이콜다이스테아레이트, 알란토인, 다이소듐이디티에이, 에틸헥실글리세린, 테트라소듐이디티에이, 소듐하이알루로네이트, 글루코노락톤, 토코페롤"
아토베리어365 하이드로 에센스 200ml,에스트라,"정제수, 부틸렌글라이콜, 글리세린, 스쿠알란, 1,2-헥산다이올, 아크릴레이트/C10-30알킬아크릴레이트크로스폴리머, 카보머, 트로메타민, 글리세릴카프릴레이트, 에틸헥실글리세린, 다이소듐이디티에이, 낫토검, 스테아릭애씨드, 하이드록시프로필비스팔미타마이드엠이에이, 만니톨, 피씨에이, 락틱애씨드, 글루코오스, 글라이신, 우레아, 소듐글리세로포스페이트, 세린, 글루타믹애씨드, 토코페롤, 아크릴레이트/암모늄메타크릴레이트코폴리머, 포타슘마그네슘아스파테이트, 아스파틱애씨드, 류신, 소듐클로라이드, 알라닌, 라이신, 알지닌, 칼슘글루코네이트, 마그네슘글루코네이트, 타이로신, 페닐알라닌, 프롤린, 트레오닌, 발린, 아이소류신, 시트릭애씨드, 콜레스테롤, 히스티딘, 실리카, 아세틸글루코사민, 크레아틴, 우릭애씨드, 시스테인, 메티오닌"
더마UV365 레드진정 톤업 선크림 40mlX2개 SPF50+ PA++++,에스트라,"정제수, 부틸렌글라이콜, 글리세린, 디에칠아미노하이드록시벤조일헥실벤조에이트, 호모살레이트, 에칠헥실살리실레이트, 메틸트라이메티콘, 부틸옥틸살리실레이트, 티타늄디옥사이드, C12-15알킬벤조에이트, 비스-에칠헥실옥시페놀메톡시페닐트리아진, 폴리실리콘-15, 티타늄디옥사이드 (CI 77891), 1,2-헥산다이올, 세테아릴알코올, 실리카, 폴리C10-30알킬아크릴레이트, 하이드록시에틸아크릴레이트/소듐아크릴로일다이메틸타우레이트코폴리머, 알루미늄스테아레이트, 알루미나, 스테아릭애씨드, 폴리하이드록시스테아릭애씨드, 아크릴레이트/C10-30알킬아크릴레이트크로스폴리머, 알란토인, 글리세릴스테아레이트, 하이드로제네이티드레시틴, 카프릴릴글라이콜, 에틸헥실글리세린, 트로메타민, 알루미늄하이드록사이드, 폴리글리세릴-3메틸글루코오스다이스테아레이트, 팔미틱애씨드, 다이소듐이디티에이, 트라이에톡시카프릴릴실레인, 솔비탄아이소스테아레이트, 적색산화철, 하이드롤라이즈드하이알루로닉애씨드, 세라마이드엔피, 황색산화철, 미리스틱애씨드, 라우릭애씨드, 토코페롤"
아토베리어365 버블클렌저 150mlX2개,에스트라,"정제수, 글리세린, 솔비톨, 프로판다이올, 코코-글루코사이드, 카프릴릴/카프릴글루코사이드, 다이소듐코코암포다이아세테이트, 다이소듐코코일글루타메이트, 소듐클로라이드, 시트릭애씨드, 글리세릴카프릴레이트, 다이소듐이디티에이, 에틸헥실글리세린, 부틸렌글라이콜, 토코페롤, 녹차추출물"
아토베리어365바디로션 400mlX2개,에스트라,"정제수, 부틸렌글라이콜, 글리세린, 프로판다이올, 펜타에리스리틸테트라에틸헥사노에이트, 하이드로제네이티드폴리(C6-14올레핀), 1,2-헥산다이올, 페닐트라이메티콘, 비스-하이드록시에톡시프로필다이메티콘, 합성왁스, C14-22알코올, 식물성스쿠알란, 세테아릴알코올, 하이드록시프로필스타치포스페이트, 잔탄검, 글리세릴스테아레이트, 하이드로제네이티드레시틴, 아크릴레이트/C10-30알킬아크릴레이트크로스폴리머, C12-20알킬글루코사이드, 아세틸글루코사민, 스테아릭애씨드, 글리세릴스테아레이트시트레이트, 하이드로제네이티드식물성오일, 글리세릴카프릴레이트, 트로메타민, 판테놀, 폴리글리세릴-10스테아레이트, 팔미틱애씨드, 에틸헥실글리세린, 다이소듐이디티에이, 글루코노락톤, 폴리글리세릴-3메틸글루코오스다이스테아레이트, 카보머, 티몰트라이메톡시신나메이트, 콜레스테롤, 세라마이드엔피, 글루코오스, 달맞이꽃오일, 하이드록시프로필비스팔미타마이드엠이에이, 만니톨, 미리스틱애씨드, 라우릭애씨드, 토코페롤, 카나우바왁스추출물, 아크릴레이트/암모늄메타크릴레이트코폴리머, 실리카, 아라키딕애씨드, 소목줄기가루, 올레익애씨드"
아토베리어365 하이드로 수딩크림 60mlX2개,에스트라,"정제수, 프로판다이올, 글리세린, 페닐트라이메티콘, 메틸트라이메티콘, 1,2-헥산다이올, 트레할로오스, 다이카프릴릴카보네이트, 암모늄아크릴로일다이메틸타우레이트/브이피코폴리머, 하이드로제네이티드레시틴, 하이드로제네이티드폴리아이소부텐, 하이드록시에틸아크릴레이트/소듐아크릴로일다이메틸타우레이트코폴리머, 세테아릴알코올, 아크릴레이트/C10-30알킬아크릴레이트크로스폴리머, 글리세릴카프릴레이트, 글리세릴스테아레이트, 트로메타민, 다이소듐이디티에이, 에틸헥실글리세린, 스테아릭애씨드, 팔미틱애씨드, 폴리글리세릴-3메틸글루코오스다이스테아레이트, 솔비탄아이소스테아레이트, 만니톨, 알지닌, 세린, 수크로오스, 피씨에이, 시트룰린, 글라이코젠, 히스티딘에이치씨엘, 알라닌, 토코페롤, 하이드록시프로필비스팔미타마이드엠이에이, 트레오닌, 글루타믹애씨드, 미리스틱애씨드, 아라키딕애씨드, 라이신에이치씨엘, 아크릴레이트/암모늄메타크릴레이트코폴리머, 콜레스테롤, 실리카"
수면양말 1EA,,
인형 파우치,,
APBADAs스티커 1EA,,
APBADAs X KBP 스트링 파우치,,
APBADAs 아모레까뮈 지비츠,,
APBADAs 돌풍이 마우스패드 1EA,,
APBADAs 아모레까뮈 인형파우치 1EA,,
APBADAs 돌풍이 캐릭터인형 L,,
앞바다즈 인형키링 8종,,
돌풍이/돌풍E 캐릭터 인형,,
무릎담요,,
APBADAs X KBP 랩탑 파우치 1EA,,
무릎담요,,
APBADAs 돌풍E 캐릭터인형 L,,
APBADAs 인형 키링 아모레까뮈 1EA,,
APBADAs 아모레까뮈 캐릭터인형 1EA,,
캐릭터 지비츠,,
스노우 메이커,,
APBADAs 인형 6종,,
APBADAs캐릭터실리콘참 8EA,,
APBADAs스마트톡 1EA,,
모발강화클리닉 샴푸 430ml,라보에이치,"정제수, 소듐C14-16올레핀설포네이트, 라우릴하이드록시설테인, 솔비톨, 다이소듐라우레스설포석시네이트, 향료, 코카미도프로필베타인, 아이소펜틸다이올, 다마스크장미꽃수, 소듐클로라이드, 코코-글루코사이드, 폴리쿼터늄-10, 소듐벤조에이트, 데실글루코사이드, 소듐살리실레이트, 시트릭애씨드, 말티톨, 카프릴릴글라이콜, 소듐시트레이트, 피피지-3카프릴릴에터, 소듐메타포스페이트, 리모넨, 부틸렌글라이콜, 하이드롤라이즈드식물성단백질, 하이드록시프로필스타치포스페이트, 1,2-헥산다이올, 마데카소사이드, 마이크로크리스탈린셀룰로오스, 에틸헥실글리세린, 바이오틴, 글리세릴카프릴레이트, 하이드로제네이티드쌀겨오일, 호호바에스터, 카나우바왁스, 토코페롤"
모발강화클리닉 트리트먼트 200ml,라보에이치,"정제수, 글리세린, 베헨트라이모늄메토설페이트, 세틸알코올, 솔비톨, 다이프로필렌글라이콜, 스테아릴알코올, 말티톨, 세틸에틸헥사노에이트, 하이드록시프로필스타치포스페이트, 에틸헥실스테아레이트, 하이드로제네이티드쌀겨오일, 베헤닐알코올, 아르간커넬오일, 폴리글리세릴-4다이아이소스테아레이트/폴리하이드록시스테아레이트/세바케이트, 호호바에스터, 향료, 다마스크장미꽃수, 스쿠알란, 카프릴릴/카프릴글루코사이드, 베타인, 카나우바왁스, 다이올레오일에틸하이드록시에틸모늄메토설페이트, 올레익애씨드, 글루타믹애씨드, 시트릭애씨드, 소듐글루코네이트, 스테아릭애씨드, 리놀레익애씨드, 리모넨, 마이크로크리스탈린셀룰로오스, 부틸렌글라이콜, 하이드롤라이즈드식물성단백질, 1,2-헥산다이올, 마데카소사이드, 카프릴릴글라이콜, 에틸헥실글리세린, 토코페롤, 바이오틴, 글리세릴카프릴레이트, 소듐벤조에이트"
두피강화 클리닉 샴푸 탈모증상완화 400ml,라보에이치,"정제수, 소듐코코일이세티오네이트, 다이소듐라우레스설포석시네이트, 라우릴베타인, 글리세릴스테아레이트, 트라이하이드록시스테아린, 폴리쿼터늄-10, 소듐벤조에이트, 카페인, 세틸알코올, 다이카프릴릴에터, 소듐살리실레이트, 페퍼민트오일, 멘톨, 시트릭애씨드, 카프릴릭/카프릭트라이글리세라이드, 카프릴릴글라이콜, 스타아니스열매/씨오일, 로즈마리잎오일, 덱스트린, 연필향나무오일, 테트라소듐이디티에이, 콘민트오일, 유칼립투스잎오일, 바질오일, 캐모마일꽃오일, 향기제비꽃잎추출물, 락토바실러스발효용해물, 글리세린, 녹차씨추출물, 토코페롤, 세라마이드엔피, 하이드로제네이티드레시틴, 피토스핑고신, 바이오틴"
모발강화클리닉 에센스 75ml,라보에이치,"정제수, 프로판다이올, 아르간커넬오일, 미리스틸알코올, 데실코코에이트, 스테아라미도프로필다이메틸아민, 세틸에틸헥사노에이트, 시어버터, 카카오씨버터, 코코-카프릴레이트/카프레이트, 카프릴릭/카프릭트라이글리세라이드, 다마스크장미꽃수, 세테아릴알코올, 글리세릴올리에이트, 스테아릴알코올, 에틸헥실스테아레이트, 호호바에스터, 향료, 락틱애씨드, 세테아릴글루코사이드, 하이드록시프로필스타치포스페이트, 글리세릴카프릴레이트, 에틸헥실글리세린, 소듐글루코네이트, 부틸렌글라이콜, 리모넨, 하이드롤라이즈드식물성단백질, 1,2-헥산다이올, 마데카소사이드, 소듐하이알루로네이트, 바이오틴, 토코페롤, 소듐벤조에이트, 레시틴, 아스코빌팔미테이트, 하이드로제네이티드팜글리세라이즈시트레이트, 소듐트라이메타포스페이트, 하이드롤라이즈드하이알루로닉애씨드, 소듐하이알루로네이트크로스폴리머, 하이드로제네이티드쌀겨오일, 하이알루로닉애씨드, 카나우바왁스, 솔비톨, 소듐아세틸레이티드하이알루로네이트, 말티톨, 마이크로크리스탈린셀룰로오스, 카프릴릴글라이콜"
두피강화클리닉 샴푸 탈모증상완화 리필팩 400ml,라보에이치,"정제수, 소듐코코일이세티오네이트, 다이소듐라우레스설포석시네이트, 라우릴베타인, 글리세릴스테아레이트, 트라이하이드록시스테아린, 폴리쿼터늄-10, 소듐벤조에이트, 카페인, 세틸알코올, 다이카프릴릴에터, 소듐살리실레이트, 페퍼민트오일, 멘톨, 시트릭애씨드, 카프릴릭/카프릭트라이글리세라이드, 카프릴릴글라이콜, 스타아니스열매/씨오일, 로즈마리잎오일, 덱스트린, 연필향나무오일, 테트라소듐이디티에이, 콘민트오일, 유칼립투스잎오일, 바질오일, 캐모마일꽃오일, 향기제비꽃잎추출물, 락토바실러스발효용해물, 글리세린, 녹차씨추출물, 토코페롤, 세라마이드엔피, 하이드로제네이티드레시틴, 피토스핑고신, 바이오틴"
두피강화 클리닉 캡슐 트리트먼트 탈모증상완화 220ml,라보에이치,"정제수, 글리세린, 다이프로필렌글라이콜, 세틸알코올, 스테아릴알코올, 카프릴릭/카프릭트라이글리세라이드, 스테아라미도프로필다이메틸아민, 하이드록시프로필스타치포스페이트, 글루타믹애씨드, 카페인, 다이-C12-13알킬말레이트, 판테놀, 피피지-3카프릴릴에터, 카프릴릴글라이콜, 페퍼민트오일, 마이크로크리스탈린셀룰로오스, 덱스트린, 옥수수전분, 프로판다이올, 부틸렌글라이콜, 스타아니스열매/씨오일, 로즈마리잎오일, 자일리톨, 에틸헥실글리세린, 다이소듐이디티에이, 연필향나무오일, 만니톨, 수크로오스, 다마스크장미꽃추출물, 콘민트오일, 1,2-헥산다이올, 프룩토올리고사카라이드, 유칼립투스잎오일, 락토바실러스발효용해물, 바질오일, 바이오틴, 검정콩추출물, 아스코빅애씨드, 하이드로제네이티드레시틴, 캐모마일꽃오일, 석류추출물, 마데카소사이드, 향기제비꽃잎추출물, 인삼추출물, 생강추출물, 소듐하이알루로네이트, 홍삼추출물, 약모밀추출물, 토코페롤, 하이드롤라이즈드하이알루로닉애씨드, 녹차추출물, 하수오뿌리추출물, 소듐하이알루로네이트크로스폴리머, 하이알루로닉애씨드, 소듐아세틸레이티드하이알루로네이트"
프리미엄 샴푸 브러쉬 1입,라보에이치,
두피강화 클리닉 앰플 토닉 탈모증상완화 100ml,라보에이치,"정제수, 변성알코올, 녹차추출물, 피이지-60하이드로제네이티드캐스터오일, 카프릴릴글라이콜, 아크릴레이트/C10-30알킬아크릴레이트크로스폴리머, 멘톨, 덱스트린, 프로판다이올, 아미노메틸프로판올, 다이소듐이디티에이, 에틸헥실글리세린, 페퍼민트오일, 스타아니스열매/씨오일, 로즈마리잎오일, 연필향나무오일, 락토바실러스발효용해물, 콘민트오일, 효모/보리씨발효여과물, 검정콩추출물, 에탄올, 부틸렌글라이콜, 유칼립투스잎오일, 바질오일, 1,2-헥산다이올, 생강추출물, 바이오틴, 캐모마일꽃오일, 소듐하이알루로네이트, 향기제비꽃잎추출물, 토코페롤, 하이드롤라이즈드하이알루로닉애씨드, 소듐하이알루로네이트크로스폴리머, 호프추출물, 하이알루로닉애씨드, 소듐아세틸레이티드하이알루로네이트"
두피강화 클리닉 헤어라인 앰플 탈모증상완화 15ml,라보에이치,"정제수, 변성알코올, 피이지-60하이드로제네이티드캐스터오일, 녹차추출물(카페인 함유), 카보머, 카프릴릴글라이콜, 트로메타민, 덱스트린, 프로판다이올, 멘톨, 페퍼민트오일, 시트릭애씨드, 다이소듐이디티에이, 피록톤올아민, 스타아니스열매/씨오일, 로즈마리잎오일, 연필향나무오일, 락토바실러스발효용해물, 부틸렌글라이콜, 콘민트오일, 효모/보리씨발효여과물, 검정콩추출물, 에탄올, 유칼립투스잎오일, 바질오일, 1,2-헥산다이올, 생강추출물, 바이오틴, 캐모마일꽃오일, 글리세린, 소듐하이알루로네이트, 향기제비꽃잎추출물, 하이드롤라이즈드하이알루로닉애씨드, 소듐하이알루로네이트크로스폴리머, 호프추출물, 하이알루로닉애씨드, 수용성콜라겐, 에틸헥실글리세린, 소듐아세틸레이티드하이알루로네이트"
탈모증상완화 샴푸 두피강화 블랑쉬앤우디/페어앤프리지아 400ml,라보에이치,"정제수, 소듐코코일이세티오네이트, 다이소듐라우레스설포석시네이트, 라우릴베타인, 향료(블랑쉬앤우디향 1.3%), 글리세릴스테아레이트, 트라이하이드록시스테아린, 폴리쿼터늄-10, 카페인, 세틸알코올, 다이카프릴릴에터, 소듐벤조에이트, 소듐살리실레이트, 시트릭애씨드, 카프릴릭/카프릭트라이글리세라이드, 카프릴릴글라이콜, 덱스트린, 테트라소듐이디티에이, 알파-아이소메틸아이오논, 락토바실러스발효용해물, 글리세린, 녹차씨추출물, 토코페롤, 세라마이드엔피, 하이드로제네이티드레시틴, 피토스핑고신, 바이오틴"
댄드러프클리닉 샴푸 탈모증상완화 400ml,라보에이치,"정제수, 코카미도프로필베타인, 소듐메틸코코일타우레이트, 소듐클로라이드, 카프릴릴/카프릴글루코사이드, 라우릴하이드록시설테인, 석시닉애씨드, 글리세릴스테아레이트, 카페인, 트라이하이드록시스테아린, 살리실릭애씨드, 피피지-3카프릴릴에터, 피록톤올아민, 멘톨, 클림바졸, 페퍼민트오일, 하이드록시프로필구아, 소듐벤조에이트, 세틸알코올, 카프릴릴글라이콜, 소듐시트레이트, 스타아니스열매/씨오일, 폴리쿼터늄-22, 로즈마리잎오일, 연필향나무오일, 다이프로필렌글라이콜, 소듐메타포스페이트, 덱스트린, 에틸헥실글리세린, 부틸렌글라이콜, 콘민트오일, 콘민트잎추출물, 유칼립투스잎오일, 바질오일, 프로판다이올, 락토바실러스발효용해물, 1,2-헥산다이올, 캐모마일꽃오일, 향기제비꽃잎추출물, 병풀꽃/잎/줄기추출물, 소듐하이알루로네이트, 토코페롤, 하이드롤라이즈드하이알루로닉애씨드, 다이소듐이디티에이, 소듐하이알루로네이트크로스폴리머, 하이알루로닉애씨드, 소듐아세틸레이티드하이알루로네이트, 글리세린, 녹차씨추출물, 하이드로제네이티드레시틴, 피토스핑고신, 세라마이드엔피"
두피강화클리닉 쿨링&노세범 샴푸 400ml,라보에이치,"정제수, 소듐C14-16올레핀설포네이트, 변성알코올, 아크릴레이트코폴리머, 라우릴베타인, 부틸렌글라이콜, 멘톨, 카페인, 소듐살리실레이트, 피피지-3카프릴릴에터, 페퍼민트오일, 세트리모늄클로라이드, 카프릴릴글라이콜, 폴리쿼터늄-10, 소듐하이드록사이드, 스타아니스열매/씨오일, 마이크로크리스탈린셀룰로오스, 소듐설파이트, 소듐시트레이트, 덱스트린, 자일리틸글루코사이드, 로즈마리잎오일, 옥수수전분, 연필향나무오일, 안하이드로자일리톨, 에틸헥실글리세린, 테트라소듐이디티에이, 만니톨, 자일리톨, 콘민트오일, 콘민트잎추출물, 솔비톨, 수크로오스, 유칼립투스잎오일 ,온천수, 바질오일, 1,2-헥산다이올, 크로뮴하이드록사이드그린, 하이드록시프로필스타치포스페이트, 프룩토올리고사카라이드, 캐모마일꽃오일, 황색산화철, 하이드로제네이티드레시틴, 향기제비꽃잎추출물, 락토바실러스발효용해물, 아스코빅애씨드, 티타늄디옥사이드 (CI 77891), 토코페릴아세테이트, 프로판다이올, 인삼추출물, 생강추출물, 씨솔트, 녹차수, 홍삼추출물, 토코페롤, 약모밀추출물, 녹차추출물, 하수오뿌리추출물, 다이소듐이디티에이, 연꽃추출물, 돌콩추출물, 왕대수액, 말토덱스트린, 알로에베라잎추출물"
두피강화클리닉 쿨링&노세범 샴푸 리필팩 400ml,라보에이치,"정제수, 소듐C14-16올레핀설포네이트, 변성알코올, 아크릴레이트코폴리머, 라우릴베타인, 부틸렌글라이콜, 멘톨, 카페인, 소듐살리실레이트, 피피지-3카프릴릴에터, 페퍼민트오일, 세트리모늄클로라이드, 카프릴릴글라이콜, 폴리쿼터늄-10, 소듐하이드록사이드, 스타아니스열매/씨오일, 마이크로크리스탈린셀룰로오스, 소듐설파이트, 소듐시트레이트, 덱스트린, 자일리틸글루코사이드, 로즈마리잎오일, 옥수수전분, 연필향나무오일, 안하이드로자일리톨, 에틸헥실글리세린, 테트라소듐이디티에이, 만니톨, 자일리톨, 콘민트오일, 콘민트잎추출물, 솔비톨, 수크로오스, 유칼립투스잎오일 ,온천수, 바질오일, 1,2-헥산다이올, 크로뮴하이드록사이드그린, 하이드록시프로필스타치포스페이트, 프룩토올리고사카라이드, 캐모마일꽃오일, 황색산화철, 하이드로제네이티드레시틴, 향기제비꽃잎추출물, 락토바실러스발효용해물, 아스코빅애씨드, 티타늄디옥사이드 (CI 77891), 토코페릴아세테이트, 프로판다이올, 인삼추출물, 생강추출물, 씨솔트, 녹차수, 홍삼추출물, 토코페롤, 약모밀추출물, 녹차추출물, 하수오뿌리추출물, 다이소듐이디티에이, 연꽃추출물, 돌콩추출물, 왕대수액, 말토덱스트린, 알로에베라잎추출물"
탈모증상완화 샴푸 민감더마 400ml,라보에이치,"정제수, 소듐C14-16올레핀설포네이트, 글리세린, 솔비톨, 라우릴베타인, 라우릴하이드록시설테인, 코코-글루코사이드, 소듐메틸코코일타우레이트, 변성알코올, 카페인, 판테놀, 시트릭애씨드, 폴리쿼터늄-10, 피피지-3카프릴릴에터, 페퍼민트오일, 다이-C12-13알킬말레이트, 소듐시트레이트, 소듐클로라이드, 스타아니스열매/씨오일, 소듐살리실레이트, 덱스트린, 로즈마리잎오일, 연필향나무오일, 자일리틸글루코사이드, 테트라소듐이디티에이, 데하이드로아세틱애씨드, 안하이드로자일리톨, 콘민트오일, 자일리톨, 유칼립투스잎오일, 바질오일, 글루코오스, 캐모마일꽃오일, 마데카소사이드, 향기제비꽃잎추출물, 락토바실러스발효용해물"
댄드러프클리닉 워터스케일러 탈모증상완화 250ml,라보에이치,"정제수, 코카미도프로필하이드록시설테인, 라우릴하이드록시설테인, 카프릴릴/카프릴글루코사이드, 부틸렌글라이콜, 코코-글루코사이드, 아이소펜틸다이올, 글리세린, 데실글루코사이드, 라우릴베타인, 멘톨, 소듐클로라이드, 다이프로필렌글라이콜, 카페인, 시트릭애씨드, 페퍼민트오일, 피피지-3카프릴릴에터, 폴리쿼터늄-6, 라우릭애씨드, 카프릴릴글라이콜, 폴리쿼터늄-22, 스타아니스열매/씨오일, 로즈마리잎오일, 에틸헥실글리세린, 소듐설파이트, 클림바졸, 소듐시트레이트, 소듐메타포스페이트, 덱스트린, 락틱애씨드, 연필향나무오일, 콘민트오일, 유칼립투스잎오일, 살리실릭애씨드, 글루코노락톤, 바질오일, 프로판다이올, 락토바실러스발효용해물, 글라이콜릭애씨드, 캐모마일꽃오일, 1,2-헥산다이올, 향기제비꽃잎추출물, 병풀꽃/잎/줄기추출물, 소듐하이알루로네이트, 하이드롤라이즈드하이알루로닉애씨드, 다이소듐이디티에이, 소듐하이알루로네이트크로스폴리머, 하이알루로닉애씨드, 소듐아세틸레이티드하이알루로네이트, 녹차씨추출물, 하이드로제네이티드레시틴, 피토스핑고신, 세라마이드엔피"
두피강화클리닉 샴푸 탈모증상완화 종이리필 400ml,라보에이치,"정제수, 소듐코코일이세티오네이트, 다이소듐라우레스설포석시네이트, 라우릴베타인, 글리세릴스테아레이트, 트라이하이드록시스테아린, 폴리쿼터늄-10, 소듐벤조에이트, 카페인, 세틸알코올, 다이카프릴릴에터, 소듐살리실레이트, 페퍼민트오일, 멘톨, 시트릭애씨드, 카프릴릭/카프릭트라이글리세라이드, 카프릴릴글라이콜, 스타아니스열매/씨오일, 로즈마리잎오일, 덱스트린, 연필향나무오일, 테트라소듐이디티에이, 콘민트오일, 유칼립투스잎오일, 바질오일, 캐모마일꽃오일, 향기제비꽃잎추출물, 락토바실러스발효용해물, 글리세린, 녹차씨추출물, 토코페롤, 세라마이드엔피, 하이드로제네이티드레시틴, 피토스핑고신, 바이오틴"
댄드러프클리닉 샴푸 탈모증상완화 리필팩 400ml,라보에이치,"정제수, 코카미도프로필베타인, 소듐메틸코코일타우레이트, 소듐클로라이드, 카프릴릴/카프릴글루코사이드, 라우릴하이드록시설테인, 석시닉애씨드, 글리세릴스테아레이트, 카페인, 트라이하이드록시스테아린, 살리실릭애씨드, 피피지-3카프릴릴에터, 피록톤올아민, 멘톨, 클림바졸, 페퍼민트오일, 하이드록시프로필구아, 소듐벤조에이트, 세틸알코올, 카프릴릴글라이콜, 소듐시트레이트, 스타아니스열매/씨오일, 폴리쿼터늄-22, 로즈마리잎오일, 연필향나무오일, 다이프로필렌글라이콜, 소듐메타포스페이트, 덱스트린, 에틸헥실글리세린, 부틸렌글라이콜, 콘민트오일, 콘민트잎추출물, 유칼립투스잎오일, 바질오일, 프로판다이올, 락토바실러스발효용해물, 1,2-헥산다이올, 캐모마일꽃오일, 향기제비꽃잎추출물, 병풀꽃/잎/줄기추출물, 소듐하이알루로네이트, 토코페롤, 하이드롤라이즈드하이알루로닉애씨드, 다이소듐이디티에이, 소듐하이알루로네이트크로스폴리머, 하이알루로닉애씨드, 소듐아세틸레이티드하이알루로네이트, 글리세린, 녹차씨추출물, 하이드로제네이티드레시틴, 피토스핑고신, 세라마이드엔피"
두피강화클리닉 스케일러 탈모증상완화 208g,라보에이치,"정제수, 소듐클로라이드, 다이소듐코코일글루타메이트, 포타슘코코일글리시네이트, 라우릭애씨드, 하이드록시프로필스타치포스페이트, 코카미도프로필베타인, 코코-글루코사이드, 씨솔트, 카페인, 데실글루코사이드, 페퍼민트오일, 멘톨, 카프릴릴글라이콜, 코카마이드엠이에이, 마이크로크리스탈린셀룰로오스, 스타아니스열매/씨오일, 시트릭애씨드, 로즈마리잎오일, 글루코노락톤, 덱스트린, 폴리쿼터늄-7, 연필향나무오일, 솔비톨, 옥수수전분, 에틸헥실글리세린, 콘민트오일, 소듐벤조에이트, 수크로오스, 테트라소듐이디티에이, 유칼립투스잎오일, 크로뮴하이드록사이드그린, 소듐살리실레이트, 클림바졸, 살리실릭애씨드, 바질오일, 락토바실러스발효용해물, 부틸렌글라이콜, 토코페릴아세테이트, 캐모마일꽃오일, 하이드로제네이티드레시틴, 향기제비꽃잎추출물, 녹차수, 1,2-헥산다이올, 토코페롤, 연꽃추출물, 왕대수액, 카올린, 다이소듐이디티에이"
두피강화클리닉 샴푸 탈모증상완화 리필팩,라보에이치,"정제수, 소듐코코일이세티오네이트, 다이소듐라우레스설포석시네이트, 라우릴베타인, 글리세릴스테아레이트, 트라이하이드록시스테아린, 폴리쿼터늄-10, 소듐벤조에이트, 카페인, 세틸알코올, 다이카프릴릴에터, 소듐살리실레이트, 페퍼민트오일, 멘톨, 시트릭애씨드, 카프릴릭/카프릭트라이글리세라이드, 카프릴릴글라이콜, 스타아니스열매/씨오일, 로즈마리잎오일, 덱스트린, 연필향나무오일, 테트라소듐이디티에이, 콘민트오일, 유칼립투스잎오일, 바질오일, 캐모마일꽃오일, 향기제비꽃잎추출물, 락토바실러스발효용해물, 글리세린, 녹차씨추출물, 토코페롤, 세라마이드엔피, 하이드로제네이티드레시틴, 피토스핑고신, 바이오틴"
두피강화 클리닉 샴푸 탈모증상완화,라보에이치,"정제수, 소듐코코일이세티오네이트, 다이소듐라우레스설포석시네이트, 라우릴베타인, 글리세릴스테아레이트, 트라이하이드록시스테아린, 폴리쿼터늄-10, 소듐벤조에이트, 카페인, 세틸알코올, 다이카프릴릴에터, 소듐살리실레이트, 페퍼민트오일, 멘톨, 시트릭애씨드, 카프릴릭/카프릭트라이글리세라이드, 카프릴릴글라이콜, 스타아니스열매/씨오일, 로즈마리잎오일, 덱스트린, 연필향나무오일, 테트라소듐이디티에이, 콘민트오일, 유칼립투스잎오일, 바질오일, 캐모마일꽃오일, 향기제비꽃잎추출물, 락토바실러스발효용해물, 글리세린, 녹차씨추출물, 토코페롤, 세라마이드엔피, 하이드로제네이티드레시틴, 피토스핑고신, 바이오틴"
댄드러프클리닉 샴푸 탈모증상완화,라보에이치,"정제수, 코카미도프로필베타인, 소듐메틸코코일타우레이트, 소듐클로라이드, 카프릴릴/카프릴글루코사이드, 라우릴하이드록시설테인, 석시닉애씨드, 글리세릴스테아레이트, 카페인, 트라이하이드록시스테아린, 살리실릭애씨드, 피피지-3카프릴릴에터, 피록톤올아민, 멘톨, 클림바졸, 페퍼민트오일, 하이드록시프로필구아, 소듐벤조에이트, 세틸알코올, 카프릴릴글라이콜, 소듐시트레이트, 스타아니스열매/씨오일, 폴리쿼터늄-22, 로즈마리잎오일, 연필향나무오일, 다이프로필렌글라이콜, 소듐메타포스페이트, 덱스트린, 에틸헥실글리세린, 부틸렌글라이콜, 콘민트오일, 콘민트잎추출물, 유칼립투스잎오일, 바질오일, 프로판다이올, 락토바실러스발효용해물, 1,2-헥산다이올, 캐모마일꽃오일, 향기제비꽃잎추출물, 병풀꽃/잎/줄기추출물, 소듐하이알루로네이트, 토코페롤, 하이드롤라이즈드하이알루로닉애씨드, 다이소듐이디티에이, 소듐하이알루로네이트크로스폴리머, 하이알루로닉애씨드, 소듐아세틸레이티드하이알루로네이트, 글리세린, 녹차씨추출물, 하이드로제네이티드레시틴, 피토스핑고신, 세라마이드엔피"
두피강화클리닉 쿨링&노세범 샴푸,라보에이치,"정제수, 소듐C14-16올레핀설포네이트, 변성알코올, 아크릴레이트코폴리머, 라우릴베타인, 부틸렌글라이콜, 멘톨, 카페인, 소듐살리실레이트, 피피지-3카프릴릴에터, 페퍼민트오일, 세트리모늄클로라이드, 카프릴릴글라이콜, 폴리쿼터늄-10, 소듐하이드록사이드, 스타아니스열매/씨오일, 마이크로크리스탈린셀룰로오스, 소듐설파이트, 소듐시트레이트, 덱스트린, 자일리틸글루코사이드, 로즈마리잎오일, 옥수수전분, 연필향나무오일, 안하이드로자일리톨, 에틸헥실글리세린, 테트라소듐이디티에이, 만니톨, 자일리톨, 콘민트오일, 콘민트잎추출물, 솔비톨, 수크로오스, 유칼립투스잎오일 ,온천수, 바질오일, 1,2-헥산다이올, 크로뮴하이드록사이드그린, 하이드록시프로필스타치포스페이트, 프룩토올리고사카라이드, 캐모마일꽃오일, 황색산화철, 하이드로제네이티드레시틴, 향기제비꽃잎추출물, 락토바실러스발효용해물, 아스코빅애씨드, 티타늄디옥사이드 (CI 77891), 토코페릴아세테이트, 프로판다이올, 인삼추출물, 생강추출물, 씨솔트, 녹차수, 홍삼추출물, 토코페롤, 약모밀추출물, 녹차추출물, 하수오뿌리추출물, 다이소듐이디티에이, 연꽃추출물, 돌콩추출물, 왕대수액, 말토덱스트린, 알로에베라잎추출물"
탈모증상완화 샴푸 두피강화 블랑쉬앤우디,라보에이치,"정제수, 소듐코코일이세티오네이트, 다이소듐라우레스설포석시네이트, 라우릴베타인, 향료(블랑쉬앤우디향 1.3%), 글리세릴스테아레이트, 트라이하이드록시스테아린, 폴리쿼터늄-10, 카페인, 세틸알코올, 다이카프릴릴에터, 소듐벤조에이트, 소듐살리실레이트, 시트릭애씨드, 카프릴릭/카프릭트라이글리세라이드, 카프릴릴글라이콜, 덱스트린, 테트라소듐이디티에이, 알파-아이소메틸아이오논, 락토바실러스발효용해물, 글리세린, 녹차씨추출물, 토코페롤, 세라마이드엔피, 하이드로제네이티드레시틴, 피토스핑고신, 바이오틴"
두피강화 클리닉 앰플 토닉 탈모증상완화,라보에이치,"정제수, 변성알코올, 녹차추출물, 피이지-60하이드로제네이티드캐스터오일, 카프릴릴글라이콜, 아크릴레이트/C10-30알킬아크릴레이트크로스폴리머, 멘톨, 덱스트린, 프로판다이올, 아미노메틸프로판올, 다이소듐이디티에이, 에틸헥실글리세린, 페퍼민트오일, 스타아니스열매/씨오일, 로즈마리잎오일, 연필향나무오일, 락토바실러스발효용해물, 콘민트오일, 효모/보리씨발효여과물, 검정콩추출물, 에탄올, 부틸렌글라이콜, 유칼립투스잎오일, 바질오일, 1,2-헥산다이올, 생강추출물, 바이오틴, 캐모마일꽃오일, 소듐하이알루로네이트, 향기제비꽃잎추출물, 토코페롤, 하이드롤라이즈드하이알루로닉애씨드, 소듐하이알루로네이트크로스폴리머, 호프추출물, 하이알루로닉애씨드, 소듐아세틸레이티드하이알루로네이트"
두피강화 클리닉 헤어라인 앰플 탈모증상완화,라보에이치,"정제수, 변성알코올, 피이지-60하이드로제네이티드캐스터오일, 녹차추출물(카페인 함유), 카보머, 카프릴릴글라이콜, 트로메타민, 덱스트린, 프로판다이올, 멘톨, 페퍼민트오일, 시트릭애씨드, 다이소듐이디티에이, 피록톤올아민, 스타아니스열매/씨오일, 로즈마리잎오일, 연필향나무오일, 락토바실러스발효용해물, 부틸렌글라이콜, 콘민트오일, 효모/보리씨발효여과물, 검정콩추출물, 에탄올, 유칼립투스잎오일, 바질오일, 1,2-헥산다이올, 생강추출물, 바이오틴, 캐모마일꽃오일, 글리세린, 소듐하이알루로네이트, 향기제비꽃잎추출물, 하이드롤라이즈드하이알루로닉애씨드, 소듐하이알루로네이트크로스폴리머, 호프추출물, 하이알루로닉애씨드, 수용성콜라겐, 에틸헥실글리세린, 소듐아세틸레이티드하이알루로네이트"
두피강화 클리닉 캡슐 탈모증상완화 트리트먼트,라보에이치,"정제수, 글리세린, 다이프로필렌글라이콜, 세틸알코올, 스테아릴알코올, 카프릴릭/카프릭트라이글리세라이드, 스테아라미도프로필다이메틸아민, 하이드록시프로필스타치포스페이트, 글루타믹애씨드, 카페인, 다이-C12-13알킬말레이트, 판테놀, 피피지-3카프릴릴에터, 카프릴릴글라이콜, 페퍼민트오일, 마이크로크리스탈린셀룰로오스, 덱스트린, 옥수수전분, 프로판다이올, 부틸렌글라이콜, 스타아니스열매/씨오일, 로즈마리잎오일, 자일리톨, 에틸헥실글리세린, 다이소듐이디티에이, 연필향나무오일, 만니톨, 수크로오스, 다마스크장미꽃추출물, 콘민트오일, 1,2-헥산다이올, 프룩토올리고사카라이드, 유칼립투스잎오일, 락토바실러스발효용해물, 바질오일, 바이오틴, 검정콩추출물, 아스코빅애씨드, 하이드로제네이티드레시틴, 캐모마일꽃오일, 석류추출물, 마데카소사이드, 향기제비꽃잎추출물, 인삼추출물, 생강추출물, 소듐하이알루로네이트, 홍삼추출물, 약모밀추출물, 토코페롤, 하이드롤라이즈드하이알루로닉애씨드, 녹차추출물, 하수오뿌리추출물, 소듐하이알루로네이트크로스폴리머, 하이알루로닉애씨드, 소듐아세틸레이티드하이알루로네이트"
탈모증상완화 샴푸 두피강화 페어앤프리지아,라보에이치,"정제수, 소듐코코일이세티오네이트, 다이소듐라우레스설포석시네이트, 라우릴베타인, 향료(페어앤프리지아향 1.3%), 글리세릴스테아레이트, 트라이하이드록시스테아린, 폴리쿼터늄-10, 카페인, 세틸알코올, 다이카프릴릴에터, 소듐벤조에이트, 소듐살리실레이트, 시트릭애씨드, 카프릴릭/카프릭트라이글리세라이드, 카프릴릴글라이콜, 덱스트린, 리모넨, 테트라소듐이디티에이, 제라니올, 헥실신남알, 리날룰, 락토바실러스발효용해물, 글리세린, 녹차씨추출물, 토코페롤, 세라마이드엔피, 하이드로제네이티드레시틴, 피토스핑고신, 바이오틴"
두피강화 클리닉 샴푸 탈모증상완화,라보에이치,"정제수, 소듐코코일이세티오네이트, 다이소듐라우레스설포석시네이트, 라우릴베타인, 글리세릴스테아레이트, 트라이하이드록시스테아린, 폴리쿼터늄-10, 소듐벤조에이트, 카페인, 세틸알코올, 다이카프릴릴에터, 소듐살리실레이트, 페퍼민트오일, 멘톨, 시트릭애씨드, 카프릴릭/카프릭트라이글리세라이드, 카프릴릴글라이콜, 스타아니스열매/씨오일, 로즈마리잎오일, 덱스트린, 연필향나무오일, 테트라소듐이디티에이, 콘민트오일, 유칼립투스잎오일, 바질오일, 캐모마일꽃오일, 향기제비꽃잎추출물, 락토바실러스발효용해물, 글리세린, 녹차씨추출물, 토코페롤, 세라마이드엔피, 하이드로제네이티드레시틴, 피토스핑고신, 바이오틴"
솔리드 퍼퓸 디스커버리 3종 키트,롱테이크,"[샌달우드] 사이클로펜타실록세인, 향료, 사이클로헥사실록세인, 다이메티콘크로스폴리머, 글리세릴베헤네이트, 1,2-헥산다이올, 카프릴릴글라이콜, 에틸헥실글리세린, 리모넨, 제라니올, 파네솔, 리날룰, 트라이에틸시트레이트, 정제수, 부틸렌글라이콜, 로부르참나무목부추출물, 편백잎추출물 [블랙티] 사이클로펜타실록세인, 향료, 사이클로헥사실록세인, 다이메티콘크로스폴리머, 글리세릴베헤네이트, 헥실신남알, 1,2-헥산다이올, 리날룰, 시트로넬올, 리모넨, 카프릴릴글라이콜, 에틸헥실글리세린, 제라니올, 시트랄, 유제놀, 아이소유제놀, 파네솔, 트라이에틸시트레이트, 정제수, 부틸렌글라이콜, 로부르참나무목부추출물, 편백잎추출물 [바질] 사이클로펜타실록세인, 향료, 사이클로헥사실록세인, 다이메티콘크로스폴리머, 리모넨, 글리세릴베헤네이트, 리날룰, 하이드록시시트로넬알, 1,2-헥산다이올, 알파-아이소메틸아이오논, 시트랄, 시트로넬올, 카프릴릴글라이콜, 에틸헥실글리세린, 쿠마린, 제라니올, 트라이에틸시트레이트, 정제수, 부틸렌글라이콜, 로부르참나무목부추출물, 편백잎추출물"
NEW 헤어 오일  40ml,롱테이크,"다이메티콘, 세틸에틸헥사노에이트, 다이카프릴릴에터, C12-15알킬벤조에이트, 다이메티콘올, 아미노프로필다이메티콘, 향료 (샌달우드향 1.0 %), 리모넨, 토코페롤, 아르간커넬오일, 코코넛야자오일, 살구씨오일, 올리브오일, 호호바씨오일, 비자나무씨오일, 마룰라씨오일, 카프릴릭/카프릭트라이글리세라이드, 트라이에틸시트레이트, 퀸즈랜드넛오일, 생강오일, 로부르참나무목부추출물, 로즈힙꽃오일, 라벤더오일, 라임전초오일, 라즈베리씨오일, 크랜베리씨오일, 정제수, 세라마이드엔피, 콩폴리펩타이드, 캐모마일꽃수, 부틸렌글라이콜, 소나무잎추출물, 하이드롤라이즈드옥수수전분, 프로판다이올, 글라이신, 알라닌, 알지닌, 아스파틱애씨드, 라이신, 프롤린, 세린, 트레오닌, 잔탄검, 글루타믹애씨드, 하이드롤라이즈드식물성단백질, 에틸헥실글리세린, 소듐메타포스페이트, 1,2-헥산다이올, 편백잎추출물, 히스티딘, 페닐알라닌, 타이로신, 류신, 발린, 메티오닌, 아이소류신, 다시마추출물, 시스틴, 트립토판, 귀리펩타이드"
샴푸  300ml,롱테이크,"정제수, 소듐C14-16올레핀설포네이트, 솔비톨, 라우릴하이드록시설테인, 향료(샌달우드향 2.2%), 다이소듐라우레스설포석시네이트, 코카미도프로필베타인, 코코-글루코사이드, 코카마이드메틸엠이에이, 변성알코올, 카페인, 폴리쿼터늄-10, 소듐살리실레이트, 소듐클로라이드, 소듐시트레이트, 시트릭애씨드, 피피지-3카프릴릴에터, 테트라소듐이디티에이, 부틸렌글라이콜, 리날룰, 소듐벤조에이트, 리모넨, 하이드롤라이즈드옥수수전분, 소나무잎추출물, 글리세린, 에탄올, 폴리쿼터늄-11, 녹차추출물, 동백나무씨오일, 프로판다이올, 동백나무잎추출물, 편백잎추출물, 콩폴리펩타이드, 동백나무꽃추출물, 트라이에틸시트레이트, 포타슘클로라이드, 글라이코리피드, 오렌지추출물, 자몽추출물, 베르가모트추출물, 탄제린추출물, 아스코빅애씨드, 녹차씨추출물, 락틱애씨드, 검정콩오일, 로부르참나무목부추출, 세라마이드엔피, 피토스핑고신, 로즈마리잎추출물, 하이드로제네이티드레시틴, 카놀라오일"
샌달우드 인텐시브 3종 트라이얼 키트,롱테이크,"샴푸 정제수, 소듐C14-16올레핀설포네이트, 솔비톨, 라우릴하이드록시설테인, 향료(샌달우드향 2.2%), 다이소듐라우레스설포석시네이트, 코카미도프로필베타인, 변성알코올, 코카마이드메틸엠이에이, 소듐클로라이드, 말티톨, 코코-글루코사이드, 카페인, 폴리쿼터늄-10, 데실글루코사이드, 소듐살리실레이트, 소듐시트레이트, 피피지-3카프릴릴에터, 시트릭애씨드, 소듐메타포스페이트, 글리세린, 부틸렌글라이콜, 캐모마일꽃수, 소듐벤조에이트, 하이드롤라이즈드옥수수전분, 카프릴릴글라이콜, 소나무잎추출물, 프로판다이올, 1,2-헥산다이올, 에탄올, 폴리쿼터늄-11, 녹차추출물, 커먼자스민꽃추출물, 하이드롤라이즈드식물성단백질, 잔탄검, 편백잎추출물, 콩폴리펩타이드, 에틸헥실글리세린, 다시마추출물, 귀리펩타이드, 알지닌, 세린, 글루타믹애씨드, 트레오닌, 류신, 프롤린, 아스파틱애씨드, 아이소류신, 글라이신, 페닐알라닌, 알라닌, 타이로신, 라이신, 히스티딘, 포타슘클로라이드, 발린, 동백나무씨오일, 검정콩오일, 세라마이드엔피, 피토스핑고신, 로즈마리잎추출물, 메티오닌, 하이드로제네이티드레시틴, 카놀라오일, 시스틴, 트립토판 / 트리트먼트 정제수, 다이메티콘, 부틸렌글라이콜, 다이프로필렌글라이콜, 스테아릴알코올, 베헨트라이모늄메토설페이트, 세틸알코올, 향료(샌달우드향 2.2%), 아모다이메티콘, 카페인, 다이메티콘올, 트라이메틸실록시실리케이트, 다마스크장미꽃추출물, 폴리프로필실세스퀴옥세인, 아미노프로필다이메티콘, 프로판다이올, 카프릴릴메티콘, 1,2-헥산다이올, 에틸헥실글리세린, 소듐메타포스페이트, 시트릭애씨드, 캐모마일꽃수, 하이드롤라이즈드식물성단백질, 스테아트라이모늄클로라이드, 하이드롤라이즈드옥수수전분, 소나무잎추출물, 검정콩추출물, 락틱애씨드, 소듐벤조에이트, 비자나무씨오일, 트라이에틸시트레이트, 글리세린, 동백나무씨오일, 세라마이드엔피, 편백잎추출물, 콩폴리펩타이드, 토코페롤, 다시마추출물, 로부르참나무목부추출물, 귀리펩타이드, 알지닌, 세린, 글루타믹애씨드, 트레오닌, 류신, 프롤린, 아스파틱애씨드, 아이소류신, 글라이신, 피토스핑고신, 하이드로제네이티드레시틴, 페닐알라닌, 알라닌, 타이로신, 라이신, 히스티딘, 잔탄검, 발린, 메티오닌, 시스틴, 트립토판 / 헤어오일 다이메티콘, 세틸에틸헥사노에이트, 다이카프릴릴에터, C12-15알킬벤조에이트, 다이메티콘올, 아미노프로필다이메티콘, 향료 (샌달우드향 1.0 %), 리모넨, 토코페롤, 아르간커넬오일, 코코넛야자오일, 살구씨오일, 올리브오일, 호호바씨오일, 비자나무씨오일, 마룰라씨오일, 카프릴릭/카프릭트라이글리세라이드, 트라이에틸시트레이트, 퀸즈랜드넛오일, 생강오일, 로부르참나무목부추출물, 로즈힙꽃오일, 라벤더오일, 라임전초오일, 라즈베리씨오일, 크랜베리씨오일, 정제수, 세라마이드엔피, 콩폴리펩타이드, 캐모마일꽃수, 부틸렌글라이콜, 소나무잎추출물, 하이드롤라이즈드옥수수전분, 프로판다이올, 글라이신, 알라닌, 알지닌, 아스파틱애씨드, 라이신, 프롤린, 세린, 트레오닌, 잔탄검, 글루타믹애씨드, 하이드롤라이즈드식물성단백질, 에틸헥실글리세린, 소듐메타포스페이트, 1,2-헥산다이올, 편백잎추출물, 히스티딘, 페닐알라닌, 타이로신, 류신, 발린, 메티오닌, 아이소류신, 다시마추출물, 시스틴, 트립토판, 귀리펩타이드"
핸드크림  50ml,롱테이크,"정제수, 부틸렌글라이콜, 하이드로제네이티드폴리(C6-14올레핀), 세틸에틸헥사노에이트, 글리세린, 펜타에리스리틸테트라에틸헥사노에이트, 시어버터, 글리세릴스테아레이트시트레이트, 나이아신아마이드, 세테아릴알코올, 폴리글리세릴-3메틸글루코오스다이스테아레이트, 1,2-헥산다이올, 하이드록시에틸아크릴레이트/소듐아크릴로일다이메틸타우레이트코폴리머, 향료 (샌달우드향 0.5%), 판테놀, 하이드록시프로필스타치포스페이트, 글리세릴카프릴레이트, 에틸헥실글리세린, 아데노신, 다이소듐이디티에이, 솔비탄아이소스테아레이트, 프로판다이올, 하이드롤라이즈드옥수수전분, 소나무잎추출물, 녹차씨추출물, 자일리톨, 트라이에틸시트레이트, 세라마이드엔피, 삼나무잎추출물, 동백나무잎추출물, 녹나무잎추출물, 피토스핑고신, 하이드로제네이티드레시틴, 편백잎추출물, 토코페롤, 동백나무꽃추출물, 로부르참나무목부추출물, 동백나무씨오일, 검정콩오일, 은행나무잎추출물, 녹차추출물, 오렌지추출물, 자몽추출물, 베르가모트추출물, 탄제린추출물, 아스코빅애씨드, 락틱애씨드, 로즈마리잎추출물, 시트릭애씨드, 카놀라오일"
바디로션  200ml,롱테이크,"정제수, 글리세린, 부틸렌글라이콜, 하이드로제네이티드쌀겨오일, 사이클로펜타실록세인, 나이아신아마이드, 하이드로제네이티드폴리(C6-14올레핀), 사이클로헥사실록세인, 다이메티콘, 세틸에틸헥사노에이트, 다이아이소스테아릴말레이트, 1,2-헥산다이올, 향료 (샌달우드향 0.8%), 하이드록시에틸아크릴레이트/소듐아크릴로일다이메틸타우레이트코폴리머, 판테놀, C14-22알코올, 아라키딜알코올, 스테아릭애씨드, 글리세릴스테아레이트, 팔미틱애씨드, 베헤닐알코올, C12-20알킬글루코사이드, 글리세릴카프릴레이트, 아라키딜글루코사이드, 다이소듐이디티에이, 에틸헥실글리세린, 솔비탄아이소스테아레이트, 폴리솔베이트60, 아데노신, 프로판다이올, 하이드롤라이즈드옥수수전분, 소나무잎추출물, 글루코오스, 녹차씨추출물, 미리스틱애씨드, 아라키딕애씨드, 자일리톨, 세라마이드엔피, 삼나무잎추출물, 동백나무잎추출물, 녹나무잎추출물, 피토스핑고신, 하이드로제네이티드레시틴, 편백잎추출물, 트라이에틸시트레이트, 토코페롤, 동백나무꽃추출물, 동백나무씨오일, 검정콩오일, 은행나무잎추출물, 로부르참나무목부추출물, 녹차추출물, 오렌지추출물, 자몽추출물, 베르가모트추출물, 탄제린추출물, 아스코빅애씨드, 락틱애씨드, 로즈마리잎추출물, 시트릭애씨드, 카놀라오일"
바디워시  300ml,롱테이크,"정제수, 코코넛야자오일, 라우릴하이드록시설테인, 소듐C14-16올레핀설포네이트, 포타슘하이드록사이드, 향료(샌달우드향 2.2%), 프로판다이올, 변성알코올, 부틸렌글라이콜, 글리세린, 하이드롤라이즈드옥수수전분, 소나무잎추출물, 자일리톨, 삼나무잎추출물, 녹나무잎추출물, 편백잎추출물, 트라이에틸시트레이트, 동백나무씨오일, 녹차씨추출물, 검정콩오일, 세라마이드엔피, 은행나무잎추출물, 로부르참나무목부추출물, 피토스핑고신, 하이드로제네이티드레시틴, 로즈마리잎추출물, 카놀라오일"
NEW 솔리드 퍼퓸  30ml,롱테이크,"다이메티콘, 향료, 다이메티콘크로스폴리머, 글리세릴베헤네이트, 1,2-헥산다이올, 실리카다이메틸실릴레이트, 카프릴릴글라이콜, 에틸헥실글리세린, 리모넨, 제라니올, 리날룰, 파네솔, 시트랄, 트라이에틸시트레이트, 정제수, 부틸렌글라이콜, 로부르참나무목부추출물, 편백잎추출물"
NEW 트리트먼트  200ml,롱테이크,"정제수, 다이메티콘, 부틸렌글라이콜, 다이프로필렌글라이콜, 스테아릴알코올, 베헨트라이모늄메토설페이트, 세틸알코올, 향료(샌달우드향 2.2%), 아모다이메티콘, 카페인, 다이메티콘올, 트라이메틸실록시실리케이트, 다마스크장미꽃추출물, 폴리프로필실세스퀴옥세인, 아미노프로필다이메티콘, 프로판다이올, 카프릴릴메티콘, 1,2-헥산다이올, 에틸헥실글리세린, 소듐메타포스페이트, 시트릭애씨드, 캐모마일꽃수, 하이드롤라이즈드식물성단백질, 스테아트라이모늄클로라이드, 하이드롤라이즈드옥수수전분, 소나무잎추출물, 검정콩추출물, 락틱애씨드, 소듐벤조에이트, 비자나무씨오일, 트라이에틸시트레이트, 글리세린, 동백나무씨오일, 세라마이드엔피, 편백잎추출물, 콩폴리펩타이드, 토코페롤, 다시마추출물, 로부르참나무목부추출물, 귀리펩타이드, 알지닌, 세린, 글루타믹애씨드, 트레오닌, 류신, 프롤린, 아스파틱애씨드, 아이소류신, 글라이신, 피토스핑고신, 하이드로제네이티드레시틴, 페닐알라닌, 알라닌, 타이로신, 라이신, 히스티딘, 잔탄검, 발린, 메티오닌, 시스틴, 트립토판"
코어본딩 헤어마스크  200ml,롱테이크,"정제수, 솔비톨, 다이프로필렌글라이콜, 다이메티콘, 세틸알코올, 스테아릴알코올, 베헨트라이모늄클로라이드, 향료(샌달우드향 2.5%), 말티톨, 폴리비닐알코올, 하이드로제네이티드폴리아이소부텐, 카페인, 부틸렌글라이콜, 카프릴릴글라이콜, 에틸헥실글리세린, 소듐글루코네이트, 캐모마일꽃수, 하이드롤라이즈드옥수수전분, 소나무잎추출물, 글리세린, 글루코사민에이치씨엘, 말레익애씨드, 프로판다이올, 알지닌, 메틸글루카민, 1,2-헥산다이올, 커먼자스민꽃추출물, 동백나무씨오일, 아르간커넬오일, 포도씨오일, 하이드롤라이즈드식물성단백질, 세라마이드엔피, 다마스크장미꽃추출물, 잔탄검, 피토스핑고신, 편백잎추출물, 하이드로제네이티드레시틴, 콩폴리펩타이드, 마카다미아씨오일, 토코페롤, 소듐하이알루로네이트, 다시마추출물, 소듐메타포스페이트, 귀리펩타이드, 세린, 글루타믹애씨드, 트레오닌, 류신, 프롤린, 아스파틱애씨드, 아이소류신, 글라이신, 하이드롤라이즈드하이알루로닉애씨드, 페닐알라닌, 알라닌, 타이로신, 라이신, 소듐하이알루로네이트크로스폴리머, 히스티딘, 하이알루로닉애씨드, 발린, 소듐아세틸레이티드하이알루로네이트, 메티오닌, 시스틴, 트립토판"
샌달우드 오드퍼퓸 SET,롱테이크,"변성알코올, 향료, 정제수, 부틸렌글라이콜, 다이프로필렌글라이콜, 리모넨, 제라니올, 리날룰, 파네솔, 시트랄, 트라이에틸시트레이트, 로부르참나무목부추출물, 편백잎추출물"
샌달우드 샴푸&헤어오일 SET,롱테이크,"[샌달우드 인텐시브 샴푸] 정제수, 소듐C14-16올레핀설포네이트, 솔비톨, 라우릴하이드록시설테인, 향료(샌달우드향 2.2%), 다이소듐라우레스설포석시네이트, 코카미도프로필베타인, 코코-글루코사이드, 코카마이드메틸엠이에이, 변성알코올, 카페인, 폴리쿼터늄-10, 소듐살리실레이트, 소듐클로라이드, 소듐시트레이트, 시트릭애씨드, 피피지-3카프릴릴에터, 테트라소듐이디티에이, 부틸렌글라이콜, 리날룰, 소듐벤조에이트, 리모넨, 하이드롤라이즈드옥수수전분, 소나무잎추출물, 글리세린, 에탄올, 폴리쿼터늄-11, 녹차추출물, 동백나무씨오일, 프로판다이올, 동백나무잎추출물, 편백잎추출물, 콩폴리펩타이드, 동백나무꽃추출물, 트라이에틸시트레이트, 포타슘클로라이드, 글라이코리피드, 오렌지추출물, 자몽추출물, 베르가모트추출물, 탄제린추출물, 아스코빅애씨드, 녹차씨추출물, 락틱애씨드, 검정콩오일, 로부르참나무목부추출, 세라마이드엔피, 피토스핑고신, 로즈마리잎추출물, 하이드로제네이티드레시틴, 카놀라오일 / [샌달우드 인텐시브 헤어 오일] 다이메티콘, 세틸에틸헥사노에이트, 다이카프릴릴에터, C12-15알킬벤조에이트, 다이메티콘올, 아미노프로필다이메티콘, 향료 (샌달우드향 1.0 %), 리모넨, 토코페롤, 아르간커넬오일, 코코넛야자오일, 살구씨오일, 올리브오일, 호호바씨오일, 비자나무씨오일, 마룰라씨오일, 카프릴릭/카프릭트라이글리세라이드, 트라이에틸시트레이트, 퀸즈랜드넛오일, 생강오일, 로부르참나무목부추출물, 로즈힙꽃오일, 라벤더오일, 라임전초오일, 라즈베리씨오일, 크랜베리씨오일, 정제수, 세라마이드엔피, 콩폴리펩타이드, 캐모마일꽃수, 부틸렌글라이콜, 소나무잎추출물, 하이드롤라이즈드옥수수전분, 프로판다이올, 글라이신, 알라닌, 알지닌, 아스파틱애씨드, 라이신, 프롤린, 세린, 트레오닌, 잔탄검, 글루타믹애씨드, 하이드롤라이즈드식물성단백질, 에틸헥실글리세린, 소듐메타포스페이트, 1,2-헥산다이올, 편백잎추출물, 히스티딘, 페닐알라닌, 타이로신, 류신, 발린, 메티오닌, 아이소류신, 다시마추출물, 시스틴, 트립토판, 귀리펩타이드"
블랙티앤피그 소프트닝 헤어 오일,롱테이크,"다이메티콘, 세틸에틸헥사노에이트, 다이카프릴릴에터, C12-15알킬벤조에이트, 다이메티콘올, 아미노프로필다이메티콘, 향료 (블랙티앤피그향 0.5%), 리날룰, 리모넨, 시트로넬올, 토코페롤, 아르간커넬오일, 코코넛야자오일, 살구씨오일, 올리브오일, 호호바씨오일, 비자나무씨오일, 마룰라씨오일, 카프릴릭/카프릭트라이글리세라이드, 트라이에틸시트레이트, 퀸즈랜드넛오일, 생강오일, 로부르참나무목부추출물, 정제수, 로즈힙꽃오일, 라벤더오일, 라임전초오일, 라즈베리씨오일, 크랜베리씨오일, 부틸렌글라이콜, 세라마이드엔피, 콩폴리펩타이드, 캐모마일꽃수, 프로판다이올, 글라이신, 알라닌, 알지닌, 아스파틱애씨드, 라이신, 프롤린, 세린, 트레오닌, 잔탄검, 글루타믹애씨드, 하이드롤라이즈드식물성단백질, 에틸헥실글리세린, 소듐메타포스페이트, 1,2-헥산다이올, 편백잎추출물, 히스티딘, 페닐알라닌, 타이로신, 류신, 발린, 메티오닌, 아이소류신, 다시마추출물, 커먼자스민꽃추출물, 시스틴, 트립토판, 귀리펩타이드"
샌달우드 인텐시브 헤어 오일,롱테이크,"다이메티콘, 세틸에틸헥사노에이트, 다이카프릴릴에터, C12-15알킬벤조에이트, 다이메티콘올, 아미노프로필다이메티콘, 향료 (샌달우드향 1.0 %), 리모넨, 토코페롤, 아르간커넬오일, 코코넛야자오일, 살구씨오일, 올리브오일, 호호바씨오일, 비자나무씨오일, 마룰라씨오일, 카프릴릭/카프릭트라이글리세라이드, 트라이에틸시트레이트, 퀸즈랜드넛오일, 생강오일, 로부르참나무목부추출물, 로즈힙꽃오일, 라벤더오일, 라임전초오일, 라즈베리씨오일, 크랜베리씨오일, 정제수, 세라마이드엔피, 콩폴리펩타이드, 캐모마일꽃수, 부틸렌글라이콜, 소나무잎추출물, 하이드롤라이즈드옥수수전분, 프로판다이올, 글라이신, 알라닌, 알지닌, 아스파틱애씨드, 라이신, 프롤린, 세린, 트레오닌, 잔탄검, 글루타믹애씨드, 하이드롤라이즈드식물성단백질, 에틸헥실글리세린, 소듐메타포스페이트, 1,2-헥산다이올, 편백잎추출물, 히스티딘, 페닐알라닌, 타이로신, 류신, 발린, 메티오닌, 아이소류신, 다시마추출물, 시스틴, 트립토판, 귀리펩타이드"
블랙티앤피그 소프트닝 바디워시+바디로션,롱테이크,"[블랙티앤피그 소프트닝 바디워시] 정제수, 코코넛야자오일, 라우릴하이드록시설테인, 소듐C14-16올레핀설포네이트, 포타슘하이드록사이드, 향료(블랙티앤피그향 2.2%), 프로판다이올, 변성알코올, 헥실신남알, 부틸렌글라이콜, 리날룰, 시트로넬올, 리모넨, 글리세린, 자일리톨, 삼나무잎추출물, 동백나무잎추출물, 녹나무잎추출물, 편백잎추출물, 트라이에틸시트레이트, 동백나무꽃추출물, 동백나무씨오일, 녹차씨추출물, 검정콩오일, 세라마이드엔피, 은행나무잎추출물, 로부르참나무목부추출물, 피토스핑고신, 하이드로제네이티드레시틴, 로즈마리잎추출물, 카놀라오일 / [블랙티앤피그 소프트닝 바디로션] 정제수, 글리세린, 부틸렌글라이콜, 하이드로제네이티드쌀겨오일, 사이클로펜타실록세인, 나이아신아마이드, 하이드로제네이티드폴리(C6-14올레핀), 사이클로헥사실록세인, 다이메티콘, 세틸에틸헥사노에이트, 다이아이소스테아릴말레이트, 1,2-헥산다이올, 하이드록시에틸아크릴레이트/소듐아크릴로일다이메틸타우레이트코폴리머, 향료 (블랙티앤피그향 0.8%), 판테놀, C14-22알코올, 아라키딜알코올, 스테아릭애씨드, 글리세릴스테아레이트, 팔미틱애씨드, 베헤닐알코올, C12-20알킬글루코사이드, 글리세릴카프릴레이트, 아라키딜글루코사이드, 다이소듐이디티에이, 에틸헥실글리세린, 솔비탄아이소스테아레이트, 폴리솔베이트60, 아데노신, 헥실신남알, 리날룰, 시트로넬올, 리모넨, 프로판다이올, 하이드롤라이즈드옥수수전분, 소나무잎추출물, 글루코오스, 녹차씨추출물, 제라니올, 미리스틱애씨드, 아라키딕애씨드, 자일리톨, 세라마이드엔피, 삼나무잎추출물, 동백나무잎추출물, 녹나무잎추출물, 피토스핑고신, 하이드로제네이티드레시틴, 편백잎추출물, 트라이에틸시트레이트, 토코페롤, 동백나무꽃추출물, 동백나무씨오일, 검정콩오일, 은행나무잎추출물, 로부르참나무목부추출물, 녹차추출물, 오렌지추출물, 자몽추출물, 베르가모트추출물, 탄제린추출물, 아스코빅애씨드, 락틱애씨드, 로즈마리잎추출물, 시트릭애씨드, 카놀라오일"
샌달우드 인텐시브 바디워시+바디로션,롱테이크,"[샌달우드 인텐시브 바디워시] 정제수, 코코넛야자오일, 라우릴하이드록시설테인, 소듐C14-16올레핀설포네이트, 포타슘하이드록사이드, 향료(샌달우드향 2.2%), 프로판다이올, 변성알코올, 부틸렌글라이콜, 글리세린, 하이드롤라이즈드옥수수전분, 소나무잎추출물, 자일리톨, 삼나무잎추출물, 녹나무잎추출물, 편백잎추출물, 트라이에틸시트레이트, 동백나무씨오일, 녹차씨추출물, 검정콩오일, 세라마이드엔피, 은행나무잎추출물, 로부르참나무목부추출물, 피토스핑고신, 하이드로제네이티드레시틴, 로즈마리잎추출물, 카놀라오일 / [샌달우드 인텐시브 바디로션] 정제수, 글리세린, 부틸렌글라이콜, 하이드로제네이티드쌀겨오일, 사이클로펜타실록세인, 나이아신아마이드, 하이드로제네이티드폴리(C6-14올레핀), 사이클로헥사실록세인, 다이메티콘, 세틸에틸헥사노에이트, 다이아이소스테아릴말레이트, 1,2-헥산다이올, 향료 (샌달우드향 0.8%), 하이드록시에틸아크릴레이트/소듐아크릴로일다이메틸타우레이트코폴리머, 판테놀, C14-22알코올, 아라키딜알코올, 스테아릭애씨드, 글리세릴스테아레이트, 팔미틱애씨드, 베헤닐알코올, C12-20알킬글루코사이드, 글리세릴카프릴레이트, 아라키딜글루코사이드, 다이소듐이디티에이, 에틸헥실글리세린, 솔비탄아이소스테아레이트, 폴리솔베이트60, 아데노신, 프로판다이올, 하이드롤라이즈드옥수수전분, 소나무잎추출물, 글루코오스, 녹차씨추출물, 미리스틱애씨드, 아라키딕애씨드, 자일리톨, 세라마이드엔피, 삼나무잎추출물, 동백나무잎추출물, 녹나무잎추출물, 피토스핑고신, 하이드로제네이티드레시틴, 편백잎추출물, 트라이에틸시트레이트, 토코페롤, 동백나무꽃추출물, 동백나무씨오일, 검정콩오일, 은행나무잎추출물, 로부르참나무목부추출물, 녹차추출물, 오렌지추출물, 자몽추출물, 베르가모트추출물, 탄제린추출물, 아스코빅애씨드, 락틱애씨드, 로즈마리잎추출물, 시트릭애씨드, 카놀라오일"
블랙티앤피그 소프트닝 샴푸+트리트먼트,롱테이크,"[블랙티앤피그 소프트닝 샴푸] 정제수, 소듐C14-16올레핀설포네이트, 솔비톨, 라우릴하이드록시설테인, 향료(블랙티앤피그향 2.2%), 다이소듐라우레스설포석시네이트, 코카미도프로필베타인, 코코-글루코사이드, 코카마이드메틸엠이에이, 변성알코올, 카페인, 폴리쿼터늄-10, 소듐살리실레이트, 소듐클로라이드, 소듐시트레이트, 시트릭애씨드, 피피지-3카프릴릴에터, 헥실신남알, 테트라소듐이디티에이, 부틸렌글라이콜, 리날룰, 소듐벤조에이트, 시트로넬올, 리모넨, 하이드롤라이즈드옥수수전분, 소나무잎추출물, 글리세린, 에탄올, 폴리쿼터늄-11, 녹차추출물, 동백나무씨오일, 프로판다이올, 동백나무잎추출물, 편백잎추출물, 콩폴리펩타이드, 동백나무꽃추출물, 트라이에틸시트레이트, 포타슘클로라이드, 글라이코리피드, 오렌지추출물, 자몽추출물, 베르가모트추출물, 탄제린추출물, 아스코빅애씨드, 녹차씨추출물, 락틱애씨드, 검정콩오일, 로부르참나무목부추출, 세라마이드엔피, 피토스핑고신, 로즈마리잎추출물, 하이드로제네이티드레시틴, 카놀라오일 / [블랙티앤피그 소프트닝 트리트먼트] 정제수, 다이메티콘, 부틸렌글라이콜, 다이프로필렌글라이콜, 스테아릴알코올, 베헨트라이모늄메토설페이트, 세틸알코올, 향료(블랙티앤피그향 2.2%), 아모다이메티콘, 카페인, 다이메티콘올, 트라이메틸실록시실리케이트, 다마스크장미꽃추출물, 폴리프로필실세스퀴옥세인, 아미노프로필다이메티콘, 프로판다이올, 카프릴릴메티콘, 헥실신남알, 1,2-헥산다이올, 에틸헥실글리세린, 소듐메타포스페이트, 시트릭애씨드, 캐모마일꽃수, 리날룰, 하이드롤라이즈드식물성단백질, 시트로넬올, 리모넨, 스테아트라이모늄클로라이드, 검정콩추출물, 락틱애씨드, 소듐벤조에이트, 비자나무씨오일, 커먼자스민꽃추출물, 트라이에틸시트레이트, 글리세린, 동백나무씨오일, 세라마이드엔피, 편백잎추출물, 콩폴리펩타이드, 토코페롤, 다시마추출물, 로부르참나무목부추출물, 귀리펩타이드, 알지닌, 세린, 글루타믹애씨드, 트레오닌, 류신, 프롤린, 아스파틱애씨드, 아이소류신, 글라이신, 피토스핑고신, 하이드로제네이티드레시틴, 페닐알라닌, 알라닌, 타이로신, 라이신, 히스티딘, 잔탄검, 발린, 메티오닌, 시스틴, 트립토판"
샌달우드 인텐시브 샴푸+트리트먼트,롱테이크,"[샌달우드 인텐시브 샴푸] 정제수, 소듐C14-16올레핀설포네이트, 솔비톨, 라우릴하이드록시설테인, 향료(샌달우드향 2.2%), 다이소듐라우레스설포석시네이트, 코카미도프로필베타인, 코코-글루코사이드, 코카마이드메틸엠이에이, 변성알코올, 카페인, 폴리쿼터늄-10, 소듐살리실레이트, 소듐클로라이드, 소듐시트레이트, 시트릭애씨드, 피피지-3카프릴릴에터, 테트라소듐이디티에이, 부틸렌글라이콜, 리날룰, 소듐벤조에이트, 리모넨, 하이드롤라이즈드옥수수전분, 소나무잎추출물, 글리세린, 에탄올, 폴리쿼터늄-11, 녹차추출물, 동백나무씨오일, 프로판다이올, 동백나무잎추출물, 편백잎추출물, 콩폴리펩타이드, 동백나무꽃추출물, 트라이에틸시트레이트, 포타슘클로라이드, 글라이코리피드, 오렌지추출물, 자몽추출물, 베르가모트추출물, 탄제린추출물, 아스코빅애씨드, 녹차씨추출물, 락틱애씨드, 검정콩오일, 로부르참나무목부추출, 세라마이드엔피, 피토스핑고신, 로즈마리잎추출물, 하이드로제네이티드레시틴, 카놀라오일 / [샌달우드 인텐시브 트리트먼트] 정제수, 다이메티콘, 부틸렌글라이콜, 다이프로필렌글라이콜, 스테아릴알코올, 베헨트라이모늄메토설페이트, 세틸알코올, 향료(샌달우드향 2.2%), 아모다이메티콘, 카페인, 다이메티콘올, 트라이메틸실록시실리케이트, 다마스크장미꽃추출물, 폴리프로필실세스퀴옥세인, 아미노프로필다이메티콘, 프로판다이올, 카프릴릴메티콘, 1,2-헥산다이올, 에틸헥실글리세린, 소듐메타포스페이트, 시트릭애씨드, 캐모마일꽃수, 하이드롤라이즈드식물성단백질, 스테아트라이모늄클로라이드, 하이드롤라이즈드옥수수전분, 소나무잎추출물, 검정콩추출물, 락틱애씨드, 소듐벤조에이트, 비자나무씨오일, 트라이에틸시트레이트, 글리세린, 동백나무씨오일, 세라마이드엔피, 편백잎추출물, 콩폴리펩타이드, 토코페롤, 다시마추출물, 로부르참나무목부추출물, 귀리펩타이드, 알지닌, 세린, 글루타믹애씨드, 트레오닌, 류신, 프롤린, 아스파틱애씨드, 아이소류신, 글라이신, 피토스핑고신, 하이드로제네이티드레시틴, 페닐알라닌, 알라닌, 타이로신, 라이신, 히스티딘, 잔탄검, 발린, 메티오닌, 시스틴, 트립토판"
오드 퍼퓸  20ml,롱테이크,"변성알코올, 향료, 정제수, 리모넨, 부틸렌글라이콜, 제라니올, 리날룰, 파네솔, 시트랄, 편백잎추출물"
비벨벳 커버쿠션 기획세트 SPF42/PA++,에스쁘아,"정제수, 티타늄디옥사이드 (CI 77891), 메틸트라이메티콘, 다이메티콘, 호모살레이트, 부틸렌글라이콜, 티타늄디옥사이드, 라우릴폴리글리세릴-3폴리다이메틸실록시에틸다이메티콘, 실리카, 아이소도데케인, 다이아이소프로필세바케이트, 아크릴레이트/폴리트라이메틸실록시메타크릴레이트코폴리머, 트라이실록세인, 글리세린, 소듐클로라이드, 비닐다이메티콘/메티콘실세스퀴옥세인크로스폴리머, 브이피/헥사데센코폴리머, 1,2-헥산다이올, 변성알코올, 마그네슘/포타슘/실리콘/플루오라이드/하이드록사이드/옥사이드, 다이메티콘크로스폴리머, 알루미늄하이드록사이드, 아크릴레이트/다이메티콘코폴리머, 황색산화철, 다이스테아다이모늄헥토라이트, 트라이하이드록시스테아린, 트라이에톡시카프릴릴실레인, 스테아릭애씨드, 카프릴릴글라이콜, 폴리실리콘-11, 향료, 적색산화철, 글리세릴카프릴레이트, 쌀겨왁스, 글리세릴운데실다이메티콘, 소듐코코일글루타메이트, 흑색산화철, 하이알루로닉애씨드, 라우로일라이신, 알지닌, 토코페롤, 하이드롤라이즈드식물성단백질"
노웨어 립스틱 바밍글로우 3g,에스쁘아,"다이펜타에리스리틸펜타아이소스테아레이트, 카프릴릭/카프릭트라이글리세라이드, 옥틸도데칸올, 피토스테릴/옥틸도데실라우로일글루타메이트, 글리세릴운데실다이메티콘, 다이페닐다이메티콘, 합성왁스, 피토스테릴/이소스테아릴/세틸/스테아릴/베헤닐다이머디리놀리에이트, 폴리글리세릴-2트라이아이소스테아레이트, 아크릴레이트/스테아릴아크릴레이트/다이메티콘메타크릴레이트코폴리머, 라우릴폴리글리세릴-3폴리다이메틸실록시에틸다이메티콘, 적색202호, 적색201호, 황색5호, 에틸렌/프로필렌코폴리머, 다이메티콘, 적색산화철, 향료, 토코페롤, 흑색산화철"
더 브로우 밸런스 펜슬 0.1g,에스쁘아,"흑색산화철, 하이드로제네이티드코코-글리세라이즈, 마이카, 황색산화철, 티타늄디옥사이드 (CI 77891), 징크스테아레이트, 검양옻나무열매왁스, 팔미틱애씨드, 적색산화철, 스테아릭애씨드, 카나우바왁스, 마이크로크리스탈린왁스, 합성비즈왁스, 합성왁스, 폴리글리세릴-2트라이아이소스테아레이트, 폴리부텐, 폴리하이드록시스테아릭애씨드, 다이메티콘, 레시틴, 에틸헥실팔미테이트, 아이소스테아릭애씨드, 아이소프로필미리스테이트, 폴리글리세릴-3폴리리시놀리에이트, 카프릴릴글라이콜, 글리세릴카프릴레이트"
꾸뛰르 립 틴트 글레이즈 4g,에스쁘아,"정제수, 다이아이소스테아릴말레이트, 비스-다이글리세릴폴리아실아디페이트-2, 비스-베헤닐/아이소스테아릴/피토스테릴다이머다이리놀레일다이머다이리놀리에이트, 하이드로제네이티드폴리아이소부텐, 다이글리세린, 다이페닐다이메티콘, 세틸피이지/피피지-10/1다이메티콘, 트라이메틸실록시페닐다이메티콘, 폴리솔베이트60, 펜틸렌글라이콜, 솔비탄아이소스테아레이트, 폴리글리세릴-4아이소스테아레이트, 페녹시에탄올, 하이드록시에틸아크릴레이트/소듐아크릴로일다이메틸타우레이트코폴리머, 세테아레스-20, 스쿠알란, 향료, 황색5호, 소듐다이라우미도글루타미드라이신, 에틸헥실글리세린, 적색227호, 트라이소듐에틸렌다이아민다이석시네이트, 황색4호, 적색104호의(1)"
비글로우 볼륨쿠션 에어 퍼프 1ea,에스쁘아,해당사항없음
리얼 아이 애교살 스틱,에스쁘아,"[champagne beam-7mm] C12-15알킬에틸헥사노에이트, 마이카, 티타늄디옥사이드 (CI 77891), 폴리글리세릴-2트라이아이소스테아레이트, 트라이에틸헥사노인, 합성플루오르플로고파이트, 합성왁스, 폴리페닐실세스퀴옥세인, 하이드로제네이티드코코넛오일, 폴리아이소부텐, 옥틸도데칸올, 검양옻나무열매왁스, 아크릴레이트/스테아릴아크릴레이트/다이메티콘메타크릴레이트코폴리머, 마이크로크리스탈린왁스, 합성비즈왁스, 적색산화철, 비닐다이메티콘/메티콘실세스퀴옥세인크로스폴리머, 세레신, 스테아릭애씨드, 다이스테아다이모늄헥토라이트, 카민, 프로필렌카보네이트, 다이메티콘, 비에이치티 [champagne beam-3mm] 티타늄디옥사이드 (CI 77891), C12-15알킬에틸헥사노에이트, 페닐트라이메티콘, 폴리글리세릴-2트라이아이소스테아레이트, 합성왁스, 마이카, 칸데릴라왁스, 브이피/헥사데센코폴리머, 폴리아이소부텐, 황색산화철, 흑색산화철, 적색산화철, 카나우바왁스, 폴리하이드록시스테아릭애씨드, 비닐다이메티콘/메티콘실세스퀴옥세인크로스폴리머, 에틸헥실팔미테이트, 레시틴, 아이소스테아릭애씨드, 아이소프로필미리스테이트, 폴리글리세릴-3폴리리시놀리에이트, 카프릴릴글라이콜, 글리세릴카프릴레이트"
비글로우 파운데이션 SPF27/PA++ 30g,에스쁘아,"정제수, 다이페닐실록시페닐트라이메티콘, 티타늄디옥사이드 (CI 77891), 메틸트라이메티콘, 에칠헥실메톡시신나메이트, 글리세린, 부틸렌글라이콜, 라우릴피이지-9폴리다이메틸실록시에틸다이메티콘, 아이소도데케인, 트라이메틸실록시실리케이트, 아이소노닐아이소노나노에이트, 실리카, 폴리페닐실세스퀴옥세인, 다이아이소스테아릴말레이트, 라우릴폴리글리세릴-3폴리다이메틸실록시에틸다이메티콘, 1,2-헥산다이올, 하이드로제네이티드폴리아이소부텐, 다이스테아다이모늄헥토라이트, 소듐클로라이드, 아크릴레이트/폴리트라이메틸실록시메타크릴레이트코폴리머, 다이메티콘, 트라이에틸헥사노인, 트라이하이드록시스테아린, 알루미늄하이드록사이드, 향료, 적색산화철, 트라이에톡시카프릴릴실레인, 카프릴릴글라이콜, 비닐다이메티콘/라우릴다이메티콘크로스폴리머, 아크릴레이트/다이메티콘코폴리머, 에틸헥실글리세린, 황색산화철, 다이소듐이디티에이, 프로필렌카보네이트, 흑색산화철, 비에이치티, 토코페롤, 프로판다이올, 소듐하이알루로네이트, 수용성콜라겐, 하이드롤라이즈드하이알루로닉애씨드, 소듐하이알루로네이트크로스폴리머, 하이알루로닉애씨드, 아세틸헵타펩타이드-4, 소듐아세틸레이티드하이알루로네이트, 아세틸헥사펩타이드-8, 소듐하이드록사이드, 아세틸옥타펩타이드-3"
아이 오프닝 펜슬 0.3g,에스쁘아,"메틸트라이메티콘, 트라이메틸실록시실리케이트, 흑색산화철, 합성왁스, 마이카, 티타늄디옥사이드 (CI 77891), 마이크로크리스탈린왁스, C13-15알케인, 세틸피이지/피피지-10/1다이메티콘, 폴리글리세릴-3폴리리시놀리에이트, 황색산화철, 트라이에톡시카프릴릴실레인, 페녹시에탄올, 적색산화철, 다이스테아다이모늄헥토라이트, 알루미늄하이드록사이드"
스트로빙 하이라이터 8g,에스쁘아,"다이메티콘, 실리카, 알루미나, 마이카, 티타늄디옥사이드 (CI 77891), 합성플루오르플로고파이트, 하이드로제네이티드폴리아이소부텐, 다이메티콘/비닐다이메티콘크로스폴리머, 다이아이소스테아릴말레이트, 마그네슘미리스테이트, 징크스테아레이트, 카프릴릴글라이콜, 에틸헥실글리세린, 틴옥사이드, 적색산화철, 라우레스-4, 정제수, 황색산화철, 코코-카프릴레이트/카프레이트, 토코페롤, 글리세린, 캐스터오일/아이피디아이코폴리머, 카프릴릭/카프릭/석시닉트라이글리세라이드, 트라이에톡시카프릴릴실레인, 1,2-헥산다이올, 소듐하이알루로네이트, 수용성콜라겐, 하이드록시프로필트라이모늄하이알루로네이트, 하이드롤라이즈드하이알루로닉애씨드, 소듐아세틸레이티드하이알루로네이트, 하이알루로닉애씨드, 소듐하이알루로네이트크로스폴리머, 하이드롤라이즈드소듐하이알루로네이트, 포타슘하이알루로네이트"
꾸뛰르 립 틴트 피팅 블러 4g,에스쁘아,"다이메티콘, 아이소도데케인, 폴리실리콘-11, 폴리글리세릴-2트라이아이소스테아레이트, 합성왁스, 다이메티콘/폴리글리세린-3크로스폴리머, 다이메티콘크로스폴리머, 브이피/헥사데센코폴리머, 다이메티콘/비닐다이메티콘크로스폴리머, 적색226호, 티타늄디옥사이드 (CI 77891), 적색104호의(1), 적색202호, 폴리하이드록시스테아릭애씨드, 다이스테아다이모늄헥토라이트, 황색5호, 적색산화철, 레시틴, 에틸헥실팔미테이트, 아이소스테아릭애씨드, 아이소프로필미리스테이트, 프로필렌카보네이트, 폴리글리세릴-3폴리리시놀리에이트, 향료, 실리카, 다이프로필렌글라이콜, 청색1호, 알루미늄하이드록사이드, 트라이에톡시카프릴릴실레인, 소듐시트레이트, 토코페롤, 흑색산화철"
아이 코어 팔레트 9g,에스쁘아,"[1] 탤크, 마이카, 티타늄디옥사이드 (CI 77891), 메틸메타크릴레이트크로스폴리머, 에이치디아이/트라이메틸올헥실락톤크로스폴리머, 알루미늄전분옥테닐석시네이트, 다이메티콘, 폴리프로필렌, 헥실라우레이트, 페닐트라이메티콘, 다이아이소스테아릴말레이트, 알루미늄미리스테이트, 하이드로제네이티드폴리아이소부텐, 다이펜타에리스리틸헥사하이드록시스테아레이트/헥사스테아레이트/헥사로지네이트, 글리세릴카프릴레이트, 에틸헥실글리세린, 알루미늄하이드록사이드, 트라이에톡시카프릴릴실레인, 실리카, 황색산화철, 적색산화철, 적색226호 [2] 탤크, 마이카, 에이치디아이/트라이메틸올헥실락톤크로스폴리머, 메틸메타크릴레이트크로스폴리머, 알루미늄전분옥테닐석시네이트, 티타늄디옥사이드 (CI 77891), 다이메티콘, 폴리프로필렌, 헥실라우레이트, 페닐트라이메티콘, 다이아이소스테아릴말레이트, 알루미늄미리스테이트, 하이드로제네이티드폴리아이소부텐, 황색산화철, 적색산화철, 다이펜타에리스리틸헥사하이드록시스테아레이트/헥사스테아레이트/헥사로지네이트, 글리세릴카프릴레이트, 알루미늄하이드록사이드, 에틸헥실글리세린, 실리카, 적색226호, 흑색산화철, 트라이에톡시카프릴릴실레인 [3] 탤크, 마이카, 에이치디아이/트라이메틸올헥실락톤크로스폴리머, 메틸메타크릴레이트크로스폴리머, 알루미늄전분옥테닐석시네이트, 티타늄디옥사이드 (CI 77891), 다이메티콘, 폴리프로필렌, 헥실라우레이트, 페닐트라이메티콘, 다이아이소스테아릴말레이트, 알루미늄미리스테이트, 하이드로제네이티드폴리아이소부텐, 알루미늄하이드록사이드, 황색산화철, 다이펜타에리스리틸헥사하이드록시스테아레이트/헥사스테아레이트/헥사로지네이트, 글리세릴카프릴레이트, 적색226호, 에틸헥실글리세린, 실리카, 적색산화철, 트라이에톡시카프릴릴실레인, 흑색산화철 [4] 합성플루오르플로고파이트, 탤크, 칼슘티타늄보로실리케이트, 티타늄디옥사이드 (CI 77891), 칼슘알루미늄보로실리케이트, 페닐트라이메티콘, 트라이에틸헥사노인, 마이카, 다이아이소스테아릴말레이트, 징크스테아레이트, 비스-베헤닐/아이소스테아릴/피토스테릴다이머다이리놀레일다이머다이리놀리에이트, 하이드로제네이티드폴리아이소부텐, 메틸메타크릴레이트크로스폴리머, 나일론-12, 트라이에톡시카프릴릴실레인, 에틸헥실글리세린, 글리세릴카프릴레이트, 틴옥사이드, 적색산화철, 알루미늄하이드록사이드 [5] 탤크, 마이카, 메틸메타크릴레이트크로스폴리머, 에이치디아이/트라이메틸올헥실락톤크로스폴리머, 알루미늄전분옥테닐석시네이트, 티타늄디옥사이드 (CI 77891), 다이메티콘, 폴리프로필렌, 헥실라우레이트, 적색산화철, 페닐트라이메티콘, 다이아이소스테아릴말레이트, 알루미늄미리스테이트, 하이드로제네이티드폴리아이소부텐, 알루미늄하이드록사이드, 다이펜타에리스리틸헥사하이드록시스테아레이트/헥사스테아레이트/헥사로지네이트, 에틸헥실글리세린, 황색산화철, 글리세릴카프릴레이트, 실리카, 적색226호, 트라이에톡시카프릴릴실레인, 흑색산화철 [6] 폴리메틸실세스퀴옥세인, 칼슘티타늄보로실리케이트, 다이아이소스테아릴말레이트, 다이메티콘, 탤크, 페닐트라이메티콘, 다이메티콘/비닐다이메티콘크로스폴리머, 티타늄디옥사이드 (CI 77891), 폴리프로필렌, 칼슘알루미늄보로실리케이트, 하이드로제네이티드폴리아이소부텐, 합성플루오르플로고파이트, 마이카, 1,2-헥산다이올, 에틸헥실글리세린, 글리세릴카프릴레이트, 실리카, 틴옥사이드, 적색산화철, 크로뮴옥사이드그린, 황색4호, 적색226호, 트라이에톡시카프릴릴실레인, 알루미늄하이드록사이드 [7] 탤크, 마이카, 메틸메타크릴레이트크로스폴리머, 에이치디아이/트라이메틸올헥실락톤크로스폴리머, 알루미늄전분옥테닐석시네이트, 다이메티콘, 폴리프로필렌, 티타늄디옥사이드 (CI 77891), 헥실라우레이트, 페닐트라이메티콘, 다이아이소스테아릴말레이트, 알루미늄미리스테이트, 하이드로제네이티드폴리아이소부텐, 다이펜타에리스리틸헥사하이드록시스테아레이트/헥사스테아레이트/헥사로지네이트, 글리세릴카프릴레이트, 황색산화철, 적색산화철, 에틸헥실글리세린, 흑색산화철, 실리카, 알루미늄하이드록사이드, 트라이에톡시카프릴릴실레인, 적색226호 [8] 탤크, 마이카, 메틸메타크릴레이트크로스폴리머, 에이치디아이/트라이메틸올헥실락톤크로스폴리머, 알루미늄전분옥테닐석시네이트, 티타늄디옥사이드 (CI 77891), 다이메티콘, 폴리프로필렌, 헥실라우레이트, 울트라마린, 적색산화철, 페닐트라이메티콘, 다이아이소스테아릴말레이트, 알루미늄미리스테이트, 하이드로제네이티드폴리아이소부텐, 황색산화철, 다이펜타에리스리틸헥사하이드록시스테아레이트/헥사스테아레이트/헥사로지네이트, 에틸헥실글리세린, 글리세릴카프릴레이트, 실리카, 흑색산화철, 트라이에톡시카프릴릴실레인, 알루미늄하이드록사이드 [9] 탤크, 마이카, 마그네슘/포타슘/실리콘/플루오라이드/하이드록사이드/옥사이드, 보론나이트라이드, 티타늄디옥사이드 (CI 77891), 마그네슘스테아레이트, 흑색산화철, 황색산화철, 나일론-12, 적색산화철, 헥실라우레이트, 페닐트라이메티콘, 다이아이소스테아릴말레이트, 옥틸도데실스테아로일스테아레이트, 다이펜타에리스리틸헥사하이드록시스테아레이트/헥사스테아레이트/헥사로지네이트, 트라이에톡시카프릴릴실레인, 아이소스테아릴네오펜타노에이트, 에틸헥실글리세린, 하이드로젠다이메티콘, 글리세릴카프릴레이트, 알루미늄하이드록사이드 [10] 탤크, 마이카, 메틸메타크릴레이트크로스폴리머, 에이치디아이/트라이메틸올헥실락톤크로스폴리머, 알루미늄전분옥테닐석시네이트, 다이메티콘, 폴리프로필렌, 헥실라우레이트, 티타늄디옥사이드 (CI 77891), 적색산화철, 페닐트라이메티콘, 다이아이소스테아릴말레이트, 황색산화철, 울트라마린, 흑색산화철, 알루미늄미리스테이트, 하이드로제네이티드폴리아이소부텐, 다이펜타에리스리틸헥사하이드록시스테아레이트/헥사스테아레이트/헥사로지네이트, 에틸헥실글리세린, 글리세릴카프릴레이트, 실리카, 트라이에톡시카프릴릴실레인, 알루미늄하이드록사이드 [11] 칼슘티타늄보로실리케이트, 마이카, 탤크, 티타늄디옥사이드 (CI 77891), 페닐트라이메티콘, 칼슘알루미늄보로실리케이트, 트라이에틸헥사노인, 다이아이소스테아릴말레이트, 나일론-12, 징크스테아레이트, 비스-베헤닐/아이소스테아릴/피토스테릴다이머다이리놀레일다이머다이리놀리에이트, 하이드로제네이티드폴리아이소부텐, 메틸메타크릴레이트크로스폴리머, 적색산화철, 에틸헥실글리세린, 글리세릴카프릴레이트, 틴옥사이드, 알루미늄하이드록사이드, 적색226호, 트라이에톡시카프릴릴실레인 [12] 탤크, 마이카, 흑색산화철, 메틸메타크릴레이트크로스폴리머, 에이치디아이/트라이메틸올헥실락톤크로스폴리머, 알루미늄전분옥테닐석시네이트, 티타늄디옥사이드 (CI 77891), 황색산화철, 적색산화철, 폴리프로필렌, 다이메티콘, 헥실라우레이트, 페닐트라이메티콘, 다이아이소스테아릴말레이트, 알루미늄미리스테이트, 하이드로제네이티드폴리아이소부텐, 알루미늄하이드록사이드, 울트라마린, 다이펜타에리스리틸헥사하이드록시스테아레이트/헥사스테아레이트/헥사로지네이트, 글리세릴카프릴레이트, 에틸헥실글리세린, 실리카, 적색226호, 트라이에톡시카프릴릴실레인"
노웨어 립스틱 볼륨 매트,에스쁘아,"C18-21알케인, 다이메티콘, 다이페닐다이메티콘/비닐다이페닐다이메티콘/실세스퀴옥세인크로스폴리머, 마그네슘/포타슘/실리콘/플루오라이드/하이드록사이드/옥사이드, 폴리글리세릴-2트라이아이소스테아레이트, 합성왁스, 카프릴릴메티콘, 펜타에리스리틸테트라아이소스테아레이트, 다이메티콘크로스폴리머, 티타늄디옥사이드 (CI 77891), 트라이메틸실록시실리케이트, 마이크로크리스탈린왁스, 칸데릴라왁스, 적색산화철, 다이스테아다이모늄헥토라이트, 에틸렌/프로필렌코폴리머, 라우릴폴리글리세릴-3폴리다이메틸실록시에틸다이메티콘, 적색202호, 폴리메틸실세스퀴옥세인, 세테아릴다이메티콘크로스폴리머, 소듐코코일글루타메이트, 청색1호, 프로필렌카보네이트, 향료, 적색201호, 라우로일라이신, 트라이에톡시카프릴릴실레인, 알루미늄하이드록사이드, 글리세린, 세라마이드엔피, 정제수, 토코페롤, 1,2-헥산다이올, 수용성콜라겐, 다마스크장미꽃추출물"
프로테일러 비내추럴 쿠션 SPF50+/PA++++,에스쁘아,"정제수, 트라이메틸실록시실리케이트, 호모살레이트, 부틸옥틸살리실레이트, 티타늄디옥사이드 (CI 77891), 에칠헥실살리실레이트, 다이페닐실록시페닐트라이메티콘, 사이클로펜타실록세인, 징크옥사이드, 티타늄디옥사이드, 글리세린, 부틸렌글라이콜, 라우릴피이지-10트리스(트라이메틸실록시)실릴에틸다이메티콘, 페닐트라이메티콘, 나이아신아마이드, 세틸피이지/피피지-10/1다이메티콘, 아크릴레이트/다이메티콘코폴리머, 다이메티콘, 다이스테아다이모늄헥토라이트, 마그네슘설페이트, 폴리메틸실세스퀴옥세인, 솔비탄세스퀴올리에이트, 프로판다이올, 1,2-헥산다이올, 다이메티콘/비닐다이메티콘크로스폴리머, 황색산화철, 글리세릴베헤네이트/에이코사디오에이트, 트라이에톡시카프릴릴실레인, 스테아릭애씨드, 카프릴릴글라이콜, 향료, 실리카다이메틸실릴레이트, 알루미늄하이드록사이드, 알루미나, 에틸헥실글리세린, 적색산화철, 아데노신, 흑색산화철, 석류추출물, 하이드롤라이즈드식물성단백질, 토코페롤, 펜타에리스리틸테트라-다이-T-부틸하이드록시하이드로신나메이트, 소듐하이알루로네이트, 하이알루로닉애씨드, 아스코빅애씨드, 레스베라트롤"
더브로우 컬러 픽싱 카라 3g,에스쁘아,"아이소도데케인, 트라이메틸실록시실리케이트, 탤크, 합성왁스, 티타늄디옥사이드 (CI 77891), 황색산화철, 다이스테아다이모늄헥토라이트, 하이드로제네이티드폴리아이소부텐, 적색산화철, 흑색산화철, 덱스트린팔미테이트/에틸헥사노에이트, 프로필렌카보네이트, 폴리프로필실세스퀴옥세인, 알루미늄미리스테이트, 트라이에톡시카프릴릴실레인, 글리세릴카프릴레이트, 알루미늄하이드록사이드"
워터 스플래쉬 선크림 세라마이드 기획세트 SPF50+/PA++++,에스쁘아,"정제수, 부틸렌글라이콜, C12-15알킬벤조에이트, 에칠헥실메톡시신나메이트, 티타늄디옥사이드, 비스-에칠헥실옥시페놀메톡시페닐트리아진, 디에칠아미노하이드록시벤조일헥실벤조에이트, 사이클로펜타실록세인, 실리카, 사이클로헥사실록세인, 다이페닐실록시페닐트라이메티콘, 1,2-헥산다이올, 폴리아크릴레이트-13, 알루미늄스테아레이트, 폴리하이드록시스테아릭애씨드, 알루미나, 폴리아이소부텐, 스테아릭애씨드, 향료, 카프릴릴글라이콜, 카보머, 다이소듐이디티에이, 에틸헥실글리세린, 폴리솔베이트20, 솔비탄아이소스테아레이트, 적색산화철, 황색산화철, 세라마이드엔피, 프로판다이올, 비에이치티, 병풀꽃/잎/줄기추출물, 창포뿌리추출물, 토코페롤, 아세틸테트라펩타이드-5"
비글로우 볼륨 쿠션 SPF42/PA+++,에스쁘아,"정제수, 페닐트라이메티콘, 티타늄디옥사이드 (CI 77891), 호모살레이트, 프로판다이올, 카프릴릴메티콘, 다이메티콘, 아이소노닐아이소노나노에이트, 티타늄디옥사이드, 트라이메틸실록시실리케이트, 옥틸도데실네오펜타노에이트, 비스-다이글리세릴폴리아실아디페이트-2, 나이아신아마이드, 라우릴폴리글리세릴-3폴리다이메틸실록시에틸다이메티콘, 폴리글리세릴-6폴리리시놀리에이트, 다이스테아다이모늄헥토라이트, 아이소도데케인, 1,2-헥산다이올, 합성왁스, 알루미늄하이드록사이드, 스테아릭애씨드, 폴리글리세릴-2아이소스테아레이트, 소듐클로라이드, 비닐다이메티콘/메티콘실세스퀴옥세인크로스폴리머, 폴리하이드록시스테아릭애씨드, 솔비탄세스퀴올리에이트, 다이소듐스테아로일글루타메이트, 카프릴릴글라이콜, 향료, 황색산화철, 토코페릴리놀리에이트, 비스머스옥시클로라이드, 소듐메타포스페이트, 글리세릴카프릴레이트, 에틸헥실글리세린, 레시틴, 적색산화철, 아데노신, 에틸헥실팔미테이트, 아이소스테아릭애씨드, 아이소프로필미리스테이트, 폴리글리세릴-3폴리리시놀리에이트, 흑색산화철, 티몰트라이메톡시신나메이트, 글루타티온, 락토바실러스발효용해물, 트라이에톡시카프릴릴실레인, 부틸렌글라이콜, 토코페롤, 글리세린, 하이드롤라이즈드식물성단백질"
베어 글로우 립밤 3g,에스쁘아,"하이드로제네이티드폴리아이소부텐, 다이아이소스테아릴말레이트, 하이드로제네이티드캐스터오일다이머다이리놀레에이트, 비스-다이글리세릴폴리아실아디페이트-2, 카프릴릭/카프릭트라이글리세라이드, 합성왁스, 폴리글리세릴-2트라이아이소스테아레이트, 시어버터, 실리카다이메틸실릴레이트, 옥틸도데칸올, 에틸렌/프로필렌코폴리머, 폴리아마이드-8, 칸데릴라왁스, 시어버터불검화물, 폴리하이드록시스테아릭애씨드, 티타늄디옥사이드 (CI 77891), 다이메티콘, 향료, 레시틴, 에틸헥실팔미테이트, 아이소스테아릭애씨드, 아이소프로필미리스테이트, 락틱애씨드, 폴리글리세릴-3폴리리시놀리에이트, 적색223호, 정제수, 적색202호, 적색226호, 펜타에리스리틸테트라-다이-T-부틸하이드록시하이드로신나메이트, 락토바실러스발효용해물, 아스코빅애씨드, 토코페롤, 프로판다이올, 글리세린, 아라비아고무나무검, 울금뿌리추출물, 말토덱스트린, 1,2-헥산다이올, 에틸헥실글리세린"
스키니 픽스 블렌더,에스쁘아,해당사항없음
아이 코어 팔레트 기획세트,에스쁘아,"""[Minnie] 탤크, 티타늄디옥사이드 (CI 77891), 마이카, 메틸메타크릴레이트크로스폴리머, 에이치디아이/트라이메틸올헥실락톤크로스폴리머, 알루미늄전분옥테닐석시네이트, 폴리프로필렌, 하이드록시아파타이트, 다이메티콘, 헥실라우레이트, 페닐트라이메티콘, 다이아이소스테아릴말레이트, 1,2-헥산다이올, 알루미늄미리스테이트, 하이드로제네이티드폴리아이소부텐, 알루미늄하이드록사이드, 트라이에톡시카프릴릴실레인, 다이펜타에리스리틸헥사하이드록시스테아레이트/헥사스테아레이트/헥사로지네이트, 에틸헥실글리세린, 글리세릴카프릴레이트, 실리카, 황색산화철, 적색산화철, 아이소프로필티타늄트라이아이소스테아레이트, 적색226호, 미리스틱애씨드 [choose] 폴리프로필렌, 칼슘티타늄보로실리케이트, 칼슘알루미늄보로실리케이트, 알루미늄전분옥테닐석시네이트, 페닐트라이메티콘, 다이아이소스테아릴말레이트, 비스-다이글리세릴폴리아실아디페이트-2, 비스-베헤닐/아이소스테아릴/피토스테릴다이머다이리놀레일다이머다이리놀리에이트, 징크스테아레이트, 헥실라우레이트, 카프릴릭/카프릭트라이글리세라이드, 폴리부틸렌테레프탈레이트, 티타늄디옥사이드 (CI 77891), 아크릴레이트코폴리머, 에틸렌/브이에이코폴리머, 하이드로제네이티드유채씨오일, 1,2-헥산다이올, 실리카, 에틸헥실글리세린, 글리세릴카프릴레이트, 틴옥사이드, 황색4호, 황색산화철 [super hype] 탤크, 마이카, 티타늄디옥사이드 (CI 77891), 메틸메타크릴레이트크로스폴리머, 에이치디아이/트라이메틸올헥실락톤크로스폴리머, 알루미늄전분옥테닐석시네이트, 칼슘티타늄보로실리케이트, 폴리프로필렌, 다이메티콘, 헥실라우레이트, 페닐트라이메티콘, 다이아이소스테아릴말레이트, 알루미늄하이드록사이드, 1,2-헥산다이올, 알루미늄미리스테이트, 황색산화철, 하이드로제네이티드폴리아이소부텐, 적색산화철, 황색4호, 다이펜타에리스리틸헥사하이드록시스테아레이트/헥사스테아레이트/헥사로지네이트, 에틸헥실글리세린, 적색226호, 트라이에톡시카프릴릴실레인, 울트라마린, 글리세릴카프릴레이트, 실리카, 틴옥사이드 [track] 티타늄디옥사이드 (CI 77891), 마이카, 칼슘알루미늄보로실리케이트, 탤크, 페닐트라이메티콘, 트라이에틸헥사노인, 다이아이소스테아릴말레이트, 메틸메타크릴레이트크로스폴리머, 징크스테아레이트, 비스-베헤닐/아이소스테아릴/피토스테릴다이머다이리놀레일다이머다이리놀리에이트, 하이드로제네이티드폴리아이소부텐, 칼슘티타늄보로실리케이트, 1,2-헥산다이올, 틴옥사이드, 에틸헥실글리세린, 글리세릴카프릴레이트, 황색산화철, 울트라마린, 알루미늄하이드록사이드, 적색산화철, 적색226호, 트라이에톡시카프릴릴실레인, 합성플루오르플로고파이트 [and] 탤크, 마이카, 메틸메타크릴레이트크로스폴리머, 에이치디아이/트라이메틸올헥실락톤크로스폴리머, 알루미늄전분옥테닐석시네이트, 다이메티콘, 폴리프로필렌, 알루미늄하이드록사이드, 헥실라우레이트, 적색226호, 티타늄디옥사이드 (CI 77891), 울트라마린, 페닐트라이메티콘, 다이아이소스테아릴말레이트, 적색산화철, 1,2-헥산다이올, 알루미늄미리스테이트, 하이드로제네이티드폴리아이소부텐, 에틸헥실글리세린, 다이펜타에리스리틸헥사하이드록시스테아레이트/헥사스테아레이트/헥사로지네이트, 글리세릴카프릴레이트, 실리카, 황색산화철, 트라이에톡시카프릴릴실레인 [danced] 탤크, 마이카, 티타늄디옥사이드 (CI 77891), 메틸메타크릴레이트크로스폴리머, 에이치디아이/트라이메틸올헥실락톤크로스폴리머, 알루미늄전분옥테닐석시네이트, 폴리프로필렌, 다이메티콘, 헥실라우레이트, 페닐트라이메티콘, 다이아이소스테아릴말레이트, 황색4호, 적색산화철, 하이드로제네이티드폴리아이소부텐, 1,2-헥산다이올, 알루미늄미리스테이트, 알루미늄하이드록사이드, 트라이에톡시카프릴릴실레인, 다이펜타에리스리틸헥사하이드록시스테아레이트/헥사스테아레이트/헥사로지네이트, 에틸헥실글리세린, 글리세릴카프릴레이트, 실리카, 흑색산화철, 적색226호, 황색산화철, 울트라마린 [with] 탤크, 마이카, 메틸메타크릴레이트크로스폴리머, 에이치디아이/트라이메틸올헥실락톤크로스폴리머, 알루미늄전분옥테닐석시네이트, 티타늄디옥사이드 (CI 77891), 다이메티콘, 폴리프로필렌, 합성플루오르플로고파이트, 헥실라우레이트, 페닐트라이메티콘, 다이아이소스테아릴말레이트, 알루미늄하이드록사이드, 1,2-헥산다이올, 알루미늄미리스테이트, 적색산화철, 하이드로제네이티드폴리아이소부텐, 적색226호, 울트라마린, 다이펜타에리스리틸헥사하이드록시스테아레이트/헥사스테아레이트/헥사로지네이트, 에틸헥실글리세린, 글리세릴카프릴레이트, 실리카, 황색산화철, 흑색산화철, 틴옥사이드 [hip] 마이카, 탤크, 헥실라우레이트, 다이메티콘/비닐다이메티콘크로스폴리머, 티타늄디옥사이드 (CI 77891), 다이메티콘, 다이아이소스테아릴말레이트, 페닐트라이메티콘, 실리카, 폴리메틸실세스퀴옥세인, 다이메티콘크로스폴리머, 1,2-헥산다이올, 카프릴릭/카프릭트라이글리세라이드, 알루미늄하이드록사이드, 황색산화철, 적색산화철, 메티콘, 에틸헥실글리세린, 트라이에톡시카프릴릴실레인, 글리세릴카프릴레이트, 적색226호, 흑색산화철 [groove] 탤크, 마이카, 메틸메타크릴레이트크로스폴리머, 에이치디아이/트라이메틸올헥실락톤크로스폴리머, 알루미늄전분옥테닐석시네이트, 티타늄디옥사이드 (CI 77891), 적색산화철, 다이메티콘, 폴리프로필렌, 울트라마린, 헥실라우레이트, 페닐트라이메티콘, 다이아이소스테아릴말레이트, 흑색산화철, 1,2-헥산다이올, 알루미늄미리스테이트, 하이드로제네이티드폴리아이소부텐, 다이펜타에리스리틸헥사하이드록시스테아레이트/헥사스테아레이트/헥사로지네이트, 에틸헥실글리세린, 황색산화철, 글리세릴카프릴레이트, 알루미늄하이드록사이드, 실리카, 적색226호, 트라이에톡시카프릴릴실레인 [she] 칼슘알루미늄보로실리케이트, 칼슘티타늄보로실리케이트, 폴리프로필렌, 비스-베헤닐/아이소스테아릴/피토스테릴다이머다이리놀레일다이머다이리놀리에이트, 티타늄디옥사이드 (CI 77891), 다이아이소스테아릴말레이트, 프로필렌글라이콜다이벤조에이트, 아이소노닐아이소노나노에이트, 카프릴릭/카프릭트라이글리세라이드, 징크스테아레이트, 하이드로제네이티드캐스터오일아이소스테아레이트, 마이카, 탤크, 라우로일라이신, 실리카, 1,2-헥산다이올, 하이드로제네이티드유채씨오일, 적색산화철, 에틸헥실글리세린, 틴옥사이드, 글리세릴카프릴레이트, 알루미늄하이드록사이드, 적색226호, 트라이에톡시카프릴릴실레인, 흑색산화철 [could] 탤크, 마이카, 메틸메타크릴레이트크로스폴리머, 에이치디아이/트라이메틸올헥실락톤크로스폴리머, 알루미늄전분옥테닐석시네이트, 티타늄디옥사이드 (CI 77891), 적색산화철, 폴리프로필렌, 다이메티콘, 흑색산화철, 울트라마린, 황색산화철, 헥실라우레이트, 다이아이소스테아릴말레이트, 페닐트라이메티콘, 1,2-헥산다이올, 알루미늄미리스테이트, 하이드로제네이티드폴리아이소부텐, 에틸헥실글리세린, 황색4호, 다이펜타에리스리틸헥사하이드록시스테아레이트/헥사스테아레이트/헥사로지네이트, 글리세릴카프릴레이트, 실리카, 트라이에톡시카프릴릴실레인, 알루미늄하이드록사이드, 아이소도데케인, 틴옥사이드 [feel.] 탤크, 흑색산화철, 마이카, 메틸메타크릴레이트크로스폴리머, 폴리프로필렌, 다이메티콘, 울트라마린, 헥실라우레이트, 페닐트라이메티콘, 다이아이소스테아릴말레이트, 1,2-헥산다이올, 알루미늄미리스테이트, 하이드로제네이티드폴리아이소부텐, 에틸헥실글리세린, 다이펜타에리스리틸헥사하이드록시스테아레이트/헥사스테아레이트/헥사로지네이트, 글리세릴카프릴레이트, 황색산화철, 적색산화철, 티타늄디옥사이드 (CI 77891), 트라이에톡시카프릴릴실레인, 알루미늄하이드록사이드"""
노웨어 립스틱 바밍 글로우,에스쁘아,"다이펜타에리스리틸펜타아이소스테아레이트, 카프릴릭/카프릭트라이글리세라이드, 피토스테릴/옥틸도데실라우로일글루타메이트, 옥틸도데칸올, 글리세릴운데실다이메티콘, 다이페닐다이메티콘, 합성왁스, 피토스테릴/이소스테아릴/세틸/스테아릴/베헤닐다이머디리놀리에이트, 폴리글리세릴-2트라이아이소스테아레이트, 라우릴폴리글리세릴-3폴리다이메틸실록시에틸다이메티콘, 티타늄디옥사이드 (CI 77891), 아크릴레이트/스테아릴아크릴레이트/다이메티콘메타크릴레이트코폴리머, 황색5호, 적색202호, 폴리하이드록시스테아릭애씨드, 에틸렌/프로필렌코폴리머, 다이메티콘, 레시틴, 향료, 에틸헥실팔미테이트, 아이소스테아릭애씨드, 아이소프로필미리스테이트, 폴리글리세릴-3폴리리시놀리에이트, 적색산화철, 적색104호의(1), 알루미늄하이드록사이드, 트라이에톡시카프릴릴실레인, 토코페롤, 흑색산화철"
블러리 치크,에스쁘아,"탤크, 티타늄디옥사이드 (CI 77891), 마이카, 합성플루오르플로고파이트, 폴리메틸메타크릴레이트, 보론나이트라이드, 다이메티콘, 징크스테아레이트, 마그네슘미리스테이트, 헥실라우레이트, 네오펜틸글라이콜다이헵타노에이트, 비닐다이메티콘/메티콘실세스퀴옥세인크로스폴리머, 알루미늄하이드록사이드, 다이메티콘크로스폴리머, 다이펜타에리스리틸헥사하이드록시스테아레이트/헥사스테아레이트/헥사로지네이트, 트라이에톡시카프릴릴실레인, 1,2-헥산다이올, 적색226호, 에틸헥실글리세린, 라우로일라이신, 적색산화철, 울트라마린, 황색산화철, 글리세릴카프릴레이트, 틴옥사이드"
비벨벳 파운데이션 SPF22/PA++,에스쁘아,"정제수, 티타늄디옥사이드 (CI 77891), 메틸트라이메티콘, 카프릴릴메티콘, 에칠헥실메톡시신나메이트, 부틸렌글라이콜, 페닐트라이메티콘, 다이메티콘, 라우릴피이지-9폴리다이메틸실록시에틸다이메티콘, 실리카, 트라이메틸실록시실리케이트, 글리세린, 자일리톨, 아이소도데케인, C20-24알킬다이메티콘, 1,2-헥산다이올, 다이스테아다이모늄헥토라이트, 피이지-10다이메티콘, 트라이실록세인, 다이메티콘/비닐다이메티콘크로스폴리머, 아크릴레이트/폴리트라이메틸실록시메타크릴레이트코폴리머, 알루미늄하이드록사이드, 소듐클로라이드, 트라이하이드록시스테아린, 트라이에톡시카프릴릴실레인, 황색산화철, 카프릴릴글라이콜, 향료, 합성플루오르플로고파이트, 글리세릴카프릴레이트, 적색산화철, 폴리메틸실세스퀴옥세인, 흑색산화철, 하이알루로닉애씨드, 락토바실러스발효용해물, 비에이치티, 프로판다이올, 토코페롤, 하이드롤라이즈드식물성단백질, 에틸헥실글리세린"
더브로우 이지쉐이핑 펜슬,에스쁘아,"합성플루오르플로고파이트, 스테아릭애씨드, 검양옻나무열매왁스, 하이드로제네이티드캐스터오일, 흑색산화철, 트라이에틸헥사노인, 황색산화철, 피토스테릴/이소스테아릴/세틸/스테아릴/베헤닐다이머디리놀리에이트, 수크로오스테트라스테아레이트트라이아세테이트, 적색산화철, 솔비탄스테아레이트, 티타늄디옥사이드 (CI 77891), 페녹시에탄올"
플럼피즈 오버립 펜슬,에스쁘아,"폴리프로필실세스퀴옥세인, 합성왁스, 메틸트라이메티콘, 폴리글리세릴-2트라이아이소스테아레이트, 티타늄디옥사이드 (CI 77891), 다이머다이리놀레일다이머다이리놀리에이트, 아이소도데케인, 마이카, C12-15알킬에틸헥사노에이트, 트라이메틸실록시실리케이트/다이메티콘올크로스폴리머, 칸데릴라왁스, 실리카, 적색산화철, 스테아랄코늄헥토라이트, 멘톡시프로판다이올, 바닐릴부틸에터, 황색산화철, 적색202호, 흑색산화철, 카프릴릴글라이콜, 에틸헥실글리세린, 글리세릴카프릴레이트, 시어버터, 하이드로제네이티드코코넛오일"
비벨벳 커버 쿠션 SPF42/PA++,에스쁘아,"정제수, 티타늄디옥사이드 (CI 77891), 메틸트라이메티콘, 다이메티콘, 호모살레이트, 부틸렌글라이콜, 티타늄디옥사이드, 라우릴폴리글리세릴-3폴리다이메틸실록시에틸다이메티콘, 실리카, 아이소도데케인, 다이아이소프로필세바케이트, 아크릴레이트/폴리트라이메틸실록시메타크릴레이트코폴리머, 트라이실록세인, 글리세린, 소듐클로라이드, 비닐다이메티콘/메티콘실세스퀴옥세인크로스폴리머, 브이피/헥사데센코폴리머, 1,2-헥산다이올, 변성알코올, 마그네슘/포타슘/실리콘/플루오라이드/하이드록사이드/옥사이드, 다이메티콘크로스폴리머, 알루미늄하이드록사이드, 아크릴레이트/다이메티콘코폴리머, 황색산화철, 다이스테아다이모늄헥토라이트, 트라이하이드록시스테아린, 트라이에톡시카프릴릴실레인, 스테아릭애씨드, 카프릴릴글라이콜, 폴리실리콘-11, 향료, 적색산화철, 글리세릴카프릴레이트, 쌀겨왁스, 글리세릴운데실다이메티콘, 소듐코코일글루타메이트, 흑색산화철, 하이알루로닉애씨드, 라우로일라이신, 알지닌, 토코페롤, 하이드롤라이즈드식물성단백질"
비글로우 스틱 파운데이션 SPF50+/PA++++ 11g,에스쁘아,"티타늄디옥사이드 (CI 77891), 합성왁스, 다이카프릴릴카보네이트, 에칠헥실메톡시신나메이트, 실리카, 부틸옥틸살리실레이트, C12-15알킬벤조에이트, 에칠헥실살리실레이트, 호모살레이트, 비스-베헤닐/아이소스테아릴/피토스테릴다이머다이리놀레일다이머다이리놀리에이트, C10-18트라이글리세라이즈, 피토스테릴/이소스테아릴/세틸/스테아릴/베헤닐다이머디리놀리에이트, 다이아이소스테아릴말레이트, 솔비탄세스퀴올리에이트, 다이부틸아디페이트, 비스-에칠헥실옥시페놀메톡시페닐트리아진, 디에칠아미노하이드록시벤조일헥실벤조에이트, 트라이에틸헥사노인, 폴리하이드록시스테아릭애씨드, 브이피/헥사데센코폴리머, 하이드로제네이티드폴리(C6-14올레핀), 폴리C10-30알킬아크릴레이트, 합성플루오르플로고파이트, 황색산화철, 아이소프로필티타늄트라이아이소스테아레이트, 다이메티콘, 알루미늄하이드록사이드, 글리세릴카프릴레이트, 카프릴릭/카프릭트라이글리세라이드, 카프릴릴글라이콜, 적색산화철, 다이메티콘크로스폴리머, 메도우폼씨오일, 에틸헥실글리세린, 트라이에톡시카프릴릴실레인, 스테아랄코늄헥토라이트, 프로필렌카보네이트, 흑색산화철, 토코페롤, 정제수, 알지닌/라이신폴리펩타이드, 1,2-헥산다이올, 소듐하이알루로네이트, 소르빅애씨드"
노머징 마스카라 워터프루프 XP 9g,에스쁘아,"아이소도데케인, 트라이메틸실록시실리케이트, 폴리에틸렌, 마이크로크리스탈린왁스, 부틸아크릴레이트/하이드록시프로필다이메티콘아크릴레이트코폴리머, 흑색산화철, 덱스트린팔미테이트/에틸헥사노에이트, 다이스테아다이모늄헥토라이트, 세레신, 실리카, 마이카, 프로필렌카보네이트, 트라이에톡시카프릴릴실레인, 비에이치티"
갤럭시 에디션,에스쁘아,"정제수, 티타늄디옥사이드 (CI 77891), 메틸트라이메티콘, 다이메티콘, 호모살레이트, 부틸렌글라이콜, 티타늄디옥사이드, 라우릴폴리글리세릴-3폴리다이메틸실록시에틸다이메티콘, 실리카, 아이소도데케인, 다이아이소프로필세바케이트, 아크릴레이트/폴리트라이메틸실록시메타크릴레이트코폴리머, 트라이실록세인, 글리세린, 소듐클로라이드, 비닐다이메티콘/메티콘실세스퀴옥세인크로스폴리머, 브이피/헥사데센코폴리머, 1,2-헥산다이올, 변성알코올, 마그네슘/포타슘/실리콘/플루오라이드/하이드록사이드/옥사이드, 다이메티콘크로스폴리머, 알루미늄하이드록사이드, 아크릴레이트/다이메티콘코폴리머, 황색산화철, 다이스테아다이모늄헥토라이트, 트라이하이드록시스테아린, 트라이에톡시카프릴릴실레인, 스테아릭애씨드, 카프릴릴글라이콜, 폴리실리콘-11, 향료, 적색산화철, 글리세릴카프릴레이트, 쌀겨왁스, 글리세릴운데실다이메티콘, 소듐코코일글루타메이트, 흑색산화철, 하이알루로닉애씨드, 라우로일라이신, 알지닌, 토코페롤, 하이드롤라이즈드식물성단백질"
워터스플래쉬 선크림  SPF50+/PA++++,에스쁘아,"정제수, 부틸렌글라이콜, C12-15알킬벤조에이트, 에칠헥실메톡시신나메이트, 티타늄디옥사이드, 비스-에칠헥실옥시페놀메톡시페닐트리아진, 디에칠아미노하이드록시벤조일헥실벤조에이트, 사이클로펜타실록세인, 실리카, 사이클로헥사실록세인, 다이페닐실록시페닐트라이메티콘, 1,2-헥산다이올, 폴리아크릴레이트-13, 알루미늄스테아레이트, 폴리하이드록시스테아릭애씨드, 알루미나, 폴리아이소부텐, 스테아릭애씨드, 향료, 카프릴릴글라이콜, 카보머, 다이소듐이디티에이, 에틸헥실글리세린, 폴리솔베이트20, 솔비탄아이소스테아레이트, 적색산화철, 황색산화철, 세라마이드엔피, 프로판다이올, 비에이치티, 병풀꽃/잎/줄기추출물, 창포뿌리추출물, 토코페롤, 아세틸테트라펩타이드-5"
비글로우 볼륨 쿠션 글리밍 캘리 3종 기획세트 SPF42/PA+++,에스쁘아,"정제수, 페닐트라이메티콘, 티타늄디옥사이드 (CI 77891), 호모살레이트, 프로판다이올, 카프릴릴메티콘, 다이메티콘, 아이소노닐아이소노나노에이트, 티타늄디옥사이드, 트라이메틸실록시실리케이트, 옥틸도데실네오펜타노에이트, 비스-다이글리세릴폴리아실아디페이트-2, 나이아신아마이드, 라우릴폴리글리세릴-3폴리다이메틸실록시에틸다이메티콘, 폴리글리세릴-6폴리리시놀리에이트, 다이스테아다이모늄헥토라이트, 아이소도데케인, 1,2-헥산다이올, 합성왁스, 알루미늄하이드록사이드, 스테아릭애씨드, 폴리글리세릴-2아이소스테아레이트, 소듐클로라이드, 비닐다이메티콘/메티콘실세스퀴옥세인크로스폴리머, 황색산화철, 솔비탄세스퀴올리에이트, 다이소듐스테아로일글루타메이트, 카프릴릴글라이콜, 폴리하이드록시스테아릭애씨드, 향료, 비스머스옥시클로라이드, 소듐메타포스페이트, 글리세릴카프릴레이트, 에틸헥실글리세린, 적색산화철, 레시틴, 아데노신, 에틸헥실팔미테이트, 아이소스테아릭애씨드, 아이소프로필미리스테이트, 폴리글리세릴-3폴리리시놀리에이트, 흑색산화철, 트라이에톡시카프릴릴실레인, 티몰트라이메톡시신나메이트, 글루타티온, 락토바실러스발효용해물, 부틸렌글라이콜, 토코페롤, 글리세린, 토코페릴리놀리에이트, 하이드롤라이즈드식물성단백질"
노머징 브러쉬 라이너 1g,에스쁘아,"정제수, 암모늄스타이렌/아크릴레이트코폴리머, 흑색산화철, 부틸렌글라이콜, 카본블랙, 암모늄아크릴레이트코폴리머, 펜틸렌글라이콜, 스타이렌/아크릴레이트코폴리머, 페녹시에탄올, 1,2-헥산다이올, 소듐폴리아스파테이트, 카프릴릴글라이콜, 에틸헥실글리세린, 소듐데하이드로아세테이트, 다이소듐이디티에이, 트라이데세스-6포스페이트, 다이프로필렌글라이콜, 글리세릴카프릴레이트, 시메티콘"
디즈니 에디션,에스쁘아,"다이펜타에리스리틸펜타아이소스테아레이트, 카프릴릭/카프릭트라이글리세라이드, 피토스테릴/옥틸도데실라우로일글루타메이트, 옥틸도데칸올, 글리세릴운데실다이메티콘, 다이페닐다이메티콘, 합성왁스, 피토스테릴/이소스테아릴/세틸/스테아릴/베헤닐다이머디리놀리에이트, 폴리글리세릴-2트라이아이소스테아레이트, 라우릴폴리글리세릴-3폴리다이메틸실록시에틸다이메티콘, 티타늄디옥사이드 (CI 77891), 아크릴레이트/스테아릴아크릴레이트/다이메티콘메타크릴레이트코폴리머, 황색5호, 적색202호, 폴리하이드록시스테아릭애씨드, 에틸렌/프로필렌코폴리머, 다이메티콘, 레시틴, 향료, 에틸헥실팔미테이트, 아이소스테아릭애씨드, 아이소프로필미리스테이트, 폴리글리세릴-3폴리리시놀리에이트, 적색산화철, 적색104호의(1), 알루미늄하이드록사이드, 트라이에톡시카프릴릴실레인, 토코페롤, 흑색산화철"
워터 스플래쉬 프레쉬 시카 선크림 SPF50+/PA++++,에스쁘아,"정제수, 다이부틸아디페이트, 프로판다이올, 변성알코올, 부틸옥틸살리실레이트, 에칠헥실트리아존, 테레프탈릴리덴디캠퍼설포닉애씨드, 글리세린, 나이아신아마이드, 폴리글리세릴-3다이스테아레이트, 트로메타민, 1,2-헥산다이올, 펜틸렌글라이콜, 세테아릴알코올, 디에칠아미노하이드록시벤조일헥실벤조에이트, 카프릴릴메티콘, 폴리실리콘-15, 팔미틱애씨드, 실리카, 글리세릴스테아레이트, 비스-에칠헥실옥시페놀메톡시페닐트리아진, 폴리메틸실세스퀴옥세인, 포타슘세틸포스페이트, 스테아릭애씨드, 메틸프로판다이올, 에탄올, 암모늄아크릴로일다이메틸타우레이트/브이피코폴리머, 암모늄폴리아크릴로일다이메틸타우레이트, 향료, 에틸헥실글리세린, 글리세릴스테아레이트시트레이트, 카보머, 아크릴레이트/C10-30알킬아크릴레이트크로스폴리머, 아데노신, 덱스트린, 폴리에터-1, 황벽나무껍질추출물, T-부틸알코올, 치자추출물, 미리스틱애씨드, 병풀추출물, 녹차수, 바이오사카라이드검-1, 부틸렌글라이콜, 토코페롤, 에난티아 클로란타껍질추출물, 바실러스/소이빈발효추출물, 꽃생강뿌리추출물, 바오밥나무열매추출물, 폴릭애씨드, 소듐하이알루로네이트, 올레아놀릭애씨드, 크산토필"
트루 글로우 파운데이션 브러쉬 1ea,에스쁘아,
비글로우 스틱 쉐딩 9g,에스쁘아,"아이소데실아이소노나노에이트, 실리카, 합성왁스, 옥틸도데실스테아로일스테아레이트, C12-15알킬벤조에이트, 에틸헥실아이소노나노에이트, 마이크로크리스탈린왁스, 펜타에리스리틸테트라아이소스테아레이트, 티타늄디옥사이드 (CI 77891), 합성플루오르플로고파이트, 카프릴릭/카프릭트라이글리세라이드, 솔비탄세스퀴올리에이트, 폴리부텐, 솔비탄아이소스테아레이트, 황색산화철, 흑색산화철, 토코페릴아세테이트, 글리세릴카프릴레이트, 적색산화철, 스테아랄코늄헥토라이트, 카프릴릴글라이콜, 아이소프로필티타늄트라이아이소스테아레이트, 프로필렌카보네이트, 메도우폼씨오일, 에틸헥실글리세린, 알루미늄하이드록사이드, 정제수, 알지닌/라이신폴리펩타이드, 비에이치티, 토코페롤, 1,2-헥산다이올, 소듐하이알루로네이트, 소르빅애씨드"
비글로우 볼륨 쿠션 SPF42/PA+++ 13g,에스쁘아,"정제수, 페닐트라이메티콘, 티타늄디옥사이드 (CI 77891), 호모살레이트, 프로판다이올, 카프릴릴메티콘, 다이메티콘, 아이소노닐아이소노나노에이트, 티타늄디옥사이드, 트라이메틸실록시실리케이트, 옥틸도데실네오펜타노에이트, 비스-다이글리세릴폴리아실아디페이트-2, 나이아신아마이드, 라우릴폴리글리세릴-3폴리다이메틸실록시에틸다이메티콘, 폴리글리세릴-6폴리리시놀리에이트, 다이스테아다이모늄헥토라이트, 아이소도데케인, 1,2-헥산다이올, 합성왁스, 알루미늄하이드록사이드, 스테아릭애씨드, 폴리글리세릴-2아이소스테아레이트, 소듐클로라이드, 비닐다이메티콘/메티콘실세스퀴옥세인크로스폴리머, 폴리하이드록시스테아릭애씨드, 솔비탄세스퀴올리에이트, 다이소듐스테아로일글루타메이트, 카프릴릴글라이콜, 향료, 황색산화철, 토코페릴리놀리에이트, 비스머스옥시클로라이드, 소듐메타포스페이트, 글리세릴카프릴레이트, 에틸헥실글리세린, 레시틴, 적색산화철, 아데노신, 에틸헥실팔미테이트, 아이소스테아릭애씨드, 아이소프로필미리스테이트, 폴리글리세릴-3폴리리시놀리에이트, 흑색산화철, 티몰트라이메톡시신나메이트, 글루타티온, 락토바실러스발효용해물, 트라이에톡시카프릴릴실레인, 부틸렌글라이콜, 토코페롤, 글리세린, 하이드롤라이즈드식물성단백질"
플럼피즈 립글로스,에스쁘아,"하이드로제네이티드폴리아이소부텐, 카프릴릭/카프릭트라이글리세라이드, 다이아이소스테아릴말레이트, 폴리글리세릴-2트라이아이소스테아레이트, 1,2-헥산다이올, 멘톡시프로판다이올, 덱스트린팔미테이트, 향료, 리모넨, 적색104호의(1), 리날룰, 황색5호, 적색202호, 황색4호"
파워컬링레드뷰러,에스쁘아,해당 사항 없음.
톤페어링 컨투어 팔레트,에스쁘아,"[무광 하이라이터 Natural Ivory] 탤크, 마그네슘미리스테이트, 합성플루오르플로고파이트, 마이카, 티타늄디옥사이드 (CI 77891), 다이페닐실록시페닐트라이메티콘, 알루미늄전분옥테닐석시네이트, 실리카, 헥실라우레이트, 폴리글리세릴-2트라이아이소스테아레이트, 다이메티콘, 1,2-헥산다이올, 트라이에톡시카프릴릴실레인, 글리세릴카프릴레이트, 알루미늄하이드록사이드, 메티콘, 적색산화철, 황색산화철, 흑색산화철 [코 쉐딩 Grayish Brown] 탤크, 마이카, 실리카, 세틸에틸헥사노에이트, 티타늄디옥사이드 (CI 77891), 나일론-12, 마그네슘미리스테이트, 망가니즈바이올렛, 황색산화철, 흑색산화철, 아이소프로필티타늄트라이아이소스테아레이트, 1,2-헥산다이올, 라우로일라이신, 미리스틱애씨드, 알루미늄하이드록사이드, 트라이에톡시카프릴릴실레인, 다이메티콘, 메티콘, 글리세릴카프릴레이트, 카올린, 적색산화철"
워터 스플래쉬 선크림 톤업 래스팅 SPF50+/PA++++ 50ml,에스쁘아,"정제수, 징크옥사이드, 사이클로헥사실록세인, 부틸옥틸살리실레이트, 프로필헵틸카프릴레이트, 다이카프릴릴카보네이트, 프로판다이올, 카프릴릴메티콘, 폴리글리세릴-3폴리다이메틸실록시에틸다이메티콘, 글리세린, 아이소도데케인, 나이아신아마이드, 다이실록세인, 티타늄디옥사이드 (CI 77891), 다이스테아다이모늄헥토라이트, 카프릴릭/카프릭/석시닉트라이글리세라이드, 트라이에톡시카프릴릴실레인, 마그네슘설페이트, 폴리글리세릴-2다이폴리하이드록시스테아레이트, 라우릴폴리글리세릴-3폴리다이메틸실록시에틸다이메티콘, 울트라마린, 1,2-헥산다이올, 메틸메타크릴레이트크로스폴리머, 다이메티콘/비닐다이메티콘크로스폴리머, 다이메티콘올, 트라이실록세인, 메틸프로판다이올, 카프릴릴글라이콜, 글리세릴카프릴레이트, 알루미늄하이드록사이드, 에틸헥실글리세린, 아데노신, 귀리커넬추출물, 아티초크잎추출물, 폴리쿼터늄-51, 소듐하이알루로네이트, 녹차수, 베타-글루칸, 하이드로제네이티드레시틴, 토코페롤, 병풀추출물, 알란토인, 티트리잎수, 블루아가베잎추출물, 부틸렌글라이콜"
톤페어링 리퀴드 치크 8ml,에스쁘아,"페닐트라이메티콘, 아이소도데케인, 하이드로제네이티드폴리아이소부텐, 다이아이소스테아릴말레이트, 폴리글리세릴-2트라이아이소스테아레이트, 사이클로펜타실록세인, 합성왁스, 다이메티콘/비닐다이메티콘크로스폴리머, 다이메티콘, 다이스테아다이모늄헥토라이트, 솔비탄세스퀴올리에이트, 트라이메틸실록시실리케이트, C30-45알킬다이메틸실릴폴리프로필실세스퀴옥세인, 덱스트린팔미테이트/에틸헥사노에이트, 티타늄디옥사이드 (CI 77891), 실리카다이메틸실릴레이트, 프로필렌카보네이트, 적색226호, 글리세릴카프릴레이트, 울트라마린, 알루미늄하이드록사이드, 트라이에톡시카프릴릴실레인"
비벨벳 커버 쿠션 13g,에스쁘아,"정제수, 티타늄디옥사이드 (CI 77891), 메틸트라이메티콘, 다이메티콘, 호모살레이트, 부틸렌글라이콜, 티타늄디옥사이드, 라우릴폴리글리세릴-3폴리다이메틸실록시에틸다이메티콘, 실리카, 아이소도데케인, 다이아이소프로필세바케이트, 아크릴레이트/폴리트라이메틸실록시메타크릴레이트코폴리머, 트라이실록세인, 글리세린, 소듐클로라이드, 비닐다이메티콘/메티콘실세스퀴옥세인크로스폴리머, 브이피/헥사데센코폴리머, 1,2-헥산다이올, 변성알코올, 마그네슘/포타슘/실리콘/플루오라이드/하이드록사이드/옥사이드, 다이메티콘크로스폴리머, 알루미늄하이드록사이드, 아크릴레이트/다이메티콘코폴리머, 황색산화철, 다이스테아다이모늄헥토라이트, 트라이하이드록시스테아린, 트라이에톡시카프릴릴실레인, 스테아릭애씨드, 카프릴릴글라이콜, 폴리실리콘-11, 향료, 적색산화철, 글리세릴카프릴레이트, 쌀겨왁스, 글리세릴운데실다이메티콘, 소듐코코일글루타메이트, 흑색산화철, 하이알루로닉애씨드, 라우로일라이신, 알지닌, 토코페롤, 하이드롤라이즈드식물성단백질"
이지 블렌딩 컨실러 10g,에스쁘아,"정제수, 티타늄디옥사이드 (CI 77891), 카프릴릴메티콘, 코코-카프릴레이트/카프레이트, 다이부틸아디페이트, 다이아이소스테아로일폴리글리세릴-3다이머다이리놀리에이트, 아이소도데케인, 폴리하이드록시스테아릭애씨드, 폴리글리세릴-5폴리리시놀리에이트, 다이스테아다이모늄헥토라이트, 합성왁스, 1,2-헥산다이올, 비닐다이메티콘/메티콘실세스퀴옥세인크로스폴리머, 다이페닐실록시페닐트라이메티콘, 황색산화철, 글리세린, 소듐클로라이드, 실리카, 피이지-30다이폴리하이드록시스테아레이트, 알루미늄하이드록사이드, 트라이에톡시카프릴릴실레인, 적색산화철, 카프릴릴글라이콜, 트라이하이드록시스테아린, 흑색산화철, 비스-다이글리세릴폴리아실아디페이트-2, 글리세릴카프릴레이트, 에틸헥실글리세린, 토코페릴리놀리에이트, 토코페롤, 쌀겨오일"
비글로우 스틱 래디언스,에스쁘아,"옥틸도데칸올, 다이아이소스테아릴말레이트, 폴리부텐, 합성왁스, 합성플루오르플로고파이트, 마이크로크리스탈린왁스, 티타늄디옥사이드 (CI 77891), 다이스테아다이모늄헥토라이트, 에틸렌/프로필렌코폴리머, 솔비탄세스퀴올리에이트, 실리카, 칼슘티타늄보로실리케이트, 페녹시에탄올, 글리세릴카프릴레이트, 마이카, 적색산화철, 메도우폼씨오일, 에틸헥실글리세린, 틴옥사이드, 잇꽃꽃추출물, 정제수, 알지닌/라이신폴리펩타이드, 비에이치티, 토코페롤, 1,2-헥산다이올, 소듐하이알루로네이트, 소르빅애씨드"
톤페어링 치크 9.6g,에스쁘아,"[젤리] 마이카, 다이메티콘, 트라이에틸헥사노인, 실리카, 티타늄디옥사이드 (C 77891), 다이메티콘/비닐다이메 티콘크로스폴리머, 카프릴릴글라이콜, 에틸헥실글리세린, 황색4호, 라우로일라이신, 황색산화철, 알루미 늄하이드룩사이드, 적색산화철, 적색226호, 울트라마린, 틴옥사이드, 흑색산화철, 토코페롤 [파우더] 탤크, 마이카, 실리카, 마그네슘미리스테이트, 티타늄디옥사이드 (C 77891), 보론나이트라이드, 헥실라우 레이트, 다이메티콘, 카프릴릭/카프릭트라이글리세라이드, 칼슘 카보네이트, 메틸프로판다이올, 페닐트라 이메티콘, 다이펜타에리스리틸헥사하이드록시스테아레이트/헥사스테아레이트/헥사로지네이트, 프로판 다이올, 적색산화철, 황색산화철, 황색4호, 메티콘, 적색226호, 울트라마린, 라우로일라이신, 알루미늄하 이드록사이드, 트라이에톡시카프릴릴실레인, 흑색산화철"
비벨벳 커버쿠션 기획세트 SPF42/PA++,에스쁘아,"정제수, 티타늄디옥사이드 (CI 77891), 메틸트라이메티콘, 다이메티콘, 호모살레이트, 부틸렌글라이콜, 티타늄디옥사이드, 라우릴폴리글리세릴-3폴리다이메틸실록시에틸다이메티콘, 실리카, 아이소도데케인, 다이아이소프로필세바케이트, 아크릴레이트/폴리트라이메틸실록시메타크릴레이트코폴리머, 트라이실록세인, 글리세린, 소듐클로라이드, 비닐다이메티콘/메티콘실세스퀴옥세인크로스폴리머, 브이피/헥사데센코폴리머, 1,2-헥산다이올, 변성알코올, 마그네슘/포타슘/실리콘/플루오라이드/하이드록사이드/옥사이드, 다이메티콘크로스폴리머, 알루미늄하이드록사이드, 아크릴레이트/다이메티콘코폴리머, 황색산화철, 다이스테아다이모늄헥토라이트, 트라이하이드록시스테아린, 트라이에톡시카프릴릴실레인, 스테아릭애씨드, 카프릴릴글라이콜, 폴리실리콘-11, 향료, 적색산화철, 글리세릴카프릴레이트, 쌀겨왁스, 글리세릴운데실다이메티콘, 소듐코코일글루타메이트, 흑색산화철, 하이알루로닉애씨드, 라우로일라이신, 알지닌, 토코페롤, 하이드롤라이즈드식물성단백질"
플럼피즈 에디션,에스쁘아,"하이드로제네이티드폴리아이소부텐, 카프릴릭/카프릭트라이글리세라이드, 다이아이소스테아릴말레이트, 폴리글리세릴-2트라이아이소스테아레이트, 1,2-헥산다이올, 멘톡시프로판다이올, 덱스트린팔미테이트, 향료, 리모넨, 적색104호의(1), 리날룰, 황색5호, 적색202호, 황색4호"
듀라이크 젤로 글로우라이저 40ml,에스쁘아,"정제수, 부틸렌글라이콜, 다이프로필렌글라이콜, 나이아신아마이드, 카프릴릭/카프릭트라이글리세라이드, 1,2-헥산다이올, 암모늄아크릴로일다이메틸타우레이트/브이피코폴리머, 옥수수전분, 소듐폴리아크릴로일다이메틸타우레이트, 만니톨, 피피지-13-데실테트라데세스-24, 마이크로크리스탈린셀룰로오스, 에틸헥실글리세린, 폴리아크릴레이트크로스폴리머-6, 프로판다이올, 아세로라추출물, 카프릴릴글라이콜, 향료, 아사이팜열매추출물, 소듐메타포스페이트, 폴리쿼터늄-51, 아가, 하이드록시프로필스타치포스페이트, 글리세린, 하이드로제네이티드레시틴, 소듐하이알루로네이트, 적색226호, 소듐마그네슘실리케이트, 아스코빅애씨드, 다이소듐이디티에이, 하이드롤라이즈드하이알루로닉애씨드, 토코페릴아세테이트, 토코페롤, 소듐하이알루로네이트크로스폴리머, 스쿠알란, 하이알루로닉애씨드, 글루타티온, 소듐아세틸레이티드하이알루로네이트, 하이드롤라이즈드식물성단백질, 다마스크장미꽃추출물"
프레쉬 세팅 픽서 100ml,에스쁘아,"정제수, 변성알코올, 부틸렌글라이콜, 브이피/브이에이코폴리머, 1,2-헥산다이올, 피브이피, 피피지-13-데실테트라데세스-24, 카프릴릴글라이콜, 향료, 에틸헥실글리세린, 소듐메타포스페이트, 프로판다이올, 스테아릴베헤네이트, 글리세린, 폴리글리세릴-3메틸글루코오스다이스테아레이트, 소듐하이알루로네이트, 이눌린라우릴카바메이트, 하이드록시프로필비스팔미타마이드엠이에이, 하이드롤라이즈드하이알루로닉애씨드, 소듐하이알루로네이트크로스폴리머, 하이알루로닉애씨드, 토코페롤, 소듐아세틸레이티드하이알루로네이트"
워터 스플래쉬 선 세럼 SPF50+/PA+++ 50ml,에스쁘아,"정제수, 호모살레이트, 부틸렌글라이콜, 옥토크릴렌, 부틸옥틸살리실레이트, 에칠헥실살리실레이트, 부틸메톡시디벤조일메탄, 변성알코올, 메틸메타크릴레이트크로스폴리머, 1,2-헥산다이올, 자일리톨, 펜틸렌글라이콜, 벤조트라이아졸릴도데실P-크레솔, 다이부틸라우로일글루타마이드, 다이부틸에틸헥사노일글루타마이드, 소듐아크릴레이트크로스폴리머-2, 에틸헥실메톡시크릴렌, C30-45알킬다이메틸실릴폴리프로필실세스퀴옥세인, 카페인, 소듐폴리아크릴로일다이메틸타우레이트, 향료, 암모늄아크릴로일다이메틸타우레이트/브이피코폴리머, 폴리아크릴레이트크로스폴리머-6, 소듐하이알루로네이트, 바이오사카라이드검-1, 소듐파이테이트, 에틸헥실글리세린, 카르노신"
듀얼 스머징 립 브러쉬,에스쁘아,해당사항없음
톤페어링 하이라이터 9.6g,에스쁘아,"마이카, 다이메티콘, 티타늄디옥사이드 (C 77891), 에이치디아이/트라이메틸헥실락톤크로스폴리머, 합성플루오르플로고파이트, 실리카, 글리세린, 펜틸렌글라이콜, 마그네슘미리스테이트, 폴리메틸실세스 퀴옥세인, 폴리솔베이트20, 마그네슘스테아레이트, 소듐아크릴레이트/소듐아크릴로일다이메틸타우레이 트코폴리머, 마그네슘알루미늄실리케이트, 정제수, 적색산화철, 솔비탄올리베이트, 솔비탄스테아레이트, 아이소헥사데칸, 트라이에톡시카프릴릴실레인, 에틸헥실글리세린, 비닐다이메티콘/메티콘실세스퀴옥세 인크로스폴리머, 소듐데하이드로아세테이트, 폴리솔베이트80. 틴옥사이드, 황색산화철, 세테아릴알코올, 울트라마린, 솔비탄올리에이트, 아이소프로필티타늄트라이아이소스테아레이트, 흑색산화철, 토코페롤"
프레쉬 세팅 파우더 9g,에스쁘아,"탤크, 에이치디아이/트라이메틸올헥실락톤크로스폴리머, 폴리메틸메타크릴레이트, 폴리에틸렌, 트라이에톡시카프릴릴실레인, 다이메티콘, 1,2-헥산다이올, 실리카, 글리세릴카프릴레이트, 정제수, 소듐하이알루로네이트, 하이드록시프로필트라이모늄하이알루로네이트, 하이드롤라이즈드하이알루로닉애씨드, 소듐아세틸레이티드하이알루로네이트, 하이알루로닉애씨드, 소듐하이알루로네이트크로스폴리머, 포타슘하이알루로네이트, 소듐하이알루로네이트다이메틸실란올, 다이메틸실란올하이알루로네이트, 하이드롤라이즈드소듐하이알루로네이트"
비벨벳 피팅 스펀지 1ea,에스쁘아,스펀지
프로테일러 비글로우 쉬어 파우더 8g,에스쁘아,"마그네슘/포타슘/실리콘/플루오라이드/하이드록사이드/옥사이드, 합성플루오르플로고파이트, 폴리프로필렌, 마이카, 티타늄디옥사이드 (CI 77891), 마그네슘미리스테이트, 솔비탄아이소스테아레이트, 아이소트라이데실아이소노나노에이트, 옥수수전분, 옥틸도데칸올, 바륨설페이트, 다이메티콘/비닐다이메티콘크로스폴리머, 실리카, 페닐트라이메티콘, 카프릴릴글라이콜, 에틸헥실글리세린, 하이드로젠다이메티콘, C20-24알킬다이메티콘, 황색산화철, 라우로일라이신, C20-24올레핀, 트라이에톡시카프릴릴실레인, 적색산화철, 틴옥사이드, 흑색산화철, 다이메티콘, 마카다미아씨오일, 토코페롤"
비벨벳 세범컷 쿨링 쿠션 15.8g,에스쁘아,"푸른연꽃수, 정제수, 메틸트라이메티콘, 실리카, 다이메티콘, 비닐다이메티콘/메티콘실세스퀴옥세인크로스폴리머, 피이지-10다이메티콘, 카프릴릭/카프릭트라이글리세라이드, 부틸렌글라이콜, 라우릴피이지-10트리스(트라이메틸실록시)실릴에틸다이메티콘, 메틸메타크릴레이트크로스폴리머, 다이스테아다이모늄헥토라이트, 페녹시에탄올, 다이메티콘/비닐다이메티콘크로스폴리머, 카프릴릴글라이콜, 스테아랄코늄헥토라이트, 티타늄디옥사이드 (CI 77891), 폴리글리세릴-2트라이아이소스테아레이트, 에틸헥실글리세린, 프로필렌카보네이트, 잔탄검, 울트라마린, 알루미늄하이드록사이드, 트라이에톡시카프릴릴실레인, 글리세린, 토코페롤, 블루아가베잎추출물, 아르트로스피라 플라텐시스추출물, 당느릅나무뿌리추출물, 달맞이꽃추출물, 대왕소나무잎추출물, 칡뿌리추출물, 폴리시포니아 라노사추출물, 수레국화꽃추출물, 크랜베리추출물, 서양산딸기추출물, 비치스트로베리추출물, 로우스위트블루베리추출물, 팔미토일트라이펩타이드-5, 글라이신, 알지닌"
프로테일러 비내추럴 쿠션 SPF50+/PA++++ 14g,에스쁘아,"정제수, 트라이메틸실록시실리케이트, 호모살레이트, 부틸옥틸살리실레이트, 티타늄디옥사이드 (CI 77891), 에칠헥실살리실레이트, 다이페닐실록시페닐트라이메티콘, 사이클로펜타실록세인, 징크옥사이드, 티타늄디옥사이드, 글리세린, 부틸렌글라이콜, 라우릴피이지-10트리스(트라이메틸실록시)실릴에틸다이메티콘, 페닐트라이메티콘, 나이아신아마이드, 세틸피이지/피피지-10/1다이메티콘, 아크릴레이트/다이메티콘코폴리머, 다이메티콘, 다이스테아다이모늄헥토라이트, 마그네슘설페이트, 폴리메틸실세스퀴옥세인, 솔비탄세스퀴올리에이트, 프로판다이올, 1,2-헥산다이올, 다이메티콘/비닐다이메티콘크로스폴리머, 황색산화철, 글리세릴베헤네이트/에이코사디오에이트, 트라이에톡시카프릴릴실레인, 스테아릭애씨드, 카프릴릴글라이콜, 향료, 실리카다이메틸실릴레이트, 알루미늄하이드록사이드, 알루미나, 에틸헥실글리세린, 적색산화철, 아데노신, 흑색산화철, 석류추출물, 하이드롤라이즈드식물성단백질, 토코페롤, 펜타에리스리틸테트라-다이-T-부틸하이드록시하이드로신나메이트, 소듐하이알루로네이트, 하이알루로닉애씨드, 아스코빅애씨드, 레스베라트롤"
듀라이크 젤로 톤업 쿠션 SPF50+/PA+++,에스쁘아,"정제수, 페닐트라이메티콘, 티타늄디옥사이드, 다이메티콘, 에칠헥실메톡시신나메이트, 사이클로펜타실록세인, 글리세린, 라우릴피이지-9폴리다이메틸실록시에틸다이메티콘, 아이소도데케인, 사이클로헥사실록세인, 아크릴레이트/폴리트라이메틸실록시메타크릴레이트코폴리머, 티타늄디옥사이드 (CI 77891), 실리카, 피이지/피피지-19/19다이메티콘, 1,2-헥산다이올, 마이카, 아크릴레이트/다이메티콘코폴리머, 알루미늄하이드록사이드, 하이드로제네이티드레시틴, 소듐클로라이드, 알루미나, 스테아릭애씨드, 폴리메틸메타크릴레이트, 펜틸렌글라이콜, 다이스테아다이모늄헥토라이트, 향료, 황색산화철, 카프릴릴글라이콜, 시메티콘, 글리세릴카프릴레이트, 에틸헥실글리세린, 적색산화철, 다이소듐이디티에이, 트라이에톡시카프릴릴실레인, 부틸렌글라이콜, 비에이치티, 토코페롤, 수용성콜라겐, 아크릴레이트/스테아릴메타크릴레이트코폴리머, 하이드롤라이즈드식물성단백질, 흰목이버섯포자낭과추출물, 하이알루로닉애씨드, 잔탄검, 세라마이드엔피"
더브로우 컬러 픽싱 카라 쿨그레이 3g,에스쁘아,"아이소도데케인, 트라이메틸실록시실리케이트, 탤크, 합성왁스, 티타늄디옥사이드 (CI 77891), 다이스테아다이모늄헥토라이트, 흑색산화철, 하이드로제네이티드폴리아이소부텐, 황색산화철, 덱스트린팔미테이트/에틸헥사노에이트, 프로필렌카보네이트, 적색산화철, 알루미늄미리스테이트, 트라이에톡시카프릴릴실레인, 글리세릴카프릴레이트, 알루미늄하이드록사이드"
리얼 아이 팔레트,에스쁘아,"#1. 부메랑 칼슘티타늄보로실리케이트,다이메티콘,티타늄디옥사이드 (CI 77891),탤크,다이페닐실록시페닐트라이메티콘,폴리글리세릴-2트라이아이소스테아레이트,프로필렌글라이콜다이벤조에이트,옥틸도데실스테아로일스테아레이트,폴리에틸렌,징크스테아레이트,나일론-12,다이아이소스테아릴말레이트,실리카,다이메티콘/비닐다이메티콘크로스폴리머,트라이메틸실록시실리케이트,틴옥사이드,적색201호,에틸헥실글리세린,적색산화철,카프릴릴글라이콜,적색226호, #2. 피치파우트 탤크,마이카,폴리프로필렌,티타늄디옥사이드 (CI 77891),트라이에틸헥사노인,알루미늄전분옥테닐석시네이트,펜타에리스리틸테트라에틸헥사노에이트,황색산화철,다이메티콘,적색산화철,황색4호,황색5호,정제수,피씨에이다이메티콘,에틸헥실글리세린,트라이에톡시카프릴릴실레인,카프릴릴글라이콜,적색226호,흑색산화철,알루미늄하이드록사이드,메티콘 #3 큐앤에이 탤크,마이카,티타늄디옥사이드 (CI 77891),다이아이소스테아릴말레이트,다이메티콘,알루미늄전분옥테닐석시네이트,적색산화철,합성플루오르플로고파이트,다이페닐실록시페닐트라이메티콘,보론나이트라이드,폴리프로필렌,황색산화철,옥틸도데실스테아로일스테아레이트,나일론-12,흑색산화철,정제수,트라이에톡시카프릴릴실레인,에틸헥실글리세린,적색226호,비스-비닐다이메티콘/다이메티콘코폴리머,카프릴릴글라이콜,라우로일라이신,적색202호,카민,틴옥사이드 #4. 데일리룩 탤크,마이카,폴리프로필렌,티타늄디옥사이드 (CI 77891),트라이에틸헥사노인,알루미늄전분옥테닐석시네이트,펜타에리스리틸테트라에틸헥사노에이트,다이메티콘,황색산화철,적색산화철,피씨에이다이메티콘,정제수,에틸헥실글리세린,트라이에톡시카프릴릴실레인,카프릴릴글라이콜,알루미늄하이드록사이드,메티콘,흑색산화철,황색5호,적색202호 #5. 원더윙크 칼슘티타늄보로실리케이트,다이메티콘,티타늄디옥사이드 (CI 77891),탤크,다이페닐실록시페닐트라이메티콘,폴리글리세릴-2트라이아이소스테아레이트,프로필렌글라이콜다이벤조에이트,옥틸도데실스테아로일스테아레이트,징크스테아레이트,폴리에틸렌,다이아이소스테아릴말레이트,나일론-12,마이카,다이메티콘/비닐다이메티콘크로스폴리머,적색산화철,트라이메틸실록시실리케이트,틴옥사이드,에틸헥실글리세린,카프릴릴글라이콜,황색산화철,흑색산화철,적색202호 #6. 더블샷 탤크,마이카,폴리프로필렌,트라이에틸헥사노인,티타늄디옥사이드 (CI 77891),알루미늄전분옥테닐석시네이트,황색산화철,흑색산화철,적색산화철,펜타에리스리틸테트라에틸헥사노에이트,다이메티콘,피씨에이다이메티콘,에틸헥실글리세린,정제수,트라이에톡시카프릴릴실레인,카프릴릴글라이콜,알루미늄하이드록사이드,메티콘 #7. 어섬션 마이카,적색산화철,흑색산화철,다이페닐실록시페닐트라이메티콘,탤크,피토스테릴/이소스테아릴/세틸/스테아릴/베헤닐다이머디리놀리에이트,황색산화철,아이소노닐아이소노나노에이트,티타늄디옥사이드 (CI 77891),징크스테아레이트,마그네슘미리스테이트,적색202호,에틸헥실글리세린,카프릴릴글라이콜"
플럼피즈 볼륨 밤,에스쁘아,"하이드로제네이티드폴리아이소부텐, 옥틸도데칸올, 아이소스테아릭애씨드, 비스-다이글리세릴폴리아실아디페이트-2, 카프릴릭/카프릭트라이글리세라이드, 트라이에틸헥사노인, 멘틸락테이트, 피토스테릴/이소스테아릴/세틸/스테아릴/베헤닐다이머디리놀리에이트, 프로필렌글라이콜다이벤조에이트, 다이부틸라우로일글루타마이드, 실리카실릴레이트, 멘틸피씨에이, 멘톤글리세린아세탈, 다이부틸에틸헥사노일글루타마이드, 멘톨, 토코페릴아세테이트, 향료, 리모넨, 합성플루오르플로고파이트, 리날룰, 데하이드로아세틱애씨드, 시트릭애씨드, 적색218호, 칼슘알루미늄보로실리케이트, 메틸니코티네이트, 돌콩오일, 티타늄디옥사이드 (CI 77891), 실리카, 제라니올, 틴옥사이드, 고추열매추출물, 생강오일"
꾸뛰르 립 틴트 글레이즈 5.5g,에스쁘아,"정제수, 다이아이소스테아릴말레이트, 비스-다이글리세릴폴리아실아디페이트-2, 비스-베헤닐/아이소스테아릴/피토스테릴다이머다이리놀레일다이머다이리놀리에이트, 하이드로제네이티드폴리아이소부텐, 다이글리세린, 다이페닐다이메티콘, 세틸피이지/피피지-10/1다이메티콘, 트라이메틸실록시페닐다이메티콘, 폴리솔베이트60, 펜틸렌글라이콜, 솔비탄아이소스테아레이트, 폴리글리세릴-4아이소스테아레이트, 페녹시에탄올, 하이드록시에틸아크릴레이트/소듐아크릴로일다이메틸타우레이트코폴리머, 세테아레스-20, 스쿠알란, 향료, 소듐다이라우미도글루타미드라이신, 에틸헥실글리세린, 황색5호, 티타늄디옥사이드 (CI 77891), 황색4호, 적색227호, 트라이소듐에틸렌다이아민다이석시네이트, 청색1호, 적색104호의(1), 알루미늄하이드록사이드, 암모늄폴리아크릴레이트, 부틸렌글라이콜"
꾸뛰르 립 틴트  4g,에스쁘아,"정제수, 다이아이소스테아릴말레이트, 비스-다이글리세릴폴리아실아디페이트-2, 비스-베헤닐/아이소스테아릴/피토스테릴다이머다이리놀레일다이머다이리놀리에이트, 하이드로제네이티드폴리아이소부텐, 다이글리세린, 다이페닐다이메티콘, 세틸피이지/피피지-10/1다이메티콘, 트라이메틸실록시페닐다이메티콘, 폴리솔베이트60, 펜틸렌글라이콜, 솔비탄아이소스테아레이트, 폴리글리세릴-4아이소스테아레이트, 페녹시에탄올, 하이드록시에틸아크릴레이트/소듐아크릴로일다이메틸타우레이트코폴리머, 세테아레스-20, 스쿠알란, 향료, 황색5호, 소듐다이라우미도글루타미드라이신, 에틸헥실글리세린, 적색227호, 트라이소듐에틸렌다이아민다이석시네이트, 황색4호, 적색104호의(1)"
워터스플래쉬 선크림 톤업 래스팅 SPF50+/PA++++,에스쁘아,"정제수, 징크옥사이드, 사이클로헥사실록세인, 부틸옥틸살리실레이트, 프로필헵틸카프릴레이트, 다이카프릴릴카보네이트, 프로판다이올, 카프릴릴메티콘, 폴리글리세릴-3폴리다이메틸실록시에틸다이메티콘, 글리세린, 아이소도데케인, 나이아신아마이드, 다이실록세인, 티타늄디옥사이드 (CI 77891), 다이스테아다이모늄헥토라이트, 카프릴릭/카프릭/석시닉트라이글리세라이드, 트라이에톡시카프릴릴실레인, 마그네슘설페이트, 폴리글리세릴-2다이폴리하이드록시스테아레이트, 라우릴폴리글리세릴-3폴리다이메틸실록시에틸다이메티콘, 울트라마린, 1,2-헥산다이올, 메틸메타크릴레이트크로스폴리머, 다이메티콘/비닐다이메티콘크로스폴리머, 다이메티콘올, 트라이실록세인, 메틸프로판다이올, 카프릴릴글라이콜, 글리세릴카프릴레이트, 알루미늄하이드록사이드, 에틸헥실글리세린, 아데노신, 귀리커넬추출물, 아티초크잎추출물, 폴리쿼터늄-51, 소듐하이알루로네이트, 녹차수, 베타-글루칸, 하이드로제네이티드레시틴, 토코페롤, 병풀추출물, 알란토인, 티트리잎수, 블루아가베잎추출물, 부틸렌글라이콜"
워터 스플래쉬 선크림 세라마이드 SPF50+/PA++++ 60ml,에스쁘아,"정제수, 부틸렌글라이콜, C12-15알킬벤조에이트, 에칠헥실메톡시신나메이트, 티타늄디옥사이드, 비스-에칠헥실옥시페놀메톡시페닐트리아진, 디에칠아미노하이드록시벤조일헥실벤조에이트, 사이클로펜타실록세인, 실리카, 사이클로헥사실록세인, 다이페닐실록시페닐트라이메티콘, 1,2-헥산다이올, 폴리아크릴레이트-13, 알루미늄스테아레이트, 폴리하이드록시스테아릭애씨드, 알루미나, 폴리아이소부텐, 스테아릭애씨드, 향료, 카프릴릴글라이콜, 카보머, 다이소듐이디티에이, 에틸헥실글리세린, 폴리솔베이트20, 솔비탄아이소스테아레이트, 적색산화철, 황색산화철, 세라마이드엔피, 프로판다이올, 비에이치티, 병풀꽃/잎/줄기추출물, 창포뿌리추출물, 토코페롤, 아세틸테트라펩타이드-5"
비글로우 볼륨쿠션 에어 퍼프,에스쁘아,해당사항없음
비글로우 볼륨 쿠션 23호 베이지 SPF42/PA+++,에스쁘아,"정제수, 페닐트라이메티콘, 호모살레이트, 티타늄디옥사이드 (CI 77891), 프로판다이올, 카프릴릴메티콘, 다이메티콘, 아이소노닐아이소노나노에이트, 티타늄디옥사이드, 트라이메틸실록시실리케이트, 옥틸도데실네오펜타노에이트, 비스-다이글리세릴폴리아실아디페이트-2, 나이아신아마이드, 라우릴폴리글리세릴-3폴리다이메틸실록시에틸다이메티콘, 폴리글리세릴-6폴리리시놀리에이트, 다이스테아다이모늄헥토라이트, 아이소도데케인, 1,2-헥산다이올, 합성왁스, 황색산화철, 알루미늄하이드록사이드, 스테아릭애씨드, 폴리글리세릴-2아이소스테아레이트, 소듐클로라이드, 비닐다이메티콘/메티콘실세스퀴옥세인크로스폴리머, 폴리하이드록시스테아릭애씨드, 솔비탄세스퀴올리에이트, 카프릴릴글라이콜, 다이소듐스테아로일글루타메이트, 향료, 적색산화철, 비스머스옥시클로라이드, 소듐메타포스페이트, 글리세릴카프릴레이트, 에틸헥실글리세린, 레시틴, 흑색산화철, 아데노신, 에틸헥실팔미테이트, 아이소스테아릭애씨드, 아이소프로필미리스테이트, 트라이에톡시카프릴릴실레인, 폴리글리세릴-3폴리리시놀리에이트, 티몰트라이메톡시신나메이트, 글루타티온, 락토바실러스발효용해물, 부틸렌글라이콜, 토코페롤, 토코페릴리놀리에이트, 글리세린, 하이드롤라이즈드식물성단백질"
비글로우 볼륨 쿠션 22호 페탈 SPF42/PA+++,에스쁘아,"정제수, 페닐트라이메티콘, 티타늄디옥사이드 (CI 77891), 호모살레이트, 프로판다이올, 카프릴릴메티콘, 다이메티콘, 아이소노닐아이소노나노에이트, 티타늄디옥사이드, 트라이메틸실록시실리케이트, 옥틸도데실네오펜타노에이트, 비스-다이글리세릴폴리아실아디페이트-2, 나이아신아마이드, 라우릴폴리글리세릴-3폴리다이메틸실록시에틸다이메티콘, 폴리글리세릴-6폴리리시놀리에이트, 다이스테아다이모늄헥토라이트, 아이소도데케인, 1,2-헥산다이올, 합성왁스, 알루미늄하이드록사이드, 스테아릭애씨드, 황색산화철, 폴리글리세릴-2아이소스테아레이트, 소듐클로라이드, 비닐다이메티콘/메티콘실세스퀴옥세인크로스폴리머, 폴리하이드록시스테아릭애씨드, 솔비탄세스퀴올리에이트, 카프릴릴글라이콜, 다이소듐스테아로일글루타메이트, 향료, 적색산화철, 비스머스옥시클로라이드, 소듐메타포스페이트, 글리세릴카프릴레이트, 에틸헥실글리세린, 레시틴, 아데노신, 흑색산화철, 에틸헥실팔미테이트, 아이소스테아릭애씨드, 아이소프로필미리스테이트, 트라이에톡시카프릴릴실레인, 폴리글리세릴-3폴리리시놀리에이트, 티몰트라이메톡시신나메이트, 글루타티온, 락토바실러스발효용해물, 부틸렌글라이콜, 토코페롤, 토코페릴리놀리에이트, 글리세린, 하이드롤라이즈드식물성단백질"
비글로우 볼륨 쿠션 21호 아이보리 SPF42/PA+++,에스쁘아,"정제수, 페닐트라이메티콘, 티타늄디옥사이드 (CI 77891), 호모살레이트, 프로판다이올, 카프릴릴메티콘, 다이메티콘, 아이소노닐아이소노나노에이트, 티타늄디옥사이드, 트라이메틸실록시실리케이트, 옥틸도데실네오펜타노에이트, 비스-다이글리세릴폴리아실아디페이트-2, 나이아신아마이드, 라우릴폴리글리세릴-3폴리다이메틸실록시에틸다이메티콘, 폴리글리세릴-6폴리리시놀리에이트, 다이스테아다이모늄헥토라이트, 아이소도데케인, 1,2-헥산다이올, 합성왁스, 알루미늄하이드록사이드, 스테아릭애씨드, 황색산화철, 폴리글리세릴-2아이소스테아레이트, 소듐클로라이드, 비닐다이메티콘/메티콘실세스퀴옥세인크로스폴리머, 폴리하이드록시스테아릭애씨드, 솔비탄세스퀴올리에이트, 다이소듐스테아로일글루타메이트, 카프릴릴글라이콜, 향료, 적색산화철, 비스머스옥시클로라이드, 소듐메타포스페이트, 글리세릴카프릴레이트, 에틸헥실글리세린, 레시틴, 아데노신, 흑색산화철, 에틸헥실팔미테이트, 아이소스테아릭애씨드, 아이소프로필미리스테이트, 트라이에톡시카프릴릴실레인, 폴리글리세릴-3폴리리시놀리에이트, 티몰트라이메톡시신나메이트, 글루타티온, 락토바실러스발효용해물, 부틸렌글라이콜, 토코페롤, 토코페릴리놀리에이트, 글리세린, 하이드롤라이즈드식물성단백질"
비글로우 볼륨 쿠션 20호 바닐라 SPF42/PA+++,에스쁘아,"정제수, 페닐트라이메티콘, 티타늄디옥사이드 (CI 77891), 호모살레이트, 프로판다이올, 카프릴릴메티콘, 다이메티콘, 아이소노닐아이소노나노에이트, 티타늄디옥사이드, 트라이메틸실록시실리케이트, 옥틸도데실네오펜타노에이트, 비스-다이글리세릴폴리아실아디페이트-2, 나이아신아마이드, 라우릴폴리글리세릴-3폴리다이메틸실록시에틸다이메티콘, 폴리글리세릴-6폴리리시놀리에이트, 다이스테아다이모늄헥토라이트, 아이소도데케인, 1,2-헥산다이올, 합성왁스, 알루미늄하이드록사이드, 스테아릭애씨드, 폴리글리세릴-2아이소스테아레이트, 소듐클로라이드, 비닐다이메티콘/메티콘실세스퀴옥세인크로스폴리머, 황색산화철, 솔비탄세스퀴올리에이트, 다이소듐스테아로일글루타메이트, 폴리하이드록시스테아릭애씨드, 카프릴릴글라이콜, 향료, 적색산화철, 비스머스옥시클로라이드, 소듐메타포스페이트, 글리세릴카프릴레이트, 에틸헥실글리세린, 레시틴, 아데노신, 에틸헥실팔미테이트, 아이소스테아릭애씨드, 아이소프로필미리스테이트, 폴리글리세릴-3폴리리시놀리에이트, 흑색산화철, 트라이에톡시카프릴릴실레인, 티몰트라이메톡시신나메이트, 글루타티온, 락토바실러스발효용해물, 부틸렌글라이콜, 토코페롤, 글리세린, 토코페릴리놀리에이트, 하이드롤라이즈드식물성단백질"
비글로우 볼륨 쿠션 13호 포슬린 SPF42/PA+++,에스쁘아,"정제수, 페닐트라이메티콘, 티타늄디옥사이드 (CI 77891), 호모살레이트, 프로판다이올, 카프릴릴메티콘, 다이메티콘, 아이소노닐아이소노나노에이트, 티타늄디옥사이드, 트라이메틸실록시실리케이트, 옥틸도데실네오펜타노에이트, 비스-다이글리세릴폴리아실아디페이트-2, 나이아신아마이드, 라우릴폴리글리세릴-3폴리다이메틸실록시에틸다이메티콘, 폴리글리세릴-6폴리리시놀리에이트, 다이스테아다이모늄헥토라이트, 아이소도데케인, 1,2-헥산다이올, 합성왁스, 알루미늄하이드록사이드, 스테아릭애씨드, 폴리글리세릴-2아이소스테아레이트, 소듐클로라이드, 비닐다이메티콘/메티콘실세스퀴옥세인크로스폴리머, 황색산화철, 솔비탄세스퀴올리에이트, 다이소듐스테아로일글루타메이트, 카프릴릴글라이콜, 폴리하이드록시스테아릭애씨드, 향료, 비스머스옥시클로라이드, 소듐메타포스페이트, 글리세릴카프릴레이트, 에틸헥실글리세린, 적색산화철, 레시틴, 아데노신, 에틸헥실팔미테이트, 아이소스테아릭애씨드, 아이소프로필미리스테이트, 폴리글리세릴-3폴리리시놀리에이트, 흑색산화철, 트라이에톡시카프릴릴실레인, 티몰트라이메톡시신나메이트, 글루타티온, 락토바실러스발효용해물, 부틸렌글라이콜, 토코페롤, 글리세린, 토코페릴리놀리에이트, 하이드롤라이즈드식물성단백질"
비글로우 볼륨쿠션 에어 퍼프,에스쁘아,해당사항없음
허쉬드 체리 에디션,에스쁘아,"아이소도데케인, 트라이메틸실록시실리케이트, 탤크, 합성왁스, 티타늄디옥사이드 (CI 77891), 다이스테아다이모늄헥토라이트, 흑색산화철, 하이드로제네이티드폴리아이소부텐, 황색산화철, 덱스트린팔미테이트/에틸헥사노에이트, 프로필렌카보네이트, 적색산화철, 알루미늄미리스테이트, 트라이에톡시카프릴릴실레인, 글리세릴카프릴레이트, 알루미늄하이드록사이드"
수퍼 소프트 페이스 브러쉬 1EA,에스쁘아,
01 아이브로우 브러쉬,아모레성수,
12 블러셔 브러쉬,아모레성수,
아모레 성수 토너 210ml,아모레성수,"정제수, 글리세린, 프로판다이올, 1,2-헥산다이올, 효모/보리씨발효여과물, 부틸렌글라이콜, 흰버드나무껍질추출물, 다이소듐이디티에이, 에틸헥실글리세린, 펜틸렌글라이콜, 멘톡시프로판다이올, 하이알루로닉애씨드, 잔탄검, 서양톱풀추출물, 토코페롤"
15 립 브러쉬,아모레성수,
14 컨투어링 브러쉬,아모레성수,
11 하이라이트 브러쉬,아모레성수,
03 언더섀도우 브러쉬,아모레성수,
10 파운데이션 브러쉬,아모레성수,
09 컨실러 브러쉬,아모레성수,
07 아이섀도우 브러쉬,아모레성수,
,아모레성수,
13 파우더 브러쉬,아모레성수,
08 아이섀도우 블렌딩 브러쉬,아모레성수,
06 아이섀도우 브러쉬,아모레성수,
05 아이섀도우 브러쉬,아모레성수,
02 아이섀도우 홀 브러쉬,아모레성수,
올뉴 쉽고 빠른 거품 염색 80g,미쟝센,더 보기
퍼펙트 세럼 80ml,미쟝센,"사이클로펜타실록세인, 다이메티콘올, 다이실록세인, C12-15알킬벤조에이트, 향료, 아르간커넬오일, 호호바씨오일, 코코넛야자오일, 리모넨, 살구씨오일, 올리브오일, 마룰라씨오일, 동백나무씨오일, 코코-카프릴레이트/카프레이트, 리날룰, 시트로넬올, 카프릴릭/카프릭트라이글리세라이드, 제라니올, 고추추출물, 베타-카로틴, 토코페롤, 글라이코리피드"
파워 스윙 왁스 9 80g,미쟝센,"정제수, 마이크로크리스탈린왁스, 다이프로필렌글라이콜, 글리세릴스테아레이트, 솔비탄세스퀴올리에이트, 칸데릴라왁스, 1,2-헥산다이올, 세테아릴알코올, 폴리솔베이트60, 하이드로제네이티드폴리아이소부텐, 에틸올리베이트, 폴리아크릴레이트-13, 글리세린, 세테아레스-30,소듐벤조에이트, 말티톨, 카보머, 향료, 폴리아이소부텐, 트로메타민, 솔비톨, 부틸렌글라이콜, 카프릴릴글라이콜, 비즈왁스, 에틸헥실글리세린, 카올린, 폴리솔베이트20, 다이소듐이디티에이, 솔비탄아이소스테아레이트, 숯가루,올리브나무잎추출물,리모넨, 토코페롤, 리날룰,헥실신남알, 생강추출물,검정콩추출물"
NEW 헬로크림 더블커버  120g,미쟝센,"1제: 미네랄오일, 정제수, 피이지-8, 암모늄하이드록사이드, 스테아레스-21, 스테아릴알코올, 글리세릴스테아레이트, P-페닐렌디아민, 베헤닐알코올, 세틸에스터, 레조시놀, 세트리모늄클로라이드, 폴리쿼터늄-6, 염산2,4-디아미노페녹시에탄올, M-아미노페놀, 소듐설파이트, 에리소빅애씨드, 향료, 트로메타민, 트라이소듐에이치이디티에이, 프로판다이올, 리모넨, 리날룰, 헥실신남알, 아르간커넬오일, 호호바씨오일, 부틸렌글라이콜, 검정콩추출물, 1,2-헥산다이올, 녹차추출물, 에틸헥실글리세린, 다이소듐이디티에이, 하이드롤라이즈드콜라겐 / 2제: 정제수, 세테아릴알코올, 하이드로젠퍼옥사이드, 스테아레스-21, 글라이콜다이스테아레이트, 세테아레스-30, 소듐스타네이트, 포스포릭애씨드, 소듐포스페이트, 소듐라우릴설페이트, 에티드로닉애씨드"
헤어앤스칼프 부스터 샴푸 800g,미쟝센,"정제수, 소듐라우레스설페이트, 암모늄라우릴설페이트, 코카미도프로필베타인, 향료, 소듐벤조에이트, 라우릭애씨드, 세틸알코올, 코카마이드엠이에이, 소듐살리실레이트, 시트릭애씨드, 페녹시에탄올, 소듐클로라이드, 트라이하이드록시스테아린, 구아하이드록시프로필트라이모늄클로라이드, 다이메티콘, 소듐시트레이트, 다이소듐이디티에이, 리모넨, 라우레스-23, 라우레스-3, 카보머, 부틸렌글라이콜, 아르간커넬오일, 다마스크장미꽃추출물, 1,2-헥산다이올, 바이오틴, 락틱애씨드, 덱스트린, 인삼추출물, 에틸헥실글리세린, 변성알코올"
살롱10 단백질 에센스 팩  990ml,미쟝센,"정제수, 부틸렌글라이콜, 다이프로필렌글라이콜, 다이메티콘, 세틸알코올, 스테아릴알코올, 베헨트라이모늄메토설페이트, 향료, 다이메티콘올, 아모다이메티콘, 트라이메틸실록시실리케이트, 폴리프로필실세스퀴옥세인, 카프릴릴메티콘, 리날룰, 에틸헥실글리세린, 다이소듐이디티에이, 리모넨, 제라니올, 하이드롤라이즈드식물성단백질(200 ppm), 1,2-헥산다이올, 스테아트라이모늄클로라이드, 다마스크장미꽃추출물, 락틱애씨드, 만니톨, 소듐벤조에이트, 알지닌, 세린, 수크로오스, 피씨에이, 시트룰린, 덱스트린, 글라이코젠, 히스티딘에이치씨엘, 알라닌, 트레오닌, 인삼추출물, 글루타믹애씨드, 라이신에이치씨엘, 하이드롤라이즈드콜라겐, 토코페롤"
컬링 에센스 2X 내추럴/볼륨 150ml,미쟝센,"정제수, 다이프로필렌글라이콜, 사이클로펜타실록세인, 세테아릴알코올, 브이피/메타크릴아마이드/비닐이미다졸코폴리머, 에탄올, 글리세린, 코코-카프릴레이트/카프레이트, 다이카프릴릴카보네이트, 폴리솔베이트60, 솔비탄세스퀴올리에이트, 다이메티콘올, 글리세릴스테아레이트, 피이지-100스테아레이트, 카보머, 트로메타민, 카프릴릴글라이콜, 향료, 브이피/브이에이코폴리머, 에틸헥실글리세린, 리날룰, 다이소듐이디티에이, 리모넨, 부틸렌글라이콜, 제라니올, 시트로넬올, 헥실신남알, 벤질살리실레이트, 석류추출물, 1,2-헥산다이올, 스쿠알란, 아르간커넬오일, 살구씨오일, 프로판다이올, 토코페롤, 소듐하이알루로네이트, 동백나무잎추출물, 테트라소듐이디티에이, 동백나무꽃추출물, 하이드롤라이즈드하이알루로닉애씨드, 소듐하이알루로네이트크로스폴리머, 피씨에이, 락틱애씨드, 글루코오스, 하이알루로닉애씨드, 글라이신, 우레아, 소듐글리세로포스페이트, 세린, 글루타믹애씨드, 포타슘마그네슘아스파테이트, 아스파틱애씨드, 류신, 소듐클로라이드, 알라닌, 라이신, 알지닌, 칼슘글루코네이트, 마그네슘글루코네이트, 타이로신, 페닐알라닌, 프롤린, 트레오닌, 발린, 아이소류신, 시트릭애씨드, 소듐아세틸레이티드하이알루로네이트, 히스티딘, 아세틸글루코사민, 시스테인, 크레아틴, 우릭애씨드, 메티오닌"
퍼펙트 오리지널 세럼 샴푸 680ml,미쟝센,"정제수, 소듐라우레스설페이트, 글리세린, 코카미도프로필베타인, 라우레스-6카복실릭애씨드, 향료, 소듐클로라이드, 폴리쿼터늄-10, 피이지-60하이드로제네이티드캐스터오일, 다이메티콘올, 피피지-7, 소듐라우로일사코시네이트, 티이에이-도데실벤젠설포네이트, 소듐벤조에이트, 페녹시에탄올, 소듐시트레이트, 소듐살리실레이트, 시트릭애씨드, 테트라소듐이디티에이, 에틸헥실글리세린, 리모넨, 다이소듐이디티에이, 리날룰, 아르간커넬오일, 호호바씨오일, 코코넛야자오일, 토코페롤, 살구씨오일, 올리브오일, 동백나무씨오일, 마룰라씨오일, 코코-카프릴레이트/카프레이트, 카프릴릴글라이콜, 변성알코올, 피이지-150펜타에리스리틸테트라스테아레이트, 피피지-2하이드록시에틸코카마이드, 글라이코리피드"
살롱10 단백질 샴푸  990ml,미쟝센,"정제수, 소듐라우레스설페이트, 코카미도프로필베타인, 다이소듐라우레스설포석시네이트, 다이메티콘올, 코코-글루코사이드, 향료, 소듐클로라이드, 하이드록시프로필구아하이드록시프로필트라이모늄클로라이드, 페녹시에탄올, 소듐벤조에이트, 라우릭애씨드, 세틸알코올, 코카마이드엠이에이, 피이지-60하이드로제네이티드캐스터오일, 카프릴릭/카프릭트라이글리세라이드, 아모다이메티콘, 라우레스-2, 트라이하이드록시스테아린, 시트릭애씨드, 멘톨, 폴리쿼터늄-10, 소듐살리실레이트, 소듐시트레이트, 피피지-7, 티이에이-도데실벤젠설포네이트, 리날룰, 부틸렌글라이콜, 테트라소듐이디티에이, 리모넨, 제라니올, 하이드롤라이즈드식물성단백질(210 ppm), 1,2-헥산다이올, 다이소듐이디티에이, 다마스크장미꽃추출물, 스테아트라이모늄클로라이드, 만니톨, 알지닌, 세린, 락틱애씨드, 수크로오스, 피씨에이, 시트룰린, 덱스트린, 에틸헥실글리세린, 글라이코젠, 히스티딘에이치씨엘, 알라닌, 트레오닌, 인삼추출물, 글루타믹애씨드, 라이신에이치씨엘, 하이드롤라이즈드콜라겐, 변성알코올, 피이지-150펜타에리스리틸테트라스테아레이트, 피피지-2하이드록시에틸코카마이드"
퍼펙트 베이스업 에센스 200ml,미쟝센,"정제수, 다이프로필렌글라이콜, 세틸에틸헥사노에이트, 세틸알코올, 다이카프릴릴카보네이트, 다이메티콘, 세테아릴알코올, 스테아라미도프로필다이메틸아민, 향료, 세틸에스터, 다이메티콘올, 락틱애씨드, 부틸렌글라이콜, 다마스크장미꽃수, 에틸헥실글리세린, 다이소듐이디티에이, 폴리쿼터늄-51, 리모넨, 리날룰, 1,2-헥산다이올, 시트로넬올, 제라니올, 당잔대뿌리추출물, 하이드록시시트로넬알, 긴병꽃풀추출물, 왜광대수염꽃추출물, 토코페롤, 퉁퉁마디추출물, 아르간커넬오일, 인동덩굴꽃추출물, 호호바씨오일, 코코넛야자오일, 수국잎추출물, 살구씨오일, 올리브오일, 동백나무씨오일, 마룰라씨오일, 코코-카프릴레이트/카프레이트, 글라이코리피드"
펄샤이닝 리페어 샴푸/트리트먼트 1000ml,미쟝센,"정제수, 소듐라우레스설페이트, 암모늄라우릴설페이트, 향료(화이트머스크향 1%), 소듐클로라이드, 다이메티콘올, 라우릭애씨드, 세틸알코올, 코카마이드엠이에이, 소듐벤조에이트, 시트릭애씨드, 페녹시에탄올, 구아하이드록시프로필트라이모늄클로라이드, 트라이하이드록시스테아린, 카프릴릴글라이콜, 소듐살리실레이트, 소듐시트레이트, 벤질살리실레이트, 알파-아이소메틸아이오논, 헥실신남알, 테트라소듐이디티에이, 티이에이-도데실벤젠설포네이트, 리날룰, 리모넨, 시트로넬올, 다이소듐이디티에이, 부틸렌글라이콜, 진주층, 석류추출물, 해바라기씨오일, 아르간커넬오일, 로얄젤리추출물"
스타일케어 헤어스프레이 300ml,미쟝센,"변성알코올, 다이메틸에터, 메타크릴로일에틸베타인/아크릴레이트코폴리머, 에탄올, 향료, 락틱애씨드, C12-15알킬벤조에이트, 리모넨, 리날룰, 시트랄, 판테놀, 호호바씨오일, 헥실신남알, 정제수, 다이프로필렌글라이콜, 1,2-헥산다이올, 오미자추출물"
퍼펙트 세럼 홈 케어 트리트먼트 900ml,미쟝센,"정제수, 글리세린, 다이메티콘, 다이프로필렌글라이콜, 세틸알코올, 세틸에틸헥사노에이트, 스테아릴알코올, 베헨트라이모늄클로라이드, C12-15알킬벤조에이트, 카프릴릭/카프릭트라이글리세라이드, 하이드로제네이티드폴리아이소부텐, 향료, 아이소프로필알코올, 하이드록시에틸셀룰로오스, 에틸헥실글리세린, 다이소듐이디티에이, 리모넨, 황색5호, 아르간커넬오일, 살구씨오일, 올리브오일, 호호바씨오일, 동백나무씨오일, 코코넛야자오일, 황색4호, 토코페롤, 코코-카프릴레이트/카프레이트, 마룰라씨오일, 글라이코리피드"
살롱10 프로페셔널 시카 프로틴 트리트먼트 215ml,미쟝센,"정제수, 글리세린, 다이메티콘, 솔비톨, 베헨트라이모늄메토설페이트, 세틸알코올, 베헨트라이모늄클로라이드, 아미노프로필다이메티콘, 말티톨, 다이프로필렌글라이콜, 부틸렌글라이콜, 스테아릴알코올, 글리세릴올리에이트, 향료, 캐모마일꽃수, 아모다이메티콘, 다이올레오일에틸하이드록시에틸모늄메토설페이트, 다이메티콘올, 알지닌, 프로판다이올, 말레익애씨드, 글루타믹애씨드, 소듐메타포스페이트, 카나우바왁스, 에틸헥실글리세린, 리날룰, 헥실신남알, 1,2-헥산다이올, 하이드롤라이즈드식물성단백질(207 ppm), 다마스크장미꽃추출물, 스테아트라이모늄클로라이드, 검정콩추출물, 락틱애씨드, 소듐벤조에이트, 병풀꽃/잎/줄기추출물(25 ppm), 마데카소사이드, 다시마추출물, 세라마이드엔피, 덱스트린, 귀리펩타이드, 세린, 트레오닌, 류신, 인삼추출물, 프롤린, 레시틴, 잔탄검, 아스파틱애씨드, 토코페롤, 아이소류신, 글라이신, 아스코빌팔미테이트, 다이소듐이디티에이, 페닐알라닌, 알라닌, 타이로신, 라이신, 하이드로제네이티드팜글리세라이즈시트레이트, 히스티딘, 발린, 메티오닌, 시스틴, 트립토판"
퍼펙트 엉킴제로 노워시 트리트먼트 150ml,미쟝센,"정제수, 다이에톡시에틸석시네이트, 스테아릴알코올, 스테아라미도프로필다이메틸아민, 다이메티콘, 글리세릴스테아레이트, 아모다이메티콘, 향료, 글리세릴올리에이트, 락틱애씨드, 트라이데세스-10, 소듐글루코네이트, 에틸헥실글리세린, 1,2-헥산다이올, 폴리쿼터늄-7, 리모넨, 리날룰, 시트릭애씨드, 해바라기씨오일, 시트로넬올, 제라니올, 하이드록시시트로넬알, 아르간커넬오일, 호호바씨오일, 코코넛야자오일, 토코페롤, 레시틴, 소듐벤조에이트, 덱스트린, 아스코빌팔미테이트, 인삼추출물, 하이드로제네이티드팜글리세라이즈시트레이트, 살구씨오일, 올리브오일, 동백나무씨오일, 마룰라씨오일, 글라이코리피드"
올뉴 샤이닝에센스 100g,미쟝센,"제 1제 : 정제수, 세틸에틸헥사노에이트, 피이지-8, 에탄올아민, 스테아릴알코올, 글리세릴스테아레이트, 세테스-40, 코코넛야자오일, P-페닐렌디아민, 베헤닐알코올, 폴리쿼터늄-6, 베헨트라이모늄클로라이드, 세틸에스터, 레조시놀, 향료, 다이프로필렌글라이콜, 소듐설파이트, 에리소빅애씨드, M-아미노페놀, P-아미노페놀, 테트라소듐이디티에이, 피이지-45스테아레이트, 4-아미노-2-하이드록시톨루엔, 염산2,4-디아미노페녹시에탄올, 동백나무씨오일, 리날룰, 리모넨, 아르간커넬오일, 잇꽃씨오일, 호호바씨오일, 프로판다이올, 1,2-헥산다이올, 병풀꽃/잎/줄기추출물, 에틸헥실글리세린, 글라이코리피드, 다이소듐이디티에이 / 제2제 : 정제수, 하이드로젠퍼옥사이드, 세테아릴알코올, 아이소프로필팔미테이트, 세테스-40, 글리세릴스테아레이트, 에티드로닉애씨드, 다이소듐포스페이트, 코카미도프로필베타인, 소듐스타네이트, 소듐클로라이드, 포스포릭애씨드, 소듐벤조에이트"
퍼펙트 오리지널 세럼 컨디셔너 680ml,미쟝센,"정제수, 글리세린, 다이프로필렌글라이콜, 세틸알코올, 스테아릴알코올, 다이메티콘, 베헨트라이모늄클로라이드, 아이소프로필알코올, 향료, 하이드록시에틸셀룰로오스, 에틸헥실글리세린, 다이소듐이디티에이, 황색4호, 황색5호, 토코페롤, 아르간커넬오일, 살구씨오일, 올리브오일, 호호바씨오일, 동백나무씨오일, 코코넛야자오일, 적색227호, 청색1호, 코코-카프릴레이트/카프레이트, 마룰라씨오일, 글라이코리피드"
살롱10 프로페셔널 시카 프로틴 샴푸 480ml,미쟝센,"정제수, 소듐C14-16올레핀설포네이트, 글리세린, 카프릴릴/카프릴글루코사이드, 다이소듐라우레스설포석시네이트, 말티톨, 코카미도프로필베타인, 라우릴하이드록시설테인, 다이소듐코코일글루타메이트, 수크로오스, 소듐코코일알라니네이트, 라우릴베타인, 향료, 폴리쿼터늄-10, 소듐클로라이드, 시트릭애씨드, 소듐살리실레이트, 세틸알코올, 멘톨, 카프릴릴글라이콜, 소듐시트레이트, 피피지-3카프릴릴에터, C10-18트라이글리세라이즈, 포도씨오일, 트라이하이드록시스테아린, 카프릴릭/카프릭트라이글리세라이드, 소듐메타포스페이트, 피브이피, 다이카프릴릴에터, 프로판다이올, 에틸헥실글리세린, 리날룰, 헥실신남알, 글리세릴스테아레이트, 구아하이드록시프로필트라이모늄클로라이드, 마카다미아씨오일, 소듐벤조에이트, 1,2-헥산다이올, 하이드롤라이즈드식물성단백질(100 ppm), 캐모마일꽃수, 데하이드로아세틱애씨드, 부틸렌글라이콜, 알지닌, 병풀꽃/잎/줄기추출물(25 ppm), 말레익애씨드, 덱스트린, 인삼추출물, 다이소듐이디티에이, 마데카소사이드, 세라마이드엔피, 토코페롤, 잔탄검, 다시마추출물, 귀리펩타이드, 세린, 글루타믹애씨드, 트레오닌, 류신, 프롤린, 아스파틱애씨드, 아이소류신, 글라이신, 페닐알라닌, 알라닌, 라이신, 타이로신, 변성알코올, 히스티딘, 피이지-150펜타에리스리틸테트라스테아레이트, 피피지-2하이드록시에틸코카마이드, 발린, 메티오닌, 시스틴, 트립토판"
NEW 헬로버블 100g,미쟝센,"제 1제: 정제수, 변성알코올, 에탄올아민, 황산톨루엔-2,5-디아민, 폴리쿼터늄-6, N,N-비스(2-히드록시에틸)-p-페닐렌디아민설페이트, 레조시놀, 에리소빅애씨드, M-아미노페놀, 시스테인에이치씨엘, 염산2,4-디아미노페녹시에탄올, 트라이소듐에이치이디티에이 / 제 2제: 정제수, 하이드로젠퍼옥사이드, 세틸알코올, 미리스틸알코올, 에티드로닉애씨드, 스테아레스-21, 향료, 다이소듐포스페이트, 스테아트라이모늄클로라이드, 라우레스-2, 포스포릭애씨드, 아이소프로필알코올 / 제 3제: 정제수, 라우릴베타인, 변성알코올, 세트리모늄클로라이드"
퍼펙트 매직 스트레이트 세럼 샴푸 530ml,미쟝센,"정제수, 소듐라우레스설페이트, 코카미도프로필하이드록시설테인, 다이소듐라우레스설포석시네이트, 아이소펜틸다이올, 라우레스-6카복실릭애씨드, 카프릴릴/카프릴글루코사이드, 향료, 폴리쿼터늄-10, 피이지-60하이드로제네이티드캐스터오일, 카프릴릭/카프릭트라이글리세라이드, 석시닉애씨드, 소듐라우로일사코시네이트, 라우레스-2, 소듐벤조에이트, 소듐시트레이트, 피피지-3카프릴릴에터, 페녹시에탄올, 소듐메타포스페이트, 시트릭애씨드, 캐모마일꽃수, 리날룰, 벤질살리실레이트, 하이드록시시트로넬알, 리모넨, 카프릴릴글라이콜, 다이소듐이디티에이, 헥실신남알, 시트로넬올, 티타늄디옥사이드 (CI 77891), 프로판다이올, 테트라소듐이디티에이, 덱스트린, 1,2-헥산다이올, 아르간커넬오일, 실리카, 인삼추출물, 코코넛야자오일, 호호바씨오일, 틴옥사이드, 다시마추출물, 살구씨오일, 올리브오일, 동백나무씨오일, 에틸헥실글리세린, 마룰라씨오일, 귀리펩타이드, 알지닌, 세린, 글루타믹애씨드, 트레오닌, 류신, 프롤린, 아스파틱애씨드, 아이소류신, 글라이신, 페닐알라닌, 알라닌, 타이로신, 라이신, 히스티딘, 소듐클로라이드, 카나우바왁스, 말티톨, 피이지-150펜타에리스리틸테트라스테아레이트, 발린, 피피지-2하이드록시에틸코카마이드, 메티오닌, 글라이코리피드, 시스틴, 트립토판"
퍼펙트 매직 스트레이트 세럼 80ml,미쟝센,"다이메티콘, C18-21알케인, 세틸에틸헥사노에이트, 트라이실록세인, 다이카프릴릴에터, 다이메티콘올, 아미노프로필다이메티콘, 향료, 티타늄디옥사이드 (CI 77891), 리날룰, 벤질살리실레이트, 하이드록시시트로넬알, 리모넨, 헥실신남알, 시트로넬올, 제라니올, 실리카, 토코페롤, 아르간커넬오일, 코코넛야자오일, 틴옥사이드, 호호바씨오일, 살구씨오일, 올리브오일, 동백나무씨오일, 마룰라씨오일, 글라이코리피드"
볼륨케어 퍼플 콜라겐 샴푸,미쟝센,"정제수, 암모늄라우릴설페이트, 소듐라우레스설페이트, 다이소듐라우레스설포석시네이트, 라우릴하이드록시설테인, 향료, 소듐벤조에이트, 세틸알코올, 소듐클로라이드, 시트릭애씨드, 포도씨오일, 구아하이드록시프로필트라이모늄클로라이드, 카프릴릴글라이콜, 카프릴릭/카프릭트라이글리세라이드, 트라이하이드록시스테아린, 소듐살리실레이트, 페녹시에탄올, 다이카프릴릴에터, 소듐메타포스페이트, 소듐시트레이트, 벤질살리실레이트, 헥실신남알, 리날룰, 캐모마일꽃수, 글리세릴스테아레이트, 마카다미아씨오일, 폴리쿼터늄-11, 다이소듐이디티에이, 리모넨, 데하이드로아세틱애씨드, 1,2-헥산다이올, 부틸렌글라이콜, 프로판다이올, 덱스트린, 바이오틴, 인삼추출물, 황색5호, 적색227호, 토코페롤, 석류추출물, 청색1호, 다시마추출물, 에틸헥실글리세린, 귀리펩타이드, 알지닌, 세린, 글루타믹애씨드, 트레오닌, 류신, 프롤린, 아스파틱애씨드, 아이소류신, 글라이신, 페닐알라닌, 알라닌, 타이로신, 라이신, 히스티딘, 하이드롤라이즈드콜라겐(0.01 ppm), 석류나무꽃추출물, 발린, 메티오닌, 시스틴, 트립토판"
스칼프케어 그린 시카 샴푸,미쟝센,"정제수, 소듐라우레스설페이트, 암모늄라우릴설페이트, 코카미도프로필베타인, 다이프로필렌글라이콜, 향료, 소듐클로라이드, 소듐시트레이트, 폴리쿼터늄-10, 소듐벤조에이트, 멘톨, 시트릭애씨드, 페녹시에탄올, 소듐메타포스페이트, 에틸헥실글리세린, 부틸렌글라이콜, 캐모마일꽃수, 콘민트잎추출물, 다이소듐이디티에이, 프로판다이올, 1,2-헥산다이올, 덱스트린, 바이오틴, 인삼추출물, 병풀꽃/잎/줄기추출물(3.125 ppm), 토코페롤, 다시마추출물, 귀리펩타이드, 알지닌, 세린, 글루타믹애씨드, 트레오닌, 류신, 프롤린, 아스파틱애씨드, 아이소류신, 글라이신, 페닐알라닌, 알라닌, 타이로신, 라이신, 히스티딘, 변성알코올, 발린, 메티오닌, 시스틴, 트립토판"
올뉴 쉽고 빠른 크림염색 80g,미쟝센,"1제(염모제): 정제수, 에탄올아민, 피이지-8, 세테아릴알코올, 다이프로필렌글라이콜, 레조시놀, P-페닐렌디아민, 미네랄오일, 스테아레스-21, 올레스-2, P-아미노페놀, 라우레스-23, 에리소빅애씨드, 베헨트라이모늄클로라이드, 스테아트라이모늄클로라이드, 소듐설파이트, 아이소프로필알코올, M-아미노페놀, 4-아미노-2-하이드록시톨루엔, 2-메칠-5-하이드록시에칠아미노페놀, 다이소듐이디티에이, 아세틱애씨드, 포타슘하이드록사이드, 부틸렌글라이콜, 녹차추출물, 카프릴릴글라이콜, 1,2-헥산다이올 / 2제(산화제): 정제수, 세테아릴알코올, 하이드로젠퍼옥사이드, 올레스-2, 폴리쿼터늄-6, 스테아트라이모늄클로라이드, 스테아레스-21, 다이소듐포스페이트, 아이소프로필알코올, 에티드로닉애씨드, 포스포릭애씨드, 아세틱애씨드, 포타슘하이드록사이드"
퍼펙트 세럼 트리트먼트,미쟝센,"정제수, 세테아릴알코올, 솔비톨, 다이메티콘, 다이프로필렌글라이콜, 베헨트라이모늄클로라이드, 하이드로제네이티드폴리아이소부텐, 아모다이메티콘, 향료, 아이소프로필알코올, 카프릴릴글라이콜, 락틱애씨드, 트라이데세스-10, 다이소듐이디티에이, 1,2-헥산다이올, 에틸헥실글리세린, 리모넨, 아르간커넬오일, 호호바씨오일, 코코넛야자오일, 황색5호, 황색4호, 살구씨오일, 올리브오일, 마룰라씨오일, 동백나무씨오일, 코코-카프릴레이트/카프레이트, 토코페롤, 글라이코리피드"
퍼펙트 매직 스트레이트 세럼 트리트먼트 230ml,미쟝센,"정제수, 다이메티콘, 세틸알코올, 솔비톨, 말티톨, 스테아릴알코올, 카나우바왁스, 베헨트라이모늄메토설페이트, 카프릴릴/카프릴글루코사이드, 아미노프로필다이메티콘, 부틸렌글라이콜, 석시닉애씨드, 향료, 스쿠알란, 다이-C12-13알킬말레이트, 말레익애씨드, 하이드록시프로필메틸셀룰로오스, 폴리글리세릴-4다이아이소스테아레이트/폴리하이드록시스테아레이트/세바케이트, 다이메티콘올, 카프릴릴글라이콜, 소듐메타포스페이트, 에틸헥실글리세린, 캐모마일꽃수, 카프릴릴메티콘, 리날룰, 세테아릴다이메티콘크로스폴리머, 벤질살리실레이트, 하이드록시시트로넬알, 리모넨, 헥실신남알, 시트로넬올, 실리카실릴레이트, 프로판다이올, 티타늄디옥사이드 (CI 77891), 덱스트린, 1,2-헥산다이올, 아르간커넬오일, 인삼추출물, 코코넛야자오일, 호호바씨오일, 다시마추출물, 실리카, 살구씨오일, 올리브오일, 동백나무씨오일, 마룰라씨오일, 귀리펩타이드, 알지닌, 세린, 글루타믹애씨드, 트레오닌, 류신, 프롤린, 아스파틱애씨드, 아이소류신, 글라이신, 틴옥사이드, 페닐알라닌, 알라닌, 타이로신, 라이신, 히스티딘, 발린, 메티오닌, 글라이코리피드, 시스틴, 트립토판"
데미지케어 레드 프로틴 컨디셔너 680ml,미쟝센,"정제수, 글리세린, 세틸알코올, 스테아릴알코올, 다이메티콘, 솔비톨, 베헨트라이모늄클로라이드, 세틸에틸헥사노에이트, 향료, 다이프로필렌글라이콜, 말티톨, 다이메티콘올, 다이소듐이디티에이, 에틸헥실글리세린, 캐모마일꽃수, 부틸렌글라이콜, 아르간커넬오일, 프로판다이올, 황색5호, 덱스트린, 1,2-헥산다이올, 바이오틴, 인삼추출물, 황색4호, 하이드롤라이즈드식물성단백질(2.5 ppm), 토코페롤, 다시마추출물, 소듐메타포스페이트, 귀리펩타이드, 알지닌, 세린, 글루타믹애씨드, 트레오닌, 류신, 프롤린, 아스파틱애씨드, 아이소류신, 글라이신, 페닐알라닌, 알라닌, 타이로신, 라이신, 히스티딘, 발린, 메티오닌, 시스틴, 트립토판"
퍼펙트 슈퍼리치 세럼 컨디셔너 680ml,미쟝센,"정제수, 글리세린, 다이프로필렌글라이콜, 다이메티콘, 세틸알코올, 스테아릴알코올, 베헨트라이모늄클로라이드, 카프릴릭/카프릭트라이글리세라이드, 아이소프로필알코올, 향료, 하이드록시에틸셀룰로오스, 다이소듐이디티에이, 에틸헥실글리세린, 헥실신남알, 벤질살리실레이트, 황색4호, 황색5호, 아르간커넬오일, 동백나무씨오일, 살구씨오일, 올리브오일, 호호바씨오일, 코코넛야자오일, 적색227호, 토코페롤, 코코-카프릴레이트/카프레이트, 마룰라씨오일, 글라이코리피드"
퍼펙트 슈퍼리치 세럼 샴푸 680ml,미쟝센,"정제수, 소듐라우레스설페이트, 글리세린, 다이소듐라우레스설포석시네이트, 코카미도프로필베타인, 라우레스-6카복실릭애씨드, 카프릴릴/카프릴글루코사이드, 향료, 폴리쿼터늄-10, 소듐클로라이드, 다이메티콘올, 소듐라우로일사코시네이트, 티이에이-도데실벤젠설포네이트, 소듐벤조에이트, 카프릴릴글라이콜, 페녹시에탄올, 시트릭애씨드, 소듐살리실레이트, 소듐시트레이트, 헥실신남알, 폴리쿼터늄-7, 테트라소듐이디티에이, 피이지-150펜타에리스리틸테트라스테아레이트, 벤질살리실레이트, 피피지-2하이드록시에틸코카마이드, 다이소듐이디티에이, 리모넨, 시트로넬올, 아르간커넬오일, 호호바씨오일, 코코넛야자오일, 살구씨오일, 올리브오일, 동백나무씨오일, 마룰라씨오일, 코코-카프릴레이트/카프레이트, 변성알코올, 글라이코리피드"
데미지케어 레드 프로틴 헤어크림에센스 140ml,미쟝센,"정제수, 다이프로필렌글라이콜, 세틸에틸헥사노에이트, 세틸알코올, 다이카프릴릴카보네이트, 세테아릴알코올, 스테아라미도프로필다이메틸아민, 다이메티콘, 향료, 세틸에스터, 락틱애씨드, 다이메티콘올, 부틸렌글라이콜, 에틸헥실글리세린, 폴리쿼터늄-51, 다이소듐이디티에이, 캐모마일꽃수, 1,2-헥산다이올, 아르간커넬오일, 프로판다이올, 토코페롤, 덱스트린, 바이오틴, 인삼추출물, 하이드롤라이즈드식물성단백질(2.5 ppm), 다시마추출물, 소듐메타포스페이트, 귀리펩타이드, 알지닌, 세린, 글루타믹애씨드, 트레오닌, 류신, 프롤린, 아스파틱애씨드, 아이소류신, 글라이신, 페닐알라닌, 알라닌, 타이로신, 라이신, 히스티딘, 발린, 메티오닌, 시스틴, 트립토판"
데미지케어 레드 프로틴 샴푸,미쟝센,"정제수, 암모늄라우릴설페이트, 코카미도프로필베타인, 소듐라우레스설페이트, 다이소듐라우레스설포석시네이트, 향료, 소듐클로라이드, 카프릴릴/카프릴글루코사이드, 세틸알코올, 구아하이드록시프로필트라이모늄클로라이드, 포도씨오일, 카프릴릭/카프릭트라이글리세라이드, 트라이하이드록시스테아린, 소듐벤조에이트, 피피지-7, C10-18트라이글리세라이즈, 시트릭애씨드, 다이카프릴릴에터, 페녹시에탄올, 소듐메타포스페이트, 소듐살리실레이트, 소듐시트레이트, 에틸헥실글리세린, 캐모마일꽃수, 글리세릴스테아레이트, 마이카, 마카다미아씨오일, 티타늄디옥사이드 (CI 77891), 부틸렌글라이콜, 카프릴릴글라이콜, 다이소듐이디티에이, 데하이드로아세틱애씨드, 아르간커넬오일, 프로판다이올, 적색산화철, 덱스트린, 1,2-헥산다이올, 바이오틴, 인삼추출물, 틴옥사이드, 하이드롤라이즈드식물성단백질(2.5 ppm), 토코페롤, 다시마추출물, 귀리펩타이드, 알지닌, 세린, 글루타믹애씨드, 트레오닌, 류신, 프롤린, 아스파틱애씨드, 아이소류신, 글라이신, 페닐알라닌, 알라닌, 타이로신, 라이신, 히스티딘, 발린, 메티오닌, 시스틴, 트립토판"
이너플렉스 모발강화제 145g,미쟝센,"정제수, 부틸렌글라이콜, 세틸알코올, 스테아릴알코올, 솔비톨, 말레익애씨드, 다이팔미토일에틸하이드록시에틸모늄메토설페이트, 베헨트라이모늄클로라이드, 알지닌, 메틸글루카민, 세틸에틸헥사노에이트, 하이드록시에틸셀룰로오스, 다이프로필렌글라이콜, 헥사다이메트린클로라이드, 말티톨, 폴리쿼터늄-4, 향료, 에탄올, 카프릴릴글라이콜, 소듐메타포스페이트, 글루코사민에이치씨엘, 에틸헥실글리세린, 리날룰, 시트로넬올, 헥실신남알, 올레익애씨드, 덱스트린, 호호바씨오일, 인삼추출물, 하이드록시프로필비스팔미타마이드엠이에이, 콜레스테롤, 스테아릭애씨드, 리놀레익애씨드, 토코페롤"
헤어앤스칼프 너리싱 부스터 트리트먼트 300g,미쟝센,"정제수, 세틸알코올, 스테아릴알코올, 솔비톨, 부틸렌글라이콜, 베헨트라이모늄클로라이드, 다이프로필렌글라이콜, 향료, 말티톨, 글리세릴스테아레이트, 다이메티콘, 카프릴릴글라이콜, 다이소듐이디티에이, 에틸헥실글리세린, 리모넨, 리날룰, 시트릭애씨드, 아르간커넬오일, 다마스크장미꽃추출물, 1,2-헥산다이올, 바이오틴, 덱스트린, 토코페롤, 인삼추출물"
볼륨케어 퍼플 콜라겐 트리트먼트,미쟝센,"정제수, 글리세린, 솔비톨, 다이프로필렌글라이콜, 다이메티콘, 스테아릴알코올, 베헨트라이모늄클로라이드, 세틸알코올, 말티톨, 세틸에틸헥사노에이트, 하이드로제네이티드폴리아이소부텐, 폴리비닐알코올, 다이메티콘올, 세틸에스터, 향료, 다이소듐이디티에이, 에틸헥실글리세린, 캐모마일꽃수, 벤질살리실레이트, 헥실신남알, 리날룰, 부틸렌글라이콜, 프로판다이올, 황색4호, 1,2-헥산다이올, 덱스트린, 적색227호, 바이오틴, 인삼추출물, 석류추출물, 토코페롤, 다시마추출물, 소듐메타포스페이트, 귀리펩타이드, 알지닌, 세린, 글루타믹애씨드, 트레오닌, 류신, 프롤린, 아스파틱애씨드, 아이소류신, 글라이신, 페닐알라닌, 알라닌, 타이로신, 라이신, 히스티딘, 하이드롤라이즈드콜라겐(0.01 ppm), 석류나무꽃추출물, 발린, 메티오닌, 시스틴, 트립토판"
데미지케어 레드 프로틴 트리트먼트,미쟝센,"정제수, 다이메티콘, 솔비톨, 다이프로필렌글라이콜, 스테아릴알코올, 베헨트라이모늄클로라이드, 베헤닐알코올, 세틸알코올, 말티톨, 세틸에틸헥사노에이트, 향료, 세틸에스터, 하이드로제네이티드폴리아이소부텐, 다이메티콘올, 카프릴릴글라이콜, 아모다이메티콘, 다이소듐이디티에이, 에틸헥실글리세린, 캐모마일꽃수, 부틸렌글라이콜, 트라이데세스-10, 아르간커넬오일, 1,2-헥산다이올, 프로판다이올, 황색5호, 황색4호, 덱스트린, 바이오틴, 인삼추출물, 하이드롤라이즈드식물성단백질(2.5 ppm), 토코페롤, 다시마추출물, 소듐메타포스페이트, 귀리펩타이드, 알지닌, 세린, 글루타믹애씨드, 트레오닌, 류신, 프롤린, 아스파틱애씨드, 아이소류신, 글라이신, 페닐알라닌, 알라닌, 타이로신, 라이신, 히스티딘, 발린, 메티오닌, 시스틴, 트립토판"
이너플렉스 모발강화 샴푸/트리트먼트,미쟝센,"정제수, 소듐라우로일메틸이세티오네이트, 다이소듐라우레스설포석시네이트, 코카미도프로필하이드록시설테인, 소듐메틸코코일타우레이트, 포타슘코코일글리시네이트, 소듐코코일알라니네이트, 라우릭애씨드, 소듐클로라이드, 향료, 글리세릴스테아레이트, 트라이하이드록시스테아린, 부틸렌글라이콜, 피피지-7, 말레익애씨드, 알지닌, 폴리쿼터늄-10, 메틸글루카민, 세틸알코올, 카프릴릭/카프릭트라이글리세라이드, 다이카프릴릴에터, 시트릭애씨드, 카프릴릴글라이콜, 소듐살리실레이트, 소듐시트레이트, 소듐메타포스페이트, 리날룰, 에틸헥실글리세린, 글루코사민에이치씨엘, 시트로넬올, 헥실신남알, 벤질살리실레이트, 리모넨, 테트라소듐이디티에이, 올레익애씨드, 덱스트린, 호호바씨오일, 인삼추출물, 하이드록시프로필비스팔미타마이드엠이에이, 토코페롤, 콜레스테롤, 스테아릭애씨드, 리놀레익애씨드"
퍼펙트 노 워시 워터 트리트먼트 215ml,미쟝센,"정제수, 다이에톡시에틸석시네이트, 글리세린, 아이소펜틸다이올, 다이메티콘, 베헤닐알코올, 스테아릴알코올, 사이클로펜타실록세인, 글리세릴스테아레이트, 잇꽃씨오일, 스테아라미도프로필다이메틸아민, 아모다이메티콘, 향료, 글리세릴올리에이트, 브이피/메타크릴아마이드/비닐이미다졸코폴리머, 락틱애씨드, 변성알코올, 다이메티콘올, 다마스크장미꽃수, 트라이데세스-10, 다이소듐이디티에이, 에틸헥실글리세린, 부틸렌글라이콜, 리날룰, 1,2-헥산다이올, 벤질벤조에이트, 시트로넬올, 제라니올, 알파-아이소메틸아이오논, 쿠마린, 헥실신남알, 당잔대뿌리추출물, 하이드록시시트로넬알, 긴병꽃풀추출물, 왜광대수염꽃추출물, 퉁퉁마디추출물, 덱스트린, 아르간커넬오일, 인동덩굴꽃추출물, 인삼추출물, 호호바씨오일, C9-12알케인, 토코페롤, 레시틴, 아스코빌팔미테이트, 수국잎추출물, 하이드로제네이티드팜글리세라이즈시트레이트, 살구씨오일, 올리브오일, 동백나무씨오일, 마룰라씨오일, 코코-카프릴레이트/카프레이트, 글라이코리피드"
살롱10 단백질 트리트먼트 250ml,미쟝센,"정제수, 부틸렌글라이콜, 다이프로필렌글라이콜, 다이메티콘, 스테아릴알코올, 베헨트라이모늄메토설페이트, 세틸알코올, 향료, 다이메티콘올, 아모다이메티콘, 트라이메틸실록시실리케이트, 폴리프로필실세스퀴옥세인, 아미노프로필다이메티콘, 카프릴릴메티콘, 리날룰, 1,2-헥산다이올, 에틸헥실글리세린, 다이소듐이디티에이, 리모넨, 하이드롤라이즈드식물성단백질(210 ppm), 제라니올, 스테아트라이모늄클로라이드, 다마스크장미꽃추출물, 락틱애씨드, 만니톨, 소듐벤조에이트, 알지닌, 세린, 수크로오스, 피씨에이, 시트룰린, 덱스트린, 글라이코젠, 히스티딘에이치씨엘, 알라닌, 트레오닌, 인삼추출물, 하이드롤라이즈드콜라겐, 글루타믹애씨드, 라이신에이치씨엘, 토코페롤"
쿨링케어 블루멘톨 샴푸 680ml,미쟝센,"정제수, 소듐C14-16올레핀설포네이트, 코카마이드엠이에이, 코카미도프로필베타인, 멘톨(0.9%), 소듐클로라이드, 다이소듐라우레스설포석시네이트, 향료, 소듐벤조에이트, 페녹시에탄올, 소듐살리실레이트, 구아하이드록시프로필트라이모늄클로라이드, 시트릭애씨드, 다이메티콘올, 세틸알코올, 소듐시트레이트, 트라이하이드록시스테아린, 카프릴릭/카프릭트라이글리세라이드, 소듐메타포스페이트, 다이카프릴릴에터, 티이에이-도데실벤젠설포네이트, 글리세릴스테아레이트, 해수, 캐모마일꽃수, 카프릴릴글라이콜, 부틸렌글라이콜, 데하이드로아세틱애씨드, 테트라소듐이디티에이, 콘민트잎추출물, 프로판다이올, 1,2-헥산다이올, 다이포타슘글리시리제이트, 바이오틴, 펜틸렌글라이콜, 덱스트린, 페퍼민트추출물, 인삼추출물, 에틸헥실글리세린, 토코페롤, 다시마추출물, 귀리펩타이드, 알지닌, 세린, 글루타믹애씨드, 트레오닌, 류신, 프롤린, 아스파틱애씨드, 아이소류신, 글라이신, 다이소듐이디티에이, 페닐알라닌, 알라닌, 라이신, 타이로신, 히스티딘, 발린, 메티오닌, 시스틴, 트립토판"
컬링 매트 볼륨 헤어픽서 200ml,미쟝센,"변성알코올, 아크릴레이트/옥틸아크릴아마이드코폴리머, 아미노메틸프로판올, 향료, 실리카, 리모넨, C12-15알킬벤조에이트, 정제수, 글리세린, 리날룰, 헥실신남알, 부틸렌글라이콜, 석류추출물, 시트로넬올, 덱스트린, 인삼추출물, 동백나무잎추출물, 동백나무꽃추출물"
헬로버블 퍼퓸보색 핑크 샴푸 400ml,미쟝센,"정제수, 글리세린, 다이소듐코코일글루타메이트, 솔비톨, 카프릴릴/카프릴글루코사이드, 라우릴하이드록시설테인, 피이지-60하이드로제네이티드캐스터오일, 시트릭애씨드, 향료, 카페인, 소듐벤조에이트, 폴리쿼터늄-22, 카프릴릴글라이콜, 다이소듐라우릴설포석시네이트, 염기성청색99호, 다이소듐이디티에이, 염기성적색51호, 코카미도프로필베타인, 다이소듐라우레스설포석시네이트, 리모넨, 소듐클로라이드, 알지닌, 말레익애씨드, 아르간커넬오일, 살구씨오일, 올리브오일, 동백나무씨오일, 호호바씨오일, 마룰라씨오일, 코코넛야자오일, 코코-카프릴레이트/카프레이트"
NEW 헬로블리치 프라이머 버블 100g,미쟝센,"제 1제: 정제수, 변성알코올, 에탄올아민, 폴리쿼터늄-6, 트라이소듐에이치이디티에이 / 제 2제: 정제수, 하이드로젠퍼옥사이드, 세틸알코올, 미리스틸알코올, 에티드로닉애씨드, 스테아레스-21, 향료, 다이소듐포스페이트, 스테아트라이모늄클로라이드, 라우레스-2, 포스포릭애씨드, 아이소프로필알코올 / 제 3제: 정제수, 라우릴베타인, 변성알코올, 세트리모늄클로라이드"
퍼펙트 스타일링 세럼 컨디셔너 680ml,미쟝센,"정제수, 글리세린, 다이프로필렌글라이콜, 세틸알코올, 스테아릴알코올, 세틸에틸헥사노에이트, 베헨트라이모늄클로라이드, 다이메티콘, 아이소프로필알코올, 향료, 하이드록시에틸셀룰로오스, 다이소듐이디티에이, 리날룰, 벤질벤조에이트, 아르간커넬오일, 살구씨오일, 올리브오일, 호호바씨오일, 동백나무씨오일, 코코넛야자오일, 코코-카프릴레이트/카프레이트, 마룰라씨오일, 글라이코리피드"
NEW 헬로크림 125g,미쟝센,"1제: 정제수, 에탄올아민, 피이지-8, 세테아릴알코올, 황산톨루엔-2,5-디아민, 부틸렌글라이콜, 폴리쿼터늄-6, 스테아레스-21, 올레스-2, 레조시놀, 염산2,4-디아미노페녹시에탄올, 하이드록시에틸셀룰로오스, 베헨트라이모늄클로라이드, 스테아트라이모늄클로라이드, 소듐설파이트, 에리소빅애씨드, 잔탄검, 아이소프로필알코올, M-아미노페놀, 4-아미노-2-하이드록시톨루엔, 다이소듐이디티에이, 하이드롤라이즈드식물성단백질, 아르간커넬오일, 아스파틱애씨드, 글루타믹애씨드, 올리브오일, 호호바씨오일, 폴리솔베이트60, 다이소듐포스페이트, 포도씨오일, 소듐포스페이트, 소듐벤조에이트, 아세틱애씨드, 포타슘하이드록사이드, 마카다미아씨오일, 토코페롤 / 2제: 정제수, 하이드로젠퍼옥사이드, 다이프로필렌글라이콜, 피이지-150다이스테아레이트, 라우릴글루코사이드, 코카미도프로필베타인, 에티드로닉애씨드, 포스포릭애씨드, 소듐클로라이드, 향료, 다이소듐포스페이트, 소듐벤조에이트 / 3제: 라우레스-2, 아르간커넬오일, 카프릴릭/카프릭트라이글리세라이드, 살구씨오일, 올리브오일"
헬로 젤리팡팡 8g,미쟝센,"흑색산화철, 탤크, 합성플루오르플로고파이트, 다이카프릴릴카보네이트, 페닐트라이메티콘, 다이메티콘, 실리카, 라우로일라이신, 하이드로제네이티드폴리데센, 다이메티콘/비닐다이메티콘크로스폴리머, 카프릴릴글라이콜, 에틸헥실글리세린, 글리세릴카프릴레이트, 알루미늄하이드록사이드, 적색산화철, 황색산화철, 토코페롤, 정제수, 부틸렌글라이콜, 트라이메틸실록시실리케이트/다이메티콘올크로스폴리머, 트라이에톡시카프릴릴실레인, 라즈베리추출물, 1,2-헥산다이올, 검정콩추출물"
살롱10 단백질 트리트먼트,미쟝센,"정제수, 부틸렌글라이콜, 다이프로필렌글라이콜, 다이메티콘, 스테아릴알코올, 베헨트라이모늄메토설페이트, 세틸알코올, 향료, 다이메티콘올, 아모다이메티콘, 트라이메틸실록시실리케이트, 폴리프로필실세스퀴옥세인, 아미노프로필다이메티콘, 카프릴릴메티콘, 리날룰, 1,2-헥산다이올, 에틸헥실글리세린, 다이소듐이디티에이, 리모넨, 하이드롤라이즈드식물성단백질(210 ppm), 제라니올, 스테아트라이모늄클로라이드, 다마스크장미꽃추출물, 락틱애씨드, 만니톨, 소듐벤조에이트, 알지닌, 세린, 수크로오스, 피씨에이, 시트룰린, 덱스트린, 글라이코젠, 히스티딘에이치씨엘, 알라닌, 트레오닌, 인삼추출물, 하이드롤라이즈드콜라겐, 글루타믹애씨드, 라이신에이치씨엘, 토코페롤"
살롱10 시카 프로틴 샴푸,미쟝센,"정제수, 소듐C14-16올레핀설포네이트, 글리세린, 카프릴릴/카프릴글루코사이드, 다이소듐라우레스설포석시네이트, 말티톨, 코카미도프로필베타인, 라우릴하이드록시설테인, 다이소듐코코일글루타메이트, 수크로오스, 소듐코코일알라니네이트, 라우릴베타인, 향료, 폴리쿼터늄-10, 소듐클로라이드, 시트릭애씨드, 소듐살리실레이트, 세틸알코올, 멘톨, 카프릴릴글라이콜, 소듐시트레이트, 피피지-3카프릴릴에터, C10-18트라이글리세라이즈, 포도씨오일, 트라이하이드록시스테아린, 카프릴릭/카프릭트라이글리세라이드, 소듐메타포스페이트, 피브이피, 다이카프릴릴에터, 프로판다이올, 에틸헥실글리세린, 리날룰, 헥실신남알, 글리세릴스테아레이트, 구아하이드록시프로필트라이모늄클로라이드, 마카다미아씨오일, 소듐벤조에이트, 1,2-헥산다이올, 하이드롤라이즈드식물성단백질(100 ppm), 캐모마일꽃수, 데하이드로아세틱애씨드, 부틸렌글라이콜, 알지닌, 병풀꽃/잎/줄기추출물(25 ppm), 말레익애씨드, 덱스트린, 인삼추출물, 다이소듐이디티에이, 마데카소사이드, 세라마이드엔피, 토코페롤, 잔탄검, 다시마추출물, 귀리펩타이드, 세린, 글루타믹애씨드, 트레오닌, 류신, 프롤린, 아스파틱애씨드, 아이소류신, 글라이신, 페닐알라닌, 알라닌, 라이신, 타이로신, 변성알코올, 히스티딘, 피이지-150펜타에리스리틸테트라스테아레이트, 피피지-2하이드록시에틸코카마이드, 발린, 메티오닌, 시스틴, 트립토판"
퍼펙트 세럼 트리트먼트,미쟝센,"정제수, 세테아릴알코올, 솔비톨, 다이메티콘, 다이프로필렌글라이콜, 베헨트라이모늄클로라이드, 하이드로제네이티드폴리아이소부텐, 아모다이메티콘, 향료, 아이소프로필알코올, 카프릴릴글라이콜, 락틱애씨드, 트라이데세스-10, 다이소듐이디티에이, 1,2-헥산다이올, 에틸헥실글리세린, 리모넨, 아르간커넬오일, 호호바씨오일, 코코넛야자오일, 황색5호, 황색4호, 살구씨오일, 올리브오일, 마룰라씨오일, 동백나무씨오일, 코코-카프릴레이트/카프레이트, 토코페롤, 글라이코리피드"
퍼펙트 베이스업 헤어 에센스,미쟝센,"정제수, 다이프로필렌글라이콜, 세틸에틸헥사노에이트, 세틸알코올, 다이카프릴릴카보네이트, 다이메티콘, 세테아릴알코올, 스테아라미도프로필다이메틸아민, 향료, 세틸에스터, 다이메티콘올, 락틱애씨드, 부틸렌글라이콜, 다마스크장미꽃수, 에틸헥실글리세린, 다이소듐이디티에이, 폴리쿼터늄-51, 리모넨, 리날룰, 1,2-헥산다이올, 시트로넬올, 제라니올, 당잔대뿌리추출물, 하이드록시시트로넬알, 긴병꽃풀추출물, 왜광대수염꽃추출물, 토코페롤, 퉁퉁마디추출물, 아르간커넬오일, 인동덩굴꽃추출물, 호호바씨오일, 코코넛야자오일, 수국잎추출물, 살구씨오일, 올리브오일, 동백나무씨오일, 마룰라씨오일, 코코-카프릴레이트/카프레이트, 글라이코리피드"
컬링 에센스 2X 내추럴,미쟝센,"정제수, 다이메티콘, 사이클로펜타실록세인, 글리세린, 다이프로필렌글라이콜, 브이피/메타크릴아마이드/비닐이미다졸코폴리머, 에탄올, 아크릴레이트/스테아레스-20이타코네이트코폴리머, 폴리아크릴아마이드, 트로메타민, C13-14아이소파라핀, 카프릴릴글라이콜, 향료, 에틸헥실글리세린, 라우레스-7, 리날룰, 다이소듐이디티에이, 리모넨, 부틸렌글라이콜, 제라니올, 시트로넬올, 헥실신남알, 벤질살리실레이트, 석류추출물, 1,2-헥산다이올, 스쿠알란, 아르간커넬오일, 살구씨오일, 프로판다이올, 소듐하이알루로네이트, 동백나무잎추출물, 토코페롤, 동백나무꽃추출물, 하이드롤라이즈드하이알루로닉애씨드, 소듐하이알루로네이트크로스폴리머, 피씨에이, 락틱애씨드, 글루코오스, 하이알루로닉애씨드, 글라이신, 우레아, 소듐글리세로포스페이트, 세린, 글루타믹애씨드, 포타슘마그네슘아스파테이트, 아스파틱애씨드, 류신, 소듐클로라이드, 알라닌, 라이신, 알지닌, 칼슘글루코네이트, 마그네슘글루코네이트, 타이로신, 페닐알라닌, 프롤린, 트레오닌, 발린, 아이소류신, 시트릭애씨드, 소듐아세틸레이티드하이알루로네이트, 히스티딘, 아세틸글루코사민, 시스테인, 크레아틴, 우릭애씨드, 메티오닌"
컬링 에센스 2X 볼륨,미쟝센,"정제수, 다이프로필렌글라이콜, 사이클로펜타실록세인, 세테아릴알코올, 브이피/메타크릴아마이드/비닐이미다졸코폴리머, 에탄올, 글리세린, 코코-카프릴레이트/카프레이트, 다이카프릴릴카보네이트, 폴리솔베이트60, 솔비탄세스퀴올리에이트, 다이메티콘올, 글리세릴스테아레이트, 피이지-100스테아레이트, 카보머, 트로메타민, 카프릴릴글라이콜, 향료, 브이피/브이에이코폴리머, 에틸헥실글리세린, 리날룰, 다이소듐이디티에이, 리모넨, 부틸렌글라이콜, 제라니올, 시트로넬올, 헥실신남알, 벤질살리실레이트, 석류추출물, 1,2-헥산다이올, 스쿠알란, 아르간커넬오일, 살구씨오일, 프로판다이올, 토코페롤, 소듐하이알루로네이트, 동백나무잎추출물, 테트라소듐이디티에이, 동백나무꽃추출물, 하이드롤라이즈드하이알루로닉애씨드, 소듐하이알루로네이트크로스폴리머, 피씨에이, 락틱애씨드, 글루코오스, 하이알루로닉애씨드, 글라이신, 우레아, 소듐글리세로포스페이트, 세린, 글루타믹애씨드, 포타슘마그네슘아스파테이트, 아스파틱애씨드, 류신, 소듐클로라이드, 알라닌, 라이신, 알지닌, 칼슘글루코네이트, 마그네슘글루코네이트, 타이로신, 페닐알라닌, 프롤린, 트레오닌, 발린, 아이소류신, 시트릭애씨드, 소듐아세틸레이티드하이알루로네이트, 히스티딘, 아세틸글루코사민, 시스테인, 크레아틴, 우릭애씨드, 메티오닌"
퍼펙트 세럼 홈 케어 트리트먼트,미쟝센,"정제수, 글리세린, 다이메티콘, 다이프로필렌글라이콜, 세틸알코올, 세틸에틸헥사노에이트, 스테아릴알코올, 베헨트라이모늄클로라이드, C12-15알킬벤조에이트, 카프릴릭/카프릭트라이글리세라이드, 하이드로제네이티드폴리아이소부텐, 향료, 아이소프로필알코올, 하이드록시에틸셀룰로오스, 에틸헥실글리세린, 다이소듐이디티에이, 리모넨, 황색5호, 아르간커넬오일, 살구씨오일, 올리브오일, 호호바씨오일, 동백나무씨오일, 코코넛야자오일, 황색4호, 토코페롤, 코코-카프릴레이트/카프레이트, 마룰라씨오일, 글라이코리피드"
퍼펙트 아르간 캡슐 리페어 헤어 마스크 180g,미쟝센,"정제수, 다이메티콘, 글리세린, 세테아릴알코올, 다이프로필렌글라이콜, 세틸에틸헥사노에이트, 베헨트라이모늄클로라이드, 아이소펜틸다이올, 코코-카프릴레이트/카프레이트, 아모다이메티콘, 베헤닐알코올, 스테아라미도프로필다이메틸아민, 다이메티콘올, 향료, 아르간커넬오일(5,987 ppm), 하이드록시프로필스타치포스페이트, 락틱애씨드, 카프릴릴글라이콜, 소듐글루코네이트, 에틸헥실글리세린, 캐모마일꽃수, 카프릴릴메티콘, 스테아트라이모늄클로라이드, 부틸렌글라이콜, 세테아릴다이메티콘크로스폴리머, 리모넨, 리날룰, 실리카실릴레이트, 소듐벤조에이트, 카프릴릭/카프릭트라이글리세라이드, 프로판다이올, 하이드로제네이티드폴리(C6-20올레핀), 황색4호, 1,2-헥산다이올, 에이치디아이/트라이메틸올헥실락톤크로스폴리머, 하이드롤라이즈드식물성단백질, 호호바씨오일, 코코넛야자오일, 덱스트린, 인삼추출물, 적색227호, 토코페롤, 다시마추출물, 살구씨오일, 올리브오일, 동백나무씨오일, 소듐메타포스페이트, 마룰라씨오일, 귀리펩타이드, 알지닌, 세린, 글루타믹애씨드, 트레오닌, 류신, 프롤린, 아스파틱애씨드, 아이소류신, 글라이신, 페닐알라닌, 알라닌, 타이로신, 라이신, 청색1호, 히스티딘, 발린, 메티오닌, 글라이코리피드, 시스틴, 트립토판"
퍼펙트 매직 스트레이트 세럼 샴푸,미쟝센,"정제수, 소듐라우레스설페이트, 코카미도프로필하이드록시설테인, 다이소듐라우레스설포석시네이트, 아이소펜틸다이올, 라우레스-6카복실릭애씨드, 카프릴릴/카프릴글루코사이드, 향료, 폴리쿼터늄-10, 피이지-60하이드로제네이티드캐스터오일, 카프릴릭/카프릭트라이글리세라이드, 석시닉애씨드, 소듐라우로일사코시네이트, 라우레스-2, 소듐벤조에이트, 소듐시트레이트, 피피지-3카프릴릴에터, 페녹시에탄올, 소듐메타포스페이트, 시트릭애씨드, 캐모마일꽃수, 리날룰, 벤질살리실레이트, 하이드록시시트로넬알, 리모넨, 카프릴릴글라이콜, 다이소듐이디티에이, 헥실신남알, 시트로넬올, 티타늄디옥사이드 (CI 77891), 프로판다이올, 테트라소듐이디티에이, 덱스트린, 1,2-헥산다이올, 아르간커넬오일, 실리카, 인삼추출물, 코코넛야자오일, 호호바씨오일, 틴옥사이드, 다시마추출물, 살구씨오일, 올리브오일, 동백나무씨오일, 에틸헥실글리세린, 마룰라씨오일, 귀리펩타이드, 알지닌, 세린, 글루타믹애씨드, 트레오닌, 류신, 프롤린, 아스파틱애씨드, 아이소류신, 글라이신, 페닐알라닌, 알라닌, 타이로신, 라이신, 히스티딘, 소듐클로라이드, 카나우바왁스, 말티톨, 피이지-150펜타에리스리틸테트라스테아레이트, 발린, 피피지-2하이드록시에틸코카마이드, 메티오닌, 글라이코리피드, 시스틴, 트립토판"
퍼펙트 매직 스트레이트 세럼,미쟝센,"다이메티콘, C18-21알케인, 세틸에틸헥사노에이트, 트라이실록세인, 다이카프릴릴에터, 다이메티콘올, 아미노프로필다이메티콘, 향료, 티타늄디옥사이드 (CI 77891), 리날룰, 벤질살리실레이트, 하이드록시시트로넬알, 리모넨, 헥실신남알, 시트로넬올, 제라니올, 실리카, 토코페롤, 아르간커넬오일, 코코넛야자오일, 틴옥사이드, 호호바씨오일, 살구씨오일, 올리브오일, 동백나무씨오일, 마룰라씨오일, 글라이코리피드"
퍼펙트 매직 스트레이트 세럼 트리트먼트,미쟝센,"정제수, 다이메티콘, 세틸알코올, 솔비톨, 말티톨, 스테아릴알코올, 카나우바왁스, 베헨트라이모늄메토설페이트, 카프릴릴/카프릴글루코사이드, 아미노프로필다이메티콘, 부틸렌글라이콜, 석시닉애씨드, 향료, 스쿠알란, 다이-C12-13알킬말레이트, 말레익애씨드, 하이드록시프로필메틸셀룰로오스, 폴리글리세릴-4다이아이소스테아레이트/폴리하이드록시스테아레이트/세바케이트, 다이메티콘올, 카프릴릴글라이콜, 소듐메타포스페이트, 에틸헥실글리세린, 캐모마일꽃수, 카프릴릴메티콘, 리날룰, 세테아릴다이메티콘크로스폴리머, 벤질살리실레이트, 하이드록시시트로넬알, 리모넨, 헥실신남알, 시트로넬올, 실리카실릴레이트, 프로판다이올, 티타늄디옥사이드 (CI 77891), 덱스트린, 1,2-헥산다이올, 아르간커넬오일, 인삼추출물, 코코넛야자오일, 호호바씨오일, 다시마추출물, 실리카, 살구씨오일, 올리브오일, 동백나무씨오일, 마룰라씨오일, 귀리펩타이드, 알지닌, 세린, 글루타믹애씨드, 트레오닌, 류신, 프롤린, 아스파틱애씨드, 아이소류신, 글라이신, 틴옥사이드, 페닐알라닌, 알라닌, 타이로신, 라이신, 히스티딘, 발린, 메티오닌, 글라이코리피드, 시스틴, 트립토판"
살롱10 프로페셔널 시카 프로틴 트리트먼트,미쟝센,"정제수, 글리세린, 다이메티콘, 솔비톨, 베헨트라이모늄메토설페이트, 세틸알코올, 베헨트라이모늄클로라이드, 아미노프로필다이메티콘, 말티톨, 다이프로필렌글라이콜, 부틸렌글라이콜, 스테아릴알코올, 글리세릴올리에이트, 향료, 캐모마일꽃수, 아모다이메티콘, 다이올레오일에틸하이드록시에틸모늄메토설페이트, 다이메티콘올, 알지닌, 프로판다이올, 말레익애씨드, 글루타믹애씨드, 소듐메타포스페이트, 카나우바왁스, 에틸헥실글리세린, 리날룰, 헥실신남알, 1,2-헥산다이올, 하이드롤라이즈드식물성단백질(207 ppm), 다마스크장미꽃추출물, 스테아트라이모늄클로라이드, 검정콩추출물, 락틱애씨드, 소듐벤조에이트, 병풀꽃/잎/줄기추출물(25 ppm), 마데카소사이드, 다시마추출물, 세라마이드엔피, 덱스트린, 귀리펩타이드, 세린, 트레오닌, 류신, 인삼추출물, 프롤린, 레시틴, 잔탄검, 아스파틱애씨드, 토코페롤, 아이소류신, 글라이신, 아스코빌팔미테이트, 다이소듐이디티에이, 페닐알라닌, 알라닌, 타이로신, 라이신, 하이드로제네이티드팜글리세라이즈시트레이트, 히스티딘, 발린, 메티오닌, 시스틴, 트립토판"
컬링 매트 볼륨 헤어픽서,미쟝센,"변성알코올, 아크릴레이트/옥틸아크릴아마이드코폴리머, 아미노메틸프로판올, 향료, 실리카, 리모넨, C12-15알킬벤조에이트, 정제수, 글리세린, 리날룰, 헥실신남알, 부틸렌글라이콜, 석류추출물, 시트로넬올, 덱스트린, 인삼추출물, 동백나무잎추출물, 동백나무꽃추출물"
퍼펙트 스타일링 세럼 샴푸 680ml,미쟝센,"정제수, 소듐라우레스설페이트, 글리세린, 코카미도프로필베타인, 라우레스-6카복실릭애씨드, 향료, 소듐클로라이드, 다이메티콘올, 티이에이-도데실벤젠설포네이트, 소듐벤조에이트, 폴리쿼터늄-10, 피피지-7, 페녹시에탄올, 카프릴릴글라이콜, 소듐시트레이트, 리날룰, 시트릭애씨드, 벤질벤조에이트, 테트라소듐이디티에이, 에틸헥실글리세린, 다이소듐이디티에이, 시트로넬올, 제라니올, 알파-아이소메틸아이오논, 폴리쿼터늄-55, 아르간커넬오일, 폴리쿼터늄-11, 호호바씨오일, 코코넛야자오일, 토코페롤, 살구씨오일, 올리브오일, 동백나무씨오일, 마룰라씨오일, 코코-카프릴레이트/카프레이트, 소듐살리실레이트, 변성알코올, 글라이코리피드"
트리트먼트 엔자임 클렌징 폼 120g,아모레퍼시픽,"""정제수, 피이지-8, 미리스틱애씨드, 글리세린, 스테아릭애씨드, 포타슘하이드록사이드, 라우릭애씨드, 팔미틱애씨드, 글리세 릴스테아레이트, 피이지-100스테아레이트, 변성알코올, 폴리 쿼터늄-7, 피토스테릴/옥틸도데실라우로일글루타메이트, 향료, 피이지-150다이스테아레이트, 덱스트린, 부틸렌글라이콜, 트레 할로오스, 다이소듐이디티에이, 소듐벤조에이트, 락토바실러 스발효용해물, 소듐하이알루로네이트, 리모넨, 제라니올, 코튼 추출물, 토코페롤"""
모이스춰 플럼핑 넥타 크림 50ml,아모레퍼시픽,"왕대수액, 정제수, 시어버터, 글리세린, 프로판다이올, 메틸트라이메티콘, 펜타에리스리틸테트라에틸헥사노에이트, 부틸렌글라이콜, 에탄올, 녹차씨오일, 1,2-헥산다이올, 스쿠알란, 메도우폼씨오일, 소듐카보머, 판테놀, 하이드로제네이티드레시틴, 피토스테릴/베헤닐/옥틸도데실라우로일글루타메이트, 향료, 토코페롤, 콜레스테롤, 세라마이드엔피, 페녹시에탄올, 잔탄검, 글리세릴카프릴레이트, 스테아릭애씨드, 에틸헥실글리세린, 아데노신, 팔미틱애씨드, 리모넨, 제라니올, 알파-아이소메틸아이오논, 연꽃추출물, 시트로넬올, 리날룰, 하이드록시시트로넬알, 녹차추출물, 카프릴릴글라이콜, 시트릭애씨드, 피탄트라이올, 폴록사머407, 암모늄아크릴로일다이메틸타우레이트/브이피코폴리머, 카페인, 테아닌, 에피갈로카테킨갈레이트, 캠페롤, 녹차꽃추출물"
타임 레스폰스 스킨 리뉴얼 미스트 200ml,아모레퍼시픽,"녹차수, 부틸렌글라이콜, 글리세린, 트라이에틸헥사노인, 다이메티콘, 1,2-헥산다이올, 스쿠알란, 피이지-60글리세릴아이소스테아레이트, 글리세릴스테아레이트, 세테아릴알코올, 피이지-20글리세릴아이소스테아레이트, 스테아릭애씨드, 팔미틱애씨드, 페녹시에탄올, 에틸헥실글리세린, 다이소듐이디티에이, 향료, 포타슘하이드록사이드, 녹차씨오일, 정제수, 리모넨, 미리스틱애씨드, 아라키딕애씨드, 토코페롤"
타임 레스폰스 스킨 리저브 플루이드 160ml,아모레퍼시픽,"녹차수, 프로판다이올, 정제수, 글리세린, 스쿠알란, 부틸렌글라이콜, 카프릴릭/카프릭트라이글리세라이드, 펜타에리스리틸테트라에틸헥사노에이트, 변성알코올, 다이아이소스테아릴말레이트, 피씨에이다이메티콘, 피이지-60글리세릴아이소스테아레이트, 다이메티콘, 1,2-헥산다이올, 피토스테릴/베헤닐/옥틸도데실라우로일글루타메이트, C14-22알코올, 스테아릭애씨드, 나이아신아마이드, 글리세릴스테아레이트, 하이드록시에틸아크릴레이트/소듐아크릴로일다이메틸타우레이트코폴리머, 팔미틱애씨드, 아라키딜알코올, C12-20알킬글루코사이드, 향료, 베헤닐알코올, 다이메티콘/비닐다이메티콘크로스폴리머, 카보머, 글리세릴카프릴레이트, 트로메타민, 아라키딜글루코사이드, 에틸헥실글리세린, 다이소듐이디티에이, 아데노신, 베타-글루칸, 소듐하이알루로네이트, 솔비탄아이소스테아레이트, 폴리솔베이트60, 낫토검, 돌콩추출물, 녹차추출물, 리모넨, 덱스트린, 카카오추출물, 글루코오스, 제라니올, 알파-아이소메틸아이오논, 시트로넬올, 리날룰, 하이드록시시트로넬알, 폴록사머235, 베타인, 에피갈로카테킨갈레이트, 에톡시다이글라이콜, 토코페솔란, 폴록사머338, 토코페롤, 페녹시에탄올, 인삼추출물, 카프릴릴글라이콜"
,아모레퍼시픽,"정제수, 부틸렌글라이콜, 글리세린, 변성알코올, 1,2-헥산다이올, 베타인, 카프릴릭/카프릭트라이글리세라이드, 왕대수액, 글리세릴폴리메타크릴레이트, 다이메티콘, 암모늄아크릴로일다이메틸타우레이트/브이피코폴리머, 하이드로제네이티드레시틴, 프로판다이올, 에탄올, 잔탄검, 콜레스테롤, 글리세릴카프릴레이트, 향료, 에틸헥실글리세린, 아시아티코사이드, 마데카식애씨드, 아시아틱애씨드, 베타-글루칸, 하이알루로닉애씨드, 코튼추출물, 리모넨, 소듐메틸스테아로일타우레이트, 페녹시에탄올, 제라니올, 알파-아이소메틸아이오논, 시트로넬올, 리날룰, 말라카이트추출물, 토코페롤"
보태니컬 수딩 토너 200ml,아모레퍼시픽,"정제수, 부틸렌글라이콜, 판테놀, 다이프로필렌글라이콜, 1,2-헥산다이올, 왕대수액, 피피지-13-데실테트라데세스-24, 잔탄검, 소듐시트레이트, 시트릭애씨드, 에탄올, 에틸헥실글리세린, 향료, 다이소듐이디티에이, 하이알루로닉애씨드, 코튼추출물, 페녹시에탄올, 토코페롤"
타임 레스폰스 스킨 리저브 토너 200ml,아모레퍼시픽,"녹차수, 부틸렌글라이콜, 정제수, 글리세린, 변성알코올, 베타인, 1,2-헥산다이올, 프로판다이올, 피이지-60하이드로제네이티드캐스터오일, 비스-피이지-18메틸에터다이메틸실레인, 암모늄아크릴로일다이메틸타우레이트/브이피코폴리머, 카페인, 카보머, 다이포타슘글리시리제이트, 향료, 트로메타민, 에틸헥실글리세린, 아데노신, 다이소듐이디티에이, 바이오사카라이드검-1, 펜틸렌글라이콜, 낫토검, 베타-글루칸, 소듐하이알루로네이트, 돌콩추출물, 녹차추출물, 트레할로오스, 리모넨, 락토바실러스발효용해물, 제라니올, 폴록사머235, 알파-아이소메틸아이오논, 시트로넬올, 에피갈로카테킨갈레이트, 에톡시다이글라이콜, 토코페솔란, 폴록사머338, 페녹시에탄올, 글루코오스, 토코페롤, 인삼추출물, 일본목련나무껍질추출물, 카프릴릴글라이콜"
듀얼 코튼 면봉 150매,아모레베이직,
프리티 눈썹칼 2입,아모레베이직,
순면 5겹 화장솜 50매 / 120매,아모레베이직,
그린티 오일 컨트롤 페이퍼 70매,아모레베이직,
토너 아껴주는 1/2 스킨팩 화장솜 400매,아모레베이직,
물광 메이크업 씨앗 스펀지 2ea,아모레베이직,
애프터 마스카라 히팅 속눈썹 고데기,아모레베이직,
소프트 엠보싱 원형 화장솜 100매,아모레베이직,
컴팩트 아이래쉬 컬러,아모레베이직,
아모레베이직 X 벤자민무어 더 에센셜 배쓰밤 2입세트,아모레베이직,"소듐바이카보네이트, 시트릭애씨드, 옥수수전분, 향료, 정제수, 올리브오일, 글리세린, 티타늄디옥사이드, 흑색 산화철, 황색산화철, 적색227호, 적색504호, 알루미늄하이드록사이드, 적색산화철, 알파-아이소메틸아이오논, 하이드록시시트로넬알, 리 날룰"
아모레베이직 X 벤자민무어 더 에센셜 세라믹 바디 괄사,아모레베이직,
프로페셔널 아티스트 브러쉬 8종 키트,아모레베이직,
아모레베이직 미피 솔리드 퍼퓸 2종+실리콘키링,아모레베이직,"카프릴릭/카프릭트라이글리세라이드, 향료, 합성왁스, 폴리글리세릴-2트라이아이소스테아레이트, 피마자씨오일, 해바라기씨오일, 마이크로크리스탈린왁스, 토코페롤"
데일리 메이크업 조각 스펀지 20ea / 60ea,아모레베이직,
자연을 닮은 립밤,한율,"카프릴릭/카프릭트라이글리세라이드, 피토스테릴이소스테아릴다이머디리놀리에이트, 호호바씨오일, 다이아이소스테아릴말레이트, 하이드로제네이티드폴리아이소부텐, 비스-다이글리세릴폴리아실아디페이트-2, 하이드로제네이티드캐스터오일다이머다이리놀레에이트, 비즈왁스, 합성왁스, 마이크로크리스탈린왁스, 폴리에틸렌, 야자씨버터, 토코페릴아세테이트, 칸데릴라왁스에스터, 향료, 폴리글리세릴-2트라이아이소스테아레이트, 카나우바왁스, 적색227호, 적색218호, 티타늄디옥사이드 (CI 77891), 폴리글리세릴-2다이아이소스테아레이트, 정제수, 적색산화철, 부틸렌글라이콜, 프로판다이올, 1,2-헥산다이올, 비에이치티, 낫토검, 돌콩추출물, 에틸헥실글리세린, 다이소듐이디티에이"
흰감국 광채 선크림 SPF50+/PA++++ 70ml,한율,"정제수, C12-15알킬벤조에이트, 부틸렌글라이콜, 디에칠아미노하이드록시벤조일헥실벤조에이트, 호모살레이트, 에칠헥실살리실레이트, 티타늄디옥사이드, 다이아이소프로필세바케이트, 글리세린, 비스-에칠헥실옥시페놀메톡시페닐트리아진, 나이아신아마이드, 폴리실리콘-15, 세테아릴알코올, 1,2-헥산다이올, 아이소프로필팔미테이트, 퀸즈랜드넛오일, 폴리C10-30알킬아크릴레이트, 실리카, 티타늄디옥사이드 (CI 77891), 알루미늄스테아레이트, 폴리아크릴레이트크로스폴리머-6, 알루미나, 스테아릭애씨드, 폴리하이드록시스테아릭애씨드, 향료, 글리세릴스테아레이트, 하이드로제네이티드레시틴, 에틸헥실글리세린, 아크릴레이트/C10-30알킬아크릴레이트크로스폴리머, 세테아릴글루코사이드, 카프릴릴글라이콜, 생강오일, 리날룰, 폴리글리세릴-3메틸글루코오스다이스테아레이트, 팔미틱애씨드, 아데노신, 알루미늄하이드록사이드, 리모넨, 트라이에톡시카프릴릴실레인, 소듐메타포스페이트, 락토바실러스발효물, 벤질알코올, 감국꽃추출물, 유제놀, 미리스틱애씨드, 라우릭애씨드, 토코페롤"
부들밤 말끔피지 모공팩 기획세트,한율,"정제수, 카올린(150,000 ppm), 부틸렌글라이콜, 글리세린, 변성알코올, 실리카, 벤토나이트, 씨실트(30,000 ppm), 마이크로크리스탈린셀룰로오스, 1,2-헥산다이올, 밤껍질가루(10,000 ppm), 하이드록시에틸아크릴레이트/소듐아크릴로일다이메틸타우레이트코폴리머, 적색산화철, 황색산화철, 향료, 흑색산화철, 셀룰로오스검, 글리세릴카프릴레이트, 소듐메타포스페이트, 에틸헥실글리세린, 프로판다이올, 멘톡시프로판다이올, 솔비탄아이소스테아레이트, 살리실릭애씨드, 밤껍질추출물(100 ppm), 글라이콜릭애씨드, 락토바실러스발효물, 알로에베라잎추출물, 브로콜리추출물, 토코페롤"
어린쑥 수분진정 토너 150ml,한율,"정제수, 부틸렌글라이콜, 베타인, 글리세린, 황해쑥잎수, 1,2-헥산다이올, 판테놀, 피피지-13-데실테트라데세스-24, 2,3-부탄다이올, 향료, 에틸헥실글리세린, 잔탄검, 다이소듐이디티에이, 프로판다이올, 레시틴, 락토바실러스발효물, 이눌린라우릴카바메이트, 황해쑥잎추출물, 토코페롤, 병풀꽃/잎/줄기추출물"
랩핑 마스크 기획세트 4매,한율,"정제수, 부틸렌글라이콜, 글리세린, 나이아신아마이드, 황해쑥잎수, 1,2-헥산다이올, 판테놀, 암모늄아크릴로일다이메틸타우레이트/브이피코폴리머, 폴리글리세릴-10라우레이트, 메틸트라이메티콘, 알란토인, 2,3-부탄다이올, 에틸헥실글리세린, 향료, 아크릴레이트/C10-30알킬아크릴레이트크로스폴리머, 아데노신, 트로메타민, 다이소듐이디티에이, 프로판다이올, 레시틴, 락토바실러스발효물, 이눌린라우릴카바메이트, 황해쑥잎추출물, 병풀꽃/잎/줄기추출물, 토코페롤"
어린쑥 수분진정 플루이드 125ml,한율,"정제수, 프로판다이올, 글리세린, 메틸트라이메티콘, 황해쑥잎수, 1,2-헥산다이올, 피씨에이다이메티콘, 천궁수, 왜당귀뿌리수, 실리카, 판테놀, 부틸렌글라이콜, 폴리메틸실세스퀴옥세인, 암모늄아크릴로일다이메틸타우레이트/브이피코폴리머, 폴리글리세릴-6카프릴레이트, 폴리글리세릴-4카프레이트, 아크릴레이트/C10-30알킬아크릴레이트크로스폴리머, 트로메타민, 잔탄검, 글리세릴카프릴레이트, 향료, 2,3-부탄다이올, 에틸헥실글리세린, 다이소듐이디티에이, 레시틴, 락토바실러스발효물, 이눌린라우릴카바메이트, 황해쑥잎추출물, 병풀꽃/잎/줄기추출물, 토코페롤"
자연을 닮은 핸드크림 50ml,한율,"정제수, 글리세린, 부틸렌글라이콜, 에탄올, 디메치콘, 베타인, 폴리메칠실세스퀴옥산, 하이드로제네이티드폴리(C6-14올레핀), 천궁추출물, 일당귀추출물, 애엽수(4,205 ppm), 글리세릴카프릴레이트, 암모늄아크릴로일디메칠타우레이트/베헤네스-25메타크릴레이트크로스폴리머, 에칠헥실글리세린, 폴리소르베이트20, 하이드록시에칠아크릴레이트/소듐아크릴로일디메칠타우레이트코폴리머, 페녹시에탄올, 디소듐이디티에이, 향료, 제라니올, 벤질살리실레이트, 벤질알코올, 리날룰, 리모넨"
빨간쌀 보습탄력 2종 세트,한율,"[에센스] 정제수, 글리세린, 부틸렌글라이콜, 만니톨, 나이아신아마이드, 1,2-헥산다이올, 하이드록시프로필스타치포스페이트, 쌀발효여과물, 카보머, 피피지-13-데실테트라데세스-24, 합성왁스, 트로메타민, 식물성스쿠알란, 카프릴릴글라이콜, 에틸헥실글리세린, 아데노신, 하이드로제네이티드레시틴, 향료, 판테놀, 폴리글리세릴-10스테아레이트, 다이소듐이디티에이, 락토바실러스발효물, 세라마이드엔피, 콜레스테롤, 스테아릭애씨드, 하이드롤라이즈드익스텐신, 호호바씨오일, 폴리글리세릴-10라우레이트, 팔미틱애씨드, 토코페롤 [에멀젼] 정제수, 글리세린, 프로판다이올, 하이드로제네이티드폴리(C6-14올레핀), 하이드로제네이티드폴리아이소부텐, 폴리글리세린-3, 다이메티콘, 다이아이소스테아릴말레이트, 나이아신아마이드, C14-22알코올, 시어버터, 피씨에이다이메티콘, 천궁수, 왜당귀뿌리수, 1,2-헥산다이올, 글리세릴스테아레이트시트레이트, 글리세릴폴리메타크릴레이트, C12-20알킬글루코사이드, 부틸렌글라이콜, 글리세릴스테아레이트, 세테아릴알코올, 하이드로제네이티드식물성오일, 스테아릭애씨드, 카보머, 쌀발효여과물, 트로메타민, 향료, 잔탄검, 글리세릴카프릴레이트, 팔미틱애씨드, 에틸헥실글리세린, 다이소듐이디티에이, 아데노신, 덱스트린, 합성왁스, 카카오추출물, 식물성스쿠알란, 락토바실러스발효물, 하이드로제네이티드레시틴, 판테놀, 폴리글리세릴-10스테아레이트, 세라마이드엔피, 토코페롤, 하이드롤라이즈드익스텐신, 호호바씨오일, 폴리글리세릴-10라우레이트, 콜레스테롤"
어린쑥 매끈결 클렌징 오일 기획세트,한율,"카프릴릭/카프릭트라이글리세라이드, 아이소프로필팔미테이트, 에틸헥실팔미테이트, 폴리글리세릴-6다이카프레이트, 폴리글리세릴-10다이아이소스테아레이트, 정제수, 향료, 2,3-부탄다이올, 해바라기씨오일, 프로판다이올, 레시틴, 당근추출물, 락토바실러스발효물, 1,2-헥산다이올, 알지닌, 피토스테롤, 부틸렌글라이콜, 글리세린, 이눌린라우릴카바메이트, 시트릭애씨드, 살리실릭애씨드, 글루코노락톤, 황해쑥잎추출물(10ppm), 황해쑥잎수(8.7ppm), 병풀꽃/잎/줄기추출물, 토코페롤, 에틸헥실글리세린, 베타-카로틴"
부들밤 깔끔각질 모공팩 기획세트,한율,"정제수, 부틸렌글라이콜, 소듐카복시메틸스타치, 폴리글리세릴-3메틸글루코오스다이스테아레이트, 글리세린, 밤껍질가루(20,000 ppm), 하이드로제네이티드폴리(C6-14올레핀), 다이카프릴릴에터, 1,2-헥산다이올, 세테아릴알코올, 세틸에틸헥사노에이트, 글리세릴스테아레이트, 카보머, 하이드록시에틸아크릴레이트/소듐아크릴로일다이메틸타우레이트코폴리머, 피이지-100스테아레이트, 트로메타민, 잔탄검, 글리세릴카프릴레이트, 덱스트린, 향료, 카카오추출물, 소듐메타포스페이트, 에틸헥실글리세린, 프로판다이올, 솔비탄아이소스테아레이트, 멘톡시프로판다이올, 잇꽃꽃추출물, 밤껍질추출물(100 ppm), 글루코노락톤, 락토바실러스발효물, 알로에베라잎추출물, 브로콜리추출물, 빌베리열매추출물, 사탕수수추출물, 토코페롤, 오렌지추출물, 레몬추출물, 소듐하이알루로네이트, 설탕단풍추출물, 하이드롤라이즈드하이알루로닉애씨드, 소듐하이알루로네이트크로스폴리머, 하이알루로닉애씨드, 소듐아세틸레이티드하이알루로네이트"
달빛유자 패드 60매,한율,"정제수, 부틸렌글라이콜, 나이아신아마이드, 1,2-헥산다이올, 프로판다이올, 폴리글리세릴-10라우레이트, 에틸헥실글리세린, 3-O-에틸아스코빅애씨드, 아데노신, 치자추출물, 잔탄검, 말토덱스트린, 리모넨, 시트릭애씨드, 폴리쿼터늄-51, 유자껍질오일, 덱스트린, 소듐파이테이트, 글루코실헤스페리딘, 락토바실러스발효물, 바이오플라보노이드, 리날룰, 아스코빅애씨드, 트라넥사믹애씨드, 흰소나무껍질추출물, 토코페롤, 유자껍질추출물, 글루타티온"
백화고 클렌징 마사지 크림 200ml,한율,"정제수, 세틸에틸헥사노에이트, 펜타에리스리틸테트라아이소스테아레이트, 아이소프로필팔미테이트, 다이프로필렌글라이콜, 펜타에리스리틸테트라에틸헥사노에이트, C9-12알케인, 1,2-헥산다이올, 폴리솔베이트60, 글리세릴스테아레이트에스이, 세테아릴알코올, 솔비탄스테아레이트, 향료, 글리세릴스테아레이트, 코코-카프릴레이트/카프레이트, 카보머, 팔미틱애씨드, 트로메타민, 스테아릭애씨드, 에틸헥실글리세린, 리날룰, 아데노신, 소듐메타포스페이트, 부틸렌글라이콜, 티몰트라이메톡시신나메이트, 나이아신아마이드, 3-O-에틸아스코빅애씨드, 글라이코리피드, 트라넥사믹애씨드, 락토바실러스발효물, 글루타티온, 표고버섯추출물, 토코페롤"
어린쑥 속수분 쑥히알 패드 기획세트,한율,"정제수, 부틸렌글라이콜, 글리세린, 1,2-헥산다이올, 쑥잎수(10,780 ppm), 황해쑥잎수(10,554 ppm), 폴리글리세린-3, 에리 스리톨, 폴리글리세릴-10라우레이트, 하이드록시에틸우레아, 잔탄검, 에틸헥실글리세린, 소듐파이테이트, 향료, 알지 닌, 아스파틱 애씨드, 글루타믹애씨드, 하이알루로닉애씨드(100 ppm), 알란토인, 이노시톨, 소듐시트레이트, 폴리글루타믹애씨드, 락토바실러스 발효물, 시트릭애씨드, 말토덱스트린, 하이드롤라이즈드치자추출물, 병풀추출물, 프로필렌글라이콜, 소듐하이알루로네이트(1.5 ppm), 소듐디엔에이"
송담 탄력 에멀젼 125ml,한율,"정제수, 부틸렌글라이콜, 글리세린, 펜타에리스리틸테트라에틸헥사노에이트, 하이드로제네이티드폴리아이소부텐, 다이메티콘, 다이아이소스테아릴말레이트, 나이아신아마이드, 피이지-60글리세릴아이소스테아레이트, 1,2-헥산다이올, 비스-하이드록시에톡시프로필다이메티콘, C14-22알코올, 송이버섯추출물, 스테아릭애씨드, 글리세릴스테아레이트, 사이클로펜타실록세인, 인삼수, 하이드록시에틸아크릴레이트/소듐아크릴로일다이메틸타우레이트코폴리머, 팔미틱애씨드, 아라키딜알코올, C12-20알킬글루코사이드, 향료, 에탄올, 폴리실리콘-11, 카보머, 베헤닐알코올, 글리세릴카프릴레이트, 트로메타민, 아라키딜글루코사이드, 폴리아크릴레이트-13, 다이소듐이디티에이, 에틸헥실글리세린, 소듐폴리아크릴레이트, 천궁수, 왜당귀뿌리수, 아데노신, 덱스트린, 카카오추출물, 폴리아이소부텐, 솔비탄아이소스테아레이트, 폴리솔베이트60, 리날룰, 리모넨, 폴리솔베이트20, 글루코오스, 헥실신남알, 제라니올, 아크릴레이트/암모늄메타크릴레이트코폴리머, 폴리카프로락톤, 소나무잎추출물, 폴리글리세릴-10라우레이트, 토코페롤, 표고버섯추출물, 작약뿌리추출물, 생강추출물"
송담 탄력 스킨 150ml,한율,"정제수, 프로판다이올, 변성알코올, 글리세린, 베타인, 나이아신아마이드, 폴리글리세린-3, 부틸렌글라이콜, 1,2-헥산다이올, 송이버섯추출물, 인삼수, 피피지-13-데실테트라데세스-24, 아크릴레이트/C10-30알킬아크릴레이트크로스폴리머, 암모늄아크릴로일다이메틸타우레이트/브이피코폴리머, 에탄올, 트로메타민, 에틸헥실글리세린, 천궁수, 왜당귀뿌리수, 향료, 아데노신, 다이소듐이디티에이, 덱스트린, 카카오추출물, 베타-글루칸, 리날룰, 리모넨, 아크릴레이트/암모늄메타크릴레이트코폴리머, 폴리카프로락톤, 소나무잎추출물, 폴리글리세릴-10라우레이트, 표고버섯추출물, 토코페롤, 작약뿌리추출물, 생강추출물"
빨간쌀 보습탄력 크림 55ml,한율,"정제수, 부틸렌글라이콜, 세틸에틸헥사노에이트, 글리세린, 펜타에리스리틸테트라에틸헥사노에이트, 메틸트라이메티콘, 나이아신아마이드, C14-22알코올, 1,2-헥산다이올, 부틸렌글라이콜다이카프릴레이트/다이카프레이트, 세테아릴알코올, 아라키딜알코올, 베헤닐알코올, 팔미틱애씨드, 스테아릭애씨드, 암모늄아크릴로일다이메틸타우레이트/브이피코폴리머, C12-20알킬글루코사이드, 하이드록시에틸아크릴레이트/소듐아크릴로일다이메틸타우레이트코폴리머, 아라키딜글루코사이드, 콜레스테롤, 하이드록시프로필비스라우라마이드엠이에이, 하이드록시프로필비스팔미타마이드엠이에이, 쌀발효여과물, 세라마이드엔피, 향료, 카프릴릴글라이콜, 트로메타민, 에틸헥실글리세린, 아데노신, 솔비탄아이소스테아레이트, 다이소듐이디티에이, 락토바실러스발효물, 덱스트린, 카카오추출물, 하이드롤라이즈드익스텐신, 호호바씨오일, 폴리글리세릴-10라우레이트, 합성왁스, 하이드로제네이티드레시틴, 식물성스쿠알란, 토코페롤, 판테놀, 폴리글리세릴-10스테아레이트"
보들은행잎 모공탄탄 펩타이드 패드 60매,한율,"정제수, 부틸렌글라이콜, 다이프로필렌글라이콜, 나이아신아마이드, 1,2-헥산다이올, 아이소펜틸다이올, 카프릴로일 살리실릭애씨드, 폴리글리세릴-10라우레이트, 폴리글리세릴-10미리스테이트, 트로메타민, 에틸헥실글리세린, 글루코노락톤, 아데노신, 글리세린, 향료, 소듐파이테이트, 사카라이드아이소머레이트, 카프릴릴글라이콜, 락토바실러스발효물, 드럼스틱 씨추출물, 은행나무잎추출물(40ppm), 글라이콜릭애씨드, 카페인, 시트릭애씨드, 아세틸테트라펩타이드-2(0.45ppm), 소듐하이알루로네이트, 글라이신, 알라닌, 알지닌, 아스파틱애씨드, 프롤린, 세린, 글루타믹애씨드, 타우린, 히스티딘, 페닐 알라닌, 류신, 발린, 메티오닌, 아이소류신, 오르니틴"
어린쑥 수분진정 선크림 SPF50+/PA++++ 50ml,한율,"정제수, 다이부틸아디페이트, 부틸옥틸살리실레이트, 폴리메틸실세스퀴옥세인, 디에칠아미노하이드록시벤조일헥실벤조에이트, 에칠헥실트리아존, 메칠렌비스-벤조트리아졸릴테트라메칠부틸페놀, 나이아신아마이드, 황해쑥잎수, 카프릴릴메티콘, 디에칠헥실부타미도트리아존, 1,2-헥산다이올, 글리세린, 프로판다이올, 펜틸렌글라이콜, 베헤닐알코올, 폴리C10-30알킬아크릴레이트, 폴리글리세릴-3메틸글루코오스다이스테아레이트, 데실글루코사이드, 부틸렌글라이콜, 트로메타민, 향료, 카보머, 아크릴레이트/C10-30알킬아크릴레이트크로스폴리머, 2,3-부탄다이올, 소듐스테아로일글루타메이트, 폴리아크릴레이트크로스폴리머-6, 에틸헥실글리세린, 아데노신, 잔탄검, 레시틴, 락토바실러스발효물, 이눌린라우릴카바메이트, 황해쑥잎추출물, 다이소듐이디티에이, 병풀꽃/잎/줄기추출물, 토코페롤, 소듐하이알루로네이트"
극진 2종 기획 세트,한율,"[한율 극진 스킨] 정제수, 글리세린, 글리세레스-26, 부틸렌글라이콜, 변성알코올, 글리세릴폴리메타크릴레이트, 나이아신아마이드, 비스-피이지-18메틸에터다이메틸실레인, 1,2-헥산다이올, 인삼수, 하이드록시에틸아크릴레이트/소듐아크릴로일다이메틸타우레이트코폴리머, 카프릴릭/카프릭트라이글리세라이드, 베헤닐알코올, 카보머, 폴리글리세릴-10펜타스테아레이트, 글리세릴카프릴레이트, 세테아릴알코올, 향료, 트로메타민, 에틸헥실글리세린, 소듐메타포스페이트, 아데노신, 소듐스테아로일락틸레이트, 세테아릴글루코사이드, 셀룰로오스검, 프로판다이올, 솔비탄아이소스테아레이트, 폴리솔베이트60, 하이드로제네이티드레시틴, 락토바실러스발효물, 카프릴릴글라이콜, 피토스핑고신, 하이드롤라이즈드인삼사포닌, 소듐폴리아스파테이트, 인삼추출물, 토코페롤, 인삼씨오일, 소듐메틸스테아로일타우레이트, 인삼가루, 아스퍼질러스발효물 / [한율 극진 에멀젼] 정제수, 부틸렌글라이콜, 글리세린, 하이드로제네이티드폴리(C6-14올레핀), 다이카프릴릴에터, 다이메티콘, 나이아신아마이드, 옥틸도데실미리스테이트, 시어버터, 1,2-헥산다이올, C14-22알코올, 인삼수, 폴리글리세릴-3다이스테아레이트, 프로판다이올, 글리세릴스테아레이트, 세테아릴알코올, 팔미틱애씨드, C12-20알킬글루코사이드, 스테아릭애씨드, 향료, 카보머, 글리세릴카프릴레이트, 트로메타민, 에틸헥실글리세린, 소듐메타포스페이트, 아데노신, 글리세릴스테아레이트시트레이트, 베타-글루칸, 하이드로제네이티드레시틴, 덱스트린, 카카오추출물, 락토바실러스발효물, 토코페롤, 피토스핑고신, 하이드롤라이즈드인삼사포닌, 소듐폴리아스파테이트, 인삼추출물, 인삼씨오일, 소듐메틸스테아로일타우레이트, 인삼가루, 아스퍼질러스발효물"
어린쑥 속수분 쑥히알 크림 기획세트,한율,"정제수, 부틸렌글라이콜, 글리세린, 메틸트라이메티콘, 1,2-헥산다이올, 황해쑥잎수(10,554 ppm), 베타인, 피씨 에이다이메티콘, 아이소펜틸다이올, 암모늄아크릴로일다이메틸타우레이트/브이피코폴리머, 실리카다이메틸실릴레이트, 트로메타민, 카보머, 아크릴레이트/C10-30알킬아크릴레이트크로스폴리머, 글리세릴카프릴레이트, 에틸헥실글리세린, 향료, 소듐메타포스페이트, 알지닌, 아스파틱애씨드, 글루타믹애씨드, 하이알루로닉애씨드(100 ppm), 이노시톨, 락토바실러스 발효물, 말토덱스트린, 하이드롤라이즈드치자추출물, 프로필렌글라이콜, 소듐하이알루로네이트(1.5 ppm)"
백화고 기미탄력 아이크림 25ml,한율,"정제수, 부틸렌글라이콜, 글리세린, 카프릴릭/카프릭트라이글리세라이드, 피토스테릴/베헤닐/옥틸도데실라우로일글루타메이트, 피토스테릴/이소스테아릴/세틸/스테아릴/베헤닐다이머디리놀리에이트, 나이아신아마이드, 폴리솔베이트60, 1,2-헥산다이올, 하이드록시에틸아크릴레이트/소듐아크릴로일다이메틸타우레이트코폴리머, 카나우바왁스, 세테아릴알코올, 하이드로제네이티드폴리아이소부텐, 메틸트라이메티콘, 피이지-40스테아레이트, 에틸헥실스테아레이트, 하이드로제네이티드올리브오일데실에스터, 다이카프릴릴에터, 피이지-7글리세릴코코에이트, 글리세릴스테아레이트, 트라넥사믹애씨드, 암모늄아크릴로일다이메틸타우레이트/브이피코폴리머, 폴리메틸메타크릴레이트, 티타늄디옥사이드 (CI 77891), 향료, 카페인, 글리세릴카프릴레이트, 티몰트라이메톡시신나메이트, 솔비탄아이소스테아레이트, 에틸헥실글리세린, 소듐메타포스페이트, 아데노신, 잇꽃꽃추출물, 덱스트린, 리날룰, 락토바실러스발효물, 적색산화철, 표고버섯추출물, 제라니올, 헥실신남알, 리모넨, 알파-아이소메틸아이오논, 3-O-에틸아스코빅애씨드, 글라이코리피드, 글루타티온, 토코페롤"
빨간쌀 보습탄력 에센스 크림 2종세트,한율,"[에센스] 정제수, 글리세린, 부틸렌글라이콜, 만니톨, 나이아신아마이드, 1,2-헥산다이올, 하이드록시프로필스타치포스페이트, 쌀발효여과물 (3,000ppm), 카보머, 피피지-13-데실테트라데세스-24, 합성왁스, 트로메타민, 식물성스쿠알란, 카프릴릴글라이콜, 에틸헥실글리세린, 아데노신, 하이드로제네이티드레시틴, 향료, 판테놀, 폴리글리세릴-10스테아레이트, 다이소듐이디티에이, 락토바실러스발효물, 세라마이드엔피, 콜레스테롤, 스테아릭애씨드, 하이드롤라이즈드익스텐신, 호호바씨오일, 폴리글리세릴-10라우레이트, 팔미틱애씨드, 토코페롤 [크림] 정제수, 부틸렌글라이콜, 세틸에틸헥사노에이트, 글리세린, 펜타에리스리틸테트라에틸헥사노에이트, 메틸트라이메티콘, 나이아신아마이드, C14-22알코올, 1,2-헥산다이올, 부틸렌글라이콜다이카프릴레이트/다이카프레이트, 세테아릴알코올, 아라키딜알코올, 베헤닐알코올, 팔미틱애씨드, 스테아릭애씨드, 암모늄아크릴로일다이메틸타우레이트/브이피코폴리머, C12-20알킬글루코사이드, 하이드록시에틸아크릴레이트/소듐아크릴로일다이메틸타우레이트코폴리머, 아라키딜글루코사이드, 콜레스테롤, 하이드록시프로필비스라우라마이드엠이에이, 하이드록시프로필비스팔미타마이드엠이에이, 쌀발효여과물 (1,500ppm), 세라마이드엔피, 향료, 카프릴릴글라이콜, 트로메타민, 에틸헥실글리세린, 아데노신, 솔비탄아이소스테아레이트, 다이소듐이디티에이, 락토바실러스발효물, 덱스트린, 카카오추출물, 하이드롤라이즈드익스텐신, 호호바씨오일, 폴리글리세릴-10라우레이트, 합성왁스, 하이드로제네이티드레시틴, 식물성스쿠알란, 토코페롤, 판테놀, 폴리글리세릴-10스테아레이트"
빨간쌀 보습탄력 에센스 150ml,한율,"정제수, 글리세린, 부틸렌글라이콜, 만니톨, 나이아신아마이드, 1,2-헥산다이올, 하이드록시프로필스타치포스페이트, 쌀발효여과물, 카보머, 피피지-13-데실테트라데세스-24, 합성왁스, 트로메타민, 식물성스쿠알란, 카프릴릴글라이콜, 에틸헥실글리세린, 아데노신, 하이드로제네이티드레시틴, 향료, 판테놀, 폴리글리세릴-10스테아레이트, 다이소듐이디티에이, 락토바실러스발효물, 세라마이드엔피, 콜레스테롤, 스테아릭애씨드, 하이드롤라이즈드익스텐신, 호호바씨오일, 폴리글리세릴-10라우레이트, 팔미틱애씨드, 토코페롤"
어린쑥 수분진정 2종 세트,한율,"[토너] 정제수, 부틸렌글라이콜, 베타인, 글리세린, 황해쑥잎수, 1,2-헥산다이올, 판테놀, 피피지-13-데실테트라데세스-24, 2,3-부탄다이올, 향료, 에틸헥실글리세린, 잔탄검, 다이소듐이디티에이, 프로판다이올, 레시틴, 락토바실러스발효물, 이눌린라우릴카바메이트, 황해쑥잎추출물, 토코페롤, 병풀꽃/잎/줄기추출물 [플루이드] 정제수, 프로판다이올, 글리세린, 메틸트라이메티콘, 황해쑥잎수, 1,2-헥산다이올, 피씨에이다이메티콘, 천궁수, 왜당귀뿌리수, 실리카, 판테놀, 부틸렌글라이콜, 폴리메틸실세스퀴옥세인, 암모늄아크릴로일다이메틸타우레이트/브이피코폴리머, 폴리글리세릴-6카프릴레이트, 폴리글리세릴-4카프레이트, 아크릴레이트/C10-30알킬아크릴레이트크로스폴리머, 트로메타민, 잔탄검, 글리세릴카프릴레이트, 향료, 2,3-부탄다이올, 에틸헥실글리세린, 다이소듐이디티에이, 레시틴, 락토바실러스발효물, 이눌린라우릴카바메이트, 황해쑥잎추출물, 병풀꽃/잎/줄기추출물, 토코페롤"
백화고 기미탄력 비비 크림 SPF40/PA++ 40ml,한율,"정제수, 티타늄디옥사이드 (CI 77891), 메틸트라이메티콘, 호모살레이트, 부틸옥틸살리실레이트, 부틸렌글라이콜, 하이드로제네이티드폴리아이소부텐, 다이실록세인, 글리세린, 에칠헥실살리실레이트, 변성알코올, 다이페닐실록시페닐트라이메티콘, 카프릴릴메티콘, 티타늄디옥사이드, 폴리하이드록시스테아릭애씨드, 나이아신아마이드, 징크옥사이드, 페닐트라이메티콘, 라우릴폴리글리세릴-3폴리다이메틸실록시에틸다이메티콘, 소듐클로라이드, 폴리메틸실세스퀴옥세인, 폴리글리세릴-4다이아이소스테아레이트/폴리하이드록시스테아레이트/세바케이트, 다이스테아다이모늄헥토라이트, 1,2-헥산다이올, 황색산화철, 트라넥사믹애씨드, 알루미늄하이드록사이드, 합성왁스, 실리카, 스테아릭애씨드, 카프릴릴글라이콜, 트라이에톡시카프릴릴실레인, 향료, 적색산화철, 글리세릴베헤네이트/에이코사디오에이트, 글리세릴카프릴레이트, 트라이하이드록시스테아린, 덱스트린팔미테이트, 흑색산화철, 아데노신, 리날룰, 티몰트라이메톡시신나메이트, 리모넨, 락토바실러스발효물, 합성플루오르플로고파이트, 표고버섯추출물, 벤질알코올, 유제놀, 3-O-에틸아스코빅애씨드, 글라이코리피드, 글루타티온, 에틸헥실글리세린, 토코페롤, 틴옥사이드"
빨간쌀 보습탄력 에멀젼 125ml,한율,"정제수, 글리세린, 프로판다이올, 하이드로제네이티드폴리(C6-14올레핀), 하이드로제네이티드폴리아이소부텐, 폴리글리세린-3, 다이메티콘, 다이아이소스테아릴말레이트, 나이아신아마이드, C14-22알코올, 시어버터, 피씨에이다이메티콘, 천궁수, 왜당귀뿌리수, 1,2-헥산다이올, 글리세릴스테아레이트시트레이트, 글리세릴폴리메타크릴레이트, C12-20알킬글루코사이드, 부틸렌글라이콜, 글리세릴스테아레이트, 세테아릴알코올, 하이드로제네이티드식물성오일, 스테아릭애씨드, 카보머, 쌀발효여과물, 트로메타민, 향료, 잔탄검, 글리세릴카프릴레이트, 팔미틱애씨드, 에틸헥실글리세린, 다이소듐이디티에이, 아데노신, 덱스트린, 합성왁스, 카카오추출물, 식물성스쿠알란, 락토바실러스발효물, 하이드로제네이티드레시틴, 판테놀, 폴리글리세릴-10스테아레이트, 세라마이드엔피, 토코페롤, 하이드롤라이즈드익스텐신, 호호바씨오일, 폴리글리세릴-10라우레이트, 콜레스테롤"
달빛유자 수면팩 100ml,한율,"정제수, 부틸렌글라이콜, 글리세린, 메틸트라이메티콘, 펜타에리스리틸테트라에틸헥사노에이트, 유자수, 베타인, 나이아신아마이드, 변성알코올, 1,2-헥산다이올, 비닐다이메티콘/메티콘실세스퀴옥세인크로스폴리머, 베헤닐알코올, 판테놀, 호호바에스터, 하이드록시에틸아크릴레이트/소듐아크릴로일다이메틸타우레이트코폴리머, 암모늄아크릴로일다이메틸타우레이트/브이피코폴리머, 아크릴레이트/C10-30알킬아크릴레이트크로스폴리머, 해바라기씨오일, 리모넨, 유자씨오일, 말토덱스트린, 트로메타민, 유자껍질오일, 잔탄검, 글리세릴카프릴레이트, 당근추출물, 에틸헥실글리세린, 소듐메타포스페이트, 제라니올, 아데노신, 솔비탄아이소스테아레이트, 유자추출물, 바이오플라보노이드, 리날룰, 아스코빅애씨드, 티몰트라이메톡시신나메이트, 3-O-에틸아스코빅애씨드, 락토바실러스발효물, 탱자추출물, 베타-카로틴, 파네솔, 팔마로사오일, 토코페롤, 프로판다이올, 멜라토닌, 유자껍질추출물, 소듐하이알루로네이트, 하이드롤라이즈드하이알루로닉애씨드, 소듐하이알루로네이트크로스폴리머, 하이알루로닉애씨드, 소듐아세틸레이티드하이알루로네이트"
보들은행잎 모공핏 세럼 기획세트,한율,"정제수, 나이아신아마이드, 글리세린, 베타인, 글루코노락톤, 부틸렌글라이콜, 다이프로필렌글라이콜, 시트릭 애씨드, 다이메틸아이소소바이드, 트로메타민, 카페인, 다이에톡시에틸석시네이트, 살리실릭애씨드, 폴리글리세릴 -10라우레이트, 1,2-헥산다이올, 펙틴, 피피지-13-데실테트라데세스-24, 향료, 에틸헥실글리세린, 타우린, 소듐 메타포스페이트, 아데노신, 카프릴릴글라이콜, 칼슘클로라이드, 락토바실러스발효물, 황련뿌리추출물, 은행나무잎 추출물(40ppm), 아세틸테트라펩타이드-2, 토코페롤, 풀루란, 제인"
보들은행잎 모공핏 마스크 기획세트 4매,한율,"정제수, 부틸렌글라이콜, 글리세린, 나이아신아마이드, 1,2-헥산다이올, 베타인, 폴리글리세릴-10라우레이트, 판테놀, 잔탄검, 알란토인, 에틸헥실글리세린, 타우린, 아데노신, 향료, 카프릴릴글라이콜, 소듐폴리아크릴레이트, 소듐파이테이트, 락토바실러스발효물, 황련뿌리추출물, 은행나무잎추출물(40ppm), 카페인, 시트릭애씨드, 살리 실릭애씨드, 글루코노락톤, 아세틸테트라펩타이드-2"
어린쑥 수분진정크림 리필 캡슐 30ml *2,한율,"정제수, 글리세린, 부틸렌글라이콜, 다이카프릴릴에터, 황해쑥잎수, 메틸트라이메티콘, 나이아신아마이드, 비스-하이드록시에톡시프로필다이메티콘, 1,2-헥산다이올, C14-22알코올, 세틸에틸헥사노에이트, 판테놀, 글리세릴스테아레이트시트레이트, 하이드로제네이티드폴리(C6-14올레핀), 하이드록시에틸아크릴레이트/소듐아크릴로일다이메틸타우레이트코폴리머, 스테아릭애씨드, 암모늄아크릴로일다이메틸타우레이트/브이피코폴리머, 글리세릴폴리메타크릴레이트, 글리세릴스테아레이트, 폴리메틸실세스퀴옥세인, 팔미틱애씨드, 아라키딜알코올, C12-20알킬글루코사이드, 향료, 글리세릴카프릴레이트, 베헤닐알코올, 2,3-부탄다이올, 아라키딜글루코사이드, 에틸헥실글리세린, 다이소듐이디티에이, 솔비탄아이소스테아레이트, 프로판다이올, 레시틴, 락토바실러스발효물, 글루코오스, 토코페롤, 이눌린라우릴카바메이트, 황해쑥잎추출물, 병풀꽃/잎/줄기추출물"
백화고 기미탄력 크림 기획세트 60ml,한율,"정제수, 프로판다이올, 글리세린, 카프릴릴메티콘, 카프릴릭/카프릭트라이글리세라이드, 나이아신아마이드, 1,2-헥산다이올, 페닐트라이메티콘, 하이드로제네이티드레시틴, 다이부틸아디페이트, 트라이올레인, 팔미틱애씨드, 암모늄아크릴로일다이메틸타우레이트/브이피코폴리머, 콜레스테롤, 트라넥사믹애씨드, 스테아릭애씨드, 소듐폴리아크릴로일다이메틸타우레이트, 하이드록시에틸아크릴레이트/소듐아크릴로일다이메틸타우레이트코폴리머, C30-45알킬세테아릴다이메티콘크로스폴리머, 향료, 부틸렌글라이콜, 티몰트라이메톡시신나메이트, 잔탄검, 다이포타슘글리시리제이트, 에틸헥실글리세린, 글라이코리피드, 아데노신, 솔비탄아이소스테아레이트, 리날룰, 3-O-에틸아스코빅애씨드, 시트릭애씨드, 글루코노락톤, 락토바실러스발효물, 잇꽃꽃추출물, 덱스트린, 표고버섯추출물, 제라니올, 헥실신남알, 리모넨, 알파-아이소메틸아이오논, 적색산화철, 글루타티온, 토코페롤, 식물성오일"
달빛유자C 세럼 30ml,한율,"정제수, 부틸렌글라이콜, 글리세린, 카프릴릭/카프릭트라이글리세라이드, 나이아신아마이드, 1,2-헥산다이올, 천궁수, 왜당귀뿌리수, 베헤닐알코올, 판테놀, 해바라기씨오일, 리모넨, 유자껍질오일, 트로메타민, 카보머, 아크릴레이트/C10-30알킬아크릴레이트크로스폴리머, 당근추출물, 타우린, 에틸헥실글리세린, 아데노신, 유자추출물, 다이소듐이디티에이, 리날룰, 에칠아스코빌에텔, 탱자추출물, 베타-카로틴, 토코페롤, 아스코빅애씨드, 유자껍질추출물"
극진 스킨 125ml,한율,"정제수, 글리세린, 글리세레스-26, 부틸렌글라이콜, 변성알코올, 글리세릴폴리메타크릴레이트, 나이아신아마이드, 비스-피이지-18메틸에터다이메틸실레인, 1,2-헥산다이올, 인삼수, 하이드록시에틸아크릴레이트/소듐아크릴로일다이메틸타우레이트코폴리머, 카프릴릭/카프릭트라이글리세라이드, 베헤닐알코올, 카보머, 폴리글리세릴-10펜타스테아레이트, 글리세릴카프릴레이트, 세테아릴알코올, 향료, 트로메타민, 에틸헥실글리세린, 소듐메타포스페이트, 아데노신, 소듐스테아로일락틸레이트, 세테아릴글루코사이드, 셀룰로오스검, 프로판다이올, 솔비탄아이소스테아레이트, 폴리솔베이트60, 하이드로제네이티드레시틴, 락토바실러스발효물, 카프릴릴글라이콜, 피토스핑고신, 하이드롤라이즈드인삼사포닌, 소듐폴리아스파테이트, 인삼추출물, 토코페롤, 인삼씨오일, 소듐메틸스테아로일타우레이트, 인삼가루, 아스퍼질러스발효물"
어린쑥 속수분 쑥히알 세럼 기획세트,한율,"정제수, 부틸렌글라이콜, 글리세린, 1,2-헥산다이올, 소듐아크릴레이트크로스폴리머-2, 황해쑥잎수(10,554 ppm), 자일리톨, 다이에톡시에틸석시네이트, 아이소펜틸다이올, 피피지-13 -데실테트라데세스-24, 암모늄아크릴로일다이메틸타우레이트/베헤네스-25메타크라일레이트 크로스폴리머, 베타인, 스핑고모나스발효추출물, 세라마이드엔피, 아라키딜알코올, 에틸헥실 글리세린, 향료, 스테아릭애씨드, 피토스테롤, 베헤닐알코올, 아라키딜글루코사이드, 소듐메타 포스페이트, 하이드로제네이티드레시틴, 알지닌, 아스파틱애씨드, 글루타믹애씨드, 하이알루로닉 애씨드(100 ppm), 이노시톨, 세테아릴알코올, 락토바실러스발효물, 말토덱스트린, 하이드롤 라이즈드치자추출물, 프로필렌글라이콜, 소듐하이알루로네이트(1.5 ppm), 토코페롤"
백화고 기미탄력 듀얼샷 앰플 기획세트,한율,"정제수, 글리세린, 부틸렌글라이콜, 프로판다이올, 나이아신아마이드, 글리세릴폴리메타크릴레이트, 폴리글리세린-3, 1,2-헥산다이올, 다이부틸아디페이트, 보론나이트라이드, 카프릴릭/카프릭트라이글리세라이드, 트라넥사믹애씨드, 하이드로제네이티드레시틴, 폴리솔베이트20, 암모늄아크릴로일다이메틸타우레이트/브이피코폴리머,하이드록시에틸아크릴레이트/소듐아크릴로일다이메틸타우레이트코폴리머, 콜레스테롤, 향료, 폴리글리세릴-6카프릴레이트, 폴리글리세릴-4카프레이트, 티몰트라이메톡시신나메이트, 아크릴레이트/C10-30알킬아크릴레이트크로스폴리머,에틸헥실글리세린, 잔탄검, 소듐메틸스테아로일타우레이트, 트로메타민, 아데노신, 소듐메타포스페이트, 덱스트린, 카카오추출물, 솔비탄아이소스테아레이트, 리날룰, 3-O-에틸아스코빅애씨드,잇꽃꽃추출물, 락토바실러스발효물, 시트릭애씨드,표고버섯추출물(50ppm), 글루코노락톤, 제라니올, 헥실신남알, 사이아노코발아민, 리모넨, 알파-아이소메틸아이오논, 글루타티온, 수용성콜라겐,하이드롤라이즈드익스텐신, 호호바씨오일, 폴리글리세릴-10라우레이트, 소듐하이알루로네이트,하이드롤라이즈드하이알루로닉애씨드, 소듐하이알루로네이트크로스폴리머, 하이알루로닉애씨드,소듐아세틸레이티드하이알루로네이트"
어린쑥 클렌징 팩밤 기획세트,한율,"솔베스-30테트라올리에이트, 카올린, 세틸에틸헥사노에이트, 아이소프로필팔미테이트, 카프릴릭/카프릭트라이글리세라이드, 트라이에틸헥사노인, 아이소도데케인, 실리카다이메틸실릴레이트, 합성왁스, 정제수, 황해쑥잎수(10554ppm), 향료, 쑥잎가루(2000ppm), 폴리글리세릴-2트라이아이소스테아레이트, 부틸렌글라이콜, 흑색산화철, 황색산화철, 2,3-부탄다이올, 1,2-헥산다이올, 살리실릭애씨드, 프로판다이올, 레시틴, 락틱애씨드, 락토바실러스발효물, 글리세린, 트라이에톡시카프릴릴실레인, 설퍼콜로이드, 씨솔트, 이눌린라우릴카바메이트, 시트릭애씨드, 글루코노락톤, 황해쑥잎추출물(10ppm), 에틸헥실글리세린, 글라이콜릭애씨드, 병풀꽃/잎/줄기추출물, 토코페롤"
극진 크림 대용량 단품 기획세트,한율,"정제수, 부틸렌글라이콜, 글리세린, 펜타에리스리틸테트라에틸헥사노에이트, 하이드로제네이티드폴리(C6-14올레핀), 다이메티콘, 인삼수, 다이아이소스테아릴말레이트, 하이드로제네이티드올리브오일데실에스터, 베헤닐알코올, 나이아신아마이드, 글리세릴스테아레이트, 폴리글리세릴-3메틸글루코오스다이스테아레이트, 1,2-헥산다이올, 하이드로제네이티드레시틴, 프로판다이올, 세테아릴알코올, 피이지-100스테아레이트, 카나우바왁스, 향료, 폴리아크릴레이트-13, 다이메티콘/비닐다이메티콘크로스폴리머, 소듐메타포스페이트, 폴리아이소부텐, 에틸헥실글리세린, 아데노신, 인삼씨오일, 폴리솔베이트20, 솔비탄아이소스테아레이트, 인삼가루, 락토바실러스발효물, 덱스트린, 카카오추출물, 피토스핑고신, 하이드롤라이즈드인삼사포닌, 소듐폴리아스파테이트, 인삼추출물, 토코페롤, 소듐메틸스테아로일타우레이트, 아스퍼질러스발효물, 수용성콜라겐"
극진 에센스 기획세트 60ml,한율,"정제수, 글리세린, 부틸렌글라이콜, 인삼수, 변성알코올, 프로판다이올, 피이지/피피지-17/6코폴리머, 나이아신아마이드, 1,2-헥산다이올, 다이메티콘, 폴리글리세린-3, 글리세릴폴리메타크릴레이트, 피피지-13-데실테트라데세스-24, 암모늄아크릴로일다이메틸타우레이트/브이피코폴리머, 아크릴레이트/C10-30알킬아크릴레이트크로스폴리머, 향료, 트로메타민, 잔탄검, 글리세릴카프릴레이트, 에틸헥실글리세린, 아데노신, 인삼씨오일, 덱스트린, 카카오추출물, 소듐메타포스페이트, 인삼가루, 베타-글루칸, 하이드로제네이티드레시틴, 락토바실러스발효물, 피토스핑고신, 하이드롤라이즈드인삼사포닌, 소듐폴리아스파테이트, 인삼추출물, 소듐메틸스테아로일타우레이트, 토코페롤, 아스퍼질러스발효물"
극진 아이크림 기획세트 30ml,한율,"정제수, 스쿠알란, 프로판다이올, 폴리글리세릴-3메틸글루코오스다이스테아레이트, 다이메티콘, 글리세릴스테아레이트, 세테아릴알코올, 하이드로제네이티드캐스터오일아이소스테아레이트, 베헤닐알코올, 나이아신아마이드, 1,2-헥산다이올, 글리세린, 다이아이소스테아릴말레이트, 피토스테릴이소스테아릴다이머디리놀리에이트, 부틸렌글라이콜, 인삼수, 폴리아크릴레이트-13, 암모늄아크릴로일다이메틸타우레이트/브이피코폴리머, 폴리아이소부텐, 향료, 에틸헥실글리세린, 소듐메타포스페이트, 아데노신, 폴리솔베이트20, 솔비탄아이소스테아레이트, 덱스트린, 카카오추출물, 하이드로제네이티드레시틴, 락토바실러스발효물, 피토스핑고신, 하이드롤라이즈드인삼사포닌, 소듐폴리아스파테이트, 인삼추출물, 인삼씨오일, 소듐메틸스테아로일타우레이트, 인삼가루, 아스퍼질러스발효물, 토코페롤, 카프릴릴글라이콜, 아세틸테트라펩타이드-2"
극진 크림 클렌징폼 200ml,한율,"정제수, 미리스틱애씨드, 라우릭애씨드, 포타슘하이드록사이드, 라우릴하이드록시설테인, 아크릴레이트/C10-30알킬아크릴레이트크로스폴리머, 향료, 인삼수, 소듐클로라이드, 부틸렌글라이콜, 호두나무열매껍질가루, 폴리쿼터늄-7, 팔미틱애씨드, 스테아릭애씨드, 소듐메타포스페이트, 티타늄디옥사이드 (CI 77891), 1,2-헥산다이올, 덱스트린, 카카오추출물, 프로판다이올, 소듐벤조에이트, 하이드로제네이티드레시틴, 잇꽃꽃추출물, 락토바실러스발효물, 마이크로크리스탈린셀룰로오스, 인삼추출물, 옥수수전분, 만니톨, 피토스핑고신, 하이드롤라이즈드인삼사포닌, 소듐폴리아스파테이트, 인삼씨오일, 소듐메틸스테아로일타우레이트, 인삼가루, 아스퍼질러스발효물, 시트릭애씨드, 에틸헥실글리세린, 황금추출물, 칡뿌리추출물"
달빛유자 수면팩 리필세트 40ml*2,한율,"정제수, 부틸렌글라이콜, 글리세린, 메틸트라이메티콘, 펜타에리스리틸테트라에틸헥사노에이트, 유자수, 베타인, 나이아신아마이드, 변성알코올, 1,2-헥산다이올, 비닐다이메티콘/메티콘실세스퀴옥세인크로스폴리머, 베헤닐알코올, 판테놀, 호호바에스터, 하이드록시에틸아크릴레이트/소듐아크릴로일다이메틸타우레이트코폴리머, 암모늄아크릴로일다이메틸타우레이트/브이피코폴리머, 아크릴레이트/C10-30알킬아크릴레이트크로스폴리머, 해바라기씨오일, 리모넨, 유자씨오일, 말토덱스트린, 트로메타민, 유자껍질오일, 잔탄검, 글리세릴카프릴레이트, 당근추출물, 에틸헥실글리세린, 소듐메타포스페이트, 제라니올, 아데노신, 솔비탄아이소스테아레이트, 유자추출물, 바이오플라보노이드, 리날룰, 아스코빅애씨드, 티몰트라이메톡시신나메이트, 3-O-에틸아스코빅애씨드, 락토바실러스발효물, 탱자추출물, 베타-카로틴, 파네솔, 팔마로사오일, 토코페롤, 프로판다이올, 멜라토닌, 유자껍질추출물, 소듐하이알루로네이트, 하이드롤라이즈드하이알루로닉애씨드, 소듐하이알루로네이트크로스폴리머, 하이알루로닉애씨드, 소듐아세틸레이티드하이알루로네이트"
달빛유자C 세럼 50ml,한율,"정제수, 부틸렌글라이콜, 글리세린, 카프릴릭/카프릭트라이글리세라이드, 나이아신아마이드, 1,2-헥산다이올, 천궁수, 왜당귀뿌리수, 베헤닐알코올, 판테놀, 해바라기씨오일, 리모넨, 유자껍질오일, 트로메타민, 카보머, 아크릴레이트/C10-30알킬아크릴레이트크로스폴리머, 당근추출물, 타우린, 에틸헥실글리세린, 아데노신, 유자추출물, 다이소듐이디티에이, 리날룰, 에칠아스코빌에텔, 탱자추출물, 베타-카로틴, 토코페롤, 아스코빅애씨드, 유자껍질추출물"
빨간쌀 보습탄력 크림 리필세트 30ml *2,한율,"정제수, 부틸렌글라이콜, 세틸에틸헥사노에이트, 글리세린, 펜타에리스리틸테트라에틸헥사노에이트, 메틸트라이메티콘, 나이아신아마이드, C14-22알코올, 1,2-헥산다이올, 부틸렌글라이콜다이카프릴레이트/다이카프레이트, 세테아릴알코올, 아라키딜알코올, 베헤닐알코올, 팔미틱애씨드, 스테아릭애씨드, 암모늄아크릴로일다이메틸타우레이트/브이피코폴리머, C12-20알킬글루코사이드, 하이드록시에틸아크릴레이트/소듐아크릴로일다이메틸타우레이트코폴리머, 아라키딜글루코사이드, 콜레스테롤, 하이드록시프로필비스라우라마이드엠이에이, 하이드록시프로필비스팔미타마이드엠이에이, 쌀발효여과물, 세라마이드엔피, 향료, 카프릴릴글라이콜, 트로메타민, 에틸헥실글리세린, 아데노신, 솔비탄아이소스테아레이트, 다이소듐이디티에이, 락토바실러스발효물, 덱스트린, 카카오추출물, 하이드롤라이즈드익스텐신, 호호바씨오일, 폴리글리세릴-10라우레이트, 합성왁스, 하이드로제네이티드레시틴, 식물성스쿠알란, 토코페롤, 판테놀, 폴리글리세릴-10스테아레이트"
극진 에멀젼 125ml,한율,"정제수, 부틸렌글라이콜, 글리세린, 하이드로제네이티드폴리(C6-14올레핀), 다이카프릴릴에터, 다이메티콘, 나이아신아마이드, 옥틸도데실미리스테이트, 시어버터, 1,2-헥산다이올, C14-22알코올, 인삼수, 폴리글리세릴-3다이스테아레이트, 프로판다이올, 글리세릴스테아레이트, 세테아릴알코올, 팔미틱애씨드, C12-20알킬글루코사이드, 스테아릭애씨드, 향료, 카보머, 글리세릴카프릴레이트, 트로메타민, 에틸헥실글리세린, 소듐메타포스페이트, 아데노신, 글리세릴스테아레이트시트레이트, 베타-글루칸, 하이드로제네이티드레시틴, 덱스트린, 카카오추출물, 락토바실러스발효물, 토코페롤, 피토스핑고신, 하이드롤라이즈드인삼사포닌, 소듐폴리아스파테이트, 인삼추출물, 인삼씨오일, 소듐메틸스테아로일타우레이트, 인삼가루, 아스퍼질러스발효물"
극진 크림 세트 50ml,한율,"정제수, 부틸렌글라이콜, 글리세린, 펜타에리스리틸테트라에틸헥사노에이트, 하이드로제네이티드폴리(C6-14올레핀), 다이메티콘, 인삼수, 다이아이소스테아릴말레이트, 하이드로제네이티드올리브오일데실에스터, 베헤닐알코올, 나이아신아마이드, 글리세릴스테아레이트, 폴리글리세릴-3메틸글루코오스다이스테아레이트, 1,2-헥산다이올, 하이드로제네이티드레시틴, 프로판다이올, 세테아릴알코올, 피이지-100스테아레이트, 카나우바왁스, 향료, 폴리아크릴레이트-13, 다이메티콘/비닐다이메티콘크로스폴리머, 소듐메타포스페이트, 폴리아이소부텐, 에틸헥실글리세린, 아데노신, 인삼씨오일, 폴리솔베이트20, 솔비탄아이소스테아레이트, 인삼가루, 락토바실러스발효물, 덱스트린, 카카오추출물, 피토스핑고신, 하이드롤라이즈드인삼사포닌, 소듐폴리아스파테이트, 인삼추출물, 토코페롤, 소듐메틸스테아로일타우레이트, 아스퍼질러스발효물, 수용성콜라겐"
송담 탄력 2종 기획세트,한율,"[스킨] 정제수, 프로판다이올, 변성알코올, 글리세린, 베타인, 나이아신아마이드, 폴리글리세린-3, 부틸렌글라이콜, 1,2-헥산다이올, 송이버섯추출물, 인삼수, 피피지-13-데실테트라데세스-24, 아크릴레이트/C10-30알킬아크릴레이트크로스폴리머, 암모늄아크릴로일다이메틸타우레이트/브이피코폴리머, 에탄올, 트로메타민, 에틸헥실글리세린, 천궁수, 왜당귀뿌리수, 향료, 아데노신, 다이소듐이디티에이, 덱스트린, 카카오추출물, 베타-글루칸, 리날룰, 리모넨, 아크릴레이트/암모늄메타크릴레이트코폴리머, 폴리카프로락톤, 소나무잎추출물, 폴리글리세릴-10라우레이트, 표고버섯추출물, 토코페롤, 작약뿌리추출물, 생강추출물 [로션] 정제수, 부틸렌글라이콜, 글리세린, 펜타에리스리틸테트라에틸헥사노에이트, 하이드로제네이티드폴리아이소부텐, 다이메티콘, 다이아이소스테아릴말레이트, 나이아신아마이드, 피이지-60글리세릴아이소스테아레이트, 1,2-헥산다이올, 비스-하이드록시에톡시프로필다이메티콘, C14-22알코올, 송이버섯추출물, 스테아릭애씨드, 글리세릴스테아레이트, 사이클로펜타실록세인, 인삼수, 하이드록시에틸아크릴레이트/소듐아크릴로일다이메틸타우레이트코폴리머, 팔미틱애씨드, 아라키딜알코올, C12-20알킬글루코사이드, 향료, 에탄올, 폴리실리콘-11, 카보머, 베헤닐알코올, 글리세릴카프릴레이트, 트로메타민, 아라키딜글루코사이드, 폴리아크릴레이트-13, 다이소듐이디티에이, 에틸헥실글리세린, 소듐폴리아크릴레이트, 천궁수, 왜당귀뿌리수, 아데노신, 덱스트린, 카카오추출물, 폴리아이소부텐, 솔비탄아이소스테아레이트, 폴리솔베이트60, 리날룰, 리모넨, 폴리솔베이트20, 글루코오스, 헥실신남알, 제라니올, 아크릴레이트/암모늄메타크릴레이트코폴리머, 폴리카프로락톤, 소나무잎추출물, 폴리글리세릴-10라우레이트, 토코페롤, 표고버섯추출물, 작약뿌리추출물, 생강추출물"
어린쑥 트러블 미스트 120ml,한율,"정제수, 프로판다이올, 부틸렌글라이콜, 황해쑥잎수(17,590ppm), 자일리톨, 펜틸렌글라이콜, 카프릴릭/카프릭트라이글리세라이드, 피피지-13-데실테트라데세스-24, 글리세릴카프릴레이트, 향로, 2,3-부탄다이올, 에틸헥실글리세린, 소듐메타포스페이트, 1,2-헥산다이올, 글루코노락톤, 레시틴, 락토바실러스발효물, 글리세린, 이눌린라우릴카바메이트, 살리실릭애씨드, 황해쑥잎추출물(10ppm), 병풀꽃/잎/줄기추출물, 토코페롤, 소듐하이알루로네이트, 하이드롤라이즈드하이알루로닉애씨드, 소듐하이알루로네이트크로스폴리머, 하이알루로닉애씨드, 소듐아세틸레이티드하이알루로네이트"
달빛유자 수면팩 기획세트,한율,"정제수, 부틸렌글라이콜, 글리세린, 메틸트라이메티콘, 펜타에리스리틸테트라에틸헥사노에이트, 유자수, 베타인, 나이아신아마이드, 변성알코올, 1,2-헥산다이올, 비닐다이메티콘/메티콘실세스퀴옥세인크로스폴리머, 베헤닐알코올, 판테놀, 호호바에스터, 하이드록시에틸아크릴레이트/소듐아크릴로일다이메틸타우레이트코폴리머, 암모늄아크릴로일다이메틸타우레이트/브이피코폴리머, 아크릴레이트/C10-30알킬아크릴레이트크로스폴리머, 해바라기씨오일, 리모넨, 유자씨오일, 말토덱스트린, 트로메타민, 유자껍질오일, 잔탄검, 글리세릴카프릴레이트, 당근추출물, 에틸헥실글리세린, 소듐메타포스페이트, 제라니올, 아데노신, 솔비탄아이소스테아레이트, 유자추출물, 바이오플라보노이드, 리날룰, 아스코빅애씨드, 티몰트라이메톡시신나메이트, 3-O-에틸아스코빅애씨드, 락토바실러스발효물, 탱자추출물, 베타-카로틴, 파네솔, 팔마로사오일, 토코페롤, 프로판다이올, 멜라토닌, 유자껍질추출물, 소듐하이알루로네이트, 하이드롤라이즈드하이알루로닉애씨드, 소듐하이알루로네이트크로스폴리머, 하이알루로닉애씨드, 소듐아세틸레이티드하이알루로네이트"
어린쑥 수분진정 패드 기획세트,한율,"정제수, 부틸렌글라이콜, 글리세린, 황해쑥잎수, 1,2-헥산다이올, 판테놀, 폴리글리세릴-10라우레이트, 알란토인, 2,3-부탄다이올, 에틸헥실글리세린, 향료, 잔탄검, 다이프로필렌글라이콜, 다이소듐이디티에이, 하이드록시에틸셀룰로오스, 다이포타슘글리시리제이트, 소듐하이알루로네이트, 소듐시트레이트, 시트릭애씨드, 프로판다이올, 레시틴, 락토바실러스발효물, 메틸다이아이소프로필프로피온아마이드, 베타-글루칸, 이눌린라우릴카바메이트, 황해쑥잎추출물, 병풀꽃/잎/줄기추출물, 토코페롤"
어린쑥 클렌징 흡착 팩폼 기획세트,한율,"글리세린, 정제수, 포타슘미리스테이트, 실리카, 포타슘스테아레이트, 소듐메틸코코일타우레이트, 포타슘팔미테이트, 1,2-헥산다이올, 펜틸렌글라이콜, 아크릴레이트/C10-30알킬아크릴레이트크로스폴리머, 쑥잎가루, 포타슘코코일글리시네이트, 향료, 소듐클로라이드, 카프릴릴글라이콜, 에틸헥실글리세린, 잇꽃꽃추출물, 덱스트린, 치자추출물, 2,3-부탄다이올, 카카오씨추출물, 소듐폴리아크릴레이트, 황해쑥잎수, 판테놀, 프로판다이올, 부틸렌글라이콜, 레시틴, 락토바실러스발효물, 이눌린라우릴카바메이트, 폴리글리세린-3, 황해쑥잎추출물, 토코페롤, 병풀꽃/잎/줄기추출물, 하이드로제네이티드레시틴, 병풀추출물, 무화과추출물, 베타-글루칸, 다이소듐이디티에이, 세라마이드엔피, 슈도알테로모나스발효추출물, 하이드롤라이즈드하이알루로닉애씨드, 다이메틸실란올하이알루로네이트, 하이드롤라이즈드소듐하이알루로네이트, 소듐하이알루로네이트, 하이알루로닉애씨드, 포타슘하이알루로네이트, 소듐하이알루로네이트크로스폴리머, 하이드록시프로필트라이모늄하이알루로네이트, 소듐하이알루로네이트다이메틸실란올, 소듐아세틸레이티드하이알루로네이트, 소듐살리실레이트, 살리실릭애씨드, 시트릭애씨드"
어린쑥 수분진정 크림 기획세트,한율,"정제수, 글리세린, 부틸렌글라이콜, 다이카프릴릴에터, 황해쑥잎수, 메틸트라이메티콘, 나이아신아마이드, 비스-하이드록시에톡시프로필다이메티콘, 1,2-헥산다이올, C14-22알코올, 세틸에틸헥사노에이트, 판테놀, 글리세릴스테아레이트시트레이트, 하이드로제네이티드폴리(C6-14올레핀), 하이드록시에틸아크릴레이트/소듐아크릴로일다이메틸타우레이트코폴리머, 스테아릭애씨드, 암모늄아크릴로일다이메틸타우레이트/브이피코폴리머, 글리세릴폴리메타크릴레이트, 글리세릴스테아레이트, 폴리메틸실세스퀴옥세인, 팔미틱애씨드, 아라키딜알코올, C12-20알킬글루코사이드, 향료, 글리세릴카프릴레이트, 베헤닐알코올, 2,3-부탄다이올, 아라키딜글루코사이드, 에틸헥실글리세린, 다이소듐이디티에이, 솔비탄아이소스테아레이트, 프로판다이올, 레시틴, 락토바실러스발효물, 글루코오스, 토코페롤, 이눌린라우릴카바메이트, 황해쑥잎추출물, 병풀꽃/잎/줄기추출물"
달빛유자 클렌징 필링 젤밤 기획세트,한율,"카프릴릭/카프릭트라이글리세라이드, 글리세린, 피이지-20글리세릴트라이아이소스테아레이트, 아이소도데케인, 정제수, 폴리글리세릴-10스테아레이트, 셀룰로오스, 리모넨, 유자껍질오일 (5000ppm), 해바라기씨오일, 옥수수전분, 마이크로크리스탈린셀룰로오스, 만니톨, 당근추출물, 말토덱스트린, 자일리톨, 리날룰, 1,2-헥산다이올, 수크로오스, 하이드로제네이티드레시틴, 아스코빅애씨드, 아스코빌테트라이소팔미테이트, 글루타티온, 하이드록시프로필스타치포스페이트, 세테아릴알코올, 프룩토올리고사카라이드, 스테아릭애씨드, 황색산화철, 암모늄글리시리제이트, 바이오플라보노이드, 검정콩오일, 폴리글리세릴-10올리에이트, 세라마이드엔피, 티타늄디옥사이드 (CI 77891), 베타-카로틴, 나이아신아마이드, 프로판다이올, 토코페롤, 카프릴로일살리실릭애씨드, 소듐하이알루로네이트, 카페인, 인삼추출물, 징크글루코네이트, 피토스핑고신, 생강추출물, 홍삼추출물, 가시칠엽수씨추출물, 약모밀추출물, 하이드롤라이즈드하이알루로닉애씨드, 락토바실러스발효용해물, 소듐하이알루로네이트크로스폴리머, 세라마이드엔에스, 녹차추출물, 하수오뿌리추출물, 하이알루로닉애씨드, 콜레스테롤, 에틸헥실글리세린, 세라마이드에이피, 세라마이드에이에스, 카놀라오일, 돌콩추출물, 로즈마리잎추출물, 시트릭애씨드, 글루코노락톤, 소듐아세틸레이티드하이알루로네이트, 유자씨오일 (0.01ppm), 유자수 (0.009ppm), 쌀겨오일, 부틸렌글라이콜, 세라마이드이오피"
달빛유자 클렌징 톤업 팩폼 기획세트,한율,"정제수, 글리세린, 미리스틱애씨드, 라우릴하이드록시설테인, 포타슘하이드록사이드, 라우릭애씨드, 카프릴릴/카프릴글루코사이드, 소듐클로라이드, 실리카, 아크릴레이트/C10-30알킬아크릴레이트크로스폴리머, 셀룰로오스, 트라이하이드록시스테아린, 유자씨가루(5000ppm), 팔미틱애씨드, 스테아릭애씨드, 리모넨, 폴리쿼터늄-7, 유자껍질오일(5000ppm), 나이아신아마이드, 소듐폴리아크릴레이트, 소듐메타포스페이트, 토코페롤, 말토덱스트린, 리날룰, 시트릭애씨드, 글루코노락톤, 소듐벤조에이트, 1,2-헥산다이올, 만니톨, 하이드로제네이티드레시틴, 아스코빅애씨드, 아스코빌테트라이소팔미테이트, 글루타티온, 세테아릴알코올, 암모늄글리시리제이트, 바이오플라보노이드, 검정콩오일, 폴리글리세릴-10올리에이트, 세라마이드엔피, 해바라기씨오일, 프로판다이올, 베타-카로틴, 카프릴로일살리실릭애씨드, 소듐하이알루로네이트, 카페인, 징크글루코네이트, 피토스핑고신, 유자수(0.8ppm), 가시칠엽수씨추출물, 하이드롤라이즈드하이알루로닉애씨드, 소듐하이알루로네이트크로스폴리머, 세라마이드엔에스, 부틸렌글라이콜, 하이알루로닉애씨드, 콜레스테롤, 에틸헥실글리세린, 세라마이드에이피, 세라마이드에이에스, 카놀라오일, 로즈마리잎추출물, 소듐아세틸레이티드하이알루로네이트, 쌀겨오일, 세라마이드이오피"
흰감국 광채 선크림 듀오 구성,한율,"정제수, C12-15알킬벤조에이트, 부틸렌글라이콜, 디에칠아미노하이드록시벤조일헥실벤조에이트, 호모살레이트, 에칠헥실살리실레이트, 티타늄디옥사이드, 다이아이소프로필세바케이트, 글리세린, 비스-에칠헥실옥시페놀메톡시페닐트리아진, 나이아신아마이드, 폴리실리콘-15, 세테아릴알코올, 1,2-헥산다이올, 아이소프로필팔미테이트, 퀸즈랜드넛오일, 폴리C10-30알킬아크릴레이트, 실리카, 티타늄디옥사이드 (CI 77891), 알루미늄스테아레이트, 폴리아크릴레이트크로스폴리머-6, 알루미나, 스테아릭애씨드, 폴리하이드록시스테아릭애씨드, 향료, 글리세릴스테아레이트, 하이드로제네이티드레시틴, 에틸헥실글리세린, 아크릴레이트/C10-30알킬아크릴레이트크로스폴리머, 세테아릴글루코사이드, 카프릴릴글라이콜, 생강오일, 리날룰, 폴리글리세릴-3메틸글루코오스다이스테아레이트, 팔미틱애씨드, 아데노신, 알루미늄하이드록사이드, 리모넨, 트라이에톡시카프릴릴실레인, 소듐메타포스페이트, 락토바실러스발효물, 벤질알코올, 감국꽃추출물, 유제놀, 미리스틱애씨드, 라우릭애씨드, 토코페롤"
부들밤 모공수축 패드 기획세트,한율,"정제수, 부틸렌글라이콜, 나이아신아마이드, 1,2-헥산다이올, 프로판다이올, 폴리글리세린-3, 폴리글리세릴-10라우레이트, 글루코노락톤. 밤껍질추출물(1,000ppm), 하이드로제네이티드폴리(c6-14올레핀),아크릴레이트/c10-30 알킬아크릴레이트크로스폴리머, 에틸헥실글리세린, 잔탄검, 아데노신, 글리세린, 탱자추출물, 메도우폼씨오일, 시트릭애씨드, 트로메타민, 락토바실러스발효물, 효모발효물, 소듐파이테이트, 향료, 폴리글리세릴-3 메틸글루코로스다이스테아레이트, 회향씨추출물, 샤프란꽃추출물, 소두구씨추출물, 고수추출물, 프로테아제, 하이드로제네이티드레시틴, 칡뿌리추출물, 대왕송잎추출물, 달맞이꽃추출물, 당느릅나무뿌리추출물, 메틸글루코오스세스퀴스테아레이트, 세테아릴글루코사이드, 밤껍질가루(1ppm), 카프릴로알살리실릭애씨드, 토코페롤"
모이스처 퍼퓸 바디워시 760g,해피바스,"정제수, 소듐라우레스설페이트, 코카미도프로필베타인, 암모늄라우릴설페이트, 소듐클로라이드, 솔비톨, 향료(화이트머스크향 0.7%), 소듐벤조에이트, 페녹시에탄올, 시트릭애씨드, 벤질벤조에이트, 다이소듐이디티에이, 리날룰, 헥실신남알, 아르간커넬오일, 올리브오일, 호호바씨오일, 스위트아몬드오일, 퀸즈랜드넛오일, 생강오일"
오리지널 컬렉션 바디워시 910g,해피바스,"정제수, 소듐라우레스설페이트, 코카미도프로필베타인, 소듐클로라이드, 솔비톨, 향료(오리지널향 0.98%), 소듐벤조에이트, 시트릭애씨드, 페녹시에탄올, 벤질벤조에이트, 폴리쿼터늄-7, 다이소듐이디티에이, 헥실신남알, 폴리쿼터늄-10, 리날룰, 리모넨, 판테놀"
정말 촉촉/순한 바디밀크 400g,해피바스,"정제수, 부틸렌글라이콜, 글리세린, 해바라기씨오일, 카프릴릭/카프릭트라이글리세라이드, 폴리글리세릴-3메틸글루코오스다이스테아레이트, 다이메티콘, 세테아릴알코올, 시어버터, 글리세릴스테아레이트, 향료 (애플바나나 향 0.3%) , 카보머, 잔탄검, 카프릴릴글라이콜, 글리세릴카프릴레이트, 에틸헥실글리세린, 소듐메타포스페이트, 포타슘하이드록사이드, 벤질벤조에이트, 헥실신남알, 리날룰, 리모넨, 프로판다이올, 바나나추출물, 사과추출물, 바실러스/소이빈발효추출물, 토코페롤, 1,2-헥산다이올, 소듐벤조에이트, 쌀겨추출물, 다이소듐이디티에이, 하이드록시프로필사이클로덱스트린"
PH 4.5 약산성 여성청결제 300ml,해피바스,"정제수, 부틸렌글라이콜, 하이드록시프로필메틸셀룰로오스, 황해쑥잎수(8390ppm), 라우릴베타인, 향료, 다이소듐이디티에이, 에틸헥실글리세린, 시트릭애씨드, 1,2-헥산다이올, 토코페롤"
제로퍼센트 저자극 버블핸드워시 500ml,해피바스,"정제수, 글리세린, 라우릴베타인, 다이프로필렌글라이콜, 1,2-헥산다이올, 카프릴릴글라이콜, 시트릭애씨드, 다이소듐이디티에이, 에틸헥실글리세린, 토코페롤"
오리지널 컬렉션 바디로션 500g,해피바스,"정제수, 부틸렌글라이콜, 글리세린, 해바라기씨오일, 카프릴릭/카프릭트라이글리세라이드, 폴리글리세릴-3메틸글루코오스다이스테아레이트, 세테아릴알코올, 다이메티콘, 시어버터, 글리세릴스테아레이트, 향료(오리지널향 0.25%), 카보머, 잔탄검, 카프릴릴글라이콜, 글리세릴카프릴레이트, 다이소듐이디티에이, 에틸헥실글리세린, 포타슘하이드록사이드, 벤질벤조에이트, 헥실신남알, 리날룰, 리모넨, 판테놀, 아르간커넬오일, 올리브오일, 호호바씨오일, 인카르나타시계꽃씨오일, 코코넛야자오일, 토코페롤, 코코-카프릴레이트/카프레이트"
마이크로 클린 솝베리 버블 클렌징폼 300ml,해피바스,"정제수, 글리세린, 솔비톨, 다이프로필렌글라이콜, 미리스틱애씨드, 라우릭애씨드, 라우릴베타인, 포타슘코코일글리시네이트, 포타슘하이드록사이드, 변성알코올, 살리실릭애씨드, 폴리쿼터늄-7, 향료, 미리스틸알코올, 다이소듐이디티에이, 리날룰, 헥실신남알, 테트라소듐이디티에이, 락토바실러스발효용해물, 부틸렌글라이콜, 소듐벤조에이트, 시트릭애씨드, 1,2-헥산다이올, 트리리프솝베리열매추출물(0.45ppm)"
오리지널컬렉션 솝라벤더 비누 4입,해피바스,"소듐팔메이트, 소듐팜커넬레이트, 정제수, 팜커넬애씨드, 향료(솝 라벤더향 1.56%), 다이소듐라우릴설포석시 네이트, 소듐클로라이드, 글리세린, 리날룰, 헥실신남알, 하이드록시시트로넬알, 시트로넬올, 리모넨, 테트라 소듐이디티에이, 테트라소듐에티드로네이트, 에티드 로닉애씨드, 코카미도프로필베타인, 적색산화철, 쿠마린, 부틸렌글라이콜, 라벤더꽃추출물, 아르간커넬오일, 코코넛야자오일, 해바라기씨오일, 올리브오일, 호호바씨 오일, 페녹시에탄올, 소듐벤조에이트, 에틸헥실글리세린"
오리지널 컬렉션 샤워 젤리 75g,해피바스,"정제수, 글리세린, 소듐라우레스설페이트, 프로판다이올, 카라기난, 향료(대나무향 1%), 소듐벤조에이트, 페녹시에탄올, 소듐메타포스페이트, 리모넨, 시트릭애씨드, 하이드록시시트로넬알, 시트로넬올, 칼슘소듐보로실리케이트, 헥실신남알, 다이소듐이디티에이, 리날룰, 티타늄디옥사이드 (CI 77891), 판테놀, 황색4호, 청색1호, 세라마이드엔피, 틴옥사이드, 밤부사 불가리스추출물(600ppb), 삼나무잎추출물, 소듐하이알루로네이트, 1,2-헥산다이올, 적색227호, 하이드롤라이즈드하이알루로닉애씨드, 소듐하이알루로네이트크로스폴리머, 하이알루로닉애씨드, 에틸헥실글리세린, 소듐아세틸레이티드하이알루로네이트"
필쏘굿 풋샴푸 500ml,해피바스,"정제수, 라우릭애씨드, 변성알코올, 포타슘하이드록사이드, 미리스틱애씨드, 라우릴하이드록시설테인, 향료, 멘톨, 소듐클로라이드, 스테아릭애씨드, 팔미틱애씨드, 리모넨, 폴리쿼터늄-7, 리날룰, 하이드록시시트로넬알, 알파아이소메틸아이오논, 소듐벤조에이트, 락틱애씨드, 프로판다이올, 하이드 록시프로필사이클로덱스트린, 시트릭애씨드, 글라이콜릭애씨드, 소듐하이 알루로네이트, 1,2-헥산다이올, 하이드롤라이즈드하이알루로닉애씨드, 소듐 하이알루로네이트크로스폴리머, 하이알루로닉애씨드, 에틸헥실글리세린, 소듐메타포스페이트, 소듐아세틸레이티드하이알루로네이트"
오리지널 컬렉션 바디오일 250ml,해피바스,"해바라기씨오일, 미네랄오일, 향료(오리지널향 0.3%), 벤질벤조에이트, 헥실신남알, 리날룰, 리모넨, 판테놀, 아르간커넬오일, 올리브오일, 호호바씨오일, 인카르나타시계꽃씨오일, 코코넛야자오일, 코코-카프릴레이트/카프레이트"
주스스무디 옐로우 바디워시 820g,해피바스,"정제수, 소듐라우레스설페이트, 코카미도프로필베타인, 소듐클로라이드, 코카마이드메틸엠이에이, 페녹시 에탄올, 향료, 리모넨, 소듐벤조에이트, 폴리쿼터늄-10, 스타이렌/아크릴레이트코폴리머, 리날룰, 라우릭 애씨드, 소듐메타포스페이트, 시트릭애씨드, 글리세린, 코코-글루코사이드, 시트랄, 부틸렌글라이콜, 다이소듐이디티에이, 벤조트라이아졸릴도데실P-크레솔, 황색4호, 벤조익애씨드, 토코페릴아세테이트, 효모/보리씨발효여과물, 유자껍질추출물, 모나스커스/쌀발효물, 레몬껍질오일, 프로판다이올, 적색227호, 1,2-헥산다이올, 에틸헥실글리세린"
리얼가든 바디워시 900g,해피바스,"정제수, 소듐라우레스설페이트, 코카미도프로필베타인, 소듐클로라이드(1.125%), 향료, 시트릭애씨드, 코카마이드메틸엠이에이, 소듐벤조에이트, 라우릭애씨드, 소듐메타포스페이트, 페녹시에탄올, 폴리쿼터늄-10, 글리세린, 다이소듐이디티에이, 황해쑥잎수(41.95ppm), 불가리스쑥오일(10ppm), 부틸렌글라이콜, 1,2-헥산다이올, 아시아티코사이드, 마데카식애씨드, 아시아틱애씨드, 에틸헥실글리세린"
스킨유 이노센트 샤워젤 500g,해피바스,"정제수, 소듐C14-16올레핀설포네이트, 코카미도프로필하이드록시설테인, 글리세린, 다이소듐코코일글루타메이트, 다이프로필렌글라이콜, 향료(컴포트우디향 1.5%), 폴리쿼터늄-47, 폴리쿼터늄-7, 시트릭애씨드, 소듐벤조에이트, 코카마이드메틸엠이에이, 미리스틸알코올, 소듐메타포스페이트, 글루코노락톤, 벤질벤조에이트, 리날룰, 시트로넬올, 알파-아이소메틸아이오논, 리모넨, 부틸렌글라이콜, 락토바실러스발효용해물, 프로판다이올, 다마스크장미꽃수, 덱스트린, 하이드롤라이즈드익스텐신, 1,2-헥산다이올, 사이클로덱스트린, 하이드롤라이즈드식물성단백질, 소듐하이알루로네이트, 펜틸렌글라이콜, 프로테아제, 암브레트추출물, 글리세릴카프릴레이트, 에틸헥실글리세린, 잔탄검, 소듐트라이메타포스페이트"
정말 촉촉/순한 바디워시 900g,해피바스,"정제수, 소듐라우레스설페이트, 코카미도프로필베타인, 소듐클로라이드, 코카마이드메틸엠이에이, 향료, 소듐벤조에이트, 페녹시에탄올, 스타이렌/아크릴레이트코폴리머, 시트릭애씨드, 라우릭애씨드, 소듐메타포스페이트, 글리세린, 폴리쿼터늄-10, 벤질벤조에이트, 헥실신남알, 코코-글루코사이드, 리날룰, 다이소듐이디티에이, 리모넨, 벤조익애씨드, 부틸렌글라이콜, 효모/보리씨발효여과물, 프로판다이올, 바나나추출물, 사과추출물, 모나스커스/쌀발효물, 1,2-헥산다이올, 말토덱스트린, 돌콩오일, 쌀겨추출물, 알로에베라잎추출물, 에틸헥실글리세린, 마시멜로뿌리추출물"
퍼퓸부티크 오일 바디로션 350g,해피바스,"정제수, 글리세린, 부틸렌글라이콜, 해바라기씨오일, 시어버터, 다이메티콘, 나이아신아마이드, 세테아릴알코올, 폴리글리세릴-3메틸글루코오스다이스테아레이트, 글리세릴스테아레이트, 향료(로즈블러쉬향 0.4%), 에틸헥실글리세린, 카프릴릴글라이콜, 셀룰로오스검, 글리세릴카프릴레이트, 카보머, 트로메타민, 아데노신, 다이소듐이디티에이, 리모넨, 리날룰, 헥실신남알, 시트로넬올, 하이드롤라이즈드익스텐신, 제라니올, 하이드록시시트로넬알, 쿠마린, 프로판다이올, 1,2-헥산다이올, 다마스크장미꽃추출물, 소듐하이알루로네이트, 하이드롤라이즈드하이알루로닉애씨드, 커먼자스민꽃추출물, 소듐하이알루로네이트크로스폴리머, 하이알루로닉애씨드, 작약뿌리추출물, 소듐아세틸레이티드하이알루로네이트, 작약꽃추출물"
마이크로 클린 딥 버블 클렌징폼 300ml,해피바스,"정제수, 글리세린, 라우릭애씨드, 다이프로필렌글라이콜, 미리스틱애씨드, 변성알코올, 솔비톨, 라우릴하이드록시설테인, 포타슘하이드록사이드, 폴리글리세릴-6카프릴레이트, 폴리글리세릴-4카프레이트, 말티톨, 소듐클로라이드, 살리실릭애씨드, 에탄올아민, 폴리쿼터늄-7, 향료, 소듐메타포스페이트, 리날룰, 헥실신남알, 덱스트린, 시트릭애씨드, 소듐벤조에이트, 사이클로덱스트린, 프로테아제"
딥클린 바디워시 900g,해피바스,"정제수, 미리스틱애씨드, 라우릭애씨드, 포타슘하이드록사이드, 라우릴하이드록시설테인, 향료, 아크릴레이트/C10-30알킬아크릴레이트크로스폴리머, 살리실릭애씨드, 스테아릭애씨드, 멘톨(3,000ppm), 소듐클로라이드, 팔미틱애씨드, 소듐메타포스페이트, 리날룰, 리모넨, 타우린(100ppm)"
크림 인 바디로션 400g,해피바스,"정제수, 글리세린, 부틸렌글라이콜, 해바라기씨오일, 시어버터, 다이메티콘, 세테아릴알코올, 폴리글리세릴-3메틸글루코오스다이스테아레이트, 글리세릴스테아레이트, 향료(베이비파우더향 0.3%), 카프릴릴글라이콜, 셀룰로오스검, 글리세릴카프릴레이트, 에틸헥실글리세린, 카보머, 트로메타민, 소듐메타포스페이트, 쿠마린, 알파-아이소메틸아이오논, 시트로넬올, 하이드록시시트로넬알, 벤질벤조에이트, 세라마이드엔피, 판테놀, 하이알루로닉애씨드, 검정콩오일, 토코페롤, 피토스핑고신, 하이드로제네이티드레시틴, 카놀라오일, 로즈마리잎추출물"
마이크로 클린 딥 클렌징폼 150g,해피바스,"정제수, 미리스틱애씨드, 부틸렌글라이콜, 스테아릭애씨드, 글리세린, 포타슘하이드록사이드, 라우릭애씨드, 팔미틱애씨드, 마이크로크리스탈린셀룰로오스, 변성알코올, 글리세릴스테아레이트, 하이드레이티드실리카, 살리실릭애씨드, 글리세릴스테아레이트에스이, 향료, 폴리쿼터늄-10, 폴리쿼터늄-7, 소듐메타포스페이트, 피토스테릴/옥틸도데실라우로일글루타메이트, 리날룰, 헥실신남알, 씨솔트, 소듐벤조에이트, 덱스트린, 실리카, 카올린, 락틱애씨드/글라이콜릭애씨드코폴리머, 사이클로덱스트린, 프로테아제, 토코페롤"
퍼퓸부티크 오일 바디워시 500ml,해피바스,"정제수, 글리세린, 소듐라우레스설페이트, 코카미도프로필베타인, 소듐클로라이드, 향료(라플레르향1%), 소듐벤조에이트, 시트릭애씨드, 페녹시에탄올, 소듐메타포스페이트, 폴리쿼터늄-7, 알파-아이소메틸아이오논, 리모넨, 다이소듐이디티에이, 리날룰, 하이드롤라이즈드익스텐신, 프로판다이올, 1,2-헥산다이올, 부틸렌글라이콜, 소듐하이알루로네이트, 하이드롤라이즈드하이알루로닉애씨드, 커먼자스민꽃추출물, 소듐하이알루로네이트크로스폴리머, 하이알루로닉애씨드, 작약뿌리추출물, 에틸헥실글리세린, 소듐아세틸레이티드하이알루로네이트, 작약꽃추출물"
오리지널 컬렉션 바디워시 910g,해피바스,"정제수, 소듐라우레스설페이트, 코카미도프로필베타인, 소듐클로라이드, 솔비톨, 향료(대나무향1%), 소듐벤조에이트, 시트릭애씨드, 말티톨, 페녹시에탄올, 소듐메타포스페이트, 리모넨, 폴리쿼터늄-7, 폴리쿼터늄-10, 하이드록시시트로넬알, 시트로넬올, 다이소듐이디티에이, 헥실신남알, 리날룰, 글리세린, 판테놀, 프로판다이올, 세라마이드엔피, 밤부사 불가리스추출물(600ppb), 삼나무잎추출물, 소듐하이알루로네이트, 1,2-헥산다이올, 하이드롤라이즈드하이알루로닉애씨드, 소듐하이알루로네이트크로스폴리머, 하이알루로닉애씨드, 에틸헥실글리세린, 소듐아세틸레이티드하이알루로네이트"
제로퍼센트 항균 바솝,해피바스,"소듐팔메이트, 소듐팜커넬레이트, 정제수, 팜커넬애씨드, 향료, 다이소듐라우릴설포석시네이트, 소듐클로라이드, 시어버터, 페트롤라툼, 글리세린, 티타늄디옥사이드 (CI 77891), 테트라소듐이디티에이, 테트라소듐에티드로네이트, 에티드로닉애씨드, 카프릴릭/카프릭트라이글리세라이드, 에탄올, 생강추출물, 비에이치티, 토코페롤, 로즈힙꽃오일, 라벤더오일, 라임전초오일, 라즈베리씨오일, 크랜베리씨오일"
블로썸 바디워시 900g,해피바스,"정제수, 소듐라우레스설페이트, 코카미도프로필베타인, 향료(피오니 블로썸향 1%), 소듐클로라이드, 코카마이드메틸엠이에이, 시트릭애씨드, 폴리쿼터늄-10, 소듐벤조에이트, 헥실신남알, 라우릭애씨드, 소듐메타포스페이트, 페녹시에탄올, 글리세린, 알파-아이소메틸아이오논, 벤질살리실레이트, 하이드록시시트로넬알, 시트로넬올, 다이소듐이디티에이, 리날룰, 프로판다이올, 부틸렌글라이콜, 글루타티온(5000ppb), 1,2-헥산다이올, 소듐하이알루로네이트(600ppb), 하이드로제네이티드레시틴, 하이드롤라이즈드하이알루로닉애씨드(100ppb), 작약뿌리추출물(98ppb), 인삼추출물, 하이드롤라이즈드홍삼사포닌, 피토스핑고신, 소듐폴리아스파테이트, 소듐하이알루로네이트크로스폴리머(40ppb), 하이알루로닉애씨드(20ppb), 에틸헥실글리세린, 소듐메틸스테아로일타우레이트, 작약꽃추출물(2ppb), 소듐아세틸레이티드하이알루로네이트(2ppb)"
오리지널 컬렉션 올리브 비누 4입,해피바스,"소듐팔메이트, 소듐팜커넬레이트, 정제수, 팜커넬애씨드, 향료(올리브향 2.0%), 소듐클로라이드, 다이소듐라우릴 설포석시네이트, 페트롤라툼, 글리세린, 올리브오일, 리날룰, 헥실신남알, 테트라소듐이디티에이, 테트라소듐 에티드로네이트, 하이드록시시트로넬알, 에티드로닉 애씨드, 시트로넬올, 리모넨, 벤질벤조에이트, 시어버터, 코카미도프로필베타인, 등색205호, 청색404호, 황색 204호, 아르간커넬오일, 코코넛야자오일, 해바라기씨 오일, 호호바씨오일, 소듐벤조에이트, 토코페롤"
화이트 클레이 모공 클렌징폼 150g,해피바스,"글리세린, 정제수, 미리스틱애씨드, 카올린(80000ppm), 스테아릭애씨드, 피이지-32, 포타슘하이드록사이드, 팔미틱애씨드, 라우릭애씨드, 티타늄디옥사이드 (CI 77891), 코카미도프로필베타인, 글리세릴스테아레이트, 피이지-100스테아레이트, 향료, 소듐클로라이드, 소듐벤조에이트, 폴리카프로락톤, 피이지-75, 파파인"
크림 인 바디워시 900g,해피바스,"정제수, 소듐라우레스설페이트, 코카미도프로필베타인, 소듐클로라이드, 향료(베이비파우더향,1%), 다이소듐라우레스설포석시네이트, 시트릭애씨드, 코카마이드메틸엠이에이, 세틸알코올, 소듐벤조에이트, 폴리쿼터늄-10, 트라이하이드록시스테아린, 카프릴릭/카프릭트라이글리세라이드, 라우릭애씨드, 소듐메타포스페이트, 페녹시에탄올, 다이카프릴릴에터, 글리세린, 쿠마린, 알파-아이소메틸아이오논, 시트로넬올, 글리세릴스테아레이트, 구아하이드록시프로필트라이모늄클로라이드, 티타늄디옥사이드 (CI 77891), 하이드록시시트로넬알, 벤질벤조에이트, 다이소듐이디티에이, 폴리글리세릴-2트라이아이소스테아레이트, 카프릴릴글라이콜, 데하이드로아세틱애씨드, 세라마이드엔피, 판테놀, 소듐하이알루로네이트, 검정콩오일, 토코페롤, 피토스핑고신, 하이드로제네이티드레시틴, 카놀라오일, 로즈마리잎추출물"
스마일 바디워시 900g,해피바스,"정제수, 소듐라우레스설페이트, 코카미도프로필베타인, 암모늄라우릴설페이트, 소듐클로라이드, 향료, 솔비톨, 소듐벤조에이트, 페녹시에탄올, 리모넨, 시트릭애씨드, 다이소듐이디티에이, 에틸헥실글리세린, 리날룰, 에탄올, 프로필렌글라이콜, 부틸렌글라이콜, 오렌지추출물(1.3ppm), 라즈베리추출물, 생강추출물, 토코페롤, 키위추출물, 살구씨추출물, 자몽추출물(0.16ppm)"
오리지널 컬렉션 머스크 바디워시 910g,해피바스,"정제수, 소듐라우레스설페이트, 코카미도프로필베타인, 솔비톨, 소듐클로라이드, 향료(화이트 머스크향 0.9%), 시트릭애씨드, 소듐벤조에이트, 페녹시에탄올, 폴리쿼터늄-7, 다이소듐이디티에이, 폴리쿼터늄-10, 덱스트린, 글리세린, 검정콩오일, 세라마이드엔피, 피토스핑고신, 하이드로제네이티드레시틴, 락토바실러스발효용해물, 카놀라오일, 로즈마리잎추출물"
오리지널 컬렉션 클린코튼 비누 4입,해피바스,"소듐팔메이트, 소듐팜커넬레이트, 정제수, 팜커넬애씨드, 향료(클린코튼향 2.0%), 다이소듐라우릴설포석시네이트, 소듐클로라이드, 글리세린, 알파-아이소메틸아이오논, 벤질살리실레이트, 헥실신남알, 리날룰, 티타늄디옥사이드 (CI 77891), 테트라소듐이디티에이, 테트라소듐에티드로 네이트, 리모넨, 시트로넬올, 에티드로닉애씨드, 하이드 록시시트로넬알, 버지니아풍년화잎수, 라벤더꽃수, 폴리 쿼터늄-10, 프로판다이올, 캐모마일꽃추출물, 시트릭 애씨드, 페녹시에탄올, 베타-글루칸, 소듐벤조에이트, 포타슘솔베이트, 에틸헥실글리세린"
유황 소금 보들 바디워시 600g,해피바스,"정제수, 소듐C14-16올레핀설포네이트, 라우릭애씨드, 카프릴릴/카프릴글루코사이드, 코카마이드엠이에이, 라우릴하이드록시설테인, 소듐하이드록사이드, 향료, 소듐클로라이드, 살리실릭애씨드, 다이-C12-13알킬말레이트, 소듐메타포스페이트, 벤질살리실레이트, 미네랄솔트 (유황소금 500ppm), 온천수, 헥실신남알, 리모넨, 시트로넬올, 리날룰, 알파-아이소메틸아이오논, 맥아추출물, 피토스핑고신, 프로판다이올, 부틸렌글라이콜, 카프릴릭/카프릭트라이글리세라이드, 1,2-헥산다이올, 고추추출물, 베타-카로틴, 하이드로제네이티드레시틴, 에틸헥실글리세린, 토코페롤, 다이소듐이디티에이, 카프릴릴글라이콜, 인삼추출물, 하이드롤라이즈드홍삼사포닌, 소듐폴리아스파테이트, 소듐메틸스테아로일타우레이트"
마일드 클렌징폼 200g,해피바스,"정제수, 솔비톨, 미리스틱애씨드, 라우릴하이드록시설테인, 포타슘하이드록사이드, 라우릭애씨드, 소듐클로라이드, 아크릴레이트/C10-30알킬아크릴레이트크로스폴리머, 팔미틱애씨드, 스테아릭애씨드, 카올린, 폴리쿼터늄-7, 향료, 락틱애씨드, 티타늄디옥사이드 (CI 77891), 리모넨, 다이소듐이디티에이, 벤질살리실레이트, 피이지-14M, 리날룰, 제라니올, 쌀겨오일(100ppm), 소듐벤조에이트, 실리카, 비에이치티"
스킨유 이노센트 로션 350g,해피바스,"정제수, 글리세린, 부틸렌글라이콜, 시어버터, 나이아신아마이드, 하이드로제네이티드폴리(C6-14올레핀), 다이메티콘, 펜타에리스리틸테트라에틸헥사노에이트, 1,2-헥산다이올, C14-22알코올, 세테아릴알코올, 세틸에틸헥사노에이트, 글리세릴스테아레이트, C12-20알킬글루코사이드, 향료(딥머스크향 0.3%), 글리세릴스테아레이트시트레이트, 카보머, 암모늄아크릴로일다이메틸타우레이트/브이피코폴리머, 글리세릴카프릴레이트, 트로메타민, 세테아릴글루코사이드, 에틸헥실글리세린, 다이소듐이디티에이, 아데노신, 리모넨, 글루타믹애씨드, 아스파틱애씨드, 알지닌, 판테놀, 소듐하이알루로네이트, 리날룰, 글루코오스, 벤질살리실레이트, 쿠마린, 펜틸렌글라이콜, 하이드록시시트로넬알, 머스크씨드추출물, 제라니올, 잔탄검, 하이드록시프로필사이클로덱스트린, 폴리쿼터늄-10, 토코페롤, 피씨에이, 락틱애씨드, 글라이신, 우레아, 소듐글리세로포스페이트, 세린, 포타슘마그네슘아스파테이트, 류신, 소듐클로라이드, 알라닌, 칼슘글루코네이트, 라이신, 마그네슘글루코네이트, 아세틸글루코사민, 프롤린, 트레오닌, 시트릭애씨드, 히스티딘, 페닐알라닌, 타이로신, 발린, 아이소류신, 크레아틴, 우릭애씨드, 시스테인, 메티오닌"
오리지널 컬렉션 베이비파우더 비누 4입,해피바스,"소듐팔메이트, 소듐팜커넬레이트, 정제수, 팜커넬애씨드, 향료, 다이소듐라우릴설포석시네이트, 티타늄디옥사이드 (CI 77891), 소듐클로라이드, 글리세린, 알파-아이소메틸아이오논, 폴리쿼터늄-7, 시트로넬올, 테트라소듐이디티에이, 테트라소듐에티드로네이트, 에티드로닉애씨드, 하이드록시시트로넬알, 소듐벤조에이트, 돌콩오일, 부틸렌글라이콜, 바나나추출물, 사과추출물, 쌀추출물, 마시멜로뿌리추출물, 보리씨추출물, 페녹시에탄올, 말토덱스트린, 쌀겨추출물, 알로에베라잎추출물, 에틸헥실글리세린, 다이소듐이디티에이"
티트리 아크네 클렌징폼 150g,해피바스,"글리세린, 정제수, 스테아릭애씨드, 미리스틱애씨드, 피이지-32, 팔미틱애씨드, 포타슘하이드록사이드, 라우릭애씨드, 변성알코올, 라우릴글루코사이드, 글리세릴스테아레이트, 피이지-100스테아레이트, 코카미도프로필베타인, 살리실릭애씨드(0.5%), 향료, 소듐클로라이드, 리모넨, 소듐벤조에이트, 티트리잎오일 (100ppm), 버지니아풍년화잎수, 마트리카리아꽃수, 부틸렌글라이콜, 1,2-헥산다이올, 시트릭애씨드, 포타슘솔베이트, 에틸헥실글리세린"
오리지널 컬렉션 바디로션 500g,해피바스,"정제수, 부틸렌글라이콜, 글리세린, 해바라기씨오일, 시어버터, 카프릴릭/카프릭트라이글리세라이드, 폴리글리세릴-3메틸글루코오스다이스테아레이트, 다이메티콘, 세테아릴알코올, 향료(대나무향 0.4%), 1,2-헥산다이올, 글리세릴스테아레이트, 카보머, 잔탄검, 카프릴릴글라이콜, 글리세릴카프릴레이트, 에틸헥실글리세린, 포타슘하이드록사이드, 리모넨, 소듐메타포스페이트, 하이드록시시트로넬알, 시트로넬올, 헥실신남알, 리날룰, 판테놀, 제라니올, 토코페롤, 프로판다이올, 세라마이드엔피, 밤부사 불가리스추출물 600 ppb, 삼나무잎추출물, 소듐하이알루로네이트, 하이드롤라이즈드하이알루로닉애씨드, 소듐하이알루로네이트크로스폴리머, 하이알루로닉애씨드, 소듐아세틸레이티드하이알루로네이트"
스킨유 이노센트 딥 머스크 바디오일&괄사 증정 기획 130ml,해피바스,"해바라기씨오일, 카프릴릭/카프릭트라이글리세라이드, 에틸헥실스테아레이트, 코코-카프릴레이트/카프레이트, 옥틸도데실미리스테이트, 다이카프릴릴카보네이트, 부틸렌글라이콜다이카프릴레이트/다이카프레이트, 데실코코에이트, 향료(딥머스크향 0.5%), 시어버터, 리모넨, 호호바씨오일, 녹차씨오일, 리날룰, 벤질살리실레이트, 쿠마린, 하이드록시시트로넬알, 토코페롤, 제라니올, 시트로넬올, 정제수, 부틸렌글라이콜, 시트릭애씨드, 펜틸렌글라이콜, 암브레트추출물, 잔탄검"
두보레 장미 에센스 비누 4입,해피바스,"소듐팔메이트, 소듐팜커넬레이트, 정제수, 팜커넬애씨드, 향료(장미향1.2%), 소듐클로라이드, 티타늄디옥사이드 (CI 77891), 다이소듐코코암포다이아세테이트, 폴리쿼터늄-6, 글리세린, 올리브오일, 에티드로닉애씨드, 벤질살리실레이트, 테트라소듐이디티에이, 테트라소듐에티드로네이트, 벤질벤조에이트, 부틸렌글라이콜, 알파-아이소메틸아이오논, 시트로넬올, 리날룰, 헥실신남알, 제라니올, 프로방스장미꽃추출물"
두보레 후리지아 에센스 비누 4입,해피바스,"소듐팔메이트, 소듐팜커넬레이트, 정제수, 팜커넬애씨드, 향료(후리지아향1%), 소듐클로라이드, 티타늄디옥사이드 (CI 77891), 다이소듐코코암포다이아세테이트, 폴리쿼터늄-6, 글리세린, 올리브오일, 리날룰, 에티드로닉애씨드, 헥실신남알, 테트라소듐이디티에이, 테트라소듐에티드로네이트, 시트로넬올, 에탄올, 부틸렌글라이콜, 국화추출물, 페녹시에탄올, 에틸헥실글리세린"
마이크로 클린 솝베리 클렌징폼 150g,해피바스,"정제수, 글리세린, 미리스틱애씨드, 라우릭애씨드, 포타슘하이드록사이드, 스테아릭애씨드, 라우릴하이드록시설테인, 팔미틱애씨드, 글라이콜다이스테아레이트, 글리세릴스테아레이트, 피이지-100스테아레이트, 소듐클로라이드, 살리실릭애씨드, 향료, 폴리쿼터늄-7, 소듐메타포스페이트, 리날룰, 헥실신남알, 소듐벤조에이트, 판테놀, 씨솔트, 덱스트린, 락토바실러스발효용해물, 실리카, 카올린, 부틸렌글라이콜, 락틱애씨드/글라이콜릭애씨드코폴리머, 사이클로덱스트린, 프로테아제, 1,2-헥산다이올, 폴리쿼터늄-10, 트리리프솝베리열매추출물 (0.45 ppm)"
스킨유 프래그런스 핸드크림 50ml,해피바스,"정제수, 세틸에틸헥사노에이트, 부틸렌글라이콜, 글리세린, 시어버터, 다이메티콘, 글리세릴스테아레이트, 폴리글리세릴-3메틸글루코오스다이스테아레이트, 스쿠알란, 세테아릴알코올, 글리세릴스테아레이트시트레이트, 하이드록시프로필스타치포스페이트, 1,2-헥산다이올, 폴리메틸실세스퀴옥세인, 향료(딥머스크향 1.0%), 카나우바왁스, 하이드록시에틸아크릴레이트/소듐아크릴로일다이메틸타우레이트코폴리머, 베타인, 글리세릴카프릴레이트, 다이소듐이디티에이, 에틸헥실글리세린, 리모넨, 리날룰, 벤질살리실레이트, 솔비탄아이소스테아레이트, 쿠마린, 카카오씨버터, 야자씨버터, 하이드록시시트로넬알, 제라니올, 펜틸렌글라이콜, 머스크씨드추출물, 시트로넬올, 폴리쿼터늄-10, 잔탄검, 하이드록시프로필사이클로덱스트린, 토코페롤"
두보레 백합 에센스 비누 4입,해피바스,"소듐팔메이트, 소듐팜커넬레이트, 정제수, 팜커넬애씨드, 향료(백합향1%), 소듐클로라이드, 티타늄디옥사이드 (CI 77891), 다이소듐코코암포다이아세테이트, 폴리쿼터늄-6, 글리세린, 올리브오일, 에티드로닉애씨드, 신남알, 시트로넬올, 테트라소듐이디티에이, 테트라소듐에티드로네이트, 리날룰, 벤질벤조에이트, 프로필렌글라이콜, 마돈나백합비늘줄기추출물, 벤질살리실레이트"
히알루론 클렌징 폼 200g,해피바스,"정제수, 글리세린, 스테아릭애씨드, 미리스틱애씨드, 팔미틱애씨드, 포타슘하이드록사이드, 라우릭애씨드, 피이지 -32, 글리세릴스테아레이트, 피이지-100스테아레이트, 향료, 리모넨,녹차수, 부틸렌글라이콜, 프로판다이올, 소듐하이알루로네이트(3ppm), 1,2-헥산다이올, 하이드롤라이즈드하이알루로닉애씨드(0.5ppm), 소듐하이알루로네이트크로스폴리머(0.2ppm), 하이알루로닉애씨드(0.1ppm), 에틸헥실글리세린, 다이소듐이디티에이, 소듐아세틸레이티드하이알루로네이트(0.01ppm)"
오리지널 컬렉션 체리블로섬 비누 4입,해피바스,"소듐팔메이트, 소듐팜커넬레이트, 정제수, 팜커넬애씨드, 향료(체리블로섬향 2.0%), 다이소듐라우릴설포석시네이트, 소듐클로라이드, 글리세린, 알파-아이소메틸아이오논, 헥실신남알, 티타늄디옥사이드 (CI 77891), 테트라소듐이디티에이, 테트라소듐에티드로네이트, 리날룰, 에티드로닉애씨드, 하이드록시시트로넬알, 시트로넬올, 버지니아풍년화잎수, 라벤더꽃수, 폴리쿼터늄-10, 프로판다이올, 캐모마일꽃추출물, 시트릭애씨드, 페녹시에탄올, 베타-글루칸, 소듐벤조에이트, 포타슘솔베이트, 에틸헥실글리세린"
오리지널 컬렉션 오리지널 비누 4입,해피바스,"소듐팔메이트, 소듐팜커넬레이트, 정제수, 팜커넬애씨드, 향료, 다이소듐라우릴설포석시네이트, 티타늄디옥사이드 (CI 77891), 소듐클로라이드, 글리세린, 헥실신남알, 벤질벤조에이트, 폴리쿼터늄-7, 리날룰, 테트라소듐이디티에이, 테트라소듐에티드로네이트, 에티드로닉애씨드, 리모넨, 소듐벤조에이트, 돌콩오일, 부틸렌글라이콜, 바나나추출물, 사과추출물, 쌀추출물, 마시멜로뿌리추출물, 보리씨추출물, 페녹시에탄올, 말토덱스트린, 쌀겨추출물, 알로에베라잎추출물, 에틸헥실글리세린, 다이소듐이디티에이"
스킨유 이노센트 딥머스크 앰플 미스트 150ml,해피바스,"정제수, 글루코노락톤, 다이메티콘, 나이아신아마이드, 트로메타민, 카프릴릭/카프릭트라이 글리세라이드, 다마스크장미꽃수, 1,2-헥산다이올, 글리세린, 에틸헥실스테아레이트, 펜틸 렌글라이콜, 향료(딥머스크향0.4%), 해바라기씨오일, 에틸헥실글리세린, 부틸렌글라이콜, 폴리솔베이트20, 당근추출물, 소듐메타포스페이트, 리모넨, 락토바실러스발효용해물, 리날룰, 벤질살리실레이트, 쿠마린, 하이드록시시트로넬알, 프로판다이올, 제라니올, 덱스트린, 시트 로넬올, 베타-카로틴, 달맞이꽃오일, 하이드롤라이즈드익스텐신, 토코페롤, 사이클로덱스 트린, 하이드롤라이즈드식물성단백질, 프로테아제, 암브레트추출물, 잔탄검"
퍼퓸부티크 바디&헤어 미스트 200ml,해피바스,"변성알코올, 정제수, 향료, 메틸프로판다이올, C12-14알케스-12, 부틸렌글라이콜, 다이프로필렌글라이콜, 리모넨, 리날룰, 에틸헥실글리세린, 헥실신남알, 시트로넬올, 제라니올, 하이드록시시트로넬알, 쿠마린, 유제놀, 시트랄, 1,2-헥산다이올, 연꽃추출물, 콜라겐, 커먼자스민꽃추출물, 프로방스장미꽃추출물, 마돈나백합비늘줄기추출물, 프리지아추출물, 나팔수선화추출물, 에델바이스추출물, 다마스크장미꽃추출물, 작약꽃추출물, 하이알루로닉애씨드, 하이드롤라이즈드하이알루로닉애씨드, 소듐하이알루로네이트"
퍼펙트 딥 씨솔트 클렌징폼 150g,해피바스,"정제수, 글리세린, 스테아릭애씨드, 미리스틱애씨드, 팔미틱애씨드, 포타슘하이드록사이드, 라우릭애씨드, 피이지-32, 마이크로크리스탈린셀룰로오스, 글리세릴스테아레이트, 피이지-100스테아레이트, 향료, 리모넨, 시트로넬올, 시트릭애씨드, 씨솔트(100ppm), 해수, 프로판다이올, 1,2-헥산다이올, 에틸헥실글리세린, 다이소듐이디티에이"
스킨유 이노센트 스크럽 450g,해피바스,"수크로오스, 글리세린, 하이드레이티드실리카, 폴리솔베이트20, 하이드로제네이티드폴리(C6-14올레핀), 향료(딥머스크향2%), 폴리솔베이트60, 살리실릭애씨드, 리모넨, 옥수수전분, 마이크로크리스탈린셀룰로오스, 락토오스, 리날룰, 벤질살리실레이트, 쿠마린, 하이드록시시트로넬알, 글루타믹애씨드,아 스파틱애씨드, 알지닌, 정제수, 판테놀, 부틸렌글라이콜 ,시트릭애씨드, 토코페릴아세테이트, 폴리쿼터늄-10, 토코페롤, 1,2-헥산다이올, 하이드록시프로필사이클로덱스트린, 펜틸렌글라이콜, 암브레트추출물, 잔탄검, 에틸헥실글리세린, 다이소듐이디티에이, 피씨에이, 락틱애씨드, 글루코오스, 글라이신, 우레아, 소듐글리세로포스페이트, 세린, 포타슘마그네슘아스파테이트, 류신, 소듐클로라이드, 알라닌, 칼슘글루코네이트, 라이신, 마그네슘글루코네이트, 아세틸글루코사민, 프롤린, 트레오닌, 히스티딘, 페닐알라닌, 타이로신, 발린, 아이소류신, 크레아틴, 우릭애씨드, 시스테인, 메티오닌"
제로퍼센트 저자극 버블핸드워시 + 필쏘굿 풋샴푸,해피바스,"[제로퍼센트 저자극 버블핸드워시] 정제수, 글리세린, 라우릴베타인, 다이프로필렌글라이콜, 1,2-헥산다이올, 카프릴릴글라이콜, 시트릭애씨드, 다이소듐이디티에이, 에틸헥실글리세린, 토코페롤 / [필쏘굿 풋샴푸] 정제수, 라우릭애씨드, 변성알코올, 포타슘하이드록사이드, 미리스틱애씨드, 라우릴하이드록시설테인, 향료, 멘톨, 소듐클로라이드, 스테아릭애씨드, 팔미틱애씨드, 리모넨, 폴리쿼터늄-7, 리날룰, 하이드록시시트로넬알, 알파아이소메틸아이오논, 소듐벤조에이트, 락틱애씨드, 프로판다이올, 하이드 록시프로필사이클로덱스트린, 시트릭애씨드, 글라이콜릭애씨드, 소듐하이 알루로네이트, 1,2-헥산다이올, 하이드롤라이즈드하이알루로닉애씨드, 소듐 하이알루로네이트크로스폴리머, 하이알루로닉애씨드, 에틸헥실글리세린, 소듐메타포스페이트, 소듐아세틸레이티드하이알루로네이트"
필쏘굿 시카 진정 수분 선크림 80ml,해피바스,"정제수, 에칠헥실메톡시신나메이트, 옥토크릴렌, 에칠 헥실살리실레이트, 디에칠아미노하이드록시벤조일헥실벤조 에이트, 실리카, 비스-에칠헥실옥시페놀메톡시페닐트리아진, 나이아신아마이드, 다이프로필렌글라이콜, 부틸렌글라이콜, 프로판다이올, 비스-피이지/피피지-20/5피이지/피피지-20/5 다이메티콘, 메톡시피이지/피피지-25/4다이메티콘, 판테놀, 카프릴릴글라이콜, 쇠비름추출물, 카프릴릭/카프릭트라이글리 세라이드, 다이메티콘, 아크릴레이트/C10-30알킬아크릴레이 트크로스폴리머, 에틸헥실글리세린, 트로메타민, 향료, 1,2-헥산 다이올, 펜타에리스리틸테트라-다이-T-부틸하이드록시하이 드로신나메이트, 아데노신, 다이소듐이디티에이, 소듐하이알 루로네이트, 하이알루로닉애씨드, 하이드롤라이즈드하이알루 로닉애씨드, 판토락톤, 펜틸렌글라이콜, 알로에베라잎추출물, 마데카소사이드(10ppm), 녹차수, 병풀추출물(10ppm), 데실글 루코사이드, 병풀꽃/잎/줄기추출물(3.125ppm)"
필쏘굿 시카 진정 선 미스트 80ml,해피바스,"에탄올, 호모살레이트, 아이소도데케인, 옥토크릴렌, 에칠헥실살리실레이트, 부틸 메톡시디벤조일메탄, 정제수, 에칠헥실 트리아존, 향료, 탄산수, 녹차수, 프로판 다이올, 1,2-헥산다이올, 부틸렌글라이콜, 병풀꽃/잎/줄기추출물(3.125ppm), 에틸 헥실글리세린, 다이소듐이디티에이, 알로 에베라잎추출물"
쏘 캄 트래블 3종 세트,온호프,"[리퀴드솝] 정제수, 부틸렌글라이콜, 글리세린, 트라이에틸헥사노인, 부틸렌글라이콜다이카프릴레이트/다이카프레이트, 세테아릴알코올, 펜타에리스리틸테트라에틸헥사노에이트, 나이아신아마이드, 시어버터, 1,2-헥산다이올, 글리세릴스테아레이트, 향료, 다이메티콘, 하이드로제네이티드레시틴, 트라이실록세인, 카보머, 스테아릭애씨드, 트로메타민, 팔미틱애씨드, 글리세릴카프릴레이트, 다이소듐이디티에이, 에틸헥실글리세린, 벤질벤조에이트, 리날룰, 리모넨, 쿠마린, 달맞이꽃오일, 알파-아이소메틸아이오논, 헥실신남알, 제라니올, 벤질살리실레이트, 하이드록시시트로넬알, 미리스틱애씨드, 아라키딕애씨드, 토코페롤 / [바디로션] 정제수, 부틸렌글라이콜, 글리세린, 펜타에리스리틸테트라에틸헥사노에이트, 하이드로제네이티드폴리(C6-14올레핀), 시어버터, 폴리글리세릴-3메틸글루코오스다이스테아레이트, 1,2-헥산다이올, 향료, 하이드록시에틸아크릴레이트/소듐아크릴로일다이메틸타우레이트코폴리머, 글리세릴스테아레이트, 카보머, 세테아릴알코올, 글리세릴스테아레이트시트레이트, 하이드로제네이티드식물성오일, 스테아릭애씨드, 트로메타민, 잔탄검, 글리세릴카프릴레이트, 팔미틱애씨드, 다이소듐이디티에이, 에틸헥실글리세린, 벤질벤조에이트, 리날룰, 솔비탄아이소스테아레이트, 리모넨, 달맞이꽃오일, 쿠마린, 알파-아이소메틸아이오논, 헥실신남알, 제라니올, 벤질살리실레이트, 하이드록시시트로넬알, 토코페롤 / [핸드크림] 정제수, 부틸렌글라이콜, 글리세린, 트라이에틸헥사노인, 부틸렌글라이콜다이카프릴레이트/다이카프레이트, 세테아릴알코올, 펜타에리스리틸테트라에틸헥사노에이트, 나이아신아마이드, 시어버터, 1,2-헥산다이올, 글리세릴스테아레이트, 향료, 다이메티콘, 하이드로제네이티드레시틴, 트라이실록세인, 카보머, 스테아릭애씨드, 트로메타민, 팔미틱애씨드, 글리세릴카프릴레이트, 다이소듐이디티에이, 에틸헥실글리세린, 벤질벤조에이트, 리날룰, 리모넨, 쿠마린, 달맞이꽃오일, 알파-아이소메틸아이오논, 헥실신남알, 제라니올, 벤질살리실레이트, 하이드록시시트로넬알, 미리스틱애씨드, 아라키딕애씨드, 토코페롤"""
홀리추얼 래디언스 리설페이싱 필 12매,홀리추얼,"[스텝1] 정제수, 부틸렌글라이콜, 글루코노락톤, 다이프로필렌글라이콜, 트로메타민, 1,2-헥산다이올·폴리솔베이트80, 토코페릴아세테이트, 에틸헥실글리세린, 다이소듐이디티에이, 향료, 리모넨, 얼룩파인애플추출물, 리날룰, 글리세린, 제라니올, 파파야열매추출물, 하이드로제네이티드레시틴, 폴리글리세릴-10스테아레이트, 판테놀, 소듐아스코빌포스페이트, 나이아신아마이드, 바이오틴, 폴릭애씨드, 피리독신, 토코페롤, 사이아노코발아민, 베타-카로틴, 이노시톨, 리놀레익애씨드, 리보플라빈, 티아민에이치씨엘 [스텝2] 정제수, 부틸렌글라이콜, 글리세린, 1,2-헥산다이올, 폴리글리세릴-10미리스테이트, 트레할로오스, 에틸헥실글리세린, 아데노신, 다이소듐이디티에이, 트로메타민, 향료, 리모넨, 암모늄아크릴로일다이메틸타우레이트/브이피코폴리머, 메틸메타크릴레이트/아크릴로나이트릴코폴리머, 리날룰, 흑효모발효물, 제라니올, 레스베라트롤, 비피다발효용해물, 소듐하이알루로네이트, 락토코쿠스발효용해물, 에델바이스캘러스배양추출물, 카퍼트라이펩타이드-1, 팔미토일펜타펩타이드-4, 트라이펩타이드-1, 다이펩타이드-2, 올리고펩타이드-1"
홀리추얼 코어 리프트 액티베이팅 세럼 140ml,홀리추얼,"정제수, 프로판다이올, 글리세린, 폴리글리세린-3, 글리세릴폴리메타크릴레이트, 1,2-헥산다이올, 피이지-8, 피이지-7글리세릴코코에이트, 폴리솔베이트20, 아크릴레이트/C10-30알킬아크릴레이트크로스폴리머, 하이드록시에틸아크릴레이트/소듐아크릴로일다이메틸타우레이트코폴리머, 트로메타민, 글리세릴카프릴레이트, 만니톨, 하이드롤라이즈드콜라겐, 에틸헥실글리세린, 아데노신, 부틸렌글라이콜, 향료, 리모넨, 다이소듐이디티에이, 리날룰, 솔비탄아이소스테아레이트, 메틸메타크릴레이트/아크릴로나이트릴코폴리머, 금, 제라니올, 흑효모발효물, 레스베라트롤, 마그네슘설페이트, 칼슘클로라이드, 아세틸테트라펩타이드-11, 망가니즈설페이트, 토코페롤, 퀴노아씨추출물, 징크설페이트, 아스코빌글루코사이드"
홀리추얼 울트라 너리싱 어드밴스드 크림,홀리추얼,"정제수, 트라이에틸헥사노인, 글리세린, 부틸렌글라이콜, 스쿠알란, 세틸에틸헥사노에이트, 펜타에리스리틸테트라에틸헥사노에이트, 다이메티콘, 글리세릴스테아레이트, 폴리글리세릴-3메틸글루코오스다이스테아레이트, 나이아신아마이드, 트라이실록세인, 피이지-100스테아레이트, 세테아릴알코올, 다이아이소스테아릴말레이트, 펜타에리스리틸다이스테아레이트, 1,2-헥산다이올, 베헤닐알코올, 하이드록시에틸아크릴레이트/소듐아크릴로일다이메틸타우레이트코폴리머, 향료, 카프릴릴글라이콜, 소듐메타포스페이트, 글리세릴카프릴레이트, 엑토인, 해바라기씨오일, 소듐폴리아크릴레이트, 솔비탄아이소스테아레이트, 폴리솔베이트60, 아데노신, 당근추출물, 알파-아이소메틸아이오논, 시트로넬올, 리날룰, 덱스트린, 카카오추출물, 하이드록시시트로넬알, 헥실신남알, 합성왁스, 제라니올, 리모넨, 에틸헥실글리세린, 다이소듐이디티에이, 베타-카로틴, 하이드로제네이티드레시틴, 판테놀, 폴리글리세릴-10스테아레이트, 토코페롤, 세라마이드엔피, 콜레스테롤, 사프란암술머리추출물, 스테아릭애씨드, 팔미틱애씨드"
홀리추얼 엘리멘탈 스무딩 로션 110ml,홀리추얼,"정제수, 글리세린, 프로판다이올, 부틸렌글라이콜, 다이카프릴릴에터, 1,2-헥산다이올, 비스-하이드록시에톡시프로필다이메티콘, 하이드로제네이티드폴리아이소부텐, 트로메타민, 카보머, 아크릴레이트/C10-30알킬아크릴레이트크로스폴리머, 수크로오스스테아레이트, 피씨에이다이메티콘, 만니톨, 세테아릴올리베이트, 에틸헥실글리세린, 다이소듐이디티에이, 솔비탄올리베이트, 잔탄검, 향료, 폴리메틸실세스퀴옥세인, 소듐스테아로일글루타메이트, 리모넨, 리날룰, 판테놀, 흑효모발효물, 제라니올, 베타-글루칸, 토코페롤, 설퍼콜로이드, 아세틸테트라펩타이드-11, 하이드롤라이즈드콜라겐"
홀리추얼 릴랙스드 풋 트리트먼트 크림 130ml,홀리추얼,"정제수, 우레아, 부틸렌글라이콜, 피마자씨오일, 글리세린, 변성알코올, 세테아릴알코올, 하이드로제네이티드폴리아이소부텐, 펜타에리스리틸테트라에틸헥사노에이트, 메틸트라이메티콘, 글리세릴스테아레이트, 소듐락테이트, 암모늄아크릴로일다이메틸타우레이트/브이피코폴리머, 피이지-100스테아레이트, 베타인, 1,2-헥산다이올, 하이드로제네이티드캐스터오일, 폴리아크릴레이트-13, 락틱애씨드, 비즈왁스, 폴리아이소부텐, 향료, 리모넨, 카나우바왁스, 리날룰, 카페인, 세테아릴글루코사이드, 알란토인, 글리세릴카프릴레이트, 소듐메타포스페이트, 에틸헥실글리세린, 폴리솔베이트20, 솔비탄아이소스테아레이트, 페퍼민트오일, 제라니올, 흰버드나무껍질추출물, 시트릭애씨드, 글루코노락톤, 해바라기씨오일, 시트로넬올, 시트랄, 프로판다이올, 자일리톨, 삼나무잎추출물, 녹나무잎추출물, 로얄젤리추출물, 토코페롤, 프로폴리스추출물, 은행나무잎추출물"
홀리추얼 리디파이닝 클렌징 밀크 200ml,홀리추얼,"정제수, 글리세린, C18-21알케인, 데실코코에이트, 카프릴릭/카프릭트라이글리세라이드, 아이소도데케인, 라우릴글루코사이드, 해바라기씨오일, 1,2-헥산다이올, 하이드레이티드실리카, 폴리글리세릴-6라우레이트, C14-22알코올, 솔비탄세스퀴올리에이트, 미리스틸글루코사이드, 암모늄아크릴로일다이메틸타우레이트/브이피코폴리머, C12-20알킬글루코사이드, 잔탄검, 향료, 아크릴레이트/C10-30알킬아크릴레이트크로스폴리머, 벤질살리실레이트, 에틸헥실글리세린, 시트릭애씨드, 리날룰, 유제놀, 쌀겨오일, 글루타티온, 프로판다이올, 소듐하이알루로네이트, 토코페롤, 카프릴릴글라이콜, 하이드롤라이즈드하이알루로닉애씨드, 아세틸헵타펩타이드-4, 소듐하이알루로네이트크로스폴리머, 하이알루로닉애씨드, 아세틸헥사펩타이드-8, 소듐하이드록사이드, 소듐아세틸레이티드하이알루로네이트, 아세틸옥타펩타이드-3"
홀리추얼 마이크로 밸런싱 에센스 150ml,홀리추얼,"정제수, 부틸렌글라이콜, 프로판다이올, 1,2-헥산다이올, 글리세린, 피피지-13-데실테트라데세스-24, 에탄올, 에틸헥실글리세린, 아데노신, 다이소듐이디티에이, 소듐하이알루로네이트, 향료, 리모넨, 라피노오스, 효모/보리씨발효여과물, 락토바실러스발효용해물, 리날룰, 제라니올, 흑효모발효물, 토코페롤, 베타-글루칸"
홀리추얼 컨센트레이트 시그니처 크림 라이트 80ml,홀리추얼,"정제수, 시어버터, 글리세린, 프로판다이올, 메틸트라이메티콘, 펜타에리스리틸테트라에틸헥사노에이트, 부틸렌글라이콜, 녹차씨오일, 1,2-헥산다이올, 스쿠알란, 메도우폼씨오일, 소듐카보머, 하이드로제네이티드레시틴, 피토스테릴/베헤닐/옥틸도데실라우로일글루타메이트, 토코페롤, 세라마이드엔피, 콜레스테롤, 잔탄검, 글리세릴카프릴레이트, 스테아릭애씨드, 향료, 리모넨, 에틸헥실글리세린, 리날룰, 아데노신, 팔미틱애씨드, 메틸메타크릴레이트/아크릴로나이트릴코폴리머, 제라니올, 흑효모발효물, 시트로넬올, 시트랄, 레스베라트롤, 해수, 소듐하이알루로네이트, 미역추출물, 하이드롤라이즈드하이알루로닉애씨드, 시트릭애씨드, 소듐하이알루로네이트크로스폴리머, 하이알루로닉애씨드, 소듐아세틸레이티드하이알루로네이트, 다이소듐이디티에이"
홀리추얼 피토 리쥬브네이팅 컨센트레이트 30ml,홀리추얼,"정제수, 부틸렌글라이콜, 자일리톨, 글리세린, 만니톨, 솔비톨, 1,2-헥산다이올, 피피지-13-데실테트라데세스-24, 잔탄검, 에틸헥실글리세린, 폴리글리세릴-6카프릴레이트, 폴리글리세릴-4카프레이트, 아데노신, 향료, 다이소듐이디티에이, 덱스트린, 카카오추출물, 석류추출물, 프로판다이올, 은행나무잎추출물, 삼나무잎추출물, 녹나무잎추출물, 카프릴릴글라이콜, 토코페롤, 아세틸헵타펩타이드-4, 석류나무꽃추출물, 아세틸헥사펩타이드-8, 소듐하이드록사이드, 아세틸옥타펩타이드-3"
홀리추얼 울트라 너리싱 어드밴스드 에멀전 120ml,홀리추얼,"정제수, 프로판다이올, 하이드로제네이티드폴리아이소부텐, 글리세린, 펜타에리스리틸테트라에틸헥사노에이트, 다이메티콘, 다이아이소스테아릴말레이트, 나이아신아마이드, 폴리글리세린-3, 1,2-헥산다이올, 피이지-60글리세릴아이소스테아레이트, 세테아릴알코올, 알지닌, 아스파틱애씨드, 글루타믹애씨드, 엑토인, 서양톱풀추출물, 소듐하이알루로네이트, 하이드롤라이즈드하이알루로닉애씨드, 소듐하이알루로네이트크로스폴리머, 하이알루로닉애씨드, 소듐아세틸레이티드하이알루로네이트, 사프란암술머리추출물, 다이메티콘/비닐다이메티콘크로스폴리머, 시어버터, 세테아릴글루코사이드, 글리세릴스테아레이트시트레이트, 하이드록시에틸아크릴레이트/소듐아크릴로일다이메틸타우레이트코폴리머, 팔미틱애씨드, 스테아릭애씨드, 베헤닐알코올, 카보머, 부틸렌글라이콜, 에틸헥실글리세린, 글리세릴카프릴레이트, 트로메타민, 향료, 아데노신, 다이메티콘올, 펜틸렌글라이콜, 소듐메타포스페이트, 솔비탄아이소스테아레이트, 폴리솔베이트60, 잔탄검, 알파-아이소메틸아이오논, 시트로넬올, 리날룰, 토코페롤, 서양유채씨오일"
홀리추얼 뉴트리 엘릭서 미스트 홀리데이 기획 세트,홀리추얼,"[홀리추얼 뉴트리 엘릭서 미스트] 정제수, 글리세린, 프로판다이올, 메틸프로판다이올, 나이아신아마이드, 다이페닐다이메티콘, 1,2-헥산다이올, 베타인, 트라이에틸헥사노인, C12-14알케스-12, 폴리글리세릴-10 올리에이트, 하이드로제네이티드레시틴, 폴리글리세린-3, 트레할로오스, 에틸헥실글리세린, 아데노신, 향료, 판테놀, 베타-글루칸, 리날룰, 리모넨, 말토덱스트린, 하이드롤라이즈드아카시아마크로스타키아씨 추출물, 부틸렌글라이콜, 카카두플럼추출물, 연꽃추출물, 커먼자스민꽃추출물, 마돈나백합비늘줄기추출물, 프리지어추출물, 나팔수선화추출물, 에델바이스추출물, 다마스크장미꽃추출물 [홀리추얼 시그니처 센티드 핸드크림] 정제수, 부틸렌글라이콜, 하이드로제네이티드폴리(C6-14올레핀), 글리 세린, 세틸에틸헥사노에이트, 펜타에리스리틸테트라에틸헥사노에이트, 시어버터, 글리세릴스테아레이트시 트레이트, 나이아신아마이드, 세테아릴알코올, 1,2-헥산다이올, 폴리글리세릴-3메틸글루코오스다이스테 아레이트, 하이드록시에틸아크릴레이트/소듐아크릴로일다이메틸타우레이트코폴리머, 하이드록시프로필스 타치포스페이트, 카프릴릴글라이콜, 향료, 리모넨, 에틸헥실글리세린, 리날룰, 아데노신, 소듐메타포스페이 트, 솔비탄아이소스테아레이트, 폴리솔베이트60, 제라니올, 스쿠알란, 아르간커넬오일, 호호바씨오일, 펜틸 렌글라이콜, 커먼자스민꽃추출물, 시트로넬올, 시트랄, 비터오렌지꽃추출물, 토코페롤, 마돈나백합꽃추출물"
홀리추얼  릴랙스드 풋 트리트먼트 크림 듀오 SET,홀리추얼,"정제수, 우레아, 부틸렌글라이콜, 피마자씨오일, 글리세린, 변성알코올, 세테아릴알코올, 하이드로제네이티드폴리아이소부텐, 펜타에리스리틸테트라에틸헥사노에이트, 메틸트라이메티콘, 글리세릴스테아레이트, 소듐락테이트, 암모늄아크릴로일다이메틸타우레이트/브이피코폴리머, 피이지-100스테아레이트, 베타인, 1,2-헥산다이올, 하이드로제네이티드캐스터오일, 폴리아크릴레이트-13, 락틱애씨드, 비즈왁스, 폴리아이소부텐, 향료, 리모넨, 카나우바왁스, 리날룰, 카페인, 세테아릴글루코사이드, 알란토인, 글리세릴카프릴레이트, 소듐메타포스페이트, 에틸헥실글리세린, 폴리솔베이트20, 솔비탄아이소스테아레이트, 페퍼민트오일, 제라니올, 흰버드나무껍질추출물, 시트릭애씨드, 글루코노락톤, 해바라기씨오일, 시트로넬올, 시트랄, 프로판다이올, 자일리톨, 삼나무잎추출물, 녹나무잎추출물, 로얄젤리추출물, 토코페롤, 프로폴리스추출물, 은행나무잎추출물"
홀리추얼  리디파이닝 클렌징 밀크 듀오 SET,홀리추얼,"정제수, 글리세린, C18-21알케인, 데실코코에이트, 카프릴릭/카프릭트라이글리세라이드, 아이소도데케인, 라우릴글루코사이드, 해바라기씨오일, 1,2-헥산다이올, 하이드레이티드실리카, 폴리글리세릴-6라우레이트, C14-22알코올, 솔비탄세스퀴올리에이트, 미리스틸글루코사이드, 암모늄아크릴로일다이메틸타우레이트/브이피코폴리머, C12-20알킬글루코사이드, 잔탄검, 향료, 아크릴레이트/C10-30알킬아크릴레이트크로스폴리머, 벤질살리실레이트, 에틸헥실글리세린, 시트릭애씨드, 리날룰, 유제놀, 쌀겨오일, 글루타티온, 프로판다이올, 소듐하이알루로네이트, 토코페롤, 카프릴릴글라이콜, 하이드롤라이즈드하이알루로닉애씨드, 아세틸헵타펩타이드-4, 소듐하이알루로네이트크로스폴리머, 하이알루로닉애씨드, 아세틸헥사펩타이드-8, 소듐하이드록사이드, 소듐아세틸레이티드하이알루로네이트, 아세틸옥타펩타이드-3"
홀리추얼  코어 리프트 액티베이팅 세럼 기획세트 140ml,홀리추얼,"정제수, 프로판다이올, 글리세린, 폴리글리세린-3, 글리세릴폴리메타크릴레이트, 1,2-헥산다이올, 피이지-8, 피이지-7글리세릴코코에이트, 폴리솔베이트20, 아크릴레이트/C10-30알킬아크릴레이트크로스폴리머, 하이드록시에틸아크릴레이트/소듐아크릴로일다이메틸타우레이트코폴리머, 트로메타민, 글리세릴카프릴레이트, 만니톨, 하이드롤라이즈드콜라겐, 에틸헥실글리세린, 아데노신, 부틸렌글라이콜, 향료, 리모넨, 다이소듐이디티에이, 리날룰, 솔비탄아이소스테아레이트, 메틸메타크릴레이트/아크릴로나이트릴코폴리머, 금, 제라니올, 흑효모발효물, 레스베라트롤, 마그네슘설페이트, 칼슘클로라이드, 아세틸테트라펩타이드-11, 망가니즈설페이트, 토코페롤, 퀴노아씨추출물, 징크설페이트, 아스코빌글루코사이드"
홀리추얼 울트라 너리싱 어드밴스드 토너 150ml,홀리추얼,"정제수, 글리세린, 프로판다이올, 스쿠알란, 나이아신아마이드, 1,2-헥산다이올, 피이지/피피지-17/6코폴리머, 펜타에리스리틸테트라에틸헥사노에이트, 글리세레스-26, 알지닌, 아스파틱애씨드, 글루타믹애씨드, 엑토인, 서양톱풀추출물, 소듐하이알루로네이트, 하이드롤라이즈드하이알루로닉애씨드, 소듐하이알루로네이트크로스폴리머, 하이알루로닉애씨드, 소듐아세틸레이티드하이알루로네이트, 사프란암술머리추출물, 베타인, 아크릴레이트/C10-30알킬아크릴레이트크로스폴리머, 부틸렌글라이콜, 에틸헥실글리세린, 트로메타민, 글리세릴카프릴레이트, 아데노신, 향료, 펜틸렌글라이콜, 소듐메타포스페이트, 하이드록시에틸아크릴레이트/소듐아크릴로일다이메틸타우레이트코폴리머, 바이오사카라이드검-1, 잔탄검, 솔비탄아이소스테아레이트, 폴리솔베이트60, 토코페롤"
홀리추얼  뉴트리 엘릭서 바디 프라그랑스 미스트 100ml,홀리추얼,"변성알코올, 정제수, 향료, 프로판다이올, 글리세린, 피이지-40하이드로제네이티드캐스터오일, 리날룰, 리모넨, 아데노신, 하이드록시시트로넬알, 시트랄, 제라니올, 시트로넬올, 부틸렌글라이콜, 1,2-헥산다이올, 콜라겐, 하이드롤라이즈드콜라겐"
홀리추얼 프로 리프팅 앤 퍼밍 프로그램,홀리추얼,"[퍼밍 파우더] 알부민, 옥수수전분, 벤토나이트, 말토덱스트린, 시트 릭애씨드, 사이클로덱스트린, 녹차가루, 보리잎가루, 베타인, 알란토인, 다이포타슘글리시리제이트, 레틴알 [리프팅 액티베이터] 정제수, 글리세린, 1,2-헥산다이올, 피이지-60 하이드로제네이티드캐스터오일, 판테놀, 베타인, 마카다미아씨오일, 에틸헥실글리세린, 아데노신, 부틸렌글라이콜, 알란토인, 다이포타슘 글리시리제이트, 다이소듐이디티에이, 향료, 리모넨, 달팽이점액여 과물, 리날룰, 베타-글루칸, 토코페롤 [하이드로 볼륨 부스터] 정제수, 부틸렌글라이콜, 글리세린, 메틸트라 이메티콘, 펜타에리스리틸테트라에틸헥사노에이트, 베타인, 1,2-헥산 다이올, 베헤닐알코올, 판테놀, 메도우폼씨오일, 호호바에스터, 하이 드록시에틸아크릴레이트/소듐아크릴로일다이메틸타우레이트코폴리머, 암모늄아크릴로일다이메틸타우레이트/브이피코폴리머, 아크릴레이트/ C10-30알킬아크릴레이트크로스폴리머, 트로메타민. 잔탄검, 글리 세릴카프릴레이트, 향료, 리모넨, 소듐메타포스페이트, 에틸헥실글리 세린, 아데노신, 리날룰, 솔비탄아이소스테아레이트, 제라니올, 만니톨, 트레할로오스, 시트로넬올, 시트랄, 프로판다이올, 토코페롤, 소듐하 이알루로네이트, 하이알루로닉애씨드, 아크릴레이트/스테아릴메타크 릴레이트코폴리머, 하이드롤라이즈드하이알루로닉애씨드, 흰목이버섯 포자낭과추출물, 소듐하이알루로네이트크로스폴리머, 다이소듐이디 티에이, 세라마이드엔피, 소듐아세틸레이티드하이알루로네이트, 벼에 스에이치-올리고펩타이드-1"
홀리추얼 리디파이닝 앰플 4주 프로그램,홀리추얼,"정제수, 부틸렌글라이콜, 글리세린, 나이아신아마이드, 1,2-헥산다이올, 스쿠알란, 글리세릴폴리메타크릴레이트, 세테아릴알코올, 암모늄아크릴로일다이메틸타우레이트/브이피코폴리머, 글리세릴스테아레이트, 잔탄검, 하이드로제네이티드레시틴, 에틸헥실글리세린, 스테아릭애씨드, 향료, 폴리글리세릴-3메틸글루코오스다이스테아레이트, 아데노신, 팔미틱애씨드, 리모넨, 토코페롤, 리날룰, 다이소듐이디티에이, 알란토인, 3-O-에틸아스코빅애씨드, 메틸메타크릴레이트/아크릴로나이트릴코폴리머, 덱스트린, 카카오추출물, 제라니올, 커먼자스민꽃추출물, 흑효모발효물, 레스베라트롤, 프로판다이올, 글루타티온, 미리스틱애씨드, 라우릭애씨드, 소듐하이알루로네이트, 모란꽃추출물, 카프릴릴글라이콜, 하이드롤라이즈드하이알루로닉애씨드, 아세틸헵타펩타이드-4, 페녹시에탄올, 소듐하이알루로네이트크로스폴리머, 마돈나백합꽃추출물, 하이알루로닉애씨드, 아세틸헥사펩타이드-8, 소듐하이드록사이드, 하이드롤라이즈드콜라겐, 소듐아세틸레이티드하이알루로네이트, 아세틸옥타펩타이드-3"
홀리추얼 클린테라피 파우더 마스크,홀리추얼,"[1제 액티베이터] 정제수, 프로판다이올, 글리세린, 1,2-헥산다이올, 황해쑥잎추출물, 에틸헥실글리세린, 부틸렌글라이콜, 다이소듐이디티에이, 흑효모발효물, 미역추출물 [2제 파우더] 밀가루,살구씨가루,알부민,율무씨가루,쑥잎추출물,녹두가루,스페인감초뿌리가루,카올린,감자전분,구릿대뿌리가루,자란뿌리가루,음나무껍질추출물,백선뿌리추출물"
홀리추얼 파워 리뉴얼 키트,홀리추얼,"[Step1. 히알루로닉 볼륨 부스터] 정제수, 글리세린, 부틸렌글라이콜, 변성알코올, 1,2-헥산다이올, 트레할로오스, 베타인, 프로판다이올, 피피지-13-데실테트라데세스-24, 하이드롤라이즈드하이알루로닉애씨드, 소듐하이알루로네이트, 트로메타민, 에틸헥실글리세린, 폴리쿼터늄-51, 아데노신, 베타-글루칸, 향료, 다이소듐이디티에이, 하이드롤라이즈드콜라겐, 리모넨, 리날룰, 흑효모발효물, 제라니올, 토코페롤, 소듐하이알루로네이트크로스폴리머, 하이알루로닉애씨드, 소듐아세틸레이티드하이알루로네이트 [Step2. 링클 리설페이싱 코렉터] 정제수, 카프릴릭/카프릭트라이글리세라이드, 프로판다이올, 글리세린, 다이메티콘, 토코페롤, 토코페릴아세테이트, 트레할로오스, 판테놀, 시어버터, 돌콩오일, 암모늄아크릴로일다이메틸타우레이트/브이피코폴리머, 글리세릴폴리메타크릴레이트, 해바라기씨오일, 폴리실리콘-11, 하이드로제네이티드레시틴, 하이드록시에틸아크릴레이트/소듐아크릴로일다이메틸타우레이트코폴리머, 폴리글리세릴-10스테아레이트, 쌀겨왁스, 세테아릴알코올, 카보머, 소듐설파이트, 당근추출물, 트로메타민, 레티놀, 알란토인, 글리세릴카프릴레이트, 향료, 글리세릴스테아레이트, 리모넨, 다이소듐이디티에이, 에틸헥실글리세린, 리날룰, 스테아릭애씨드, 폴리글리세릴-3메틸글루코오스다이스테아레이트, 팔미틱애씨드, 솔비탄아이소스테아레이트, 비에이치티, 제라니올, 베타-카로틴, 부틸렌글라이콜, 시트로넬올, 시트랄, 메틸메타크릴레이트/아크릴로나이트릴코폴리머, 미리스틱애씨드, 라우릭애씨드, 1,2-헥산다이올, 레스베라트롤, 아크릴레이트/스테아릴메타크릴레이트코폴리머, 흰목이버섯포자낭과추출물, 하이알루로닉애씨드, 아스코빅애씨드, 메도우폼씨오일, 잔탄검, 에칠아스코빌에텔, 글루타티온, 소듐하이알루로네이트, 세라마이드엔피, 피씨에이, 락틱애씨드, 글루코오스, 글라이신, 우레아, 소듐글리세로포스페이트, 세린, 글루타믹애씨드, 하이드롤라이즈드하이알루로닉애씨드, 포타슘마그네슘아스파테이트, 아스파틱애씨드, 류신, 소듐클로라이드, 알라닌, 알지닌, 칼슘글루코네이트, 라이신, 마그네슘글루코네이트, 소듐하이알루로네이트크로스폴리머, 아세틸글루코사민, 프롤린, 트레오닌, 시트릭애씨드, 히스티딘, 페닐알라닌, 타이로신, 발린, 아이소류신, 크레아틴, 우릭애씨드, 시스테인, 메티오닌, 소듐아세틸레이티드하이알루로네이트"
홀리추얼 울트라 너리싱 어드밴스드 토너 + 에멀전,홀리추얼,"[울트라 너리싱 어드밴스드 토너] 정제수, 글리세린, 프로판다이올, 스쿠알란, 나이아신아마이드, 1,2-헥산다이올, 피이지/피피지-17/6코폴리머, 펜타에리스리틸테트라에틸헥사노에이트, 글리세레스-26, 알지닌, 아스파틱애씨드, 글루타믹애씨드, 엑토인, 서양톱풀추출물, 소듐하이알루로네이트, 하이드롤라이즈드하이알루로닉애씨드, 소듐하이알루로네이트크로스폴리머, 하이알루로닉애씨드, 소듐아세틸레이티드하이알루로네이트, 사프란암술머리추출물, 베타인, 아크릴레이트/C10-30알킬아크릴레이트크로스폴리머, 부틸렌글라이콜, 에틸헥실글리세린, 트로메타민, 글리세릴카프릴레이트, 아데노신, 향료, 펜틸렌글라이콜, 소듐메타포스페이트, 하이드록시에틸아크릴레이트/소듐아크릴로일다이메틸타우레이트코폴리머, 바이오사카라이드검-1, 잔탄검, 솔비탄아이소스테아레이트, 폴리솔베이트60, 토코페롤 [울트라 너리싱 어드밴스드 에멀전] 정제수, 프로판다이올, 하이드로제네이티드폴리아이소부텐, 글리세린, 펜타에리스리틸테트라에틸헥사노에이트, 다이메티콘, 다이아이소스테아릴말레이트, 나이아신아마이드, 폴리글리세린-3, 1,2-헥산다이올, 피이지-60글리세릴아이소스테아레이트, 세테아릴알코올, 알지닌, 아스파틱애씨드, 글루타믹애씨드, 엑토인, 서양톱풀추출물, 소듐하이알루로네이트, 하이드롤라이즈드하이알루로닉애씨드, 소듐하이알루로네이트크로스폴리머, 하이알루로닉애씨드, 소듐아세틸레이티드하이알루로네이트, 사프란암술머리추출물, 다이메티콘/비닐다이메티콘크로스폴리머, 시어버터, 세테아릴글루코사이드, 글리세릴스테아레이트시트레이트, 하이드록시에틸아크릴레이트/소듐아크릴로일다이메틸타우레이트코폴리머, 팔미틱애씨드, 스테아릭애씨드, 베헤닐알코올, 카보머, 부틸렌글라이콜, 에틸헥실글리세린, 글리세릴카프릴레이트, 트로메타민, 향료, 아데노신, 다이메티콘올, 펜틸렌글라이콜, 소듐메타포스페이트, 솔비탄아이소스테아레이트, 폴리솔베이트60, 잔탄검, 알파-아이소메틸아이오논, 시트로넬올, 리날룰, 토코페롤, 서양유채씨오일"
퍼즐우드 비건 디퓨저 200ml,,"에탄올, 향료(헤디오네 등) [알레르기물질] 리날로올, 리모넨, 시트랄, 제라니올, 하이드록시시트로넬알, 헥실신남알 [기타물질] 리모넨"
퍼즐우드 비건 핸드크림 50ml,,"정제수, 부틸렌글라이콜, 세틸에틸헥사노에이트, 향료, 1,2-헥산다이올, 글리세릴글루코사이드, 세테아릴올리베이트, 글리세린, 글리세릴스테아레이트, 세테아릴알코올, 메도우폼씨오일, 시어버터, 솔비탄올리베이트, 글리세레스-26, 프로판다이올, C14-22알코올, 비닐다이메티콘, 카보머, 트로메타민, C12-20알킬글루코사이드, 리모넨, 리날룰, 헥실신남알, 제라니올, 에틸헥실글리세린, 다이소듐이디티에이, 암모늄폴리아크릴로일다이메틸타우레이트, 하이드록시시트로넬알, 소듐하이알루로네이트, 하이알루로닉애씨드, 하이드롤라이즈드하이알루로닉애씨드, 시트랄, 글루코오스"
퍼즐우드 비건 인센스 스틱 20g,,"정제수, 고무나무가루, 향료(테트라메틸아세틸옥타하이드로나프탈렌 등) [알레르기물질]리나로올, 제라니올, 하이드록시시트로넬알, 헥실신남알"
로맨틱 에멀전 130ml,오딧세이,"정제수, 하이드로제네이티드폴리(C6-14올레핀), 글리세린, 부틸렌글라이콜다이카프릴레이트/다이카프레이트, 부틸렌글라이콜, 메틸트라이메티콘, 1,2-헥산다이올, 폴리솔베이트60, 스쿠알란, 하이드로제네이티드식물성오일, 글리세릴스테아레이트, 세테아릴알코올, 다이메티콘, 향료, 팔미틱애씨드, 스테아릭애씨드, 피이지-100스테아레이트, 솔비탄스테아레이트, 수크로오스스테아레이트, 호호바에스터, 마트리카리아꽃수, 카보머, 트로메타민, 글리세릴카프릴레이트, 녹차수, 리날룰, 에틸헥실글리세린, 리모넨, 다이소듐이디티에이, 프로판다이올, 헥실신남알, 제라니올, 시트로넬올, 쿠마린, 레시틴, 하이드록시시트로넬알, 시트랄, 토코페롤, 낫토검, 베타-글루칸"
로맨틱 스킨 리파이너 130ml,오딧세이,"정제수, 변성알코올, 부틸렌글라이콜, 피이지-60하이드로제네이티드캐스터오일, 향료, 옥틸도데세스-16, 베타인, 마트리카리아꽃수, 1,2-헥산다이올, 리날룰, 녹차수, 리모넨, 에틸헥실글리세린, 글리세린, 헥실신남알, 다이소듐이디티에이, 프로판다이올, 제라니올, 시트로넬올, 쿠마린, 하이드록시시트로넬알, 시트랄, 낫토검, 베타-글루칸, 토코페롤"
챕터파이브 생츄어리 2종 세트,오딧세이,"[토너] 정제수, 프로판다이올, 글리세린, 변성알코올, 나이아신아마이드, 다이프로필렌글라이콜, 1,2-헥산다이올, 부틸렌글라이콜, 트레할로오스, 베타인, 피피지-13-데실테트라데세스-24, 향료, 해수, 에틸헥실글리세린, 하이드록시에틸아크릴레이트/소듐아크릴로일다이메틸타우레이트코폴리머, 다이소듐이디티에이, 아크릴레이트/C10-30알킬아크릴레이트크로스폴리머, 아데노신, 트로메타민, 빌베리열매추출물, 리모넨, 사탕수수추출물, 3-O-에틸아스코빅애씨드, 솔비탄아이소스테아레이트, 폴리솔베이트60, 오렌지추출물, 레몬추출물, 벤질벤조에이트, 설탕단풍추출물, 토코페롤, 편백잎추출물 / [모이스처라이저] 정제수, 부틸렌글라이콜, 글리세린, 다이카프릴릴카보네이트, 메틸트라이메티콘, 나이아신아마이드, 1,2-헥산다이올, 하이드로제네이티드폴리(C6-14올레핀), 세테아릴알코올, 글리세릴스테아레이트, 카페인, 향료, 팔미틱애씨드, 스테아릭애씨드, 아크릴레이트/C10-30알킬아크릴레이트크로스폴리머, 하이드록시에틸아크릴레이트/소듐아크릴로일다이메틸타우레이트코폴리머, 실리카, 해수, 글리세릴카프릴레이트, 소듐스테아로일글루타메이트, 하이드록시프로필스타치포스페이트, 트로메타민, 하이드로제네이티드레시틴, 다이소듐이디티에이, 에틸헥실글리세린, 아데노신, 폴리글리세릴-3메틸글루코오스다이스테아레이트, 리모넨, 솔비탄아이소스테아레이트, 바쿠치올, 프로판다이올, 벤질벤조에이트, 토코페롤, 미리스틱애씨드, 라우릭애씨드, 편백잎추출물"
블랙 스킨 리파이너 130ml,오딧세이,"정제수, 변성알코올, 글리세린, 나이아신아마이드, 부틸렌글라이콜, 피이지-60하이드로제네이티드캐스터오일, 1,2-헥산다이올, 베타인, 피이지/피피지-17/6코폴리머, 향료, 비스-피이지-18메틸에터다이메틸실레인, 옥틸도데세스-16, 아세로라추출물, 프로판다이올, 아사이팜열매추출물, 에틸헥실글리세린, 다이소듐이디티에이, 카보머, 아데노신, 트로메타민, 리모넨, 헥실신남알, 시트로넬올, 리날룰, 하이드록시시트로넬알, 벤질벤조에이트, 소듐마그네슘실리케이트, 토코페롤, 글루타티온"
MMY 콜라보레이션 토트백,오딧세이,
블랙 에멀전 130ml,오딧세이,"정제수, 글리세린, 부틸렌글라이콜, 변성알코올, 세틸에틸헥사노에이트, 나이아신아마이드, 다이메티콘, 메틸트라이메티콘, 피씨에이다이메티콘, 1,2-헥산다이올, 실리카, 다이메티콘/비닐다이메티콘크로스폴리머, 하이드록시에틸아크릴레이트/소듐아크릴로일다이메틸타우레이트코폴리머, 향료, 폴리솔베이트20, 암모늄아크릴로일다이메틸타우레이트/브이피코폴리머, C14-22알코올, 아세로라추출물, 프로판다이올, 스테아릭애씨드, 글리세릴스테아레이트, 글리세릴카프릴레이트, 폴리아크릴레이트-13, 폴리실리콘-11, 아사이팜열매추출물, 팔미틱애씨드, 아라키딜알코올, C12-20알킬글루코사이드, 에틸헥실글리세린, 다이소듐이디티에이, 폴리아이소부텐, 아데노신, 솔비탄아이소스테아레이트, 베헤닐알코올, 폴리솔베이트60, 아라키딜글루코사이드, 리모넨, 헥실신남알, 시트로넬올, 리날룰, 하이드록시시트로넬알, 벤질벤조에이트, 소듐마그네슘실리케이트, 글루코오스, 글루타티온, 토코페롤"
MMY 콜라보레이션 크로스백,오딧세이,
챕터파이브 라이트하우스 2종 세트,오딧세이,"[토너] 정제수, 프로판다이올, 글리세린, 변성알코올, 나이아신아마이드, 다이프로필렌글라이콜, 1,2-헥산다이올, 부틸렌글라이콜, 트레할로오스, 베타인, 피피지-13-데실테트라데세스-24, 향료, 해수, 에틸헥실글리세린, 하이드록시에틸아크릴레이트/소듐아크릴로일다이메틸타우레이트코폴리머, 만다린껍질추출물, 다이소듐이디티에이, 아크릴레이트/C10-30알킬아크릴레이트크로스폴리머, 아데노신, 트로메타민, 빌베리열매추출물, 리모넨, 사탕수수추출물, 펜틸렌글라이콜, 솔비탄아이소스테아레이트, 폴리솔베이트60, 오렌지추출물, 레몬추출물, 비터오렌지꽃추출물, 리날룰, 설탕단풍추출물, 토코페롤 / [모이스처라이저] 정제수, 부틸렌글라이콜, 글리세린, 다이카프릴릴카보네이트, 메틸트라이메티콘, 나이아신아마이드, 1,2-헥산다이올, 하이드로제네이티드폴리(C6-14올레핀), 세테아릴알코올, 글리세릴스테아레이트, 카페인, 프로판다이올, 향료, 팔미틱애씨드, 스테아릭애씨드, 아크릴레이트/C10-30알킬아크릴레이트크로스폴리머, 하이드록시에틸아크릴레이트/소듐아크릴로일다이메틸타우레이트코폴리머, 실리카, 해수, 글리세릴카프릴레이트, 소듐스테아로일글루타메이트, 하이드록시프로필스타치포스페이트, 트로메타민, 하이드로제네이티드레시틴, 만다린껍질추출물, 다이소듐이디티에이, 에틸헥실글리세린, 아데노신, 폴리글리세릴-3메틸글루코오스다이스테아레이트, 리모넨, 솔비탄아이소스테아레이트, 바쿠치올, 펜틸렌글라이콜, 리날룰, 비터오렌지꽃추출물, 토코페롤, 미리스틱애씨드, 라우릭애씨드"
블랙 스페셜 2종 신년기획세트,오딧세이,"[스킨 리파이너] 정제수, 변성알코올, 글리세린, 나이아신아마이드, 부틸렌글라이콜, 피이지-60하이드로제네이티드캐스터오일, 1,2-헥산다이올, 베타인, 피이지/피피지-17/6코폴리머, 향료, 비스-피이지-18메틸에터다이메틸실레인, 옥틸도데세스-16, 아세로라추출물, 프로판다이올, 아사이팜열매추출물, 에틸헥실글리세린, 다이소듐이디티에이, 카보머, 아데노신, 트로메타민, 리모넨, 헥실신남알, 시트로넬올, 리날룰, 하이드록시시트로넬알, 벤질벤조에이트, 소듐마그네슘실리케이트, 토코페롤, 글루타티온 / [에멀젼] 정제수, 글리세린, 부틸렌글라이콜, 변성알코올, 세틸에틸헥사노에이트, 나이아신아마이드, 다이메티콘, 메틸트라이메티콘, 피씨에이다이메티콘, 1,2-헥산다이올, 실리카, 다이메티콘/비닐다이메티콘크로스폴리머, 하이드록시에틸아크릴레이트/소듐아크릴로일다이메틸타우레이트코폴리머, 향료, 폴리솔베이트20, 암모늄아크릴로일다이메틸타우레이트/브이피코폴리머, C14-22알코올, 아세로라추출물, 프로판다이올, 스테아릭애씨드, 글리세릴스테아레이트, 글리세릴카프릴레이트, 폴리아크릴레이트-13, 폴리실리콘-11, 아사이팜열매추출물, 팔미틱애씨드, 아라키딜알코올, C12-20알킬글루코사이드, 에틸헥실글리세린, 다이소듐이디티에이, 폴리아이소부텐, 아데노신, 솔비탄아이소스테아레이트, 베헤닐알코올, 폴리솔베이트60, 아라키딜글루코사이드, 리모넨, 헥실신남알, 시트로넬올, 리날룰, 하이드록시시트로넬알, 벤질벤조에이트, 소듐마그네슘실리케이트, 글루코오스, 글루타티온, 토코페롤"
로맨틱 스페셜 2종 세트 신년기획세트,오딧세이,"[스킨 리파이너] 정제수, 변성알코올, 부틸렌글라이콜, 피이지-60하이드로제네이티드캐스터오일, 향료, 옥틸도데세스-16, 베타인, 마트리카리아꽃수, 1,2-헥산다이올, 리날룰, 녹차수, 리모넨, 에틸헥실글리세린, 글리세린, 헥실신남알, 다이소듐이디티에이, 프로판다이올, 제라니올, 시트로넬올, 쿠마린, 하이드록시시트로넬알, 시트랄, 낫토검, 베타-글루칸, 토코페롤 / [에멀젼] 정제수, 하이드로제네이티드폴리(C6-14올레핀), 글리세린, 부틸렌글라이콜다이카프릴레이트/다이카프레이트, 부틸렌글라이콜, 메틸트라이메티콘, 1,2-헥산다이올, 폴리솔베이트60, 스쿠알란, 하이드로제네이티드식물성오일, 글리세릴스테아레이트, 세테아릴알코올, 다이메티콘, 향료, 팔미틱애씨드, 스테아릭애씨드, 피이지-100스테아레이트, 솔비탄스테아레이트, 수크로오스스테아레이트, 호호바에스터, 마트리카리아꽃수, 카보머, 트로메타민, 글리세릴카프릴레이트, 녹차수, 리날룰, 에틸헥실글리세린, 리모넨, 다이소듐이디티에이, 프로판다이올, 헥실신남알, 제라니올, 시트로넬올, 쿠마린, 레시틴, 하이드록시시트로넬알, 시트랄, 토코페롤, 낫토검, 베타-글루칸"
NEW 나이아시카 수딩 글로우 워터리 크림30ml,프리메라,"정제수, 글리세린, 부틸렌글라이콜, 스쿠알란, 비스-하이드록시에톡시프로필다이메티콘, 카프릴릭/카프릭/미리스틱/스테아릭트라이글리세라이드, 다이카프릴릴에터, 폴리글리세릴-3다이스테아레이트, 메틸트라이메티콘, 1,2-헥산다이올, 카카오씨버터, 카프릴릭/카프릭트라이글리세라이드, 글리세릴스테아레이트, 세테아릴알코올, 락토바실러스발효용해물, C10-18트라이글리세라이즈, 판테놀(0.5%), 피토스테롤, 팔미틱애씨드, 하이드록시에틸아크릴레이트/소듐아크릴로일다이메틸타우레이트코폴리머, 스테아릭애씨드, 나이아신아마이드(0.11%), 아크릴레이트/C10-30알킬아크릴레이트크로스폴리머, 글리세릴스테아레이트시트레이트, 잔탄검, 글리세릴카프릴레이트, 에틸헥실글리세린, 트로메타민, 솔비탄아이소스테아레이트, 소듐메타포스페이트, 마데카소사이드(0.01%), 콩폴리펩타이드, 토코페롤, 징크클로라이드, 프로필렌글라이콜, 소듐하이알루로네이트"
마일드 앤 퍼펙트 클렌징 오일 투 폼 200ml,프리메라,"정제수, 글리세린, 다이프로필렌글라이콜, 라우릴베타인, 포타슘코코일글리시네이트, 라우릴글루코사이드, 폴리글리세릴-6카프릴레이트, 다이소듐코코암포다이아세테이트, 1,2-헥산다이올, 라우릴하이드록시설테인, 코코-글루코사이드, 폴리글리세릴-10라우레이트, 아크릴레이트코폴리머, 소듐클로라이드, 데실글루코사이드, 피피지-7, 향료, 카프릴릭/카프릭트라이글리세라이드, 호호바씨오일, 폴리글리세릴-10다이아이소스테아레이트, 에틸헥실글리세린, 알지닌, 아스파틱애씨드, 글루타믹애씨드, 콩폴리펩타이드, 덱스트린, 카카오추출물, 토코페롤"
NEW 비타티놀 바운시 리프트 세럼 30g*2입,프리메라,"정제수, 부틸렌글라이콜, 글리세린, 메틸글루세스-20, 아스코빌글루코사이드, 나이아신아마이드, 카프릴릴메티콘, 카프릴릭/카프릭트라이글리세라이드, 하이드로제네이티드폴리아이소부텐, 1,2-헥산다이올, 트로메타민, 하이드록시에틸아크릴레이트/소듐아크릴로일다이메틸타우레이트코폴리머, 폴리솔베이트20, 폴리아크릴레이트-13, 다이메티콘, 판테놀, 소듐스테아로일글루타메이트, 소듐시트레이트, 폴리아이소부텐, 폴리아크릴레이트크로스폴리머-6, 다이메틸아이소소바이드, 락토바실러스/콩추출물발효여과물, 해바라기씨오일, 옥수수전분, 돌콩오일, 만니톨, 수크로오스, 마이크로크리스탈린셀룰로오스, 글리세릴카프릴레이트, 스핑고모나스발효추출물, 에틸헥실글리세린, 솔비탄아이소스테아레이트, 소듐메타포스페이트, 당근추출물, 아데노신, 하이드록시피나콜론레티노에이트, 시트릭애씨드, 레티놀, 티타늄디옥사이드 (CI 77891), 황색산화철, 엑토인, 하이드로제네이티드레시틴, 아스코빅애씨드, 베타-카로틴, 토코페롤, 펜틸렌글라이콜, 프로필렌글라이콜, 소듐하이알루로네이트, 카보머, 아세틸테트라펩타이드-11, 아라비아고무나무검, 프로필렌글라이콜알지네이트"
후리 앤 후리 200ml,프리메라,"정제수, 부틸렌글라이콜, 하이드록시프로필메틸셀룰로오스, 라우릴베타인, 다이소듐이디티에이, 에틸헥실글리세린, 향료, 시트릭애씨드, 불가리스쑥오일, 덱스트린, 황해쑥잎수, 글리세린, 검정콩오일, 1,2-헥산다이올, 락토바실러스발효용해물, 토코페롤, 세라마이드엔피, 피토스핑고신, 하이드로제네이티드레시틴, 소듐시트레이트, 카놀라오일, 로즈마리잎추출물"
마일드 포어 필링 패드 60매 기획세트,프리메라,"정제수, 부틸렌글라이콜, 글리세레스-26, 나이아신아마이드, 프로판다이올, 1,2-헥산다이올, 폴리글리세릴-10라우레이트, 글리세린, 글루 코노락톤, 에틸헥실글리세린, 스쿠알란, 세틸에틸헥사노에이트, 하이드록시에틸셀룰로오스, 잔탄검, 카프릴로일살리실릭애씨드, 하이드로제네이티 드폴리데센, 올리브오일, 하이드로제네이티드레시틴, 탱자추출물, 폴리글리세릴-3메틸 글루코오스다이스테아레이트, 시트릭애씨드, 다이소듐이디티 에이, 판테놀, 소듐시트레이트, 효모발효물, 카프릴릭/카프릭트라이글리세라이드, 락토바실러스발효물, 리모넨, 베르가모트오일, 브루셀스프라 우트추출물, 리날룰, 토코페롤, 병풀추출물, 약모밀추출물, 콩폴리펩타이드, 향부자 추출물, 소듐아스코빌포스페이트, 칡뿌리추출물, 당느릅나무 뿌리추출물, 달맞이꽃추출물, 대왕소나무잎추출물, 세라마이드엔피, 조추출물"
나이아시카 수딩글로우 워터리 크림 30ml,프리메라,"정제수, 글리세린, 부틸렌글라이콜, 스쿠알란, 비스-하이드록시에톡시프로필다이메티콘, 카프릴릭/카프릭/미리스틱/스테아릭트라이글리세라이드, 다이카프릴릴에터, 폴리글리세릴-3다이스테아레이트, 메틸트라이메티콘, 1,2-헥산다이올, 카카오씨버터, 카프릴릭/카프릭트라이글리세라이드, 글리세릴스테아레이트, 세테아릴알코올, 락토바실러스발효용해물, C10-18트라이글리세라이즈, 판테놀(0.5%), 피토스테롤, 팔미틱애씨드, 하이드록시에틸아크릴레이트/소듐아크릴로일다이메틸타우레이트코폴리머, 스테아릭애씨드, 나이아신아마이드(0.11%), 아크릴레이트/C10-30알킬아크릴레이트크로스폴리머, 글리세릴스테아레이트시트레이트, 잔탄검, 글리세릴카프릴레이트, 에틸헥실글리세린, 트로메타민, 솔비탄아이소스테아레이트, 소듐메타포스페이트, 마데카소사이드(0.01%), 콩폴리펩타이드, 토코페롤, 징크클로라이드, 프로필렌글라이콜, 소듐하이알루로네이트"
워터리 에센스 250ml,프리메라,"정제수, 프로판다이올, 부틸렌글라이콜, 글리세린, 1,2-헥산다이올, 피피지-13-데실테트라데세스-24, 다이소듐이디티에이, 에틸헥실글리세린, 덱스트린, 카카오추출물, 에탄올, 하이알루로닉애씨드, 황금추출물, 약모밀추출물, 글루코노락톤, 사철쑥추출물, 토코페롤"
알파인 베리 워터리 크림 100ml,프리메라,"정제수, 글리세린, 부틸렌글라이콜, 스쿠알란, 비스-하이 드록시에톡시프로필다이메티콘, 카프릴릭/카프릭/미리스틱/스테 아릭트라이글리세라이드, 수크로오스폴리스테아레이트, 나이아신 아마이드, 다이카프릴릴에터, 메틸트라이메티콘, 우레아, 펜타 에리스리틸테트라에틸헥사노에이트, 1,2-헥산다이올, 글리세릴 스테아레이트, 카카오씨버터, 폴리글리세릴-3메틸글루코오스 다이스테아레이트, 스테아릭애씨드, 피토스테롤, 팔미틱애씨드, 하이드로제네이티드폴리아이소부텐, 하이드록시에틸아크릴 레이트/소듐아크릴로일다이메틸타우레이트코폴리머, 세테아릴 알코올, 아크릴레이트/C10-30알킬아크릴레이트크로스폴리머, 잔탄검, 글리세릴카프릴레이트, 트로메타민, 에틸헥실글리세린, 향료, 솔비탄아이소스테아레이트, 다이소듐이디티에이, 리모넨, 마데카소사이드, 서양산딸기추출물(40ppm), 리날룰, 미리스틱 애씨드, 아라키딕애씨드, 토코페롤, 야생딸기잎추출물(5ppm), 돌콩오일"
비타티놀 세럼 메가샷 마스크 34g 1입,프리메라,"정제수, 글리세린, 다이프로필렌글라이콜, 세틸에틸헥사노에이트, 나이아신아마이드(20,000ppm), 1,2-헥산다이올, 판테놀(13,000ppm), 캐롭검, 카라기난, 다이글리세린, 아이리쉬모스추출물, 카프릴릭/카프릭트라이글리세라이드, 시어버터, 에틸헥실올리베이트, 잔탄검, 셀룰로오스검, 포타슘클로라이드, 폴리아크릴레이트-13, 글리세릴스테아 레이트, 소듐아크릴레이트코폴리머, 수크로오스, 폴리글리세릴-4올리에이트, 에틸헥실글리세린, 하이드로제네이 티드폴리아이소부텐, 아데노신, 다이소듐이디티에이, 아가, 향료, 폴리글리세릴-10라우레이트, 에틸헥실팔미테이트, 구아검, 콩폴리펩타이드, 마그네슘아스코빌포스페이트(98.85ppm), 부틸렌글라이콜, 솔비탄아이소스테아레이트, 레틴알(50ppm), 아스코빅애씨드(10.5ppm), 해바라기씨오일, 돌콩오일, 세라마이드엔피, 하이드로제네이티드 레시틴, 크산토필, 레티놀(1ppm), 포스포릭애씨드(0.65ppm), 소듐아스코빌포스페이트(0.4ppm), 토코페롤"
레티놀 볼륨 립 세럼 12g,프리메라,"(스카이코랄) 하이드로제네이티드폴리(C6-14올레핀), 하이드로제네이티드폴리아이소부텐, 카프릴릭/카프릭트라이글리세라이드, 에틸렌/프로필렌/스타이렌코폴리머, 토코페릴아세테이트, 폴리글리세릴-2트라이아이소스테아레이트, 부틸렌/에틸렌/스타이렌코폴리머, 멘톡시프로판다이올, 적색226호, 돌콩오일, 아스코빌테트라이소팔미테이트, 적색산화철, 리모넨, 황색5호, 티타늄디옥사이드 (CI 77891), 레티놀, 펜타에리스리틸테트라-다이-T-부틸하이드록시하이드로신나메이트, 정제수, 제라니올, 필리핀오렌지껍질오일, 광곽향오일, 글리세린, 베르가모트오일, 리날룰, 시트로넬올, 마트리카리아꽃오일, 센티드제라늄꽃오일, 프로판다이올, 세라마이드엔피, 콩폴리펩타이드, 팔마로사오일, 락토바실러스발효용해물, 라벤더오일, 오렌지껍질추출물, 피마자씨오일, 흑색산화철, 부틸렌글라이콜, 소듐하이알루로네이트, 하이드롤라이즈드익스텐신, 호호바씨오일, 폴리글리세릴-10라우레이트, 로즈마리잎오일, 1,2-헥산다이올, 하이드롤라이즈드하이알루로닉애씨드, 하이드로제네이티드레시틴, 다마스크장미꽃오일, 토코페롤, 소듐하이알루로네이트크로스폴리머, 하이알루로닉애씨드, 에틸헥실글리세린, 소듐아세틸레이티드하이알루로네이트"
마일드 앤 퍼펙트 클렌징 오일 투 폼 300ml,프리메라,"정제수, 글리세린, 다이프로필렌글라이콜, 라우릴베타인, 포타슘코코일글리시네이트, 라우릴글루코사이드, 폴리글리세릴-6카프릴레이트, 다이소듐코코암포다이아세테이트, 1,2-헥산-이올, 라우릴하이드록시설테인, 코코-글루코사이드, 폴리글리세릴-10라우레이트, 아크릴레이트코폴리머, 소듐클로라이드, 데실글루코사이드, 피피지-7, 향료, 카프릴릭/카프릭트리 이글리세라이드, 호호바씨오일, 폴리글리세릴-10다이아이소스테아레이트, 에틸헥실글리세린, 알지닌, 아스파틱애씨드, 글루타믹애씨드, 콩폴리펩타이드, 덱스트린, 카카오추출물, 토코페롤"
인리치드 클렌징 티슈 60매 300g,프리메라,"정제수, 아이소프로필팔미테이트, 코코-카프릴레이트/카프레이트, 부틸렌글라이콜, 아이소도데케인, 아이소노닐아이소노나노에이트, 1,2-헥산다이올, 다이에톡시에틸석시네이트, 카프릴릴글라이콜, 리모넨, 카프릴릴/카프릴글루코사이드, 향료, 에틸헥실글리세린, 소듐메타포스페이트, 리날룰, 소듐시트레이트, 시트릭애씨드, 동백나무씨오일, 호호바씨오일, 토코페롤"
비타티놀 세럼 메가샷 마스크 34g*5입,프리메라,"""정제수, 글리세린, 다이프로필렌글라이콜, 세틸에틸헥사노에이트, 나이아신아마이드(20,000ppm), 1,2-헥산다이올, 판테놀(13,000ppm), 캐롭검, 카라기난, 다이글리세린, 아이리쉬모스추출물, 카프릴릭/카프릭트라이글리세라이드, 시어버터, 에틸헥실올리베이트, 잔탄검, 셀룰로오스검, 포타슘클로라이드, 폴리아크릴레이트-13, 글리세릴스테아 레이트, 소듐아크릴레이트코폴리머, 수크로오스, 폴리글리세릴-4올리에이트, 에틸헥실글리세린, 하이드로제네이 티드폴리아이소부텐, 아데노신, 다이소듐이디티에이, 아가, 향료, 폴리글리세릴-10라우레이트, 에틸헥실팔미테이트, 구아검, 콩폴리펩타이드, 마그네슘아스코빌포스페이트(98.85ppm), 부틸렌글라이콜, 솔비탄아이소스테아레이트, 레틴알(50ppm), 아스코빅애씨드(10.5ppm), 해바라기씨오일, 돌콩오일, 세라마이드엔피, 하이드로제네이티드 레시틴, 크산토필, 레티놀(1ppm), 포스포릭애씨드(0.65ppm), 소듐아스코빌포스페이트(0.4ppm), 토코페롤"""
오가니언스 BR 소프트 필링 투 폼 클렌저 120ml,프리메라,"정제수, 글리세린, 다이소듐코코일글루타메이트, 라우릴하이드록시설테인, 셀룰로오스, 아크릴레이트코폴리머, 코코-글루코사이드, 데실글루코사이드, 소듐클로라이드, 1,2-헥산다이올, 시트릭애씨드, 락토바실러스발효용해물, 트로메타민, 살리실릭애씨드, 부틸렌글라이콜, 약모밀가루, 리모넨, 폴리쿼터늄-10, 에틸헥실글리세린, 다이포타슘글리시리제이트, 알란토인, 제라니올, 하이알루로닉애씨드, 마데카소사이드, 글루코노락톤, 필리핀오렌지껍질오일, 광곽향오일, 센티드제라늄꽃오일, 베르가모트오일, 마트리카리아꽃오일, 팔마로사오일, 오렌지껍질추출물, 라벤더오일, 검정콩오일, 프로판다이올, 피마자씨오일, 세라마이드엔피, 로즈마리잎오일, 소듐하이알루로네이트, 피토스핑고신, 하이드로제네이티드레시틴, 다마스크장미꽃오일, 토코페롤, 하이드롤라이즈드하이알루로닉애씨드, 소듐하이알루로네이트크로스폴리머, 카놀라오일, 로즈마리잎추출물, 소듐아세틸레이티드하이알루로네이트"
오가니언스 배리어 리페어 2종 기획세트,프리메라,"[토너]정제수, 부틸렌글라이콜, 1,2-헥산다이올, 글리세린, 스쿠알란, 하이 드로제네이티드폴리(C6-14올레핀), 락토바실러스발효용해물, 메도우폼씨 오일, 해바라기씨오일, 하이드로제네이티드레시틴, 카프릴릴글라이콜, 카라 기난, 호두추출물, 리모넨, 콜레스테롤, 에틸헥실글리세린, 다이소듐이디티에이, 당근추출물, 다이포타슘글리시리제이트, 알란토인, 마데카소사이드, 콩폴리 펩타이드, 제라니올, 필리핀오렌지껍질오일, 광곽향오일, 베르가모트오일, 리날룰, 검정콩오일, 시트로넬올, 마트리카리아꽃오일, 센티드제라늄꽃오일, 베타-카로틴, 카프릴릭/카프릭트라이글리세라이드, 프로판다이올, 팔마로사 오일, 라벤더오일, 토코페롤, 오렌지껍질추출물, 피마자씨오일, 세라마이드엔피, 소듐하이알루로네이트, 로즈마리잎오일, 하이드로제네이티드포스파티딜콜린, 피토스핑고신, 하이드롤라이즈드하이알루로닉애씨드, 다마스크장미꽃오일, 하이알루로닉애씨드, 소듐하이알루로네이트크로스폴리머, 카놀라오일, 로즈 마리잎추출물, 소듐아세틸레이티드하이알루로네이트 [에멀젼] 정제수, 부틸렌글라이콜, 글리세린, 펜타에리스리틸테트라에틸헥사 노에이트, 하이드로제네이티드폴리아이소부텐, 하이드로제네이티드폴리 (C6-14올레핀), 비스-하이드록시에톡시프로필다이메티콘, 글리세릴스테아 레이트시트레이트, 1,2-헥산다이올, 글리세릴스테아레이트, 세테아릴알코올, 하이드로제네이티드식물성오일, 락토바실러스발효용해물, 스테아릭애씨드, 페닐트라이메티콘, 해바라기씨오일, 글리세릴폴리메타크릴레이트, 팔미틱 애씨드, 카보머, 당근추출물, 잔탄검, 글리세릴카프릴레이트, 호두추출물, 에틸 헥실글리세린, 리모넨, 소듐폴리아크릴로일다이메틸타우레이트, 트로메타민, 다이소듐이디티에이, 다이포타슘글리시리제이트, 알란토인, 마데카소사이드, 콩폴리펩타이드, 제라니올, 덱스트린, 카카오추출물, 필리핀오렌지껍질오일, 광곽향오일, 베타-카로틴, 베르가모트오일, 리날룰, 토코페롤, 검정콩오일, 시트로넬올, 마트리카리아꽃오일, 센티드제라늄꽃오일, 카프릴릭/카프릭 트라이글리세라이드, 프로판다이올, 팔마로사오일, 라벤더오일, 오렌지껍질 추출물, 피마자씨오일, 세라마이드엔피, 소듐하이알루로네이트, 하이드로제 네이티드레시틴, 로즈마리잎오일, 하이드로제네이티드포스파티딜콜린, 피토 스핑고신, 콜레스테롤, 하이드롤라이즈드하이알루로닉애씨드, 다마스크장미 꽃오일, 하이알루로닉애씨드, 소듐하이알루로네이트크로스폴리머, 카놀라오일, 로즈마리잎추출물, 소듐아세틸레이티드하이알루로네이트"
비타티놀 인텐스 바운시 리프트 마스크 크림,프리메라,"정제수, 부틸렌글라이콜, 글리세린, 하이드로제네이티드폴리(C6-14올레핀), 펜타에리스리틸테트라에틸헥사노에이트, 판테놀, 폴리글리세릴-3다이스테아레이트, 다이메티콘, 에틸헥실팔미테이트, 나이아신아마이드, 피토스테릴/베헤닐/옥틸도데실라우로일글루타메이트, 1,2-헥산다이올, 세테아릴알코올, 글리세릴스테아레이트, 토코페릴아세테이트, 아이소노닐아이소노나노에이트, 스쿠알란, 하이드로제네이티드폴리아이소부텐, 하이드로제네이티드로진, 피이지-100스테아레이트, 풀루란, 합성왁스, 하이드록시에틸셀룰로오스, 다이메틸아이소소바이드, 하이드록시에틸아크릴레이트/소듐아크릴로일다이메틸타우레이트코폴리머, 피브이피, 돌콩오일, 카프릴릭/카프릭트라이글리세라이드, 락토바실러스/콩추출물발효여과물, 트라이메틸실록시실리케이트, 글리세릴스테아레이트시트레이트, 폴리프로필실세스퀴옥세인, 에틸헥실글리세린, 글리세릴카프릴레이트, 칸데릴라왁스에스터, 카프릴릴메티콘, 세테아릴글루코사이드, 폴리쿼터늄-51, 잔탄검, 소듐메타포스페이트, 하이드록시피나콜론레티노에이트, 아데노신, 캐스터오일/아이피디아이코폴리머, 레티놀, 유비퀴논, 하이드로제네이티드폴리(C6-20올레핀), 솔비탄아이소스테아레이트, 아스코빌테트라이소팔미테이트, 카나우바왁스, 글루코노락톤, 엑토인, 에이치디아이/트라이메틸올헥실락톤크로스폴리머, 아크릴레이트/C10-30알킬아크릴레이트크로스폴리머, 폴리솔베이트60, 다이소듐포스페이트, 트로메타민, 아스코빌글루코사이드, 아스코빅애씨드, 토코페롤, 펜틸렌글라이콜, 소듐포스페이트, 프로필렌글라이콜, 소듐하이알루로네이트, 카보머, 아라비아고무나무검, 프로필렌글라이콜알지네이트, 수용성콜라겐"
씨드 앤 스프라우트 에너지마스크로터스기획세트 20ml*30매,프리메라,"정제수, 부틸렌글라이콜, 사이클로펜타실록세인, 글리세린, 글리세레스-26, 에탄올, 사이클로헥사실록세인, 트레할로오스, 프로판다이올, 다이메티콘올, 카보머, 1,2-헥산다이올, 폴리글리세릴-10라우레이트, 글리세릴카프릴레이트, 포타슘하이드록사이드, 병풀추출물, 소듐폴리아크릴레이트, 에틸헥실글리세린, 다이소듐이디티에이, 모란뿌리추출물, 마트리카리아꽃추출물, 향료, 불가리스쑥추출물, 돌콩싹추출물, 참마뿌리추출물, 약모밀추출물, 쌀추출물, 연꽃씨추출물, 소듐벤조에이트"
마일드 앤 퍼펙트 페이셜 필링 150ml,프리메라,"정제수, 글리세린, 스테아트리모늄메토설페이트, 아크릴레이트/C10-30알킬아크릴레이트크로스폴리머, 이소프로필알코올, 디스테아릴디모늄클로라이드, 리모넨, 코카미도프로필베타인, 부틸렌글라이콜, 향료, 리날룰, 소듐클로라이드, 브로콜리추출물, 소듐벤조에이트, 인도멀구슬나무추출물, 보리지추출물, 방울양 배추추출물, 해바라기추출물, 야생딸기잎추출물, 인디언구스베리추출물, 폴리쿼터늄-51, 페녹시에탄올, 디소듐이디티에이"
알파인베리 워터리 크림 75ml,프리메라,"정제수, 글리세린, 부틸렌글라이콜, 스쿠알란, 비스-하이 드록시에톡시프로필다이메티콘, 카프릴릭/카프릭/미리스틱/스테 아릭트라이글리세라이드, 수크로오스폴리스테아레이트, 나이아신 아마이드, 다이카프릴릴에터, 메틸트라이메티콘, 우레아, 펜타 에리스리틸테트라에틸헥사노에이트, 1,2-헥산다이올, 글리세릴 스테아레이트, 카카오씨버터, 폴리글리세릴-3메틸글루코오스 다이스테아레이트, 스테아릭애씨드, 피토스테롤, 팔미틱애씨드, 하이드로제네이티드폴리아이소부텐, 하이드록시에틸아크릴 레이트/소듐아크릴로일다이메틸타우레이트코폴리머, 세테아릴 알코올, 아크릴레이트/C10-30알킬아크릴레이트크로스폴리머, 잔탄검, 글리세릴카프릴레이트, 트로메타민, 에틸헥실글리세린, 향료, 솔비탄아이소스테아레이트, 다이소듐이디티에이, 리모넨, 마데카소사이드, 서양산딸기추출물(40ppm), 리날룰, 미리스틱 애씨드, 아라키딕애씨드, 토코페롤, 야생딸기잎추출물(5ppm), 돌콩오일"
바하 버블 필링 클렌저 200ml,프리메라,"정제수, 다이프로필렌글라이콜, 코코-글루코사이드, 살리실릭애씨드(2%), 카프릴릴/카프릴글루코사이드, 다이소듐코코암포다이아세테이트, 다이소듐코코일글루타메이트, 시트릭애씨드, 포타슘하이드록사이드, 소듐클로라이드, 향료, 글리세릴카프릴레이트, 에탄올, 다이소듐이디티에이, 에틸헥실글리세린, 약모밀추출물, 알지닌, 아스파틱애씨드, 글루타믹애씨드, 부틸렌글라이콜, 토코페롤, 프로판다이올, 콘민트잎추출물, 1,2-헥산다이올, 비니거"
후리 앤 후리 소프트 폼 150ml,프리메라,"정제수, 글리세린, 1,2-헥산다이올, 다이소듐코코일글루타메이트, 라우릴글루코사이드, 시트릭애씨드, 향료, 글리세릴카프릴레이트, 에틸헥실글리세린, 다이소듐이디티에이, 불가리스쑥오일, 덱스트린, 황해쑥잎수, 부틸렌글라이콜, 검정콩오일, 토코페롤, 락토바실러스발효용해물, 세라마이드엔피, 피토스핑고신, 하이드로제네이티드레시틴, 카놀라오일, 로즈마리잎추출물"
NEW 인리치드 바디 오일 투 폼 클렌저 390ml,프리메라,"정제수, 글리세린, 다이프로필렌글라이콜, 포타슘코코일글리시네이트, 라우릴베타인, 라우릴하이드록시설테인, 라우릴글루코사이드, 다이소듐코코암포다이아세테이트, 소듐클로라이드, 코코-글루코사이드, 아크릴레이트코폴리머, 데실글루코사이드, 향료, 폴리글리세릴-6카프릴레이트, 폴리쿼터늄-7, 소듐벤조에이트, 락토바실러스/콩추출물발효여과물, 소듐메타포스페이트, 헥실신남알, 부틸렌글라이콜, 벤질살리실레이트, 에틸헥실글리세린, 리날룰, 리모넨, 시트릭애씨드, 알지닌, 아스파틱애씨드, 글루타믹애씨드, 글루코노락톤, 덱스트린, 1,2-헥산다이올, 잇꽃꽃추출물, 카카오추출물, 호호바씨오일"
NEW 나이아시카 워터리 크림 쿠션 15g,프리메라,"정제수, 코코-카프릴레이트/카프레이트, 티타늄디옥사이드 (CI 77891), 아이소아밀라우레이트, 프로판다이올, 징크옥사이드, 트라이헵타노인, 티타늄디옥사이드, 글리세린, 폴리글리세릴-3폴리리시놀리에이트, 폴리글리세릴-3다이아이소스테아레이트, 폴리글리세릴-6폴리리시놀리에이트, 폴리글리세릴-2트라이아이소스테아레이트, 마그네슘설페이트, 황색산화철, 알루미늄하이드록사이드, 실리카, 마이카, 비스머스옥시클로라이드, 다이스테아다이모늄헥토라이트, 스테아릭애씨드, 폴리글리세릴-2아이소스테아레이트, 폴리글리세릴-4아이소스테아레이트, 폴리하이드록시스테아릭애씨드, 드럼스틱씨추출물, 카프릴릭/카프릭트라이글리세라이드, 트라이에톡시카프릴릴실레인, 적색산화철, 하이드록시프로필비스팔미타마이드엠이에이, 나이아신아마이드, 글리세릴카프릴레이트, 카프릴릭/카프릭글리세라이즈, 합성플루오르플로고파이트, 토코페롤, 흑색산화철, 로즈마리잎오일, 마데카소사이드, 판테놀, 콩폴리펩타이드, 세라마이드엔피, 콜레스테롤, 하이알루로닉애씨드, 아미노프로필트라이에톡시실레인"
오가니언스 BR 컴포트 아미노 리치 폼 150ml,프리메라,"정제수, 글리세린, 포타슘코코일글리시네이트, 소듐라우로일글루타메이트, 글리세릴스테아레이트, 글라이콜다이스테아레이트, 소듐코코일글라이시네이트, 라우릴 하이드록시설테인, 시트릭애씨드, 락토바실러스발효용해물, 코코-글루코사이드, 하이 드록시프로필스타치포스페이트, 데실글루코사이드, 소듐클로라이드, 부틸렌글라이콜, 리모넨, 소듐메타포스페이트, 글리세릴카프릴레이트, 하이드록시프로필구아하이드록시 프로필트라이모늄클로라이드, 스핑고모나스발효추출물, 에틸헥실글리세린, 다이포타슘 글리시리제이트, 제라니올, 알란토인, 1,2-헥산다이올, 테트라소듐이디티에이, 필리핀 오렌지껍질오일, 광곽향오일, 센티드제라늄꽃오일, 베르가모트오일, 하이알루로닉 애씨드, 마데카소사이드, 알지닌, 마트리카리아꽃오일, 팔마로사오일, 오렌지껍질추출물, 라벤더오일, 검정콩오일, 피마자씨오일, 프로판다이올, 로즈마리잎오일, 세라마이드엔피, 소듐하이알루로네이트, 다마스크장미꽃오일, 토코페롤, 피토스핑고신, 하이드로제네 이티드레시틴, 하이드롤라이즈드하이알루로닉애씨드, 소듐하이알루로네이트크로스 폴리머, 카놀라오일, 로즈마리잎추출물, 소듐아세틸레이티드하이알루로네이트"
맨오가니언스 2종 기획세트,프리메라,"[워터] 정제수, 부틸렌글라이콜, 글리세린, 1,2-헥산다이올, 폴리솔베이트20, 쌀배아추출물, 하이드록시에틸아크릴레이트/소듐아크릴로일다이메틸타우레이트코폴리머, 프로판다이올, 폴리메틸실세스퀴옥세인, 돌콩싹추출물, 참깨싹추출물, 폴리아크릴레이트-13, 글리세릴카프릴레이트, 폴리아이소부텐, 아크릴레이트/C10-30 알킬아크릴레이트크로스폴리머, 에틸헥실글리세린, 다이소듐이디티에이, 향료, 트로메타민, 리모넨, 캐모마일꽃추출물, 만니톨, 리날룰, 시트로넬올, 암모늄글리시리제이트, 제라니올, 카페인, 징크글루코네이트, 가시칠엽수씨추출물 [에멀전] 정제수, 부틸렌글라이콜, 글리세린, 스쿠알란, 사이클로펜타실록산, 디메치콘/비닐디메치콘크로스폴리머, 세틸에칠헥사노에이트, 사이클로헥사실록산, 쉐어버터, 쌀배아추출물, 마로니에씨추출물, 콩싹추출물,참깨싹추출물, 센타우리추출물, 카페인, 만니톨, 징크글루코네이트, 암모늄글리시리제이트, 세테 아릴알코올, 베헤닐알코올, 글리세릴카프릴레이트, 글리세릴스테아레이트, C14-22알코올, C12-20알킬글루코사이드, 프로판디올, 에칠헥실글리세린, 1, 2-헥산디올, 피이지-100스테아레이트, C12-14파레스-12, 디메치콘, 디메치콘올,카보머, 트로메타민, 디소듐이디티에이, 향료, 시트랄, 리날룰, 제라니올, 리모넨, 시트로넬올"
하이드로 글로우 트리트먼트 에센스 150ml,프리메라,"정제수, 부틸렌글라이콜, 하이드로제네이티드폴리(C6-14올레핀), 스쿠알란, 1,2-헥산다이올, 메도우폼씨오일, 글리세린, 락토바실러스발효용해물, 지치뿌리추출물, 하이드로제네이티드레시틴, 콜레스테롤, 향료, 카라기난, 글리세릴카프릴레이트, 토코페릴아세테이트, 다이소듐이디티에이, 에틸헥실글리세린, 아데노신, 말토덱스트린, 마데카소사이드, 콩폴리펩타이드, 사포닌, 달맞이꽃오일, 프로판다이올, 소듐하이알루로네이트, 토코페롤, 하이드롤라이즈드하이알루로닉애씨드, 소듐하이알루로네이트크로스폴리머, 하이알루로닉애씨드, 소듐아세틸레이티드하이알루로네이트"
오가니언스 베리어 리페어 카밍 에센스 토너 160ml,프리메라,"""정제수, 부틸렌글라이콜, 1,2-헥산다이올, 글리세린, 스쿠알란, 하이 드로제네이티드폴리(C6-14올레핀), 락토바실러스발효용해물, 메도우폼씨 오일, 해바라기씨오일, 하이드로제네이티드레시틴, 카프릴릴글라이콜, 카라 기난, 호두추출물, 리모넨, 콜레스테롤, 에틸헥실글리세린, 다이소듐이디티에이, 당근추출물, 다이포타슘글리시리제이트, 알란토인, 마데카소사이드, 콩폴리 펩타이드, 제라니올, 필리핀오렌지껍질오일, 광곽향오일, 베르가모트오일, 리날룰, 검정콩오일, 시트로넬올, 마트리카리아꽃오일, 센티드제라늄꽃오일, 베타-카로틴, 카프릴릭/카프릭트라이글리세라이드, 프로판다이올, 팔마로사 오일, 라벤더오일, 토코페롤, 오렌지껍질추출물, 피마자씨오일, 세라마이드엔피, 소듐하이알루로네이트, 로즈마리잎오일, 하이드로제네이티드포스파티딜콜린, 피토스핑고신, 하이드롤라이즈드하이알루로닉애씨드, 다마스크장미꽃오일, 하이알루로닉애씨드, 소듐하이알루로네이트크로스폴리머, 카놀라오일, 로즈 마리잎추출물, 소듐아세틸레이티드하이알루로네이트"""
오가니언스 베리어 리페어 씨드펩타이드 리저브 크림 50ml,프리메라,"정제수, 글리세린, 부틸렌글라이콜, 스쿠알란, 비스-하이드록시에톡시프로필다이메티콘, 다이카프릴릴에터, 폴리글리세릴-3메틸글루코오스다이스테아레이트, 카프릴릭/카프릭/미리스틱/스테아릭트라이글리세라이드, 세테아릴알코올, 메틸트라이메티콘, 1,2-헥산다이올, 글리세릴스테아레이트, 베헤닐알코올, 카카오씨버터, 락토바실러스발효용해물, 팔미틱애씨드, 피토스테롤, 스테아릭애씨드, 해바라기씨오일, 세테아릴글루코사이드, 하이드록시에틸아크릴레이트/소듐아크릴로일다이메틸타우레이트코폴리머, 당근추출물, 리모넨, 아크릴레이트/C10-30알킬아크릴레이트크로스폴리머, 글리세릴카프릴레이트, 트로메타민, 에틸헥실글리세린, 다이포타슘글리시리제이트, 알란토인, 솔비탄아이소스테아레이트, 다이소듐이디티에이, 제라니올, 마데카소사이드, 콩폴리펩타이드, 필리핀오렌지껍질오일, 광곽향오일, 덱스트린, 카카오추출물, 베르가모트오일, 토코페롤, 리날룰, 베타-카로틴, 시트로넬올, 마트리카리아꽃오일, 센티드제라늄꽃오일, 검정콩오일, 팔마로사오일, 카프릴릭/카프릭트라이글리세라이드, 프로판다이올, 라벤더오일, 오렌지껍질추출물, 피마자씨오일, 세라마이드엔피, 소듐하이알루로네이트, 로즈마리잎오일, 하이드로제네이티드레시틴, 하이드로제네이티드포스파티딜콜린, 피토스핑고신, 콜레스테롤, 다마스크장미꽃오일, 하이드롤라이즈드하이알루로닉애씨드, 하이알루로닉애씨드, 소듐하이알루로네이트크로스폴리머, 카놀라오일, 로즈마리잎추출물, 소듐아세틸레이티드하이알루로네이트"
레티놀 볼륨 립 세럼 튜브 7g,프리메라,"(로지) 하이드로제네이티드폴리(C6-14올레핀), 하이드로제네이티드폴리아이소부텐, 카프릴릭/카프릭트라이글리세라이드, 에틸렌/프로필렌/스타이렌코폴리머, 토코페릴아세테이트, 폴리글리세릴-2트라이아이소스테아레이트, 부틸렌/에틸렌/스타이렌코폴리머, 티타늄디옥사이드 (CI 77891), 멘톡시프로판다이올, 적색산화철, 돌콩오일, 아스코빌테트라이소팔미테이트, 리모넨, 적색201호, 적색202호, 레티놀(500IU/G), 펜타에리스리틸테트라-다이-T-부틸하이드록시하이드로신나메이트, 정제수, 제라니올, 흑색산화철, 알루미늄하이드록사이드, 트라이에톡시카프릴릴실레인, 필리핀오렌지껍질오일, 광곽향오일, 글리세린, 베르가모트오일, 리날룰, 시트로넬올, 마트리카리아꽃오일, 센티드제라늄꽃오일, 프로판다이올, 세라마이드엔피, 콩폴리펩타이드, 팔마로사오일, 락토바실러스발효용해물, 라벤더오일, 오렌지껍질추출물, 피마자씨오일, 부틸렌글라이콜, 소듐하이알루로네이트, 하이드롤라이즈드익스텐신, 호호바씨오일, 폴리글리세릴-10라우레이트, 로즈마리잎오일, 1,2-헥산다이올, 하이드롤라이즈드하이알루로닉애씨드, 하이드로제네이티드레시틴, 다마스크장미꽃오일, 토코페롤, 소듐하이알루로네이트크로스폴리머, 하이알루로닉애씨드, 에틸헥실글리세린, 소듐아세틸레이티드하이알루로네이트"
오가니언스 베리어 리페어 씨드 펩타이드 리저브 세럼 30ml,프리메라,화장품법에 따른 기능성 화장품 심사를 필함
오가니언스 베리어 리페어 하이드레이션 크림 에멀젼 160ml,프리메라,"""정제수, 부틸렌글라이콜, 글리세린, 펜타에리스리틸테트라에틸헥사 노에이트, 하이드로제네이티드폴리아이소부텐, 하이드로제네이티드폴리 (C6-14올레핀), 비스-하이드록시에톡시프로필다이메티콘, 글리세릴스테아 레이트시트레이트, 1,2-헥산다이올, 글리세릴스테아레이트, 세테아릴알코올, 하이드로제네이티드식물성오일, 락토바실러스발효용해물, 스테아릭애씨드, 페닐트라이메티콘, 해바라기씨오일, 글리세릴폴리메타크릴레이트, 팔미틱 애씨드, 카보머, 당근추출물, 잔탄검, 글리세릴카프릴레이트, 호두추출물, 에틸 헥실글리세린, 리모넨, 소듐폴리아크릴로일다이메틸타우레이트, 트로메타민, 다이소듐이디티에이, 다이포타슘글리시리제이트, 알란토인, 마데카소사이드, 콩폴리펩타이드, 제라니올, 덱스트린, 카카오추출물, 필리핀오렌지껍질오일, 광곽향오일, 베타-카로틴, 베르가모트오일, 리날룰, 토코페롤, 검정콩오일, 시트로넬올, 마트리카리아꽃오일, 센티드제라늄꽃오일, 카프릴릭/카프릭 트라이글리세라이드, 프로판다이올, 팔마로사오일, 라벤더오일, 오렌지껍질 추출물, 피마자씨오일, 세라마이드엔피, 소듐하이알루로네이트, 하이드로제 네이티드레시틴, 로즈마리잎오일, 하이드로제네이티드포스파티딜콜린, 피토 스핑고신, 콜레스테롤, 하이드롤라이즈드하이알루로닉애씨드, 다마스크장미 꽃오일, 하이알루로닉애씨드, 소듐하이알루로네이트크로스폴리머, 카놀라오일, 로즈마리잎추출물, 소듐아세틸레이티드하이알루로네이트"""
리페어링 세라캡슐 UV프로텍터 40ml,프리메라,"정제수, 부틸렌글라이콜, 호모살레이트, 디에칠아미노하이드록시벤조일헥실벤조에이트, 에칠헥실살리실레이트, 페닐트라이메티콘, 글리세린, C12-15알킬벤조에이트, 실리카, 비스-에칠헥실옥시페놀메톡시페닐트리아진, 다이부틸아디페이트, 테레프탈릴리덴디캠퍼설포닉애씨드, 세테아릴알코올, 1,2-헥산다이올, 트로메타민, 락토바실러스발효용해물, 포타슘세틸포스페이트, 글리세릴스테아레이트, 스테아릭애씨드, 하이드록시프로필비스팔미타마이드엠이에이, 아크릴레이트/C10-30알킬아크릴레이트크로스폴리머, 폴리아크릴레이트크로스폴리머-6, 만니톨, 베헤닐알코올, 하이드로제네이티드레시틴, 글리세릴카프릴레이트, 에틸헥실글리세린, 황금추출물, 폴리글리세릴-3메틸글루코오스다이스테아레이트, 팔미틱애씨드, 다이소듐이디티에이, 아크릴레이트/암모늄메타크릴레이트코폴리머, 리모넨, 카보머, 광곽향오일, 제라니올, 콩폴리펩타이드, 콜레스테롤, 베르가모트추출물, 시트로넬올, 레몬껍질오일, 리날룰, 센티드제라늄꽃오일, 하이드롤라이즈드옥수수전분, 소나무잎추출물, 팔마로사오일, 라벤더오일, 시트랄, 미리스틱애씨드, 마트리카리아꽃오일, 로즈마리잎오일, 라우릭애씨드, 왕귤껍질오일, 토코페롤, 갈립검오일, 필리핀오렌지껍질오일, 베르가모트껍질오일"
더 핸드크림 미스트 20ml,프리메라,"정제수, 글리세린, 부틸렌글라이콜, 프로판다이올, 폴리글리세린-3, 하이드로제네이티드쌀겨오일, 1,2-헥산다이올, 락토바실러스발효용해물, 하이드로제네이티드레시틴, 펜틸렌글라이콜, 피피지-13-데실테트라데세스-24, 에틸헥실글리세린, 리모넨, 소듐스테아로일글루타메이트, 다이소듐이디티에이, 녹차씨오일, 콩폴리펩타이드, 제라니올, 필리핀오렌지껍질오일, 광곽향오일, 베르가모트오일, 리날룰, 시트로넬올, 마트리카리아꽃오일, 센티드제라늄꽃오일, 시어버터, 호호바씨오일, 팔마로사오일, 라벤더오일, 오렌지껍질추출물, 피마자씨오일, 소듐하이알루로네이트, 로즈마리잎오일, 토코페롤, 하이드롤라이즈드하이알루로닉애씨드, 다마스크장미꽃오일, 소듐하이알루로네이트크로스폴리머, 하이알루로닉애씨드, 소듐아세틸레이티드하이알루로네이트, 시트릭애씨드"
알파인 베리 워터리 크림 50ml,프리메라,"정제수, 글리세린, 부틸렌글라이콜, 스쿠알란, 비스-하이 드록시에톡시프로필다이메티콘, 카프릴릭/카프릭/미리스틱/스테 아릭트라이글리세라이드, 수크로오스폴리스테아레이트, 나이아신 아마이드, 다이카프릴릴에터, 메틸트라이메티콘, 우레아, 펜타 에리스리틸테트라에틸헥사노에이트, 1,2-헥산다이올, 글리세릴 스테아레이트, 카카오씨버터, 폴리글리세릴-3메틸글루코오스 다이스테아레이트, 스테아릭애씨드, 피토스테롤, 팔미틱애씨드, 하이드로제네이티드폴리아이소부텐, 하이드록시에틸아크릴 레이트/소듐아크릴로일다이메틸타우레이트코폴리머, 세테아릴 알코올, 아크릴레이트/C10-30알킬아크릴레이트크로스폴리머, 잔탄검, 글리세릴카프릴레이트, 트로메타민, 에틸헥실글리세린, 향료, 솔비탄아이소스테아레이트, 다이소듐이디티에이, 리모넨, 마데카소사이드, 서양산딸기추출물(40ppm), 리날룰, 미리스틱 애씨드, 아라키딕애씨드, 토코페롤, 야생딸기잎추출물(5ppm), 돌콩오일"
알파인 베리 워터리 크림 150ml,프리메라,"정제수, 글리세린, 부틸렌글라이콜, 스쿠알란, 비스-하이 드록시에톡시프로필다이메티콘, 카프릴릭/카프릭/미리스틱/스테 아릭트라이글리세라이드, 수크로오스폴리스테아레이트, 나이아신 아마이드, 다이카프릴릴에터, 메틸트라이메티콘, 우레아, 펜타 에리스리틸테트라에틸헥사노에이트, 1,2-헥산다이올, 글리세릴 스테아레이트, 카카오씨버터, 폴리글리세릴-3메틸글루코오스 다이스테아레이트, 스테아릭애씨드, 피토스테롤, 팔미틱애씨드, 하이드로제네이티드폴리아이소부텐, 하이드록시에틸아크릴 레이트/소듐아크릴로일다이메틸타우레이트코폴리머, 세테아릴 알코올, 아크릴레이트/C10-30알킬아크릴레이트크로스폴리머, 잔탄검, 글리세릴카프릴레이트, 트로메타민, 에틸헥실글리세린, 향료, 솔비탄아이소스테아레이트, 다이소듐이디티에이, 리모넨, 마데카소사이드, 서양산딸기추출물(40ppm), 리날룰, 미리스틱 애씨드, 아라키딕애씨드, 토코페롤, 야생딸기잎추출물(5ppm), 돌콩오일"
NEW 비타티놀 바운시 리프트 세럼 30g 1입,프리메라,"정제수, 부틸렌글라이콜, 글리세린, 메틸글루세스-20, 아스코빌글루코사이드, 나이아신아마이드, 카프릴릴메티콘, 카프릴릭/카프릭트라이글리세라이드, 하이드로제네이티드폴리아이소부텐, 1,2-헥산다이올, 트로메타민, 하이드록시에틸아크릴레이트/소듐아크릴로일다이메틸타우레이트코폴리머, 폴리솔베이트20, 폴리아크릴레이트-13, 다이메티콘, 판테놀, 소듐스테아로일글루타메이트, 소듐시트레이트, 폴리아이소부텐, 폴리아크릴레이트크로스폴리머-6, 다이메틸아이소소바이드, 락토바실러스/콩추출물발효여과물, 해바라기씨오일, 옥수수전분, 돌콩오일, 만니톨, 수크로오스, 마이크로크리스탈린셀룰로오스, 글리세릴카프릴레이트, 스핑고모나스발효추출물, 에틸헥실글리세린, 솔비탄아이소스테아레이트, 소듐메타포스페이트, 당근추출물, 아데노신, 하이드록시피나콜론레티노에이트, 시트릭애씨드, 레티놀, 티타늄디옥사이드 (CI 77891), 황색산화철, 엑토인, 하이드로제네이티드레시틴, 아스코빅애씨드, 베타-카로틴, 토코페롤, 펜틸렌글라이콜, 프로필렌글라이콜, 소듐하이알루로네이트, 카보머, 아세틸테트라펩타이드-11, 아라비아고무나무검, 프로필렌글라이콜알지네이트"
씨드 앤 스프라우트 에너지 마스크_로터스 5매 20ml,프리메라,"정제수, 부틸렌글라이콜, 사이클로펜타실록세인, 글리세린, 글리세레스-26, 에탄올, 사이클로헥사실록세인, 트레할로오스, 프로판다이올, 다이메티콘올, 카보머, 1,2-헥산다이올, 폴리글리세릴-10라우레이트, 글리세릴카프릴레이트, 포타슘하이드록사이드, 병풀추출물, 소듐폴리아크릴레이트, 에틸헥실글리세린, 다이소듐이디티에이, 모란뿌리추출물, 마트리카리아꽃추출물, 향료, 불가리스쑥추출물, 돌콩싹추출물, 참마뿌리추출물, 약모밀추출물, 쌀추출물, 연꽃씨추출물, 소듐벤조에이트"
알파인 베리 워터리 수딩 젤크림 100ml,프리메라,"정제수, 프로판다이올, 글리세린, 메도우폼씨오일, 베타인, 베헤닐알코올, 1,2-헥산다이올, 부틸렌글라이콜, 카보머, 피토스테롤, 호호바에스터, 트로메타민, 아라키딜알코올, 글리세릴카프릴레이트, 에틸헥실글리세린, 다이소듐이디티에이, 아라키딜글루코사이드, 콘민트잎추출물, 서양산딸기추출물(40ppm), 토코페롤, 글루코오스, 야생딸기잎추출물(5ppm)"
알파인 베리 워터리 수딩젤 크림 75ml,프리메라,"정제수, 프로판다이올, 글리세린,메도우폼씨오일, 베타인, 베헤닐알코올,1,2-헥산다이올, 부틸렌글라이콜, 카보머,피토스테롤, 호호바에스터, 트로메타민,아라키딜알코올, 글리세릴카프릴레이트,에틸헥실글리세린, 다이소듐이디티에이,아라키딜글루코사이드, 콘민트잎추출물,서양산딸기추출물(40ppm), 토코페롤,글루코오스, 야생딸기잎추출물(5ppm)"
마일드 앤 퍼펙트 포어 필링 패드 60매,프리메라,"정제수, 부틸렌글라이콜, 글리세레스-26, 나이아신아마이드, 프로판다이올, 1,2-헥산다이올, 폴리글리세릴-10라우레이트, 글리세린, 글루 코노락톤, 에틸헥실글리세린, 스쿠알란, 세틸에틸헥사노에이트, 하이드록시에틸셀룰로오스, 잔탄검, 카프릴로일살리실릭애씨드, 하이드로제네이티 드폴리데센, 올리브오일, 하이드로제네이티드레시틴, 탱자추출물, 폴리글리세릴-3메틸 글루코오스다이스테아레이트, 시트릭애씨드, 다이소듐이디티 에이, 판테놀, 소듐시트레이트, 효모발효물, 카프릴릭/카프릭트라이글리세라이드, 락토바실러스발효물, 리모넨, 베르가모트오일, 브루셀스프라 우트추출물, 리날룰, 토코페롤, 병풀추출물, 약모밀추출물, 콩폴리펩타이드, 향부자 추출물, 소듐아스코빌포스페이트, 칡뿌리추출물, 당느릅나무 뿌리추출물, 달맞이꽃추출물, 대왕소나무잎추출물, 세라마이드엔피, 조추출물"
알파인베리 워터리 수딩젤 크림 50ml,프리메라,"""정제수, 프로판다이올, 글리세린, 메도우폼씨오일, 베타인, 베헤닐알코올, 1,2-헥산다이올, 부틸렌글라이콜, 카보머, 피토스테롤, 호호바에스터, 트로메타민, 아라키딜알코올, 글리세릴카프릴레이트, 에틸헥실글리세린, 다이소듐이디티에이, 아라키딜글루코사이드, 콘민트잎추출물, 서양산딸기추출물(40ppm), 토코페롤, 글루코오스, 야생딸기잎추출물(5ppm)"""
리페어링 세라캡슐 UV프로텍터 톤업 프라이밍 40ml,프리메라,"정제수, 호모살레이트, 부틸렌글라이콜, 디에칠아미노하이드록시벤조일헥실벤조에이트, 에칠헥실살리실레이트, 글리세린, 페닐트라이메티콘, C12-15알킬벤조에이트, 비스-에칠헥실옥시페놀메톡시페닐트리아진, 나이아신아마이드, 다이부틸아디페이트, 티타늄디옥사이드 (CI 77891), 테레프탈릴리덴디캠퍼설포닉애씨드, 세테아릴알코올, 실리카, 1,2-헥산다이올, 락토바실러스발효용해물, 트로메타민, 포타슘세틸포스페이트, 폴리아크릴레이트크로스폴리머-6, 소듐폴리아크릴로일다이메틸타우레이트, 글리세릴스테아레이트, 하이드로제네이티드레시틴, 카프릴릴글라이콜, 에틸헥실글리세린, 스테아릭애씨드, 폴리글리세릴-3메틸글루코오스다이스테아레이트, 팔미틱애씨드, 다이소듐이디티에이, 알루미늄하이드록사이드, 적색산화철, 하이드록시프로필비스팔미타마이드엠이에이, 트라이에톡시카프릴릴실레인, 만니톨, 리모넨, 콩폴리펩타이드, 광곽향오일, 제라니올, 아크릴레이트/암모늄메타크릴레이트코폴리머, 레몬껍질오일, 베르가모트추출물, 시트로넬올, 리날룰, 센티드제라늄꽃오일, 팔마로사오일, 미리스틱애씨드, 라벤더오일, 콜레스테롤, 라우릭애씨드, 마트리카리아꽃오일, 로즈마리잎오일, 왕귤껍질오일, 토코페롤, 필리핀오렌지껍질오일, 갈립검오일, 베르가모트껍질오일"
알파인베리 워터리 크림 100ml*2입 + 월리 우프 무드등,프리메라,"정제수, 글리세린, 부틸렌글라이콜, 스쿠알란, 비스-하이 드록시에톡시프로필다이메티콘, 카프릴릭/카프릭/미리스틱/스테 아릭트라이글리세라이드, 수크로오스폴리스테아레이트, 나이아신 아마이드, 다이카프릴릴에터, 메틸트라이메티콘, 우레아, 펜타 에리스리틸테트라에틸헥사노에이트, 1,2-헥산다이올, 글리세릴 스테아레이트, 카카오씨버터, 폴리글리세릴-3메틸글루코오스 다이스테아레이트, 스테아릭애씨드, 피토스테롤, 팔미틱애씨드, 하이드로제네이티드폴리아이소부텐, 하이드록시에틸아크릴 레이트/소듐아크릴로일다이메틸타우레이트코폴리머, 세테아릴 알코올, 아크릴레이트/C10-30알킬아크릴레이트크로스폴리머, 잔탄검, 글리세릴카프릴레이트, 트로메타민, 에틸헥실글리세린, 향료, 솔비탄아이소스테아레이트, 다이소듐이디티에이, 리모넨, 마데카소사이드, 서양산딸기추출물(40ppm), 리날룰, 미리스틱 애씨드, 아라키딕애씨드, 토코페롤, 야생딸기잎추출물(5ppm), 돌콩오일"
비타티놀 바운시 리프트 세럼 30g 4입 + 월리 우프 무드등,프리메라,"정제수, 부틸렌글라이콜, 글리세린, 메틸글루세스-20, 아스코빌글루코사이드, 나이아신아마이드, 카프릴릴메티콘, 카프릴릭/카프릭트라이글리세라이드, 하이드로제네이티드폴리아이소부텐, 1,2-헥산다이올, 트로메타민, 하이드록시에틸아크릴레이트/소듐아크릴로일다이메틸타우레이트코폴리머, 폴리솔베이트20, 폴리아크릴레이트-13, 다이메티콘, 판테놀, 소듐스테아로일글루타메이트, 소듐시트레이트, 폴리아이소부텐, 폴리아크릴레이트크로스폴리머-6, 다이메틸아이소소바이드, 락토바실러스/콩추출물발효여과물, 해바라기씨오일, 옥수수전분, 돌콩오일, 만니톨, 수크로오스, 마이크로크리스탈린셀룰로오스, 글리세릴카프릴레이트, 스핑고모나스발효추출물, 에틸헥실글리세린, 솔비탄아이소스테아레이트, 소듐메타포스페이트, 당근추출물, 아데노신, 하이드록시피나콜론레티노에이트, 시트릭애씨드, 레티놀, 티타늄디옥사이드 (CI 77891), 황색산화철, 엑토인, 하이드로제네이티드레시틴, 아스코빅애씨드, 베타-카로틴, 토코페롤, 펜틸렌글라이콜, 프로필렌글라이콜, 소듐하이알루로네이트, 카보머, 아세틸테트라펩타이드-11, 아라비아고무나무검, 프로필렌글라이콜알지네이트"
워터리 에센스 250ml 더블 세트,프리메라,"정제수, 프로판다이올, 부틸렌글라이콜, 글리세린, 1,2-헥산다이올, 피피지-13-데실테트라데세스-24, 다이소듐이디티에이, 에틸헥실글리세린, 덱스트린, 카카오추출물, 에탄올, 하이알루로닉애씨드, 황금추출물, 약모밀추출물, 글루코노락톤, 사철쑥추출물, 토코페롤"
마일드 앤 퍼펙트 클렌징 오일 투 폼 200ml 더블 기프트 세트,프리메라,"정제수, 글리세린, 다이프로필렌글라이콜, 라우릴베타인, 포타슘코코일글리시네이트, 라우릴글루코사이드, 폴리글리세릴-6카프릴레이트, 다이소듐코코암포다이아세테이트, 1,2-헥산다이올, 라우릴하이드록시설테인, 코코-글루코사이드, 폴리글리세릴-10라우레이트, 아크릴레이트코폴리머, 소듐클로라이드, 데실글루코사이드, 피피지-7, 향료, 카프릴릭/카프릭트라이글리세라이드, 호호바씨오일, 폴리글리세릴-10다이아이소스테아레이트, 에틸헥실글리세린, 알지닌, 아스파틱애씨드, 글루타믹애씨드, 콩폴리펩타이드, 덱스트린, 카카오추출물, 토코페롤"
비타티놀 인텐스 바운시 리프트 마스크 크림 30ml+리필 30ml 더블 세트,프리메라,"정제수, 부틸렌글라이콜, 글리세린, 하이드로제네이티드폴리(C6-14올레핀), 펜타에리스리틸테트라에틸헥사노에이트, 판테놀, 폴리글리세릴-3다이스테아레이트, 다이메티콘, 에틸헥실팔미테이트, 나이아신아마이드, 피토스테릴/베헤닐/옥틸도데실라우로일글루타메이트, 1,2-헥산다이올, 세테아릴알코올, 글리세릴스테아레이트, 토코페릴아세테이트, 아이소노닐아이소노나노에이트, 스쿠알란, 하이드로제네이티드폴리아이소부텐, 하이드로제네이티드로진, 피이지-100스테아레이트, 풀루란, 합성왁스, 하이드록시에틸셀룰로오스, 다이메틸아이소소바이드, 하이드록시에틸아크릴레이트/소듐아크릴로일다이메틸타우레이트코폴리머, 피브이피, 돌콩오일, 카프릴릭/카프릭트라이글리세라이드, 락토바실러스/콩추출물발효여과물, 트라이메틸실록시실리케이트, 글리세릴스테아레이트시트레이트, 폴리프로필실세스퀴옥세인, 에틸헥실글리세린, 글리세릴카프릴레이트, 칸데릴라왁스에스터, 카프릴릴메티콘, 세테아릴글루코사이드, 폴리쿼터늄-51, 잔탄검, 소듐메타포스페이트, 하이드록시피나콜론레티노에이트, 아데노신, 캐스터오일/아이피디아이코폴리머, 레티놀, 유비퀴논, 하이드로제네이티드폴리(C6-20올레핀), 솔비탄아이소스테아레이트, 아스코빌테트라이소팔미테이트, 카나우바왁스, 글루코노락톤, 엑토인, 에이치디아이/트라이메틸올헥실락톤크로스폴리머, 아크릴레이트/C10-30알킬아크릴레이트크로스폴리머, 폴리솔베이트60, 다이소듐포스페이트, 트로메타민, 아스코빌글루코사이드, 아스코빅애씨드, 토코페롤, 펜틸렌글라이콜, 소듐포스페이트, 프로필렌글라이콜, 소듐하이알루로네이트, 카보머, 아라비아고무나무검, 프로필렌글라이콜알지네이트, 수용성콜라겐"
비타티놀 세럼 메가샷 마스크세트 34g*5매 X 4개 세트,프리메라,"정제수, 글리세린, 다이프로필렌글라이콜, 세틸에틸헥사노에이트, 나이아신아마이드(20,000ppm), 1,2-헥산다이올, 판테놀(13,000ppm), 캐롭검, 카라기난, 다이글리세린, 아이리쉬모스추출물, 카프릴릭/카프릭트라이글리세라이드, 시어버터, 에틸헥실올리베이트, 잔탄검, 셀룰로오스검, 포타슘클로라이드, 폴리아크릴레이트-13, 글리세릴스테아 레이트, 소듐아크릴레이트코폴리머, 수크로오스, 폴리글리세릴-4올리에이트, 에틸헥실글리세린, 하이드로제네이 티드폴리아이소부텐, 아데노신, 다이소듐이디티에이, 아가, 향료, 폴리글리세릴-10라우레이트, 에틸헥실팔미테이트, 구아검, 콩폴리펩타이드, 마그네슘아스코빌포스페이트(98.85ppm), 부틸렌글라이콜, 솔비탄아이소스테아레이트, 레틴알(50ppm), 아스코빅애씨드(10.5ppm), 해바라기씨오일, 돌콩오일, 세라마이드엔피, 하이드로제네이티드 레시틴, 크산토필, 레티놀(1ppm), 포스포릭애씨드(0.65ppm), 소듐아스코빌포스페이트(0.4ppm), 토코페롤"
마일드 앤 퍼펙트 페이셜 필링 250ml,프리메라,"정제수, 글리세린, 스테아트리모늄메토설페이트, 아크릴레이트/C10-30알킬아크릴레이트크로스폴리머, 이소프로필알코올, 디스테아릴디모늄클로라이드, 리모넨, 코카미도프로필베타인, 부틸렌글라이콜, 향료, 리날룰, 소듐클로라이드, 브로콜리추출물, 소듐벤조에이트, 인도멀구슬나무추출물, 보리지추출물, 방울양 배추추출물, 해바라기추출물, 야생딸기잎추출물, 인디언구스베리추출물, 폴리쿼터늄-51, 페녹시에탄올, 디소듐이디티에이"
비타티놀 인텐스 바운시 리프트 마스크 크림 30ml,프리메라,"정제수, 부틸렌글라이콜, 글리세린, 하이드로제네이티드폴리(C6-14올레핀), 펜타에리스리틸테트라에틸헥사노에이트, 판테놀, 폴리글리세릴-3다이스테아레이트, 다이메티콘, 에틸헥실팔미테이트, 나이아신아마이드, 피토스테릴/베헤닐/옥틸도데실라우로일글루타메이트, 1,2-헥산다이올, 세테아릴알코올, 글리세릴스테아레이트, 토코페릴아세테이트, 아이소노닐아이소노나노에이트, 스쿠알란, 하이드로제네이티드폴리아이소부텐, 하이드로제네이티드로진, 피이지-100스테아레이트, 풀루란, 합성왁스, 하이드록시에틸셀룰로오스, 다이메틸아이소소바이드, 하이드록시에틸아크릴레이트/소듐아크릴로일다이메틸타우레이트코폴리머, 피브이피, 돌콩오일, 카프릴릭/카프릭트라이글리세라이드, 락토바실러스/콩추출물발효여과물, 트라이메틸실록시실리케이트, 글리세릴스테아레이트시트레이트, 폴리프로필실세스퀴옥세인, 에틸헥실글리세린, 글리세릴카프릴레이트, 칸데릴라왁스에스터, 카프릴릴메티콘, 세테아릴글루코사이드, 폴리쿼터늄-51, 잔탄검, 소듐메타포스페이트, 하이드록시피나콜론레티노에이트, 아데노신, 캐스터오일/아이피디아이코폴리머, 레티놀, 유비퀴논, 하이드로제네이티드폴리(C6-20올레핀), 솔비탄아이소스테아레이트, 아스코빌테트라이소팔미테이트, 카나우바왁스, 글루코노락톤, 엑토인, 에이치디아이/트라이메틸올헥실락톤크로스폴리머, 아크릴레이트/C10-30알킬아크릴레이트크로스폴리머, 폴리솔베이트60, 다이소듐포스페이트, 트로메타민, 아스코빌글루코사이드, 아스코빅애씨드, 토코페롤, 펜틸렌글라이콜, 소듐포스페이트, 프로필렌글라이콜, 소듐하이알루로네이트, 카보머, 아라비아고무나무검, 프로필렌글라이콜알지네이트, 수용성콜라겐"
마일드 앤 퍼펙트 포어 필링 패드 60매*2,프리메라,"정제수, 부틸렌글라이콜, 글리세레스-26, 나이아신아마이드, 프로판다이올, 1,2-헥산다이올, 폴리글리세릴-10라우레이트, 글리세린, 글루 코노락톤, 에틸헥실글리세린, 스쿠알란, 세틸에틸헥사노에이트, 하이드록시에틸셀룰로오스, 잔탄검, 카프릴로일살리실릭애씨드, 하이드로제네이티 드폴리데센, 올리브오일, 하이드로제네이티드레시틴, 탱자추출물, 폴리글리세릴-3메틸 글루코오스다이스테아레이트, 시트릭애씨드, 다이소듐이디티 에이, 판테놀, 소듐시트레이트, 효모발효물, 카프릴릭/카프릭트라이글리세라이드, 락토바실러스발효물, 리모넨, 베르가모트오일, 브루셀스프라 우트추출물, 리날룰, 토코페롤, 병풀추출물, 약모밀추출물, 콩폴리펩타이드, 향부자 추출물, 소듐아스코빌포스페이트, 칡뿌리추출물, 당느릅나무 뿌리추출물, 달맞이꽃추출물, 대왕소나무잎추출물, 세라마이드엔피, 조추출물"
후리 앤 후리 소프트폼 150ml*2,프리메라,"정제수, 글리세린, 1,2-헥산다이올, 다이소듐코코일글루타메이트, 라우릴글루코사이드, 시트릭애씨드, 향료, 글리세릴카프릴레이트, 에틸헥실글리세린, 다이소듐이디티에이, 불가리스쑥오일, 덱스트린, 황해쑥잎수, 부틸렌글라이콜, 검정콩오일, 토코페롤, 락토바실러스발효용해물, 세라마이드엔피, 피토스핑고신, 하이드로제네이티드레시틴, 카놀라오일, 로즈마리잎추출물"
비타티놀 세럼 메가샷 마스크세트 34g*5매X2개,프리메라,"정제수, 글리세린, 다이프로필렌글라이콜, 세틸에틸헥사노에이트, 나이아신아마이드(20,000ppm), 1,2-헥산다이올, 판테놀(13,000ppm), 캐롭검, 카라기난, 다이글리세린, 아이리쉬모스추출물, 카프릴릭/카프릭트라이글리세라이드, 시어버터, 에틸헥실올리베이트, 잔탄검, 셀룰로오스검, 포타슘클로라이드, 폴리아크릴레이트-13, 글리세릴스테아 레이트, 소듐아크릴레이트코폴리머, 수크로오스, 폴리글리세릴-4올리에이트, 에틸헥실글리세린, 하이드로제네이 티드폴리아이소부텐, 아데노신, 다이소듐이디티에이, 아가, 향료, 폴리글리세릴-10라우레이트, 에틸헥실팔미테이트, 구아검, 콩폴리펩타이드, 마그네슘아스코빌포스페이트(98.85ppm), 부틸렌글라이콜, 솔비탄아이소스테아레이트, 레틴알(50ppm), 아스코빅애씨드(10.5ppm), 해바라기씨오일, 돌콩오일, 세라마이드엔피, 하이드로제네이티드 레시틴, 크산토필, 레티놀(1ppm), 포스포릭애씨드(0.65ppm), 소듐아스코빌포스페이트(0.4ppm), 토코페롤"
오가니언스 BR 소프트 필링 투 폼 클렌저 120ml,프리메라,"정제수, 글리세린, 다이소듐코코일글루타메이트, 라우릴하이드록시설테인, 셀룰로오스, 아크릴레이트코폴리머, 코코-글루코사이드, 데실글루코사이드, 소듐클로라이드, 1,2-헥산다이올, 시트릭애씨드, 락토바실러스발효용해물, 트로메타민, 살리실릭애씨드, 부틸렌글라이콜, 약모밀가루, 리모넨, 폴리쿼터늄-10, 에틸헥실글리세린, 다이포타슘글리시리제이트, 알란토인, 제라니올, 하이알루로닉애씨드, 마데카소사이드, 글루코노락톤, 필리핀오렌지껍질오일, 광곽향오일, 센티드제라늄꽃오일, 베르가모트오일, 마트리카리아꽃오일, 팔마로사오일, 오렌지껍질추출물, 라벤더오일, 검정콩오일, 프로판다이올, 피마자씨오일, 세라마이드엔피, 로즈마리잎오일, 소듐하이알루로네이트, 피토스핑고신, 하이드로제네이티드레시틴, 다마스크장미꽃오일, 토코페롤, 하이드롤라이즈드하이알루로닉애씨드, 소듐하이알루로네이트크로스폴리머, 카놀라오일, 로즈마리잎추출물, 소듐아세틸레이티드하이알루로네이트"
마일드 앤 퍼펙트 페이셜 필링 150ml*2,프리메라,"정제수, 글리세린, 스테아트리모늄메토설페이트, 아크릴레이트/C10-30알킬아크릴레이트크로스폴리머, 이소프로필알코올, 디스테아릴디모늄클로라이드, 리모넨, 코카미도프로필베타인, 부틸렌글라이콜, 향료, 리날룰, 소듐클로라이드, 브로콜리추출물, 소듐벤조에이트, 인도멀구슬나무추출물, 보리지추출물, 방울양 배추추출물, 해바라기추출물, 야생딸기잎추출물, 인디언구스베리추출물, 폴리쿼터늄-51, 페녹시에탄올, 디소듐이디티에이"
나이아시카 수딩글로우 워터리 크림,프리메라,"정제수, 글리세린, 부틸렌글라이콜, 스쿠알란, 비스-하이드록시에톡시프로필다이메티콘, 카프릴릭/카프릭/미리스틱/스테아릭트라이글리세라이드, 다이카프릴릴에터, 폴리글리세릴-3다이스테아레이트, 메틸트라이메티콘, 1,2-헥산다이올, 카카오씨버터, 카프릴릭/카프릭트라이글리세라이드, 글리세릴스테아레이트, 세테아릴알코올, 락토바실러스발효용해물, C10-18트라이글리세라이즈, 판테놀(0.5%), 피토스테롤, 팔미틱애씨드, 하이드록시에틸아크릴레이트/소듐아크릴로일다이메틸타우레이트코폴리머, 스테아릭애씨드, 나이아신아마이드(0.11%), 아크릴레이트/C10-30알킬아크릴레이트크로스폴리머, 글리세릴스테아레이트시트레이트, 잔탄검, 글리세릴카프릴레이트, 에틸헥실글리세린, 트로메타민, 솔비탄아이소스테아레이트, 소듐메타포스페이트, 마데카소사이드(0.01%), 콩폴리펩타이드, 토코페롤, 징크클로라이드, 프로필렌글라이콜, 소듐하이알루로네이트"
나이아시카 수딩글로우 워터리 크림,프리메라,"정제수, 글리세린, 부틸렌글라이콜, 스쿠알란, 비스-하이드록시에톡시프로필다이메티콘, 카프릴릭/카프릭/미리스틱/스테아릭트라이글리세라이드, 다이카프릴릴에터, 폴리글리세릴-3다이스테아레이트, 메틸트라이메티콘, 1,2-헥산다이올, 카카오씨버터, 카프릴릭/카프릭트라이글리세라이드, 글리세릴스테아레이트, 세테아릴알코올, 락토바실러스발효용해물, C10-18트라이글리세라이즈, 판테놀(0.5%), 피토스테롤, 팔미틱애씨드, 하이드록시에틸아크릴레이트/소듐아크릴로일다이메틸타우레이트코폴리머, 스테아릭애씨드, 나이아신아마이드(0.11%), 아크릴레이트/C10-30알킬아크릴레이트크로스폴리머, 글리세릴스테아레이트시트레이트, 잔탄검, 글리세릴카프릴레이트, 에틸헥실글리세린, 트로메타민, 솔비탄아이소스테아레이트, 소듐메타포스페이트, 마데카소사이드(0.01%), 콩폴리펩타이드, 토코페롤, 징크클로라이드, 프로필렌글라이콜, 소듐하이알루로네이트"
후리 앤 후리 200ml*2,프리메라,"정제수, 부틸렌글라이콜, 하이드록시프로필메틸셀룰로오스, 라우릴베타인, 다이소듐이디티에이, 에틸헥실글리세린, 향료, 시트릭애씨드, 불가리스쑥오일, 덱스트린, 황해쑥잎수, 글리세린, 검정콩오일, 1,2-헥산다이올, 락토바실러스발효용해물, 토코페롤, 세라마이드엔피, 피토스핑고신, 하이드로제네이티드레시틴, 소듐시트레이트, 카놀라오일, 로즈마리잎추출물"
마일드 앤 퍼펙트 클렌징 오일 투 폼 200ml + 오가니언스 BR 소프트 필링 투 폼 클렌저 120ml,프리메라,"[필링 투 폼] 정제수, 글리세린, 다이소듐코코일글루타메이트, 라우릴하이드록시설테인, 셀룰로오스, 아크릴레이트코폴리머, 코코-글루코사이드, 데실글루코사이드, 소듐클로라이드, 1,2-헥산다이올, 시트릭애씨드, 락토바실러스발효용해물, 트로메타민, 살리실릭애씨드, 부틸렌글라이콜, 약모밀가루, 리모넨, 폴리쿼터늄-10, 에틸헥실글리세린, 다이포타슘글리시리제이트, 알란토인, 제라니올, 하이알루로닉애씨드, 마데카소사이드, 글루코노락톤, 필리핀오렌지껍질오일, 광곽향오일, 센티드제라늄꽃오일, 베르가모트오일, 마트리카리아꽃오일, 팔마로사오일, 오렌지껍질추출물, 라벤더오일, 검정콩오일, 프로판다이올, 피마자씨오일, 세라마이드엔피, 로즈마리잎오일, 소듐하이알루로네이트, 피토스핑고신, 하이드로제네이티드레시틴, 다마스크장미꽃오일, 토코페롤, 하이드롤라이즈드하이알루로닉애씨드, 소듐하이알루로네이트크로스폴리머, 카놀라오일, 로즈마리잎추출물, 소듐아세틸레이티드하이알루로네이트 [오일 투 폼] 정제수, 글리세린, 다이프로필렌글라이콜, 라우릴베타인, 포타슘코코일글리시네이트, 라우릴글루코사이드, 폴리글리세릴-6카프릴레이트, 다이소듐코코암포다이아세테이트, 1,2-헥산다이올, 라우릴하이드록시설테인, 코코-글루코사이드, 폴리글리세릴-10라우레이트, 아크릴레이트코폴리머, 소듐클로라이드, 데실글루코사이드, 피피지-7, 향료, 카프릴릭/카프릭트라이글리세라이드, 호호바씨오일, 폴리글리세릴-10다이아이소스테아레이트, 에틸헥실글리세린, 알지닌, 아스파틱애씨드, 글루타믹애씨드, 콩폴리펩타이드, 덱스트린, 카카오추출물, 토코페롤"
UV프로텍터 톤업 SPF50+/PA++++ 50ml,헤라,"정제수, 에칠헥실메톡시신나메이트, 글리세린, 부틸렌글라이콜, 디에칠아미노하이드록시벤조일헥실벤조에이트, 다이부틸아디페이트, 티타늄디옥사이드, 비스-에칠헥실옥시페놀메톡시페닐트리아진, 메틸트라이메티콘, C12-15알킬벤조에이트, 다이메티콘, 실리카, 티타늄디옥사이드 (CI 77891), 나이아신아마이드, 트라이실록세인, 1,2-헥산다이올, 세테아릴알코올, 폴리C10-30알킬아크릴레이트, 하이드록시에틸아크릴레이트/소듐아크릴로일다이메틸타우레이트코폴리머, 알루미늄스테아레이트, 알루미나, 스테아릭애씨드, 폴리하이드록시스테아릭애씨드, 폴리메틸메타크릴레이트, 아크릴레이트/C10-30알킬아크릴레이트크로스폴리머, 소듐폴리아크릴로일다이메틸타우레이트, 글리세릴스테아레이트, 하이드로제네이티드레시틴, 카프릴릴글라이콜, 티몰트라이메톡시신나메이트, 트로메타민, 폴리글리세릴-3메틸글루코오스다이스테아레이트, 팔미틱애씨드, 다이소듐이디티에이, 에틸헥실글리세린, 아데노신, 알루미늄하이드록사이드, 적색산화철, 솔비탄아이소스테아레이트, 트라이에톡시카프릴릴실레인, 황색산화철, 토코페릴아세테이트, 3-O-에틸아스코빅애씨드, 락토바실러스/부레옥잠발효물, 만니톨, 프로판다이올, 에틸헥실팔미테이트, 비에이치티, 펜틸렌글라이콜, 미리스틱애씨드, 페녹시에탄올, 라우릭애씨드, 소듐데하이드로아세테이트, 카보머, 소듐시트레이트, 포타슘솔베이트, 토코페롤, 메톡시피이지-114/폴리엡실론카프로락톤, 복사나무잎추출물, 해바라기씨오일, 라이신, 알지닌, 히스티딘, 시트릭애씨드, 베타-카로틴, 글루코오스, 자일로오스, 디엔에이, 바이오틴, 만노오스, 소듐클로라이드, 레시틴, 하이드로제네이티드포스파티딜콜린, 카퍼트라이펩타이드-1, 소듐포스페이트, 덱스트린, 하이드롤라이즈드오크라추출물, 콜레스테롤, 푸코오스, 다이팔미토일하이드록시프롤린, 아크릴레이트/스테아릴메타크릴레이트코폴리머, 포타슘클로라이드, 포타슘포스페이트, 마그네슘클로라이드, 하이드롤라이즈드기장, 칼슘클로라이드"
NEW 블랙 쿠션 파운데이션 SPF34/PA++,헤라,"[13N1] 정제수, 사이클로펜타실록세인, 메틸트라이메티콘, 부틸렌글라이콜, 티타늄디옥사이드 (CI 77891), 에칠헥실메톡시신나메이트, 마이카, 사이클로헥사실록세인, 트라이메틸실록시실리케이트, 피이지-10다이메티콘, 다이메티콘, 다이스테아다이모늄헥토라이트, 폴리메틸메타크릴레이트, 징크옥사이드, 티타늄디옥사이드, 라우릴피이지-9폴리다이메틸실록시에틸다이메티콘, 아크릴레이트/다이메티콘코폴리머, 소듐클로라이드, 아크릴레이트/스테아릴아크릴레이트/다이메티콘메타크릴레이트코폴리머, 황색산화철, 알루미늄하이드록사이드, 글리세린, 폴리실리콘-11, 폴리솔베이트40, 폴리솔베이트80, 카프릴릴글라이콜, 트라이에톡시카프릴릴실레인, 향료, 라우로일라이신, 스테아릭애씨드, 하이드로제네이티드레시틴, 적색산화철, 에틸헥실글리세린, 다이소듐이디티에이, 흑색산화철, 콘민트잎추출물, 비스머스옥시클로라이드, 커먼자스민꽃추출물, 아이소도데케인, 1,2-헥산다이올, 비에이치티, 아크릴레이트/폴리트라이메틸실록시메타크릴레이트코폴리머, 하이알루로닉애씨드, 토코페롤"
NEW 블랙 쿠션 파운데이션 SPF34/PA++ 15g,헤라,"[13N1] 정제수, 사이클로펜타실록세인, 메틸트라이메티콘, 부틸렌글라이콜, 티타늄디옥사이드 (CI 77891), 에칠헥실메톡시신나메이트, 마이카, 사이클로헥사실록세인, 트라이메틸실록시실리케이트, 피이지-10다이메티콘, 다이메티콘, 다이스테아다이모늄헥토라이트, 폴리메틸메타크릴레이트, 징크옥사이드, 티타늄디옥사이드, 라우릴피이지-9폴리다이메틸실록시에틸다이메티콘, 아크릴레이트/다이메티콘코폴리머, 소듐클로라이드, 아크릴레이트/스테아릴아크릴레이트/다이메티콘메타크릴레이트코폴리머, 황색산화철, 알루미늄하이드록사이드, 글리세린, 폴리실리콘-11, 폴리솔베이트40, 폴리솔베이트80, 카프릴릴글라이콜, 트라이에톡시카프릴릴실레인, 향료, 라우로일라이신, 스테아릭애씨드, 하이드로제네이티드레시틴, 적색산화철, 에틸헥실글리세린, 다이소듐이디티에이, 흑색산화철, 콘민트잎추출물, 비스머스옥시클로라이드, 커먼자스민꽃추출물, 아이소도데케인, 1,2-헥산다이올, 비에이치티, 아크릴레이트/폴리트라이메틸실록시메타크릴레이트코폴리머, 하이알루로닉애씨드, 토코페롤"
센슈얼 누드 글로스 5g,헤라,"다이펜타에리스리틸펜타아이소스테아레이트, 폴리글리세릴-10데카아이소스테아레이트, 하이드로제네이티드폴리아이소부텐, 다이아이소스테아릴말레이트, 폴리부텐, 트라이데실트라이멜리테이트, 실리카다이메틸실릴레이트, 펜타에리스리틸테트라이소스테아레이트, 다이팔미토일하이드록시프로린, 폴리글리세릴-2트라이아이소스테아레이트, 적색산화철, 멘톨, 티타늄디옥사이드 (CI 77891), 리모넨, 흑색산화철, 레몬껍질오일, 토코페롤, 달맞이꽃오일, 피토스테롤, 시트랄, 적색202호, 알루미나, 시트로넬올, 센티드제라늄꽃오일, 리날룰, 제라니올"
리프레싱 클렌징 폼 160g,헤라,"글리세린, 정제수, 미리스틱애씨드, 카올린, 스테아릭애씨드, 피이지-32, 포타슘하이드록사이드, 팔미틱애씨드, 라우릭애씨드, 코카미도프로필베타인, 글리세릴스테아레이트, 피이지-100스테아레이트, 올리브오일피이지-8에스터, 향료, 소듐클로라이드, 옥수수전분, 마이크로크리스탈린셀룰로오스, 락토오스, 소듐메타포스페이트, 수크로오스, 부틸렌글라이콜, 락틱애씨드, 리날룰, 알란토인, 소듐벤조에이트, 리모넨, 티타늄디옥사이드 (CI 77891), 알지닌, 티몰트라이메톡시신나메이트, 나이아신아마이드, 3-O-에틸아스코빅애씨드, 시트릭애씨드, 프로판다이올, 글라이콜릭애씨드, 토코페릴아세테이트, 1,2-헥산다이올, 적색산화철, 아크릴레이트/스테아릴메타크릴레이트코폴리머, 흰목이버섯포자낭과추출물, 하이알루로닉애씨드, 하이드롤라이즈드식물성단백질, 황색산화철, 모란추출물, 소듐하이알루로네이트, 잔탄검, 에틸헥실글리세린, 다이소듐이디티에이, 세라마이드엔피, 하이드롤라이즈드하이알루로닉애씨드, 소듐하이알루로네이트크로스폴리머, 작약뿌리추출물, 소듐아세틸레이티드하이알루로네이트, 작약꽃추출물"
실키 스테이 24H 롱웨어 파운데이션 SPF20/PA++ 30g,헤라,"""정제수, 사이클로펜타실록세인, 티타늄디옥사이드 (CI 77891), 트라이메틸실록시실리케이트, 부틸렌글라이콜, 피이지/피피지-18/18다이메티콘, 사이클로헥사실록세인, 티타늄디옥사이드, 아이소도데케인, 나일론-12, 피이지-10다이메티콘, 폴리글리세릴-3다이아이소스테아레이트, 트라이베헤닌, 다이스테아다이모늄헥토라이트, 황색산화철, 소듐클로라이드, 폴리메틸실세스퀴옥세인, 1,2-헥산다이올, 알루미늄하이드록사이드, 펜틸렌글라이콜, 트라이에톡시카프릴릴실레인, 알루미나, 카프릴릴글라이콜, 적색산화철, 향료, 글리세릴카프릴레이트, 실리카다이메티콘실릴레이트, 잔탄검, 다이소듐이디티에이, 시메티콘, 흑색산화철, 프로필렌글라이콜, 소듐하이알루로네이트, 에틸헥실글리세린 """
블랙 쿠션 파운데이션 퍼프 2ea,헤라,
센슈얼 누드 밤 3.5g,헤라,"하이드로제네이티드캐스터오일다이머다이리놀레에이트, 스쿠알란, 폴리글리세릴-2트라이아이소스테아레이트, 피토스테릴이소스테아릴다이머디리놀리에이트, 피토스테릴/이소스테아릴/세틸/스테아릴/베헤닐다이머디리놀리에이트, 다이펜타에리스리틸헥사하이드록시스테아레이트/헥사스테아레이트/헥사로지네이트, 해바라기씨왁스, 콜레스테릴아이소스테아레이트, 에틸헥실하이드록시스테아레이트, 카프릴릭/카프릭트라이글리세라이드, 호호바에스터, 시어버터, 팔미틱애씨드, 폴리하이드록시스테아릭애씨드, 토코페롤, 카나우바왁스, 세라마이드엔피, 콜레스테롤, 스테아릭애씨드, 토코페릴아세테이트, 실리카다이메틸실릴레이트, 시어버터불검화물, 리모넨, 락틱애씨드, 티타늄디옥사이드 (CI 77891), 레몬껍질오일, 다이페닐다이메티콘, 적색104호의(1), 알루미나, 적색223호, 정제수, 시트로넬올, 센티드제라늄꽃오일, 시트랄, 제라니올, 리날룰, 석류씨오일, 레시틴, 에틸헥실팔미테이트, 아이소스테아릭애씨드, 아이소프로필미리스테이트, 폴리글리세릴-3폴리리시놀리에이트, 프로판다이올, 소듐하이알루로네이트, 1,2-헥산다이올, 하이드롤라이즈드하이알루로닉애씨드, 소듐하이알루로네이트크로스폴리머, 하이알루로닉애씨드, 에틸헥실글리세린, 소듐아세틸레이티드하이알루로네이트"
센슈얼 틴티드 샤인스틱 3.5g,헤라,"다이펜타에리스리틸펜타아이소스테아레이트, 세틸에틸헥사노에이트, 다이페닐다이메티콘, 글리세릴운데실다이메티콘, 피토스테릴/옥틸도데실라우로일글루타메이트, 합성왁스, 옥틸도데칸올, 비스-베헤닐/아이소스테아릴/피토스테릴다이머다이리놀레일다이머다이리놀리에이트, 폴리글리세릴-2트라이아이소스테아레이트, 라우릴폴리글리세릴-3폴리다이메틸실록시에틸다이메티콘, 티타늄디옥사이드 (CI 77891), 적색산화철, 폴리하이드록시스테아릭애씨드, 에틸렌/프로필렌코폴리머, 적색202호, 레시틴, 황색4호, 에틸헥실팔미테이트, 아이소스테아릭애씨드, 아이소프로필미리스테이트, 다이메티콘, 흑색산화철, 폴리글리세릴-3폴리리시놀리에이트, 벤질벤조에이트, 향료, 스쿠알란, 토코페릴아세테이트, 녹차씨오일, 토코페롤, 글리세린, 콩폴리펩타이드, 리날룰, 하이드록시시트로넬알, 검정콩오일, 세라마이드엔피, 피토스핑고신, 하이드로제네이티드레시틴, 카놀라오일, 로즈마리잎추출물"
NEW 리플렉션 스킨 글로우 파운데이션 SPF15/PA++ 30g,헤라,"정제수, 페닐트라이메티콘, 티타늄디옥사이드 (CI 77891), 아이소도데케인, 변성알코올, 에칠헥실살리실레이트, 트라이메틸실록시실리케이트, 다이메티콘, 피토스테릴/옥틸도데실라우로일글루타메이트, 라우릴피이지-9폴리다이메틸실록시에틸다이메티콘, 부틸렌글라이콜, 글리세린, 나이아신아마이드, 옥틸도데실네오펜타노에이트, 카프릴릴메티콘, 락틱애씨드, 티타늄디옥사이드, 다이스테아다이모늄헥토라이트, 세틸피이지/피피지-10/1다이메티콘, 알루미늄하이드록사이드, 포타슘하이드록사이드, 솔비탄세스퀴올리에이트, 흰버드나무껍질추출물, 트로메타민, 황색산화철, 스테아릭애씨드, 보론나이트라이드, 다이소듐스테아로일글루타메이트, 폴리하이드록시스테아릭애씨드, 토코페릴아세테이트, 프로필렌카보네이트, 아크릴레이트/다이메티콘코폴리머, 소듐메타포스페이트, 적색산화철, 레시틴, 에틸헥실팔미테이트, 아이소스테아릭애씨드, 아이소프로필팔미테이트, 폴리글리세릴-3폴리리시놀리에이트, 프로필렌글라이콜, 아이소프로필미리스테이트, 흑색산화철, 1,2-헥산다이올, 프로판다이올, 소듐하이알루로네이트, 스테아로일글루타믹애씨드, 판테놀, 동백나무씨오일, 동백나무씨추출물, 동백나무꽃추출물, 토코페롤, 에틸헥실글리세린, 펜타에리스리틸테트라-다이-t-부틸하이드록시하이드로신나메이트"
NEW 리플렉션 스킨 글로우 쿠션 파운데이션 SPF40/PA++ 15g,헤라,"정제수, 페닐트라이메티콘, 다이페닐실록시페닐트라이메티콘, 마이카, 부틸렌글라이콜, 티타늄디옥사이드 (CI 77891), 다이아이소스테아릴말레이트, 펜타에리스리틸테트라아이소스테아레이트, 글리세린, 비스-다이글리세릴폴리아실아디페이트-2, 메틸트라이메티콘, 변성알코올, 라우릴피이지-10트리스(트라이메틸실록시)실릴에틸다이메티콘, 다이스테아다이모늄헥토라이트, 피이지-10다이메티콘, 트라이메틸실록시실리케이트, 폴리하이드록시스테아릭애씨드, 합성왁스, 다이메티콘, 1,2-헥산다이올, 실리카, 소듐클로라이드, 비스-베헤닐/아이소스테아릴/피토스테릴다이머다이리놀레일다이머다이리놀리에이트, 다이메티콘/폴리글리세린-3크로스폴리머, 카프릴릴글라이콜, 글리세릴카프릴레이트, 소듐메타포스페이트, 에틸헥실글리세린, 틴옥사이드, 프로판다이올, 아스코빅애씨드, 동백나무씨오일, 동백나무씨추출물, 적색산화철, 다이프로필렌글라이콜, 동백나무꽃추출물, 소듐시트레이트, 토코페롤, 트라이에톡시카프릴릴실레인, 소듐벤조에이트, 락틱애씨드, 포타슘솔베이트, 다이아몬드가루, 잔탄검"
NEW 리플렉션 스킨 글로우 쿠션 파운데이션 SPF40/PA++ 15g,헤라,"정제수, 페닐트라이메티콘, 다이페닐실록시페닐트라이메티콘, 마이카, 부틸렌글라이콜, 티타늄디옥사이드 (CI 77891), 다이아이소스테아릴말레이트, 펜타에리스리틸테트라아이소스테아레이트, 글리세린, 비스-다이글리세릴폴리아실아디페이트-2, 메틸트라이메티콘, 변성알코올, 라우릴피이지-10트리스(트라이메틸실록시)실릴에틸다이메티콘, 다이스테아다이모늄헥토라이트, 피이지-10다이메티콘, 트라이메틸실록시실리케이트, 폴리하이드록시스테아릭애씨드, 합성왁스, 다이메티콘, 1,2-헥산다이올, 실리카, 소듐클로라이드, 비스-베헤닐/아이소스테아릴/피토스테릴다이머다이리놀레일다이머다이리놀리에이트, 다이메티콘/폴리글리세린-3크로스폴리머, 카프릴릴글라이콜, 글리세릴카프릴레이트, 소듐메타포스페이트, 에틸헥실글리세린, 틴옥사이드, 프로판다이올, 아스코빅애씨드, 동백나무씨오일, 동백나무씨추출물, 적색산화철, 다이프로필렌글라이콜, 동백나무꽃추출물, 소듐시트레이트, 토코페롤, 트라이에톡시카프릴릴실레인, 소듐벤조에이트, 락틱애씨드, 포타슘솔베이트, 다이아몬드가루, 잔탄검"
UV프로텍터 멀티디펜스 SPF50+/PA++++ 50ml,헤라,"정제수, C12-15알킬벤조에이트, 에칠헥실메톡시신나메이트, 프로판다이올, 부틸렌글라이콜, 비스-에칠헥실옥시페놀메톡시페닐트리아진, 디에칠아미노하이드록시벤조일헥실벤조에이트, 티타늄디옥사이드, 다이메티콘, 나이아신아마이드, 다이페닐실록시페닐트라이메티콘, 피이지-100스테아레이트, 트라이실록세인, 1,2-헥산다이올, 실리카, 세테아릴알코올, C14-22알코올, 글리세릴스테아레이트, 폴리아크릴레이트-13, 알루미늄스테아레이트, 알루미나, 암모늄아크릴로일다이메틸타우레이트/브이피코폴리머, 폴리하이드록시스테아릭애씨드, 다이메티콘/비닐다이메티콘크로스폴리머, 메톡시피이지-114/폴리엡실론카프로락톤, 스테아릭애씨드, C12-20알킬글루코사이드, 폴리아이소부텐, C12-15알코올, 향료, 글리세릴카프릴레이트, 다이소듐이디티에이, 에틸헥실글리세린, 아데노신, 폴리솔베이트20, 솔비탄아이소스테아레이트, 글리세린, 토코페릴아세테이트, 3-O-에틸아스코빅애씨드, 락토바실러스/부레옥잠발효물, 만니톨, 에틸헥실팔미테이트, 비에이치티, 리모넨, 리날룰, 펜틸렌글라이콜, 글루코오스, 모란추출물, 페녹시에탄올, 작약뿌리추출물, 소듐데하이드로아세테이트, 카보머, 소듐시트레이트, 포타슘솔베이트, 토코페롤, 하이드록시에틸아크릴레이트/소듐아크릴로일다이메틸타우레이트코폴리머, 카프릴릴글라이콜, 복사나무잎추출물, 해바라기씨오일, 라이신, 알지닌, 히스티딘, 시트릭애씨드, 작약꽃추출물, 베타-카로틴, 자일로오스, 디엔에이, 바이오틴, 만노오스, 소듐클로라이드, 레시틴, 하이드로제네이티드포스파티딜콜린, 카퍼트라이펩타이드-1, 소듐포스페이트, 덱스트린, 하이드롤라이즈드오크라추출물, 콜레스테롤, 푸코오스, 다이팔미토일하이드록시프롤린, 아크릴레이트/스테아릴메타크릴레이트코폴리머, 포타슘클로라이드, 포타슘포스페이트, 마그네슘클로라이드, 하이드롤라이즈드기장, 칼슘클로라이드"
옴므 베이직 스페셜 기획세트 2종,헤라,"[스킨] 정제수, 변성알코올, 프로판다이올, 글리세레스-26, 글리세린, 나이아신아마이드, 1,2-헥산다이올, 베타인, 카페인, 피피지-13-데실테트라데세스-24, 부틸렌글라이콜, 옥틸도데세스-16, 비스-피이지-18메틸에터다이메틸실레인, 카보머, 잔탄검, 판테놀, 향료, 트로메타민, 펜틸렌글라이콜, 에틸헥실글리세린, 다이소듐이디티에이, 아데노신, 라이신, 알지닌, 히스티딘, 글루코오스, 자일로오스, 리날룰, 헥실신남알, 복사나무잎추출물, 알파-아이소메틸아이오논, 서양톱풀추출물, 리모넨, 벤질살리실레이트, 만노오스, 소듐클로라이드, 레시틴, 토코페롤, 소듐포스페이트, 카퍼트라이펩타이드-1, 푸코오스, 포타슘클로라이드, 포타슘포스페이트, 마그네슘클로라이드, 칼슘클로라이드, 하이드롤라이즈드기장 / [에멀젼] 정제수, 프로판다이올, 변성알코올, 하이드로제네이티드폴리(C6-14올레핀), 사이클로펜타실록세인, 스쿠알란, 부틸렌글라이콜, 사이클로헥사실록세인, 나이아신아마이드, 1,2-헥산다이올, 카페인, 스타이렌/아크릴레이트코폴리머, 다이메티콘, 폴리아크릴레이트-13, 세테아릴알코올, 폴리아이소부텐, 폴리실리콘-11, 글리세릴카프릴레이트, 향료, 아크릴레이트/C10-30알킬아크릴레이트크로스폴리머, 에틸헥실글리세린, 판테놀, 트로메타민, 잔탄검, 폴리솔베이트20, 솔비탄아이소스테아레이트, 다이소듐이디티에이, 리날룰, 라이신, 알지닌, 히스티딘, 헥실신남알, 알파-아이소메틸아이오논, 리모넨, 벤질살리실레이트, 글루코오스, 자일로오스, 토코페롤, 복사나무잎추출물, 만노오스, 소듐클로라이드, 레시틴, 소듐포스페이트, 카퍼트라이펩타이드-1, 푸코오스, 포타슘클로라이드, 포타슘포스페이트, 마그네슘클로라이드, 칼슘클로라이드, 하이드롤라이즈드기장 / [UV프로텍터 익스트림포스 레포츠]정제수, C12-15알킬벤조에이트, 에칠헥실메톡시신나메이트, 부틸렌글라이콜, 프로판다이올, 비스-에칠헥실옥시페놀메톡시페닐트리아진, 디에칠아미노하이드록시벤조일헥실벤조에이트, 티타늄디옥사이드, 다이메티콘, 트라이실록세인, 사이클로펜타실록세인, 실리카, 사이클로헥사실록세인, 폴리아크릴레이트-13, 알루미늄스테아레이트, 폴리아이소부텐, 폴리하이드록시스테아릭애씨드, 다이메티콘/비닐다이메티콘크로스폴리머, 알루미나, 스테아릭애씨드, 페녹시에탄올, C12-15알코올, 향료, 폴리아크릴릭애씨드, 다이소듐이디티에이, 에틸헥실글리세린, 폴리솔베이트20, 솔비탄아이소스테아레이트, 버지니아풍년화잎수, 칼슘판테테인설포네이트, 암모늄아크릴로일다이메틸타우레이트/브이피코폴리머, 비에이치티, 리모넨, 리날룰, 토코페롤, 피이지-60하이드로제네이티드캐스터오일, 잔탄검, 글리세린, 락토바실러스/부레옥잠발효물, 에틸헥실팔미테이트, 메톡시피이지-114/폴리엡실론카프로락톤, 쇠비름추출물, 만니톨, 펜틸렌글라이콜, 아스코빅애씨드, 카페익애씨드, 유비퀴논, 아크릴레이트/암모늄메타크릴레이트코폴리머, 카프릴릴글라이콜, 하이드록시에틸아크릴레이트/소듐아크릴로일다이메틸타우레이트코폴리머, 카카오추출물, 1,2-헥산다이올, 토코페릴아세테이트, 카보머, 복사나무잎추출물, 시트릭애씨드, 소듐데하이드로아세테이트, 레시틴, 에탄올, 포타슘솔베이트, 소듐시트레이트, 소듐벤조에이트, 티타늄디옥사이드 (CI 77891), 해바라기씨오일, 베타-카로틴, 하이드롤라이즈드기장, 징크디엔에이, 디엔에이, 하이드로제네이티드포스파티딜콜린, 바이오틴, 덱스트린, 하이드롤라이즈드오크라추출물, 콜레스테롤, 다이팔미토일하이드록시프롤린, 아크릴레이트/스테아릴메타크릴레이트코폴리머, 카퍼트라이펩타이드-1, 콜레스테릴헥실다이카바메이트풀루란"
에이지 어웨이 에스테틱 2종 세트,헤라,"[워터] 정제수, 글리세린, 피이지/피피지-17/6코폴리머, 프로판다이올, 변성알코올, 1,2-헥산다이올, 나이아신아마이드, 베타인, 피피지-13-데실테트라데세스-24, 암모늄아크릴로일다이메틸타우레이트/브이피코폴리머, 잔탄검, 비스-피이지-18메틸에터다이메틸실레인, 에탄올, 다이메티콘, 옥틸도데세스-16, 부틸렌글라이콜, 에틸헥실글리세린, 아데노신, 향료, 산수유열매추출물, 다이소듐이디티에이, 셀룰로오스검, 하이드로제네이티드레시틴, 만니톨, 트레할로오스, 빌베리열매추출물, 사탕수수추출물, 소듐메틸스테아로일타우레이트, 오렌지추출물, 레몬추출물, 에스에이치-폴리펩타이드-121, 토코페롤, 설탕단풍추출물, 카프릴릴글라이콜, 메톡시피이지-114/폴리엡실론카프로락톤, 하이드록시에틸아크릴레이트/소듐아크릴로일다이메틸타우레이트코폴리머, 아세틸헵타펩타이드-4, 복사나무잎추출물, 라이신, 알지닌, 히스티딘, 글루코오스, 자일로오스, 페녹시에탄올, 아세틸헥사펩타이드-8, 소듐하이드록사이드, 만노오스, 소듐클로라이드, 벼에스에이치-올리고펩타이드-1, 레시틴, 펜틸렌글라이콜, 아세틸옥타펩타이드-3, 하이드로제네이티드포스파티딜콜린, 카퍼트라이펩타이드-1, 소듐포스페이트, 덱스트린, 하이드롤라이즈드오크라추출물, 콜레스테롤, 푸코오스, 다이팔미토일하이드록시프롤린, 아크릴레이트/스테아릴메타크릴레이트코폴리머, 칼슘클로라이드, 포타슘클로라이드, 포타슘포스페이트, 마그네슘클로라이드, 하이드롤라이즈드기장 [에멀젼] 정제수, 프로판다이올, 글리세린, 하이드로제네이티드폴리(C6-14올레핀), 하이드로제네이티드폴리아이소부텐, 다이아이소스테아릴말레이트, 나이아신아마이드, 비스-하이드록시에톡시프로필다이메티콘, C14-22알코올, 1,2-헥산다이올, 시어버터, 피씨에이다이메티콘, 글리세릴스테아레이트시트레이트, 글리세릴폴리메타크릴레이트, C12-20알킬글루코사이드, 글리세릴스테아레이트, 세테아릴알코올, 하이드로제네이티드식물성오일, 스테아릭애씨드, 카보머, 에탄올, 트로메타민, 향료, 잔탄검, 글리세릴카프릴레이트, 팔미틱애씨드, 다이소듐이디티에이, 에틸헥실글리세린, 아데노신, 산수유열매추출물, 덱스트린, 카카오추출물, 만니톨, 트레할로오스, 글루코오스, 부틸렌글라이콜, 토코페롤, 에스에이치-폴리펩타이드-121, 카프릴릴글라이콜, 메톡시피이지-114/폴리엡실론카프로락톤, 하이드록시에틸아크릴레이트/소듐아크릴로일다이메틸타우레이트코폴리머, 아세틸헵타펩타이드-4, 복사나무잎추출물, 라이신, 알지닌, 히스티딘, 자일로오스, 페녹시에탄올, 아세틸헥사펩타이드-8, 소듐하이드록사이드, 만노오스, 소듐클로라이드, 벼에스에이치-올리고펩타이드-1, 레시틴, 펜틸렌글라이콜, 아세틸옥타펩타이드-3, 하이드로제네이티드포스파티딜콜린, 카퍼트라이펩타이드-1, 소듐포스페이트, 하이드롤라이즈드오크라추출물, 콜레스테롤, 푸코오스, 다이팔미토일하이드록시프롤린, 아크릴레이트/스테아릴메타크릴레이트코폴리머, 칼슘클로라이드, 포타슘클로라이드, 포타슘포스페이트, 마그네슘클로라이드, 하이드롤라이즈드기장"
에이지 어웨이 에스테틱 3종 세트,헤라,"[워터] 정제수, 글리세린, 피이지/피피지-17/6코폴리머, 프로판다이올, 변성알코올, 1,2-헥산다이올, 나이아신아마이드, 베타인, 피피지-13-데실테트라데세스-24, 암모늄아크릴로일다이메틸타우레이트/브이피코폴리머, 잔탄검, 비스-피이지-18메틸에터다이메틸실레인, 에탄올, 다이메티콘, 옥틸도데세스-16, 부틸렌글라이콜, 에틸헥실글리세린, 아데노신, 향료, 산수유열매추출물, 다이소듐이디티에이, 셀룰로오스검, 하이드로제네이티드레시틴, 만니톨, 트레할로오스, 빌베리열매추출물, 사탕수수추출물, 소듐메틸스테아로일타우레이트, 오렌지추출물, 레몬추출물, 에스에이치-폴리펩타이드-121, 토코페롤, 설탕단풍추출물, 카프릴릴글라이콜, 메톡시피이지-114/폴리엡실론카프로락톤, 하이드록시에틸아크릴레이트/소듐아크릴로일다이메틸타우레이트코폴리머, 아세틸헵타펩타이드-4, 복사나무잎추출물, 라이신, 알지닌, 히스티딘, 글루코오스, 자일로오스, 페녹시에탄올, 아세틸헥사펩타이드-8, 소듐하이드록사이드, 만노오스, 소듐클로라이드, 벼에스에이치-올리고펩타이드-1, 레시틴, 펜틸렌글라이콜, 아세틸옥타펩타이드-3, 하이드로제네이티드포스파티딜콜린, 카퍼트라이펩타이드-1, 소듐포스페이트, 덱스트린, 하이드롤라이즈드오크라추출물, 콜레스테롤, 푸코오스, 다이팔미토일하이드록시프롤린, 아크릴레이트/스테아릴메타크릴레이트코폴리머, 칼슘클로라이드, 포타슘클로라이드, 포타슘포스페이트, 마그네슘클로라이드, 하이드롤라이즈드기장 [에멀젼] 정제수, 프로판다이올, 글리세린, 하이드로제네이티드폴리(C6-14올레핀), 하이드로제네이티드폴리아이소부텐, 다이아이소스테아릴말레이트, 나이아신아마이드, 비스-하이드록시에톡시프로필다이메티콘, C14-22알코올, 1,2-헥산다이올, 시어버터, 피씨에이다이메티콘, 글리세릴스테아레이트시트레이트, 글리세릴폴리메타크릴레이트, C12-20알킬글루코사이드, 글리세릴스테아레이트, 세테아릴알코올, 하이드로제네이티드식물성오일, 스테아릭애씨드, 카보머, 에탄올, 트로메타민, 향료, 잔탄검, 글리세릴카프릴레이트, 팔미틱애씨드, 다이소듐이디티에이, 에틸헥실글리세린, 아데노신, 산수유열매추출물, 덱스트린, 카카오추출물, 만니톨, 트레할로오스, 글루코오스, 부틸렌글라이콜, 토코페롤, 에스에이치-폴리펩타이드-121, 카프릴릴글라이콜, 메톡시피이지-114/폴리엡실론카프로락톤, 하이드록시에틸아크릴레이트/소듐아크릴로일다이메틸타우레이트코폴리머, 아세틸헵타펩타이드-4, 복사나무잎추출물, 라이신, 알지닌, 히스티딘, 자일로오스, 페녹시에탄올, 아세틸헥사펩타이드-8, 소듐하이드록사이드, 만노오스, 소듐클로라이드, 벼에스에이치-올리고펩타이드-1, 레시틴, 펜틸렌글라이콜, 아세틸옥타펩타이드-3, 하이드로제네이티드포스파티딜콜린, 카퍼트라이펩타이드-1, 소듐포스페이트, 하이드롤라이즈드오크라추출물, 콜레스테롤, 푸코오스, 다이팔미토일하이드록시프롤린, 아크릴레이트/스테아릴메타크릴레이트코폴리머, 칼슘클로라이드, 포타슘클로라이드, 포타슘포스페이트, 마그네슘클로라이드, 하이드롤라이즈드기장 [크림] 정제수, 프로판다이올, 스쿠알란, 글리세린, 시어버터, 다이카프릴릴카보네이트, 데실코코에이트, 나이아신아마이드, 비스-하이드록시에톡시프로필다이메티콘, 세테아릴알코올, 미리스틸미리스테이트, 글리세릴스테아레이트, 해바라기씨오일, 메틸트라이메티콘, 베헤닐알코올, 1,2-헥산다이올, 세테아릴올리베이트, 실리카, 아라키딜알코올, 솔비탄올리베이트, 글리세릴스테아레이트시트레이트, 아라키딜글루코사이드, 암모늄아크릴로일다이메틸타우레이트/브이피코폴리머, 에탄올, 향료, 비스-다이글리세릴폴리아실아디페이트-2, 잔탄검, 글리세릴카프릴레이트, 에틸헥실글리세린, 아데노신, 덱스트린, 카카오추출물, 산수유열매추출물, 다이소듐이디티에이, 하이드롤라이즈드콜라겐, 만니톨, 트레할로오스, 글루코오스, 부틸렌글라이콜, 토코페롤, 에스에이치-폴리펩타이드-121, 카프릴릴글라이콜, 메톡시피이지-114/폴리엡실론카프로락톤, 하이드록시에틸아크릴레이트/소듐아크릴로일다이메틸타우레이트코폴리머, 아세틸헵타펩타이드-4, 복사나무잎추출물, 라이신, 알지닌, 히스티딘, 자일로오스, 페녹시에탄올, 아세틸헥사펩타이드-8, 소듐하이드록사이드, 만노오스, 소듐클로라이드, 벼에스에이치-올리고펩타이드-1, 레시틴, 펜틸렌글라이콜, 아세틸옥타펩타이드-3, 하이드로제네이티드포스파티딜콜린, 카퍼트라이펩타이드-1, 소듐포스페이트, 하이드롤라이즈드오크라추출물, 콜레스테롤, 푸코오스, 다이팔미토일하이드록시프롤린, 아크릴레이트/스테아릴메타크릴레이트코폴리머, 칼슘클로라이드, 포타슘클로라이드, 포타슘포스페이트, 마그네슘클로라이드, 하이드롤라이즈드기장"
센슈얼 파우더 매트 리퀴드 5g,헤라,"다이메티콘, 폴리실리콘-11, 폴리글리세릴-2트라이아이소스테아레이트, 다이메티콘/비닐다이메티콘크로스폴리머, 다이메티콘/폴리글리세린-3크로스폴리머, 적색산화철, 펜타에리스리틸테트라아이소스테아레이트, 브이피/헥사데센코폴리머, 다이페닐다이메티콘/비닐다이페닐다이메티콘/실세스퀴옥세인크로스폴리머, 다이메티콘크로스폴리머, 티타늄디옥사이드 (CI 77891), 황색5호, 폴리하이드록시스테아릭애씨드, 다이스테아다이모늄헥토라이트, 시어버터, 레시틴, 적색202호, 에틸헥실팔미테이트, 아이소스테아릭애씨드, 아이소프로필미리스테이트, 실리카, 프로필렌카보네이트, 시어버터불검화물, 폴리글리세릴-3폴리리시놀리에이트, 다이프로필렌글라이콜, 적색201호, 흑색산화철, 리모넨, 알루미늄하이드록사이드, 리날룰, 트라이에톡시카프릴릴실레인, 향료, 소듐시트레이트, 토코페롤, 시트로넬올"
NEW 옴므 블랙 액티브 세트 2종,헤라,"[헤라 옴므 블랙 액티브 어드밴스드 토너] 정제수, 부틸렌글라이콜, 변성알코올, 프로판다이올, 다이메티콘, 글리세린, 세틸에틸헥사노에이트, 하이드로제네이티드폴리(C6-14올레핀), 부틸렌글라이콜다이카프릴레이트/다이카프레이트, 폴리글리세릴-3메틸글루코오스다이스테아레이트, 1,2-헥산다이올, 폴리글리세린-3, 하이드로제네이티드식물성오일, 실리카, 베타인, 향료, 글리세릴스테아레이트, 피이지-100스테아레이트, 베헤닐알코올, 폴리실리콘-11, 카보머, 폴리아크릴레이트-13, 세테아릴알코올, 나이아신아마이드, 글리세릴카프릴레이트, 소듐스테아로일글루타메이트, 트로메타민, 폴리아이소부텐, 에틸헥실글리세린, 아데노신, 소듐메타포스페이트, 리모넨, 리날룰, 바이오사카라이드검-1, 카페인, 토코페릴아세테이트, 알지닌, 아스코빌테트라이소팔미테이트, 펜틸렌글라이콜, 호호바씨오일, 폴리솔베이트20, 솔비탄아이소스테아레이트, 하이드록시시트로넬알, 알파-아이소메틸아이오논, 레시틴, 흑효모발효물, 토코페롤, 아세틸헥사펩타이드-8, 트라이펩타이드-1, 수용성콜라겐, 팔미토일테트라펩타이드-7, 팔미토일트라이펩타이드-1, 팔미토일헥사펩타이드-12 / [헤라 옴므 블랙 액티브 어드밴스드 에멀전] 정제수, 변성알코올, 부틸렌글라이콜, 글리세린, 피이지-60하이드로제네이티드캐스터오일, 1,2-헥산다이올, 향료, 옥틸도데세스-16, 프로판다이올, 에틸헥실글리세린, 베타인, 카보머, 트로메타민, 아데노신, 바이오사카라이드검-1, 펜틸렌글라이콜, 리모넨, 리날룰, 카페인, 알지닌, 소듐메타포스페이트, 하이드록시시트로넬알, 알파-아이소메틸아이오논, 프로필렌글라이콜, 흑효모발효물, 소듐하이알루로네이트, 토코페롤, 아세틸헥사펩타이드-8, 트라이펩타이드-1, 수용성콜라겐, 팔미토일테트라펩타이드-7, 팔미토일트라이펩타이드-1, 팔미토일헥사펩타이드-12"
루즈 클래시 3.5g,헤라,폴리글리세릴-2트라이아이소스테아레이트 합성왁스 다이아이소스테아릴말레이트 폴리글리세릴-10데카아이소스테아레이트 호호바에스터 에틸렌/프로필렌코폴리머 펜타에리스리틸테트라아이소스테아레이트 적색202호 다이메티콘 다이스테아다이모늄헥토라이트 C30-45알킬다이메틸실릴폴리프로필실세스퀴옥세인 알루미나 프로필렌카보네이트 흑색산화철 토코페릴아세테이트 토코페롤
NEW 블랙 쿠션 파운데이션 SPF34/PA++ 15g,헤라,"[13N1] 정제수, 사이클로펜타실록세인, 메틸트라이메티콘, 부틸렌글라이콜, 티타늄디옥사이드 (CI 77891), 에칠헥실메톡시신나메이트, 마이카, 사이클로헥사실록세인, 트라이메틸실록시실리케이트, 피이지-10다이메티콘, 다이메티콘, 다이스테아다이모늄헥토라이트, 폴리메틸메타크릴레이트, 징크옥사이드, 티타늄디옥사이드, 라우릴피이지-9폴리다이메틸실록시에틸다이메티콘, 아크릴레이트/다이메티콘코폴리머, 소듐클로라이드, 아크릴레이트/스테아릴아크릴레이트/다이메티콘메타크릴레이트코폴리머, 황색산화철, 알루미늄하이드록사이드, 글리세린, 폴리실리콘-11, 폴리솔베이트40, 폴리솔베이트80, 카프릴릴글라이콜, 트라이에톡시카프릴릴실레인, 향료, 라우로일라이신, 스테아릭애씨드, 하이드로제네이티드레시틴, 적색산화철, 에틸헥실글리세린, 다이소듐이디티에이, 흑색산화철, 콘민트잎추출물, 비스머스옥시클로라이드, 커먼자스민꽃추출물, 아이소도데케인, 1,2-헥산다이올, 비에이치티, 아크릴레이트/폴리트라이메틸실록시메타크릴레이트코폴리머, 하이알루로닉애씨드, 토코페롤"
옴므 올인원 스킨 하이드로 트리트먼트 150ml,헤라,"정제수, 글리세린, 베타인, 변성알코올, 다이프로필렌글라이콜, 1,2-헥산다이올, 메틸트라이메티콘, 나이아신아마이드, 사이클로펜타실록세인, 실리카, 세테아릴알코올, 판테놀, 다이메티콘올, 아크릴레이트/C10-30알킬아크릴레이트크로스폴리머, 글리세릴스테아레이트, 프로판다이올, 트로메타민, 하이드로제네이티드레시틴, 해수, 글리세릴카프릴레이트, 향료, 스테아릭애씨드, 폴리글리세릴-3메틸글루코오스다이스테아레이트, 팔미틱애씨드, 에틸헥실글리세린, 멘톡시프로판다이올, 아데노신, 다이소듐이디티에이, 바이오사카라이드검-1, 펜틸렌글라이콜, 리모넨, 리날룰, 미리스틱애씨드, 부틸렌글라이콜, 라우릭애씨드, 사철쑥추출물, 카프릴릴글라이콜, 메톡시피이지-114/폴리엡실론카프로락톤, 토코페롤, 하이드록시에틸아크릴레이트/소듐아크릴로일다이메틸타우레이트코폴리머, 아크릴레이트/스테아릴메타크릴레이트코폴리머, 흰목이버섯포자낭과추출물, 하이알루로닉애씨드, 아세틸헵타펩타이드-4, 복사나무잎추출물, 잔탄검, 페녹시에탄올, 아세틸헥사펩타이드-8, 라이신, 알지닌, 히스티딘, 세라마이드엔피, 소듐하이드록사이드, 글루코오스, 자일로오스, 아세틸옥타펩타이드-3, 하이드로제네이티드포스파티딜콜린, 소듐클로라이드, 덱스트린, 하이드롤라이즈드오크라추출물, 콜레스테롤, 만노오스, 다이팔미토일하이드록시프롤린, 레시틴, 칼슘클로라이드, 카퍼트라이펩타이드-1, 포타슘클로라이드, 소듐포스페이트, 포타슘포스페이트, 마그네슘클로라이드, 푸코오스, 하이드롤라이즈드기장"
시그니아 워터 에멀젼 기프트 세트 2종,헤라,"[워터] 정제수, 부틸렌글라이콜, 글리세린, 베타인, 피이지/피피지-17/6코폴리머, 나이아신아마이드, 1,2-헥산다이올, 글리세릴폴리메타크릴레이트, 피피지-13-데실테트라데세스-24, 아크릴레이트/C10-30알킬아크릴레이트크로스폴리머, 잔탄검, 페녹시에탄올, 트로메타민, 에틸헥실글리세린, 향료, 아데노신, 다이소듐이디티에이, 수선화비늘줄기추출물, 황수선추출물, 금, 프로판다이올, 벤질살리실레이트, 하이드록시시트로넬알, 시트릭애씨드, 락틱애씨드, 폴리카프로락톤, 글라이콜릭애씨드, 에탄올, 프로테아제, 피이지-75, 메톡시피이지-114/폴리엡실론카프로락톤, 하이드록시에틸아크릴레이트/소듐아크릴로일다이메틸타우레이트코폴리머, 카프릴릴글라이콜, 토코페롤, 복사나무잎추출물, 라이신, 알지닌, 히스티딘, 파파인, 글루코오스, 자일로오스, 만노오스, 소듐클로라이드, 레시틴, 펜틸렌글라이콜, 하이드로제네이티드포스파티딜콜린, 카퍼트라이펩타이드-1, 소듐포스페이트, 덱스트린, 하이드롤라이즈드오크라추출물, 콜레스테롤, 푸코오스, 다이팔미토일하이드록시프롤린, 아크릴레이트/스테아릴메타크릴레이트코폴리머, 포타슘클로라이드, 포타슘포스페이트, 마그네슘클로라이드, 하이드롤라이즈드기장, 칼슘클로라이드 [에멀젼] 정제수, 부틸렌글라이콜, 글리세린, 다이메티콘, 펜타에리스리틸테트라에틸헥사노에이트, 나이아신아마이드, 하이드로제네이티드폴리(C6-14올레핀), 다이아이소스테아릴말레이트, 합성왁스, 1,2-헥산다이올, C14-22알코올, 식물성스쿠알란, 시어버터, 비스-다이글리세릴폴리아실아디페이트-2, 폴리글리세릴-10스테아레이트, 하이드록시프로필스타치포스페이트, 글리세릴스테아레이트, 세테아릴알코올, 글리세릴스테아레이트시트레이트, 폴리메틸실세스퀴옥세인, 하이드로제네이티드식물성오일, 하이드로제네이티드레시틴, C12-20알킬글루코사이드, 스테아릭애씨드, 판테놀, 카프릴릴글라이콜, 카보머, 글리세릴카프릴레이트, 팔미틱애씨드, 페녹시에탄올, 트로메타민, 향료, 다이소듐이디티에이, 아데노신, 에틸헥실글리세린, 수선화비늘줄기추출물, 콜레스테롤, 세라마이드엔피, 황수선추출물, 벤질살리실레이트, 덱스트린, 하이드롤라이즈드루핀단백질, 카카오추출물, 프로판다이올, 하이드록시시트로넬알, 글루코오스, 글라이코프로테인, 메톡시피이지-114/폴리엡실론카프로락톤, 하이드록시에틸아크릴레이트/소듐아크릴로일다이메틸타우레이트코폴리머, 복사나무잎추출물, 라이신, 알지닌, 히스티딘, 자일로오스, 토코페롤, 만노오스, 소듐클로라이드, 레시틴, 펜틸렌글라이콜, 하이드로제네이티드포스파티딜콜린, 카퍼트라이펩타이드-1, 소듐포스페이트, 하이드롤라이즈드오크라추출물, 푸코오스, 다이팔미토일하이드록시프롤린, 아크릴레이트/스테아릴메타크릴레이트코폴리머, 포타슘클로라이드, 포타슘포스페이트, 마그네슘클로라이드, 하이드롤라이즈드기장, 칼슘클로라이드"
블러쉬 5.5g,헤라,"합성플루오르플로고파이트, 마이카, 실리카, 티타늄디옥사이드 (CI 77891), 코코-카프릴레이트/카프레이트, 알루미늄전분옥테닐석시네이트, 옥틸도데실스테아로일스테아레이트, 칼슘알루미늄보로실리케이트, 폴리글리세릴-10다이올리에이트, 셀룰로오스, 1,2-헥산다이올, 에이치디아이/트라이메틸올헥실락톤크로스폴리머, 솔비탄아이소스테아레이트, 트라이에톡시카프릴릴실레인, 메티콘, 하이드로제네이티드캐스터오일다이머다이리놀레에이트, 적색226호, 카프릴릴글라이콜, 글리세릴카프릴레이트, 적색산화철, 알루미늄하이드록사이드, 다이메티콘, 틴옥사이드, 글리세릴폴리메타크릴레이트, 마그네슘알루미늄실리케이트, 정제수, 토코페롤"
UV프로텍터 익스트림포스 레포츠 SPF50+/PA++++ 70ml,헤라,"정제수, C12-15알킬벤조에이트, 에칠헥실메톡시신나메이트, 부틸렌글라이콜, 프로판다이올, 비스-에칠헥실옥시페놀메톡시페닐트리아진, 디에칠아미노하이드록시벤조일헥실벤조에이트, 티타늄디옥사이드, 다이메티콘, 트라이실록세인, 사이클로펜타실록세인, 실리카, 사이클로헥사실록세인, 폴리아크릴레이트-13, 알루미늄스테아레이트, 폴리아이소부텐, 폴리하이드록시스테아릭애씨드, 다이메티콘/비닐다이메티콘크로스폴리머, 알루미나, 스테아릭애씨드, 페녹시에탄올, C12-15알코올, 향료, 폴리아크릴릭애씨드, 다이소듐이디티에이, 에틸헥실글리세린, 폴리솔베이트20, 솔비탄아이소스테아레이트, 버지니아풍년화잎수, 칼슘판테테인설포네이트, 암모늄아크릴로일다이메틸타우레이트/브이피코폴리머, 비에이치티, 리모넨, 리날룰, 토코페롤, 피이지-60하이드로제네이티드캐스터오일, 잔탄검, 글리세린, 락토바실러스/부레옥잠발효물, 에틸헥실팔미테이트, 메톡시피이지-114/폴리엡실론카프로락톤, 쇠비름추출물, 만니톨, 펜틸렌글라이콜, 아스코빅애씨드, 카페익애씨드, 유비퀴논, 아크릴레이트/암모늄메타크릴레이트코폴리머, 카프릴릴글라이콜, 하이드록시에틸아크릴레이트/소듐아크릴로일다이메틸타우레이트코폴리머, 카카오추출물, 1,2-헥산다이올, 토코페릴아세테이트, 카보머, 복사나무잎추출물, 시트릭애씨드, 소듐데하이드로아세테이트, 레시틴, 에탄올, 포타슘솔베이트, 소듐시트레이트, 소듐벤조에이트, 티타늄디옥사이드 (CI 77891), 해바라기씨오일, 베타-카로틴, 하이드롤라이즈드기장, 징크디엔에이, 디엔에이, 하이드로제네이티드포스파티딜콜린, 바이오틴, 덱스트린, 하이드롤라이즈드오크라추출물, 콜레스테롤, 다이팔미토일하이드록시프롤린, 아크릴레이트/스테아릴메타크릴레이트코폴리머, 카퍼트라이펩타이드-1, 콜레스테릴헥실다이카바메이트풀루란"
UV프로텍터 멀티디펜스 프레쉬 SPF50+/PA++++ 50ml,헤라,"정제수, 다이부틸아디페이트, 프로판다이올, 에칠헥실트리아존, 테레프탈릴리덴디캠퍼설포닉애씨드, 알지닌, 나이아신아마이드, 폴리글리세릴-3다이스테아레이트, 1,2-헥산다이올, 펜틸렌글라이콜, 세테아릴알코올, 디에칠아미노하이드록시벤조일헥실벤조에이트, 폴리실리콘-15, 글리세린, 카프릴릴메티콘, 폴리메틸실세스퀴옥세인, 글리세릴스테아레이트, 비스-에칠헥실옥시페놀메톡시페닐트리아진, 포타슘세틸포스페이트, 메틸프로판다이올, 소듐아크릴레이트크로스폴리머-2, 이눌린라우릴카바메이트, 카보머, 향료, 아크릴레이트/C10-30알킬아크릴레이트크로스폴리머, 글리세릴스테아레이트시트레이트, 스핑고모나스발효추출물, 에틸헥실글리세린, 아데노신, 폴리에터-1, 부틸렌글라이콜, 토코페릴아세테이트, 에틸헥실팔미테이트, 모란추출물, 작약뿌리추출물, 바이오사카라이드검-1, 다이소듐이디티에이, 효모발효여과물, 토코페롤, 해바라기씨오일, 작약꽃추출물, 베타-카로틴, 디엔에이, 버지니아풍년화껍질/잎/잔가지추출물, 센티드제라늄추출물, 치자꽃추출물, 살비아수, 판테놀, 3-O-에틸아스코빅애씨드"
NEW 옴므 블루 에센스 기획 2종 세트,헤라,"[헤라 옴므 블루 에센스 인 토너] 정제수, 프로판다이올, 글리세린, 1,2-헥산다이올, 글리세레스-26, 베타인, 피피지-13-데실테트라데세스-24, 옥틸도데세스-16, 비스-피이지-18메틸에터다이메틸실레인, 에틸헥실글리세린, 잔탄검, 향료, 카보머, 트로메타민, 소듐메타포스페이트, 이노시톨, 엑토인, 리날룰, 헥실신남알, 알파-아이소메틸아이오논, 리모넨, 벤질살리실레이트, 하이드롤라이즈드익스텐신, 호호바씨오일, 폴리글리세릴-10라우레이트, 프로필렌글라이콜, 빌베리열매추출물, 토코페롤, 소듐하이알루로네이트, 사탕수수추출물, 부틸렌글라이콜, 하이드로제네이티드레시틴, 오렌지추출물, 레몬추출물, 설탕단풍추출물, 아크릴레이트/스테아릴메타크릴레이트코폴리머, 흰목이버섯포자낭과추출물, 하이알루로닉애씨드, 세라마이드엔피, 수용성콜라겐 / [헤라 옴므 블루 에센스 인 에멀전] 정제수, 부틸렌글라이콜, 글리세린, 메틸트라이메티콘, 펜타에리스리틸테트라에틸헥사노에이트, 하이드로제네이티드폴리(C6-14올레핀), 1,2-헥산다이올, 시어버터, 폴리글리세릴-3메틸글루코오스다이스테아레이트, 하이드록시에틸아크릴레이트/소듐아크릴로일다이메틸타우레이트코폴리머, 세테아릴알코올, 스테아레스-21, 하이드로제네이티드식물성오일, 글리세릴스테아레이트, 카보머, 글리세릴스테아레이트시트레이트, 트로메타민, 향료, 팔미틱애씨드, 잔탄검, 글리세릴카프릴레이트, 에틸헥실글리세린, 스테아릭애씨드, 다이메티콘, 소듐메타포스페이트, 폴리글루타믹애씨드, 솔비탄아이소스테아레이트, 폴리솔베이트60, 이노시톨, 엑토인, 리날룰, 헥실신남알, 알파-아이소메틸아이오논, 리모넨, 레시틴, 벤질살리실레이트, 세라마이드엔피, 하이드롤라이즈드익스텐신, 호호바씨오일, 폴리글리세릴-10라우레이트, 프로필렌글라이콜, 토코페롤, 빌베리열매추출물, 소듐하이알루로네이트, 사탕수수추출물, 하이드로제네이티드레시틴, 오렌지추출물, 레몬추출물, 설탕단풍추출물, 아크릴레이트/스테아릴메타크릴레이트코폴리머, 흰목이버섯포자낭과추출물, 하이알루로닉애씨드, 수용성콜라겐"
리치 컬링 마스카라,헤라,"정제수, 아크릴레이트코폴리머, 흑색산화철, 비즈왁스, 카나우바왁스, 폴리글리세릴-3비즈왁스, 팔미틱애씨드, 스테아릭애씨드, 피브이피, 1,2-헥산다이올, 아미노메틸프로판다이올, 실리카, 다이펜타에리스리틸펜타아이소스테아레이트, 에탄올, 하이드록시에틸아크릴레이트/소듐아크릴로일다이메틸타우레이트코폴리머, 카프릴릴글라이콜, 소듐메타포스페이트, 소듐데하이드로아세테이트, 판테놀, 동백나무씨오일, 호호바씨오일, 솔비탄아이소스테아레이트, 폴리솔베이트60, 소듐하이알루로네이트, 바이오틴"
브로우 디자이너 오토펜슬,헤라,"흑색산화철, 하이드로제네이티드돌콩오일, 하이드로제네이티드코코-글리세라이즈, 마이카, 하이드로제네이티드식물성오일, 적색산화철, 황색산화철, 징크스테아레이트, 스테아릭애씨드, 카나우바왁스, 폴리글리세릴-2트라이아이소스테아레이트, 토코페롤, 페녹시에탄올, 카프릴릴글라이콜, 아스코빌팔미테이트, 헥실렌글라이콜"
NEW 코렉팅 베이스 UV 프로텍터 SPF50+/PA++++ 35ml,헤라,"정제수, 다이메티콘, 메틸트라이메티콘, 아이소노닐아이소노나노에이트, 변성알코올, 드로메트리졸트리실록산, 티타늄디옥사이드 (CI 77891), 부틸렌글라이콜, 호모살레이트, 피이지-9폴리다이메틸실록시에틸다이메티콘, 티타늄디옥사이드, 에칠헥실살리실레이트, 글리세린, 나이아신아마이드, 테레프탈릴리덴디캠퍼설포닉애씨드, 폴리메틸실세스퀴옥세인, 다이스테아다이모늄헥토라이트, 자일리톨, 트로메타민, 1,2-헥산다이올, 나일론-12, 트라이메틸실록시실리케이트, 다이메티콘/비닐다이메티콘크로스폴리머, 실리카, 스테아릭애씨드, 알루미늄하이드록사이드, 알루미나, 카프릴릴글라이콜, 합성플루오르플로고파이트, 황색산화철, 에틸헥실글리세린, 향료, 폴리메틸메타크릴레이트, 트라이에톡시카프릴릴실레인, 적색산화철, 시메티콘, 아데노신, 리모넨, 리날룰, 틴옥사이드, 프로필렌글라이콜, 소듐하이알루로네이트, 토코페롤, 하이드롤라이즈드식물성단백질, 하이드롤라이즈드콜라겐"
센슈얼 파우더 매트 립스틱 3g,헤라,"다이메티콘, 아이소트라이데실아이소노나노에이트, 합성왁스, 폴리글리세릴-2트라이아이소스테아레이트, 다이페닐다이메티콘/비닐다이페닐다이메티콘/실세스퀴옥세인크로스폴리머, 페닐트라이메티콘, 다이펜타에리스리틸펜타아이소스테아레이트, 비스-다이글리세릴폴리아실아디페이트-2, 펜타에리스리틸테트라아이소스테아레이트, 다이스테아다이모늄헥토라이트, 마이카, 폴리실리콘-11, 다이메티콘크로스폴리머, 에틸렌/프로필렌코폴리머, 쌀겨왁스, 다이메티콘/비닐다이메티콘크로스폴리머, 글리세릴운데실다이메티콘, 적색103호의(1), 황색5호, 적색202호, 적색201호, 라우릴폴리글리세릴-3폴리다이메틸실록시에틸다이메티콘, 티타늄디옥사이드 (CI 77891), 적색산화철, 프로필렌카보네이트, 메티콘, 리모넨, 실리카, 리날룰, 향료, 폴리하이드록시스테아릭애씨드, 알루미늄하이드록사이드, 트라이에톡시카프릴릴실레인, 레시틴, 폴리글리세릴-2테트라아이소스테아레이트, 에틸헥실팔미테이트, 아이소스테아릭애씨드, 아이소프로필미리스테이트, 폴리글리세릴-3폴리리시놀리에이트, 시트로넬올, 토코페롤"
브로우 디자이너 오토펜슬,헤라,"흑색산화철, 하이드로제네이티드돌콩오일, 하이드로제네이티드코코-글리세라이즈, 마이카, 하이드로제네이티드식물성오일, 적색산화철, 황색산화철, 징크스테아레이트, 스테아릭애씨드, 카나우바왁스, 폴리글리세릴-2트라이아이소스테아레이트, 토코페롤, 페녹시에탄올, 카프릴릴글라이콜, 아스코빌팔미테이트, 헥실렌글라이콜"
에이지 어웨이 에스테틱 BX 아이크림 25ml,헤라,"정제수, 부틸렌글라이콜, 글리세린, 스쿠알란, 펜타에리스리틸테트라에틸헥사노에이트, 다이메티콘, 피브이피, 나이아신아마이드, 하이드로제네이티드식물성오일, 세테아릴알코올, 1,2-헥산다이올, 글리세릴스테아레이트, 글리세릴스테아레이트시트레이트, 피이지-100스테아레이트, 카나우바왁스, 폴리아크릴레이트-13, 폴리아이소부텐, 세테아릴글루코사이드, 에탄올, 향료, 글리세릴카프릴레이트, 에틸헥실글리세린, 다이소듐이디티에이, 소듐폴리아크릴레이트, 아데노신, 폴리솔베이트20, 솔비탄아이소스테아레이트, 산수유열매추출물, 덱스트린, 카카오추출물, 하이알루로닉애씨드, 만니톨, 소듐하이알루로네이트, 프로판다이올, 트레할로오스, 글루코오스, 에스에이치-폴리펩타이드-121, 카프릴릴글라이콜, 메톡시피이지-114/폴리엡실론카프로락톤, 토코페롤, 하이드록시에틸아크릴레이트/소듐아크릴로일다이메틸타우레이트코폴리머, 아세틸헵타펩타이드-4, 복사나무잎추출물, 라이신, 알지닌, 히스티딘, 자일로오스, 페녹시에탄올, 아세틸헥사펩타이드-8, 소듐하이드록사이드, 만노오스, 소듐클로라이드, 벼에스에이치-올리고펩타이드-1, 레시틴, 펜틸렌글라이콜, 아세틸옥타펩타이드-3, 하이드로제네이티드포스파티딜콜린, 카퍼트라이펩타이드-1, 소듐포스페이트, 하이드롤라이즈드오크라추출물, 콜레스테롤, 푸코오스, 다이팔미토일하이드록시프롤린, 아크릴레이트/스테아릴메타크릴레이트코폴리머, 칼슘클로라이드, 포타슘클로라이드, 포타슘포스페이트, 마그네슘클로라이드, 하이드롤라이즈드기장"
지일 오 데 퍼퓸 40ml,헤라,"변성알코올, 향료, 정제수, 피이지-60하이드로제네이티드캐스터오일, 벤질벤조에이트, 알파-아이소메틸아이오논, 리날룰, 리모넨, 시트로넬올, 제라니올, 헥실신남알, 하이드록시시트로넬알, 디에칠아미노하이드록시벤조일헥실벤조에이트, 에칠헥실메톡시신나메이트, 시트랄, 쿠마린, 벤질살리실레이트, 벤질신나메이트, 유제놀, 비에이치티"
옴므 에센스 인 스킨 125ml,헤라,"정제수, 변성알코올, 프로판다이올, 글리세레스-26, 글리세린, 나이아신아마이드, 1,2-헥산다이올, 베타인, 카페인, 피피지-13-데실테트라데세스-24, 부틸렌글라이콜, 옥틸도데세스-16, 비스-피이지-18메틸에터다이메틸실레인, 카보머, 잔탄검, 판테놀, 향료, 트로메타민, 펜틸렌글라이콜, 에틸헥실글리세린, 다이소듐이디티에이, 아데노신, 라이신, 알지닌, 히스티딘, 글루코오스, 자일로오스, 리날룰, 헥실신남알, 복사나무잎추출물, 알파-아이소메틸아이오논, 서양톱풀추출물, 리모넨, 벤질살리실레이트, 만노오스, 소듐클로라이드, 레시틴, 토코페롤, 소듐포스페이트, 카퍼트라이펩타이드-1, 푸코오스, 포타슘클로라이드, 포타슘포스페이트, 마그네슘클로라이드, 칼슘클로라이드, 하이드롤라이즈드기장"
에이지 어웨이 에스테틱 BX83 리포솜 40ml,헤라,"정제수, 글리세린, 부틸렌글라이콜, 폴리글리세린-3, 나이아신아마이드, 1,2-헥산다이올, 카프릴릭/카프릭트라이글리세라이드, 다이메티콘, 암모늄아크릴로일다이메틸타우레이트/브이피코폴리머, 에탄올, 하이드로제네이티드레시틴, 프로판다이올, 콜레스테롤, 잔탄검, 에틸헥실글리세린, 향료, 하이드록시에틸셀룰로오스, 아데노신, 덱스트린, 산수유열매추출물, 카카오추출물, 베타-글루칸, 소듐메틸스테아로일타우레이트, 만니톨, 트레할로오스, 에스에이치-폴리펩타이드-121, 폴리솔베이트60, 다이소듐포스페이트, 카프릴릴글라이콜, 소듐포스페이트, 메톡시피이지-114/폴리엡실론카프로락톤, 토코페롤, 하이드록시에틸아크릴레이트/소듐아크릴로일다이메틸타우레이트코폴리머, 다이소듐이디티에이, 아세틸헵타펩타이드-4, 복사나무잎추출물, 라이신, 알지닌, 히스티딘, 글루코오스, 자일로오스, 페녹시에탄올, 아세틸헥사펩타이드-8, 소듐하이드록사이드, 만노오스, 소듐클로라이드, 벼에스에이치-올리고펩타이드-1, 레시틴, 펜틸렌글라이콜, 아세틸옥타펩타이드-3, 하이드로제네이티드포스파티딜콜린, 카퍼트라이펩타이드-1, 하이드롤라이즈드오크라추출물, 푸코오스, 다이팔미토일하이드록시프롤린, 아크릴레이트/스테아릴메타크릴레이트코폴리머, 칼슘클로라이드, 포타슘클로라이드, 포타슘포스페이트, 마그네슘클로라이드, 하이드롤라이즈드기장"
NEW 쿼드 아이 컬러 섀도우 9g,헤라,"칼슘소듐보로실리케이트, 합성플루오르플로고파이트, 칼슘알루미늄보로실리케이트, 세틸에틸헥사노에이트, 에이치디아이/트라이메틸올헥실락톤크로스폴리머, 하이드로제네이티드캐스터오일다이머다이리놀레에이트, 마이카, 티타늄디옥사이드 (CI 77891), 옥틸도데실스테아로일스테아레이트, 폴리글리세릴-10다이올리에이트, 실리카, 합성왁스, 1,2-헥산다이올, 적색산화철, 트라이에톡시카프릴릴실레인, 알루미나, 카프릴릴글라이콜, 글리세릴카프릴레이트, 틴옥사이드, 글리세릴폴리메타크릴레이트, 정제수, 마그네슘알루미늄실리케이트, 스쿠알란, 토코페롤, 부틸렌글라이콜, 글리세린, 아크릴레이트/스테아릴메타크릴레이트코폴리머, 흰목이버섯포자낭과추출물, 하이알루로닉애씨드, 잔탄검, 에틸헥실글리세린, 다이소듐이디티에이, 세라마이드엔피 / 탤크, 마이카, 폴리에틸렌, 티타늄디옥사이드 (CI 77891), 다이메티콘, 나일론-12, 실리카, 마그네슘미리스테이트, 적색산화철, 옥틸도데실스테아로일스테아레이트, 황색산화철, 트라이에톡시카프릴릴실레인, 에틸헥실글리세린, 메티콘, 알루미늄하이드록사이드, 글리세릴카프릴레이트, 흑색산화철, 스쿠알란, 정제수, 부틸렌글라이콜, 글리세린, 토코페롤, 1,2-헥산다이올, 아크릴레이트/스테아릴메타크릴레이트코폴리머, 흰목이버섯포자낭과추출물, 하이알루로닉애씨드, 잔탄검, 다이소듐이디티에이, 세라마이드엔피 / 마그네슘포타슘플루오로실리케이트, 마이카, 다이메티콘, 마그네슘미리스테이트, 적색산화철, 나일론-12, 흑색산화철, 실리카, 황색산화철, 에틸헥실글리세린, 트라이에톡시카프릴릴실레인, 메티콘, 글리세릴카프릴레이트, 스쿠알란, 정제수, 부틸렌글라이콜, 글리세린, 토코페롤, 1,2-헥산다이올, 아크릴레이트/스테아릴메타크릴레이트코폴리머, 흰목이버섯포자낭과추출물, 하이알루로닉애씨드, 잔탄검, 다이소듐이디티에이, 세라마이드엔피 / 마이카, 탤크, 티타늄디옥사이드 (CI 77891), 부틸렌글라이콜다이카프릴레이트/다이카프레이트, 옥틸도데실스테아로일스테아레이트, 실리카, 라우로일라이신, 적색산화철, 에틸헥실글리세린, 정제수, 스쿠알란, 글리세릴카프릴레이트, 부틸렌글라이콜, 글리세린, 1,2-헥산다이올, 메티콘, 아크릴레이트/스테아릴메타크릴레이트코폴리머, 흰목이버섯포자낭과추출물, 하이알루로닉애씨드, 잔탄검, 토코페롤, 다이소듐이디티에이, 세라마이드엔피"
NEW 에어리 파우더 프라이머 8.5g,헤라,"탤크, 다이메티콘, 에이치디아이/트라이메틸올헥실락톤크로스폴리머, 실리카, 다이메티콘/비닐다이메티콘크로스폴리머, 마이카, 티타늄디옥사이드 (CI 77891), 트라이에톡시카프릴릴실레인, 에틸헥실글리세린, 글리세릴카프릴레이트, 다이메티콘올, 황색산화철, 알루미늄하이드록사이드, 에탄올, 부틸렌글라이콜, 적색산화철, 메티콘, 토코페롤, 서양민들레뿌리줄기/뿌리추출물"
파워부스팅 스페셜세트 2종,헤라,"[토너] 정제수, 변성알코올, 부틸렌글라이콜, 글리세린, 나이아신아마이드, 비스-피이지-18메틸에터다이메틸실레인, 1,2-헥산다이올, 피이지-60하이드로제네이티드캐스터오일, 옥틸도데세스-16, 향료, 카보머, 에틸헥실글리세린, 트로메타민, 아데노신, 다이소듐이디티에이, 리모넨, 리날룰, 시트랄, 알파-아이소메틸아이오논, 프로판다이올, 글라이콜릭애씨드, 토코페롤, 소듐하이알루로네이트, 하이드롤라이즈드하이알루로닉애씨드, 소듐하이알루로네이트크로스폴리머, 하이알루로닉애씨드, 판테놀, 소듐아세틸레이티드하이알루로네이트 / [모이스춰라이저] 정제수, 부틸렌글라이콜, 변성알코올, 메틸트라이메티콘, 하이드로제네이티드폴리(C6-14올레 핀), 글리세린, 부틸렌글라이콜다이카프릴레이트/다이카프레이트, 세틸에틸헥사노에이트, 나이아신아마 이드, 폴리글리세릴-3메틸글루코오스다이스테아레이트, 1,2-헥산다이올, 다이메티콘, 하이드로제네이 티드식물성오일, 실리카, 카페인, 메도우폼씨오일, 베헤닐알코올, 향료, 폴리아크릴레이트-13, 글리세릴 스테아레이트, 피이지-100스테아레이트, 카보머, 폴리실리콘-11, 트로메타민, 세테아릴알코올, 글리세릴 카프릴레이트, 소듐스테아로일글루타메이트, 폴리아이소부텐, 다이소듐이디티에이, 에틸헥실글리세린, 아데노신, 리모넨, 폴리솔베이트20, 솔비탄아이소스테아레이트, 리날룰, 레시틴, 시트랄, 하이드롤라이즈 드옥수수전분, 소나무잎추출물, 알파-아이소메틸아이오논, 프로판다이올, 하이드롤라이즈드루핀단백질, 소듐하이알루로네이트, 카프릴릴글라이콜, 토코페롤, 하이드롤라이즈드하이알루로닉애씨드, 아세틸헵 타펩타이드-4, 소듐하이알루로네이트크로스폴리머, 하이알루로닉애씨드, 아세틸헥사펩타이드-8, 소듐 하이드록사이드, 소듐아세틸레이티드하이알루로네이트, 아세틸옥타펩타이드-3"
NEW 립 세럼 11g,헤라,"다이아이소스테아릴말레이트, 피토스테릴/이소스테아릴/세틸/스테아릴/베헤닐다이머디리놀리에이트, 하이드로제네이티드폴리아이소부텐, 피토스테릴이소스테아릴다이머디리놀리에이트, 덱스트린팔미테이트/에틸헥사노에이트, 글리세린, 스쿠알란, 판테놀, 트라이에틸헥사노인, 에틸렌/프로필렌/스타이렌코폴리머, 카프릴릭/카프릭트라이글리세라이드, 다이팔미토일하이드록시프롤린, 오조케라이트, 합성왁스, 폴리글리세릴-2다이폴리하이드록시스테아레이트, 다이메티콘, 토코페릴아세테이트, 다이스테아다이모늄헥토라이트, 솔비탄아이소스테아레이트, 글루코노락톤, 부틸렌/에틸렌/스타이렌코폴리머, 벤질벤조에이트, 라벤더오일, 호호바씨오일, 리날룰, 향료, 펜타에리스리틸테트라-다이-T-부틸하이드록시하이드로신나메이트, 하이드록시시트로넬알, 올리브오일"
옴므 에센스 인 에멀젼 110ml,헤라,"정제수, 프로판다이올, 변성알코올, 하이드로제네이티드폴리(C6-14올레핀), 사이클로펜타실록세인, 스쿠알란, 부틸렌글라이콜, 사이클로헥사실록세인, 나이아신아마이드, 1,2-헥산다이올, 카페인, 스타이렌/아크릴레이트코폴리머, 다이메티콘, 폴리아크릴레이트-13, 세테아릴알코올, 폴리아이소부텐, 폴리실리콘-11, 글리세릴카프릴레이트, 향료, 아크릴레이트/C10-30알킬아크릴레이트크로스폴리머, 에틸헥실글리세린, 판테놀, 트로메타민, 잔탄검, 폴리솔베이트20, 솔비탄아이소스테아레이트, 다이소듐이디티에이, 리날룰, 라이신, 알지닌, 히스티딘, 헥실신남알, 알파-아이소메틸아이오논, 리모넨, 벤질살리실레이트, 글루코오스, 자일로오스, 토코페롤, 복사나무잎추출물, 만노오스, 소듐클로라이드, 레시틴, 소듐포스페이트, 카퍼트라이펩타이드-1, 푸코오스, 포타슘클로라이드, 포타슘포스페이트, 마그네슘클로라이드, 칼슘클로라이드, 하이드롤라이즈드기장"
메이크업픽서 80ml,헤라,"정제수, 변성알코올, 부틸렌글라이콜, 1,2-헥산다이올, 피브이피, 피피지-13-데실테트라데세스-24, 카프릴릴글라이콜, 프로판다이올, 에틸헥실글리세린, 소듐메타포스페이트, 스테아릴베헤네이트, 글리세린, 폴리글리세릴-3메틸글루코오스다이스테아레이트, 이눌린라우릴카바메이트, 엑토인, 하이드록시프로필비스팔미타마이드엠이에이, 카페인, 소듐하이알루로네이트, 토코페롤, 하이알루로닉애씨드, 아크릴레이트/스테아릴메타크릴레이트코폴리머, 하이드롤라이즈드하이알루로닉애씨드, 흰목이버섯포자낭과추출물, 소듐하이알루로네이트크로스폴리머, 잔탄검, 창포뿌리추출물, 트라이메틸실록시실리케이트, 다이소듐이디티에이, 세라마이드엔피, 아이소도데케인, 소듐아세틸레이티드하이알루로네이트"
딥 클렌징 오일 225ml,헤라,"C12-15알킬벤조에이트, 솔베스-30테트라올리에이트, 아이소프로필팔미테이트, 카프릴릭/카프릭트라이글리세라이드, 펜타에리스리틸테트라아이소스테아레이트, 트라이에틸헥사노인, 세틸에틸헥사노에이트, 아이소도데케인, 다이아이소스테아릴말레이트, 아이소노닐아이소노나노에이트, 정제수, 향료, 락틱애씨드, 부틸렌글라이콜, 리날룰, 리모넨, 티몰트라이메톡시신나메이트, 나이아신아마이드, 올리브오일, 호호바씨오일, 3-O-에틸아스코빅애씨드, 시트릭애씨드, 프로판다이올, 글리세린, 글라이콜릭애씨드, 검정콩오일, 1,2-헥산다이올, 하이드롤라이즈드식물성단백질, 세라마이드엔피, 모란추출물, 피토스핑고신, 하이드로제네이티드레시틴, 에틸헥실글리세린, 다이소듐이디티에이, 작약뿌리추출물, 카놀라오일, 로즈마리잎추출물, 작약꽃추출물"
센슈얼 피팅 글로우틴트 5g,헤라,"정제수, 옥틸도데칸올, 부틸렌글라이콜, 스테아레스-21, 다이페닐다이메티콘, 에틸셀룰로오스, 스테아레스-2, 다이아이소스테아릴말레이트, 1,2-헥산다이올, 펜틸렌글라이콜, 폴리아크릴레이트크로스폴리머-6, 세틸피이지/피피지-10/1다이메티콘, 티타늄디옥사이드 (CI 77891), 폴리아크릴레이트-13, 카프릴릴글라이콜, 리모넨, 폴리아이소부텐, 황색4호, 적색227호, 황색5호, 레몬껍질오일, 알루미늄하이드록사이드, 코코넛야자오일, 스위트아몬드오일, 폴리솔베이트20, 솔비탄아이소스테아레이트, 파이틱애씨드, 녹색201호, 시트랄, 센티드제라늄꽃오일, 소듐하이드록사이드, 청색1호, 시트로넬올, 리날룰, 펜타에리스리틸테트라-다이-T-부틸하이드록시하이드로신나메이트"
컴피 리바이탈라이징 세럼 미스트 90ml,헤라,"정제수, 부틸렌글라이콜, 하이드로제네이티드폴리(C6-14올레핀), 글리세린, 1,2-헥산다이올 ,베타인 ,소듐클로라이드 ,에틸헥실글리세린, 토코페롤, 향료, 다이소듐이디티에이, 아데노신, 해바라기씨오일, 동백나무씨오일, 당근추출물, 프로판다이올, 동백나무꽃추출물, 바이오플라보노이드, 베타-카로틴"
에이지 어웨이 에스테틱 BX 워터 150ml,헤라,"정제수, 글리세린, 피이지/피피지-17/6코폴리머, 프로판다이올, 변성알코올, 1,2-헥산다이올, 나이아신아마이드, 베타인, 피피지-13-데실테트라데세스-24, 암모늄아크릴로일다이메틸타우레이트/브이피코폴리머, 잔탄검, 비스-피이지-18메틸에터다이메틸실레인, 에탄올, 다이메티콘, 옥틸도데세스-16, 부틸렌글라이콜, 에틸헥실글리세린, 아데노신, 향료, 산수유열매추출물, 다이소듐이디티에이, 셀룰로오스검, 하이드로제네이티드레시틴, 만니톨, 트레할로오스, 빌베리열매추출물, 사탕수수추출물, 소듐메틸스테아로일타우레이트, 오렌지추출물, 레몬추출물, 에스에이치-폴리펩타이드-121, 토코페롤, 설탕단풍추출물, 카프릴릴글라이콜, 메톡시피이지-114/폴리엡실론카프로락톤, 하이드록시에틸아크릴레이트/소듐아크릴로일다이메틸타우레이트코폴리머, 아세틸헵타펩타이드-4, 복사나무잎추출물, 라이신, 알지닌, 히스티딘, 글루코오스, 자일로오스, 페녹시에탄올, 아세틸헥사펩타이드-8, 소듐하이드록사이드, 만노오스, 소듐클로라이드, 벼에스에이치-올리고펩타이드-1, 레시틴, 펜틸렌글라이콜, 아세틸옥타펩타이드-3, 하이드로제네이티드포스파티딜콜린, 카퍼트라이펩타이드-1, 소듐포스페이트, 덱스트린, 하이드롤라이즈드오크라추출물, 콜레스테롤, 푸코오스, 다이팔미토일하이드록시프롤린, 아크릴레이트/스테아릴메타크릴레이트코폴리머, 칼슘클로라이드, 포타슘클로라이드, 포타슘포스페이트, 마그네슘클로라이드, 하이드롤라이즈드기장"
에이지 어웨이 에스테틱 BX 크림 50ml,헤라,"정제수, 프로판다이올, 스쿠알란, 글리세린, 시어버터, 다이카프릴릴카보네이트, 데실코코에이트, 나이아신아마이드, 비스-하이드록시에톡시프로필다이메티콘, 세테아릴알코올, 미리스틸미리스테이트, 글리세릴스테아레이트, 해바라기씨오일, 메틸트라이메티콘, 베헤닐알코올, 1,2-헥산다이올, 세테아릴올리베이트, 실리카, 아라키딜알코올, 솔비탄올리베이트, 글리세릴스테아레이트시트레이트, 아라키딜글루코사이드, 암모늄아크릴로일다이메틸타우레이트/브이피코폴리머, 에탄올, 향료, 비스-다이글리세릴폴리아실아디페이트-2, 잔탄검, 글리세릴카프릴레이트, 에틸헥실글리세린, 아데노신, 덱스트린, 카카오추출물, 산수유열매추출물, 다이소듐이디티에이, 하이드롤라이즈드콜라겐, 만니톨, 트레할로오스, 글루코오스, 부틸렌글라이콜, 토코페롤, 에스에이치-폴리펩타이드-121, 카프릴릴글라이콜, 메톡시피이지-114/폴리엡실론카프로락톤, 하이드록시에틸아크릴레이트/소듐아크릴로일다이메틸타우레이트코폴리머, 아세틸헵타펩타이드-4, 복사나무잎추출물, 라이신, 알지닌, 히스티딘, 자일로오스, 페녹시에탄올, 아세틸헥사펩타이드-8, 소듐하이드록사이드, 만노오스, 소듐클로라이드, 벼에스에이치-올리고펩타이드-1, 레시틴, 펜틸렌글라이콜, 아세틸옥타펩타이드-3, 하이드로제네이티드포스파티딜콜린, 카퍼트라이펩타이드-1, 소듐포스페이트, 하이드롤라이즈드오크라추출물, 콜레스테롤, 푸코오스, 다이팔미토일하이드록시프롤린, 아크릴레이트/스테아릴메타크릴레이트코폴리머, 칼슘클로라이드, 포타슘클로라이드, 포타슘포스페이트, 마그네슘클로라이드, 하이드롤라이즈드기장"
이지 스타일링 아이라이너 0.5g,헤라,"정제수, 흑색산화철, 부틸렌글라이콜, 암모늄스타이렌/아크릴레이트코폴리머, 카본블랙, 펜틸렌글라이콜, 암모늄아크릴레이트코폴리머, 페녹시에탄올, 알진, 1,2-헥산다이올, 카프릴릴글라이콜, 에틸헥실글리세린, 다이소듐이디티에이, 아미노메틸프로판올, 소듐데하이드로아세테이트, 시메티콘"
크리미 커버 컨실러 7.5g,헤라,"정제수, 티타늄디옥사이드 (CI 77891), 페닐트라이메티콘, 카프릴릴메티콘, 다이메티콘, 글리세린, 트라이메틸실록시실리케이트, 실리카, 부틸렌글라이콜, 합성왁스, 자일리톨, 소듐클로라이드, 황색산화철, 아크릴레이트/다이메티콘코폴리머, 라우릴폴리글리세릴-3폴리다이메틸실록시에틸다이메티콘, 다이메티콘/폴리글리세린-3크로스폴리머, 1,2-헥산다이올, 알루미늄하이드록사이드, 트라이에톡시카프릴릴실레인, 트라이하이드록시스테아린, 적색산화철, 트라이에틸헥사노인, 덱스트린팔미테이트, 다이스테아다이모늄헥토라이트, 카프릴릴글라이콜, 비닐다이메티콘/라우릴다이메티콘크로스폴리머, 에틸헥실글리세린, 흑색산화철, 하이드록시에틸아크릴레이트/소듐아크릴로일다이메틸타우레이트코폴리머, 다이소듐이디티에이, 다이프로필렌글라이콜, 솔비탄아이소스테아레이트, 폴리솔베이트60, 소듐시트레이트, 마이카, 프로판다이올, 토코페롤, 소듐하이알루로네이트, 틴옥사이드, 하이드롤라이즈드하이알루로닉애씨드, 소듐하이알루로네이트크로스폴리머, 하이알루로닉애씨드, 소듐아세틸레이티드하이알루로네이트"
하이드로 리플렉팅 마이크로 크림 50ml,헤라,"""정제수, 프로판다이올, 글리세린, 메도우폼씨오일, 1,2-헥산다이올, 베타인, 베헤닐알코올, 카보머, 트로메타민, 호호바에스터, 아라키딜알코올, 에틸헥실글리세린, 글리세릴카프릴레이트, 덱스트린, 다이소듐이디티에이, 향료, 아데노신, 아라키딜글루코사이드, 부틸렌글라이콜, 토코페롤, 마데카소사이드, 나이아신아마이드, 피토스테롤, 말라카이트추출물, 아크릴레이트/스테아릴메타크릴레이트코폴리머, 흰목이버섯포자낭과추출물, 하이알루로닉애씨드, 락토바실러스발효용해물, 병풀꽃/잎/줄기추출물, 잔탄검, 아스코빌테트라이소팔미테이트, 라이신, 알지닌, 히스티딘, 세라마이드엔피, 모란추출물, 글루코오스, 자일로오스, 복사나무잎추출물, 만노오스, 소듐클로라이드, 레시틴, 소듐포스페이트, 카퍼트라이펩타이드-1, 푸코오스, 포타슘클로라이드, 포타슘포스페이트, 마그네슘클로라이드, 하이드 롤라이즈드기장, 칼슘클로라이드"""
소프트 피니시 루스 파우더 15g,헤라,"마그네슘포타슘플루오로실리케이트, 실리카, 마그네슘미리스테이트, 비닐다이메티콘/메티콘실세스퀴옥세인크로스폴리머, 보론나이트라이드, 카프릴릭/카프릭트라이글리세라이드, 트라이에톡시카프릴릴실레인, 다이페닐실록시페닐트라이메티콘, 1,2-헥산다이올, 합성플루오르플로고파이트, 황색산화철, 에틸헥실글리세린, 아스코빅애씨드, 마이카, 정제수, 적색산화철, 데하이드로아세틱애씨드, 아크릴레이트/브이피코폴리머, 메티콘, 프로판다이올, 소듐하이알루로네이트, 하이드롤라이즈드하이알루로닉애씨드, 토코페롤, 소듐하이알루로네이트크로스폴리머, 하이알루로닉애씨드, 소듐아세틸레이티드하이알루로네이트"
에이지 어웨이 에스테틱 BX 에멀젼 120ml,헤라,"정제수, 프로판다이올, 글리세린, 하이드로제네이티드폴리(C6-14올레핀), 하이드로제네이티드폴리아이소부텐, 다이아이소스테아릴말레이트, 나이아신아마이드, 비스-하이드록시에톡시프로필다이메티콘, C14-22알코올, 1,2-헥산다이올, 시어버터, 피씨에이다이메티콘, 글리세릴스테아레이트시트레이트, 글리세릴폴리메타크릴레이트, C12-20알킬글루코사이드, 글리세릴스테아레이트, 세테아릴알코올, 하이드로제네이티드식물성오일, 스테아릭애씨드, 카보머, 에탄올, 트로메타민, 향료, 잔탄검, 글리세릴카프릴레이트, 팔미틱애씨드, 다이소듐이디티에이, 에틸헥실글리세린, 아데노신, 산수유열매추출물, 덱스트린, 카카오추출물, 만니톨, 트레할로오스, 글루코오스, 부틸렌글라이콜, 토코페롤, 에스에이치-폴리펩타이드-121, 카프릴릴글라이콜, 메톡시피이지-114/폴리엡실론카프로락톤, 하이드록시에틸아크릴레이트/소듐아크릴로일다이메틸타우레이트코폴리머, 아세틸헵타펩타이드-4, 복사나무잎추출물, 라이신, 알지닌, 히스티딘, 자일로오스, 페녹시에탄올, 아세틸헥사펩타이드-8, 소듐하이드록사이드, 만노오스, 소듐클로라이드, 벼에스에이치-올리고펩타이드-1, 레시틴, 펜틸렌글라이콜, 아세틸옥타펩타이드-3, 하이드로제네이티드포스파티딜콜린, 카퍼트라이펩타이드-1, 소듐포스페이트, 하이드롤라이즈드오크라추출물, 콜레스테롤, 푸코오스, 다이팔미토일하이드록시프롤린, 아크릴레이트/스테아릴메타크릴레이트코폴리머, 칼슘클로라이드, 포타슘클로라이드, 포타슘포스페이트, 마그네슘클로라이드, 하이드롤라이즈드기장"
하이드로 리플렉팅 2종 세트,헤라,"[토너] 정제수, 부틸렌글라이콜, 변성알코올, 글리세린, 1,2-헥산다이올, 트레할로오스, 락토바실러스발효용해물, 글리세레스-26, 피피지-13-데실테트라데세스-24, 마트리카리아꽃수, 에틸헥실글리세린, 베타인, 카보머, 향료, 트로메타민, 다이소듐이디티에이, 프로판다이올, 마데카소사이드, 나이아신아마이드, 아크릴레이트/스테아릴메타크릴레이트코폴리머, 흰목이버섯포자낭과추출물, 하이알루로닉애씨드, 병풀꽃/잎/줄기추출물, 잔탄검, 아스코빅애씨드, 토코페롤, 라이신, 알지닌, 히스티딘, 세라마이드엔피, 글루코오스, 자일로오스, 복사나무잎추출물, 만노오스, 소듐클로라이드, 레시틴, 소듐포스페이트, 카퍼트라이펩타이드-1, 푸코오스, 포타슘클로라이드, 포타슘포스페이트, 마그네슘클로라이드, 하이드롤라이즈드기장, 칼슘클로라이드 [플루이드] 정제수, 프로판다이올, 글리세린, 메틸트라이메티콘, 피씨에 이다이메티콘, 암모늄아크릴로일다이메틸타우레이트/브이피코폴리머, 1,2-헥산다이올, 폴리글리세릴-6카프릴레이트, 폴리글리세릴-4카프레이트, 실리카, 폴리메틸실세스퀴옥세인, 아크릴레이트/C10-30알킬아크릴레이트크로스폴리머, 잔탄검, 에틸헥실글리세린, 덱스트린, 트로메타민, 부틸렌글라이콜, 다이소듐이디티에이, 향료, 피이지-40스테아레이트, 스쿠알란, 마데카소사이드, 나이아신아마이드, 올리브오일, 하이드로제네이티드팜커넬오일, 하이드로제네이티드팜오일, 레시틴, 하이드록시에틸아크릴레이트/소듐아크릴로일다이메틸타우레이트코폴리머, 카프릴릴글라이콜, 아크릴레이트/스테아릴메타크릴레이트코폴리머, 흰목이버섯포자낭과추출물, 하이알루로닉애씨드, 락토바실러스발효용해물, 병풀꽃/잎/줄기추출물, 에탄올, 토코페릴아세테이트, 병풀추출물, 토코페롤, 아스코빌테트라이소팔미테이트, 라이신, 알지닌, 히스티딘, 세라마이드엔피, 소듐하이알루로네이트, 모란추출물, 글루코오스, 자일로오스, 복사나무잎추출물, 인도멀구슬나무추출물, 만노오스, 소듐클로라이드, 허브로버트추출물, 소듐포스페이트, 카퍼트라이펩타이드-1, 푸코오스, 포타슘클로라이드, 포타슘포스페이트, 마그네슘클로라이드, 하이드롤라이즈드기장, 칼슘클로라이"
파워부스팅 페이스 트리트먼트 110ml,헤라,"정제수, 글리세린, 부틸렌글라이콜, 베타인, 나이아신아마이드, 메틸글루세스-20, 변성알코올, 1,2-헥산다이올, 스쿠알란, 다이메티콘, 메틸트라이메티콘, 세테아릴올리베이트, 카페인, 솔비탄올리베이트, 아크릴레이트/C10-30알킬아크릴레이트크로스폴리머, 암모늄아크릴로일다이메틸타우레이트/브이피코폴리머, 글리세릴카프릴레이트, 폴리아크릴레이트-13, 다이소듐이디티에이, 트로메타민, 에틸헥실글리세린, 향료, 아데노신, 폴리아이소부텐, 마데카소사이드, 타우린, 리모넨, 폴리솔베이트20, 솔비탄아이소스테아레이트, 하이드롤라이즈드옥수수전분, 소나무잎추출물, 리날룰, 프로판다이올, 소듐하이알루로네이트, 하이알루로닉애씨드, 토코페롤, 아크릴레이트/스테아릴메타크릴레이트코폴리머, 하이드롤라이즈드하이알루로닉애씨드, 흰목이버섯포자낭과추출물, 소듐하이알루로네이트크로스폴리머, 잔탄검, 세라마이드엔피, 소듐아세틸레이티드하이알루로네이트"
센슈얼 립앤치크 7g,헤라,"피마자씨오일, 카프릴릭/카프릭트라이글리세라이드, 피토스테릴/이소스테아릴/세틸/스테아릴/베헤닐다이머디리놀리에이트, 하이드로제네이티드캐스터오일다이머다이리놀레에이트, 피토스테릴/옥틸도데실라우로일글루타메이트, 해바라기씨왁스, 시어버터, 호호바에스터, 알루미늄전분옥테닐석시네이트, 쌀겨왁스, 폴리글리세릴-2트라이아이소스테아레이트, 티타늄디옥사이드 (CI 77891), 폴리하이드록시스테아릭애씨드, 레시틴, 실리카다이메틸실릴레이트, 에틸헥실팔미테이트, 아이소스테아릭애씨드, 아이소프로필미리스테이트, 글리세릴카프릴레이트, 리모넨, 적색226호, 폴리글리세릴-3폴리리시놀리에이트, 리날룰, 향료, 청색1호, 알루미늄하이드록사이드, 트라이에톡시카프릴릴실레인, 토코페롤, 시트로넬올, 글리세린, 시트랄, 제라니올, 동백나무씨오일, 세라마이드엔피, 피토스핑고신, 하이드로제네이티드레시틴"
하이드로 리플렉팅 플루이드 140ml,헤라,"""정제수, 프로판다이올, 글리세린, 메틸트라이메티콘, 피씨에 이다이메티콘, 암모늄아크릴로일다이메틸타우레이트/브이피코폴리머, 1,2-헥산다이올, 폴리글리세릴-6카프릴레이트, 폴리글리세릴-4카프레이트, 실리카, 폴리메틸실세스퀴옥세인, 아크릴레이트/C10-30알킬아크릴레이트크로스폴리머, 잔탄검, 에틸헥실글리세린, 덱스트린, 트로메타민, 부틸렌글라이콜, 다이소듐이디티에이, 향료, 피이지-40스테아레이트, 스쿠알란, 마데카소사이드, 나이아신아마이드, 올리브오일, 하이드로제네이티드팜커넬오일, 하이드로제네이티드팜오일, 레시틴, 하이드록시에틸아크릴레이트/소듐아크릴로일다이메틸타우레이트코폴리머, 카프릴릴글라이콜, 아크릴레이트/스테아릴메타크릴레이트코폴리머, 흰목이버섯포자낭과추출물, 하이알루로닉애씨드, 락토바실러스발효용해물, 병풀꽃/잎/줄기추출물, 에탄올, 토코페릴아세테이트, 병풀추출물, 토코페롤, 아스코빌테트라이소팔미테이트, 라이신, 알지닌, 히스티딘, 세라마이드엔피, 소듐하이알루로네이트, 모란추출물, 글루코오스, 자일로오스, 복사나무잎추출물, 인도멀구슬나무추출물, 만노오스, 소듐클로라이드, 허브로버트추출물, 소듐포스페이트, 카퍼트라이펩타이드-1, 푸코오스, 포타슘클로라이드, 포타슘포스페이트, 마그네슘클로라이드, 하이드롤라이즈드기장, 칼슘클로라이드"""
하이드로 리플렉팅 토너 170ml,헤라,"정제수, 부틸렌글라이콜, 변성알코올, 글리세린, 1,2-헥산다이올, 트레할로오스, 락토바실러스발효용해물, 글리세레스-26, 피피지-13-데실테트라데세스-24, 마트리카리아꽃수, 에틸헥실글리세린, 베타인, 카보머, 향료, 트로메타민, 다이소듐이디티에이, 프로판다이올, 마데카소사이드, 나이아신아마이드, 아크릴레이트/스테아릴메타크릴레이트코폴리머, 흰목이버섯포자낭과추출물, 하이알루로닉애씨드, 병풀꽃/잎/줄기추출물, 잔탄검, 아스코빅애씨드, 토코페롤, 라이신, 알지닌, 히스티딘, 세라마이드엔피, 글루코오스, 자일로오스, 복사나무잎추출물, 만노오스, 소듐클로라이드, 레시틴, 소듐포스페이트, 카퍼트라이펩타이드-1, 푸코오스, 포타슘클로라이드, 포타슘포스페이트, 마그네슘클로라이드, 하이드롤라이즈드기장, 칼슘클로라이드"
시그니아 에센셜 밸런싱 에멀젼 150ml,헤라,"정제수, 부틸렌글라이콜, 글리세린, 다이메티콘, 펜타에리스리틸테트라에틸헥사노에이트, 나이아신아마이드, 하이드로제네이티드폴리(C6-14올레핀), 다이아이소스테아릴말레이트, 합성왁스, 1,2-헥산다이올, C14-22알코올, 식물성스쿠알란, 시어버터, 비스-다이글리세릴폴리아실아디페이트-2, 폴리글리세릴-10스테아레이트, 하이드록시프로필스타치포스페이트, 글리세릴스테아레이트, 세테아릴알코올, 글리세릴스테아레이트시트레이트, 폴리메틸실세스퀴옥세인, 하이드로제네이티드식물성오일, 하이드로제네이티드레시틴, C12-20알킬글루코사이드, 스테아릭애씨드, 판테놀, 카프릴릴글라이콜, 카보머, 글리세릴카프릴레이트, 팔미틱애씨드, 페녹시에탄올, 트로메타민, 향료, 다이소듐이디티에이, 아데노신, 에틸헥실글리세린, 수선화비늘줄기추출물, 콜레스테롤, 세라마이드엔피, 황수선추출물, 벤질살리실레이트, 덱스트린, 하이드롤라이즈드루핀단백질, 카카오추출물, 프로판다이올, 하이드록시시트로넬알, 글루코오스, 글라이코프로테인, 메톡시피이지-114/폴리엡실론카프로락톤, 하이드록시에틸아크릴레이트/소듐아크릴로일다이메틸타우레이트코폴리머, 복사나무잎추출물, 라이신, 알지닌, 히스티딘, 자일로오스, 토코페롤, 만노오스, 소듐클로라이드, 레시틴, 펜틸렌글라이콜, 하이드로제네이티드포스파티딜콜린, 카퍼트라이펩타이드-0, 소듐포스페이트, 하이드롤라이즈드오크라추출물, 푸코오스, 다이팔미토일하이드록시프롤린, 아크릴레이트/스테아릴메타크릴레이트코폴리머, 포타슘클로라이드, 포타슘포스페이트, 마그네슘클로라이드, 하이드롤라이즈드기장, 칼슘클로라이드"
리쥬브네이트 앰플 크림 50ml,헤라,"정제수, 스쿠알란, 프로판다이올, 글리세린, 시어버터, 다이카프릴릴에터, 다이메티콘, 부틸렌글라이콜, 펜틸렌글라이콜, 세테아릴알코올, 세테아릴올리베이트, 솔비탄올리베이트, 베타인, 다이아이소스테아릴말레이트, 하이드록시프로필스타치포스페이트, 합성왁스, 폴리C10-30알킬아크릴레이트, 글리세릴스테아레이트, 암모늄아크릴로일다이메틸타우레이트/브이피코폴리머, 베헤닐알코올, 폴리글리세릴-10라우레이트, 세테아릴글루코사이드, 글리세릴카프릴레이트, 팔미틱애씨드, 스테아릭애씨드, 향료, 아데노신, 소듐메타포스페이트, 동백나무씨추출물, 덱스트린, 카카오추출물, 동백나무꽃추출물, 1,2-헥산다이올, 세라마이드엔피, 하이드롤라이즈드식물성단백질, 3-O-에틸아스코빅애씨드, 토코페롤, 잔탄검, 서양산딸기추출물, 에틸헥실글리세린, 야생딸기잎추출물, 수용성콜라겐"
시그니아 크림 스페셜 기프트 세트,헤라,"[크림] 정제수, 부틸렌글라이콜, 글리세린, 베헤닐알코올, 세틸에틸헥사노에이트, 스쿠알란, 다이메티콘, 하이드로제네이티드폴리(C6-14올레핀), 피토스테릴/베헤닐/옥틸도데실라우로일글루타메이트, 피이지-60글리세릴아이소스테아레이트, 프로필렌글라이콜, 세테아릴알코올, 사이클로펜타실록세인, 글리세릴스테아레이트, 아세틸글루코사민, 폴리글리세릴-10스테아레이트, 나이아신아마이드, 하이드로제네이티드로진, 페녹시에탄올, 메도우폼씨오일, 세라마이드엔피, 피이지-32, 피이지-6, 폴리아크릴레이트-13, 아르간커넬오일, 하이드로제네이티드레시틴, 폴리메틸메타크릴레이트, 폴리아이소부텐, 다이메티콘올, 피이지-5레이프씨드스테롤, 팔미틱애씨드, 향료, 만니톨, 티몰트라이메톡시신나메이트, 잔탄검, 카퍼트라이펩타이드-1, 에틸헥실글리세린, 토코페롤, 다이소듐이디티에이, 포타슘세틸포스페이트, 아가, 아데노신, 알지닌/라이신폴리펩타이드, 소듐하이알루로네이트, 폴리솔베이트20, 수선화비늘줄기추출물, 솔비탄아이소스테아레이트, 1,2-헥산다이올, 벤질살리실레이트, 덱스트린, 카카오추출물, 피토스핑고신, 하이드록시시트로넬알, 프로판다이올, 시트로넬올, 제라니올, 리모넨, 헥실신남알, 카프릴릴글라이콜, 아세틸테트라펩타이드-11, 소르빅애씨드, 메톡시피이지-114/폴리엡실론카프로락톤, 하이드록시에틸아크릴레이트/소듐아크릴로일다이메틸타우레이트코폴리머, 아세틸헵타펩타이드-4, 복사나무잎추출물, 라이신, 알지닌, 히스티딘, 글루코오스, 헥사펩타이드-9, 자일로오스, 아세틸헥사펩타이드-8, 소듐하이드록사이드, 만노오스, 소듐클로라이드, 레시틴, 펜틸렌글라이콜, 아세틸옥타펩타이드-3, 하이드로제네이티드포스파티딜콜린, 소듐포스페이트, 하이드롤라이즈드오크라추출물, 콜레스테롤, 푸코오스, 다이팔미토일하이드록시프롤린, 아크릴레이트/스테아릴메타크릴레이트코폴리머, 포타슘클로라이드, 포타슘포스페이트, 마그네슘클로라이드, 하이드롤라이즈드기장, 칼슘클로라이드 [워터] 정제수, 부틸렌글라이콜, 글리세린, 베타인, 피이지/피피지-17/6코폴리머, 나이아신아마이드, 1,2-헥산다이올, 글리세릴폴리메타크릴레이트, 피피지-13-데실테트라데세스-24, 아크릴레이트/C10-30알킬아크릴레이트크로스폴리머, 잔탄검, 페녹시에탄올, 트로메타민, 에틸헥실글리세린, 향료, 아데노신, 다이소듐이디티에이, 수선화비늘줄기추출물, 황수선추출물, 금, 프로판다이올, 벤질살리실레이트, 하이드록시시트로넬알, 시트릭애씨드, 락틱애씨드, 폴리카프로락톤, 글라이콜릭애씨드, 에탄올, 프로테아제, 피이지-75, 메톡시피이지-114/폴리엡실론카프로락톤, 하이드록시에틸아크릴레이트/소듐아크릴로일다이메틸타우레이트코폴리머, 카프릴릴글라이콜, 토코페롤, 복사나무잎추출물, 라이신, 알지닌, 히스티딘, 파파인, 글루코오스, 자일로오스, 만노오스, 소듐클로라이드, 레시틴, 펜틸렌글라이콜, 하이드로제네이티드포스파티딜콜린, 카퍼트라이펩타이드-1, 소듐포스페이트, 덱스트린, 하이드롤라이즈드오크라추출물, 콜레스테롤, 푸코오스, 다이팔미토일하이드록시프롤린, 아크릴레이트/스테아릴메타크릴레이트코폴리머, 포타슘클로라이드, 포타슘포스페이트, 마그네슘클로라이드, 하이드롤라이즈드기장, 칼슘클로라이드 [에멀젼] 정제수, 부틸렌글라이콜, 글리세린, 다이메티콘, 펜타에리스리틸테트라에틸헥사노에이트, 나이아신아마이드, 하이드로제네이티드폴리(C6-14올레핀), 다이아이소스테아릴말레이트, 합성왁스, 1,2-헥산다이올, C14-22알코올, 식물성스쿠알란, 시어버터, 비스-다이글리세릴폴리아실아디페이트-2, 폴리글리세릴-10스테아레이트, 하이드록시프로필스타치포스페이트, 글리세릴스테아레이트, 세테아릴알코올, 글리세릴스테아레이트시트레이트, 폴리메틸실세스퀴옥세인, 하이드로제네이티드식물성오일, 하이드로제네이티드레시틴, C12-20알킬글루코사이드, 스테아릭애씨드, 판테놀, 카프릴릴글라이콜, 카보머, 글리세릴카프릴레이트, 팔미틱애씨드, 페녹시에탄올, 트로메타민, 향료, 다이소듐이디티에이, 아데노신, 에틸헥실글리세린, 수선화비늘줄기추출물, 콜레스테롤, 세라마이드엔피, 황수선추출물, 벤질살리실레이트, 덱스트린, 하이드롤라이즈드루핀단백질, 카카오추출물, 프로판다이올, 하이드록시시트로넬알, 글루코오스, 글라이코프로테인, 메톡시피이지-114/폴리엡실론카프로락톤, 하이드록시에틸아크릴레이트/소듐아크릴로일다이메틸타우레이트코폴리머, 복사나무잎추출물, 라이신, 알지닌, 히스티딘, 자일로오스, 토코페롤, 만노오스, 소듐클로라이드, 레시틴, 펜틸렌글라이콜, 하이드로제네이티드포스파티딜콜린, 카퍼트라이펩타이드-1, 소듐포스페이트, 하이드롤라이즈드오크라추출물, 푸코오스, 다이팔미토일하이드록시프롤린, 아크릴레이트/스테아릴메타크릴레이트코폴리머, 포타슘클로라이드, 포타슘포스페이트, 마그네슘클로라이드, 하이드롤라이즈드기장, 칼슘클로라이드 [세럼] 정제수, 부틸렌글라이콜, 스쿠알란, 메틸트라이메티콘, 글리세린, 나이아신아마이드, 비스-하이드록시에톡시프로필다이메티콘, 1,2-헥산다이올, 시어버터, 스테아릭애씨드, 팔미틱애씨드, 글리세릴스테아레이트, 피이지-100스테아레이트, 하이드록시에틸아크릴레이트/소듐아크릴로일다이메틸타우레이트코폴리머, C14-22알코올, 향료, 카보머, 아르간커넬오일, 글리세릴카프릴레이트, 만니톨, C12-20알킬글루코사이드, 잔탄검, 트로메타민, 티타늄디옥사이드 (CI 77891), 에틸헥실글리세린, 다이소듐이디티에이, 아데노신, 합성플루오르플로고파이트, 수선화비늘줄기추출물, 솔비탄아이소스테아레이트, 덱스트린, 카카오추출물, 벤질살리실레이트, 하이드록시시트로넬알, 프로판다이올, 시트로넬올, 미리스틱애씨드, 아라키딕애씨드, 제라니올, 리모넨, 헥실신남알, 글루코오스, 토코페롤, 틴옥사이드, 카프릴릴글라이콜, 아세틸테트라펩타이드-11, 메톡시피이지-114/폴리엡실론카프로락톤, 아세틸헵타펩타이드-4, 복사나무잎추출물, 라이신, 알지닌, 히스티딘, 헥사펩타이드-9, 자일로오스, 페녹시에탄올, 아세틸헥사펩타이드-8, 소듐하이드록사이드, 만노오스, 소듐클로라이드, 레시틴, 펜틸렌글라이콜, 아세틸옥타펩타이드-3, 하이드로제네이티드포스파티딜콜린, 카퍼트라이펩타이드-1, 소듐포스페이트, 하이드롤라이즈드오크라추출물, 콜레스테롤, 푸코오스, 다이팔미토일하이드록시프롤린, 아크릴레이트/스테아릴메타크릴레이트코폴리머, 포타슘클로라이드, 포타슘포스페이트, 마그네슘클로라이드, 하이드롤라이즈드기장, 칼슘클로라이드"
아이 디자이너 펜슬,헤라,"흑색산화철, 트라이메틸실록시실리케이트, 다이메티콘, 메틸트라이메티콘, 합성왁스, 칸데릴라왁스, 세레신, 아크릴레이트/스테아릴아크릴레이트/다이메티콘메타크릴레이트코폴리머, 다이스테아다이모늄헥토라이트, 폴리부텐, 합성플루오르플로고파이트"
벨벳 나이트 퍼퓸드 샤워젤 250g,헤라,"정제수, 소듐라우레스설페이트, 향료, 코카미도프로필베타인, 소듐클로라이드, 소듐벤조에이트, 폴리솔베이트60, 코카마이드엠이에이, 변성알코올, 부테스-3, 카프릴릴글라이콜, 폴리쿼터늄-10, 페녹시에탄올, 소듐벤조트라이아졸릴부틸페놀설포네이트, 시트릭애씨드, 소듐메타포스페이트, 글리세릴카프릴레이트, 폴리쿼터늄-7, 2,3-부탄다이올, 리날룰, 다이소듐이디티에이, 리모넨, 트라이부틸시트레이트, 카프릴릭/카프릭트라이글리세라이드, 부틸렌글라이콜, 자색401호, 황색4호, 적색227호, 청색1호, 석류추출물, 로즈힙꽃오일, 라벤더오일, 라임전초오일, 라즈베리씨오일, 크랜베리씨오일, 석류나무꽃추출물"
UV 프로텍터 액티브 선 밤 SPF 50+/PA++++ 10g,헤라,"정제수, 다이부틸아디페이트, 합성왁스, 다이카프릴릴카보네이트, 코코-카프릴레이트/카프레이트, 부틸옥틸살리실레이트, 비닐다이메티콘/메티콘실세스퀴옥세인크로스폴리머, 디에칠아미노하이드록시벤조일헥실벤조에이트, 다이에틸헥실2,6-나프탈레이트, 에칠헥실트리아존, 오조케라이트, 나이아신아마이드, 폴리실리콘-15, 비닐다이메티콘, 비스-에칠헥실옥시페놀메톡시페닐트리아진, 폴리글리세릴-4다이아이소스테아레이트/폴리하이드록시스테아레이트/세바케이트, 글리세릴카프릴레이트, 부틸렌글라이콜, 소듐클로라이드, 폴리C10-30알킬아크릴레이트, 프로판다이올, 향료, 라우릴폴리글리세릴-3폴리다이메틸실록시에틸다이메티콘, 폴리글리세릴-5폴리리시놀리에이트, 에틸헥실글리세린, 아데노신, 에틸헥실팔미테이트, 토코페롤, 1,2-헥산다이올, 펜틸렌글라이콜, 모란추출물, 작약뿌리추출물, 카보머, 다이소듐이디티에이, 토코페릴아세테이트, 효모발효여과물, 해바라기씨오일, 작약꽃추출물, 베타-카로틴, 쌀겨오일, 디엔에이, 버지니아풍년화껍질/잎/잔가지추출물, 센티드제라늄추출물, 치자꽃추출물, 살비아수, 판테놀, 3-O-에틸아스코빅애씨드"
NEW 헬씨 글로우 듀이 밤 10g,헤라,"폴리글리세릴-2트라이아이소스테아레이트, 옥틸도데칸올, 다이아이소스테아릴말레이트, 다이카프릴릴카보네이트, 펜타에리스리틸테트라아이소스테아레이트, 합성왁스, 카프릴릭/카프릭트라이글리세라이드, 토코페릴아세테이트, 피토스테릴/이소스테아릴/세틸/스테아릴/베헤닐다이머디리놀리에이트, 피마자씨오일, 마카다미아씨오일폴리글리세릴-6에스터스베헤네이트, 마이카, 에틸렌/프로필렌코폴리머, 티타늄디옥사이드 (CI 77891), 합성플루오르플로고파이트, 오조케라이트, 실리카, 실리카실릴레이트, 스테아랄코늄헥토라이트, 시어버터, 알파-비사보롤, 향료, 프로필렌카보네이트, 토코페롤, 글리세릴베헤네이트/에이코사디오에이트, 데하이드로아세틱애씨드, 적색산화철, 정제수, 부틸렌글라이콜, 1,2-헥산다이올, 에스에이치-폴리펩타이드-121, 카프릴릴글라이콜, 아세틸헵타펩타이드-4, 아세틸헥사펩타이드-8, 소듐하이드록사이드, 아세틸옥타펩타이드-3"
하이드로-듀 플럼핑 앰플 50ml,헤라,"정제수, 글리세린, 변성알코올, 실리카, 시어버터, 1,2-헥산다이올, 스쿠알란, 폴리아크릴레이트크로스폴리머-6, 스테아레스-21, 부틸렌글라이콜, 암모늄아크릴로일다이메틸타우레이트/브이피코폴리머, 글리세릴카프릴레이트, 에틸헥실글리세린, 다이소듐이디티에이, 향료, 하벌레아 로도펜시스잎추출물, 아데노신, 하이드롤라이즈드하이알루로닉애씨드, 엑토인, T-부틸알코올, 퉁퉁마디추출물, 프로판다이올, 소듐하이알루로네이트, 에탄올, 토코페롤, 소듐하이알루로네이트크로스폴리머, 하이알루로닉애씨드, 시트릭애씨드, 소듐아세틸레이티드하이알루로네이트"
리치 컬링 워터프루프 마스카라 6g,헤라,"아이소도데케인, 트라이메틸실록시실리케이트, 덱스트린팔미테이트/에틸헥사노에이트, 탤크, 세레신, 흑색산화철, 마이크로크리스탈린왁스, 폴리프로필실세스퀴옥세인, 다이스테아?┤┘이모늄헥토라이트, 솔베스-30테트라올리에이트, 프로필렌카보네이트, 트라이에톡시카프릴릴실레인, 판테놀, 소듐하이알루로네이트, 동백나무씨오일, 호호바씨오일, 바이오틴"
지일 블루밍 퍼퓸드 바디로션 230ml,헤라,"정제수, 프로판다이올, 글리세린, 해바라기씨오일, 향료, 다이메티콘, 시어버터, 글리세릴스테아레이트, 카프릴릭/카프릭트라이글리세라이드, 세테아릴알코올, 1,2-헥산다이올, 피이지-100스테아레이트, 하이드록시프로필스타치포스페이트, 하이드록시에틸아크릴레이트/소듐아크릴로일다이메틸타우레이트코폴리머, 글리세릴카프릴레이트, 벤질벤조에이트, 알파-아이소메틸아이오논, 카보머, 에틸헥실글리세린, 리날룰, 리모넨, 다이소듐이디티에이, 제라니올, 시트로넬올, 트로메타민, 솔비탄아이소스테아레이트, 폴리솔베이트60, 헥실신남알, 하이드록시시트로넬알, 소듐하이알루로네이트, 시트랄, 다마스크장미꽃추출물, 토코페롤"
NEW 부스팅 베이스 UV 프로텍터 SPF15 35ml,헤라,"정제수, 에칠헥실메톡시신나메이트, 프로판다이올, 나이아신아마이드, 1,2-헥산다이올, 비스-에칠헥실옥시페놀메톡시페닐트리아진, 디에칠아미노하이드록시벤조일헥실벤조에이트, 베헤닐알코올, 페닐트라이메티콘, 카프릴릴메티콘, 아라키딜알코올, 카프릴릴글라이콜, 글리세릴카프릴레이트, 소듐폴리아크릴로일다이메틸타우레이트, 에틸헥실글리세린, 아라키딜글루코사이드, 폴리아크릴레이트크로스폴리머-6, 향료, 아데노신, 타우린, 소듐메타포스페이트, 하이드롤라이즈드옥수수전분, 소나무잎추출물, 비에이치티, 프로필렌글라이콜, 리모넨, 소듐하이알루로네이트, 리날룰, 토코페롤"
메이크업 리무버 125ml,헤라,"정제수, 아이소도데케인, 카프릴릴메티콘, 메틸트라이메티콘, C9-12알케인, 세틸에틸헥사노에이트, 1,2-헥산다이올, 헥실렌글라이콜, 코코-카프릴레이트/카프레이트, 소듐클로라이드, 카프릴릴/카프릴글루코사이드, 라우릴메틸글루세스-10하이드록시프로필다이모늄클로라이드, 다이포타슘포스페이트, 소듐메타포스페이트, 락틱애씨드, 에틸헥실글리세린, 알란토인, 포타슘포스페이트, 시트릭애씨드, 글라이콜릭애씨드, 구아이아줄렌, 프로판다이올, 소듐하이알루로네이트, 하이드롤라이즈드하이알루로닉애씨드, 토코페롤, 소듐하이알루로네이트크로스폴리머, 하이알루로닉애씨드, 소듐아세틸레이티드하이알루로네이트"
하이드로-듀 플럼핑 크림 50ml,헤라,"정제수, 하이드로제네이티드폴리(C6-14올레핀), 부틸렌글라이콜, 글리세린, 다이메티콘, 스테아릭애씨드, 팔미틱애씨드, 글리세릴스테아레이트, 알지닌, 비스-다이글리세릴폴리아실아디페이트-2, 수크로오스폴리스테아레이트, 1,2-헥산다이올, 하이드록시프로필스타치포스페이트, 세테아릴알코올, 폴리글리세릴-10스테아레이트, 피이지-100스테아레이트, 아크릴레이트/C10-30알킬아크릴레이트크로스폴리머, 하이드로제네이티드폴리아이소부텐, 카프릴릴글라이콜, 에틸헥실글리세린, 다이소듐이디티에이, 향료, 하벌레아 로도펜시스잎추출물, 카보머, 아데노신, 미리스틱애씨드, 아라키딕애씨드, 프로판다이올, 소듐하이알루로네이트, 하이드롤라이즈드진주, 토코페롤, 하이드롤라이즈드하이알루로닉애씨드, 아세틸헵타펩타이드-4, 포타슘솔베이트, 소듐하이알루로네이트크로스폴리머, 하이알루로닉애씨드, 소르빅애씨드, 아세틸헥사펩타이드-8, 소듐하이드록사이드, 하이드롤라이즈드콜라겐, 소듐아세틸레이티드하이알루로네이트, 아세틸옥타펩타이드-3"
NEW 리프레싱 토닉 클렌징워터 200ml,헤라,"정제수, 피이지-6카프릴릭/카프릭글리세라이즈, 부틸렌글라이콜, 1,2-헥산다이올, 락토바실러스발효용해물, 향료, 글리세릴카프릴레이트, 다이소듐이디티에이, 에틸헥실글리세린, 소듐클로라이드, 글리세린, 포트마리골드꽃추출물, 토코페롤, 소듐벤조에이트, 시트릭애씨드, 포타슘솔베이트"
NEW 시그니아 일루미네이팅 세럼 30ml,헤라,"정제수, 프로판다이올, 메틸글루세스-20, 메틸 프로판다이올, 아이소노닐아이소노나노에이트, 나이아신 아마이드, 카프릴릭/카프릭트라이글리세라이드, 1,2-헥 산다이올, 스쿠알란, 부틸렌글라이콜, 베타인, 트로메타민, 아크릴레이트/C10-30알킬아크릴레이트크로스폴리머, 하이드로제네이티드폴리(C6-20올레핀), 카보머, 향료, 에틸헥실글리세린, 아데노신, 에이치디아이/트라이메틸 올헥실락톤크로스폴리머, 수선화비늘줄기추출물, 소듐메 타포스페이트, 덱스트린, 동백나무씨추출물, 아스코빌테 트라이소팔미테이트, 벤질살리실레이트, 하이드록시시트 로넬알, 토코페롤, 사이클로덱스트린, 시트로넬올, 프로테 아제, 황색4호, 황색5호, 풀루란, 제인, 펙틴, 시트릭애씨드"
파워부스팅 토너 150ml,헤라,"정제수, 변성알코올, 부틸렌글라이콜, 글리세린, 나이아신아마이드, 비스-피이지-18메틸에터다이메틸실레인, 1,2-헥산다이올, 피이지-60하이드로제네이티드캐스터오일, 옥틸도데세스-16, 향료, 카보머, 에틸헥실글리세린, 트로메타민, 아데노신, 다이소듐이디티에이, 리모넨, 리날룰, 시트랄, 알파-아이소메틸아이오논, 프로판다이올, 글라이콜릭애씨드, 토코페롤, 소듐하이알루로네이트, 하이드롤라이즈드하이알루로닉애씨드, 소듐하이알루로네이트크로스폴리머, 하이알루로닉애씨드, 판테놀, 소듐아세틸레이티드하이알루로네이트"
NEW 레티놀 3X 리프팅 세럼 25ml,헤라,"정제수, 카프릴릭/카프릭트라이글리세라이드, 부틸렌글라이콜, 글리세린, 다이메티콘, 토코페롤, 토코페릴아세테이트, 트레할로오스, 시어버터, 판테놀, 돌콩오일, 암모늄아크릴로일다이메틸타우레이트/브이피코폴리머, 글리세릴폴리메타크릴레이트, 카르노신, 폴리실리콘-11, 해바라기씨오일, 하이드록시에틸아크릴레이트/소듐아크릴로일다이메틸타우레이트코폴리머, 하이드로제네이티드레시틴, 폴리글리세릴-10스테아레이트, 쌀겨왁스, 세테아릴알코올, 카보머, 향료, 소듐설파이트, 나이아신아마이드, 트로메타민, 당근추출물, 레티놀(0.1%), 알란토인, 글리세릴카프릴레이트, 글리세릴스테아레이트, 에틸헥실글리세린, 소듐메타포스페이트, 아데노신, 스테아릭애씨드, 폴리글리세릴-3메틸글루코오스다이스테아레이트, 팔미틱애씨드, 솔비탄아이소스테아레이트, 프로판다이올, 1,2-헥산다이올, 소듐하이알루로네이트, 베타-카로틴, 하이드롤라이즈드식물성단백질, 잔탄검, 미리스틱애씨드, 하이드롤라이즈드하이알루로닉애씨드, 라우릭애씨드, 소듐하이알루로네이트크로스폴리머, 하이알루로닉애씨드, 소듐아세틸레이티드하이알루로네이트, 수용성콜라겐"
벨벳 나이트 오 데 퍼퓸 40ml,헤라,"변성알코올, 향료, 정제수, 벤질살리실레이트, 리날룰, 쿠마린, 리모넨, 알파-아이소메틸아이오논, 시트랄, 시트로넬올"
스킨 틴트 컴피 스프레더 SPF50/ PA++++ 15g,헤라,"정제수, 글리세린, 디에칠아미노하이드록시벤조일헥실벤조에이트, 호모,살레이트, 에칠헥실살리실레이트, 실리카,티타늄디옥사이드, 프로판다이올, C12-15알킬벤조에이트, C9-12알케인, 세틸에틸헥사노에이트, 비스-에칠헥실옥시페놀메톡시페닐트리아진, 폴리실리콘-15, 티타늄디옥사이드 (CI 77891), 펜틸렌글라이콜, 1,2-헥산다이올, 마그네슘/포타슘/실리콘/플루오라이드/하이드록사이드/옥사이드, 부틸렌글라이콜, 폴리C10-30알킬아크릴레이트, 세테아릴알코올, 하이드록시에틸아크릴레이트/소듐아크릴로일다이메틸타우레이트코폴리머, 알루미늄스테아레이트, 알루미나,스테아릭애씨드, 폴리하이드록시스테아릭애씨드, 아크릴레이트/C10-30알킬아크릴레이트크로스폴리머, 글리세릴스테아레이트, 향료, 글리세릴카프릴레이트, 하이드로제네이티드레시틴, 트로메타민, 황색산화철, 알루미늄하이드록사이드, 폴리글리세릴-3메틸글루코오스다이스테아레이트, 소듐코코일글루타메이트, 다이소듐이디티에이, 팔미틱애씨드, 트라이에톡시카프릴릴실레인, 적색산화철, 솔비탄아이소스테아레이트, 라우로일라이신, 동백나무씨오일,동백나무꽃추출물, 바이오플라보노"
파워부스팅 모이스춰라이저 110ml,헤라,"정제수, 부틸렌글라이콜, 변성알코올, 메틸트라이메티콘, 하이드로제네이티드폴리(C6-14올레핀), 글리세린, 부틸렌글라이콜다이카프릴레이트/다이카프레이트, 세틸에틸헥사노에이트, 나이아신아마이드, 폴리글리세릴-3메틸글루코오스다이스테아레이트, 1,2-헥산다이올, 다이메티콘, 하이드로제네이티드식물성오일, 실리카, 카페인, 메도우폼씨오일, 베헤닐알코올, 향료, 폴리아크릴레이트-13, 글리세릴스테아레이트, 피이지-100스테아레이트, 카보머, 폴리실리콘-11, 트로메타민, 세테아릴알코올, 글리세릴카프릴레이트, 소듐스테아로일글루타메이트, 폴리아이소부텐, 다이소듐이디티에이, 에틸헥실글리세린, 아데노신, 리모넨, 폴리솔베이트20, 솔비탄아이소스테아레이트, 리날룰, 레시틴, 시트랄, 하이드롤라이즈드옥수수전분, 소나무잎추출물, 알파-아이소메틸아이오논, 프로판다이올, 하이드롤라이즈드루핀단백질, 소듐하이알루로네이트, 카프릴릴글라이콜, 토코페롤, 하이드롤라이즈드하이알루로닉애씨드, 아세틸헵타펩타이드-4, 소듐하이알루로네이트크로스폴리머, 하이알루로닉애씨드, 아세틸헥사펩타이드-8, 소듐하이드록사이드, 소듐아세틸레이티드하이알루로네이트, 아세틸옥타펩타이드-3"
옴므 블랙 액티브 어드밴스드 에멀전 110ml,헤라,"정제수, 변성알코올, 부틸렌글라이콜, 글리세린, 피이지-60하이드로제네이티드캐스터오일, 1,2-헥산다이올, 향료, 옥틸도데세스-16, 프로판다이올, 에틸헥실글리세린, 베타인, 카보머, 트로메타민, 아데노신, 바이오사카라이드검-1, 펜틸렌글라이콜, 리모넨, 리날룰, 카페인, 알지닌, 소듐메타포스페이트, 하이드록시시트로넬알, 알파-아이소메틸아이오논, 프로필렌글라이콜, 흑효모발효물, 소듐하이알루로네이트, 토코페롤, 아세틸헥사펩타이드-8, 트라이펩타이드-1, 수용성콜라겐, 팔미토일테트라펩타이드-7, 팔미토일트라이펩타이드-1, 팔미토일헥사펩타이드-12"
옴므 블랙 액티브 어드밴스드 토너 125ml,헤라,"정제수, 부틸렌글라이콜, 변성알코올, 프로판다이올, 다이메티콘, 글리세린, 세틸에틸헥사노에이트, 하이드로제네이티드폴리(C6-14올레핀), 부틸렌글라이콜다이카프릴레이트/다이카프레이트, 폴리글리세릴-3메틸글루코오스다이스테아레이트, 1,2-헥산다이올, 폴리글리세린-3, 하이드로제네이티드식물성오일, 실리카, 베타인, 향료, 글리세릴스테아레이트, 피이지-100스테아레이트, 베헤닐알코올, 폴리실리콘-11, 카보머, 폴리아크릴레이트-13, 세테아릴알코올, 나이아신아마이드, 글리세릴카프릴레이트, 소듐스테아로일글루타메이트, 트로메타민, 폴리아이소부텐, 에틸헥실글리세린, 아데노신, 소듐메타포스페이트, 리모넨, 리날룰, 바이오사카라이드검-1, 카페인, 토코페릴아세테이트, 알지닌, 아스코빌테트라이소팔미테이트, 펜틸렌글라이콜, 호호바씨오일, 폴리솔베이트20, 솔비탄아이소스테아레이트, 하이드록시시트로넬알, 알파-아이소메틸아이오논, 레시틴, 흑효모발효물, 토코페롤, 아세틸헥사펩타이드-8, 트라이펩타이드-1, 수용성콜라겐, 팔미토일테트라펩타이드-7, 팔미토일트라이펩타이드-1, 팔미토일헥사펩타이드-12"
하이드로-듀 플럼핑 워터 드롭 50ml,헤라,"정제수, 프로판다이올, 1,2-헥산다이올, 글라이콜릭애씨드, 판테놀, 글리세린, 폴리솔베이트20, 소듐하이드록사이드, 부틸렌글라이콜, 잔탄검, 하벌레아 로도펜시스잎추출물, 에틸헥실글리세린, 다이소듐이디티에이, 덱스트린, 석류추출물, 사이아노코발아민, 소듐하이알루로네이트, 락토바실러스발효용해물, 토코페롤, 하이드롤라이즈드하이알루로닉애씨드, 석류나무꽃추출물, 소듐하이알루로네이트크로스폴리머, 하이알루로닉애씨드, 소듐아세틸레이티드하이알루로네이트"
NEW 옴므 블루 에센스 인 에멀전 110ml,헤라,"정제수, 부틸렌글라이콜, 글리세린, 메틸트라이메티콘, 펜타에리스리틸테트라에틸헥사노에이트, 하이드로제네이티드폴리(C6-14올레핀), 1,2-헥산다이올, 시어버터, 폴리글리세릴-3메틸글루코오스다이스테아레이트, 하이드록시에틸아크릴레이트/소듐아크릴로일다이메틸타우레이트코폴리머, 세테아릴알코올, 스테아레스-21, 하이드로제네이티드식물성오일, 글리세릴스테아레이트, 카보머, 글리세릴스테아레이트시트레이트, 트로메타민, 향료, 팔미틱애씨드, 잔탄검, 글리세릴카프릴레이트, 에틸헥실글리세린, 스테아릭애씨드, 다이메티콘, 소듐메타포스페이트, 폴리글루타믹애씨드, 솔비탄아이소스테아레이트, 폴리솔베이트60, 이노시톨, 엑토인, 리날룰, 헥실신남알, 알파-아이소메틸아이오논, 리모넨, 레시틴, 벤질살리실레이트, 세라마이드엔피, 하이드롤라이즈드익스텐신, 호호바씨오일, 폴리글리세릴-10라우레이트, 프로필렌글라이콜, 토코페롤, 빌베리열매추출물, 소듐하이알루로네이트, 사탕수수추출물, 하이드로제네이티드레시틴, 오렌지추출물, 레몬추출물, 설탕단풍추출물, 아크릴레이트/스테아릴메타크릴레이트코폴리머, 흰목이버섯포자낭과추출물, 하이알루로닉애씨드, 수용성콜라겐"
NEW 옴므 블루 에센스 인 토너 125ml,헤라,"정제수, 프로판다이올, 글리세린, 1,2-헥산다이올, 글리세레스-26, 베타인, 피피지-13-데실테트라데세스-24, 옥틸도데세스-16, 비스-피이지-18메틸에터다이메틸실레인, 에틸헥실글리세린, 잔탄검, 향료, 카보머, 트로메타민, 소듐메타포스페이트, 이노시톨, 엑토인, 리날룰, 헥실신남알, 알파-아이소메틸아이오논, 리모넨, 벤질살리실레이트, 하이드롤라이즈드익스텐신, 호호바씨오일, 폴리글리세릴-10라우레이트, 프로필렌글라이콜, 빌베리열매추출물, 토코페롤, 소듐하이알루로네이트, 사탕수수추출물, 부틸렌글라이콜, 하이드로제네이티드레시틴, 오렌지추출물, 레몬추출물, 설탕단풍추출물, 아크릴레이트/스테아릴메타크릴레이트코폴리머, 흰목이버섯포자낭과추출물, 하이알루로닉애씨드, 세라마이드엔피, 수용성콜라겐"
페르소프 오 데 퍼퓸 40ml,헤라,"변성알코올, 향료, 정제수, 알파-아이소메틸아이오논, 시트랄, 리모넨, 쿠마린, 유제놀, 리날룰, 하이드록시시트로넬알, 시트로넬올, 제라니올, 벤질벤조에이트"
NEW 블랙 쿠션 파운데이션 00P1 SPF34/PA++ 15g,헤라,"[00P1] 정제수, 사이클로펜타실록세인, 메틸트라이메티콘, 부틸렌글라이콜, 에칠헥실메톡시신나메이트, 폴리메틸메타크릴레이트, 사이클로헥사실록세인, 티타늄디옥사이드 (CI 77891), 트라이메틸실록시실리케이트, 피이지-10다이메티콘, 마이카, 다이스테아다이모늄헥토라이트, 나이아신아마이드, 징크옥사이드, 티타늄디옥사이드, 라우릴피이지-9폴리다이메틸실록시에틸다이메티콘, 다이메티콘,아크릴레이트/다이메티콘코폴리머, 소듐클로라이드, 알루미늄하이드록사이드, 적색산화철, 카프릴릴글라이콜, 향료, 스테아릭애씨드, 다이메티콘크로스폴리머, 트라이에톡시카프릴릴실레인, 라우로일라이신, 에틸헥실글리세린, 아데노신, 황색산화철, 콘민트잎추출물, 커먼자스민꽃추출물, 흑색산화철, 1,2-헥산다이올, 비에이치티, 아크릴레이트/스테아릴아크릴레이트/다이메티콘메타크릴레이트코폴리머, 하이알루로닉애씨드, 아이소도데케인, 토코페롤, 아크릴레이트/폴리트라이메틸실록시메타크릴레이트코폴리머, 글리세린, 프로판다이올, 폴리솔베이트80, 하이드로제네이티드레시틴, 적색202호"
UV 프로텍터 톤업 2개 + 월리 뽀모도로 타이머 & 포스트카드,헤라,"정제수, 에칠헥실메톡시신나메이트, 글리세린, 부틸렌글라이콜, 디에칠아미노하이드록시벤조일헥실벤조에이트, 다이부틸아디페이트, 티타늄디옥사이드, 비스-에칠헥실옥시페놀메톡시페닐트리아진, 메틸트라이메티콘, C12-15알킬벤조에이트, 다이메티콘, 실리카, 티타늄디옥사이드 (CI 77891), 나이아신아마이드, 트라이실록세인, 1,2-헥산다이올, 세테아릴알코올, 폴리C10-30알킬아크릴레이트, 하이드록시에틸아크릴레이트/소듐아크릴로일다이메틸타우레이트코폴리머, 알루미늄스테아레이트, 알루미나, 스테아릭애씨드, 폴리하이드록시스테아릭애씨드, 폴리메틸메타크릴레이트, 아크릴레이트/C10-30알킬아크릴레이트크로스폴리머, 소듐폴리아크릴로일다이메틸타우레이트, 글리세릴스테아레이트, 하이드로제네이티드레시틴, 카프릴릴글라이콜, 티몰트라이메톡시신나메이트, 트로메타민, 폴리글리세릴-3메틸글루코오스다이스테아레이트, 팔미틱애씨드, 다이소듐이디티에이, 에틸헥실글리세린, 아데노신, 알루미늄하이드록사이드, 적색산화철, 솔비탄아이소스테아레이트, 트라이에톡시카프릴릴실레인, 황색산화철, 토코페릴아세테이트, 3-O-에틸아스코빅애씨드, 락토바실러스/부레옥잠발효물, 만니톨, 프로판다이올, 에틸헥실팔미테이트, 비에이치티, 펜틸렌글라이콜, 미리스틱애씨드, 페녹시에탄올, 라우릭애씨드, 소듐데하이드로아세테이트, 카보머, 소듐시트레이트, 포타슘솔베이트, 토코페롤, 메톡시피이지-114/폴리엡실론카프로락톤, 복사나무잎추출물, 해바라기씨오일, 라이신, 알지닌, 히스티딘, 시트릭애씨드, 베타-카로틴, 글루코오스, 자일로오스, 디엔에이, 바이오틴, 만노오스, 소듐클로라이드, 레시틴, 하이드로제네이티드포스파티딜콜린, 카퍼트라이펩타이드-1, 소듐포스페이트, 덱스트린, 하이드롤라이즈드오크라추출물, 콜레스테롤, 푸코오스, 다이팔미토일하이드록시프롤린, 아크릴레이트/스테아릴메타크릴레이트코폴리머, 포타슘클로라이드, 포타슘포스페이트, 마그네슘클로라이드, 하이드롤라이즈드기장, 칼슘클로라이드"
블랙쿠션 23N1 듀오 + 리필 + 월리 우프 무드등,헤라,"[23N1] 정제수, 사이클로펜타실록세인, 메틸트라이메티콘, 부틸렌글라이콜, 티타늄디옥사이드 (CI 77891), 에칠헥실메톡시신나메이트, 마이카, 사이클로헥사실록세인, 트라이메틸실록시실리케이트, 피이지-10다이메티콘, 다이메티콘, 다이스테아다이모늄헥토라이트, 징크옥사이드, 티타늄디옥사이드, 라우릴피이지-9폴리다이메틸실록시에틸다이메티콘, 폴리메틸메타크릴레이트, 황색산화철, 아크릴레이트/다이메티콘코폴리머, 소듐클로라이드, 아크릴레이트/스테아릴아크릴레이트/다이메티콘메타크릴레이트코폴리머, 알루미늄하이드록사이드, 글리세린, 적색산화철, 폴리실리콘-11, 폴리솔베이트40, 폴리솔베이트80, 트라이에톡시카프릴릴실레인, 카프릴릴글라이콜, 향료, 라우로일라이신, 스테아릭애씨드, 하이드로제네이티드레시틴, 흑색산화철, 에틸헥실글리세린, 다이소듐이디티에이, 콘민트잎추출물, 비스머스옥시클로라이드, 커먼자스민꽃추출물, 아이소도데케인, 1,2-헥산다이올, 비에이치티, 아크릴레이트/폴리트라이메틸실록시메타크릴레이트코폴리머, 하이알루로닉애씨드, 토코페롤"
블랙쿠션 21N1 듀오 + 리필 + 월리 우프 무드등,헤라,"[21N1] 정제수, 사이클로펜타실록세인, 메틸트라이메티콘, 부틸렌글라이콜, 티타늄디옥사이드 (CI 77891), 에칠헥실메톡시신나메이트, 마이카, 사이클로헥사실록세인, 트라이메틸실록시실리케이트, 피이지-10다이메티콘, 다이메티콘, 다이스테아다이모늄헥토라이트, 징크옥사이드, 티타늄디옥사이드, 라우릴피이지-9폴리다이메틸실록시에틸다이메티콘, 폴리메틸메타크릴레이트, 황색산화철, 아크릴레이트/다이메티콘코폴리머, 소듐클로라이드, 아크릴레이트/스테아릴아크릴레이트/다이메티콘메타크릴레이트코폴리머, 알루미늄하이드록사이드, 글리세린, 폴리실리콘-11, 폴리솔베이트40, 적색산화철, 폴리솔베이트80, 트라이에톡시카프릴릴실레인, 카프릴릴글라이콜, 향료, 라우로일라이신, 스테아릭애씨드, 하이드로제네이티드레시틴, 흑색산화철, 에틸헥실글리세린, 다이소듐이디티에이, 콘민트잎추출물, 비스머스옥시클로라이드, 커먼자스민꽃추출물, 아이소도데케인, 1,2-헥산다이올, 비에이치티, 아크릴레이트/폴리트라이메틸실록시메타크릴레이트코폴리머, 하이알루로닉애씨드, 토코페롤"
실키스테이 24H 롱웨어 파운데이션 23N1 기획세트,헤라,"정제수, 사이클로펜타실록세인, 티타늄디옥사이드 (CI 77891), 트라이메틸실록시실리케이트, 부틸렌글라이콜, 피이지/피피지-18/18다이메티콘, 사이클로헥사실록세인, 티타늄디옥사이드, 황색산화철, 아이소도데케인, 나일론-12, 피이지-10다이메티콘, 폴리글리세릴-3다이아이소스테아레이트, 트라이베헤닌, 다이스테아다이모늄헥토라이트, 소듐클로라이드, 폴리메틸실세스퀴옥세인, 1,2-헥산다이올, 적색산화철, 알루미늄하이드록사이드, 펜틸렌글라이콜, 트라이에톡시카프릴릴실레인, 알루미나, 카프릴릴글라이콜, 향료, 흑색산화철, 글리세릴카프릴레이트, 실리카다이메티콘실릴레이트, 잔탄검, 다이소듐이디티에이, 시메티콘, 프로필렌글라이콜, 소듐하이알루로네이트, 에틸헥실글리세린"
실키스테이 24H 롱웨어 파운데이션 21N1 기획세트,헤라,"정제수, 사이클로펜타실록세인, 티타늄디옥사이드 (CI 77891), 트라이메틸실록시실리케이트, 부틸렌글라이콜, 피이지/피피지-18/18다이메티콘, 사이클로헥사실록세인, 티타늄디옥사이드, 아이소도데케인, 나일론-12, 피이지-10다이메티콘, 황색산화철, 폴리글리세릴-3다이아이소스테아레이트, 트라이베헤닌, 다이스테아다이모늄헥토라이트, 소듐클로라이드, 폴리메틸실세스퀴옥세인, 1,2-헥산다이올, 알루미늄하이드록사이드, 펜틸렌글라이콜, 트라이에톡시카프릴릴실레인, 적색산화철, 알루미나, 카프릴릴글라이콜, 향료, 글리세릴카프릴레이트, 흑색산화철, 실리카다이메티콘실릴레이트, 잔탄검, 다이소듐이디티에이, 시메티콘, 프로필렌글라이콜, 소듐하이알루로네이트, 에틸헥실글리세린"
글로우쿠션 리필 21N1 + 쿠션 케이스 #1 메탈릭레더,헤라,"정제수, 다이페닐실록시페닐트라이메티콘, 티타늄디옥사이드 (CI 77891), 호모살레이트, 다이메티콘, 페닐트라이메티콘, 피이지-10다이메티콘, 메틸트라이메티콘, 부틸렌글라이콜, 글리세린, 에칠헥실살리실레이트, 변성알코올, 트라이메틸실록시실리케이트, 티타늄디옥사이드, 나이아신아마이드, 라우릴피이지-8다이메티콘, 징크옥사이드, 소듐시트레이트, 다이스테아다이모늄헥토라이트, 다이아이소스테아릴말레이트, 펜타에리스리틸테트라아이소스테아레이트, 카프릴릴메티콘, 보론나이트라이드, 합성왁스, 셀룰로오스, 시트릭애씨드, 1,2-헥산다이올, 황색산화철, 소듐클로라이드, 비스-베헤닐/아이소스테아릴/피토스테릴다이머다이리놀레일다이머다이리놀리에이트, 알루미늄하이드록사이드, 솔비탄세스퀴올리에이트, 스테아릭애씨드, 다이메티콘/폴리글리세린-3크로스폴리머, 카프릴릴글라이콜, 다이소듐스테아로일글루타메이트, 폴리메틸메타크릴레이트, 적색산화철, 폴리하이드록시스테아릭애씨드, 소듐메타포스페이트, 글리세릴카프릴레이트, 에틸헥실글리세린, 트라이에톡시카프릴릴실레인, 흑색산화철, 프로판다이올, 에틸헥실팔미테이트, 레시틴, 아이소스테아릭애씨드, 아이소프로필팔미테이트, 폴리글리세릴-3폴리리시놀리에이트, 아스코빅애씨드, 동백나무씨오일, 동백나무씨추출물, 다이프로필렌글라이콜, 동백나무꽃추출물, 토코페롤"
블러쉬 스틱 7.7g,헤라,"아이소데실아이소노나노에이트, 실리카, 옥틸도데실스테아로일스테아레이트, 합성왁스, C12-15알킬벤조에이트, 아이소데실네오펜타노에이트, 합성플루오르플로고파이트, 티타늄디옥사이드 (CI 77891), 일라이트, 솔비탄세스퀴올리에이트, 솔비탄아이소스테아레이트, 바륨설페이트, 라우릴폴리글리세릴-3폴리다이메틸실록시에틸다이메티콘, 토코페릴아세테이트, 스테아랄코늄헥토라이트, 페녹시에탄올, 적색104호의(1), 에틸헥실글리세린, 황색4호, 아이소프로필티타늄트라이아이소스테아레이트, 알루미늄하이드록사이드, 트라이에톡시카프릴릴실레인, 적색산화철, 청색1호, 틴옥사이드, 정제수, 토코페롤, 1,2-헥산다이올, 소듐하이알루로네이트"
NEW 컴피 컨디셔닝 에센스 150g,헤라,"정제수, 프로판다이올, 글리세린, 1,2-헥산다이올, 다이프로필렌글라이콜, 아이소펜틸다이올, 부틸렌글라이콜, 폴리글리세린-3, 나이아신아마이드, 락토바실러스발효용해물, 에틸헥실글리세린, 아데노신, 에틸헥실팔미테이트, 다이포타슘글리시리제이트, 라이신, 알지닌, 히스티딘, 잔탄검, 소듐글루코네이트, 향료, 피피지-13-데실테트라데세스-24, 글루코오스, 자일로오스, 하이드로제네이티드레시틴, 아크릴레이트/스테아릴메타크릴레이트코폴리머, 흰목이버섯포자낭과추출물, 하이알루로닉애씨드, 펜틸렌글라이콜, 동백나무꽃추출물, 글루코노락톤, 만노오스, 소듐클로라이드, 소듐메틸스테아로일타우레이트, 레시틴, 세라마이드엔피, 동백나무씨추출물, 소듐포스페이트, 팔미토일펜타펩타이드-4, 포타슘클로라이드, 포타슘포스페이트, 마그네슘클로라이드, 칼슘클로라이드, 하이드롤라이즈드디엔에이, 토코페롤, 헥사펩타이드-9"
지일 블루밍 퍼퓸드 샤워 젤 250g,헤라,"정제수, 소듐라우레스설페이트, 향료, 코카미도프로필베타인, 폴리솔베이트60, 솔비톨, 1,2-헥산다이올, 변성알코올, 소듐클로라이드, 다마스크장미꽃수, 코카마이드미파, 소듐벤조에이트, 말티톨, 카프릴릴글라이콜, 페녹시에탄올, 시트릭애씨드, 소듐메타포스페이트, 벤질벤조에이트, 알파-아이소메틸아이오논, 부테스-3, 리날룰, 리모넨, 에틸헥실글리세린, 부틸렌글라이콜, 폴리쿼터늄-10, 제라니올, 시트로넬올, 소듐벤조트라이아졸릴부틸페놀설포네이트, 다이소듐이디티에이, 헥실신남알, 하이드록시시트로넬알, 트라이부틸시트레이트, 황색4호, 적색227호, 토코페롤, 자색401호, 청색1호, 프로판다이올, 소듐하이알루로네이트, 하이드롤라이즈드하이알루로닉애씨드, 소듐하이알루로네이트크로스폴리머, 하이알루로닉애씨드, 소듐아세틸레이티드하이알루로네이트"
벨벳 나이트 퍼퓸드 바디 로션 230ml,헤라,"정제수, 글리세린, 프로판디올, 글리세릴스테아레이트, 디카프릴릴에텔, 세테아릴알코올, 코코-카프릴레이트/카프레이트, 향료, 피이지-40스테아레이트, 쉐어버터, 디메치콘, 하이드록시프로필스타치포스페이트, 하이드록시에칠아크릴레이트/소듐아크릴로일디메칠타우레이트코폴리머, 글리세릴카프릴레이트, 카프릴릭/카프릭트리글리세라이드, 디소듐이디티에이, 에칠헥실글리세린, 소듐폴리아크릴레이트, 리날룰, 폴리소르베이트60, 소르비탄이소스테아레이트, 리모넨, 벤질벤조에이트, 쿠마린, 석류추출물, 토코페롤, 페녹시에탄올, 콩오일, 덩굴월귤씨오일, 라즈베리씨오일, 로즈힙꽃오일, 라벤더오일, 라임오일, 석류나무꽃추출물"
웨이크업 생기 립밤 3g,비레디,"[공통-보습] 스쿠알란, 하이드로제네이티드캐스터오일다이머다이리놀레에이트, 다이아이소스테아릴말레이트, 카프릴릭/카프릭트라이글리세라이드, 폴리글리세릴-2트라이아이소스테아레이트, 합성왁스, 아크릴레이트/스테아릴아크릴레이트/다이메티콘메타크릴레이트코폴리머, 비스-다이글리세릴폴리아실아디페이트-2, 펜타에리스리틸테트라아이소스테아레이트, 하이드로제네이티드폴리아이소부텐, 에이치디아이/트라이메틸올헥실락톤크로스폴리머, 마이크로크리스탈린왁스, 합성플루오르플로고파이트, 시어버터, 페녹시에탄올, 토코페롤, 아르간커넬오일, 에틸렌/프로필렌코폴리머, 피마자씨오일, 호호바씨오일, 에틸헥실팔미테이트, 페퍼민트오일, 실리카, 리모넨, 트라이하이드록시스테아린, 소듐하이알루로네이트 [코어: 01 Lively] 스쿠알란, 하이드로제네이티드캐스터오일다이머다이리놀레에이트, 다이아이소스테아릴말레이트, 합성왁스, 폴리글리세릴-2트라이아이소스테아레이트, 아크릴레이트/스테아릴아크릴레이트/다이메티콘메타크릴레이트코폴리머, 비스-다이글리세릴폴리아실아디페이트-2, 펜타에리스리틸테트라아이소스테아레이트, 카프릴릭/카프릭트라이글리세라이드, 카프릴릭/카프릭트라이글리세라이드, 하이드로제네이티드폴리아이소부텐, 에이치디아이/트라이메틸올헥실락톤크로스폴리머, 마이크로크리스탈린왁스, 합성플루오르플로고파이트, 시어버터, 스테아랄코늄헥토라이트, 적색산화철, 적색202호, 페녹시에탄올, 토코페롤, 아르간커넬오일, 에틸렌/프로필렌코폴리머, 피마자씨오일, 프로필렌카보네이트, 호호바씨오일, 에틸헥실팔미테이트, 페퍼민트오일, 적색201호, 실리카, 리모넨, 트라이하이드록시스테아린, 소듐하이알루로네이트"
웨이크업 생기 립밤 3g,라네즈,"[공통-보습] 스쿠알란, 하이드로제네이티드캐스터오일다이머다이리놀레에이트, 다이아이소스테아릴말레이트, 카프릴릭/카프릭트라이글리세라이드, 폴리글리세릴-2트라이아이소스테아레이트, 합성왁스, 아크릴레이트/스테아릴아크릴레이트/다이메티콘메타크릴레이트코폴리머, 비스-다이글리세릴폴리아실아디페이트-2, 펜타에리스리틸테트라아이소스테아레이트, 하이드로제네이티드폴리아이소부텐, 에이치디아이/트라이메틸올헥실락톤크로스폴리머, 마이크로크리스탈린왁스, 합성플루오르플로고파이트, 시어버터, 페녹시에탄올, 토코페롤, 아르간커넬오일, 에틸렌/프로필렌코폴리머, 피마자씨오일, 호호바씨오일, 에틸헥실팔미테이트, 페퍼민트오일, 실리카, 리모넨, 트라이하이드록시스테아린, 소듐하이알루로네이트 [코어: 01 Lively] 스쿠알란, 하이드로제네이티드캐스터오일다이머다이리놀레에이트, 다이아이소스테아릴말레이트, 합성왁스, 폴리글리세릴-2트라이아이소스테아레이트, 아크릴레이트/스테아릴아크릴레이트/다이메티콘메타크릴레이트코폴리머, 비스-다이글리세릴폴리아실아디페이트-2, 펜타에리스리틸테트라아이소스테아레이트, 카프릴릭/카프릭트라이글리세라이드, 카프릴릭/카프릭트라이글리세라이드, 하이드로제네이티드폴리아이소부텐, 에이치디아이/트라이메틸올헥실락톤크로스폴리머, 마이크로크리스탈린왁스, 합성플루오르플로고파이트, 시어버터, 스테아랄코늄헥토라이트, 적색산화철, 적색202호, 페녹시에탄올, 토코페롤, 아르간커넬오일, 에틸렌/프로필렌코폴리머, 피마자씨오일, 프로필렌카보네이트, 호호바씨오일, 에틸헥실팔미테이트, 페퍼민트오일, 적색201호, 실리카, 리모넨, 트라이하이드록시스테아린, 소듐하이알루로네이트"
트루톤 로션  40ml,비레디,"정제수, 호모살레이트, 글리세린, 디에칠아미노하이드록시벤조일헥실벤조에이트, 에칠헥실살리실레이트, 부틸렌글라이콜, 티타늄디옥사이드 (CI 77891), C12-15알킬벤조에이트, 비스-에칠헥실옥시페놀메톡시페닐트리아진, 다이아이소프로필세바케이트, 테레프탈릴리덴디캠퍼설포닉애씨드, 1,2-헥산다이올, 포타슘세틸포스페이트, 세테아릴알코올, 트로메타민, 글리세릴스테아레이트, 황색산화철, 베헤닐알코올, 트라이메틸실록시실리케이트, 폴리아크릴레이트크로스폴리머-6, 잔탄검, 소듐폴리아크릴로일다이메틸타우레이트, 마이카, 적색산화철, 하이드로제네이티드레시틴, 카프릴릴글라이콜, 폴리C10-30알킬아크릴레이트, 글리세릴운데실다이메티콘, 에틸헥실글리세린, 알루미늄하이드록사이드, 폴리에스터-1, 향료, 스테아릭애씨드, 실리카다이메틸실릴레이트, 트라이에톡시카프릴릴실레인, 폴리글리세릴-3메틸글루코오스다이스테아레이트, 팔미틱애씨드, 다이소듐이디티에이, 아데노신, 흑색산화철, 에탄올, 마트리카리아꽃추출물, 미리스틱애씨드, 시트릭애씨드, 프로판다이올, 락틱애씨드, 글라이콜릭애씨드, 라우릭애씨드, 말라카이트추출물, 소듐하이알루로네이트, 토코페롤, 하이드롤라이즈드하이알루로닉애씨드, 소듐하이알루로네이트크로스폴리머, 하이알루로닉애씨드, 소듐아세틸레이티드하이알루로네이트"
트루톤 로션  40ml,라네즈,"정제수, 호모살레이트, 글리세린, 디에칠아미노하이드록시벤조일헥실벤조에이트, 에칠헥실살리실레이트, 부틸렌글라이콜, 티타늄디옥사이드 (CI 77891), C12-15알킬벤조에이트, 비스-에칠헥실옥시페놀메톡시페닐트리아진, 다이아이소프로필세바케이트, 테레프탈릴리덴디캠퍼설포닉애씨드, 1,2-헥산다이올, 포타슘세틸포스페이트, 세테아릴알코올, 트로메타민, 글리세릴스테아레이트, 황색산화철, 베헤닐알코올, 트라이메틸실록시실리케이트, 폴리아크릴레이트크로스폴리머-6, 잔탄검, 소듐폴리아크릴로일다이메틸타우레이트, 마이카, 적색산화철, 하이드로제네이티드레시틴, 카프릴릴글라이콜, 폴리C10-30알킬아크릴레이트, 글리세릴운데실다이메티콘, 에틸헥실글리세린, 알루미늄하이드록사이드, 폴리에스터-1, 향료, 스테아릭애씨드, 실리카다이메틸실릴레이트, 트라이에톡시카프릴릴실레인, 폴리글리세릴-3메틸글루코오스다이스테아레이트, 팔미틱애씨드, 다이소듐이디티에이, 아데노신, 흑색산화철, 에탄올, 마트리카리아꽃추출물, 미리스틱애씨드, 시트릭애씨드, 프로판다이올, 락틱애씨드, 글라이콜릭애씨드, 라우릭애씨드, 말라카이트추출물, 소듐하이알루로네이트, 토코페롤, 하이드롤라이즈드하이알루로닉애씨드, 소듐하이알루로네이트크로스폴리머, 하이알루로닉애씨드, 소듐아세틸레이티드하이알루로네이트"
블루 수분 선크림 1+1 기획세트 SPF50+PA++++,비레디,"정제수, 부틸렌글라이콜, 호모살레이트, 에칠헥실살리실레이트, 변성알코올, 비스-에칠헥실옥시페놀메톡시페닐트리아진, 디에칠아미노하이드록시벤조일헥실벤조에이트, 실리카, 세틸에틸헥사노에이트, 에칠헥실트리아존, 테레프탈릴리덴디캠퍼설포닉애씨드, 트로메타민, 메틸트라이메티콘, 다이아이소프로필세바케이트, 세테아릴알코올, 하이드록시에틸아크릴레이트/소듐아크릴로일다이메틸타우레이트코폴리머, 포타슘세틸포스페이트, 1,2-헥산다이올, 하이드록시프로필스타치포스페이트, 아크릴레이트/C10-30알킬아크릴레이트크로스폴리머, 글리세릴스테아레이트, 하이드로제네이티드레시틴, 향료, 에틸헥실글리세린, 스테아릭애씨드, 폴리글리세릴-3메틸글루코오스다이스테아레이트, 팔미틱애씨드, 다이소듐이디티에이, 솔비탄아이소스테아레이트, 티타늄디옥사이드 (CI 77891), 마이카, 징크옥사이드, 에탄올, 인디고잎추출물, 마트리카리아꽃추출물, 미리스틱애씨드, 프로판다이올, 라우릭애씨드, 말라카이트추출물, 소듐하이알루로네이트, 틴옥사이드, 토코페롤, 소듐라우로일글루타메이트, 하이드롤라이즈드하이알루로닉애씨드, 라이신, 소듐하이알루로네이트크로스폴리머, 마그네슘클로라이드, 하이알루로닉애씨드, 소듐아세틸레이티드하이알루로네이트"
블루 수분 선크림 1+1 기획세트 SPF50+PA++++,라네즈,"정제수, 부틸렌글라이콜, 호모살레이트, 에칠헥실살리실레이트, 변성알코올, 비스-에칠헥실옥시페놀메톡시페닐트리아진, 디에칠아미노하이드록시벤조일헥실벤조에이트, 실리카, 세틸에틸헥사노에이트, 에칠헥실트리아존, 테레프탈릴리덴디캠퍼설포닉애씨드, 트로메타민, 메틸트라이메티콘, 다이아이소프로필세바케이트, 세테아릴알코올, 하이드록시에틸아크릴레이트/소듐아크릴로일다이메틸타우레이트코폴리머, 포타슘세틸포스페이트, 1,2-헥산다이올, 하이드록시프로필스타치포스페이트, 아크릴레이트/C10-30알킬아크릴레이트크로스폴리머, 글리세릴스테아레이트, 하이드로제네이티드레시틴, 향료, 에틸헥실글리세린, 스테아릭애씨드, 폴리글리세릴-3메틸글루코오스다이스테아레이트, 팔미틱애씨드, 다이소듐이디티에이, 솔비탄아이소스테아레이트, 티타늄디옥사이드 (CI 77891), 마이카, 징크옥사이드, 에탄올, 인디고잎추출물, 마트리카리아꽃추출물, 미리스틱애씨드, 프로판다이올, 라우릭애씨드, 말라카이트추출물, 소듐하이알루로네이트, 틴옥사이드, 토코페롤, 소듐라우로일글루타메이트, 하이드롤라이즈드하이알루로닉애씨드, 라이신, 소듐하이알루로네이트크로스폴리머, 마그네슘클로라이드, 하이알루로닉애씨드, 소듐아세틸레이티드하이알루로네이트"
블루 파운데이션 SPF27/PA++ 35ml,비레디,"정제수, 메틸트라이메티콘, 티타늄디옥사이드 (CI 77891), 에칠헥실메톡시신나메이트, 아이소도데케인, 다이페닐실록시페닐트라이메티콘, 사이클로펜타실록세인, 글리세린, 변성알코올, 라우릴피이지-8다이메티콘, 부틸렌글라이콜, 글리세레스-26, 실리카, 나일론-12, 다이페닐다이메티콘/비닐다이페닐다이메티콘/실세스퀴옥세인크로스폴리머, 황색산화철, 아크릴레이트/폴리트라이메틸실록시메타크릴레이트코폴리머, 다이스테아다이모늄헥토라이트, 카프릴릴메티콘, 아크릴레이트/다이메티콘코폴리머, 1,2-헥산다이올, 피이지-10다이메티콘, 폴리메틸실세스퀴옥세인, 아크릴레이트/에틸헥실아크릴레이트/다이메티콘메타크릴레이트코폴리머, 카프릴릭/카프릭트라이글리세라이드, 다이메티콘, 알루미늄하이드록사이드, 트라이하이드록시스테아린, 소듐클로라이드, 피토스테릴/옥틸도데실라우로일글루타메이트, 트라이에톡시카프릴릴실레인, 적색산화철, 카프릴릴글라이콜, 향료, 프로필렌카보네이트, 흑색산화철, 글리세릴카프릴레이트, 폴리실리콘-11, 다이소듐이디티에이, 쌀겨왁스, 징크옥사이드, 에탄올, 비에이치티, 마트리카리아꽃추출물, 프로판다이올, 말라카이트추출물, 소듐하이알루로네이트, 토코페롤, 키토산, 소듐라우로일글루타메이트, 하이드롤라이즈드하이알루로닉애씨드, 라이신, 소듐하이알루로네이트크로스폴리머, 마그네슘클로라이드, 하이알루로닉애씨드, 에틸헥실글리세린, 소듐아세틸레이티드하이알루로네이트, 리파아제"
블루 파운데이션 SPF27/PA++ 35ml,라네즈,"정제수, 메틸트라이메티콘, 티타늄디옥사이드 (CI 77891), 에칠헥실메톡시신나메이트, 아이소도데케인, 다이페닐실록시페닐트라이메티콘, 사이클로펜타실록세인, 글리세린, 변성알코올, 라우릴피이지-8다이메티콘, 부틸렌글라이콜, 글리세레스-26, 실리카, 나일론-12, 다이페닐다이메티콘/비닐다이페닐다이메티콘/실세스퀴옥세인크로스폴리머, 황색산화철, 아크릴레이트/폴리트라이메틸실록시메타크릴레이트코폴리머, 다이스테아다이모늄헥토라이트, 카프릴릴메티콘, 아크릴레이트/다이메티콘코폴리머, 1,2-헥산다이올, 피이지-10다이메티콘, 폴리메틸실세스퀴옥세인, 아크릴레이트/에틸헥실아크릴레이트/다이메티콘메타크릴레이트코폴리머, 카프릴릭/카프릭트라이글리세라이드, 다이메티콘, 알루미늄하이드록사이드, 트라이하이드록시스테아린, 소듐클로라이드, 피토스테릴/옥틸도데실라우로일글루타메이트, 트라이에톡시카프릴릴실레인, 적색산화철, 카프릴릴글라이콜, 향료, 프로필렌카보네이트, 흑색산화철, 글리세릴카프릴레이트, 폴리실리콘-11, 다이소듐이디티에이, 쌀겨왁스, 징크옥사이드, 에탄올, 비에이치티, 마트리카리아꽃추출물, 프로판다이올, 말라카이트추출물, 소듐하이알루로네이트, 토코페롤, 키토산, 소듐라우로일글루타메이트, 하이드롤라이즈드하이알루로닉애씨드, 라이신, 소듐하이알루로네이트크로스폴리머, 마그네슘클로라이드, 하이알루로닉애씨드, 에틸헥실글리세린, 소듐아세틸레이티드하이알루로네이트, 리파아제"
블루쿠션 SPF34/PA++ 15g,비레디,"정제수, 사이클로펜타실록세인, 메틸트라이메티콘, 부틸렌글라이콜, 티타늄디옥사이드 (CI 77891), 에칠헥실메톡시신나메이트, 실리카, 사이클로헥사실록세인, 피이지-10다이메티콘, 트라이메틸실록시실리케이트, 마이카, 변성알코올, 징크옥사이드, 티타늄디옥사이드, 라우릴피이지-8다이메티콘, 아이소도데케인, 다이스테아다이모늄헥토라이트, 다이메티콘, 보론나이트라이드, 아크릴레이트/폴리트라이메틸실록시메타크릴레이트코폴리머, 황색산화철, 1,2-헥산다이올, 소듐클로라이드, 피씨에이다이메티콘, 아크릴레이트/다이메티콘코폴리머, 알루미늄하이드록사이드, 트라이하이드록시스테아린, 폴리솔베이트80, 카프릴릴글라이콜, 트라이에톡시카프릴릴실레인, 적색산화철, 스테아릭애씨드, 하이드로제네이티드레시틴, 라우로일라이신, 향료, 에틸헥실글리세린, 흑색산화철, 다이소듐이디티에이, 에탄올, 비에이치티, 마트리카리아꽃추출물, 프로판다이올, 말라카이트추출물, 소듐하이알루로네이트, 토코페롤, 소듐라우로일글루타메이트, 하이드롤라이즈드하이알루로닉애씨드, 라이신, 소듐하이알루로네이트크로스폴리머, 마그네슘클로라이드, 하이알루로닉애씨드, 소듐아세틸레이티드하이알루로네이트"
블루쿠션 SPF34/PA++ 15g,라네즈,"정제수, 사이클로펜타실록세인, 메틸트라이메티콘, 부틸렌글라이콜, 티타늄디옥사이드 (CI 77891), 에칠헥실메톡시신나메이트, 실리카, 사이클로헥사실록세인, 피이지-10다이메티콘, 트라이메틸실록시실리케이트, 마이카, 변성알코올, 징크옥사이드, 티타늄디옥사이드, 라우릴피이지-8다이메티콘, 아이소도데케인, 다이스테아다이모늄헥토라이트, 다이메티콘, 보론나이트라이드, 아크릴레이트/폴리트라이메틸실록시메타크릴레이트코폴리머, 황색산화철, 1,2-헥산다이올, 소듐클로라이드, 피씨에이다이메티콘, 아크릴레이트/다이메티콘코폴리머, 알루미늄하이드록사이드, 트라이하이드록시스테아린, 폴리솔베이트80, 카프릴릴글라이콜, 트라이에톡시카프릴릴실레인, 적색산화철, 스테아릭애씨드, 하이드로제네이티드레시틴, 라우로일라이신, 향료, 에틸헥실글리세린, 흑색산화철, 다이소듐이디티에이, 에탄올, 비에이치티, 마트리카리아꽃추출물, 프로판다이올, 말라카이트추출물, 소듐하이알루로네이트, 토코페롤, 소듐라우로일글루타메이트, 하이드롤라이즈드하이알루로닉애씨드, 라이신, 소듐하이알루로네이트크로스폴리머, 마그네슘클로라이드, 하이알루로닉애씨드, 소듐아세틸레이티드하이알루로네이트"
무드업 듀얼 아이섀도우 브러쉬,비레디,
무드업 듀얼 아이섀도우 브러쉬,라네즈,
블루쿠션 SPF34/PA++ 15g,비레디,"정제수, 사이클로펜타실록세인, 메틸트라이메티콘, 부틸렌글라이콜, 티타늄디옥사이드 (CI 77891), 에칠헥실메톡시신나메이트, 실리카, 사이클로헥사실록세인, 피이지-10다이메티콘, 트라이메틸실록시실리케이트, 마이카, 변성알코올, 징크옥사이드, 티타늄디옥사이드, 라우릴피이지-8다이메티콘, 아이소도데케인, 다이스테아다이모늄헥토라이트, 다이메티콘, 보론나이트라이드, 아크릴레이트/폴리트라이메틸실록시메타크릴레이트코폴리머, 황색산화철, 1,2-헥산다이올, 소듐클로라이드, 피씨에이다이메티콘, 아크릴레이트/다이메티콘코폴리머, 알루미늄하이드록사이드, 트라이하이드록시스테아린, 폴리솔베이트80, 카프릴릴글라이콜, 트라이에톡시카프릴릴실레인, 적색산화철, 스테아릭애씨드, 하이드로제네이티드레시틴, 라우로일라이신, 향료, 에틸헥실글리세린, 흑색산화철, 다이소듐이디티에이, 에탄올, 비에이치티, 마트리카리아꽃추출물, 프로판다이올, 말라카이트추출물, 소듐하이알루로네이트, 토코페롤, 소듐라우로일글루타메이트, 하이드롤라이즈드하이알루로닉애씨드, 라이신, 소듐하이알루로네이트크로스폴리머, 마그네슘클로라이드, 하이알루로닉애씨드, 소듐아세틸레이티드하이알루로네이트"
블루쿠션 SPF34/PA++ 15g,라네즈,"정제수, 사이클로펜타실록세인, 메틸트라이메티콘, 부틸렌글라이콜, 티타늄디옥사이드 (CI 77891), 에칠헥실메톡시신나메이트, 실리카, 사이클로헥사실록세인, 피이지-10다이메티콘, 트라이메틸실록시실리케이트, 마이카, 변성알코올, 징크옥사이드, 티타늄디옥사이드, 라우릴피이지-8다이메티콘, 아이소도데케인, 다이스테아다이모늄헥토라이트, 다이메티콘, 보론나이트라이드, 아크릴레이트/폴리트라이메틸실록시메타크릴레이트코폴리머, 황색산화철, 1,2-헥산다이올, 소듐클로라이드, 피씨에이다이메티콘, 아크릴레이트/다이메티콘코폴리머, 알루미늄하이드록사이드, 트라이하이드록시스테아린, 폴리솔베이트80, 카프릴릴글라이콜, 트라이에톡시카프릴릴실레인, 적색산화철, 스테아릭애씨드, 하이드로제네이티드레시틴, 라우로일라이신, 향료, 에틸헥실글리세린, 흑색산화철, 다이소듐이디티에이, 에탄올, 비에이치티, 마트리카리아꽃추출물, 프로판다이올, 말라카이트추출물, 소듐하이알루로네이트, 토코페롤, 소듐라우로일글루타메이트, 하이드롤라이즈드하이알루로닉애씨드, 라이신, 소듐하이알루로네이트크로스폴리머, 마그네슘클로라이드, 하이알루로닉애씨드, 소듐아세틸레이티드하이알루로네이트"
시카페인 트러블리셋 세럼 40ml,비레디,"편백수, 정제수, 부틸렌글라이콜, 글리세린, 다이프로필렌글라이콜, 베타인, 변성알코올, 나이아신아마이드, 스쿠알란, 카페인, 다이에톡시에틸석시네이트, 1,2-헥산다이올, 수크로오스스테아레이트, 소듐폴리아크릴로일다이메틸타우레이트, 글리세릴폴리메타크릴레이트, 폴리글리세릴-10스테아레이트, 폴리메틸메타크릴레이트, 메틸트라이메티콘, 하이드로제네이티드레시틴, 하이드로제네이티드포스파티딜콜린, 에틸헥실글리세린, 폴리글리세릴-10라우레이트, 티몰트라이메톡시신나메이트, 카보머, 트로메타민, 잔탄검, 글루코노락톤, 소듐시트레이트, 다이소듐이디티에이, 말라카이트추출물, 잇꽃꽃추출물, 덱스트린, 시트릭애씨드, 피토스테롤, 알지닌, 사이클로덱스트린, 하이드록시프로필사이클로덱스트린, 말토덱스트린, 토코페롤"
시카페인 트러블리셋 세럼 40ml,라네즈,"편백수, 정제수, 부틸렌글라이콜, 글리세린, 다이프로필렌글라이콜, 베타인, 변성알코올, 나이아신아마이드, 스쿠알란, 카페인, 다이에톡시에틸석시네이트, 1,2-헥산다이올, 수크로오스스테아레이트, 소듐폴리아크릴로일다이메틸타우레이트, 글리세릴폴리메타크릴레이트, 폴리글리세릴-10스테아레이트, 폴리메틸메타크릴레이트, 메틸트라이메티콘, 하이드로제네이티드레시틴, 하이드로제네이티드포스파티딜콜린, 에틸헥실글리세린, 폴리글리세릴-10라우레이트, 티몰트라이메톡시신나메이트, 카보머, 트로메타민, 잔탄검, 글루코노락톤, 소듐시트레이트, 다이소듐이디티에이, 말라카이트추출물, 잇꽃꽃추출물, 덱스트린, 시트릭애씨드, 피토스테롤, 알지닌, 사이클로덱스트린, 하이드록시프로필사이클로덱스트린, 말토덱스트린, 토코페롤"
블루 수분 선크림 SPF50+/PA++++ 50ml,비레디,"정제수, 부틸렌글라이콜, 호모살레이트, 에칠헥실살리실레이트, 변성알코올, 비스-에칠헥실옥시페놀메톡시페닐트리아진, 디에칠아미노하이드록시벤조일헥실벤조에이트, 실리카, 세틸에틸헥사노에이트, 에칠헥실트리아존, 테레프탈릴리덴디캠퍼설포닉애씨드, 트로메타민, 메틸트라이메티콘, 다이아이소프로필세바케이트, 세테아릴알코올, 하이드록시에틸아크릴레이트/소듐아크릴로일다이메틸타우레이트코폴리머, 포타슘세틸포스페이트, 1,2-헥산다이올, 하이드록시프로필스타치포스페이트, 아크릴레이트/C10-30알킬아크릴레이트크로스폴리머, 글리세릴스테아레이트, 하이드로제네이티드레시틴, 향료, 에틸헥실글리세린, 스테아릭애씨드, 폴리글리세릴-3메틸글루코오스다이스테아레이트, 팔미틱애씨드, 다이소듐이디티에이, 솔비탄아이소스테아레이트, 티타늄디옥사이드 (CI 77891), 마이카, 징크옥사이드, 에탄올, 인디고잎추출물, 마트리카리아꽃추출물, 미리스틱애씨드, 프로판다이올, 라우릭애씨드, 말라카이트추출물, 소듐하이알루로네이트, 틴옥사이드, 토코페롤, 소듐라우로일글루타메이트, 하이드롤라이즈드하이알루로닉애씨드, 라이신, 소듐하이알루로네이트크로스폴리머, 마그네슘클로라이드, 하이알루로닉애씨드, 소듐아세틸레이티드하이알루로네이트"
블루 수분 선크림 SPF50+/PA++++ 50ml,라네즈,"정제수, 부틸렌글라이콜, 호모살레이트, 에칠헥실살리실레이트, 변성알코올, 비스-에칠헥실옥시페놀메톡시페닐트리아진, 디에칠아미노하이드록시벤조일헥실벤조에이트, 실리카, 세틸에틸헥사노에이트, 에칠헥실트리아존, 테레프탈릴리덴디캠퍼설포닉애씨드, 트로메타민, 메틸트라이메티콘, 다이아이소프로필세바케이트, 세테아릴알코올, 하이드록시에틸아크릴레이트/소듐아크릴로일다이메틸타우레이트코폴리머, 포타슘세틸포스페이트, 1,2-헥산다이올, 하이드록시프로필스타치포스페이트, 아크릴레이트/C10-30알킬아크릴레이트크로스폴리머, 글리세릴스테아레이트, 하이드로제네이티드레시틴, 향료, 에틸헥실글리세린, 스테아릭애씨드, 폴리글리세릴-3메틸글루코오스다이스테아레이트, 팔미틱애씨드, 다이소듐이디티에이, 솔비탄아이소스테아레이트, 티타늄디옥사이드 (CI 77891), 마이카, 징크옥사이드, 에탄올, 인디고잎추출물, 마트리카리아꽃추출물, 미리스틱애씨드, 프로판다이올, 라우릭애씨드, 말라카이트추출물, 소듐하이알루로네이트, 틴옥사이드, 토코페롤, 소듐라우로일글루타메이트, 하이드롤라이즈드하이알루로닉애씨드, 라이신, 소듐하이알루로네이트크로스폴리머, 마그네슘클로라이드, 하이알루로닉애씨드, 소듐아세틸레이티드하이알루로네이트"
프라이드업 아이브로우 0.6G,비레디,"[펜슬] 하이드로제네이티드돌콩오일, 하이드로제네이티드코코-글리세라이즈, 하이드로제네이티드식물성오일, 징크스테아레이트, 스테아릭애씨드, 카나우바왁스, 폴리글리세릴-2트라이아이소스테아레이트, 토코페롤, 카프릴릴글라이콜, 페녹시에탄올, 아스코빌팔미테이트, 헥실렌글라이콜, 마이카, 흑색산화철, 황색산화철, 적색산화철 / [파우더] 탤크, 옥틸도데실스테아로일스테아레이트, 다이펜타에리스리틸헥사하이드록시스테아레이트/헥사스테아레이트/헥사로지네이트, 옥틸도데칸올, 다이메티콘, 페녹시에탄올, 마그네슘미리스테이트, 호호바씨오일, 카프릴릴글라이콜, 비사보롤, 헥실렌글라이콜, 마이카, 흑색산화철, 황색산화철, 적색산화철"
프라이드업 아이브로우 0.6G,라네즈,"[펜슬] 하이드로제네이티드돌콩오일, 하이드로제네이티드코코-글리세라이즈, 하이드로제네이티드식물성오일, 징크스테아레이트, 스테아릭애씨드, 카나우바왁스, 폴리글리세릴-2트라이아이소스테아레이트, 토코페롤, 카프릴릴글라이콜, 페녹시에탄올, 아스코빌팔미테이트, 헥실렌글라이콜, 마이카, 흑색산화철, 황색산화철, 적색산화철 / [파우더] 탤크, 옥틸도데실스테아로일스테아레이트, 다이펜타에리스리틸헥사하이드록시스테아레이트/헥사스테아레이트/헥사로지네이트, 옥틸도데칸올, 다이메티콘, 페녹시에탄올, 마그네슘미리스테이트, 호호바씨오일, 카프릴릴글라이콜, 비사보롤, 헥실렌글라이콜, 마이카, 흑색산화철, 황색산화철, 적색산화철"
블루 세범 파우더 7g,비레디,"실리카, 카프릴릭/카프릭트라이글리세라이드, 다이메티콘/비닐다이메티콘크로스폴리머, 메티콘, 에틸헥실글리세린, 글리세릴카프릴레이트, 정제수, 에탄올, 마트리카리아꽃추출물, 프로판다이올, 1,2-헥산다이올, 말라카이트추출물, 소듐하이알루로네이트, 토코페롤, 하이드롤라이즈드하이알루로닉애씨드, 소듐하이알루로네이트크로스폴리머, 하이알루로닉애씨드, 소듐아세틸레이티드하이알루로네이트"
블루 세범 파우더 7g,라네즈,"실리카, 카프릴릭/카프릭트라이글리세라이드, 다이메티콘/비닐다이메티콘크로스폴리머, 메티콘, 에틸헥실글리세린, 글리세릴카프릴레이트, 정제수, 에탄올, 마트리카리아꽃추출물, 프로판다이올, 1,2-헥산다이올, 말라카이트추출물, 소듐하이알루로네이트, 토코페롤, 하이드롤라이즈드하이알루로닉애씨드, 소듐하이알루로네이트크로스폴리머, 하이알루로닉애씨드, 소듐아세틸레이티드하이알루로네이트"
시카페인 트러블리셋 토너 250ml,비레디,"편백수, 정제수, 부틸렌글라이콜, 글리세린, 프로판다이올, 1,2-헥산다이올, 다이프로필렌글라이콜, 소듐시트레이트, 에틸헥실글리세린, 시트릭애씨드, 하이드록시에틸아크릴레이트/소듐아크릴로일다이메틸타우레이트코폴리머, 글루코노락톤, 다이소듐이디티에이, 나이아신아마이드, 카페인, 솔비탄아이소스테아레이트, 토코페롤, 알지닌, 사이클로덱스트린, 하이드록시프로필사이클로덱스트린, 말토덱스트린, 피토스테롤"
시카페인 트러블리셋 토너 250ml,라네즈,"편백수, 정제수, 부틸렌글라이콜, 글리세린, 프로판다이올, 1,2-헥산다이올, 다이프로필렌글라이콜, 소듐시트레이트, 에틸헥실글리세린, 시트릭애씨드, 하이드록시에틸아크릴레이트/소듐아크릴로일다이메틸타우레이트코폴리머, 글루코노락톤, 다이소듐이디티에이, 나이아신아마이드, 카페인, 솔비탄아이소스테아레이트, 토코페롤, 알지닌, 사이클로덱스트린, 하이드록시프로필사이클로덱스트린, 말토덱스트린, 피토스테롤"
시카페인 트러블리셋 크림 70ml,비레디,"편백수, 부틸렌글라이콜, 글리세린, 다이카프릴릴에터, 1,2-헥산다이올, 스쿠알란, 페닐트라이메티콘, 메틸트라이메티콘, 아이소노닐아이소노나노에이트, 베타인, C14-22알코올, 정제수, 세테아릴알코올, 세테아릴올리베이트, 스테아릴다이메티콘, 글리세릴스테아레이트, 솔비탄올리베이트, 피씨에이다이메티콘, 팔미틱애씨드, 스테아릭애씨드, 하이드록시에틸아크릴레이트/소듐아크릴로일다이메틸타우레이트코폴리머, C12-20알킬글루코사이드, 소듐스테아로일글루타메이트, 에틸헥실글리세린, 아크릴레이트/C10-30알킬아크릴레이트크로스폴리머, 베헤닐알코올, 트로메타민, 잔탄검, 피토스테롤, 솔비탄아이소스테아레이트, 말라카이트추출물, 다이소듐이디티에이, 잇꽃꽃추출물, 덱스트린, 나이아신아마이드, 카페인, 세라마이드엔피, 토코페롤, 알지닌, 사이클로덱스트린, 하이드록시프로필사이클로덱스트린, 말토덱스트린, 시트릭애씨드"
시카페인 트러블리셋 크림 70ml,라네즈,"편백수, 부틸렌글라이콜, 글리세린, 다이카프릴릴에터, 1,2-헥산다이올, 스쿠알란, 페닐트라이메티콘, 메틸트라이메티콘, 아이소노닐아이소노나노에이트, 베타인, C14-22알코올, 정제수, 세테아릴알코올, 세테아릴올리베이트, 스테아릴다이메티콘, 글리세릴스테아레이트, 솔비탄올리베이트, 피씨에이다이메티콘, 팔미틱애씨드, 스테아릭애씨드, 하이드록시에틸아크릴레이트/소듐아크릴로일다이메틸타우레이트코폴리머, C12-20알킬글루코사이드, 소듐스테아로일글루타메이트, 에틸헥실글리세린, 아크릴레이트/C10-30알킬아크릴레이트크로스폴리머, 베헤닐알코올, 트로메타민, 잔탄검, 피토스테롤, 솔비탄아이소스테아레이트, 말라카이트추출물, 다이소듐이디티에이, 잇꽃꽃추출물, 덱스트린, 나이아신아마이드, 카페인, 세라마이드엔피, 토코페롤, 알지닌, 사이클로덱스트린, 하이드록시프로필사이클로덱스트린, 말토덱스트린, 시트릭애씨드"
블루 파운데이션 퍼프,비레디,
블루 파운데이션 퍼프,라네즈,
하이드로 스웻프루프 선크림 SPF50+/PA++++ 50ml,비레디,"정제수, 다이부틸아디페이트, 비스-에칠헥실옥시페놀메톡시페닐트리아진, C12-15알킬벤조에이트, 부틸렌글라이콜, 에칠헥실트리아존, 변성알코올, 나이아신아마이드, 디에칠아미노하이드록시벤조일헥실벤조에이트, 폴리실리콘-15, 다이에틸헥실석시네이트, 티타늄디옥사이드, 폴리글리세릴-10스테아레이트, 베헤닐알코올, 소듐메틸스테아로일타우레이트, 1,2-헥산다이올, 실리카, 다이페닐실록시페닐트라이메티콘, 스테아릭애씨드, 하이드록시에틸아크릴레이트/소듐아크릴로일다이메틸타우레이트코폴리머, 폴리아크릴레이트크로스폴리머-6, 소듐폴리아크릴로일다이메틸타우레이트, 아라키딜알코올, 알루미늄하이드록사이드, 카프릴릴글라이콜, 글리세린, 에틸헥실글리세린, 시트릭애씨드, 멘톡시프로판다이올, 아라키딜글루코사이드, 소듐시트레이트, 아데노신, 구아이아줄렌, 이눌린라우릴카바메이트, 폴리에터-1, 향료, 솔비탄아이소스테아레이트, 타우린, 소듐메타포스페이트, 에탄올, 마트리카리아꽃추출물, 프로판다이올, 말라카이트추출물, 소듐하이알루로네이트, 토코페롤, 다이소듐이디티에이, 하이드롤라이즈드하이알루로닉애씨드, 소듐하이알루로네이트크로스폴리머, 피씨에이, 락틱애씨드, 글루코오스, 하이알루로닉애씨드, 글라이신, 우레아, 소듐글리세로포스페이트, 세린, 글루타믹애씨드, 포타슘마네슘아스파테이트, 아스파틱애씨드, 류신, 소듐클로라이드, 알라닌, 라이신, 알지닌, 칼슘글루코네이트, 마그네슘글루코네이트, 타이로신, 페닐알라닌, 프롤린, 트레오닌, 발린, 아이소류신, 소듐아세틸레이티드하이알루로네이트, 히스티딘, 아세틸글루코사민, 시스테인, 크레아틴, 우릭애씨드, 메티오닌"
하이드로 스웻프루프 선크림 SPF50+/PA++++ 50ml,라네즈,"정제수, 다이부틸아디페이트, 비스-에칠헥실옥시페놀메톡시페닐트리아진, C12-15알킬벤조에이트, 부틸렌글라이콜, 에칠헥실트리아존, 변성알코올, 나이아신아마이드, 디에칠아미노하이드록시벤조일헥실벤조에이트, 폴리실리콘-15, 다이에틸헥실석시네이트, 티타늄디옥사이드, 폴리글리세릴-10스테아레이트, 베헤닐알코올, 소듐메틸스테아로일타우레이트, 1,2-헥산다이올, 실리카, 다이페닐실록시페닐트라이메티콘, 스테아릭애씨드, 하이드록시에틸아크릴레이트/소듐아크릴로일다이메틸타우레이트코폴리머, 폴리아크릴레이트크로스폴리머-6, 소듐폴리아크릴로일다이메틸타우레이트, 아라키딜알코올, 알루미늄하이드록사이드, 카프릴릴글라이콜, 글리세린, 에틸헥실글리세린, 시트릭애씨드, 멘톡시프로판다이올, 아라키딜글루코사이드, 소듐시트레이트, 아데노신, 구아이아줄렌, 이눌린라우릴카바메이트, 폴리에터-1, 향료, 솔비탄아이소스테아레이트, 타우린, 소듐메타포스페이트, 에탄올, 마트리카리아꽃추출물, 프로판다이올, 말라카이트추출물, 소듐하이알루로네이트, 토코페롤, 다이소듐이디티에이, 하이드롤라이즈드하이알루로닉애씨드, 소듐하이알루로네이트크로스폴리머, 피씨에이, 락틱애씨드, 글루코오스, 하이알루로닉애씨드, 글라이신, 우레아, 소듐글리세로포스페이트, 세린, 글루타믹애씨드, 포타슘마네슘아스파테이트, 아스파틱애씨드, 류신, 소듐클로라이드, 알라닌, 라이신, 알지닌, 칼슘글루코네이트, 마그네슘글루코네이트, 타이로신, 페닐알라닌, 프롤린, 트레오닌, 발린, 아이소류신, 소듐아세틸레이티드하이알루로네이트, 히스티딘, 아세틸글루코사민, 시스테인, 크레아틴, 우릭애씨드, 메티오닌"
에어리 헤어 페이스트 80g,비레디,"정제수, 마이크로크리스탈린왁스, 칸데릴라왁스, 다이메티콘, 폴리솔베이트60, 사이클로펜타실록세인, 부틸렌글라이콜, 비즈왁스, 브이피/브이에이코폴리머, 글리세릴스테아레이트, 사이클로헥사실록세인, 세테아릴알코올, 피이지-100스테아레이트, 팔미틱애씨드, 스테아릭애씨드, 글리세린, 향료, 에틸헥실팔미테이트, 카올린, 하이드록시아세토페논, 솔비톨, 카프릴릭/카프릭트라이글리세라이드, 리모넨, 카보머, 트로메타민, 벤질살리실레이트, 1,2-헥산다이올, 카프릴릴글라이콜, 리날룰, 다이소듐이디티에이, 제라니올, 동백나무씨오일, 드럼스틱씨추출물, 녹차추출물, 글라이신, 알라닌, 알지닌, 아스파틱애씨드, 프롤린, 세린, 글루타믹애씨드, 타우린, 히스티딘, 페닐알라닌, 류신, 발린, 메티오닌, 아이소류신, 오르니틴"
에어리 헤어 페이스트 80g,라네즈,"정제수, 마이크로크리스탈린왁스, 칸데릴라왁스, 다이메티콘, 폴리솔베이트60, 사이클로펜타실록세인, 부틸렌글라이콜, 비즈왁스, 브이피/브이에이코폴리머, 글리세릴스테아레이트, 사이클로헥사실록세인, 세테아릴알코올, 피이지-100스테아레이트, 팔미틱애씨드, 스테아릭애씨드, 글리세린, 향료, 에틸헥실팔미테이트, 카올린, 하이드록시아세토페논, 솔비톨, 카프릴릭/카프릭트라이글리세라이드, 리모넨, 카보머, 트로메타민, 벤질살리실레이트, 1,2-헥산다이올, 카프릴릴글라이콜, 리날룰, 다이소듐이디티에이, 제라니올, 동백나무씨오일, 드럼스틱씨추출물, 녹차추출물, 글라이신, 알라닌, 알지닌, 아스파틱애씨드, 프롤린, 세린, 글루타믹애씨드, 타우린, 히스티딘, 페닐알라닌, 류신, 발린, 메티오닌, 아이소류신, 오르니틴"
4.4,비레디,"정제수, 글리세린, 카프릴릴/카프릴글루코사이드, 소듐코코일알라니네이트, 다이소듐라우레스설포석시네이트, 라우릴베타인, 라우릭애씨드, 다이소듐코코암포다이아세테이트, 아크릴레이트코폴리머, 다이프로필렌글라이콜, 소듐클로라이드, 포타슘하이드록사이드, 1,2-헥산다이올, 폴리글리세릴-6카프릴레이트, 폴리글리세릴-4카프레이트, 에틸헥실글리세린, 소듐메타포스페이트, 글루코노락톤, 락틱애씨드, 리모넨, 향료, 리날룰, 시트릭애씨드, 살리실릭애씨드, 글라이콜릭애씨드, 구아이아줄렌, 토코페롤"
4.4,라네즈,"정제수, 글리세린, 카프릴릴/카프릴글루코사이드, 소듐코코일알라니네이트, 다이소듐라우레스설포석시네이트, 라우릴베타인, 라우릭애씨드, 다이소듐코코암포다이아세테이트, 아크릴레이트코폴리머, 다이프로필렌글라이콜, 소듐클로라이드, 포타슘하이드록사이드, 1,2-헥산다이올, 폴리글리세릴-6카프릴레이트, 폴리글리세릴-4카프레이트, 에틸헥실글리세린, 소듐메타포스페이트, 글루코노락톤, 락틱애씨드, 리모넨, 향료, 리날룰, 시트릭애씨드, 살리실릭애씨드, 글라이콜릭애씨드, 구아이아줄렌, 토코페롤"
시카페인 트러블리셋 클렌징폼 150g,비레디,"정제수, 글리세린, 포타슘코코일글리시네이트, 소듐코코일글라이시네이트, 글리세릴스테아레이트, 시트릭애씨드, 글라이콜다이스테아레이트, 라우릴하이드록시설테인, 하이드레이티드실리카, 코코-글루코사이드, 트로메타민, 살리실릭애씨드, 데실글루코사이드, 소듐클로라이드, 폴리쿼터늄-10, 포도씨가루, 리모넨, 향료, 소듐메타포스페이트, 글리세릴카프릴레이트, 클로렐라 미누티시마추출물, 징크옥사이드, 에틸헥실글리세린, 리날룰, 테트라소듐이디티에이, 제라니올, 시트로넬올, 피토스테롤, 나이아신아마이드, 클로로필린-카퍼컴플렉스, 부틸렌글라이콜, 흑색산화철, 카페인(10 ppm), 1,2-헥산다이올, 토코페롤, 알지닌, 사이클로덱스트린, 하이드록시프로필사이클로덱스트린, 말토덱스트린"
시카페인 트러블리셋 클렌징폼 150g,라네즈,"정제수, 글리세린, 포타슘코코일글리시네이트, 소듐코코일글라이시네이트, 글리세릴스테아레이트, 시트릭애씨드, 글라이콜다이스테아레이트, 라우릴하이드록시설테인, 하이드레이티드실리카, 코코-글루코사이드, 트로메타민, 살리실릭애씨드, 데실글루코사이드, 소듐클로라이드, 폴리쿼터늄-10, 포도씨가루, 리모넨, 향료, 소듐메타포스페이트, 글리세릴카프릴레이트, 클로렐라 미누티시마추출물, 징크옥사이드, 에틸헥실글리세린, 리날룰, 테트라소듐이디티에이, 제라니올, 시트로넬올, 피토스테롤, 나이아신아마이드, 클로로필린-카퍼컴플렉스, 부틸렌글라이콜, 흑색산화철, 카페인(10 ppm), 1,2-헥산다이올, 토코페롤, 알지닌, 사이클로덱스트린, 하이드록시프로필사이클로덱스트린, 말토덱스트린"
무드업 음영 아이팔레트 7g,비레디,"[1호] 마이카, 탤크, 티타늄디옥사이드 (CI 77891), 메틸메타크릴레이트크로스폴리머, 실리카, 황색산화철, 흑색산화철, 징크스테아레이트, 다이아이소스테아릴말레이트, 합성플루오르플로고파이트, 적색산화철, 페닐트라이메티콘, 에틸헥실팔미테이트, 하이드로제네이티드폴리(C6-14올레핀), 카프릴릭/카프릭트라이글리세라이드, 다이메티콘, 알루미늄미리스테이트, 메티콘, 토코페릴아세테이트, 1,2-헥산다이올, 틴옥사이드 / [2호] 마이카, 탤크, 티타늄디옥사이드 (CI 77891), 메틸메타크릴레이트크로스폴리머, 실리카, 황색산화철, 징크스테아레이트, 다이아이소스테아릴말레이트, 흑색산화철, 페닐트라이메티콘, 적색산화철, 에틸헥실팔미테이트, 하이드로제네이티드폴리(C6-14올레핀), 카프릴릭/카프릭트라이글리세라이드, 다이메티콘, 알루미늄미리스테이트, 적색202호, 메티콘, 토코페릴아세테이트, 1,2-헥산다이올 / [3호] 마이카, 탤크, 티타늄디옥사이드 (CI 77891), 메틸메타크릴레이트크로스폴리머, 실리카, 황색산화철, 적색산화철, 징크스테아레이트, 다이아이소스테아릴말레이트, 흑색산화철, 페닐트라이메티콘, 에틸헥실팔미테이트, 하이드로제네이티드폴리(C6-14올레핀), 적색202호, 다이메티콘, 카프릴릭/카프릭트라이글리세라이드, 알루미늄미리스테이트, 메티콘, 토코페릴아세테이트, 1,2-헥산다이올 / [4호] 마이카, 탤크, 흑색산화철, 메틸메타크릴레이트크로스폴리머, 실리카, 황색산화철, 적색산화철, 징크스테아레이트, 다이아이소스테아릴말레이트, 페닐트라이메티콘, 에틸헥실팔미테이트, 하이드로제네이티드폴리(C6-14올레핀), 다이메티콘, 카프릴릭/카프릭트라이글리세라이드, 적색202호, 알루미늄미리스테이트, 메티콘, 토코페릴아세테이트, 1,2-헥산다이올"
무드업 음영 아이팔레트 7g,라네즈,"[1호] 마이카, 탤크, 티타늄디옥사이드 (CI 77891), 메틸메타크릴레이트크로스폴리머, 실리카, 황색산화철, 흑색산화철, 징크스테아레이트, 다이아이소스테아릴말레이트, 합성플루오르플로고파이트, 적색산화철, 페닐트라이메티콘, 에틸헥실팔미테이트, 하이드로제네이티드폴리(C6-14올레핀), 카프릴릭/카프릭트라이글리세라이드, 다이메티콘, 알루미늄미리스테이트, 메티콘, 토코페릴아세테이트, 1,2-헥산다이올, 틴옥사이드 / [2호] 마이카, 탤크, 티타늄디옥사이드 (CI 77891), 메틸메타크릴레이트크로스폴리머, 실리카, 황색산화철, 징크스테아레이트, 다이아이소스테아릴말레이트, 흑색산화철, 페닐트라이메티콘, 적색산화철, 에틸헥실팔미테이트, 하이드로제네이티드폴리(C6-14올레핀), 카프릴릭/카프릭트라이글리세라이드, 다이메티콘, 알루미늄미리스테이트, 적색202호, 메티콘, 토코페릴아세테이트, 1,2-헥산다이올 / [3호] 마이카, 탤크, 티타늄디옥사이드 (CI 77891), 메틸메타크릴레이트크로스폴리머, 실리카, 황색산화철, 적색산화철, 징크스테아레이트, 다이아이소스테아릴말레이트, 흑색산화철, 페닐트라이메티콘, 에틸헥실팔미테이트, 하이드로제네이티드폴리(C6-14올레핀), 적색202호, 다이메티콘, 카프릴릭/카프릭트라이글리세라이드, 알루미늄미리스테이트, 메티콘, 토코페릴아세테이트, 1,2-헥산다이올 / [4호] 마이카, 탤크, 흑색산화철, 메틸메타크릴레이트크로스폴리머, 실리카, 황색산화철, 적색산화철, 징크스테아레이트, 다이아이소스테아릴말레이트, 페닐트라이메티콘, 에틸헥실팔미테이트, 하이드로제네이티드폴리(C6-14올레핀), 다이메티콘, 카프릴릭/카프릭트라이글리세라이드, 적색202호, 알루미늄미리스테이트, 메티콘, 토코페릴아세테이트, 1,2-헥산다이올"
생기 립밤 3g,비레디,"[공통-보습] 스쿠알란, 하이드로제네이티드캐스터오일다이머다이리놀레에이트, 다이아이소스테아릴말레이트, 카프릴릭/카프릭트라이글리세라이드, 폴리글리세릴-2트라이아이소스테아레이트, 합성왁스, 아크릴레이트/스테아릴아크릴레이트/다이메티콘메타크릴레이트코폴리머, 비스-다이글리세릴폴리아실아디페이트-2, 펜타에리스리틸테트라아이소스테아레이트, 하이드로제네이티드폴리아이소부텐, 에이치디아이/트라이메틸올헥실락톤크로스폴리머, 마이크로크리스탈린왁스, 합성플루오르플로고파이트, 시어버터, 페녹시에탄올, 토코페롤, 아르간커넬오일, 에틸렌/프로필렌코폴리머, 피마자씨오일, 호호바씨오일, 에틸헥실팔미테이트, 페퍼민트오일, 실리카, 리모넨, 트라이하이드록시스테아린, 소듐하이알루로네이트 [코어: 01 Lively] 스쿠알란, 하이드로제네이티드캐스터오일다이머다이리놀레에이트, 다이아이소스테아릴말레이트, 합성왁스, 폴리글리세릴-2트라이아이소스테아레이트, 아크릴레이트/스테아릴아크릴레이트/다이메티콘메타크릴레이트코폴리머, 비스-다이글리세릴폴리아실아디페이트-2, 펜타에리스리틸테트라아이소스테아레이트, 카프릴릭/카프릭트라이글리세라이드, 카프릴릭/카프릭트라이글리세라이드, 하이드로제네이티드폴리아이소부텐, 에이치디아이/트라이메틸올헥실락톤크로스폴리머, 마이크로크리스탈린왁스, 합성플루오르플로고파이트, 시어버터, 스테아랄코늄헥토라이트, 적색산화철, 적색202호, 페녹시에탄올, 토코페롤, 아르간커넬오일, 에틸렌/프로필렌코폴리머, 피마자씨오일, 프로필렌카보네이트, 호호바씨오일, 에틸헥실팔미테이트, 페퍼민트오일, 적색201호, 실리카, 리모넨, 트라이하이드록시스테아린, 소듐하이알루로네이트"
생기 립밤 3g,라네즈,"[공통-보습] 스쿠알란, 하이드로제네이티드캐스터오일다이머다이리놀레에이트, 다이아이소스테아릴말레이트, 카프릴릭/카프릭트라이글리세라이드, 폴리글리세릴-2트라이아이소스테아레이트, 합성왁스, 아크릴레이트/스테아릴아크릴레이트/다이메티콘메타크릴레이트코폴리머, 비스-다이글리세릴폴리아실아디페이트-2, 펜타에리스리틸테트라아이소스테아레이트, 하이드로제네이티드폴리아이소부텐, 에이치디아이/트라이메틸올헥실락톤크로스폴리머, 마이크로크리스탈린왁스, 합성플루오르플로고파이트, 시어버터, 페녹시에탄올, 토코페롤, 아르간커넬오일, 에틸렌/프로필렌코폴리머, 피마자씨오일, 호호바씨오일, 에틸헥실팔미테이트, 페퍼민트오일, 실리카, 리모넨, 트라이하이드록시스테아린, 소듐하이알루로네이트 [코어: 01 Lively] 스쿠알란, 하이드로제네이티드캐스터오일다이머다이리놀레에이트, 다이아이소스테아릴말레이트, 합성왁스, 폴리글리세릴-2트라이아이소스테아레이트, 아크릴레이트/스테아릴아크릴레이트/다이메티콘메타크릴레이트코폴리머, 비스-다이글리세릴폴리아실아디페이트-2, 펜타에리스리틸테트라아이소스테아레이트, 카프릴릭/카프릭트라이글리세라이드, 카프릴릭/카프릭트라이글리세라이드, 하이드로제네이티드폴리아이소부텐, 에이치디아이/트라이메틸올헥실락톤크로스폴리머, 마이크로크리스탈린왁스, 합성플루오르플로고파이트, 시어버터, 스테아랄코늄헥토라이트, 적색산화철, 적색202호, 페녹시에탄올, 토코페롤, 아르간커넬오일, 에틸렌/프로필렌코폴리머, 피마자씨오일, 프로필렌카보네이트, 호호바씨오일, 에틸헥실팔미테이트, 페퍼민트오일, 적색201호, 실리카, 리모넨, 트라이하이드록시스테아린, 소듐하이알루로네이트"
생기 립밤 3g,비레디,"[보습] 스쿠알란, 하이드로제네이티드캐스터오일다이머다이리놀레에이트, 다이아이소스테아릴말레이트, 카프릴릭/카프릭트라이글리세라이드, 폴리글리세릴-2트라이아이소스테아레이트, 합성왁스, 아크릴레이트/스테아릴아크릴레이트/다이메티콘메타크릴레이트코폴리머, 비스-다이글리세릴폴리아실아디페이트-2, 펜타에리스리틸테트라아이소스테아레이트, 하이드로제네이티드폴리아이소부텐, 에이치디아이/트라이메틸올헥실락톤크로스폴리머, 마이크로크리스탈린왁스, 합성플루오르플로고파이트, 시어버터, 페녹시에탄올, 토코페롤, 아르간커넬오일, 에틸렌/프로필렌코폴리머, 피마자씨오일, 호호바씨오일, 에틸헥실팔미테이트, 페퍼민트오일, 실리카, 리모넨, 트라이하이드록시스테아린, 소듐하이알루로네이트 [코어 02 Natural] 스쿠알란, 하이드로제네이티드캐스터오일다이머다이리놀레에이트, 다이아이소스테아릴말레이트, 합성왁스, 폴리글리세릴-2트라이아이소스테아레이트, 아크릴레이트/스테아릴아크릴레이트/다이메티콘메타크릴레이트코폴리머, 비스-다이글리세릴폴리아실아디페이트-2, 펜타에리스리틸테트라아이소스테아레이트, 카프릴릭/카프릭트라이글리세라이드, 카프릴릭/카프릭트라이글리세라이드, 하이드로제네이티드폴리아이소부텐, 에이치디아이/트라이메틸올헥실락톤크로스폴리머, 마이크로크리스탈린왁스, 시어버터, 티타늄디옥사이드, 적색산화철, 스테아랄코늄헥토라이트, 황색산화철, 페녹시에탄올, 토코페롤, 아르간커넬오일, 에틸렌/프로필렌코폴리머, 피마자씨오일, 프로필렌카보네이트, 호호바씨오일, 에틸헥실팔미테이트, 페퍼민트오일, 흑색산화철, 합성플루오르플로고파이트, 적색202호, 실리카, 리모넨, 트라이하이드록시스테아린, 소듐하이알루로네이트"
생기 립밤 3g,라네즈,"[보습] 스쿠알란, 하이드로제네이티드캐스터오일다이머다이리놀레에이트, 다이아이소스테아릴말레이트, 카프릴릭/카프릭트라이글리세라이드, 폴리글리세릴-2트라이아이소스테아레이트, 합성왁스, 아크릴레이트/스테아릴아크릴레이트/다이메티콘메타크릴레이트코폴리머, 비스-다이글리세릴폴리아실아디페이트-2, 펜타에리스리틸테트라아이소스테아레이트, 하이드로제네이티드폴리아이소부텐, 에이치디아이/트라이메틸올헥실락톤크로스폴리머, 마이크로크리스탈린왁스, 합성플루오르플로고파이트, 시어버터, 페녹시에탄올, 토코페롤, 아르간커넬오일, 에틸렌/프로필렌코폴리머, 피마자씨오일, 호호바씨오일, 에틸헥실팔미테이트, 페퍼민트오일, 실리카, 리모넨, 트라이하이드록시스테아린, 소듐하이알루로네이트 [코어 02 Natural] 스쿠알란, 하이드로제네이티드캐스터오일다이머다이리놀레에이트, 다이아이소스테아릴말레이트, 합성왁스, 폴리글리세릴-2트라이아이소스테아레이트, 아크릴레이트/스테아릴아크릴레이트/다이메티콘메타크릴레이트코폴리머, 비스-다이글리세릴폴리아실아디페이트-2, 펜타에리스리틸테트라아이소스테아레이트, 카프릴릭/카프릭트라이글리세라이드, 카프릴릭/카프릭트라이글리세라이드, 하이드로제네이티드폴리아이소부텐, 에이치디아이/트라이메틸올헥실락톤크로스폴리머, 마이크로크리스탈린왁스, 시어버터, 티타늄디옥사이드, 적색산화철, 스테아랄코늄헥토라이트, 황색산화철, 페녹시에탄올, 토코페롤, 아르간커넬오일, 에틸렌/프로필렌코폴리머, 피마자씨오일, 프로필렌카보네이트, 호호바씨오일, 에틸헥실팔미테이트, 페퍼민트오일, 흑색산화철, 합성플루오르플로고파이트, 적색202호, 실리카, 리모넨, 트라이하이드록시스테아린, 소듐하이알루로네이트"
생기 립밤 3g,비레디,"[01 화사 생기] [공통-보습] 스쿠알란, 하이드로제네이티드캐스터오일다이머다이리놀레에이트, 다이아이소스테아릴말레이트, 카프릴릭/카프릭트라이글리세라이드, 폴리글리세릴-2트라이아이소스테아레이트, 합성왁스, 아크릴레이트/스테아릴아크릴레이트/다이메티콘메타크릴레이트코폴리머, 비스-다이글리세릴폴리아실아디페이트-2, 펜타에리스리틸테트라아이소스테아레이트, 하이드로제네이티드폴리아이소부텐, 에이치디아이/트라이메틸올헥실락톤크로스폴리머, 마이크로크리스탈린왁스, 합성플루오르플로고파이트, 시어버터, 페녹시에탄올, 토코페롤, 아르간커넬오일, 에틸렌/프로필렌코폴리머, 피마자씨오일, 호호바씨오일, 에틸헥실팔미테이트, 페퍼민트오일, 실리카, 리모넨, 트라이하이드록시스테아린, 소듐하이알루로네이트 [코어: 01 Lively] 스쿠알란, 하이드로제네이티드캐스터오일다이머다이리놀레에이트, 다이아이소스테아릴말레이트, 합성왁스, 폴리글리세릴-2트라이아이소스테아레이트, 아크릴레이트/스테아릴아크릴레이트/다이메티콘메타크릴레이트코폴리머, 비스-다이글리세릴폴리아실아디페이트-2, 펜타에리스리틸테트라아이소스테아레이트, 카프릴릭/카프릭트라이글리세라이드, 카프릴릭/카프릭트라이글리세라이드, 하이드로제네이티드폴리아이소부텐, 에이치디아이/트라이메틸올헥실락톤크로스폴리머, 마이크로크리스탈린왁스, 합성플루오르플로고파이트, 시어버터, 스테아랄코늄헥토라이트, 적색산화철, 적색202호, 페녹시에탄올, 토코페롤, 아르간커넬오일, 에틸렌/프로필렌코폴리머, 피마자씨오일, 프로필렌카보네이트, 호호바씨오일, 에틸헥실팔미테이트, 페퍼민트오일, 적색201호, 실리카, 리모넨, 트라이하이드록시스테아린, 소듐하이알루로네이트 / [02 내추럴 생기] [보습] 스쿠알란, 하이드로제네이티드캐스터오일다이머다이리놀레에이트, 다이아이소스테아릴말레이트, 카프릴릭/카프릭트라이글리세라이드, 폴리글리세릴-2트라이아이소스테아레이트, 합성왁스, 아크릴레이트/스테아릴아크릴레이트/다이메티콘메타크릴레이트코폴리머, 비스-다이글리세릴폴리아실아디페이트-2, 펜타에리스리틸테트라아이소스테아레이트, 하이드로제네이티드폴리아이소부텐, 에이치디아이/트라이메틸올헥실락톤크로스폴리머, 마이크로크리스탈린왁스, 합성플루오르플로고파이트, 시어버터, 페녹시에탄올, 토코페롤, 아르간커넬오일, 에틸렌/프로필렌코폴리머, 피마자씨오일, 호호바씨오일, 에틸헥실팔미테이트, 페퍼민트오일, 실리카, 리모넨, 트라이하이드록시스테아린, 소듐하이알루로네이트 [코어 02 Natural] 스쿠알란, 하이드로제네이티드캐스터오일다이머다이리놀레에이트, 다이아이소스테아릴말레이트, 합성왁스, 폴리글리세릴-2트라이아이소스테아레이트, 아크릴레이트/스테아릴아크릴레이트/다이메티콘메타크릴레이트코폴리머, 비스-다이글리세릴폴리아실아디페이트-2, 펜타에리스리틸테트라아이소스테아레이트, 카프릴릭/카프릭트라이글리세라이드, 카프릴릭/카프릭트라이글리세라이드, 하이드로제네이티드폴리아이소부텐, 에이치디아이/트라이메틸올헥실락톤크로스폴리머, 마이크로크리스탈린왁스, 시어버터, 티타늄디옥사이드, 적색산화철, 스테아랄코늄헥토라이트, 황색산화철, 페녹시에탄올, 토코페롤, 아르간커넬오일, 에틸렌/프로필렌코폴리머, 피마자씨오일, 프로필렌카보네이트, 호호바씨오일, 에틸헥실팔미테이트, 페퍼민트오일, 흑색산화철, 합성플루오르플로고파이트, 적색202호, 실리카, 리모넨, 트라이하이드록시스테아린, 소듐하이알루로네이트"
생기 립밤 3g,라네즈,"[01 화사 생기] [공통-보습] 스쿠알란, 하이드로제네이티드캐스터오일다이머다이리놀레에이트, 다이아이소스테아릴말레이트, 카프릴릭/카프릭트라이글리세라이드, 폴리글리세릴-2트라이아이소스테아레이트, 합성왁스, 아크릴레이트/스테아릴아크릴레이트/다이메티콘메타크릴레이트코폴리머, 비스-다이글리세릴폴리아실아디페이트-2, 펜타에리스리틸테트라아이소스테아레이트, 하이드로제네이티드폴리아이소부텐, 에이치디아이/트라이메틸올헥실락톤크로스폴리머, 마이크로크리스탈린왁스, 합성플루오르플로고파이트, 시어버터, 페녹시에탄올, 토코페롤, 아르간커넬오일, 에틸렌/프로필렌코폴리머, 피마자씨오일, 호호바씨오일, 에틸헥실팔미테이트, 페퍼민트오일, 실리카, 리모넨, 트라이하이드록시스테아린, 소듐하이알루로네이트 [코어: 01 Lively] 스쿠알란, 하이드로제네이티드캐스터오일다이머다이리놀레에이트, 다이아이소스테아릴말레이트, 합성왁스, 폴리글리세릴-2트라이아이소스테아레이트, 아크릴레이트/스테아릴아크릴레이트/다이메티콘메타크릴레이트코폴리머, 비스-다이글리세릴폴리아실아디페이트-2, 펜타에리스리틸테트라아이소스테아레이트, 카프릴릭/카프릭트라이글리세라이드, 카프릴릭/카프릭트라이글리세라이드, 하이드로제네이티드폴리아이소부텐, 에이치디아이/트라이메틸올헥실락톤크로스폴리머, 마이크로크리스탈린왁스, 합성플루오르플로고파이트, 시어버터, 스테아랄코늄헥토라이트, 적색산화철, 적색202호, 페녹시에탄올, 토코페롤, 아르간커넬오일, 에틸렌/프로필렌코폴리머, 피마자씨오일, 프로필렌카보네이트, 호호바씨오일, 에틸헥실팔미테이트, 페퍼민트오일, 적색201호, 실리카, 리모넨, 트라이하이드록시스테아린, 소듐하이알루로네이트 / [02 내추럴 생기] [보습] 스쿠알란, 하이드로제네이티드캐스터오일다이머다이리놀레에이트, 다이아이소스테아릴말레이트, 카프릴릭/카프릭트라이글리세라이드, 폴리글리세릴-2트라이아이소스테아레이트, 합성왁스, 아크릴레이트/스테아릴아크릴레이트/다이메티콘메타크릴레이트코폴리머, 비스-다이글리세릴폴리아실아디페이트-2, 펜타에리스리틸테트라아이소스테아레이트, 하이드로제네이티드폴리아이소부텐, 에이치디아이/트라이메틸올헥실락톤크로스폴리머, 마이크로크리스탈린왁스, 합성플루오르플로고파이트, 시어버터, 페녹시에탄올, 토코페롤, 아르간커넬오일, 에틸렌/프로필렌코폴리머, 피마자씨오일, 호호바씨오일, 에틸헥실팔미테이트, 페퍼민트오일, 실리카, 리모넨, 트라이하이드록시스테아린, 소듐하이알루로네이트 [코어 02 Natural] 스쿠알란, 하이드로제네이티드캐스터오일다이머다이리놀레에이트, 다이아이소스테아릴말레이트, 합성왁스, 폴리글리세릴-2트라이아이소스테아레이트, 아크릴레이트/스테아릴아크릴레이트/다이메티콘메타크릴레이트코폴리머, 비스-다이글리세릴폴리아실아디페이트-2, 펜타에리스리틸테트라아이소스테아레이트, 카프릴릭/카프릭트라이글리세라이드, 카프릴릭/카프릭트라이글리세라이드, 하이드로제네이티드폴리아이소부텐, 에이치디아이/트라이메틸올헥실락톤크로스폴리머, 마이크로크리스탈린왁스, 시어버터, 티타늄디옥사이드, 적색산화철, 스테아랄코늄헥토라이트, 황색산화철, 페녹시에탄올, 토코페롤, 아르간커넬오일, 에틸렌/프로필렌코폴리머, 피마자씨오일, 프로필렌카보네이트, 호호바씨오일, 에틸헥실팔미테이트, 페퍼민트오일, 흑색산화철, 합성플루오르플로고파이트, 적색202호, 실리카, 리모넨, 트라이하이드록시스테아린, 소듐하이알루로네이트"
블루 파운데이션 3호,비레디,"정제수, 메틸트라이메티콘, 티타늄디옥사이드 (CI 77891), 에칠헥실메톡시신나메이트, 아이소도데케인, 다이페닐실록시페닐트라이메티콘, 사이클로펜타실록세인, 글리세린, 변성알코올, 황색산화철, 라우릴피이지-8다이메티콘, 부틸렌글라이콜, 글리세레스-26, 나일론-12, 다이페닐다이메티콘/비닐다이페닐다이메티콘/실세스퀴옥세인크로스폴리머, 아크릴레이트/폴리트라이메틸실록시메타크릴레이트코폴리머, 실리카, 다이스테아다이모늄헥토라이트, 카프릴릴메티콘, 아크릴레이트/다이메티콘코폴리머, 적색산화철, 1,2-헥산다이올, 피이지-10다이메티콘, 폴리메틸실세스퀴옥세인, 아크릴레이트/에틸헥실아크릴레이트/다이메티콘메타크릴레이트코폴리머, 카프릴릭/카프릭트라이글리세라이드, 흑색산화철, 다이메티콘, 알루미늄하이드록사이드, 소듐클로라이드, 피토스테릴/옥틸도데실라우로일글루타메이트, 트라이에톡시카프릴릴실레인, 트라이하이드록시스테아린, 카프릴릴글라이콜, 향료, 프로필렌카보네이트, 글리세릴카프릴레이트, 폴리실리콘-11, 다이소듐이디티에이, 쌀겨왁스, 징크옥사이드, 에탄올, 비에이치티, 마트리카리아꽃추출물, 프로판다이올, 말라카이트추출물, 소듐하이알루로네이트, 토코페롤, 키토산, 소듐라우로일글루타메이트, 하이드롤라이즈드하이알루로닉애씨드, 라이신, 소듐하이알루로네이트크로스폴리머, 마그네슘클로라이드, 하이알루로닉애씨드, 에틸헥실글리세린, 소듐아세틸레이티드하이알루로네이트, 리파아제"
블루 파운데이션 3호,라네즈,"정제수, 메틸트라이메티콘, 티타늄디옥사이드 (CI 77891), 에칠헥실메톡시신나메이트, 아이소도데케인, 다이페닐실록시페닐트라이메티콘, 사이클로펜타실록세인, 글리세린, 변성알코올, 황색산화철, 라우릴피이지-8다이메티콘, 부틸렌글라이콜, 글리세레스-26, 나일론-12, 다이페닐다이메티콘/비닐다이페닐다이메티콘/실세스퀴옥세인크로스폴리머, 아크릴레이트/폴리트라이메틸실록시메타크릴레이트코폴리머, 실리카, 다이스테아다이모늄헥토라이트, 카프릴릴메티콘, 아크릴레이트/다이메티콘코폴리머, 적색산화철, 1,2-헥산다이올, 피이지-10다이메티콘, 폴리메틸실세스퀴옥세인, 아크릴레이트/에틸헥실아크릴레이트/다이메티콘메타크릴레이트코폴리머, 카프릴릭/카프릭트라이글리세라이드, 흑색산화철, 다이메티콘, 알루미늄하이드록사이드, 소듐클로라이드, 피토스테릴/옥틸도데실라우로일글루타메이트, 트라이에톡시카프릴릴실레인, 트라이하이드록시스테아린, 카프릴릴글라이콜, 향료, 프로필렌카보네이트, 글리세릴카프릴레이트, 폴리실리콘-11, 다이소듐이디티에이, 쌀겨왁스, 징크옥사이드, 에탄올, 비에이치티, 마트리카리아꽃추출물, 프로판다이올, 말라카이트추출물, 소듐하이알루로네이트, 토코페롤, 키토산, 소듐라우로일글루타메이트, 하이드롤라이즈드하이알루로닉애씨드, 라이신, 소듐하이알루로네이트크로스폴리머, 마그네슘클로라이드, 하이알루로닉애씨드, 에틸헥실글리세린, 소듐아세틸레이티드하이알루로네이트, 리파아제"
블루 파운데이션 2호,비레디,"정제수, 메틸트라이메티콘, 티타늄디옥사이드 (CI 77891), 에칠헥실메톡시신나메이트, 아이소도데케인, 다이페닐실록시페닐트라이메티콘, 사이클로펜타실록세인, 글리세린, 변성알코올, 라우릴피이지-8다이메티콘, 부틸렌글라이콜, 글리세레스-26, 황색산화철, 나일론-12, 다이페닐다이메티콘/비닐다이페닐다이메티콘/실세스퀴옥세인크로스폴리머, 아크릴레이트/폴리트라이메틸실록시메타크릴레이트코폴리머, 다이스테아다이모늄헥토라이트, 실리카, 카프릴릴메티콘, 아크릴레이트/다이메티콘코폴리머, 1,2-헥산다이올, 피이지-10다이메티콘, 폴리메틸실세스퀴옥세인, 아크릴레이트/에틸헥실아크릴레이트/다이메티콘메타크릴레이트코폴리머, 적색산화철, 카프릴릭/카프릭트라이글리세라이드, 다이메티콘, 알루미늄하이드록사이드, 소듐클로라이드, 피토스테릴/옥틸도데실라우로일글루타메이트, 트라이에톡시카프릴릴실레인, 흑색산화철, 카프릴릴글라이콜, 트라이하이드록시스테아린, 향료, 프로필렌카보네이트, 글리세릴카프릴레이트, 폴리실리콘-11, 다이소듐이디티에이, 쌀겨왁스, 징크옥사이드, 에탄올, 비에이치티, 마트리카리아꽃추출물, 프로판다이올, 말라카이트추출물, 소듐하이알루로네이트, 토코페롤, 키토산, 소듐라우로일글루타메이트, 하이드롤라이즈드하이알루로닉애씨드, 라이신, 소듐하이알루로네이트크로스폴리머, 마그네슘클로라이드, 하이알루로닉애씨드, 에틸헥실글리세린, 소듐아세틸레이티드하이알루로네이트, 리파아제"
블루 파운데이션 2호,라네즈,"정제수, 메틸트라이메티콘, 티타늄디옥사이드 (CI 77891), 에칠헥실메톡시신나메이트, 아이소도데케인, 다이페닐실록시페닐트라이메티콘, 사이클로펜타실록세인, 글리세린, 변성알코올, 라우릴피이지-8다이메티콘, 부틸렌글라이콜, 글리세레스-26, 황색산화철, 나일론-12, 다이페닐다이메티콘/비닐다이페닐다이메티콘/실세스퀴옥세인크로스폴리머, 아크릴레이트/폴리트라이메틸실록시메타크릴레이트코폴리머, 다이스테아다이모늄헥토라이트, 실리카, 카프릴릴메티콘, 아크릴레이트/다이메티콘코폴리머, 1,2-헥산다이올, 피이지-10다이메티콘, 폴리메틸실세스퀴옥세인, 아크릴레이트/에틸헥실아크릴레이트/다이메티콘메타크릴레이트코폴리머, 적색산화철, 카프릴릭/카프릭트라이글리세라이드, 다이메티콘, 알루미늄하이드록사이드, 소듐클로라이드, 피토스테릴/옥틸도데실라우로일글루타메이트, 트라이에톡시카프릴릴실레인, 흑색산화철, 카프릴릴글라이콜, 트라이하이드록시스테아린, 향료, 프로필렌카보네이트, 글리세릴카프릴레이트, 폴리실리콘-11, 다이소듐이디티에이, 쌀겨왁스, 징크옥사이드, 에탄올, 비에이치티, 마트리카리아꽃추출물, 프로판다이올, 말라카이트추출물, 소듐하이알루로네이트, 토코페롤, 키토산, 소듐라우로일글루타메이트, 하이드롤라이즈드하이알루로닉애씨드, 라이신, 소듐하이알루로네이트크로스폴리머, 마그네슘클로라이드, 하이알루로닉애씨드, 에틸헥실글리세린, 소듐아세틸레이티드하이알루로네이트, 리파아제"
블루쿠션 3호 제프리,비레디,"정제수, 사이클로펜타실록세인, 메틸트라이메티콘, 부틸렌글라이콜, 티타늄디옥사이드 (CI 77891), 에칠헥실메톡시신나메이트, 사이클로헥사실록세인, 실리카, 피이지-10다이메티콘, 트라이메틸실록시실리케이트, 마이카, 변성알코올, 징크옥사이드, 황색산화철, 티타늄디옥사이드, 라우릴피이지-8다이메티콘, 아이소도데케인, 다이스테아다이모늄헥토라이트, 다이메티콘, 보론나이트라이드, 아크릴레이트/폴리트라이메틸실록시메타크릴레이트코폴리머, 1,2-헥산다이올, 소듐클로라이드, 피씨에이다이메티콘, 아크릴레이트/다이메티콘코폴리머, 적색산화철, 알루미늄하이드록사이드, 흑색산화철, 트라이에톡시카프릴릴실레인, 폴리솔베이트80, 카프릴릴글라이콜, 스테아릭애씨드, 하이드로제네이티드레시틴, 라우로일라이신, 향료, 에틸헥실글리세린, 트라이하이드록시스테아린, 다이소듐이디티에이, 에탄올, 비에이치티, 마트리카리아꽃추출물, 프로판다이올, 말라카이트추출물, 소듐하이알루로네이트, 토코페롤, 소듐라우로일글루타메이트, 하이드롤라이즈드하이알루로닉애씨드, 라이신, 소듐하이알루로네이트크로스폴리머, 마그네슘클로라이드, 하이알루로닉애씨드, 소듐아세틸레이티드하이알루로네이트"
블루쿠션 3호 제프리,라네즈,"정제수, 사이클로펜타실록세인, 메틸트라이메티콘, 부틸렌글라이콜, 티타늄디옥사이드 (CI 77891), 에칠헥실메톡시신나메이트, 사이클로헥사실록세인, 실리카, 피이지-10다이메티콘, 트라이메틸실록시실리케이트, 마이카, 변성알코올, 징크옥사이드, 황색산화철, 티타늄디옥사이드, 라우릴피이지-8다이메티콘, 아이소도데케인, 다이스테아다이모늄헥토라이트, 다이메티콘, 보론나이트라이드, 아크릴레이트/폴리트라이메틸실록시메타크릴레이트코폴리머, 1,2-헥산다이올, 소듐클로라이드, 피씨에이다이메티콘, 아크릴레이트/다이메티콘코폴리머, 적색산화철, 알루미늄하이드록사이드, 흑색산화철, 트라이에톡시카프릴릴실레인, 폴리솔베이트80, 카프릴릴글라이콜, 스테아릭애씨드, 하이드로제네이티드레시틴, 라우로일라이신, 향료, 에틸헥실글리세린, 트라이하이드록시스테아린, 다이소듐이디티에이, 에탄올, 비에이치티, 마트리카리아꽃추출물, 프로판다이올, 말라카이트추출물, 소듐하이알루로네이트, 토코페롤, 소듐라우로일글루타메이트, 하이드롤라이즈드하이알루로닉애씨드, 라이신, 소듐하이알루로네이트크로스폴리머, 마그네슘클로라이드, 하이알루로닉애씨드, 소듐아세틸레이티드하이알루로네이트"
블루쿠션 2호 라이언,비레디,"정제수, 사이클로펜타실록세인, 메틸트라이메티콘, 부틸렌글라이콜, 티타늄디옥사이드 (CI 77891), 에칠헥실메톡시신나메이트, 실리카, 사이클로헥사실록세인, 피이지-10다이메티콘, 트라이메틸실록시실리케이트, 마이카, 변성알코올, 징크옥사이드, 티타늄디옥사이드, 라우릴피이지-8다이메티콘, 아이소도데케인, 다이스테아다이모늄헥토라이트, 다이메티콘, 황색산화철, 보론나이트라이드, 아크릴레이트/폴리트라이메틸실록시메타크릴레이트코폴리머, 1,2-헥산다이올, 소듐클로라이드, 피씨에이다이메티콘, 아크릴레이트/다이메티콘코폴리머, 알루미늄하이드록사이드, 적색산화철, 폴리솔베이트80, 트라이에톡시카프릴릴실레인, 카프릴릴글라이콜, 트라이하이드록시스테아린, 스테아릭애씨드, 흑색산화철, 하이드로제네이티드레시틴, 라우로일라이신, 향료, 에틸헥실글리세린, 다이소듐이디티에이, 에탄올, 비에이치티, 마트리카리아꽃추출물, 프로판다이올, 말라카이트추출물, 소듐하이알루로네이트, 토코페롤, 소듐라우로일글루타메이트, 하이드롤라이즈드하이알루로닉애씨드, 라이신, 소듐하이알루로네이트크로스폴리머, 마그네슘클로라이드, 하이알루로닉애씨드, 소듐아세틸레이티드하이알루로네이트"
블루쿠션 2호 라이언,라네즈,"정제수, 사이클로펜타실록세인, 메틸트라이메티콘, 부틸렌글라이콜, 티타늄디옥사이드 (CI 77891), 에칠헥실메톡시신나메이트, 실리카, 사이클로헥사실록세인, 피이지-10다이메티콘, 트라이메틸실록시실리케이트, 마이카, 변성알코올, 징크옥사이드, 티타늄디옥사이드, 라우릴피이지-8다이메티콘, 아이소도데케인, 다이스테아다이모늄헥토라이트, 다이메티콘, 황색산화철, 보론나이트라이드, 아크릴레이트/폴리트라이메틸실록시메타크릴레이트코폴리머, 1,2-헥산다이올, 소듐클로라이드, 피씨에이다이메티콘, 아크릴레이트/다이메티콘코폴리머, 알루미늄하이드록사이드, 적색산화철, 폴리솔베이트80, 트라이에톡시카프릴릴실레인, 카프릴릴글라이콜, 트라이하이드록시스테아린, 스테아릭애씨드, 흑색산화철, 하이드로제네이티드레시틴, 라우로일라이신, 향료, 에틸헥실글리세린, 다이소듐이디티에이, 에탄올, 비에이치티, 마트리카리아꽃추출물, 프로판다이올, 말라카이트추출물, 소듐하이알루로네이트, 토코페롤, 소듐라우로일글루타메이트, 하이드롤라이즈드하이알루로닉애씨드, 라이신, 소듐하이알루로네이트크로스폴리머, 마그네슘클로라이드, 하이알루로닉애씨드, 소듐아세틸레이티드하이알루로네이트"
시카페인 트러블리셋 2종,비레디,"[세럼] 편백수, 정제수, 부틸렌글라이콜, 글리세린, 다이프로필렌글라이콜, 베타인, 변성알코올, 나이아신아마이드, 스쿠알란, 카페인, 다이에톡시에틸석시네이트, 1,2-헥산다이올, 수크로오스스테아레이트, 소듐폴리아크릴로일다이메틸타우레이트, 글리세릴폴리메타크릴레이트, 폴리글리세릴-10스테아레이트, 폴리메틸메타크릴레이트, 메틸트라이메티콘, 하이드로제네이티드레시틴, 하이드로제네이티드포스파티딜콜린, 에틸헥실글리세린, 폴리글리세릴-10라우레이트, 티몰트라이메톡시신나메이트, 카보머, 트로메타민, 잔탄검, 글루코노락톤, 소듐시트레이트, 다이소듐이디티에이, 말라카이트추출물, 잇꽃꽃추출물, 덱스트린, 시트릭애씨드, 피토스테롤, 알지닌, 사이클로덱스트린, 하이드록시프로필사이클로덱스트린, 말토덱스트린, 토코페롤 / [크림] 편백수, 부틸렌글라이콜, 글리세린, 다이카프릴릴에터, 1,2-헥산다이올, 스쿠알란, 페닐트라이메티콘, 메틸트라이메티콘, 아이소노닐아이소노나노에이트, 베타인, C14-22알코올, 정제수, 세테아릴알코올, 세테아릴올리베이트, 스테아릴다이메티콘, 글리세릴스테아레이트, 솔비탄올리베이트, 피씨에이다이메티콘, 팔미틱애씨드, 스테아릭애씨드, 하이드록시에틸아크릴레이트/소듐아크릴로일다이메틸타우레이트코폴리머, C12-20알킬글루코사이드, 소듐스테아로일글루타메이트, 에틸헥실글리세린, 아크릴레이트/C10-30알킬아크릴레이트크로스폴리머, 베헤닐알코올, 트로메타민, 잔탄검, 피토스테롤, 솔비탄아이소스테아레이트, 말라카이트추출물, 다이소듐이디티에이, 잇꽃꽃추출물, 덱스트린, 나이아신아마이드, 카페인, 세라마이드엔피, 토코페롤, 알지닌, 사이클로덱스트린, 하이드록시프로필사이클로덱스트린, 말토덱스트린, 시트릭애씨드"
시카페인 트러블리셋 2종,라네즈,"[세럼] 편백수, 정제수, 부틸렌글라이콜, 글리세린, 다이프로필렌글라이콜, 베타인, 변성알코올, 나이아신아마이드, 스쿠알란, 카페인, 다이에톡시에틸석시네이트, 1,2-헥산다이올, 수크로오스스테아레이트, 소듐폴리아크릴로일다이메틸타우레이트, 글리세릴폴리메타크릴레이트, 폴리글리세릴-10스테아레이트, 폴리메틸메타크릴레이트, 메틸트라이메티콘, 하이드로제네이티드레시틴, 하이드로제네이티드포스파티딜콜린, 에틸헥실글리세린, 폴리글리세릴-10라우레이트, 티몰트라이메톡시신나메이트, 카보머, 트로메타민, 잔탄검, 글루코노락톤, 소듐시트레이트, 다이소듐이디티에이, 말라카이트추출물, 잇꽃꽃추출물, 덱스트린, 시트릭애씨드, 피토스테롤, 알지닌, 사이클로덱스트린, 하이드록시프로필사이클로덱스트린, 말토덱스트린, 토코페롤 / [크림] 편백수, 부틸렌글라이콜, 글리세린, 다이카프릴릴에터, 1,2-헥산다이올, 스쿠알란, 페닐트라이메티콘, 메틸트라이메티콘, 아이소노닐아이소노나노에이트, 베타인, C14-22알코올, 정제수, 세테아릴알코올, 세테아릴올리베이트, 스테아릴다이메티콘, 글리세릴스테아레이트, 솔비탄올리베이트, 피씨에이다이메티콘, 팔미틱애씨드, 스테아릭애씨드, 하이드록시에틸아크릴레이트/소듐아크릴로일다이메틸타우레이트코폴리머, C12-20알킬글루코사이드, 소듐스테아로일글루타메이트, 에틸헥실글리세린, 아크릴레이트/C10-30알킬아크릴레이트크로스폴리머, 베헤닐알코올, 트로메타민, 잔탄검, 피토스테롤, 솔비탄아이소스테아레이트, 말라카이트추출물, 다이소듐이디티에이, 잇꽃꽃추출물, 덱스트린, 나이아신아마이드, 카페인, 세라마이드엔피, 토코페롤, 알지닌, 사이클로덱스트린, 하이드록시프로필사이클로덱스트린, 말토덱스트린, 시트릭애씨드"
블루 수분 선크림 SPF50+/PA++++,비레디,"정제수, 부틸렌글라이콜, 호모살레이트, 에칠헥실살리실레이트, 변성알코올, 비스-에칠헥실옥시페놀메톡시페닐트리아진, 디에칠아미노하이드록시벤조일헥실벤조에이트, 실리카, 세틸에틸헥사노에이트, 에칠헥실트리아존, 테레프탈릴리덴디캠퍼설포닉애씨드, 트로메타민, 메틸트라이메티콘, 다이아이소프로필세바케이트, 세테아릴알코올, 하이드록시에틸아크릴레이트/소듐아크릴로일다이메틸타우레이트코폴리머, 포타슘세틸포스페이트, 1,2-헥산다이올, 하이드록시프로필스타치포스페이트, 아크릴레이트/C10-30알킬아크릴레이트크로스폴리머, 글리세릴스테아레이트, 하이드로제네이티드레시틴, 향료, 에틸헥실글리세린, 스테아릭애씨드, 폴리글리세릴-3메틸글루코오스다이스테아레이트, 팔미틱애씨드, 다이소듐이디티에이, 솔비탄아이소스테아레이트, 티타늄디옥사이드 (CI 77891), 마이카, 징크옥사이드, 에탄올, 인디고잎추출물, 마트리카리아꽃추출물, 미리스틱애씨드, 프로판다이올, 라우릭애씨드, 말라카이트추출물, 소듐하이알루로네이트, 틴옥사이드, 토코페롤, 소듐라우로일글루타메이트, 하이드롤라이즈드하이알루로닉애씨드, 라이신, 소듐하이알루로네이트크로스폴리머, 마그네슘클로라이드, 하이알루로닉애씨드, 소듐아세틸레이티드하이알루로네이트"
블루 수분 선크림 SPF50+/PA++++,라네즈,"정제수, 부틸렌글라이콜, 호모살레이트, 에칠헥실살리실레이트, 변성알코올, 비스-에칠헥실옥시페놀메톡시페닐트리아진, 디에칠아미노하이드록시벤조일헥실벤조에이트, 실리카, 세틸에틸헥사노에이트, 에칠헥실트리아존, 테레프탈릴리덴디캠퍼설포닉애씨드, 트로메타민, 메틸트라이메티콘, 다이아이소프로필세바케이트, 세테아릴알코올, 하이드록시에틸아크릴레이트/소듐아크릴로일다이메틸타우레이트코폴리머, 포타슘세틸포스페이트, 1,2-헥산다이올, 하이드록시프로필스타치포스페이트, 아크릴레이트/C10-30알킬아크릴레이트크로스폴리머, 글리세릴스테아레이트, 하이드로제네이티드레시틴, 향료, 에틸헥실글리세린, 스테아릭애씨드, 폴리글리세릴-3메틸글루코오스다이스테아레이트, 팔미틱애씨드, 다이소듐이디티에이, 솔비탄아이소스테아레이트, 티타늄디옥사이드 (CI 77891), 마이카, 징크옥사이드, 에탄올, 인디고잎추출물, 마트리카리아꽃추출물, 미리스틱애씨드, 프로판다이올, 라우릭애씨드, 말라카이트추출물, 소듐하이알루로네이트, 틴옥사이드, 토코페롤, 소듐라우로일글루타메이트, 하이드롤라이즈드하이알루로닉애씨드, 라이신, 소듐하이알루로네이트크로스폴리머, 마그네슘클로라이드, 하이알루로닉애씨드, 소듐아세틸레이티드하이알루로네이트"
슈퍼바이탈 기초 2종 세트,아이오페,"[소프너] 정제수, 부틸렌글라이콜, 글리세레스-26, 글리세린, 변성알코올,나이아신아마이드, 1,2-헥산다이올, 다이메티콘, 암모늄아크릴로일다이메틸타우레이트/브이피코폴리머, 피이지-60하이드로제네이티드캐스터오일, 에탄올, 글리세릴카프릴레이트, 프로판다이올,하이드로제네이티드레시틴, 에틸헥실글리세린, 만니톨, 아데노신,향료, 다이소듐이디티에이, 바이오사카라이드검-1, 펜틸렌글라이콜, 녹차뿌리추출물, 덱스트린, 카카오추출물, 소듐메틸스테아로일타우레이트, 코질메틸렌다이옥시신나메이트, 아세틸테트라펩타이드-11, 토코페롤 [에멀젼] 정제수, 프로판다이올, 하이드로제네이티드폴리아이소부텐, 글리세린, 펜타에리스리틸테트라에틸헥사노에이트, 다이메티콘, 변성알코올, 다이아이소스테아릴말레이트, 나이아신아마이드, 폴리글리세린-3, 피이지-60글리세릴아이소스테아레이트, 피씨에이다이메티콘, 1,2-헥산다이올, C14-22알코올, 스테아릭애씨드, 글리세릴스테아레이트, 시어버터, 글리세릴스테아레이트시트레이트,하이드록시에틸아크릴레이트/소듐아크릴로일다이메틸타우레이트코폴리머, 폴리실리콘-11, 팔미틱애씨드, 아라키딜알코올, C12-20알킬글루코사이드, 카보머, 글리세릴카프릴레이트, 베헤닐알코올,트로메타민, 아라키딜글루코사이드, 소듐메타포스페이트, 에틸헥실글리세린, 만니톨, 향료, 아데노신, 솔비탄아이소스테아레이트, 폴리솔베이트60, 덱스트린, 카카오추출물, 녹차뿌리추출물, 글루코오스, 코질메틸렌다이옥시신나메이트, 토코페롤, 아세틸테트라펩타이드-11"
비타민C 엑스퍼트25% 토닝앰플 23ml,아이오페,"정제수, 아스코빅애씨드, 프로필렌글라이콜, 프로판다이올, 베타인, 변성알코올, 3-O-에틸아스코빅애씨드, 아이소펜틸다이올, 판테놀, 다이메틸아이소소바이드, 부틸렌글라이콜, 피피지-13-데실테트라데세스-24, 글루코노락톤, 포타슘하이드록사이드, 펜틸렌글라이콜, 글루타티온, 아세틸글루코사민, 소듐메타포스페이트, 향료, 치자추출물, 아스코빌글루코사이드, 아스코빌테트라이소팔미테이트, 잔탄검, 페룰릭애씨드, 리모넨, 덱스트린, 서양톱풀추출물"
바이오 컨디셔닝 에센스 하이드로 인핸싱 마스크 5매,아이오페,"효모발효여과물, 프로판다이올, 정제수, 1,2-헥산다이올, 베타인, 나이아신아마이드, 부틸렌글라이콜, 글리세린, 폴리글리세린-3, 아크릴레이트/C10-30알킬아크릴레이트크로스폴리머, 트로메타민, 에틸헥실글리세린, 아데노신, 덱스트린, 다이소듐이디티에이, 맥주효모추출물, 소듐파이루베이트, 소듐하이알루로네이트, 하이드롤라이즈드하이알루로닉애씨드, 소듐하이알루로네이트크로스폴리머, 하이알루로닉애씨드, 소듐아세틸레이티드하이알루로네이트"
맨 올데이 퍼펙트 올인원 120ml,아이오페,"정제수, 글리세린, 베타인, 변성알코올, 다이프로필렌글라이콜, 사이클로펜타실록세인, 나이아신아마이드, 1,2-헥산다이올, 실리카, 사이클로헥사실록세인, 세테아릴알코올, 다이메티콘올, 아크릴레이트/C10-30알킬아크릴레이트크로스폴리머, 글리세릴스테아레이트, 트로메타민, 향료, 하이드로제네이티드레시틴, 토코페롤, 글리세릴카프릴레이트, 프로판다이올, 스테아릭애씨드, 폴리글리세릴-3메틸글루코오스다이스테아레이트, 팔미틱애씨드, 에틸헥실글리세린, 멘톡시프로판다이올, 아데노신, 펜틸렌글라이콜, 덱스트린, 다이소듐이디티에이, 페퍼민트추출물, 바이오사카라이드검-1, 맥주효모추출물, 미리스틱애씨드, 라우릭애씨드"
슈퍼바이탈 크림 세트 50ml,아이오페,"정제수, 부틸렌글라이콜, 글리세린 , 펜타에리스리틸테트라에틸헥사노에이트, 하이드로제네이티드폴리아이소부텐, 코코넛야자오일, 나이아신아마이드, 폴리글리세릴-3메틸글루코오스다이스테아레이트, 베헤닐알코올, 카프릴릭/ 카프릭/미리스틱/스테아릭트라이글리세라이드,피이지-60글리세릴아이소스테아레이트, 다이메티콘, 글리세릴스테아레이트, 세테아릴알코올, 1, 2-헥산다이올, 폴리아크릴레이트-13, 향료, 폴리아이소부텐, 글리세릴카프릴레이트, 소듐 폴리아크릴레이트, 다이소듐이디티에이, 코질메틸렌다이옥시신나메이트, 에틸헥실글리세린, 만니톨, 폴리솔베이트20, 솔비탄아이소스테아레이트, 잇꽃꽃추출물, 덱스트린, 녹차뿌리추출물, 적색산화철, 토코페롤, 아세틸테트라펩타이드-11"
바이오 컨디셔닝 에센스 168ml,아이오페,"효모발효여과물, 부틸렌글라이콜, 프로판다이올, 글리세린, 나이아신아마이드, 1,2-헥산다이올, 다이에톡시에틸석시네이트, 소듐파이루베이트, 에틸헥실글리세린, 아데노신, 덱스트린, 다이소듐이디티에이, 맥주효모추출물"
XMD 스템3 스페셜 2종 세트,아이오페,"[소프너] 정제수, 부틸렌글라이콜, 글리세린, 베타인, 나이아신아마이드, 1,2-헥산다이올, 글리세릴폴리메타크릴레이트, 다이메티콘, 프로판다이올, 에탄올, 알란토인, 아크릴레이트/C10-30알킬아크릴레이트크로스폴리머, 트로메타민, 글리세릴카프릴레이트, 만니톨, 하이드로제네이티드레시틴, 클로렐라 프로토테코이데스추출물, 에틸헥실글리세린, 아데노신, 소듐메타포스페이트, 하이드롤라이즈드디엔에이, 소듐하이알루로네이트, 하이알루로닉애씨드, 소듐메틸스테아로일타우레이트, 덱스트린, 카카오추출물, 양파추출물, 아세틸테트라펩타이드-11, 토코페롤 [에멀전] 정제수, 부틸렌글라이콜, 글리세린, 하이드로제네이티드폴리아이소부텐, 하이드로제네이티드폴리(C6-14올레핀), 다이아이소스테아릴말레이트, 나이아신아마이드, C14-22알코올, 페닐트라이메티콘, 피씨에이다이메티콘, 1,2-헥산다이올, 비스-하이드록시에톡시프로필다이메티콘, 글리세릴스테아레이트시트레이트, 판테놀, 프로판다이올, 하이드로제네이티드식물성오일, C12-20알킬글루코사이드, 글리세릴스테아레이트, 세테아릴알코올, 알란토인, 카보머, 잔탄검, 글리세릴카프릴레이트, 만니톨, 트로메타민, 클로렐라 프로토테코이데스추출물, 에틸헥실글리세린, 소듐메타포스페이트, 아데노신, 덱스트린, 카카오추출물, 하이드롤라이즈드디엔에이, 하이알루로닉애씨드, 베타-글루칸, 레시틴, 양파추출물, 토코페롤, 아세틸테트라펩타이드-11"
맨 프로 레티놀 올인원 기획세트 120ml,아이오페,"정제수, 부틸렌글라이콜, 다이카프릴릴카보네이트, 글리세린, 메틸트라이메티콘, 나이아신아마이드, 1,2-헥산다이올, 하이드로제네이티드폴리(C6-14올레핀), 세테아릴알코올, 글리세릴스테아레이트, 스테아릭애씨드, 팔미틱애씨드, 아크릴레이트/C10-30알킬아크릴레이트크로스폴리머, 하이드록시에틸아크릴레이트/소듐아크릴로일다이메틸타우레이트코폴리머, 트로메타민, 돌콩오일, 향료, 해바라기씨오일, 실리카, 글리세릴카프릴레이트, 소듐스테아로일글루타메이트, 하이드로제네이티드레시틴, 하이드록시프로필스타치포스페이트, 다이소듐이디티에이, 에틸헥실글리세린, 아데노신, 폴리글리세릴-3메틸글루코오스다이스테아레이트, 당근추출물, 에칠아스코빌에텔, 덱스트린, 레티놀, 리모넨, 솔비탄아이소스테아레이트, 맥주효모추출물, 리날룰, 토코페롤, 미리스틱애씨드, 비에이치티, 아라키딕애씨드, 베타-카로틴, 펜틸렌글라이콜, 라우릭애씨드, 카보머, 아라비아고무나무검, 프로필렌글라이콜알지네이트"
슈퍼바이탈 아이크림 25ml,아이오페,"정제수, 글리세린, 다이메티콘, 부틸렌글라이콜다이카프릴레이트/다이카프레이트, 하이드로제네이티드폴리(C6-14올레핀), 판테놀, 베헤닐알코올, 나이아신아마이드, 하이드로제네이티드식물성오일, 세테아릴알코올, 포타슘세틸포스페이트, 락틱애씨드, 다이팔미토일하이드록시프롤린,폴리C10-30알킬아크릴레이트, 글리세릴스테아레이트, 카나우바왁스, 합성플루오르플로고파이트, 트로메타민, 포타슘하이드록사이드, 소듐폴리아크릴로일다이메틸타우레이트, 폴리아크릴레이트크로스폴리머-6, 티타늄디옥사이드 (CI 77891),살리실릭애씨드, 카보머, 향료, 스쿠알란, 소듐메타포스페이트, 코질메틸렌다이옥시신나메이트, 만니톨, 아데노신, 티몰트라이메톡시신나메이트, 녹차뿌리추출물, 레시틴, 틴옥사이드, 적색산화철, 토코페롤, 아세틸테트라펩타이드-11"
골든 글로우 페이스 오일 40ml,아이오페,"정제수, 글리세린, 프로판디올, 디프로필렌글라이콜, 에탄올, 폴리글리세린-3, 메칠글루세스-20, 디에톡시에칠석시네이트, 아마인추출물, 황금추출물, 원추리꽃추출물, 권백추출물, 호호바씨오일, 판테놀, 매실추출물, 산자나무열매추출물, 스쿠알란, 아데노신, 연꽃추출물, 카카오추출물, 키토산, 글리세릴폴리메타크릴레이트, 덱스트린, 부틸렌글라이콜, 비스-피이지-18메칠에텔디메칠실란, 에칠헥실글리세린, 옥틸도데세스-16, 잔탄검, 피이지-60하이드로제네이티드캐스터오일, 피이지/피피지-17/6코폴리머, 디소듐이디티에이, 향료, 시트랄, 리날룰, 리모넨"
레티놀 세럼 인 겔 마스크,아이오페,"정제수, 글리세린, 다이프로필렌글라이콜, 세틸에틸헥사노에이트, 나이아신아마이드, 1,2-헥산다이올, 아이리쉬모스추출물, 캐롭검, 베타인, 시어버터, 셀룰로오스검, 에틸헥실올리베이트, 잔탄검, 폴리아크릴레이트-13, 부틸렌글라이콜, 글리세릴스테아레이트, 솔비탄세스퀴올리에이트, 소듐아크릴레이트코폴리머, 카라기난, 폴리글리세릴-4올리에이트, 에틸헥실글리세린, 덱스트린, 서양배추출물, 글루코만난, 폴리글리세릴-10라우레이트, 아데노신, 하이드로제네이티드폴리아이소부텐, 트레할로오스, 다이메틸아이소소바이드, 하이드록시에틸아크릴레이트/소듐아크릴로일다이메틸타우레이트코폴리머, 다마스크장미꽃수, 돌콩오일, 포타슘클로라이드, 소듐파이테이트, 하이드로제네이티드폴리(C6-14올레핀), 오리스뿌리추출물, 소듐스테아로일글루타메이트, 멜론추출물, 에틸헥실팔미테이트, 서양송악잎/줄기추출물, 코질메틸렌다이옥시신나메이트, 솔비탄아이소스테아레이트, 황련뿌리추출물, 펜틸렌글라이콜, 콜라겐추출물, 하이드록시피나콜론레티노에이트, 레티놀, 시트릭애씨드, 엑토인, 소듐하이알루로네이트, 카보머, 소듐디엔에이, 비에이치티, 토코페롤, 아라비아고무나무검, 프로필렌글라이콜알지네이트(순수 레티놀 23ppm)"
XMD 스템3 클리니컬 리커버리 크림 50ml,아이오페,"정제수, 부틸렌글라이콜, 글리세린, 스쿠알란, 카프릴릭/카프릭트라이글리세라이드, 폴리글리세릴-3메틸글루코오스다이스테아레이트, 세테아릴알코올, 나이아신아마이드, 메틸트라이메티콘, 1,2-헥산다이올, 글리세릴스테아레이트시트레이트, 하이드록시에틸아크릴레이트/소듐아크릴로일다이메틸타우레이트코폴리머, 프로판다이올, 글리세릴스테아레이트, 알란토인, 카보머, 하이드록시프로필스타치포스페이트, 글리세릴카프릴레이트, 만니톨, 클로렐라 프로토테코이데스추출물, 트로메타민, 소듐메타포스페이트, 에틸헥실글리세린, 아데노신, 솔비탄아이소스테아레이트, 하이드롤라이즈드디엔에이, 덱스트린, 하이알루로닉애씨드, 카카오추출물, 아시아티코사이드, 마데카식애씨드, 아시아틱애씨드, 양파추출물, 다이프로필렌글라이콜, 아세틸테트라펩타이드-11, 베타인, 다이메티콘, 암모늄아크릴로일다이메틸타우레이트/브이피코폴리머, 토코페롤, 폴리글리세릴-6카프릴레이트, 폴리글리세릴-4카프레이트, 하이드로제네이티드레시틴, 에탄올, 소듐메틸스테아로일타우레이트, 콜레스테롤"
맨 바이오 안티에이징 2종 세트,아이오페,"[맨바이오에센스] 효모발효여과물, 프로판다이올, 글리세린, 변성알코올, 부틸렌글라이콜, 나이아신아마이드, 1,2-헥산다이올, 다이에톡시에틸석시네이트, 베타인, 피피지-13-데실테트라데세스-24, 소듐파이루베이트, 에틸헥실글리세린, 아데노신, 덱스트린, 향료, 다이소듐이디티에이, 타우린, 맥주효모추출물, 정제수, 펜틸렌글라이콜, 페퍼민트추출물 / [맨안티에이징에멀젼] 정제수, 부틸렌글라이콜, 세틸에틸헥사노에이트, 글리세린, 펜타에리스리틸테트라에틸헥사노에이트, 변성알코올, 폴리글리세릴-3다이스테아레이트, 1,2-헥산다이올, 글리세릴스테아레이트시트레이트, 세테아릴알코올, 페닐트라이메티콘, 비스-하이드록시에톡시프로필다이메티콘, 글리세릴스테아레이트, 카보머, 트로메타민, 하이드록시에틸아크릴레이트/소듐아크릴로일다이메틸타우레이트코폴리머, 향료, 잔탄검, 카프릴릴글라이콜, 글리세릴카프릴레이트, 효모발효여과물, 프로판다이올, 다이소듐이디티에이, 아데노신, 타우린, 솔비탄아이소스테아레이트, 낫토검, 돌콩추출물, 에틸헥실글리세린, 토코페롤"
바이오 컨디셔닝 에센스 폼 클렌저 180ml,아이오페,"정제수, 포타슘코코일글리시네이트, 카프릴릴/카프릴글루코사이드, 코카미도프로필베타인, 다이소듐코코암포다이아세테이트, 아크릴레이트/베헤네스-25메타크릴레이트코폴리머, 1,2-헥산다이올, 소듐클로라이드, 펜틸렌글라이콜, 소듐메틸코코일타우레이트, 폴리글리세릴-6카프릴레이트, 폴리글리세릴-4카프레이트, 향료, 아이소스테아릭애씨드, 포타슘하이드록사이드, 카프릴릴글라이콜, 나이아신아마이드, 효모발효여과물, 소듐메타포스페이트, 글루코노락톤, 에틸헥실글리세린, 소듐파이루베이트, 소듐벤조에이트, 아데노신, 리모넨, 테트라소듐이디티에이, 덱스트린, 리날룰, 맥주효모추출물, 프로판다이올, 시트릭애씨드, 토코페롤, 다이소듐이디티에이"
에어쿠션 5.5세대 커버 SPF50/PA+++ 15g,아이오페,"정제수, 사이클로펜타실록세인, 티타늄디옥사이드 (CI 77891), 호모살레이트, 부틸렌글라이콜, 페닐트라이메티콘, 에칠헥실메톡시신나메이트, 티타늄디옥사이드, 부틸렌글라이콜다이카프릴레이트/다이카프레이트, 라우릴피이지-9폴리다이메틸실록시에틸다이메티콘, 트라이메틸실록시실리케이트, 보론나이트라이드, 사이클로헥사실록세인, 피이지-10다이메티콘, 나이아신아마이드, 폴리메틸메타크릴레이트, 다이스테아다이모늄헥토라이트, 1,2-헥산다이올, 락토바실러스발효용해물, 황색산화철, 소듐클로라이드, 알루미나, 아크릴레이트/에틸헥실아크릴레이트/다이메티콘메타크릴레이트코폴리머, 알루미늄하이드록사이드, 카프릴릴글라이콜, 트라이에톡시카프릴릴실레인, 향료, 적색산화철, 시메티콘, 글리세릴카프릴레이트, 에틸헥실글리세린, 다이소듐이디티에이, 흑색산화철, 비에이치티, 글리세린, 프로판다이올, 소듐하이알루로네이트, 합성플루오르플로고파이트, 토코페롤, 아이소도데케인, 아크릴레이트/폴리트라이메틸실록시메타크릴레이트코폴리머, 라우로일라이신, 폴리솔베이트80, 다이소듐스테아로일글루타메이트, 하이드로제네이티드레시틴"
UV 쉴드 선 프로텍터 SPF50+/PA++++ 50ml,아이오페,"정제수, 글리세린, 다이에틸헥실석시네이트, 디에칠아미노하이드록시벤조일헥실벤조에이트, 다이부틸아디페이트, 에칠헥실트리아존, 메칠렌비스-벤조트리아졸릴테트라메칠부틸페놀, 비스-에칠헥실옥시페놀메톡시페닐트리아진, 나이아신아마이드, 카프릴릴메티콘, 테레프탈릴리덴디캠퍼설포닉애씨드, 1,2-헥산다이올, 실리카, C20-24알킬다이메티콘, 트로메타민, 베헤닐알코올, 세테아릴알코올, 소듐폴리아크릴로일다이메틸타우레이트, 폴리C10-30알킬아크릴레이트, 데실글루코사이드, 메틸프로판다이올, 소듐스테아로일글루타메이트, 폴리아크릴레이트크로스폴리머-6, 폴리에터-1, 세테아릴글루코사이드, 향료, 글리세릴카프릴레이트, 에틸헥실글리세린, 아데노신, 리모넨, 잔탄검, 리날룰, 아크릴레이트/C10-30알킬아크릴레이트크로스폴리머, 소듐메타포스페이트, 트라넥사믹애씨드, 시트로넬올, 티몰트라이메톡시신나메이트, 돌콩오일, 다이소듐이디티에이, 토코페롤, 하이드로제네이티드포스파티딜콜린, 데카펩타이드-4, 소듐올리에이트"
에어쿠션 5.5세대 커버 SPF50/PA+++ 15g,아이오페,"정제수, 사이클로펜타실록세인, 티타늄디옥사이드 (CI 77891), 호모살레이트, 부틸렌글라이콜, 페닐트라이메티콘, 에칠헥실메톡시신나메이트, 티타늄디옥사이드, 부틸렌글라이콜다이카프릴레이트/다이카프레이트, 라우릴피이지-9폴리다이메틸실록시에틸다이메티콘, 트라이메틸실록시실리케이트, 보론나이트라이드, 사이클로헥사실록세인, 피이지-10다이메티콘, 나이아신아마이드, 폴리메틸메타크릴레이트, 다이스테아다이모늄헥토라이트, 1,2-헥산다이올, 락토바실러스발효용해물, 황색산화철, 소듐클로라이드, 알루미나, 아크릴레이트/에틸헥실아크릴레이트/다이메티콘메타크릴레이트코폴리머, 알루미늄하이드록사이드, 카프릴릴글라이콜, 트라이에톡시카프릴릴실레인, 향료, 적색산화철, 시메티콘, 글리세릴카프릴레이트, 에틸헥실글리세린, 다이소듐이디티에이, 흑색산화철, 비에이치티, 글리세린, 프로판다이올, 소듐하이알루로네이트, 합성플루오르플로고파이트, 토코페롤, 아이소도데케인, 아크릴레이트/폴리트라이메틸실록시메타크릴레이트코폴리머, 라우로일라이신, 폴리솔베이트80, 다이소듐스테아로일글루타메이트, 하이드로제네이티드레시틴"
맨 퍼펙트 올인원 클렌저 125g,아이오페,"정제수, 글리세린, 팔미틱애씨드, 미리스틱애씨드, 라우릭애씨드, 포타슘하이드록사이드, 피이지-32, 실리카, 스테아릭애씨드, 글리세릴스테아레이트, 피이지-100스테아레이트, 마이크로크리스탈린셀룰로오스, 코카미도프로필베타인, 소듐메틸코코일타우레이트, 향료, 소듐클로라이드, 폴리쿼터늄-7, 멘톨, 부틸렌글라이콜, 다이소듐이디티에이, 피이지-14M, 소듐벤조에이트, 코튼추출물, 테트라소듐이디티에이, 락틱애씨드, 비에이치티"
레티놀 엑스퍼트 0.1% 링클 코렉터 기획세트 30ml,아이오페,"정제수, 카프릴릭/카프릭트라이글리세라이드, 부틸렌글라이콜, 글리세린, 토코페롤, 토코페릴아세테이트, 세테아릴알코올, 돌콩오일, 판테놀, 시어버터, 암모늄아크릴로일다이메틸타우레이트/브이피코폴리머, 다이메티콘, 글리세릴폴리메타크릴레이트, 폴리글리세릴-10스테아레이트, 하이드로제네이티드레시틴, 해바라기씨오일, 하이드록시에틸아크릴레이트/소듐아크릴로일다이메틸타우레이트코폴리머, 카보머, 향료, 트로메타민, 글리세릴스테아레이트, 폴리실리콘-11, 소듐설파이트, 레티놀, 당근추출물, 알란토인, 글리세릴카프릴레이트, 쌀겨왁스, 만니톨, 펜틸렌글라이콜, 다이메틸아이소소바이드, 스테아릭애씨드, 폴리글리세릴-3메틸글루코오스다이스테아레이트, 팔미틱애씨드, 다이소듐이디티에이, 코질메틸렌다이옥시신나메이트, 에틸헥실글리세린, 솔비탄아이소스테아레이트, 비에이치티, 하이드록시피나콜론레티노에이트, 베타-카로틴, 미리스틱애씨드, 프로판다이올, 에스에이치-펜타펩타이드-12에스피, 1,2-헥산다이올, 라우릭애씨드, 에스에이치-폴리펩타이드-121, 아라비아고무나무검, 소듐하이알루로네이트, 아세틸테트라펩타이드-11, 하이드롤라이즈드하이알루로닉애씨드, 소듐하이알루로네이트크로스폴리머, 프로필렌글라이콜알지네이트, 아스코빅애씨드, 메도우폼씨오일, 하이알루로닉애씨드, 3-O-에틸아스코빅애씨드, 글루타티온, 소듐아세틸레이티드하이알루로네이트 * 레티놀 함량 4,162 IU/g(0.12%)"
XMD 스템3 클리니컬 리커버리 세럼 50ml,아이오페,"정제수, 부틸렌글라이콜, 글리세린, 다이프로필렌글라이콜, 나이아신아마이드, 베타인, 카프릴릭/카프릭트라이글리세라이드, 1,2-헥산다이올, 다이메티콘, 암모늄아크릴로일다이메틸타우레이트/브이피코폴리머, 폴리글리세릴-6카프릴레이트, 폴리글리세릴-4카프레이트, 프로판다이올, 하이드로제네이티드레시틴, 알란토인, 에탄올, 아시아티코사이드, 소듐메틸스테아로일타우레이트, 마데카식애씨드, 콜레스테롤, 만니톨, 클로렐라 프로토테코이데스추출물, 아시아틱애씨드, 에틸헥실글리세린, 아데노신, 하이드롤라이즈드디엔에이, 덱스트린, 하이알루로닉애씨드, 카카오추출물, 양파추출물, 아세틸테트라펩타이드-11, 토코페롤"
슈퍼바이탈 오일 블렌딩 세럼 40ml,아이오페,"정제수, 부틸렌글라이콜, 카프릴릭/카프릭트라이글리세라이드,글리세린, 스쿠알란, 프로판다이올, 1,2-헥산다이올, 다이아이소스테아릴말레이트, 피마자씨오일, 트라이올레인, 다이부틸아디페이트, 해바라기씨오일, 실리카다이메틸실릴레이트, 암모늄아크릴로일다이메틸타우레이트/브이피코폴리머, 나이아신아 마이드, 향료, 카보머, 당근추출물, 티몰트라이메톡시신나메이트,셀룰로오스검, 트로메타민, 하이드로제네이티드폴리(C6-20올레핀), 만니톨, 올레아놀릭애씨드, 소듐메타포스페이트, 에틸헥실글리세린, 덱스트린, 카카오추출물, 에이치디아이/트라이메틸올헥실락톤크로스폴리머, 녹차뿌리추출물, 피토스테롤, 코질메틸렌다이옥시신나메이트, 베타-카로틴, 토코페롤, 토코트라이엔올, 식물성오일, 오일팜오일, 아세틸테트라펩타이드-11"
히아루로닉 크림 100ml,아이오페,"정제수, 프로판다이올, 사이클로펜타실록세인, 글리세린, 베타인, 세틸에틸헥사노에이트, 사이클로헥사실록세인, 글리세릴폴리메타크릴레이트, 하이드로제네이티드폴리아이소부텐, 1,2-헥산다이올, 사이클로메티콘, 세테아릴알코올, 다이메티콘올, 글리세릴스테아레이트, 스테아릭애씨드, 하이드록시에틸아크릴레이트/소듐아크릴로일다이메틸타우레이트코폴리머, 암모늄아크릴로일다이메틸타우레이트/브이피코폴리머, C14-22알코올, 폴리메틸실세스퀴옥세인, 세틸피이지/피피지-10/1다이메티콘, 다이메티콘, 폴리에틸렌, 아라키딜알코올, 시어버터, 향료, 팔미틱애씨드, 하이드로제네이티드레시틴, 베헤닐알코올, 부틸렌글라이콜, 피이지/피피지-20/15다이메티콘, 에틸헥실글리세린, C12-20알킬글루코사이드, 페닐메티콘, 폴리글리세릴-3메틸글루코오스다이스테아레이트, 다이소듐이디티에이, 소듐하이알루로네이트, 아라키딜글루코사이드, 솔비탄아이소스테아레이트, 폴리솔베이트60, 불가리스쑥추출물, 약모밀추출물, 쌀추출물, 참마뿌리추출물, 돌콩싹추출물, 페녹시에탄올, 미리스틱애씨드, 라우릭애씨드, 소듐벤조에이트, 피씨에이, 락틱애씨드, 글루코오스, 글라이신, 우레아, 소듐글리세로포스페이트, 세린, 글루타믹애씨드, 토코페롤, 포타슘마그네슘아스파테이트, 아스파틱애씨드, 류신, 소듐클로라이드, 알라닌, 라이신, 알지닌, 칼슘글루코네이트, 마그네슘글루코네이트, 타이로신, 페닐알라닌, 프롤린, 트레오닌, 발린, 아이소류신, 시트릭애씨드, 펜타에리스리틸테트라-다이-T-부틸하이드록시하이드로신나메이트, 히스티딘, 아세틸글루코사민, 크레아틴, 우릭애씨드, 시스테인, 메티오닌"
레티놀 엑스퍼트 0.5% 얼티밋 컨센트레이트 15ml,아이오페,"정제수, 부틸렌글라이콜, 글리세린, 돌콩오일, 다이메티콘, 다이아이소스테아릴말레이트, 폴리글리세릴-3메틸글루코오스다이스테아레이트, 1,2-헥산다이올, 펜타에리스리틸테트라에틸헥사노에이트, 해바라기씨오일, 하이드록시에틸아크릴레이트/소듐아크릴로일다이메틸타우레이트코폴리머, 레티놀, 글리세릴스테아레이트, 세테아릴알코올, 글리세릴스테아레이트시트레이트, 판테놀, 하이드로제네이티드올리브오일데실에스터, 베타인, 아크릴레이트/C10-30알킬아크릴레이트크로스폴리머, 향료, 당근추출물, 트로메타민, 글리세릴카프릴레이트, 에틸헥실글리세린, 프로판다이올, 소듐스테아로일글루타메이트, 소듐메타포스페이트, 코질메틸렌다이옥시신나메이트, 솔비탄아이소스테아레이트, 소듐하이알루로네이트크로스폴리머-6, 하이드롤라이즈드식물성단백질, 엑토인, 베타-카로틴, 베타-글루칸, 토코페롤, 에스에이치-펜타펩타이드-12에스피, 펜틸렌글라이콜, 카보머, 아라비아고무나무검, 프로필렌글라이콜알지네이트"
PDRN 카페인샷 50ml,아이오페,"락토바실러스발효용해물, 정제수, 프로판다이올, 글리세린, 나이아신아마이드, 부틸렌글라이콜, 카페인, 다이프로필렌글라이콜, 1,2-헥산다이올, 다이에톡시에틸석시네이트, 글리세릴폴리메타크릴레이트, 폴리아크릴레이트크로스폴리머-6, 만니톨, 에틸헥실글리세린, 아데노신, 소듐시트레이트, 덱스트린, 카카오추출물, 시트릭애씨드, 다이소듐이디티에이, T-부틸알코올, 알지닌, 사이클로덱스트린, 하이드록시프로필사이클로덱스트린, 말토덱스트린, 잔탄검, 베타-글루칸, 아세틸테트라펩타이드-11, 토코페롤"
PDRN 카페인샷 30ml,아이오페,"락토바실러스발효용해물, 정제수, 프로판다이올, 글리세린, 나이아신아마이드, 부틸렌글라이콜, 카페인, 다이프로필렌글라이콜, 1,2-헥산다이올, 다이에톡시에틸석시네이트, 글리세릴폴리메타크릴레이트, 폴리아크릴레이트크로스폴리머-6, 만니톨, 에틸헥실글리세린, 아데노신, 소듐시트레이트, 덱스트린, 카카오추출물, 시트릭애씨드, 다이소듐이디티에이, T-부틸알코올, 알지닌, 사이클로덱스트린, 하이드록시프로필사이클로덱스트린, 말토덱스트린, 잔탄검, 베타-글루칸, 아세틸테트라펩타이드-11, 토코페롤"
레티놀 엑스퍼트 0.3% 링클 코렉터 20ml,아이오페,"정제수, 카프릴릭/카프릭트라이글리세라이드, 프로판다이올, 글리세린, 돌콩오일, 토코페롤, 토코페릴아세테이트, 세테아릴알코올, 트레할로오스, 판테놀, 시어버터, 암모늄아크릴로일다이메틸타우레이트/브이피코폴리머, 다이메티콘, 글리세릴폴리메타크릴레이트, 폴리글리세릴-10스테아레이트, 하이드로제네이티드레시틴, 해바라기씨오일, 하이드록시에틸아크릴레이트/소듐아크릴로일다이메틸타우레이트코폴리머, 카보머, 레티놀, 향료, 트로메타민, 글리세릴스테아레이트, 폴리실리콘-11, 소듐설파이트, 당근추출물, 알란토인, 글리세릴카프릴레이트, 쌀겨왁스, 만니톨, 스테아릭애씨드, 폴리글리세릴-3메틸글루코오스다이스테아레이트, 팔미틱애씨드, 에틸헥실글리세린, 다이소듐이디티에이, 소듐하이알루로네이트, 비에이치티, 솔비탄아이소스테아레이트, 1,2-헥산다이올, 하이드롤라이즈드하이알루로닉애씨드, 베타-카로틴, 소듐하이알루로네이트크로스폴리머, 미리스틱애씨드, 하이알루로닉애씨드, 라우릭애씨드, 아세틸테트라펩타이드-11, 소듐아세틸레이티드하이알루로네이트, 아스코빅애씨드, 메도우폼씨오일, 3-O-에틸아스코빅애씨드, 글루타티온"
UV 쉴드 톤업 선 SPF50+/PA++++ 50ml,아이오페,"정제수, 메틸트라이메티콘, 티타늄디옥사이드, 페닐트라이메티콘, 에칠헥실메톡시신나메이트, 부틸렌글라이콜, 카프릴릴메티콘, 라우릴피이지-10트리스(트라이메틸실록시)실릴에틸다이메티콘, 네오펜틸글라이콜다이헵타노에이트, 나이아신아마이드, 다이스테아다이모늄헥토라이트, 피이지-10다이메티콘, 다이메티콘, 아이소도데케인, 실리카, 소듐클로라이드, 메틸메타크릴레이트크로스폴리머, 폴리메틸실세스퀴옥세인, 티타늄디옥사이드 (CI 77891), 트라이메틸실록시실리케이트, 사이클로펜타실록세인, 알루미나, 아크릴레이트/폴리트라이메틸실록시메타크릴레이트코폴리머, 1,2-헥산다이올, 피토스테릴/옥틸도데실라우로일글루타메이트, 라우릴폴리글리세릴-3폴리다이메틸실록시에틸다이메티콘, 알루미늄하이드록사이드, 스테아릭애씨드, 폴리페닐실세스퀴옥세인, 다이메티콘/폴리글리세린-3크로스폴리머, 글리세릴스테아레이트시트레이트, 아크릴레이트/다이메티콘코폴리머, 폴리메틸메타크릴레이트, 향료, 카프릴릴글라이콜, 시메티콘, 다이소듐이디티에이, 에틸헥실글리세린, 아데노신, 리모넨, 리날룰, 트라이에톡시카프릴릴실레인, 적색산화철, 페룰릭애씨드, 황색산화철, 시트로넬올, 다이프로필렌글라이콜, 비에이치티, 소듐시트레이트, 헥실신남알, 토코페롤"
브라이트닝 기미 에센스 45ml,아이오페,"정제수, 글리세린, 부틸렌글라이콜, 변성알코올, 1,2-헥산다이올, 베타인, 카프릴릭/카프릭트라이글리세라이드, 다이메티콘, 암모늄아크릴로일다이메틸타우레이트/브이피코폴리머, 하이드로제네이티드레시틴, 사카라이드아이소머레이트, 프로판다이올, 하이드록시에틸아크릴레이트/소듐아크릴로일다이메틸타우레이트코폴리머, 에탄올, 토코페롤, 티몰트라이메톡시신나메이트, 잔탄검, 콜레스테롤, 글리세릴카프릴레이트, 폴리메틸메타크릴레이트, 향료, 글라이코리피드, 에틸헥실글리세린, 아데노신, 솔비탄아이소스테아레이트, 베타-글루칸, 스페인감초뿌리추출물, 소듐메틸스테아로일타우레이트, 소듐시트레이트, 시트릭애씨드"
프로 필링 소프트젤 100ml,아이오페,"정제수, 셀룰로오스, 부틸렌글라이콜, 다이프로필렌글라이콜, 변성알코올, 글리세린, 만난, 베타인, 마이크로크리스탈린셀룰로오스, 아크릴레이트/C10-30알킬아크릴레이트크로스폴리머, 피이지-60하이드로제네이티드캐스터오일, 향료, 글리세릴카프 릴레이트, 포타슘하이드록사이드, 알로에베라잎추출물, 에틸헥실글리세린, 다이소듐이디티에이, 빌베리열매추출물, 사탕수수추출물, 오렌지추출물, 레몬추출물, 설탕단풍추출물, 토코페롤, 연꽃추출물, 매실추출물, 시트릭애씨드, 락틱애씨드"
슈퍼바이탈 소프너 150ml,아이오페,"정제수, 부틸렌글라이콜, 글리세레스-26, 글리세린, 변성알코올,나이아신아마이드, 1,2-헥산다이올, 다이메티콘, 암모늄아크릴로일다이메틸타우레이트/브이피코폴리머, 피이지-60하이드로제네이티드캐스터오일, 에탄올, 글리세릴카프릴레이트, 프로판다이올,하이드로제네이티드레시틴, 에틸헥실글리세린, 만니톨, 아데노신,향료, 다이소듐이디티에이, 바이오사카라이드검-1, 펜틸렌글라이콜, 녹차뿌리추출물, 덱스트린, 카카오추출물, 소듐메틸스테아로일타우레이트, 코질메틸렌다이옥시신나메이트, 아세틸테트라펩타이드-11, 토코페롤"
맨 올데이 퍼펙트 톤업 올인원 SPF15 120ml,아이오페,"정제수, 에칠헥실메톡시신나메이트, 부틸렌글라이콜, 글리세린, 변성알코올, 사이클로펜타실록세인, C12-15알킬벤조에이트, 나이아신아마이드, 다이페닐실록시페닐트라이메티콘, 사이클로헥사실록세인, 티타늄디옥사이드 (CI 77891), 비스-에칠헥실옥시페놀메톡시페닐트리아진, 1,2-헥산다이올, 디에칠아미노하이드록시벤조일헥실벤조에이트, C14-22알코올, 글리세릴스테아레이트, 피이지-100스테아레이트, 실리카, 다이메티콘, 세테아릴알코올, 폴리아크릴레이트-13, C12-20알킬글루코사이드, 암모늄아크릴로일다이메틸타우레이트/브이피코폴리머, 폴리실리콘-11, 폴리아이소부텐, 향료, 카프릴릴글라이콜, 황색산화철, 다이소듐이디티에이, 에틸헥실글리세린, 알루미늄하이드록사이드, 흑색산화철, 아데노신, 카보머, 트라이에톡시카프릴릴실레인, 폴리솔베이트20, 적색산화철, 솔비탄아이소스테아레이트, 비에이치티, 코튼추출물, 토코페롤"
맨 안티에이징 에멀젼 EX 120ml,아이오페,"정제수, 부틸렌글라이콜, 세틸에틸헥사노에이트, 글리세린, 펜타에리스리틸테트라에틸헥사노에이트, 변성알코올, 폴리글리세릴-3다이스테아레이트, 1,2-헥산다이올, 글리세릴스테아레이트시트레이트, 세테아릴알코올, 페닐트라이메티콘, 비스-하이드록시에톡시프로필다이메티콘, 글리세릴스테아레이트, 카보머, 트로메타민, 하이드록시에틸아크릴레이트/소듐아크릴로일다이메틸타우레이트코폴리머, 향료, 잔탄검, 카프릴릴글라이콜, 글리세릴카프릴레이트, 효모발효여과물, 프로판다이올, 다이소듐이디티에이, 아데노신, 타우린, 솔비탄아이소스테아레이트, 낫토검, 돌콩추출물, 에틸헥실글리세린, 토코페롤"
슈퍼바이탈 쿠션 이엑스 SPF 50+/PA+++ 16g,아이오페,"정제수, 페닐트라이메티콘, 티타늄디옥사이드 (CI 77891), 글리세린, 호모살레이트, 프로판다이올, 피이지-10다이메 티콘, 다이아이소스테아릴말레이트, 메틸트라이메티콘, 다이메티콘, 티타늄디옥사이드, 에칠헥실살리실레이트, 네 오펜틸글라이콜다이헵타노에이트, 부틸렌글라이콜, 나이아신아마이드, 라우릴피이지-10트리스(트라이메틸실록시) 실릴에틸다이메티콘, 실리카, 1,2-헥산다이올, 알루미나, 트라이실록세인, 황색산화철, 알루미늄하이드록사이드, 스 테아릭애씨드, 트라이메틸실록시실리케이트, 다이스테아다이모늄헥토라이트, 소듐클로라이드, 나일론6/12, 아크릴 레이트/다이메티콘코폴리머, 트라이에틸헥사노인, 트라이하이드록시스테아린, 폴리솔베이트80, 다이소듐스테아로 일글루타메이트, 카프릴릴글라이콜, 적색산화철, 비닐다이메티콘/라우릴다이메티콘크로스폴리머, 향료, 하이드로제 네이티드레시틴, 소듐메타포스페이트, 글리세릴카프릴레이트, 아데노신, 흑색산화철, 다이메티콘/비닐다이메티콘크 로스폴리머, 트라이에톡시카프릴릴실레인, 소듐하이알루로네이트, 폴리메틸실세스퀴옥세인, 코질메틸렌다이옥시신 나메이트, 하이드롤라이즈드하이알루로닉애씨드, 토코페롤, 소듐하이알루로네이트크로스폴리머, 하이알루로닉애씨 드, 에틸헥실글리세린, 소듐아세틸레이티드하이알루로네이트"
하이드로 리프트 크림,아이오페,"정제수, 부틸렌글라이콜, 하이드로제네이티드폴리(C6-14올레핀), 글리세린, 펜타에리스리틸테트라에틸헥사노에이트, 메틸트라이메티콘, 세테아릴알코올, 나이아신아마이드, 폴리글리세릴-3메틸글루코오스다이스테아레이트, 폴리글리세릴-10스테아레이트, 1,2-헥산다이올, 부틸렌글라이콜다이카프릴레이트/다이카프레이트, 다이아이소스테아릴말레이트, 글리세릴스테아레이트시트레이트, 하이드록시에틸아크릴레이트/소듐아크릴로일다이메틸타우레이트코폴리머, 하이드로제네이티드폴리아이소부텐, 프로필렌글라이콜, 향료, 에틸헥실글리세린, 다이소듐이디티에이, 솔비탄아이소스테아레이트, 소듐하이알루로네이트, 아데노신, 덱스트린, 카카오추출물, 하이드롤라이즈드콜라겐, 토코페롤, 에스에이치-폴리펩타이드-121"
슈퍼바이탈 에멀젼 150ml,아이오페,"정제수, 프로판다이올, 하이드로제네이티드폴리아이소부텐, 글리세린, 펜타에리스리틸테트라에틸헥사노에이트, 다이메티콘, 변성알코올, 다이아이소스테아릴말레이트, 나이아신아마이드, 폴리글리세린-3, 피이지-60글리세릴아이소스테아레이트, 피씨에이다이메티콘, 1,2-헥산다이올, C14-22알코올, 스테아릭애씨드, 글리세릴스테아레이트, 시어버터, 글리세릴스테아레이트시트레이트,하이드록시에틸아크릴레이트/소듐아크릴로일다이메틸타우레이트코폴리머, 폴리실리콘-11, 팔미틱애씨드, 아라키딜알코올, C12-20알킬글루코사이드, 카보머, 글리세릴카프릴레이트, 베헤닐알코올,트로메타민, 아라키딜글루코사이드, 소듐메타포스페이트, 에틸헥실글리세린, 만니톨, 향료, 아데노신, 솔비탄아이소스테아레이트, 폴리솔베이트60, 덱스트린, 카카오추출물, 녹차뿌리추출물, 글루코오스, 코질메틸렌다이옥시신나메이트, 토코페롤, 아세틸테트라펩타이드-11"
바이오 컨디셔닝 클렌징 오일 인 젤 150ml,아이오페,"세틸에틸헥사노에이트, 카프릴릭/카프릭트라이글리세라이드, 다이카프릴릴카보네이트, 글리세린, 정제수, 폴리글리세릴-5올리에이트, 카올린, 수크로오스라우레이트, 향료, 나이아신아마이드, 효모발효여과물, 소듐파이루베이트, 아데노신, 리모넨, 덱스트린, 리날룰, 맥주효모추출물, 토코페롤, 프로판다이올, 1,2-헥산다이올, 쌀겨오일, 에틸헥실글리세린, 다이소듐이디티에이"
하이드로 리프트 에멀젼 150ml,아이오페,"정제수, 부틸렌글라이콜, 글리세린, 펜타에리스리틸테트라에틸헥사노에이트, 나이아신아마이드, 하이드로제네이티드폴리(C6-14올레핀), 다이메티콘, 1,2-헥산다이올, 시어버터, 폴리글리세릴-3메틸글루코오스다이스테아레이트, 글리세릴폴리메타크릴레이트, 비스-하이드록시에톡시프로필다이메티콘, 다이메티콘/비닐다이메티콘크로스폴리머, 카보머, 글리세릴스테아레이트, 세테아릴알코올, 글리세릴스테아레이트시트레이트, 하이드로제네이티드식물성오일, 하이드록시에틸아크릴레이트/소듐아크릴로일다이메틸타우레이트코폴리머, 트로메타민, 스테아릭애씨드, 향료, 잔탄검, 소듐스테아로일글루타메이트, 팔미틱애씨드, 에틸헥실글리세린, 다이소듐이디티에이, 아데노신, 프로필렌글라이콜, 소듐하이알루로네이트, 솔비탄아이소스테아레이트, 폴리솔베이트60, 덱스트린, 카카오추출물, 하이드롤라이즈드콜라겐, 토코페롤"
UV 쉴드 선 앰플 SPF 50+/PA+++ 40ml,아이오페,"정제수, 다이부틸아디페이트, 글리세린, 비스-에칠헥실옥시페놀메톡시페닐트리아진, 에칠헥실살리실레이트, 드로메트리졸트리실록산, 테레프탈릴리덴디캠퍼설포닉애씨드, 호모살레이트, 나이아신아마이드, 폴리실리콘-15, 1,2-헥산다이올, 트로메타민, 베헤닐알코올, 글리세릴스테아레이트에스이, 소듐폴리아크릴로일다이메틸타우레이트, 페닐트라이메티콘, 포타슘세틸포스페이트, 카프릴릴메티콘, 프로판다이올, 알란토인, 향료, 폴리아크릴레이트크로스폴리머-6, 카프릴릴글라이콜, 에틸헥실글리세린, 만니톨, 폴리아크릴레이트-13, 아데노신, 하이드로제네이티드폴리아이소부텐, 리모넨, 리날룰, 폴리글리세릴-10라우레이트, 시트로넬올, 에틸헥실팔미테이트, 솔비탄아이소스테아레이트, 양파추출물, 아세틸테트라펩타이드-11, 토코페롤"
맨 컴파운드 선 스크린 SPF 50+/PA++++ 50ml,아이오페,"정제수, 부틸렌글라이콜, 글리세린, 디에칠아미노하이드록시벤조일헥실벤조에이트, 호모살레이트, 에칠헥실살리실레이트, 다이부틸아디페이트, 티타늄디옥사이드, 메틸트라이메티콘, C12-15알킬벤조에이트, 비스-에칠헥실옥시페놀메톡시페닐트리아진, 나이아신아마이드, 폴리실리콘-15, 실리카, 1,2-헥산다이올, 세테아릴알코올, 폴리C10-30알킬아크릴레이트, 하이드록시에틸아크릴레이트/소듐아크릴로일다이메틸타우레이트코폴리머, 알루미늄스테아레이트, 알루미나, 스테아릭애씨드, 폴리하이드록시스테아릭애씨드, 아크릴레이트/C10-30알킬아크릴레이트크로스폴리머, 글리세릴스테아레이트, 향료, 하이드로제네이티드레시틴, 글리세릴카프릴레이트, 트로메타민, 폴리글리세릴-3메틸글루코오스다이스테아레이트, 팔미틱애씨드, 다이소듐이디티에이, 에틸헥실글리세린, 솔비탄아이소스테아레이트, 페룰릭애씨드, 티타늄디옥사이드 (CI 77891), 미리스틱애씨드, 라우릭애씨드, 아크릴레이트/브이피코폴리머, 토코페롤"
XMD 스템3 클리니컬 리커버리 세럼 30ml,아이오페,"정제수, 부틸렌글라이콜, 글리세린, 다이프로필렌글라이콜, 나이아신아마이드, 베타인, 카프릴릭/카프릭트라이글리세라이드, 1,2-헥산다이올, 다이메티콘, 암모늄아크릴로일다이메틸타우레이트/브이피코폴리머, 폴리글리세릴-6카프릴레이트, 폴리글리세릴-4카프레이트, 프로판다이올, 하이드로제네이티드레시틴, 알란토인, 에탄올, 아시아티코사이드, 소듐메틸스테아로일타우레이트, 마데카식애씨드, 콜레스테롤, 만니톨, 클로렐라 프로토테코이데스추출물, 아시아틱애씨드, 에틸헥실글리세린, 아데노신, 하이드롤라이즈드디엔에이, 덱스트린, 하이알루로닉애씨드, 카카오추출물, 양파추출물, 아세틸테트라펩타이드-11, 토코페롤"
레티놀 엑스퍼트 0.1% 링클 코렉터 기획세트 20ml,아이오페,"정제수, 카프릴릭/카프릭트라이글리세라이드, 부틸렌글라이콜, 글리세린, 토코페롤, 토코페릴아세테이트, 세테아릴알코올, 돌콩오일, 판테놀, 시어버터, 암모늄아크릴로일다이메틸타우레이트/브이피코폴리머, 다이메티콘, 글리세릴폴리메타크릴레이트, 폴리글리세릴-10스테아레이트, 하이드로제네이티드레시틴, 해바라기씨오일, 하이드록시에틸아크릴레이트/소듐아크릴로일다이메틸타우레이트코폴리머, 카보머, 향료, 트로메타민, 글리세릴스테아레이트, 폴리실리콘-11, 소듐설파이트, 레티놀, 당근추출물, 알란토인, 글리세릴카프릴레이트, 쌀겨왁스, 만니톨, 펜틸렌글라이콜, 다이메틸아이소소바이드, 스테아릭애씨드, 폴리글리세릴-3메틸글루코오스다이스테아레이트, 팔미틱애씨드, 다이소듐이디티에이, 코질메틸렌다이옥시신나메이트, 에틸헥실글리세린, 솔비탄아이소스테아레이트, 비에이치티, 하이드록시피나콜론레티노에이트, 베타-카로틴, 미리스틱애씨드, 프로판다이올, 에스에이치-펜타펩타이드-12에스피, 1,2-헥산다이올, 라우릭애씨드, 에스에이치-폴리펩타이드-121, 아라비아고무나무검, 소듐하이알루로네이트, 아세틸테트라펩타이드-11, 하이드롤라이즈드하이알루로닉애씨드, 소듐하이알루로네이트크로스폴리머, 프로필렌글라이콜알지네이트, 아스코빅애씨드, 메도우폼씨오일, 하이알루로닉애씨드, 3-O-에틸아스코빅애씨드, 글루타티온, 소듐아세틸레이티드하이알루로네이트 * 레티놀 함량 4,162 IU/g(0.12%)"
UV 쉴드 선 스틱 SPF50+/PA++++ 20g,아이오페,"다이메티콘, 비닐다이메티콘/메티콘실세스퀴옥세인크로스폴리머, 세틸에틸헥사노에이트, 하이드로제네이티드폴리(C6-14올레핀), 폴리에틸렌, 에칠헥실메톡시신나메이트, 디에칠아미노하이드록시벤조일헥실벤조에이트, 에칠헥실살리실레이트, 비스-에칠헥실옥시페놀메톡시페닐트리아진, C12-15알킬벤조에이트, 오조케라이트, 티타늄디옥사이드, 정제수, 알루미늄스테아레이트, 폴리하이드록시스테아릭애씨드, 향료, 토코페릴아세테이트, 알루미나, 글리세릴카프릴레이트, 부틸렌글라이콜, 리모넨, 치커리뿌리추출물, 리날룰, 시트로넬올, 코튼추출물, 페녹시에탄올, 헥실신남알, 에틸헥실글리세린"
XMD 스템3 클리니컬 리커버리 소프너 130ml,아이오페,"정제수, 부틸렌글라이콜, 글리세린, 베타인, 나이아신아마이드, 1,2-헥산다이올, 글리세릴폴리메타크릴레이트, 다이메티콘, 프로판다이올, 에탄올, 알란토인, 아크릴레이트/C10-30알킬아크릴레이트크로스폴리머, 트로메타민, 글리세릴카프릴레이트, 만니톨, 하이드로제네이티드레시틴, 클로렐라 프로토테코이데스추출물, 에틸헥실글리세린, 아데노신, 소듐메타포스페이트, 하이드롤라이즈드디엔에이, 소듐하이알루로네이트, 하이알루로닉애씨드, 소듐메틸스테아로일타우레이트, 덱스트린, 카카오추출물, 양파추출물, 아세틸테트라펩타이드-11, 토코페롤"
XMD 스템3 클리니컬 리커버리 에멀전 130ml,아이오페,"정제수, 부틸렌글라이콜, 글리세린, 하이드로제네이티드폴리아이소부텐, 하이드로제네이티드폴리(C6-14올레핀), 다이아이소스테아릴말레이트, 나이아신아마이드, C14-22알코올, 페닐트라이메티콘, 피씨에이다이메티콘, 1,2-헥산다이올, 비스-하이드록시에톡시프로필다이메티콘, 글리세릴스테아레이트시트레이트, 판테놀, 프로판다이올, 하이드로제네이티드식물성오일, C12-20알킬글루코사이드, 글리세릴스테아레이트, 세테아릴알코올, 알란토인, 카보머, 잔탄검, 글리세릴카프릴레이트, 만니톨, 트로메타민, 클로렐라 프로토테코이데스추출물, 에틸헥실글리세린, 소듐메타포스페이트, 아데노신, 덱스트린, 카카오추출물, 하이드롤라이즈드디엔에이, 하이알루로닉애씨드, 베타-글루칸, 레시틴, 양파추출물, 토코페롤, 아세틸테트라펩타이드-11"
슈퍼바이탈 쿠션 이엑스 SPF 50+/PA+++,아이오페,"정제수, 페닐트라이메티콘, 티타늄디옥사이드 (CI 77891), 글리세린, 호모살레이트, 프로판다이올, 피이지-10다이메 티콘, 다이아이소스테아릴말레이트, 메틸트라이메티콘, 다이메티콘, 티타늄디옥사이드, 에칠헥실살리실레이트, 네 오펜틸글라이콜다이헵타노에이트, 부틸렌글라이콜, 나이아신아마이드, 라우릴피이지-10트리스(트라이메틸실록시) 실릴에틸다이메티콘, 실리카, 1,2-헥산다이올, 알루미나, 트라이실록세인, 황색산화철, 알루미늄하이드록사이드, 스 테아릭애씨드, 트라이메틸실록시실리케이트, 다이스테아다이모늄헥토라이트, 소듐클로라이드, 나일론6/12, 아크릴 레이트/다이메티콘코폴리머, 트라이에틸헥사노인, 트라이하이드록시스테아린, 폴리솔베이트80, 다이소듐스테아로 일글루타메이트, 카프릴릴글라이콜, 적색산화철, 비닐다이메티콘/라우릴다이메티콘크로스폴리머, 향료, 하이드로제 네이티드레시틴, 소듐메타포스페이트, 글리세릴카프릴레이트, 아데노신, 흑색산화철, 다이메티콘/비닐다이메티콘크 로스폴리머, 트라이에톡시카프릴릴실레인, 소듐하이알루로네이트, 폴리메틸실세스퀴옥세인, 코질메틸렌다이옥시신 나메이트, 하이드롤라이즈드하이알루로닉애씨드, 토코페롤, 소듐하이알루로네이트크로스폴리머, 하이알루로닉애씨 드, 에틸헥실글리세린, 소듐아세틸레이티드하이알루로네이트"
맨 바이오 컨디셔닝 에센스 145ml,아이오페,"효모발효여과물, 프로판다이올, 글리세린, 변성알코올, 부틸렌글라이콜, 나이아신아마이드, 1,2-헥산다이올, 다이에톡시에틸석시네이트, 베타인, 피피지-13-데실테트라데세스-24, 소듐파이루베이트, 에틸헥실글리세린, 아데노신, 덱스트린, 향료, 다이소듐이디티에이, 타우린, 맥주효모추출물, 정제수, 펜틸렌글라이콜, 페퍼민트추출물"
하이드로 리프트 2종 세트,아이오페,"(소프너) 정제수, 부틸렌글라이콜, 변성알코올, 나이아신아마이드, 1,2-헥산다이올, 피피지-13-데실테트라데세스-24, 하이드록시에틸아크릴레이트/소듐아크릴로일다이메틸타우레이트코폴리머, 아크릴레이트/C10-30알킬아크릴레이트크로스폴리머, 향료, 에틸헥실글리세린, 트로메타민, 아데노신, 프로필렌글라이콜, 다이소듐이디티에이, 소듐하이알루로네이트, 솔비탄아이소스테아레이트, 폴리솔베이트60, 하이드롤라이즈드콜라겐, 토코페롤 (에멀젼) 정제수, 부틸렌글라이콜, 글리세린, 펜타에리스리틸테트라에틸헥사노에이트, 나이아신아마이드, 하이드로제네이티드폴리(C6-14올레핀), 다이메티콘, 1,2-헥산다이올, 시어버터, 폴리글리세릴-3메틸글루코오스다이스테아레이트, 글리세릴폴리메타크릴레이트, 비스-하이드록시에톡시프로필다이메티콘, 다이메티콘/비닐다이메티콘크로스폴리머, 카보머, 글리세릴스테아레이트, 세테아릴알코올, 글리세릴스테아레이트시트레이트, 하이드로제네이티드식물성오일, 하이드록시에틸아크릴레이트/소듐아크릴로일다이메틸타우레이트코폴리머, 트로메타민, 스테아릭애씨드, 향료, 잔탄검, 소듐스테아로일글루타메이트, 팔미틱애씨드, 에틸헥실글리세린, 다이소듐이디티에이, 아데노신, 프로필렌글라이콜, 소듐하이알루로네이트, 솔비탄아이소스테아레이트, 폴리솔베이트60, 덱스트린, 카카오추출물, 하이드롤라이즈드콜라겐, 토코페롤"
슈퍼바이탈 3종 세트,아이오페,"[소프너] 정제수, 부틸렌글라이콜, 글리세레스-26, 글리세린, 변성알코올,나이아신아마이드, 1,2-헥산다이올, 다이메티콘, 암모늄아크릴로일다이메틸타우레이트/브이피코폴리머, 피이지-60하이드로제네이티드캐스터오일, 에탄올, 글리세릴카프릴레이트, 프로판다이올,하이드로제네이티드레시틴, 에틸헥실글리세린, 만니톨, 아데노신,향료, 다이소듐이디티에이, 바이오사카라이드검-1, 펜틸렌글라이콜, 녹차뿌리추출물, 덱스트린, 카카오추출물, 소듐메틸스테아로일타우레이트, 코질메틸렌다이옥시신나메이트, 아세틸테트라펩타이드-11, 토코페롤 [에멀젼] 정제수, 프로판다이올, 하이드로제네이티드폴리아이소부텐, 글리세린, 펜타에리스리틸테트라에틸헥사노에이트, 다이메티콘, 변성알코올, 다이아이소스테아릴말레이트, 나이아신아마이드, 폴리글리세린-3, 피이지-60글리세릴아이소스테아레이트, 피씨에이다이메티콘, 1,2-헥산다이올, C14-22알코올, 스테아릭애씨드, 글리세릴스테아레이트, 시어버터, 글리세릴스테아레이트시트레이트,하이드록시에틸아크릴레이트/소듐아크릴로일다이메틸타우레이트코폴리머, 폴리실리콘-11, 팔미틱애씨드, 아라키딜알코올, C12-20알킬글루코사이드, 카보머, 글리세릴카프릴레이트, 베헤닐알코올,트로메타민, 아라키딜글루코사이드, 소듐메타포스페이트, 에틸헥실글리세린, 만니톨, 향료, 아데노신, 솔비탄아이소스테아레이트, 폴리솔베이트60, 덱스트린, 카카오추출물, 녹차뿌리추출물, 글루코오스, 코질메틸렌다이옥시신나메이트, 토코페롤, 아세틸테트라펩타이드-11 [크림] 정제수, 부틸렌글라이콜, 글리세린 , 펜타에리스리틸테트라에틸헥사노에이트, 하이드로제네이티드폴리아이소부텐, 코코넛야자오일, 나이아신아마이드, 폴리글리세릴-3메틸글루코오스다이스테아레이트, 베헤닐알코올, 카프릴릭/ 카프릭/미리스틱/스테아릭트라이글리세라이드,피이지-60글리세릴아이소스테아레이트, 다이메티콘, 글리세릴스테아레이트, 세테아릴알코올, 1, 2-헥산다이올, 폴리아크릴레이트-13, 향료, 폴리아이소부텐, 글리세릴카프릴레이트, 소듐 폴리아크릴레이트, 다이소듐이디티에이, 코질메틸렌다이옥시신나메이트, 에틸헥실글리세린, 만니톨, 폴리솔베이트20, 솔비탄아이소스테아레이트, 잇꽃꽃추출물, 덱스트린, 녹차뿌리추출물, 적색산화철, 토코페롤, 아세틸테트라펩타이드-11"
하이드로 리프트 소프너 150ml,아이오페,"정제수, 부틸렌글라이콜, 변성알코올, 나이아신아마이드, 1,2-헥산다이올, 피피지-13-데실테트라데세스-24, 하이드록시에틸아크릴레이트/소듐아크릴로일다이메틸타우레이트코폴리머, 아크릴레이트/C10-30알킬아크릴레이트크로스폴리머, 향료, 에틸헥실글리세린, 트로메타민, 아데노신, 프로필렌글라이콜, 다이소듐이디티에이, 소듐하이알루로네이트, 솔비탄아이소스테아레이트, 폴리솔베이트60, 하이드롤라이즈드콜라겐, 토코페롤"
슈퍼바이탈 2종 세트,아이오페,"[소프너] 정제수, 부틸렌글라이콜, 글리세레스-26, 글리세린, 변성알코올,나이아신아마이드, 1,2-헥산다이올, 다이메티콘, 암모늄아크릴로일다이메틸타우레이트/브이피코폴리머, 피이지-60하이드로제네이티드캐스터오일, 에탄올, 글리세릴카프릴레이트, 프로판다이올,하이드로제네이티드레시틴, 에틸헥실글리세린, 만니톨, 아데노신,향료, 다이소듐이디티에이, 바이오사카라이드검-1, 펜틸렌글라이콜, 녹차뿌리추출물, 덱스트린, 카카오추출물, 소듐메틸스테아로일타우레이트, 코질메틸렌다이옥시신나메이트, 아세틸테트라펩타이드-11, 토코페롤 [에멀젼] 정제수, 프로판다이올, 하이드로제네이티드폴리아이소부텐, 글리세린, 펜타에리스리틸테트라에틸헥사노에이트, 다이메티콘, 변성알코올, 다이아이소스테아릴말레이트, 나이아신아마이드, 폴리글리세린-3, 피이지-60글리세릴아이소스테아레이트, 피씨에이다이메티콘, 1,2-헥산다이올, C14-22알코올, 스테아릭애씨드, 글리세릴스테아레이트, 시어버터, 글리세릴스테아레이트시트레이트,하이드록시에틸아크릴레이트/소듐아크릴로일다이메틸타우레이트코폴리머, 폴리실리콘-11, 팔미틱애씨드, 아라키딜알코올, C12-20알킬글루코사이드, 카보머, 글리세릴카프릴레이트, 베헤닐알코올,트로메타민, 아라키딜글루코사이드, 소듐메타포스페이트, 에틸헥실글리세린, 만니톨, 향료, 아데노신, 솔비탄아이소스테아레이트, 폴리솔베이트60, 덱스트린, 카카오추출물, 녹차뿌리추출물, 글루코오스, 코질메틸렌다이옥시신나메이트, 토코페롤, 아세틸테트라펩타이드-11"
레티놀 레티젝션 세럼 30ml,아이오페,"정제수, 부틸렌글라이콜, 글리세린, 카프릴릭/카프릭트라이글리세라이드, 칼슘알루미늄보로실리케이트, 다이메티콘, 나이아신아마이드, 시어버터, 판테놀, C14-22알코올, 세테아릴알코올, 토코페롤, 토코페릴아세테이트, 폴리글리세릴-3다이스테아레이트, 글리세릴스테아레이트, 해바라기씨오일, 팔미틱애씨드, 스테아릭애씨드, 돌콩오일, C12-20알킬글루코사이드, 다이메틸아이소소바이드, 카보머, 소듐설파이트, 당근추출물, 알란토인, 글리세릴카프릴레이트, 트로메타민, 펜틸렌글라이콜, 소듐메타포스페이트, 코질메틸렌다이옥시신나메이트, 에틸헥실글리세린, 아데노신, 레티놀, 글리세릴스테아레이트시트레이트, 하이드록시피나콜론레티노에이트, 베타-카로틴, 아라비아고무나무검, 비에이치티, 프로필렌글라이콜알지네이트 (순수레티놀 함량 880IU)"
스킨 부스터 앰플 필 패드 8매입,아이오페,"(1제) 정제수, 부틸렌글라이콜, 글루코노락톤, 트로메타민, 락틱애씨드, 아이소펜틸다이올, 프로판다이올, 1,2-헥산다이올, 다이프로필렌글라이콜, 폴리글리세릴-10라우레이트, 글리세린, 에틸헥실글리세 (2제) 정제수, 부틸렌글라이콜, 글리세린, 나이아신아마이드, 1,2-헥산다이올, 마이크로크리스탈린셀룰로오스, 폴리글리세릴-10미리스테이트, 셀룰로오스검, 효모발효여과물, 아크릴레이트/C10-30알킬아크릴레이트크로스폴리머, 에틸헥실글리세린, 트레할로오스, 알란토인, 소듐파이루베이트, 아데노신, 알지닌, 트라이에틸헥사노인, 다이페닐다이메티콘, 덱스트린, 프로판다이올, 맥주효모추출물, 소듐하이알루로네이트, 프로필렌글라이콜, 토코페롤, 다이소듐이디티에이"
하이드로 리프트 세럼,아이오페,"정제수, 글리세린, 부틸렌글라이콜, 하이드로제네이티드폴리(C6-14올레핀), 펜타에리스리틸테트라에틸헥사노에이트, 나이아신아마이드, 다이메티콘, 폴리글리세릴-3메틸글루코오스다이스테아레이트, 시어버터, 1,2-헥산다이올, 글리세릴스테아레이트, 세테아릴알코올, 글리세릴스테아레이트시트레이트, 하이드로제네이티드식물성오일, 스테아릭애씨드, 다이메티콘/비닐다이메티콘크로스폴리머, 소듐폴리아크릴레이트, 팔미틱애씨드, 하이드로제네이티드폴리데센, 카보머, 잔탄검, 향료, 프로필렌글라이콜, 에틸헥실글리세린, 다이소듐이디티에이, 트로메타민, 아데노신, 소듐하이알루로네이트, 피피지-5-라우레스-5, 덱스트린, 카카오추출물, 하이드롤라이즈드콜라겐, 토코페롤"
슈퍼바이탈 넥앤데콜테 크림 40ml,아이오페,"정제수, 프로판다이올, 카프릴릭/카프릭트라이글리세라이드, 다이메티콘, 세틸알코올, 다이카프릴릴카보네이트, 글리세린, 나이아신아마이드, 글리세릴스테아레이트, 1,2-헥산다이올, 부틸렌글라이콜, 팔미틱애씨드, 스테아릭애씨드, 다이메티콘올, 향료, 카보머, 시어버터, 스테아레스-21, 트로메타민, 암모늄아크릴로일다이메틸타우레이트/브이피코폴리머, 카프릴릴글라이콜, 포타슘세틸포스페이트, 에틸헥실글리세린, 코질메틸렌다이옥시신나메이트, 만니톨, 아데노신, 소듐메타포스페이트, 덱스트린, 잇꽃꽃추출물, 하이드롤라이즈드식물성단백질, 녹차뿌리추출물, 적색산화철, 토코페롤, 아세틸테트라펩타이드-11"
레티놀 0.1% 기획세트 + 월리 우프 무드등,아이오페,"정제수, 카프릴릭/카프릭트라이글리세라이드, 부틸렌글라이콜, 글리세린, 토코페롤, 토코페릴아세테이트, 세테아릴알코올, 돌콩오일, 판테놀, 시어버터, 암모늄아크릴로일다이메틸타우레이트/브이피코폴리머, 다이메티콘, 글리세릴폴리메타크릴레이트, 폴리글리세릴-10스테아레이트, 하이드로제네이티드레시틴, 해바라기씨오일, 하이드록시에틸아크릴레이트/소듐아크릴로일다이메틸타우레이트코폴리머, 카보머, 향료, 트로메타민, 글리세릴스테아레이트, 폴리실리콘-11, 소듐설파이트, 레티놀, 당근추출물, 알란토인, 글리세릴카프릴레이트, 쌀겨왁스, 만니톨, 펜틸렌글라이콜, 다이메틸아이소소바이드, 스테아릭애씨드, 폴리글리세릴-3메틸글루코오스다이스테아레이트, 팔미틱애씨드, 다이소듐이디티에이, 코질메틸렌다이옥시신나메이트, 에틸헥실글리세린, 솔비탄아이소스테아레이트, 비에이치티, 하이드록시피나콜론레티노에이트, 베타-카로틴, 미리스틱애씨드, 프로판다이올, 에스에이치-펜타펩타이드-12에스피, 1,2-헥산다이올, 라우릭애씨드, 에스에이치-폴리펩타이드-121, 아라비아고무나무검, 소듐하이알루로네이트, 아세틸테트라펩타이드-11, 하이드롤라이즈드하이알루로닉애씨드, 소듐하이알루로네이트크로스폴리머, 프로필렌글라이콜알지네이트, 아스코빅애씨드, 메도우폼씨오일, 하이알루로닉애씨드, 3-O-에틸아스코빅애씨드, 글루타티온, 소듐아세틸레이티드하이알루로네이트 * 레티놀 함량 4,162 IU/g(0.12%)"
레티놀 레티젝션 세럼 50ml 기획세트 + 월리 우프 무드등,아이오페,"정제수, 부틸렌글라이콜, 글리세린, 카프릴릭/카프릭트라이글리세라이드, 칼슘알루미늄보로실리케이트, 다이메티콘, 나이아신아마이드, 시어버터, 판테놀, C14-22알코올, 세테아릴알코올, 토코페롤, 토코페릴아세테이트, 폴리글리세릴-3다이스테아레이트, 글리세릴스테아레이트, 해바라기씨오일, 팔미틱애씨드, 스테아릭애씨드, 돌콩오일, C12-20알킬글루코사이드, 다이메틸아이소소바이드, 카보머, 소듐설파이트, 당근추출물, 알란토인, 글리세릴카프릴레이트, 트로메타민, 펜틸렌글라이콜, 소듐메타포스페이트, 코질메틸렌다이옥시신나메이트, 에틸헥실글리세린, 아데노신, 레티놀, 글리세릴스테아레이트시트레이트, 하이드록시피나콜론레티노에이트, 베타-카로틴, 아라비아고무나무검, 비에이치티, 프로필렌글라이콜알지네이트 (순수레티놀 함량 880IU)"
브라이트닝 기미 에센스 기획세트 45ml,아이오페,"정제수, 글리세린, 부틸렌글라이콜, 변성알코올, 1,2-헥산다이올, 베타인, 카프릴릭/카프릭트라이글리세라이드, 다이메티콘, 암모늄아크릴로일다이메틸타우레이트/브이피코폴리머, 하이드로제네이티드레시틴, 사카라이드아이소머레이트, 프로판다이올, 하이드록시에틸아크릴레이트/소듐아크릴로일다이메틸타우레이트코폴리머, 에탄올, 토코페롤, 티몰트라이메톡시신나메이트, 잔탄검, 콜레스테롤, 글리세릴카프릴레이트, 폴리메틸메타크릴레이트, 향료, 글라이코리피드, 에틸헥실글리세린, 아데노신, 솔비탄아이소스테아레이트, 베타-글루칸, 스페인감초뿌리추출물, 소듐메틸스테아로일타우레이트, 소듐시트레이트, 시트릭애씨드"
맨 올데이 퍼펙트 올인원 기획세트 120ml,아이오페,"정제수, 글리세린, 베타인, 변성알코올, 다이프로필렌글라이콜, 사이클로펜타실록세인, 나이아신아마이드, 1,2-헥산다이올, 실리카, 사이클로헥사실록세인, 세테아릴알코올, 다이메티콘올, 아크릴레이트/C10-30알킬아크릴레이트크로스폴리머, 글리세릴스테아레이트, 트로메타민, 향료, 하이드로제네이티드레시틴, 토코페롤, 글리세릴카프릴레이트, 프로판다이올, 스테아릭애씨드, 폴리글리세릴-3메틸글루코오스다이스테아레이트, 팔미틱애씨드, 에틸헥실글리세린, 멘톡시프로판다이올, 아데노신, 펜틸렌글라이콜, 덱스트린, 다이소듐이디티에이, 페퍼민트추출물, 바이오사카라이드검-1, 맥주효모추출물, 미리스틱애씨드, 라우릭애씨드"
XMD 스템3 클리니컬 리커버리 세럼 기획세트 50ml,아이오페,"정제수, 부틸렌글라이콜, 글리세린, 다이프로필렌글라이콜, 나이아신아마이드, 베타인, 카프릴릭/카프릭트라이글리세라이드, 1,2-헥산다이올, 다이메티콘, 암모늄아크릴로일다이메틸타우레이트/브이피코폴리머, 폴리글리세릴-6카프릴레이트, 폴리글리세릴-4카프레이트, 프로판다이올, 하이드로제네이티드레시틴, 알란토인, 에탄올, 아시아티코사이드, 소듐메틸스테아로일타우레이트, 마데카식애씨드, 콜레스테롤, 만니톨, 클로렐라 프로토테코이데스추출물, 아시아틱애씨드, 에틸헥실글리세린, 아데노신, 하이드롤라이즈드디엔에이, 덱스트린, 하이알루로닉애씨드, 카카오추출물, 양파추출물, 아세틸테트라펩타이드-11, 토코페롤"
비타민C 엑스퍼트25% 토닝앰플 기획세트 23ml,아이오페,"정제수, 아스코빅애씨드, 프로필렌글라이콜, 프로판다이올, 베타인, 변성알코올, 3-O-에틸아스코빅애씨드, 아이소펜틸다이올, 판테놀, 다이메틸아이소소바이드, 부틸렌글라이콜, 피피지-13-데실테트라데세스-24, 글루코노락톤, 포타슘하이드록사이드, 펜틸렌글라이콜, 글루타티온, 아세틸글루코사민, 소듐메타포스페이트, 향료, 치자추출물, 아스코빌글루코사이드, 아스코빌테트라이소팔미테이트, 잔탄검, 페룰릭애씨드, 리모넨, 덱스트린, 서양톱풀추출물"
멀티 비타민 10% 얼티밋 토닝 겔 마스크,아이오페,"정제수, 글리세린, 다이프로필렌글라이콜, 나이아신아마이드(50,000.01 ppm), 판테놀(49,850.1 ppm), 펜타에리스리틸테트라에틸헥사노에이트, 세틸에틸헥사노에이트, 1,2-헥산다이올, 캐롭검, 시어버터, 아이리쉬모스가루, 카라기난, 에틸헥실올리베이트, 셀룰로오스검, 소듐아크릴레이트코폴리머, 포타슘클로라이드, 폴리글리세릴-4올리에이트, 알진, 수크로오스, 부틸렌글라 이콜, 호호바에스터, 혼합글리세릴스테아레이트, 모란뿌리추출물, 병풀추출물, 아데노신, 스테아릴알코올, 세틸알코올, 마트리카리아꽃추출물, 소듐스테아로일글루타메이트, 해바라기씨왁스, 글리세릴카프릴레이트, 치자추출물, 토코페롤(100.1001 ppm), 에틸헥실글리세린, 판토락톤, 말토덱스트린, 돌콩오일, 덱스트린, 사이아노코발아민(20.0001 ppm), 글루타티온, 소듐아스코빌 포스페이트(10.05 ppm), 마그네슘아스코빌포스페이트(10 ppm), 아스코빌글루코사이드(10 ppm), 아스코빅애씨드(10 ppm), 페룰릭애씨드, 콜라겐, 아스코빌테트라이소팔미테이트(10 ppm), 3-O-에틸아스코빅애씨드(10 ppm), 폴리글리세린-3, 레티놀(5 ppm), 하이드로제네이티드레시틴, 폴리글리세릴-10스테아레이트, 피리독신(0.001 ppm), 폴릭애씨드(0.001 ppm), 바이오틴 (0.001 ppm), 이노시톨, 티아민에이치씨엘(0.00001 ppm), 베타-카로틴(0.00001 ppm), 리보플라빈(0.00001 ppm), 리놀레익애씨드(0.00001 ppm), 다이소듐이디티에이, 향료, 리모넨"
레티놀 레티젝션 세럼 50ml,아이오페,"정제수, 부틸렌글라이콜, 글리세린, 카프릴릭/카프릭트라이글리세라이드, 칼슘알루미늄보로실리케이트, 다이메티콘, 나이아신아마이드, 시어버터, 판테놀, C14-22알코올, 세테아릴알코올, 토코페롤, 토코페릴아세테이트, 폴리글리세릴-3다이스테아레이트, 글리세릴스테아레이트, 해바라기씨오일, 팔미틱애씨드, 스테아릭애씨드, 돌콩오일, C12-20알킬글루코사이드, 다이메틸아이소소바이드, 카보머, 소듐설파이트, 당근추출물, 알란토인, 글리세릴카프릴레이트, 트로메타민, 펜틸렌글라이콜, 소듐메타포스페이트, 코질메틸렌다이옥시신나메이트, 에틸헥실글리세린, 아데노신, 레티놀, 글리세릴스테아레이트시트레이트, 하이드록시피나콜론레티노에이트, 베타-카로틴, 아라비아고무나무검, 비에이치티, 프로필렌글라이콜알지네이트 (순수레티놀 함량 880IU)"
레티놀 세럼 인 겔 마스크,아이오페,"정제수, 글리세린, 다이프로필렌글라이콜, 세틸에틸헥사노에이트, 나이아신아마이드, 1,2-헥산다이올, 아이리쉬모스추출물, 캐롭검, 베타인, 시어버터, 셀룰로오스검, 에틸헥실올리베이트, 잔탄검, 폴리아크릴레이트-13, 부틸렌글라이콜, 글리세릴스테아레이트, 솔비탄세스퀴올리에이트, 소듐아크릴레이트코폴리머, 카라기난, 폴리글리세릴-4올리에이트, 에틸헥실글리세린, 덱스트린, 서양배추출물, 글루코만난, 폴리글리세릴-10라우레이트, 아데노신, 하이드로제네이티드폴리아이소부텐, 트레할로오스, 다이메틸아이소소바이드, 하이드록시에틸아크릴레이트/소듐아크릴로일다이메틸타우레이트코폴리머, 다마스크장미꽃수, 돌콩오일, 포타슘클로라이드, 소듐파이테이트, 하이드로제네이티드폴리(C6-14올레핀), 오리스뿌리추출물, 소듐스테아로일글루타메이트, 멜론추출물, 에틸헥실팔미테이트, 서양송악잎/줄기추출물, 코질메틸렌다이옥시신나메이트, 솔비탄아이소스테아레이트, 황련뿌리추출물, 펜틸렌글라이콜, 콜라겐추출물, 하이드록시피나콜론레티노에이트, 레티놀, 시트릭애씨드, 엑토인, 소듐하이알루로네이트, 카보머, 소듐디엔에이, 비에이치티, 토코페롤, 아라비아고무나무검, 프로필렌글라이콜알지네이트(순수 레티놀 23ppm)"
스킨 부스터 앰플 필 패드 기획세트,아이오페,"(STEP 1) 정제수, 부틸렌글라이콜, 글루코노락톤, 트로메타민, 락틱애씨드, 아이소펜틸다이올, 프로판다이올, 1,2-헥산 다이올, 다이프로필렌글라이콜, 폴리글리세릴-10라우레이트, 글리세린, 에틸헥실글리세린, 비닐다이메티콘, 다이소듐 이디티에이, 하이드로제네이티드레시틴, 살리실릭애씨드, 카프릴로일살리실릭애씨드, 토코페롤 / (STEP 2) 정제수, 부틸렌글라이콜, 글리세린, 나이아신아마이드, 1,2-헥산다이올, 마이크로크리스탈린셀룰로오스, 폴리 글리세릴-10미리스테이트, 셀룰로오스검, 효모발효여과물, 아크릴레이트/C10-30알킬아크릴레이트크로스폴리머, 에 틸헥실글리세린, 트레할로오스, 알란토인, 소듐파이루베이트, 아데노신, 알지닌, 트라이에틸헥사노인, 다이페닐다이메 티콘, 덱스트린, 프로판다이올, 맥주효모추출물, 소듐하이알루로네이트, 프로필렌글라이콜, 토코페롤, 다이소듐이디티에이"
비타민C 엑스퍼트 40% 마스크 컨센트레이트 15g,아이오페,"아스코빅애씨드, 페닐트라이메티콘, 실리카다이메틸실릴레이트, 하이드로제네이티드폴리아이소부텐, 카프릴릭/카프릭트라이글리세라이드, 비닐다이메티콘/메티콘실세스퀴옥세인크로스폴리머, 카프릴릴메티콘, C12-15알킬벤조에이트, 세틸에틸헥사노에이트, 하이드로제네이티드캐스터오일다이머다이리놀레에이트, 트라이에틸헥사노인, 폴리글리세릴-4다이아이소스테아레이트/폴리하이드록시스테아레이트/세바케이트, 다이아이소스테아로일폴리글리세릴-3다이머다이리놀리에이트, 폴리메틸메타크릴레이트, 티몰트라이메톡시신나메이트, 코질메틸렌다이옥시신나메이트, 니코틴아마이드모노뉴클레오타이드, 메틸메타크릴레이트/아크릴로나이트릴코폴리머, 레스베라트롤, 콩폴리펩타이드"
바이오 컨디셔닝 에센스 하이드로 인핸싱 마스크 10매,아이오페,"효모발효여과물, 프로판다이올, 정제수, 1,2-헥산다이올, 베타인, 나이아신아마이드, 부틸렌글라이콜, 글리세린, 폴리글리세린-3, 아크릴레이트/C10-30알킬아크릴레이트크로스폴리머, 트로메타민, 에틸헥실글리세린, 아데노신, 덱스트린, 다이소듐이디티에이, 맥주효모추출물, 소듐파이루베이트, 소듐하이알루로네이트, 하이드롤라이즈드하이알루로닉애씨드, 소듐하이알루로네이트크로스폴리머, 하이알루로닉애씨드, 소듐아세틸레이티드하이알루로네이트"
레티놀 슈퍼 바운스 세럼 50ml,아이오페,"정제수, 부틸렌글라이콜, 스쿠알란, 메틸트라이메티콘, 글리세린, 비스-하이드록시에톡시프로필다이메티콘, 1,2-헥산다이올, 락토바실러스발효용해물, C14-22알코올, 시어버터, 팔미틱애씨드, 해바라기씨오일, 스테아릭애씨드, 글리세릴스테아레이트, 피이지-100스테아레이트, 하이드록시에틸아크릴레이트/소듐아크릴로일다이메틸타우레이트코폴리머, 다이메틸아이소소바이드, C12-20알킬글루코사이드, 돌콩오일, 카보머, 만니톨, 당근추출물, 글리세릴카프릴레이트, 트로메타민, 다이소듐이디티에이, 코질메틸렌다이옥시신나메이트, 에틸헥실글리세린, 펜틸렌글라이콜, 잔탄검, 마데카소사이드, 하이드록시피나콜론레티노에이트, 솔비탄아이소스테아레이트, 레티놀, 트레할로오스, 베타-카로틴, 토코페롤, 비에이치티, 아라비아고무나무검, 아세틸테트라펩타이드-11, 하이드로제네이티드포스파티딜콜린, 편백잎추출물, 데카펩타이드-4, 소듐올리에이트, 프로필렌글라이콜알지네이트, 벼에스에이치-올리고펩타이드-1 * 레티놀 함량 509 IU/g (0.015%)"
바이오 컨디셔닝 에센스 기획세트 84ml,아이오페,"효모발효여과물, 부틸렌글라이콜, 프로판다이올, 글리세린, 나이아신아마이드, 1,2-헥산다이올, 다이에톡시에틸석시네이트, 소듐파이루베이트, 에틸헥실글리세린, 아데노신, 덱스트린, 다이소듐이디티에이, 맥주효모추출물"
에이피 프라임 리저브 리트리니티 메쉬 파운데이션 스펀지 2개입,에이피뷰티,
마이크로파인 인텐시브 크림 투 폼 클렌저 150g,에이피뷰티,"정제수, 글리세린, 포타슘코코일글리시네이트, 소듐라우로일글루타메이트, 글리세릴스테아레이트, 글라이콜다이스테아레이트, 소듐코코일글라이시네이트, 라우릴하이드록시설테인, 시트릭애씨드, 락토바실러스발효용해물, 코코-글루코사이드, 하이드록시프로필스타치포스페이트, 향료, 데실글루코사이드, 소듐클로라이드, 부틸렌글라이콜, 소듐메타포스페이트, 글리세릴카프릴레이트, 하이드록시프로필구아하이드록시프로필트라이모늄클로라이드, 스핑고모나스발효추출물, 에틸헥실글리세린, 다이포타슘글리시리제이트, 알란토인, 1,2-헥산다이올, 하이알루로닉애씨드, 마데카소사이드, 알지닌, 검정콩오일, 프로판다이올, 세라마이드엔피, 소듐하이알루로네이트, 피토스핑고신, 하이드로제네이티드레시틴, 토코페롤, 하이드롤라이즈드하이알루로닉애씨드, 소듐하이알루로네이트크로스폴리머, 카놀라오일, 로즈마리잎추출물, 소듐아세틸레이티드하이알루로네이트"
프라임 리저브 리트리니티 메쉬 파운데이션 12g,에이피뷰티,
NEW 에이오 리부트 앤 리뉴 에센스 80ml,에이피뷰티,"정제수, 글리세린, 프로판다이올, 폴리글리세린-3, 1,2-헥산다이올, 다이에톡시에틸석시네이트, 흑차추출물, 판테놀, 글리세릴글루코사이드, 덱스트린, 베타인, 에틸헥실글리세린, 아데노신, 사이클로덱스트린, 하이드록시프로필사이클로덱스트린, 마데카소사이드, 프로테아제, 하이드롤라이즈드프로안토시아니딘, 바이오플라보노이드"
리쥬브네이팅 부스터 샷 엠디 세럼 30ml,에이피뷰티,"정제수, 글리세린, 부틸렌글라이콜, 나이아신아마이드, 메틸글루세스-20, 1,2-헥산다이올, 소듐하이알루로네이트, 피피지-13-데실테트라데세스-24, 프로판다이올, 에틸헥실글리세린, 베타인, 아데노신, 시트릭애씨드, 소듐메타포스페이트, 만니톨, 소듐시트레이트, 자일리톨, 향료, 프로필렌글라이콜, 에피갈로카테킨갈레이트, 녹차추출물, 글루타티온, 하이드롤라이즈드하이알루로닉애씨드, 하이드롤라이즈드디엔에이, 실리카, 소듐하이알루로네이트크로스폴리머, 글리세릴카프릴레이트, 토코페롤, 하이알루로닉애씨드, 소듐트라이메타포스페이트, 프로테아제, 잔탄검, 소듐아세틸레이티드하이알루로네이트, 다이아몬드가루, 소듐벤조에이트, 포타슘솔베이트, 락틱애씨드"
에이피 리파이닝 파우더 투 폼 클렌저 55g,에이피뷰티,"만니톨, 소듐코코일글라이시네이트, 옥수수전분, 소듐코코일이세티오네이트, 실리카, 포타슘라우레이트, 다이소듐코코일글루타메이트, 베타인, 알란토인, 카올린, 덱스트린, 리모넨, 향료, 잔탄검, 하이드록시프로필구아하이드록시프로필트라이모늄클로라이드, 소듐메타포스페이트, 사이클로덱스트린, 하이드록시프로필메틸셀룰로오스, 프로테아제, 치자추출물, 시트랄, 정제수, 리날룰, 아스코빅애씨드, 프로판다이올, 소듐하이알루로네이트, 1,2-헥산다이올, 하이드롤라이즈드하이알루로닉애씨드, 소듐하이알루로네이트크로스폴리머, 하이알루로닉애씨드, 에틸헥실글리세린, 소듐아세틸레이티드하이알루로네이트"
에이오 트리플 디펜스 에어리 선 세럼 40ml,에이피뷰티,"정제수, 다이부틸아디페이트, 프로판다이올, 드로메트리졸트리실록산, 에칠헥실트리아존, 나이아신아마이드, 디에칠아미노하이드록시벤조일헥실벤조에이트, 테레프탈릴리덴디캠퍼설포닉애씨드, 1,2-헥산다이올, 베헤닐알코올, 소듐폴리아크릴로일다이메틸타우레이트, 트로메타민, 페닐트라이메티콘, 카프릴릴메티콘, 폴리아크릴레이트크로스폴리머-6, 아라키딜알코올, 포타슘세틸포스페이트, 글리세린, 에틸헥실글리세린, 카프릴릴글라이콜, 아라키딜글루코사이드, 폴리글리세린-3, 아데노신, 향료, 소듐메타포스페이트, 엑토인, 흑차추출물, 적색산화철, 판테놀, 글리세릴글루코사이드, 토코페롤"
에이피 에이오 리부트 앤 리뉴 에센스 150ml,에이피뷰티,"정제수, 글리세린, 프로판다이올, 폴리글리세린-3, 1,2-헥산다이올, 다이에톡시에틸석시네이트, 흑차추출물, 판테놀, 글리세릴글루코사이드, 덱스트린, 베타인, 에틸헥실글리세린, 아데노신, 사이클로덱스트린, 하이드록시프로필사이클로덱스트린, 마데카소사이드, 프로테아제, 하이드롤라이즈드프로안토시아니딘, 바이오플라보노이드"
에이피 얼티밋 오일 투 밀크 클렌저 200ml,에이피뷰티,"세틸에틸헥사노에이트, 다이카프릴릴카보네이트, 폴리글리세릴-10다이올리에이트, 펜타에리스리틸테트라에틸헥사노에이트, 피이지-8글리세릴아이소스테아레이트, 리모넨, 향료, 트라이올레인, 녹차씨오일, 시트랄, 토코페롤, 리날룰, 코코넛야자오일, 식물성오일"
프라임 리저브 리트리니 메쉬 파운데이션 케이스,에이피뷰티,
퍼밍 앤 래디언스 플럼핑 에멀전 150ml,에이피뷰티,"정제수, 부틸렌글라이콜, 락토바실러스발효용해물, 글리세린, 프로판다이올, 베타인, 카프릴릭/카프릭트라이글리세라이드, 1,2-헥산다이올, 글리세릴폴리메타크릴레이트, 암모늄아크릴로일다이메틸타우레이트/브이피코폴리머, 하이드로제네이티드레시틴, 에틸헥실글리세린, 잔탄검, 콜레스테롤, 글리세릴카프릴레이트, 아데노신, 프로필렌글라이콜, 향료, 알란토인, 소듐하이알루로네이트, 베타-글루칸, 말토덱스트린, 동백나무씨오일, 사포닌, 메틸프로판다이올, 토코페롤"
퍼밍 앤 래디언스 플럼핑 로션 150ml,에이피뷰티,"정제수, 프로판다이올, 락토바실러스발효용해물, 글리세린, 1,2-헥산다이올, 베타인, 다이에톡시에틸석시네이트, 판테놀, 만니톨, 다이소듐이디티에이, 아데노신, 프로필렌글라이콜, 부틸렌글라이콜, 소듐하이알루로네이트, 합성왁스, 에틸헥실글리세린, 식물성스쿠알란, 하이드로제네이티드레시틴, 폴리글리세릴-10스테아레이트, 아세틸테트라펩타이드-11, 세라마이드엔피, 콜레스테롤, 스테아릭애씨드, 팔미틱애씨드, 소듐알엔에이, 토코페롤"
에이피 에이오 리부트 앤 리뉴 더블 컨센트레이트 40ml,에이피뷰티,"정제수, 에틸헥실스테아레이트, 다이카프릴릴카보네이트, 프로판다이올, 코코-카프릴레이트/카프레이트, 카프릴릭/카프릭트라이글리세라이드, 글리세린, 1,2-헥산다이올, 소듐클로라이드, 베타인, 나이아신아마이드, 트라이올레인, 향료, 토코페롤, 녹차씨오일, 에틸헥실글리세린, 해바라기씨오일, 폴리글리세린-3, 다이소듐이디티에이, 아데노신, 부틸렌글라이콜, 하이드록시프로필사이클로덱스트린, 덱스트린, 당근추출물, 흑차추출물, 판테놀, 글리세릴글루코사이드, 사이클로덱스트린, 카카오추출물, 하이드롤라이즈드프로안토시아니딘, 흑효모발효물, 리모넨, 카프릴릴글라이콜, 프로테아제, 베타-카로틴, 식물성오일, 아세틸테트라펩타이드-2"
에이피 듀얼 리페어 리프트 크림 30ml,에이피뷰티,"정제수, 락토바실러스발효용해물, 글리세린, 프로판다이올, 다이메티콘, 베타인, 다이프로필렌글라이콜, 아이소도데케인, 세라마이드엔피, 합성왁스, 1,2-헥산다이올, 라우릴피이지-9폴리다이메틸실록시에틸다이메티콘, 피이지-15/라우릴다이메티콘크로스폴리머, 락토바실러스발효물, 부틸렌글라이콜, 소듐클로라이드, 판테놀, 피이지-10다이메티콘, 마그네슘설페이트, 칸데릴라왁스에스터, 폴리실리콘-11, 프로필렌글라이콜, 폴리메틸실세스퀴옥세인, 하이드록시프로필스타치포스페이트, 나일론-12, 티타늄디옥사이드 (CI 77891), 피마자씨오일, 에틸헥실글리세린, 카나우바왁스, 다이소듐이디티에이, 다이메티콘올, 아데노신, 마데카소사이드, 라우로일라이신, 광곽향오일, 바이오플라보노이드, 알루미나, 단향오일, 효모폴리펩타이드, 토코페롤, 유향나무검추출물, 로즈마리잎오일, 아라비안자스민꽃추출물, 오렌지꽃오일, 마트리카리아꽃오일, 카퍼트라이펩타이드-1, 소듐알엔에이, 비터오렌지꽃추출물, 바닐라열매추출물, 스피어민트잎오일, 목서꽃추출물, 머스크씨드씨추출물"
에이피 프라임 리저브 리트리니티 세럼 30ml,에이피뷰티,"코코-카프릴레이트/카프레이트, 글리세린, 정제수, 호호바씨오일, 메틸트라이메티콘, 수크로오스스테아레이트, 페닐트라이메티콘, 수크로오스라우레이트, 카프릴릴메티콘, 향료, 피씨에이다이메티콘, 만니톨, 녹차수, 사이클로덱스트린, 다이소듐이디티에이, 부틸렌글라이콜, 아데노신, 카보머, 녹차추출물, 흑효모발효물, 프로판다이올, 에탄올, 리날룰, 1,2-헥산다이올, 제라니올, 알파-아이소메틸아이오논, 리모넨, 바이오플라보노이드, 시트로넬올, 소듐하이알루로네이트, 티타늄디옥사이드 (CI 77891), 마이카, 에틸헥실글리세린, 아세틸테트라펩타이드-11, 적색산화철, 소듐벤조에이트, 락틱애씨드, 피탄트라이올, 페릭페로시아나이드, 포타슘솔베이트, 폴록사머407, 다이아몬드가루, 잔탄검, 암모늄아크릴로일다이메틸타우레이트/브이피코폴리머, 글리세릴카프릴레이트, 카페인, 테아닌, 에피갈로카테킨갈레이트, 캠페롤, 녹차꽃추출물"
에이피 리프트 앤 펌 듀얼 아이 트리트먼트,에이피뷰티,"정제수, 다이메티콘, 글리세린, 부틸렌글라이콜, 폴리실리콘-11, 다이메티콘/비닐다이메티콘크로스폴리머, 하이드로제네이티드폴리아이소부텐, 솔비톨, 1,2-헥산다이올, 피이지-10다이메티콘, 펜타에리스리틸테트라에틸헥사노에이트, 프로판다이올, 피씨에이다이메티콘, 하이드록시에틸아크릴레이트/소듐아크릴로일다이메틸타우레이트코폴리머, 스테아릴베헤네이트, 말티톨, 폴리글리세릴-3메틸글루코오스다이스테아레이트, 카보머, 이눌린라우릴카바메이트, 글리세릴카프릴레이트, 잔탄검, 에틸헥실글리세린, 나이아신아마이드, 트로메타민, 스클레로튬검, 소듐하이알루로네이트크로스폴리머-6, 하이드록시프로필비스팔미타마이드엠이에이, 폴리메틸실세스퀴옥세인, 에이치디아이/트라이메틸올헥실락톤크로스폴리머, 포타슘세틸포스페이트, 아데노신, 솔비탄아이소스테아레이트, 폴리솔베이트60, 다이소듐이디티에이, 피마자씨오일, 카페인, 하이드롤라이즈드식물성단백질, 소듐벤조에이트, 폴리메틸메타크릴레이트, 티몰트라이메톡시신나메이트, 광곽향오일, 단향오일, 유향나무검추출물, 로즈마리잎오일, 토코페롤, 카프릴릴글라이콜, 아세틸테트라펩타이드-5, 아라비안자스민꽃추출물, 오렌지꽃오일, 마트리카리아꽃오일, 아세틸헵타펩타이드-4, 비터오렌지꽃추출물, 바닐라열매추출물, 스피어민트잎오일, 목서꽃추출물, 암브레트씨추출물, 아세틸헥사펩타이드-8, 소듐하이드록사이드, 헥사펩타이드-9, 아세틸옥타펩타이드-3"
듀얼 리페어 리프트 크림 마스크 5매 23g*5,에이피뷰티,"정제수, 락토바실러스발효용해물, 글리세린, 프로판다이올, 다이메티콘, 세틸에틸헥사노에이트, 부틸렌글라이콜, 시어버터, 1,2-헥산다이올, 스쿠알란, 메도우폼씨오일, 하이드로제네이티드레시틴, 폴리실리콘-11, 판테놀, 펜타에리스리틸테트라에틸헥사노에이트, 아크릴레이트/C10-30알킬아크릴레이트크로스폴리머, 피토스테릴/베헤닐/옥틸도데실라우로일글루타메이트, 소듐폴리아크릴레이트, 트로메타민, 하이드로제네이티드폴리데센, 락토바실러스발효물, 에틸헥실글리세린, 잔탄검, 글리세릴카프릴레이트, 세라마이드엔피, 토코페롤, 콜레스테롤, 스테아릭애씨드, 다이소듐이디티에이, 소듐스테아로일글루타메이트, 아데노신, 피마자씨오일, 팔미틱애씨드, 피피지-5-라우레스-5, 피토스테롤, 광곽향오일, 단향오일, 유향나무검추출물, 로즈마리잎오일, 아라비안자스민꽃추출물, 오렌지꽃오일, 마트리카리아꽃오일, 비터오렌지꽃추출물, 바닐라열매추출물, 스피어민트잎오일, 목서꽃추출물, 암브레트씨추출물"
에이피 에이오 리부트 앤 리뉴 크림,에이피뷰티,"정제수, 부틸렌글라이콜, 글리세린, 다이메티콘, 스쿠알란, 트라이에틸헥사노인, 하이드로제네이티드폴리아이소부텐, 1,2-헥산다이올, 비닐다이메티콘/메티콘실세스퀴옥세인크로스폴리머, 하이드록시에틸아크릴레이트/소듐아크릴로일다이메틸타우레이트코폴리머, 세테아릴올리베이트, 세테아릴알코올, 솔비탄올리베이트, 글리세릴스테아레이트, 아라키딜알코올, 팔미틱애씨드, 스테아릭애씨드, 토코페릴아세테이트, 베헤닐알코올, 프로판다이올, 나이아신아마이드, 글리세릴카프릴레이트, 향료, 아라키딜글루코사이드, 솔비탄아이소스테아레이트, 폴리솔베이트60, 에틸헥실글리세린, 다이소듐이디티에이, 폴리글리세린-3, 아데노신, 소듐스테아로일글루타메이트, 하이드록시프로필사이클로덱스트린, 덱스트린, 흑차추출물, 판테놀, 글리세릴글루코사이드, 사이클로덱스트린, 카카오추출물, 하이드롤라이즈드프로안토시아니딘, 흑효모발효물, 리모넨, 카프릴릴글라이콜, 프로테아제, 토코페롤, 아세틸테트라펩타이드-2"
에이피 프라임 리저브 리트리니티 에센스 로션 150ml,에이피뷰티,"녹차수, 부틸렌글라이콜, 글리세린, 변성알코올, 1,2-헥산다이올, 정제수, 나이아신아마이드, 글리세릴폴리메타크릴레이트, 메틸글루세스-20, 피피지-13-데실테트라데세스-24, 카페인, 비스 피이지-18메틸에터다이메틸실레인, 카보머, 트로메타민, 덱스트린, 다이소듐이디티에이, 에틸헥실글리세린, 향료, 프로판다이올, 하벌레아 로도펜시스잎추출물, 사이클로덱스트린, 아데노신, 베타인, 잔탄검, 자일리톨, 녹차추출물, 트레할로오스, 에탄올, 흑효모발효물, 락토바실러스발효용해물, 베타 글루칸, 바이오플라보노이드, 리날룰, 폴록사머235, 소듐하이알루로네이트, 녹차뿌리추출물, 에피갈로카테킨갈레이트, 에톡시다이글라이콜, 토코페솔란, 폴록사머338, 토코페롤, 소듐벤조에이트, 락틱애씨드, 포타슘솔베이트, 다이아몬드가루, 카프릴릴글라이콜"
에이피 리프트 앤 리뉴 더블 샷 프로그램 1ea,에이피뷰티,"녹차수, 부틸렌글라이콜, 정제수, 글리세린, 만니톨, 다이메티콘, 변성알코올, 폴리글리세린-3, 자일리톨, 베타인, 프로판다이올, 라피노오스, 나이아신아마이드, 1,2-헥산다이올, 하이드로제네이티드폴리(C6-14올레핀), 비스-에톡시다이글라이콜사이클로헥산1,4-다이카복실레이트, 에피갈로카테킨갈레이트, 시트릭애씨드, 세테아릴알코올, 피이지-10다이메티콘, 페닐트라이메티콘, 카프릴릴메티콘, 피이지-40스테아레이트, 향료, 소듐시트레이트, 폴리글리세릴-3메틸글루코오스다이스테아레이트, 하이드록시에틸셀룰로오스, 실리카, 아크릴레이트/C10-30알킬아크릴레이트크로스폴리머, 잔탄검, 글리세릴스테아레이트, 피이지-100스테아레이트, 하이드로제네이티드레시틴, 트로메타민, 글리세릴스테아레이트시트레이트, 티타늄디옥사이드 (CI 77891), 펜틸렌글라이콜, 바이오사카라이드검-1, 사이클로덱스트린, 에틸헥실글리세린, 아데노신, 다이소듐이디티에이, 마이카, 소듐하이알루로네이트, 베타-글루칸, 프로테아제, 녹차추출물, 흑효모발효물, 카프릴릴글라이콜, 덱스트린, 카카오추출물, 리날룰, 제라니올, 바이오플라보노이드, 알파-아이소메틸아이오논, 리모넨, 콜레스테롤, 시트로넬올, 글라이코리피드, 폴리솔베이트60, 다이소듐포스페이트, 틴옥사이드, 토코페롤, 소듐포스페이트, 아세틸테트라펩타이드-11, 소듐벤조에이트, 카페인, 테아닌, 락틱애씨드, 포타슘솔베이트, 다이아몬드가루, 하이드롤라이즈드콜라겐"
리서페이싱 앤 리페어 에센스 150ml,에이피뷰티,"정제수, 락토바실러스발효용해물, 프로판다이올, 부틸렌글라이콜, 글리세린, 글루코노락톤, 소듐시트레이트, 라피노오스, 1,2-헥산다이올, 피이지/피피지-17/6코폴리머, 에틸헥실글리세린, 시트릭애씨드, 석시닉애씨드, 소듐메타포스페이트, 빌베리열매추출물, 사탕수수추출물, 엑토인, 오렌지추출물, 레몬추출물, 설탕단풍추출물, 녹차추출물, 하이드롤라이즈드디엔에이, 프로필렌글라이콜, 소듐하이알루로네이트, 토코페롤"
에이피 프라임 리저브 리트리니티 크림 50ml,에이피뷰티,"녹차수, 부틸렌글라이콜, 다이메티콘, 글리세린, 시어버터, 카프릴릭/카프릭트라이글리세라이드, 하이드로제네이티드폴리아이소부텐, 부틸렌글라이콜다이카프릴레이트/다이카프레이트, 하이드로제네이티드캐스터오일아이소스테아레이트, 펜타에리스리틸테트라에틸헥사노에이트, 하이드로제네이티드식물성오일, 글리세릴스테아레이트, 스테아릴다이메티콘, 세테아릴알코올, 1,2-헥산다이올, 호호바에스터, 나이아신아마이드, 정제수, 폴리실리콘-11, 피이지-100스테아레이트, 카나우바왁스, 스테아릭애씨드, 피이지-40스테아레이트, 팔미틱애씨드, 합성플루오르플로고파이트, 티타늄디옥사이드 (CI 77891), 옥타데센, 아크릴레이트/C10-30알킬아크릴레이트크로스폴리머, 향료, 프로판다이올, 다이메티콘올, 트로메타민, 하이드로제네이티드쌀겨오일, 잔탄검, 글리세릴카프릴레이트, 만니톨, 마이카, 다이소듐이디티에이, 에틸헥실글리세린,사이클로덱스트린, 아데노신, 하이드로제네이티드레시틴, 펜틸렌글라이콜, 트라넥사믹애씨드, 틴옥사이드, 에탄올, 카프릴릴글라이콜, 녹차추출물, 리날룰, 덱스트린, 카카오추출물, 흑효모발효물, 제라니올, 미리스틱애씨드, 알파-아이소메틸아이오논, 소듐스테아로일글루타메이트, 아라키딕애씨드, 리모넨, 바이오플라보노이드, 콜레스테롤, 시트로넬올, 폴록사머235, 소듐하이알루로네이트, 글라이코리피드, 토코페롤, 에피갈로카테킨갈레이트, 에톡시다이글라이콜, 토코페솔란, 폴록사머338, 아세틸테트라펩타이드-11, 카페인, 테아닌, 소듐벤조에이트, 락틱애씨드, 포타슘솔베이트, 다이아몬드가루"
에이피 프라임 리저브 리트리니티 크림 50ml,에이피뷰티,"녹차수, 부틸렌글라이콜, 다이메티콘, 글리세린, 시어버터, 카프릴릭/카프릭트라이글리세라이드, 하이드로제네이티드폴리아이소부텐, 부틸렌글라이콜다이카프릴레이트/다이카프레이트, 하이드로제네이티드캐스터오일아이소스테아레이트, 펜타에리스리틸테트라에틸헥사노에이트, 하이드로제네이티드식물성오일, 글리세릴스테아레이트, 스테아릴다이메티콘, 세테아릴알코올, 1,2-헥산다이올, 호호바에스터, 나이아신아마이드, 정제수, 폴리실리콘-11, 피이지-100스테아레이트, 카나우바왁스, 스테아릭애씨드, 피이지-40스테아레이트, 팔미틱애씨드, 합성플루오르플로고파이트, 티타늄디옥사이드 (CI 77891), 옥타데센, 아크릴레이트/C10-30알킬아크릴레이트크로스폴리머, 향료, 프로판다이올, 다이메티콘올, 트로메타민, 하이드로제네이티드쌀겨오일, 잔탄검, 글리세릴카프릴레이트, 만니톨, 마이카, 다이소듐이디티에이, 에틸헥실글리세린, 사이클로덱스트린, 아데노신, 하이드로제네이티드레시틴, 펜틸렌글라이콜, 트라넥사믹애씨드, 틴옥사이드, 에탄올, 카프릴릴글라이콜, 녹차추출물, 리날룰, 덱스트린, 카카오추출물, 흑효모발효물, 제라니올, 미리스틱애씨드, 알파-아이소메틸아이오논, 소듐스테아로일글루타메이트, 아라키딕애씨드, 리모넨, 바이오플라보노이드, 콜레스테롤, 시트로넬올, 폴록사머235, 소듐하이알루로네이트, 글라이코리피드, 토코페롤, 에피갈로카테킨갈레이트, 에톡시다이글라이콜, 토코페솔란, 폴록사머338, 아세틸테트라펩타이드-11, 카페인, 테아닌, 소듐벤조에이트, 락틱애씨드, 포타슘솔베이트, 다이아몬드가루"
에이피 프라임 리저브 리트리니티 아이 앤 익스프레션 크림 20ml,에이피뷰티,"정제수, 부틸렌글라이콜, 다이메티콘, 폴리글리세릴-3메틸글루코오스다이스테아레이트, 글리세린, 스쿠알란, 베헤닐알코올, 하이드로제네이티드폴리아이소부텐, 1,2-헥산다이올, 피브이피, 하이드로제네이티드캐스터오일아이소스테아레이트, 피토스테릴/베헤닐/옥틸도데실라우로일글루타메이트, 나이아신아마이드, 글리세릴스테아레이트, 피이지-100스테아레이트, 스테아릭애씨드, 비닐다이메티콘/메티콘실세스퀴옥세인크로스폴리머, 팔미틱애씨드, 카페인, 암모늄아크릴로일다이메틸타우레이트/베헤네스-25메타크라일레이트크로스폴리머, 폴리아크릴레이트-13, 합성플루오르플로고파이트, 다이메티콘올, 티타늄디옥사이드 (CI 77891), 카프릴릴글라이콜, 하이드록시에틸셀룰로오스, 향료, 폴리아이소부텐, 에틸헥실글리세린, 다이소듐이디티에이, 사이클로덱스트린, 아데노신, 프로판다이올, 폴리솔베이트20, 솔비탄아이소스테아레이트, 녹차추출물, 덱스트린, 카카오추출물, 흑효모발효물, 틴옥사이드, 미리스틱애씨드, 아라키딕애씨드, 리날룰, 바이오플라보노이드, 제라니올, 폴록사머235, 폴리솔베이트60, 다이소듐포스페이트, 에피갈로카테킨갈레이트, 에톡시다이글라이콜, 베타-글루칸, 토코페솔란, 소듐하이알루로네이트, 폴록사머338, 토코페롤, 소듐포스페이트, 하이드롤라이즈드콜라겐, 소듐벤조에이트, 하이드롤라이즈드하이알루로닉애씨드, 아세틸헵타펩타이드-4, 락틱애씨드, 소듐하이알루로네이트크로스폴리머, 포타슘솔베이트, 다이아몬드가루, 잔탄검, 하이알루로닉애씨드, 아세틸헥사펩타이드-8, 소듐하이드록사이드, 소듐아세틸레이티드하이알루로네이트, 아세틸옥타펩타이드-3"
에이피 듀얼 리페어 리프트 리퀴드 크림 120ml,에이피뷰티,"정제수, 락토바실러스발효용해물, 프로판다이올, 폴리실리콘-11, 글리세린, 부틸렌글라이콜, 세틸에틸헥사노에이트, 시어버터, 1,2-헥산다이올, 스쿠알란, 락토바실러스발효물, 메도우폼씨오일, 하이드로제네이티드레시틴, 판테놀, 펜타에리스리틸테트라에틸헥사노에이트, 프로필렌글라이콜, 피토스테릴/베헤닐/옥틸도데실라우로일글루타메이트, 소듐폴리아크릴레이트, 카보머, 하이드로제네이티드폴리데센, 트로메타민, 에틸헥실글리세린, 폴리메틸실세스퀴옥세인, 잔탄검, 에이치디아이/트라이메틸올헥실락톤크로스폴리머, 포타슘세틸포스페이트, 글리세릴카프릴레이트, 세라마이드엔피, 토코페롤, 콜레스테롤, 스테아릭애씨드, 다이소듐이디티에이, 소듐스테아로일글루타메이트, 피마자씨오일, 아데노신, 팔미틱애씨드, 피피지-5-라우레스-5, 소듐벤조에이트, 마데카소사이드, 광곽향오일, 바이오플라보노이드, 효모폴리펩타이드, 단향오일, 유향나무검추출물, 로즈마리잎오일, 아라비안자스민꽃추출물, 오렌지꽃오일, 카퍼트라이펩타이드-1, 소듐알엔에이, 마트리카리아꽃오일, 비터오렌지꽃추출물, 바닐라열매추출물, 스피어민트잎오일, 목서꽃추출물, 머스크씨드씨추출물"
에이피 듀얼 리페어 리프트 크림 50 ml,에이피뷰티,"정제수, 락토바실러스발효용해물, 글리세린, 프로판다이올, 다이메티콘, 베타인, 다이프로필렌글라이콜, 아이소도데케인, 세라마이드엔피, 합성왁스, 1,2-헥산다이올, 라우릴피이지-9폴리다이메틸실록시에틸다이메티콘, 피이지-15/라우릴다이메티콘크로스폴리머, 락토바실러스발효물, 부틸렌글라이콜, 소듐클로라이드, 판테놀, 피이지-10다이메티콘, 마그네슘설페이트, 칸데릴라왁스에스터, 폴리실리콘-11, 프로필렌글라이콜, 폴리메틸실세스퀴옥세인, 하이드록시프로필스타치포스페이트, 나일론-12, 티타늄디옥사이드 (CI 77891), 피마자씨오일, 에틸헥실글리세린, 카나우바왁스, 다이소듐이디티에이, 다이메티콘올, 아데노신, 마데카소사이드, 라우로일라이신, 광곽향오일, 바이오플라보노이드, 알루미나, 단향오일, 효모폴리펩타이드, 토코페롤, 유향나무검추출물, 로즈마리잎오일, 아라비안자스민꽃추출물, 오렌지꽃오일, 마트리카리아꽃오일, 카퍼트라이펩타이드-1, 소듐알엔에이, 비터오렌지꽃추출물, 바닐라열매추출물, 스피어민트잎오일, 목서꽃추출물, 머스크씨드씨추출물"
퍼밍 앤 래디언스 플럼핑 듀오,에이피뷰티,"[플럼핑로션] 정제수, 부틸렌글라이콜, 락토바실러스발효용해물, 글리세린, 프로판다이올, 베타인, 카프릴릭/카프릭트라이글리세라이드, 1,2-헥산다이올, 글리세릴폴리메타크릴레이트, 암모늄아크릴로일다이메틸타우레이트/브이피코폴리머, 하이드로제네이티드레시틴, 에틸헥실글리세린, 잔탄검, 콜레스테롤, 글리세릴카프릴레이트, 아데노신, 프로필렌글라이콜, 향료, 알란토인, 소듐하이알루로네이트, 베타-글루칸, 말토덱스트린, 동백나무씨오일, 사포닌, 메틸프로판다이올, 토코페롤 [플럼핑에멀전] 정제수, 부틸렌글라이콜, 락토바실러스발효용해물, 글리세린, 프로판다이올, 베타인, 카프릴릭/카프릭트라이글리세라이드, 1,2-헥산다이올, 글리세릴폴리메타크릴레이트, 암모늄아크릴로일다이메틸타우레이트/브이피코폴리머, 하이드로제네이티드레시틴, 에틸헥실글리세린, 잔탄검, 콜레스테롤, 글리세릴카프릴레이트, 아데노신, 프로필렌글라이콜, 향료, 알란토인, 소듐하이알루로네이트, 베타-글루칸, 말토덱스트린, 동백나무씨오일, 사포닌, 메틸프로판다이올, 토코페롤"
프라임 리저브 리트리니티 메쉬 파운데이션 22N + 에이오 트리플 디펜스 에어리 선 세럼 40ml,에이피뷰티,"[파운데이션] 22N 페탈 베이지 / 녹차수, 티타늄디옥사이드 (CI 77891), 부틸렌글라이콜, 호모살레이트, 트라이에틸헥사노인, 헥실라우레이트, 트라이메틸실록시실리케이트, 부틸렌글라이콜다이카프릴레이트/다이카프레이트, 페닐트라이메티콘, 에칠헥실살리실레이트, 티타늄디옥사이드, 카프릴릴메티콘, 합성왁스, 라우릴폴리글리세릴-3폴리다이메틸실록시에틸다이메티콘, 징크옥사이드, 황색산화철, 다이스테아다이모늄헥토라이트, 다이메티콘, 알루미늄하이드록사이드, 폴리C10-30알킬아크릴레이트, 폴리글리세릴-5폴리리시놀리에이트, 정제수, 솔비탄세스퀴올리에이트, 1,2-헥산다이올, 소듐클로라이드, 비닐다이메티콘/라우릴다이메티콘크로스폴리머, 다이소듐스테아로일글루타메이트, 적색산화철, 스테아릭애씨드, 다이메티콘/폴리글리세린-3크로스폴리머, 향료, 카프릴릴글라이콜, 폴리하이드록시스테아릭애씨드, 에틸헥실글리세린, 흑색산화철, 소듐메타포스페이트, 에틸헥실팔미테이트, 레시틴, 아이소스테아릭애씨드, 아이소프로필팔미테이트, 스테아로일글루타믹애씨드, 사이클로덱스트린, 트라이에톡시카프릴릴실레인, 아데노신, 폴리글리세릴-3폴리리시놀리에이트, 프로필렌글라이콜, 보론나이트라이드, 다이소듐이디티에이, 소듐하이알루로네이트, 프로판다이올, 리날룰, 녹차추출물, 다이프로필렌글라이콜, 글리세린, 제라니올, 알파-아이소메틸아이오논, 흑효모발효물, 리모넨, 동백나무씨추출물, 시트로넬올, 소듐시트레이트, 토코페롤, 쌀겨오일, 소듐벤조에이트, 락틱애씨드, 포타슘솔베이트, 다이아몬드가루, 잔탄검 [선 세럼] 정제수, 다이부틸아디페이트, 프로판다이올, 드로메트리졸트리실록산, 에칠헥실트리아존, 나이아신아마이드, 디에칠아미노하이드록시벤조일헥실벤조에이트, 테레프탈릴리덴디캠퍼설포닉애씨드, 1,2-헥산다이올, 베헤닐알코올, 소듐폴리아크릴로일다이메틸타우레이트, 트로메타민, 페닐트라이메티콘, 카프릴릴메티콘, 폴리아크릴레이트크로스폴리머-6, 아라키딜알코올, 포타슘세틸포스페이트, 글리세린, 에틸헥실글리세린, 카프릴릴글라이콜, 아라키딜글루코사이드, 폴리글리세린-3, 아데노신, 향료, 소듐메타포스페이트, 엑토인, 흑차추출물, 적색산화철, 판테놀, 글리세릴글루코사이드, 토코페롤"
프라임 리저브 리트리니티 메쉬 파운데이션 21N + 에이오 트리플 디펜스 에어리 선 세럼 40ml,에이피뷰티,"[파운데이션] 21N 퓨어 아이보리 / 녹차수, 티타늄디옥사이드 (CI 77891), 부틸렌글라이콜, 호모살레이트, 트라이에틸헥사노인, 헥실라우레이트, 트라이메틸실록시실리케이트, 부틸렌글라이콜다이카프릴레이트/다이카프레이트, 페닐트라이메티콘, 에칠헥실살리실레이트, 티타늄디옥사이드, 카프릴릴메티콘, 합성왁스, 라우릴폴리글리세릴-3폴리다이메틸실록시에틸다이메티콘, 징크옥사이드, 다이스테아다이모늄헥토라이트, 황색산화철, 다이메티콘, 알루미늄하이드록사이드, 폴리C10-30알킬아크릴레이트, 폴리글리세릴-5폴리리시놀리에이트, 정제수, 1,2-헥산다이올, 솔비탄세스퀴올리에이트, 소듐클로라이드, 비닐다이메티콘/라우릴다이메티콘크로스폴리머, 다이소듐스테아로일글루타메이트, 스테아릭애씨드, 다이메티콘/폴리글리세린-3크로스폴리머, 향료, 적색산화철, 카프릴릴글라이콜, 폴리하이드록시스테아릭애씨드, 에틸헥실글리세린, 소듐메타포스페이트, 흑색산화철, 에틸헥실팔미테이트, 레시틴, 아이소스테아릭애씨드, 아이소프로필팔미테이트, 사이클로덱스트린, 트라이에톡시카프릴릴실레인, 아데노신, 스테아로일글루타믹애씨드, 폴리글리세릴-3폴리리시놀리에이트, 프로필렌글라이콜, 보론나이트라이드, 다이소듐이디티에이, 소듐하이알루로네이트, 프로판다이올, 리날룰, 녹차추출물, 다이프로필렌글라이콜, 글리세린, 제라니올, 알파-아이소메틸아이오논, 흑효모발효물, 리모넨, 동백나무씨추출물, 시트로넬올, 소듐시트레이트, 토코페롤, 쌀겨오일, 소듐벤조에이트, 락틱애씨드, 포타슘솔베이트, 다이아몬드가루, 잔탄검 [선 세럼] 정제수, 다이부틸아디페이트, 프로판다이올, 드로메트리졸트리실록산, 에칠헥실트리아존, 나이아신아마이드, 디에칠아미노하이드록시벤조일헥실벤조에이트, 테레프탈릴리덴디캠퍼설포닉애씨드, 1,2-헥산다이올, 베헤닐알코올, 소듐폴리아크릴로일다이메틸타우레이트, 트로메타민, 페닐트라이메티콘, 카프릴릴메티콘, 폴리아크릴레이트크로스폴리머-6, 아라키딜알코올, 포타슘세틸포스페이트, 글리세린, 에틸헥실글리세린, 카프릴릴글라이콜, 아라키딜글루코사이드, 폴리글리세린-3, 아데노신, 향료, 소듐메타포스페이트, 엑토인, 흑차추출물, 적색산화철, 판테놀, 글리세릴글루코사이드, 토코페롤"
프라임 리저브 리트리니티 메쉬 파운데이션 17C + 에이오 트리플 디펜스 에어리 선 세럼 40ml,에이피뷰티,"[파운데이션] 17C 쿨 포슬린 / 녹차수, 티타늄디옥사이드 (CI 77891), 부틸렌글라이콜, 호모살레이트, 트라이에틸헥사노인, 헥실라우레이트, 트라이메틸실록시실리케이트, 부틸렌글라이콜다이카프릴레이트/다이카프레이트, 페닐트라이메티콘, 에칠헥실살리실레이트, 티타늄디옥사이드, 카프릴릴메티콘, 합성왁스, 라우릴폴리글리세릴-3폴리다이메틸실록시에틸다이메티콘, 징크옥사이드, 다이스테아다이모늄헥토라이트, 다이메티콘, 알루미늄하이드록사이드, 폴리C10-30알킬아크릴레이트, 폴리글리세릴-5폴리리시놀리에이트, 정제수, 황색산화철, 1,2-헥산다이올, 솔비탄세스퀴올리에이트, 소듐클로라이드, 비닐다이메티콘/라우릴다이메티콘크로스폴리머, 다이소듐스테아로일글루타메이트, 스테아릭애씨드, 다이메티콘/폴리글리세린-3크로스폴리머, 향료, 카프릴릴글라이콜, 폴리하이드록시스테아릭애씨드, 적색산화철, 에틸헥실글리세린, 소듐메타포스페이트, 에틸헥실팔미테이트, 레시틴, 아 이소스테아릭애씨드, 아이소프로필팔미테이트, 사이클로덱스트린, 트라이에톡시카프릴릴실레인, 아데노신, 폴리글리세릴-3폴리리시놀리에이트, 스테아로일글루타믹애씨드, 프로필렌글라이콜, 보론나이트라이드, 다이소듐이디티에이, 소듐하이알루로네이트, 프로판다이올, 흑색산화철, 리날룰, 녹차추출물, 다이프로필렌글라이콜, 글리세린, 제라니올, 알파-아이소메틸아이오논, 흑효모발효물, 리모넨, 동백나무씨추출물, 시트로넬올, 소듐시트레이트, 토코페롤, 쌀겨오일, 소듐벤조에이트, 락틱애씨드, 포타슘솔베이트, 다이아몬드가루, 잔탄검 [선세럼] 정제수, 다이부틸아디페이트, 프로판다이올, 드로메트리졸트리실록산, 에칠헥실트리아존, 나이아신아마이드, 디에칠아미노하이드록시벤조일헥실벤조에이트, 테레프탈릴리덴디캠퍼설포닉애씨드, 1,2-헥산다이올, 베헤닐알코올, 소듐폴리아크릴로일다이메틸타우레이트, 트로메타민, 페닐트라이메티콘, 카프릴릴메티콘, 폴리아크릴레이트크로스폴리머-6, 아라키딜알코올, 포타슘세틸포스페이트, 글리세린, 에틸헥실글리세린, 카프릴릴글라이콜, 아라키딜글루코사이드, 폴리글리세린-3, 아데노신, 향료, 소듐메타포스페이트, 엑토인, 흑차추출물, 적색산화철, 판테놀, 글리세릴글루코사이드, 토코페롤"
리쥬브네이팅 부스터 샷 엠디 세럼 30ml,에이피뷰티,"정제수, 글리세린, 부틸렌글라이콜, 나이아신아마이드, 메틸글루세스-20, 1,2-헥산다이올, 소듐하이알루로네이트, 피피지-13-데실테트라데세스-24, 프로판다이올, 에틸헥실글리세린, 베타인, 아데노신, 시트릭애씨드, 소듐메타포스페이트, 만니톨, 소듐시트레이트, 자일리톨, 향료, 프로필렌글라이콜, 에피갈로카테킨갈레이트, 녹차추출물, 글루타티온, 하이드롤라이즈드하이알루로닉애씨드, 하이드롤라이즈드디엔에이, 실리카, 소듐하이알루로네이트크로스폴리머, 글리세릴카프릴레이트, 토코페롤, 하이알루로닉애씨드, 소듐트라이메타포스페이트, 프로테아제, 잔탄검, 소듐아세틸레이티드하이알루로네이트, 다이아몬드가루, 소듐벤조에이트, 포타슘솔베이트, 락틱애씨드"
리쥬브네이팅 트리트먼트 엠디 크림 50ml,에이피뷰티,"정제수, 카프릴릭/카프릭트라이글리세라이드, 시어버터, 프로판다이올, 메틸트라이메티콘, 글리세린, 세테아릴알코올, 1,2-헥산다이올, 하이드로제네이티드식물성오일, 트레할로오스, 글리세릴스테아레이트, 하이드록시에틸아크릴레이트/소듐아크릴로일다이메틸타우레이트코폴리머, 세테아릴글루코사이드, 암모늄아크릴로일다이메틸타우레이트/브이피코폴리머, 베헤닐알코올, 팔미틱애씨드, 락토바실러스발효물, 스테아릭애씨드, 락토바실러스발효용해물, 나이아신아마이드, 소듐스테아로일글루타메이트, 부틸렌글라이콜, 에틸헥실글리세린, 글리세릴카프릴레이트, 향료, 판테놀, 소듐메타포스페이트, 아데노신, 솔비탄아이소스테아레이트, 레시틴, 피토스테롤, 소듐하이알루로네이트, 녹차추출물, 글루타티온, 하이드롤라이즈드디엔에이, 소듐트라이메타포스페이트, 시트릭애씨드"
프라임 리저브 리트리니티 메쉬 파운데이션 22N+블랙 케이스,에이피뷰티,"22N 페탈 베이지 / 녹차수, 티타늄디옥사이드 (CI 77891), 부틸렌글라이콜, 호모살레이트, 트라이에틸헥사노인, 헥실라우레이트, 트라이메틸실록시실리케이트, 부틸렌글라이콜다이카프릴레이트/다이카프레이트, 페닐트라이메티콘, 에칠헥실살리실레이트, 티타늄디옥사이드, 카프릴릴메티콘, 합성왁스, 라우릴폴리글리세릴-3폴리다이메틸실록시에틸다이메티콘, 징크옥사이드, 황색산화철, 다이스테아다이모늄헥토라이트, 다이메티콘, 알루미늄하이드록사이드, 폴리C10-30알킬아크릴레이트, 폴리글리세릴-5폴리리시놀리에이트, 정제수, 솔비탄세스퀴올리에이트, 1,2-헥산다이올, 소듐클로라이드, 비닐다이메티콘/라우릴다이메티콘크로스폴리머, 다이소듐스테아로일글루타메이트, 적색산화철, 스테아릭애씨드, 다이메티콘/폴리글리세린-3크로스폴리머, 향료, 카프릴릴글라이콜, 폴리하이드록시스테아릭애씨드, 에틸헥실글리세린, 흑색산화철, 소듐메타포스페이트, 에틸헥실팔미테이트, 레시틴, 아이소스테아릭애씨드, 아이소프로필팔미테이트, 스테아로일글루타믹애씨드, 사이클로덱스트린, 트라이에톡시카프릴릴실레인, 아데노신, 폴리글리세릴-3폴리리시놀리에이트, 프로필렌글라이콜, 보론나이트라이드, 다이소듐이디티에이, 소듐하이알루로네이트, 프로판다이올, 리날룰, 녹차추출물, 다이프로필렌글라이콜, 글리세린, 제라니올, 알파-아이소메틸아이오논, 흑효모발효물, 리모넨, 동백나무씨추출물, 시트로넬올, 소듐시트레이트, 토코페롤, 쌀겨오일, 소듐벤조에이트, 락틱애씨드, 포타슘솔베이트, 다이아몬드가루, 잔탄검"
프라임 리저브 리트리니티 메쉬 파운데이션 21N+ 블랙 케이스,에이피뷰티,"녹차수, 티타늄디옥사이드 (CI 77891), 부틸렌글라이콜, 호모살레이트, 트라이에틸헥사노인, 헥실라우레이트, 트라이메틸실록시실리케이트, 부틸렌글라이콜다이카프릴레이트/다이카프레이트, 페닐트라이메티콘, 에칠헥실살리실레이트, 티타늄디옥사이드, 카프릴릴메티콘, 합성왁스, 라우릴폴리글리세릴-3폴리다이메틸실록시에틸다이메티콘, 징크옥사이드, 다이스테아다이모늄헥토라이트, 다이메티콘, 알루미늄하이드록사이드, 폴리C10-30알킬아크릴레이트, 폴리글리세릴-5폴리리시놀리에이트, 정제수, 황색산화철, 1,2-헥산다이올, 솔비탄세스퀴올리에이트, 소듐클로라이드, 비닐다이메티콘/라우릴다이메티콘크로스폴리머, 다이소듐스테아로일글루타메이트, 스테아릭애씨드, 다이메티콘/폴리글리세린-3크로스폴리머, 향료, 카프릴릴글라이콜, 폴리하이드록시스테아릭애씨드, 적색산화철, 에틸헥실글리세린, 소듐메타포스페이트, 에틸헥실팔미테이트, 레시틴, 아 이소스테아릭애씨드, 아이소프로필팔미테이트, 사이클로덱스트린, 트라이에톡시카프릴릴실레인, 아데노신, 폴리글리세릴-3폴리리시놀리에이트, 스테아로일글루타믹애씨드, 프로필렌글라이콜, 보론나이트라이드, 다이소듐이디티에이, 소듐하이알루로네이트, 프로판다이올, 흑색산화철, 리날룰, 녹차추출물, 다이프로필렌글라이콜, 글리세린, 제라니올, 알파-아이소메틸아이오논, 흑효모발효물, 리모넨, 동백나무씨추출물, 시트로넬올, 소듐시트레이트, 토코페롤, 쌀겨오일, 소듐벤조에이트, 락틱애씨드, 포타슘솔베이트, 다이아몬드가루, 잔탄검"
프라임 리저브 리트리니티 메쉬 파운데이션 17C+ 블랙 케이스 12g,에이피뷰티,"녹차수, 티타늄디옥사이드 (CI 77891), 부틸렌글라이콜, 호모살레이트, 트라이에틸헥사노인, 헥실라우레이트, 트라이메틸실록시실리케이트, 부틸렌글라이콜다이카프릴레이트/다이카프레이트, 페닐트라이메티콘, 에칠헥실살리실레이트, 티타늄디옥사이드, 카프릴릴메티콘, 합성왁스, 라우릴폴리글리세릴-3폴리다이메틸실록시에틸다이메티콘, 징크옥사이드, 다이스테아다이모늄헥토라이트, 다이메티콘, 알루미늄하이드록사이드, 폴리C10-30알킬아크릴레이트, 폴리글리세릴-5폴리리시놀리에이트, 정제수, 황색산화철, 1,2-헥산다이올, 솔비탄세스퀴올리에이트, 소듐클로라이드, 비닐다이메티콘/라우릴다이메티콘크로스폴리머, 다이소듐스테아로일글루타메이트, 스테아릭애씨드, 다이메티콘/폴리글리세린-3크로스폴리머, 향료, 카프릴릴글라이콜, 폴리하이드록시스테아릭애씨드, 적색산화철, 에틸헥실글리세린, 소듐메타포스페이트, 에틸헥실팔미테이트, 레시틴, 아 이소스테아릭애씨드, 아이소프로필팔미테이트, 사이클로덱스트린, 트라이에톡시카프릴릴실레인, 아데노신, 폴리글리세릴-3폴리리시놀리에이트, 스테아로일글루타믹애씨드, 프로필렌글라이콜, 보론나이트라이드, 다이소듐이디티에이, 소듐하이알루로네이트, 프로판다이올, 흑색산화철, 리날룰, 녹차추출물, 다이프로필렌글라이콜, 글리세린, 제라니올, 알파-아이소메틸아이오논, 흑효모발효물, 리모넨, 동백나무씨추출물, 시트로넬올, 소듐시트레이트, 토코페롤, 쌀겨오일, 소듐벤조에이트, 락틱애씨드, 포타슘솔베이트, 다이아몬드가루, 잔탄검"
에이피 리프트 앤 리뉴 더블 샷 프로그램 3ea,에이피뷰티,"""녹차수, 부틸렌글라이콜, 정제수, 글리세린, 만니톨, 다이메티콘, 변성알코올, 폴리글리세린-3, 자일리톨, 베타인, 프로판다이올, 라피노오스, 나이아신아마이드, 1,2-헥산다이올, 하이드로제네이티드폴리(C6-14올레핀), 비스-에톡시다이글라이콜사이클로헥산1,4-다이카복실레이트, 에피갈로카테킨갈레이트, 시트릭애씨드, 세테아릴알코올, 피이지-10다이메티콘, 페닐트라이메티콘, 카프릴릴메티콘, 피이지-40스테아레이트, 향료, 소듐시트레이트, 폴리글리세릴-3메틸글루코오스다이스테아레이트, 하이드록시에틸셀룰로오스, 실리카, 아크릴레이트/C10-30알킬아크릴레이트크로스폴리머, 잔탄검, 글리세릴스테아레이트, 피이지-100스테아레이트, 하이드로제네이티드레시틴, 트로메타민, 글리세릴스테아레이트시트레이트, 티타늄디옥사이드(CI 77891), 펜틸렌글라이콜, 바이오사카라이드검-1, 사이클로덱스트린, 에틸헥실글리세린, 아데노신, 다이소듐이디티에이, 마이카, 소듐하이알루로네이트, 베타-글루칸, 프로테아제, 녹차추출물, 흑효모발효물, 카프릴릴글라이콜, 덱스트린, 카카오추출물, 리날룰, 제라니올, 바이오플라보노이드, 알파-아이소메틸아이오논, 리모넨, 콜레스테롤, 시트로넬올, 글라이코리피드, 폴리솔베이트60, 다이소듐포스페이트, 틴옥사이드, 토코페롤, 소듐포스페이트, 아세틸테트라펩타이드-11, 소듐벤조에이트, 카페인, 테아닌, 락틱애씨드, 포타슘솔베이트, 다이아몬드가루, 하이드롤라이즈드콜라겐"""
에이피 프라임 리저브 리트리니티 아이 앤 익스프레션 크림 20ml,에이피뷰티,"정제수, 부틸렌글라이콜, 다이메티콘, 폴리글리세릴-3메틸글루코오스다이스테아레이트, 글리세린, 스쿠알란, 베헤닐알코올, 하이드로제네이티드폴리아이소부텐, 1,2-헥산다이올, 피브이피, 하이드로제네이티드캐스터오일아이소스테아레이트, 피토스테릴/베헤닐/옥틸도데실라우로일글루타메이트, 나이아신아마이드, 글리세릴스테아레이트, 피이지-100스테아레이트, 스테아릭애씨드, 비닐다이메티콘/메티콘실세스퀴옥세인크로스폴리머, 팔미틱애씨드, 카페인, 암모늄아크릴로일다이메틸타우레이트/베헤네스-25메타크라일레이트크로스폴리머, 폴리아크릴레이트-13, 합성플루오르플로고파이트, 다이메티콘올, 티타늄디옥사이드 (CI 77891), 카프릴릴글라이콜, 하이드록시에틸셀룰로오스, 향료, 폴리아이소부텐, 에틸헥실글리세린, 다이소듐이디티에이, 사이클로덱스트린, 아데노신, 프로판다이올, 폴리솔베이트20, 솔비탄아이소스테아레이트, 녹차추출물, 덱스트린, 카카오추출물, 흑효모발효물, 틴옥사이드, 미리스틱애씨드, 아라키딕애씨드, 리날룰, 바이오플라보노이드, 제라니올, 폴록사머235, 폴리솔베이트60, 다이소듐포스페이트, 에피갈로카테킨갈레이트, 에톡시다이글라이콜, 베타-글루칸, 토코페솔란, 소듐하이알루로네이트, 폴록사머338, 토코페롤, 소듐포스페이트, 하이드롤라이즈드콜라겐, 소듐벤조에이트, 하이드롤라이즈드하이알루로닉애씨드, 아세틸헵타펩타이드-4, 락틱애씨드, 소듐하이알루로네이트크로스폴리머, 포타슘솔베이트, 다이아몬드가루, 잔탄검, 하이알루로닉애씨드, 아세틸헥사펩타이드-8, 소듐하이드록사이드, 소듐아세틸레이티드하이알루로네이트, 아세틸옥타펩타이드-3"
NEW  세라마이드 아토 로션 564ml,일리윤,"정제수, 글리세린, 프로판다이올, 다이메티콘, 하이드로제네이티드쌀겨오일, 하이드로제네이티드폴리(C6-14올레핀), 세틸에틸헥사노에이트, 다이아이소스테아릴말레이트, 1,2-헥산다이올, 하이드록시에틸아크릴레이트/소듐아크릴로일다이메틸타우레이트코폴리머, C14-22알코올, 아라키딜알코올, 팔미틱애씨드, 글리세릴스테아레이트, 스테아릭애씨드, 베헤닐알코올, C12-20알킬글루코사이드, 글리세릴카프릴레이트, 아라키딜글루코사이드, 솔비탄아이소스테아레이트, 에틸헥실글리세린, 부틸렌글라이콜, 소듐메타포스페이트, 인삼수, 황금추출물, 세틸-피지하이드록시에틸팔미타마이드(세라마이드 CPP-40 65.5ppm), 만니톨, 매실추출물, 하이드로제네이티드레시틴, 검정콩오일, 스쿠알란, 마데카소사이드, 폴리글리세릴-10펜타스테아레이트, 아크릴레이트/암모늄메타크릴레이트코폴리머, 세라마이드엔피(4.04ppm), 토코페롤, 콜레스테롤, 피토스핑고신, 실리카, 펜틸렌글라이콜, 다이포타슘글리시리제이트, 아라키딕애씨드, 올레익애씨드, 카놀라오일, 로즈마리잎추출물"
울트라 리페어 로션 528ml,일리윤,"정제수, 글리세린, 부틸렌글라이콜, 펜타에리스리틸테트라에틸헥사노에이트, 하이드로제네이티드폴리(C6-14올레핀), 판테놀, 시어버터, C14-22알코올, 다이메티콘, 세테아릴알코올, 비스-다이글리세릴폴리아실아디페이트-2, 글리세릴스테아레이트, 향료, C12-20알킬글루코사이드, 1,2-헥산다이올, 스테아릭애씨드, 팔미틱애씨드, 카보머, 폴리아크릴레이트-13, 토코페릴아세테이트, 잔탄검, 글리세릴카프릴레이트, 인삼수, 폴리아이소부텐, 다이소듐이디티에이, 에틸헥실글리세린, 포타슘하이드록사이드, 호호바씨오일, 폴리솔베이트20, 솔비탄아이소스테아레이트, 시호뿌리추출물, 왜당귀뿌리추출물, 소엽맥문동뿌리추출물, 글루코오스, 마데카소사이드, 미리스틱애씨드, 아라키딕애씨드, 7-데하이드로콜레스테롤, 토코페롤"
히알루론 모이스춰 수분크림 100ml,일리윤,"정제수, 부틸렌글라이콜, 다이카프릴릴카보네이트, 글리세린, 하이드로제네이티드폴리(C6-14올레핀), 메틸트라이메티콘, 1,2-헥산다이올, 세테아릴알코올, 피씨에이다이메티콘, 스테아릭애씨드, 글리세릴스테아레이트, 팔미틱애씨드, 아크릴레이트/C10-30알킬아크릴레이트크로스폴리머, 트로메타민, 향료, 하이드록시에틸아크릴레이트/소듐아크릴로일다이메틸타우레이트코폴리머, 소듐하이알루로네이트, 글리세릴카프릴레이트, 하이드로제네이티드레시틴, 인삼수, 하이드록시프로필스타치포스페이트, 다이소듐이디티에이, 에틸헥실글리세린, 폴리글리세릴-3메틸글루코오스다이스테아레이트, 녹차씨오일, 솔비탄아이소스테아레이트, 폴리솔베이트60, 리모넨, 시호뿌리추출물, 왜당귀뿌리추출물, 소엽맥문동뿌리추출물, 미리스틱애씨드, 아라키딕애씨드, 리날룰, 토코페롤, 돌콩오일"
세라마이드 아토 집중 크림 230ml,일리윤,"정제수, 부틸렌글라이콜, 글리세린, 에틸헥실스테아레이트, 다이메티콘, 다이카프릴릴카보네이트, 베헤닐알코올, 스테아릭애씨드, 팔미틱애씨드, 세틸에틸헥사노에이트, 하이드로제네이티드폴리(C6-14올레핀), 1,2-헥산다이올, 아라키딜알코올, C14-22알코올, 세틸-피지하이드록시에틸팔미타마이드(세라마이드 CPP-40 7622ppm), 폴리아크릴레이트-13, 만니톨, 아라키딜글루코사이드, C12-20알킬글루코사이드, 하이드로제네이티드폴리아이소부텐, 글리세릴카프릴레이트, 에틸헥실글리세린, 폴리글리세릴-10라우레이트, 하이드로제네이티드레시틴, 에틸헥실팔미테이트, 다이메티콘올, 인삼수, 카보머, 솔비탄아이소스테아레이트, 아크릴레이트/암모늄메타크릴레이트코폴리머, 황금추출물, 프로판다이올, 콜레스테롤, 실리카, 매실추출물, 아라키딕애씨드, 검정콩오일, 스쿠알란, 마데카소사이드, 폴리글리세릴-10펜타스테아레이트, 토코페롤, 세라마이드엔피(4ppm), 올레익애씨드, 피토스핑고신, 펜틸렌글라이콜, 다이포타슘글리시리제이트, 카놀라오일, 로즈마리잎추출물"
세라마이드 아토 6.0 탑투토워시 500ml,일리윤,"정제수, 코카미도프로필베타인, 솔비톨, 다이소듐라우레스설포석시네이트, 코카마이드메틸엠이에이, 소듐클로라이드, 다이소듐코코암포다이아세테이트, 코카마이드엠이에이, 1,2-헥산다이올, 소듐벤조에이트(0.499%), 시트릭애씨드, 다이소듐이디티에이, 부틸렌글라이콜, 인삼수, 시호뿌리추출물, 왜당귀뿌리추출물, 소엽맥문동뿌리추출물, 들깨추출물, 낫토검, 세라마이드엔피(10ppb), 에틸헥실글리세린, 스테아릭애씨드, 하이드록시프로필비스팔미타마이드엠이에이(세라마이드 PC-104 3ppb), 만니톨, 아크릴레이트/암모늄메타크릴레이트코폴리머, 실리카, 콜레스테롤"
세라마이드 아토 로션 350ml,일리윤,"정제수, 글리세린, 프로판다이올, 다이메티콘, 하이드로제네이티드쌀겨오일, 하이드로제네이티드폴리(C6-14올레핀), 세틸에틸헥사노에이트, 다이아이소스테아릴말레이트, 1,2-헥산다이올, 하이드록시에틸아크릴레이트/소듐아크릴로일다이메틸타우레이트코폴리머, C14-22알코올, 아라키딜알코올, 팔미틱애씨드, 글리세릴스테아레이트, 스테아릭애씨드, 베헤닐알코올, C12-20알킬글루코사이드, 글리세릴카프릴레이트, 아라키딜글루코사이드, 솔비탄아이소스테아레이트, 에틸헥실글리세린, 부틸렌글라이콜, 소듐메타포스페이트, 인삼수, 황금추출물, 세틸-피지하이드록시에틸팔미타마이드(세라마이드 CPP-40 65.5ppm), 만니톨, 매실추출물, 하이드로제네이티드레시틴, 검정콩오일, 스쿠알란, 마데카소사이드, 폴리글리세릴-10펜타스테아레이트, 아크릴레이트/암모늄메타크릴레이트코폴리머, 세라마이드엔피(4.04ppm), 토코페롤, 콜레스테롤, 피토스핑고신, 실리카, 펜틸렌글라이콜, 다이포타슘글리시리제이트, 아라키딕애씨드, 올레익애씨드, 카놀라오일, 로즈마리잎추출물"
세라마이드 아토 6.0 탑투토워시 500ml,일리윤,"정제수, 코카미도프로필베타인, 솔비톨, 다이소듐라우레스설포석시네이트, 코카마이드메틸엠이에이, 소듐클로라이드, 다이소듐코코암포다이아세테이트, 코카마이드엠이에이, 1,2-헥산다이올, 소듐벤조에이트(0.499%), 시트릭애씨드, 다이소듐이디티에이, 부틸렌글라이콜, 인삼수, 시호뿌리추출물, 왜당귀뿌리추출물, 소엽맥문동뿌리추출물, 들깨추출물, 낫토검, 세라마이드엔피(10ppb), 에틸헥실글리세린, 스테아릭애씨드, 하이드록시프로필비스팔미타마이드엠이에이(세라마이드 PC-104 3ppb), 만니톨, 아크릴레이트/암모늄메타크릴레이트코폴리머, 실리카, 콜레스테롤"
울트라 리페어 로션 350ml,일리윤,"정제수, 글리세린, 부틸렌글라이콜, 펜타에리스리틸테트라에틸헥사노에이트, 하이드로제네이티드폴리(C6-14올레핀), 판테놀, 시어버터, C14-22알코올, 다이메티콘, 세테아릴알코올, 비스-다이글리세릴폴리아실아디페이트-2, 글리세릴스테아레이트, 향료, C12-20알킬글루코사이드, 1,2-헥산다이올, 스테아릭애씨드, 팔미틱애씨드, 카보머, 폴리아크릴레이트-13, 토코페릴아세테이트, 잔탄검, 글리세릴카프릴레이트, 인삼수, 폴리아이소부텐, 다이소듐이디티에이, 에틸헥실글리세린, 포타슘하이드록사이드, 호호바씨오일, 폴리솔베이트20, 솔비탄아이소스테아레이트, 시호뿌리추출물, 왜당귀뿌리추출물, 소엽맥문동뿌리추출물, 글루코오스, 마데카소사이드, 미리스틱애씨드, 아라키딕애씨드, 7-데하이드로콜레스테롤, 토코페롤"
세라마이드 아토 집중 크림 500ml,일리윤,"정제수, 부틸렌글라이콜, 글리세린, 에틸헥실스테아레이트, 다이메티콘, 다이카프릴릴카보네이트, 베헤닐알코올, 스테아릭애씨드, 팔미틱애씨드, 세틸에틸헥사노에이트, 하이드로제네이티드폴리(C6-14올레핀), 1,2-헥산다이올, 아라키딜알코올, C14-22알코올, 세틸-피지하이드록시에틸팔미타마이드(세라마이드 CPP-40 7622ppm), 폴리아크릴레이트-13, 만니톨, 아라키딜글루코사이드, C12-20알킬글루코사이드, 하이드로제네이티드폴리아이소부텐, 글리세릴카프릴레이트, 에틸헥실글리세린, 폴리글리세릴-10라우레이트, 하이드로제네이티드레시틴, 에틸헥실팔미테이트, 다이메티콘올, 인삼수, 카보머, 솔비탄아이소스테아레이트, 아크릴레이트/암모늄메타크릴레이트코폴리머, 황금추출물, 프로판다이올, 콜레스테롤, 실리카, 매실추출물, 아라키딕애씨드, 검정콩오일, 스쿠알란, 마데카소사이드, 폴리글리세릴-10펜타스테아레이트, 토코페롤, 세라마이드엔피(4ppm), 올레익애씨드, 피토스핑고신, 펜틸렌글라이콜, 다이포타슘글리시리제이트, 카놀라오일, 로즈마리잎추출물"
프레쉬 모이스춰 바디워시 500ml,일리윤,"정제수, 소듐C14-16올레핀설포네이트, 아크릴레이트코폴리머, 라우릴하이드록시설테인, 솔비톨, 향료, 소듐살리실레이트, 소듐클로라이드, 말티톨, 포타슘하이드록사이드, 리모넨, 소듐벤조에이트, 리날룰, 에틸헥실글리세린, 다이소듐이디티에이, 옥수수전분, 시트로넬올, 마이크로크리스탈린셀룰로오스, 락토오스, 헥실신남알, 수크로오스, 부틸렌글라이콜, 아스코빅애씨드, 인삼수, 카프릴릭/카프릭트라이글리세라이드, 시호뿌리추출물, 왜당귀뿌리추출물, 소엽맥문동뿌리추출물, 토코페릴아세테이트, 유자껍질추출물, 토코페롤, 로즈힙꽃오일, 오렌지오일, 라벤더오일"
레드이치 케어크림 330ml,일리윤,"정제수, 글리세린, 부틸렌글라이콜, 프로판다이올, 다이메티콘, 스쿠알란, 펜타에리스리틸테트라아이소스테아레이트, 베헤닐알코올, 스테아릭애씨드, 팔미틱애씨드, 세틸에틸헥사노에이트, 1,2-헥산다이올, 아라키딜알코올, C14-22알코올, 판테놀, 하이드록시프로필비스팔미타마이드엠이에이, 아라키딜글루코사이드, 폴리아크릴레이트-13, C12-20알킬글루코사이드, 폴리아이소부텐, 글리세릴카프릴레이트, 인삼수, 올레아놀릭애씨드, 에틸헥실글리세린, 다이소듐이디티에이, 폴리솔베이트20, 솔비탄아이소스테아레이트, 들깨추출물, 시호뿌리추출물, 왜당귀뿌리추출물, 소엽맥문동뿌리추출물, 글루코오스, 미리스틱애씨드, 아라키딕애씨드, 검정콩오일, 콜레스테롤, 달맞이꽃오일, 세라마이드엔피, 피토스핑고신, 하이드로제네이티드레시틴, 토코페롤, 카놀라오일, 로즈마리잎추출물"
저자극 이지워시 선크림 SPF50+/PA++++ 150ml,일리윤,"정제수, 호모살레이트, 부틸렌글라이콜, 디에칠아미노하이드록시벤조일헥실벤조에이트, 에칠헥실살리실레이트, 글리세린, 페닐트라이메티콘, C12-15알킬벤조에이트, 실리카, 비스-에칠헥실옥시페놀메톡시페닐트리아진, 다이부틸아디페이트, 테레프탈릴리덴디캠퍼설포닉애씨드, 세테아릴알코올, 1,2-헥산다이올, 트로메타민, 포타슘세틸포스페이트, 글리세릴스테아레이트, 폴리아크릴레이트크로스폴리머-6, 아크릴레이트/C10-30알킬아크릴레이트크로스폴리머, 베헤닐알코올, 하이드로제네이티드레시틴, 글리세릴카프릴레이트, 황금추출물, 스테아릭애씨드, 인삼수, 폴리글리세릴-3메틸글루코오스다이스테아레이트, 팔미틱애씨드, 에틸헥실글리세린, 다이소듐이디티에이, 향료, 프로판다이올, T-부틸알코올, 시호뿌리추출물, 왜당귀뿌리추출물, 소엽맥문동뿌리추출물, 미리스틱애씨드, 라우릭애씨드, 병풀꽃/잎/줄기추출물, 토코페롤"
울트라 리페어 딥 모이스춰 워시 500ml,일리윤,"정제수, 글리세린, 라우릴글루코사이드, 다이프로필렌글라이콜, 코카미도프로필베타인, 소듐C14-16올레핀설포네이트, 판테놀, 다이소듐코코암포다이아세테이트, 소듐클로라이드, 소듐벤조에이트, 시트릭애씨드, 향료, 카프릴릴글라이콜, 폴리쿼터늄-10, 에틸헥실글리세린, 폴리쿼터늄-7, 부틸렌글라이콜, 인삼수, 다이소듐이디티에이, 시호뿌리추출물, 왜당귀뿌리추출물, 소엽맥문동뿌리추출물, 토코페롤, 토코페릴아세테이트, 호호바씨오일, 7-데하이드로콜레스테롤"
세라마이드 아토 6.0 탑투토워시 1000ml,일리윤,"정제수, 코카미도프로필베타인, 솔비톨, 다이소듐라우레스설포석시네이트, 코카마이드메틸엠이에이, 소듐클로라이드, 다이소듐코코암포다이아세테이트, 코카마이드엠이에이, 1,2-헥산다이올, 소듐벤조에이트(0.499%), 시트릭애씨드, 다이소듐이디티에이, 부틸렌글라이콜, 인삼수, 시호뿌리추출물, 왜당귀뿌리추출물, 소엽맥문동뿌리추출물, 들깨추출물, 낫토검, 세라마이드엔피(10ppb), 에틸헥실글리세린, 스테아릭애씨드, 하이드록시프로필비스팔미타마이드엠이에이(세라마이드 PC-104 3ppb), 만니톨, 아크릴레이트/암모늄메타크릴레이트코폴리머, 실리카, 콜레스테롤"
세라마이드 아토 속보습 스킨 250ml,일리윤,"정제수, 글리세린, 다이메티콘, 1,2-헥산다이올, 프로판다이올, 베타인, 암모늄아크릴로일다이메틸타우레이트/브이피코폴리머, 부틸렌글라이콜, 세테아릴알코올, 폴리글리세릴-3메틸글루코오스다이스테아레이트, 글리세릴카프릴레이트, 하이드로제네이티드레시틴, 글리세릴스테아레이트시트레이트, 인삼수, 에틸헥실글리세린, 카보머, 다이소듐이디티에이, 검정콩오일, 아크릴레이트/스테아릴메타크릴레이트코폴리머, 알란 토인, 트로메타민, 흰목이버섯포자낭과추출물, 하이알루로닉애씨드, 시호뿌리추출물, 왜당귀뿌리추출물, 소엽맥문동뿌리추출물, 세라마이드엔피 (45 ppm), 잔탄검, 피토스핑고신, 토코페롤, 카놀라오일, 로즈마리잎추출물"
레드이치 케어크림 75ml,일리윤,"정제수, 글리세린, 부틸렌글라이콜, 프로판다이올, 다이메티콘, 스쿠알란, 펜타에리스리틸테트라아이소스테아레이트, 베헤닐알코올, 스테아릭애씨드, 팔미틱애씨드, 세틸에틸헥사노에이트, 1,2-헥산다이올, 아라키딜알코올, C14-22알코올, 판테놀, 하이드록시프로필비스팔미타마이드엠이에이, 아라키딜글루코사이드, 폴리아크릴레이트-13, C12-20알킬글루코사이드, 폴리아이소부텐, 글리세릴카프릴레이트, 인삼수, 올레아놀릭애씨드, 에틸헥실글리세린, 다이소듐이디티에이, 폴리솔베이트20, 솔비탄아이소스테아레이트, 들깨추출물, 시호뿌리추출물, 왜당귀뿌리추출물, 소엽맥문동뿌리추출물, 글루코오스, 미리스틱애씨드, 아라키딕애씨드, 검정콩오일, 콜레스테롤, 달맞이꽃오일, 세라마이드엔피, 피토스핑고신, 하이드로제네이티드레시틴, 토코페롤, 카놀라오일, 로즈마리잎추출물"
레드이치 케어오일 200ml,일리윤,"카프릴릭/카프릭트라이글리세라이드, 해바라기씨오일, 에틸헥실스테아레이트, 옥틸도데실미리스테이트, 다이카프릴릴카보네이트, 스쿠알란, 데실코코에이트, 호호바씨오일, 불가리스쑥오일, 올리브오일, 달맞이꽃오일, 스위트아몬드오일, 토코페롤, 부틸렌글라이콜, 인삼수, 정제수, 글리세린, 시호뿌리추출물, 왜당귀뿌리추출물, 소엽맥문동뿌리추출물, 검정콩오일, 세라마이드엔피, 피토스핑고신, 들깨추출물, 하이드로제네이티드레시틴, 로즈마리잎추출물, 카놀라오일"
세라마이드 아토 여행용 키트,일리윤,"[로션] 정제수, 글리세린, 프로판다이올, 다이메티콘, 하이드로제네이티드쌀겨오일, 하이드로제네이티드폴리(C6-14올레핀), 세틸에틸헥사노에이트, 다이아이소스테아릴말레이트, 1,2-헥산다이올, 하이드록시에틸아크릴레이트/소듐아크릴로일다이메틸타우레이트코폴리머, C14-22알코올, 아라키딜알코올, 팔미틱애씨드, 글리세릴스테아레이트, 스테아릭애씨드, 베헤닐알코올, C12-20알킬글루코사이드, 글리세릴카프릴레이트, 아라키딜글루코사이드, 솔비탄아이소스테아레이트, 에틸헥실글리세린, 부틸렌글라이콜, 소듐메타포스페이트, 인삼수, 황금추출물, 세틸-피지하이드록시에틸팔미타마이드(세라마이드 CPP-40 65.5ppm), 만니톨, 매실추출물, 하이드로제네이티드레시틴, 검정콩오일, 스쿠알란, 마데카소사이드, 폴리글리세릴-10펜타스테아레이트, 아크릴레이트/암모늄메타크릴레이트코폴리머, 세라마이드엔피(4.04ppm), 토코페롤, 콜레스테롤, 피토스핑고신, 실리카, 펜틸렌글라이콜, 다이포타슘글리시리제이트, 아라키딕애씨드, 올레익애씨드, 카놀라오일, 로즈마리잎추출물 [크림] 정제수, 부틸렌글라이콜, 글리세린, 에틸헥실스테아레이트, 다이메티콘, 다이카프릴릴카보네이트, 베헤닐알코올, 스테아릭애씨드, 팔미틱애씨드, 세틸에틸헥사노에이트, 하이드로제네이티드폴리(C6-14올레핀), 1,2-헥산다이올, 아라키딜알코올, C14-22알코올, 세틸-피지하이드록시에틸팔미타마이드(세라마이드 CPP-40 7622ppm), 폴리아크릴레이트-13, 만니톨, 아라키딜글루코사이드, C12-20알킬글루코사이드, 하이드로제네이티드폴리아이소부텐, 글리세릴카프릴레이트, 에틸헥실글리세린, 폴리글리세릴-10라우레이트, 하이드로제네이티드레시틴, 에틸헥실팔미테이트, 다이메티콘올, 인삼수, 카보머, 솔비탄아이소스테아레이트, 아크릴레이트/암모늄메타크릴레이트코폴리머, 황금추출물, 프로판다이올, 콜레스테롤, 실리카, 매실추출물, 아라키딕애씨드, 검정콩오일, 스쿠알란, 마데카소사이드, 폴리글리세릴-10펜타스테아레이트, 토코페롤, 세라마이드엔피(4ppm), 올레익애씨드, 피토스핑고신, 펜틸렌글라이콜, 다이포타슘글리시리제이트, 카놀라오일, 로즈마리잎추출물 [워시] 정제수, 코카미도프로필베타인, 솔비톨, 다이소듐라우레스설포석시네이트, 코카마이드메틸엠이에이, 소듐클로라이드, 다이소듐코코암포다이아세테이트, 코카마이드엠이에이, 1,2-헥산다이올, 소듐벤조에이트(0.499%), 시트릭애씨드, 다이소듐이디티에이, 부틸렌글라이콜, 인삼수, 시호뿌리추출물, 왜당귀뿌리추출물, 소엽맥문동뿌리추출물, 들깨추출물, 낫토검, 세라마이드엔피(10ppb), 에틸헥실글리세린, 스테아릭애씨드, 하이드록시프로필비스팔미타마이드엠이에이(세라마이드 PC-104 3ppb), 만니톨, 아크릴레이트/암모늄메타크릴레이트코폴리머, 실리카, 콜레스테롤"
프로바이오틱스 스킨 배리어 약산성 여성청결제 300ml,일리윤,"정제수, 글리세린, 솔비톨, 1,2-헥산다이올, 라우릴글루코사이드, 카프릴릴글라이콜, 에틸헥실글리세린, 시트릭애씨드, 덱스트린, 부틸렌글라이콜, 인삼수, 락토바실러스발효용해물(1ppm), 시호뿌리추출물, 왜당귀뿌리추출물, 소엽맥문동뿌리추출물, 토코페롤"
프레쉬 모이스춰 립앤아이 리무버 300ml,일리윤,"정제수, 사이클로펜타실록세인, 코코넛야자오일, 헥실렌글라이콜, 소듐클로라이드, 코코-카프릴레이트/카프레이트, 라우릴메틸글루세스-10하이드록시프로필다이모늄클로라이드, 1,2-헥산다이올, 포타슘포스페이트, 카프릴릴/카프릴글루코사이드, 다이소듐이디티에이, 에틸헥실글리세린, 다이포타슘포스페이트, 부틸렌글라이콜, 유자껍질추출물, 토코페롤"
레드이치 큐어밤 60ml,일리윤,"정제수, 부틸렌글라이콜, 카프릴릭/카프릭트라이글리세라이드, 스쿠알란, 펜타에리스리틸테트라아이소스테아레이트, 폴리글리세릴-3메틸글루코오스다이스테아레이트, 다이아이소스테아릴말레이트, 시어버터, 비스-하이드록시에톡시프로필다이메티콘, 세테아릴알코올, 아라키딜알코올, 글리세릴스테아레이트, 1,2-헥산다이올, 베헤닐알코올, 암모늄아크릴로일다이메틸타우레이트/브이피코폴리머, 판테놀, 세테아릴올리베이트, 아라키딜글루코사이드, 솔비탄올리베이트, 하이드록시에틸아크릴레이트/소듐아크릴로일다이메틸타우레이트코폴리머, 소듐스테아로일글루타메이트, 글리세릴카프릴레이트, 인삼수, 다이소듐이디티에이, 에틸헥실글리세린, 솔비탄아이소스테아레이트, 글리세린, 글루코오스, 시호뿌리추출물, 왜당귀뿌리추출물, 소엽맥문동뿌리추출물, 검정콩오일, 하이드록시프로필비스팔미타마이드엠이에이, 콜레스테롤, 달맞이꽃오일, 토코페롤, 스테아릭애씨드, 팔미틱애씨드, 세라마이드엔피, 피토스핑고신, 들깨추출물, 하이드로제네이티드레시틴, 카놀라오일, 미리스틱애씨드, 아라키딕애씨드, 로즈마리잎추출물"
세라마이드 아토 버블워시 앤 샴푸 900ml,일리윤,"정제수, 글리세린, 솔비톨, 카프릴릴/카프릴글루코사이드, 다이프로필렌글라이콜, 프로판다이올, 다이소듐코코암포다이아세테이트, 코코-글루코사이드, 다이소듐코코일글루타메이트, 1,2-헥산다이올, 소듐클로라이드, 시트릭애씨드, 카프릴릴글라이콜, 다이소듐이디티에이, 에틸헥실글리세린, 잔탄검, 세라마이드엔피(10ppm), 부틸렌글라이콜, 인삼수, 시호뿌리추출물, 왜당귀뿌리추출물, 소엽맥문동뿌리추출물, 토코페롤"
레드이치 케어크림 128ml,일리윤,"정제수, 글리세린, 부틸렌글라이콜, 프로판다이올, 다이메티콘, 스쿠알란, 펜타에리스리틸테트라아이소스테아레이트, 베헤닐알코올, 스테아릭애씨드, 팔미틱애씨드, 세틸에틸헥사노에이트, 1,2-헥산다이올, 아라키딜알코올, C14-22알코올, 판테놀, 하이드록시프로필비스팔미타마이드엠이에이, 아라키딜글루코사이드, 폴리아크릴레이트-13, C12-20알킬글루코사이드, 폴리아이소부텐, 글리세릴카프릴레이트, 인삼수, 올레아놀릭애씨드, 에틸헥실글리세린, 다이소듐이디티에이, 폴리솔베이트20, 솔비탄아이소스테아레이트, 들깨추출물, 시호뿌리추출물, 왜당귀뿌리추출물, 소엽맥문동뿌리추출물, 글루코오스, 미리스틱애씨드, 아라키딕애씨드, 검정콩오일, 콜레스테롤, 달맞이꽃오일, 세라마이드엔피, 피토스핑고신, 하이드로제네이티드레시틴, 토코페롤, 카놀라오일, 로즈마리잎추출물"
프레쉬 모이스춰 로션 350ml,일리윤,"정제수, 부틸렌글라이콜, 글리세린, 변성알코올, 다이메티콘, 세틸에틸헥사노에이트, 하이드로제네이티드폴리데센, 1,2-헥산다이올, 아라키딜알코올, 베헤닐알코올, 글리세릴스테아레이트시트레이트, 향료, 나이아신아마이드, 카보머, 아라키딜글루코사이드, 트로메타민, 글리세릴카프릴레이트, 리모넨, 인삼수, 다이소듐이디티에이, 에틸헥실글리세린, 리날룰, 치자추출물, 덱스트린, 시트로넬올, 아스코빅애씨드, 헥실신남알, 시호뿌리추출물, 왜당귀뿌리추출물, 소엽맥문동뿌리추출물, 카카오추출물, 시트랄, 유자껍질추출물, 토코페롤"
울트라 리페어 인텐시브 케어 크림 200ml,일리윤,"정제수, 부틸렌글라이콜, 글리세린, 세틸에틸헥사노에이트, 다이메티콘, 폴리글리세릴-3메틸글루코오스다이스테아레이트, 세테아릴알코올, 시어버터, 글리세릴스테아레이트시트레이트, 판테놀, 1,2-헥산다이올, 글리세릴스테아레이트, 하이드록시프로필스타치포스페이트, 폴리아크릴레이트-13, 향료, 소듐스테아로일글루타메이트, 폴리아이소부텐, 하이드로제네이티드레시틴, 토코페릴아세테이트, 글리세릴카프릴레이트, 스테아릭애씨드, 인삼수, 팔미틱애씨드, 다이소듐이디티에이, 에틸헥실글리세린, 폴리솔베이트20, 솔비탄아이소스테아레이트, 호호바씨오일, 시호뿌리추출물, 왜당귀뿌리추출물, 소엽맥문동뿌리추출물, 마데카소사이드, 미리스틱애씨드, 7-데하이드로콜레스테롤, 글루코노락톤, 라우릭애씨드, 토코페롤"
젠틀 딥 립앤아이 리무버 140ml,일리윤,"정제수, 아이소도데케인, 세틸에틸헥사노에이트, 메틸트라이메티콘, 1,2-헥산다이올, 헥실렌글라이콜, 소듐클로라이드, 라우릴메틸글루세스-10하이드록시프로필다이모늄클로라이드, 포타슘포스페이트, 카프릴릴/카프릴글루코사이드, 에틸헥실글리세린, 다이포타슘포스페이트, 알지닌, C9-12알케인, 부틸렌글라이콜, 인삼수, 황금추출물, 매실추출물, 코코-카프릴레이트/카프레이트, 토코페롤"
세라마이드 아토 수딩 젤 175ml,일리윤,"정제수, 프로판다이올, 글리세린, 카프릴릭/카프릭트라이글리세라이드, 에틸헥실스테아레이트, 1,2-헥산다이올, 암모늄아크릴로일다이메틸타우레이트/브이피코폴리머, 폴리글리세릴-3메틸글루코오스다이스테아레이트, 세테아릴올리베이트, 솔비탄올리베이트, 카보머, 트로메타민, 글리세릴카프릴레이트, 에틸헥실글리세린, 부틸렌글라이콜, 인삼수, 황금추출물, 세라마이드엔피(104ppm), 베타인, 매실추출물, 검정콩오일, 하이드로제네이티드레시틴, 스쿠알란, 마데카소사이드, 폴리글리세릴-10펜타스테아레이트, 피토스핑고신, 펜틸렌글라이콜, 다이포타슘글리시리제이트, 카놀라오일, 로즈마리잎추출물, 토코페롤"
세라마이드 아토 5.0 젠틀스킨클렌져 400ml,일리윤,"정제수, 글리세린, 라우릴하이드록시설테인, 소듐코코일이세티오네이트, 소듐메틸코코일타우레이트, 카프릴릴/카프릴글루코사이드, 라우릴베타인, 하이드록시프로필스타치포스페이트, 소듐클로라이드, 글리세릴스테아레이트, 하이드레이티드실리카, 트라이하이드록시스테아린, 글라이콜다이스테아레이트, 잔탄검, 세테아릴올리베이트, 솔비탄올리베이트, 라우릭애씨드, 소듐메타포스페이트, 글루코노락톤, 에틸헥실글리세린, 폴리쿼터늄-7, 시트릭애씨드, 부틸렌글라이콜, 인삼수, 황금추출물, 프로판다이올, 매실추출물, 소듐벤조에이트(0.003%), 1,2-헥산다이올, 검정콩오일, 하이드로제네이티드레시틴, 스쿠알란, 마데카소사이드, 폴리 글리세릴-10펜타스테아레이트, 3-O-에틸아스코빅애씨드, 세라마이드엔피(4ppm), 피토스핑고신, 토코페롤, 펜틸렌글라이콜, 다이포타슘글리시리제이트, 하이드롤라이즈드식물성단백질, 카놀라오일, 로즈마리잎추출물"
무기자차 장벽 선크림 SPF50+/PA++++ 50ml,일리윤,"정제수, 징크옥사이드, 사이클로헥사실록세인, 부틸옥틸살리실레이트, 프로필헵틸카프릴레이트, 아이소도데케인, 판테놀, 폴리글리세릴-3폴리다이메틸실록시에틸다이메티콘, 카프릴릴메티콘, 나이아신아마이드, 프로판다이올, 다이실록세인, 다이스테아다이모늄헥토라이트, 마그네슘설페이트, 트라이에톡시카프릴릴실레인, 폴리메틸실세스퀴옥세인, 폴리글리세릴-2다이폴리하이드록시스테아레이트, 1,2-헥산다이올, 라우릴폴리글리세릴-3폴리다이메틸실록시에틸다이메티콘, 카프릴릴글라이콜, 글리세릴카프릴레이트, 에틸헥실글리세린, 아데노신, 부틸렌글라이콜, 인삼수, 소듐하이알루로네이트, 황금추출물, 매실추출물, 토코페롤, 세라마이드엔피"
데일리 무기자차 선스틱 SPF50+/PA++++ 20g,일리윤,"징크옥사이드, 합성왁스, C12-15알킬벤조에이트, 티타늄디옥사이드, 코코-카프릴레이트/카프레이트, 폴리메틸실세스퀴옥세인, 에이치디아이/트라이메틸올헥실락톤크로스폴리머, 세틸에틸헥사노에이트, 실리카, 펜타에리스리틸테트라에틸헥사노에이트, 아크릴레이트코폴리머, 하이드로제네이티드폴리(C6-14올레핀), 폴리하이드록시스테아릭애씨드, 에틸헥실메톡시크릴렌, 알루미늄스테아레이트, 트라이에톡시카프릴릴실레인, 알루미나, 글리세릴카프릴레이트, 부틸렌글라이콜, 정제수, 인삼수, 황금추출물, 소듐하이알루로네이트, 매실추출물, 토코페롤"
세라마이드 아토 로션 508ml,일리윤,"정제수, 글리세린, 프로판다이올, 다이메티콘, 하이드로제네이티드쌀겨오일, 하이드로제네이티드폴리(C6-14올레핀), 세틸에틸헥사노에이트, 다이아이소스테아릴말레이트, 1,2-헥산다이올, 하이드록시에틸아크릴레이트/소듐아크릴로일다이메틸타우레이트코폴리머, C14-22알코올, 아라키딜알코올, 팔미틱애씨드, 글리세릴스테아레이트, 스테아릭애씨드, 베헤닐알코올, C12-20알킬글루코사이드, 글리세릴카프릴레이트, 아라키딜글루코사이드, 솔비탄아이소스테아레이트, 에틸헥실글리세린, 부틸렌글라이콜, 소듐메타포스페이트, 인삼수, 황금추출물, 세틸-피지하이드록시에틸팔미타마이드(세라마이드 CPP-40 65.5ppm), 만니톨, 매실추출물, 하이드로제네이티드레시틴, 검정콩오일, 스쿠알란, 마데카소사이드, 폴리글리세릴-10펜타스테아레이트, 아크릴레이트/암모늄메타크릴레이트코폴리머, 세라마이드엔피(4.04ppm), 토코페롤, 콜레스테롤, 피토스핑고신, 실리카, 펜틸렌글라이콜, 다이포타슘글리시리제이트, 아라키딕애씨드, 올레익애씨드, 카놀라오일, 로즈마리잎추출물"
튼살크림 330ml,일리윤,"정제수, 펜타에리스리틸테트라에틸헥사노에이트, 부틸렌글라이콜, 프로판다이올, 폴리글리세릴-3메틸글루코 오스다이스테아레이트, 스쿠알란, 세테아릴알코올, 판테놀, 시어버터, 1,2-헥산다이올, 카보머, 트로메타민, 잔탄검, 알란 토인, 인카르나타시계꽃씨오일, 올레아놀릭애씨드, 비타민 나무열매추출물, 원추리꽃추출물"
시카 아크네 클리어 필링 스크럽 200g,일리윤,"수크로오스, 글리세린, 하이드레이티드실리카, 폴리솔베이트20, 하이드로제네이티드폴리(C6-14올레핀), 메틸글루카민, 살리실릭애씨드, 폴리솔베이트60, 향료,글루코노락톤, 소듐설파이트, 페퍼민트오일, 리날룰, 정제수, 헥실신남알, 부틸렌글라이콜, 시트로넬올, 아스코빅애씨드, 베타인, 인삼수, 황금추출물, 대추추출물, 매실추출물, 락틱애씨드, 나이아신아마이드, 피토스핑고신, 프로판다이올, 토코페롤, 마데카소사이드, 시트릭애씨드, 소듐하이알루로네이트, 글라이콜릭애씨드, 아시아티코사이드, 마데카식애씨드, 아시아틱애씨드, 1,2-헥산다이올, 하이드롤라이즈드하이알루로닉애씨드, 소듐하이알루로네이트크로스폴리머, 하이알루로닉애씨드, 에틸헥실글리세린, 소듐아세틸레이티드하이알루로네이트"
시카 아크네 클리어 바디 워시 400ml,일리윤,"정제수, 소듐C14-16올레핀설포네이트, 카프릴릴/카프릴글루코사이드, 라우릭애씨드, 라우릴하이드록시설테인, 코카마이드엠이에이, 살리실릭애씨드, 소듐하이드록사이드, 소듐클로라이드, 향료, 멘톨, 다이-C12-13알킬말레이트, 소듐설파이트, 소듐메타포스페이트, 글루코노락톤, 에틸헥실글리세린, 리날룰, 락틱애씨드, 페퍼민트오일, 헥실신남알, 시트로넬올, 리모넨, 아스코빅애씨드, 베타인, 피토스핑고신, 시트릭애씨드, 글라이콜릭애씨드, 부틸렌글라이콜, 나이아신아마이드, 인삼수, 프로판다이올, 황금추출물, 마데카소사이드, 대추추출물, 매실추출물, 소듐하이알루로네이트, 아시아티코사이드, 마데카식애씨드, 토코페롤, 클로로필린-카퍼컴플렉스, 아시아틱애씨드, 1,2-헥산다이올, 하이드롤라이즈드하이알루로닉애씨드, 소듐하이알루로네이트크로스폴리머, 하이알루로닉애씨드, 소듐아세틸레이티드하이알루로네이트"
젠틀 딥 클렌징 오일 250ml,일리윤,"솔베스-30테트라올리에이트, C12-15알킬벤조에이트, 세틸에틸헥사노에이트, 아이소프로필팔미테이트, 펜타에리스리틸테트라아이소스테아레이트, 트라이에틸헥사노인, 카프릴릭/카프릭트라이글리세라이드, 아이소도데케인, 다이아이소스테아릴말레이트, 아이소노닐아이소노나노에이트, 정제수, C9-12알케인, 락틱애씨드, 부틸렌글라이콜, 인삼수, 센티드제라늄꽃오일, 황금추출물, 시트릭애씨드, 살리실릭애씨드, 코코-카프릴레이트/카프레이트, 글라이콜릭애씨드, 매실추출물, 알지닌"
시카 트러블 클리어 바디 미스트 200ml,일리윤,"정제수, 부틸렌글라이콜, 글리세린, 나이아신아마이드, 1,2-헥산다이올, 트로메타민, 살리실릭애씨드, 폴리글리세릴-10라우레이트, 징크피씨에이, 글루코노락톤, 락틱애씨드, 대추추출물, 에틸헥실글리세린, 아데노신, 향료, 알란토인, 인삼수,페퍼민트오일, 황금추출물, 베타인, 시트릭애씨드, 글라이콜릭애씨드, 소듐하이알루로네이트, 매실추출물, 아스코빅애씨드, 징크클로라이드, 토코페롤"
젠틀 딥 페이셜 클렌저 250ml,일리윤,"정제수, 글리세린, 라우릴하이드록시설테인, 소듐코코일알라니네이트, 카프릴릴/카프릴글루코사이드, 폴리글리세릴-6카프릴레이트, 소듐클로라이드, 다이소듐코코암포다이아세테이트, 아크릴레이트/베헤네스-25메타크릴레이트코폴리머, 폴리글리세릴-10라우레이트, 수크로오스, C9-12알케인, 시트릭애씨드, 1,2-헥산다이올, 폴리글리세릴-10다이아이소스테아레이트, 에틸헥실글리세린, 코코-카프릴레이트/카프레이트, 부틸렌글라이콜, 인삼수, 황금추출물, 알지닌, 피토스테롤, 매실추출물, 프로판다이올, 소듐하이알루로네이트, 토코페롤, 하이드롤라이즈드하이알루로닉애씨드, 소듐하이알루로네이트크로스폴리머, 하이알루로닉애씨드, 소듐아세틸레이티드하이알루로네이"
프로바이오틱스 스킨 배리어 젠틀 클렌저 300ml,일리윤,"전성분 정제수, 글리세린, 코카미도프로필베타인, 라우릴글루코사이드, 코코-글루코사이드, 카프릴릴/카프릴글루코사이드, 잔탄검, 시트릭애씨드, 향료, 글리세릴카프릴레이트, 다이소듐이디티에이, 에틸헥실글리세린, 락틱애씨드, 덱스트린, 부틸렌글라이콜, 인삼수, 시호뿌리추출물, 왜당귀뿌리추출물, 소엽맥문동뿌리추출물, 락토바실러스발효용해물(1 PPM), 토코페롤"
세라마이드 아토 버블워시 앤 샴푸 400ml,일리윤,"정제수, 글리세린, 솔비톨, 카프릴릴/카프릴글루코사이드, 다이프로필렌글라이콜, 프로판다이올, 다이소듐코코암포다이아세테이트, 코코-글루코사이드, 다이소듐코코일글루타메이트, 1,2-헥산다이올, 소듐클로라이드, 시트릭애씨드, 카프릴릴글라이콜, 다이소듐이디티에이, 에틸헥실글리세린, 잔탄검, 세라마이드엔피(10ppm), 부틸렌글라이콜, 인삼수, 시호뿌리추출물, 왜당귀뿌리추출물, 소엽맥문동뿌리추출물, 토코페롤"
히알루론 모이스춰 수분크림,일리윤,"정제수, 부틸렌글라이콜, 다이카프릴릴카보네이트, 글리세린, 하이드로제네이티드폴리(C6-14올레핀), 메틸트라이메티콘, 1,2-헥산다이올, 세테아릴알코올, 피씨에이다이메티콘, 스테아릭애씨드, 글리세릴스테아레이트, 팔미틱애씨드, 아크릴레이트/C10-30알킬아크릴레이트크로스폴리머, 트로메타민, 향료, 하이드록시에틸아크릴레이트/소듐아크릴로일다이메틸타우레이트코폴리머, 소듐하이알루로네이트, 글리세릴카프릴레이트, 하이드로제네이티드레시틴, 인삼수, 하이드록시프로필스타치포스페이트, 다이소듐이디티에이, 에틸헥실글리세린, 폴리글리세릴-3메틸글루코오스다이스테아레이트, 녹차씨오일, 솔비탄아이소스테아레이트, 폴리솔베이트60, 리모넨, 시호뿌리추출물, 왜당귀뿌리추출물, 소엽맥문동뿌리추출물, 미리스틱애씨드, 아라키딕애씨드, 리날룰, 토코페롤, 돌콩오일"
세라마이드 아토 탑투토워시 본품+리필 SET,일리윤,"정제수, 코카미도프로필베타인, 솔비톨, 다이소듐라우레스설포석시네이트, 코카마이드메틸엠이에이, 소듐클로라이드, 다이소듐코코암포다이아세테이트, 코카마이드엠이에이, 1,2-헥산다이올, 소듐벤조에이트(0.499%), 시트릭애씨드, 다이소듐이디티에이, 부틸렌글라이콜, 인삼수, 시호뿌리추출물, 왜당귀뿌리추출물, 소엽맥문동뿌리추출물, 들깨추출물, 낫토검, 세라마이드엔피(10ppb), 에틸헥실글리세린, 스테아릭애씨드, 하이드록시프로필비스팔미타마이드엠이에이(세라마이드 PC-104 3ppb), 만니톨, 아크릴레이트/암모늄메타크릴레이트코폴리머, 실리카, 콜레스테롤"
세라마이드 아토 로션 2입 SET,일리윤,"정제수, 글리세린, 프로판다이올, 다이메티콘, 하이드로제네이티드쌀겨오일, 하이드로제네이티드폴리(C6-14올레핀), 세틸에틸헥사노에이트, 다이아이소스테아릴말레이트, 1,2-헥산다이올, 하이드록시에틸아크릴레이트/소듐아크릴로일다이메틸타우레이트코폴리머, C14-22알코올, 아라키딜알코올, 팔미틱애씨드, 글리세릴스테아레이트, 스테아릭애씨드, 베헤닐알코올, C12-20알킬글루코사이드, 글리세릴카프릴레이트, 아라키딜글루코사이드, 솔비탄아이소스테아레이트, 에틸헥실글리세린, 부틸렌글라이콜, 소듐메타포스페이트, 인삼수, 황금추출물, 세틸-피지하이드록시에틸팔미타마이드(세라마이드 CPP-40 65.5ppm), 만니톨, 매실추출물, 하이드로제네이티드레시틴, 검정콩오일, 스쿠알란, 마데카소사이드, 폴리글리세릴-10펜타스테아레이트, 아크릴레이트/암모늄메타크릴레이트코폴리머, 세라마이드엔피(4.04ppm), 토코페롤, 콜레스테롤, 피토스핑고신, 실리카, 펜틸렌글라이콜, 다이포타슘글리시리제이트, 아라키딕애씨드, 올레익애씨드, 카놀라오일, 로즈마리잎추출물"
인텐시브 세라마이드 비건 립 마스크 7g,일리윤,"폴리부텐, 하이드로제네이티드캐스터오일아이소스테아레이트, 비스-베헤닐/ 아이소스테아릴/피토스테릴다이머다이리놀레일다이머다이리놀리에이트, 펜타에리스리틸테트라에틸헥사노에이트, 트라이에틸헥사노인, 피마자씨오일, 해바라기씨왁스, 야자씨버터, 카나우바왁스, 세라마이드엔피, 콜레스테롤, 팔미틱애씨드, 스테아릭애씨드, 정제수, 글리세릴카프릴레이트, 부틸렌글라이콜, 인삼수, 글리세린, 황금추출물, 프로판다이올, 토코페롤, 1,2-헥산다이올, 검정콩오일, 하이드로제네이티드레시틴, 스쿠알란, 폴리글리세릴-10펜타스테아레이트, 피토스핑고신, 펜틸렌글라이콜, 다이포타슘글리시리제이트, 에틸헥실글리세린, 매실추출물, 카놀라오일, 로즈마리잎추출물"
울트라 리페어 인텐시브 케어 크림,일리윤,"정제수, 부틸렌글라이콜, 글리세린, 세틸에틸헥사노에이트, 다이메티콘, 폴리글리세릴-3메틸글루코오스다이스테아레이트, 세테아릴알코올, 시어버터, 글리세릴스테아레이트시트레이트, 판테놀, 1,2-헥산다이올, 글리세릴스테아레이트, 하이드록시프로필스타치포스페이트, 폴리아크릴레이트-13, 향료, 소듐스테아로일글루타메이트, 폴리아이소부텐, 하이드로제네이티드레시틴, 토코페릴아세테이트, 글리세릴카프릴레이트, 스테아릭애씨드, 인삼수, 팔미틱애씨드, 다이소듐이디티에이, 에틸헥실글리세린, 폴리솔베이트20, 솔비탄아이소스테아레이트, 호호바씨오일, 시호뿌리추출물, 왜당귀뿌리추출물, 소엽맥문동뿌리추출물, 마데카소사이드, 미리스틱애씨드, 7-데하이드로콜레스테롤, 글루코노락톤, 라우릭애씨드, 토코페롤"
울트라 리페어 로션,일리윤,"정제수, 글리세린, 부틸렌글라이콜, 펜타에리스리틸테트라에틸헥사노에이트, 하이드로제네이티드폴리(C6-14올레핀), 판테놀, 시어버터, C14-22알코올, 다이메티콘, 세테아릴알코올, 비스-다이글리세릴폴리아실아디페이트-2, 글리세릴스테아레이트, 향료, C12-20알킬글루코사이드, 1,2-헥산다이올, 스테아릭애씨드, 팔미틱애씨드, 카보머, 폴리아크릴레이트-13, 토코페릴아세테이트, 잔탄검, 글리세릴카프릴레이트, 인삼수, 폴리아이소부텐, 다이소듐이디티에이, 에틸헥실글리세린, 포타슘하이드록사이드, 호호바씨오일, 폴리솔베이트20, 솔비탄아이소스테아레이트, 시호뿌리추출물, 왜당귀뿌리추출물, 소엽맥문동뿌리추출물, 글루코오스, 마데카소사이드, 미리스틱애씨드, 아라키딕애씨드, 7-데하이드로콜레스테롤, 토코페롤"
울트라 리페어 딥 모이스춰 워시,일리윤,"정제수, 글리세린, 라우릴글루코사이드, 다이프로필렌글라이콜, 코카미도프로필베타인, 소듐C14-16올레핀설포네이트, 판테놀, 다이소듐코코암포다이아세테이트, 소듐클로라이드, 소듐벤조에이트, 시트릭애씨드, 향료, 카프릴릴글라이콜, 폴리쿼터늄-10, 에틸헥실글리세린, 폴리쿼터늄-7, 부틸렌글라이콜, 인삼수, 다이소듐이디티에이, 시호뿌리추출물, 왜당귀뿌리추출물, 소엽맥문동뿌리추출물, 토코페롤, 토코페릴아세테이트, 호호바씨오일, 7-데하이드로콜레스테롤"
울트라 리페어 로션,일리윤,"정제수, 글리세린, 부틸렌글라이콜, 펜타에리스리틸테트라에틸헥사노에이트, 하이드로제네이티드폴리(C6-14올레핀), 판테놀, 시어버터, C14-22알코올, 다이메티콘, 세테아릴알코올, 비스-다이글리세릴폴리아실아디페이트-2, 글리세릴스테아레이트, 향료, C12-20알킬글루코사이드, 1,2-헥산다이올, 스테아릭애씨드, 팔미틱애씨드, 카보머, 폴리아크릴레이트-13, 토코페릴아세테이트, 잔탄검, 글리세릴카프릴레이트, 인삼수, 폴리아이소부텐, 다이소듐이디티에이, 에틸헥실글리세린, 포타슘하이드록사이드, 호호바씨오일, 폴리솔베이트20, 솔비탄아이소스테아레이트, 시호뿌리추출물, 왜당귀뿌리추출물, 소엽맥문동뿌리추출물, 글루코오스, 마데카소사이드, 미리스틱애씨드, 아라키딕애씨드, 7-데하이드로콜레스테롤, 토코페롤"
데일리 무기자차 선스틱 SPF50+/PA++++,일리윤,"징크옥사이드, 합성왁스, C12-15알킬벤조에이트, 티타늄디옥사이드, 코코-카프릴레이트/카프레이트, 폴리메틸실세스퀴옥세인, 에이치디아이/트라이메틸올헥실락톤크로스폴리머, 세틸에틸헥사노에이트, 실리카, 펜타에리스리틸테트라에틸헥사노에이트, 아크릴레이트코폴리머, 하이드로제네이티드폴리(C6-14올레핀), 폴리하이드록시스테아릭애씨드, 에틸헥실메톡시크릴렌, 알루미늄스테아레이트, 트라이에톡시카프릴릴실레인, 알루미나, 글리세릴카프릴레이트, 부틸렌글라이콜, 정제수, 인삼수, 황금추출물, 소듐하이알루로네이트, 매실추출물, 토코페롤"
레드이치 케어크림,일리윤,"정제수, 글리세린, 부틸렌글라이콜, 프로판다이올, 다이메티콘, 스쿠알란, 펜타에리스리틸테트라아이소스테아레이트, 베헤닐알코올, 스테아릭애씨드, 팔미틱애씨드, 세틸에틸헥사노에이트, 1,2-헥산다이올, 아라키딜알코올, C14-22알코올, 판테놀, 하이드록시프로필비스팔미타마이드엠이에이, 아라키딜글루코사이드, 폴리아크릴레이트-13, C12-20알킬글루코사이드, 폴리아이소부텐, 글리세릴카프릴레이트, 인삼수, 올레아놀릭애씨드, 에틸헥실글리세린, 다이소듐이디티에이, 폴리솔베이트20, 솔비탄아이소스테아레이트, 들깨추출물, 시호뿌리추출물, 왜당귀뿌리추출물, 소엽맥문동뿌리추출물, 글루코오스, 미리스틱애씨드, 아라키딕애씨드, 검정콩오일, 콜레스테롤, 달맞이꽃오일, 세라마이드엔피, 피토스핑고신, 하이드로제네이티드레시틴, 토코페롤, 카놀라오일, 로즈마리잎추출물"
레드이치 고보습 워시,일리윤,"글리세린, 정제수, 코카이드프로필베타인, 카프릴릴/카프릴글루코사이드, 다이소듐라우레스설포석시네이트, 다이소듐코코암포다이아세테이트, 소듐클로라이드, 코카미도메틸MEA, 시트릭애씨드, 글라이드올리에이트, 나이아신아마이드, 소듐벤조에이트, 부틸렌글라이콜, 다추추출물, 폴리쿼터늄-7, 인삼수, 센티드제라늄꽃오일, 카프릴릴글라이콜, 홍콩추출물, 마치현추출물, 피토스핑고신"
레드이치 케어오일,일리윤,"카프릴릭/카프릭트라이글리세라이드, 해바라기씨오일, 에틸헥실스테아레이트, 옥틸도데실미리스테이트, 다이카프릴릴카보네이트, 스쿠알란, 데실코코에이트, 호호바씨오일, 불가리스쑥오일, 올리브오일, 달맞이꽃오일, 스위트아몬드오일, 토코페롤, 부틸렌글라이콜, 인삼수, 정제수, 글리세린, 시호뿌리추출물, 왜당귀뿌리추출물, 소엽맥문동뿌리추출물, 검정콩오일, 세라마이드엔피, 피토스핑고신, 들깨추출물, 하이드로제네이티드레시틴, 로즈마리잎추출물, 카놀라오일"
레드이치 케어크림,일리윤,"정제수, 글리세린, 부틸렌글라이콜, 프로판다이올, 다이메티콘, 스쿠알란, 펜타에리스리틸테트라아이소스테아레이트, 베헤닐알코올, 스테아릭애씨드, 팔미틱애씨드, 세틸에틸헥사노에이트, 1,2-헥산다이올, 아라키딜알코올, C14-22알코올, 판테놀, 하이드록시프로필비스팔미타마이드엠이에이, 아라키딜글루코사이드, 폴리아크릴레이트-13, C12-20알킬글루코사이드, 폴리아이소부텐, 글리세릴카프릴레이트, 인삼수, 올레아놀릭애씨드, 에틸헥실글리세린, 다이소듐이디티에이, 폴리솔베이트20, 솔비탄아이소스테아레이트, 들깨추출물, 시호뿌리추출물, 왜당귀뿌리추출물, 소엽맥문동뿌리추출물, 글루코오스, 미리스틱애씨드, 아라키딕애씨드, 검정콩오일, 콜레스테롤, 달맞이꽃오일, 세라마이드엔피, 피토스핑고신, 하이드로제네이티드레시틴, 토코페롤, 카놀라오일, 로즈마리잎추출물"
세라마이드 아토 집중 크림 230ml,일리윤,"정제수, 부틸렌글라이콜, 글리세린, 에틸헥실스테아레이트, 다이메티콘, 다이카프릴릴카보네이트, 베헤닐알코올, 스테아릭애씨드, 팔미틱애씨드, 세틸에틸헥사노에이트, 하이드로제네이티드폴리(C6-14올레핀), 1,2-헥산다이올, 아라키딜알코올, C14-22알코올, 세틸-피지하이드록시에틸팔미타마이드(세라마이드 CPP-40 7622ppm), 폴리아크릴레이트-13, 만니톨, 아라키딜글루코사이드, C12-20알킬글루코사이드, 하이드로제네이티드폴리아이소부텐, 글리세릴카프릴레이트, 에틸헥실글리세린, 폴리글리세릴-10라우레이트, 하이드로제네이티드레시틴, 에틸헥실팔미테이트, 다이메티콘올, 인삼수, 카보머, 솔비탄아이소스테아레이트, 아크릴레이트/암모늄메타크릴레이트코폴리머, 황금추출물, 프로판다이올, 콜레스테롤, 실리카, 매실추출물, 아라키딕애씨드, 검정콩오일, 스쿠알란, 마데카소사이드, 폴리글리세릴-10펜타스테아레이트, 토코페롤, 세라마이드엔피(4ppm), 올레익애씨드, 피토스핑고신, 펜틸렌글라이콜, 다이포타슘글리시리제이트, 카놀라오일, 로즈마리잎추출물"
레드이치 크림 + 고보습 워시,일리윤,"[레드이치 케어크림] 정제수, 글리세린, 부틸렌글라이콜, 프로판다이올, 다이메티콘, 스쿠알란, 펜타에리스리틸테트라아이소스테아레이트, 베헤닐알코올, 스테아릭애씨드, 팔미틱애씨드, 세틸에틸헥사노에이트, 1,2-헥산다이올, 아라키딜알코올, C14-22알코올, 판테놀, 하이드록시프로필비스팔미타마이드엠이에이, 아라키딜글루코사이드, 폴리아크릴레이트-13, C12-20알킬글루코사이드, 폴리아이소부텐, 글리세릴카프릴레이트, 인삼수, 올레아놀릭애씨드, 에틸헥실글리세린, 다이소듐이디티에이, 폴리솔베이트20, 솔비탄아이소스테아레이트, 들깨추출물, 시호뿌리추출물, 왜당귀뿌리추출물, 소엽맥문동뿌리추출물, 글루코오스, 미리스틱애씨드, 아라키딕애씨드, 검정콩오일, 콜레스테롤, 달맞이꽃오일, 세라마이드엔피, 피토스핑고신, 하이드로제네이티드레시틴, 토코페롤, 카놀라오일, 로즈마리잎추출물 / [레드이치 고보습 워시] 글리세린, 정제수, 코카이드프로필베타인, 카프릴릴/카프릴글루코사이드, 다이소듐라우레스설포석시네이트, 다이소듐코코암포다이아세테이트, 소듐클로라이드, 코카미도메틸MEA, 시트릭애씨드, 글라이드올리에이트, 나이아신아마이드, 소듐벤조에이트, 부틸렌글라이콜, 다추추출물, 폴리쿼터늄-7, 인삼수, 센티드제라늄꽃오일, 카프릴릴글라이콜, 홍콩추출물, 마치현추출물, 피토스핑고신"
세라마이드 아토 집중크림 230ml,일리윤,"정제수, 부틸렌글라이콜, 글리세린, 에틸헥실스테아레이트, 다이메티콘, 다이카프릴릴카보네이트, 베헤닐알코올, 스테아릭애씨드, 팔미틱애씨드, 세틸에틸헥사노에이트, 하이드로제네이티드폴리(C6-14올레핀), 1,2-헥산다이올, 아라키딜알코올, C14-22알코올, 세틸-피지하이드록시에틸팔미타마이드(세라마이드 CPP-40 7622ppm), 폴리아크릴레이트-13, 만니톨, 아라키딜글루코사이드, C12-20알킬글루코사이드, 하이드로제네이티드폴리아이소부텐, 글리세릴카프릴레이트, 에틸헥실글리세린, 폴리글리세릴-10라우레이트, 하이드로제네이티드레시틴, 에틸헥실팔미테이트, 다이메티콘올, 인삼수, 카보머, 솔비탄아이소스테아레이트, 아크릴레이트/암모늄메타크릴레이트코폴리머, 황금추출물, 프로판다이올, 콜레스테롤, 실리카, 매실추출물, 아라키딕애씨드, 검정콩오일, 스쿠알란, 마데카소사이드, 폴리글리세릴-10펜타스테아레이트, 토코페롤, 세라마이드엔피(4ppm), 올레익애씨드, 피토스핑고신, 펜틸렌글라이콜, 다이포타슘글리시리제이트, 카놀라오일, 로즈마리잎추출물"
세라마이드 아토 로션,일리윤,"정제수, 글리세린, 프로판다이올, 다이메티콘, 하이드로제네이티드쌀겨오일, 하이드로제네이티드폴리(C6-14올레핀), 세틸에틸헥사노에이트, 다이아이소스테아릴말레이트, 1,2-헥산다이올, 하이드록시에틸아크릴레이트/소듐아크릴로일다이메틸타우레이트코폴리머, C14-22알코올, 아라키딜알코올, 팔미틱애씨드, 글리세릴스테아레이트, 스테아릭애씨드, 베헤닐알코올, C12-20알킬글루코사이드, 글리세릴카프릴레이트, 아라키딜글루코사이드, 솔비탄아이소스테아레이트, 에틸헥실글리세린, 부틸렌글라이콜, 소듐메타포스페이트, 인삼수, 황금추출물, 세틸-피지하이드록시에틸팔미타마이드(세라마이드 CPP-40 65.5ppm), 만니톨, 매실추출물, 하이드로제네이티드레시틴, 검정콩오일, 스쿠알란, 마데카소사이드, 폴리글리세릴-10펜타스테아레이트, 아크릴레이트/암모늄메타크릴레이트코폴리머, 세라마이드엔피(4.04ppm), 토코페롤, 콜레스테롤, 피토스핑고신, 실리카, 펜틸렌글라이콜, 다이포타슘글리시리제이트, 아라키딕애씨드, 올레익애씨드, 카놀라오일, 로즈마리잎추출물"
무기자차 장벽 선크림 SPF50+/PA++++,일리윤,"정제수, 징크옥사이드, 사이클로헥사실록세인, 부틸옥틸살리실레이트, 프로필헵틸카프릴레이트, 아이소도데케인, 판테놀, 폴리글리세릴-3폴리다이메틸실록시에틸다이메티콘, 카프릴릴메티콘, 나이아신아마이드, 프로판다이올, 다이실록세인, 다이스테아다이모늄헥토라이트, 마그네슘설페이트, 트라이에톡시카프릴릴실레인, 폴리메틸실세스퀴옥세인, 폴리글리세릴-2다이폴리하이드록시스테아레이트, 1,2-헥산다이올, 라우릴폴리글리세릴-3폴리다이메틸실록시에틸다이메티콘, 카프릴릴글라이콜, 글리세릴카프릴레이트, 에틸헥실글리세린, 아데노신, 부틸렌글라이콜, 인삼수, 소듐하이알루로네이트, 황금추출물, 매실추출물, 토코페롤, 세라마이드엔피"
저자극 이지워시 선크림 SPF50+/PA++++,일리윤,"정제수, 호모살레이트, 부틸렌글라이콜, 디에칠아미노하이드록시벤조일헥실벤조에이트, 에칠헥실살리실레이트, 글리세린, 페닐트라이메티콘, C12-15알킬벤조에이트, 실리카, 비스-에칠헥실옥시페놀메톡시페닐트리아진, 다이부틸아디페이트, 테레프탈릴리덴디캠퍼설포닉애씨드, 세테아릴알코올, 1,2-헥산다이올, 트로메타민, 포타슘세틸포스페이트, 글리세릴스테아레이트, 폴리아크릴레이트크로스폴리머-6, 아크릴레이트/C10-30알킬아크릴레이트크로스폴리머, 베헤닐알코올, 하이드로제네이티드레시틴, 글리세릴카프릴레이트, 황금추출물, 스테아릭애씨드, 인삼수, 폴리글리세릴-3메틸글루코오스다이스테아레이트, 팔미틱애씨드, 에틸헥실글리세린, 다이소듐이디티에이, 향료, 프로판다이올, T-부틸알코올, 시호뿌리추출물, 왜당귀뿌리추출물, 소엽맥문동뿌리추출물, 미리스틱애씨드, 라우릭애씨드, 병풀꽃/잎/줄기추출물, 토코페롤"
세라마이드 아토 수딩 젤,일리윤,"정제수, 프로판다이올, 글리세린, 카프릴릭/카프릭트라이글리세라이드, 에틸헥실스테아레이트, 1,2-헥산다이올, 암모늄아크릴로일다이메틸타우레이트/브이피코폴리머, 폴리글리세릴-3메틸글루코오스다이스테아레이트, 세테아릴올리베이트, 솔비탄올리베이트, 카보머, 트로메타민, 글리세릴카프릴레이트, 에틸헥실글리세린, 부틸렌글라이콜, 인삼수, 황금추출물, 세라마이드엔피(104ppm), 베타인, 매실추출물, 검정콩오일, 하이드로제네이티드레시틴, 스쿠알란, 마데카소사이드, 폴리글리세릴-10펜타스테아레이트, 피토스핑고신, 펜틸렌글라이콜, 다이포타슘글리시리제이트, 카놀라오일, 로즈마리잎추출물, 토코페롤"
프레쉬 모이스춰 바디워시,일리윤,"정제수, 소듐C14-16올레핀설포네이트, 아크릴레이트코폴리머, 라우릴하이드록시설테인, 솔비톨, 향료, 소듐살리실레이트, 소듐클로라이드, 말티톨, 포타슘하이드록사이드, 리모넨, 소듐벤조에이트, 리날룰, 에틸헥실글리세린, 다이소듐이디티에이, 옥수수전분, 시트로넬올, 마이크로크리스탈린셀룰로오스, 락토오스, 헥실신남알, 수크로오스, 부틸렌글라이콜, 아스코빅애씨드, 인삼수, 카프릴릭/카프릭트라이글리세라이드, 시호뿌리추출물, 왜당귀뿌리추출물, 소엽맥문동뿌리추출물, 토코페릴아세테이트, 유자껍질추출물, 토코페롤, 로즈힙꽃오일, 오렌지오일, 라벤더오일"
세라마이드 아토 로션 564ml,일리윤,"정제수, 글리세린, 프로판다이올, 다이메티콘, 하이드로제네이티드쌀겨오일, 하이드로제네이티드폴리(C6-14올레핀), 세틸에틸헥사노에이트, 다이아이소스테아릴말레이트, 1,2-헥산다이올, 하이드록시에틸아크릴레이트/소듐아크릴로일다이메틸타우레이트코폴리머, C14-22알코올, 아라키딜알코올, 팔미틱애씨드, 글리세릴스테아레이트, 스테아릭애씨드, 베헤닐알코올, C12-20알킬글루코사이드, 글리세릴카프릴레이트, 아라키딜글루코사이드, 솔비탄아이소스테아레이트, 에틸헥실글리세린, 부틸렌글라이콜, 소듐메타포스페이트, 인삼수, 황금추출물, 세틸-피지하이드록시에틸팔미타마이드(세라마이드 CPP-40 65.5ppm), 만니톨, 매실추출물, 하이드로제네이티드레시틴, 검정콩오일, 스쿠알란, 마데카소사이드, 폴리글리세릴-10펜타스테아레이트, 아크릴레이트/암모늄메타크릴레이트코폴리머, 세라마이드엔피(4.04ppm), 토코페롤, 콜레스테롤, 피토스핑고신, 실리카, 펜틸렌글라이콜, 다이포타슘글리시리제이트, 아라키딕애씨드, 올레익애씨드, 카놀라오일, 로즈마리잎추출물"
레드이치 고보습 워시 470g,일리윤,"글리세린, 정제수, 코카이드프로필베타인, 카프릴릴/카프릴글루코사이드, 다이소듐라우레스설포석시네이트, 다이소듐코코암포다이아세테이트, 소듐클로라이드, 코카미도메틸MEA, 시트릭애씨드, 글라이드올리에이트, 나이아신아마이드, 소듐벤조에이트, 부틸렌글라이콜, 다추추출물, 폴리쿼터늄-7, 인삼수, 센티드제라늄꽃오일, 카프릴릴글라이콜, 홍콩추출물, 마치현추출물, 피토스핑고신"
세라마이드 무향 비건 립밤 3.2g,일리윤,"피토스테릴/옥틸도데실라우로일글루타메이트, 카프릴릭/카프릭트라이글리세라이드, 비스-다이글리세릴폴리아실아디페이트-2, 하이드로제네이티드캐스터오일아이소스테아레이트, 폴리부텐, 합성왁스, 시어버터, 마이크로크리스탈린왁스, 스쿠알란, 콜레칼시페롤-2 트라이아이소스테아레이트, 칸데릴라왁스, 에틸렌/프로필렌코폴리머, 정제수, 부틸렌글라이콜, 잇사멜, 글리세린, 황금추출물, 하이드로제네이티드레시틴, 스테아릴알코올, 글리세릴스테아레이트, 글리세릴글루코사이드, 펜타에리스리틸테트라다이-t-부틸하이드록시하이드로신나메이트, 퀴노아껍질추출물, 폴리글리세릴-10 펜타스테아레이트, 세라마이드엔피, 토코페롤, 펜틸렌글라이콜, 다이포타슘글리시리제이트, 에틸헥실글리세린, 매실추출물, 카놀라오일, 글루코오스, 향료"
세라마이드 무향 비건 핸드크림 50ml,일리윤,"정제수, 부틸렌글라이콜, 하이드로제네이티드폴리(C6-14올레핀), 세틸에틸헥사노에이트, 글리세린, 펜타에리스리틸테트라에틸헥사노에이트, 시어버터, 글리세릴스테아레이트시트레이트, 세테아릴알코올, 폴리글리세릴-3메틸글루코오스다이스테아레이트, 1,2-헥산다이올, 하이드록시에틸아크릴레이트/소듐아크릴로일다이메틸타우레이트코폴리머, 하이드록시프로필스타치포스페이트, 글리세릴카프릴레이트, 인삼수, 에틸헥실글리세린, 다이소듐이디티에이, 솔비탄아이소스테아레이트, 시호뿌리추출물, 왜당귀뿌리추출물, 소엽맥문동뿌리추출물, 세라마이드엔피(10 ppm), 토코페롤"
레티놀 PDRN 앰플 겔 마스크 1매,이니스프리,"정제수, 부틸렌글라이콜, 락토바실러스발효용해물(36,975 ppm), 나이아신아마이드, 글리세릴글루코사이드, 1,2-헥산다이올, 글리세린, 세틸에틸헥사노에이트, 아이소펜틸다이올, 폴리글리세릴-10스테아레이트, 프로판다이올, 하이드로제네이티드폴리(C6-14올레핀), 네오펜틸글라이콜다이헵타노에이트, 에리스리톨, 글리세릴스테아레이트에스이, 카보머, 판테놀, 알지닌, 풀루란, 황련뿌리추출물, 돌콩오일, 에틸헥실글리세린, 잔탄검, 아데노신, 소듐폴리아크릴레이트, 소듐파이테이트, 알란토인, 다이메틸아이소소바이드, 레티놀(200IU/g), 하이드록시피나 콜론레티노에이트, 스쿠알란, 코질메틸렌다이옥시신나메이트, 병풀잎추출물, 비피다발효용해물, 락토코쿠스발효용해물, 다이프로필렌글라이콜, 돌외잎/줄기추출물, 겔리듐 카르틸라기네움 추출물, 톳추출물, 하이드로제네이티드레시틴, 아시아티코사이드, 아시아틱애씨드, 마데카식애씨드, 소듐하이알루로네이트, 노나펩타이드-1, 베타-글루칸, 세라마이드엔피, 아세틸헥사펩타이 드-8, 팔미토일펜타펩타이드-4, 팔미토일테트라펩타이드-7, 헥사펩타이드-9, 팔미토일트라이펩타이드-1, 하이알루로닉애씨드, 소듐하이알루로네이트크로스폴리머, 하이드롤라이즈드하이 알루로닉애씨드, 하이드롤라이즈드소듐하이알루로네이트, 하이드록시프로필트라이모늄하이알루로네이트, 포타슘하이알루로네이트, 펜틸렌글라이콜, 소듐아세틸레이티드하이알루로네이트"
한란 핸드 크림 50ml,이니스프리,"정제수, 부틸렌글라이콜, 에칠헥실메톡시신나메이트, 펜타에리스리틸테트라에틸헥사노에이트, 베헤닐알코올, 다이아이소프로필세바케이트, 세테아릴알코올, 시어버터, 펜틸렌글라이콜, 디에칠아미노하이드록시벤조일헥실벤조에이트, 글리세릴스테아레이트, 피이지-100스테아레이트, 향료, 세테아릴글루코사이드, 프로판다이올, 카보머, 트로메타민, 글리세릴카프릴레이트, 다이소듐이디티에이, 에틸헥실글리세린, 아데노신, 글루코오스, 난추출물 (5 ppm), 토코페롤"
그린티 아미노 수분 클렌징 폼 150g,이니스프리,"정제수, 글리세린, 미리스틱애씨드, 라우릭애씨드, 포타슘하이드록사이드, 스테아릭애씨드, 글리세릴스테아레이트, 글라이콜다이스테아레이트, 팔미틱애씨드, 라우릴하이드록시설테인, 폴리쿼터늄-22, 라우릴글루코사이드, 프로판다이올, 향료, 포타슘코코일글리시네이트, 1,2-헥산다이올, 하이드롤라이즈드옥수수전분, 소나무잎추출물, 다이소듐이디티에이, 부틸렌글라이콜, 알지닌*, 아스파틱애씨드*, 글루타믹애씨드*, 에틸헥실글리세린, 녹차추출물(31ppm), 아크릴레이트/스테아릴메타크릴레이트코폴리머, 흰목이버섯포자낭과추출물, 테트라소듐이디티에이, 하이알루로닉애씨드, 잔탄검, 세라마이드엔피, 창포뿌리추출물 * 아미노산 콤플렉스 300ppm 함유"
NEW 세럼/앰플 겔 마스크,이니스프리,"정제수, 부틸렌글라이콜, 나이아신아마이드(40,000 ppm), 프로판다이올, 1,2-헥산다이올, 글리세릴글루코사이드, 글리세린, 에리스리톨, 카보머, 알지닌, 하이 드로제네이티드레시틴, 3-O-에틸아스코빅애씨드(1,000 ppm), 만다린껍질추출물, 잔탄검, 알란토인, 에틸헥실글리세린, 폴리글리세릴-10라우레이트, 글루타티온, 황련뿌리추출물, 치자추출물, 소듐하이알루로네이트, 소듐파이테이트, 덱스트린, 아스코빌테트라이소팔미테이트(10 ppm), 글루코노락톤, 페룰릭애씨드, 다이소듐이디 티에이, 병풀잎추출물, 세라마이드엔피, 사이클로덱스트린, 비피다발효용해물, 락토바실러스발효용해물, 락토코쿠스발효용해물, 다이프로필렌글라이콜, 프로테아제(0.5 ppm)*, 판테놀, 아시아티코사이드, 아시아틱애씨드, 마데카식애씨드, 베타-글루칸, 소듐아스코빌포스페이트(1 ppb), 하이알루로닉애씨드, 소듐하이알루로네이트크로스 폴리머, 하이드롤라이즈드하이알루로닉애씨드, 하이드롤라이즈드소듐하이알루로네이트, 하이드록시프로필트라이모늄하이알루로네이트, 포타슘하이알루로네이트, 펜틸렌글라이콜, 소듐아세틸레이티드하이알루로네이트, 아스코빅애씨드(0.01 ppb), 사이아노코발아민, 바이오틴, 폴릭애씨드, 리보플라빈, 피리독신, 티아민에이치씨엘"
비타C 그린티 엔자임 세럼 겔 마스크 1매,이니스프리,"정제수, 부틸렌글라이콜, 나이아신아마이드(40,000 ppm), 프로판다이올, 1,2-헥산다이올, 글리세릴글루코사이드, 글리세린, 에리스리톨, 카보머, 알지닌, 하이 드로제네이티드레시틴, 3-O-에틸아스코빅애씨드(1,000 ppm), 만다린껍질추출물, 잔탄검, 알란토인, 에틸헥실글리세린, 폴리글리세릴-10라우레이트, 글루타티온, 황련뿌리추출물, 치자추출물, 소듐하이알루로네이트, 소듐파이테이트, 덱스트린, 아스코빌테트라이소팔미테이트(10 ppm), 글루코노락톤, 페룰릭애씨드, 다이소듐이디 티에이, 병풀잎추출물, 세라마이드엔피, 사이클로덱스트린, 비피다발효용해물, 락토바실러스발효용해물, 락토코쿠스발효용해물, 다이프로필렌글라이콜, 프로테아제(0.5 ppm)*, 판테놀, 아시아티코사이드, 아시아틱애씨드, 마데카식애씨드, 베타-글루칸, 소듐아스코빌포스페이트(1 ppb), 하이알루로닉애씨드, 소듐하이알루로네이트크로스 폴리머, 하이드롤라이즈드하이알루로닉애씨드, 하이드롤라이즈드소듐하이알루로네이트, 하이드록시프로필트라이모늄하이알루로네이트, 포타슘하이알루로네이트, 펜틸렌글라이콜, 소듐아세틸레이티드하이알루로네이트, 아스코빅애씨드(0.01 ppb), 사이아노코발아민, 바이오틴, 폴릭애씨드, 리보플라빈, 피리독신, 티아민에이치씨엘"
마이 퍼퓸드 핸드크림 30ml,이니스프리,"정제수, 글리세린, 프로판다이올, 세테아릴알코올, 하이드로제네이티드코코-글리세라이즈, 글리세릴스테아레이트, 부틸렌글라이콜다이카프릴레이트/다이카프레이트, 1,2-헥산다이올, 세테아릴글루코사이드, 카프릴릭/카프릭트라이글리세라이드, 향료, 카보머, 트로메타민, 팔미틱애씨드, 스테아릭애씨드, 카프릴릴글라이콜, 소듐스테아로일글루타메이트, 에틸헥실글리세린, 다이소듐이디티에이, 알파-아이소메틸아이오논, 소듐하이알루로네이트, 하이알루로닉애씨드, 시어버터, 부틸렌글라이콜, 병풀추출물, 시트릭애씨드"
고급 종이 면봉 150P,이니스프리,상세 참조
New 납작 아이브로우 펜슬,이니스프리,"적색산화철, 하이드로제네이티드돌콩오일, 하이드로제네이티드코코-글리세라이즈, 마이카, 하이드로제네이티드식물성오일, 황색산화철, 징크스테아레이트, 흑색산화철, 티타늄디옥사이드 (CI 77891), 스테아릭애씨드, 카나우바왁스, 폴리글리세릴-2트라이아이소스테아레이트, 토코페롤, 카프릴릴글라이콜, 글리세릴카프릴레이트, 아스코빌팔미테이트"
레티놀 시카 리페어 앰플 겔 마스크 1매,이니스프리,"정제수, 부틸렌글라이콜, 나이아신아마이드, 1,2-헥산다이올, 병풀추출물(10,000 ppm), 에리스리톨, 글리세린, 카보머, 알지닌, 알란토인, 소듐하이알루로네 이트, 시어버터, 올리브오일, 카프릴릭/카프릭트라이글리세라이드, 하이드로제네이티드레시틴, 스쿠알란, 에틸헥실글리세린, 폴리글리세릴-10라우레이트, 잔탄검, 아데 노신, 돌콩오일, 황련뿌리추출물, 암모늄아크릴로일다이메틸타우레이트/브이피코폴리머, 다이소듐이디티에이, 글리세릴아크릴레이트/아크릴릭애씨드코폴리머, 레티 놀(100IU/g), 세라마이드엔피, 콜레스테롤, 병풀잎추출물(5,498 ppb), 피토스핑고신, 비피다발효용해물, 락토바실러스발효용해물, 락토코쿠스발효용해물, 다이프로필렌 글라이콜, 판테놀, 아시아티코사이드(40 ppb), 아시아틱애씨드(30 ppb), 마데카식애씨드(30 ppb), 베타-글루칸, 시트릭애씨드, 살리실릭애씨드, 락토바이오닉애씨드, 하이알루로닉애씨드, 소듐하이알루로네이트크로스폴리머, 하이드롤라이즈드하이알루로닉애씨드, 하이드롤라이즈드소듐하이알루로네이트, 하이드록시프로필트라이 모늄하이알루로네이트, 포타슘하이알루로네이트, 펜틸렌글라이콜, 소듐아세틸레이티드하이알루로네이트"
그린티 아미노 수분 클렌징 오일 150ml,이니스프리,"세틸에틸헥사노에이트, 아이소프로필팔미테이트, 솔베스-30테트라올리에이트, 카프릴릭/카프릭트라이글리세라이드, 데실코코에이트, C9-12알케인, 다이아이소스테아릴말레이트, 향료, 코코-카프릴레이트/카프레이트, 살구씨오일, 호호바씨오일, 쌀겨오일, 녹차씨오일(1,100ppm), 스위트아몬드오일, 정제수, 알지닌(50ppm), 부틸렌글라이콜, 프로판다이올, 1,2-헥산다이올, 창포뿌리추출물, 에틸헥실글리세린, 소듐메타포스페이트, 녹차추출물(0.02ppm)"
노세범 미네랄 파우더 5g,이니스프리,"실리카, 알루미늄전분옥테닐석시네이트, 다이메티콘/비닐다이메티콘크로스폴리머, 카프릴릭/카프릭트라이글리세라이드, 마이카, 메티콘, 에틸헥실글리세린, 다이메티콘, 글리세릴카프릴레이트, 미네랄솔트, 토코페롤"
그린티 아미노 수분 클렌징 워터 320ml,이니스프리,"정제수, 프로판다이올, 글리세린, 폴리솔베이트20, 글리세레스-26, 헥실렌글라이콜, 1,2-헥산다이올, 다이소듐코코암포다이아세테이트, 소듐시트레이트, 다이소듐이디티에이, 에틸헥실글리세린, 소듐클로라이드, 향료, 시트릭애씨드, 녹차추출물(172ppm), 알지닌*, 아스파틱애씨드*, 글루타믹애씨드*, 리날룰, 리모넨, 다이소듐코코일글루타메이트, 부틸렌글라이콜, 창포뿌리추출물, 토코페롤 * 아미노산 콤플렉스 300ppm 함유"
블랙티 유스 인핸싱 앰플 마스크 28ml,이니스프리,"정제수, 글리세린, 부틸렌글라이콜, 다이프로필렌글라이콜, 나이아신아마이드, 글리세릴폴리메타크릴레이트, 스쿠알란, 에리스리톨, 폴리글리세릴-10미리스테이트, 1,2-헥산다이올, 잔탄검, 암모늄아크릴로일다이메틸타우레이트/브이피코폴리머, 알란토인, 폴리글리세릴-10라우레이트, 글리세릴카프릴레이트, 아크릴레이트/C10-30알킬아크릴레이트크로스폴리머, 알지닌, 병풀추출물, 아데노신, 에틸헥실글리세린, 모란뿌리추출물, 마트리카리아꽃추출물, 다이소듐이디티에이, 향료, 서양톱풀추출물, 덱스트린, 카카오추출물, 하이드로제네이티드레시틴, 리모넨, 소듐하이알루로네이트, 홍차추출물(10 ppm), 세라마이드엔피, 하이알루로닉애씨드"
유채꿀 립밤  3.5g,이니스프리,"페트롤라툼, 폴리글리세릴-2트라이아이소스테아레이트, 다이아이소스테아릴말레이트, 미네랄오일, 호호바에스터, 하이드로제네이티드폴리아이소부텐, 폴리에틸렌, 메도우폼델타-락톤, 피토스테릴하이드록시스테아레이트, 하이드로제네이티드코코-글리세라이즈, 칸데릴라왁스, 마이크로크리스탈린왁스, 망고씨버터, 세레신, 스 위트아몬드오일, 트라이하이드록시스테아린, 페녹시에탄올, 카프릴릴글라이콜, 향료,글리세릴카프릴레이트, 토코페릴아세테이트, 황색4호, 황색5호, 토코페롤, 티비에이치큐, 서양유채씨오일(1ppm),정제수, 부틸렌글라이콜, 꿀추출물(0.03ppm), 에틸헥실글리세린"
그린티 세라마이드 밀크 에센스 160ml,이니스프리,"정제수, 글리세린, 부틸렌글라이콜, 프로판다이올, 하이드로제네이티드쌀겨오일, 베타인, 1,2-헥산다이올, 만니톨, 폴리글리세린-3, 피피지-13-데실테트라데세스-24, 하이드로제네이티드레시틴, 펜틸렌글라이콜, 글리세릴카프릴레이트, 잔탄검, 카보머, 에틸헥실글리세린, 카프릴릭/카프릭트라이글리세라이드, 소듐스테아로일글루타메이트, 트로메타민, 하이드록시에틸아크릴레이트/소듐아크릴로일다이메틸타우레이트코폴리머, 소듐메타포스페이트, 나이아신아마이드, 폴리글리세릴-10스테아레이트, 솔비탄아이소스테아레이트, 하이알루로닉애씨드, 세라마이드엔피(10 ppm), 피토스테롤, 녹차씨오일(5 ppm), 토코페롤, 소듐하이알루로네이트, 녹차추출물(0.5 ppm), 카프릴릴글라이콜, 프로필렌글라이콜, 글리세릴올리에이트, 레시틴, 라우릴글루코사이드, 하이드롤라이즈드하이알루로닉애씨드, 폴리글리세릴-6라우레이트, 미리스틸글루코사이드, 소듐하이알루로네이트크로스폴리머, 소듐트라이메타포스페이트, 소듐아세틸레이티드하이알루로네이트, 아세틸테트라펩타이드-2"
듀이 틴트 립밤 3.2g,이니스프리,상세 참조
노세범 모이스처 파우더 5g,이니스프리,"마이카, 알루미늄전분옥테닐석시네이트, 합성플루오르플로고파이트, 보론나이트라이드, 다이메티콘/비닐다이메티콘크로스폴리머, 메틸메타크릴레이트크로스폴리머, 비닐다이메티콘/메티콘실세스퀴옥세인크로스폴리머, 라우로일라이신, 실리카, 에틸헥실글리세린, 글리세릴카프릴레이트, 미네랄솔트, 토코페롤"
비타C 그린티 엔자임세럼 기획세트,이니스프리,"정제수, 프로판다이올, 1,2-헥산다이올, 글리세린, 3-O-에틸아스코빅애씨드(20,000 ppm), 부틸렌글라이콜, 락토바실러스발효용해물, 스쿠알란, 해바라기씨오일, 덱스트린, 아크릴레이트/C10-30알킬아크릴레이트크로스폴리머, 카프릴릭/카프릭트라이글리세라이드, 트로메타민, 잔탄검, 글루코노락톤, 만다린껍질추출물, 판테놀, 나이아신아마이드, 알란토인, 당근추출물,하이알루로닉애씨드, 펜틸렌글라이콜, 소듐메타포스페이트, 실리카다이메틸실릴레이트, 사이클로덱스트린, 토코페롤, 에틸헥실글리세린, 마데카소사이드, 하이드로제네이티드폴리(C6-20올레핀), 프로테아제(150 ppm), 아스코빌테트라이소팔미테이트(100 ppm), 글루타티온, 서양톱풀추출물, 에이치디아이/트라이메틸올헥실락톤크로스폴리머, 베타-카로틴, 페룰릭애씨드"
그린티 씨드 히알루론산 크림 50ml,이니스프리,"정제수, 프로판다이올, 글리세린, 스테아릴다이메티콘, 메틸트라이메티콘, 부틸렌글라이콜다이카프릴레이트/다이카프레이트, 펜타에리스리틸테트라에틸헥사노에이트, 녹차씨오일, 1,2-헥산다이올, 글리세릴폴리메타크릴레이트, 폴리메틸실세스퀴옥세인, 스쿠알란, 하이드록시에틸아크릴레이트/소듐아크릴로일다이메틸타우레이트코폴리머, 폴리글리세릴-3메틸글루코오스다이스테아레이트, 카보머, 트라이에틸시트레이트, 하이드로제네이티드레시틴, 콜레스테롤, 글리세릴스테아레이트, 트로메타민, 리모넨, 락토바실러스발효용해물, 하이알루로닉애씨드, 판테놀, 알란토인, 세테아릴알코올, 잔탄검, 글리세릴카프릴레이트, 소듐스테아로일글루타메이트, 부틸렌글라이콜, 에틸헥실글리세린, 다이소듐이디티에이, 레몬껍질오일, 솔비탄아이소스테아레이트, 녹차추출물, 마테잎추출물, 소듐하이알루로네이트, 마데카소사이드, 락틱애씨드, 시트랄, 덱스트린, 카카오추출물, 소두구씨오일, 스피어민트잎오일, 리날룰, 시트로넬라오일, 하이드롤라이즈드하이알루로닉애씨드, 갈바눔수지오일, 소듐하이알루로네이트크로스폴리머, 녹차씨추출물, 세라마이드엔피, 토코페롤, 피토스핑고신, 소듐아세틸레이티드하이알루로네이트"
화산송이 모공 바하 클렌징 폼 150g,이니스프리,"정제수, 글리세린, 미리스틱애씨드, 라우릭애씨드, 포타슘하이드록사이드, 카올린, 스테아릭애씨드, 글리세릴스테아레이트, 라우릴하이드록시설테인, 글라이콜다이스테아레이트, 팔미틱애씨드, 라우릴글루코사이드, 폴리쿼터늄-22, 향료, 살리실릭애씨드(5,000ppm), 실리카, 온천수, 징크피씨에이, 화산재(1,073ppm), 다이소듐이디티에이, 프로판다이올, 락틱애씨드/글라이콜릭애씨드코폴리머, 1,2-헥산다이올, 마데카소사이드, 폴리쿼터늄-10, 에틸헥실글리세린"
노세범 미네랄 팩트 8.5g,이니스프리,"마이카, 실리카, 옥틸도데실스테아로일스테아레이트, 스쿠알란, 실리카다이메티콘실릴레이트, 마그네슘미리스테이트, 알루미늄전분옥테닐석시네이트, 솔비탄아이소스테아레이트, 메티콘, 에틸헥실글리세린, 글리세릴카프릴레이트, 미네랄솔트, 정제수, 부틸렌글라이콜, 콘민트잎추출물, 토코페롤, 1,2-헥산다이올"
레티놀 PDRN 앰플 겔 마스크 6매,이니스프리,"정제수, 부틸렌글라이콜, 락토바실러스발효용해물(36,975 ppm), 나이아신아마이드, 글리세릴글루코사이드, 1,2-헥산다이올, 글리세린, 세틸에틸헥사노에이트, 아이소펜틸다이올, 폴리글리세릴-10스테아레이트, 프로판다이올, 하이드로제네이티드폴리(C6-14올레핀), 네오펜틸글라이콜다이헵타노에이트, 에리스리톨, 글리세릴스테아레이트에스이, 카보머, 판테놀, 알지닌, 풀루란, 황련뿌리추출물, 돌콩오일, 에틸헥실글리세린, 잔탄검, 아데노신, 소듐폴리아크릴레이트, 소듐파이테이트, 알란토인, 다이메틸아이소소바이드, 레티놀(200IU/g), 하이드록시피나 콜론레티노에이트, 스쿠알란, 코질메틸렌다이옥시신나메이트, 병풀잎추출물, 비피다발효용해물, 락토코쿠스발효용해물, 다이프로필렌글라이콜, 돌외잎/줄기추출물, 겔리듐 카르틸라기네움 추출물, 톳추출물, 하이드로제네이티드레시틴, 아시아티코사이드, 아시아틱애씨드, 마데카식애씨드, 소듐하이알루로네이트, 노나펩타이드-1, 베타-글루칸, 세라마이드엔피, 아세틸헥사펩타이 드-8, 팔미토일펜타펩타이드-4, 팔미토일테트라펩타이드-7, 헥사펩타이드-9, 팔미토일트라이펩타이드-1, 하이알루로닉애씨드, 소듐하이알루로네이트크로스폴리머, 하이드롤라이즈드하이 알루로닉애씨드, 하이드롤라이즈드소듐하이알루로네이트, 하이드록시프로필트라이모늄하이알루로네이트, 포타슘하이알루로네이트, 펜틸렌글라이콜, 소듐아세틸레이티드하이알루로네이트"
스페셜케어마스크 풋 20ml,이니스프리,"정제수, 다이메티콘, 부틸렌글라이콜, 글리세린, 에탄올, 세틸에틸헥사노에이트, 1,2-헥산다이올, 글리세릴스테아레이트, 베타인, 세테아릴알코올, 피이지-100스테아레이트, 페녹시에탄올, 폴리아크릴레이트-13, 아크릴레이트/C10-30알킬아크릴레이트크로스폴리머, 사이클로펜타실록세인, 폴리아이소부텐, 향료, 에틸헥실글리세린, 포타슘하이드록사이드, 벤질벤조에이트, 다이소듐이디티에이, 다이메티콘올, 폴리솔베이트20, 솔비탄아이소스테아레이트, 우레아, 폴리글리세릴-3메틸글루코오스다이스테아레이트, 세테아릴글루코사이드, 메틸글루코오스세스퀴스테아레이트, 녹차추출물, 작약뿌리추출물, 인동덩굴꽃추출물, 도둑놈의지팡이뿌리추출물, 복사나무잎추출물, 황금추출물, 은행나무잎추출물, 버지니아풍년화추출물, 쇠비름추출물"
그린티 데일리 수딩 마스크 30매,이니스프리,"정제수, 부틸렌글라이콜, 글리세린, 베타인, 1,2-헥산다이올, 글리세릴폴리메타크릴레이트, 에틸헥실팔미테이트, 프로판다이올, 피피지-13-데실테트라데세스-24,아크릴레이트/C10-30알킬아크릴레이트크로스폴리머, 에틸헥실글리세린, 트로메타민, 하이드로제네이티드레시틴, 소듐메타포스페이트,펜틸렌글라이콜, 하이알루로닉애씨드, 판테놀, 소듐메틸스테아로일타우레이트, 소듐하이알루로네이트, 스쿠알란, 알란토인, 녹차씨오일 (10ppm), 락토바실러스발효용해물, 녹차추출물 (4ppm), 프로필렌글라이콜, 녹차씨추출물 (1.9ppm), 소듐하이알루로네이트크로스폴리머-6, 글리세릴올리에이트, 토코페롤, 레시틴, 라우릴글루코사이드, 하이드롤라이즈드하이알루로닉애씨드, 폴리글리세릴-6라우레이트, 미리스틸글루코사이드, 세라마이드엔피, 소듐하이알루로네이트크로스폴리머, 글리세릴카프릴레이트, 피토스핑고신, 잔탄검, 소듐아세틸레이티드하이알루로네이트"
화산송이 모공 바하 클렌징폼  250g,이니스프리,"정제수, 글리세린, 미리스틱애씨드, 라우릭애씨드, 포타슘하이드록사이드, 카올린, 스테아릭애씨드, 글리세릴스테아레이트, 라우릴하이드록시설테인, 글라이콜다이스테아레이트, 팔미틱애씨드, 라우릴글루코사이드, 폴리쿼터늄-22, 향료, 살리실릭애씨드(5,000ppm), 실리카, 온천수, 징크피씨에이, 화산재(1,073ppm), 다이소듐이디티에이, 프로판다이올, 락틱애씨드/글라이콜릭애씨드코폴리머, 1,2-헥산다이올, 마데카소사이드, 폴리쿼터늄-10, 에틸헥실글리세린"
올리브 비타민 E 리얼 오일 미스트 75ml,이니스프리,"정제수, 하이드로제네이티드폴리(C6-14올레핀), 부틸렌글라이콜, 글리세린, 1,2-헥산다이올, 베타인, 올리브오일(10,000ppm), 리모넨, 소듐클로라이드, 에틸헥실글리세린, 소듐메타포스페이트, 레몬껍질오일, 토코페롤(110ppm), 토코페릴아세테이트(100ppm), 오렌지껍질오일, 시트랄, 리날룰"
눈썹 수정칼 2P,이니스프리,상세 참조
그린티 씨드 히알루론산 세럼 대용량 130ml,이니스프리,"정제수*, 프로판다이올*, 글리세린*, 1,2-헥산다이올*, 나이아신아마이드, 베타인, 사카라이드아이소머레이트, 녹차씨오일(2,609 ppm), 자일리톨, 세테아릴올리베이트, 하이드로제네이티드레시틴, 부틸렌글라이콜*, 솔비탄올리베이트, 락토바실러스발효용해물, 아크릴레이트/C10-30알킬아크릴레이트크로스폴리머, 스쿠알란, 판테놀, 알란토인, 하이드록시에틸아크릴레이트/소듐아크릴로일다이메틸타우레이트코폴리머, 트로메타민, 트라이에틸시트레이트, 에틸헥실글리세린*, 캐롭검, 다이소듐이디티에이*, 리모넨, 녹차추출물(366 ppm)*, 다이포타슘글리시리제이트, 레몬껍질오일, 소듐하이알루로네이트(103 ppm), 하이알루로닉애씨드(100 ppm)*, 덱스트린, 카카오추출물, 3-O-에틸아스코빅애씨드, 소듐시트레이트, 시트릭애씨드, 솔비탄아이소스테아레이트, 마테잎추출물, 글리세릴올리에이트*, 시트랄, 소두구씨오일, 토코페롤*, 레시틴*, 수크로오스, 라우릴글루코사이드*, 폴리글리세릴-6라우레이트*, 미리스틸글루코사이드*, 스피어민트잎오일, 시트로넬라오일, 갈바눔수지오일, 잔탄검*, 락틱애씨드, 하이드롤라이즈드하이알루로닉애씨드(0.5 ppm), 소듐하이알루로네이트크로스폴리머(0.2 ppm), 소듐아세틸레이티드하이알루로네이트(0.01 ppm)"
퍼펙트 9 인텐시브 아이크림 30ml,이니스프리,"정제수, 부틸렌글라이콜, 글리세린, 펜타에리스리틸테트라에틸헥사노에이트, 하이드로제네이티드폴리아이소부텐, 세테아릴알코올, 나이아신아마이드, 사이클로펜타실록세인, 다이메티콘, 글리세릴스테아레이트, 사이클로헥사실록세인, 스쿠알란, 폴리메틸메타크릴레이트, 세틸에틸헥사노에이트, 시어버터, 1,2-헥산다이올, 스테아릭애씨드, 피이지-100스테아레이트, 카나우바왁스, 펜타에리스리틸다이스테아레이트, 팔미틱애씨드, 폴리아크릴레이트-13, 카프릴릭/카프릭트라이글리세라이드, 베헤닐알코올, 카페인, 세테아릴글루코사이드, 다이메티콘/비닐다이메티콘크로스폴리머, 폴리글리세릴-10펜타스테아레이트, 폴리아이소부텐, 프로판다이올, 향료, 글리세릴카프릴레이트, 소듐스테아로일락틸레이트, 에틸헥실글리세린, 다이소듐이디티에이, 아데노신, 폴리솔베이트20, 솔비탄아이소스테아레이트, 리모넨, 하이드로제네이티드레시틴, 덱스트린, 카카오추출물, 베타-글루칸, 카프릴릴글라이콜, 불가리스쑥추출물, 약모밀추출물, 라즈베리추출물, 꿀풀잎추출물, 인동덩굴꽃추출물, 초피나무열매추출물, 서양민들레뿌리줄기/뿌리추출물, 영지버섯추출물, 글루코오스, 리날룰, 미리스틱애씨드, 아라키딕애씨드, 시트로넬올, 토코페롤, 꽃송이버섯추출물"
올리브 비타민 E 리얼 클렌징 티슈 30매,이니스프리,"정제수, 아이소프로필팔미테이트, 세틸에틸헥사노에이트, 트라이에틸헥사노인, 아이소도데케인, 다이프로필렌글라이콜, 펜타에리스리틸테트라에틸헥사노에이트, 1,2-헥산다이올, 폴리솔베이트20, 카프릴릴/카프릴글루코사이드, 에틸헥실글리세린, 소듐메타포스페이트, 시트릭애씨드, 올리브오일(100ppm), 토코페롤(1ppm)"
마이 퍼퓸드 핸드크림 80ml,이니스프리,"정제수, 글리세린, 프로판다이올, 세테아릴알코올, 하이드로제네이티드코코-글리세라이즈, 글리세릴스테아레이트, 부틸렌글라이콜다이카프릴레이트/다이카프레이트, 1,2-헥산다이올, 세테아릴글루코사이드, 카프릴릭/카프릭트라이글리세라이드, 향료, 카보머, 트로메타민, 팔미틱애씨드, 스테아릭애씨드, 카프릴릴글라이콜, 소듐스테아로일글루타메이트, 에틸헥실글리세린, 다이소듐이디티에이, 리모넨, 소듐하이알루로네이트, 리날룰, 시트로넬올, 제라니올, 하이알루로닉애씨드, 시어버터, 부틸렌글라이콜, 병풀추출물, 시트릭애씨드"
그린티 히알루론산 스킨 170ml,이니스프리,"정제수*, 프로판다이올*, 글리세린, 베타인, 폴리글리세린-3, 1,2-헥산다이올*, 락토바실러스발효용해물, 글루코노락톤, 소듐메타포스페이트*, 부틸렌글라이콜, 에틸헥실글리세린*, 잔탄검, 트로메타민, 녹차추출물*, 판테놀, 베타-글루칸, 소듐하이알루로네이트, 하이드롤라이즈드하이알루로닉애씨드, 소듐하이알루로네이트크로스폴리머, 하이알루로닉애씨드, 토코페롤, 소듐아세틸레이티드하이알루로네이트"
노세범 블러 프라이머 25ml,이니스프리,"사이클로펜타실록세인, 다이메티콘, 다이메티콘/비닐다이메티콘크로스폴리머, 사이클로헥사실록세인, 실리카, 폴리메틸실세스퀴옥세인, 마이카, 다이메티콘/피이지-10/15크로스폴리머, 티타늄디옥사이드 (CI 77891), 향료, 폴리메틸메타크릴레이트, 황색산화철, 정제수, 적색산화철, 다이프로필렌글라이콜, 미네랄솔트, 리모넨, 흑색산화철, 알루미늄하이드록사이드, 트라이에톡시카프릴릴실레인, 프로판다이올, 리날룰, 소듐시트레이트, 부틸렌글라이콜, 콘민트잎추출물, 토코페롤, 1,2-헥산다이올, 페녹시에탄올, 감추출물, 에틸헥실글리세린"
블랙티 유스 인핸싱 앰플 대용량 단품 세트,이니스프리,"""[앰플] 정제수, 부틸렌글라이콜, 글리세린, 다이프로필렌글라이콜, 나이아신아마이드, 1,2-헥산다이올, 스쿠알란, 글리세릴폴리메타크릴레이트, 세테아릴알코올, 암모늄아크릴로일다이메틸타우레이트/브이피코폴리머, 글리세릴스테아레이트, 잔탄검, 알란토인, 하이드로제네이티드레시틴, 에틸헥실글리세린, 스테아릭애씨드, 폴리글리세릴-3메틸글루코오스다이스테아레이트, 아데노신, 팔미틱애씨드, 향료, 다이소듐이디티에이, 소듐하이알루로네이트, 리모넨, 홍차추출물(100 ppm), 덱스트린, 카카오추출물, 리날룰, 시트로넬올, 미리스틱애씨드, 펜틸렌글라이콜, 라우릭애씨드, 토코페롤, 아크릴레이트/스테아릴메타크릴레이트코폴리머, 흰목이버섯포자낭과추출물, 하이알루로닉애씨드, 서양톱풀추출물, 세라마이드엔피 [크림] 정제수, 글리세린, 부틸렌글라이콜, 하이드로제네이티드폴리(C6-14올레핀), 펜타에리스리틸테트라에틸헥사노에이트, 메틸트라이메티콘, 나이아신아마이드, 다이메티콘, 피씨에이다이메티콘, 세테아릴알코올, 글리세릴스테아레이트, 글리세릴스테아레이트시트레이트, 1,2-헥산다이올, 하이드로제네이티드코코-글리세라이즈, 아크릴레이트/C10-30알킬아크릴레이트크로스폴리머, 트로메타민, 하이드록시에틸아크릴레이트/소듐아크릴로일다이메틸타우레이트코폴리머, 글리세릴카프릴레이트, 향료, 잔탄검, 펜틸렌글라이콜, 에틸헥실글리세린, 아데노신, 다이소듐이디티에이, 리모넨, 소듐하이알루로네이트, 덱스트린, 카카오추출물, 홍차추출물(100 ppm), 솔비탄아이소스테아레이트, 리날룰, 시트로넬올, 서양톱풀추출물, 시트랄, 토코페롤"""
그린티 씨드 히알루론산 크림  80ml,이니스프리,"정제수, 프로판다이올, 글리세린, 스테아릴다이메티콘, 메틸트라이메티콘, 부틸렌글라이콜다이카프릴레이트/다이카프레이트, 펜타에리스리틸테트라에틸헥사노에이트, 녹차씨오일, 1,2-헥산다이올, 글리세릴폴리메타크릴레이트, 폴리메틸실세스퀴옥세인, 스쿠알란, 하이드록시에틸아크릴레이트/소듐아크릴로일다이메틸타우레이트코폴리머, 폴리글리세릴-3메틸글루코오스다이스테아레이트, 카보머, 트라이에틸시트레이트, 하이드로제네이티드레시틴, 콜레스테롤, 글리세릴스테아레이트, 트로메타민, 리모넨, 락토바실러스발효용해물, 하이알루로닉애씨드, 판테놀, 알란토인, 세테아릴알코올, 잔탄검, 글리세릴카프릴레이트, 소듐스테아로일글루타메이트, 부틸렌글라이콜, 에틸헥실글리세린, 다이소듐이디티에이, 레몬껍질오일, 솔비탄아이소스테아레이트, 녹차추출물, 마테잎추출물, 소듐하이알루로네이트, 마데카소사이드, 락틱애씨드, 시트랄, 덱스트린, 카카오추출물, 소두구씨오일, 스피어민트잎오일, 리날룰, 시트로넬라오일, 하이드롤라이즈드하이알루로닉애씨드, 갈바눔수지오일, 소듐하이알루로네이트크로스폴리머, 녹차씨추출물, 세라마이드엔피, 토코페롤, 피토스핑고신, 소듐아세틸레이티드하이알루로네이트"
블랙티 유스 인핸싱 오일 30ml,이니스프리,"정제수, 글리세린, 메틸글루세스-20, 프로판다이올, 다이프로필렌글라이콜, 1,2-헥산다이올, 나이아신아마이드, 피피지-13-데실테트라데세스-24, 부틸렌글라이콜, 잔탄검, 알란토인, 향료, 에틸헥실글리세린, 아데노신, 셀룰로오스검, 다이소듐이디티에이, 리모넨, 하이알루로닉애씨드, 녹차씨오일, 홍차추출물 (100 ppm), 리날룰, 소듐하이알루로네이트, 시트로넬올, 시트랄, 하이드롤라이즈드하이알루로닉애씨드, 토코페롤, 소듐하이알루로네이트크로스폴리머, 소듐아세틸레이티드하이알루로네이트"
파우더 퍼프 1ea,이니스프리,상세 참조
퍼펙트 9 인텐시브 크림 60ml,이니스프리,"정제수, 부틸렌글라이콜, 사이클로펜타실록세인, 다이메티콘, 스쿠알란, 메도우폼씨오일, 펜타에리스리틸테트라에틸헥사노에이트, 세테아릴알코올, 글리세린, 나이아신아마이드, 사이클로헥사실록세인, 베헤닐알코올, 시어버터, 하이드로제네이티드식물성오일, 글리세릴스테아레이트, 1,2-헥산다이올, 실리카, 펜타에리스리틸다이스테아레이트, 비스-피이지-18메틸에터다이메틸실레인, 피이지-100스테아레이트, 향료, 세테아릴글루코사이드, 폴리실리콘-11, 폴리아크릴레이트-13, 잔탄검, 폴리아이소부텐, 다이소듐이디티에이, 에틸헥실글리세린, 아데노신, 리모넨, 폴리솔베이트20, 스테아릭애씨드, 솔비탄아이소스테아레이트, 하이드로제네이티드레시틴, 덱스트린, 카카오추출물, 불가리스쑥추출물, 약모밀추출물, 폴리글리세릴-3메틸글루코오스다이스테아레이트, 라즈베리추출물, 꿀풀잎추출물, 인동덩굴꽃추출물, 초피나무열매추출물, 서양민들레뿌리줄기/뿌리추출물, 영지버섯추출물, 리날룰, 글루코오스, 시트로넬올, 시트랄, 제라니올, 비에이치티, 토코페롤, 꽃송이버섯추출물"
노세범 AC 파우더 5g,이니스프리,"실리카, 다이메티콘/비닐다이메티콘크로스폴리머, 비닐다이메티콘/메티콘실세스퀴옥세인크로스폴리머, 다이메티콘, 부틸렌글라이콜다이카프릴레이트/다이카프레이트, 정제수, 마이카, 변성알코올, 부틸렌글라이콜, 칼라민, 에틸헥실글리세린, 라우로일라이신, 1,2-헥산다이올, 데하이드로아세틱애씨드, 창포뿌리추출물, 살리실릭애씨드, 프로판다이올, 병풀꽃/잎/줄기추출물, 토코페롤, 다이소듐이디티에이, 소듐하이알루로네이트, 하이드롤라이즈드하이알루로닉애씨드, 소듐하이알루로네이트크로스폴리머, 하이알루로닉애씨드, 소듐아세틸레이티드하이알루로네이트"
유채꿀 립밤  3.5g,이니스프리,"페트롤라툼, 폴리글리세릴-2트라이아이소스테아레이트, 다이아이소스테아릴말레이트, 미네랄오일, 호호바에스터, 하이드로제네이티드폴리아이소부텐, 폴리에틸렌, 메도우폼델타-락톤, 콜레스테릴하이드록시스테아레이트, 하이드로제네이티드코코-글리세라이즈, 칸데릴라왁스, 마이크로크리스탈린왁스,망고씨버터, 세레신, 스위트아몬드오일, 트라이하이드록시스테아린, 페녹시에탄올, 카프릴릴글라이콜, 토코페릴아세테이트, 글리세릴카프릴레이트, 호호바씨오일, 동백나무씨오일, 향료, 토코페롤, 티비에이치큐, 카멜그라스오일,정제수, 부틸렌글라이콜, 꿀추출물(0.03ppm), 에틸헥실글리세린"
스페셜케어마스크 핸드 20ml,이니스프리,"정제수, 다이메티콘, 부틸렌글라이콜, 글리세린, 에탄올, 세틸에틸헥사노에이트, 1,2-헥산다이올, 글리세릴스테아레이트, 베타인, 세테아릴알코올, 피이지-100스테아레이트, 페녹시에탄올, 폴리아크릴레이트-13, 아크릴레이트/C10-30알킬아크릴레이트크로스폴리머, 사이클로펜타실록세인, 폴리아이소부텐, 향료, 에틸헥실글리세린, 포타슘하이드록사이드, 벤질벤조에이트, 다이소듐이디티에이, 다이메티콘올, 폴리솔베이트20, 솔비탄아이소스테아레이트, 우레아, 폴리글리세릴-3메틸글루코오스다이스테아레이트, 세테아릴글루코사이드, 메틸글루코오스세스퀴스테아레이트, 녹차추출물, 작약뿌리추출물, 인동덩굴꽃추출물, 도둑놈의지팡이뿌리추출물, 복사나무잎추출물, 황금추출물, 은행나무잎추출물, 병풀추출물, 쇠비름추출물"
블랙티 유스 인핸싱 크림 50ml,이니스프리,"정제수, 글리세린, 부틸렌글라이콜, 하이드로제네이티드폴리(C6-14올레핀), 펜타에리스리틸테트라에틸헥사노에이트, 메틸트라이메티콘, 나이아신아마이드, 다이메티콘, 피씨에이다이메티콘, 세테아릴알코올, 글리세릴스테아레이트, 글리세릴스테아레이트시트레이트, 1,2-헥산다이올, 하이드로제네이티드코코-글리세라이즈, 아크릴레이트/C10-30알킬아크릴레이트크로스폴리머, 트로메타민, 하이드록시에틸아크릴레이트/소듐아크릴로일다이메틸타우레이트코폴리머, 글리세릴카프릴레이트, 향료, 잔탄검, 펜틸렌글라이콜, 에틸헥실글리세린, 아데노신, 다이소듐이디티에이, 리모넨, 소듐하이알루로네이트, 덱스트린, 카카오추출물, 홍차추출물(100 ppm), 솔비탄아이소스테아레이트, 리날룰, 시트로넬올, 서양톱풀추출물, 시트랄, 토코페롤"
화산송이 한지 기름종이 50매,이니스프리,상세참조
비자 트러블 클렌징폼 150g,이니스프리,"정제수, 글리세린, 미리스틱애씨드, 라우릭애씨드, 포타슘하이드록사이드, 스테아릭애씨드, 라우릴하이드록시설테인, 글리세릴스테아레이트, 글라이콜다이스테아레이트, 팔미틱애씨드, 소듐클로라이드, 코코-글루코사이드, 피마자씨오일, 데실글루코사이드, 흰버드나무껍질추출물, 멘톨, 소듐메타포스페이트, 비자나무씨오일(1,000ppm), 리모넨, 두송열매오일, 구주소나무잎오일, 연필향나무오일, 라벤더오일, 라임전초오일, 덱스트린, 카카오추출물, 리날룰, 레몬껍질오일, 불가리스쑥오일, 살리실릭애씨드, 광곽향오일, 프로방스장미꽃추출물, 솔잣나무잎/너트/줄기오일"
그린티 히알루론산 로션 170ml,이니스프리,"정제수, 글리세린, 프로판다이올, 펜타에리스리틸테트라에틸헥사노에이트, 1,2-헥산다이올, 다이아이소스테아릴말레이트, 나이아신아마이드, C14-22알코올, 카보머, 트로메타민, C12-20알킬글루코사이드, 락토바실러스발효용해물, 소듐스테아로일글루타메이트, 소듐메타포스페이트, 부틸렌글라이콜, 에틸헥실글리세린, 녹차추출물, 하이알루로닉애씨드, 판테놀, 알지닌, 아스파틱애씨드, 글루타믹애씨드, 글루코노락톤, 소듐하이알루로네이트, 하이드롤라이즈드하이알루로닉애씨드, 소듐하이알루로네이트크로스폴리머, 토코페롤, 소듐아세틸레이티드하이알루로네이트"
비타C 그린티 엔자임 잡티 토닝 패드 60매/170ml,이니스프리,"정제수, 부틸렌글라이콜, 글리세린, 나이아신아마이드(40,000 ppm), 1,2-헥산다이올, 판테놀, 알란토인, 마그네슘아스코빌포스페이트(1,000 ppm), 하이드록시에틸셀룰로오스, 시트릭애씨드, 에틸헥실글리세린, 폴리글리세릴-10라우레이트, 다이프로필렌글라이콜, 다이포타슘글리시리제이트, 소듐파이테이트, 덱스트린, 소듐하이알루로네이트, 소듐시트레이트, 글루코노락톤, 메틸다이아이소프로필프로피온아마이드, 프로판다이올, 사이클로덱스트린, 베타-글루칸, 프로테아제(10 ppm), 만다린껍질추출물, 토코페롤, 글루타티온, 페룰릭애씨드, 마데카소사이드"
라이트 피팅 메이크업 베이스 SPF23/PA++ 30ml,이니스프리,"정제수, 다이메티콘, 프로판다이올, 카프릴릴메티콘, 티타늄디옥사이드, 에칠헥실살리실레이트, 부틸옥틸살리실레이트, 티타늄디옥사이드 (CI 77891), 트라이실록세인, 메틸트라이메티콘, 다이메티콘/비닐다이메티콘크로스폴리머, 페닐트라이메티콘, 폴리글리세릴-3폴리다이메틸실록시에틸다이메티콘, 1,2-헥산다이올, 라우릴폴리글리세릴-3폴리다이메틸실록시에틸다이메티콘, 울트라마린, 소듐클로라이드, 실리카, 알루미나, 다이스테아다이모늄헥토라이트, 자일리톨, 하이드로제네이티드레시틴, 카프릴릴글라이콜, 알루미늄하이드록사이드, 트라이하이드록시스테아린, 시메티콘, 에틸헥실글리세린, 카올린, 트라이에톡시카프릴릴실레인, 스테아릭애씨드, 향료, 토코페릴리놀리에이트, 호호바씨오일, 녹차씨오일, 헥실신남알, 리날룰, 리모넨, 토코페롤, 프로필렌글라이콜, 소듐하이알루로네이트"
그린티 히알루론산 미스트 150ml,이니스프리,"정제수, 프로판다이올, 부틸렌글라이콜, 카프릴릭/카프릭트라이글리세라이드, 1,2-헥산다이올, 피피지-13-데실테트라데세스-24, 글리세릴카프릴레이트, 에틸헥실글리세린, 다이소듐이디티에이, 녹차추출물(191 ppm), 판테놀, 소듐하이알루로네이트(3 ppm), 하이드롤라이즈드하이알루로닉애씨드(0.5 ppm), 소듐하이알루로네이트크로스폴리머(0.2 ppm), 하이알루로닉애씨드(0.1 ppm), 소듐아세틸레이티드하이알루로네이트(0.01 ppm)"
레티놀 시카 흔적 장벽 크림 50ml,이니스프리,"정제수, 부틸렌글라이콜, 글리세린, 카프릴릭/카프릭트라이글리세라이드, 나이아신아마이드, 다이카프릴릴에터, 메틸트라이메티콘, 1,2-헥산다이올, 판테놀, 다이에톡시에틸석시네이트, 다이페닐다이메티콘, 글리세릴폴리메타크릴레이트, 세테아릴올리베이트, 하이드로제네이티드레시틴, 폴리메틸실세스퀴옥세인, 솔비탄올리베이트, 하이드록시에틸아크릴레이트/소듐아크릴로일다이메틸타우레이트코폴리머, 아크릴레이트/C10-30알킬아크릴레이트크로스폴리머, 알란토인, 트로메타민, 돌콩오일, 세테아릴알코올, 토코페롤, 토코페릴아세테이트, 다이포타슘글리시리제이트, 글리세릴카프릴레이트, 피토스테롤, 아시아티코사이드, 해바라기씨오일, 마데카식애씨드, 아시아틱애씨드, 다이소듐이디티에이, 에틸헥실글리세린, 아데노신, 세테아릴글루코사이드, 당근추출물, 솔비탄아이소스테아레이트, 레티놀(500IU/g), 프로판다이올, 마데카소사이드, 베타-카로틴, 병풀꽃/잎/줄기추출물, 하이드로제네이티드포스파티딜콜린, 데카펩타이드-4, 소듐올리에이트"
그린티 세라마이드 밀크 에센스 리필 160ml,이니스프리,"정제수, 글리세린, 부틸렌글라이콜, 프로판다이올, 하이드로제네이티드쌀겨오일, 베타인, 1,2-헥산다이올, 만니톨, 폴리글리세린-3, 피피지-13-데실테트라데세스-24, 하이드로제네이티드레시틴, 펜틸렌글라이콜, 글리세릴카프릴레이트, 잔탄검, 카보머, 에틸헥실글리세린, 카프릴릭/카프릭트라이글리세라이드, 소듐스테아로일글루타메이트, 트로메타민, 하이드록시에틸아크릴레이트/소듐아크릴로일다이메틸타우레이트코폴리머, 소듐메타포스페이트, 나이아신아마이드, 폴리글리세릴-10스테아레이트, 솔비탄아이소스테아레이트, 하이알루로닉애씨드, 세라마이드엔피(10 ppm), 피토스테롤, 녹차씨오일(5 ppm), 토코페롤, 소듐하이알루로네이트, 녹차추출물(0.5 ppm), 카프릴릴글라이콜, 프로필렌글라이콜, 글리세릴올리에이트, 레시틴, 라우릴글루코사이드, 하이드롤라이즈드하이알루로닉애씨드, 폴리글리세릴-6라우레이트, 미리스틸글루코사이드, 소듐하이알루로네이트크로스폴리머, 소듐트라이메타포스페이트, 소듐아세틸레이티드하이알루로네이트, 아세틸테트라펩타이드-2"
한란 아이 크림 30ml,이니스프리,"정제수, 부틸렌글라이콜, 글리세린, 스쿠알란, 세틸에틸헥사노에이트, 메도우폼씨오일, 카나우바왁스, 나이아신아마이드, 사이클로펜타실록세인, 시어버터, 글리세릴스테아레이트, 사이클로헥사실록세인, C14-22알코올, 1,2-헥산다이올, 아라키딜알코올, 팔미틱애씨드, 스테아릭애씨드, 세테아릴알코올, 피이지-100스테아레이트, 프로판다이올, 베헤닐알코올, 폴리아크릴레이트-13, C12-20알킬글루코사이드, 아라키딜글루코사이드, 향료, 폴리아이소부텐, 하이드로제네이티드레시틴, 글리세릴카프릴레이트, 폴리글리세릴-3메틸글루코오스다이스테아레이트, 에틸헥실글리세린, 잔탄검, 다이소듐이디티에이, 아데노신, 폴리솔베이트20, 솔비탄아이소스테아레이트, 귀리커넬추출물, 카페인, 하이알루로닉애씨드, 만니톨, 헥실신남알, 리날룰, 베타인, 미리스틱애씨드, 글루코오스, 난추출물(10 ppm), 라우릭애씨드, 페녹시에탄올, 카퍼트라이펩타이드-1, 토코페롤, 아세틸테트라펩타이드-5, 아세틸테트라펩타이드-11"
파워프루프 라이너  0.6g,이니스프리,"정제수, 에틸헥실아크릴레이트/메틸메타크릴레이트코폴리머, 부틸렌글라이콜, 카본블랙, 에탄올, 베헤네스-30, 암모늄아크릴레이트/메틸스타이렌/스타이렌코폴리머, 아크릴레이트/옥틸아크릴아마이드코폴리머, 페녹시에탄올, 펜틸렌글라이콜, 카프릴릴글라이콜, 에틸헥실글리세린, 1,2-헥산다이올, 폴리글리세릴-3다이실록세인다이메티콘, 소듐하이드록사이드, 다이소듐이디티에이"
올리브 비타민 E 리얼 스킨 170ml,이니스프리,"정제수, 부틸렌글라이콜, 글리세린, 베타인, 글리세레스-26, 아이소펜틸다이올, 1,2-헥산다이올, 피피지-13-데실테트라데세스-24, 아크릴레이트/C10-30알킬아크릴레이트크로스폴리머, 하이드록시에틸셀룰로오스, 트로메타민, 소듐메타포스페이트, 글리세릴카프릴레이트, 리모넨, 올리브오일(500 ppm), 에틸헥실글리세린, 토코페롤(101.5 ppm), 토코페릴아세테이트(100 ppm), 레몬껍질오일, 오렌지껍질오일, 폴리솔베이트60, 다이소듐포스페이트, 소듐포스페이트"
그린티 씨드 히알루론산 세럼 80ml,이니스프리,"정제수*, 프로판다이올*, 글리세린*, 1,2-헥산다이올*, 나이아신아마이드, 베타인, 사카라이드아이소머레이트, 녹차씨오일(2,609 ppm), 자일리톨, 세테아릴올리베이트, 하이드로제네이티드레시틴, 부틸렌글라이콜*, 솔비탄올리베이트, 락토바실러스발효용해물, 아크릴레이트/C10-30알킬아크릴레이트크로스폴리머, 스쿠알란, 판테놀, 알란토인, 하이드록시에틸아크릴레이트/소듐아크릴로일다이메틸타우레이트코폴리머, 트로메타민, 트라이에틸시트레이트, 에틸헥실글리세린*, 캐롭검, 다이소듐이디티에이*, 리모넨, 녹차추출물(366 ppm)*, 다이포타슘글리시리제이트, 레몬껍질오일, 소듐하이알루로네이트(103 ppm), 하이알루로닉애씨드(100 ppm)*, 덱스트린, 카카오추출물, 3-O-에틸아스코빅애씨드, 소듐시트레이트, 시트릭애씨드, 솔비탄아이소스테아레이트, 마테잎추출물, 글리세릴올리에이트*, 시트랄, 소두구씨오일, 토코페롤*, 레시틴*, 수크로오스, 라우릴글루코사이드*, 폴리글리세릴-6라우레이트*, 미리스틸글루코사이드*, 스피어민트잎오일, 시트로넬라오일, 갈바눔수지오일, 잔탄검*, 락틱애씨드, 하이드롤라이즈드하이알루로닉애씨드(0.5 ppm), 소듐하이알루로네이트크로스폴리머(0.2 ppm), 소듐아세틸레이티드하이알루로네이트(0.01 ppm)"
레티놀 그린티 PDRN 스킨부스터 토너 170ml,이니스프리,"정제수, 부틸렌글라이콜, 락토바실러스발효용해물, 글리세린, 나이아신아마이드, 폴리글리세린-3, 1,2-헥산다이올, 프로판다이올, 피피지-13-데실테트라데세스-24, 돌콩오일, 에틸헥실글리세린, 판테놀, 아데노신, 소듐폴리아크릴레이트, 소듐메타포스페이트, 레티놀, 토코페롤, 소듐하이알루로네이트, 녹차추출물, 하이드롤라이즈드하이알루로닉애씨드, 소듐하이알루로네이트크로스폴리머, 하이알루로닉애씨드, 소듐아세틸레이티드하이알루로네이트"
올리브 비타민 E 리얼 로션 170ml,이니스프리,"정제수, 프로판다이올, 부틸렌글라이콜, 하이드로제네이티드폴리아이소부텐, 하이드로제네이티드폴리(C6-14올레핀), 펜타에리스리틸테트라에틸헥사노에이트, 펜타에리스리틸테트라아이소스테아레이트, 하이드로제네이티드식물성오일, 메틸트라이메티콘, 1,2-헥산다이올, 세테아릴알코올, 폴리글리세릴-10스테아레이트, 올리브오일(5,000 ppm), 피씨에이다이메티콘, 글리세릴스테아레이트, 팔미틱애씨드, 세테아릴글루코사이드, 스테아릭애씨드, 카보머, 잔탄검, 소듐메타포스페이트, 글리세릴카프릴레이트, 소듐스테아로일글루타메이트, 트로메타민, 리모넨, 에틸헥실글리세린, 레시틴, 토코페롤(103.5 ppm), 토코페릴아세테이트(100 ppm), 레몬껍질오일, 오렌지껍질오일"
그린티 씨드 히알루론산 세럼 리필 80ml,이니스프리,"정제수*, 프로판다이올*, 글리세린*, 1,2-헥산다이올*, 나이아신아마이드, 베타인, 사카라이드아이소머레이트, 녹차씨오일(2,609 ppm), 자일리톨, 세테아릴올리베이트, 하이드로제네이티드레시틴, 부틸렌글라이콜*, 솔비탄올리베이트, 락토바실러스발효용해물, 아크릴레이트/C10-30알킬아크릴레이트크로스폴리머, 스쿠알란, 판테놀, 알란토인, 하이드록시에틸아크릴레이트/소듐아크릴로일다이메틸타우레이트코폴리머, 트로메타민, 트라이에틸시트레이트, 에틸헥실글리세린*, 캐롭검, 다이소듐이디티에이*, 리모넨, 녹차추출물(366 ppm)*, 다이포타슘글리시리제이트, 레몬껍질오일, 소듐하이알루로네이트(103 ppm), 하이알루로닉애씨드(100 ppm)*, 덱스트린, 카카오추출물, 3-O-에틸아스코빅애씨드, 소듐시트레이트, 시트릭애씨드, 솔비탄아이소스테아레이트, 마테잎추출물, 글리세릴올리에이트*, 시트랄, 소두구씨오일, 토코페롤*, 레시틴*, 수크로오스, 라우릴글루코사이드*, 폴리글리세릴-6라우레이트*, 미리스틸글루코사이드*, 스피어민트잎오일, 시트로넬라오일, 갈바눔수지오일, 잔탄검*, 락틱애씨드, 하이드롤라이즈드하이알루로닉애씨드(0.5 ppm), 소듐하이알루로네이트크로스폴리머(0.2 ppm), 소듐아세틸레이티드하이알루로네이트(0.01 ppm)"
그린티 히알루론산 진정수분 선세럼 AD SPF50/PA++++ 50ml,이니스프리,"정제수, 다이에틸헥실석시네이트, 프로판 다이올, 드로메트리졸트리실록산, 에칠헥실트리아 존, 나이아신아마이드, 디에칠아미노하이드록시벤 조일헥실벤조에이트, 테레프탈릴리덴디캠퍼설포닉 애씨드, 1,2-헥산다이올, 베헤닐알코올, 트로메타민, 소듐폴리아크릴로일다이메틸타우레이트, 페닐트라 이메티콘, 카프릴릴메티콘, 폴리아크릴레이트크로 스폴리머-6, 아라키딜알코올, 하이알루로닉애씨드 (2,202 ppm), 포타슘세틸포스페이트, 부틸렌글라이 콜, 락토바실러스발효용해물, 에틸헥실글리세린, 카 프릴릴글라이콜, 판테놀, 아라키딜글루코사이드, 아 데노신, 글리세린, 소듐하이알루로네이트(260 ppm), 알란토인, 소듐메타포스페이트, 마데카소사이드, 세 라마이드엔피, 글리세릴올리에이트, 토코페롤, 레시 틴, 라우릴글루코사이드, 폴리글리세릴-6라우레이 트, 미리스틸글루코사이드, 하이드롤라이즈드하이 알루로닉애씨드(10 ppm), 녹차추출물(8 ppm), 소 듐하이알루로네이트크로스폴리머(4 ppm), 잔탄검, 소듐아세틸레이티드하이알루로네이트(0.2 ppm), 아세틸테트라펩타이드-2"
수퍼 화산송이 쿨민초 모공팩 100ml,이니스프리,"정제수, 부틸렌글라이콜, 티타늄디옥사이드 (CI 77891), 실리카, 글리세린, 트레할로오스, 화산재(21085ppm), 폴리비닐알코올, 벤토나이트, 카올린, 카프릴릭/카프릭트라이글리세라이드, 1,2-헥산다이올, 글리세릴스테아레이트, 세테아릴알코올, 피브이피, 포도씨가루, 피이지-100스테아레이트, 폴리솔베이트60, 팔미틱애씨드, 스테아릭애씨드, 크로뮴옥사이드그린, 하이드로제네이티드식물성오일, 잔탄검, 향료, 호두나무열매껍질가루, 솔비탄스테아레이트, 옥수수전분, 폴리아크릴레이트-13, 폴리솔베이트20, 만니톨, 마이크로크리스탈린셀룰로오스, 소듐메타포스페이트, 락틱애씨드, 락틱애씨드/글라이콜릭애씨드코폴리머, 폴리아이소부텐, 멘톡시프로판다이올, 테트라소듐파이로포스페이트, 에틸헥실글리세린, 솔비탄아이소스테아레이트, 락토바실러스발효용해물, 폴리쿼터늄-10, 레시틴, 토코페롤"
비타C 잡티 톤업 선스크린 SPF50+/PA++++ 50ml,이니스프리,"정제수, 다이부틸아디페이트, 프로판다이올, 부틸옥틸살리실레이트, 다이카프릴릴카보네이트, 티타늄디옥사이드, 디에칠아미노하이드록시벤조일헥실벤조에이트, 폴리실리콘-15, 나이아신아마이드, 에칠헥실트리아존, 폴리메틸실세스퀴옥세인, 글리세린, 티타늄디옥사이드 (CI 77891), 1,2-헥산다이올, 펜틸렌글라이콜, 아크릴레이트코폴리머, 하이드로제네이티드폴리아이소부텐, 브이피/에이코신코폴리머, 스테아릴다이메티콘, 세틸다이메티콘, 메틸프로판다이올, 코코-카프릴레이트/카프레이트, 폴리글리세릴-2카프레이트, 폴리하이드록시스테아릭애씨드, 암모늄아크릴로일다이메틸타우레이트/브이피코폴리머, 수크로오스스테아레이트, 폴리아크릴레이트크로스폴리머-6, 호호바씨오일, 스테아릭애씨드, 에틸헥실글리세린, 하이드록시프로필메틸셀룰로오스스테아록시에터, 알루미나, 이눌린라우릴카바메이트, 글리세릴카프릴레이트, 황색산화철, 잔탄검, 적색산화철, 트라이에톡시카프릴릴실레인, 알루미늄하이드록사이드, 아데노신, 스쿠알란, 폴리에터-1, 소듐폴리아크릴레이트, 토코페롤, 메톡시페닐에테닐t-부틸벤조에이트, 바이오사카라이드검-1, 아스코빅애씨드(0.1 PPM), 마데카소사이드, 3-O-에틸아스코빅애씨드(0.1 PPM), 부틸렌글라이콜, 하이드롤라이즈드하이알루로닉애씨드, 다이메틸실란올하이알루로네이트, 하이드롤라이즈드소듐하이알루로네이트, 소듐하이알루로네이트, 하이알루로닉애씨드, 포타슘하이알루로네이트, 소듐하이알루로네이트크로스폴리머, 하이드록시프로필트라이모늄하이알루로네이트, 소듐하이알루로네이트다이메틸실란올, 소듐아세틸레이티드하이알루로네이트"
레티놀 그린티 PDRN 스킨부스터 앰플 25ml,이니스프리,"락토바실러스발효용해물(56.88%), 글리세린, 프로판다이올, 정제수, 다이프로필렌글라이콜, 부틸렌글라이콜, 나이아신아마이드, 1,2-헥산다이올, 스쿠알란, 글리세릴폴리메타크릴레이트, 다이메틸아이소소바이드, 메틸트라이메티콘, 세테아릴알코올, 하이드록시에틸우레아, 암모늄아크릴로일다이메틸타우레이트/브이피코폴리머, 해바라기씨오일, 돌콩오일, 알란토인, 글리세릴스테아레이트, 잔탄검, 토코페롤, 토코페릴아세테이트, 펜틸렌글라이콜, 다이포타슘글리시리제이트, 소듐스테아로일글루타메이트, 하이드로제네이티드레시틴, 당근추출물, 하이드록시피나콜론레티노에이트, 스테아릭애씨드, 폴리글리세릴-3메틸글루코오스다이스테아레이트, 소듐폴리아크릴레이트, 소듐메타포스페이트, 코질메틸렌다이옥시신나메이트, 팔미틱애씨드, 에틸헥실글리세린, 아데노신, 레티놀(1,000IU/g), 소듐하이알루로네이트, 하이알루로닉애씨드, 하이드롤라이즈드식물성단백질, 서양톱풀추출물, 베타-카로틴, 미리스틱애씨드, 라우릭애씨드, 풀루란, 제인, 녹차추출물, 펙틴, 시트릭애씨드"
올리브 비타민e 리얼 크림 50ml,이니스프리,"정제수, 글리세린, 프로판다이올, 스쿠알란, 다이메티콘, 폴리글리세릴-3메틸글루코오스다이스테아레이트, 부틸렌글라이콜다이카프릴레이트/다이카프레이트, 세틸에틸헥사노에이트, 메도우폼씨오일, 펜타에리스리틸테트라에틸헥사노에이트, 글리세릴스테아레이트, 1,2-헥산다이올, 베헤닐알코올, 시어버터, 올리브오일(10,000PPM), 카나우바왁스, 세테아릴알코올, 폴리C10-30알킬아크릴레이트, 폴리아크릴레이트-13, 리모넨, 하이드로제네이티드폴리아이소부텐, 소듐스테아로일글루타메이트, 토코페릴아세테이트(1,000PPM), 카프릴릴글라이콜, 소듐메타포스페이트, 에틸헥실글리세린, 폴리글리세릴-10라우레이트, 에틸헥실팔미테이트, 바이오사카라이드검-1, 펜틸렌글라이콜, 레몬껍질오일, 솔비탄아이소스테아레이트, 베타-글루칸, 토코페롤(100PPM), 덱스트린, 카카오추출물, 오렌지껍질오일, 시트랄, 리날룰"
그린티 히알루론산 글로우 아이&페이스볼 10ml,이니스프리,"정제수, 부틸렌글라이콜, 글리세린, 프로판다이올, 나이아신아마이드, 다이메티콘, 페닐트라이메티콘, 카페인, 1,2-헥산다이올, 스쿠알란, 폴리솔베이트20, 폴리실리콘-11, 카보머, 피씨에이다이메티콘, 폴리아크릴레이트크로스폴리머-6, 트로메타민, 보론나이트라이드, 소듐폴리아크릴로일다이메틸타우레이트, 티타늄디옥사이드 (CI 77891), 다이메티콘올, 합성플루오르플로고파이트, 글리세릴카프릴레이트, 소듐메타포스페이트, 에틸헥실글리세린, 아데노신, 녹차추출물(121 ppm), 알지닌, 사이클로덱스트린, 하이드록시프로필사이클로덱스트린, 말토덱스트린, 시트릭애씨드, 소듐하이알루로네이트(30 ppm), 틴옥사이드, 하이드롤라이즈드하이알루로닉애씨드(5 ppm), 소듐하이알루로네이트크로스폴리머(2 ppm), 하이알루로닉애씨드(1 ppm), 토코페롤, 소듐아세틸레이티드하이알루로네이트(0.1 ppm)"
그린티 씨드 히알루론산 스킨케어 세트,이니스프리,"[스킨] 정제수*, 프로판다이올*, 글리세린, 베타인, 폴리글리세린-3, 1,2-헥산다이올*, 락토바실러스발효용해물, 글루코노락톤, 소듐메타포스페이트*, 부틸렌글라이콜, 에틸헥실글리세린*, 잔탄검, 트로메타민, 녹차추출물*, 판테놀, 베타-글루칸, 소듐하이알루로네이트, 하이드롤라이즈드하이알루로닉애씨드, 소듐하이알루로네이트크로스폴리머, 하이알루로닉애씨드, 토코페롤, 소듐아세틸레이티드하이알루로네이트 [로션] 정제수, 글리세린, 프로판다이올, 펜타에리스리틸테트라에틸헥사노에이트, 1,2-헥산다이올, 다이아이소스테아릴말레이트, 나이아신아마이드, C14-22알코올, 카보머, 트로메타민, C12-20알킬글루코사이드, 락토바실러스발효용해물, 소듐스테아로일글루타메이트, 소듐메타포스페이트, 부틸렌글라이콜, 에틸헥실글리세린, 녹차추출물, 하이알루로닉애씨드, 판테놀, 알지닌, 아스파틱애씨드, 글루타믹애씨드, 글루코노락톤, 소듐하이알루로네이트, 하이드롤라이즈드하이알루로닉애씨드, 소듐하이알루로네이트크로스폴리머, 토코페롤, 소듐아세틸레이티드하이알루로네이트"
애플씨드 립 앤 아이 메이크업 리무버 100ml,이니스프리,"정제수, 사이클로펜타실록세인, 코코넛야자오일, 글리세린, 헥실렌글라이콜, 1,2-헥산다이올, 소듐클로라이드, 카프릴릴/카프릴글루코사이드, 라우릴메틸글루세스-10하이드록시프로필다이모늄클로라이드, 코코-카프릴레이트/카프레이트, 다이포타슘포스페이트, 다이소듐이디티에이, 에틸헥실글리세린, 포타슘포스페이트, 사과씨오일(40ppm), 카프릴릭/카프릭트라이글리세라이드, 사과추출물(20ppm), 부틸렌글라이콜, 토코페롤"
블랙티 유스 인핸싱 로션 170ml,이니스프리,"정제수, 부틸렌글라이콜, 다이메티콘, 하이드로제네이티드폴리(C6-14올레핀), 글리세린, 세틸에틸헥사노에이트, 나이아신아마이드, 1,2-헥산다이올, 폴리솔베이트60, 글리세릴스테아레이트, 세테아릴알코올, 글리세릴스테아레이트시트레이트, 하이드로제네이티드식물성오일, 스테아릭애씨드, 솔비탄스테아레이트, 피이지-100스테아레이트, 카보머, 트로메타민, 팔미틱애씨드, 글리세릴카프릴레이트, 펜틸렌글라이콜, 다이소듐이디티에이, 에틸헥실글리세린, 아데노신, 향료, 덱스트린, 카카오추출물, 홍차추출물(100 ppm), 리모넨, 잔탄검, 서양톱풀추출물, 리날룰, 토코페롤"
비타C 엔자임 잡티 토닝 크림 50ml,이니스프리,"정제수, 부틸렌글라이콜, 프로판다이올, 글리세린, 나이아신아마이드(40,000 ppm), 아이소펜틸다이올, 1,2-헥산다이올, 하이드로제네이티드폴리(C6-14올레핀), 카프릴릭/카프릭트라이글리세라이드, 아이소노닐아이소노나노에이트, 스쿠알란, 암모늄아크릴로일다이메틸타우레이트/브이피코폴리머, 아크릴레이트/C10-30알킬아크릴레이트크로스폴리머, 알지닌, 트레할로오스, 하이드록시에틸아크릴레이트/소듐아크릴로일다이메틸타우레이트코폴리머, 소듐아크릴릭애씨드/엠에이코폴리머, 덱스트린, 잔탄검, 3-O-에틸아스코빅애씨드(1,000 ppm), 세테아릴올리베이트, 만다린껍질추출물, 캐스터오일/아이피디아이코폴리머, 황련뿌리추출물, 에틸헥실글리세린, 당근추출물, 솔비탄올리베이트, 카놀라오일, 사이클로덱스트린, 소듐파이테이트, 글리세릴아크릴레이트/아크릴릭애씨드코폴리머, 솔비탄아이소스테아레이트, 프로테아제(100 ppm)*, 카프릴릴글라이콜, 피브이엠/엠에이코폴리머, 당근씨오일, 카보머, 아스코빌테트라이소팔미테이트(10.3 ppm), 토코페릴아세테이트, 베타-카로틴, 해바라기씨오일, 아모다이메티콘, 글루코오스, 소듐하이알루로네이트, 판테놀, 아이리쉬모스 추출물, 하이드록시프로필트라이모늄하이알루로네이트, 소듐아스코빌포스페이트(0.1001 ppm), 토코페롤, 마그네슘아스코빌포스페이트(0.1 ppm), 글루타티온, 페룰릭애씨드, 아마씨오일, 하이드롤라이즈드하이알루로닉애씨드, 소듐아세틸레이티드하이알루로네이트, 사이아노코발아민, 글루코노락톤, 하이알루로닉애씨드, 소듐하이알루로네이트크로스폴리머, 하이드롤라이즈드소듐하이알루로네이트, 포타슘하이알루로네이트, 리놀레닉애씨드, 리놀레익애씨드, 아스코빅애씨드(0.001 ppb), 바이오틴, 폴릭애씨드, 리보플라빈, 피리독신, 티아민에이치씨엘"
한란인리치드크림 50ml,이니스프리,"정제수, 사이클로펜타실록세인, 프로판다이올, 글리세린, 사이클로헥사실록세인, 피이지-10다이메티콘, 스쿠알란, 나이아신아마이드, 다이페닐실록시페닐트라이메티콘, 다이스테아다이모늄헥토라이트, 소듐클로라이드, 1,2-헥산다이올, 라우릴피이지-9폴리다이메틸실록시에틸다이메티콘, 다이메티콘, 폴리실리콘-11, 다이메티콘/비닐다이메티콘크로스폴리머, 향료, 글리세릴카프릴레이트, 에틸헥실글리세린, 아데노신, 다이소듐이디티에이, 하이알루로닉애씨드, 헥실신남알, 베타인, 리날룰, 덱스트린, 카카오추출물, 글루코오스, 난추출물(10 ppm), 적색산화철, 토코페롤, 알지닌/라이신폴리펩타이드"
국화 여성 청결제 200ml,이니스프리,"정제수, 부틸렌글라이콜, 하이드록시프로필메틸셀룰로오스, 라우릴베타인, 에탄올, 국화추출물(900 ppm), 에틸헥실글리세린, 다이소듐이디티에이, 1,2-헥산다이올, 시트릭애씨드, 토코페롤, 녹차추출물"
왕벚꽃 글로우 스킨핏 톤업크림 SPF50 / PA++++ 50ml,이니스프리,"정제수, 부틸렌글라이콜, 글리세린, 디에칠아미노하이드록시벤조일헥실벤조에이트, 호모살레이트, 에칠헥실살리실레이트, 메틸트라이메티콘, 부틸옥틸살리실레이트, 티타늄디옥사이드, C12-15알킬벤조에이트, 티타늄디옥사이드 (CI 77891), 비스-에칠헥실옥시페놀메톡시페닐트리아진, 나이아신아마이드, 폴리실리콘-15, 1,2-헥산다이올, 실리카, 베타인, 세테아릴알코올, 폴리C10-30알킬아크릴레이트, 하이드록시에틸아크릴레이트/소듐아크릴로일다이메틸타우레이트코폴리머, 알루미늄스테아레이트, 알루미나, 스테아릭애씨드, 폴리하이드록시스테아릭애씨드, 아크릴레이트/C10-30알킬아크릴레이트크로스폴리머, 글리세릴스테아레이트, 향료, 프로판다이올, 하이드로제네이티드레시틴, 글리세릴카프릴레이트, 트로메타민, 알루미늄하이드록사이드, 폴리글리세릴-3메틸글루코오스다이스테아레이트, 팔미틱애씨드, 다이소듐이디티에이, 에틸헥실글리세린, 적색산화철, 트라이에톡시카프릴릴실레인, 솔비탄아이소스테아레이트, 리날룰, 리모넨, 왕벚나무잎추출물(120 ppm), 제라니올, 미리스틱애씨드, 라우릭애씨드, 토코페롤, 녹차추출물"
애플씨드 클렌징 크림 150ml,이니스프리,"정제수, 세틸에틸헥사노에이트, 옥틸도데칸올, 아이소프로필팔미테이트, 하이드로제네이티드폴리(C6-14올레핀), 부틸렌글라이콜, 다이카프릴릴에터, 다이프로필렌글라이콜, 하이드로제네이티드식물성오일, 1,2-헥산다이올, 글리세릴스테아레이트, 세테아릴알코올, 폴리솔베이트60, 향료, C14-22알코올, 카보머, 트로메타민, C12-20알킬글루코사이드, 글리세릴카프릴레이트, 다이소듐이디티에이, 에틸헥실글리세린, 사과씨오일(40ppm), 코코-카프릴레이트/카프레이트, 카프릴릭/카프릭트라이글리세라이드, 사과추출물(20ppm), 글루코오스, 토코페롤, 돌콩오일"
레티놀 그린티 PDRN 스킨부스터 앰플 40ml,이니스프리,"락토바실러스발효용해물(56.88%), 글리세린, 프로판다이올, 정제수, 다이프로필렌글라이콜, 부틸렌글라이콜, 나이아신아마이드, 1,2-헥산다이올, 스쿠알란, 글리세릴폴리메타크릴레이트, 다이메틸아이소소바이드, 메틸트라이메티콘, 세테아릴알코올, 하이드록시에틸우레아, 암모늄아크릴로일다이메틸타우레이트/브이피코폴리머, 해바라기씨오일, 돌콩오일, 알란토인, 글리세릴스테아레이트, 잔탄검, 토코페롤, 토코페릴아세테이트, 펜틸렌글라이콜, 다이포타슘글리시리제이트, 소듐스테아로일글루타메이트, 하이드로제네이티드레시틴, 당근추출물, 하이드록시피나콜론레티노에이트, 스테아릭애씨드, 폴리글리세릴-3메틸글루코오스다이스테아레이트, 소듐폴리아크릴레이트, 소듐메타포스페이트, 코질메틸렌다이옥시신나메이트, 팔미틱애씨드, 에틸헥실글리세린, 아데노신, 레티놀(1,000IU/g), 소듐하이알루로네이트, 하이알루로닉애씨드, 하이드롤라이즈드식물성단백질, 서양톱풀추출물, 베타-카로틴, 미리스틱애씨드, 라우릭애씨드, 풀루란, 제인, 녹차추출물, 펙틴, 시트릭애씨드"
레티놀 시카 흔적 패드 60매/170ml,이니스프리,"정제수, 글리세레스-26, 글리세린, 나이아신아마이드, 다이프로필렌글라이콜, 1,2-헥산다이올, 병풀추출물, 부틸렌글라이콜, 하이드록시에틸우레아, 폴리글리세릴-10라우레이트, 락토바실러스발효용해물, 알란토인, 에리스리톨, 하이드록시에틸아크릴레이트/소듐아크릴로일다이메틸타우레이트코폴리머, 다이포타슘글리시리제이트, 에틸헥실글리세린, 시어버터, 아데노신, 올리브오일, 카프릴릭/카프릭트라이글리세라이드, 하이드로제네이티드레시틴, 스쿠알란, 아크릴레이트/C10-30 알킬아크릴레이트크로스폴리머, 알지닌, 소듐파이테이트, 암모늄아크릴로일다이메틸타우레이트/브이피코폴리머, 하이드록시에틸셀룰로오스, 폴리글루타믹애씨드, 돌콩오일, 솔비탄아이소스테아레이트, 메틸다이아이소프로필프로피온아마이드, 녹차씨추출물, 레티놀(33IU/g), 세라마이드엔피, 콜레스테롤, 피토스핑고신, 살리실릭애씨드"
노세범 파우더 쿠션 SPF35/PA++ 14g,이니스프리,"정제수, 티타늄디옥사이드 (CI 77891), 사이클로펜타실록세인, 부틸렌글라이콜, 메틸트라이메티콘, 펜타에리스리틸테트라에틸헥사노에이트, 피이지-10다이메티콘, 사이클로헥사실록세인, 티타늄디옥사이드, 실리카, 보론나이트라이드, 마이카, 라우릴폴리글리세릴-3폴리다이메틸실록시에틸다이메티콘, 다이메티콘, 트라이메틸실록시실리케이트, 폴리메틸메타크릴레이트, 다이아이소스테아릴말레이트, 비닐다이메티콘/메티콘실세스퀴옥세인크로스폴리머, 황색산화철, 다이스테아다이모늄헥토라이트, 아크릴레이트/에틸헥실아크릴레이트/다이메티콘메타크릴레이트코폴리머, 폴리실리콘-11, 소듐클로라이드, 판테놀, 알루미나, 알루미늄하이드록사이드, 다이메티콘/비닐다이메티콘크로스폴리머, 트라이에톡시카프릴릴실레인, 카프릴릴글라이콜, 적색산화철, 폴리솔베이트80, 에틸헥실글리세린, 글리세릴카프릴레이트, 하이드로제네이티드레시틴, 시메티콘, 다이소듐이디티에이, 흑색산화철, 프로판다이올, 폴리메틸실세스퀴옥세인, 알루미늄전분옥테닐석시네이트, 1,2-헥산다이올, 토코페롤, 메티콘, 녹차추출물"
그린티 씨드 히알루론산 크림  50ml,이니스프리,"정제수, 프로판다이올, 글리세린, 스테아릴다이메티콘, 메틸트라이메티콘, 부틸렌글라이콜다이카프릴레이트/다이카프레이트, 펜타에리스리틸테트라에틸헥사노에이트, 녹차씨오일, 1,2-헥산다이올, 글리세릴폴리메타크릴레이트, 폴리메틸실세스퀴옥세인, 스쿠알란, 하이드록시에틸아크릴레이트/소듐아크릴로일다이메틸타우레이트코폴리머, 폴리글리세릴-3메틸글루코오스다이스테아레이트, 카보머, 트라이에틸시트레이트, 하이드로제네이티드레시틴, 콜레스테롤, 글리세릴스테아레이트, 트로메타민, 리모넨, 락토바실러스발효용해물, 하이알루로닉애씨드, 판테놀, 알란토인, 세테아릴알코올, 잔탄검, 글리세릴카프릴레이트, 소듐스테아로일글루타메이트, 부틸렌글라이콜, 에틸헥실글리세린, 다이소듐이디티에이, 레몬껍질오일, 솔비탄아이소스테아레이트, 녹차추출물, 마테잎추출물, 소듐하이알루로네이트, 마데카소사이드, 락틱애씨드, 시트랄, 덱스트린, 카카오추출물, 소두구씨오일, 스피어민트잎오일, 리날룰, 시트로넬라오일, 하이드롤라이즈드하이알루로닉애씨드, 갈바눔수지오일, 소듐하이알루로네이트크로스폴리머, 녹차씨추출물, 세라마이드엔피, 토코페롤, 피토스핑고신, 소듐아세틸레이티드하이알루로네이트"
포레스트 포맨 쉐이빙 & 클렌징 폼 150g,이니스프리,"정제수, 글리세린, 미리스틱애씨드, 포타슘하이드록사이드, 피이지-32, 스테아릭애씨드, 팔미틱애씨드, 글리세릴스테아레이트, 피이지-100스테아레이트, 라우릭애씨드, 라우릴글루코사이드, 코카미도프로필베타인, 폴리쿼터늄-7, 향료, 소듐메틸코코일타우레이트, 소듐클로라이드, 리모넨, 멘톨, 다이소듐이디티에이, 리날룰, 소듐벤조에이트, 부틸렌글라이콜, 1,2-헥산다이올, 시트릭애씨드, 흑효모발효물*, 락틱애씨드, 테트라소듐이디티에이, 에틸헥실글리세린"
수퍼 화산송이 모공 마스크 100ml,이니스프리,"정제수, 티타늄디옥사이드 (CI 77891), 부틸렌글라이콜, 실리카, 글리세린, 트레할로오스, 화산재(20,540ppm), 카프릴릭/카프릭트라이글리세라이드, 폴리비닐알코올, 벤토나이트, 카올린, 글리세릴스테아레이트, 스테아릭애씨드, 세테아릴알코올, 피브이피, 1,2-헥산다이올, 피이지-100스테아레이트, 폴리솔베이트60, 흑색산화철, 하이드로제네이티드식물성오일, 잔탄검, 호두나무열매껍질가루, 솔비탄스테아레이트, 옥수수전분, 폴리아크릴레이트-13, 폴리솔베이트20, 황색산화철, 만니톨, 마이크로크리스탈린셀룰로오스, 락틱애씨드/글라이콜릭애씨드코폴리머, 락틱애씨드, 폴리아이소부텐, 적색산화철, 멘톡시프로판다이올, 테트라소듐파이로포스페이트, 다이소듐이디티에이, 에틸헥실글리세린, 솔비탄아이소스테아레이트, 알루미늄하이드록사이드, 트라이에톡시카프릴릴실레인, 토코페롤"
비타C 엔자임 잡티 토닝 크림 리필 50ml,이니스프리,"""정제수, 부틸렌글라이콜, 프로판다이올, 글리세린, 나이아신아마이드(40,000 ppm), 아이소펜틸다이올, 1,2-헥산다이올, 하이드로제네이티드폴리(C6-14올레핀), 카프릴릭/카프릭트라이글리세라이드, 아이소노닐아이소노나노에이트, 스쿠알란, 암모늄아크릴로일다이메틸타우레이트/브이피코폴리머, 아크릴레이트/C10-30알킬아크릴레이트크로스폴리머, 알지닌, 트레할로오스, 하이드록시에틸아크릴레이트/소듐아크릴로일다이메틸타우레이트코폴리머, 소듐아크릴릭애씨드/엠에이코폴리머, 덱스트린, 잔탄검, 3-O-에틸아스코빅애씨드(1,000 ppm), 세테아릴올리베이트, 만다린껍질추출물, 캐스터오일/아이피디아이코폴리머, 황련뿌리추출물, 에틸헥실글리세린, 당근추출물, 솔비탄올리베이트, 카놀라오일, 사이클로덱스트린, 소듐파이테이트, 글리세릴아크릴레이트/아크릴릭애씨드코폴리머, 솔비탄아이소스테아레이트, 프로테아제(100 ppm)*, 카프릴릴글라이콜, 피브이엠/엠에이코폴리머, 당근씨오일, 카보머, 아스코빌테트라이소팔미테이트(10.3 ppm), 토코페릴아세테이트, 베타-카로틴, 해바라기씨오일, 아모다이메티콘, 글루코오스, 소듐하이알루로네이트, 판테놀, 아이리쉬모스 추출물, 하이드록시프로필트라이모늄하이알루로네이트, 소듐아스코빌포스페이트(0.1001 ppm), 토코페롤, 마그네슘아스코빌포스페이트(0.1 ppm), 글루타티온, 페룰릭애씨드, 아마씨오일, 하이드롤라이즈드하이알루로닉애씨드, 소듐아세틸레이티드하이알루로네이트, 사이아노코발아민, 글루코노락톤, 하이알루로닉애씨드, 소듐하이알루로네이트크로스폴리머, 하이드롤라이즈드소듐하이알루로네이트, 포타슘하이알루로네이트, 리놀레닉애씨드, 리놀레익애씨드, 아스코빅애씨드(0.001 ppb), 바이오틴, 폴릭애씨드, 리보플라빈, 피리독신, 티아민에이치씨엘"""
청보리 마일드 필링젤 120ml,이니스프리,"정제수, 셀룰로오스, 부틸렌글라이콜, 다이프로필렌글라이콜, 변성알코올, 글리세린, 베타인, 효모/보리씨발효여과물(9,175 ppm), 만난, 마이크로크리스탈린셀룰로오스, 아크릴레이트/C10-30알킬아크릴레이트크로스폴리머, 트로메타민, 피피지-13-데실테트라데세스-24, 알란토인, 나이아신아마이드, 흰버드나무껍질추출물, 글리세릴카프릴레이트, 글루코노락톤, 프로판다이올, 에틸헥실글리세린, 소듐메타포스페이트, 1,2-헥산다이올, 하이알루로닉애씨드, 토코페롤"
아일넘버 바디로션 씨즈더모먼트 300ml,이니스프리,"정제수, 부틸렌글라이콜, 글리세린, 1,2-헥산다이올, 스쿠알란, 향료, 펜타에리스리틸테트라에틸헥사노에이트, 세테아릴알코올, 비스-다이글리세릴폴리아실아디페이트-2, 페닐트라이메티콘, 카프릴릴메티콘, 시어버터, 폴리글리세릴-3메틸글루코오스다이스테아레이트, 암모늄아크릴로일다이메틸타우레이트/브이피코폴리머, 글리세릴스테아레이트, 잔탄검, 벤질벤조에이트, 글리세릴카프릴레이트, 프로판다이올, 카보머, 리모넨, 제라니올, 다이소듐이디티에이, 에틸헥실글리세린, 하이드록시프로필스타치포스페이트, 헥실신남알, 리날룰, 시트랄, 시트로넬올, 트로메타민, 돌콩오일, 돌콩스테롤, 헥실라우레이트, 아보카도오일, 트라이에틸시트레이트, 녹차추출물, 토코페롤, 레몬껍질오일, 아스코빌팔미테이트, 하이드로제네이티드팜글리세라이즈시트레이트, 마테잎추출물, 소두구씨오일, 스피어민트잎오일, 갈바눔수지오일, 시트로넬라오일"
마이퍼퓸드바디 코튼플라워 바디로션 330ml,이니스프리,"정제수, 글리세린, 부틸렌글라이콜, 세틸에틸헥사노에이트, 해바라기씨오일, 스테아릭애씨드, 팔미틱애씨드, 다이메티콘, 시어버터, 글리세릴스테아레이트, 향료(코튼플라워향 1%), 세테아릴알코올, 글리세릴스테아레이트시트레이트, 하이드로제네이티드식물성오일, 피이지-100스테아레이트, 하이드록시에틸아크릴레이트/소듐아크릴로일다이메틸타우레이트코폴리머, 카보머, 알파-아이소메틸아이오논, 트로메타민, 글리세릴카프릴레이트, 쿠마린, 다이소듐이디티에이, 에틸헥실글리세린, 리모넨, 제라니올, 시트로넬올, 리날룰, 솔비탄아이소스테아레이트, 폴리솔베이트60, 미리스틱애씨드, 카카오씨버터, 망고씨버터, 아라키딕애씨드, 라우릭애씨드, 시트랄, 토코페롤, 티비에이치큐"
포레스트 센서티브 올인원 에센스 100ml,이니스프리,"정제수, 프로판다이올, 스쿠알란, 펜타에리스리틸테트라에틸헥사노에이트, 글리세린, 1,2-헥산다이올, 피씨에이다이메티콘, 카보머, 트로메타민, 아크릴레이트/C10-30알킬아크릴레이트크로스폴리머, 잔탄검, 글리세릴카프릴레이트, 에틸헥실글리세린, 다이소듐이디티에이, 부틸렌글라이콜, 흑효모발효물, 토코페롤, 아시아티코사이드, 마데카식애씨드, 아시아틱애씨드"
톤업 노세범 선스크린 EX SPF50+/PA++++ 60ml,이니스프리,"정제수, 징크옥사이드, 사이클로헥사실록세인, 프로판다이올, 부틸옥틸살리실레이트, 부틸렌글라이콜다이카프릴레이트/다이카프레이트, 다이실록세인, 메틸메타크릴레이트크로스폴리머, 카프릴릴메티콘, 폴리글리세릴-3폴리다이메틸실록시에틸다이메티콘, 티타늄디옥사이드 (CI 77891), 폴리프로필실세스퀴옥세인, 칼슘알루미늄보로실리케이트, 폴리메틸실세스퀴옥세인, 소듐아크릴레이트크로스폴리머-2, 다이스테아다이모늄헥토라이트, 마그네슘설페이트, 트라이에톡시카프릴릴실레인, 1,2-헥산다이올, 폴리글리세릴-2다이폴리하이드록시스테아레이트, 라우릴폴리글리세릴-3폴리다이메틸실록시에틸다이메티콘, 다이메티콘/비닐다이메티콘크로스폴리머, 부틸렌글라이콜, 향료, 다이카프릴릴카보네이트, 카프릴릴글라이콜, 글리세릴카프릴레이트, 마이카, 황색산화철, 에틸헥실글리세린, 적색산화철, 소듐하이알루로네이트, 칡뿌리추출물, 당느릅나무뿌리추출물, 달맞이꽃추출물, 대왕송잎추출물, 흑색산화철, 토코페롤, 호호바씨오일, 녹차씨오일, 글리세린, 에필로비움 플레이스케리추출물, 시트릭애씨드, 포타슘솔베이트"
노세범 파우더 쿠션 리필 SPF35/PA++ 14g,이니스프리,"정제수, 티타늄디옥사이드 (CI 77891), 사이클로펜타실록세인, 부틸렌글라이콜, 메틸트라이메티콘, 펜타에리스리틸테트라에틸헥사노에이트, 피이지-10다이메티콘, 사이클로헥사실록세인, 티타늄디옥사이드, 실리카, 보론나이트라이드, 마이카, 라우릴폴리글리세릴-3폴리다이메틸실록시에틸다이메티콘, 다이메티콘, 트라이메틸실록시실리케이트, 폴리메틸메타크릴레이트, 다이아이소스테아릴말레이트, 비닐다이메티콘/메티콘실세스퀴옥세인크로스폴리머, 황색산화철, 다이스테아다이모늄헥토라이트, 아크릴레이트/에틸헥실아크릴레이트/다이메티콘메타크릴레이트코폴리머, 폴리실리콘-11, 소듐클로라이드, 판테놀, 알루미나, 알루미늄하이드록사이드, 다이메티콘/비닐다이메티콘크로스폴리머, 트라이에톡시카프릴릴실레인, 카프릴릴글라이콜, 적색산화철, 폴리솔베이트80, 에틸헥실글리세린, 글리세릴카프릴레이트, 하이드로제네이티드레시틴, 시메티콘, 다이소듐이디티에이, 흑색산화철, 프로판다이올, 폴리메틸실세스퀴옥세인, 알루미늄전분옥테닐석시네이트, 1,2-헥산다이올, 토코페롤, 메티콘, 녹차추출물"
그린티 아미노 수분 클렌징폼  250g,이니스프리,"정제수, 글리세린, 미리스틱애씨드, 라우릭애씨드, 포타슘하이드록사이드, 스테아릭애씨드, 글리세릴스테아레이트, 글라이콜다이스테아레이트, 팔미틱애씨드, 라우릴하이드록시설테인, 폴리쿼터늄-22, 라우릴글루코사이드, 프로판다이올, 향료, 포타슘코코일글리시네이트, 1,2-헥산다이올, 하이드롤라이즈드옥수수전분, 소나무잎추출물, 다이소듐이디티에이, 부틸렌글라이콜, 알지닌*, 아스파틱애씨드*, 글루타믹애씨드*, 에틸헥실글리세린, 녹차추출물(31ppm), 아크릴레이트/스테아릴메타크릴레이트코폴리머, 흰목이버섯포자낭과추출물, 테트라소듐이디티에이, 하이알루로닉애씨드, 잔탄검, 세라마이드엔피, 창포뿌리추출물"
콜라겐 그린티 세라마이드 탄력장벽 크림 리필 50ml,이니스프리,"정제수, 글리세린, 부틸렌글라이콜, 나이아신아마이드, 스쿠알란, 다이카프릴릴카보네이트, 메틸트라이메티콘, 수크로오스폴리스테아레이트, 펜타에리스리틸테트라에틸헥사노에이트, 1,2-헥산다이올, 글리세릴스테아레이트, 하이드록시에틸우레아, 폴리글리세릴-3다이스테아레이트, 세테아릴알코올, 폴리C10-30알킬아크릴레이트, 하이드로제네이티드폴리아이소부텐, 팔미틱애씨드, 다이페닐다이메티콘, 비스-하이드록시에톡시프로필다이메티콘, 스테아릭애씨드, 하이드록시에틸아크릴레이트/소듐아크릴로일다이메틸타우레이트코폴리머, 잔탄검, 지치뿌리추출물, 하이드롤라이즈드익스텐신(1,005PPM), 호호바씨오일, 아크릴레이트/C10-30알킬아크릴레이트크로스폴리머, 소듐메타포스페이트, 글리세릴카프릴레이트, 폴리글리세릴-10라우레이트, 트로메타민, 해바라기씨오일, 글리세릴스테아레이트시트레이트, 에틸헥실글리세린, 아데노신, 카프릴릴글라이콜, 솔비탄아이소스테아레이트, 하이드로제네이티드레시틴, 당근추출물, 세라마이드엔피(100PPM), 토코페롤, 베타-카로틴, 아세틸테트라펩타이드-2, 수용성콜라겐(0.1PPM)"
링클 사이언스 스팟 트리트먼트 40ml,이니스프리,"정제수, 부틸렌글라이콜, 펜타에리스리틸테트라에틸헥사노에이트, 글리세린, 프로판다이올, 스쿠알란, 사이클로펜타실록세인, 글리세릴스테아레이트시트레이트, 세테아릴알코올, 피브이피, 시어버터, 사이클로헥사실록세인, 글리세릴스테아레이트, 하이드로제네이티드식물성오일, 카나우바왁스, 스테아릭애씨드, 팔미틱애씨드, 향료, 폴리아크릴레이트-13, 1,2-헥산다이올, 다이팔미토일하이드록시프롤린, 카프릴릭/카프릭트라이글리세라이드, 세테아릴글루코사이드, 베헤닐알코올, 폴리글리세릴-10펜타스테아레이트, 폴리아이소부텐, 글리세릴카프릴레이트, 에틸헥실글리세린, 올레아놀릭애씨드, 다이소듐이디티에이, 소듐스테아로일락틸레이트, 소듐폴리아크릴레이트, 라벤더오일, 폴리솔베이트20, 리날룰, 솔비탄아이소스테아레이트, 벤질살리실레이트, 하이드로제네이티드레시틴, 미리스틱애씨드, 제라니올, 카프릴릴글라이콜, 라우릭애씨드, 글루코오스, 시트로넬올, 미역추출물, 토코페롤"
한란로션 170ml,이니스프리,"정제수, 부틸렌글라이콜, 글리세린, 하이드로제네이티드폴리아이소부텐, 사이클로펜타실록세인, 나이아신아마이드, 사이클로헥사실록세인, 코코넛야자오일, 1,2-헥산다이올, 세테아릴알코올, 글리세릴스테아레이트, 피이지-100스테아레이트, 프로판다이올, 카보머, 트로메타민, 폴리실리콘-11, 향료, 다이소듐이디티에이, 에틸헥실글리세린, 아데노신, 하이알루로닉애씨드, 덱스트린, 카카오추출물, 베타인, 헥실신남알, 리날룰, 글루코오스, 난추출물(10 ppm), 토코페롤"
심플라벨 워터프루프 펜슬라이너 0.1g,이니스프리,"흑색산화철, 트라이메틸실록시실리케이트, 사이클로펜타실록세인, 메틸트라이메티콘, 폴리에틸렌, 합 성왁스, 마이카, 세레신, 폴리프로필실세스퀴옥세인, 아크릴레이트/스테아릴아크릴레이트/다이메티콘메타크릴레이트코폴리머, 칸데릴라왁스, 다이메티콘, 카프릴릴글라이콜, 글리세릴카프릴레이트, 정제수, 부틸렌글라이콜, 1,2-헥산다이올, 화산재, 에틸헥실글리세린, 카올린"
마이퍼퓸드바디 그린텐저린 바디로션 330ml,이니스프리,"정제수, 글리세린, 부틸렌글라이콜, 세틸에칠헥사노에이트, 해바라기씨오일, 향료(그린탠저린향2%), 스테아릭애씨드, 팔미틱애씨드, 디메치콘, 쉐어버터, 글리세릴스테아레이트, 세테아릴알코올, 글리세릴스테아레이트시트레이트, 하이드로제네이티드식물성오일, 피이지-100스테아레이트, 하이드록시에칠아크릴레이트/소듐아크릴로일디메칠타우레이트코폴리머, 카보머, 리모넨, 트로메타민, 글리세릴카프릴레이트, 리날룰, 디소듐이디티에이, 에칠헥실글리세린, 헥실신남알, 소르비탄이소스테아레이트, 폴리소르베이트60, 미리스틱애씨드, 카카오씨드버터, 망고씨드버터, 아라키딕애씨드, 라우릭애씨드, 토코페롤, 티비에이치큐"
포레스트 안티에이징 올인원 에센스 100ml,이니스프리,"정제수, 글리세린, 프로판다이올, 베타인, 나이아신아마이드, 1,2-헥산다이올, 스쿠알란, 다이메티콘, 메틸트라이메티콘, 메틸글루세스-20, 세테아릴올리베이트, 솔비탄올리베이트, 하이드록시에틸아크릴레이트/소듐아크릴로일다이메틸타우레이트코폴리머, 아크릴레이트/C10-30알킬아크릴레이트크로스폴리머, 글리세릴카프릴레이트, 향료, 폴리아크릴레이트-13, 에틸헥실글리세린, 트로메타민, 다이소듐이디티에이, 아데노신, 리모넨, 폴리아이소부텐, 부틸렌글라이콜, 솔비탄아이소스테아레이트, 리날룰, 폴리솔베이트20, 흑효모발효물, 토코페롤"
비타C 그린티 엔자임 잡티 토닝 세럼 30ml,이니스프리,"정제수, 프로판다이올, 1,2-헥산다이올, 글리세린, 3-O- 에틸아스코빅애씨드(20,000 ppm), 부틸렌글라이콜, 락토바실러스발효용해물, 스쿠알란, 해바라기씨오일, 덱스트린, 아크릴레이트/C10-30알킬아크릴레이트크로스폴리머, 카프릴릭/카프릭트라이글리세라이드, 트로메타민, 잔탄검, 글루코노락톤, 만다린껍질추출물, 판테놀, 나이아신아마이드, 알란토인, 당근추출물,하이알루로닉애씨드, 펜틸렌글라이콜, 소듐메타포스페이트, 실리카다이메틸실릴레이트, 사이클로덱스트린, 토코페롤, 에틸헥실글리세린, 마데카소사이드, 하이드로제네이티드폴리(C6-20올레핀), 프로테아제(150 ppm), 아스코빌테트라이소팔미테이트(100 ppm), 글루타티온, 서양톱풀추출물, 에이치디아이/트라이메틸올헥실락톤크로스폴리머, 베타-카로틴, 페룰릭애씨드"
듀이 트리트먼트 립밤 3.2g,이니스프리,"하이드로제네이티드폴리아이소부텐, 피토스테릴/이소스테아릴/세틸/스테아릴/베헤닐다이머디리놀리에이트, 폴리아이소부텐, 다이아이소스테아릴말레이트, 옥틸도데실스테아로일스테아레이트, 폴리글리세릴-10데카아이소스테아레이트, 합성왁스, 알루미늄전분옥테닐석시네이트, 올레익/리놀레익/리놀레닉폴리글리세라이즈, 에틸렌/프로필렌/스타이렌코폴리머, 수크로오스테트라스테아레이트트라이아세테이트, 동백나무씨오일, 시어버터, 칸데릴라왁스, C30-50알코올, 칸데릴라왁스에스터, 다이스테아다이모늄헥토라이트, 카카오씨버터, 에틸렌/프로필렌코폴리머, 유칼립투스잎오일, 폴리에틸렌, 카나우바왁스, 리모넨, 부틸렌/에틸렌/스타이렌코폴리머, 글리세린, 펜타에리스리틸테트라-다이-T-부틸하이드록시하이드로신나메이트, 세라마이드엔피, 토코페롤, 피토스핑고신, 하이알루로닉애씨드, 하이드로제네이티드레시틴"
유브이 액티브 포어리스 선스크린 SPF50+/PA++++ 50ml,이니스프리,"정제수, 징크옥사이드, 사이클로헥사실록세인, 카프릴릴메티콘, 부틸옥틸살리실레이트, 프로필헵틸카프릴레이트, 부틸렌글라이콜, 트라이메틸실록시실리케이트, 메틸트라이메티콘, 폴리글리세릴-3폴리다이메틸실록시에틸다이메티콘, 소듐포타슘알루미늄실리케이트, 다이메티콘/비닐다이메티콘크로스폴리머, 다이스테아다이모늄헥토라이트, 마그네슘설페이트, 라우릴폴리글리세릴-3폴리다이메틸실록시에틸다이메티콘, 트라이에톡시카프릴릴실레인, 폴리글리세릴-2다이폴리하이드록시스테아레이트, 다이메티콘올, 트라이실록세인, 1,2-헥산다이올, 메틸메타크릴레이트크로스폴리머, 폴리메틸실세스퀴옥세인, 실리카, 티타늄디옥사이드 (CI 77891), 다이카프릴릴카보네이트, 카프릴릴글라이콜, 글리세릴카프릴레이트, 황색산화철, 에틸헥실글리세린, 소듐하이알루로네이트, 적색산화철, 흑색산화철, 토코페롤, 하이드록시스테아릭애씨드, 글리세린, 레드초크베리추출물, 귤껍질추출물, 락토바실러스발효물, 연꽃꽃추출물, 별꽃추출물, 편백잎추출물"
레티놀 시카 앰플 포커싱 패치 1개입 9매,이니스프리,"트레할로오스, 소듐하이알루로네이트, 셀룰로오스검, 글리세린, 폴리글리세릴-10라우레이트, 돌콩오일, 알란토인, 다이포타슘글리시리제이트, 아데노신, 레티놀(500IU/g), 마데카소사이드, 하이알루로닉애씨드, 살리실릭애씨드, 정제수, 아시아티코사이드, 마데카식애씨드, 아시아틱애씨드, 비에이치티, 프로판다이올, 1,2-헥산다이올, 병풀꽃/잎/줄기추출물, 에틸헥실글리세린, 다이소듐이디티에이"
알로에 리바이탈라이징 수딩젤 300ml,이니스프리,"정제수, 부틸렌글라이콜, 아크릴레이트/C10-30알킬아크릴레이트크로스폴리머, 페녹시에탄올, 트로메타민, 알로에베라잎추출물(990ppm), 소듐폴리아크릴레이트, 에틸헥실글리세린, 다이소듐이디티에이, 멘톡시프로판다이올, 마데카소사이드"
라이트 피팅 컨실러 다크서클 커버 7g,이니스프리,"정제수, 티타늄디옥사이드 (CI 77891), 사이클로펜타실록세인, 페닐트라이메티콘, 글리세린, 프로판다이올, 사이클로헥사실록세인, 트라이메틸실록시실리케이트, 실리카, 라우릴피이지-9폴리다이메틸실록시에틸다이메티콘, 다이메티콘, 피이지-10다이메티콘, 황색산화철, 다이스테아다이모늄헥토라이트, 소듐클로라이드, 아크릴레이트/에틸헥실아크릴레이트/다이메티콘메타크릴레이트코폴리머, 적색산화철, 다이메티콘/비닐다이메티콘크로스폴리머, 트라이하이드록시스테아린, 알루미늄하이드록사이드, 1,2-헥산다이올, 다이아이소스테아릴말레이트, 트라이에톡시카프릴릴실레인, 다이페닐다이메티콘/비닐다이페닐다이메티콘/실세스퀴옥세인크로스폴리머, 카프릴릴글라이콜, 흑색산화철, 글리세릴카프릴레이트, 에틸헥실글리세린, 향료, 다이소듐이디티에이, 헥실신남알, 서양유채씨오일, 리날룰, 리모넨, 토코페롤, 녹차추출물"
한란인리치드에센스 50ml,이니스프리,"정제수, 글리세린, 부틸렌글라이콜, 글리세레스-26, 변성알코올, 사이클로펜타실록세인, 베타인, 나이아신아마이드, 사이클로헥사실록세인, 1,2-헥산다이올, 하이드록시에틸아크릴레이트/소듐아 크릴로일다이메틸타우레이트코폴리머, 귀리커넬추출물, 프로판다이올, 피피지-13-데실테트라데세스-24, 다이메티콘올, 트로메타민,잔탄검, 향료, 아크릴레이트/C10-30알킬아크릴레이트크로스폴리머,카보머, 소듐폴리아크릴레이트, 에틸헥실글리세린, 아데노신, 솔비탄아이소스테아레이트, 페녹시에탄올, 다이소듐이디티에이, 하이알루로닉애씨드, 덱스트린, 카카오추출물, 헥실신남알, 리날룰, 글루코오스, 난추출물(10 ppm), 토코페롤"
아일넘버 바디워시 씨즈더모먼트 300ml,이니스프리,"정제수, 소듐C14-16올레핀설포네이트, 라우릴하이드록시설테인, 솔비톨, 향료, 소듐클로라이드, 말티톨, 다이프로필렌글라이콜, 카프릴릴글라이콜, 시트릭애씨드, 벤질벤조에이트, 에틸헥실글리세린, 폴리쿼터늄-10, 소듐메타포스페이트, 리모넨, 제라니올, 프로판다이올, 헥실신남알, 리날룰, 시트랄, 시트로넬올, 1,2-헥산다이올, 스쿠알란, 돌콩오일, 돌콩스테롤, 헥실라우레이트, 아보카도오일, 트라이에틸시트레이트, 다이소듐이디티에이, 세테아릴알코올, 녹차추출물, 토코페롤, 레몬껍질오일, 아스코빌팔미테이트, 하이드로제네이티드팜글리세라이즈시트레이트, 마테잎추출물, 소두구씨오일, 스피어민트잎오일, 갈바눔수지오일, 시트로넬라오일"
스키니 꼼꼼카라 3.5g,이니스프리,"정제수, 아크릴레이트코폴리머, 흑색산화철, 카나우바왁스, 피브이피, 팔미틱애씨드, 스테아릭애씨드, 트로메타민, 부틸렌글라이콜, 1,2-헥산다이올, 펜틸렌글라이콜, 에탄올, 세테아릴알코올, C14-22알코올, 메도우폼씨오일, 다이메티콘, 하이드로제네이티드폴리아이소부텐, 셀룰로오스, 합성비즈왁스, 합성왁스, C12-20알킬글루코사이드, 잔탄검, 하이드록시에틸셀룰로오스, 에틸헥실글리세린, 소듐데하이드로아세테이트, 폴리솔베이트60, 다이소듐포스페이트, 소듐포스페이트, 토코페롤, 돌콩추출물, 녹차수"
파워프루프 브러시 라이너 0.6g,이니스프리,"정제수, 에틸헥실아크릴레이트/메틸메타크릴레이트코폴리머, 부틸렌글라이콜, 카본블랙, 에탄올, 베헤네스-30, 암모늄아크릴레이트/메틸스타이렌/스타이렌코폴리머, 아크릴레이트/옥틸아크릴아마이드코폴리머, 페녹시에탄올, 펜틸렌글라이콜, 카프릴릴글라이콜, 에틸헥실글리세린, 1,2-헥산다이올, 폴리글리세릴-3다이실록세인다이메티콘, 소듐하이드록사이드, 다이소듐이디티에이"
히알루론 수분 선크림 SPF50+/PA++++ 50ml,이니스프리,"""*히알루론 컴플렉스 10ppm 함유 정제수, 프로판다이올, 다이부틸아디페이트, 폴리메틸실세스퀴옥세인, 디에칠아미노하이드록시벤조일헥실벤조에이트, 다이아이소프로필세바케이트, 에칠헥실트리아존, 메칠렌비스-벤조트리아졸릴테트라메칠부틸페놀, 나이아신아마이드, 코코-카프릴레이트/카프레이트, 디에칠헥실부타미도트리아존, 글리세린, 부틸렌글라이콜, 1,2-헥산다이올, 카프릴릴메티콘, 펜틸렌글라이콜, 베헤닐알코올, 폴리글리세릴-3메틸글루코오스다이스테아레이트, 폴리C10-30알킬아크릴레이트, 데실글루코사이드, 트로메타민, 카보머, 아크릴레이트/C10-30알킬아크릴레이트크로스폴리머, 판테놀, 소듐스테아로일글루타메이트, 폴리아크릴레이트크로스폴리머-6, 에틸헥실글리세린, 아데노신, 라벤더오일, 리날룰, 잔탄검, T-부틸알코올, 마데카소사이드, 알란토인, 캐모마일꽃오일, *하이드롤라이즈드소듐하이알루로네이트, 토코페롤, 알로에베라잎추출물, 프로폴리스추출물, 에칠아스코빌에텔, 약모밀추출물, *소듐하이알루로네이트, *하이드록시프로필트라이모늄하이알루로네이트, *하이드롤라이즈드하이알루로닉애씨드, *소듐아세틸레이티드하이알루로네이트, *하이알루로닉애씨드, *소듐하이알루로네이트크로스폴리머, *포타슘하이알루로네이트"""
애플씨드 클렌징 오일 150ml,이니스프리,"세틸에틸헥사노에이트, 아이소프로필팔미테이트, 트라이에틸헥사노인, 카프릴릭/카프릭트라이글리세라이드, 폴리글리세릴-6다이카프레이트, 코코넛야자오일, 폴리글리세릴-10다이아이소스테아레이트, 다이아이소스테아릴말레이트, 폴리글리세릴-6카프릴레이트, 향료, 정제수, 코코-카프릴레이트/카프레이트, 사과씨오일(40ppm), 사과추출물(20ppm), 부틸렌글라이콜, 1,2-헥산다이올"
레티놀 시카 흔적 앰플 30ml,이니스프리,"정제수, 글리세린, 부틸렌글라이콜, 나이아신아마이드, 다이부틸아디페이트, 카프릴릭/카프릭트라이글리세라이드, 1,2-헥산다이올, 하이드로제네이티드레시틴, 암모늄아크릴로일다이메틸타우레이트/브이피코폴리머, 해바라기씨오일, 콜레스테롤, 알란토인, 돌콩오일, 토코페롤, 토코페릴아세테이트, 소듐메틸스테아로일타우레이트, 프로판다이올, 당근추출물, 에틸헥실글리세린, 아데노신, 아시아티코사이드, 마데카식애씨드, 녹차씨추출물, 아시아틱애씨드, 레티놀(500IU/g), 스테아릴글리시레티네이트, 하이알루로닉애씨드, 만니톨, 세라마이드엔피, 베타-글루칸, 베타-카로틴, 피토스핑고신, 비에이치티, 살리실릭애씨드, 아세틸테트라펩타이드-11"
블랙티 유스 인핸싱 앰플 30ml,이니스프리,"정제수, 부틸렌글라이콜, 글리세린, 다이프로필렌글라이콜, 나이아신아마이드, 1,2-헥산다이올, 스쿠알란, 글리세릴폴리메타크릴레이트, 세테아릴알코올, 암모늄아크릴로일다이메틸타우레이트/브이피코폴리머, 글리세릴스테아레이트, 잔탄검, 알란토인, 하이드로제네이티드레시틴, 에틸헥실글리세린, 스테아릭애씨드, 폴리글리세릴-3메틸글루코오스다이스테아레이트, 아데노신, 팔미틱애씨드, 향료, 다이소듐이디티에이, 소듐하이알루로네이트, 리모넨, 홍차추출물(100 ppm), 덱스트린, 카카오추출물, 리날룰, 시트로넬올, 미리스틱애씨드, 펜틸렌글라이콜, 라우릭애씨드, 토코페롤, 아크릴레이트/스테아릴메타크릴레이트코폴리머, 흰목이버섯포자낭과추출물, 하이알루로닉애씨드, 서양톱풀추출물, 세라마이드엔피"
블랙티 유스 인핸싱 트리트먼트 에센스 145ml,이니스프리,"*BLACK TEA PEPTIDE ACTIVATORTM / 정제수, 프로판다이올, 글리세린, 나이아신아마 이드, 1,2-헥산다이올, 홍차추출물(4,762 ppm)*, 에틸헥실글리세린, 아데노신, 덱스트린, 엑토인, 하이알루로닉애씨드, 에칠아스코빌에텔, 글루타티온, 만니톨, 맥주효모추출물, 부틸렌글라이콜, 병풀꽃/잎/줄기추출물, 콩폴리펩타이드*, 알지닌/라이신폴리펩타이드*, 카퍼트라이펩타이드-1*, 다이소듐이디티에이, 아세틸테트라펩타이드-11*, 카프릴릴글라이콜, 아세틸헵타펩타이드-4*, 소르빅애씨드, 헥사펩타이드-9*, 아세틸헥사펩타이드-8*, 소듐하이드록사이드, 아세틸옥타펩타이드-3*"
블랙티 유스 인핸싱 트리트먼트 에센스 75ml,이니스프리,"*BLACK TEA PEPTIDE ACTIVATORTM / 정제수, 프로판다이올, 글리세린, 나이아신아마 이드, 1,2-헥산다이올, 홍차추출물(4,762 ppm)*, 에틸헥실글리세린, 아데노신, 덱스트린, 엑토인, 하이알루로닉애씨드, 에칠아스코빌에텔, 글루타티온, 만니톨, 맥주효모추출물, 부틸렌글라이콜, 병풀꽃/잎/줄기추출물, 콩폴리펩타이드*, 알지닌/라이신폴리펩타이드*, 카퍼트라이펩타이드-1*, 다이소듐이디티에이, 아세틸테트라펩타이드-11*, 카프릴릴글라이콜, 아세틸헵타펩타이드-4*, 소르빅애씨드, 헥사펩타이드-9*, 아세틸헥사펩타이드-8*, 소듐하이드록사이드, 아세틸옥타펩타이드-3*"
노세범 선쿠션 이엑스 SPF50+/PA++++ 14g,이니스프리,"정제수, 징크옥사이드, 카프릴릴메티콘, 메틸트라이메티콘, 부틸옥틸살리실레이트, 프로판다이올, 폴리글리세릴-4다이아이소스테아레이트/폴리하이드록시스테아레이트/세바케이트, 보론나이트라이드, 부틸렌글라이콜다이카프릴레이트/다이카프레이트, 칼슘알루미늄보로실리케이트, 네오펜틸글라이콜다이헵타노에이트, 나이아신아마이드, 티타늄디옥사이드 (CI 77891), 글리세린, 다이아이소스테아릴말레이트, 트라이에톡시카프릴릴실레인, 마그네슘설페이트, 다이스테아다이모늄헥토라이트, 폴리글리세릴-6폴리리시놀리에이트, 라우릴폴리글리세릴-3폴리다이메틸실록시에틸다이메티콘, 1,2-헥산다이올, 솔비탄카프릴레이트, 옥틸도데칸올, 폴리하이드록시스테아릭애씨드, 메틸프로판다이올, 카프릴릴글라이콜, 글리세릴카프릴레이트, 알루미늄하이드록사이드, 네오펜틸글라이콜다이에틸헥사노에이트, 향료, 에틸헥실글리세린, 아데노신, 귀리커넬추출물, 에키움 플란타기네움씨오일, 아티초크잎추출물, 폴리쿼터늄-51, 녹차수, 베타-글루칸, 하이드로제네이티드레시틴, 해바라기씨오일불검화물, 풍선덩굴꽃/잎/덩굴추출물, 토코페롤, 판테놀, 알란토인, 칼라민, 알로에베라잎추출물, 참마뿌리추출물, 제비꽃꽃추출물, 다시마추출물, 당느릅나무뿌리추출물"
하우스 스펀지 6p,이니스프리,상세 참조
콜라겐 그린티 세라마이드 탄력 장벽 크림 50ml,이니스프리,"정제수, 글리세린, 부틸렌글라이콜, 나이아신아마이드, 스쿠알란, 다이카프릴릴카보네이트, 메틸트라이메티콘, 수크로오스폴리스테아레이트, 펜타에리스리틸테트라에틸헥사노에이트, 1,2-헥산다이올, 글리세릴스테아레이트, 하이드록시에틸우레아, 폴리글리세릴-3다이스테아레이트, 세테아릴알코올, 폴리C10-30알킬아크릴레이트, 하이드로제네이티드폴리아이소부텐, 팔미틱애씨드, 다이페닐다이메티콘, 비스-하이드록시에톡시프로필다이메티콘, 스테아릭애씨드, 하이드록시에틸아크릴레이트/소듐아크릴로일다이메틸타우레이트코폴리머, 잔탄검, 지치뿌리추출물, 하이드롤라이즈드익스텐신(1,005PPM), 호호바씨오일, 아크릴레이트/C10-30알킬아크릴레이트크로스폴리머, 소듐메타포스페이트, 글리세릴카프릴레이트, 폴리글리세릴-10라우레이트, 트로메타민, 해바라기씨오일, 글리세릴스테아레이트시트레이트, 에틸헥실글리세린, 아데노신, 카프릴릴글라이콜, 솔비탄아이소스테아레이트, 하이드로제네이티드레시틴, 당근추출물, 세라마이드엔피(100PPM), 토코페롤, 베타-카로틴, 아세틸테트라펩타이드-2, 수용성콜라겐(0.1PPM)"
포어 블러 파우더 11g,이니스프리,"실리카, 폴리메틸실세스퀴옥세인, 에틸헥실글리세린, 글리세릴카프릴레이트, 토코페롤"
에어리매트 틴트 3.8g,이니스프리,상세참조
라이트 피팅 파운데이션 SPF20/PA++ 30ml,이니스프리,"정제수, 티타늄디옥사이드 (CI 77891), 다이부틸아디페이트, 카프릴릴메티콘, 페닐트라이메티콘, 메틸트라이메티콘, 부틸옥틸살리실레이트, 폴리하이드록시스테아릭애씨드, 트라이메틸실록시실리케이트, 라우릴폴리글리세릴-3폴리다이메틸실록시에틸다이메티콘, 글리세린, 티타늄디옥사이드, 에이치디아이/트라이메틸올헥실락톤크로스폴리머, 1,2-헥산다이올, 실리카, 자일리톨, 다이스테아다이모늄헥토라이트, 아이소도데케인, 황색산화철, 소듐클로라이드, 알루미늄하이드록사이드, 트라이에톡시카프릴릴실레인, 적색산화철, 향료, 알루미나, 카프릴릴글라이콜, 소듐메타포스페이트, 글리세릴카프릴레이트, 에틸헥실글리세린, 토코페릴리놀리에이트, 흑색산화철, 메티콘, 시메티콘, 아르간커넬오일, 올리브오일, 호호바씨오일, 비스머스옥시클로라이드, 에틸헥실하이드록시스테아레이트, 토코페롤"
스키니 꼼꼼카라 Zero 3.5g,이니스프리,"아이소도데케인, 사이클로펜타실록세인, 트라이메틸실록시실리케이트, 마이크로크리스탈린왁스, 브이피/에이코신코폴리머, 하이드로제네이티드폴리아이소부텐, 실리카다이메틸실릴레이트, 다이스테아다이모늄헥토라이트, 실리카, 트라이하이드록시스테아린, 흑색산화철, 폴리프로필실세스퀴옥세인, 프로필렌카보네이트, 스테아로일이눌린, 글리세릴카프릴레이트, 트라이에톡시카프릴릴실레인, 정제수, 부틸렌글라이콜, 돌콩추출물, 1,2-헥산다이올, 녹차수"
인텐시브 롱래스팅 선스크린 EX SPF50+/PA++++ 60ml,이니스프리,"정제수, 징크옥사이드, 프로필헵틸카프릴레이트, 다이부틸아디페이트, 부틸렌글라이콜, 다이실록세인, 사이클로헥사실록세인, 폴리글리세릴-5폴리리시놀리에이트, 폴리메틸실세스퀴옥세인, 글리세린, 비스-에칠헥실옥시페놀메톡시페닐트리아진, 카프릴릴메티콘, 다이카프릴릴에터, 디에칠아미노하이드록시벤조일헥실벤조에이트, 에칠헥실트리아존, 티타늄디옥사이드, 다이스테아다이모늄헥토라이트, 마그네슘설페이트, 칼슘알루미늄보로실리케이트, 트라이에톡시카프릴릴실레인, 1,2-헥산다이올, 폴리글리세릴-3폴리다이메틸실록시에틸다이메티콘, 향료, 비닐다이메티콘/메티콘실세스퀴옥세인크로스폴리머, 카프릴릴글라이콜, 글리세릴카프릴레이트, 에틸헥실글리세린, 토코페롤, 바이오사카라이드검-1, 쌀겨오일, 베타-글루칸"
비자 트러블 로션 100ml,이니스프리,"정제수, 부틸렌글라이콜, 카프릴릭/카프릭트라이글리세라이드, 메틸트라이메티콘, 세테아릴알코올, 글리세릴스테아레이트시트레이트, 나이아신아마이드, 1,2-헥산다이올, 폴리글리세릴-10스테아레이트, 실리카, 하이드로제네이티드코코-글리세라이즈, 비자나무씨오일(5,000ppm), 흰버드나무껍질추출물, 하이드록시에틸아크릴레이트/소듐아크릴로일다이메틸타우레이트코폴리머, 글리세릴카프릴 레이트, 피마자씨오일, 에틸헥실글리세린, 다이소듐이디티에이, 솔비탄아이소스테아레이트, 리모넨, 두송열매오일, 구주소나무잎오일, 연필향나무오일, 살리실릭애씨드, 라벤더오일, 라임전초오일, 리날룰, 레몬껍질오일, 불가리스쑥오일, 광곽향오일, 솔잣나무잎/너트/줄기오일, 토코페롤"""
블랙티 유스 인핸싱 스킨 170ml,이니스프리,"정제수, 부틸렌글라이콜, 프로판다이올, 나이아신아마이드, 1,2-헥산다이올, 다이메티콘, 피피지-13-데실테트라데세스-24, 에탄올, 암모늄아크릴로일다이메틸타우레이트/브이피코폴리머, 글리세릴카프릴레이트, 아크릴레이트/C10-30알킬아크릴레이트크로스폴리머, 하이드로제네이티드레시틴, 에틸헥실글리세린, 아데노신, 트로메타민, 향료, 다이소듐이디티에이, 판테놀, 하이알루로닉애씨드, 홍차추출물(100 ppm), 리모넨, 덱스트린, 카카오추출물, 소듐메틸스테아로일타우레이트, 리날룰, 토코페롤"
그린티 스킨 포맨 150ml,이니스프리,"정제수, 변성알코올, 프로판다이올, 글리세린, 1,2-헥산다이올, 피피지-13-데실테트라데세스-24, 트라이에틸시트레이트, 리모넨, 에틸헥실글리세린, 소듐메타포스페이트, 레몬껍질오일, 마테잎추출물, 베타-글루칸, 시트랄, 녹차추출물, 소두구씨오일, 스피어민트잎오일, 시트로넬라오일, 갈바눔수지오일, 토코페롤"
한란스킨 170ml,이니스프리,"정제수, 부틸렌글라이콜, 글리세린, 변성알코올, 글리세레스-26, 나이아신아마이드, 1,2-헥산다이올, 글리세릴폴리메타크릴레이트, 다이메티콘, 피피지-13-데실테트라데세스-24, 프로판다이올, 에탄올, 암모늄아크릴로일다이메틸타우레이트/브이피코폴리머, 아크릴레이트/C10-30알킬아크릴레이트크로스폴리머, 하이드로제네이티드레시틴, 에틸헥실글리세린, 향료, 아데노신, 포타슘하이드록사이드, 다이소듐이디티에이, 하이알루로닉애씨드, 소듐메틸스테아로일타우레이트, 베타인, 헥실신남알, 글루코오스, 난추출물(10 ppm), 토코페롤"
마이퍼퓸드바디 코튼플라워바디클렌저 330ml,이니스프리,"정제수, 코카미도프로필베타인, 솔비톨, 소듐메틸코코일타우레이트, 소듐클로라이드, 향료(코튼플라워향 2.0%), 코카마이드엠이에이, 라우릴글루코사이드, 소듐벤조에이트, 알파-아이소메틸아이오논, 카프릴릴글라이콜, 시트릭애씨드, 쿠마린, 리모넨, 제라니올, 시트로넬올, 다이소듐이디티에이, 에틸헥실글리세린, 리날룰, 테트라소듐이디티에이, 토코페롤"""
퍼펙트 9 인텐시브 세럼 50ml,이니스프리,"정제수, 다이메티콘, 사이클로펜타실록세인, 부틸렌글라이콜, 폴리실리콘-11, 글리세린, 글리세레스-26, 나이아신아마이드, 스쿠알란, 1,2-헥산다이올, 폴리솔베이트20, 판테틴, 토코페릴아세테이트, 암모늄아크릴로일다이메틸타우레이트/브이피코폴리머, 폴리아크릴레이트-13, 폴리아이소부텐, 향료, 잔탄검, 다이소듐이디티에이, 프로판다이올, 에틸헥실글리세린, 아데노신, 솔비탄아이소스테아레이트, 리모넨, 덱스트린, 카카오추출물, 불가리스쑥추출물, 약모밀추출물, 라즈베리추출물, 꿀풀잎추출물, 인동덩굴꽃추출물, 초피나무열매추출물, 서양민들레뿌리줄기/뿌리추출물, 영지버섯추출물, 베타-글루칸, 리날룰, 토코페롤, 꽃송이버섯추출물"
퍼펙트 9 인텐시브 스킨 200ml,이니스프리,"정제수, 부틸렌글라이콜, 변성알코올, 다이메티콘, 베타인, 나이아신아마이드, 사이클로펜타실록세인, 1,2-헥산다이올, 하이드로제네이티드폴리(C6-14올레핀), 사이클로헥사실록세인, 글리세릴폴리메타크릴레이트, 피이지-60하이드로제네이티드캐스터오일, 하이드록시에틸아크릴레이트/소듐아크릴로일다이메틸타우레이트코폴리머, 글리세린, 향료, 프로판다이올, 카보머, 트로메타민, 다이메티콘올, 에틸헥실글리세린, 아데노신, 리모넨, 다이소듐이디티에이, 솔비탄아이소스테아레이트, 폴리솔베이트60, 덱스트린, 카카오추출물, 불가리스쑥추출물, 약모밀추출물, 라즈베리추출물, 꿀풀잎추출물, 인동덩굴꽃추출물, 폴리글루타믹애씨드, 초피나무열매추출물, 서양민들레뿌리줄기/뿌리추출물, 영지버섯추출물, 베타-글루칸, 리날룰, 페녹시에탄올, 시트로넬올, 토코페롤, 꽃송이버섯추출물"
비자 시카 밤 EX 40ml,이니스프리,"정제수, 프로판다이올, 글리세린, 사이클로펜타실록세인, 스쿠알란, 사이클로헥사실록세인, 세테아릴알코올, 판테놀, 1,2-헥산다이올, C12-16알코올, 폴리솔베이트60, 다이아이소스테아릴말레이트, 하이드록시에틸아크릴레이트/소듐아크릴로일다이메틸타우레이트코폴리머, 팔미틱애씨드, 아크릴레이트/C10-30알킬아크릴레이트크로스폴리머, 하이드로제네이티드레시틴, 트로메타민, 세테아릴글루코사이드, 비자나무씨오일(1,000ppm), 다이소듐이디티에이, 솔비탄아이소스테아레이트, 마데카소사이드, 아시아티코사이드, 마데카식애씨드, 아시아틱애씨드, 글루코오스"
비자 트러블 토너 170ml,이니스프리,"정제수, 변성알코올, 부틸렌글라이콜, 글리세린, 베타인, 메틸글루세스-20, 1,2-헥산다이올, 피피지-13-데실테트라데세스-24, 흰버드나무껍질추출물, 옥틸도데세스-16, 다이소듐이디티에이, 비자나무씨오일(500ppm), 에틸헥실글리세린, 피마자씨오일, 살리실릭애씨드, 리모넨, 두송열매오일, 구주소나무잎오일, 연필향나무오일, 라벤더오일, 라임전초오일, 리날룰, 레몬껍질오일, 불가리스쑥오일, 광곽향오일, 솔잣나무잎/너트/줄기오일, 토코페롤"
레티놀 시카 앰플 듀오 SET,이니스프리,"정제수, 글리세린, 부틸렌글라이콜, 나이아신아마이드, 다이부틸아디페이트, 카프릴릭/카프릭트라이글리세라이드, 1,2-헥산다이올, 하이드로제네이티드레시틴, 암모늄아크릴로일다이메틸타우레이트/브이피코폴리머, 해바라기씨오일, 콜레스테롤, 알란토인, 돌콩오일, 토코페롤, 토코페릴아세테이트, 소듐메틸스테아로일타우레이트, 프로판다이올, 당근추출물, 에틸헥실글리세린, 아데노신, 아시아티코사이드, 마데카식애씨드, 녹차씨추출물, 아시아틱애씨드, 레티놀(500IU/g), 스테아릴글리시레티네이트, 하이알루로닉애씨드, 만니톨, 세라마이드엔피, 베타-글루칸, 베타-카로틴, 피토스핑고신, 비에이치티, 살리실릭애씨드, 아세틸테트라펩타이드-11"
히알루론 수분 선크림 SPF50+/PA++++ 50ml,이니스프리,"*히알루론 컴플렉스 10ppm 함유 정제수, 프로판다이올, 다이부틸아디페이트, 폴리메틸실세스퀴옥세인, 디에칠아미노하이드록시벤조일헥실벤조에이트, 다이아이소프로필세바케이트, 에칠헥실트리아존, 메칠렌비스-벤조트리아졸릴테트라메칠부틸페놀, 나이아신아마이드, 코코-카프릴레이트/카프레이트, 디에칠헥실부타미도트리아존, 글리세린, 부틸렌글라이콜, 1,2-헥산다이올, 카프릴릴메티콘, 펜틸렌글라이콜, 베헤닐알코올, 폴리글리세릴-3메틸글루코오스다이스테아레이트, 폴리C10-30알킬아크릴레이트, 데실글루코사이드, 트로메타민, 카보머, 아크릴레이트/C10-30알킬아크릴레이트크로스폴리머, 판테놀, 소듐스테아로일글루타메이트, 폴리아크릴레이트크로스폴리머-6, 에틸헥실글리세린, 아데노신, 라벤더오일, 리날룰, 잔탄검, T-부틸알코올, 마데카소사이드, 알란토인, 캐모마일꽃오일, *하이드롤라이즈드소듐하이알루로네이트, 토코페롤, 알로에베라잎추출물, 프로폴리스추출물, 에칠아스코빌에텔, 약모밀추출물, *소듐하이알루로네이트, *하이드록시프로필트라이모늄하이알루로네이트, *하이드롤라이즈드하이알루로닉애씨드, *소듐아세틸레이티드하이알루로네이트, *하이알루로닉애씨드, *소듐하이알루로네이트크로스폴리머, *포타슘하이알루로네이트"
그린티 로션 포맨 150ml,이니스프리,"정제수, 프로판다이올, 하이드로제네이티드폴리(C6-14올레핀), 변성알코올, 세틸에틸헥사노에이트, 1,2-헥산다이올, 데실코코에이트, 폴리글리세릴-3메틸글루코오스다이스테아레이트, 다이메티콘, 세테아릴알코올, 메틸트라이메티콘, 페닐트라이메티콘, 카프릴릴메티콘, 카보머, 글리세린, 글리세릴스테아레이트, 하이드로제네이티드식물성오일, 폴리글리세릴-3다이스테아레이트, 트로메타민, 트라이에틸시트레이트, 스테아릭애씨드, 소듐메타포스페이트, 다이메티콘/비닐다이메티콘크로스폴리머, 리모넨, 팔미틱애씨드, 에틸헥실글리세린, 다이메티콘올, 레몬껍질오일, 글리세릴스테아레이트시트레이트, 마테잎추출물, 베타-글루칸, 시트랄, 녹차추출물, 소두구씨오일, 스피어민트잎오일, 리날룰, 레시틴, 시트로넬라오일, 토코페롤, 갈바눔수지오일"
왕벚꽃 글로우 톤업 크림 50ml,이니스프리,"""정제수, 다이메티콘, 프로판다이올, 글리세린, 다이카프릴릴카보네이트, 티타늄디옥사이드 (CI 77891), 폴리솔베이트80, 나이아신아마이드, 1,2-헥산다이올, 베타인, 다이아이소스테아릴말레이트, 트라이실록세인, 암모늄아크릴로일다이메틸타우레이트/브이피코폴리머, 향료, 하이드록시에틸아크릴레이트/소듐아크릴로일다이메틸타우레이트코폴리머, 폴리아크릴레이트-13, 다이메티콘/비닐다이메티콘크로스폴리머, 합성플루오르플로고파이트, 하이드로제네이티드폴리아이소부텐, 글리세릴카프릴레이트, 알루미늄하이드록사이드, 에틸헥실글리세린, 트라이에톡시카프릴릴실레인, 솔비탄아이소스테아레이트, 폴리글리세릴-10라우레이트, 에틸헥실팔미테 이트, 폴리솔베이트60, 소듐메타포스페이트, 왕벚나무잎추출물(120 ppm), 적색산화철, 틴옥사이드, 제라니올, 리모넨, 토코페롤, 실리카"""
스키니 브로우카라 4g,이니스프리,"아이소도데케인, 정제수, 마그네슘포타슘플루오로실리케이트, 트라이메틸실록시실리케이트, 아이소부틸메타크릴레이트/비스-하이드록시프로필다이메티콘아크릴레이트코폴리머, 카나우바왁스, 브이피/에이코신코폴리머, 폴리프로필실세스퀴옥세인, 합성왁스, 글리세릴베헤네이트/에이코사디오에이트, 황색산화철, 다이스테아다이모늄헥토라이트, 흑색산화철, 라우릴폴리글리세릴-3폴리다이메틸실록시에틸다이메티콘, 폴리글리세릴-6폴리리시놀리에이트, 적색산화철, 폴리하이드록시스테아릭애씨드, 펜틸렌글라이콜, 티타늄디옥사이드 (CI 77891), 1,2-헥산다이올, 폴리글리세릴-2아이소스테아레이트, 프로필렌카보네이트, 트라이에톡시카프릴릴실레인, 카프릴릴글라이콜, 알루미늄하이드록사이드, 토코페롤"
화산송이 모공 바하 클렌징 오일 150ml,이니스프리,"세틸에틸헥사노에이트, 아이소프로필팔미테이트, 솔베스-30테트라올리에이트, 카프릴릭/카프릭트라이글리세라이드, 데실코코에이트, 올리브오일, 다이카프릴릴카보네이트, C9-12알케인, 다이아이소스테아릴말레이트, 향료, 코코-카프릴레이트/카프레이트, 살리실릭애씨드(4000ppm), 화산재(1154ppm), 실리카, 락틱애씨드/글라이콜릭애씨드코폴리머, 알파-아이소메틸아이오논, 리날룰, 시트로넬올, 호호바씨오일, 정제수, 빌베리열매추출물, 폴리쿼터늄-10, 토코페롤, 사탕수수추출물, 징크피씨에이, 오렌지추출물, 레몬추출물, 설탕단풍추출물, 마데카소사이드"
인텐시브 레져 선스틱 SPF50+/PA++++ 18g,이니스프리,"다이부틸아디페이트, 비닐다이메티콘/메티콘실세스퀴옥세인크로스폴리머, 폴리에틸렌, 아이소프로필팔미테이트, 에틸헥실팔미테이트, 프로필헵틸카프릴레이트, 실리카, 합성플루오르플로고파이트, 디에칠아미노하이드록시벤조일헥실벤조에이트, 토코페릴아세테이트, 에칠헥실트리아존, 오조케라이트, 폴리실리콘-15, 비닐다이메티콘, 비스-에칠헥실옥시페놀메톡시페닐트리아진, 알파-비사보롤, 향료, 폴리글리세릴-4다이아이소스테아레이트/폴리하이드록시스테아레이트/세바케이트, 폴리우레탄-11, 트라이에톡시카프릴릴실레인, 데하이드로아세틱애씨드, 토코페롤"
올리브 비타민 E 리얼 클렌징폼 150g,이니스프리,"정제수, 글리세린, 미리스틱애씨드, 라우릭애씨드, 포타슘하이드록사이드, 스테아릭애씨드, 글리세릴스테아레이트, 팔미틱애씨드, 글라이콜다이스테아레이트, 라우릴하이드록시설테인, 폴리쿼터늄-22, 리모넨, 소듐클로라이드, 소듐메타포스페이트, 레몬껍질오일, 오렌지껍질오일, 시트랄, 토코페롤(100 ppm), 토코페릴아세테이트(100 ppm), 올리브오일(100 ppm)"
실키 파우더 블러쉬 6.2g,이니스프리,"탤크, 마이카, 실리카, 헥실라우레이트, 징크스테아레이트, 보론나이트라이드, 라우로일라이신, 티타늄디옥사이드 (CI 77891), 다이아이소스테아릴말레이트, 펜타에리스리틸테트라에틸헥사노에이트, 페닐트라이메티콘, 다이메티콘, 트라이에톡시카프릴릴실레인, 에틸헥실글리세린, 카프릴릴글라이콜, 망가니즈바이올렛, 적색226호, 알루미늄하이드록사이드, 울트라마린, 메티콘, 적색산화철, 황색4호, 토코페롤"
애플씨드 버블 클렌저 150ml,이니스프리,"정제수, 글리세린, 솔비톨, 카프릴릴/카프릴글루코사이드, 프로판다이올, 다이소듐코코일글루타메이트, 다이소듐코코암포다이아세테이트, 소듐클로라이드, 향료, 시트릭애씨드, 폴리쿼터늄-22, 다이소듐이디티에이, 에틸헥실글리세린, 사과씨오일(40ppm), 코코-카프릴레이트/카프레이트, 카프릴릭/카프릭트라이글리세라이드, 사과추출물(20ppm), 부틸렌글라이콜, 1,2-헥산다이올, 토코페롤"
화산송이 파하 모공 매끈결 토너 170ml,이니스프리,"정제수, 프로판다이올, 1,2-헥산다이올, 알지닌, 글루코노락톤, 실리카, 리튬마그네슘소듐실리케이트, 카프릴릴글라이콜, 에틸헥실글리세린, 칼슘클로라이드, 소듐메타포스페이트, 화산재, 락틱애씨드/글라이콜릭애씨드코폴리머, 폴리쿼터늄-10, 토코페롤"
마이퍼퓸드바디 워터릴리바디클렌저 330ml,이니스프리,"정제수, 코카미도프로필베타인, 솔비톨, 소듐메틸코코일타우레이트, 소듐클로라이드, 향료(워터릴리향 2.5%), 폴리솔베이트60, 코카마이드엠이에이, 아크릴레이트/베헤네스-25메타크릴레이트코폴리머, 라우릴글루코사이드, 소듐벤조에이트, 카프릴릴글라이콜, 벤질살리실레이트, 리모넨, 포타슘하이드록사이드, 다이소듐이디티에이, 리날룰, 제라니올, 시트로넬올, 테트라소듐이디티에이, 시트릭애씨드"
라이트 글로우 쿠션 SPF26/PA++ 14g,이니스프리,"정제수, 헥실라우레이트, 부틸렌글라이콜, 트라이에틸헥사노인, 티타늄디옥사이드, 자일리톨, 티타늄디옥사이드 (CI 77891), 폴리글리세릴-5폴리리시놀리에이트, 페닐트라이메티콘, 펜타에리스리틸테트라에틸헥사노에이트, 메틸트라이메티콘, 다이아이소스테아릴말레이트, 트라이메틸실록시실리케이트, 다이페닐다이메티콘/비닐다이페닐다이메티콘/실세스퀴옥세인크로스폴리머, 다이메티콘, 황색산화철, 1,2-헥산다이올, 다이스테아다이모늄헥토라이트, 알루미늄하이드록사이드, 솔비탄세스퀴올리에이트, 소듐클로라이드, 다이메티콘/폴리글리세린-3크로스폴리머, 실리카, 스테아릭애씨드, 트라이에톡시카프릴릴실레인, 향료, 카프릴릴글라이콜, 적색산화철, 녹차씨오일, 에틸헥실글리세린, 흑색산화철, 트라이하이드록시스테아린, 다이소듐이디티에이, 바실러스/소이빈발효추출물, 콩폴리펩타이드, 다이프로필렌글라이콜, 합성플루오르플로고파이트, 토코페롤, 소듐시트레이트, 쌀겨오일, 틴옥사이드"
비자 시카 밤 EX 대용량 70ml,이니스프리,"정제수, 프로판다이올, 글리세린, 사이클로펜타실록세인, 스쿠알란, 사이클로헥사실록세인, 세테아릴알코올, 판테놀, 1,2-헥산다이올, C12-16알코올, 폴리솔베이트60, 다이아이소스테아릴말레이트, 하이드록시에틸아크릴레이트/소듐아크릴로일다이메틸타우레이트코폴리머, 팔미틱애씨드, 아크릴레이트/C10-30알킬아크릴레이트크로스폴리머, 하이드로제네이티드레시틴, 트로메타민, 세테아릴글루코사이드, 비자나무씨오일(1,000ppm), 다이소듐이디티에이, 솔비탄아이소스테아레이트, 마데카소사이드, 아시아티코사이드, 마데카식애씨드, 아시아틱애씨드, 글루코오스"
퍼펙트 9 인텐시브 스킨케어 세트  퍼펙트 9 인텐시브 스킨 200ml+ 퍼펙트 9 인텐시브 로션 160ml &  세럼 5ml + 크림 10ml + 아이크림 5ml,이니스프리,"[스킨]정제수, 부틸렌글라이콜, 변성알코올, 다이메티콘, 베타인, 나이아신아마이드, 사이클로펜타실록세인, 1,2-헥산다이올, 하이드로제네이티드폴리(C6-14올레핀), 사이클로헥사실록세인, 글리세릴폴리메타크릴레이트, 피이지-60하이드로제네이티드캐스터오일, 하이드록시에틸아크릴레이트/소듐아크릴로일다이메틸타우레이트코폴리머, 글리세린, 향료, 프로판다이올, 카보머, 트로메타민, 다이메티콘올, 에틸헥실글리세린, 아데노신, 리모넨, 다이소듐이디티에이, 솔비탄아이소스테아레이트, 폴리솔베이트60, 덱스트린, 카카오추출물, 불가리스쑥추출물, 약모밀추출물, 라즈베리추출물, 꿀풀잎추출물, 인동덩굴꽃추출물, 폴리글루타믹애씨드, 초피나무열매추출물, 서양민들레뿌리줄기/뿌리추출물, 영지버섯추출물, 베타-글루칸, 리날룰, 페녹시에탄올, 시트로넬올, 토코페롤, 꽃송이버섯추출물 [로션]정제수, 부틸렌글라이콜, 글리세린, 사이클로펜타실록세인, 변성알코올, 다이메티콘, 스쿠알란, 하이드로제네이티드식물성오일, 코코글리세라이즈, 폴리글리세릴-3메틸글루코오스다이스테아레이트, 메도우폼씨오일, 펜타에리스리틸테트라에틸헥사노에이트, 나이아신아마이드, 사이클로헥사실록세인, 시어버터, 글리세릴스테아레이트, 피이지-100스테아레이트, 향료, 폴리아크릴레이트-13, 다이메티콘올, 잔탄검, 폴리아이소부텐, 글리세릴카프릴레이트, 프로판다이올, 세테아릴알코올, 에틸헥실글리세린, 다이소듐이디티에이, 아데노신, 리모넨, 폴리솔베이트20, 솔비탄아이소스테아레이트, 스테아릭애씨드, 덱스트린, 카카오추출물, 하이드로제네이티드레시틴, 불가리스쑥추출물, 약모밀추출물, 라즈베리추출물, 꿀풀잎추출물, 인동덩굴꽃추출물, 초피나무열매추출물, 서양민들레뿌리줄기/뿌리추출물, 영지버섯추출물, 리날룰, 베타-글루칸, 시트로넬올, 시트랄, 제라니올, 토코페롤, 꽃송이버섯추출물"
유채꿀 립밤 3.5g,이니스프리,"페트롤라툼, 폴리글리세릴-2트라이아이소스테아레이트, 다이아이소스테아릴말레이트, 미네랄오일, 호호바에스터, 하이드로제네이티드폴리아이소부텐, 폴리에틸렌, 메도우폼델타-락톤, 피토스테릴하이드록시스테아레이트, 하이드로제네이티드코코-글리세라이즈, 칸데릴라왁스, 마이크로크리스탈린왁스, 망고씨버터, 세레신, 스 위트아몬드오일, 트라이하이드록시스테아린, 페녹시에탄올, 카프릴릴글라이콜, 향료,글리세릴카프릴레이트, 토코페릴아세테이트, 황색4호, 황색5호, 토코페롤, 티비에이치큐, 서양유채씨오일(1ppm),정제수, 부틸렌글라이콜, 꿀추출물(0.03ppm), 에틸헥실글리세린"
포어 블러 팩트 12.5g,이니스프리,"탤크, 마이카, 카프릴릭/카프릭트라이글리세라이드, 폴리메틸메타크릴레이트, 실리카, 에이치디아이/피피지/폴리카프로락톤크로스폴리머, 페닐트라이메티콘, 다이메티콘, 트라이에톡시카프릴릴실레인, 옥틸도데실스테아로일스테아레이트, 1,2-헥산다이올, 글리세릴카프릴레이트, 적색산화철, 메티콘, 하이드로제네이티드레시틴, 황색산화철, 향료, 칼라민, 약모밀가루, 흑색산화철, 정제수, 부틸렌글라이콜, 콘민트잎추출물"
아일 넘버 바디앤핸드워시 웜앤퍼지스 300ml,이니스프리,"정제수, 소듐C14-16올레핀설포네이트, 코카미도프로필하이드록시설테인, 향료, 부틸렌글라이콜, 1,2-헥산다이올, 시트릭애씨드, 카프릴릴글라이콜, 에틸헥실글리세린, 소듐메타포스페이트, 벤질벤조에이트, 프로판다이올, 폴리쿼터늄-10, 리날룰, 트라이에틸시트레이트, 다이소듐이디티에이, 레몬껍질오일, 녹차추출물, 토코페롤, 마테잎추출물, 소두구씨오일, 스피어민트잎오일, 시트로넬라오일, 스쿠알란, 갈바눔수지오일, 돌콩오일, 돌콩스테롤, 세테아릴알코올, 헥실라우레이트, 아보카도오일, 아스코빌팔미테이트, 하이드로제네이티드식물성글리세라이즈시트레이트"
아일넘버 핸드크림 씨즈더모먼트 50ml,이니스프리,"정제수, 부틸렌글라이콜, 글리세린, 세테아릴알코올, 시어버터, 세틸에틸헥사노에이트, 글리세릴스테아레이트시트레이트, 다이카프릴릴카보네이트, 향료, 스쿠알란, 폴리글리세릴-3메틸글루코오스다이스테아레이트, 메틸트라이메티콘, 1,2-헥산다이올, 하이드록시프로필스타치포스페이트, 하이드록시에틸아크릴레이트/소듐아크릴로일다이메틸타우레이트코폴리머, 벤질벤조에이트, 글리세릴카프릴레이트, 프로판다이올, 리모넨, 제라니올, 헥실신남알, 에틸헥실글리세린, 다이소듐이디티에이, 솔비탄아이소스테아레이트, 리날룰, 시트랄, 시트로넬올, 호호바씨오일, 토코페롤, 트라이에틸시트레이트, 녹차추출물, 레몬껍질오일, 마테잎추출물, 소두구씨오일, 스피어민트잎오일, 갈바눔수지오일, 시트로넬라오일"
마이퍼퓸드바디 그린텐저린바디클렌저 330ml,이니스프리,"정제수, 코카미도프로필베타인, 솔비톨, 소듐메틸코코일타우레이트, 소듐클로라이드, 향료(그린탠저린향 2.5%), 코카마이드엠이에이, 아크릴레이트/베헤네스-25메타크릴레이트코폴리머, 소듐벤조에이트, 카프릴릴글라이콜, 리모넨, 포타슘하이드록사이드, 리날룰, 다이소듐이디티에이, 헥실신남알, 에틸헥실글리세린, 테트라소듐이디티에이, 토코페롤, 시트릭애씨드"
포레스트 프레시 스킨 180ml,이니스프리,"정제수, 변성알코올, 프로판다이올, 글리세린, 1,2-헥산다이올, 피피지-13-데실테트라데세스-24, 옥틸도데세스-16, 베타인, 향료, 에틸헥실글리세린, 다이소듐이디티에이, 리모넨, 부틸렌글라이콜, 리날룰, 흑효모발효물*, 시트랄, 토코페롤"
포레스트 프레시 로션 140ml,이니스프리,"정제수, 프로판다이올, 글리세린, 다이메티콘, 실리카, 1,2-헥산다이올, 비닐다이메티콘/메티콘실세스퀴옥세인크로스폴리머, 암모늄아크릴로일다이메틸타우레이트/브이피코폴리머, 폴리솔베이트20, 카보머, 폴리아크릴레이트-13, 트로메타민, 글리세릴카프릴레이트, 향료, 폴리아이소부텐, 에틸헥실글리세린, 다이소듐이디티에이, 리모넨, 부틸렌글라이콜, 솔비탄아이소스테아레이트, 리날룰, 흑효모발효물, 토코페롤"
블랙티 유스 인핸싱 스킨 케어 세트  블랙티 유스 인핸싱 스킨 170ml + 블랙티 유스 인핸싱 로션 170ml&  스킨 15ml + 로션 15ml + 앰플 12ml,이니스프리,"""[스킨] 정제수, 부틸렌글라이콜, 프로판다이올, 나이아신아마이드, 1,2-헥산다이올, 다이메티콘, 피피지-13-데실테트라데세스-24, 에탄올, 암모늄아크릴로일다이메틸타우레이트/브이피코폴리머, 글리세릴카프릴레이트, 아크릴레이트/C10-30알킬아크릴레이트크로스폴리머, 하이드로제네이티드레시틴, 에틸헥실글리세린, 아데노신, 트로메타민, 향료, 다이소듐이디티에이, 판테놀, 하이알루로닉애씨드, 홍차추출물(100 ppm), 리모넨, 덱스트린, 카카오추출물, 소듐메틸스테아로일타우레이트, 리날룰, 토코페롤 [로션] 정제수, 부틸렌글라이콜, 다이메티콘, 하이드로제네이티드폴리(C6-14올레핀), 글리세린, 세틸에틸헥사노에이트, 나이아신아마이드, 1,2-헥산다이올, 폴리솔베이트60, 글리세릴스테아레이트, 세테아릴알코올, 글리세릴스테아레이트시트레이트, 하이드로제네이티드식물성오일, 스테아릭애씨드, 솔비탄스테아레이트, 피이지-100스테아레이트, 카보머, 트로메타민, 팔미틱애씨드, 글리세릴카프릴레이트, 펜틸렌글라이콜, 다이소듐이디티에이, 에틸헥실글리세린, 아데노신, 향료, 덱스트린, 카카오추출물, 홍차추출물(100 ppm), 리모넨, 잔탄검, 서양톱풀추출물, 리날룰, 토코페롤"""
퍼펙트 9 인텐시브 로션 160ml,이니스프리,"정제수, 부틸렌글라이콜, 글리세린, 사이클로펜타실록세인, 변성알코올, 다이메티콘, 스쿠알란, 하이드로제네이티드식물성오일, 코코글리세라이즈, 폴리글리세릴-3메틸글루코오스다이스테아레이트, 메도우폼씨오일, 펜타에리스리틸테트라에틸헥사노에이트, 나이아신아마이드, 사이클로헥사실록세인, 시어버터, 글리세릴스테아레이트, 피이지-100스테아레이트, 향료, 폴리아크릴레이트-13, 다이메티콘올, 잔탄검, 폴리아이소부텐, 글리세릴카프릴레이트, 프로판다이올, 세테아릴알코올, 에틸헥실글리세린, 다이소듐이디티에이, 아데노신, 리모넨, 폴리솔베이트20, 솔비탄아이소스테아레이트, 스테아릭애씨드, 덱스트린, 카카오추출물, 하이드로제네이티드레시틴, 불가리스쑥추출물, 약모밀추출물, 라즈베리추출물, 꿀풀잎추출물, 인동덩굴꽃추출물, 초피나무열매추출물, 서양민들레뿌리줄기/뿌리추출물, 영지버섯추출물, 리날룰, 베타-글루칸, 시트로넬올, 시트랄, 제라니올, 토코페롤, 꽃송이버섯추출물"
톤업 노세범 선스크린 EX SPF50+/PA++++ 60ml,이니스프리,"정제수, 징크옥사이드, 사이클로헥사실록세인, 프로판다이올, 부틸옥틸살리실레이트, 부틸렌글라이콜다이카프릴레이트/다이카프레이트, 다이실록세인, 메틸메타크릴레이트크로스폴리머, 카프릴릴메티콘, 폴리글리세릴-3폴리다이메틸실록시에틸다이메티콘, 티타늄디옥사이드 (CI 77891), 폴리프로필실세스퀴옥세인, 칼슘알루미늄보로실리케이트, 폴리메틸실세스퀴옥세인, 소듐아크릴레이트크로스폴리머-2, 다이스테아다이모늄헥토라이트, 마그네슘설페이트, 트라이에톡시카프릴릴실레인, 1,2-헥산다이올, 폴리글리세릴-2다이폴리하이드록시스테아레이트, 라우릴폴리글리세릴-3폴리다이메틸실록시에틸다이메티콘, 다이메티콘/비닐다이메티콘크로스폴리머, 부틸렌글라이콜, 향료, 다이카프릴릴카보네이트, 카프릴릴글라이콜, 글리세릴카프릴레이트, 마이카, 황색산화철, 에틸헥실글리세린, 적색산화철, 소듐하이알루로네이트, 칡뿌리추출물, 당느릅나무뿌리추출물, 달맞이꽃추출물, 대왕송잎추출물, 흑색산화철, 토코페롤, 호호바씨오일, 녹차씨오일, 글리세린, 에필로비움 플레이스케리추출물, 시트릭애씨드, 포타슘솔베이트"
비타C 엔자임 잡티 토닝 크림  80ml,이니스프리,"정제수, 부틸렌글라이콜, 프로판다이올, 글리세린, 나이아신아마이드(40,000 ppm), 아이소펜틸다이올, 1,2-헥산다이올, 하이드로제네이티드폴리(C6-14올레핀), 카프릴릭/카프릭트라이글리세라이드, 아이소노닐아이소노나노에이트, 스쿠알란, 암모늄아크릴로일다이메틸타우레이트/브이피코폴리머, 아크릴레이트/C10-30알킬아크릴레이트크로스폴리머, 알지닌, 트레할로오스, 하이드록시에틸아크릴레이트/소듐아크릴로일다이메틸타우레이트코폴리머, 소듐아크릴릭애씨드/엠에이코폴리머, 덱스트린, 잔탄검, 3-O-에틸아스코빅애씨드(1,000 ppm), 세테아릴올리베이트, 만다린껍질추출물, 캐스터오일/아이피디아이코폴리머, 황련뿌리추출물, 에틸헥실글리세린, 당근추출물, 솔비탄올리베이트, 카놀라오일, 사이클로덱스트린, 소듐파이테이트, 글리세릴아크릴레이트/아크릴릭애씨드코폴리머, 솔비탄아이소스테아레이트, 프로테아제(100 ppm)*, 카프릴릴글라이콜, 피브이엠/엠에이코폴리머, 당근씨오일, 카보머, 아스코빌테트라이소팔미테이트(10.3 ppm), 토코페릴아세테이트, 베타-카로틴, 해바라기씨오일, 아모다이메티콘, 글루코오스, 소듐하이알루로네이트, 판테놀, 아이리쉬모스 추출물, 하이드록시프로필트라이모늄하이알루로네이트, 소듐아스코빌포스페이트(0.1001 ppm), 토코페롤, 마그네슘아스코빌포스페이트(0.1 ppm), 글루타티온, 페룰릭애씨드, 아마씨오일, 하이드롤라이즈드하이알루로닉애씨드, 소듐아세틸레이티드하이알루로네이트, 사이아노코발아민, 글루코노락톤, 하이알루로닉애씨드, 소듐하이알루로네이트크로스폴리머, 하이드롤라이즈드소듐하이알루로네이트, 포타슘하이알루로네이트, 리놀레닉애씨드, 리놀레익애씨드, 아스코빅애씨드(0.001 ppb), 바이오틴, 폴릭애씨드, 리보플라빈, 피리독신, 티아민에이치씨엘"
화산송이 모공 듀얼 마스크 110ml,이니스프리,"클레이 포뮬러: 정제수, 카올린, 부틸렌글라이콜, 실리카, 글리세린, 벤토나이트, 티타늄디옥사이드(CI 77891),1,2-핵산다이올, 화산재(10,731PPM), 마이크로크리스탈린셀룰로오스, 잔탄검, 하이드록시메틸아크릴레이트/소듐아크릴로일다이메탈타우레이트코폴리머, 셀룰로오스검, 카프릴릴글라이콜, 소듐메타포스페이트, 락틱애씨드, 락틱애씨드/글라 이클릭애씨드코폴리머, 에틸헥실글리세린, 솔비탄아이소스테아레이트, 글라이콜릭애씨드, 시트릭애씨드, 살리실릭애씨드, 폴리쿼터늄-10, 토코페롤 수분팩 포뮬러: 정제수, 프로판다이올, 글리세린, 카프릴릭/카프릭트라 이글리세라이드, 세테아릴알코올, 나이아신아마이드, 트로메타민, 글라이 콜릭애씨드, 소듐락테이트, 1,2-헥산다이올, 베헤닐알코올, 포타슘세틸포 스페이트, 하이드레이티드실리카, 벤토나이트, 소듐메타포스페이트, 에틸 헥실글리세린, 울트라마린, 마데카소사이드, 살리실릭애씨드, 말토덱스트 린, 하이드롤라이즈드치자추출물, 카올린, 트라이에톡시카프릴릴실레인, 소듐하이알루로네이트, 토코페롤, 하이드롤라이즈드하이알루로닉애씨드, 소듐하이알루로네이트크로스폴리머, 하이알루로닉애씨드, 소듐아세틸레이티드하이알루로네이트"
올리브 비타민E 리얼 클렌징 오일 150ml,이니스프리,"카프릴릭/카프릭트라이글리세라이드, 펜타에리스리틸테트라에틸헥사노에이트, 솔베스-30테트라올리에이트, 세틸에틸헥사노에이트, 아이소도데케인, 올리브오일(50,000ppm), 리모넨, 레몬껍질오일, 오렌지껍질오일, 토코페롤(50ppm), 토코페릴아세테이트(10ppm)"
마이퍼퓸드바디 워터릴리 바디로션 330ml,이니스프리,"정제수, 글리세린, 부틸렌글라이콜, 세틸에칠헥사노에이트, 해바라기씨오일, 향료, 스테아릭애씨드, 팔미틱애씨드, 디메치콘, 쉐어버터, 글리세릴스테아레이트, 세테아릴알코올, 글리세릴스테아레이트시트레이트, 하이드로제네이티드식물성오일, 피이지-100스테아레이트, 하이드록시에칠아크릴레이트/소듐아크릴로일디메칠타우레이트코폴리머, 카보머, 벤질살리실레이트, 트로메타민, 글리세릴카프릴레이트, 리모넨, 디소듐이디티에이, 에칠헥실글리세린, 리날룰, 제라니올, 시트로넬올, 소르비탄이소스테아레이트, 폴리소르베이트60, 미리스틱애씨드, 카카오씨드버터, 망고씨드버터, 아라키딕애씨드, 라우릭애씨드, 시트랄, 토코페롤, 티비에이치큐"
스컬프팅 파우더 쉐이딩 6.8g,이니스프리,"탤크, 마이카, 티타늄디옥사이드 (CI 77891), 징크스테아레이트, 페닐트라이메티콘, 옥틸도데실스테아로일스테아레이트, 마그네슘미리스테이트, 보론나이트라이드, 황색산화철, 흑색산화철, 트라이에톡시카프릴릴실레인, 망가니즈바이올렛, 적색산화철, 에틸헥실글리세린, 카프릴릴글라이콜, 알루미늄하이드록사이드, 다이메티콘, 메티콘, 울트라마린, 토코페롤"
포레스트 프레시 스킨 로션 2종 세트,이니스프리,"[스킨] 정제수, 변성알코올, 프로판다이올, 글리세린, 1,2-헥산다이올, 피피지-13-데실테트라데세스-24, 옥틸도데세스-16, 베타인, 향료, 에틸헥실글리세린, 다이소듐이디티에이, 리모넨, 부틸렌글라이콜, 리날룰, 흑효모발효물*, 시트랄, 토코페롤 [로션] 정제수, 프로판다이올, 글리세린, 다이메티콘, 실리카, 1,2-헥산다이올, 비닐다이메티콘/메티콘실세스퀴옥세인크로스폴리머, 암모늄아크릴로일다이메틸타우레이트/브이피코폴리머, 폴리솔베이트20, 카보머, 폴리아크릴레이트-13, 트로메타민, 글리세릴카프릴레이트, 향료, 폴리아이소부텐, 에틸헥실글리세린, 다이소듐이디티에이, 리모넨, 부틸렌글라이콜, 솔비탄아이소스테아레이트, 리날룰, 흑효모발효물, 토코페롤 [로션] 정제수, 프로판다이올, 글리세린, 다이메티콘, 실리카, 1,2-헥산다이올, 비닐다이메티콘/메티콘실세스퀴옥세인크로스폴리머, 암모늄아크릴로일다이메틸타우레이트/브이피코폴리머, 폴리솔베이트20, 카보머, 폴리아크릴레이트-13, 트로메타민, 글리세릴카프릴레이트, 향료, 폴리아이소부텐, 에틸헥실글리세린, 다이소듐이디티에이, 리모넨, 부틸렌글라이콜, 솔비탄아이소스테아레이트, 리날룰, 흑효모발효물, 토코페롤 [쉐이빙&폼] 정제수, 글리세린, 미리스틱애씨드, 포타슘하이드록사이드, 피이지-32, 스테아릭애씨드, 팔미틱애씨드, 글리세릴스테아레이트, 피이지-100스테아레이트, 라우릭애씨드, 라우릴글루코사이드, 코카미도프로필베타인, 폴리쿼터늄-7, 향료, 소듐메틸코코일타우레이트, 소듐클로라이드, 리모넨, 멘톨, 다이소듐이디티에이, 리날룰, 소듐벤조에이트, 부틸렌글라이콜, 1,2-헥산다이올, 시트릭애씨드, 흑효모발효물, 락틱애씨드, 테트라소듐이디티에이, 에틸헥실글리세린"
심플라벨 래스팅 펜슬 브로우 0.15g,이니스프리,"흑색산화철, 쌀겨왁스, 황색산화철, 적색산화철, 검양옻나무열매왁스, 팔미틱애씨드, 스테아릭애씨드, 칸데릴라왁스, 마이카, 마이크로크리스탈린왁스, 합성비즈왁스, 합성왁스, 탤크, 하이드로제네이티드코코넛오일, 다이메티콘, 정제수, 부틸렌글라이콜, 1,2-헥산다이올, 화산재, 에틸헥실글리세린, 카올린"
심플라벨 마스카라 7.5g,이니스프리,"아이소도데케인, 트라이메틸실록시실리케이트, 탤크, 세레신, 다이스테아다이모늄헥토라이트, 덱스트린팔미테이트/에틸헥사노에이트, 흑색산화철, 마이크로크리스탈린왁스, 폴리프로필실세스퀴옥세인, 프로필렌카보네이트, 실리카, 하이드로제네이티드폴리아이소부텐, 알루미늄다이스테아레이트, 덱스트린팔미테이트, 폴리메틸실세스퀴옥세인, 트라이에톡시카프릴릴실레인, 셀룰로오스, 글리세릴카프릴레이트, 프로판다이올, 펄라이트, 수국잎추출물"
라이트 글로우 쿠션 리필 SPF26/PA++ 14g,이니스프리,"정제수, 헥실라우레이트, 부틸렌글라이콜, 트라이에틸헥사노인, 티타늄디옥사이드, 자일리톨, 티타늄디옥사이드 (CI 77891), 폴리글리세릴-5폴리리시놀리에이트, 페닐트라이메티콘, 펜타에리스리틸테트라에틸헥사노에이트, 메틸트라이메티콘, 다이아이소스테아릴말레이트, 트라이메틸실록시실리케이트, 다이페닐다이메티콘/비닐다이페닐다이메티콘/실세스퀴옥세인크로스폴리머, 다이메티콘, 황색산화철, 1,2-헥산다이올, 다이스테아다이모늄헥토라이트, 알루미늄하이드록사이드, 솔비탄세스퀴올리에이트, 소듐클로라이드, 다이메티콘/폴리글리세린-3크로스폴리머, 실리카, 스테아릭애씨드, 트라이에톡시카프릴릴실레인, 향료, 카프릴릴글라이콜, 적색산화철, 녹차씨오일, 에틸헥실글리세린, 흑색산화철, 트라이하이드록시스테아린, 다이소듐이디티에이, 바실러스/소이빈발효추출물, 콩폴리펩타이드, 다이프로필렌글라이콜, 합성플루오르플로고파이트, 토코페롤, 소듐시트레이트, 쌀겨오일, 틴옥사이드"
포레스트 포어 케어 올인원 에센스 100ml,이니스프리,"정제수, 프로판다이올, 다이메티콘, 글리세레스-26, 1,2-헥산다이올, 비스-피이지-18메틸에터다이메틸실레인, 만니톨, 메틸트라이메티콘, 부틸렌글라이콜, 피피지-13-데실테트라데세스-24, 하이드록시에틸아크릴레이트/소듐아크릴로일다이메틸타우레이트코폴리머, 폴리솔베이트20, 세테아릴알코올, 아크릴레이트/C10-30알킬아크릴레이트크로스폴리머, 트로메타민, 글리세릴카프릴레이트, 향료, 글리세릴스테아레이트, 에틸헥실글리세린, 스테아릭애씨드, 하이드로제네이티드레시틴, 페녹시에탄올, 리모넨, 바이오사카라이드검-1, 다이소듐이디티에이,폴리글리세릴-3메틸글루코오스다이스테아레이트, 솔비탄아이소스테아레이트, 리날룰, 글라이코프로테인, 흑효모발효물*, 비에이치티, 토코페롤"
청보리 마일드 필링 토너 250ml,이니스프리,"정제수, 글리세린, 프로판다이올, 1,2-헥산다이올, 효모/보리씨발효여과물(9,175 ppm), 부틸렌글라이콜, 나이아신아마이드, 흰버드나무껍질추출물, 소듐메타포스페이트, 글루코노락톤, 에틸헥실글리세린, 판테놀, 펜틸렌글라이콜, 트로메타민, 멘톡시프로판다이올, 하이알루로닉애씨드, 잔탄검, 서양톱풀추출물"
레티놀 PDRN 앰플 기획세트 40ml,이니스프리,"락토바실러스발효용해물(56.88%), 글리세린, 프로판다이올, 정제수, 다이프로필렌글라이콜, 부틸렌글라이콜, 나이아신아마이드, 1,2-헥산다이올, 스쿠알란, 글리세릴폴리메타크릴레이트, 다이메틸아이소소바이드, 메틸트라이메티콘, 세테아릴알코올, 하이드록시에틸우레아, 암모늄아크릴로일다이메틸타우레이트/브이피코폴리머, 해바라기씨오일, 돌콩오일, 알란토인, 글리세릴스테아레이트, 잔탄검, 토코페롤, 토코페릴아세테이트, 펜틸렌글라이콜, 다이포타슘글리시리제이트, 소듐스테아로일글루타메이트, 하이드로제네이티드레시틴, 당근추출물, 하이드록시피나콜론레티노에이트, 스테아릭애씨드, 폴리글리세릴-3메틸글루코오스다이스테아레이트, 소듐폴리아크릴레이트, 소듐메타포스페이트, 코질메틸렌다이옥시신나메이트, 팔미틱애씨드, 에틸헥실글리세린, 아데노신, 레티놀(1,000IU/g), 소듐하이알루로네이트, 하이알루로닉애씨드, 하이드롤라이즈드식물성단백질, 서양톱풀추출물, 베타-카로틴, 미리스틱애씨드, 라우릭애씨드, 풀루란, 제인, 녹차추출물, 펙틴, 시트릭애씨드"
레티놀 시카 앰플 기획세트 50ml,이니스프리,"정제수, 글리세린, 부틸렌글라이콜, 나이아신아마이드, 다이부틸아디페이트, 카프릴릭/카프릭트라이글리세라이드, 1,2-헥산다이올, 하이드로제네이티드레시틴, 암모늄아크릴로일다이메틸타우레이트/브이피코폴리머, 해바라기씨오일, 콜레스테롤, 알란토인, 돌콩오일, 토코페롤, 토코페릴아세테이트, 소듐메틸스테아로일타우레이트, 프로판다이올, 당근추출물, 에틸헥실글리세린, 아데노신, 아시아티코사이드, 마데카식애씨드, 녹차씨추출물, 아시아틱애씨드, 레티놀(500IU/g), 스테아릴글리시레티네이트, 하이알루로닉애씨드, 만니톨, 세라마이드엔피, 베타-글루칸, 베타-카로틴, 피토스핑고신, 비에이치티, 살리실릭애씨드, 아세틸테트라펩타이드-11"
그린티 씨드 히알루론산 크림 기획세트,이니스프리,"정제수, 프로판다이올, 글리세린, 스테아릴다이메티콘, 메틸트라이메티콘, 부틸렌글라이콜다이카프릴레이트/다이카프레이트, 펜타에리스리틸테트라에틸헥사노에이트, 녹차씨오일, 1,2-헥산다이올, 글리세릴폴리메타크릴레이트, 폴리메틸실세스퀴옥세인, 스쿠알란, 하이드록시에틸아크릴레이트/소듐아크릴로일다이메틸타우레이트코폴리머, 폴리글리세릴-3메틸글루코오스다이스테아레이트, 카보머, 트라이에틸시트레이트, 하이드로제네이티드레시틴, 콜레스테롤, 글리세릴스테아레이트, 트로메타민, 리모넨, 락토바실러스발효용해물, 하이알루로닉애씨드, 판테놀, 알란토인, 세테아릴알코올, 잔탄검, 글리세릴카프릴레이트, 소듐스테아로일글루타메이트, 부틸렌글라이콜, 에틸헥실글리세린, 다이소듐이디티에이, 레몬껍질오일, 솔비탄아이소스테아레이트, 녹차추출물, 마테잎추출물, 소듐하이알루로네이트, 마데카소사이드, 락틱애씨드, 시트랄, 덱스트린, 카카오추출물, 소두구씨오일, 스피어민트잎오일, 리날룰, 시트로넬라오일, 하이드롤라이즈드하이알루로닉애씨드, 갈바눔수지오일, 소듐하이알루로네이트크로스폴리머, 녹차씨추출물, 세라마이드엔피, 토코페롤, 피토스핑고신, 소듐아세틸레이티드하이알루로네이트"
마이 퍼퓸드 핸드크림 세트,이니스프리,"[04 댄싱 데이지] 정제수, 글리세린, 프로판다이올, 세테아릴알코올, 하이드로제네이티드코코-글리세라이즈, 글리세릴스테아레이트, 부틸렌글라이콜다이카프릴레이트/다이카프레이트, 1,2-헥산다이올, 세테아릴글루코사이드, 카프릴릭/카프릭트라이글리세라이드, 향료, 카보머, 트로메타민, 팔미틱애씨드, 스테아릭애씨드, 카프릴릴글라이콜, 소듐스테아로일글루타메이트, 에틸헥실글리세린, 다이소듐이디티에이, 리모넨, 소듐하이알루로네이트, 리날룰, 시트로넬올, 제라니올, 하이알루로닉애씨드, 시어버터, 부틸렌글라이콜, 병풀추출물, 시트릭애씨드 [06 블러쉬 로즈] 정제수, 부틸렌글라이콜, 글리세린, 세틸에틸헥사노에이트, 카프릴릭/카프릭트라이글리세라이드, 시어버터, 세테아릴알코올, 펜타에리스리틸테트라에틸헥사노에이트, 하이드로제네이티드올리브오일데실에스터, C14-22알코올, 메틸트라이메티콘, 피씨에이다이메티콘, 하이드록시에틸아크릴레이트/소듐아크릴로일다이메틸타우레이트코폴리머, 향료, 1,2-헥산다이올, 하이드록시프로필스타치포스페이트, C12-20알킬글루코사이드, 아라키딜알코올, 잔탄검, 베헤닐알코올, 글리세릴카프릴레이트, 아라키딜글루코사이드, 다이소듐이디티에이, 에틸헥실글리세린, 솔비탄아이소스테아레이트, 시트로넬올, 제라니올, 리모넨, 토코페롤, 녹차씨오일, 스위트아몬드오일, 다마스크장미꽃수, 하이드록시시트로넬알, 리날룰, 알파-아이소메틸아이오논, 프로판다이올, 녹차추출물"
레티놀 PDRN 앰플 기획세트 40ml,이니스프리,"락토바실러스발효용해물(56.88%), 글리세린, 프로판다이올, 정제수, 다이프로필렌글라이콜, 부틸렌글라이콜, 나이아신아마이드, 1,2-헥산다이올, 스쿠알란, 글리세릴폴리메타크릴레이트, 다이메틸아이소소바이드, 메틸트라이메티콘, 세테아릴알코올, 하이드록시에틸우레아, 암모늄아크릴로일다이메틸타우레이트/브이피코폴리머, 해바라기씨오일, 돌콩오일, 알란토인, 글리세릴스테아레이트, 잔탄검, 토코페롤, 토코페릴아세테이트, 펜틸렌글라이콜, 다이포타슘글리시리제이트, 소듐스테아로일글루타메이트, 하이드로제네이티드레시틴, 당근추출물, 하이드록시피나콜론레티노에이트, 스테아릭애씨드, 폴리글리세릴-3메틸글루코오스다이스테아레이트, 소듐폴리아크릴레이트, 소듐메타포스페이트, 코질메틸렌다이옥시신나메이트, 팔미틱애씨드, 에틸헥실글리세린, 아데노신, 레티놀(1,000IU/g), 소듐하이알루로네이트, 하이알루로닉애씨드, 하이드롤라이즈드식물성단백질, 서양톱풀추출물, 베타-카로틴, 미리스틱애씨드, 라우릭애씨드, 풀루란, 제인, 녹차추출물, 펙틴, 시트릭애씨드"
그린티 밀크 에센스 160ml 더블 기획세트,이니스프리,"정제수, 글리세린, 부틸렌글라이콜, 프로판다이올, 하이드로제네이티드쌀겨오일, 베타인, 1,2-헥산다이올, 만니톨, 폴리글리세린-3, 피피지-13-데실테트라데세스-24, 하이드로제네이티드레시틴, 펜틸렌글라이콜, 글리세릴카프릴레이트, 잔탄검, 카보머, 에틸헥실글리세린, 카프릴릭/카프릭트라이글리세라이드, 소듐스테아로일글루타메이트, 트로메타민, 하이드록시에틸아크릴레이트/소듐아크릴로일다이메틸타우레이트코폴리머, 소듐메타포스페이트, 나이아신아마이드, 폴리글리세릴-10스테아레이트, 솔비탄아이소스테아레이트, 하이알루로닉애씨드, 세라마이드엔피(10 ppm), 피토스테롤, 녹차씨오일(5 ppm), 토코페롤, 소듐하이알루로네이트, 녹차추출물(0.5 ppm), 카프릴릴글라이콜, 프로필렌글라이콜, 글리세릴올리에이트, 레시틴, 라우릴글루코사이드, 하이드롤라이즈드하이알루로닉애씨드, 폴리글리세릴-6라우레이트, 미리스틸글루코사이드, 소듐하이알루로네이트크로스폴리머, 소듐트라이메타포스페이트, 소듐아세틸레이티드하이알루로네이트, 아세틸테트라펩타이드-2"
이니스프리 클렌징 폼,이니스프리,"정제수, 글리세린, 미리스틱애씨드, 라우릭애씨드, 포타슘하이드록사이드, 스테아릭애씨드, 글리세릴스테아레이트, 글라이콜다이스테아레이트, 팔미틱애씨드, 라우릴하이드록시설테인, 폴리쿼터늄-22, 라우릴글루코사이드, 프로판다이올, 향료, 포타슘코코일글리시네이트, 1,2-헥산다이올, 하이드롤라이즈드옥수수전분, 소나무잎추출물, 다이소듐이디티에이, 부틸렌글라이콜, 알지닌*, 아스파틱애씨드*, 글루타믹애씨드*, 에틸헥실글리세린, 녹차추출물(31ppm), 아크릴레이트/스테아릴메타크릴레이트코폴리머, 흰목이버섯포자낭과추출물, 테트라소듐이디티에이, 하이알루로닉애씨드, 잔탄검, 세라마이드엔피, 창포뿌리추출물"
스페셜 케어 마스크  20ml,이니스프리,"정제수, 다이메티콘, 부틸렌글라이콜, 글리세린, 에탄올, 세틸에틸헥사노에이트, 1,2-헥산다이올, 글리세릴스테아레이트, 베타인, 세테아릴알코올, 피이지-100스테아레이트, 페녹시에탄올, 폴리아크릴레이트-13, 아크릴레이트/C10-30알킬아크릴레이트크로스폴리머, 사이클로펜타실록세인, 폴리아이소부텐, 향료, 에틸헥실글리세린, 포타슘하이드록사이드, 벤질벤조에이트, 다이소듐이디티에이, 다이메티콘올, 폴리솔베이트20, 솔비탄아이소스테아레이트, 우레아, 폴리글리세릴-3메틸글루코오스다이스테아레이트, 세테아릴글루코사이드, 메틸글루코오스세스퀴스테아레이트, 녹차추출물, 작약뿌리추출물, 인동덩굴꽃추출물, 도둑놈의지팡이뿌리추출물, 복사나무잎추출물, 황금추출물, 은행나무잎추출물, 버지니아풍년화추출물, 쇠비름추출물"
그린티 세라마이드 크림 80ml,이니스프리,"정제수, 부틸렌글라이콜, 프로판다이올, 글리세린, 스쿠알란, 다이프로필렌글라이콜, 카프릴릭/카프릭트라이글리세라이드, 호호바씨오일, 1,2-헥산다이올, 글리세릴스테아레이트, 에틸헥실팔미테이트, 세테아릴알코올, 메틸트라이메티콘, 다이메티콘, 세틸에틸헥사노에이트, 세테아릴올리베이트, 다이카프릴릴에터, 폴리글리세릴-3메틸글루코오스다이스테아레이트, 콜로이달오트밀, 팔미틱애씨드, 스테아릭애씨드, 솔비탄올리베이트, 하이드로제네이티드폴리(C6-14올레핀), 카보머, 트로메타민, 다이메티콘/비닐다이메티콘크로스폴리머, 에틸헥실글리세린, 세테아릴글루코사이드, 잔탄검, 카프릴릴글라이콜, 세라마이드엔피(504 ppm), 소듐메타포스페이트, 하이드로제네이티드레시틴, 엑토인, 세틸-피지하이드록시에틸팔미타마이드, 폴리글리세릴-10스테아레이트, 녹차씨추출물(19 ppm), 소듐스테아로일글루타메이트, 피토스테롤, 녹차씨오일(2.5 ppm), 토코페롤, 피토스핑고신, 녹차추출물(0.2 ppm), 세라마이드엔에스(0.1 ppm), 콜레스테롤, 세라마이드에이피(0.05 ppm), 세라마이드에이에스(0.05 ppm), 세라마이드이오피(0.0001 ppm)"
그린티 세라마이드 크림 50ml,이니스프리,"정제수, 부틸렌글라이콜, 프로판다이올, 글리세린, 스쿠알란, 다이프로필렌글라이콜, 카프릴릭/카프릭트라이글리세라이드, 호호바씨오일, 1,2-헥산다이올, 글리세릴스테아레이트, 에틸헥실팔미테이트, 세테아릴알코올, 메틸트라이메티콘, 다이메티콘, 세틸에틸헥사노에이트, 세테아릴올리베이트, 다이카프릴릴에터, 폴리글리세릴-3메틸글루코오스다이스테아레이트, 콜로이달오트밀, 팔미틱애씨드, 스테아릭애씨드, 솔비탄올리베이트, 하이드로제네이티드폴리(C6-14올레핀), 카보머, 트로메타민, 다이메티콘/비닐다이메티콘크로스폴리머, 에틸헥실글리세린, 세테아릴글루코사이드, 잔탄검, 카프릴릴글라이콜, 세라마이드엔피(504 ppm), 소듐메타포스페이트, 하이드로제네이티드레시틴, 엑토인, 세틸-피지하이드록시에틸팔미타마이드, 폴리글리세릴-10스테아레이트, 녹차씨추출물(19 ppm), 소듐스테아로일글루타메이트, 피토스테롤, 녹차씨오일(2.5 ppm), 토코페롤, 피토스핑고신, 녹차추출물(0.2 ppm), 세라마이드엔에스(0.1 ppm), 콜레스테롤, 세라마이드에이피(0.05 ppm), 세라마이드에이에스(0.05 ppm), 세라마이드이오피(0.0001 ppm)"
그린티 세라마이드 크림 50ml,이니스프리,"정제수, 부틸렌글라이콜, 프로판다이올, 글리세린, 스쿠알란, 다이프로필렌글라이콜, 카프릴릭/카프릭트라이글리세라이드, 호호바씨오일, 1,2-헥산다이올, 글리세릴스테아레이트, 에틸헥실팔미테이트, 세테아릴알코올, 메틸트라이메티콘, 다이메티콘, 세틸에틸헥사노에이트, 세테아릴올리베이트, 다이카프릴릴에터, 폴리글리세릴-3메틸글루코오스다이스테아레이트, 콜로이달오트밀, 팔미틱애씨드, 스테아릭애씨드, 솔비탄올리베이트, 하이드로제네이티드폴리(C6-14올레핀), 카보머, 트로메타민, 다이메티콘/비닐다이메티콘크로스폴리머, 에틸헥실글리세린, 세테아릴글루코사이드, 잔탄검, 카프릴릴글라이콜, 세라마이드엔피(504 ppm), 소듐메타포스페이트, 하이드로제네이티드레시틴, 엑토인, 세틸-피지하이드록시에틸팔미타마이드, 폴리글리세릴-10스테아레이트, 녹차씨추출물(19 ppm), 소듐스테아로일글루타메이트, 피토스테롤, 녹차씨오일(2.5 ppm), 토코페롤, 피토스핑고신, 녹차추출물(0.2 ppm), 세라마이드엔에스(0.1 ppm), 콜레스테롤, 세라마이드에이피(0.05 ppm), 세라마이드에이에스(0.05 ppm), 세라마이드이오피(0.0001 ppm)"
그린티 씨드 히알루론산 크림 50ml,이니스프리,"정제수, 프로판다이올, 글리세린, 스테아릴다이메티콘, 메틸트라이메티콘, 부틸렌글라이콜다이카프릴레이트/다이카프레이트, 펜타에리스리틸테트라에틸헥사노에이트, 녹차씨오일, 1,2-헥산다이올, 글리세릴폴리메타크릴레이트, 폴리메틸실세스퀴옥세인, 스쿠알란, 하이드록시에틸아크릴레이트/소듐아크릴로일다이메틸타우레이트코폴리머, 폴리글리세릴-3메틸글루코오스다이스테아레이트, 카보머, 트라이에틸시트레이트, 하이드로제네이티드레시틴, 콜레스테롤, 글리세릴스테아레이트, 트로메타민, 리모넨, 락토바실러스발효용해물, 하이알루로닉애씨드, 판테놀, 알란토인, 세테아릴알코올, 잔탄검, 글리세릴카프릴레이트, 소듐스테아로일글루타메이트, 부틸렌글라이콜, 에틸헥실글리세린, 다이소듐이디티에이, 레몬껍질오일, 솔비탄아이소스테아레이트, 녹차추출물, 마테잎추출물, 소듐하이알루로네이트, 마데카소사이드, 락틱애씨드, 시트랄, 덱스트린, 카카오추출물, 소두구씨오일, 스피어민트잎오일, 리날룰, 시트로넬라오일, 하이드롤라이즈드하이알루로닉애씨드, 갈바눔수지오일, 소듐하이알루로네이트크로스폴리머, 녹차씨추출물, 세라마이드엔피, 토코페롤, 피토스핑고신, 소듐아세틸레이티드하이알루로네이트"
톤업 워터링 선스크린 SPF50+/PA++++ 60ml,이니스프리,"정제수, 부틸렌글라이콜, 글리세린, 디에칠아미노하이드록시벤조일헥실벤조에이트, 호모살레이트, 에칠헥실살리실레이트, 메틸트라이메티콘, 부틸옥틸살리실레이트, 티타늄디옥사이드, C12-15알킬벤조에이트, 비스-에칠헥실옥시페놀메톡시페닐트리아진, 폴리실리콘-15, 실리카, 1,2-헥산다이올, 티타늄디옥사이드 (CI 77891), 세테아릴알코올, 폴리C10-30알킬아크릴레이트, 하이드록시에틸아크릴레이트/소듐아크릴로일다이메틸타우레이트코폴리머, 알루미늄스테아레이트, 알루미나, 스테아릭애씨드, 폴리하이드록시스테아릭애씨드, 향료, 아크릴레이트/C10-30알킬아크릴레이트크로스폴리머, 글리세릴스테아레이트, 하이드로제네이티드레시틴, 글리세릴카프릴레이트, 트로메타민, 폴리글리세릴-3메틸글루코오스다이스테아레이트, 팔미틱애씨드, 다이소듐이디티에이, 에틸헥실글리세린, 알루미늄하이드록사이드, 솔비탄아이소스테아레이트, 트라이에톡시카프릴릴실레인, 에칠아스코빌에텔, 미리스틱애씨드, 라우릭애씨드, 토코페롤"
스마트 블렌더  1p,이니스프리,상세 참조
쉬어 글로이 하이라이터 5.5g,이니스프리,"마이카, 합성플루오르플로고파이트, 티타늄디옥사이드 (CI 77891), 마그네슘/포타슘/실리콘/플루오라이드/하이드록사이드/옥사이드, 세틸에틸헥사노에이트, 스쿠알란, 마그네슘미리스테이트, 옥틸도데실스테아로일스테아레이트, 카올린, 에이치디아이/트라이메틸올헥실락톤크로스폴리머, 칼슘티타늄보로실리케이트, 징크스테아레이트, 다이아이소스테아릴말레이트, 합성왁스, 에틸헥실글리세린, 카프릴릴글라이콜, 아이소프로필티타늄트라이아이소스테아레이트, 하이드로제네이티드레시틴, 미리스틱애씨드, 틴옥사이드, 실리카, 토코페롤"
일반 화장솜 80매,이니스프리,상세 참조
그린펫클럽 꼼꼼 워터리스 발세정제  150ml,이니스프리,"정제수, 부틸렌글라이콜, 1,2-헥산다이올, 포타슘코코일글리시네이트, 향료, 다이소듐코코암포다이아세테이트, 글리세린, 소듐클로라이드, 다이소듐이디티에이, 시트릭애씨드, 사이클로덱스트린, 편백수, 헥실렌글라이콜, 소듐시트레이트, 병풀추출물, 약모밀추출물, 보리씨추출물, 프로판다이올, 녹차추출물, 동백나무꽃추출물, 에틸헥실글리세린"
아일 넘버 핸드크림 웜앤퍼지스 50ml,이니스프리,"정제수, 부틸렌글라이콜, 글리세린, 세테아릴알코올, 글리세릴스테아레이트, 메틸트라이메티콘, 다이카프릴릴카보네이트, 향료, 시어버터, 1,2-헥산다이올, 스쿠알란, 하이드로제네이티드폴리(C6-14올레핀), 세테아릴글루코사이드, 팔미틱애씨드, 스테아릭애씨드, 하이드록시에틸아크릴레이트/소듐아크릴로일다이메틸타우레이트코폴리머, 하이드록시프로필스타치포스페이트, 소듐스테아로일글루타메이트, 실리카, 소듐메타포스페이트, 벤질벤조에이트, 프로판다이올, 에틸헥실글리세린, 솔비탄아이소스테아레이트, 리날룰, 호호바씨오일, 제라니올, 시트로넬올, 쿠마린, 유제놀, 리모넨, 토코페롤, 트라이에틸시트레이트, 녹차추출물, 레몬껍질오일, 마테잎추출물, 소두구씨오일, 스피어민트잎오일, 갈바눔수지오일, 시트로넬라오일"
파워프루프 펜 라이너 0.6g,이니스프리,"정제수, 스타이렌/아크릴레이트코폴리머, 카본블랙, 부틸렌글라이콜, 에탄올, 1,2-헥산다이올, 아크릴레이트/옥틸아크릴아마이드코폴리머, 베헤네스-30, 펜틸렌글라이콜, 소듐벤조에이트, 포타슘솔베이트, 페녹시에탄올, 소듐하이드록사이드, 카프릴릴글라이콜, 에틸헥실글리세린"
왕벚꽃 글로우 젤리 크림 50ml,이니스프리,"정제수, 글리세린, 프로판다이올, 다이프로필렌글라이콜, 나이아신아마이드, 베타인, 1,2-헥산다이올, 카보머, 트로메타민, 암모늄아크릴로일다이메틸타우레이트/베헤네스-25메타크라일레이트크로스폴리머, 다이소듐이디티에이, 에틸헥실글리세린, 향료, 왕벚나무잎추출물(80 ppm), 토코페롤"
스퀴즈 에너지 마스크 1매 22ml,이니스프리,"정제수, 부틸렌글라이콜, 다이프로필렌글라이콜, 글리세린, 알로에베라잎즙(7,000 ppm), 글리세릴폴리메타크릴레이트, 1,2-헥산다이올, 폴리글리세릴-10라우레이트, 카보머, 알지닌, 글리세릴카프릴레이트, 잔탄검, 에틸헥실글리세린, 모란뿌리추출물, 병풀추출물, 다이소듐이디티에이, 마트리카리아꽃추출물, 향료, 다이에틸헥실소듐설포석시네이트, 소듐하이알루로네이트"
레티놀 시카 흔적 앰플 50ml,이니스프리,"정제수, 글리세린, 부틸렌글라이콜, 나이아신아마이드, 다이부틸아디페이트, 카프릴릭/카프릭트라이글리세라이드, 1,2-헥산다이올, 하이드로제네이티드레시틴, 암모늄아크릴로일다이메틸타우레이트/브이피코폴리머, 해바라기씨오일, 콜레스테롤, 알란토인, 돌콩오일, 토코페롤, 토코페릴아세테이트, 소듐메틸스테아로일타우레이트, 프로판다이올, 당근추출물, 에틸헥실글리세린, 아데노신, 아시아티코사이드, 마데카식애씨드, 녹차씨추출물, 아시아틱애씨드, 레티놀(500IU/g), 스테아릴글리시레티네이트, 하이알루로닉애씨드, 만니톨, 세라마이드엔피, 베타-글루칸, 베타-카로틴, 피토스핑고신, 비에이치티, 살리실릭애씨드, 아세틸테트라펩타이드-11"
그린프로폴리스 치약 100g*3,메디안,"[유효성분]녹차추출액, 덴탈타입실리카, 센텔라정량추출물, 일불소인산나트륨, 피로인산나트륨 [기타첨가제]글리세린, 라우릴황산나트륨, 사카린나트륨, 셀룰로오스검, 소르비톨액(비결정성), 수크랄로스, 시트르산, 시트르산나트륨, 알로에추출물(2), L-멘톨, 자일리톨, 정제수, 치자황색소, 프로폴리스추출물*부틸렌글리콜, 향료 (*프로폴리스추출물:그린프로폴리스 사용)"
이지클린 센서티브 칫솔 4입,메디안,
소금의 명작 치약,메디안,"[유효성분] 덴탈타입실리카, 염화나트륨, 일불소인산나트륨 / [기타 첨가제] 글리세린, 라우릴황산나트륨, 셀룰로오스검, 소르비톨액(비결정성), 정제수, 향료"
후레쉬 치약 3입  120g*3,메디안,"[유효성분] 덴탈타입실리카, 일불소인산나트륨 [기타 첨가제] 글리세린, 라우릴황산나트륨, 사카린나트륨, 셀룰로오스검, 소르비톨액(비결정성), 자일리톨, 정제수, 치자청색소, 탄산수소나트륨, 향료"
잇몸과학 치약 3입,메디안,"[유효성분]녹차추출액, 일불소인산나트륨, 질산칼륨, 탄산칼슘 [기타첨가제]글리세린, 라우릴황산나트륨, L-멘톨, 사카린나트륨, 셀룰로오스검, 소르비톨액, 알긴산나트륨, 알로에추출물(2), 옥수수불검화정량추출물, 은행잎추출물, 정제수, 칼슘포스페이트하이드록사이드, 토코페롤아세테이트, 프로폴리스추출물*부틸렌글리콜, 함수규산(점증용), 향료"
NEW 치석케어칫솔 4입,메디안,
대나무숯 담은 칫솔 미세모 4입,메디안,
듀얼이펙션 칫솔 4입 미세모,메디안,
닥터메디안 멀티케어 치약,메디안,"[유효성분] 일불소인산나트륨, 탄산칼슘 / [기타첨가제] 글리세린, 라우릴황산나트륨, 사카린나트륨, 셀룰로오스검, L-멘톨, 정제수, 폴리옥시에틸렌경화피마자유, 함수규산(점증용), 향료"
송천염 치약,메디안,더 보기
젠티스트 치약 핑크 2입,메디안,"[유효성분] 녹차추출액, 일불소인산나트륨, 질산칼륨, 탄산칼슘 [기타첨가제] DL-사과산, L-멘톨, 글리세린, 라우릴황산나트륨, 사카린나트륨, 석류추출물/부틸렌글리콜, 센텔라정량추출물, 셀룰로오스검, 소르비톨액(비결정성), 아르기닌, 알긴산나트륨, 알로에추출물(2), 약용탄, 에리스리톨, 자일리톨, 잔탄검, 정제수, 치자적색소, 칼슘포스페이트하이드록사이드, 프로폴리스추출물*부틸렌글리콜, 함수규산(점증용), 향료, 히드로라이즈드콜라겐액(4)/부틸렌글리콜, 히알루론산"
구취과학 치약 프리징쿨 3입  120g*3,메디안,"[유효성분]녹차추출액, 덴탈타입실리카, 일불소인산나트륨, 피로인산나트륨 [기타첨가제]글리세린, 라우릴황산나트륨, 사카린나트륨, 셀룰로오스검, 소르비톨액, 수크랄로스, 실리카, 약용탄, 에리스리톨, 유산균발효액*부틸렌글리콜혼합액, 정제수, 향료"
그래핀 칫솔 4+1입,메디안,
녹차의 명작 치약,메디안,"[유효성분] 녹차추출액, 일불소인산나트륨, 함수이산화규소 / [기타 첨가제] 글리세린, 라우릴황산나트륨, 사카린 나트륨, 셀룰로오스검, 소르비톨액(비결정성), 정제수, 함수규산(점증용), 향료"
미백과학 치약 플럼민트향,메디안,"[유효성분] 과산화수소수(35%), 콜로이드성이산화규소 / [기타첨가제] 글리세린, 녹차추출액, 소듐라우릴설페이트, 소듐스타네이트, 수크랄로스, 아세설팜칼륨, 알로에추출물(2), 인산, 정제수, 폴리에틸렌글리콜 1500, 1-하이드록시에탄-1,1-디포스포닉애씨드액, 향료, 히드록시에틸셀룰로오스"
닥터메디안 칫솔 5+5입,메디안,
365DAYS step3 충치 불소 어린이 펌핑 치약 300g,메디안,"[유효성분] 덴탈타입실리카, 일불소인산나트륨 [기타첨가제] 글리세린, 녹차추출액, 사카린나트륨, 셀룰로오스검, 소듐엔-라우로일-엘-글루타메이트, 시클로덱스트린시럽, 아르기닌, 알긴산나트륨, 정제수, 코코알킬디메틸글리신액, 향료"
플렉스 이펙션 칫솔 4입,메디안,
키즈 365DAYS step3 칫솔 12입,메디안,
잇몸과학 칫솔 4입,메디안,
골드와이드 칫솔 10입,메디안,
365DAYS 고밀도 초극세모 딥클린 칫솔 16입,메디안,
성인용 365DAYS 칫솔 12입,메디안,
소금의 명작 칫솔 4입,메디안,
그린프로폴리스 잇몸케어 칫솔 4+1입,메디안,
키즈 365DAYS step3 칫솔 6입,메디안,
키즈 365DAYS step2 칫솔 12입,메디안,
송천염 미세모 칫솔 4입,메디안,
젠티스트 치약 핑크 100g,메디안,"[유효성분] 녹차추출액, 일불소인산나트륨, 질산칼륨, 탄산칼슘 [기타첨가제] DL-사과산, L-멘톨, 글리세린, 라우릴황산나트륨, 사카린나트륨, 석류추출물/부틸렌글리콜, 센텔라정량추출물, 셀룰로오스검, 소르비톨액(비결정성), 아르기닌, 알긴산나트륨, 알로에추출물(2), 약용탄, 에리스리톨, 자일리톨, 잔탄검, 정제수, 치자적색소, 칼슘포스페이트하이드록사이드, 프로폴리스추출물*부틸렌글리콜, 함수규산(점증용), 향료, 히드로라이즈드콜라겐액(4)/부틸렌글리콜, 히알루론산"
녹차의 명작 칫솔 4입,메디안,
젠티스트 치약 핑크 4입+쇼핑백 증정,메디안,"[유효성분] 녹차추출액, 일불소인산나트륨, 질산칼륨, 탄산칼슘 [기타첨가제] DL-사과산, L-멘톨, 글리세린, 라우릴황산나트륨, 사카린나트륨, 석류추출물/부틸렌글리콜, 센텔라정량추출물, 셀룰로오스검, 소르비톨액(비결정성), 아르기닌, 알긴산나트륨, 알로에추출물(2), 약용탄, 에리스리톨, 자일리톨, 잔탄검, 정제수, 치자적색소, 칼슘포스페이트하이드록사이드, 프로폴리스추출물*부틸렌글리콜, 함수규산(점증용), 향료, 히드로라이즈드콜라겐액(4)/부틸렌글리콜, 히알루론산"
치석케어 치약 오리지널/구취/화이트/잇몸,메디안,"[유효성분] 녹차추출액, 덴탈타입실리카,일불소인산나트륨, 피로인산나트륨 [기타 첨가제] I-멘톨,사카린나트륨, 산화티탄, 셀룰로오스검, 소듐라우릴설페이트, 소르비톨액(비결정성), 수크랄로스, 정제수, 제올라이트*실리카, 중질탄산칼슘, 향료"
웨이크업 생기 립밤 3g,비레디,"[공통-보습] 스쿠알란, 하이드로제네이티드캐스터오일다이머다이리놀레에이트, 다이아이소스테아릴말레이트, 카프릴릭/카프릭트라이글리세라이드, 폴리글리세릴-2트라이아이소스테아레이트, 합성왁스, 아크릴레이트/스테아릴아크릴레이트/다이메티콘메타크릴레이트코폴리머, 비스-다이글리세릴폴리아실아디페이트-2, 펜타에리스리틸테트라아이소스테아레이트, 하이드로제네이티드폴리아이소부텐, 에이치디아이/트라이메틸올헥실락톤크로스폴리머, 마이크로크리스탈린왁스, 합성플루오르플로고파이트, 시어버터, 페녹시에탄올, 토코페롤, 아르간커넬오일, 에틸렌/프로필렌코폴리머, 피마자씨오일, 호호바씨오일, 에틸헥실팔미테이트, 페퍼민트오일, 실리카, 리모넨, 트라이하이드록시스테아린, 소듐하이알루로네이트 [코어: 01 Lively] 스쿠알란, 하이드로제네이티드캐스터오일다이머다이리놀레에이트, 다이아이소스테아릴말레이트, 합성왁스, 폴리글리세릴-2트라이아이소스테아레이트, 아크릴레이트/스테아릴아크릴레이트/다이메티콘메타크릴레이트코폴리머, 비스-다이글리세릴폴리아실아디페이트-2, 펜타에리스리틸테트라아이소스테아레이트, 카프릴릭/카프릭트라이글리세라이드, 카프릴릭/카프릭트라이글리세라이드, 하이드로제네이티드폴리아이소부텐, 에이치디아이/트라이메틸올헥실락톤크로스폴리머, 마이크로크리스탈린왁스, 합성플루오르플로고파이트, 시어버터, 스테아랄코늄헥토라이트, 적색산화철, 적색202호, 페녹시에탄올, 토코페롤, 아르간커넬오일, 에틸렌/프로필렌코폴리머, 피마자씨오일, 프로필렌카보네이트, 호호바씨오일, 에틸헥실팔미테이트, 페퍼민트오일, 적색201호, 실리카, 리모넨, 트라이하이드록시스테아린, 소듐하이알루로네이트"
웨이크업 생기 립밤 3g,라네즈,"[공통-보습] 스쿠알란, 하이드로제네이티드캐스터오일다이머다이리놀레에이트, 다이아이소스테아릴말레이트, 카프릴릭/카프릭트라이글리세라이드, 폴리글리세릴-2트라이아이소스테아레이트, 합성왁스, 아크릴레이트/스테아릴아크릴레이트/다이메티콘메타크릴레이트코폴리머, 비스-다이글리세릴폴리아실아디페이트-2, 펜타에리스리틸테트라아이소스테아레이트, 하이드로제네이티드폴리아이소부텐, 에이치디아이/트라이메틸올헥실락톤크로스폴리머, 마이크로크리스탈린왁스, 합성플루오르플로고파이트, 시어버터, 페녹시에탄올, 토코페롤, 아르간커넬오일, 에틸렌/프로필렌코폴리머, 피마자씨오일, 호호바씨오일, 에틸헥실팔미테이트, 페퍼민트오일, 실리카, 리모넨, 트라이하이드록시스테아린, 소듐하이알루로네이트 [코어: 01 Lively] 스쿠알란, 하이드로제네이티드캐스터오일다이머다이리놀레에이트, 다이아이소스테아릴말레이트, 합성왁스, 폴리글리세릴-2트라이아이소스테아레이트, 아크릴레이트/스테아릴아크릴레이트/다이메티콘메타크릴레이트코폴리머, 비스-다이글리세릴폴리아실아디페이트-2, 펜타에리스리틸테트라아이소스테아레이트, 카프릴릭/카프릭트라이글리세라이드, 카프릴릭/카프릭트라이글리세라이드, 하이드로제네이티드폴리아이소부텐, 에이치디아이/트라이메틸올헥실락톤크로스폴리머, 마이크로크리스탈린왁스, 합성플루오르플로고파이트, 시어버터, 스테아랄코늄헥토라이트, 적색산화철, 적색202호, 페녹시에탄올, 토코페롤, 아르간커넬오일, 에틸렌/프로필렌코폴리머, 피마자씨오일, 프로필렌카보네이트, 호호바씨오일, 에틸헥실팔미테이트, 페퍼민트오일, 적색201호, 실리카, 리모넨, 트라이하이드록시스테아린, 소듐하이알루로네이트"
트루톤 로션  40ml,비레디,"정제수, 호모살레이트, 글리세린, 디에칠아미노하이드록시벤조일헥실벤조에이트, 에칠헥실살리실레이트, 부틸렌글라이콜, 티타늄디옥사이드 (CI 77891), C12-15알킬벤조에이트, 비스-에칠헥실옥시페놀메톡시페닐트리아진, 다이아이소프로필세바케이트, 테레프탈릴리덴디캠퍼설포닉애씨드, 1,2-헥산다이올, 포타슘세틸포스페이트, 세테아릴알코올, 트로메타민, 글리세릴스테아레이트, 황색산화철, 베헤닐알코올, 트라이메틸실록시실리케이트, 폴리아크릴레이트크로스폴리머-6, 잔탄검, 소듐폴리아크릴로일다이메틸타우레이트, 마이카, 적색산화철, 하이드로제네이티드레시틴, 카프릴릴글라이콜, 폴리C10-30알킬아크릴레이트, 글리세릴운데실다이메티콘, 에틸헥실글리세린, 알루미늄하이드록사이드, 폴리에스터-1, 향료, 스테아릭애씨드, 실리카다이메틸실릴레이트, 트라이에톡시카프릴릴실레인, 폴리글리세릴-3메틸글루코오스다이스테아레이트, 팔미틱애씨드, 다이소듐이디티에이, 아데노신, 흑색산화철, 에탄올, 마트리카리아꽃추출물, 미리스틱애씨드, 시트릭애씨드, 프로판다이올, 락틱애씨드, 글라이콜릭애씨드, 라우릭애씨드, 말라카이트추출물, 소듐하이알루로네이트, 토코페롤, 하이드롤라이즈드하이알루로닉애씨드, 소듐하이알루로네이트크로스폴리머, 하이알루로닉애씨드, 소듐아세틸레이티드하이알루로네이트"
트루톤 로션  40ml,라네즈,"정제수, 호모살레이트, 글리세린, 디에칠아미노하이드록시벤조일헥실벤조에이트, 에칠헥실살리실레이트, 부틸렌글라이콜, 티타늄디옥사이드 (CI 77891), C12-15알킬벤조에이트, 비스-에칠헥실옥시페놀메톡시페닐트리아진, 다이아이소프로필세바케이트, 테레프탈릴리덴디캠퍼설포닉애씨드, 1,2-헥산다이올, 포타슘세틸포스페이트, 세테아릴알코올, 트로메타민, 글리세릴스테아레이트, 황색산화철, 베헤닐알코올, 트라이메틸실록시실리케이트, 폴리아크릴레이트크로스폴리머-6, 잔탄검, 소듐폴리아크릴로일다이메틸타우레이트, 마이카, 적색산화철, 하이드로제네이티드레시틴, 카프릴릴글라이콜, 폴리C10-30알킬아크릴레이트, 글리세릴운데실다이메티콘, 에틸헥실글리세린, 알루미늄하이드록사이드, 폴리에스터-1, 향료, 스테아릭애씨드, 실리카다이메틸실릴레이트, 트라이에톡시카프릴릴실레인, 폴리글리세릴-3메틸글루코오스다이스테아레이트, 팔미틱애씨드, 다이소듐이디티에이, 아데노신, 흑색산화철, 에탄올, 마트리카리아꽃추출물, 미리스틱애씨드, 시트릭애씨드, 프로판다이올, 락틱애씨드, 글라이콜릭애씨드, 라우릭애씨드, 말라카이트추출물, 소듐하이알루로네이트, 토코페롤, 하이드롤라이즈드하이알루로닉애씨드, 소듐하이알루로네이트크로스폴리머, 하이알루로닉애씨드, 소듐아세틸레이티드하이알루로네이트"
블루 수분 선크림 1+1 기획세트 SPF50+PA++++,비레디,"정제수, 부틸렌글라이콜, 호모살레이트, 에칠헥실살리실레이트, 변성알코올, 비스-에칠헥실옥시페놀메톡시페닐트리아진, 디에칠아미노하이드록시벤조일헥실벤조에이트, 실리카, 세틸에틸헥사노에이트, 에칠헥실트리아존, 테레프탈릴리덴디캠퍼설포닉애씨드, 트로메타민, 메틸트라이메티콘, 다이아이소프로필세바케이트, 세테아릴알코올, 하이드록시에틸아크릴레이트/소듐아크릴로일다이메틸타우레이트코폴리머, 포타슘세틸포스페이트, 1,2-헥산다이올, 하이드록시프로필스타치포스페이트, 아크릴레이트/C10-30알킬아크릴레이트크로스폴리머, 글리세릴스테아레이트, 하이드로제네이티드레시틴, 향료, 에틸헥실글리세린, 스테아릭애씨드, 폴리글리세릴-3메틸글루코오스다이스테아레이트, 팔미틱애씨드, 다이소듐이디티에이, 솔비탄아이소스테아레이트, 티타늄디옥사이드 (CI 77891), 마이카, 징크옥사이드, 에탄올, 인디고잎추출물, 마트리카리아꽃추출물, 미리스틱애씨드, 프로판다이올, 라우릭애씨드, 말라카이트추출물, 소듐하이알루로네이트, 틴옥사이드, 토코페롤, 소듐라우로일글루타메이트, 하이드롤라이즈드하이알루로닉애씨드, 라이신, 소듐하이알루로네이트크로스폴리머, 마그네슘클로라이드, 하이알루로닉애씨드, 소듐아세틸레이티드하이알루로네이트"
블루 수분 선크림 1+1 기획세트 SPF50+PA++++,라네즈,"정제수, 부틸렌글라이콜, 호모살레이트, 에칠헥실살리실레이트, 변성알코올, 비스-에칠헥실옥시페놀메톡시페닐트리아진, 디에칠아미노하이드록시벤조일헥실벤조에이트, 실리카, 세틸에틸헥사노에이트, 에칠헥실트리아존, 테레프탈릴리덴디캠퍼설포닉애씨드, 트로메타민, 메틸트라이메티콘, 다이아이소프로필세바케이트, 세테아릴알코올, 하이드록시에틸아크릴레이트/소듐아크릴로일다이메틸타우레이트코폴리머, 포타슘세틸포스페이트, 1,2-헥산다이올, 하이드록시프로필스타치포스페이트, 아크릴레이트/C10-30알킬아크릴레이트크로스폴리머, 글리세릴스테아레이트, 하이드로제네이티드레시틴, 향료, 에틸헥실글리세린, 스테아릭애씨드, 폴리글리세릴-3메틸글루코오스다이스테아레이트, 팔미틱애씨드, 다이소듐이디티에이, 솔비탄아이소스테아레이트, 티타늄디옥사이드 (CI 77891), 마이카, 징크옥사이드, 에탄올, 인디고잎추출물, 마트리카리아꽃추출물, 미리스틱애씨드, 프로판다이올, 라우릭애씨드, 말라카이트추출물, 소듐하이알루로네이트, 틴옥사이드, 토코페롤, 소듐라우로일글루타메이트, 하이드롤라이즈드하이알루로닉애씨드, 라이신, 소듐하이알루로네이트크로스폴리머, 마그네슘클로라이드, 하이알루로닉애씨드, 소듐아세틸레이티드하이알루로네이트"
블루 파운데이션 SPF27/PA++ 35ml,비레디,"정제수, 메틸트라이메티콘, 티타늄디옥사이드 (CI 77891), 에칠헥실메톡시신나메이트, 아이소도데케인, 다이페닐실록시페닐트라이메티콘, 사이클로펜타실록세인, 글리세린, 변성알코올, 라우릴피이지-8다이메티콘, 부틸렌글라이콜, 글리세레스-26, 실리카, 나일론-12, 다이페닐다이메티콘/비닐다이페닐다이메티콘/실세스퀴옥세인크로스폴리머, 황색산화철, 아크릴레이트/폴리트라이메틸실록시메타크릴레이트코폴리머, 다이스테아다이모늄헥토라이트, 카프릴릴메티콘, 아크릴레이트/다이메티콘코폴리머, 1,2-헥산다이올, 피이지-10다이메티콘, 폴리메틸실세스퀴옥세인, 아크릴레이트/에틸헥실아크릴레이트/다이메티콘메타크릴레이트코폴리머, 카프릴릭/카프릭트라이글리세라이드, 다이메티콘, 알루미늄하이드록사이드, 트라이하이드록시스테아린, 소듐클로라이드, 피토스테릴/옥틸도데실라우로일글루타메이트, 트라이에톡시카프릴릴실레인, 적색산화철, 카프릴릴글라이콜, 향료, 프로필렌카보네이트, 흑색산화철, 글리세릴카프릴레이트, 폴리실리콘-11, 다이소듐이디티에이, 쌀겨왁스, 징크옥사이드, 에탄올, 비에이치티, 마트리카리아꽃추출물, 프로판다이올, 말라카이트추출물, 소듐하이알루로네이트, 토코페롤, 키토산, 소듐라우로일글루타메이트, 하이드롤라이즈드하이알루로닉애씨드, 라이신, 소듐하이알루로네이트크로스폴리머, 마그네슘클로라이드, 하이알루로닉애씨드, 에틸헥실글리세린, 소듐아세틸레이티드하이알루로네이트, 리파아제"
블루 파운데이션 SPF27/PA++ 35ml,라네즈,"정제수, 메틸트라이메티콘, 티타늄디옥사이드 (CI 77891), 에칠헥실메톡시신나메이트, 아이소도데케인, 다이페닐실록시페닐트라이메티콘, 사이클로펜타실록세인, 글리세린, 변성알코올, 라우릴피이지-8다이메티콘, 부틸렌글라이콜, 글리세레스-26, 실리카, 나일론-12, 다이페닐다이메티콘/비닐다이페닐다이메티콘/실세스퀴옥세인크로스폴리머, 황색산화철, 아크릴레이트/폴리트라이메틸실록시메타크릴레이트코폴리머, 다이스테아다이모늄헥토라이트, 카프릴릴메티콘, 아크릴레이트/다이메티콘코폴리머, 1,2-헥산다이올, 피이지-10다이메티콘, 폴리메틸실세스퀴옥세인, 아크릴레이트/에틸헥실아크릴레이트/다이메티콘메타크릴레이트코폴리머, 카프릴릭/카프릭트라이글리세라이드, 다이메티콘, 알루미늄하이드록사이드, 트라이하이드록시스테아린, 소듐클로라이드, 피토스테릴/옥틸도데실라우로일글루타메이트, 트라이에톡시카프릴릴실레인, 적색산화철, 카프릴릴글라이콜, 향료, 프로필렌카보네이트, 흑색산화철, 글리세릴카프릴레이트, 폴리실리콘-11, 다이소듐이디티에이, 쌀겨왁스, 징크옥사이드, 에탄올, 비에이치티, 마트리카리아꽃추출물, 프로판다이올, 말라카이트추출물, 소듐하이알루로네이트, 토코페롤, 키토산, 소듐라우로일글루타메이트, 하이드롤라이즈드하이알루로닉애씨드, 라이신, 소듐하이알루로네이트크로스폴리머, 마그네슘클로라이드, 하이알루로닉애씨드, 에틸헥실글리세린, 소듐아세틸레이티드하이알루로네이트, 리파아제"
블루쿠션 SPF34/PA++ 15g,비레디,"정제수, 사이클로펜타실록세인, 메틸트라이메티콘, 부틸렌글라이콜, 티타늄디옥사이드 (CI 77891), 에칠헥실메톡시신나메이트, 실리카, 사이클로헥사실록세인, 피이지-10다이메티콘, 트라이메틸실록시실리케이트, 마이카, 변성알코올, 징크옥사이드, 티타늄디옥사이드, 라우릴피이지-8다이메티콘, 아이소도데케인, 다이스테아다이모늄헥토라이트, 다이메티콘, 보론나이트라이드, 아크릴레이트/폴리트라이메틸실록시메타크릴레이트코폴리머, 황색산화철, 1,2-헥산다이올, 소듐클로라이드, 피씨에이다이메티콘, 아크릴레이트/다이메티콘코폴리머, 알루미늄하이드록사이드, 트라이하이드록시스테아린, 폴리솔베이트80, 카프릴릴글라이콜, 트라이에톡시카프릴릴실레인, 적색산화철, 스테아릭애씨드, 하이드로제네이티드레시틴, 라우로일라이신, 향료, 에틸헥실글리세린, 흑색산화철, 다이소듐이디티에이, 에탄올, 비에이치티, 마트리카리아꽃추출물, 프로판다이올, 말라카이트추출물, 소듐하이알루로네이트, 토코페롤, 소듐라우로일글루타메이트, 하이드롤라이즈드하이알루로닉애씨드, 라이신, 소듐하이알루로네이트크로스폴리머, 마그네슘클로라이드, 하이알루로닉애씨드, 소듐아세틸레이티드하이알루로네이트"
블루쿠션 SPF34/PA++ 15g,라네즈,"정제수, 사이클로펜타실록세인, 메틸트라이메티콘, 부틸렌글라이콜, 티타늄디옥사이드 (CI 77891), 에칠헥실메톡시신나메이트, 실리카, 사이클로헥사실록세인, 피이지-10다이메티콘, 트라이메틸실록시실리케이트, 마이카, 변성알코올, 징크옥사이드, 티타늄디옥사이드, 라우릴피이지-8다이메티콘, 아이소도데케인, 다이스테아다이모늄헥토라이트, 다이메티콘, 보론나이트라이드, 아크릴레이트/폴리트라이메틸실록시메타크릴레이트코폴리머, 황색산화철, 1,2-헥산다이올, 소듐클로라이드, 피씨에이다이메티콘, 아크릴레이트/다이메티콘코폴리머, 알루미늄하이드록사이드, 트라이하이드록시스테아린, 폴리솔베이트80, 카프릴릴글라이콜, 트라이에톡시카프릴릴실레인, 적색산화철, 스테아릭애씨드, 하이드로제네이티드레시틴, 라우로일라이신, 향료, 에틸헥실글리세린, 흑색산화철, 다이소듐이디티에이, 에탄올, 비에이치티, 마트리카리아꽃추출물, 프로판다이올, 말라카이트추출물, 소듐하이알루로네이트, 토코페롤, 소듐라우로일글루타메이트, 하이드롤라이즈드하이알루로닉애씨드, 라이신, 소듐하이알루로네이트크로스폴리머, 마그네슘클로라이드, 하이알루로닉애씨드, 소듐아세틸레이티드하이알루로네이트"
무드업 듀얼 아이섀도우 브러쉬,비레디,
무드업 듀얼 아이섀도우 브러쉬,라네즈,
블루쿠션 SPF34/PA++ 15g,비레디,"정제수, 사이클로펜타실록세인, 메틸트라이메티콘, 부틸렌글라이콜, 티타늄디옥사이드 (CI 77891), 에칠헥실메톡시신나메이트, 실리카, 사이클로헥사실록세인, 피이지-10다이메티콘, 트라이메틸실록시실리케이트, 마이카, 변성알코올, 징크옥사이드, 티타늄디옥사이드, 라우릴피이지-8다이메티콘, 아이소도데케인, 다이스테아다이모늄헥토라이트, 다이메티콘, 보론나이트라이드, 아크릴레이트/폴리트라이메틸실록시메타크릴레이트코폴리머, 황색산화철, 1,2-헥산다이올, 소듐클로라이드, 피씨에이다이메티콘, 아크릴레이트/다이메티콘코폴리머, 알루미늄하이드록사이드, 트라이하이드록시스테아린, 폴리솔베이트80, 카프릴릴글라이콜, 트라이에톡시카프릴릴실레인, 적색산화철, 스테아릭애씨드, 하이드로제네이티드레시틴, 라우로일라이신, 향료, 에틸헥실글리세린, 흑색산화철, 다이소듐이디티에이, 에탄올, 비에이치티, 마트리카리아꽃추출물, 프로판다이올, 말라카이트추출물, 소듐하이알루로네이트, 토코페롤, 소듐라우로일글루타메이트, 하이드롤라이즈드하이알루로닉애씨드, 라이신, 소듐하이알루로네이트크로스폴리머, 마그네슘클로라이드, 하이알루로닉애씨드, 소듐아세틸레이티드하이알루로네이트"
블루쿠션 SPF34/PA++ 15g,라네즈,"정제수, 사이클로펜타실록세인, 메틸트라이메티콘, 부틸렌글라이콜, 티타늄디옥사이드 (CI 77891), 에칠헥실메톡시신나메이트, 실리카, 사이클로헥사실록세인, 피이지-10다이메티콘, 트라이메틸실록시실리케이트, 마이카, 변성알코올, 징크옥사이드, 티타늄디옥사이드, 라우릴피이지-8다이메티콘, 아이소도데케인, 다이스테아다이모늄헥토라이트, 다이메티콘, 보론나이트라이드, 아크릴레이트/폴리트라이메틸실록시메타크릴레이트코폴리머, 황색산화철, 1,2-헥산다이올, 소듐클로라이드, 피씨에이다이메티콘, 아크릴레이트/다이메티콘코폴리머, 알루미늄하이드록사이드, 트라이하이드록시스테아린, 폴리솔베이트80, 카프릴릴글라이콜, 트라이에톡시카프릴릴실레인, 적색산화철, 스테아릭애씨드, 하이드로제네이티드레시틴, 라우로일라이신, 향료, 에틸헥실글리세린, 흑색산화철, 다이소듐이디티에이, 에탄올, 비에이치티, 마트리카리아꽃추출물, 프로판다이올, 말라카이트추출물, 소듐하이알루로네이트, 토코페롤, 소듐라우로일글루타메이트, 하이드롤라이즈드하이알루로닉애씨드, 라이신, 소듐하이알루로네이트크로스폴리머, 마그네슘클로라이드, 하이알루로닉애씨드, 소듐아세틸레이티드하이알루로네이트"
시카페인 트러블리셋 세럼 40ml,비레디,"편백수, 정제수, 부틸렌글라이콜, 글리세린, 다이프로필렌글라이콜, 베타인, 변성알코올, 나이아신아마이드, 스쿠알란, 카페인, 다이에톡시에틸석시네이트, 1,2-헥산다이올, 수크로오스스테아레이트, 소듐폴리아크릴로일다이메틸타우레이트, 글리세릴폴리메타크릴레이트, 폴리글리세릴-10스테아레이트, 폴리메틸메타크릴레이트, 메틸트라이메티콘, 하이드로제네이티드레시틴, 하이드로제네이티드포스파티딜콜린, 에틸헥실글리세린, 폴리글리세릴-10라우레이트, 티몰트라이메톡시신나메이트, 카보머, 트로메타민, 잔탄검, 글루코노락톤, 소듐시트레이트, 다이소듐이디티에이, 말라카이트추출물, 잇꽃꽃추출물, 덱스트린, 시트릭애씨드, 피토스테롤, 알지닌, 사이클로덱스트린, 하이드록시프로필사이클로덱스트린, 말토덱스트린, 토코페롤"
시카페인 트러블리셋 세럼 40ml,라네즈,"편백수, 정제수, 부틸렌글라이콜, 글리세린, 다이프로필렌글라이콜, 베타인, 변성알코올, 나이아신아마이드, 스쿠알란, 카페인, 다이에톡시에틸석시네이트, 1,2-헥산다이올, 수크로오스스테아레이트, 소듐폴리아크릴로일다이메틸타우레이트, 글리세릴폴리메타크릴레이트, 폴리글리세릴-10스테아레이트, 폴리메틸메타크릴레이트, 메틸트라이메티콘, 하이드로제네이티드레시틴, 하이드로제네이티드포스파티딜콜린, 에틸헥실글리세린, 폴리글리세릴-10라우레이트, 티몰트라이메톡시신나메이트, 카보머, 트로메타민, 잔탄검, 글루코노락톤, 소듐시트레이트, 다이소듐이디티에이, 말라카이트추출물, 잇꽃꽃추출물, 덱스트린, 시트릭애씨드, 피토스테롤, 알지닌, 사이클로덱스트린, 하이드록시프로필사이클로덱스트린, 말토덱스트린, 토코페롤"
블루 수분 선크림 SPF50+/PA++++ 50ml,비레디,"정제수, 부틸렌글라이콜, 호모살레이트, 에칠헥실살리실레이트, 변성알코올, 비스-에칠헥실옥시페놀메톡시페닐트리아진, 디에칠아미노하이드록시벤조일헥실벤조에이트, 실리카, 세틸에틸헥사노에이트, 에칠헥실트리아존, 테레프탈릴리덴디캠퍼설포닉애씨드, 트로메타민, 메틸트라이메티콘, 다이아이소프로필세바케이트, 세테아릴알코올, 하이드록시에틸아크릴레이트/소듐아크릴로일다이메틸타우레이트코폴리머, 포타슘세틸포스페이트, 1,2-헥산다이올, 하이드록시프로필스타치포스페이트, 아크릴레이트/C10-30알킬아크릴레이트크로스폴리머, 글리세릴스테아레이트, 하이드로제네이티드레시틴, 향료, 에틸헥실글리세린, 스테아릭애씨드, 폴리글리세릴-3메틸글루코오스다이스테아레이트, 팔미틱애씨드, 다이소듐이디티에이, 솔비탄아이소스테아레이트, 티타늄디옥사이드 (CI 77891), 마이카, 징크옥사이드, 에탄올, 인디고잎추출물, 마트리카리아꽃추출물, 미리스틱애씨드, 프로판다이올, 라우릭애씨드, 말라카이트추출물, 소듐하이알루로네이트, 틴옥사이드, 토코페롤, 소듐라우로일글루타메이트, 하이드롤라이즈드하이알루로닉애씨드, 라이신, 소듐하이알루로네이트크로스폴리머, 마그네슘클로라이드, 하이알루로닉애씨드, 소듐아세틸레이티드하이알루로네이트"
블루 수분 선크림 SPF50+/PA++++ 50ml,라네즈,"정제수, 부틸렌글라이콜, 호모살레이트, 에칠헥실살리실레이트, 변성알코올, 비스-에칠헥실옥시페놀메톡시페닐트리아진, 디에칠아미노하이드록시벤조일헥실벤조에이트, 실리카, 세틸에틸헥사노에이트, 에칠헥실트리아존, 테레프탈릴리덴디캠퍼설포닉애씨드, 트로메타민, 메틸트라이메티콘, 다이아이소프로필세바케이트, 세테아릴알코올, 하이드록시에틸아크릴레이트/소듐아크릴로일다이메틸타우레이트코폴리머, 포타슘세틸포스페이트, 1,2-헥산다이올, 하이드록시프로필스타치포스페이트, 아크릴레이트/C10-30알킬아크릴레이트크로스폴리머, 글리세릴스테아레이트, 하이드로제네이티드레시틴, 향료, 에틸헥실글리세린, 스테아릭애씨드, 폴리글리세릴-3메틸글루코오스다이스테아레이트, 팔미틱애씨드, 다이소듐이디티에이, 솔비탄아이소스테아레이트, 티타늄디옥사이드 (CI 77891), 마이카, 징크옥사이드, 에탄올, 인디고잎추출물, 마트리카리아꽃추출물, 미리스틱애씨드, 프로판다이올, 라우릭애씨드, 말라카이트추출물, 소듐하이알루로네이트, 틴옥사이드, 토코페롤, 소듐라우로일글루타메이트, 하이드롤라이즈드하이알루로닉애씨드, 라이신, 소듐하이알루로네이트크로스폴리머, 마그네슘클로라이드, 하이알루로닉애씨드, 소듐아세틸레이티드하이알루로네이트"
프라이드업 아이브로우 0.6G,비레디,"[펜슬] 하이드로제네이티드돌콩오일, 하이드로제네이티드코코-글리세라이즈, 하이드로제네이티드식물성오일, 징크스테아레이트, 스테아릭애씨드, 카나우바왁스, 폴리글리세릴-2트라이아이소스테아레이트, 토코페롤, 카프릴릴글라이콜, 페녹시에탄올, 아스코빌팔미테이트, 헥실렌글라이콜, 마이카, 흑색산화철, 황색산화철, 적색산화철 / [파우더] 탤크, 옥틸도데실스테아로일스테아레이트, 다이펜타에리스리틸헥사하이드록시스테아레이트/헥사스테아레이트/헥사로지네이트, 옥틸도데칸올, 다이메티콘, 페녹시에탄올, 마그네슘미리스테이트, 호호바씨오일, 카프릴릴글라이콜, 비사보롤, 헥실렌글라이콜, 마이카, 흑색산화철, 황색산화철, 적색산화철"
프라이드업 아이브로우 0.6G,라네즈,"[펜슬] 하이드로제네이티드돌콩오일, 하이드로제네이티드코코-글리세라이즈, 하이드로제네이티드식물성오일, 징크스테아레이트, 스테아릭애씨드, 카나우바왁스, 폴리글리세릴-2트라이아이소스테아레이트, 토코페롤, 카프릴릴글라이콜, 페녹시에탄올, 아스코빌팔미테이트, 헥실렌글라이콜, 마이카, 흑색산화철, 황색산화철, 적색산화철 / [파우더] 탤크, 옥틸도데실스테아로일스테아레이트, 다이펜타에리스리틸헥사하이드록시스테아레이트/헥사스테아레이트/헥사로지네이트, 옥틸도데칸올, 다이메티콘, 페녹시에탄올, 마그네슘미리스테이트, 호호바씨오일, 카프릴릴글라이콜, 비사보롤, 헥실렌글라이콜, 마이카, 흑색산화철, 황색산화철, 적색산화철"
블루 세범 파우더 7g,비레디,"실리카, 카프릴릭/카프릭트라이글리세라이드, 다이메티콘/비닐다이메티콘크로스폴리머, 메티콘, 에틸헥실글리세린, 글리세릴카프릴레이트, 정제수, 에탄올, 마트리카리아꽃추출물, 프로판다이올, 1,2-헥산다이올, 말라카이트추출물, 소듐하이알루로네이트, 토코페롤, 하이드롤라이즈드하이알루로닉애씨드, 소듐하이알루로네이트크로스폴리머, 하이알루로닉애씨드, 소듐아세틸레이티드하이알루로네이트"
블루 세범 파우더 7g,라네즈,"실리카, 카프릴릭/카프릭트라이글리세라이드, 다이메티콘/비닐다이메티콘크로스폴리머, 메티콘, 에틸헥실글리세린, 글리세릴카프릴레이트, 정제수, 에탄올, 마트리카리아꽃추출물, 프로판다이올, 1,2-헥산다이올, 말라카이트추출물, 소듐하이알루로네이트, 토코페롤, 하이드롤라이즈드하이알루로닉애씨드, 소듐하이알루로네이트크로스폴리머, 하이알루로닉애씨드, 소듐아세틸레이티드하이알루로네이트"
시카페인 트러블리셋 토너 250ml,비레디,"편백수, 정제수, 부틸렌글라이콜, 글리세린, 프로판다이올, 1,2-헥산다이올, 다이프로필렌글라이콜, 소듐시트레이트, 에틸헥실글리세린, 시트릭애씨드, 하이드록시에틸아크릴레이트/소듐아크릴로일다이메틸타우레이트코폴리머, 글루코노락톤, 다이소듐이디티에이, 나이아신아마이드, 카페인, 솔비탄아이소스테아레이트, 토코페롤, 알지닌, 사이클로덱스트린, 하이드록시프로필사이클로덱스트린, 말토덱스트린, 피토스테롤"
시카페인 트러블리셋 토너 250ml,라네즈,"편백수, 정제수, 부틸렌글라이콜, 글리세린, 프로판다이올, 1,2-헥산다이올, 다이프로필렌글라이콜, 소듐시트레이트, 에틸헥실글리세린, 시트릭애씨드, 하이드록시에틸아크릴레이트/소듐아크릴로일다이메틸타우레이트코폴리머, 글루코노락톤, 다이소듐이디티에이, 나이아신아마이드, 카페인, 솔비탄아이소스테아레이트, 토코페롤, 알지닌, 사이클로덱스트린, 하이드록시프로필사이클로덱스트린, 말토덱스트린, 피토스테롤"
시카페인 트러블리셋 크림 70ml,비레디,"편백수, 부틸렌글라이콜, 글리세린, 다이카프릴릴에터, 1,2-헥산다이올, 스쿠알란, 페닐트라이메티콘, 메틸트라이메티콘, 아이소노닐아이소노나노에이트, 베타인, C14-22알코올, 정제수, 세테아릴알코올, 세테아릴올리베이트, 스테아릴다이메티콘, 글리세릴스테아레이트, 솔비탄올리베이트, 피씨에이다이메티콘, 팔미틱애씨드, 스테아릭애씨드, 하이드록시에틸아크릴레이트/소듐아크릴로일다이메틸타우레이트코폴리머, C12-20알킬글루코사이드, 소듐스테아로일글루타메이트, 에틸헥실글리세린, 아크릴레이트/C10-30알킬아크릴레이트크로스폴리머, 베헤닐알코올, 트로메타민, 잔탄검, 피토스테롤, 솔비탄아이소스테아레이트, 말라카이트추출물, 다이소듐이디티에이, 잇꽃꽃추출물, 덱스트린, 나이아신아마이드, 카페인, 세라마이드엔피, 토코페롤, 알지닌, 사이클로덱스트린, 하이드록시프로필사이클로덱스트린, 말토덱스트린, 시트릭애씨드"
시카페인 트러블리셋 크림 70ml,라네즈,"편백수, 부틸렌글라이콜, 글리세린, 다이카프릴릴에터, 1,2-헥산다이올, 스쿠알란, 페닐트라이메티콘, 메틸트라이메티콘, 아이소노닐아이소노나노에이트, 베타인, C14-22알코올, 정제수, 세테아릴알코올, 세테아릴올리베이트, 스테아릴다이메티콘, 글리세릴스테아레이트, 솔비탄올리베이트, 피씨에이다이메티콘, 팔미틱애씨드, 스테아릭애씨드, 하이드록시에틸아크릴레이트/소듐아크릴로일다이메틸타우레이트코폴리머, C12-20알킬글루코사이드, 소듐스테아로일글루타메이트, 에틸헥실글리세린, 아크릴레이트/C10-30알킬아크릴레이트크로스폴리머, 베헤닐알코올, 트로메타민, 잔탄검, 피토스테롤, 솔비탄아이소스테아레이트, 말라카이트추출물, 다이소듐이디티에이, 잇꽃꽃추출물, 덱스트린, 나이아신아마이드, 카페인, 세라마이드엔피, 토코페롤, 알지닌, 사이클로덱스트린, 하이드록시프로필사이클로덱스트린, 말토덱스트린, 시트릭애씨드"
블루 파운데이션 퍼프,비레디,
블루 파운데이션 퍼프,라네즈,
하이드로 스웻프루프 선크림 SPF50+/PA++++ 50ml,비레디,"정제수, 다이부틸아디페이트, 비스-에칠헥실옥시페놀메톡시페닐트리아진, C12-15알킬벤조에이트, 부틸렌글라이콜, 에칠헥실트리아존, 변성알코올, 나이아신아마이드, 디에칠아미노하이드록시벤조일헥실벤조에이트, 폴리실리콘-15, 다이에틸헥실석시네이트, 티타늄디옥사이드, 폴리글리세릴-10스테아레이트, 베헤닐알코올, 소듐메틸스테아로일타우레이트, 1,2-헥산다이올, 실리카, 다이페닐실록시페닐트라이메티콘, 스테아릭애씨드, 하이드록시에틸아크릴레이트/소듐아크릴로일다이메틸타우레이트코폴리머, 폴리아크릴레이트크로스폴리머-6, 소듐폴리아크릴로일다이메틸타우레이트, 아라키딜알코올, 알루미늄하이드록사이드, 카프릴릴글라이콜, 글리세린, 에틸헥실글리세린, 시트릭애씨드, 멘톡시프로판다이올, 아라키딜글루코사이드, 소듐시트레이트, 아데노신, 구아이아줄렌, 이눌린라우릴카바메이트, 폴리에터-1, 향료, 솔비탄아이소스테아레이트, 타우린, 소듐메타포스페이트, 에탄올, 마트리카리아꽃추출물, 프로판다이올, 말라카이트추출물, 소듐하이알루로네이트, 토코페롤, 다이소듐이디티에이, 하이드롤라이즈드하이알루로닉애씨드, 소듐하이알루로네이트크로스폴리머, 피씨에이, 락틱애씨드, 글루코오스, 하이알루로닉애씨드, 글라이신, 우레아, 소듐글리세로포스페이트, 세린, 글루타믹애씨드, 포타슘마네슘아스파테이트, 아스파틱애씨드, 류신, 소듐클로라이드, 알라닌, 라이신, 알지닌, 칼슘글루코네이트, 마그네슘글루코네이트, 타이로신, 페닐알라닌, 프롤린, 트레오닌, 발린, 아이소류신, 소듐아세틸레이티드하이알루로네이트, 히스티딘, 아세틸글루코사민, 시스테인, 크레아틴, 우릭애씨드, 메티오닌"
하이드로 스웻프루프 선크림 SPF50+/PA++++ 50ml,라네즈,"정제수, 다이부틸아디페이트, 비스-에칠헥실옥시페놀메톡시페닐트리아진, C12-15알킬벤조에이트, 부틸렌글라이콜, 에칠헥실트리아존, 변성알코올, 나이아신아마이드, 디에칠아미노하이드록시벤조일헥실벤조에이트, 폴리실리콘-15, 다이에틸헥실석시네이트, 티타늄디옥사이드, 폴리글리세릴-10스테아레이트, 베헤닐알코올, 소듐메틸스테아로일타우레이트, 1,2-헥산다이올, 실리카, 다이페닐실록시페닐트라이메티콘, 스테아릭애씨드, 하이드록시에틸아크릴레이트/소듐아크릴로일다이메틸타우레이트코폴리머, 폴리아크릴레이트크로스폴리머-6, 소듐폴리아크릴로일다이메틸타우레이트, 아라키딜알코올, 알루미늄하이드록사이드, 카프릴릴글라이콜, 글리세린, 에틸헥실글리세린, 시트릭애씨드, 멘톡시프로판다이올, 아라키딜글루코사이드, 소듐시트레이트, 아데노신, 구아이아줄렌, 이눌린라우릴카바메이트, 폴리에터-1, 향료, 솔비탄아이소스테아레이트, 타우린, 소듐메타포스페이트, 에탄올, 마트리카리아꽃추출물, 프로판다이올, 말라카이트추출물, 소듐하이알루로네이트, 토코페롤, 다이소듐이디티에이, 하이드롤라이즈드하이알루로닉애씨드, 소듐하이알루로네이트크로스폴리머, 피씨에이, 락틱애씨드, 글루코오스, 하이알루로닉애씨드, 글라이신, 우레아, 소듐글리세로포스페이트, 세린, 글루타믹애씨드, 포타슘마네슘아스파테이트, 아스파틱애씨드, 류신, 소듐클로라이드, 알라닌, 라이신, 알지닌, 칼슘글루코네이트, 마그네슘글루코네이트, 타이로신, 페닐알라닌, 프롤린, 트레오닌, 발린, 아이소류신, 소듐아세틸레이티드하이알루로네이트, 히스티딘, 아세틸글루코사민, 시스테인, 크레아틴, 우릭애씨드, 메티오닌"
에어리 헤어 페이스트 80g,비레디,"정제수, 마이크로크리스탈린왁스, 칸데릴라왁스, 다이메티콘, 폴리솔베이트60, 사이클로펜타실록세인, 부틸렌글라이콜, 비즈왁스, 브이피/브이에이코폴리머, 글리세릴스테아레이트, 사이클로헥사실록세인, 세테아릴알코올, 피이지-100스테아레이트, 팔미틱애씨드, 스테아릭애씨드, 글리세린, 향료, 에틸헥실팔미테이트, 카올린, 하이드록시아세토페논, 솔비톨, 카프릴릭/카프릭트라이글리세라이드, 리모넨, 카보머, 트로메타민, 벤질살리실레이트, 1,2-헥산다이올, 카프릴릴글라이콜, 리날룰, 다이소듐이디티에이, 제라니올, 동백나무씨오일, 드럼스틱씨추출물, 녹차추출물, 글라이신, 알라닌, 알지닌, 아스파틱애씨드, 프롤린, 세린, 글루타믹애씨드, 타우린, 히스티딘, 페닐알라닌, 류신, 발린, 메티오닌, 아이소류신, 오르니틴"
에어리 헤어 페이스트 80g,라네즈,"정제수, 마이크로크리스탈린왁스, 칸데릴라왁스, 다이메티콘, 폴리솔베이트60, 사이클로펜타실록세인, 부틸렌글라이콜, 비즈왁스, 브이피/브이에이코폴리머, 글리세릴스테아레이트, 사이클로헥사실록세인, 세테아릴알코올, 피이지-100스테아레이트, 팔미틱애씨드, 스테아릭애씨드, 글리세린, 향료, 에틸헥실팔미테이트, 카올린, 하이드록시아세토페논, 솔비톨, 카프릴릭/카프릭트라이글리세라이드, 리모넨, 카보머, 트로메타민, 벤질살리실레이트, 1,2-헥산다이올, 카프릴릴글라이콜, 리날룰, 다이소듐이디티에이, 제라니올, 동백나무씨오일, 드럼스틱씨추출물, 녹차추출물, 글라이신, 알라닌, 알지닌, 아스파틱애씨드, 프롤린, 세린, 글루타믹애씨드, 타우린, 히스티딘, 페닐알라닌, 류신, 발린, 메티오닌, 아이소류신, 오르니틴"
4.4,비레디,"정제수, 글리세린, 카프릴릴/카프릴글루코사이드, 소듐코코일알라니네이트, 다이소듐라우레스설포석시네이트, 라우릴베타인, 라우릭애씨드, 다이소듐코코암포다이아세테이트, 아크릴레이트코폴리머, 다이프로필렌글라이콜, 소듐클로라이드, 포타슘하이드록사이드, 1,2-헥산다이올, 폴리글리세릴-6카프릴레이트, 폴리글리세릴-4카프레이트, 에틸헥실글리세린, 소듐메타포스페이트, 글루코노락톤, 락틱애씨드, 리모넨, 향료, 리날룰, 시트릭애씨드, 살리실릭애씨드, 글라이콜릭애씨드, 구아이아줄렌, 토코페롤"
4.4,라네즈,"정제수, 글리세린, 카프릴릴/카프릴글루코사이드, 소듐코코일알라니네이트, 다이소듐라우레스설포석시네이트, 라우릴베타인, 라우릭애씨드, 다이소듐코코암포다이아세테이트, 아크릴레이트코폴리머, 다이프로필렌글라이콜, 소듐클로라이드, 포타슘하이드록사이드, 1,2-헥산다이올, 폴리글리세릴-6카프릴레이트, 폴리글리세릴-4카프레이트, 에틸헥실글리세린, 소듐메타포스페이트, 글루코노락톤, 락틱애씨드, 리모넨, 향료, 리날룰, 시트릭애씨드, 살리실릭애씨드, 글라이콜릭애씨드, 구아이아줄렌, 토코페롤"
시카페인 트러블리셋 클렌징폼 150g,비레디,"정제수, 글리세린, 포타슘코코일글리시네이트, 소듐코코일글라이시네이트, 글리세릴스테아레이트, 시트릭애씨드, 글라이콜다이스테아레이트, 라우릴하이드록시설테인, 하이드레이티드실리카, 코코-글루코사이드, 트로메타민, 살리실릭애씨드, 데실글루코사이드, 소듐클로라이드, 폴리쿼터늄-10, 포도씨가루, 리모넨, 향료, 소듐메타포스페이트, 글리세릴카프릴레이트, 클로렐라 미누티시마추출물, 징크옥사이드, 에틸헥실글리세린, 리날룰, 테트라소듐이디티에이, 제라니올, 시트로넬올, 피토스테롤, 나이아신아마이드, 클로로필린-카퍼컴플렉스, 부틸렌글라이콜, 흑색산화철, 카페인(10 ppm), 1,2-헥산다이올, 토코페롤, 알지닌, 사이클로덱스트린, 하이드록시프로필사이클로덱스트린, 말토덱스트린"
시카페인 트러블리셋 클렌징폼 150g,라네즈,"정제수, 글리세린, 포타슘코코일글리시네이트, 소듐코코일글라이시네이트, 글리세릴스테아레이트, 시트릭애씨드, 글라이콜다이스테아레이트, 라우릴하이드록시설테인, 하이드레이티드실리카, 코코-글루코사이드, 트로메타민, 살리실릭애씨드, 데실글루코사이드, 소듐클로라이드, 폴리쿼터늄-10, 포도씨가루, 리모넨, 향료, 소듐메타포스페이트, 글리세릴카프릴레이트, 클로렐라 미누티시마추출물, 징크옥사이드, 에틸헥실글리세린, 리날룰, 테트라소듐이디티에이, 제라니올, 시트로넬올, 피토스테롤, 나이아신아마이드, 클로로필린-카퍼컴플렉스, 부틸렌글라이콜, 흑색산화철, 카페인(10 ppm), 1,2-헥산다이올, 토코페롤, 알지닌, 사이클로덱스트린, 하이드록시프로필사이클로덱스트린, 말토덱스트린"
무드업 음영 아이팔레트 7g,비레디,"[1호] 마이카, 탤크, 티타늄디옥사이드 (CI 77891), 메틸메타크릴레이트크로스폴리머, 실리카, 황색산화철, 흑색산화철, 징크스테아레이트, 다이아이소스테아릴말레이트, 합성플루오르플로고파이트, 적색산화철, 페닐트라이메티콘, 에틸헥실팔미테이트, 하이드로제네이티드폴리(C6-14올레핀), 카프릴릭/카프릭트라이글리세라이드, 다이메티콘, 알루미늄미리스테이트, 메티콘, 토코페릴아세테이트, 1,2-헥산다이올, 틴옥사이드 / [2호] 마이카, 탤크, 티타늄디옥사이드 (CI 77891), 메틸메타크릴레이트크로스폴리머, 실리카, 황색산화철, 징크스테아레이트, 다이아이소스테아릴말레이트, 흑색산화철, 페닐트라이메티콘, 적색산화철, 에틸헥실팔미테이트, 하이드로제네이티드폴리(C6-14올레핀), 카프릴릭/카프릭트라이글리세라이드, 다이메티콘, 알루미늄미리스테이트, 적색202호, 메티콘, 토코페릴아세테이트, 1,2-헥산다이올 / [3호] 마이카, 탤크, 티타늄디옥사이드 (CI 77891), 메틸메타크릴레이트크로스폴리머, 실리카, 황색산화철, 적색산화철, 징크스테아레이트, 다이아이소스테아릴말레이트, 흑색산화철, 페닐트라이메티콘, 에틸헥실팔미테이트, 하이드로제네이티드폴리(C6-14올레핀), 적색202호, 다이메티콘, 카프릴릭/카프릭트라이글리세라이드, 알루미늄미리스테이트, 메티콘, 토코페릴아세테이트, 1,2-헥산다이올 / [4호] 마이카, 탤크, 흑색산화철, 메틸메타크릴레이트크로스폴리머, 실리카, 황색산화철, 적색산화철, 징크스테아레이트, 다이아이소스테아릴말레이트, 페닐트라이메티콘, 에틸헥실팔미테이트, 하이드로제네이티드폴리(C6-14올레핀), 다이메티콘, 카프릴릭/카프릭트라이글리세라이드, 적색202호, 알루미늄미리스테이트, 메티콘, 토코페릴아세테이트, 1,2-헥산다이올"
무드업 음영 아이팔레트 7g,라네즈,"[1호] 마이카, 탤크, 티타늄디옥사이드 (CI 77891), 메틸메타크릴레이트크로스폴리머, 실리카, 황색산화철, 흑색산화철, 징크스테아레이트, 다이아이소스테아릴말레이트, 합성플루오르플로고파이트, 적색산화철, 페닐트라이메티콘, 에틸헥실팔미테이트, 하이드로제네이티드폴리(C6-14올레핀), 카프릴릭/카프릭트라이글리세라이드, 다이메티콘, 알루미늄미리스테이트, 메티콘, 토코페릴아세테이트, 1,2-헥산다이올, 틴옥사이드 / [2호] 마이카, 탤크, 티타늄디옥사이드 (CI 77891), 메틸메타크릴레이트크로스폴리머, 실리카, 황색산화철, 징크스테아레이트, 다이아이소스테아릴말레이트, 흑색산화철, 페닐트라이메티콘, 적색산화철, 에틸헥실팔미테이트, 하이드로제네이티드폴리(C6-14올레핀), 카프릴릭/카프릭트라이글리세라이드, 다이메티콘, 알루미늄미리스테이트, 적색202호, 메티콘, 토코페릴아세테이트, 1,2-헥산다이올 / [3호] 마이카, 탤크, 티타늄디옥사이드 (CI 77891), 메틸메타크릴레이트크로스폴리머, 실리카, 황색산화철, 적색산화철, 징크스테아레이트, 다이아이소스테아릴말레이트, 흑색산화철, 페닐트라이메티콘, 에틸헥실팔미테이트, 하이드로제네이티드폴리(C6-14올레핀), 적색202호, 다이메티콘, 카프릴릭/카프릭트라이글리세라이드, 알루미늄미리스테이트, 메티콘, 토코페릴아세테이트, 1,2-헥산다이올 / [4호] 마이카, 탤크, 흑색산화철, 메틸메타크릴레이트크로스폴리머, 실리카, 황색산화철, 적색산화철, 징크스테아레이트, 다이아이소스테아릴말레이트, 페닐트라이메티콘, 에틸헥실팔미테이트, 하이드로제네이티드폴리(C6-14올레핀), 다이메티콘, 카프릴릭/카프릭트라이글리세라이드, 적색202호, 알루미늄미리스테이트, 메티콘, 토코페릴아세테이트, 1,2-헥산다이올"
생기 립밤 3g,비레디,"[공통-보습] 스쿠알란, 하이드로제네이티드캐스터오일다이머다이리놀레에이트, 다이아이소스테아릴말레이트, 카프릴릭/카프릭트라이글리세라이드, 폴리글리세릴-2트라이아이소스테아레이트, 합성왁스, 아크릴레이트/스테아릴아크릴레이트/다이메티콘메타크릴레이트코폴리머, 비스-다이글리세릴폴리아실아디페이트-2, 펜타에리스리틸테트라아이소스테아레이트, 하이드로제네이티드폴리아이소부텐, 에이치디아이/트라이메틸올헥실락톤크로스폴리머, 마이크로크리스탈린왁스, 합성플루오르플로고파이트, 시어버터, 페녹시에탄올, 토코페롤, 아르간커넬오일, 에틸렌/프로필렌코폴리머, 피마자씨오일, 호호바씨오일, 에틸헥실팔미테이트, 페퍼민트오일, 실리카, 리모넨, 트라이하이드록시스테아린, 소듐하이알루로네이트 [코어: 01 Lively] 스쿠알란, 하이드로제네이티드캐스터오일다이머다이리놀레에이트, 다이아이소스테아릴말레이트, 합성왁스, 폴리글리세릴-2트라이아이소스테아레이트, 아크릴레이트/스테아릴아크릴레이트/다이메티콘메타크릴레이트코폴리머, 비스-다이글리세릴폴리아실아디페이트-2, 펜타에리스리틸테트라아이소스테아레이트, 카프릴릭/카프릭트라이글리세라이드, 카프릴릭/카프릭트라이글리세라이드, 하이드로제네이티드폴리아이소부텐, 에이치디아이/트라이메틸올헥실락톤크로스폴리머, 마이크로크리스탈린왁스, 합성플루오르플로고파이트, 시어버터, 스테아랄코늄헥토라이트, 적색산화철, 적색202호, 페녹시에탄올, 토코페롤, 아르간커넬오일, 에틸렌/프로필렌코폴리머, 피마자씨오일, 프로필렌카보네이트, 호호바씨오일, 에틸헥실팔미테이트, 페퍼민트오일, 적색201호, 실리카, 리모넨, 트라이하이드록시스테아린, 소듐하이알루로네이트"
생기 립밤 3g,라네즈,"[공통-보습] 스쿠알란, 하이드로제네이티드캐스터오일다이머다이리놀레에이트, 다이아이소스테아릴말레이트, 카프릴릭/카프릭트라이글리세라이드, 폴리글리세릴-2트라이아이소스테아레이트, 합성왁스, 아크릴레이트/스테아릴아크릴레이트/다이메티콘메타크릴레이트코폴리머, 비스-다이글리세릴폴리아실아디페이트-2, 펜타에리스리틸테트라아이소스테아레이트, 하이드로제네이티드폴리아이소부텐, 에이치디아이/트라이메틸올헥실락톤크로스폴리머, 마이크로크리스탈린왁스, 합성플루오르플로고파이트, 시어버터, 페녹시에탄올, 토코페롤, 아르간커넬오일, 에틸렌/프로필렌코폴리머, 피마자씨오일, 호호바씨오일, 에틸헥실팔미테이트, 페퍼민트오일, 실리카, 리모넨, 트라이하이드록시스테아린, 소듐하이알루로네이트 [코어: 01 Lively] 스쿠알란, 하이드로제네이티드캐스터오일다이머다이리놀레에이트, 다이아이소스테아릴말레이트, 합성왁스, 폴리글리세릴-2트라이아이소스테아레이트, 아크릴레이트/스테아릴아크릴레이트/다이메티콘메타크릴레이트코폴리머, 비스-다이글리세릴폴리아실아디페이트-2, 펜타에리스리틸테트라아이소스테아레이트, 카프릴릭/카프릭트라이글리세라이드, 카프릴릭/카프릭트라이글리세라이드, 하이드로제네이티드폴리아이소부텐, 에이치디아이/트라이메틸올헥실락톤크로스폴리머, 마이크로크리스탈린왁스, 합성플루오르플로고파이트, 시어버터, 스테아랄코늄헥토라이트, 적색산화철, 적색202호, 페녹시에탄올, 토코페롤, 아르간커넬오일, 에틸렌/프로필렌코폴리머, 피마자씨오일, 프로필렌카보네이트, 호호바씨오일, 에틸헥실팔미테이트, 페퍼민트오일, 적색201호, 실리카, 리모넨, 트라이하이드록시스테아린, 소듐하이알루로네이트"
생기 립밤 3g,비레디,"[보습] 스쿠알란, 하이드로제네이티드캐스터오일다이머다이리놀레에이트, 다이아이소스테아릴말레이트, 카프릴릭/카프릭트라이글리세라이드, 폴리글리세릴-2트라이아이소스테아레이트, 합성왁스, 아크릴레이트/스테아릴아크릴레이트/다이메티콘메타크릴레이트코폴리머, 비스-다이글리세릴폴리아실아디페이트-2, 펜타에리스리틸테트라아이소스테아레이트, 하이드로제네이티드폴리아이소부텐, 에이치디아이/트라이메틸올헥실락톤크로스폴리머, 마이크로크리스탈린왁스, 합성플루오르플로고파이트, 시어버터, 페녹시에탄올, 토코페롤, 아르간커넬오일, 에틸렌/프로필렌코폴리머, 피마자씨오일, 호호바씨오일, 에틸헥실팔미테이트, 페퍼민트오일, 실리카, 리모넨, 트라이하이드록시스테아린, 소듐하이알루로네이트 [코어 02 Natural] 스쿠알란, 하이드로제네이티드캐스터오일다이머다이리놀레에이트, 다이아이소스테아릴말레이트, 합성왁스, 폴리글리세릴-2트라이아이소스테아레이트, 아크릴레이트/스테아릴아크릴레이트/다이메티콘메타크릴레이트코폴리머, 비스-다이글리세릴폴리아실아디페이트-2, 펜타에리스리틸테트라아이소스테아레이트, 카프릴릭/카프릭트라이글리세라이드, 카프릴릭/카프릭트라이글리세라이드, 하이드로제네이티드폴리아이소부텐, 에이치디아이/트라이메틸올헥실락톤크로스폴리머, 마이크로크리스탈린왁스, 시어버터, 티타늄디옥사이드, 적색산화철, 스테아랄코늄헥토라이트, 황색산화철, 페녹시에탄올, 토코페롤, 아르간커넬오일, 에틸렌/프로필렌코폴리머, 피마자씨오일, 프로필렌카보네이트, 호호바씨오일, 에틸헥실팔미테이트, 페퍼민트오일, 흑색산화철, 합성플루오르플로고파이트, 적색202호, 실리카, 리모넨, 트라이하이드록시스테아린, 소듐하이알루로네이트"
생기 립밤 3g,라네즈,"[보습] 스쿠알란, 하이드로제네이티드캐스터오일다이머다이리놀레에이트, 다이아이소스테아릴말레이트, 카프릴릭/카프릭트라이글리세라이드, 폴리글리세릴-2트라이아이소스테아레이트, 합성왁스, 아크릴레이트/스테아릴아크릴레이트/다이메티콘메타크릴레이트코폴리머, 비스-다이글리세릴폴리아실아디페이트-2, 펜타에리스리틸테트라아이소스테아레이트, 하이드로제네이티드폴리아이소부텐, 에이치디아이/트라이메틸올헥실락톤크로스폴리머, 마이크로크리스탈린왁스, 합성플루오르플로고파이트, 시어버터, 페녹시에탄올, 토코페롤, 아르간커넬오일, 에틸렌/프로필렌코폴리머, 피마자씨오일, 호호바씨오일, 에틸헥실팔미테이트, 페퍼민트오일, 실리카, 리모넨, 트라이하이드록시스테아린, 소듐하이알루로네이트 [코어 02 Natural] 스쿠알란, 하이드로제네이티드캐스터오일다이머다이리놀레에이트, 다이아이소스테아릴말레이트, 합성왁스, 폴리글리세릴-2트라이아이소스테아레이트, 아크릴레이트/스테아릴아크릴레이트/다이메티콘메타크릴레이트코폴리머, 비스-다이글리세릴폴리아실아디페이트-2, 펜타에리스리틸테트라아이소스테아레이트, 카프릴릭/카프릭트라이글리세라이드, 카프릴릭/카프릭트라이글리세라이드, 하이드로제네이티드폴리아이소부텐, 에이치디아이/트라이메틸올헥실락톤크로스폴리머, 마이크로크리스탈린왁스, 시어버터, 티타늄디옥사이드, 적색산화철, 스테아랄코늄헥토라이트, 황색산화철, 페녹시에탄올, 토코페롤, 아르간커넬오일, 에틸렌/프로필렌코폴리머, 피마자씨오일, 프로필렌카보네이트, 호호바씨오일, 에틸헥실팔미테이트, 페퍼민트오일, 흑색산화철, 합성플루오르플로고파이트, 적색202호, 실리카, 리모넨, 트라이하이드록시스테아린, 소듐하이알루로네이트"
생기 립밤 3g,비레디,"[01 화사 생기] [공통-보습] 스쿠알란, 하이드로제네이티드캐스터오일다이머다이리놀레에이트, 다이아이소스테아릴말레이트, 카프릴릭/카프릭트라이글리세라이드, 폴리글리세릴-2트라이아이소스테아레이트, 합성왁스, 아크릴레이트/스테아릴아크릴레이트/다이메티콘메타크릴레이트코폴리머, 비스-다이글리세릴폴리아실아디페이트-2, 펜타에리스리틸테트라아이소스테아레이트, 하이드로제네이티드폴리아이소부텐, 에이치디아이/트라이메틸올헥실락톤크로스폴리머, 마이크로크리스탈린왁스, 합성플루오르플로고파이트, 시어버터, 페녹시에탄올, 토코페롤, 아르간커넬오일, 에틸렌/프로필렌코폴리머, 피마자씨오일, 호호바씨오일, 에틸헥실팔미테이트, 페퍼민트오일, 실리카, 리모넨, 트라이하이드록시스테아린, 소듐하이알루로네이트 [코어: 01 Lively] 스쿠알란, 하이드로제네이티드캐스터오일다이머다이리놀레에이트, 다이아이소스테아릴말레이트, 합성왁스, 폴리글리세릴-2트라이아이소스테아레이트, 아크릴레이트/스테아릴아크릴레이트/다이메티콘메타크릴레이트코폴리머, 비스-다이글리세릴폴리아실아디페이트-2, 펜타에리스리틸테트라아이소스테아레이트, 카프릴릭/카프릭트라이글리세라이드, 카프릴릭/카프릭트라이글리세라이드, 하이드로제네이티드폴리아이소부텐, 에이치디아이/트라이메틸올헥실락톤크로스폴리머, 마이크로크리스탈린왁스, 합성플루오르플로고파이트, 시어버터, 스테아랄코늄헥토라이트, 적색산화철, 적색202호, 페녹시에탄올, 토코페롤, 아르간커넬오일, 에틸렌/프로필렌코폴리머, 피마자씨오일, 프로필렌카보네이트, 호호바씨오일, 에틸헥실팔미테이트, 페퍼민트오일, 적색201호, 실리카, 리모넨, 트라이하이드록시스테아린, 소듐하이알루로네이트 / [02 내추럴 생기] [보습] 스쿠알란, 하이드로제네이티드캐스터오일다이머다이리놀레에이트, 다이아이소스테아릴말레이트, 카프릴릭/카프릭트라이글리세라이드, 폴리글리세릴-2트라이아이소스테아레이트, 합성왁스, 아크릴레이트/스테아릴아크릴레이트/다이메티콘메타크릴레이트코폴리머, 비스-다이글리세릴폴리아실아디페이트-2, 펜타에리스리틸테트라아이소스테아레이트, 하이드로제네이티드폴리아이소부텐, 에이치디아이/트라이메틸올헥실락톤크로스폴리머, 마이크로크리스탈린왁스, 합성플루오르플로고파이트, 시어버터, 페녹시에탄올, 토코페롤, 아르간커넬오일, 에틸렌/프로필렌코폴리머, 피마자씨오일, 호호바씨오일, 에틸헥실팔미테이트, 페퍼민트오일, 실리카, 리모넨, 트라이하이드록시스테아린, 소듐하이알루로네이트 [코어 02 Natural] 스쿠알란, 하이드로제네이티드캐스터오일다이머다이리놀레에이트, 다이아이소스테아릴말레이트, 합성왁스, 폴리글리세릴-2트라이아이소스테아레이트, 아크릴레이트/스테아릴아크릴레이트/다이메티콘메타크릴레이트코폴리머, 비스-다이글리세릴폴리아실아디페이트-2, 펜타에리스리틸테트라아이소스테아레이트, 카프릴릭/카프릭트라이글리세라이드, 카프릴릭/카프릭트라이글리세라이드, 하이드로제네이티드폴리아이소부텐, 에이치디아이/트라이메틸올헥실락톤크로스폴리머, 마이크로크리스탈린왁스, 시어버터, 티타늄디옥사이드, 적색산화철, 스테아랄코늄헥토라이트, 황색산화철, 페녹시에탄올, 토코페롤, 아르간커넬오일, 에틸렌/프로필렌코폴리머, 피마자씨오일, 프로필렌카보네이트, 호호바씨오일, 에틸헥실팔미테이트, 페퍼민트오일, 흑색산화철, 합성플루오르플로고파이트, 적색202호, 실리카, 리모넨, 트라이하이드록시스테아린, 소듐하이알루로네이트"
생기 립밤 3g,라네즈,"[01 화사 생기] [공통-보습] 스쿠알란, 하이드로제네이티드캐스터오일다이머다이리놀레에이트, 다이아이소스테아릴말레이트, 카프릴릭/카프릭트라이글리세라이드, 폴리글리세릴-2트라이아이소스테아레이트, 합성왁스, 아크릴레이트/스테아릴아크릴레이트/다이메티콘메타크릴레이트코폴리머, 비스-다이글리세릴폴리아실아디페이트-2, 펜타에리스리틸테트라아이소스테아레이트, 하이드로제네이티드폴리아이소부텐, 에이치디아이/트라이메틸올헥실락톤크로스폴리머, 마이크로크리스탈린왁스, 합성플루오르플로고파이트, 시어버터, 페녹시에탄올, 토코페롤, 아르간커넬오일, 에틸렌/프로필렌코폴리머, 피마자씨오일, 호호바씨오일, 에틸헥실팔미테이트, 페퍼민트오일, 실리카, 리모넨, 트라이하이드록시스테아린, 소듐하이알루로네이트 [코어: 01 Lively] 스쿠알란, 하이드로제네이티드캐스터오일다이머다이리놀레에이트, 다이아이소스테아릴말레이트, 합성왁스, 폴리글리세릴-2트라이아이소스테아레이트, 아크릴레이트/스테아릴아크릴레이트/다이메티콘메타크릴레이트코폴리머, 비스-다이글리세릴폴리아실아디페이트-2, 펜타에리스리틸테트라아이소스테아레이트, 카프릴릭/카프릭트라이글리세라이드, 카프릴릭/카프릭트라이글리세라이드, 하이드로제네이티드폴리아이소부텐, 에이치디아이/트라이메틸올헥실락톤크로스폴리머, 마이크로크리스탈린왁스, 합성플루오르플로고파이트, 시어버터, 스테아랄코늄헥토라이트, 적색산화철, 적색202호, 페녹시에탄올, 토코페롤, 아르간커넬오일, 에틸렌/프로필렌코폴리머, 피마자씨오일, 프로필렌카보네이트, 호호바씨오일, 에틸헥실팔미테이트, 페퍼민트오일, 적색201호, 실리카, 리모넨, 트라이하이드록시스테아린, 소듐하이알루로네이트 / [02 내추럴 생기] [보습] 스쿠알란, 하이드로제네이티드캐스터오일다이머다이리놀레에이트, 다이아이소스테아릴말레이트, 카프릴릭/카프릭트라이글리세라이드, 폴리글리세릴-2트라이아이소스테아레이트, 합성왁스, 아크릴레이트/스테아릴아크릴레이트/다이메티콘메타크릴레이트코폴리머, 비스-다이글리세릴폴리아실아디페이트-2, 펜타에리스리틸테트라아이소스테아레이트, 하이드로제네이티드폴리아이소부텐, 에이치디아이/트라이메틸올헥실락톤크로스폴리머, 마이크로크리스탈린왁스, 합성플루오르플로고파이트, 시어버터, 페녹시에탄올, 토코페롤, 아르간커넬오일, 에틸렌/프로필렌코폴리머, 피마자씨오일, 호호바씨오일, 에틸헥실팔미테이트, 페퍼민트오일, 실리카, 리모넨, 트라이하이드록시스테아린, 소듐하이알루로네이트 [코어 02 Natural] 스쿠알란, 하이드로제네이티드캐스터오일다이머다이리놀레에이트, 다이아이소스테아릴말레이트, 합성왁스, 폴리글리세릴-2트라이아이소스테아레이트, 아크릴레이트/스테아릴아크릴레이트/다이메티콘메타크릴레이트코폴리머, 비스-다이글리세릴폴리아실아디페이트-2, 펜타에리스리틸테트라아이소스테아레이트, 카프릴릭/카프릭트라이글리세라이드, 카프릴릭/카프릭트라이글리세라이드, 하이드로제네이티드폴리아이소부텐, 에이치디아이/트라이메틸올헥실락톤크로스폴리머, 마이크로크리스탈린왁스, 시어버터, 티타늄디옥사이드, 적색산화철, 스테아랄코늄헥토라이트, 황색산화철, 페녹시에탄올, 토코페롤, 아르간커넬오일, 에틸렌/프로필렌코폴리머, 피마자씨오일, 프로필렌카보네이트, 호호바씨오일, 에틸헥실팔미테이트, 페퍼민트오일, 흑색산화철, 합성플루오르플로고파이트, 적색202호, 실리카, 리모넨, 트라이하이드록시스테아린, 소듐하이알루로네이트"
블루 파운데이션 3호,비레디,"정제수, 메틸트라이메티콘, 티타늄디옥사이드 (CI 77891), 에칠헥실메톡시신나메이트, 아이소도데케인, 다이페닐실록시페닐트라이메티콘, 사이클로펜타실록세인, 글리세린, 변성알코올, 황색산화철, 라우릴피이지-8다이메티콘, 부틸렌글라이콜, 글리세레스-26, 나일론-12, 다이페닐다이메티콘/비닐다이페닐다이메티콘/실세스퀴옥세인크로스폴리머, 아크릴레이트/폴리트라이메틸실록시메타크릴레이트코폴리머, 실리카, 다이스테아다이모늄헥토라이트, 카프릴릴메티콘, 아크릴레이트/다이메티콘코폴리머, 적색산화철, 1,2-헥산다이올, 피이지-10다이메티콘, 폴리메틸실세스퀴옥세인, 아크릴레이트/에틸헥실아크릴레이트/다이메티콘메타크릴레이트코폴리머, 카프릴릭/카프릭트라이글리세라이드, 흑색산화철, 다이메티콘, 알루미늄하이드록사이드, 소듐클로라이드, 피토스테릴/옥틸도데실라우로일글루타메이트, 트라이에톡시카프릴릴실레인, 트라이하이드록시스테아린, 카프릴릴글라이콜, 향료, 프로필렌카보네이트, 글리세릴카프릴레이트, 폴리실리콘-11, 다이소듐이디티에이, 쌀겨왁스, 징크옥사이드, 에탄올, 비에이치티, 마트리카리아꽃추출물, 프로판다이올, 말라카이트추출물, 소듐하이알루로네이트, 토코페롤, 키토산, 소듐라우로일글루타메이트, 하이드롤라이즈드하이알루로닉애씨드, 라이신, 소듐하이알루로네이트크로스폴리머, 마그네슘클로라이드, 하이알루로닉애씨드, 에틸헥실글리세린, 소듐아세틸레이티드하이알루로네이트, 리파아제"
블루 파운데이션 3호,라네즈,"정제수, 메틸트라이메티콘, 티타늄디옥사이드 (CI 77891), 에칠헥실메톡시신나메이트, 아이소도데케인, 다이페닐실록시페닐트라이메티콘, 사이클로펜타실록세인, 글리세린, 변성알코올, 황색산화철, 라우릴피이지-8다이메티콘, 부틸렌글라이콜, 글리세레스-26, 나일론-12, 다이페닐다이메티콘/비닐다이페닐다이메티콘/실세스퀴옥세인크로스폴리머, 아크릴레이트/폴리트라이메틸실록시메타크릴레이트코폴리머, 실리카, 다이스테아다이모늄헥토라이트, 카프릴릴메티콘, 아크릴레이트/다이메티콘코폴리머, 적색산화철, 1,2-헥산다이올, 피이지-10다이메티콘, 폴리메틸실세스퀴옥세인, 아크릴레이트/에틸헥실아크릴레이트/다이메티콘메타크릴레이트코폴리머, 카프릴릭/카프릭트라이글리세라이드, 흑색산화철, 다이메티콘, 알루미늄하이드록사이드, 소듐클로라이드, 피토스테릴/옥틸도데실라우로일글루타메이트, 트라이에톡시카프릴릴실레인, 트라이하이드록시스테아린, 카프릴릴글라이콜, 향료, 프로필렌카보네이트, 글리세릴카프릴레이트, 폴리실리콘-11, 다이소듐이디티에이, 쌀겨왁스, 징크옥사이드, 에탄올, 비에이치티, 마트리카리아꽃추출물, 프로판다이올, 말라카이트추출물, 소듐하이알루로네이트, 토코페롤, 키토산, 소듐라우로일글루타메이트, 하이드롤라이즈드하이알루로닉애씨드, 라이신, 소듐하이알루로네이트크로스폴리머, 마그네슘클로라이드, 하이알루로닉애씨드, 에틸헥실글리세린, 소듐아세틸레이티드하이알루로네이트, 리파아제"
블루 파운데이션 2호,비레디,"정제수, 메틸트라이메티콘, 티타늄디옥사이드 (CI 77891), 에칠헥실메톡시신나메이트, 아이소도데케인, 다이페닐실록시페닐트라이메티콘, 사이클로펜타실록세인, 글리세린, 변성알코올, 라우릴피이지-8다이메티콘, 부틸렌글라이콜, 글리세레스-26, 황색산화철, 나일론-12, 다이페닐다이메티콘/비닐다이페닐다이메티콘/실세스퀴옥세인크로스폴리머, 아크릴레이트/폴리트라이메틸실록시메타크릴레이트코폴리머, 다이스테아다이모늄헥토라이트, 실리카, 카프릴릴메티콘, 아크릴레이트/다이메티콘코폴리머, 1,2-헥산다이올, 피이지-10다이메티콘, 폴리메틸실세스퀴옥세인, 아크릴레이트/에틸헥실아크릴레이트/다이메티콘메타크릴레이트코폴리머, 적색산화철, 카프릴릭/카프릭트라이글리세라이드, 다이메티콘, 알루미늄하이드록사이드, 소듐클로라이드, 피토스테릴/옥틸도데실라우로일글루타메이트, 트라이에톡시카프릴릴실레인, 흑색산화철, 카프릴릴글라이콜, 트라이하이드록시스테아린, 향료, 프로필렌카보네이트, 글리세릴카프릴레이트, 폴리실리콘-11, 다이소듐이디티에이, 쌀겨왁스, 징크옥사이드, 에탄올, 비에이치티, 마트리카리아꽃추출물, 프로판다이올, 말라카이트추출물, 소듐하이알루로네이트, 토코페롤, 키토산, 소듐라우로일글루타메이트, 하이드롤라이즈드하이알루로닉애씨드, 라이신, 소듐하이알루로네이트크로스폴리머, 마그네슘클로라이드, 하이알루로닉애씨드, 에틸헥실글리세린, 소듐아세틸레이티드하이알루로네이트, 리파아제"
블루 파운데이션 2호,라네즈,"정제수, 메틸트라이메티콘, 티타늄디옥사이드 (CI 77891), 에칠헥실메톡시신나메이트, 아이소도데케인, 다이페닐실록시페닐트라이메티콘, 사이클로펜타실록세인, 글리세린, 변성알코올, 라우릴피이지-8다이메티콘, 부틸렌글라이콜, 글리세레스-26, 황색산화철, 나일론-12, 다이페닐다이메티콘/비닐다이페닐다이메티콘/실세스퀴옥세인크로스폴리머, 아크릴레이트/폴리트라이메틸실록시메타크릴레이트코폴리머, 다이스테아다이모늄헥토라이트, 실리카, 카프릴릴메티콘, 아크릴레이트/다이메티콘코폴리머, 1,2-헥산다이올, 피이지-10다이메티콘, 폴리메틸실세스퀴옥세인, 아크릴레이트/에틸헥실아크릴레이트/다이메티콘메타크릴레이트코폴리머, 적색산화철, 카프릴릭/카프릭트라이글리세라이드, 다이메티콘, 알루미늄하이드록사이드, 소듐클로라이드, 피토스테릴/옥틸도데실라우로일글루타메이트, 트라이에톡시카프릴릴실레인, 흑색산화철, 카프릴릴글라이콜, 트라이하이드록시스테아린, 향료, 프로필렌카보네이트, 글리세릴카프릴레이트, 폴리실리콘-11, 다이소듐이디티에이, 쌀겨왁스, 징크옥사이드, 에탄올, 비에이치티, 마트리카리아꽃추출물, 프로판다이올, 말라카이트추출물, 소듐하이알루로네이트, 토코페롤, 키토산, 소듐라우로일글루타메이트, 하이드롤라이즈드하이알루로닉애씨드, 라이신, 소듐하이알루로네이트크로스폴리머, 마그네슘클로라이드, 하이알루로닉애씨드, 에틸헥실글리세린, 소듐아세틸레이티드하이알루로네이트, 리파아제"
블루쿠션 3호 제프리,비레디,"정제수, 사이클로펜타실록세인, 메틸트라이메티콘, 부틸렌글라이콜, 티타늄디옥사이드 (CI 77891), 에칠헥실메톡시신나메이트, 사이클로헥사실록세인, 실리카, 피이지-10다이메티콘, 트라이메틸실록시실리케이트, 마이카, 변성알코올, 징크옥사이드, 황색산화철, 티타늄디옥사이드, 라우릴피이지-8다이메티콘, 아이소도데케인, 다이스테아다이모늄헥토라이트, 다이메티콘, 보론나이트라이드, 아크릴레이트/폴리트라이메틸실록시메타크릴레이트코폴리머, 1,2-헥산다이올, 소듐클로라이드, 피씨에이다이메티콘, 아크릴레이트/다이메티콘코폴리머, 적색산화철, 알루미늄하이드록사이드, 흑색산화철, 트라이에톡시카프릴릴실레인, 폴리솔베이트80, 카프릴릴글라이콜, 스테아릭애씨드, 하이드로제네이티드레시틴, 라우로일라이신, 향료, 에틸헥실글리세린, 트라이하이드록시스테아린, 다이소듐이디티에이, 에탄올, 비에이치티, 마트리카리아꽃추출물, 프로판다이올, 말라카이트추출물, 소듐하이알루로네이트, 토코페롤, 소듐라우로일글루타메이트, 하이드롤라이즈드하이알루로닉애씨드, 라이신, 소듐하이알루로네이트크로스폴리머, 마그네슘클로라이드, 하이알루로닉애씨드, 소듐아세틸레이티드하이알루로네이트"
블루쿠션 3호 제프리,라네즈,"정제수, 사이클로펜타실록세인, 메틸트라이메티콘, 부틸렌글라이콜, 티타늄디옥사이드 (CI 77891), 에칠헥실메톡시신나메이트, 사이클로헥사실록세인, 실리카, 피이지-10다이메티콘, 트라이메틸실록시실리케이트, 마이카, 변성알코올, 징크옥사이드, 황색산화철, 티타늄디옥사이드, 라우릴피이지-8다이메티콘, 아이소도데케인, 다이스테아다이모늄헥토라이트, 다이메티콘, 보론나이트라이드, 아크릴레이트/폴리트라이메틸실록시메타크릴레이트코폴리머, 1,2-헥산다이올, 소듐클로라이드, 피씨에이다이메티콘, 아크릴레이트/다이메티콘코폴리머, 적색산화철, 알루미늄하이드록사이드, 흑색산화철, 트라이에톡시카프릴릴실레인, 폴리솔베이트80, 카프릴릴글라이콜, 스테아릭애씨드, 하이드로제네이티드레시틴, 라우로일라이신, 향료, 에틸헥실글리세린, 트라이하이드록시스테아린, 다이소듐이디티에이, 에탄올, 비에이치티, 마트리카리아꽃추출물, 프로판다이올, 말라카이트추출물, 소듐하이알루로네이트, 토코페롤, 소듐라우로일글루타메이트, 하이드롤라이즈드하이알루로닉애씨드, 라이신, 소듐하이알루로네이트크로스폴리머, 마그네슘클로라이드, 하이알루로닉애씨드, 소듐아세틸레이티드하이알루로네이트"
블루쿠션 2호 라이언,비레디,"정제수, 사이클로펜타실록세인, 메틸트라이메티콘, 부틸렌글라이콜, 티타늄디옥사이드 (CI 77891), 에칠헥실메톡시신나메이트, 실리카, 사이클로헥사실록세인, 피이지-10다이메티콘, 트라이메틸실록시실리케이트, 마이카, 변성알코올, 징크옥사이드, 티타늄디옥사이드, 라우릴피이지-8다이메티콘, 아이소도데케인, 다이스테아다이모늄헥토라이트, 다이메티콘, 황색산화철, 보론나이트라이드, 아크릴레이트/폴리트라이메틸실록시메타크릴레이트코폴리머, 1,2-헥산다이올, 소듐클로라이드, 피씨에이다이메티콘, 아크릴레이트/다이메티콘코폴리머, 알루미늄하이드록사이드, 적색산화철, 폴리솔베이트80, 트라이에톡시카프릴릴실레인, 카프릴릴글라이콜, 트라이하이드록시스테아린, 스테아릭애씨드, 흑색산화철, 하이드로제네이티드레시틴, 라우로일라이신, 향료, 에틸헥실글리세린, 다이소듐이디티에이, 에탄올, 비에이치티, 마트리카리아꽃추출물, 프로판다이올, 말라카이트추출물, 소듐하이알루로네이트, 토코페롤, 소듐라우로일글루타메이트, 하이드롤라이즈드하이알루로닉애씨드, 라이신, 소듐하이알루로네이트크로스폴리머, 마그네슘클로라이드, 하이알루로닉애씨드, 소듐아세틸레이티드하이알루로네이트"
블루쿠션 2호 라이언,라네즈,"정제수, 사이클로펜타실록세인, 메틸트라이메티콘, 부틸렌글라이콜, 티타늄디옥사이드 (CI 77891), 에칠헥실메톡시신나메이트, 실리카, 사이클로헥사실록세인, 피이지-10다이메티콘, 트라이메틸실록시실리케이트, 마이카, 변성알코올, 징크옥사이드, 티타늄디옥사이드, 라우릴피이지-8다이메티콘, 아이소도데케인, 다이스테아다이모늄헥토라이트, 다이메티콘, 황색산화철, 보론나이트라이드, 아크릴레이트/폴리트라이메틸실록시메타크릴레이트코폴리머, 1,2-헥산다이올, 소듐클로라이드, 피씨에이다이메티콘, 아크릴레이트/다이메티콘코폴리머, 알루미늄하이드록사이드, 적색산화철, 폴리솔베이트80, 트라이에톡시카프릴릴실레인, 카프릴릴글라이콜, 트라이하이드록시스테아린, 스테아릭애씨드, 흑색산화철, 하이드로제네이티드레시틴, 라우로일라이신, 향료, 에틸헥실글리세린, 다이소듐이디티에이, 에탄올, 비에이치티, 마트리카리아꽃추출물, 프로판다이올, 말라카이트추출물, 소듐하이알루로네이트, 토코페롤, 소듐라우로일글루타메이트, 하이드롤라이즈드하이알루로닉애씨드, 라이신, 소듐하이알루로네이트크로스폴리머, 마그네슘클로라이드, 하이알루로닉애씨드, 소듐아세틸레이티드하이알루로네이트"
시카페인 트러블리셋 2종,비레디,"[세럼] 편백수, 정제수, 부틸렌글라이콜, 글리세린, 다이프로필렌글라이콜, 베타인, 변성알코올, 나이아신아마이드, 스쿠알란, 카페인, 다이에톡시에틸석시네이트, 1,2-헥산다이올, 수크로오스스테아레이트, 소듐폴리아크릴로일다이메틸타우레이트, 글리세릴폴리메타크릴레이트, 폴리글리세릴-10스테아레이트, 폴리메틸메타크릴레이트, 메틸트라이메티콘, 하이드로제네이티드레시틴, 하이드로제네이티드포스파티딜콜린, 에틸헥실글리세린, 폴리글리세릴-10라우레이트, 티몰트라이메톡시신나메이트, 카보머, 트로메타민, 잔탄검, 글루코노락톤, 소듐시트레이트, 다이소듐이디티에이, 말라카이트추출물, 잇꽃꽃추출물, 덱스트린, 시트릭애씨드, 피토스테롤, 알지닌, 사이클로덱스트린, 하이드록시프로필사이클로덱스트린, 말토덱스트린, 토코페롤 / [크림] 편백수, 부틸렌글라이콜, 글리세린, 다이카프릴릴에터, 1,2-헥산다이올, 스쿠알란, 페닐트라이메티콘, 메틸트라이메티콘, 아이소노닐아이소노나노에이트, 베타인, C14-22알코올, 정제수, 세테아릴알코올, 세테아릴올리베이트, 스테아릴다이메티콘, 글리세릴스테아레이트, 솔비탄올리베이트, 피씨에이다이메티콘, 팔미틱애씨드, 스테아릭애씨드, 하이드록시에틸아크릴레이트/소듐아크릴로일다이메틸타우레이트코폴리머, C12-20알킬글루코사이드, 소듐스테아로일글루타메이트, 에틸헥실글리세린, 아크릴레이트/C10-30알킬아크릴레이트크로스폴리머, 베헤닐알코올, 트로메타민, 잔탄검, 피토스테롤, 솔비탄아이소스테아레이트, 말라카이트추출물, 다이소듐이디티에이, 잇꽃꽃추출물, 덱스트린, 나이아신아마이드, 카페인, 세라마이드엔피, 토코페롤, 알지닌, 사이클로덱스트린, 하이드록시프로필사이클로덱스트린, 말토덱스트린, 시트릭애씨드"
시카페인 트러블리셋 2종,라네즈,"[세럼] 편백수, 정제수, 부틸렌글라이콜, 글리세린, 다이프로필렌글라이콜, 베타인, 변성알코올, 나이아신아마이드, 스쿠알란, 카페인, 다이에톡시에틸석시네이트, 1,2-헥산다이올, 수크로오스스테아레이트, 소듐폴리아크릴로일다이메틸타우레이트, 글리세릴폴리메타크릴레이트, 폴리글리세릴-10스테아레이트, 폴리메틸메타크릴레이트, 메틸트라이메티콘, 하이드로제네이티드레시틴, 하이드로제네이티드포스파티딜콜린, 에틸헥실글리세린, 폴리글리세릴-10라우레이트, 티몰트라이메톡시신나메이트, 카보머, 트로메타민, 잔탄검, 글루코노락톤, 소듐시트레이트, 다이소듐이디티에이, 말라카이트추출물, 잇꽃꽃추출물, 덱스트린, 시트릭애씨드, 피토스테롤, 알지닌, 사이클로덱스트린, 하이드록시프로필사이클로덱스트린, 말토덱스트린, 토코페롤 / [크림] 편백수, 부틸렌글라이콜, 글리세린, 다이카프릴릴에터, 1,2-헥산다이올, 스쿠알란, 페닐트라이메티콘, 메틸트라이메티콘, 아이소노닐아이소노나노에이트, 베타인, C14-22알코올, 정제수, 세테아릴알코올, 세테아릴올리베이트, 스테아릴다이메티콘, 글리세릴스테아레이트, 솔비탄올리베이트, 피씨에이다이메티콘, 팔미틱애씨드, 스테아릭애씨드, 하이드록시에틸아크릴레이트/소듐아크릴로일다이메틸타우레이트코폴리머, C12-20알킬글루코사이드, 소듐스테아로일글루타메이트, 에틸헥실글리세린, 아크릴레이트/C10-30알킬아크릴레이트크로스폴리머, 베헤닐알코올, 트로메타민, 잔탄검, 피토스테롤, 솔비탄아이소스테아레이트, 말라카이트추출물, 다이소듐이디티에이, 잇꽃꽃추출물, 덱스트린, 나이아신아마이드, 카페인, 세라마이드엔피, 토코페롤, 알지닌, 사이클로덱스트린, 하이드록시프로필사이클로덱스트린, 말토덱스트린, 시트릭애씨드"
블루 수분 선크림 SPF50+/PA++++,비레디,"정제수, 부틸렌글라이콜, 호모살레이트, 에칠헥실살리실레이트, 변성알코올, 비스-에칠헥실옥시페놀메톡시페닐트리아진, 디에칠아미노하이드록시벤조일헥실벤조에이트, 실리카, 세틸에틸헥사노에이트, 에칠헥실트리아존, 테레프탈릴리덴디캠퍼설포닉애씨드, 트로메타민, 메틸트라이메티콘, 다이아이소프로필세바케이트, 세테아릴알코올, 하이드록시에틸아크릴레이트/소듐아크릴로일다이메틸타우레이트코폴리머, 포타슘세틸포스페이트, 1,2-헥산다이올, 하이드록시프로필스타치포스페이트, 아크릴레이트/C10-30알킬아크릴레이트크로스폴리머, 글리세릴스테아레이트, 하이드로제네이티드레시틴, 향료, 에틸헥실글리세린, 스테아릭애씨드, 폴리글리세릴-3메틸글루코오스다이스테아레이트, 팔미틱애씨드, 다이소듐이디티에이, 솔비탄아이소스테아레이트, 티타늄디옥사이드 (CI 77891), 마이카, 징크옥사이드, 에탄올, 인디고잎추출물, 마트리카리아꽃추출물, 미리스틱애씨드, 프로판다이올, 라우릭애씨드, 말라카이트추출물, 소듐하이알루로네이트, 틴옥사이드, 토코페롤, 소듐라우로일글루타메이트, 하이드롤라이즈드하이알루로닉애씨드, 라이신, 소듐하이알루로네이트크로스폴리머, 마그네슘클로라이드, 하이알루로닉애씨드, 소듐아세틸레이티드하이알루로네이트"
블루 수분 선크림 SPF50+/PA++++,라네즈,"정제수, 부틸렌글라이콜, 호모살레이트, 에칠헥실살리실레이트, 변성알코올, 비스-에칠헥실옥시페놀메톡시페닐트리아진, 디에칠아미노하이드록시벤조일헥실벤조에이트, 실리카, 세틸에틸헥사노에이트, 에칠헥실트리아존, 테레프탈릴리덴디캠퍼설포닉애씨드, 트로메타민, 메틸트라이메티콘, 다이아이소프로필세바케이트, 세테아릴알코올, 하이드록시에틸아크릴레이트/소듐아크릴로일다이메틸타우레이트코폴리머, 포타슘세틸포스페이트, 1,2-헥산다이올, 하이드록시프로필스타치포스페이트, 아크릴레이트/C10-30알킬아크릴레이트크로스폴리머, 글리세릴스테아레이트, 하이드로제네이티드레시틴, 향료, 에틸헥실글리세린, 스테아릭애씨드, 폴리글리세릴-3메틸글루코오스다이스테아레이트, 팔미틱애씨드, 다이소듐이디티에이, 솔비탄아이소스테아레이트, 티타늄디옥사이드 (CI 77891), 마이카, 징크옥사이드, 에탄올, 인디고잎추출물, 마트리카리아꽃추출물, 미리스틱애씨드, 프로판다이올, 라우릭애씨드, 말라카이트추출물, 소듐하이알루로네이트, 틴옥사이드, 토코페롤, 소듐라우로일글루타메이트, 하이드롤라이즈드하이알루로닉애씨드, 라이신, 소듐하이알루로네이트크로스폴리머, 마그네슘클로라이드, 하이알루로닉애씨드, 소듐아세틸레이티드하이알루로네이트"
메타그린 칼로리컷 젤리 다이어트 기능성 젤리 혈당탄수화물컷,퍼즐우드,"난소화성말토덱스트린(옥수수: 외국산(러시아, 헝가리, 세르비아 등)), 가르시니아캄보지아추출물(인도산), 건조효모(크롬함유), 정제수, 말티톨시럽(감미료), 곤약프로틴볼(곤약분말(중국산), 완두단백(프랑스산), 수산화칼슘), 혼합제제(로커스트콩검, 잔탄검, 포도당, 한천, 타마린드검), 구연산, 오렌지향, 자일리톨(감미료), 오렌지농축액, β-시클로덱스트린, 구연산나트륨, 스테비올배당체(감미료), 리치향, 수크랄로스(감미료), 흰강낭콩추출물분말, 알로에베라겔동결건조분말"
메타그린 부스터샷 7일,퍼즐우드,"APIC대두배아열수추출물등복합물(대두배아추출물분말(대두(미국산)), L-카르니틴), 녹차추출물, 판토텐산칼슘, 비타민C, 정제수, 난소화성말토덱스트린(옥수수: 외국산(러시아, 헝가리, 세르비아 등)) ,시트러스농축액(시트러스혼합액(풋귤착즙액 국산))), 푸룬농축액, 구연산, 치커리뿌리추출물, 혼합제제(정제수, 덱스트린, 아라비아검, 유자후레바베이스, 유자향, 레몬라임향, 레몬오일, 합성향료), 구연산삼나트륨, 효소처리스테비아, 프탈산히드록시프로필메틸셀룰로오스, 목화씨유분말(경화유), 젖산칼슘, 펙틴, 함초소금, 제삼인산칼슘, 젤란검, 글리세린지방산에스테르, 구아검 대두함유"
메타그린 슬림업 다이어트 비건 기능성,퍼즐우드,"녹차추출물분말(인도산), 판토텐산칼슘, 비타민C, 치커리뿌리추출물(벨기에산), 프탈산히드록시프로필메틸셀룰로오스, 스테아린산마그네슘, 제삼인산칼슘, 글리세린초산지방산에스테르, 구아검"
메타그린 클린티 10입,퍼즐우드,"구연산, 구연산칼륨, 용성비타민P, 향료(레몬향), 올리브잎추출물(올리브잎추출물, 말토덱스트린)(스페인산), 파인애플추출분말(인도산), 향료(복숭아향분말), 레몬농축분말(레몬농축액: 이탈리아산), 함초소금, 산화마그네슘, 수크랄로스(감미료), 아세설팜칼륨(감미료), 스테비올배당체(감미료), 레몬농축분말, 필발추출물, 구아검"
녹차에서 온 유산균,퍼즐우드,"프로바이오틱스(Lactiplantibacillus plantarum APsulloc331261, Bifidobacterium animalis ssp.lactis, Lacticaseibacillus rhamnosus, Bifidobacterium breve, Bifidobacterium bifidum, Lactobacillus gasseri), 비타민 D3혼합제제 (비타민D3, 덱스트린, 에틸셀룰 로스, d-토코페롤, 중쇄중성지방), 산화아연, 자일리톨혼합분말(자일리톨, 에리스리톨, 유 당혼합분말(유당(미국산), 덱스트린), 무수구연산, 청포도향혼합제제(덱스트린, 합성향료 (청포도향), 아라비아검), 요거트혼합분말(요구르트향(이탈리아산), 요거트분말(이탈리아산))), 치커리뿌리추출물, 코코넛분말(코코넛 밀크, 말토덱스트린, 카제인나트륨)(말레이시 아산), 프락토올리고당, 스테아린산마그네슘, 제삼인산칼슘, 효소처리스테비아, 청포도향혼합제제(덱스트린, 합성향료(청포도향), 아라비아검) 대두, 우유 함유"
슈퍼콜라겐 28입,퍼즐우드,"정제수, 저분자피쉬콜라겐펩타이드, 믹스베리농축액 (포도농축액(칠레산), 블루베리농축액(미국산)), 비오틴, 니코틴산아미드, 히알루론산, 엘라스틴펩타이드, 밀크세라마이드, 효모추출물 GT, 비타민C, AP콜라겐효소분해펩타이드, 글루코노델타락톤, 레몬농축액(이스라엘산), 구연산, 자일리톨(감미료), 연어추출물(DNA-Na), 락토바이탈 PDRN, 향료(믹스베리향), 향료(마스킹향), 향료(자몽향), 저분자콜라 겐펩타이드 타입 1,3, 콜라겐펩타이드-type II, 난각막콜라겐, 함초소금(천일염(국내산),퉁퉁마디추출액(국내산)), 젤란검, 수크랄로스(감미료), 아세설팜칼륨(감미료), 스테비올배당체(감미료), 울금추출물분말, 녹차다당분말 [난류(가금류), 닭고기, 우유 함유]"
멀티비타민미네랄,퍼즐우드,"비타민C, 비타민E혼합제제(dl-α-토코페릴아세테이트, 옥테닐호박산나트륨전분, 정제수, 이산화규소), 니코틴산아미드, 셀레늄혼합제제(아셀렌산나트륨, 덱스트린), 베타카로틴혼합제제(베타카로틴, 젤라틴, 옥수수전분, 설탕, L-아스코르빈산나트륨, 정제수, d-토코페롤, 제삼인산칼슘), 판토텐산칼슘, 산화아연, 비타민B12혼합분말(비타민B12, 덱스트린, 구연산삼나트륨, 구연산), 황산망간, 비타민D3혼합제제(비타민D3, 아라비아검, 설탕, 옥수수전분, 가공유지, 이산화규소, 비타민E), 비타민B6염산염, 비타민B1염산염, 비타민B2, 엽산, 분말 말티톨시럽, 유당혼합분말(유당(미국산), 덱스트린), 무수포도당, 이소말트, 옥수수전분(미국산), 함수포도당, 자일리톨, 코코넛밀크분말(말레이시아산), 망고과즙분말, 구연산, 망고향(정제수,덱스트린, 아라비아검, 주정, 프로필렌글리콜, 합성향료, 트리아세틴, 합성향료), 스테아린산마그네슘, 히드록시프로필메틸셀룰로스, 효소처리스테비아, 식물혼합추출물분말, 치자황색소, 산화마그네슘, 건조효모(크롬함유) 우유, 토마토, 대두, 돼지고기 함유"
메타그린 효소 14입,퍼즐우드,"메타프로효소포뮬라{노란콩(국산), 탈지 대두(인도산), 백미, 효소식품, 기타가공품}, 락티톨 29%, 식물성크림[물엿, 식물성경화유지{코코넛오일 (외국산 : 인도네시아산, 말레이시아산, 필리핀산 등)}, 농축우유단백분말(오스트리아산), 제이인산칼륨, 제 삼인산칼슘, 정제소금, 글리세린지방산에스테르, 글리세린디아세틸주석산지방산에스테르, 탄산수소나트륨, 무지방우유], 자일리톨 9%, 오곡분말{현미, 보리, 조, 수수, 찰현미 국산}, 효소식품 1, 분리대두단백, 곡물 향혼합제제{혼합제제(덱스트린, 주정, 아라비아검, 합성향료, 프로필렌글리콜, 젖산), 덱스트린}, 6종혼합유산균, 이산화규소, 효소식품 2, 푸룬과즙분말, 귀리식이섬유, 이눌린치커리추출물, 난소화성말토덱스트린, 효소처리스테비아, 건조맥주효모, 아미노산혼합분말(L-페닐알라닌, L-로이신, L-메티오닌, L-라이신염산 염, 팔라티노스, L-이소로이신, L-발린, L-히스티딘, L-트레오닌, L-트립토판), 비타민무기질혼합제제{제이인산칼슘, 비타민C, 비타민E혼합제제(dl-α-토코페릴초산염, 변성전분, 포도당시럽분말, 이산화규소), 푸마르산제일철, 니코틴산아미드, 산화아연, 비타민A혼합제제(포도당시럽분말, 아라비아검, 옥수수전분, 비타민A아세테이트, dl-α-토코페롤), 판토텐산칼슘, 비타민B6염산염, 비타민B1염산염, 비타민B2, 엽산, 비오 틴}, 향료(천연티분말향) 우유, 대두, 밀, 메밀, 토마토 함유"
슈퍼레티놀 30포,퍼즐우드,"리포좀 레티놀+비타민C(비타민C, 자일리톨, L-시스틴, 효소처리저분자오크라뮤신(오크라분말(중국산)), L-트레오닌, 시트러스추출분말(중국산), 판토텐산칼슘, 모링가추출물 (레티놀 5%), 말티톨시럽, 니코틴산아미드, 비타민E혼합제제분말(dl-α-토코페릴아세테이트, 옥테닐호박산나트륨전분, 정제수, 이산화규소), 비타민D혼합제제 (변성전분, 설탕, L-아스코브산나트륨, 해바라기유, 비타민E, 비타민D2), 레몬과즙분말(레몬과즙, 덱스트린, 아라비아검), 레시틴, 펄스에너지처리녹차분말, 울금추출물분말, 히알루론산), 자일리톨, 비타민C, 효소처리스테비아, 망고과즙분말(망고퓌레(필리핀산)), 향료(레몬라임향), 함초소금(천일염(국내산), 퉁퉁마디추출액(국내산)), 제삼인산칼슘, 구연산, 향료(자몽분말향), 스테아린산마그네슘, 산화마그네슘, 당류가공품"
액티브 멀티팩,퍼즐우드,"비타민C혼합제제(아스코르빈산칼슘, DL-트레오닌), 글루콘산아연, 판토텐산칼슘, 푸마르산제일철, 니코틴산아미드, 건조효모(셀렌)(캐나다산), 비타민E혼합제제(dl α-토코페릴아세테이트, 옥테닐호박산나트륨전분, 정제수, 이산화규소), 비타민B1염산염, 비타민B2, 비타민B6염산염, 비타민D3혼합제제(비타민D3, 설탕, 아라비아검, 옥수수전분, 가공유지, 이산화규소, 비타민E), 건조효모(크롬), 황산망간, 비타민B12혼합분말(비타민B12, 덱스트린, 구연산삼나트륨, 구연산), 엽산, D-비오틴, 결정셀룰로스, 제삼인산칼슘, 펄스에너지처리녹차분말(국산), 프탈산히드록시프로필메틸셀룰로오스, 히드록시프로필메틸셀룰로스, 산화마그네슘, 스테아린산마그네슘, 혼합제제(히드록시프로필셀룰로스, 이산화규소), 옥수수전분(미국산), 스테아린산, 가교카르복시메틸셀룰로스나트륨, 카르복시메틸셀룰로오스칼슘, 글리세린지방산에스테르, 석류농축액분말, 울금추출물, 덱스트린, 혼합제제(말토덱스트린, 옥수수전분, 아라비아검, 비타민A아세테이트, 비타민E) 대두 함유"
오메가케어 30일,퍼즐우드,"정제어유(정제어유,D-토코페롤)(노르웨이산), 밀납, 보라지유(영국산), 레몬오일, D-α-토코페롤 캡슐기제 젤라틴, 글리세린, D-소르비톨액, 카카오색소, 오징어 먹물색소 대두, 돼지고기, 오징어, 고등어 함유"
메타그린 슬림업,퍼즐우드,"녹차추출물분말(인도산), 판토텐산칼슘, 비타민C, 치커리뿌리추출물(벨기에산), 프탈산히드록시프로필메틸셀룰로오스, 스테아린산마그네슘, 제삼인산칼슘, 글리세린초산지방산에스테르, 구아검"
슈퍼콜라겐 골드,퍼즐우드,"AP콜라겐효소분해펩타이드, N-아세틸글루코사민(홍게(국산)), 니코틴산아미드, 황산망간, 비오틴, 정제수, 저분자콜라겐펩타이드-타입Ⅰ, Ⅲ(베트남산), 저분자피쉬콜라겐(베트남산), 콜라겐펩타이드-SP, 구연산, 자일리톨(감미료), 콜라겐펩타이드-타입Ⅱ, 체리라임향혼합제제(프로필렌글리콜, 글리세린, 주정, 트리아세틴, 합성향료, 정제수, 초산, 레몬오일, 비타민E), 맥아추출분말, 비타민C, 함초소금(천일염, 통통마디추출액), 수크랄로스(감미료), 젤란검, 아세설팜칼륨(감미료), 스테비올배당체(감미료), 난각막콜라겐, 호박씨앗추출분말, 엘라스틴펩타이드, 녹차다당체분말, 밀크세라마이드, 히알루론산혼합제제(덱스트린, 히알루론산) 난류(가금류), 게, 닭고기, 우유 함유"
굿슬립 가바 365  식약처 인정 수면기능성,퍼즐우드,"L-글루탐산발효 가바분말(국내산), 니코틴산아미드, 결정셀룰로오스, 제이인산칼슘, 히드록시프로필메틸셀룰로오스혼합제제(히드록시프로필셀룰로스, 히드록시프로필메틸셀룰로스), 목화씨유분말(경화유)(미국산), 제삼인산칼슘, L아르기닌, 타트체리농축분말(타트체리농축액(폴란드산)), 산화마그네슘, 말토덱스트린혼합제제(말토덱스트린, 해바라기레시틴, 팜올레인, 구아검)"
슈퍼콜라겐 프리미엄,퍼즐우드,"AP콜라겐효소분해펩타이드,혼합제제(아셀렌산나트륨, 옥수수말토덱스트린),나이아신,비오틴,정제수,자일리톨,레몬농축액(이스라엘산),프락토올리고당,구연산,라즈베리향(프로필렌글리콜,합성향료),구연산삼나트륨,세븐베리농축액(블랙베리농축액(미국산),블루베리농축액(미국산)),비타민C,스테비올배당체,젖산칼슘,젤란검,밀크세라마이드(뉴질랜드산),L-시스테인염산염,히알루론산혼합제제(덱스트린,히알루론산), 엘라스틴펩타이드,녹차다당체분말, 우유함유"
슈퍼에센셜,퍼즐우드,"AP콜라겐효소분해펩타이드, 비타민C, 푸마르산제일철, 셀레늄혼합제제(아셀렌산나트륨, 옥수수말토덱스트린), 비타민B12혼합분말(비타민B12, 말토덱스트린, 구연산삼나트륨, 구연산), 비타민B1염산염, 니코틴산아미드, 비타민B2, 판토텐산칼슘, 비타민D3혼합제제(비타민D3, 아라비아검, 자당, 옥수수전분, 가공유지, 이산화규소, 비타민E), 비타민B6염산염, 엽산, 비오틴, 정제수, 자일리톨(감미료), 레몬농축액(이스라엘산), 결정셀룰로스, 글루코노-δ-락톤, 히드록시프로필메틸셀룰로스 혼합제제(히드록시프로필메틸셀룰로스, 이소말트(감미료), 탄산칼슘, 스테아린산), 무수구연산, 합성향료(포도향), 스테아린산마그네슘, L-시스틴, 스테아린산, 히드록시프로필메틸셀룰로스, 가교카복시메틸셀룰로스나트륨, 맥아추출분말(영국산), 말토덱스트린 혼합제제(말토덱스트린, 해바라기 레시틴, 해바라기유, 구아검), 제삼인산칼슘, 젤란검, 포도농축액(미국산), 함초소금(천일염, 퉁퉁마디추출액), 밀크세라마이드, 수크랄로스(감미료), 아세설팜칼륨(감미료), 건조효모(크롬), 산화아연, 비타민A혼합제제(말토덱스트린, 옥수수전분, 아라비아검, 비타민A 아세테이트, 비타민E), 스테비올배당체(감미료), 히알루론산, 엘라스틴펩타이드, 황산망간, 글루콘산동, 비타민E혼합제제(dl-α-토코페릴아세테이트, 옥테닐호박산나트륨전분, 정제수, 이산화규소), 녹차다당분말, 비타민K1혼합제제(아라비아검, 자당, 비타민K1) 대두, 우유 함유"
트루아이,퍼즐우드,"""정제어유(정제어유, d-토코페롤(혼합형))(노르웨이산), 마리골드꽃추출물(마리골드꽃추출물, 해바라기유, dl-α-토코페롤)(인도산), 헤마토코쿠스추출물(헤마토코쿠스추출물, 압착올리브유, 비타민E), 건조효모(셀렌), d-α-토코페롤, 비타민A혼합제제(유성비타민A지방산에스테르, 땅콩오일, dl-α-토코페롤), 비타 민B6염산염, 밀납, 대두레시틴(인도산), 레시틴,녹차추출물 캡슐기제- 젤라틴, 글리세린, 프탈산히드록시프로필메틸셀룰로오스, D-소비톨, 트리아세틴, 카카오색소, 오렌지오일 대두, 땅콩, 쇠고기, 고등어 함유"""
슈퍼에센셜,퍼즐우드,"AP콜라겐효소분해펩타이드, 비타민C, 푸마르산제일철, 셀레늄혼합제제(아셀렌산나트륨, 옥수수말토덱스트린), 비타민B12혼합분말(비타민B12, 말토덱스트린, 구연산삼나트륨, 구연산), 비타민B1염산염, 니코틴산아미드, 비타민B2, 판토텐산칼슘, 비타민D3혼합제제(비타민D3, 아라비아검, 자당, 옥수수전분, 가공유지, 이산화규소, 비타민E), 비타민B6염산염, 엽산, 비오틴, 정제수, 자일리톨(감미료), 레몬농축액(이스라엘산), 결정셀룰로스, 글루코노-δ-락톤, 히드록시프로필메틸셀룰로스 혼합제제(히드록시프로필메틸셀룰로스, 이소말트(감미료), 탄산칼슘, 스테아린산), 무수구연산, 합성향료(포도향), 스테아린산마그네슘, L-시스틴, 스테아린산, 히드록시프로필메틸셀룰로스, 가교카복시메틸셀룰로스나트륨, 맥아추출분말(영국산), 말토덱스트린 혼합제제(말토덱스트린, 해바라기 레시틴, 해바라기유, 구아검), 제삼인산칼슘, 젤란검, 포도농축액(미국산), 함초소금(천일염, 퉁퉁마디추출액), 밀크세라마이드, 수크랄로스(감미료), 아세설팜칼륨(감미료), 건조효모(크롬), 산화아연, 비타민A혼합제제(말토덱스트린, 옥수수전분, 아라비아검, 비타민A 아세테이트, 비타민E), 스테비올배당체(감미료), 히알루론산, 엘라스틴펩타이드, 황산망간, 글루콘산동, 비타민E혼합제제(dl-α-토코페릴아세테이트, 옥테닐호박산나트륨전분, 정제수, 이산화규소), 녹차다당분말, 비타민K1혼합제제(아라비아검, 자당, 비타민K1) 대두, 우유 함유"
메타그린 골드 플러스,퍼즐우드,"녹차추출물(인도산), 은행잎추출물(인도산), 바나바잎추출물(인도산), 치커리추출물, 프탈산히드록시프로필메틸셀룰로오스, 비타민C, 발효추차추출분말, 혼합제제(히드록시프로필셀룰로오스, 히드록시프로필메틸셀룰로오스), 스테아린산마그네슘, 제삼인산칼슘, 양파추출물, 글리세린지방산에스테르, 건조효모(크롬), 코엔자임Q10, 구아검, 혼합제제(덱스트린, 에틸셀룰로스, d-토코페롤, 중쇄중성지방, 비타민D3)"
명작수 골드,퍼즐우드,"홍삼농축액(국산)(원료삼배합비율:홍삼근70%, 홍미삼30%), 글루콘산아연, 니코틴산아미드, 정제수, 말토올리고당, 청포도농축액(미국산), 난소화성말토덱스트린(외국산(러시아, 헝가리, 세르비아 등)), 푸룬농축액(미국산), 벌꿀(아카시아꿀)(국산), 인삼열매농축액(국산), 오미자추출농축액(국산), L-아르기닌"
명작수 골드,퍼즐우드,"홍삼농축액(국산)(원료삼배합비율:홍삼근70%, 홍미삼30%), 글루콘산아연, 니코틴산아미드, 정제수, 말토올리고당, 청포도농축액(미국산), 난소화성말토덱스트린(외국산(러시아, 헝가리, 세르비아 등)), 푸룬농축액(미국산), 벌꿀(아카시아꿀)(국산), 인삼열매농축액(국산), 오미자추출농축액(국산), L-아르기닌"
메타그린 골드 플러스 패밀리 기획세트,퍼즐우드,"녹차추출물(인도산), 은행잎추출물(인도산), 바나바잎추출물(인도산), 치커리추출물, 프탈산히드록시프로필메틸셀룰로오스, 비타민C, 발효추차추출분말, 혼합제제(히드록시프로필셀룰로오스, 히드록시프로필메틸셀룰로오스), 스테아린산마그네슘, 제삼인산칼슘, 양파추출물, 글리세린지방산에스테르, 건조효모(크롬), 코엔자임Q10, 구아검, 혼합제제(덱스트린, 에틸셀룰로스, d-토코페롤, 중쇄중성지방, 비타민D3)"
슈퍼콜라겐 골드,퍼즐우드,"AP콜라겐효소분해펩타이드, N-아세틸글루코사민(홍게(국산)), 니코틴산아미드, 황산망간, 비오틴, 정제수, 저분자콜라겐펩타이드-타입Ⅰ, Ⅲ(베트남산), 저분자피쉬콜라겐(베트남산), 콜라겐펩타이드-SP, 구연산, 자일리톨(감미료), 콜라겐펩타이드-타입Ⅱ, 체리라임향혼합제제(프로필렌글리콜, 글리세린, 주정, 트리아세틴, 합성향료, 정제수, 초산, 레몬오일, 비타민E), 맥아추출분말, 비타민C, 함초소금(천일염, 통통마디추출액), 수크랄로스(감미료), 젤란검, 아세설팜칼륨(감미료), 스테비올배당체(감미료), 난각막콜라겐, 호박씨앗추출분말, 엘라스틴펩타이드, 녹차다당체분말, 밀크세라마이드, 히알루론산혼합제제(덱스트린, 히알루론산) 난류(가금류), 게, 닭고기, 우유 함유"
NEW 슈퍼시카 B5,퍼즐우드,"리포좀 시카 B5(판토텐산)(밀크세라마이드(버터유분말(독일산)), 자일리톨(감미료), 판토텐산칼슘, 비타민C, 시클로덱스트린시럽, 말티톨시럽(감미료), 니코틴산아미드, 건조효모(셀렌)(캐나다산), 비타민D3혼합제제(아라비아검, 설탕, 옥수수전분, 폴리글리세린지방산에스테르, 이산화규소, 비타민D3, 비타민E), 레시틴, 비오틴혼합제제(제이인산칼슘, 비오틴), 수크랄로스(감미료), 락토바이탈 PDRN, 병풀추출물, 어성초추출분말, 히비스커스추출혼합분말), 자일리톨(감미료), 에리스리톨(감미료), 효소처리스테비아1(감미료), 리치향, Lactiplantibacillus plantarum APSulloc 331261, 레몬과즙분말(레몬과즙(이탈리아산)), 요구르트향분말(요구르트향(이탈리아산), 요거트분말(이탈리아산)), 효소처리스테비아2(감미료), 글루코노-δ-락톤, 구연산, 탄산수소나트륨, 레몬향혼합제제(덱스트린, 레몬오일, 아라비아검, 구연산, 펙틴, 구연산삼나트륨), 제삼인삼칼슘, 수크랄로스(감미료) 우유함유 당알코올(자일리톨 36.25%, 에리스리톨 7%, 말티톨시럽 1.03%), 당알코올 함유 제품으로 과량 섭취 시 설사를 일으킬 수 있습니다."
액티브멀티팩 기획세트,퍼즐우드,"비타민C혼합제제(아스코르빈산칼슘, DL-트레오닌), 글루콘산아연, 판토텐산칼슘, 푸마르산제일철, 니코틴산아미드, 건조효모(셀렌)(캐나다산), 비타민E혼합제제(dl-α-토코페릴아세테이트, 옥테닐호박산나트륨전분, 정제수, 이산화규소), 비타민B1염산염, 비타민B2, 비타민B6염산염, 비타민D3혼합제제(비타민D3, 설탕, 아라비아검, 옥수수전분, 가공유지, 이산화규소, 비타민E), 건조효모(크롬), 황산망간, 비타민B12혼합분말(비타민B12, 덱스트린, 구연산삼나트륨, 구연산), 엽산, D-비오틴, 결정셀룰로스, 제삼인산칼슘, 펄스에너지처리녹차분말(국산), 프탈산히드록시프로필메틸셀룰로오스, 히드록시프로필메틸셀룰로스, 산화마그네슘, 스테아린산마그네슘, 혼합제제(히드록시프로필셀룰로스, 이산화규소), 옥수수전분(미국산), 스테아린산, 가교카르복시메틸셀룰로스나트륨, 카르복시메틸셀룰로오스칼슘, 글리세린지방산에스테르, 석류농축액분말, 울금추출물, 덱스트린, 혼합제제(말토덱스트린, 옥수수전분, 아라비아검, 비타민A아세테이트, 비타민E) 대두 함유"
리버프라임,퍼즐우드,"밀크씨슬추출물분말(이탈리아산), D-α-토코페롤, 비타민B1염산염, 비타민B2, 키토올리고당분말(게(베트남산)), 대두유(외국산: 아르헨티나, 미국, 브라질 등), 유당, 혼합제제(히드록시프로필메틸셀룰로스, 이소말트, 탄산칼슘, 스테아린산), 대두레시틴(고시형), 결정셀룰로오스, 밀납, 대두레시틴, 카르복시메틸셀룰로오스칼슘, 이산화규소, 스테아린산마그네슘, 치자황색소, 카카오색소 *캡슐기제- 젤라틴, 글리세린, D-소르비톨액, 안나토색소 대두, 게, 우유, 돼지고기 함유"
조이스텝 골드,퍼즐우드,"타마린드강황주정추출복합물(Tamaflexⓡ)(타마린드추출물, 강황추출물, 결정젤룰로스, 인산화규소/인도산), 건조효모(크롬), 비타민D3혼합제제(비타민D3, 아라비아검, 자당, 옥수수전분, 중쇄중성지방, 이산화규소, 비타민E), 산화아연, 결정셀룰로스, 흰버드나무추출분말(인도산), 혼합제제(히드록시프로필메틸셀룰로스, 이소말토, 탄산칼슘, 스테아린산), 가교카복시메틸셀룰로스나트륨, 치커리뿌리추출분말(벨기에산), 제삼인산칼슘, 스테아린산마그네슘, 비타민k2혼합분말, 치자황색소, 연어코연골분말, 필발열매추출분말, 구아검"
올인원 멀티팩,퍼즐우드,"정제어유(정제어유, d-토코페롤)(노르웨이산), 제이인산칼슘, 비타민C혼합제제(비타민C, 감귤껍질추출물, 쌀겨왁스), 산화마그네슘, 코엔자임Q10, 마리골드꽃추출물(인도산), 건조효모(셀렌)(캐나다산), 비타민E혼합제제(dl-α-토코페릴아 세테이트, 옥테닐호박산나트륨전분, 정제수, 이산화규소), 비타민B1염산염, 비타민B2, 산화아연, 건조효모(크롬), 푸마르산제일철, 비타민D3혼합제제(비타민D3, 아라비아검, 설탕, 옥수수전분, 가 공유지, 이산화규소, 비타민E), 니코틴산아미드, 비타민A아세테이트(비타민A아세테이트, 말토덱스트린, 옥수수전분, 아라비아검, 비타민E), 판토텐산칼슘, 비오틴혼합제제(비오틴, 제이인산칼슘), 비타민B6염산염, 글루콘산동, 황산망간, 비타민B12혼합제제(비타민B12, 말토덱스트린, 구연산삼나트륨, 구연산), 비타 민K1혼합제제(비타민K1, 아라비아검, 설탕), 엽산, 결정셀룰로오 스, 아보카도오일(멕시코산), 치커리뿌리추출물(칠레산), 히드록 시프로필메틸셀룰로오스혼합제제(히드록시프로필메틸셀룰로스, 이소말트(감미료), 탄산칼슘, 스테아린산), 히드록시프로필셀룰로스혼합제제1(히드록시프로필셀룰로스, 이산화규소), 밀납, 스테아린산마그네슘, 가교카복시메틸셀룰로스나트륨, 말토덱스트린혼합제제(말토덱스트린, 해바라기레시틴, 팜올레인유, 구아검), 대두레시틴, 히드록시프로필셀룰로스혼합제제2(히드록시프로필 셀룰로스, 이산화규소), 후추추출물, 레몬오일, 홍화황색소, 치자청색소 캡슐기제 - 젤라틴, 글리세린, 아미드펙틴, D-소비톨(감미료), 안나토색소, 카카오색소, 염화칼슘 대두, 돼지고기 함유"
트루아이 기획세트,퍼즐우드,"정제어유(정제어유, 비타민E)(칠레산), 마리골드꽃추출물(마리골드꽃추출물, 해바라기유, dl-α-토코페롤)(인도산), 헤마토코쿠스추출물(헤마토코쿠스추출물, 압착올리브유, 비타민E), 건조효모(셀렌), d-α-토코페롤, 비타민A혼합제제(유성비타민A지방산에스테르, 땅콩오일, dl-α-토코페롤), 비타민B6염산염, 밀납, 대두레시틴(인도산), 레시틴, 녹차추출물 캡슐기제 - 젤라틴, 글리세린, 프탈산히드 록시프로필메틸셀룰로오스, D-소비톨, 트리아세틴,카카오색소, 오렌지오일 대두, 땅콩, 쇠고기 함유"
조이스텝 골드,퍼즐우드,"타마린드강황주정추출복합물(Tamaflexⓡ)(타마린드추출물, 강황추출물, 결정젤룰로스, 인산화규소/인도산), 건조효모(크롬), 비타민D3혼합제제(비타민D3, 아라비아검, 자당, 옥수수전분, 중쇄중성지방, 이산화규소, 비타민E), 산화아연, 결정셀룰로스, 흰버드나무추출분말(인도산), 혼합제제(히드록시프로필메틸셀룰로스, 이소말토, 탄산칼슘, 스테아린산), 가교카복시메틸셀룰로스나트륨, 치커리뿌리추출분말(벨기에산), 제삼인산칼슘, 스테아린산마그네슘, 비타민k2혼합분말, 치자황색소, 연어코연골분말, 필발열매추출분말, 구아검"
슈퍼콜라겐 플래티넘,퍼즐우드,"AP콜라겐효소분해펩타이드, 비타민C, 히알루론산, 셀레늄혼합제제(아셀렌산나트륨, 옥수수말토덱스트린), 비타민B6염산염, 비오틴, 정제수, 저분자피쉬콜라겐펩타이드(베트남산), 자일리톨(감미료), 글루코노-δ-락톤, 효모추출물GT(중국산), 결정셀룰로스, 구연산, 제삼인산칼슘, 밀크세라마이드(유청분말(미국산)), 히드록시프로필메틸셀룰로오스혼합제제(히드록시프로필메틸셀룰로스, 이소말트(감미료), 탄산칼슘, 스테아린산), 연어추출물, 망고패션프루츠향(프로필렌글리콜, 합성향료, 트리아세틴), 치커리뿌리추출물, 펙틴, 맥아추출물분말, 스테아린산마그네슘, 병풀잎추출물분말, 가교카복시메틸셀룰로스나트륨, 마스킹향(프로필렌글리콜, 합성향료), 히드록시프로필셀룰로스 혼합제제(히드록시프로필셀룰로스, 이산화규소), 스테아린산마그네슘, 효소처리스테비아(감미료), 말토덱스트린혼합제제(말토덱스트린, 해바라기레시틴, 팜올레인유, 구아검), 스테아린산, 젤란검, L-시스테인염산염, 홍화황색소(홍화황색소, 덱스트린), 엘라스틴펩타이드, 구아검, 홍화황색소용액(정제수, 프로필렌글리콜, 홍화황색소), 녹차다당분말 우유함유"
슈퍼콜라겐 플래티넘,퍼즐우드,"AP콜라겐효소분해펩타이드, 비타민C, 히알루론산, 셀레늄혼합제제(아셀렌산나트륨, 옥수수말토덱스트린), 비타민B6염산염, 비오틴, 정제수, 저분자피쉬콜라겐펩타이드(베트남산), 자일리톨(감미료), 글루코노-δ-락톤, 효모추출물GT(중국산), 결정셀룰로스, 구연산, 제삼인산칼슘, 밀크세라마이드(유청분말(미국산)), 히드록시프로필메틸셀룰로오스혼합제제(히드록시프로필메틸셀룰로스, 이소말트(감미료), 탄산칼슘, 스테아린산), 연어추출물, 망고패션프루츠향(프로필렌글리콜, 합성향료, 트리아세틴), 치커리뿌리추출물, 펙틴, 맥아추출물분말, 스테아린산마그네슘, 병풀잎추출물분말, 가교카복시메틸셀룰로스나트륨, 마스킹향(프로필렌글리콜, 합성향료), 히드록시프로필셀룰로스 혼합제제(히드록시프로필셀룰로스, 이산화규소), 스테아린산마그네슘, 효소처리스테비아(감미료), 말토덱스트린혼합제제(말토덱스트린, 해바라기레시틴, 팜올레인유, 구아검), 스테아린산, 젤란검, L-시스테인염산염, 홍화황색소(홍화황색소, 덱스트린), 엘라스틴펩타이드, 구아검, 홍화황색소용액(정제수, 프로필렌글리콜, 홍화황색소), 녹차다당분말 우유함유"
슈퍼콜라겐 골드,퍼즐우드,"AP콜라겐효소분해펩타이드, N-아세틸글루코사민(홍게(국산)), 니코틴산아미드, 황산망간, 비오틴, 정제수, 저분자콜라겐펩타이드-타입Ⅰ, Ⅲ(베트남산), 저분자피쉬콜라겐(베트남산), 콜라겐펩타이드-SP, 구연산, 자일리톨(감미료), 콜라겐펩타이드-타입Ⅱ, 체리라임향혼합제제(프로필렌글리콜, 글리세린, 주정, 트리아세틴, 합성향료, 정제수, 초산, 레몬오일, 비타민E), 맥아추출분말, 비타민C, 함초소금(천일염, 통통마디추출액), 수크랄로스(감미료), 젤란검, 아세설팜칼륨(감미료), 스테비올배당체(감미료), 난각막콜라겐, 호박씨앗추출분말, 엘라스틴펩타이드, 녹차다당체분말, 밀크세라마이드, 히알루론산혼합제제(덱스트린, 히알루론산) 난류(가금류), 게, 닭고기, 우유 함유"
비타클렌즈,퍼즐우드,"폴리덱스트로스, 치커리뿌리추출물, 난소화성말토덱스트린(옥수수: 외국산(러시아, 헝가리, 세르비아 등)), 구연산, 비타민미네랄혼합분말(비타민C, 덱스트린, 비타민E혼합제제분말(dl-α-토코페릴아세테이트, 포도당시럽고형분, 변성전분, 이산화규소), 니코틴산아미드 , 판토텐산칼슘, 비타민A혼합제제(포도당시럽고형분, 아라비아검, 옥수수전분, 비타민A초산염, 비타민E), 비오틴혼합분말(비오틴, 덱스트린), 산화아연, 비타민D3혼합제제분말(변성전분, 설탕, 비타민C, MCT 오일, 이산화규소, dl-α-토코페릴아세테이트, 비타민D3), 황산망간, 비타민B6염산염, 비타민B2, 비타민B1염산염, 비타민B12혼합제제분말 (덱스트린, 구연산삼나트륨, 구연산, 비타민B12), 엽산), 자일리톨(감미료), 향료(오렌지향), DL-사과산, L-아르지닌, 산화마그네슘, 스테비올배당체(감미료), 향료(과채클렌즈향), 식물성DHA유지분말(네델란드산), 함초소금(천일염(국산), 퉁퉁마디추출액(국산)), 오렌지과즙분말, 야채혼합농축분말, 울금추출물분말, 프로바이오틱스분말, 수크랄로스(감미료), 구연산삼나트륨, 알긴산나트륨, 해바라기레시틴, 엽산 대두함유"
굿슬립 가바 365,퍼즐우드,"L-글루탐산발효 가바분말(국내산), 니코틴산아미드, 결정셀룰로오스, 제이인산칼슘, 히드록시프로필메틸셀룰로오스혼합제제(히드록시프로필셀룰로스, 히드록시프로필메틸셀룰로스), 목화씨유분말(경화유)(미국산), 제삼인산칼슘, L아르기닌, 타트체리농축분말(타트체리농축액(폴란드산)), 산화마그네슘, 말토덱스트린혼합제제(말토덱스트린, 해바라기레시틴, 팜올레인, 구아검)"
올인원 멀티팩,퍼즐우드,"정제어유(정제어유, d-토코페롤)(노르웨이산), 제이인산칼슘, 비타민C혼합제제(비타민C, 감귤껍질추출물, 쌀겨왁스), 산화마그네슘, 코엔자임Q10, 마리골드꽃추출물(인도산), 건조효모(셀렌)(캐나다산), 비타민E혼합제제(dl-α-토코페릴아 세테이트, 옥테닐호박산나트륨전분, 정제수, 이산화규소), 비타민B1염산염, 비타민B2, 산화아연, 건조효모(크롬), 푸마르산제일철, 비타민D3혼합제제(비타민D3, 아라비아검, 설탕, 옥수수전분, 가 공유지, 이산화규소, 비타민E), 니코틴산아미드, 비타민A아세테이트(비타민A아세테이트, 말토덱스트린, 옥수수전분, 아라비아검, 비타민E), 판토텐산칼슘, 비오틴혼합제제(비오틴, 제이인산칼슘), 비타민B6염산염, 글루콘산동, 황산망간, 비타민B12혼합제제(비타민B12, 말토덱스트린, 구연산삼나트륨, 구연산), 비타 민K1혼합제제(비타민K1, 아라비아검, 설탕), 엽산, 결정셀룰로오 스, 아보카도오일(멕시코산), 치커리뿌리추출물(칠레산), 히드록 시프로필메틸셀룰로오스혼합제제(히드록시프로필메틸셀룰로스, 이소말트(감미료), 탄산칼슘, 스테아린산), 히드록시프로필셀룰로스혼합제제1(히드록시프로필셀룰로스, 이산화규소), 밀납, 스테아린산마그네슘, 가교카복시메틸셀룰로스나트륨, 말토덱스트린혼합제제(말토덱스트린, 해바라기레시틴, 팜올레인유, 구아검), 대두레시틴, 히드록시프로필셀룰로스혼합제제2(히드록시프로필 셀룰로스, 이산화규소), 후추추출물, 레몬오일, 홍화황색소, 치자청색소 캡슐기제 - 젤라틴, 글리세린, 아미드펙틴, D-소비톨(감미료), 안나토색소, 카카오색소, 염화칼슘 대두, 돼지고기 함유"
슈퍼레티놀 30포,퍼즐우드,"리포좀 레티놀+비타민C(비타민C, 자일리톨, L-시스틴, 효소처리저분자오크라뮤신(오크라분말(중국산)), L-트레오닌, 시트러스추출분말(중국산), 판토텐산칼슘, 모링가추출물 (레티놀 5%), 말티톨시럽, 니코틴산아미드, 비타민E혼합제제분말(dl-α-토코페릴아세테이트, 옥테닐호박산나트륨전분, 정제수, 이산화규소), 비타민D혼합제제 (변성전분, 설탕, L-아스코브산나트륨, 해바라기유, 비타민E, 비타민D2), 레몬과즙분말(레몬과즙, 덱스트린, 아라비아검), 레시틴, 펄스에너지처리녹차분말, 울금추출물분말, 히알루론산), 자일리톨, 비타민C, 효소처리스테비아, 망고과즙분말(망고퓌레(필리핀산)), 향료(레몬라임향), 함초소금(천일염(국내산), 퉁퉁마디추출액(국내산)), 제삼인산칼슘, 구연산, 향료(자몽분말향), 스테아린산마그네슘, 산화마그네슘, 당류가공품"
메타그린 부스터샷 7일,퍼즐우드,"APIC대두배아열수추출물등복합물(대두배아추출물분말(대두(미국산)), L-카르니틴), 녹차추출물, 판토텐산칼슘, 비타민C, 정제수, 난소화성말토덱스트린(옥수수: 외국산(러시아, 헝가리, 세르비아 등)) ,시트러스농축액(시트러스혼합액(풋귤착즙액 국산))), 푸룬농축액, 구연산, 치커리뿌리추출물, 혼합제제(정제수, 덱스트린, 아라비아검, 유자후레바베이스, 유자향, 레몬라임향, 레몬오일, 합성향료), 구연산삼나트륨, 효소처리스테비아, 프탈산히드록시프로필메틸셀룰로오스, 목화씨유분말(경화유), 젖산칼슘, 펙틴, 함초소금, 제삼인산칼슘, 젤란검, 글리세린지방산에스테르, 구아검 대두함유"
메타그린 슬림업 다이어트 비건 기능성,퍼즐우드,"녹차추출물분말(인도산), 판토텐산칼슘, 비타민C, 치커리뿌리추출물(벨기에산), 프탈산히드록시프로필메틸셀룰로오스, 스테아린산마그네슘, 제삼인산칼슘, 글리세린초산지방산에스테르, 구아검"
슈퍼콜라겐 14입,퍼즐우드,"정제수, 저분자피쉬콜라겐펩타이드, 믹스베리농축액 (포도농축액(칠레산), 블루베리농축액(미국산)), 비오틴, 니코틴산아미드, 히알루론산, 엘라스틴펩타이드, 밀크세라마이드, 효모추출물 GT, 비타민C, AP콜라겐효소분해펩타이드, 글루코노델타락톤, 레몬농축액(이스라엘산), 구연산, 자일리톨(감미료), 연어추출물(DNA-Na), 락토바이탈 PDRN, 향료(믹스베리향), 향료(마스킹향), 향료(자몽향), 저분자콜라 겐펩타이드 타입 1,3, 콜라겐펩타이드-type II, 난각막콜라겐, 함초소금(천일염(국내산),퉁퉁마디추출액(국내산)), 젤란검, 수크랄로스(감미료), 아세설팜칼륨(감미료), 스테비올배당체(감미료), 울금추출물분말, 녹차다당분말 [난류(가금류), 닭고기, 우유 함유]"
슈퍼콜라겐 28입X2개 + 월리 우프 무드등,퍼즐우드,"정제수, 저분자피쉬콜라겐펩타이드, 믹스베리농축액 (포도농축액(칠레산), 블루베리농축액(미국산)), 비오틴, 니코틴산아미드, 히알루론산, 엘라스틴펩타이드, 밀크세라마이드, 효모추출물 GT, 비타민C, AP콜라겐효소분해펩타이드, 글루코노델타락톤, 레몬농축액(이스라엘산), 구연산, 자일리톨(감미료), 연어추출물(DNA-Na), 락토바이탈 PDRN, 향료(믹스베리향), 향료(마스킹향), 향료(자몽향), 저분자콜라 겐펩타이드 타입 1,3, 콜라겐펩타이드-type II, 난각막콜라겐, 함초소금(천일염(국내산),퉁퉁마디추출액(국내산)), 젤란검, 수크랄로스(감미료), 아세설팜칼륨(감미료), 스테비올배당체(감미료), 울금추출물분말, 녹차다당분말 [난류(가금류), 닭고기, 우유 함유]"
메타그린 슬림업 30일X3개 + 월리 뽀모도로 타이머 & 포스트카드,퍼즐우드,"녹차추출물분말(인도산), 판토텐산칼슘, 비타민C, 치커리뿌리추출물(벨기에산), 프탈산히드록시프로필메틸셀룰로오스, 스테아린산마그네슘, 제삼인산칼슘, 글리세린초산지방산에스테르, 구아검"
슈퍼레티놀 기획세트,퍼즐우드,"리포좀 레티놀+비타민C(비타민C, 자일리톨, L-시스틴, 효소처리저분자오크라뮤신(오크라분말(중국산)), L-트레오닌, 시트러스추출분말(중국산), 판토텐산칼슘, 모링가추출물 (레티놀 5%), 말티톨시럽, 니코틴산아미드, 비타민E혼합제제분말(dl-α-토코페릴아세테이트, 옥테닐호박산나트륨전분, 정제수, 이산화규소), 비타민D혼합제제 (변성전분, 설탕, L-아스코브산나트륨, 해바라기유, 비타민E, 비타민D2), 레몬과즙분말(레몬과즙, 덱스트린, 아라비아검), 레시틴, 펄스에너지처리녹차분말, 울금추출물분말, 히알루론산), 자일리톨, 비타민C, 효소처리스테비아, 망고과즙분말(망고퓌레(필리핀산)), 향료(레몬라임향), 함초소금(천일염(국내산), 퉁퉁마디추출액(국내산)), 제삼인산칼슘, 구연산, 향료(자몽분말향), 스테아린산마그네슘, 산화마그네슘, 당류가공품"
슈퍼에센셜 기획세트,퍼즐우드,"AP콜라겐효소분해펩타이드, 비타민C, 푸마르산제일철, 셀레늄혼합제제(아셀렌산나트륨, 옥수수말토덱스트린), 비타민B12혼합분말(비타민B12, 말토덱스트린, 구연산삼나트륨, 구연산), 비타민B1염산염, 니코틴산아미드, 비타민B2, 판토텐산칼슘, 비타민D3혼합제제(비타민D3, 아라비아검, 자당, 옥수수전분, 가공유지, 이산화규소, 비타민E), 비타민B6염산염, 엽산, 비오틴, 정제수, 자일리톨(감미료), 레몬농축액(이스라엘산), 결정셀룰로스, 글루코노-δ-락톤, 히드록시프로필메틸셀룰로스 혼합제제(히드록시프로필메틸셀룰로스, 이소말트(감미료), 탄산칼슘, 스테아린산), 무수구연산, 합성향료(포도향), 스테아린산마그네슘, L-시스틴, 스테아린산, 히드록시프로필메틸셀룰로스, 가교카복시메틸셀룰로스나트륨, 맥아추출분말(영국산), 말토덱스트린 혼합제제(말토덱스트린, 해바라기 레시틴, 해바라기유, 구아검), 제삼인산칼슘, 젤란검, 포도농축액(미국산), 함초소금(천일염, 퉁퉁마디추출액), 밀크세라마이드, 수크랄로스(감미료), 아세설팜칼륨(감미료), 건조효모(크롬), 산화아연, 비타민A혼합제제(말토덱스트린, 옥수수전분, 아라비아검, 비타민A 아세테이트, 비타민E), 스테비올배당체(감미료), 히알루론산, 엘라스틴펩타이드, 황산망간, 글루콘산동, 비타민E혼합제제(dl-α-토코페릴아세테이트, 옥테닐호박산나트륨전분, 정제수, 이산화규소), 녹차다당분말, 비타민K1혼합제제(아라비아검, 자당, 비타민K1) 대두, 우유 함유"
리버프라임 105일,퍼즐우드,"밀크씨슬추출물분말(이탈리아산), D-α-토코페롤, 비타민B1염산염, 비타민B2, 키토올리고당분말(게(베트남산)), 대두유(외국산: 아르헨티나, 미국, 브라질 등), 유당, 혼합제제(히드록시프로필메틸셀룰로스, 이소말트, 탄산칼슘, 스테아린산), 대두레시틴(고시형), 결정셀룰로오스, 밀납, 대두레시틴, 카르복시메틸셀룰로오스칼슘, 이산화규소, 스테아린산마그네슘, 치자황색소, 카카오색소 *캡슐기제- 젤라틴, 글리세린, D-소르비톨액, 안나토색소 대두, 게, 우유, 돼지고기 함유"
오메가케어 3입세트,퍼즐우드,"정제어유(정제어유,D-토코페롤)(노르웨이산), 밀납, 보라지유(영국산), 레몬오일, D-α-토코페롤 캡슐기제 젤라틴, 글리세린, D-소르비톨액, 카카오색소, 오징어 먹물색소 대두, 돼지고기, 오징어, 고등어 함유"
NEW 슈퍼시카 B5,퍼즐우드,"리포좀 시카 B5(판토텐산)(밀크세라마이드(버터유분말(독일산)), 자일리톨(감미료), 판토텐산칼슘, 비타민C, 시클로덱스트린시럽, 말티톨시럽(감미료), 니코틴산아미드, 건조효모(셀렌)(캐나다산), 비타민D3혼합제제(아라비아검, 설탕, 옥수수전분, 폴리글리세린지방산에스테르, 이산화규소, 비타민D3, 비타민E), 레시틴, 비오틴혼합제제(제이인산칼슘, 비오틴), 수크랄로스(감미료), 락토바이탈 PDRN, 병풀추출물, 어성초추출분말, 히비스커스추출혼합분말), 자일리톨(감미료), 에리스리톨(감미료), 효소처리스테비아1(감미료), 리치향, Lactiplantibacillus plantarum APSulloc 331261, 레몬과즙분말(레몬과즙(이탈리아산)), 요구르트향분말(요구르트향(이탈리아산), 요거트분말(이탈리아산)), 효소처리스테비아2(감미료), 글루코노-δ-락톤, 구연산, 탄산수소나트륨, 레몬향혼합제제(덱스트린, 레몬오일, 아라비아검, 구연산, 펙틴, 구연산삼나트륨), 제삼인삼칼슘, 수크랄로스(감미료) 우유함유 당알코올(자일리톨 36.25%, 에리스리톨 7%, 말티톨시럽 1.03%), 당알코올 함유 제품으로 과량 섭취 시 설사를 일으킬 수 있습니다."
메타그린 슬림업,퍼즐우드,"녹차추출물분말(인도산), 판토텐산칼슘, 비타민C, 치커리뿌리추출물(벨기에산), 프탈산히드록시프로필메틸셀룰로오스, 스테아린산마그네슘, 제삼인산칼슘, 글리세린초산지방산에스테르, 구아검"
메타그린 슬림업,퍼즐우드,"녹차추출물분말(인도산), 판토텐산칼슘, 비타민C, 치커리뿌리추출물(벨기에산), 프탈산히드록시프로필메틸셀룰로오스, 스테아린산마그네슘, 제삼인산칼슘, 글리세린초산지방산에스테르, 구아검"
메타그린 부스터샷 7일,퍼즐우드,"APIC대두배아열수추출물등복합물(대두배아추출물분말(대두(미국산)), L-카르니틴), 녹차추출물, 판토텐산칼슘, 비타민C, 정제수, 난소화성말토덱스트린(옥수수: 외국산(러시아, 헝가리, 세르비아 등)) ,시트러스농축액(시트러스혼합액(풋귤착즙액 국산))), 푸룬농축액, 구연산, 치커리뿌리추출물, 혼합제제(정제수, 덱스트린, 아라비아검, 유자후레바베이스, 유자향, 레몬라임향, 레몬오일, 합성향료), 구연산삼나트륨, 효소처리스테비아, 프탈산히드록시프로필메틸셀룰로오스, 목화씨유분말(경화유), 젖산칼슘, 펙틴, 함초소금, 제삼인산칼슘, 젤란검, 글리세린지방산에스테르, 구아검 대두함유"
메타그린 부스터샷 7일,퍼즐우드,"APIC대두배아열수추출물등복합물(대두배아추출물분말(대두(미국산)), L-카르니틴), 녹차추출물, 판토텐산칼슘, 비타민C, 정제수, 난소화성말토덱스트린(옥수수: 외국산(러시아, 헝가리, 세르비아 등)) ,시트러스농축액(시트러스혼합액(풋귤착즙액 국산))), 푸룬농축액, 구연산, 치커리뿌리추출물, 혼합제제(정제수, 덱스트린, 아라비아검, 유자후레바베이스, 유자향, 레몬라임향, 레몬오일, 합성향료), 구연산삼나트륨, 효소처리스테비아, 프탈산히드록시프로필메틸셀룰로오스, 목화씨유분말(경화유), 젖산칼슘, 펙틴, 함초소금, 제삼인산칼슘, 젤란검, 글리세린지방산에스테르, 구아검 대두함유"
메타그린 효소,퍼즐우드,"메타프로효소포뮬라{노란콩(국산), 탈지 대두(인도산), 백미, 효소식품, 기타가공품}, 락티톨 29%, 식물성크림[물엿, 식물성경화유지{코코넛오일 (외국산 : 인도네시아산, 말레이시아산, 필리핀산 등)}, 농축우유단백분말(오스트리아산), 제이인산칼륨, 제 삼인산칼슘, 정제소금, 글리세린지방산에스테르, 글리세린디아세틸주석산지방산에스테르, 탄산수소나트륨, 무지방우유], 자일리톨 9%, 오곡분말{현미, 보리, 조, 수수, 찰현미 국산}, 효소식품 1, 분리대두단백, 곡물 향혼합제제{혼합제제(덱스트린, 주정, 아라비아검, 합성향료, 프로필렌글리콜, 젖산), 덱스트린}, 6종혼합유산균, 이산화규소, 효소식품 2, 푸룬과즙분말, 귀리식이섬유, 이눌린치커리추출물, 난소화성말토덱스트린, 효소처리스테비아, 건조맥주효모, 아미노산혼합분말(L-페닐알라닌, L-로이신, L-메티오닌, L-라이신염산 염, 팔라티노스, L-이소로이신, L-발린, L-히스티딘, L-트레오닌, L-트립토판), 비타민무기질혼합제제{제이인산칼슘, 비타민C, 비타민E혼합제제(dl-α-토코페릴초산염, 변성전분, 포도당시럽분말, 이산화규소), 푸마르산제일철, 니코틴산아미드, 산화아연, 비타민A혼합제제(포도당시럽분말, 아라비아검, 옥수수전분, 비타민A아세테이트, dl-α-토코페롤), 판토텐산칼슘, 비타민B6염산염, 비타민B1염산염, 비타민B2, 엽산, 비오 틴}, 향료(천연티분말향) 우유, 대두, 밀, 메밀, 토마토 함유"
메타그린 부스터샷 7일,퍼즐우드,"APIC대두배아열수추출물등복합물(대두배아추출물분말(대두(미국산)), L-카르니틴), 녹차추출물, 판토텐산칼슘, 비타민C, 정제수, 난소화성말토덱스트린(옥수수: 외국산(러시아, 헝가리, 세르비아 등)) ,시트러스농축액(시트러스혼합액(풋귤착즙액 국산))), 푸룬농축액, 구연산, 치커리뿌리추출물, 혼합제제(정제수, 덱스트린, 아라비아검, 유자후레바베이스, 유자향, 레몬라임향, 레몬오일, 합성향료), 구연산삼나트륨, 효소처리스테비아, 프탈산히드록시프로필메틸셀룰로오스, 목화씨유분말(경화유), 젖산칼슘, 펙틴, 함초소금, 제삼인산칼슘, 젤란검, 글리세린지방산에스테르, 구아검 대두함유"
메타그린 부스터샷 7일,퍼즐우드,"APIC대두배아열수추출물등복합물(대두배아추출물분말(대두(미국산)), L-카르니틴), 녹차추출물, 판토텐산칼슘, 비타민C, 정제수, 난소화성말토덱스트린(옥수수: 외국산(러시아, 헝가리, 세르비아 등)) ,시트러스농축액(시트러스혼합액(풋귤착즙액 국산))), 푸룬농축액, 구연산, 치커리뿌리추출물, 혼합제제(정제수, 덱스트린, 아라비아검, 유자후레바베이스, 유자향, 레몬라임향, 레몬오일, 합성향료), 구연산삼나트륨, 효소처리스테비아, 프탈산히드록시프로필메틸셀룰로오스, 목화씨유분말(경화유), 젖산칼슘, 펙틴, 함초소금, 제삼인산칼슘, 젤란검, 글리세린지방산에스테르, 구아검 대두함유"
메타그린 클린티 10입,퍼즐우드,"구연산, 구연산칼륨, 용성비타민P, 향료(레몬향), 올리브잎추출물(올리브잎추출물, 말토덱스트린)(스페인산), 파인애플추출분말(인도산), 향료(복숭아향분말), 레몬농축분말(레몬농축액: 이탈리아산), 함초소금, 산화마그네슘, 수크랄로스(감미료), 아세설팜칼륨(감미료), 스테비올배당체(감미료), 레몬농축분말, 필발추출물, 구아검"
슈퍼레티놀 30포,퍼즐우드,"리포좀 레티놀+비타민C(비타민C, 자일리톨, L-시스틴, 효소처리저분자오크라뮤신(오크라분말(중국산)), L-트레오닌, 시트러스추출분말(중국산), 판토텐산칼슘, 모링가추출물 (레티놀 5%), 말티톨시럽, 니코틴산아미드, 비타민E혼합제제분말(dl-α-토코페릴아세테이트, 옥테닐호박산나트륨전분, 정제수, 이산화규소), 비타민D혼합제제 (변성전분, 설탕, L-아스코브산나트륨, 해바라기유, 비타민E, 비타민D2), 레몬과즙분말(레몬과즙, 덱스트린, 아라비아검), 레시틴, 펄스에너지처리녹차분말, 울금추출물분말, 히알루론산), 자일리톨, 비타민C, 효소처리스테비아, 망고과즙분말(망고퓌레(필리핀산)), 향료(레몬라임향), 함초소금(천일염(국내산), 퉁퉁마디추출액(국내산)), 제삼인산칼슘, 구연산, 향료(자몽분말향), 스테아린산마그네슘, 산화마그네슘, 당류가공품"
슈퍼콜라겐 28입,퍼즐우드,"정제수, 저분자피쉬콜라겐펩타이드, 믹스베리농축액 (포도농축액(칠레산), 블루베리농축액(미국산)), 비오틴, 니코틴산아미드, 히알루론산, 엘라스틴펩타이드, 밀크세라마이드, 효모추출물 GT, 비타민C, AP콜라겐효소분해펩타이드, 글루코노델타락톤, 레몬농축액(이스라엘산), 구연산, 자일리톨(감미료), 연어추출물(DNA-Na), 락토바이탈 PDRN, 향료(믹스베리향), 향료(마스킹향), 향료(자몽향), 저분자콜라 겐펩타이드 타입 1,3, 콜라겐펩타이드-type II, 난각막콜라겐, 함초소금(천일염(국내산),퉁퉁마디추출액(국내산)), 젤란검, 수크랄로스(감미료), 아세설팜칼륨(감미료), 스테비올배당체(감미료), 울금추출물분말, 녹차다당분말 [난류(가금류), 닭고기, 우유 함유]"
슈퍼에센셜 28입,퍼즐우드,"AP콜라겐효소분해펩타이드, 비타민C, 푸마르산제일철, 셀레늄혼합제제(아셀렌산나트륨, 옥수수말토덱스트린), 비타민B12혼합분말(비타민B12, 말토덱스트린, 구연산삼나트륨, 구연산), 비타민B1염산염, 니코틴산아미드, 비타민B2, 판토텐산칼슘, 비타민D3혼합제제(비타민D3, 아라비아검, 자당, 옥수수전분, 가공유지, 이산화규소, 비타민E), 비타민B6염산염, 엽산, 비오틴, 정제수, 자일리톨(감미료), 레몬농축액(이스라엘산), 결정셀룰로스, 글루코노-δ-락톤, 히드록시프로필메틸셀룰로스 혼합제제(히드록시프로필메틸셀룰로스, 이소말트(감미료), 탄산칼슘, 스테아린산), 무수구연산, 합성향료(포도향), 스테아린산마그네슘, L-시스틴, 스테아린산, 히드록시프로필메틸셀룰로스, 가교카복시메틸셀룰로스나트륨, 맥아추출분말(영국산), 말토덱스트린 혼합제제(말토덱스트린, 해바라기 레시틴, 해바라기유, 구아검), 제삼인산칼슘, 젤란검, 포도농축액(미국산), 함초소금(천일염, 퉁퉁마디추출액), 밀크세라마이드, 수크랄로스(감미료), 아세설팜칼륨(감미료), 건조효모(크롬), 산화아연, 비타민A혼합제제(말토덱스트린, 옥수수전분, 아라비아검, 비타민A 아세테이트, 비타민E), 스테비올배당체(감미료), 히알루론산, 엘라스틴펩타이드, 황산망간, 글루콘산동, 비타민E혼합제제(dl-α-토코페릴아세테이트, 옥테닐호박산나트륨전분, 정제수, 이산화규소), 녹차다당분말, 비타민K1혼합제제(아라비아검, 자당, 비타민K1) 대두, 우유 함유"
메타그린 슬림업,퍼즐우드,"녹차추출물분말(인도산), 판토텐산칼슘, 비타민C, 치커리뿌리추출물(벨기에산), 프탈산히드록시프로필메틸셀룰로오스, 스테아린산마그네슘, 제삼인산칼슘, 글리세린초산지방산에스테르, 구아검"
메타그린 골드 플러스 패밀리기획,퍼즐우드,"녹차추출물(인도산), 은행잎추출물(인도산), 바나바잎추출물(인도산), 치커리추출물, 프탈산히드록시프로필메틸셀룰로오스, 비타민C, 발효추차추출분말, 혼합제제(히드록시프로필셀룰로오스, 히드록시프로필메틸셀룰로오스), 스테아린산마그네슘, 제삼인산칼슘, 양파추출물, 글리세린지방산에스테르, 건조효모(크롬), 코엔자임Q10, 구아검, 혼합제제(덱스트린, 에틸셀룰로스, d-토코페롤, 중쇄중성지방, 비타민D3)"
메타그린 칼로리컷 젤리,퍼즐우드,"난소화성말토덱스트린(옥수수: 외국산(러시아, 헝가리, 세르비아 등)), 가르시니아캄보지아추출물(인도산), 건조효모(크롬함유), 정제수, 말티톨시럽(감미료), 곤약프로틴볼(곤약분말(중국산), 완두단백(프랑스산), 수산화칼슘), 혼합제제(로커스트콩검, 잔탄검, 포도당, 한천, 타마린드검), 구연산, 오렌지향, 자일리톨(감미료), 오렌지농축액, β-시클로덱스트린, 구연산나트륨, 스테비올배당체(감미료), 리치향, 수크랄로스(감미료), 흰강낭콩추출물분말, 알로에베라겔동결건조분말"
녹차에서 온 유산균,퍼즐우드,"올리고당혼합분말(비타민D3혼합제제(비타민D3, 덱스트린, 에틸셀룰로스, D-토코페롤, 중쇄중성지방유), 산화아연, 프락토올리고당), 프로바이오틱스(Lactiplantibacillus plantarum APsulloc331261, Bifidobacterium animalis ssp.lactis,Lacticaseibacillus rhamnosus, Bifidobacterium breve, Bifidobacterium bifidum, Lactobacillus gasseri), 자일리톨혼합분말(자일리톨, 에리스리톨, 유당혼합분말(유당(미국산), 덱스트린), 무수구연산, 청포도향혼합제제(덱스트린, 합성향료(청포도향), 아라비아검), 요거트혼합분말), 식물성크림혼합분말(말토덱스트린, 식물성크림(야자경화유(외국산))), 제삼인산칼슘, 청포도향혼합제제(덱스트린, 합성향료(청포도향), 아라비아검) ,대두, 우유 함유"
메타그린 슬림업,퍼즐우드,"녹차추출물분말(인도산), 판토텐산칼슘, 비타민C, 치커리뿌리추출물(벨기에산), 프탈산히드록시프로필메틸셀룰로오스, 스테아린산마그네슘, 제삼인산칼슘, 글리세린초산지방산에스테르, 구아검"
프로바이오틱스 골드,퍼즐우드,"프로바이오틱스(Lactiplantibacillus plantarum APsulloc331261, Lacticaseibacillus rhamnosus, Lactococcus lactis, Lacticaseibacillus casei, Bifidobacterium breve, Bi dobacterium longum, Bi dobacterium animalis ssp. lactis, Lactobacillus helveticus, Bifidobacterium bi dum, Lactobacillus acidophilus), 자일리톨혼합분말(자일리톨, 에리스리톨, 무수구연산, 요거트혼합분말(요구르트향(이탈리아산), 요거트분말(이탈리아산)), 합성향료(딸기향)), 요거트분말(요구르트향(이탈리아산), 요거트분말(이탈리아산)), 코코넛분말(말레이시아산), 효소처리스테비아, 제삼인산칼슘, 스테아린산마그네슘, 합성향료(딸기향), 프락토올리고당, 무수구연산, 차나무잎식이섬유, 녹차유산균발효농축분말(말토덱스트린, Lactiplantibacillus plantarum APsulloc331261 발효액(사균체), 옥수수전분) 대두, 우유 함유"
프로바이오틱스&이뮨,퍼즐우드,"VB6종복합코팅유산균(L.rhamnosus, L.plantarum APsulloc331261, B.breve, B.longum, B.bifidum, B.animalis ssp. lactis), 다니스코VB7종혼합유산 균(말토덱스트린, L.paracasei Lpc-37, L.plantarum Lp 115, B.animalis ssp.lactis HN019, L.acidophilus La14, B.animalis ssp. lactis BI-04, L.rhamnosus GG, L.rhamnosus HN001), 비타민D3혼합제제(비타민D3, 말토덱스 트린, 에틸셀룰로스, d-토코페롤, 중쇄중성지방), 산화아연, 자일리톨(감미료), 에리스리톨(감미료), 요구르트분말(요구르트향(이탈리아산), 요거트분말(이탈리아산)), 말토덱스트린, 코코넛분말(말레이시아산), 구연산(무수), 갈락토올리고당, 딸기향분말, 제삼인산 칼슘, 스테아린산마그네슘, 효소처리스테비아(감미료), 요거트향혼합분말, 프락토올리고당, 이눌린/치 커리추출물(벨기에산), 녹차유산균 발효농축분말(말토덱스트린, L.plantarumAPsulloc331261발효액(사균체), 옥수수전분) 대두, 우유 함유"
BEST 플로라 글로우 로즈 리퀴드 마스크 80ml,마몽드,"정제수, 부틸렌글라이콜, 글루코노락톤, 글리세린, 다이프로필렌글라이콜, 프로판다이올, 트로메타민, 판테놀, 1,2-헥산다이올, 피피지-13-데실테트라데세스-24, 폴리솔베이트80, 에틸헥실글리세린, 소듐메타포스페이트, 덱스트린, 카카오추출물, 다마스크장미꽃추출물(120 ppm), 소듐하이알루로네이트, 하이알루로닉애씨드, 하이드롤라이즈드식물성단백질(100 ppm), 프로필렌글라이콜, 토코페롤, 하이드롤라이즈드하이알루로닉애씨드, 소듐하이알루로네이트크로스폴리머, 소듐아세틸레이티드하이알루로네이트"
프로바이오틱스 세라마이드 앰플 마스크팩 23ml,마몽드,"정제수, 다이프로필렌글라이콜, 글리세린, 1,2-헥산다이올, 프로판다이올, 부틸렌글라이콜, 세테아릴올리베이트, 솔비탄올리베이트, 카보머, 트로메타민, 덱스트린, 락토바실러스발효물(600 ppm), 에틸헥실글리세린, 아데노신, 하이드록시에틸셀룰로오스, 향료, 잔탄검, 다이소듐이디티에이, 소듐하이알루로네이트, 라피노오스, 무궁화나무껍질추출물(30 ppm), 카프릴릭/카프릭트라이글리세라이드, 락토바실러스발효용해물(10 ppm), 수크로오스, 하이드로제네이티드레시틴, 하이드롤라이즈드콜라겐, 피토스테릴/옥틸도데실라우로일글루타메이트, 병풀꽃/잎/줄기추출물, 토코페롤, 세라마이드엔피(0.5 ppm), 로즈힙열매추출물, 하이드록시프로필트라이모늄하이알루로네이트, 하이드롤라이즈드하이알루로닉애씨드, 인돌아세틱애씨드, 소듐아세틸레이티드하이알루로네이트, 하이알루로닉애씨드, 소듐하이알루로네이트크로스폴리머, 하이드롤라이즈드소듐하이알루로네이트, 포타슘하이알루로네이트"
BEST 어메이징 딥 민트 클렌징밤 90ml,마몽드,"세틸에틸헥사노에이트, 아이소프로필팔미테이트, 피이지-20글리세릴트라이아이소스테아레 이트, 카프릴릭/카프릭트라이글리세라이드, 트라이에틸헥사노인, 피이지-8아이소스테아레이트, 해바 라기씨오일, 합성왁스, C9-12알케인, 정제수, 향료, 코코-카프릴레이트/카프레이트, 살리실릭애씨드, 시트릭애씨드, 글루코노락톤, 리모넨, 프로판다이올, 헥실신남알, 에탄올, 리날룰, 1,2-헥산다이올, 클로 로필린-카퍼컴플렉스, 약모밀추출물, 비니거(10ppm), 고추추출물, 병풀꽃/잎/줄기추출물, 에틸헥실 글리세린, 베타-카로틴, 다이소듐이디티에이, 토코페롤"
프로바이오틱스 세라마이드 2종 세트,마몽드,"[스킨 소프너] 정제수, 글리세린, 다이프로필렌글라이콜, 프로판다이올, 1,2-헥산다이올, 부틸렌글라이콜, 카프릴릭/카프릭트라이글리세라이드, 하이드로 제네이티드레시틴, 아크릴레이트/C10-30알킬아크릴레이트크로스폴리머, 덱스트린, 폴리쿼터늄-51, 트로메타민, 락토바실러스발효물, 에틸헥실 글리세린, 향료, 암모늄아크릴로일다이메틸타우레이트/브이피코폴리머, 다이소듐이디티에이, 아데노신, 소듐하이알루로네이트, 세라마이드엔피 (111.2 ppm), 라피노오스, 소듐스테아로일글루타메이트, 무궁화나무껍질추출물, 하이드록시프로필비스라우라마이드엠이에이(10 ppm), 하이드록 시프로필비스팔미타마이드엠이에이(10 ppm), 락토바실러스발효용해물(10 ppm), 동백나무씨오일, 녹차씨추출물, 검정콩오일, 토코페롤, 피토스 핑고신, 카놀라오일, 로즈마리잎추출물 / [에멀전] 정제수, 부틸렌글라이콜, 글리세린, 펜타에리스리틸테트라에틸헥사노에이트, 하이드로제네이티드폴리아이소부텐, 펜타에리스리틸테트 라아이소스테아레이트, 하이드로제네이티드폴리(C6-14올레핀), 비스-하이드록시에톡시프로필다이메티콘, 글리세릴스테아레이트시트레이트, 메틸트라이메티콘, 1,2-헥산다이올, 글리세릴스테아레이트, 세테아릴알코올, 하이드로제네이티드식물성오일, 피씨에이다이메티콘, 스테아릭애 씨드, 글리세릴폴리메타크릴레이트, 팔미틱애씨드, 카보머, 트로메타민, 잔탄검, 글리세릴카프릴레이트, 덱스트린, 향료, 락토바실러스발효물, 다이소듐이디티에이, 에틸헥실글리세린, 아데노신, 라피노오스, 세라마이드엔피(21.2 ppm), 무궁화나무껍질추출물, 하이드록시프로필비스라우라 마이드엠이에이(10 ppm), 하이드록시프로필비스팔미타마이드엠이에이(10 ppm), 락토바실러스발효용해물(10 ppm), 토코페롤, 동백나무씨오일, 녹차씨추출물, 검정콩오일, 피토스핑고신, 하이드로제네이티드레시틴, 카놀라오일, 로즈마리잎추출물"
에이지 컨트롤 카멜리아 앰플 마스크팩 23ml,마몽드,"정제수, 다이프로필렌글라이콜, 글리세린, 1,2-헥산다이올, 부틸렌글라이콜, 프로판다이올, 세테아릴올리베이트, 솔비탄올리베이트, 카보머, 트로메타민, 베타인, 에틸헥실글리세린, 아데노신(400ppm), 하이드록시에틸셀룰로오스, 잔탄검, 소듐하이알루로네이트, 다이소듐이디티에이, 향료, 글리세릴카프릴레이트, 동백나무꽃추출물(98ppm), 하이드롤라이즈드식물성단백질, 글루타티온(10ppm), 동백나무씨오일(10ppm), 콩폴리펩타이드, 카퍼트라이펩타이드-1, 토코페롤"
에이지 컨트롤 카멜리아 크림 50ml,마몽드,"정제수, 부틸렌글라이콜, 글리세린, 세틸에틸헥사노에이트, 하이드로제네이티드폴리아이소부텐, 1,2-헥산다이올, 세테아릴알코올, 메틸트라이메티콘, C14-22알코올, 시어버터, 스테아릭애씨드, 글리세릴폴리메타크릴레이트, 글리세릴스테아레이트, 팔미틱애씨드, 하이드록시에틸아크릴레이트/소듐아크릴로일다이메틸타우레이트코폴리머, 암모늄아크릴로일다이메틸타우레이트/베헤네스-25메타크라일레이트크로스폴리머, 아라키딜알코올, C12-20알킬글루코사이드, 동백나무씨오일(2000ppm), 소듐스테아로일글루타메이트, 향료, 스쿠알란, 베헤닐알코올, 글리세릴카프릴레이트, 아라키딜글루코사이드, 베타인, 카르노신(700ppm), 에틸헥실글리세린, 다이소듐이디티에이, 아데노신, 솔비탄아이소스테아레이트, 폴리솔베이트60, 하이드롤라이즈드식물성단백질, 엑토인, 동백나무꽃추출물(98ppm), 잔탄검, 덱스트린, 카카오추출물, 글루코오스, 글루타티온(10ppm), 콩폴리펩타이드, 카퍼트라이펩타이드-1, 토코페롤"
어메이징 딥 민트 클렌징 티슈 70매,마몽드,"정제수, 변성알코올, 부틸렌글라이콜, 1,2-헥산다이올, 피이지-6카프릴릭/카프릭글리세라이즈, 카프릴릴/카프릴글루코사이드, 피이지-8, 폴리솔베이트80, 향료, 에틸헥실글리세린, 피이지-60하이드로제네이티드캐스터오일, 소듐메타포스페이트, 글루코노락톤, 프로판다이올, 리모넨, 비니거(10ppm), 다이소듐이디티에이, 토코페롤"
프로바이오틱스 세라마이드 에멀젼 150ml,마몽드,"정제수, 부틸렌글라이콜, 글리세린, 펜타에리스리틸테트라에틸헥사노에이트, 하이드로제네이티드폴리아이소부텐, 펜타에리스리틸테트라아이소스테아레이트, 하이드로제네이티드폴리(C6-14올레핀), 비스-하이드록시에톡시프로필다이메티콘, 글리세릴스테아레이트시트레이트, 메틸트라이메티콘, 1,2-헥산다이올, 글리세릴스테아레이트, 세테아릴알코올, 하이드로제네이티드식물성오일, 피씨에이다이메티콘, 스테아릭애씨드, 글리세릴폴리메타크릴레이트, 팔미틱애씨드, 카보머, 트로메타민, 잔탄검, 글리세릴카프릴레이트, 덱스트린, 향료, 락토바실러스발효물, 다이소듐이디티에이, 에틸헥실글리세린, 아데노신, 라피노오스, 세라마이드엔피(21.2 ppm), 무궁화나무껍질추출물, 하이드록시프로필비스라우라마이드엠이에이(10 ppm), 하이드록시프로필비스팔미타마이드엠이에이(10 ppm), 락토바실러스발효용해물(10 ppm), 토코페롤, 동백나무씨오일, 녹차씨추출물, 검정콩오일, 피토스핑고신, 하이드로제네이티드레시틴, 카놀라오일, 로즈마리잎추출물"
프로바이오틱스 세라마이드 인텐스 크림 60ml,마몽드,"정제수, 부틸렌글라이콜, 글리세린, 부틸렌글라이콜다이카프릴레이트/다이카프레이트, 세틸에틸헥사노에이트, 스쿠알란, 비스-하이드록시에톡시프로필다이메티콘, 베헤닐알코올, 하이드록시프로필비스팔미타마이드엠이에이(16,000 ppm), C14-22알코올, 하이드록시프로필비스라우라마이드엠이에이(14,000 ppm), 스테아릭애씨드, 1,2-헥산다이올, 아라키딜알코올, 팔미틱애씨드, 콜레스테롤, C12-20알킬글루코사이드, 아라키딜글루코사이드, 하이드록시에틸아크릴레이트/소듐아크릴로일다이메틸타우레이트코폴리머, 암모늄아크릴로일다이메틸타우레이트/브이피코폴리머, 트로메타민, 향료, 글리세릴카프릴레이트, 덱스트린, 락토바실러스발효물, 에틸헥실글리세린, 아데노신, 다이소듐이디티에이, 솔비탄아이소스테아레이트, 라피노오스, 만니톨, 글루코오스, 미리스틱애씨드, 아라키딕애씨드, 세라마이드엔피(21.2 ppm), 무궁화나무껍질추출물, 락토바실러스발효용해물(10 ppm), 토코페롤, 동백나무씨오일, 녹차씨추출물, 검정콩오일, 프로판다이올, 피토스핑고신, 하이드로제네이티드레시틴, 아세틸테트라펩타이드-11, 병풀꽃/잎/줄기추출물, 카놀라오일, 로즈마리잎추출물"
플로라 글로우 로즈 워터 토너 500ml 500ml,마몽드,"다마스크장미꽃수(90%), 부틸렌글라이콜, 프로판다이올, 1,2-헥산다이올, 피피지-13-데실테트라데세스-24, 에틸헥실글리세린, 정제수, 카보머, 소듐메타포스페이트, 트로메타민, 알란토인, 향료, 하이드롤라이즈드식물성단백질, 토코페롤, 소듐하이알루로네이트, 하이드롤라이즈드하이알루로닉애씨드, 소듐하이알루로네이트크로스폴리머, 하이알루로닉애씨드, 소듐아세틸레이티드하이알루로네이트"
BEST 카밍 샷 아줄렌 흔적 수분 앰플 50ml,마몽드,"정제수, 글리세린, 나이아신아마이드(40,000ppm), 프로판다이올, 1,2-헥산다이올, 베타인, 실리카, 피피지-13-데실테트라데세스-24, 마트리카리아꽃수, 카프릴릭/카프릭트라이글리세라이드, 카보머, 아가, 트로메타민, 에틸헥실글리세린, 소듐메타포스페이트, 멘톡시프로판다이올, 부틸렌글라이콜, 구아이아줄렌(100ppm), 향료, 토코페롤"
4.8,마몽드,"정제수, 부틸렌글라이콜, 다이카프릴릴카보네이트, 글리세린, 메틸트라이메티콘, 나이아신아마이드, 1,2-헥산다이올, 하이드로제네이티드폴리(C6-14올레핀), 세테아릴알코올, 에탄올, 피씨에이다이메티콘, 글리세릴스테아레이트, 팔미틱애씨드, 스테아릭애씨드, 향료, 아크릴레이트/C10-30알킬아크릴레이트크로스폴리머, 트로메타민, 하이드록시에틸아크릴레이트/소듐아크릴로일다이메틸타우레이트코폴리머, 카페인, 에틸헥실글리세린, 글리세릴카프릴레이트, 하이드로제네이티드레시틴, 하이드록시프로필스타치포스페이트, 소듐메타포스페이트, 아데노신, 폴리글리세릴-3메틸글루코오스다이스테아레이트, 리모넨, 토코페롤, 리날룰, 솔비탄아이소스테아레이트, 폴리솔베이트60, 하이드록시시트로넬알, 알파-아이소메틸아이오논, 시트랄, 서양민들레뿌리줄기/뿌리추출물, 미리스틱애씨드, 라우릭애씨드, 녹차추출물"
세라마이드 아미노 폼 120g,마몽드,"정제수, 글리세린, 포타슘코코일글리시네이트, 소듐라우로일글루타메이트, 글리세릴스테아레이트, 시트릭애씨드, 라우릴하이드록시설테인, 글라이콜다이스테아레이트, 소듐코코일글라이시네이트, 코코-글루코사이드, 폴리글리세릴-10라우레이트, 하이드록시프로필스타치포스페이트, 폴리쿼터늄-10, 글리세릴카프릴레이트, 테트라소듐이디티에이, 에틸헥실글리세린, 알지닌(100ppm), 아스파틱애씨드(100ppm), 글루타믹애씨드(100ppm), 피토스테롤, 세라마이드엔피(100ppm), 토코페롤"
맨 리차징 로션 150ml,마몽드,"정제수, 부틸렌글라이콜, 글리세린, 펜타에리스리틸테트라에틸헥사노에이트, 하이드로제네이티드폴리(C6-14올레핀), 다이메티콘, 폴리글리세릴-3메틸글루코오스다이스테아레이트, 1,2-헥산다이올, 세테아릴알코올, 메틸트라이메티콘, 에탄올, 글리세릴스테아레이트, 피이지-100스테아레이트, 피이지-40스테아레이트, 실리카, 나이아신아마이드, 카보머, 향료, 다이메티콘/비닐다이메티콘크로스폴리머, 트로메타민, 카페인, 글리세릴카프릴레이트, 멘톡시프로판다이올, 소듐메타포스페이트, 에틸헥실글리세린, 리모넨, 리날룰, 토코페롤, 하이드록시시트로넬알, 알파-아이소메틸아이오논, 시트랄, 서양민들레뿌리줄기/뿌리추출물, 녹차추출물"
카밍 샷 아줄렌 앰플 마스크팩 23ml,마몽드,"정제수, 부틸렌글라이콜, 글리세린, 1,2-헥산다이올, 마트리카리아꽃수, 카보머, 나이아신아마이드, 트로메타민, 폴리글리세릴-10라우레이트, 에틸헥실글리세린, 하이드록시에틸셀룰로오스, 잔탄검, 카프릴릭/카프릭트라이글리세라이드, 향료, 알란토인, 다이소듐이디티에이, 소듐하이알루로네이트, 하이드로제네이티드레시틴,폴리글리세릴-10올리에이트, 구아이아줄렌(10ppm), 베타-글루칸, 토코페롤, 마트리카리아꽃추출물, 하이드록시프로필트라이모늄하이알루로네이트, 하이드롤라이즈드하이알루로닉애씨드, 소듐아세틸레이티드하이알루로네이트, 하이알루로닉애씨드, 소듐하이알루로네이트크로스폴리머, 하이드롤라이즈드소듐하이알루로네이트,포타슘하이알루로네이트"
프로바이오틱스 세라마이드 스킨소프너 200ml,마몽드,"정제수, 글리세린, 다이프로필렌글라이콜, 프로판다이올, 1,2-헥산다이올, 부틸렌글라이콜, 카프릴릭/카프릭트라이글리세라이드, 하이드로제네이티드레시틴, 아크릴레이트/C10-30알킬아크릴레이트크로스폴리머, 덱스트린, 폴리쿼터늄-51, 트로메타민, 락토바실러스발효물, 에틸헥실글리세린, 향료, 암모늄아크릴로일다이메틸타우레이트/브이피코폴리머, 다이소듐이디티에이, 아데노신, 소듐하이알루로네이트, 세라마이드엔피(111.2 ppm), 라피노오스, 소듐스테아로일글루타메이트, 무궁화나무껍질추출물, 하이드록시프로필비스라우라마이드엠이에이(10 ppm), 하이드록시프로필비스팔미타마이드엠이에이(10 ppm), 락토바실러스발효용해물(10 ppm), 동백나무씨오일, 녹차씨추출물, 검정콩오일, 토코페롤, 피토스핑고신, 카놀라오일, 로즈마리잎추출물"
플로라 글로우 로즈 앰플 마스크팩 23ml,마몽드,"정제수, 부틸렌글라이콜, 글리세린, 나이아신아마이드, 1,2-헥산다이올, 카보머, 트로메타민, 폴리글리세릴-10라우레이트, 에틸헥실글리세린, 소듐하이알루로네이트, 글리세릴카프릴레이트, 하이드록시에틸셀룰로오스, 잔탄검, 향료, 다이소듐이디티에이, 판테놀, 하이드롤라이즈드식물성단백질(7.5 ppm), 프로방스장미꽃추출물(5 ppm), 베타-글루칸, 병풀꽃/잎/줄기추출물, 토코페롤, 하이드록시프로필트라이모늄하이알루로네이트, 하이드롤라이즈드하이알루로닉애씨드, 소듐아세틸레이티드하이알루로네이트, 하이알루로닉애씨드, 소듐하이알루로네이트크로스폴리머, 하이드롤라이즈드소듐하이알루로네이트, 포타슘하이알루로네이트"
맨 리차징 토너 180ml,마몽드,"정제수, 변성알코올, 부틸렌글라이콜, 1,2-헥산다이올, 피이지-60하이드로제네이티드캐스터오일, 에탄올, 베타인, 향료, 카페인, 에틸헥실글리세린, 리모넨, 소듐메타포스페이트, 리날룰, 하이드록시시트로넬알, 알파-아이소메틸아이오논, 시트랄, 토코페롤, 서양민들레뿌리줄기/뿌리추출물, 녹차추출물"
에이지 컨트롤 카멜리아 에멀젼 125ml,마몽드,"정제수, 부틸렌글라이콜, 세틸에틸헥사노에이트, 글리세린, 메틸트라이메티콘, 하이드로제네이티드폴리(C6-14올레핀), C14-22알코올, 1,2-헥산다이올, 폴리글리세릴-3다이스테아레이트, 글리세릴스테아레이트, 세테아릴알코올, 하이드로제네이티드식물성오일, C12-20알킬글루코사이드, 팔미틱애씨드, 동백나무씨오일(2000ppm), 스테아릭애씨드, 카보머, 향료, 트로메타민, 글리세릴카프릴레이트, 베타인, 카르노신(700ppm), 에틸헥실글리세린, 소듐메타포스페이트, 아데노신, 글리세릴스테아레이트시트레이트, 엑토인, 동백나무꽃추출물(98ppm), 덱스트린, 카카오추출물, 하이드롤라이즈드식물성단백질, 레시틴, 잔탄검, 아마씨추출물, 글루타티온(10ppm), 콩폴리펩타이드, 토코페롤, 카퍼트라이펩타이드-1, 연꽃추출물, 다이소듐이디티에이, 매실추출물, 시트릭애씨드, 락틱애씨드"
에이지 컨트롤 카멜리아 세럼 50ml,마몽드,"정제수, 부틸렌글라이콜, 글리세린, 변성알코올, 1,2-헥산다이올, 솔비톨, 베타인, 카프릴릭/카프릭트라이글리세라이드, 메틸글루세스-20, 다이메티콘, 나이아신아마이드, 프로판다이올, 암모늄아크릴로일다이메틸타우레이트/브이피코폴리머, 말티톨, 글리세릴폴리메타크릴레이트, 에탄올, 하이드로제네이티드레시틴, 동백나무씨오일(2000ppm), 하이드로제네이티드포스파티딜콜린, 잔탄검, 향료, 콜레스테롤, 글리세릴카프릴레이트, 카르노신(700ppm), 에틸헥실글리세린, 아데노신, 베타-글루칸, 하이드롤라이즈드식물성단백질, 석류추출물, 엑토인, 동백나무꽃추출물(98ppm), 소듐메틸스테아로일타우레이트, 폴록사머235, 글루타티온(10ppm), 콩폴리펩타이드, 에피갈로카테킨갈레이트, 에톡시다이글라이콜, 토코페솔란, 폴록사머338, 카퍼트라이펩타이드-1, 토코페롤, 석류나무꽃추출물, 카프릴릴글라이콜, 다이소듐이디티에이"
어메이징 딥 민트 클렌징밤 180ml,마몽드,"세틸에틸헥사노에이트, 아이소프로필팔미테이트, 피이지-20글리세릴트라이아이소스테아레 이트, 카프릴릭/카프릭트라이글리세라이드, 트라이에틸헥사노인, 피이지-8아이소스테아레이트, 해바 라기씨오일, 합성왁스, C9-12알케인, 정제수, 향료, 코코-카프릴레이트/카프레이트, 살리실릭애씨드, 시트릭애씨드, 글루코노락톤, 리모넨, 프로판다이올, 헥실신남알, 에탄올, 리날룰, 1,2-헥산다이올, 클로 로필린-카퍼컴플렉스, 약모밀추출물, 비니거(10ppm), 고추추출물, 병풀꽃/잎/줄기추출물, 에틸헥실 글리세린, 베타-카로틴, 다이소듐이디티에이, 토코페롤"
맨 리차징 2종 세트,마몽드,"*맨 리차징 토너 : 정제수, 변성알코올, 부틸렌글라이콜, 1,2-헥산다이올, 피이지-60하이드로제네이티드캐스터오일, 에탄올, 베타인, 향료, 카페인, 에틸헥실글리세린, 리모넨, 소듐메타포스페이트, 리날룰, 하이드록시시트로넬알, 알파-아이소메틸아이오논, 시트랄, 토코페롤, 서양민들레뿌리줄기/뿌리추출물, 녹차추출물 *맨 리차징 로션 : 정제수, 부틸렌글라이콜, 글리세린, 펜타에리스리틸테트라에틸헥사노에이트, 하이드로제네이티드폴리(C6-14올레핀), 다이메티콘, 폴리글리세릴-3메틸글루코오스다이스테아레이트, 1,2-헥산다이올, 세테아릴알코올, 메틸트라이메티콘, 에탄올, 글리세릴스테아레이트, 피이지-100스테아레이트, 피이지-40스테아레이트, 실리카, 나이아신아마이드, 카보머, 향료, 다이메티콘/비닐다이메티콘크로스폴리머, 트로메타민, 카페인, 글리세릴카프릴레이트, 멘톡시프로판다이올, 소듐메타포스페이트, 에틸헥실글리세린, 리모넨, 리날룰, 토코페롤, 하이드록시시트로넬알, 알파-아이소메틸아이오논, 시트랄, 서양민들레뿌리줄기/뿌리추출물, 녹차추출물"
카밍 샷 아줄렌 크림 60ml,마몽드,"정제수, 프로판다이올, 글리세린, 페닐트라이메티콘, 나이아신아마이드(20,000ppm), 스테아릴다이메티콘, 1,2-헥산다이올, 메틸트라이메티콘, 하이드록시에틸아크릴레이트/소듐아크릴로일다이메틸타우레이트코폴리머, 피씨에이다이메티콘, 글리세릴폴리메타크릴레이트, 폴리메틸실세스퀴옥세인, 하이드로제네이티드폴리(C6-14올레핀), 아크릴레이트/C10-30알킬아크릴레이트크로스폴리머, 마트리카리아꽃수, 트로메타민, 글리세릴카프릴레이트, 에틸헥실글리세린, 소듐메타포스페이트, 솔비탄아이소스테아레이트, 부틸렌글라이콜, 소듐하이알루로네이트, 하이알루로닉애씨드, 향료, 구아이아줄렌(100ppm), 베타-글루칸, 토코페롤, 프로필렌글라이콜, 하이드롤라이즈드하이알루로닉애씨드, 소듐하이알루로네이트크로스폴리머, 소듐아세틸레이티드하이알루로네이트"
어메이징 딥 민트 클렌징폼 120ml,마몽드,"정제수, 포타슘라우레이트, 라우릴하이드록시설테인, 포타슘미리스테이트, 살리실릭애씨드, 향료, 부틸렌글라이콜, 워터민트추출물(50ppm)"
에이지 컨트롤 카멜리아 에센스 워터 150ml,마몽드,"정제수, 글리세린, 부틸렌글라이콜, 1,2-헥산다이올, 베타인, 트레할로오스, 글리세릴폴리메타크릴레이트, 피피지-13-데실테트라데세스-24, 프로판다이올, 에틸헥실글리세린, 셀룰로오스검, 카르노신(700ppm), 향료, 아데노신, 다이소듐이디티에이, 엑토인, 동백나무꽃추출물(98ppm), 베타-글루칸, 하이드롤라이즈드식물성단백질, 덱스트린, 카카오추출물, 잔탄검, 동백나무씨오일(10ppm), 글루타티온(10ppm), 콩폴리펩타이드, 토코페롤, 카퍼트라이펩타이드-1"
플로라 글로우 로즈 워터 토너 300ml,마몽드,"다마스크장미꽃수(90%), 부틸렌글라이콜, 프로판다이올, 1,2-헥산다이올, 피피지-13-데실테트라데세스-24, 에틸헥실글리세린, 정제수, 카보머, 소듐메타포스페이트, 트로메타민, 알란토인, 향료, 하이드롤라이즈드식물성단백질, 토코페롤, 소듐하이알루로네이트, 하이드롤라이즈드하이알루로닉애씨드, 소듐하이알루로네이트크로스폴리머, 하이알루로닉애씨드, 소듐아세틸레이티드하이알루로네이트"
카밍 샷 아줄렌 선크림 SPF50+PA++++ 35ml,마몽드,"정제수, 다이부틸아디페이트, 글리세린, 프로판다이올, 비스-에칠헥실옥시페놀메톡시페닐트리아진, 에칠헥실살리실레이트, 드로메트리졸트리실록산, 테레프탈릴리덴디캠퍼설포닉애씨드, 호모살레이트, 베헤닐알코올, 폴리실리콘-15, 1,2-헥산다이올, 트로메타민, 글리세릴스테아레이트에스이, 폴리아크릴레이트크로스폴리머-6, 소듐폴리아크릴로일다이메틸타우레이트, 페닐트라이메티콘, 포타슘세틸포스페이트, 카프릴릴메티콘, 나이아신아마이드, 카프릴릴글라이콜, 에틸헥실글리세린, 향료, 구아이아줄렌(100ppm), 에탄올, 마트리카리아꽃추출물, 소듐하이알루로네이트, 하이알루로닉애씨드, 토코페롤, 프로필렌글라이콜, 하이드롤라이즈드하이알루로닉애씨드, 소듐하이알루로네이트크로스폴리머, 소듐아세틸레이티드하이알루로네이트"
포어 슈링커 바쿠치올 레티놀 토너 200ml,마몽드,"정제수, 글리세린, 부틸렌글라이콜, 베타인, 글리세릴폴리메타크릴레이트, 1,2-헥산다이올, 다이메티콘, 피피지-13-데실테트라데세스-24, 에탄올, 아크릴레이트/C10-30알킬아크릴레이트크로스폴리머, 하이드로제네이티드레시틴, 트로메타민, 에틸헥실글리세린, 아데노신, 돌콩오일, 소듐메타포스페이트, 덱스트린, 잇꽃꽃추출물, 바쿠치올(100ppm）, 소듐메틸스테아로일타우레이트, 하이드롤라이즈드익스텐신, 소듐하이알루로네이트, 호호바씨오일, 폴리글리세릴-10라우레이트, 레티놀(30ppm）, 하이드롤라이즈드식물성단백질, 카카오추출물, 3-O-에틸아스코빅애씨드, 토코페롤"
플로라 글로우 로즈 스무딩 크림 50ml,마몽드,"정제수, 프로판다이올, 글리세린, 해바라기씨오일, 폴리글리세릴-3메틸글루코오스다이스테아레이트, 카프릴릭/카프릭/미리스틱/스테아릭트라이글리세라이드, 코코넛야자오일, 메틸트라이메티콘, 호호바씨오일, 1,2-헥산다이올, 글리세릴스테아레이트, 세테아릴알코올, 코코-카프릴레이트/카프레이트, 부틸렌글라이콜, 하이드록시에틸아크릴레이트/소듐아크릴로일다이메틸타우레이트코폴리머, 티타늄디옥사이드 (CI 77891), 아크릴레이트/C10-30알킬아크릴레이트크로스폴리머, 포타슘세틸포스페이트, 트로메타민, 에틸헥실글리세린, 글리세릴카프릴레이트, 소듐메타포스페이트, 다마스크장미꽃추출물(320 ppm), 솔비탄아이소스테아레이트, 소듐하이알루로네이트, 하이알루로닉애씨드, 하이드롤라이즈드식물성단백질(100 ppm), 글루코노락톤, 시트로넬올, 프로필렌글라이콜, 토코페롤, 하이드롤라이즈드하이알루로닉애씨드, 소듐하이알루로네이트크로스폴리머, 소듐아세틸레이티드하이알루로네이트"
포어 슈링커 바쿠치올 크림 60ml,마몽드,"정제수, 부틸렌글라이콜, 글리세린, 카프릴릭/카프릭트라이글리세라이드, 메틸트라이메티콘, 세테아릴알코올, 데실코코에이트, 글리세릴스테아레이트시트레이트, 펜타에리스리틸테트라에틸헥사노에이트, 1,2-헥산다이올, 판테놀, 폴리글리세릴-3메틸글루코오스다이스테아레이트, 벤토나이트, 암모늄아크릴로일다이메틸타우레이트/브이피코폴리머, 바쿠치올, 해바라기씨오일, 글리세릴카프릴레이트, 돌콩오일, 말토덱스트린, 에틸헥실글리세린, 다이소듐이디티에이, 당근추출물, 아데노신, 소듐하이알루로네이트, 레티놀, 하이드롤라이즈드식물성단백질, 사포닌, 수크로오스, 황해쑥잎오일, 베타-카로틴, 하이드롤라이즈드호밀피토플라센타추출물, 토코페롤, 풀루란, 제인, 인돌아세틱애씨드, 펙틴, 시트릭애씨드"
포어 슈링커 바쿠치올 세럼 50ml,마몽드,"정제수, 부틸렌글라이콜, 카프릴릭/카프릭트라이글리세라이드, 글리세린, 1,2-헥산다이올, 베타인, 베헤닐알코올, 젤란검,소듐클로라이드, 잔탄검, 락토바실러스발효용해물, 시트릭애씨드, 돌콩오일, 마그네슘설페이트, 소듐메타포스페이트, 에틸헥실글리세린, 아데노신, 소듐시트레이트, 레티놀, 바쿠치올(100 ppm), 하이드롤라이즈드익스텐신, 소듐하이알루로네이트, 호호바씨오일,황해쑥잎오일, 폴리글리세릴-10라우레이트,하이드롤라이즈드식물성단백질, 하이드로제네이티드레시틴, 토코페롤"
어메이징 딥 민트차콜릿 클렌징밤 90ml,마몽드,"솔베스-30테트라올리에이트, 아이소프로필팔미테이트, 에틸헥실팔미테이트, 카올린, 합성왁스, 해바라기씨오일, 트라이에틸헥사노인, 실리카다이메틸실릴레이트, C9-12알케인, 셀룰로오스, 숯가루(10,000ppm), 향료, 정제수, 코코-카프릴레이트/카프레이트, 살리실릭애씨드, 프로판다이올, 에탄올, 1,2-헥산다이올, 약모밀추출물, 비니거(10ppm), 에틸헥실글리세린, 병풀꽃/잎/줄기추출물, 시트릭애씨드, 글루코노락톤"
에이지 컨트롤 카멜리아 2종 세트,마몽드,"[에센스워터] 정제수, 글리세린, 부틸렌글라이콜, 1,2-헥산다이올, 베타인, 트레할로오스, 글리세릴폴리메타크릴레이트, 피피지-13-데실테트라데세스-24, 프로판다이올, 에틸헥실글리세린, 셀룰로오스검, 카르노신(700ppm), 향료, 아데노신, 다이소듐이디티에이, 엑토인, 동백나무꽃추출물(98ppm), 베타-글루칸, 하이드롤라이즈드식물성단백질, 덱스트린, 카카오추출물, 잔탄검, 동백나무씨오일(10ppm), 글루타티온(10ppm), 콩폴리펩타이드, 토코페롤, 카퍼트라이펩타이드-1 / [에멀젼] 정제수, 부틸렌글라이콜, 세틸에틸헥사노에이트, 글리세린, 메틸트라이메티콘, 하이드로제네이티드폴리(C6-14올레핀), C14-22알코올, 1,2-헥산다이올, 폴리글리세릴-3다이스테아레이트, 글리세릴스테아레이트, 세테아릴알코올, 하이드로제네이티드식물성오일, C12-20알킬글루코사이드, 팔미틱애씨드, 동백나무씨오일(2000ppm), 스테아릭애씨드, 카보머, 향료, 트로메타민, 글리세릴카프릴레이트, 베타인, 카르노신(700ppm), 에틸헥실글리세린, 소듐메타포스페이트, 아데노신, 글리세릴스테아레이트시트레이트, 엑토인, 동백나무꽃추출물(98ppm), 덱스트린, 카카오추출물, 하이드롤라이즈드식물성단백질, 레시틴, 잔탄검, 아마씨추출물, 글루타티온(10ppm), 콩폴리펩타이드, 토코페롤, 카퍼트라이펩타이드-1, 연꽃추출물, 다이소듐이디티에이, 매실추출물, 시트릭애씨드, 락틱애씨드 / [크림] 정제수, 부틸렌글라이콜, 글리세린, 세틸에틸헥사노에이트, 하이드로제네이티드폴리아이소부텐, 1,2-헥산다이올, 세테아릴알코올, 메틸트라이메티콘, C14-22알코올, 시어버터, 스테아릭애씨드, 글리세릴폴리메타크릴레이트, 글리세릴스테아레이트, 팔미틱애씨드, 하이드록시에틸아크릴레이트/소듐아크릴로일다이메틸타우레이트코폴리머, 암모늄아크릴로일다이메틸타우레이트/베헤네스-25메타크라일레이트크로스폴리머, 아라키딜알코올, C12-20알킬글루코사이드, 동백나무씨오일(2000ppm), 소듐스테아로일글루타메이트, 향료, 스쿠알란, 베헤닐알코올, 글리세릴카프릴레이트, 아라키딜글루코사이드, 베타인, 카르노신(700ppm), 에틸헥실글리세린, 다이소듐이디티에이, 아데노신, 솔비탄아이소스테아레이트, 폴리솔베이트60, 하이드롤라이즈드식물성단백질, 엑토인, 동백나무꽃추출물(98ppm), 잔탄검, 덱스트린, 카카오추출물, 글루코오스, 글루타티온(10ppm), 콩폴리펩타이드, 카퍼트라이펩타이드-1, 토코페롤"
어메이징 딥 민트차콜릿 팩클렌저 135g,마몽드,"정제수, 카올린, 글리세린, 소듐코코일이세티오네이트, 라우릴하이드록시설테인, 벤토나이트, 라우릴베타인, 소듐메틸코코일타우레이트, 티타늄디옥사이드 (CI 77891), 하이드레이티드실리카, 트라이하이드록시스테아린, 소듐클로라이드, 카프릴릴/카프릴글루코사이드, 1,2-헥산다이올, 글라이콜다이스테아레이트, 숯가루(3163ppm), 셀룰로오스, 만니톨, 향료, 마이크로크리스탈린셀룰로오스, 카프릴릴글라이콜, 크로뮴옥사이드그린, 세테아릴올리베이트, 에틸헥실글리세린, 라우릭애씨드, 소듐메타포스페이트, 글리세릴카프릴레이트, 솔비탄올리베이트, 시트릭애씨드, 하이드록시프로필스타치포스페이트, 옥수수전분, 프로판다이올, 리모넨, 에탄올, 살리실릭애씨드, 글루코노락톤, 하이드로제네이티드레시틴, 흑색산화철, 약모밀추출물, 비니거(10ppm), 병풀꽃/잎/줄기추출물"
플로라 글로우 로즈 틴티드 선세럼 35ml,마몽드,"정제수, 티타늄디옥사이드, 메틸트라이메티콘, 부틸렌글라이콜, 에칠헥실살리실레이트, 부틸옥틸살리실레이트, 페닐트라이메티콘, 다이아이소프로필세바케이트, 다이페닐다이메티콘, 트라이메틸실록시실리케이트, 라우릴폴리글리세릴-3폴리다이메틸실록시에틸다이메티콘, 글리세린, 다이메티콘, 나이아신아마이드, 티타늄디옥사이드 (CI 77891), 폴리글리세릴-4다이아이소스테아레이트/폴리하이드록시스테아레이트/세바케이트, 1,2-헥산다이올, 변성알코올, 향료, 알루미나, 다이스테아다이모늄헥토라이트, 소듐클로라이드, 알루미늄하이드록사이드, 폴리메틸메타크릴레이트, 스테아릭애씨드, 폴리하이드록시스테아릭애씨드, 다이아이소스테아릴말레이트, 비닐다이메티콘/메티콘실세스퀴옥세인크로스폴리머, 카프릴릴글라이콜, 레시틴, 황색산화철, 프로판다이올, 시메티콘, 에틸헥실글리세린, 글리세릴카프릴레이트, 에틸헥실팔미테이트, 아이소스테아릭애씨드, 아이소프로필미리스테이트, 시트로넬올, 폴리글리세릴-3폴리리시놀리에이트, 아데노신, 트라이에톡시카프릴릴실레인, 적색산화철, 제라니올, 실리카, 자일리톨, 알지닌, 하이드롤라이즈드식물성단백질(100 ppm), 유제놀, 시트랄, 틴옥사이드, 다마스크장미꽃추출물(20 ppm), 소듐하이알루로네이트, 하이알루로닉애씨드, 토코페롤, 프로필렌글라이콜, 하이드롤라이즈드하이알루로닉애씨드, 소듐하이알루로네이트크로스폴리머, 소듐아세틸레이티드하이알루로네이트"
좋아요,마몽드,"[포어 슈링커 바쿠치올 패드] 정제수, 메틸프로판다이올, 1,2-헥산다이올, 폴리글리세릴-10라우레이트, 부틸렌글라이콜, 버지니아풍년화수, 살비아잎추출물, 글리세레스-26, 시트릭애씨드, 레몬밤잎추출물, 버독뿌리추출물, 겨우살이잎추출물, 트레할로오스, 암모늄아크릴로일다이메틸타우레이트/브이피코폴리머, 베타인, 알란토인, 에틸헥실글리세린, 글리세릴카프릴레이트, 서양고추나물추출물, 비누풀뿌리추출물, 글리세린, 소듐파이테이트, 돌콩오일, 바쿠치올, 카프릴릭/카프릭트라이글리세라이드, 피토스테릴/옥틸도데실라우로일글루타메이트, 소듐다이라우미도글루타미드라이신, 하이드로제네이티드레시틴, 황해쑥잎오일, 레티놀, 소듐하이알루로네이트, 소듐시트레이트, 하이드롤라이즈드식물성단백질, 칡뿌리추출물, 당느릅나무뿌리추출물, 달맞이꽃추출물, 대왕송잎추출물, 세라마이드엔피 [포어 슈링커 바쿠치올 크림] 정제수, 부틸렌글라이콜, 글리세린, 카프릴릭/카프릭트라이글리세라이드, 메틸트라이메티콘, 세테아릴알코올, 데실코코에이트, 글리세릴스테아레이트시트레이트, 펜타에리스리틸테트라에틸헥사노에이트, 1,2-헥산다이올, 판테놀, 폴리글리세릴-3메틸글루코오스다이스테아레이트, 벤토나이트, 암모늄아크릴로일다이메틸타우레이트/브이피코폴리머, 바쿠치올, 해바라기씨오일, 글리세릴카프릴레이트, 돌콩오일, 말토덱스트린, 에틸헥실글리세린, 다이소듐이디티에이, 당근추출물, 아데노신, 소듐하이알루로네이트, 레티놀, 하이드롤라이즈드식물성단백질, 사포닌, 수크로오스, 황해쑥잎오일, 베타-카로틴, 하이드롤라이즈드호밀피토플라센타추출물, 토코페롤, 풀루란, 제인, 인돌아세틱애씨드, 펙틴, 시트릭애씨드"
좋아요,마몽드,"정제수, 티타늄디옥사이드, 메틸트라이메티콘, 부틸렌글라이콜, 에칠헥실살리실레이트, 부틸옥틸살리실레이트, 페닐트라이메티콘, 다이아이소프로필세바케이트, 다이페닐다이메티콘, 트라이메틸실록시실리케이트, 라우릴폴리글리세릴-3폴리다이메틸실록시에틸다이메티콘, 글리세린, 다이메티콘, 나이아신아마이드, 티타늄디옥사이드 (CI 77891), 폴리글리세릴-4다이아이소스테아레이트/폴리하이드록시스테아레이트/세바케이트, 1,2-헥산다이올, 변성알코올, 향료, 알루미나, 다이스테아다이모늄헥토라이트, 소듐클로라이드, 알루미늄하이드록사이드, 폴리메틸메타크릴레이트, 스테아릭애씨드, 폴리하이드록시스테아릭애씨드, 다이아이소스테아릴말레이트, 비닐다이메티콘/메티콘실세스퀴옥세인크로스폴리머, 카프릴릴글라이콜, 레시틴, 황색산화철, 프로판다이올, 시메티콘, 에틸헥실글리세린, 글리세릴카프릴레이트, 에틸헥실팔미테이트, 아이소스테아릭애씨드, 아이소프로필미리스테이트, 시트로넬올, 폴리글리세릴-3폴리리시놀리에이트, 아데노신, 트라이에톡시카프릴릴실레인, 적색산화철, 제라니올, 실리카, 자일리톨, 알지닌, 하이드롤라이즈드식물성단백질(100 ppm), 유제놀, 시트랄, 틴옥사이드, 다마스크장미꽃추출물(20 ppm), 소듐하이알루로네이트, 하이알루로닉애씨드, 토코페롤, 프로필렌글라이콜, 하이드롤라이즈드하이알루로닉애씨드, 소듐하이알루로네이트크로스폴리머, 소듐아세틸레이티드하이알루로네이트"
플로라글로우 로즈 볼마스크 3.5ml,마몽드,"정제수, 글루코노락톤, 글리세린, 프로판다이올, 판테놀, 다이프로필렌글라이콜, 부틸렌글라이콜, 베타인, 포타슘하이드록사이드, 1,2-헥산다이올, 트로메타민, 피피지-13-데실테트라데세스-24, 폴리솔베이트80, 에틸헥실글리세린, 나이아신아마이드, 향료, 소듐메타포스페이트, 맥아추출물, 시트로넬올, 클로렐라 프로토테코이데스추출물, 제라니올, 다마스크장미꽃추출물(20 ppm), 하이알루로닉애씨드, 하이드롤라이즈드식물성단백질(6.5 ppm), 하이드롤라이즈드익스텐신, 호호바씨오일, 하이드롤라이즈드디엔에이, 폴리글리세릴-10라우레이트, 소듐하이알루로네이트, 하이드로제네이티드레시틴, 토코페롤, 하이드롤라이즈드하이알루로닉애씨드, 카프릴릴글라이콜, 소듐하이알루로네이트크로스폴리머, 소듐아세틸레이티드하이알루로네이트"
에이지컨트롤 카멜리아 크림 50ml X2개,마몽드,"정제수, 부틸렌글라이콜, 글리세린, 세틸에틸헥사노에이트, 하이드로제네이티드폴리아이소부텐, 1,2-헥산다이올, 세테아릴알코올, 메틸트라이메티콘, C14-22알코올, 시어버터, 스테아릭애씨드, 글리세릴폴리메타크릴레이트, 글리세릴스테아레이트, 팔미틱애씨드, 하이드록시에틸아크릴레이트/소듐아크릴로일다이메틸타우레이트코폴리머, 암모늄아크릴로일다이메틸타우레이트/베헤네스-25메타크라일레이트크로스폴리머, 아라키딜알코올, C12-20알킬글루코사이드, 동백나무씨오일(2000ppm), 소듐스테아로일글루타메이트, 향료, 스쿠알란, 베헤닐알코올, 글리세릴카프릴레이트, 아라키딜글루코사이드, 베타인, 카르노신(700ppm), 에틸헥실글리세린, 다이소듐이디티에이, 아데노신, 솔비탄아이소스테아레이트, 폴리솔베이트60, 하이드롤라이즈드식물성단백질, 엑토인, 동백나무꽃추출물(98ppm), 잔탄검, 덱스트린, 카카오추출물, 글루코오스, 글루타티온(10ppm), 콩폴리펩타이드, 카퍼트라이펩타이드-1, 토코페롤"
사은품,마몽드,"정제수, 부틸렌글라이콜, 다이카프릴릴카보네이트, 글리세린, 메틸트라이메티콘, 나이아신아마이드, 1,2-헥산다이올, 하이드로제네이티드폴리(C6-14올레핀), 세테아릴알코올, 에탄올, 피씨에이다이메티콘, 글리세릴스테아레이트, 팔미틱애씨드, 스테아릭애씨드, 향료, 아크릴레이트/C10-30알킬아크릴레이트크로스폴리머, 트로메타민, 하이드록시에틸아크릴레이트/소듐아크릴로일다이메틸타우레이트코폴리머, 카페인, 에틸헥실글리세린, 글리세릴카프릴레이트, 하이드로제네이티드레시틴, 하이드록시프로필스타치포스페이트, 소듐메타포스페이트, 아데노신, 폴리글리세릴-3메틸글루코오스다이스테아레이트, 리모넨, 토코페롤, 리날룰, 솔비탄아이소스테아레이트, 폴리솔베이트60, 하이드록시시트로넬알, 알파-아이소메틸아이오논, 시트랄, 서양민들레뿌리줄기/뿌리추출물, 미리스틱애씨드, 라우릭애씨드, 녹차추출물"
카밍 샷 아줄렌 흔적 수분 앰플 50ml X2개,마몽드,"정제수, 글리세린, 나이아신아마이드(40,000ppm), 프로판다이올, 1,2-헥산다이올, 베타인, 실리카, 피피지-13-데실테트라데세스-24, 마트리카리아꽃수, 카프릴릭/카프릭트라이글리세라이드, 카보머, 아가, 트로메타민, 에틸헥실글리세린, 소듐메타포스페이트, 멘톡시프로판다이올, 부틸렌글라이콜, 구아이아줄렌(100ppm), 향료, 토코페롤"
어메이징 딥 민트 클렌징밤 90ml X2개,마몽드,"세틸에틸헥사노에이트, 아이소프로필팔미테이트, 피이지-20글리세릴트라이아이소스테아레 이트, 카프릴릭/카프릭트라이글리세라이드, 트라이에틸헥사노인, 피이지-8아이소스테아레이트, 해바 라기씨오일, 합성왁스, C9-12알케인, 정제수, 향료, 코코-카프릴레이트/카프레이트, 살리실릭애씨드, 시트릭애씨드, 글루코노락톤, 리모넨, 프로판다이올, 헥실신남알, 에탄올, 리날룰, 1,2-헥산다이올, 클로 로필린-카퍼컴플렉스, 약모밀추출물, 비니거(10ppm), 고추추출물, 병풀꽃/잎/줄기추출물, 에틸헥실 글리세린, 베타-카로틴, 다이소듐이디티에이, 토코페롤"
플로라글로우 로즈 리퀴드 마스크 80ml X2개,마몽드,"정제수, 부틸렌글라이콜, 글루코노락톤, 글리세린, 다이프로필렌글라이콜, 프로판다이올, 트로메타민, 판테놀, 1,2-헥산다이올, 피피지-13-데실테트라데세스-24, 폴리솔베이트80, 에틸헥실글리세린, 소듐메타포스페이트, 덱스트린, 카카오추출물, 다마스크장미꽃추출물(120 ppm), 소듐하이알루로네이트, 하이알루로닉애씨드, 하이드롤라이즈드식물성단백질(100 ppm), 프로필렌글라이콜, 토코페롤, 하이드롤라이즈드하이알루로닉애씨드, 소듐하이알루로네이트크로스폴리머, 소듐아세틸레이티드하이알루로네이트"
플로라글로우 로즈 하이드로겔 마스크,마몽드,"정제수, 글리세린, 아크릴레이트코폴리머, 나이아신아마이드, 다이프로필렌글라이콜,1,2-헥산다이올, 아이리쉬모스가루, 캐롭검, 트라이프로필렌글라이콜, 부틸렌글라이콜, 트레할로오스, 다이글리세린, 프로판다이올, 글루코노락톤, 수크로오스, 아가, 알진, 잔탄검, 소듐시트레이트, 포타슘클로라이드, 소듐폴리아크릴 레이트, 알란토인, 카프릴릴글라이콜, 트로메타민, 하이드로제네이티드폴리데센, 판테놀, 폴리글리세릴-10라우레이트, 에틸헥실글리세린, 아데노신, 트라이데세 스-6, 글리세릴아크릴레이트/아크릴릭애씨드코폴리머, 향료, 클로렐라 프로토테코이데스추출물, 피브이엠/엠에이코폴리머, 하이알루로닉애씨드, 하이드롤라이 즈드콜라겐, C11-13아이소알케인, 소듐하이알루로네이트, 하이드롤라이즈드하이알루로닉애씨드, 하이드록시에틸셀룰로오스, 사이아노코발아민, 하이드롤라이 즈드디엔에이, 하이드롤라이즈드식물성단백질(6.5 ppm), 다마스크장미꽃추출물(2 ppm), 토코페롤, 소듐하이알루로네이트크로스폴리머, 소듐파이테이트,소듐 디엔에이, 소듐아세틸레이티드하이알루로네이트"
플로라글로우 로즈 볼마스크 3.5ml,마몽드,"정제수, 글루코노락톤, 글리세린, 프로판다이올, 판테놀, 다이프로필렌글라이콜, 부틸렌글라이콜, 베타인, 포타슘하이드록사이드, 1,2-헥산다이올, 트로메타민, 피피지-13-데실테트라데세스-24, 폴리솔베이트80, 에틸헥실글리세린, 나이아신아마이드, 향료, 소듐메타포스페이트, 맥아추출물, 시트로넬올, 클로렐라 프로토테코이데스추출물, 제라니올, 다마스크장미꽃추출물(20 ppm), 하이알루로닉애씨드, 하이드롤라이즈드식물성단백질(6.5 ppm), 하이드롤라이즈드익스텐신, 호호바씨오일, 하이드롤라이즈드디엔에이, 폴리글리세릴-10라우레이트, 소듐하이알루로네이트, 하이드로제네이티드레시틴, 토코페롤, 하이드롤라이즈드하이알루로닉애씨드, 카프릴릴글라이콜, 소듐하이알루로네이트크로스폴리머, 소듐아세틸레이티드하이알루로네이트"
NEW 플로라글로우 로즈 슬리핑 마스크 80g,마몽드,"정제수, 글리세린, 프로판다이올, 글루코노 락톤, 부틸렌글라이콜, 다이메티콘, 판테놀, 1,2-헥산 다이올, 포타슘하이드록사이드, 폴리아크릴레이트 크로스폴리머-6, 글리세릴폴리메타크릴레이트, 피씨 에이다이메티콘, 비스-하이드록시에톡시프로필다이 메티콘, 하이드록시프로필메틸셀룰로오스스테아록 시에터, 하이드록시에틸아크릴레이트/소듐아크릴로 일다이메틸타우레이트코폴리머, 소듐폴리아크릴로 일다이메틸타우레이트, 에틸헥실글리세린, 스핑고모 나스발효추출물, 향료, 소듐메타포스페이트, 다이메 티콘올, 솔비탄아이소스테아레이트, 시트로넬올, 사이 아노코발아민, 클로렐라 프로토테코이데스추출물, 다마스크장미꽃추출물(20 ppm), 제라니올, 셀룰로 오스, 하이알루로닉애씨드, 하이드롤라이즈드식물성 단백질(6.5 ppm), 하이드롤라이즈드익스텐신, 호호 바씨오일, 하이드롤라이즈드디엔에이, 폴리글리세릴 -10라우레이트, 소듐하이알루로네이트, 토코페롤, 하이드로제네이티드레시틴, 하이드롤라이즈드하이 알루로닉애씨드, 소듐하이알루로네이트크로스폴리머, 소듐아세틸레이티드하이알루로네이트"
플로라글로우 로즈 하이드로겔 마스크,마몽드,"정제수, 글리세린, 아크릴레이트코폴리머, 나이아신아마이드, 다이프로필렌글라이콜,1,2-헥산다이올, 아이리쉬모스가루, 캐롭검, 트라이프로필렌글라이콜, 부틸렌글라이콜, 트레할로오스, 다이글리세린, 프로판다이올, 글루코노락톤, 수크로오스, 아가, 알진, 잔탄검, 소듐시트레이트, 포타슘클로라이드, 소듐폴리아크릴 레이트, 알란토인, 카프릴릴글라이콜, 트로메타민, 하이드로제네이티드폴리데센, 판테놀, 폴리글리세릴-10라우레이트, 에틸헥실글리세린, 아데노신, 트라이데세 스-6, 글리세릴아크릴레이트/아크릴릭애씨드코폴리머, 향료, 클로렐라 프로토테코이데스추출물, 피브이엠/엠에이코폴리머, 하이알루로닉애씨드, 하이드롤라이 즈드콜라겐, C11-13아이소알케인, 소듐하이알루로네이트, 하이드롤라이즈드하이알루로닉애씨드, 하이드록시에틸셀룰로오스, 사이아노코발아민, 하이드롤라이 즈드디엔에이, 하이드롤라이즈드식물성단백질(6.5 ppm), 다마스크장미꽃추출물(2 ppm), 토코페롤, 소듐하이알루로네이트크로스폴리머, 소듐파이테이트,소듐 디엔에이, 소듐아세틸레이티드하이알루로네이트"
플로라 글로우 로즈 볼마스크 3.5ml,마몽드,"정제수, 글루코노락톤, 글리세린, 프로판다이올, 판테놀, 다이프로필렌글라이콜, 부틸렌글라이콜, 베타인, 포타슘하이드록사이드, 1,2-헥산다이올, 트로메타민, 피피지-13-데실테트라데세스-24, 폴리솔베이트80, 에틸헥실글리세린, 나이아신아마이드, 향료, 소듐메타포스페이트, 맥아추출물, 시트로넬올, 클로렐라 프로토테코이데스추출물, 제라니올, 다마스크장미꽃추출물(20 ppm), 하이알루로닉애씨드, 하이드롤라이즈드식물성단백질(6.5 ppm), 하이드롤라이즈드익스텐신, 호호바씨오일, 하이드롤라이즈드디엔에이, 폴리글리세릴-10라우레이트, 소듐하이알루로네이트, 하이드로제네이티드레시틴, 토코페롤, 하이드롤라이즈드하이알루로닉애씨드, 카프릴릴글라이콜, 소듐하이알루로네이트크로스폴리머, 소듐아세틸레이티드하이알루로네이트"
NEW 오리지널 레시피 허니 모델링팩  66g,마몽드,"[1제 크림] 정제수, 규조토, 글리세린, 부틸렌글라이콜, 피이지-75, 알진, 1,2-헥산다이올, 테트라소듐파이로포스페이트, 에리스리톨, 하이드록시아세토페논, 다이소듐이디티에이, 황색산화철, 알란토인, 소듐하이알루로네이트, 향료, 꿀추출물(100ppb), 녹두씨추출물, 밀가루추출물 / [2제 세럼] 규조토, 호호바씨오일, 카놀라오일, 폴리솔베이트80, 카프릴릭/카프릭트라이글리세라이드, 피마자씨오일, 아보카도오일, 아르간커넬오일, 동백나무씨오일, 로즈힙열매오일, 칼슘설페이트, 스위트아몬드오일, 피이지-75, 테트라소듐파이로포스페이트, 1,2-헥산다이올, 에리스리톨, 트레할로오스, 자일리톨, 향료, 비타민나무열매오일"
NEW 카밍샷 아줄렌 모델링팩  66g,마몽드,"[1제 크림] 정제수, 규조토, 글리세린, 부틸렌글라이콜, 피이지-75, 알진, 1,2-헥산다이올, 에리스리톨, 트레할로오스, 자일리톨, 테트라소듐파이로포스페이트, 마트리카리아꽃수, 하이드록시아세토페논, 나이아신아마이드, 다이소듐이디티에이, 울트라마린, 향료, 알란토인, 소듐하이알루로네이트, 구아이아줄렌(20ppm), 에틸헥실글리세린 / [2제 세럼] 규조토, 호호바씨오일, 카놀라오일, 폴리솔베이트80, 카프릴릭/카프릭트라이글리세라이드, 피마자씨오일, 아보카도오일, 아르간커넬오일, 달맞이꽃오일, 녹차씨오일, 칼슘설페이트, 스위트아몬드오일, 피이지-75, 테트라소듐파이로포스페이트, 1,2-헥산다이올, 에리스리톨, 트레할로오스, 자일리톨, 티타늄디옥사이드 (CI 77891), 향료"
프로바이오틱스 세라마이드 앰플 마스크팩,마몽드,"정제수, 다이프로필렌글라이콜, 글리세린, 1,2-헥산다이올, 프로판다이올, 부틸렌글라이콜, 세테아릴올리베이트, 솔비탄올리베이트, 카보머, 트로메타민, 덱스트린, 락토바실러스발효물(600 ppm), 에틸헥실글리세린, 아데노신, 하이드록시에틸셀룰로오스, 향료, 잔탄검, 다이소듐이디티에이, 소듐하이알루로네이트, 라피노오스, 무궁화나무껍질추출물(30 ppm), 카프릴릭/카프릭트라이글리세라이드, 락토바실러스발효용해물(10 ppm), 수크로오스, 하이드로제네이티드레시틴, 하이드롤라이즈드콜라겐, 피토스테릴/옥틸도데실라우로일글루타메이트, 병풀꽃/잎/줄기추출물, 토코페롤, 세라마이드엔피(0.5 ppm), 로즈힙열매추출물, 하이드록시프로필트라이모늄하이알루로네이트, 하이드롤라이즈드하이알루로닉애씨드, 인돌아세틱애씨드, 소듐아세틸레이티드하이알루로네이트, 하이알루로닉애씨드, 소듐하이알루로네이트크로스폴리머, 하이드롤라이즈드소듐하이알루로네이트, 포타슘하이알루로네이트"
카밍 샷 아줄렌 앰플 마스크팩,마몽드,"정제수, 부틸렌글라이콜, 글리세린, 1,2-헥산다이올, 마트리카리아꽃수, 카보머, 나이아신아마이드, 트로메타민, 폴리글리세릴-10라우레이트, 에틸헥실글리세린, 하이드록시에틸셀룰로오스, 잔탄검, 카프릴릭/카프릭트라이글리세라이드, 향료, 알란토인, 다이소듐이디티에이, 소듐하이알루로네이트, 하이드로제네이티드레시틴,폴리글리세릴-10올리에이트, 구아이아줄렌(10ppm), 베타-글루칸, 토코페롤, 마트리카리아꽃추출물, 하이드록시프로필트라이모늄하이알루로네이트, 하이드롤라이즈드하이알루로닉애씨드, 소듐아세틸레이티드하이알루로네이트, 하이알루로닉애씨드, 소듐하이알루로네이트크로스폴리머, 하이드롤라이즈드소듐하이알루로네이트,포타슘하이알루로네이트"
에이지 컨트롤 카멜리아 앰플 마스크팩,마몽드,"정제수, 다이프로필렌글라이콜, 글리세린, 1,2-헥산다이올, 부틸렌글라이콜, 프로판다이올, 세테아릴올리베이트, 솔비탄올리베이트, 카보머, 트로메타민, 베타인, 에틸헥실글리세린, 아데노신(400ppm), 하이드록시에틸셀룰로오스, 잔탄검, 소듐하이알루로네이트, 다이소듐이디티에이, 향료, 글리세릴카프릴레이트, 동백나무꽃추출물(98ppm), 하이드롤라이즈드식물성단백질, 글루타티온(10ppm), 동백나무씨오일(10ppm), 콩폴리펩타이드, 카퍼트라이펩타이드-1, 토코페롤"
플로라글로우 로즈 앰플 마스크팩,마몽드,"정제수, 부틸렌글라이콜, 글리세린, 나이아신아마이드, 1,2-헥산다이올, 카보머, 트로메타민, 폴리글리세릴-10라우레이트, 에틸헥실글리세린, 소듐하이알루로네이트, 글리세릴카프릴레이트, 하이드록시에틸셀룰로오스, 잔탄검, 향료, 다이소듐이디티에이, 판테놀, 하이드롤라이즈드식물성단백질(7.5 ppm), 프로방스장미꽃추출물(5 ppm), 베타-글루칸, 병풀꽃/잎/줄기추출물, 토코페롤, 하이드록시프로필트라이모늄하이알루로네이트, 하이드롤라이즈드하이알루로닉애씨드, 소듐아세틸레이티드하이알루로네이트, 하이알루로닉애씨드, 소듐하이알루로네이트크로스폴리머, 하이드롤라이즈드소듐하이알루로네이트, 포타슘하이알루로네이트"
프로바이오틱스 세라마이드 에멀젼,마몽드,"정제수, 부틸렌글라이콜, 글리세린, 펜타에리스리틸테트라에틸헥사노에이트, 하이드로제네이티드폴리아이소부텐, 펜타에리스리틸테트라아이소스테아레이트, 하이드로제네이티드폴리(C6-14올레핀), 비스-하이드록시에톡시프로필다이메티콘, 글리세릴스테아레이트시트레이트, 메틸트라이메티콘, 1,2-헥산다이올, 글리세릴스테아레이트, 세테아릴알코올, 하이드로제네이티드식물성오일, 피씨에이다이메티콘, 스테아릭애씨드, 글리세릴폴리메타크릴레이트, 팔미틱애씨드, 카보머, 트로메타민, 잔탄검, 글리세릴카프릴레이트, 덱스트린, 향료, 락토바실러스발효물, 다이소듐이디티에이, 에틸헥실글리세린, 아데노신, 라피노오스, 세라마이드엔피(21.2 ppm), 무궁화나무껍질추출물, 하이드록시프로필비스라우라마이드엠이에이(10 ppm), 하이드록시프로필비스팔미타마이드엠이에이(10 ppm), 락토바실러스발효용해물(10 ppm), 토코페롤, 동백나무씨오일, 녹차씨추출물, 검정콩오일, 피토스핑고신, 하이드로제네이티드레시틴, 카놀라오일, 로즈마리잎추출물"
프로바이오틱스 세라마이드 스킨소프너,마몽드,"정제수, 글리세린, 다이프로필렌글라이콜, 프로판다이올, 1,2-헥산다이올, 부틸렌글라이콜, 카프릴릭/카프릭트라이글리세라이드, 하이드로제네이티드레시틴, 아크릴레이트/C10-30알킬아크릴레이트크로스폴리머, 덱스트린, 폴리쿼터늄-51, 트로메타민, 락토바실러스발효물, 에틸헥실글리세린, 향료, 암모늄아크릴로일다이메틸타우레이트/브이피코폴리머, 다이소듐이디티에이, 아데노신, 소듐하이알루로네이트, 세라마이드엔피(111.2 ppm), 라피노오스, 소듐스테아로일글루타메이트, 무궁화나무껍질추출물, 하이드록시프로필비스라우라마이드엠이에이(10 ppm), 하이드록시프로필비스팔미타마이드엠이에이(10 ppm), 락토바실러스발효용해물(10 ppm), 동백나무씨오일, 녹차씨추출물, 검정콩오일, 토코페롤, 피토스핑고신, 카놀라오일, 로즈마리잎추출물"
맨 리차징 토너,마몽드,"정제수, 변성알코올, 부틸렌글라이콜, 1,2-헥산다이올, 피이지-60하이드로제네이티드캐스터오일, 에탄올, 베타인, 향료, 카페인, 에틸헥실글리세린, 리모넨, 소듐메타포스페이트, 리날룰, 하이드록시시트로넬알, 알파-아이소메틸아이오논, 시트랄, 토코페롤, 서양민들레뿌리줄기/뿌리추출물, 녹차추출물"
에이지 컨트롤 카멜리아 크림,마몽드,"정제수, 부틸렌글라이콜, 글리세린, 세틸에틸헥사노에이트, 하이드로제네이티드폴리아이소부텐, 1,2-헥산다이올, 세테아릴알코올, 메틸트라이메티콘, C14-22알코올, 시어버터, 스테아릭애씨드, 글리세릴폴리메타크릴레이트, 글리세릴스테아레이트, 팔미틱애씨드, 하이드록시에틸아크릴레이트/소듐아크릴로일다이메틸타우레이트코폴리머, 암모늄아크릴로일다이메틸타우레이트/베헤네스-25메타크라일레이트크로스폴리머, 아라키딜알코올, C12-20알킬글루코사이드, 동백나무씨오일(2000ppm), 소듐스테아로일글루타메이트, 향료, 스쿠알란, 베헤닐알코올, 글리세릴카프릴레이트, 아라키딜글루코사이드, 베타인, 카르노신(700ppm), 에틸헥실글리세린, 다이소듐이디티에이, 아데노신, 솔비탄아이소스테아레이트, 폴리솔베이트60, 하이드롤라이즈드식물성단백질, 엑토인, 동백나무꽃추출물(98ppm), 잔탄검, 덱스트린, 카카오추출물, 글루코오스, 글루타티온(10ppm), 콩폴리펩타이드, 카퍼트라이펩타이드-1, 토코페롤"
에이지 컨트롤 카멜리아 세럼,마몽드,"정제수, 부틸렌글라이콜, 글리세린, 변성알코올, 1,2-헥산다이올, 솔비톨, 베타인, 카프릴릭/카프릭트라이글리세라이드, 메틸글루세스-20, 다이메티콘, 나이아신아마이드, 프로판다이올, 암모늄아크릴로일다이메틸타우레이트/브이피코폴리머, 말티톨, 글리세릴폴리메타크릴레이트, 에탄올, 하이드로제네이티드레시틴, 동백나무씨오일(2000ppm), 하이드로제네이티드포스파티딜콜린, 잔탄검, 향료, 콜레스테롤, 글리세릴카프릴레이트, 카르노신(700ppm), 에틸헥실글리세린, 아데노신, 베타-글루칸, 하이드롤라이즈드식물성단백질, 석류추출물, 엑토인, 동백나무꽃추출물(98ppm), 소듐메틸스테아로일타우레이트, 폴록사머235, 글루타티온(10ppm), 콩폴리펩타이드, 에피갈로카테킨갈레이트, 에톡시다이글라이콜, 토코페솔란, 폴록사머338, 카퍼트라이펩타이드-1, 토코페롤, 석류나무꽃추출물, 카프릴릴글라이콜, 다이소듐이디티에이"
카밍 샷 아줄렌 토너 300ml,마몽드,"마트리카리아꽃수, 정제수, 글리세린, 부틸렌글라이콜, 1,2-헥산다이올, 피피지-13-데실테트라데세스-24, 암모늄아크릴로일다이메틸타우레이트/브이피코폴리머, 나이아신아마이드, 에틸헥실글리세린, 소듐메타포스페이트, 소듐시트레이트, 시트릭애씨드, 구아이아줄렌(100ppm), 토코페롤"
플로라글로우 로즈 앰플 마스크팩,마몽드,"정제수, 부틸렌글라이콜, 글리세린, 나이아신아마이드, 1,2-헥산다이올, 카보머, 트로메타민, 폴리글리세릴-10라우레이트, 에틸헥실글리세린, 소듐하이알루로네이트, 글리세릴카프릴레이트, 하이드록시에틸셀룰로오스, 잔탄검, 향료, 다이소듐이디티에이, 판테놀, 하이드롤라이즈드식물성단백질(7.5 ppm), 프로방스장미꽃추출물(5 ppm), 베타-글루칸, 병풀꽃/잎/줄기추출물, 토코페롤, 하이드록시프로필트라이모늄하이알루로네이트, 하이드롤라이즈드하이알루로닉애씨드, 소듐아세틸레이티드하이알루로네이트, 하이알루로닉애씨드, 소듐하이알루로네이트크로스폴리머, 하이드롤라이즈드소듐하이알루로네이트, 포타슘하이알루로네이트"
에이지 컨트롤 카멜리아 앰플 마스크팩,마몽드,"정제수, 다이프로필렌글라이콜, 글리세린, 1,2-헥산다이올, 부틸렌글라이콜, 프로판다이올, 세테아릴올리베이트, 솔비탄올리베이트, 카보머, 트로메타민, 베타인, 에틸헥실글리세린, 아데노신(400ppm), 하이드록시에틸셀룰로오스, 잔탄검, 소듐하이알루로네이트, 다이소듐이디티에이, 향료, 글리세릴카프릴레이트, 동백나무꽃추출물(98ppm), 하이드롤라이즈드식물성단백질, 글루타티온(10ppm), 동백나무씨오일(10ppm), 콩폴리펩타이드, 카퍼트라이펩타이드-1, 토코페롤"
카밍 샷 아줄렌 앰플 마스크팩,마몽드,"정제수, 부틸렌글라이콜, 글리세린, 1,2-헥산다이올, 마트리카리아꽃수, 카보머, 나이아신아마이드, 트로메타민, 폴리글리세릴-10라우레이트, 에틸헥실글리세린, 하이드록시에틸셀룰로오스, 잔탄검, 카프릴릭/카프릭트라이글리세라이드, 향료, 알란토인, 다이소듐이디티에이, 소듐하이알루로네이트, 하이드로제네이티드레시틴,폴리글리세릴-10올리에이트, 구아이아줄렌(10ppm), 베타-글루칸, 토코페롤, 마트리카리아꽃추출물, 하이드록시프로필트라이모늄하이알루로네이트, 하이드롤라이즈드하이알루로닉애씨드, 소듐아세틸레이티드하이알루로네이트, 하이알루로닉애씨드, 소듐하이알루로네이트크로스폴리머, 하이드롤라이즈드소듐하이알루로네이트,포타슘하이알루로네이트"
프로바이오틱스 세라마이드 앰플 마스크팩,마몽드,"정제수, 다이프로필렌글라이콜, 글리세린, 1,2-헥산다이올, 프로판다이올, 부틸렌글라이콜, 세테아릴올리베이트, 솔비탄올리베이트, 카보머, 트로메타민, 덱스트린, 락토바실러스발효물(600 ppm), 에틸헥실글리세린, 아데노신, 하이드록시에틸셀룰로오스, 향료, 잔탄검, 다이소듐이디티에이, 소듐하이알루로네이트, 라피노오스, 무궁화나무껍질추출물(30 ppm), 카프릴릭/카프릭트라이글리세라이드, 락토바실러스발효용해물(10 ppm), 수크로오스, 하이드로제네이티드레시틴, 하이드롤라이즈드콜라겐, 피토스테릴/옥틸도데실라우로일글루타메이트, 병풀꽃/잎/줄기추출물, 토코페롤, 세라마이드엔피(0.5 ppm), 로즈힙열매추출물, 하이드록시프로필트라이모늄하이알루로네이트, 하이드롤라이즈드하이알루로닉애씨드, 인돌아세틱애씨드, 소듐아세틸레이티드하이알루로네이트, 하이알루로닉애씨드, 소듐하이알루로네이트크로스폴리머, 하이드롤라이즈드소듐하이알루로네이트, 포타슘하이알루로네이트"
어메이징 딥 민트 클렌징폼,마몽드,"정제수, 포타슘라우레이트, 라우릴하이드록시설테인, 포타슘미리스테이트, 살리실릭애씨드, 향료, 부틸렌글라이콜, 워터민트추출물(50ppm)"
포어 슈링커 바쿠치올 세럼 50ml,마몽드,"정제수, 부틸렌글라이콜, 카프릴릭/카프릭트라이글리세라이드, 글리세린, 1,2-헥산다이올, 베타인, 베헤닐알코올, 젤란검, 소듐클로라이드, 잔탄검, 락토바실러스발효용해물, 시트릭애씨드, 돌콩오일, 마그네슘설페이트, 소듐메타포스페이트, 에틸헥실글리세린, 아데노신, 소듐시트레이트, 레티놀, 바쿠치올, 하이드롤라이즈드익스텐신, 소듐하이알루로네이트, 호호바씨오일, 황해쑥잎오일, 폴리글리세릴-10라우레이트, 하이드롤라이즈드식물성단백질, 하이드로제네이티드레시틴, 토코페롤"
"22,400원",오설록,해당사항없음
"11,700원",오설록,내용물 중량 스틱 1포 20g 카페인 54.7mg 열량 84.76 kcal 탄수화물 16.47g 당류 13.08g
"13,300원",오설록,"총 내용량 90g(515kcal), 나트륨 170mg(9%), 탄수화물 48g(15%), 당류 24g(24%), 지방 33g(61%), 트랜스지방 0.5g 미만, 포화지방 17g(113%), 콜레스테롤 25mg(8%), 단백질 7g(13%)"
"5,400원",오설록,"총 내용량 70g(330kcal), 나트륨 320mg(16%), 탄수화물 47g(15%), 당류 19g(19%), 지방 13g(24%), 트랜스지방 0g, 포화지방 13g(87%), 콜레스테롤 0mg (0%), 단백질 5g(9%)"
"22,500원",오설록,해당사항없음
"21,850원",오설록,해당사항없음
"5,700원",오설록,"총 내용량 100g(520kcal), 나트륨 165mg(8%), 탄수화물 65g(20%), 당류 30g(30%), 지방 26g(48%), 트랜스지방 0g, 포화지방 20.2g(135%), 콜레스테롤 2.9mg(1%), 단백질 6.6g(12%)"
"12,600원",오설록,"총 내용량:100 g(495 kcal) 나트륨 435mg(22%), 탄수화물 60g(19%), 당류 25g(25%), 지방 22g(41%), 트랜스지방 0g, 포화지방 10g(67%), 콜레스테롤 7mg(2%), 단백질 14g(25%)"
"13,300원",오설록,상세페이지참고
"9,900원",오설록,해당사항없음
"5,700원",오설록,총 내용량 72 g 350 ㎉ 나트륨 180 ㎎ 9 % 탄수화물 50 g 15 % 당류 21 g 21 % 지방 15 g 28 % 트랜스지방 0 g 포화지방 8 g 53 % 콜레스테롤 15 mg 5 % 단백질 4 g 7 %
"10,450원",오설록,"총 내용량 120g(705kcal), 나트륨 75mg(4%), 탄수화물 58g(18%), 당류 48g(48%), 지방 48g(89%), 트랜스지방 0g, 포화지방 30g(200%), 콜레스테롤 15mg(5%), 단백질 10g(18%)"
"9,900원",오설록,해당사항없음
"21,600원",오설록,해당사항없음
"26,250원",오설록,해당사항없음
"11,000원",오설록,해당사항없음
"11,700원",오설록,내용물 중량 스틱 1포 20g 카페인 33.3mg 열량 8.76 kcal 탄수화물 16.28g 당류 14.31g
"27,000원",오설록,해당사항없음
"9,900원",오설록,해당사항없음
"9,900원",오설록,"총 내용량 220g (1,110kcal) 1일 영양성분 기준치에 대한 비율 (100g당) 나트륨 : 100mg (5%), 지방: 33g (61%), 탄수화물 : 56g (17%), 트랜스지방 : 0g, 당류 : 51g (51%), 포화지방 : 8g (53%), 콜레스테롤 : 10mg (3%), 단백질 : 8g (15%), 1일 영양성분 기준치에 대한  (%)은 2,000kcal 기준이므로 개인의 필요 열량에 따라 다를 수 있습니다."
"9,500원",오설록,총 내용량 80 g 440 ㎉ 나트륨 55 ㎎ 3% 지방 31 g 57% 트랜스지방 0 g 탄수화물 31 g 10% 포화지방 14 g 93% 당류 28 g 28% 단백질 10 g 18% 콜레스테롤 10 ㎎ 3%
"23,750원",오설록,
"11,700원",오설록,내용물 중량 스틱 1포 20g 카페인 26.3mg 열량 87.65 kcal 탄수화물 14.97g 당류 6.59g
"15,300원",오설록,해당사항없음
"11,000원",오설록,해당사항없음
"24,000원",오설록,해당사항없음
"24,300원",오설록,해당사항없음
"11,000원",오설록,해당사항없음
"9,900원",오설록,해당사항없음
"8,550원",오설록,상세참조
"9,900원",오설록,해당사항없음
"45,900원",오설록,해당사항없음
"13,300원",오설록,총 내용량 100 g (535 ㎉) 나트륨140 ㎎(7 %) 탄수화물48 g(15 %) 당류34 g(34 %) 지방34 g(63 %) 트랜스지방0 g 포화지방19 g( 127 %) 콜레스테롤15 mg( 5 %) 단백질9 g(16 %)
"9,900원",오설록,해당사항없음
"27,000원",오설록,해당사항없음
"12,350원",오설록,해당사항없음
"9,900원",오설록,해당사항없음
"14,850원",오설록,해당사항없음
"9,900원",오설록,해당사항없음
"17,550원",오설록,해당사항없음
"17,550원",오설록,해당사항없음
"9,900원",오설록,해당사항없음
"24,300원",오설록,해당사항없음
"8,550원",오설록,해당사항없음
"14,850원",오설록,해당사항없음
"14,850원",오설록,해당사항없음
"24,300원",오설록,해당사항없음
"9,900원",오설록,해당사항없음
"66,300원",오설록,해당사항없음
"54,400원",오설록,해당사항없음
"9,900원",오설록,해당사항없음
"14,850원",오설록,해당사항없음
"9,000원",오설록,해당사항없음
"11,000원",오설록,해당사항없음
"24,300원",오설록,해당사항없음
"9,900원",오설록,해당사항없음
"24,300원",오설록,해당사항없음
"38,000원",오설록,해당사항없음
"8,000원",오설록,해당사항없음
"17,550원",오설록,해당사항없음
"24,300원",오설록,해당사항없음
"10,450원",오설록,"총 내용량 40g (2 g x 20EA) 1개 티백(2g) 당 6.7 kcal 1티백 당 1일 영양성분 기준치에 대한 비율 나트륨 0 mg 0% 탄수화물 1.3 g 0% 당류 0mg 0% 지방 0 g 0% 트랜스지방 0 g 포화지방 0 g 0% 콜레스테롤 0 mg 0% 단백질 0.38 g 1% 1일 영양성분 기준치에 대한 비율(%)은 2,000kcal 기준이므로 개인의 필요 열량에 따라 다를 수 있습니다."
"7,200원",오설록,"1포 당 15kcal 나트륨 200mg(10%), 탄수화물 4g(1%), 당류 0g(0%), 지방0g(0%), 트랜스지방0g(0%), 포화지방0g(0%), 콜레스테롤0mg(0%), 단백질0g(0%),"
"7,200원",오설록,해당없음
"9,900원",오설록,해당사항없음
"9,900원",오설록,"총 내용량 40g (2 g x 20EA) 1개 티백(2g) 당 3.8 kcal 1티백 당 1일 영양성분 기준치에 대한 비율 나트륨 0 mg 0% 탄수화물 1 g 미만 0% 당류 0mg 0% 지방 0 g 0% 트랜스지방 0 g 포화지방 0 g 0% 콜레스테롤 0 mg 0% 단백질 0.36 g 1% 1일 영양성분 기준치에 대한 비율(%)은 2,000kcal 기준이므로 개인의 필요 열량에 따라 다를 수 있습니다."
"16,650원",오설록,해당사항없음
"13,300원",오설록,해당사항없음
"14,250원",오설록,해당사항 없음
"12,375원",오설록,해당사항없음
"93,500원",오설록,해당사항없음
"12,600원",오설록,해당사항없음
"14,850원",오설록,해당사항없음
"14,850원",오설록,해당사항없음
"7,200원",오설록,해당사항없음
"14,850원",오설록,해당사항없음
"12,375원",오설록,해당사항없음
"12,375원",오설록,해당사항없음
"14,850원",오설록,해당사항없음
"14,850원",오설록,해당사항없음
"9,900원",오설록,해당사항없음
"24,300원",오설록,해당사항없음
"14,850원",오설록,해당사항없음
"12,600원",오설록,해당사항없음
"24,300원",오설록,해당사항없음
"14,850원",오설록,해당사항없음
"24,300원",오설록,해당사항없음
"24,300원",오설록,해당사항없음
"24,300원",오설록,해당사항없음
"12,600원",오설록,해당사항없음
"127,500원",오설록,해당사항없음
"14,850원",오설록,해당사항없음
"14,850원",오설록,해당사항없음
"11,700원",오설록,내용물 중량 스틱 1포 20g 카페인 26.3mg 열량 87.65 kcal 탄수화물 14.97g 당류 6.59g
"37,800원",오설록,상세페이지참고
"39,000원",오설록,"• 오설록 제주 말차 밀크티 총 내용량 100g (20gx5개) 1개 (20g) 85kcal 나트륨 45mg 2% / 탄수화물 16g 5% / 당류 12g 12% / 지방 1.7g 3% / 트랜스지방 0g / 포화지방 1.5g 10% / 콜레스테롤 0mg 0% / 단백질 1g 2% • 오설록 얼그레이 밀크티 총 내용량 100g (20gx5개) 1개 (20g) 85kcal 나트륨 50mg 3% / 탄수화물 16g 5% / 당류 13g 13% / 지방 1g 2% / 트랜스지방 0g / 포화지방 0 8g 5% / 콜레스테롤 0mg 0% / 단백질 1.6g 3% • 오설록 제주 호지차 밀크티 총 내용량 100g (20gx5개) 1개 (20g) 85kcal 나트륨 34mg 2% / 탄수화물 16g 5% / 당류 13g 13% / 지방 1.7g 3%/트랜스지방 0g / 포화지방 1.5g 10% / 콜레스테롤 5mg 미만 1% / 단백질 1g 2% • 오설록 제주 말차 오트 블렌드 총 내용량 100g (20gx5개) 1개 (20g) 85kcal 나트륨15mg 1% / 탄수화물 16g 5% / 당류 9g 9% / 지방 2g 4% / 트랜스지방 0g / 포화지방 1.8g 12% / 콜레스테롤 0mg 단백질 1g 2% * 1일 영양성분 기준치에 대한 비율 (%)은 2,000kcal 기준이므로 개인의 필요 열량에 따라 다를 수 있습니다."
"30,000원",오설록,"[그린티딸기랑드샤] 총 내용량 90g(515kcal), 나트륨 170mg(9%), 탄수화물 48g(15%), 당류 24g(24%), 지방 33g(61%), 트랜스지방 0.5g 미만, 포화지방 17g(113%), 콜레스테롤 25mg(8%), 단백질 7g(13%) [세작] 해당사항없음 [피치 파파야 블랙티] 해당사항없음 [시그니처 얼그레이] 해당사항없음 [삼다연 제주영귤] 해당사항없음"
"9,500원",오설록,"총 내용량 120g(575kcal), 나트륨 110mg(6%), 탄수화물 75g(23%), 당류 17g(17%), 지방 22g(41%), 트랜스지방 0g,  포화지방 15g(100%), 콜레스테롤 0mg(0%), 단백질 19g(35%)"
"13,300원",오설록,"총 내용량 80g(420kcal), 나트륨 120mg(6%), 탄수화물 48g(15%), 당류 43g(43%), 지방 23g(43%), 트랜스지방 0g, 포화지방 17g(113%), 콜레스테롤 5mg 미만 (1%), 단백질 5g(9%)"
"11,700원",오설록,"1개(20g)당 85kca 나트륨35mg 2%, 탄수화물 16g 5%, 당류 13g 13%, 지방 1,7g 3%, 트랜스지방 0g, 포화지방 1.5g 10%, 콜레스테롤 5mg 미만 1% 단백질 1g 2% *1일 영양성분 기준치에 대한 비율(%)은 2,000kcal 기준이므로 개인의 필요 열량에 따라 다를 수 있습니다."
"11,700원",오설록,"1개(20g)당 58kcal 나트륨 15mg 1%, 탄수화물 16g 5%, 당류 9g 9%, 지방 2g 4%, 트랜스지방 0g, 포화지방 1.8g 12%, 콜레스테롤 0mg 0%, 단백질 1g 2% *1일 영양성분 기준치에 대한 비율(%)은 2,000kcal 기준이므로 개인의 필요 열량에 따라 다를 수 있습니다."
"11,000원",오설록,해당사항없음
"15,200원",오설록,
"19,800원",오설록,"총 내용량 220g (1,110kcal) 1일 영양성분 기준치에 대한 비율 (100g당) 나트륨 : 100mg (5%), 지방: 33g (61%), 탄수화물 : 56g (17%), 트랜스지방 : 0g, 당류 : 51g (51%), 포화지방 : 8g (53%), 콜레스테롤 : 10mg (3%), 단백질 : 8g (15%), 1일 영양성분 기준치에 대한  (%)은 2,000kcal 기준이므로 개인의 필요 열량에 따라 다를 수 있습니다."
"15,200원",오설록,해당사항없음
함빛/청아/흑운/민감 샴푸&컨디셔너 480ml,려,"정제수, 소듐C14-16올레핀설포네이트, 코카미도프로필베타인, 소듐클로라이드, 다이소듐라우레스설포석시네이트, 다이메티콘, 라우릴글루코사이드, 향료, 시트릭애씨드, 솔비톨, 카페인, 구아하이드록시프로필트라이모늄클로라이드, 세틸알코올, 소듐코코암포아세테이트, 카프릴릭/카프릭트라이글리세라이드, 트라이하이드록시스테아린, 말티톨, 소듐벤조에이트, 다이프로필렌글라이콜, 소듐살리실레이트, 소듐시트레이트, 소듐메타포스페이트, 다이카프릴릴에터, 폴리쿼터늄-7, 벤질살리실레이트, 리날룰, 클림바졸, 에틸헥실글리세린, 벤질벤조에이트, 헥실신남알, 라우레스-23, 라우레스-3, 글리세릴스테아레이트, 시트로넬올, 리모넨, 글리세린, 카프릴릴글라이콜, 카보머, 부틸렌글라이콜, 데하이드로아세틱애씨드, 테트라소듐이디티에이, 에탄올, 하이드롤라이즈드익스텐신, 덱스트린, 알지닌, 포도씨오일, 인삼추출물, 1,2-헥산다이올, 생강추출물, 락틱애씨드, 다마스크장미꽃추출물, 프로판다이올, 석류추출물, 마카다미아씨오일, 토코페롤, 소듐하이알루로네이트, 하이드롤라이즈드하이알루로닉애씨드, 올레익애씨드, 소듐하이알루로네이트크로스폴리머, 하이알루로닉애씨드, 호호바씨오일, 하이드록시프로필비스팔미타마이드엠이에이, 콜레스테롤, 동백나무씨오일, 티트리잎오일, 녹차씨오일, 스테아릭애씨드, 리놀레익애씨드, 스페인감초뿌리추출물, 자일리틸글루코사이드, 석류나무꽃추출물, 안하이드로자일리톨, 소듐아세틸레이티드하이알루로네이트, 자일리톨"
루트젠 탈모증상전문케어 두피 에센스 80ml,려,"정제수, 변성알코올, 실리카, 녹차추출물, 마트리카리아꽃수, 카보머, 트로메타민, 글리세린, 향료, 멘톨, 다이소듐이디티에이, 리모넨, 부틸렌글라이콜, 피록톤올아민, 프로판다이올, 인삼뿌리세포추출물, 1,2-헥산다이올, 에탄올, 동백나무씨오일, 녹차씨오일, 콩폴리펩타이드, 라벤더오일, 로즈마리잎오일, 베르가모트오일, 생강추출물, 동백나무꽃추출물, 인삼전초추출물, 다마스크장미꽃추출물, 병풀꽃/잎/줄기추출물, 에틸헥실글리세린, 검정콩오일, 검정콩추출물, 세라마이드엔피, 피토스핑고신, 하이드로제네이티드레시틴, 카놀라오일, 로즈마리잎추출물"
두피 편한 검은콩 염색 120g,려,"1제: 정제수, 카프릴릭/카프릭트라이글리세라이드, 글리세린, 스테아릴알코올, 에탄올아민, 세틸알코올, 황산톨루엔-2,5-디아민, 글리세릴스테아레이트, 폴리글리세릴-10스테아레이트, 베헨트라이모늄클로라이드, 레조시놀, 세틸에스터, 코코넛야자오일, 하이드록시프로필스타치포스페이트, 다이프로필렌글라이콜, 에리소빅애씨드, 폴리쿼터늄-6, 소듐설파이트, 프로판다이올, N,N-비스(2-히드록시에틸)-p-페닐렌디아민설페이트, 염산2,4-디아미노페녹시에탄올, M-아미노페놀, 트라이소듐에이치이디티에이, 검정콩추출물(100ppm), 호호바씨오일, 1,2-헥산다이올, 부틸렌글라이콜, 병풀꽃/잎/줄기추출물, 검정콩오일(0.948ppm), 에틸헥실글리세린, 페녹시에탄올, 다이소듐이디티에이, 세라마이드엔피, 알로에베라잎추출물, 피토스핑고신, 하이드로제네이티드레시틴, 카놀라오일, 로즈마리잎추출물 / 2제:정제수, 세테아릴알코올, 하이드로젠퍼옥사이드, 스테아레스-21, 글라이콜다이스테아레이트, 세테아레스-30, 소듐스타네이트, 포스포릭애씨드, 소듐포스페이트, 소듐라우릴설페이트, 에티드로닉애씨드"
자양윤모 9ex 탈모증상전문케어 샴푸 400ml,려,"정제수, 소듐라우레스설페이트, 암모늄라우릴설페이트, 글리세린, 코카마이드메틸엠이에이, 향료, 다이소듐라우레스설포석시네이트, 라우릴하이드록시설테인, 카페인, 피피지-3카프릴릴에터, 변성알코올, 페녹시에탄올, 소듐벤조에이트, 세틸알코올, 멘톨, 구아하이드록시프로필트라이모늄클로라이드, 시트릭애씨드, 소듐살리실레이트, 카프릴릭/카프릭트라이글리세라이드, 트라이하이드록시스테아린, 소듐시트레이트, 다이카프릴릴에터, 테트라소듐이디티에이, 부틸렌글라이콜, 맥아추출물, 다이소듐이디티에이, 리날룰, 피이지-45M, 글리세릴스테아레이트, 콘민트잎추출물, 벤질살리실레이트, 헥실신남알, 벤질벤조에이트, 제라니올, 알파-아이소메틸아이오논, 하이드롤라이즈드옥수수전분, 카프릴릴글라이콜, 소나무잎추출물, 에탄올, 1,2-헥산다이올, 데하이드로아세틱애씨드, 인삼전초추출물, 인삼추출물, 실리카, 생강추출물, 에틸헥실글리세린, 토코페롤, 쌀추출물, 띠뿌리추출물, 황금추출물, 참깨추출물, 인동덩굴꽃추출물, 포트마리골드꽃추출물, 남가새열매추출물, 동백나무씨오일, 녹차씨오일, 피이지-150펜타에리스리틸테트라스테아레이트, 피피지-2하이드록시에틸코카마이드, 하수오뿌리추출물"
루트젠 여성 맞춤 탈모증상전문케어 샴푸 515ml,려,"정제수, 다이소듐라우레스설포석시네이트, 포타슘코코일글리시네이트, 소듐C14-16올레핀설포네이트, 코카미도프로필베타인, 솔비톨, 코카마이드메틸엠이에이, 향료, 소듐클로라이드, 말티톨, 코코-글루코사이드, 카페인, 피피지-3카프릴릴에터, 리모넨, 데실글루코사이드, 소듐살리실레이트, 시트릭애씨드, 세틸알코올, 멘톨, 소이아미도프로필아민옥사이드, 구아하이드록시프로필트라이모늄클로라이드, 글리세린, 마트리카리아꽃수, 카프릴릴글라이콜, 폴리쿼터늄-10, 소듐시트레이트, 카프릴릭/카프릭트라이글리세라이드, 트라이하이드록시스테아린, 다이카프릴릴에터, 폴리쿼터늄-22, 소듐메타포스페이트, 프로판다이올, 변성알코올, 소듐벤조에이트, 에틸헥실글리세린, 글리세릴스테아레이트, 부틸렌글라이콜, 테트라소듐이디티에이, 측백나무씨추출물, 1,2-헥산다이올, 인삼뿌리세포추출물, 데하이드로아세틱애씨드, 에탄올, 검정콩추출물, 석류추출물, 라벤더오일, 동백나무씨오일, 녹차씨오일, 콩폴리펩타이드, 인삼전초추출물, 로즈마리잎오일, 베르가모트오일, 국화추출물, 생강추출물, 덱스트린, 사이클로덱스트린, 다마스크장미꽃추출물, 병풀꽃/잎/줄기추출물, 하이드록시프로필사이클로덱스트린, 검정콩오일, 다이소듐이디티에이, 바위손추출물, 토코페롤, 알지닌, 세라마이드엔피, 로즈힙꽃오일, 라임전초오일, 라즈베리씨오일, 크랜베리씨오일, 피토스핑고신, 하이드로제네이티드레시틴, 카놀라오일, 로즈마리잎추출물"
헤어쿠션  7g,려,"흑색산화철, 마이카, 폴리메틸실세스퀴옥세인, 황색산화철, 적색산화철, 메티콘, 다이메티콘, 정제수, 측백나무씨추출물, 동백나무씨오일, 에탄올, 부틸렌글라이콜, 녹차추출물, 천궁뿌리추출물, 페녹시에탄올, 에틸헥실글리세린"
루트젠 여성 맞춤 탈모증상전문케어 샴푸 리필팩 400ml,려,"정제수, 다이소듐라우레스설포석시네이트, 포타슘코코일글리시네이트, 소듐C14-16올레핀설포네이트, 코카미도프로필베타인, 솔비톨, 코카마이드메틸엠이에이, 향료, 소듐클로라이드, 말티톨, 코코-글루코사이드, 카페인, 피피지-3카프릴릴에터, 리모넨, 데실글루코사이드, 소듐살리실레이트, 시트릭애씨드, 세틸알코올, 멘톨, 소이아미도프로필아민옥사이드, 구아하이드록시프로필트라이모늄클로라이드, 글리세린, 마트리카리아꽃수, 카프릴릴글라이콜, 폴리쿼터늄-10, 소듐시트레이트, 카프릴릭/카프릭트라이글리세라이드, 트라이하이드록시스테아린, 다이카프릴릴에터, 폴리쿼터늄-22, 소듐메타포스페이트, 프로판다이올, 변성알코올, 소듐벤조에이트, 에틸헥실글리세린, 글리세릴스테아레이트, 부틸렌글라이콜, 테트라소듐이디티에이, 측백나무씨추출물, 1,2-헥산다이올, 인삼뿌리세포추출물, 데하이드로아세틱애씨드, 에탄올, 검정콩추출물, 석류추출물, 라벤더오일, 동백나무씨오일, 녹차씨오일, 콩폴리펩타이드, 인삼전초추출물, 로즈마리잎오일, 베르가모트오일, 국화추출물, 생강추출물, 덱스트린, 사이클로덱스트린, 다마스크장미꽃추출물, 병풀꽃/잎/줄기추출물, 하이드록시프로필사이클로덱스트린, 검정콩오일, 다이소듐이디티에이, 바위손추출물, 토코페롤, 알지닌, 세라마이드엔피, 로즈힙꽃오일, 라임전초오일, 라즈베리씨오일, 크랜베리씨오일, 피토스핑고신, 하이드로제네이티드레시틴, 카놀라오일, 로즈마리잎추출물"
댄트롤 비듬샴푸 박하/멘톨/애플 820ml,려,"정제수, 소듐라우레스설페이트, 암모늄라우릴설페이트, 향료, 다이메티콘, 소듐클로라이드, 소듐벤조에이트, 페녹시에탄올, 멘톨, 클림바졸, 라우릭애씨드, 세틸알코올, 구아하이드록시프로필트라이모늄클로라이드, 코카마이드엠이에이, 소듐살리실레이트, 시트릭애씨드, 트라이하이드록시스테아린, 해수, 다이프로필렌글라이콜, 소듐시트레이트, 테트라소듐이디티에이, 다이소듐이디티에이, 맥아추출물, 라우레스-23, 라우레스-3, 리모넨, 판테놀, 씨솔트(100 ppm), 프로판다이올, 카보머, 1,2-헥산다이올, 부틸렌글라이콜, 락틱애씨드, 에틸헥실글리세린, 콘민트추출물(0.2 ppm)*, 에탄올*박하추출물"
루트젠 남성 맞춤 탈모증상전문케어 샴푸 515ml,려,"정제수, 코카미도프로필베타인, 포타슘코코일글리시네이트, 라우릴하이드록시설테인, 카프릴릴/카프릴글루코사이드, 소듐C14-16올레핀설포네이트, 소듐클로라이드, 향료, 다이소듐라우레스설포석시네이트, 멘톨, 카페인, 소듐살리실레이트, 폴리쿼터늄-22, 시트릭애씨드, 세틸알코올, 카프릴릴글라이콜, 카프릴릭/카프릭트라이글리세라이드, 트라이하이드록시스테아린, 클림바졸, 소듐벤조에이트, 해수, 다이프로필렌글라이콜, 소듐시트레이트, 소듐메타포스페이트, 다이카프릴릴에터, 부틸렌글라이콜, 에틸헥실글리세린, 글리세릴스테아레이트, 구아하이드록시프로필트라이모늄클로라이드, 콘민트잎추출물, 테트라소듐이디티에이, 글리세린, 측백나무씨추출물, 프로판다이올, 에탄올, 인삼뿌리세포추출물, 1,2-헥산다이올, 황금추출물, 데하이드로아세틱애씨드, 효모/보리씨발효여과물, 씨솔트, 동백나무씨오일, 페퍼민트오일, 티트리잎오일, 살리실릭애씨드, 녹차씨오일, 유칼립투스잎오일, 인삼전초추출물, 산수유열매추출물, 생강추출물, 하벌레아 로도펜시스잎추출물, 검정콩오일, 토코페롤, 세라마이드엔피, 다이소듐이디티에이, 피토스핑고신, 하이드로제네이티드레시틴, 호프추출물, 카놀라오일, 로즈마리잎추출물"
진생보 두피모발영양 샴푸/컨디셔너 400ml,려,"정제수, 소듐라우레스설페이트, 암모늄라우릴설페이트, 다이메티콘, 향료, 소듐벤조에이트, 라우릭애씨드, 세틸알코올, 코카마이드엠이에이, 구아하이드록시프로필트라이모늄클로라이드, 페녹시에탄올, 소듐살리실레이트, 소듐클로라이드, 트라이하이드록시스테아린, 아모다이메티콘, 멘톨, 맥아추출물, 마이크로크리스탈린셀룰로오스, 옥수수전분, 리날룰, 인삼추출물, 다이-C12-13알킬말레이트, 소듐시트레이트, 만니톨, 시트릭애씨드, 다이소듐이디티에이, 헥실신남알, 시트로넬올, 유제놀, 폴리쿼터늄-11, 코카미도프로필베타인, C12-15파레스-3, 하이드로제네이티드레시틴, 스테아트라이모늄클로라이드, 부틸렌글라이콜, 에탄올, 살리실릭애씨드, 소듐하이드록사이드, 락틱애씨드, 생강추출물, 카프릴릴글라이콜, 영지버섯추출물, 에틸헥실글리세린, 동백나무씨오일, 사이클로덱스트린, 황금추출물, 아스퍼질러스발효물, 칡뿌리추출물, 천당삼추출물, 도둑놈의지팡이뿌리추출물, 당잔대뿌리추출물, 스크로폴라리아 노도사추출물, 변성알코올"
자양윤모 9이엑스 탈모증상전문케어 모근강화 트리트먼트 330ml,려,"정제수, 글리세린, 다이프로필렌글라이콜, 세틸알코올, 스테아릴알코올, 카프릴릭/카프릭트라이글리세라이드, 스테아라미도프로필다이메틸아민, 향료, 글루타믹애씨드, 카페인, 피피지-3카프릴릴에터, 다이팔미토일에틸하이드록시에틸모늄메토설페이트, 멘톨, 포도씨오일, 하이드록시에틸셀룰로오스, 덱스트린, 카카오추출물, 에탄올, 다이소듐이디티에이, 에틸헥실글리세린, 마카다미아씨오일, 리날룰, 벤질살리실레이트, 헥실신남알, 벤질벤조에이트, 제라니올, 알파-아이소메틸아이오논, 폴리쿼터늄-55, 인삼전초추출물, 부틸렌글라이콜, 폴리쿼터늄-11, 인삼추출물, 1,2-헥산다이올, 스페인감초뿌리추출물, 생강추출물, 페녹시에탄올, 카프릴릴글라이콜, 토코페롤, 하수오뿌리추출물, 쌀추출물, 띠뿌리추출물, 황금추출물, 참깨추출물, 인동덩굴꽃추출물, 포트마리골드꽃추출물, 남가새열매추출물, 동백나무씨오일, 녹차씨오일"
루트젠 여성 맞춤 탈모증상전문케어 트리트먼트 515ml,려,"정제수, 솔비톨, 베헨트라이모늄메토설페이트, 아이소펜틸다이올, 세틸알코올, 스테아릴알코올, 세틸에틸헥사노에이트, 말티톨, 잇꽃씨오일, 코코-카프릴레이트/카프레이트, 폴리글리세릴-4다이아이소스테아레이트/폴리하이드록시스테아레이트/세바케이트, 향료, 부틸렌글라이콜, 카페인, 하이드록시프로필스타치포스페이트, 호호바에스터, 리모넨, 소이아미도프로필아민옥사이드, 멘톨, 마트리카리아꽃수, 카프릴릴글라이콜, 소듐메타포스페이트, 프로판다이올, 변성알코올, 올레익애씨드, 에틸헥실글리세린, 호호바씨오일, 하이드록시프로필비스팔미타마이드엠이에이, 측백나무씨추출물, 콜레스테롤, 카프릴릭/카프릭트라이글리세라이드, 인삼뿌리세포추출물, 1,2-헥산다이올, 검정콩추출물, 에탄올, 석류추출물, 라벤더오일, 동백나무씨오일, 녹차씨오일, 콩폴리펩타이드, 로즈마리잎오일, 글리세린, 베르가모트오일, 생강추출물, 인삼전초추출물, 덱스트린, 사이클로덱스트린, 다마스크장미꽃추출물, 병풀꽃/잎/줄기추출물, 토코페롤, 하이드록시프로필사이클로덱스트린, 검정콩오일, 다이소듐이디티에이, 바위손추출물, 알지닌, 세라마이드엔피, 로즈힙꽃오일, 라임전초오일, 라즈베리씨오일, 크랜베리씨오일, 피토스핑고신, 하이드로제네이티드레시틴, 카놀라오일, 로즈마리잎추출물"
명품 에이치비엑스 탈모증상완화 앰플 샴푸 500ml,려,"정제수, 소듐라우레스설페이트, 솔비톨, 코코-글루코사이드, 암모늄라우릴설페이트, 코카마이드메틸엠이에이, 라우릴하이드록시설테인, 피피지-3카프릴릴에터, 시트릭애씨드, 라우릭애씨드, 세틸알코올, 코카마이드엠이에이, 변성알코올, 소이아미도프로필아민옥사이드, 소듐벤조에이트, 카프릴릴글라이콜, 다이프로필렌글라이콜, 트라이하이드록시스테아린, 페녹시에탄올, 폴리쿼터늄-10, 클림바졸, 에탄올, 폴리쿼터늄-53, 에틸헥실글리세린, 녹차추출물, 멘톨, 테트라소듐이디티에이, 리날룰, 벤질벤조에이트, 리모넨, 벤질살리실레이트, 헥실신남알, 다이소듐이디티에이, 시트로넬올, 제라니올, 맥아추출물, 하이드록시시트로넬알, 프로판다이올, 폴리쿼터늄-55, 홍삼추출물, 효모/보리씨발효여과물, 1,2-헥산다이올, 자일리톨, 부틸렌글라이콜, 바이오틴, 병풀꽃/잎/줄기추출물, 콩폴리펩타이드, 아스퍼질러스발효물, 토코페롤, 호프추출물, 인삼추출물, 천당삼추출물, 도둑놈의지팡이뿌리추출물, 당잔대뿌리추출물, 스크로폴라리아 노도사추출물, 피이지-150펜타에리스리틸테트라스테아레이트, 피피지-2하이드록시에틸코카마이드, 락토바실러스발효물, 락토코쿠스발효물, 효모발효물, 향료"
루트젠 두피코어강화 아쿠아필 두피토닉 100ml,려,"정제수, 변성알코올, 2,3-부탄다이올, 에탄올, 다이프로필렌글라이콜, 피이지-60하이드로제네이티드캐스터오일, 멘톨, 동백나무씨추출물, 향료, 소듐시트레이트, 사카라이드아이소머레이트, 시트릭애씨드, 소듐글루코네이트, 글리세린, 리모넨, 살리실릭애씨드, 글루코노락톤, 리날룰, 벤질살리실레이트, 부틸렌글라이콜, 프로판다이올, 약모밀추출물, 1,2-헥산다이올, 돌콩오일, 덱스트린, 나이아신아마이드, 인삼추출물, 레티놀, 글리세릴올리에이트, 하이드로제네이티드레시틴, 라우릴글루코사이드, 폴리글리세릴-10다이올리에이트, 폴리글리세릴-10다이아이소스테아레이트, 이노시톨, 잔탄검, 에틸헥실글리세린, 하이드롤라이즈드식물성단백질, 소듐클로라이드, 토코페롤, 쌀겨오일"
루트젠 두피코어강화 두피청정샴푸 515ml,려,"정제수, 소듐라우레스설페이트, 솔비톨, 소듐코코일알라니네이트, 코카미도프로필베타인, 코카마이드메틸엠이에이, 향료, 다이소듐라우레스설포석시네이트, 말티톨, 코코-글루코사이드, 멘톨, 카페인, 소듐벤조에이트, 데실글루코사이드, 시트릭애씨드, 소듐클로라이드, 피피지-3카프릴릴에터, 구아하이드록시프로필트라이모늄클로라이드, 세틸알코올, 글리세린, 카프릴릴글라이콜, 리모넨, 트라이하이드록시스테아린, 카프릴릭/카프릭트라이글리세라이드, 소듐시트레이트, 사카라이드아이소머레이트, 폴리쿼터늄-7, 다이카프릴릴에터, 리날룰, 에탄올, 벤질살리실레이트, 글리세릴스테아레이트, 폴리쿼터늄-11, 데하이드로아세틱애씨드, 맥아추출물, 부틸렌글라이콜, 에틸헥실글리세린, 1,2-헥산다이올, 프로판다이올, 약모밀추출물, 돌콩오일, 덱스트린, 나이아신아마이드, 인삼추출물, 레티놀, 글리세릴올리에이트, 하이드로제네이티드레시틴, 라우릴글루코사이드, 폴리글리세릴-10다이올리에이트, 폴리글리세릴-10다이아이소스테아레이트, 동백나무씨추출물, 이노시톨, 잔탄검, 토코페롤, 하이드롤라이즈드식물성단백질, 쌀겨오일"
함빛 극손상 앤 영양 트리트먼트 300ml,려,"정제수, 글리세린, 다이메티콘, 세틸알코올, 스테아릴알코올, 베헨트라이모늄클로라이드, 다이프로필렌글라이콜, 하이드로제네이티드폴리아이소부텐, 카페인, 하이드록시에틸셀룰로오스, 향료, 아모다이메티콘, 카프릴릴글라이콜, 클림바졸, 다이소듐이디티에이, 에틸헥실글리세린, 트라이데세스-10, 벤질살리실레이트, 리날룰, 벤질벤조에이트, 1,2-헥산다이올, 헥실신남알, 부틸렌글라이콜, 폴리솔베이트60, 다이소듐포스페이트, 하이드롤라이즈드익스텐신, 덱스트린, 알지닌, 포도씨오일, 인삼추출물, 소듐포스페이트, 다마스크장미꽃추출물, 프로판다이올, 석류추출물, 마카다미아씨오일, 소듐하이알루로네이트, 토코페롤, 하이드롤라이즈드하이알루로닉애씨드, 올레익애씨드, 소듐하이알루로네이트크로스폴리머, 하이알루로닉애씨드, 호호바씨오일, 하이드록시프로필비스팔미타마이드엠이에이, 콜레스테롤, 동백나무씨오일, 티트리잎오일, 녹차씨오일, 스테아릭애씨드, 리놀레익애씨드, 스페인감초뿌리추출물, 자일리틸글루코사이드, 석류나무꽃추출물, 안하이드로자일리톨, 소듐아세틸레이티드하이알루로네이트, 자일리톨"
자양윤모 탈모전문케어 경주달밤/여수하늘 트리트먼트 200ml,려,"정제수, 글리세린, 다이프로필렌글라이콜, 세틸알코올, 스테아릴알코올, 코코넛야자오일, 코코-카프릴레이트/카프레이트, 스테아라미도프로필다이메틸아민, 향료, 카프릴릭/카프릭트라이글리세라이드, 글루타믹애씨드, 카페인, 베헨트라이모늄메토설페이트, 멘톨, 부틸렌글라이콜, 다이소듐이디티에이, 에틸헥실글리세린, 리모넨, 리날룰, 에탄올, 폴리쿼터늄-55, 인삼전초추출물, 폴리쿼터늄-11, 인삼추출물, 잇꽃씨오일, 스쿠알란, 1,2-헥산다이올, 생강추출물, 페녹시에탄올, 카프릴릴글라이콜, 석류추출물, 잣나무씨오일, 동백나무씨오일, 토코페롤, 참깨오일, 쌀추출물, 살구씨오일, 띠뿌리추출물, 황금추출물, 참깨추출물, 인동덩굴꽃추출물, 포트마리골드꽃추출물, 남가새열매추출물, 매실나무씨추출물, 녹차씨오일, 연꽃씨추출물, 석류나무꽃추출물, 하수오뿌리추출물"
루트젠 탈모증상전문케어 헤어볼륨필러 150ml,려,"정제수, 변성알코올, 알지닌, 피이지-60하이드로제네이티드캐스터오일, 에탄올, 시트릭애씨드, 코카미도프로필하이드록시설테인, 브이피/메타크릴아마이드/비닐이미다졸코폴리머, 마트리카리아꽃수, 카프릴릴글라이콜, 동백나무씨추출물, 글리세린, 소듐클로라이드, 향료, 다이소듐이디티에이, 에틸헥실글리세린, 리모넨, 부틸렌글라이콜, 프로판다이올, 인삼뿌리세포추출물, 1,2-헥산다이올, 동백나무씨오일, 녹차씨오일, 인삼전초추출물, 라벤더오일, 로즈마리잎오일, 베르가모트오일, 생강추출물, 동백나무꽃추출물, 다마스크장미꽃추출물, 병풀꽃/잎/줄기추출물, 검정콩오일, 검정콩추출물, 토코페롤, 세라마이드엔피, 피토스핑고신, 하이드로제네이티드레시틴, 카놀라오일, 로즈마리잎추출물 2제(산화제): 정제수, 세테아릴알코올, 하이드로젠퍼옥사이드, 올레스-2, 폴리쿼터늄-6, 스테아트라이모늄클로라이드, 스테아레스-21, 다이소듐포스페이트, 아이소프로필알코올, 에티드로닉애씨드, 포스포릭애씨드, 아세틱애씨드, 포타슘하이드록사이드"
루트젠 두피코어강화 두피 청정샴푸,려,"정제수, 소듐라우레스설페이트, 솔비톨, 소듐코코일알라니네이트, 코카미도프로필베타인, 코카마이드메틸엠이에이, 향료, 다이소듐라우레스설포석시네이트, 말티톨, 코코-글루코사이드, 멘톨, 카페인, 소듐벤조에이트, 데실글루코사이드, 시트릭애씨드, 소듐클로라이드, 피피지-3카프릴릴에터, 구아하이드록시프로필트라이모늄클로라이드, 세틸알코올, 글리세린, 카프릴릴글라이콜, 리모넨, 트라이하이드록시스테아린, 카프릴릭/카프릭트라이글리세라이드, 소듐시트레이트, 사카라이드아이소머레이트, 폴리쿼터늄-7, 다이카프릴릴에터, 리날룰, 에탄올, 벤질살리실레이트, 글리세릴스테아레이트, 폴리쿼터늄-11, 데하이드로아세틱애씨드, 맥아추출물, 부틸렌글라이콜, 에틸헥실글리세린, 1,2-헥산다이올, 프로판다이올, 약모밀추출물, 돌콩오일, 덱스트린, 나이아신아마이드, 인삼추출물, 레티놀, 글리세릴올리에이트, 하이드로제네이티드레시틴, 라우릴글루코사이드, 폴리글리세릴-10다이올리에이트, 폴리글리세릴-10다이아이소스테아레이트, 동백나무씨추출물, 이노시톨, 잔탄검, 토코페롤, 하이드롤라이즈드식물성단백질, 쌀겨오일"
자양윤모 9이엑스 탈모증상전문케어 모근강화 트리트먼트,려,"정제수, 글리세린, 다이프로필렌글라이콜, 세틸알코올, 스테아릴알코올, 카프릴릭/카프릭트라이글리세라이드, 스테아라미도프로필다이메틸아민, 향료, 글루타믹애씨드, 카페인, 피피지-3카프릴릴에터, 다이팔미토일에틸하이드록시에틸모늄메토설페이트, 멘톨, 포도씨오일, 하이드록시에틸셀룰로오스, 덱스트린, 카카오추출물, 에탄올, 다이소듐이디티에이, 에틸헥실글리세린, 마카다미아씨오일, 리날룰, 벤질살리실레이트, 헥실신남알, 벤질벤조에이트, 제라니올, 알파-아이소메틸아이오논, 폴리쿼터늄-55, 인삼전초추출물, 부틸렌글라이콜, 폴리쿼터늄-11, 인삼추출물, 1,2-헥산다이올, 스페인감초뿌리추출물, 생강추출물, 페녹시에탄올, 카프릴릴글라이콜, 토코페롤, 하수오뿌리추출물, 쌀추출물, 띠뿌리추출물, 황금추출물, 참깨추출물, 인동덩굴꽃추출물, 포트마리골드꽃추출물, 남가새열매추출물, 동백나무씨오일, 녹차씨오일"
자양윤모 탈모증상전문케어 샴푸 지성두피용,려,"정제수, 소듐라우레스설페이트, 암모늄라우릴설페이트, 글리세린, 코카마이드메틸엠이에이, 향료, 다이소듐라우레스설포석시네이트, 라우릴하이드록시설테인, 카페인, 피피지-3카프릴릴에터, 변성알코올, 페녹시에탄올, 소듐벤조에이트, 세틸알코올, 멘톨, 구아하이드록시프로필트라이모늄클로라이드, 시트릭애씨드, 소듐살리실레이트, 카프릴릭/카프릭트라이글리세라이드, 트라이하이드록시스테아린, 소듐시트레이트, 다이카프릴릴에터, 테트라소듐이디티에이, 부틸렌글라이콜, 맥아추출물, 다이소듐이디티에이, 리날룰, 피이지-45M, 글리세릴스테아레이트, 콘민트잎추출물, 벤질살리실레이트, 헥실신남알, 벤질벤조에이트, 제라니올, 알파-아이소메틸아이오논, 하이드롤라이즈드옥수수전분, 카프릴릴글라이콜, 소나무잎추출물, 에탄올, 1,2-헥산다이올, 데하이드로아세틱애씨드, 인삼전초추출물, 인삼추출물, 실리카, 생강추출물, 에틸헥실글리세린, 토코페롤, 쌀추출물, 띠뿌리추출물, 황금추출물, 참깨추출물, 인동덩굴꽃추출물, 포트마리골드꽃추출물, 남가새열매추출물, 동백나무씨오일, 녹차씨오일, 피이지-150펜타에리스리틸테트라스테아레이트, 피피지-2하이드록시에틸코카마이드, 하수오뿌리추출물"
루트젠 남성 맞춤 탈모증상전문케어 샴푸,려,"정제수, 코카미도프로필베타인, 포타슘코코일글리시네이트, 라우릴하이드록시설테인, 카프릴릴/카프릴글루코사이드, 소듐C14-16올레핀설포네이트, 소듐클로라이드, 향료, 다이소듐라우레스설포석시네이트, 멘톨, 카페인, 소듐살리실레이트, 폴리쿼터늄-22, 시트릭애씨드, 세틸알코올, 카프릴릴글라이콜, 카프릴릭/카프릭트라이글리세라이드, 트라이하이드록시스테아린, 클림바졸, 소듐벤조에이트, 해수, 다이프로필렌글라이콜, 소듐시트레이트, 소듐메타포스페이트, 다이카프릴릴에터, 부틸렌글라이콜, 에틸헥실글리세린, 글리세릴스테아레이트, 구아하이드록시프로필트라이모늄클로라이드, 콘민트잎추출물, 테트라소듐이디티에이, 글리세린, 측백나무씨추출물, 프로판다이올, 에탄올, 인삼뿌리세포추출물, 1,2-헥산다이올, 황금추출물, 데하이드로아세틱애씨드, 효모/보리씨발효여과물, 씨솔트, 동백나무씨오일, 페퍼민트오일, 티트리잎오일, 살리실릭애씨드, 녹차씨오일, 유칼립투스잎오일, 인삼전초추출물, 산수유열매추출물, 생강추출물, 하벌레아 로도펜시스잎추출물, 검정콩오일, 토코페롤, 세라마이드엔피, 다이소듐이디티에이, 피토스핑고신, 하이드로제네이티드레시틴, 호프추출물, 카놀라오일, 로즈마리잎추출물"
루트젠 탈모케어 트리플샷 두피리페어 세럼 60ml,려,"정제수, 소듐C14-16올레핀설포네이트, 포타슘코코일글리시네이트, 다이소듐라우레스설포석시네이트, 코카미도프로필베타인, 향료, 변성알코올, 소듐클로라이드, 코코-글루코사이드, 카페인, 피피지-3카프릴릴에터, 구아하이드록시프로필트라이모늄클로라이드, 데실글루코사이드, 소듐살리실레이트, 시트릭애씨드, 멘톨, 소이아미도프로필아민옥사이드, 세틸알코올, 카프릴릴글라이콜, 소듐시트레이트, 리모넨, 폴리쿼터늄-47, 트라이하이드록시스테아린, 카프릴릭/카프릭트라이글리세라이드, 소듐메타포스페이트, 다이카프릴릴에터, 소듐벤조에이트, 리날룰, 피록톤올아민, 에틸헥실글리세린, 올레익애씨드, 글리세린, 폴리쿼터늄-22, 벤질살리실레이트, 알란토인, 글리세릴스테아레이트, 콜레스테롤, 살리실릭애씨드, 글루코노락톤, 스테아릭애씨드, 리놀레익애씨드, 데하이드로아세틱애씨드, 맥아추출물, 부틸렌글라이콜, 프로판다이올, 마데카소사이드, 1,2-헥산다이올, 덱스트린, 인삼추출물, 에탄올, 하이드로제네이티드레시틴, 글리세릴올리에이트, 토코페롤, 라우릴글루코사이드, 폴리글리세릴-10다이올리에이트, 폴리글리세릴-10다이아이소스테아레이트, 동백나무씨추출물, 스쿠알란, 폴리글리세릴-10펜타스테아레이트, 잔탄검, 펜틸렌글라이콜, 다이포타슘글리시리제이트, 검정콩오일, 하이드롤라이즈드식물성단백질, 세라마이드엔피, 피토스핑고신, 로즈마리잎추출물, 쌀겨오일, 카놀라오일"
루트젠 두피코어강화 아쿠아필 두피토닉,려,"정제수, 변성알코올, 2,3-부탄다이올, 에탄올, 다이프로필렌글라이콜, 피이지-60하이드로제네이티드캐스터오일, 멘톨, 동백나무씨추출물, 향료, 소듐시트레이트, 사카라이드아이소머레이트, 시트릭애씨드, 소듐글루코네이트, 글리세린, 리모넨, 살리실릭애씨드, 글루코노락톤, 리날룰, 벤질살리실레이트, 부틸렌글라이콜, 프로판다이올, 약모밀추출물, 1,2-헥산다이올, 돌콩오일, 덱스트린, 나이아신아마이드, 인삼추출물, 레티놀, 글리세릴올리에이트, 하이드로제네이티드레시틴, 라우릴글루코사이드, 폴리글리세릴-10다이올리에이트, 폴리글리세릴-10다이아이소스테아레이트, 이노시톨, 잔탄검, 에틸헥실글리세린, 하이드롤라이즈드식물성단백질, 소듐클로라이드, 토코페롤, 쌀겨오일"
루트젠 탈모증상전문케어 두피 에센스,려,"정제수, 변성알코올, 실리카, 녹차추출물, 마트리카리아꽃수, 카보머, 트로메타민, 글리세린, 향료, 멘톨, 다이소듐이디티에이, 리모넨, 부틸렌글라이콜, 피록톤올아민, 프로판다이올, 인삼뿌리세포추출물, 1,2-헥산다이올, 에탄올, 동백나무씨오일, 녹차씨오일, 콩폴리펩타이드, 라벤더오일, 로즈마리잎오일, 베르가모트오일, 생강추출물, 동백나무꽃추출물, 인삼전초추출물, 다마스크장미꽃추출물, 병풀꽃/잎/줄기추출물, 에틸헥실글리세린, 검정콩오일, 검정콩추출물, 세라마이드엔피, 피토스핑고신, 하이드로제네이티드레시틴, 카놀라오일, 로즈마리잎추출물"
진생보 두피모발영양 샴푸 400ml,려,"정제수, 소듐라우레스설페이트, 암모늄라우릴설페이트, 다이메티콘, 향료, 소듐벤조에이트, 라우릭애씨드, 세틸알코올, 코카마이드엠이에이, 구아하이드록시프로필트라이모늄클로라이드, 페녹시에탄올, 소듐살리실레이트, 소듐클로라이드, 트라이하이드록시스테아린, 아모다이메티콘, 멘톨, 맥아추출물, 마이크로크리스탈린셀룰로오스, 옥수수전분, 리날룰, 인삼추출물, 다이-C12-13알킬말레이트, 소듐시트레이트, 만니톨, 시트릭애씨드, 다이소듐이디티에이, 헥실신남알, 시트로넬올, 유제놀, 폴리쿼터늄-11, 코카미도프로필베타인, C12-15파레스-3, 하이드로제네이티드레시틴, 스테아트라이모늄클로라이드, 부틸렌글라이콜, 에탄올, 살리실릭애씨드, 소듐하이드록사이드, 락틱애씨드, 생강추출물, 카프릴릴글라이콜, 영지버섯추출물, 에틸헥실글리세린, 동백나무씨오일, 사이클로덱스트린, 황금추출물, 아스퍼질러스발효물, 칡뿌리추출물, 천당삼추출물, 도둑놈의지팡이뿌리추출물, 당잔대뿌리추출물, 스크로폴라리아 노도사추출물, 변성알코올"
루트젠 여성 맞춤 탈모증상전문케어 샴푸,려,"정제수, 다이소듐라우레스설포석시네이트, 포타슘코코일글리시네이트, 소듐C14-16올레핀설포네이트, 코카미도프로필베타인, 솔비톨, 코카마이드메틸엠이에이, 향료, 소듐클로라이드, 말티톨, 코코-글루코사이드, 카페인, 피피지-3카프릴릴에터, 리모넨, 데실글루코사이드, 소듐살리실레이트, 시트릭애씨드, 세틸알코올, 멘톨, 소이아미도프로필아민옥사이드, 구아하이드록시프로필트라이모늄클로라이드, 글리세린, 마트리카리아꽃수, 카프릴릴글라이콜, 폴리쿼터늄-10, 소듐시트레이트, 카프릴릭/카프릭트라이글리세라이드, 트라이하이드록시스테아린, 다이카프릴릴에터, 폴리쿼터늄-22, 소듐메타포스페이트, 프로판다이올, 변성알코올, 소듐벤조에이트, 에틸헥실글리세린, 글리세릴스테아레이트, 부틸렌글라이콜, 테트라소듐이디티에이, 측백나무씨추출물, 1,2-헥산다이올, 인삼뿌리세포추출물, 데하이드로아세틱애씨드, 에탄올, 검정콩추출물, 석류추출물, 라벤더오일, 동백나무씨오일, 녹차씨오일, 콩폴리펩타이드, 인삼전초추출물, 로즈마리잎오일, 베르가모트오일, 국화추출물, 생강추출물, 덱스트린, 사이클로덱스트린, 다마스크장미꽃추출물, 병풀꽃/잎/줄기추출물, 하이드록시프로필사이클로덱스트린, 검정콩오일, 다이소듐이디티에이, 바위손추출물, 토코페롤, 알지닌, 세라마이드엔피, 로즈힙꽃오일, 라임전초오일, 라즈베리씨오일, 크랜베리씨오일, 피토스핑고신, 하이드로제네이티드레시틴, 카놀라오일, 로즈마리잎추출물"
루트젠 여성 맞춤 탈모증상전문케어 샴푸,려,"정제수, 다이소듐라우레스설포석시네이트, 포타슘코코일글리시네이트, 소듐C14-16올레핀설포네이트, 코카미도프로필베타인, 솔비톨, 코카마이드메틸엠이에이, 향료, 소듐클로라이드, 말티톨, 코코-글루코사이드, 카페인, 피피지-3카프릴릴에터, 리모넨, 데실글루코사이드, 소듐살리실레이트, 시트릭애씨드, 세틸알코올, 멘톨, 소이아미도프로필아민옥사이드, 구아하이드록시프로필트라이모늄클로라이드, 글리세린, 마트리카리아꽃수, 카프릴릴글라이콜, 폴리쿼터늄-10, 소듐시트레이트, 카프릴릭/카프릭트라이글리세라이드, 트라이하이드록시스테아린, 다이카프릴릴에터, 폴리쿼터늄-22, 소듐메타포스페이트, 프로판다이올, 변성알코올, 소듐벤조에이트, 에틸헥실글리세린, 글리세릴스테아레이트, 부틸렌글라이콜, 테트라소듐이디티에이, 측백나무씨추출물, 1,2-헥산다이올, 인삼뿌리세포추출물, 데하이드로아세틱애씨드, 에탄올, 검정콩추출물, 석류추출물, 라벤더오일, 동백나무씨오일, 녹차씨오일, 콩폴리펩타이드, 인삼전초추출물, 로즈마리잎오일, 베르가모트오일, 국화추출물, 생강추출물, 덱스트린, 사이클로덱스트린, 다마스크장미꽃추출물, 병풀꽃/잎/줄기추출물, 하이드록시프로필사이클로덱스트린, 검정콩오일, 다이소듐이디티에이, 바위손추출물, 토코페롤, 알지닌, 세라마이드엔피, 로즈힙꽃오일, 라임전초오일, 라즈베리씨오일, 크랜베리씨오일, 피토스핑고신, 하이드로제네이티드레시틴, 카놀라오일, 로즈마리잎추출물"
루트젠 여성 맞춤 탈모증상전문케어 샴푸+두피에센스,려,"[루트젠 여성 맞춤 탈모증상전문케어 샴푸]정제수, 다이소듐라우레스설포석시네이트, 포타슘코코일글리시네이트, 소듐C14-16올레핀설포네이트, 코카미도프로필베타인, 솔비톨, 코카마이드메틸엠이에이, 향료, 소듐클로라이드, 말티톨, 코코-글루코사이드, 카페인, 피피지-3카프릴릴에터, 리모넨, 데실글루코사이드, 소듐살리실레이트, 시트릭애씨드, 세틸알코올, 멘톨, 소이아미도프로필아민옥사이드, 구아하이드록시프로필트라이모늄클로라이드, 글리세린, 마트리카리아꽃수, 카프릴릴글라이콜, 폴리쿼터늄-10, 소듐시트레이트, 카프릴릭/카프릭트라이글리세라이드, 트라이하이드록시스테아린, 다이카프릴릴에터, 폴리쿼터늄-22, 소듐메타포스페이트, 프로판다이올, 변성알코올, 소듐벤조에이트, 에틸헥실글리세린, 글리세릴스테아레이트, 부틸렌글라이콜, 테트라소듐이디티에이, 측백나무씨추출물, 1,2-헥산다이올, 인삼뿌리세포추출물, 데하이드로아세틱애씨드, 에탄올, 검정콩추출물, 석류추출물, 라벤더오일, 동백나무씨오일, 녹차씨오일, 콩폴리펩타이드, 인삼전초추출물, 로즈마리잎오일, 베르가모트오일, 국화추출물, 생강추출물, 덱스트린, 사이클로덱스트린, 다마스크장미꽃추출물, 병풀꽃/잎/줄기추출물, 하이드록시프로필사이클로덱스트린, 검정콩오일, 다이소듐이디티에이, 바위손추출물, 토코페롤, 알지닌, 세라마이드엔피, 로즈힙꽃오일, 라임전초오일, 라즈베리씨오일, 크랜베리씨오일, 피토스핑고신, 하이드로제네이티드레시틴, 카놀라오일, 로즈마리잎추출물 / [루트젠 탈모증상전문케어 두피에센스] 정제수, 변성알코올, 실리카, 녹차추출물, 마트리카리아꽃수, 카보머, 트로메타민, 글리세린, 향료, 멘톨, 다이소듐이디티에이, 리모넨, 부틸렌글라이콜, 피록톤올아민, 프로판다이올, 인삼뿌리세포추출물, 1,2-헥산다이올, 에탄올, 동백나무씨오일, 녹차씨오일, 콩폴리펩타이드, 라벤더오일, 로즈마리잎오일, 베르가모트오일, 생강추출물, 동백나무꽃추출물, 인삼전초추출물, 다마스크장미꽃추출물, 병풀꽃/잎/줄기추출물, 에틸헥실글리세린, 검정콩오일, 검정콩추출물, 세라마이드엔피, 피토스핑고신, 하이드로제네이티드레시틴, 카놀라오일, 로즈마리잎추출물"
루트젠 여성 맞춤 탈모증상전문케어 샴푸+리필,려,"정제수, 다이소듐라우레스설포석시네이트, 포타슘코코일글리시네이트, 소듐C14-16올레핀설포네이트, 코카미도프로필베타인, 솔비톨, 코카마이드메틸엠이에이, 향료, 소듐클로라이드, 말티톨, 코코-글루코사이드, 카페인, 피피지-3카프릴릴에터, 리모넨, 데실글루코사이드, 소듐살리실레이트, 시트릭애씨드, 세틸알코올, 멘톨, 소이아미도프로필아민옥사이드, 구아하이드록시프로필트라이모늄클로라이드, 글리세린, 마트리카리아꽃수, 카프릴릴글라이콜, 폴리쿼터늄-10, 소듐시트레이트, 카프릴릭/카프릭트라이글리세라이드, 트라이하이드록시스테아린, 다이카프릴릴에터, 폴리쿼터늄-22, 소듐메타포스페이트, 프로판다이올, 변성알코올, 소듐벤조에이트, 에틸헥실글리세린, 글리세릴스테아레이트, 부틸렌글라이콜, 테트라소듐이디티에이, 측백나무씨추출물, 1,2-헥산다이올, 인삼뿌리세포추출물, 데하이드로아세틱애씨드, 에탄올, 검정콩추출물, 석류추출물, 라벤더오일, 동백나무씨오일, 녹차씨오일, 콩폴리펩타이드, 인삼전초추출물, 로즈마리잎오일, 베르가모트오일, 국화추출물, 생강추출물, 덱스트린, 사이클로덱스트린, 다마스크장미꽃추출물, 병풀꽃/잎/줄기추출물, 하이드록시프로필사이클로덱스트린, 검정콩오일, 다이소듐이디티에이, 바위손추출물, 토코페롤, 알지닌, 세라마이드엔피, 로즈힙꽃오일, 라임전초오일, 라즈베리씨오일, 크랜베리씨오일, 피토스핑고신, 하이드로제네이티드레시틴, 카놀라오일, 로즈마리잎추출물"
루트젠 탈모증상전문케어 여성 샴푸+남성 샴푸,려,"[루트젠 여성 맞춤 탈모증상전문케어 샴푸] 정제수, 다이소듐라우레스설포석시네이트, 포타슘코코일글리시네이트, 소듐C14-16올레핀설포네이트, 코카미도프로필베타인, 솔비톨, 코카마이드메틸엠이에이, 향료, 소듐클로라이드, 말티톨, 코코-글루코사이드, 카페인, 피피지-3카프릴릴에터, 리모넨, 데실글루코사이드, 소듐살리실레이트, 시트릭애씨드, 세틸알코올, 멘톨, 소이아미도프로필아민옥사이드, 구아하이드록시프로필트라이모늄클로라이드, 글리세린, 마트리카리아꽃수, 카프릴릴글라이콜, 폴리쿼터늄-10, 소듐시트레이트, 카프릴릭/카프릭트라이글리세라이드, 트라이하이드록시스테아린, 다이카프릴릴에터, 폴리쿼터늄-22, 소듐메타포스페이트, 프로판다이올, 변성알코올, 소듐벤조에이트, 에틸헥실글리세린, 글리세릴스테아레이트, 부틸렌글라이콜, 테트라소듐이디티에이, 측백나무씨추출물, 1,2-헥산다이올, 인삼뿌리세포추출물, 데하이드로아세틱애씨드, 에탄올, 검정콩추출물, 석류추출물, 라벤더오일, 동백나무씨오일, 녹차씨오일, 콩폴리펩타이드, 인삼전초추출물, 로즈마리잎오일, 베르가모트오일, 국화추출물, 생강추출물, 덱스트린, 사이클로덱스트린, 다마스크장미꽃추출물, 병풀꽃/잎/줄기추출물, 하이드록시프로필사이클로덱스트린, 검정콩오일, 다이소듐이디티에이, 바위손추출물, 토코페롤, 알지닌, 세라마이드엔피, 로즈힙꽃오일, 라임전초오일, 라즈베리씨오일, 크랜베리씨오일, 피토스핑고신, 하이드로제네이티드레시틴, 카놀라오일, 로즈마리잎추출물 / / [루트젠 남성 맞춤 탈모증상전문케어 샴푸] 정제수, 코카미도프로필베타인, 포타슘코코일글리시네이트, 라우릴하이드록시설테인, 카프릴릴/카프릴글루코사이드, 소듐C14-16올레핀설포네이트, 소듐클로라이드, 향료, 다이소듐라우레스설포석시네이트, 멘톨, 카페인, 소듐살리실레이트, 폴리쿼터늄-22, 시트릭애씨드, 세틸알코올, 카프릴릴글라이콜, 카프릴릭/카프릭트라이글리세라이드, 트라이하이드록시스테아린, 클림바졸, 소듐벤조에이트, 해수, 다이프로필렌글라이콜, 소듐시트레이트, 소듐메타포스페이트, 다이카프릴릴에터, 부틸렌글라이콜, 에틸헥실글리세린, 글리세릴스테아레이트, 구아하이드록시프로필트라이모늄클로라이드, 콘민트잎추출물, 테트라소듐이디티에이, 글리세린, 측백나무씨추출물, 프로판다이올, 에탄올, 인삼뿌리세포추출물, 1,2-헥산다이올, 황금추출물, 데하이드로아세틱애씨드, 효모/보리씨발효여과물, 씨솔트, 동백나무씨오일, 페퍼민트오일, 티트리잎오일, 살리실릭애씨드, 녹차씨오일, 유칼립투스잎오일, 인삼전초추출물, 산수유열매추출물, 생강추출물, 하벌레아 로도펜시스잎추출물, 검정콩오일, 토코페롤, 세라마이드엔피, 다이소듐이디티에이, 피토스핑고신, 하이드로제네이티드레시틴, 호프추출물, 카놀라오일, 로즈마리잎추출물"
루트젠 여성 맞춤 탈모증상전문케어 샴푸+트리트먼트,려,"[루트젠 여성 탈모전문케어 샴푸] 정제수, 다이소듐라우레스설포석시네이트, 포타슘코코일글리시네이트, 소듐C14-16올레핀설포네이트, 코카미도프로필베타인, 솔비톨, 코카마이드메틸엠이에이, 향료, 소듐클로라이드, 말티톨, 코코-글루코사이드, 카페인, 피피지-3카프릴릴에터, 리모넨, 데실글루코사이드, 소듐살리실레이트, 시트릭애씨드, 세틸알코올, 멘톨, 소이아미도프로필아민옥사이드, 구아하이드록시프로필트라이모늄클로라이드, 글리세린, 마트리카리아꽃수, 카프릴릴글라이콜, 폴리쿼터늄-10, 소듐시트레이트, 카프릴릭/카프릭트라이글리세라이드, 트라이하이드록시스테아린, 다이카프릴릴에터, 폴리쿼터늄-22, 소듐메타포스페이트, 프로판다이올, 변성알코올, 소듐벤조에이트, 에틸헥실글리세린, 글리세릴스테아레이트, 부틸렌글라이콜, 테트라소듐이디티에이, 측백나무씨추출물, 1,2-헥산다이올, 인삼뿌리세포추출물, 데하이드로아세틱애씨드, 에탄올, 검정콩추출물, 석류추출물, 라벤더오일, 동백나무씨오일, 녹차씨오일, 콩폴리펩타이드, 인삼전초추출물, 로즈마리잎오일, 베르가모트오일, 국화추출물, 생강추출물, 덱스트린, 사이클로덱스트린, 다마스크장미꽃추출물, 병풀꽃/잎/줄기추출물, 하이드록시프로필사이클로덱스트린, 검정콩오일, 다이소듐이디티에이, 바위손추출물, 토코페롤, 알지닌, 세라마이드엔피, 로즈힙꽃오일, 라임전초오일, 라즈베리씨오일, 크랜베리씨오일, 피토스핑고신, 하이드로제네이티드레시틴, 카놀라오일, 로즈마리잎추출물 / [루트젠 여성 탈모전문케어 트리트먼트] 정제수, 솔비톨, 베헨트라이모늄메토설페이트, 아이소펜틸다이올, 세틸알코올, 스테아릴알코올, 세틸에틸헥사노에이트, 말티톨, 잇꽃씨오일, 코코-카프릴레이트/카프레이트, 폴리글리세릴-4다이아이소스테아레이트/폴리하이드록시스테아레이트/세바케이트, 향료, 부틸렌글라이콜, 카페인, 하이드록시프로필스타치포스페이트, 호호바에스터, 리모넨, 소이아미도프로필아민옥사이드, 멘톨, 마트리카리아꽃수, 카프릴릴글라이콜, 소듐메타포스페이트, 프로판다이올, 변성알코올, 올레익애씨드, 에틸헥실글리세린, 호호바씨오일, 하이드록시프로필비스팔미타마이드엠이에이, 측백나무씨추출물, 콜레스테롤, 카프릴릭/카프릭트라이글리세라이드, 인삼뿌리세포추출물, 1,2-헥산다이올, 검정콩추출물, 에탄올, 석류추출물, 라벤더오일, 동백나무씨오일, 녹차씨오일, 콩폴리펩타이드, 로즈마리잎오일, 글리세린, 베르가모트오일, 생강추출물, 인삼전초추출물, 덱스트린, 사이클로덱스트린, 다마스크장미꽃추출물, 병풀꽃/잎/줄기추출물, 토코페롤, 하이드록시프로필사이클로덱스트린, 검정콩오일, 다이소듐이디티에이, 바위손추출물, 알지닌, 세라마이드엔피, 로즈힙꽃오일, 라임전초오일, 라즈베리씨오일, 크랜베리씨오일, 피토스핑고신, 하이드로제네이티드레시틴, 카놀라오일, 로즈마리잎추출물"
우아채 영양새치염색  120g,려,"1제: 정제수, 에탄올아민, 피이지-8, 세테아릴알코올, 황산톨루엔-2,5-디아민, 부틸렌글라이콜, 폴리쿼터늄-6, 스테아레스-21, 올레스-2, 레조시놀, 염산2,4-디아미노페녹시에탄올, 하이드록시에틸셀룰로오스, 베헨트라이모늄클로라이드, 스테아트라이모늄클로라이드, 소듐설파이트, 에리소빅애씨드, 잔탄검, 아이소프로필알코올, M-아미노페놀, 4-아미노-2-하이드록시톨루엔, 다이소듐이디티에이, 하이드롤라이즈드식물성단백질, 아르간커넬오일, 아스파틱애씨드, 글루타믹애씨드, 올리브오일, 호호바씨오일, 폴리솔베이트60, 다이소듐포스페이트, 포도씨오일, 소듐포스페이트, 소듐벤조에이트, 아세틱애씨드, 포타슘하이드록사이드, 마카다미아씨오일, 토코페롤 / 2제: 정제수, 하이드로젠퍼옥사이드, 다이프로필렌글라이콜, 피이지-150다이스테아레이트, 라우릴글루코사이드, 코카미도프로필베타인, 에티드로닉애씨드, 포스포릭애씨드, 소듐클로라이드, 향료, 다이소듐포스페이트, 소듐벤조에이트 / 3제: 라우레스-2, 아르간커넬오일, 카프릴릭/카프릭트라이글리세라이드, 살구씨오일, 올리브오일"
자음2종 세트,설화수,"[자음수] 정제수, 부틸렌글라이콜, 1,2-헥산다이올, 베타인, 글리세린, 트레할로오스, 피이지/피피지-17/6코폴리머, 글리세레스-26, 피이지-60하이드로제네이티드캐스터오일, 아크릴레이트/C10-30알킬아크릴레이트크로스폴리머, 트로메타민, 에틸헥실글리세린, 대추추출물, 비스-피이지-18메틸에터다이메틸실레인, 카르노신, 황금추출물, 프로판다이올, 알란토인, 향료, 소듐메타포스페이트, 리모넨, 구기자추출물, 하이드록시에틸아크릴레이트/소듐아크릴로일다이메틸타우레이트코폴리머, 칡뿌리추출물, 바이오사카라이드검-1, 펜틸렌글라이콜, 글루타티온, 뽕나무잎추출물, 지황뿌리추출물, 리날룰, 매실나무꽃추출물, 작약뿌리추출물, 둥굴레뿌리줄기추출물, 솔비탄아이소스테아레이트, 폴리솔베이트60, 연꽃추출물, 참나리비늘줄기추출물, 토코페롤, 메톡시피이지-114/폴리엡실론카프로락톤, 하이드롤라이즈드콩추출물, 베타-글루칸, 매실추출물, 참깨추출물, 잣나무씨추출물, 모과추출물, 찔레꽃열매추출물 [자음유액] 정제수, 부틸렌글라이콜, 하이드로제네이티드폴리(C6-14올레핀), 옥틸도데실미리스테이트, 글리세린, 세틸에틸헥사노에이트, 메도우폼씨오일, 폴리글리세릴-3메틸글루코오스다이스테아레이트, 트레할로오스, 하이드로제네이티드식물성오일, 1,2-헥산다이올, 세테아릴알코올, 글리세릴스테아레이트, 망고씨버터, 다이메티콘, 팔미틱애씨드, 스테아릭애씨드, 글리세릴스테아레이트시트레이트, 프로판다이올, 하이드록시에틸아크릴레이트/소듐아크릴로일다이메틸타우레이트코폴리머, 에틸헥실글리세린, 카보머, 대추추출물, 글리세릴카프릴레이트, 카르노신, 황금추출물, 트로메타민, 향료, 메톡시피이지-114/폴리엡실론카프로락톤, 리모넨, 알란토인, 소듐메타포스페이트, 구기자추출물, 매실추출물, 참깨추출물, 잣나무씨추출물, 모과추출물, 찔레꽃열매추출물, 칡뿌리추출물, 솔비탄아이소스테아레이트, 폴리솔베이트60, 베타-글루칸, 리날룰, 글루타티온, 레시틴, 뽕나무잎추출물, 지황뿌리추출물, 매실나무꽃추출물, 작약뿌리추출물, 시트로넬올, 둥굴레뿌리줄기추출물, 시트랄, 연꽃추출물, 제라니올, 세라마이드엔피, 참나리비늘줄기추출물, 토코페롤, 메틸메타크릴레이트/아크릴로나이트릴코폴리머, 티비에이치큐, 하이드롤라이즈드콩추출물, 레스베라트롤"
순행클렌징폼 200ml,설화수,"정제수, 포타슘코코일글리시네이트, 다이소듐코코암포다이아세테이트, 코카미도프로필베타인, 아크릴레이트/베헤네스-25메타크릴레이트코폴리머, 피이지-200하이드로제네이티드글리세릴팔메이트, 소듐클로라이드, 펜틸렌글라이콜, 1, 2-헥산다이올, 소듐메틸코코일타우레이트, 카프릴릴/카프릴글루코사이드, 피이지-7글리세릴코코에이트, 아이소스테아릭애씨드, 포타슘하이드록사이드, 향료, 부틸렌글라이콜, 리모넨, 다이소듐이디티에이, 에틸헥실글리세린, 소듐벤조에이트, 테트라소듐이디티에이, 율무씨추출물, 귤껍질추출물, 밤껍질추출물, 리날룰, 개구리밥추출물(부평추출물), 참마뿌리추출물, 덱스트린, 카카오추출물, 라즈베리추출물, 당느릅나무뿌리추출물, 퉁퉁마디추출물, 뽕나무잎추출물, 신선초추출물, 시트릭애씨드, 토코페롤"
탄력3종 세트,설화수,"[자음수] 정제수, 부틸렌글라이콜, 1,2-헥산다이올, 베타인, 글리세린, 트레할로오스, 피이지/피피지-17/6코폴리머, 글리세레스-26, 피이지-60하이드로제네이티드캐스터오일, 아크릴레이트/C10-30알킬아크릴레이트크로스폴리머, 트로메타민, 에틸헥실글리세린, 대추추출물, 비스-피이지-18메틸에터다이메틸실레인, 카르노신, 황금추출물, 프로판다이올, 알란토인, 향료, 소듐메타포스페이트, 리모넨, 구기자추출물, 하이드록시에틸아크릴레이트/소듐아크릴로일다이메틸타우레이트코폴리머, 칡뿌리추출물, 바이오사카라이드검-1, 펜틸렌글라이콜, 글루타티온, 뽕나무잎추출물, 지황뿌리추출물, 리날룰, 매실나무꽃추출물, 작약뿌리추출물, 둥굴레뿌리줄기추출물, 솔비탄아이소스테아레이트, 폴리솔베이트60, 연꽃추출물, 참나리비늘줄기추출물, 토코페롤, 메톡시피이지-114/폴리엡실론카프로락톤, 하이드롤라이즈드콩추출물, 베타-글루칸, 매실추출물, 참깨추출물, 잣나무씨추출물, 모과추출물, 찔레꽃열매추출물 [자음유액] 정제수, 부틸렌글라이콜, 하이드로제네이티드폴리(C6-14올레핀), 옥틸도데실미리스테이트, 글리세린, 세틸에틸헥사노에이트, 메도우폼씨오일, 폴리글리세릴-3메틸글루코오스다이스테아레이트, 트레할로오스, 하이드로제네이티드식물성오일, 1,2-헥산다이올, 세테아릴알코올, 글리세릴스테아레이트, 망고씨버터, 다이메티콘, 팔미틱애씨드, 스테아릭애씨드, 글리세릴스테아레이트시트레이트, 프로판다이올, 하이드록시에틸아크릴레이트/소듐아크릴로일다이메틸타우레이트코폴리머, 에틸헥실글리세린, 카보머, 대추추출물, 글리세릴카프릴레이트, 카르노신, 황금추출물, 트로메타민, 향료, 메톡시피이지-114/폴리엡실론카프로락톤, 리모넨, 알란토인, 소듐메타포스페이트, 구기자추출물, 매실추출물, 참깨추출물, 잣나무씨추출물, 모과추출물, 찔레꽃열매추출물, 칡뿌리추출물, 솔비탄아이소스테아레이트, 폴리솔베이트60, 베타-글루칸, 리날룰, 글루타티온, 레시틴, 뽕나무잎추출물, 지황뿌리추출물, 매실나무꽃추출물, 작약뿌리추출물, 시트로넬올, 둥굴레뿌리줄기추출물, 시트랄, 연꽃추출물, 제라니올, 세라마이드엔피, 참나리비늘줄기추출물, 토코페롤, 메틸메타크릴레이트/아크릴로나이트릴코폴리머, 티비에이치큐, 하이드롤라이즈드콩추출물, 레스베라트롤 [탄력크림] 정제수, 글리세린, 부틸렌글라이콜다이카프릴레이트/다이카프레이트, 부틸렌글라이콜, 세틸에틸헥사노에이트, 카프릴릭/카프릭트라이글리세라이드, 프로판다이올, 카프릴릴메티콘, 글리세릴스테아레이트, 폴리글리세릴-3메틸글루코오스다이스테아레이트, 1,2-헥산다이올, 다이아이소스테아릴말레이트, 다이메티콘, 트레할로오스, 스쿠알란, C9-12알케인, 피이지-100스테아레이트, 세테아릴알코올, 하이드로제네이티드폴리아이소부텐, 하이드록시에틸아크릴레이트/소듐아크릴로일다이메틸타우레이트코폴리머, 폴리아크릴레이트-13, 하이드로제네이티드캐스터오일아이소스테아레이트, 알란토인, 폴리아이소부텐, 향료, 구기자추출물, 암모늄아크릴로일다이메틸타우레이트/베헤네스-25메타크라일레이트크로스폴리머, 대추추출물, 글리세릴카프릴레이트, 코코-카프릴레이트/카프레이트, 리모넨, 카르노신, 황금추출물, 칡뿌리추출물, 솔비탄아이소스테아레이트, 풀루란, 에틸헥실글리세린, 아데노신, 폴리솔베이트60, 폴리솔베이트20, 소듐메타포스페이트, 리날룰, 다이메티콘올, 시트로넬올, 덱스트린, 카카오추출물, 뽕나무잎추출물, 시트랄, 지황뿌리추출물, 제라니올, 작약뿌리추출물, 둥굴레뿌리줄기추출물, 연꽃추출물, 벤질벤조에이트, 참나리비늘줄기추출물, 하이드롤라이즈드콩추출물, 토코페롤, 베타-글루칸"
탄력크림 단품세트 75ml,설화수,"정제수, 글리세린, 부틸렌글라이콜다이카프릴레이트/다이카프레이트, 부틸렌글라이콜, 세틸에틸헥사노에이트, 카프릴릭/카프릭트라이글리세라이드, 프로판다이올, 카프릴릴메티콘, 글리세릴스테아레이트, 폴리글리세릴-3메틸글루코오스다이스테아레이트, 1,2-헥산다이올, 다이아이소스테아릴말레이트, 다이메티콘, 트레할로오스, 스쿠알란, C9-12알케인, 피이지-100스테아레이트, 세테아릴알코올, 하이드로제네이티드폴리아이소부텐, 하이드록시에틸아크릴레이트/소듐아크릴로일다이메틸타우레이트코폴리머, 폴리아크릴레이트-13, 하이드로제네이티드캐스터오일아이소스테아레이트, 알란토인, 폴리아이소부텐, 향료, 구기자추출물, 암모늄아크릴로일다이메틸타우레이트/베헤네스-25메타크라일레이트크로스폴리머, 대추추출물, 글리세릴카프릴레이트, 코코-카프릴레이트/카프레이트, 리모넨, 카르노신, 황금추출물, 칡뿌리추출물, 솔비탄아이소스테아레이트, 풀루란, 에틸헥실글리세린, 아데노신, 폴리솔베이트60, 폴리솔베이트20, 소듐메타포스페이트, 리날룰, 다이메티콘올, 시트로넬올, 덱스트린, 카카오추출물, 뽕나무잎추출물, 시트랄, 지황뿌리추출물, 제라니올, 작약뿌리추출물, 둥굴레뿌리줄기추출물, 연꽃추출물, 벤질벤조에이트, 참나리비늘줄기추출물, 하이드롤라이즈드콩추출물, 토코페롤, 베타-글루칸"
순행클렌징오일 200ml,설화수,"C12-15알킬벤조에이트, 펜타에리스리틸테트라에틸헥사노에이트, 아이소프로필팔미테이트, 펜타에리스리틸테트라아이소스테아레이트, 카프릴릭/카프릭트라이글리세라이드, 피이지-20글리세릴트라이아이소스테아레이트, 피이지-8아이소스테아레이트, 코코넛야자오일, 덱스트린팔미테이트, 향료, 리모넨, 글리세릴베헤네이트/에이코사디오에이트, 코코-카프릴레이트/카프레이트, 스쿠알란, 리날룰, 정제수, 부틸렌글라이콜, 살구씨오일, 잣나무씨오일, 참깨오일, 동백나무씨오일, 율무씨추출물, 귤껍질추출물, 밤껍질추출물, 개구리밥추출물(부평추출물), 매실나무씨추출물, 연꽃씨추출물"
본윤 데일리 루틴,설화수,"[본윤에센스] 정제수, 부틸렌글라이콜, 변성알코올, 베타인, 1,2-헥산다이올, 나이아신아마이드, 피이지/피피지-17/6코폴리머, 글리세릴폴리메타크릴레이트, 피이지-60하이드로제네이티드캐스터오일, 비스-피이지-18메틸에터다이메틸실레인, 카보머, 향료, 트로메타민, 프로판다이올, 에틸헥실글리세린, 사카라이드하이드롤리세이트, 아데노신, 리모넨, 다이소듐이디티에이, 리날룰, 메틸트라이메티콘, 페녹시에탄올, 소엽맥문동뿌리추출물, 카라기난, 벤질벤조에이트, 인삼추출물, 가시오갈피뿌리추출물, 황벽나무껍질추출물, 생강뿌리줄기추출물, 황금추출물, 프로필렌글라이콜, 펜틸렌글라이콜, 감초뿌리추출물, 영지버섯추출물, 신나밀알코올, 쌀발효여과물, 낫토검, 하이드로제네이티드레시틴, 토코페롤, 시트릭애씨드 [본윤유액] 정제수, 프로판다이올, 글리세린, 스쿠알란, 카프릴릭/카프릭트라이글리세라이드, 펜타에리스리틸테트라에틸헥사노에이트, 베헤닐알코올, 다이메티콘, 부틸렌글라이콜, 1, 2-헥산다이올, 글리세릴스테아레이트, 스테아릭애씨드, 하이드로제네이티드레시틴, 콜레스테롤, 팔미틱애씨드, 합성플루오르플로고파이트, 향료, 티타늄디옥사이드 (CI 77891), 하이드록시프로필비스팔미타마이드엠이에이, 잔탄검, 글리세릴카프릴레이트, 카보머, 트로메타민, 다이소듐이디티에이, 리모넨, 에틸헥실글리세린, 아데노신, 리날룰, 페녹시에탄올, 비타민나무열매추출물, 원추리꽃추출물, 감초뿌리추출물, 소엽맥문동뿌리추출물, 벤질벤조에이트, 인삼추출물, 틴옥사이드, 가시오갈피뿌리추출물, 황벽나무껍질추출물, 생강뿌리줄기추출물, 황금추출물, 미리스틱애씨드, 아라키딕애씨드, 신나밀알코올, 영지버섯추출물, 쌀발효여과물, 시트랄, 제라니올, 토코페롤"
탄력크림 단품세트 75ml,설화수,"정제수, 글리세린, 부틸렌글라이콜다이카프릴레이트/다이카프레이트, 부틸렌글라이콜, 세틸에틸헥사노에이트, 카프릴릭/카프릭트라이글리세라이드, 프로판다이올, 카프릴릴메티콘, 글리세릴스테아레이트, 폴리글리세릴-3메틸글루코오스다이스테아레이트, 1,2-헥산다이올, 다이아이소스테아릴말레이트, 다이메티콘, 트레할로오스, 스쿠알란, C9-12알케인, 피이지-100스테아레이트, 세테아릴알코올, 하이드로제네이티드폴리아이소부텐, 하이드록시에틸아크릴레이트/소듐아크릴로일다이메틸타우레이트코폴리머, 폴리아크릴레이트-13, 하이드로제네이티드캐스터오일아이소스테아레이트, 알란토인, 폴리아이소부텐, 향료, 구기자추출물, 암모늄아크릴로일다이메틸타우레이트/베헤네스-25메타크라일레이트크로스폴리머, 대추추출물, 글리세릴카프릴레이트, 코코-카프릴레이트/카프레이트, 리모넨, 카르노신, 황금추출물, 칡뿌리추출물, 솔비탄아이소스테아레이트, 풀루란, 에틸헥실글리세린, 아데노신, 폴리솔베이트60, 폴리솔베이트20, 소듐메타포스페이트, 리날룰, 다이메티콘올, 시트로넬올, 덱스트린, 카카오추출물, 뽕나무잎추출물, 시트랄, 지황뿌리추출물, 제라니올, 작약뿌리추출물, 둥굴레뿌리줄기추출물, 연꽃추출물, 벤질벤조에이트, 참나리비늘줄기추출물, 하이드롤라이즈드콩추출물, 토코페롤, 베타-글루칸"
자음생2종 세트,설화수,"[자음생수] 정제수, 글리세린, 부틸렌글라이콜, 인삼수, 변성알코올, 1,2-헥산다이올, 글리세릴폴리메타크릴레이트, 나이아신아마이드, 메틸글루세스-20, 피피지-13-데실테트라데세스-24, 비스-피이지-18메틸에터다이메틸실레인, 카보머, 트로메타민, 프로판다이올, 만니톨, 에틸헥실글리세린, 소듐메타포스페이트, 향료, 아데노신, 소듐하이알루로네이트, 잔탄검, 셀룰로오스검, 구기자추출물, 칡뿌리추출물, 리날룰, 소듐클로라이드, 인삼추출물, 베타-글루칸, 하이드롤라이즈드홍삼사포닌, 뽕나무잎추출물, 지황뿌리추출물, 작약뿌리추출물, 둥굴레뿌리줄기추출물, 리모넨, 연꽃추출물, 참나리비늘줄기추출물, 토코페롤, 아세틸테트라펩타이드-11, 카프릴릴글라이콜, 하이드롤라이즈드콩추출물, 아세틸헵타펩타이드-4, 헥사펩타이드-9, 아세틸헥사펩타이드-8, 소듐하이드록사이드, 아세틸옥타펩타이드-3 [자음생유액] 정제수, 부틸렌글라이콜, 인삼수, 글리세린, 펜타에리스리틸테트라에틸헥사노에이트, 하이드로제네이티드폴리(C6-14올레핀), 다이메티콘, 1,2-헥산다이올, 시어버터, 폴리글리세릴-3메틸글루코오스다이스테아레이트, 다이메티콘/비닐다이메티콘크로스폴리머, 글리세릴스테아레이트, 카보머, 세테아릴알코올, 글리세릴스테아레이트시트레이트, 하이드로제네이티드식물성오일, 하이드록시에틸아크릴레이트/소듐아크릴로일다이메틸타우레이트코폴리머, 향료, 스테아릭애씨드, 트로메타민, 메톡시피이지-114/폴리엡실론카프로락톤, 잔탄검, 글리세릴카프릴레이트, 팔미틱애씨드, 에틸헥실글리세린, 소듐메타포스페이트, 아데노신, 하이드롤라이즈드홍삼사포닌, 리날룰, 구기자추출물, 솔비탄아이소스테아레이트, 폴리솔베이트60, 페녹시에탄올, 세라마이드엔피, 만니톨, 칡뿌리추출물, 소듐클로라이드, 인삼추출물, 리모넨, 뽕나무잎추출물, 지황뿌리추출물, 작약뿌리추출물, 둥굴레뿌리줄기추출물, 연꽃추출물, 참나리비늘줄기추출물, 토코페롤, 카프릴릴글라이콜, 하이드롤라이즈드콩추출물, 아세틸헵타펩타이드-4, 아세틸테트라펩타이드-11, 헥사펩타이드-9, 아세틸헥사펩타이드-8, 소듐하이드록사이드, 아세틸옥타펩타이드-3"
윤조에센스 6세대 단품세트 90ml,설화수,"정제수, 변성알코올, 부틸렌글라이콜, 베타인, 1,2-헥산다이올, 비스-피이지-18메틸에터다이메틸실레인, 글리세릴폴리메타크릴레이트, 프로판다이올, 카보머, 피피지-13-데실테트라데세스-24, 트로메타민, 글리세릴카프릴레이트, 황금추출물, 에틸헥실글리세린, 향료, 아데노신, 리모넨, 덱스트린, 카카오추출물, 메틸트라이메티콘, 다이소듐이디티에이, 잔탄검, 셀룰로오스검, 카라기난, 꿀, 마데카소사이드, 지황뿌리추출물, 펜틸렌글라이콜, 다이포타슘글리시리제이트, 3-O-에틸아스코빅애씨드, 타우린, 소엽맥문동뿌리추출물, 작약뿌리추출물, 마돈나백합비늘줄기추출물, 리날룰, 둥굴레뿌리줄기추출물, 바이오사카라이드검-1, 프로필렌글라이콜, 인삼추출물, 연꽃추출물, 낫토검, 대추추출물, 호두추출물, 매실추출물, 시트로넬올, 시트랄, 제라니올, 하이드로제네이티드레시틴, 토코페롤, 시트릭애씨드"
,설화수,"[윤조에센스] 정제수, 변성알코올, 부틸렌글라이콜, 베타인, 1,2-헥산다이올, 비스-피이지-18메틸에터다이메틸실레인, 글리세릴폴리메타크릴레이트, 프로판다이올, 카보머, 피피지-13-데실테트라데세스-24, 트로메타민, 글리세릴카프릴레이트, 황금추출물, 에틸헥실글리세린, 향료, 아데노신, 리모넨, 덱스트린, 카카오추출물, 메틸트라이메티콘, 다이소듐이디티에이, 잔탄검, 셀룰로오스검, 카라기난, 꿀, 마데카소사이드, 지황뿌리추출물, 펜틸렌글라이콜, 다이포타슘글리시리제이트, 3-O-에틸아스코빅애씨드, 타우린, 소엽맥문동뿌리추출물, 작약뿌리추출물, 마돈나백합비늘줄기추출물, 리날룰, 둥굴레뿌리줄기추출물, 바이오사카라이드검-1, 프로필렌글라이콜, 인삼추출물, 연꽃추출물, 낫토검, 대추추출물, 호두추출물, 매실추출물, 시트로넬올, 시트랄, 제라니올, 하이드로제네이티드레시틴, 토코페롤, 시트릭애씨드 [자음수] 정제수, 부틸렌글라이콜, 1,2-헥산다이올, 베타인, 글리세린, 트레할로오스, 피이지/피피지-17/6코폴리머, 글리세레스-26, 피이지-60하이드로제네이티드캐스터오일, 아크릴레이트/C10-30알킬아크릴레이트크로스폴리머, 트로메타민, 에틸헥실글리세린, 대추추출물, 비스-피이지-18메틸에터다이메틸실레인, 카르노신, 황금추출물, 프로판다이올, 알란토인, 향료, 소듐메타포스페이트, 리모넨, 구기자추출물, 하이드록시에틸아크릴레이트/소듐아크릴로일다이메틸타우레이트코폴리머, 칡뿌리추출물, 바이오사카라이드검-1, 펜틸렌글라이콜, 글루타티온, 뽕나무잎추출물, 지황뿌리추출물, 리날룰, 매실나무꽃추출물, 작약뿌리추출물, 둥굴레뿌리줄기추출물, 솔비탄아이소스테아레이트, 폴리솔베이트60, 연꽃추출물, 참나리비늘줄기추출물, 토코페롤, 메톡시피이지-114/폴리엡실론카프로락톤, 하이드롤라이즈드콩추출물, 베타-글루칸, 매실추출물, 참깨추출물, 잣나무씨추출물, 모과추출물, 찔레꽃열매추출물 [자음유액] 정제수, 부틸렌글라이콜, 하이드로제네이티드폴리(C6-14올레핀), 옥틸도데실미리스테이트, 글리세린, 세틸에틸헥사노에이트, 메도우폼씨오일, 폴리글리세릴-3메틸글루코오스다이스테아레이트, 트레할로오스, 하이드로제네이티드식물성오일, 1,2-헥산다이올, 세테아릴알코올, 글리세릴스테아레이트, 망고씨버터, 다이메티콘, 팔미틱애씨드, 스테아릭애씨드, 글리세릴스테아레이트시트레이트, 프로판다이올, 하이드록시에틸아크릴레이트/소듐아크릴로일다이메틸타우레이트코폴리머, 에틸헥실글리세린, 카보머, 대추추출물, 글리세릴카프릴레이트, 카르노신, 황금추출물, 트로메타민, 향료, 메톡시피이지-114/폴리엡실론카프로락톤, 리모넨, 알란토인, 소듐메타포스페이트, 구기자추출물, 매실추출물, 참깨추출물, 잣나무씨추출물, 모과추출물, 찔레꽃열매추출물, 칡뿌리추출물, 솔비탄아이소스테아레이트, 폴리솔베이트60, 베타-글루칸, 리날룰, 글루타티온, 레시틴, 뽕나무잎추출물, 지황뿌리추출물, 매실나무꽃추출물, 작약뿌리추출물, 시트로넬올, 둥굴레뿌리줄기추출물, 시트랄, 연꽃추출물, 제라니올, 세라마이드엔피, 참나리비늘줄기추출물, 토코페롤, 메틸메타크릴레이트/아크릴로나이트릴코폴리머, 티비에이치큐, 하이드롤라이즈드콩추출물, 레스베라트롤"
자음유액 EX 125ml,설화수,"정제수, 부틸렌글라이콜, 하이드로제네이티드폴리(C6-14올레핀), 옥틸도데실미리스테이트, 글리세린, 세틸에틸헥사노에이트, 메도우폼씨오일, 폴리글리세릴-3메틸글루코오스다이스테아레이트, 트레할로오스, 하이드로제네이티드식물성오일, 1,2-헥산다이올, 세테아릴알코올, 글리세릴스테아레이트, 망고씨버터, 다이메티콘, 팔미틱애씨드, 스테아릭애씨드, 글리세릴스테아레이트시트레이트, 프로판다이올, 하이드록시에틸아크릴레이트/소듐아크릴로일다이메틸타우레이트코폴리머, 에틸헥실글리세린, 카보머, 대추추출물, 글리세릴카프릴레이트, 카르노신, 황금추출물, 트로메타민, 향료, 메톡시피이지-114/폴리엡실론카프로락톤, 리모넨, 알란토인, 소듐메타포스페이트, 구기자추출물, 매실추출물, 참깨추출물, 잣나무씨추출물, 모과추출물, 찔레꽃열매추출물, 칡뿌리추출물, 솔비탄아이소스테아레이트, 폴리솔베이트60, 베타-글루칸, 리날룰, 글루타티온, 레시틴, 뽕나무잎추출물, 지황뿌리추출물, 매실나무꽃추출물, 작약뿌리추출물, 시트로넬올, 둥굴레뿌리줄기추출물, 시트랄, 연꽃추출물, 제라니올, 세라마이드엔피, 참나리비늘줄기추출물, 토코페롤, 메틸메타크릴레이트/아크릴로나이트릴코폴리머, 티비에이치큐, 하이드롤라이즈드콩추출물, 레스베라트롤"
윤조에센스 6세대,설화수,"정제수, 변성알코올, 부틸렌글라이콜, 베타인, 1,2-헥산다이올, 비스-피이지-18메틸에터다이메틸실레인, 글리세릴폴리메타크릴레이트, 프로판다이올, 카보머, 피피지-13-데실테트라데세스-24, 트로메타민, 글리세릴카프릴레이트, 황금추출물, 에틸헥실글리세린, 향료, 아데노신, 리모넨, 덱스트린, 카카오추출물, 메틸트라이메티콘, 다이소듐이디티에이, 잔탄검, 셀룰로오스검, 카라기난, 꿀, 마데카소사이드, 지황뿌리추출물, 펜틸렌글라이콜, 다이포타슘글리시리제이트, 3-O-에틸아스코빅애씨드, 타우린, 소엽맥문동뿌리추출물, 작약뿌리추출물, 마돈나백합비늘줄기추출물, 리날룰, 둥굴레뿌리줄기추출물, 바이오사카라이드검-1, 프로필렌글라이콜, 인삼추출물, 연꽃추출물, 낫토검, 대추추출물, 호두추출물, 매실추출물, 시트로넬올, 시트랄, 제라니올, 하이드로제네이티드레시틴, 토코페롤, 시트릭애씨드"
자음수 EX 150ml,설화수,"정제수, 부틸렌글라이콜, 1,2-헥산다이올, 베타인, 글리세린, 트레할로오스, 피이지/피피지-17/6코폴리머, 글리세레스-26, 피이지-60하이드로제네이티드캐스터오일, 아크릴레이트/C10-30알킬아크릴레이트크로스폴리머, 트로메타민, 에틸헥실글리세린, 대추추출물, 비스-피이지-18메틸에터다이메틸실레인, 카르노신, 황금추출물, 프로판다이올, 알란토인, 향료, 소듐메타포스페이트, 리모넨, 구기자추출물, 하이드록시에틸아크릴레이트/소듐아크릴로일다이메틸타우레이트코폴리머, 칡뿌리추출물, 바이오사카라이드검-1, 펜틸렌글라이콜, 글루타티온, 뽕나무잎추출물, 지황뿌리추출물, 리날룰, 매실나무꽃추출물, 작약뿌리추출물, 둥굴레뿌리줄기추출물, 솔비탄아이소스테아레이트, 폴리솔베이트60, 연꽃추출물, 참나리비늘줄기추출물, 토코페롤, 메톡시피이지-114/폴리엡실론카프로락톤, 하이드롤라이즈드콩추출물, 베타-글루칸, 매실추출물, 참깨추출물, 잣나무씨추출물, 모과추출물, 찔레꽃열매추출물"
상백톤업선크림 SPF50+/PA++++ 50ml,설화수,"정제수, C12-15알킬벤조에이트, 부틸렌글라이콜, 디에칠아미노하이드록시벤조일헥실벤조에이트, 호모살레이트, 에칠헥실살리실레이트, 티타늄디옥사이드, 글리세린, 비스-에칠헥실옥시페놀메톡시페닐트리아진, 나이아신아마이드, 폴리실리콘-15, 사이클로펜타실록세인, 세테아릴알코올, 사이클로헥사실록세인, 실리카, 아이소프로필팔미테이트, 티타늄디옥사이드 (CI 77891), 폴리C10-30알킬아크릴레이트, 1,2-헥산다이올, 알루미늄스테아레이트, 소듐폴리아크릴로일다이메틸타우레이트, 알루미나, 스테아릭애씨드, 폴리하이드록시스테아릭애씨드, 글리세릴스테아레이트, 폴리아크릴레이트크로스폴리머-6, 향료, 하이드로제네이티드레시틴, 글리세릴카프릴레이트, 리모넨, 황금추출물, 폴리글리세릴-3메틸글루코오스다이스테아레이트, 팔미틱애씨드, 다이소듐이디티에이, 아크릴레이트/C10-30알킬아크릴레이트크로스폴리머, 적색산화철, 아데노신, 매실추출물, 알루미늄하이드록사이드, 트라이에톡시카프릴릴실레인, 뽕나무뿌리추출물, 리날룰, 폴리메틸메타크릴레이트, 인삼추출물, 시트로넬올, 시트랄, 티몰트라이메톡시신나메이트, 제라니올, 미리스틱애씨드, 벤질벤조에이트, 라우릭애씨드, 에틸헥실글리세린, 뽕나무열매추출물"
옥용팩 120ml,설화수,"정제수, 폴리비닐알코올, 변성알코올, 글리세린, 부틸렌글라이콜, 층층갈고리둥굴레뿌리/뿌리줄기가루, 피이지-75, 1,2-헥산다이올, 피이지-60하이드로제네이티드캐스터오일, 벤토나이트, 잔탄검, 암모늄아크릴로일다이메틸타우레이트/브이피코폴리머, 향료, 리모넨, 인동덩굴꽃추출물, 에틸헥실글리세린, 쇠비름추출물, 프로판다이올, 둥굴레뿌리줄기가루, 꿀, 다이소듐이디티에이, 리날룰, 연꽃추출물, 각시둥굴레뿌리줄기/뿌리추출물, 지황뿌리추출물, 작약뿌리추출물, 마돈나백합비늘줄기추출물, 인삼추출물, 감초뿌리추출물, 토코페롤"
자음생아이크림 15ml,설화수,"정제수, 스쿠알란, 부틸렌글라이콜, 폴리글리세릴-3메틸글루코오스다이스테아레이트, 다이메티콘, 세틸에틸헥사노에이트, 프로판다이올, 글리세릴스테아레이트, 세테아릴알코올, 피토스테릴이소스테아릴다이머디리놀리에이트, 베헤닐알코올, 1,2-헥산다이올, 글리세린, 하이드로제네이티드캐스터오일아이소스테아레이트, 인삼수, 폴리아크릴레이트-13, 실리카, 암모늄아크릴로일다이메틸타우레이트/베헤네스-25메타크라일레이트크로스폴리머, 폴리아이소부텐, 향료, 하이드롤라이즈드홍삼사포닌, 글리세릴카프릴레이트, 돌콩오일, 폴리메틸메타크릴레이트, 에틸헥실글리세린, 소듐메타포스페이트, 폴리솔베이트20, 티몰트라이메톡시신나메이트, 솔비탄아이소스테아레이트, 덱스트린, 카카오추출물, 리날룰, 레티놀, 만니톨, 인삼추출물, 소듐클로라이드, 리모넨, 지황뿌리추출물, 작약뿌리추출물, 인삼꽃추출물, 둥굴레뿌리줄기추출물, 연꽃추출물, 참나리비늘줄기추출물, 카프릴릴글라이콜, 토코페롤, 아세틸헵타펩타이드-4, 아세틸테트라펩타이드-11, 헥사펩타이드-9, 아세틸헥사펩타이드-8, 소듐하이드록사이드, 아세틸옥타펩타이드-3"
퍼펙팅 쿠션 SPF50+/PA+++ 15g,설화수,"정제수, 티타늄디옥사이드 (CI 77891), 사이클로펜타실록세인, 호모살레이트, 다이페닐실록시페닐트라이메티콘, 에칠헥실메톡시신나메이트, 티타늄디옥사이드, 피이지-10다이메티콘, 프로판다이올, 부틸렌글라이콜다이카프릴레이트/다이카프레이트, 라우릴피이지-9폴리다이메틸실록시에틸다이메티콘, 사이클로헥사실록세인, 트라이메틸실록시실리케이트, 나이아신아마이드, 글리세린, 카프릴릴메티콘, 다이스테아다이모늄헥토라이트, 폴리메틸메타크릴레이트, 마그네슘포타슘플루오로실리케이트, 아크릴레이트/에틸헥실아크릴레이트/다이메티콘메타크릴레이트코폴리머, 황색산화철, 1,2-헥산다이올, 부틸렌글라이콜, 소듐클로라이드, 알루미나, 합성플루오르플로고파이트, 글리세릴스테아레이트시트레이트, 향료, 아크릴레이트/다이메티콘코폴리머, 알루미늄하이드록사이드, 트라이에톡시카프릴릴실레인, 폴리하이드록시스테아릭애씨드, 폴리솔베이트80, 적색산화철, 글리세릴카프릴레이트, 폴리페닐실세스퀴옥세인, 하이드로제네이티드레시틴, 아이소도데케인, 시메티콘, 카프릴릴글라이콜, 에틸헥실글리세린, 흑색산화철, 에틸헥실팔미테이트, 레시틴, 아이소스테아릭애씨드, 아이소프로필팔미테이트, 소듐하이알루로네이트, 다이소듐이디티에이, 아데노신, 폴리실리콘-11, 폴리글리세릴-3폴리리시놀리에이트, 꿀, 베타인, 지황뿌리추출물, 변성알코올, 비에이치티, 작약뿌리추출물, 마돈나백합비늘줄기추출물, 하이드로제네이티드폴리(C6-14올레핀), 둥굴레뿌리줄기추출물, 세틸에틸헥사노에이트, 하이알루로닉애씨드, 아미노프로필트라이에톡시실레인, 연꽃추출물, 폴리글리세릴-3메틸글루코오스다이스테아레이트, 토코페롤, 세테아릴알코올, 소듐스테아로일글루타메이트, 적색202호, 베타-글루칸, 매실나무꽃추출물"
퍼펙팅 쿠션 에어리 SPF50+/PA+++,설화수,"정제수, 티타늄디옥사이드 (CI 77891), 다이메티콘, 호모살레이트, 프로판다이올, 페닐트라이메티콘, 에칠헥실메톡시신나메이트, 카프릴릴메티콘, 티타늄디옥사이드, 아이소노닐아이소노나노에이트, 피이지-10다이메티콘, 사이클로펜타실록세인, 메틸트라이메티콘, 나이아신아마이드, 라우릴피이지-10트리스(트라이메틸실록시)실릴에틸다이메티콘, 1,2-헥산다이올, 다이스테아다이모늄헥토라이트, 아크릴레이트/다이메티콘코폴리머, 부틸렌글라이콜, 황색산화철, 소듐클로라이드, 알루미나, 글리세릴스테아레이트시트레이트, 솔비탄세스퀴올리에이트, 향료, 마이카, 다이소듐스테아로일글루타메이트, 합성플루오르플로고파이트, 알루미늄하이드록사이드, 아미노프로필다이메티콘, 카프릴릴글라이콜, 적색산화철, 폴리하이드록시스테아릭애씨드, 시메티콘, 에틸헥실글리세린, 다이소듐이디티에이, 에틸헥실팔미테이트, 레시틴, 아이소스테아릭애씨드, 아이소프로필팔미테이트, 흑색산화철, 아데노신, 폴리글리세릴-3폴리리시놀리에이트, 스테아로일글루타믹애씨드, 글리세린, 꿀, 지황뿌리추출물, 비에이치티, 작약뿌리추출물, 마돈나백합비늘줄기추출물, 둥굴레뿌리줄기추출물, 틴옥사이드, 트라이에톡시카프릴릴실레인, 폴리솔베이트80, 연꽃추출물, 하이드로제네이티드레시틴, 베타인, 변성알코올, 하이드로제네이티드폴리(C6-14올레핀), 토코페롤, 세틸에틸헥사노에이트, 폴리글리세릴-3메틸글루코오스다이스테아레이트, 하이알루로닉애씨드, 아미노프로필트라이에톡시실레인, 세테아릴알코올, 소듐스테아로일글루타메이트, 적색202호, 베타-글루칸, 매실나무꽃추출물"
여윤팩 120ml,설화수,"정제수, 부틸렌글라이콜, 글리세린, 세틸에틸헥사노에이트, 1,2-헥산다이올, 스쿠알란, 시어버터, 다이-C12-13알킬말레이트, 사이클로펜타실록세인, 다이메티콘, 글리세릴스테아레이트, 사이클로헥사실록세인, 트레할로오스, C14-22알코올, 팔미틱애씨드, 스테아릭애씨드, 세테아릴알코올, 하이드로제네이티드캐스터오일아이소스테아레이트, 하이드록시프로필스타치포스페이트, 피이지-100스테아레이트, 다이메티콘/비닐다이메티콘크로스폴리머, C12-20알킬글루코사이드, 폴리아크릴레이트-13, 피토스테릴/베헤닐/옥틸도데실라우로일글루타메이트, C12-16알코올, 아크릴레이트/C10-30알킬아크릴레이트크로스폴리머, 트로메타민, 향료, 잔탄검, 대추추출물, 글리세릴카프릴레이트, 호두추출물, 리모넨, 폴리아이소부텐, 황금추출물, 하이드로제네이티드레시틴, 뽕나무뿌리추출물, 다이소듐이디티에이, 에틸헥실글리세린, 덱스트린, 카카오추출물, 꿀, 리날룰, 폴리솔베이트20, 연꽃추출물, 각시둥굴레뿌리줄기/뿌리추출물, 지황뿌리추출물, 작약뿌리추출물, 마돈나백합비늘줄기추출물, 솔비탄아이소스테아레이트, 인삼추출물, 석류추출물, 프로판다이올, 시트로넬올, 시트랄, 제라니올, 미리스틱애씨드, 아라키딕애씨드, 글루코오스, 벤질벤조에이트, 감초뿌리추출물, 토코페롤, 석류나무꽃추출물"
퍼펙팅 쿠션 에어리 SPF50+/PA+++ 15g,설화수,"정제수, 티타늄디옥사이드 (CI 77891), 다이메티콘, 호모살레이트, 프로판다이올, 페닐트라이메티콘, 에칠헥실메톡시신나메이트, 카프릴릴메티콘, 티타늄디옥사이드, 아이소노닐아이소노나노에이트, 피이지-10다이메티콘, 사이클로펜타실록세인, 메틸트라이메티콘, 나이아신아마이드, 라우릴피이지-10트리스(트라이메틸실록시)실릴에틸다이메티콘, 1,2-헥산다이올, 다이스테아다이모늄헥토라이트, 아크릴레이트/다이메티콘코폴리머, 부틸렌글라이콜, 황색산화철, 소듐클로라이드, 알루미나, 글리세릴스테아레이트시트레이트, 솔비탄세스퀴올리에이트, 향료, 마이카, 다이소듐스테아로일글루타메이트, 합성플루오르플로고파이트, 알루미늄하이드록사이드, 아미노프로필다이메티콘, 카프릴릴글라이콜, 적색산화철, 폴리하이드록시스테아릭애씨드, 시메티콘, 에틸헥실글리세린, 흑색산화철, 다이소듐이디티에이, 에틸헥실팔미테이트, 레시틴, 아이소스테아릭애씨드, 아이소프로필팔미테이트, 아데노신, 스테아로일글루타믹애씨드, 폴리글리세릴-3폴리리시놀리에이트, 글리세린, 꿀, 지황뿌리추출물, 비에이치티, 작약뿌리추출물, 마돈나백합비늘줄기추출물, 둥굴레뿌리줄기추출물, 틴옥사이드, 트라이에톡시카프릴릴실레인, 폴리솔베이트80, 연꽃추출물, 하이드로제네이티드레시틴, 베타인, 변성알코올, 하이드로제네이티드폴리(C6-14올레핀), 토코페롤, 세틸에틸헥사노에이트, 폴리글리세릴-3메틸글루코오스다이스테아레이트, 하이알루로닉애씨드, 아미노프로필트라이에톡시실레인, 세테아릴알코올, 소듐스테아로일글루타메이트, 적색202호, 베타-글루칸, 매실나무꽃추출물"
퍼펙팅 립컬러,설화수,"하이드로제네이티드폴리(C6-14올레핀), 글리세린, 다이아이소스테아릴말레이트, 메틸하이드로제네이티드로지네이트, 하이드로제네이티드캐스터오일다이머다이리놀레에이트, 해바라기씨왁스, 호호바에스터, 쌀겨왁스, 세틸피이지/피피지-10/1다이메티콘, 폴리글리세릴-2트라이아이소스테아레이트, 다이스테아다이모늄헥토라이트, 실리카다이메틸실릴레이트, 적색산화철, 티타늄디옥사이드 (CI 77891), 폴리하이드록시스테아릭애씨드, 레시틴, 다이메티콘, 적색103호의(1), 에틸헥실팔미테이트, 아이소스테아릭애씨드, 아이소프로필미리스테이트, 글리세릴카프릴레이트, 폴리글리세릴-3폴리리시놀리에이트, 흑색산화철, 향료, 알루미나, 인삼씨오일, 시트로넬올, 리날룰, 토코페롤, 청색1호, 제라니올, 리모넨, 정제수, 프로판다이올, 부틸렌글라이콜, 펜타에리스리틸테트라-다이-T-부틸하이드록시하이드로신나메이트, 인삼추출물, 지황뿌리추출물, 작약뿌리추출물, 둥굴레뿌리줄기추출물, 연꽃추출물, 참나리비늘줄기추출물"
탄력크림 EX 75ml,설화수,"정제수, 글리세린, 부틸렌글라이콜다이카프릴레이트/다이카프레이트, 부틸렌글라이콜, 세틸에틸헥사노에이트, 카프릴릭/카프릭트라이글리세라이드, 프로판다이올, 카프릴릴메티콘, 글리세릴스테아레이트, 폴리글리세릴-3메틸글루코오스다이스테아레이트, 1,2-헥산다이올, 다이아이소스테아릴말레이트, 다이메티콘, 트레할로오스, 스쿠알란, C9-12알케인, 피이지-100스테아레이트, 세테아릴알코올, 하이드로제네이티드폴리아이소부텐, 하이드록시에틸아크릴레이트/소듐아크릴로일다이메틸타우레이트코폴리머, 폴리아크릴레이트-13, 하이드로제네이티드캐스터오일아이소스테아레이트, 알란토인, 폴리아이소부텐, 향료, 구기자추출물, 암모늄아크릴로일다이메틸타우레이트/베헤네스-25메타크라일레이트크로스폴리머, 대추추출물, 글리세릴카프릴레이트, 코코-카프릴레이트/카프레이트, 리모넨, 카르노신, 황금추출물, 칡뿌리추출물, 솔비탄아이소스테아레이트, 풀루란, 에틸헥실글리세린, 아데노신, 폴리솔베이트60, 폴리솔베이트20, 소듐메타포스페이트, 리날룰, 다이메티콘올, 시트로넬올, 덱스트린, 카카오추출물, 뽕나무잎추출물, 시트랄, 지황뿌리추출물, 제라니올, 작약뿌리추출물, 둥굴레뿌리줄기추출물, 연꽃추출물, 벤질벤조에이트, 참나리비늘줄기추출물, 하이드롤라이즈드콩추출물, 토코페롤, 베타-글루칸"
윤조마스크 5매,설화수,"정제수, 부틸렌글라이콜, 프로판다이올, 글리세린, 베타인, 1,2-헥산다이올, 글리세릴폴리메타크릴레이트, 카보머, 트로메타민, 피피지-13-데실테트라데세스-24, 황금추출물, 에틸헥실글리세린, 아데노신, 향료, 리모넨, 다이소듐이디티에이, 잔탄검, 셀룰로오스검, 덱스트린, 카카오추출물, 꿀, 마데카소사이드, 지황뿌리추출물, 다이포타슘글리시리제이트, 3-O-에틸아스코빅애씨드, 타우린, 소엽맥문동뿌리추출물, 작약뿌리추출물, 마돈나백합비늘줄기추출물, 둥굴레뿌리줄기추출물, 바이오사카라이드검-1, 인삼추출물, 펜틸렌글라이콜, 리날룰, 연꽃추출물, 낫토검, 대추추출물, 호두추출물, 매실추출물, 시트로넬올, 토코페롤"
윤조립밤 3g,설화수,"비스-다이글리세릴폴리아실아디페이트-2, 하이드로제네이티드캐스터오일다이머다이리놀레에이트, 카프릴릭/카프릭트라이글리세라이드, 스쿠알란, 피마자씨오일, 해바라기씨왁스, 호호바씨오일, 폴리글리세릴-2트라이아이소스테아레이트, 폴리하이드록시스테아릭애씨드, C10-18트라이글리세라이즈, 셀룰로오스, 시어버터, 다이팔미토일하이드록시프롤린, 트라이베헤닌, 카카오씨버터, 수크로오스테트라스테아레이트트라이아세테이트, 부틸렌글라이콜, 실리카다이메틸실릴레이트, 칸데릴라왁스, 세틸피이지/피피지-10/1다이메티콘, 하이드롤라이즈드홍삼사포닌, 다이페닐다이메티콘, 향료, 인삼씨오일, 시트로넬올, 리날룰, 제라니올, 리모넨, 정제수, 프로판다이올, 펜타에리스리틸테트라-다이-T-부틸하이드록시하이드로신나메이트, 인삼추출물, 꿀, 지황뿌리추출물, 작약뿌리추출물, 마돈나백합비늘줄기추출물, 둥굴레뿌리줄기추출물, 연꽃추출물"
상백선크림 SPF50+/PA++++ 50ml,설화수,"정제수, 프로판다이올, C12-15알킬벤조에이트, 글리세린, 디에칠아미노하이드록시벤조일헥실벤조에이트, 호모살레이트, 에칠헥실살리실레이트, 스쿠알란, 나이아신아마이드, 다이메티콘, 티타늄디옥사이드, 테레프탈릴리덴디캠퍼설포닉애씨드, 포타슘세틸포스페이트, 세테아릴알코올, 비스-에칠헥실옥시페놀메톡시페닐트리아진, 다이아이소프로필세바케이트, 1,2-헥산다이올, 트로메타민, 부틸렌글라이콜, 암모늄아크릴로일다이메틸타우레이트/브이피코폴리머, 다이메티콘/비닐다이메티콘크로스폴리머, 알루미늄스테아레이트, 폴리하이드록시스테아릭애씨드, 폴리아크릴레이트크로스폴리머-6, 폴리아크릴레이트-13, 향료, 아크릴레이트/C10-30알킬아크릴레이트크로스폴리머, 에틸헥실글리세린, 리모넨, 알루미나, 폴리아이소부텐, 황금추출물, 다이소듐이디티에이, 아데노신, 매실추출물, 뽕나무뿌리추출물, 리날룰, 폴리솔베이트20, 솔비탄아이소스테아레이트, 폴리메틸메타크릴레이트, 인삼추출물, 시트로넬올, 시트랄, 티몰트라이메톡시신나메이트, 제라니올, 벤질벤조에이트, 토코페롤, 뽕나무열매추출물"
퍼펙팅 트윈 케이크,설화수,"마이카, 탤크, 티타늄디옥사이드 (CI 77891), 티타늄디옥사이드, 실리카, 보론나이트라이드, 페닐트라이메티콘, 나일론6/12, 징크옥사이드, 부틸렌글라이콜다이카프릴레이트/다이카프레이트, 폴리글리세릴-2트라이아이소스테아레이트, 황색산화철, 피이지-10다이메티콘, 메티콘, 라우로일라이신, 다이메티콘, 하이드로제네이티드레시틴, 적색산화철, 트라이에톡시카프릴릴실레인, 에틸헥실글리세린, 향료, 흑색산화철, 글리세릴카프릴레이트, 알루미늄하이드록사이드, 리날룰, 정제수, 리모넨, 제라니올, 벤질벤조에이트, 부틸렌글라이콜, 시트로넬올, 글리세린, 시트랄, 프로판다이올, 토코페롤, 꿀, 매실나무꽃추출물, 지황뿌리추출물, 베타-글루칸, 작약뿌리추출물, 마돈나백합비늘줄기추출물, 둥굴레뿌리줄기추출물, 연꽃추출물"
진설수유액 2종 세트,설화수,"[진설수] 정제수, 부틸렌글라이콜, 글리세린, 변성알코올, 1,2-헥산다이올, 하이드로제네이티드폴리(C6-14올레핀), 폴리글리세릴-3메틸글루코오스다이스테아레이트, 스쿠알란, 글리세레스-26, 카보머, 나이아신아마이드, 다이메티콘, 부틸렌글라이콜다이카프릴레이트/다이카프레이트, 세틸에틸헥사노에이트, 펜타에리스리틸테트라아이소스테아레이트, 향료, 에틸헥실글리세린, 메틸글루코오스세스퀴스테아레이트, 아데노신, 프로판다이올, 세테아릴글루코사이드, 메톡시피이지-114/폴리엡실론카프로락톤, 잔탄검, 엑토인, 바이오플라보노이드, 벤질살리실레이트, 하이드롤라이즈드홍삼사포닌, 페녹시에탄올, 뽕나무잎추출물, 지황뿌리추출물, 작약뿌리추출물, 둥굴레뿌리줄기추출물, 시트로넬올, 리모넨, 연꽃추출물, 참나리비늘줄기추출물, 인삼열매추출물, 카프릴릴글라이콜, 토코페롤, 아세틸헵타펩타이드-4, 아세틸헥사펩타이드-8, 소듐하이드록사이드, 아세틸옥타펩타이드-3 / [진설유액] 정제수, 부틸렌글라이콜, 글리세린, 다이메티콘, 스쿠알란, 카프릴릭/카프릭트라이글리세라이드, 메도우폼씨오일, 1,2-헥산다이올, 하이드로제네이티드캐스터오일아이소스테아레이트, 피이지-40스테아레이트, 하이드로제네이티드식물성오일, 글리세릴스테아레이트, 세테아릴알코올, 글리세릴스테아레이트시트레이트, 스테아릭애씨드, 소듐폴리아크릴레이트, 잔탄검, 팔미틱애씨드, 하이드로제네이티드폴리데센, 피이지-100스테아레이트, 메톡시피이지-114/폴리엡실론카프로락톤, 향료, 에틸헥실글리세린, 글리세릴카프릴레이트, 소듐메타포스페이트, 아데노신, 프로판다이올, 하이드롤라이즈드홍삼사포닌, 피피지-5-라우레스-5, 페녹시에탄올, 마데카소사이드, 바이오플라보노이드, 벤질살리실레이트, 하이드록시프로필사이클로덱스트린, 뽕나무잎추출물, 지황뿌리추출물, 작약뿌리추출물, 둥굴레뿌리줄기추출물, 리모넨, 합성왁스, 인삼열매추출물, 연꽃추출물, 레시틴, 하이드롤라이즈드프로안토시아니딘, 참나리비늘줄기추출물, 하이드로제네이티드레시틴, 판테놀, 폴리글리세릴-10스테아레이트, 토코페롤, 카프릴릴글라이콜, 아세틸헵타펩타이드-4, 세라마이드엔피, 콜레스테롤, 아세틸헥사펩타이드-8, 소듐하이드록사이드, 아세틸옥타펩타이드-3"
본윤선크림 SPF50+/PA++++ 50ml,설화수,"정제수, 부틸렌글라이콜, 에칠헥실메톡시신나메이트, 글리세린, 에칠헥실살리실레이트, 비스-에칠헥실옥시페놀메톡시페닐트리아진, 디에칠아미노하이드록시벤조일헥실벤조에이트, 실리카, 세틸에틸헥사노에이트, 테레프탈릴리덴디캠퍼설포닉애씨드, 사이클로펜타실록세인, 트로메타민, 폴리메틸메타크릴레이트, 1,2-헥산다이올, 세테아릴알코올, 사이클로헥사실록세인, 하이드록시프로필스타치포스페이트, 포타슘세틸포스페이트, 하이드록시에틸아크릴레이트/소듐아크릴로일다이메틸타우레이트코폴리머, 쇠비름추출물, 글리세릴스테아레이트, 아크릴레이트/C10-30알킬아크릴레이트크로스폴리머, 향료, 하이드로제네이티드레시틴, 글리세릴카프릴레이트, 스테아릭애씨드, 폴리글리세릴-3메틸글루코오스다이스테아레이트, 팔미틱애씨드, 에틸헥실글리세린, 다이소듐이디티에이, 리모넨, 아데노신, 솔비탄아이소스테아레이트, 리날룰, 벤질벤조에이트, 인삼추출물, 페녹시에탄올, 비에이치티, 가시오갈피뿌리추출물, 황벽나무껍질추출물, 생강뿌리줄기추출물, 황금추출물, 영지버섯추출물, 신나밀알코올, 미리스틱애씨드, 쌀발효여과물, 라우릭애씨드, 토코페롤"
퍼펙팅 쿠션 SPF50+/PA+++,설화수,"정제수, 티타늄디옥사이드 (CI 77891), 사이클로펜타실록세인, 호모살레이트, 다이페닐실록시페닐트라이메티콘, 에칠헥실메톡시신나메이트, 티타늄디옥사이드, 피이지-10다이메티콘, 프로판다이올, 부틸렌글라이콜다이카프릴레이트/다이카프레이트, 라우릴피이지-9폴리다이메틸실록시에틸다이메티콘, 사이클로헥사실록세인, 트라이메틸실록시실리케이트, 나이아신아마이드, 글리세린, 카프릴릴메티콘, 폴리메틸메타크릴레이트, 다이스테아다이모늄헥토라이트, 마그네슘포타슘플루오로실리케이트, 아크릴레이트/에틸헥실아크릴레이트/다이메티콘메타크릴레이트코폴리머, 황색산화철, 1,2-헥산다이올, 부틸렌글라이콜, 소듐클로라이드, 알루미나, 합성플루오르플로고파이트, 글리세릴스테아레이트시트레이트, 향료, 아크릴레이트/다이메티콘코폴리머, 알루미늄하이드록사이드, 트라이에톡시카프릴릴실레인, 폴리하이드록시스테아릭애씨드, 폴리솔베이트80, 글리세릴카프릴레이트, 폴리페닐실세스퀴옥세인, 적색산화철, 하이드로제네이티드레시틴, 아이소도데케인, 시메티콘, 카프릴릴글라이콜, 에틸헥실글리세린, 에틸헥실팔미테이트, 레시틴, 아이소스테아릭애씨드, 아이소프로필팔미테이트, 소듐하이알루로네이트, 다이소듐이디티에이, 아데노신, 폴리실리콘-11, 폴리글리세릴-3폴리리시놀리에이트, 흑색산화철, 꿀, 베타인, 지황뿌리추출물, 변성알코올, 비에이치티, 작약뿌리추출물, 마돈나백합비늘줄기추출물, 하이드로제네이티드폴리(C6-14올레핀), 둥굴레뿌리줄기추출물, 세틸에틸헥사노에이트, 하이알루로닉애씨드, 아미노프로필트라이에톡시실레인, 연꽃추출물, 폴리글리세릴-3메틸글루코오스다이스테아레이트, 토코페롤, 세테아릴알코올, 소듐스테아로일글루타메이트, 적색202호, 베타-글루칸, 매실나무꽃추출물"
자음생크림 리치 단품세트 50ml,설화수,"정제수, 글리세린, 스쿠알란, 부틸렌글라이콜, 트레할로오스, 메도우폼씨오일, 카프릴릴메티콘, 글리세릴스테아레이트, 다이메티콘, 피토스테릴이소스테아릴다이머디리놀리에이트, 옥틸도데실미리스테이트, 피이지-40스테아레이트, 피토스테릴/베헤닐/옥틸도데실라우로일글루타메이트, 해바라기씨오일, 호호바에스터, 팔미틱애씨드, 피이지-100스테아레이트, 스테아릭애씨드, 프로판다이올, 메톡시피이지-114/폴리엡실론카프로락톤, 망고씨버터, 폴리아크릴레이트-13, 세테아릴알코올, 돌콩오일, 페녹시에탄올, 피이지-30다이폴리하이드록시스테아레이트, 세틸피이지/피피지-10/1다이메티콘, 향료, 하이드로제네이티드식물성오일, 프로필렌글라이콜, 돌콩스테롤, 폴리아이소부텐, 아세틸글루코사민, 인삼추출물, 폴리쿼터늄-51, 토코페롤, 카나우바왁스, 토코페릴리놀리에이트, 하이드롤라이즈드홍삼사포닌, 헥실라우레이트, 아보카도오일, 판테틴, 살리실릭애씨드, 라우릴피이지/피피지-18/18메티콘, 에틸헥실글리세린, 치자추출물, 포도잎추출물, 폴리솔베이트20, 리날룰, 솔비탄아이소스테아레이트, 1,2-헥산다이올, 베타-글루칸, 레티놀, 소듐메타포스페이트, 덱스트린, 다이메티콘올, 소듐하이알루로네이트, 피토스핑고신, 만니톨, 리모넨, 아이소스테아릴알코올, 소듐클로라이드, 아스코빌팔미테이트, 하이드로제네이티드식물성글리세라이즈시트레이트, 지황뿌리추출물, 작약뿌리추출물, 인삼꽃추출물, 둥굴레뿌리줄기추출물, 알파-아이소메틸아이오논, 레시틴, 연꽃추출물, 참나리비늘줄기추출물, 티비에이치큐, 카프릴릴글라이콜, 아세틸헵타펩타이드-4, 펜타에리스리틸테트라-다이-T-부틸하이드록시하이드로신나메이트, 아세틸테트라펩타이드-11, 헥사펩타이드-9, 아세틸헥사펩타이드-8, 소듐하이드록사이드, 아세틸옥타펩타이드-3"
자음생유액 125ml,설화수,"정제수, 부틸렌글라이콜, 인삼수, 글리세린, 펜타에리스리틸테트라에틸헥사노에이트, 하이드로제네이티드폴리(C6-14올레핀), 다이메티콘, 1,2-헥산다이올, 시어버터, 폴리글리세릴-3메틸글루코오스다이스테아레이트, 다이메티콘/비닐다이메티콘크로스폴리머, 글리세릴스테아레이트, 카보머, 세테아릴알코올, 글리세릴스테아레이트시트레이트, 하이드로제네이티드식물성오일, 하이드록시에틸아크릴레이트/소듐아크릴로일다이메틸타우레이트코폴리머, 향료, 스테아릭애씨드, 트로메타민, 메톡시피이지-114/폴리엡실론카프로락톤, 잔탄검, 글리세릴카프릴레이트, 팔미틱애씨드, 에틸헥실글리세린, 소듐메타포스페이트, 아데노신, 하이드롤라이즈드홍삼사포닌, 리날룰, 구기자추출물, 솔비탄아이소스테아레이트, 폴리솔베이트60, 페녹시에탄올, 세라마이드엔피, 만니톨, 칡뿌리추출물, 소듐클로라이드, 인삼추출물, 리모넨, 뽕나무잎추출물, 지황뿌리추출물, 작약뿌리추출물, 둥굴레뿌리줄기추출물, 연꽃추출물, 참나리비늘줄기추출물, 토코페롤, 카프릴릴글라이콜, 하이드롤라이즈드콩추출물, 아세틸헵타펩타이드-4, 아세틸테트라펩타이드-11, 헥사펩타이드-9, 아세틸헥사펩타이드-8, 소듐하이드록사이드, 아세틸옥타펩타이드-3"
탄력크림 EX 50ml,설화수,"정제수, 글리세린, 부틸렌글라이콜다이카프릴레이트/다이카프레이트, 부틸렌글라이콜, 세틸에틸헥사노에이트, 카프릴릭/카프릭트라이글리세라이드, 프로판다이올, 카프릴릴메티콘, 글리세릴스테아레이트, 폴리글리세릴-3메틸글루코오스다이스테아레이트, 1,2-헥산다이올, 다이아이소스테아릴말레이트, 다이메티콘, 트레할로오스, 스쿠알란, C9-12알케인, 피이지-100스테아레이트, 세테아릴알코올, 하이드로제네이티드폴리아이소부텐, 하이드록시에틸아크릴레이트/소듐아크릴로일다이메틸타우레이트코폴리머, 폴리아크릴레이트-13, 하이드로제네이티드캐스터오일아이소스테아레이트, 알란토인, 폴리아이소부텐, 향료, 구기자추출물, 암모늄아크릴로일다이메틸타우레이트/베헤네스-25메타크라일레이트크로스폴리머, 대추추출물, 글리세릴카프릴레이트, 코코-카프릴레이트/카프레이트, 리모넨, 카르노신, 황금추출물, 칡뿌리추출물, 솔비탄아이소스테아레이트, 풀루란, 에틸헥실글리세린, 아데노신, 폴리솔베이트60, 폴리솔베이트20, 소듐메타포스페이트, 리날룰, 다이메티콘올, 시트로넬올, 덱스트린, 카카오추출물, 뽕나무잎추출물, 시트랄, 지황뿌리추출물, 제라니올, 작약뿌리추출물, 둥굴레뿌리줄기추출물, 연꽃추출물, 벤질벤조에이트, 참나리비늘줄기추출물, 하이드롤라이즈드콩추출물, 토코페롤, 베타-글루칸"
NEW 자음생클렌징폼 150g,설화수,"정제수, 글리세린, 포타슘코코일글리시네이트, 소듐라우로일글루타메이트, 글리세릴스테아레이트, 글라이콜다이스테아레이트, 소듐코코일글라이시네이트, 라우릴하이드록시설테인, 시트릭애씨드, 코코-글루코사이드, 하이드록시프로필스타치포스페이트, 향료, 데실글루코사이드, 부틸렌글라이콜, 소듐클로라이드, 소듐메타포스페이트, 글리세릴카프릴레이트, 하이드록시프로필구아하이드록시프로필트라이모늄클로라이드, 스핑고모나스발효추출물, 프로판다이올, 리날룰, 에틸헥실글리세린, 덱스트린, 카카오추출물, 리모넨, 메톡시피이지-114/폴리엡실론카프로락톤, 만니톨, 잇꽃꽃추출물, 지황뿌리추출물, 작약뿌리추출물, 하이드롤라이즈드홍삼사포닌, 둥굴레뿌리줄기추출물, 1,2-헥산다이올, 페녹시에탄올, 연꽃추출물, 인삼추출물, 참나리비늘줄기추출물, 토코페롤, 다이소듐이디티에이, 아세틸테트라펩타이드-11, 피씨에이, 락틱애씨드, 글루코오스, 카프릴릴글라이콜, 글라이신, 우레아, 소듐글리세로포스페이트, 세린, 글루타믹애씨드, 아세틸헵타펩타이드-4, 포타슘마그네슘아스파테이트, 아스파틱애씨드, 류신, 알라닌, 라이신, 알지닌, 칼슘글루코네이트, 마그네슘글루코네이트, 타이로신, 페닐알라닌, 프롤린, 트레오닌, 발린, 아이소류신, 헥사펩타이드-9, 히스티딘, 아세틸글루코사민, 시스테인, 크레아틴, 우릭애씨드, 아세틸헥사펩타이드-8, 메티오닌, 소듐하이드록사이드, 아세틸옥타펩타이드-3"
자음생앰플 20g,설화수,"1제: 정제수, 부틸렌글라이콜, 1,2-헥산다이올, 인삼열매추출물, 덱스트린, 카카오추출물, 에틸헥실글리세린, 사이아노코발아민 2제: 정제수, 부틸렌글라이콜, 글리세린, 피이지/피피지-17/6코폴리머, 다이프로필렌글라이콜, 폴리솔베이트80, 1,2-헥산다이올, 다이에톡시에틸석시네이트, 비스-피이지-18메틸에터다이메틸실레인, 피이지-150다이스테아레이트, 폴리솔베이트20, 올리브오일피이지-8에스터, 향료, 다이포타슘글리시리제이트, 만니톨, 펜틸렌글라이콜, 아데노신, 에틸헥실글리세린, 메톡시피이지-114/폴리엡실론카프로락톤, 리날룰, 소듐메타포스페이트, 마데카소사이드, 타우린, 잔탄검, 소듐클로라이드, 인삼추출물, 벤질벤조에이트, 하이드롤라이즈드홍삼사포닌, 서양톱풀추출물, 지황뿌리추출물, 인삼잎/줄기추출물, 페녹시에탄올, 알파-아이소메틸아이오논, 작약뿌리추출물, 인삼꽃추출물, 둥굴레뿌리줄기추출물, 리모넨, 시트로넬올, 연꽃추출물, 참나리비늘줄기추출물, 토코페롤, 스페인감초뿌리추출물, 아세틸테트라펩타이드-11, 카프릴릴글라이콜, 아세틸헵타펩타이드-4, 헥사펩타이드-9, 아세틸헥사펩타이드-8, 소듐하이드록사이드, 아세틸옥타펩타이드-3"
자음생캡슐세럼 단품세트,설화수,"정제수, 부틸렌글라이콜, 글리세린, 메틸글루세스-20, 세틸에틸헥사노에이트, 베헤닐알코올, 베타인, 1,2-헥산다이올, 메톡시피이지-114/폴리엡실론카프로락톤, 나이아신아마이드, 카보머, 트로메타민, 페닐트라이메티콘, 카프릴릴메티콘, 호호바에스터, 향료, 하이드롤라이즈드홍삼사포닌, 글리세릴카프릴레이트, 페녹시에탄올, 아라키딜알코올, 에틸헥실글리세린, 덱스트린, 카카오추출물, 소듐메타포스페이트, 리날룰, 아라키딜글루코사이드, 판테놀, 만니톨, 인삼씨오일, 돌콩오일, 인삼추출물, 소듐클로라이드, 인삼잎/줄기추출물, 리모넨, 지황뿌리추출물, 작약뿌리추출물, 인삼꽃추출물, 둥굴레뿌리줄기추출물, 연꽃추출물, 레티놀, 프로판다이올, 참나리비늘줄기추출물, 하이드로제네이티드레시틴, 소듐하이알루로네이트, 토코페롤, 카프릴릴글라이콜, 펜타에리스리틸테트라-다이-T-부틸하이드록시하이드로신나메이트, 피토스핑고신, 소듐폴리아스파테이트, 하이드롤라이즈드하이알루로닉애씨드, 아세틸헵타펩타이드-4, 소듐하이알루로네이트크로스폴리머, 아세틸테트라펩타이드-11, 소듐메틸스테아로일타우레이트, 하이알루로닉애씨드, 아세틸헥사펩타이드-8, 소듐하이드록사이드, 헥사펩타이드-9, 소듐아세틸레이티드하이알루로네이트, 아세틸옥타펩타이드-3"
자음생캡슐세럼 50ml,설화수,"정제수, 부틸렌글라이콜, 글리세린, 메틸글루세스-20, 세틸에틸헥사노에이트, 베헤닐알코올, 베타인, 1,2-헥산다이올, 메톡시피이지-114/폴리엡실론카프로락톤, 나이아신아마이드, 카보머, 트로메타민, 페닐트라이메티콘, 카프릴릴메티콘, 호호바에스터, 향료, 하이드롤라이즈드홍삼사포닌, 글리세릴카프릴레이트, 페녹시에탄올, 아라키딜알코올, 에틸헥실글리세린, 덱스트린, 카카오추출물, 소듐메타포스페이트, 리날룰, 아라키딜글루코사이드, 판테놀, 만니톨, 인삼씨오일, 돌콩오일, 인삼추출물, 소듐클로라이드, 인삼잎/줄기추출물, 리모넨, 지황뿌리추출물, 작약뿌리추출물, 인삼꽃추출물, 둥굴레뿌리줄기추출물, 연꽃추출물, 레티놀, 프로판다이올, 참나리비늘줄기추출물, 하이드로제네이티드레시틴, 소듐하이알루로네이트, 토코페롤, 카프릴릴글라이콜, 펜타에리스리틸테트라-다이-T-부틸하이드록시하이드로신나메이트, 피토스핑고신, 소듐폴리아스파테이트, 하이드롤라이즈드하이알루로닉애씨드, 아세틸헵타펩타이드-4, 소듐하이알루로네이트크로스폴리머, 아세틸테트라펩타이드-11, 소듐메틸스테아로일타우레이트, 하이알루로닉애씨드, 아세틸헥사펩타이드-8, 소듐하이드록사이드, 헥사펩타이드-9, 소듐아세틸레이티드하이알루로네이트, 아세틸옥타펩타이드-3"
백삼팩 120ml,설화수,"정제수, 글리세린, 다이메티콘, 메틸글루세스-20, 부틸렌글라이콜, 피이지-15글리세릴아이소스테아레이트, 인삼가루, 변성알코올, 폴리글리세린-3, 글리세릴폴리메타크릴레이트, 피브이피, 1,2-헥산다이올, 암모늄아크릴로일다이메틸타우레이트/브이피코폴리머, 아크릴레이트/C10-30알킬아크릴레이트크로스폴리머, 호두나무열매껍질가루, 트로메타민, 잔탄검, 향료, 프로판다이올, 다이소듐이디티에이, 리모넨, 꿀, 메톡시피이지-114/폴리엡실론카프로락톤, 연꽃추출물, 각시둥굴레뿌리줄기/뿌리추출물, 지황뿌리추출물, 작약뿌리추출물, 마돈나백합비늘줄기추출물, 인삼추출물, 백화사설초추출물, 감초뿌리추출물, 페녹시에탄올, 하이드롤라이즈드인삼사포닌, 에틸헥실글리세린"
자음생수 150ml,설화수,"정제수, 글리세린, 부틸렌글라이콜, 인삼수, 변성알코올, 1,2-헥산다이올, 글리세릴폴리메타크릴레이트, 나이아신아마이드, 메틸글루세스-20, 피피지-13-데실테트라데세스-24, 비스-피이지-18메틸에터다이메틸실레인, 카보머, 트로메타민, 프로판다이올, 만니톨, 에틸헥실글리세린, 소듐메타포스페이트, 향료, 아데노신, 소듐하이알루로네이트, 잔탄검, 셀룰로오스검, 구기자추출물, 칡뿌리추출물, 리날룰, 소듐클로라이드, 인삼추출물, 베타-글루칸, 하이드롤라이즈드홍삼사포닌, 뽕나무잎추출물, 지황뿌리추출물, 작약뿌리추출물, 둥굴레뿌리줄기추출물, 리모넨, 연꽃추출물, 참나리비늘줄기추출물, 토코페롤, 아세틸테트라펩타이드-11, 카프릴릴글라이콜, 하이드롤라이즈드콩추출물, 아세틸헵타펩타이드-4, 헥사펩타이드-9, 아세틸헥사펩타이드-8, 소듐하이드록사이드, 아세틸옥타펩타이드-3"
자음생마스크EX 5매,설화수,"정제수, 부틸렌글라이콜, 글리세린, 스쿠알란, 펜타에리스리틸테트라에틸헥사노에이트, 아라키딜알코올, 다이메티콘, 베헤닐알코올, 시어버터, 사이클로펜타실록세인, 아라키딜글루코사이드, 세틸에틸헥사노에이트, 사이클로헥사실록세인, 하이드록시에틸아크릴레이트/소듐아크릴로일다이메틸타우레이트코폴리머, 페녹시에탄올, 인삼추출물, 부틸렌글라이콜다이카프릴레이트/다이카프레이트, 트라이에틸헥사노인, 폴리아크릴레이트-13, 피이지-10다이메티콘, 향료, 라우릴피이지-9폴리다이메틸실록시에틸다이메티콘, 세틸피이지/피피지-10/1다이메티콘, 폴리아이소부텐, 다이스테아다이모늄헥토라이트, 메톡시피이지-114/폴리엡실론카프로락톤, 다이소듐이디티에이, 프로판다이올, 하이드록시프로필사이클로덱스트린, 아데노신, 솔비탄아이소스테아레이트, 에틸헥실글리세린, 1,2-헥산다이올, 폴리솔베이트60, 들깨추출물, 리날룰, 덱스트린, 하이드롤라이즈드홍삼사포닌, 폴리솔베이트20, 글루코오스, 잇꽃꽃추출물, 치자추출물, 리모넨, 하이드롤라이즈드프로안토시아니딘, 꿀, 소듐클로라이드, 하이드로제네이티드레시틴, 지황뿌리추출물, 감초뿌리추출물, 인삼꽃추출물, 작약뿌리추출물, 마돈나백합비늘줄기추출물, 둥굴레뿌리줄기추출물, 연꽃추출물, 피토스핑고신, 소듐폴리아스파테이트, 카프릴릴글라이콜, 소듐메틸스테아로일타우레이트, 토코페롤, 아세틸헵타펩타이드-4, 펜타에리스리틸테트라-다이-T-부틸하이드록시하이드로신나메이트, 아세틸헥사펩타이드-8, 소듐하이드록사이드, 아세틸옥타펩타이드-3"
본윤에센스 140ml,설화수,"정제수, 부틸렌글라이콜, 변성알코올, 베타인, 1,2-헥산다이올, 나이아신아마이드, 피이지/피피지-17/6코폴리머, 글리세릴폴리메타크릴레이트, 피이지-60하이드로제네이티드캐스터오일, 비스-피이지-18메틸에터다이메틸실레인, 카보머, 향료, 트로메타민, 프로판다이올, 에틸헥실글리세린, 사카라이드하이드롤리세이트, 아데노신, 리모넨, 다이소듐이디티에이, 리날룰, 메틸트라이메티콘, 페녹시에탄올, 소엽맥문동뿌리추출물, 카라기난, 벤질벤조에이트, 인삼추출물, 가시오갈피뿌리추출물, 황벽나무껍질추출물, 생강뿌리줄기추출물, 황금추출물, 프로필렌글라이콜, 펜틸렌글라이콜, 감초뿌리추출물, 영지버섯추출물, 신나밀알코올, 쌀발효여과물, 낫토검, 하이드로제네이티드레시틴, 토코페롤, 시트릭애씨드"
시그니처 진생 페이셜 솝 1입 120g,설화수,"정제수, 미리스틱애씨드, 글리세린, 라우릭애씨드, 팔미틱애씨드, 부틸렌글라이콜, 소듐하이드록사이드, 포타슘하이드록사이드, 스테아릭애씨드, 글리세릴스테아레이트, 향료, 폴리쿼터늄-22, 카나우바왁스, 리모넨, 티타늄디옥사이드 (CI 77891), 리날룰, 소듐메타포스페이트, 유제놀, 1,2-헥산다이올, 인삼꽃추출물, 인삼추출물, 에틸헥실글리세린"
상백선플루이드 SPF50+/PA+++ 50ml,설화수,"정제수, 다이메티콘, 징크옥사이드, 에칠헥실메톡시신나메이트, 아이소도데케인, 다이아이소프로필세바케이트, 변성알코올, 부틸렌글라이콜, 글리세린, 메틸트라이메티콘, 아이소프로필팔미테이트, 옥토크릴렌, 메틸메타크릴레이트크로스폴리머, 폴리메틸실세스퀴옥세인, 트라이메틸실록시실리케이트, 나이아신아마이드, 라우릴피이지-9폴리다이메틸실록시에틸다이메티콘, 디에칠아미노하이드록시벤조일헥실벤조에이트, 티타늄디옥사이드, 보론나이트라이드, 마이카, 1,2-헥산다이올, 비스-에칠헥실옥시페놀메톡시페닐트리아진, 나일론-12, 트라이에톡시카프릴릴실레인, 아이소스테아릭애씨드, 폴리글리세릴-3폴리다이메틸실록시에틸다이메티콘, 스테아릭애씨드, 다이스테아다이모늄헥토라이트, 알루미늄하이드록사이드, 향료, 카프릴릴글라이콜, 리모넨, 황금추출물, 다이소듐이디티에이, 에틸헥실글리세린, 메티콘, 아데노신, 매실추출물, 뽕나무뿌리추출물, 리날룰, 폴리메틸메타크릴레이트, 인삼추출물, 시트로넬올, 비에이치티, 시트랄, 티몰트라이메톡시신나메이트, 제라니올, 벤질벤조에이트, 토코페롤, 뽕나무열매추출물"
퍼펙팅 파우더 20g,설화수,"탤크, 마이카, 다이메티콘/비닐다이메티콘크로스폴리머, 에틸렌/아크릴릭애씨드코폴리머, 바륨설페이트, 티타늄디옥사이드 (CI 77891), 스쿠알란, 피씨에이다이메티콘, 하이드로제네이티드레시틴, 에틸헥실글리세린, 향료, 글리세릴카프릴레이트, 다이메티콘올, 리날룰, 정제수, 리모넨, 마그네슘미리스테이트, 제라니올, 벤질벤조에이트, 틴옥사이드, 적색산화철, 폴리메틸실세스퀴옥세인, 부틸렌글라이콜, 시트로넬올, 글리세린, 시트랄, 메톡시피이지-114/폴리엡실론카프로락톤, 프로판다이올, 트라이에톡시카프릴릴실레인, 토코페롤, 매실추출물, 참깨추출물, 잣나무씨추출물, 모과추출물, 찔레꽃열매추출물, 페녹시에탄올, 매실나무꽃추출물, 베타-글루칸, 꿀, 지황뿌리추출물, 작약뿌리추출물, 마돈나백합비늘줄기추출물, 둥굴레뿌리줄기추출물, 연꽃추출물"
본윤유액 90ml,설화수,"정제수, 프로판다이올, 글리세린, 스쿠알란, 카프릴릭/카프릭트라이글리세라이드, 펜타에리스리틸테트라에틸헥사노에이트, 베헤닐알코올, 다이메티콘, 부틸렌글라이콜, 1, 2-헥산다이올, 글리세릴스테아레이트, 스테아릭애씨드, 하이드로제네이티드레시틴, 콜레스테롤, 팔미틱애씨드, 합성플루오르플로고파이트, 향료, 티타늄디옥사이드 (CI 77891), 하이드록시프로필비스팔미타마이드엠이에이, 잔탄검, 글리세릴카프릴레이트, 카보머, 트로메타민, 다이소듐이디티에이, 리모넨, 에틸헥실글리세린, 아데노신, 리날룰, 페녹시에탄올, 비타민나무열매추출물, 원추리꽃추출물, 감초뿌리추출물, 소엽맥문동뿌리추출물, 벤질벤조에이트, 인삼추출물, 틴옥사이드, 가시오갈피뿌리추출물, 황벽나무껍질추출물, 생강뿌리줄기추출물, 황금추출물, 미리스틱애씨드, 아라키딕애씨드, 신나밀알코올, 영지버섯추출물, 쌀발효여과물, 시트랄, 제라니올, 토코페롤"
자음생크림 단품세트 50ml,설화수,"정제수, 부틸렌글라이콜, 다이메티콘, 글리세린, 트라이에틸헥사노인, 스쿠알란, 하이드로제네이티드폴리아이소부텐, 1,2-헥산다이올, 비닐다이메티콘/메티콘실세스퀴옥세인크로스폴리머, 하이드록시에틸아크릴레이트/소듐아크릴로일다이메틸타우레이트코폴리머, 세테아릴올리베이트, 메톡시피이지-114/폴리엡실론카프로락톤, 세테아릴알코올, 솔비탄올리베이트, 글리세릴스테아레이트, 팔미틱애씨드, 스테아릭애씨드, 아라키딜알코올, 향료, 베헤닐알코올, 하이드롤라이즈드홍삼사포닌, 글리세릴카프릴레이트, 만니톨, 솔비탄아이소스테아레이트, 폴리솔베이트60, 아라키딜글루코사이드, 페녹시에탄올, 에틸헥실글리세린, 소듐메타포스페이트, 소듐스테아로일글루타메이트, 리날룰, 토코페릴아세테이트, 아스코빌테트라이소팔미테이트, 덱스트린, 인삼추출물, 카카오추출물, 리모넨, 소듐클로라이드, 지황뿌리추출물, 작약뿌리추출물, 인삼꽃추출물, 둥굴레뿌리줄기추출물, 연꽃추출물, 참나리비늘줄기추출물, 아세틸테트라펩타이드-11, 카프릴릴글라이콜, 토코페롤, 아세틸헵타펩타이드-4, 헥사펩타이드-9, 아세틸헥사펩타이드-8, 소듐하이드록사이드, 아세틸옥타펩타이드-3"
퍼펙팅 쿠션 에어리 SPF50+/PA+++,설화수,"정제수, 티타늄디옥사이드 (CI 77891), 다이메티콘, 호모살레이트, 프로판다이올, 페닐트라이메티콘, 에칠헥실메톡시신나메이트, 카프릴릴메티콘, 티타늄디옥사이드, 아이소노닐아이소노나노에이트, 피이지-10다이메티콘, 사이클로펜타실록세인, 메틸트라이메티콘, 나이아신아마이드, 라우릴피이지-10트리스(트라이메틸실록시)실릴에틸다이메티콘, 1,2-헥산다이올, 다이스테아다이모늄헥토라이트, 아크릴레이트/다이메티콘코폴리머, 부틸렌글라이콜, 황색산화철, 소듐클로라이드, 알루미나, 글리세릴스테아레이트시트레이트, 솔비탄세스퀴올리에이트, 향료, 마이카, 다이소듐스테아로일글루타메이트, 합성플루오르플로고파이트, 알루미늄하이드록사이드, 아미노프로필다이메티콘, 카프릴릴글라이콜, 적색산화철, 폴리하이드록시스테아릭애씨드, 시메티콘, 에틸헥실글리세린, 다이소듐이디티에이, 에틸헥실팔미테이트, 레시틴, 아이소스테아릭애씨드, 아이소프로필팔미테이트, 흑색산화철, 아데노신, 폴리글리세릴-3폴리리시놀리에이트, 스테아로일글루타믹애씨드, 글리세린, 꿀, 지황뿌리추출물, 비에이치티, 작약뿌리추출물, 마돈나백합비늘줄기추출물, 둥굴레뿌리줄기추출물, 틴옥사이드, 트라이에톡시카프릴릴실레인, 폴리솔베이트80, 연꽃추출물, 하이드로제네이티드레시틴, 베타인, 변성알코올, 하이드로제네이티드폴리(C6-14올레핀), 토코페롤, 세틸에틸헥사노에이트, 폴리글리세릴-3메틸글루코오스다이스테아레이트, 하이알루로닉애씨드, 아미노프로필트라이에톡시실레인, 세테아릴알코올, 소듐스테아로일글루타메이트, 적색202호, 베타-글루칸, 매실나무꽃추출물"
시그니처 진생 페이셜 솝 2입 120g*2,설화수,"정제수, 미리스틱애씨드, 글리세린, 라우릭애씨드, 팔미틱애씨드, 부틸렌글라이콜, 소듐하이드록사이드, 포타슘하이드록사이드, 스테아릭애씨드, 글리세릴스테아레이트, 향료, 폴리쿼터늄-22, 카나우바왁스, 리모넨, 티타늄디옥사이드 (CI 77891), 리날룰, 소듐메타포스페이트, 유제놀, 1,2-헥산다이올, 인삼꽃추출물, 인삼추출물, 에틸헥실글리세린"
진설유액 125ml,설화수,"정제수, 부틸렌글라이콜, 글리세린, 다이메티콘, 스쿠알란, 카프릴릭/카프릭트라이글리세라이드, 메도우폼씨오일, 1,2-헥산다이올, 하이드로제네이티드캐스터오일아이소스테아레이트, 피이지-40스테아레이트, 하이드로제네이티드식물성오일, 글리세릴스테아레이트, 세테아릴알코올, 글리세릴스테아레이트시트레이트, 스테아릭애씨드, 소듐폴리아크릴레이트, 잔탄검, 팔미틱애씨드, 하이드로제네이티드폴리데센, 피이지-100스테아레이트, 메톡시피이지-114/폴리엡실론카로락톤, 향료, 에틸헥실글리세린, 글리세릴카프릴레이트, 소듐메타포스페이트, 아데노신, 프로판다이올, 하이드롤라이즈드홍삼사포닌, 피피지-5-라우레스-5, 페녹시에탄올, 마데카소사이드, 바이오플라보노이드, 벤질살리실레이트, 하이드록시프로필사이클로덱스트린, 뽕나무잎추출물, 지황뿌리추출물, 작약뿌리추출물, 둥굴레뿌리줄기추출물, 리모넨, 합성왁스, 인삼열매추출물, 연꽃추출물, 레시틴, 하이드롤라이즈드프로안토시아니딘, 참나리비늘줄기추출물, 하이드로제네이티드레시틴, 판테놀, 폴리글리세릴-10스테아레이트, 토코페롤, 카프릴릴글라이콜, 아세틸헵타펩타이드-4, 세라마이드엔피, 콜레스테롤, 아세틸헥사펩타이드-8, 소듐하이드록사이드, 아세틸옥타펩타이드-3"
,설화수,"정제수, 부틸렌글라이콜, 시어버터, 하이드로제네이티드폴리(C6-14올레핀), 다이메티콘, 메도우폼씨오일, 펜타에리스리틸테트라에틸헥사노에이트, 메틸트라이메티콘, 세테아릴알코올, 베헤닐알코올, 폴리글리세릴-3메틸글루코오스다이스테아레이트, 하이드록시프로필스타치포스페이트, 포타슘세틸포스페이트, 메톡시피이지-114/폴리엡실론카프로락톤, 1,2-헥산다이올, 글리세릴스테아레이트, 아크릴레이트/C10-30알킬아크릴레이트크로스폴리머, 폴리메틸메타크릴레이트, 향료, 세테아릴글루코사이드, 프로판다이올, 하이드롤라이즈드홍삼사포닌, 글리세릴카프릴레이트, 만니톨, 티몰트라이메톡시신나메이트, 해바라기씨오일, 글리세린, 포타슘하이드록사이드, 페녹시에탄올, 폴록사머188, 에틸헥실글리세린, 하이드록시프로필사이클로덱스트린, 다이소듐이디티에이, 벤질살리실레이트, 당근추출물, 펜틸렌글라이콜, 바이오플라보노이드, 하이드롤라이즈드프로안토시아니딘, 리모넨, 꿀, 복령추출물, 지황뿌리추출물, 하이드롤라이즈드인삼사포닌, 작약뿌리추출물, 마돈나백합비늘줄기추출물, 둥굴레뿌리줄기추출물, 리날룰, 인삼열매추출물, 연꽃추출물, 토코페롤, 산양삼추출물, 베타-카로틴, 아세틸테트라펩타이드-11, 카프릴릴글라이콜, 아세틸헵타펩타이드-4, 헥사펩타이드-9, 복령균핵추출물, 아세틸헥사펩타이드-8, 소듐하이드록사이드, 아세틸옥타펩타이드-3"
자음생세럼 브라이트닝 50ml,설화수,"정제수, 변성알코올, 프로판다이올, 피이지/피피지-17/6코폴리머, 폴리글리세린-3, 다이메티콘, 글리세린, 세틸에틸헥사노에이트, 나이아신아마이드, 피토스테릴/옥틸도데실라우로일글루타메이트, 1,2-헥산다이올, 부틸렌글라이콜, 페닐트라이메티콘, 카프릴릴메티콘, C14-22알코올, 글리세릴스테아레이트, 피이지-100스테아레이트, 폴리메틸메타크릴레이트, 비닐다이메티콘/메티콘실세스퀴옥세인크로스폴리머, 소듐폴리아크릴로일다이메틸타우레이트, 하이드록시에틸아크릴레이트/소듐아크릴로일다이메틸타우레이트코폴리머, 카보머, 향료, C12-20알킬글루코사이드, 티몰트라이메톡시신나메이트, 티타늄디옥사이드 (CI 77891), 세테아릴알코올, 트로메타민, 글리세릴카프릴레이트, 다이메티콘올, 합성플루오르플로고파이트, 다이소듐이디티에이, 에틸헥실글리세린, 아데노신, 마이카, 메톡시피이지-114/폴리엡실론카프로락톤, 뽕나무뿌리추출물, 리날룰, 솔비탄아이소스테아레이트, 폴리솔베이트60, 트라넥사믹애씨드, 인삼추출물, 리모넨, 꿀, 지황뿌리추출물, 페녹시에탄올, 하이드롤라이즈드홍삼사포닌, 하이드롤라이즈드인삼사포닌, 작약뿌리추출물, 마돈나백합비늘줄기추출물, 둥굴레뿌리줄기추출물, 틴옥사이드, 글루코오스, 연꽃추출물, 토코페롤"
진설크림 60ml,설화수,"정제수, 부틸렌글라이콜, 트라이에틸헥사노인, 글리세린, 다이메티콘, 스쿠알란, 펜타에리스리틸테트라에틸헥사노에이트, 세틸에틸헥사노에이트, 폴리글리세릴-3메틸글루코오스다이스테아레이트, 트라이실록세인, 1,2-헥산다이올, 다이아이소스테아릴말레이트, 하이드로제네이티드폴리아이소부텐, 글리세릴스테아레이트, 피이지-100스테아레이트, 세테아릴알코올, 펜타에리스리틸다이스테아레이트, 베헤닐알코올, 폴리글리세린-3, 시어버터, 하이드록시에틸아크릴레이트/소듐아크릴로일다이메틸타우레이트코폴리머, 향료, 암모늄아크릴로일다이메틸타우레이트/브이피코폴리머, 하이드록시프로필스타치포스페이트, 하이드롤라이즈드홍삼사포닌, 글리세릴카프릴레이트, 해바라기씨오일, 에틸헥실글리세린, 다이소듐이디티에이, 하이드록시프로필사이클로덱스트린, 프로판다이올, 솔비탄아이소스테아레이트, 폴리솔베이트60, 메톡시피이지-114/폴리엡실론카프로락톤, 당근추출물, 벤질살리실레이트, 바이오플라보노이드, 하이드롤라이즈드프로안토시아니딘, 꿀, 리모넨, 하이드로제네이티드레시틴, 지황뿌리추출물, 작약뿌리추출물, 마돈나백합비늘줄기추출물, 둥굴레뿌리줄기추출물, 리날룰, 인삼열매추출물, 연꽃추출물, 산양삼추출물, 베타-카로틴, 토코페롤, 인삼추출물, 피토스핑고신, 소듐폴리아스파테이트, 카프릴릴글라이콜, 소듐메틸스테아로일타우레이트, 아세틸헵타펩타이드-4, 시트릭애씨드, 아세틸헥사펩타이드-8, 소듐하이드록사이드, 아세틸옥타펩타이드-3"
진설클렌징폼 150g,설화수,"정제수, 카프릴릭/카프릭트라이글리세라이드, 소듐코코일이세티오네이트, 글리세린, 올리브오일, 라우릴하이드록시설테인, 라우릭애씨드, 글라이콜다이스테아 레이트, C14-22알코올, 소듐클로라이드, 소듐메틸코코일타우레이트, 티타늄디옥사 이드 (CI 77891), 라우릴글루코사이드, 향료, 다이소듐코코암포다이아세테이트, 1,2 -헥산다이올, 트레할로오스, C12-20알킬글루코사이드, 폴리쿼터늄-7, 벤질살리실레 이트, 에틸헥실글리세린, 프로판다이올, 엑토인, 시트로넬올, 리모넨, 소듐벤조에이트, 알지닌, 아스파틱애씨드, 글루타믹애씨드, 나이아신아마이드, 바이오플라보노이드, 하이드록시프로필사이클로덱스트린, 부틸렌글라이콜, 메톡시피이지-114/폴리엡실 론카프로락톤, 하이드롤라이즈드프로안토시아니딘, 하이드롤라이즈드홍삼사포닌, 페녹시에탄올, 카프릴릴글라이콜, 토코페롤, 아세틸헵타펩타이드-4, 지황뿌리추출물, 작약뿌리추출물, 둥굴레뿌리줄기추출물, 연꽃추출물, 인삼열매추출물, 참나리비늘 줄기추출물, 아세틸헥사펩타이드-8, 소듐하이드록사이드, 아세틸옥타펩타이드-3"
퍼펙팅 스킨커버,설화수,"티타늄디옥사이드 (CI 77891), 마이카, 다이페닐실록시페닐트라이메티콘, 다이카프릴릴카보네이트, 폴리메틸메타크릴레이트, 에칠헥실메톡시신나메이트, 페닐트라이메티콘, 다이메티콘, 트라이데실트라이멜리테이트, 폴리에틸렌, 펜타에리스리틸테트라에틸헥사노에이트, 폴리하이드록시스테아릭애씨드, 브이피/헥사데센코폴리머, 황색산화철, 실리카, 오조케라이트, 폴리부텐, 라우릴피이지/피피지-18/18메티콘, 메티콘, 적색산화철, 향료, 카프릴릴글라이콜, 아이소스테아릴알코올, 글리세릴카프릴레이트, 알루미늄전분옥테닐석시네이트, 도데센, 피토스테릴/옥틸도데실라우로일글루타메이트, 에틸헥실글리세린, 리날룰, 흑색산화철, 리모넨, 제라니올, 벤질벤조에이트, 정제수, 시트로넬올, 부틸렌글라이콜, 토코페롤, 시트랄, 글리세린, 프로판다이올, 돌콩오일, 매실나무꽃추출물, 베타-글루칸, 꿀, 지황뿌리추출물, 작약뿌리추출물, 마돈나백합비늘줄기추출물, 둥굴레뿌리줄기추출물, 연꽃추출물"
자음생캡슐세럼 30ml,설화수,"정제수, 부틸렌글라이콜, 글리세린, 메틸글루세스-20, 세틸에틸헥사노에이트, 베헤닐알코올, 베타인, 1,2-헥산다이올, 메톡시피이지-114/폴리엡실론카프로락톤, 나이아신아마이드, 카보머, 트로메타민, 페닐트라이메티콘, 카프릴릴메티콘, 호호바에스터, 향료, 하이드롤라이즈드홍삼사포닌, 글리세릴카프릴레이트, 페녹시에탄올, 아라키딜알코올, 에틸헥실글리세린, 덱스트린, 카카오추출물, 소듐메타포스페이트, 리날룰, 아라키딜글루코사이드, 판테놀, 만니톨, 인삼씨오일, 돌콩오일, 인삼추출물, 소듐클로라이드, 인삼잎/줄기추출물, 리모넨, 지황뿌리추출물, 작약뿌리추출물, 인삼꽃추출물, 둥굴레뿌리줄기추출물, 연꽃추출물, 레티놀, 프로판다이올, 참나리비늘줄기추출물, 하이드로제네이티드레시틴, 소듐하이알루로네이트, 토코페롤, 카프릴릴글라이콜, 펜타에리스리틸테트라-다이-T-부틸하이드록시하이드로신나메이트, 피토스핑고신, 소듐폴리아스파테이트, 하이드롤라이즈드하이알루로닉애씨드, 아세틸헵타펩타이드-4, 소듐하이알루로네이트크로스폴리머, 아세틸테트라펩타이드-11, 소듐메틸스테아로일타우레이트, 하이알루로닉애씨드, 아세틸헥사펩타이드-8, 소듐하이드록사이드, 헥사펩타이드-9, 소듐아세틸레이티드하이알루로네이트, 아세틸옥타펩타이드-3"
자음생크림 30ml,설화수,"정제수, 부틸렌글라이콜, 다이메티콘, 글리세린, 트라이에틸헥사노인, 스쿠알란, 하이드로제네이티드폴리아이소부텐, 1,2-헥산다이올, 비닐다이메티콘/메티콘실세스퀴옥세인크로스폴리머, 하이드록시에틸아크릴레이트/소듐아크릴로일다이메틸타우레이트코폴리머, 세테아릴올리베이트, 메톡시피이지-114/폴리엡실론카프로락톤, 세테아릴알코올, 솔비탄올리베이트, 글리세릴스테아레이트, 팔미틱애씨드, 스테아릭애씨드, 아라키딜알코올, 향료, 베헤닐알코올, 하이드롤라이즈드홍삼사포닌, 글리세릴카프릴레이트, 만니톨, 솔비탄아이소스테아레이트, 폴리솔베이트60, 아라키딜글루코사이드, 페녹시에탄올, 에틸헥실글리세린, 소듐메타포스페이트, 소듐스테아로일글루타메이트, 리날룰, 토코페릴아세테이트, 아스코빌테트라이소팔미테이트, 덱스트린, 인삼추출물, 카카오추출물, 리모넨, 소듐클로라이드, 지황뿌리추출물, 작약뿌리추출물, 인삼꽃추출물, 둥굴레뿌리줄기추출물, 연꽃추출물, 참나리비늘줄기추출물, 아세틸테트라펩타이드-11, 카프릴릴글라이콜, 토코페롤, 아세틸헵타펩타이드-4, 헥사펩타이드-9, 아세틸헥사펩타이드-8, 소듐하이드록사이드, 아세틸옥타펩타이드-3"
진설수 150ml,설화수,"정제수, 부틸렌글라이콜, 글리세린, 변성알코올, 1,2-헥산다이올, 하이드로제네이티드폴리(C6-14올레핀), 폴리글리세릴-3메틸글루코오스다이스테아레이트, 스쿠알란, 글리세레스-26, 카보머, 나이아신아마이드, 다이메티콘, 부틸렌글라이콜다이카프릴레이트/다이카프레이트, 세틸에틸헥사노에이트, 펜타에리스리틸테트라아이소스테아레이트, 향료, 에틸헥실글리세린, 메틸글루코오스세스퀴스테아레이트, 아데노신, 프로판다이올, 세테아릴글루코사이드, 메톡시피이지-114/폴리엡실론카프로락톤, 잔탄검, 엑토인, 바이오플라보노이드, 벤질살리실레이트, 하이드롤라이즈드홍삼사포닌, 페녹시에탄올, 뽕나무잎추출물, 지황뿌리추출물, 작약뿌리추출물, 둥굴레뿌리줄기추출물, 시트로넬올, 리모넨, 연꽃추출물, 참나리비늘줄기추출물, 인삼열매추출물, 카프릴릴글라이콜, 토코페롤, 아세틸헵타펩타이드-4, 아세틸헥사펩타이드-8, 소듐하이드록사이드, 아세틸옥타펩타이드-3"
자음생크림 리치 30ml,설화수,"정제수, 글리세린, 스쿠알란, 부틸렌글라이콜, 트레할로오스, 메도우폼씨오일, 카프릴릴메티콘, 글리세릴스테아레이트, 다이메티콘, 피토스테릴이소스테아릴다이머디리놀리에이트, 옥틸도데실미리스테이트, 피이지-40스테아레이트, 피토스테릴/베헤닐/옥틸도데실라우로일글루타메이트, 해바라기씨오일, 호호바에스터, 팔미틱애씨드, 피이지-100스테아레이트, 스테아릭애씨드, 프로판다이올, 메톡시피이지-114/폴리엡실론카프로락톤, 망고씨버터, 폴리아크릴레이트-13, 세테아릴알코올, 돌콩오일, 페녹시에탄올, 피이지-30다이폴리하이드록시스테아레이트, 세틸피이지/피피지-10/1다이메티콘, 향료, 하이드로제네이티드식물성오일, 프로필렌글라이콜, 돌콩스테롤, 폴리아이소부텐, 아세틸글루코사민, 인삼추출물, 폴리쿼터늄-51, 토코페롤, 카나우바왁스, 토코페릴리놀리에이트, 하이드롤라이즈드홍삼사포닌, 헥실라우레이트, 아보카도오일, 판테틴, 살리실릭애씨드, 라우릴피이지/피피지-18/18메티콘, 에틸헥실글리세린, 치자추출물, 포도잎추출물, 폴리솔베이트20, 리날룰, 솔비탄아이소스테아레이트, 1,2-헥산다이올, 베타-글루칸, 레티놀, 소듐메타포스페이트, 덱스트린, 다이메티콘올, 소듐하이알루로네이트, 피토스핑고신, 만니톨, 리모넨, 아이소스테아릴알코올, 소듐클로라이드, 아스코빌팔미테이트, 하이드로제네이티드식물성글리세라이즈시트레이트, 지황뿌리추출물, 작약뿌리추출물, 인삼꽃추출물, 둥굴레뿌리줄기추출물, 알파-아이소메틸아이오논, 레시틴, 연꽃추출물, 참나리비늘줄기추출물, 티비에이치큐, 카프릴릴글라이콜, 아세틸헵타펩타이드-4, 펜타에리스리틸테트라-다이-T-부틸하이드록시하이드로신나메이트, 아세틸테트라펩타이드-11, 헥사펩타이드-9, 아세틸헥사펩타이드-8, 소듐하이드록사이드, 아세틸옥타펩타이드-3"
진설세럼 50ml,설화수,"정제수, 부틸렌글라이콜, 글리세린, 다이메티콘, 변성알코올, 글리세레스-26, 트레할로오스, 펜타에리스리틸테트라에틸헥사노에이트, 폴리메틸실세스퀴옥세인, 하이드로제네이티드폴리(C6-14올레핀), 프로판다이올, 1,2-헥산다이올, 하이드로제네이티드레시틴, 실리카, 하이드로제네이티드포스파티딜콜린, 비스-피이지-18메틸에터다이메틸실레인, 피이지-5피토스테롤, 다이메티콘올, 피이지-10다이메티콘, 향료, 하이드록시에틸아크릴레이트/소듐아크릴로일다이메틸타우레이트코폴리머, 에틸헥실글리세린, 하이드롤라이즈드홍삼사포닌, 소듐폴리아크릴레이트, 암모늄아크릴로일다이메틸타우레이트/브이피코폴리머, 하이드로제네이티드폴리데센, 아크릴레이트/C10-30알킬아크릴레이트크로스폴리머, 소듐하이알루로네이트, 잔탄검, 하이드록시프로필사이클로덱스트린, 트로메타민, 베타-글루칸, 다이소듐이디티에이, 메톡시피이지-114/폴리엡실론카프로락톤, 벤질살리실레이트, 솔비탄아이소스테아레이트, 폴리솔베이트60, 바이오플라보노이드, 피피지-5-라우레스-5, 덱스트린, 카카오추출물, 하이드롤라이즈드프로안토시아니딘, 꿀, 리모넨, 지황뿌리추출물, 작약뿌리추출물, 마돈나백합비늘줄기추출물, 둥굴레뿌리줄기추출물, 인삼열매추출물, 연꽃추출물, 산양삼추출물, 토코페롤, 인삼추출물, 피토스핑고신, 소듐폴리아스파테이트, 인삼뿌리프로토플라스트, 카프릴릴글라이콜, 소듐메틸스테아로일타우레이트, 아세틸헵타펩타이드-4, 아세틸헥사펩타이드-8, 소듐하이드록사이드, 아세틸옥타펩타이드-3"
퍼펙팅 쿠션 에어리 트리플  SPF50+/PA+++,설화수,화장품법에 따른 기능성 화장품 심사를 필함
퍼펙팅 쿠션 트리플  SPF50+/PA+++,설화수,화장품법에 따른 기능성 화장품 심사를 필함
자음생크림 리치 50ml,설화수,"정제수, 글리세린, 스쿠알란, 부틸렌글라이콜, 트레할로오스, 메도우폼씨오일, 카프릴릴메티콘, 글리세릴스테아레이트, 다이메티콘, 피토스테릴이소스테아릴다이머디리놀리에이트, 옥틸도데실미리스테이트, 피이지-40스테아레이트, 피토스테릴/베헤닐/옥틸도데실라우로일글루타메이트, 해바라기씨오일, 호호바에스터, 팔미틱애씨드, 피이지-100스테아레이트, 스테아릭애씨드, 프로판다이올, 메톡시피이지-114/폴리엡실론카프로락톤, 망고씨버터, 폴리아크릴레이트-13, 세테아릴알코올, 돌콩오일, 페녹시에탄올, 피이지-30다이폴리하이드록시스테아레이트, 세틸피이지/피피지-10/1다이메티콘, 향료, 하이드로제네이티드식물성오일, 프로필렌글라이콜, 돌콩스테롤, 폴리아이소부텐, 아세틸글루코사민, 인삼추출물, 폴리쿼터늄-51, 토코페롤, 카나우바왁스, 토코페릴리놀리에이트, 하이드롤라이즈드홍삼사포닌, 헥실라우레이트, 아보카도오일, 판테틴, 살리실릭애씨드, 라우릴피이지/피피지-18/18메티콘, 에틸헥실글리세린, 치자추출물, 포도잎추출물, 폴리솔베이트20, 리날룰, 솔비탄아이소스테아레이트, 1,2-헥산다이올, 베타-글루칸, 레티놀, 소듐메타포스페이트, 덱스트린, 다이메티콘올, 소듐하이알루로네이트, 피토스핑고신, 만니톨, 리모넨, 아이소스테아릴알코올, 소듐클로라이드, 아스코빌팔미테이트, 하이드로제네이티드식물성글리세라이즈시트레이트, 지황뿌리추출물, 작약뿌리추출물, 인삼꽃추출물, 둥굴레뿌리줄기추출물, 알파-아이소메틸아이오논, 레시틴, 연꽃추출물, 참나리비늘줄기추출물, 티비에이치큐, 카프릴릴글라이콜, 아세틸헵타펩타이드-4, 펜타에리스리틸테트라-다이-T-부틸하이드록시하이드로신나메이트, 아세틸테트라펩타이드-11, 헥사펩타이드-9, 아세틸헥사펩타이드-8, 소듐하이드록사이드, 아세틸옥타펩타이드-3"
자음생크림 50ml,설화수,"정제수, 부틸렌글라이콜, 다이메티콘, 글리세린, 트라이에틸헥사노인, 스쿠알란, 하이드로제네이티드폴리아이소부텐, 1,2-헥산다이올, 비닐다이메티콘/메티콘실세스퀴옥세인크로스폴리머, 하이드록시에틸아크릴레이트/소듐아크릴로일다이메틸타우레이트코폴리머, 세테아릴올리베이트, 메톡시피이지-114/폴리엡실론카프로락톤, 세테아릴알코올, 솔비탄올리베이트, 글리세릴스테아레이트, 팔미틱애씨드, 스테아릭애씨드, 아라키딜알코올, 향료, 베헤닐알코올, 하이드롤라이즈드홍삼사포닌, 글리세릴카프릴레이트, 만니톨, 솔비탄아이소스테아레이트, 폴리솔베이트60, 아라키딜글루코사이드, 페녹시에탄올, 에틸헥실글리세린, 소듐메타포스페이트, 소듐스테아로일글루타메이트, 리날룰, 토코페릴아세테이트, 아스코빌테트라이소팔미테이트, 덱스트린, 인삼추출물, 카카오추출물, 리모넨, 소듐클로라이드, 지황뿌리추출물, 작약뿌리추출물, 인삼꽃추출물, 둥굴레뿌리줄기추출물, 연꽃추출물, 참나리비늘줄기추출물, 아세틸테트라펩타이드-11, 카프릴릴글라이콜, 토코페롤, 아세틸헵타펩타이드-4, 헥사펩타이드-9, 아세틸헥사펩타이드-8, 소듐하이드록사이드, 아세틸옥타펩타이드-3"
퍼펙팅 쿠션 SPF50+/PA+++,설화수,"정제수, 티타늄디옥사이드 (CI 77891), 사이클로펜타실록세인, 호모살레이트, 다이페닐실록시페닐트라이메티콘, 에칠헥실메톡시신나메이트, 티타늄디옥사이드, 피이지-10다이메티콘, 프로판다이올, 부틸렌글라이콜다이카프릴레이트/다이카프레이트, 라우릴피이지-9폴리다이메틸실록시에틸다이메티콘, 사이클로헥사실록세인, 트라이메틸실록시실리케이트, 나이아신아마이드, 글리세린, 카프릴릴메티콘, 다이스테아다이모늄헥토라이트, 폴리메틸메타크릴레이트, 마그네슘포타슘플루오로실리케이트, 아크릴레이트/에틸헥실아크릴레이트/다이메티콘메타크릴레이트코폴리머, 황색산화철, 1,2-헥산다이올, 부틸렌글라이콜, 소듐클로라이드, 알루미나, 합성플루오르플로고파이트, 글리세릴스테아레이트시트레이트, 향료, 아크릴레이트/다이메티콘코폴리머, 알루미늄하이드록사이드, 트라이에톡시카프릴릴실레인, 폴리하이드록시스테아릭애씨드, 폴리솔베이트80, 적색산화철, 글리세릴카프릴레이트, 폴리페닐실세스퀴옥세인, 하이드로제네이티드레시틴, 아이소도데케인, 시메티콘, 카프릴릴글라이콜, 에틸헥실글리세린, 흑색산화철, 에틸헥실팔미테이트, 레시틴, 아이소스테아릭애씨드, 아이소프로필팔미테이트, 소듐하이알루로네이트, 다이소듐이디티에이, 아데노신, 폴리실리콘-11, 폴리글리세릴-3폴리리시놀리에이트, 꿀, 베타인, 지황뿌리추출물, 변성알코올, 비에이치티, 작약뿌리추출물, 마돈나백합비늘줄기추출물, 하이드로제네이티드폴리(C6-14올레핀), 둥굴레뿌리줄기추출물, 세틸에틸헥사노에이트, 하이알루로닉애씨드, 아미노프로필트라이에톡시실레인, 연꽃추출물, 폴리글리세릴-3메틸글루코오스다이스테아레이트, 토코페롤, 세테아릴알코올, 소듐스테아로일글루타메이트, 적색202호, 베타-글루칸, 매실나무꽃추출물"
진설크림 60ml,설화수,"정제수, 부틸렌글라이콜, 트라이에틸헥사노인, 글리세린, 다이메티콘, 스쿠알란, 펜타에리스리틸테트라에틸헥사노에이트, 세틸에틸헥사노에이트, 폴리글리세릴-3메틸글루코오스다이스테아레이트, 트라이실록세인, 1,2-헥산다이올, 다이아이소스테아릴말레이트, 하이드로제네이티드폴리아이소부텐, 글리세릴스테아레이트, 피이지-100스테아레이트, 세테아릴알코올, 펜타에리스리틸다이스테아레이트, 베헤닐알코올, 폴리글리세린-3, 시어버터, 하이드록시에틸아크릴레이트/소듐아크릴로일다이메틸타우레이트코폴리머, 향료, 암모늄아크릴로일다이메틸타우레이트/브이피코폴리머, 하이드록시프로필스타치포스페이트, 하이드롤라이즈드홍삼사포닌, 글리세릴카프릴레이트, 해바라기씨오일, 에틸헥실글리세린, 다이소듐이디티에이, 하이드록시프로필사이클로덱스트린, 프로판다이올, 솔비탄아이소스테아레이트, 폴리솔베이트60, 메톡시피이지-114/폴리엡실론카프로락톤, 당근추출물, 벤질살리실레이트, 바이오플라보노이드, 하이드롤라이즈드프로안토시아니딘, 꿀, 리모넨, 하이드로제네이티드레시틴, 지황뿌리추출물, 작약뿌리추출물, 마돈나백합비늘줄기추출물, 둥굴레뿌리줄기추출물, 리날룰, 인삼열매추출물, 연꽃추출물, 산양삼추출물, 베타-카로틴, 토코페롤, 인삼추출물, 피토스핑고신, 소듐폴리아스파테이트, 카프릴릴글라이콜, 소듐메틸스테아로일타우레이트, 아세틸헵타펩타이드-4, 시트릭애씨드, 아세틸헥사펩타이드-8, 소듐하이드록사이드, 아세틸옥타펩타이드-3"
자음생앰플 브라이트닝 20g,설화수,"정제수, 다이메티콘, 글리세린, 1,2-헥산다이올, 프로판다이올, 변성알코올, 나이아신아마이드, 부틸렌글라이콜, 글리세릴폴리메타크릴레이트, 베타인, 폴리메틸메타크릴레이트, 암모늄아크릴로일다이메틸타우레이트/브이피코폴리머, 세테아릴알코올, 티몰트라이메톡시신나메이트, 트라넥사믹애씨드, 잔탄검, 글리세릴카프릴레이트, 향료, 폴리글리세릴-3메틸글루코오스다이스테아레이트, 소듐폴리아크릴로일다이메틸타우레이트, 에틸헥실글리세린, 하이드록시에틸셀룰로오스, 하이드로제네이티드레시틴, 메톡시피이지-114/폴리엡실론카프로락톤, 아데노신, 글리세릴스테아레이트시트레이트, 피이지-10다이메티콘, 뽕나무뿌리추출물, 다이포타슘글리시리제이트, 다이소듐이디티에이, 3-O-에틸아스코빅애씨드, 리날룰, 하이드롤라이즈드인삼사포닌, 인삼추출물, 페녹시에탄올, 꿀, 벤질벤조에이트, 지황뿌리추출물, 하이드롤라이즈드홍삼사포닌, 작약뿌리추출물, 마돈나백합비늘줄기추출물, 둥굴레뿌리줄기추출물, 연꽃추출물, 폴리솔베이트60, 다이소듐포스페이트, 카프릴릴글라이콜, 토코페롤, 소듐포스페이트, 아세틸헵타펩타이드-4, 아세틸헥사펩타이드-8, 소듐하이드록사이드, 아세틸옥타펩타이드-3"
진설크림 리치 60ml,설화수,"정제수, 글리세린, 부틸렌글라이콜, 스쿠알란, 펜타에리스리틸테트라아이소스테아레이트, 트레할로오스, 다이아이소스테아릴말레이트, 세테아릴알코올, 피토스테릴/옥틸도데실라우로일글루타메이트, 다이메티콘, 미리스틸미리스테이트, 피이지-40스테아레이트, 카나우바왁스, 1,2-헥산다이올, 글리세릴스테아레이트, 피이지-100스테아레이트, 메톡시피이지-114/폴리엡실론카프로락톤, 폴리아크릴레이트-13, 하이드로제네이티드로진, 암모늄아크릴로일다이메틸타우레이트/브이피코폴리머, 하이드로제네이티드폴리아이소부텐, 폴리아이소부텐, 향료, 에틸헥실글리세린, 하이드롤라이즈드홍삼사포닌, 글리세릴카프릴레이트, 페녹시에탄올, 하이드록시프로필사이클로덱스트린, 판테틴, 폴리솔베이트20, 프로판다이올, 솔비탄아이소스테아레이트, 인삼씨오일, 벤질살리실레이트, 덱스트린, 카카오추출물, 소듐글루코네이트, 바이오플라보노이드, 하이드롤라이즈드프로안토시아니딘, 돌콩오일, 리모넨, 지황뿌리추출물, 메틸프로판다이올, 작약뿌리추출물, 둥굴레뿌리줄기추출물, 리날룰, 연꽃추출물, 인삼열매추출물, 참나리비늘줄기추출물, 산양삼추출물, 레티놀, 토코페롤, 카프릴릴글라이콜, 하이드로제네이티드레시틴, 잔탄검, 아세틸헵타펩타이드-4, 아세틸헥사펩타이드-8, 소듐하이드록사이드, 아세틸옥타펩타이드-3"
자음생세럼 브라이트닝 30ml,설화수,"정제수, 변성알코올, 프로판다이올, 피이지/피피지-17/6코폴리머, 폴리글리세린-3, 다이메티콘, 글리세린, 세틸에틸헥사노에이트, 나이아신아마이드, 피토스테릴/옥틸도데실라우로일글루타메이트, 1,2-헥산다이올, 부틸렌글라이콜, 페닐트라이메티콘, 카프릴릴메티콘, C14-22알코올, 글리세릴스테아레이트, 피이지-100스테아레이트, 폴리메틸메타크릴레이트, 비닐다이메티콘/메티콘실세스퀴옥세인크로스폴리머, 소듐폴리아크릴로일다이메틸타우레이트, 하이드록시에틸아크릴레이트/소듐아크릴로일다이메틸타우레이트코폴리머, 카보머, 향료, C12-20알킬글루코사이드, 티몰트라이메톡시신나메이트, 티타늄디옥사이드 (CI 77891), 세테아릴알코올, 트로메타민, 글리세릴카프릴레이트, 다이메티콘올, 합성플루오르플로고파이트, 다이소듐이디티에이, 에틸헥실글리세린, 아데노신, 마이카, 메톡시피이지-114/폴리엡실론카프로락톤, 뽕나무뿌리추출물, 리날룰, 솔비탄아이소스테아레이트, 폴리솔베이트60, 트라넥사믹애씨드, 인삼추출물, 리모넨, 꿀, 지황뿌리추출물, 페녹시에탄올, 하이드롤라이즈드홍삼사포닌, 하이드롤라이즈드인삼사포닌, 작약뿌리추출물, 마돈나백합비늘줄기추출물, 둥굴레뿌리줄기추출물, 틴옥사이드, 글루코오스, 연꽃추출물, 토코페롤"
퍼펙팅 틴티드 크림 35ml,설화수,"정제수, 글리세린, 메틸트라이메티콘, 티타늄디옥사이드 (CI 77891), 다이메티콘, 에칠헥실메톡시신나메이트, 다이페닐실록시페닐트라이메티콘, 세틸피이지/피피지-10/1다이메티콘, 실리카, 나이아신아마이드, 징크옥사이드, 티타늄디옥사이드, 솔비탄세스퀴올리에이트, 트라이메틸실록시실리케이트, 다이스테아다이모늄헥토라이트, 피이지-10다이메티콘, 비닐다이메티콘/메티콘실세스퀴옥세인크로스폴리머, 아크릴레이트/다이메티콘코폴리머, 비즈왁스, 부틸렌글라이콜, 소듐클로라이드, 비스-다이글리세릴폴리아실아디페이트-2, 브이피/헥사데센코폴리머, 트라넥사믹애씨드, 황색산화철, 알루미늄하이드록사이드, 향료, 트라이하이드록시스테아린, 트라이에톡시카프릴릴실레인, 카프릴릴글라이콜, 스테아릭애씨드, 적색산화철, 에틸헥실글리세린, 합성플루오르플로고파이트, 카르노신, 판테놀, 다이소듐이디티에이, 아데노신, 마이카, 리날룰, 흑색산화철, 1,2-헥산다이올, 제라니올, 시트로넬올, 리모넨, 라우로일라이신, 피토스테롤, 글루타티온, 비에이치티, 지황뿌리추출물, 매실나무꽃추출물, 엑토인, 시트랄, 작약뿌리추출물, 둥굴레뿌리줄기추출물, 헥실신남알, 마데카소사이드, 연꽃추출물, 참나리비늘줄기추출물, 틴옥사이드, 프로필렌글라이콜, 소듐하이알루로네이트, 펜타에리스리틸테트라-다이-t-부틸하이드록시하이드로신나메이트, 토코페롤, 아세틸헵타펩타이드-4, 수용성콜라겐, 아세틸헥사펩타이드-8, 소듐하이드록사이드, 아세틸옥타펩타이드-3"
퍼펙팅 베일 프라이머 35ml,설화수,"정제수, 다이메티콘, 아이소노닐아이소노나노에이트, 호모살레이트, 변성알코올, 메틸트라이메티콘, 티타늄디옥사이드, 부틸렌글라이콜, 에칠헥실살리실레이트, 피이지-9폴리다이메틸실록시에틸다이메티콘, 티타늄디옥사이드 (CI 77891), 글리세린, 폴리메틸실세스퀴옥세인, 나이아신아마이드, 옥틸도데칸올, 다이스테아다이모늄헥토라이트, 자일리톨, 세틸에틸헥사노에이트, 나일론-12, 페닐벤즈이미다졸설포닉애씨드, 스테아릭애씨드, 1,2-헥산다이올, 트로메타민, 알루미늄하이드록사이드, 실리카, 트라이메틸실록시실리케이트, 트라넥사믹애씨드, 카프릴릴글라이콜, 향료, 다이메티콘/비닐다이메티콘크로스폴리머, 황색산화철, 에틸헥실글리세린, 카르노신, 판테놀, 아데노신, 트라이에톡시카프릴릴실레인, 폴리메틸메타크릴레이트, 적색산화철, 리날룰, 제라니올, 피토스테롤, 글루타티온, 흑색산화철, 지황뿌리추출물, 시트로넬올, 매실나무꽃추출물, 리모넨, 엑토인, 작약뿌리추출물, 둥굴레뿌리줄기추출물, 마데카소사이드, 시트랄, 연꽃추출물, 참나리비늘줄기추출물, 프로필렌글라이콜, 소듐하이알루로네이트, 토코페롤, 아세틸헵타펩타이드-4, 수용성콜라겐, 아세틸헥사펩타이드-8, 소듐하이드록사이드, 아세틸옥타펩타이드-3"
자음생크림 리치 30ml + 월리 우프 무드등,설화수,"정제수, 글리세린, 스쿠알란, 부틸렌글라이콜, 트레할로오스, 메도우폼씨오일, 카프릴릴메티콘, 글리세릴스테아레이트, 다이메티콘, 피토스테릴이소스테아릴다이머디리놀리에이트, 옥틸도데실미리스테이트, 피이지-40스테아레이트, 피토스테릴/베헤닐/옥틸도데실라우로일글루타메이트, 해바라기씨오일, 호호바에스터, 팔미틱애씨드, 피이지-100스테아레이트, 스테아릭애씨드, 프로판다이올, 메톡시피이지-114/폴리엡실론카프로락톤, 망고씨버터, 폴리아크릴레이트-13, 세테아릴알코올, 돌콩오일, 페녹시에탄올, 피이지-30다이폴리하이드록시스테아레이트, 세틸피이지/피피지-10/1다이메티콘, 향료, 하이드로제네이티드식물성오일, 프로필렌글라이콜, 돌콩스테롤, 폴리아이소부텐, 아세틸글루코사민, 인삼추출물, 폴리쿼터늄-51, 토코페롤, 카나우바왁스, 토코페릴리놀리에이트, 하이드롤라이즈드홍삼사포닌, 헥실라우레이트, 아보카도오일, 판테틴, 살리실릭애씨드, 라우릴피이지/피피지-18/18메티콘, 에틸헥실글리세린, 치자추출물, 포도잎추출물, 폴리솔베이트20, 리날룰, 솔비탄아이소스테아레이트, 1,2-헥산다이올, 베타-글루칸, 레티놀, 소듐메타포스페이트, 덱스트린, 다이메티콘올, 소듐하이알루로네이트, 피토스핑고신, 만니톨, 리모넨, 아이소스테아릴알코올, 소듐클로라이드, 아스코빌팔미테이트, 하이드로제네이티드식물성글리세라이즈시트레이트, 지황뿌리추출물, 작약뿌리추출물, 인삼꽃추출물, 둥굴레뿌리줄기추출물, 알파-아이소메틸아이오논, 레시틴, 연꽃추출물, 참나리비늘줄기추출물, 티비에이치큐, 카프릴릴글라이콜, 아세틸헵타펩타이드-4, 펜타에리스리틸테트라-다이-T-부틸하이드록시하이드로신나메이트, 아세틸테트라펩타이드-11, 헥사펩타이드-9, 아세틸헥사펩타이드-8, 소듐하이드록사이드, 아세틸옥타펩타이드-3"
윤조에센스 90ml 세트 + 월리 우프 무드등,설화수,"정제수, 변성알코올, 부틸렌글라이콜, 베타인, 1,2-헥산다이올, 비스-피이지-18메틸에터다이메틸실레인, 글리세릴폴리메타크릴레이트, 프로판다이올, 카보머, 피피지-13-데실테트라데세스-24, 트로메타민, 글리세릴카프릴레이트, 황금추출물, 에틸헥실글리세린, 향료, 아데노신, 리모넨, 덱스트린, 카카오추출물, 메틸트라이메티콘, 다이소듐이디티에이, 잔탄검, 셀룰로오스검, 카라기난, 꿀, 마데카소사이드, 지황뿌리추출물, 펜틸렌글라이콜, 다이포타슘글리시리제이트, 3-O-에틸아스코빅애씨드, 타우린, 소엽맥문동뿌리추출물, 작약뿌리추출물, 마돈나백합비늘줄기추출물, 리날룰, 둥굴레뿌리줄기추출물, 바이오사카라이드검-1, 프로필렌글라이콜, 인삼추출물, 연꽃추출물, 낫토검, 대추추출물, 호두추출물, 매실추출물, 시트로넬올, 시트랄, 제라니올, 하이드로제네이티드레시틴, 토코페롤, 시트릭애씨드"
자음생크림 리치 50ml 단품기획세트,설화수,"정제수, 글리세린, 스쿠알란, 부틸렌글라이콜, 트레할로오스, 메도우폼씨오일, 카프릴릴메티콘, 글리세릴스테아레이트, 다이메티콘, 피토스테릴이소스테아릴다이머디리놀리에이트, 옥틸도데실미리스테이트, 피이지-40스테아레이트, 피토스테릴/베헤닐/옥틸도데실라우로일글루타메이트, 해바라기씨오일, 호호바에스터, 팔미틱애씨드, 피이지-100스테아레이트, 스테아릭애씨드, 프로판다이올, 메톡시피이지-114/폴리엡실론카프로락톤, 망고씨버터, 폴리아크릴레이트-13, 세테아릴알코올, 돌콩오일, 페녹시에탄올, 피이지-30다이폴리하이드록시스테아레이트, 세틸피이지/피피지-10/1다이메티콘, 향료, 하이드로제네이티드식물성오일, 프로필렌글라이콜, 돌콩스테롤, 폴리아이소부텐, 아세틸글루코사민, 인삼추출물, 폴리쿼터늄-51, 토코페롤, 카나우바왁스, 토코페릴리놀리에이트, 하이드롤라이즈드홍삼사포닌, 헥실라우레이트, 아보카도오일, 판테틴, 살리실릭애씨드, 라우릴피이지/피피지-18/18메티콘, 에틸헥실글리세린, 치자추출물, 포도잎추출물, 폴리솔베이트20, 리날룰, 솔비탄아이소스테아레이트, 1,2-헥산다이올, 베타-글루칸, 레티놀, 소듐메타포스페이트, 덱스트린, 다이메티콘올, 소듐하이알루로네이트, 피토스핑고신, 만니톨, 리모넨, 아이소스테아릴알코올, 소듐클로라이드, 아스코빌팔미테이트, 하이드로제네이티드식물성글리세라이즈시트레이트, 지황뿌리추출물, 작약뿌리추출물, 인삼꽃추출물, 둥굴레뿌리줄기추출물, 알파-아이소메틸아이오논, 레시틴, 연꽃추출물, 참나리비늘줄기추출물, 티비에이치큐, 카프릴릴글라이콜, 아세틸헵타펩타이드-4, 펜타에리스리틸테트라-다이-T-부틸하이드록시하이드로신나메이트, 아세틸테트라펩타이드-11, 헥사펩타이드-9, 아세틸헥사펩타이드-8, 소듐하이드록사이드, 아세틸옥타펩타이드-3"
윤조에센스 6세대 90ml 단품기획세트,설화수,"정제수, 변성알코올, 부틸렌글라이콜, 베타인, 1,2-헥산다이올, 비스-피이지-18메틸에터다이메틸실레인, 글리세릴폴리메타크릴레이트, 프로판다이올, 카보머, 피피지-13-데실테트라데세스-24, 트로메타민, 글리세릴카프릴레이트, 황금추출물, 에틸헥실글리세린, 향료, 아데노신, 리모넨, 덱스트린, 카카오추출물, 메틸트라이메티콘, 다이소듐이디티에이, 잔탄검, 셀룰로오스검, 카라기난, 꿀, 마데카소사이드, 지황뿌리추출물, 펜틸렌글라이콜, 다이포타슘글리시리제이트, 3-O-에틸아스코빅애씨드, 타우린, 소엽맥문동뿌리추출물, 작약뿌리추출물, 마돈나백합비늘줄기추출물, 리날룰, 둥굴레뿌리줄기추출물, 바이오사카라이드검-1, 프로필렌글라이콜, 인삼추출물, 연꽃추출물, 낫토검, 대추추출물, 호두추출물, 매실추출물, 시트로넬올, 시트랄, 제라니올, 하이드로제네이티드레시틴, 토코페롤, 시트릭애씨드"
퍼펙팅 트윈 케이크 11g,설화수,"마이카, 탤크, 티타늄디옥사이드 (CI 77891), 티타늄디옥사이드, 실리카, 보론나이트라이드, 페닐트라이메티콘, 나일론6/12, 징크옥사이드, 부틸렌글라이콜다이카프릴레이트/다이카프레이트, 폴리글리세릴-2트라이아이소스테아레이트, 황색산화철, 피이지-10다이메티콘, 메티콘, 라우로일라이신, 다이메티콘, 하이드로제네이티드레시틴, 적색산화철, 트라이에톡시카프릴릴실레인, 에틸헥실글리세린, 향료, 흑색산화철, 글리세릴카프릴레이트, 알루미늄하이드록사이드, 리날룰, 정제수, 리모넨, 제라니올, 벤질벤조에이트, 부틸렌글라이콜, 시트로넬올, 글리세린, 시트랄, 프로판다이올, 토코페롤, 꿀, 매실나무꽃추출물, 지황뿌리추출물, 베타-글루칸, 작약뿌리추출물, 마돈나백합비늘줄기추출물, 둥굴레뿌리줄기추출물, 연꽃추출물"
윤조에센스 6세대 기프트박스 30ml,설화수,"정제수, 변성알코올, 부틸렌글라이콜, 베타인, 1,2-헥산다이올, 비스-피이지-18메틸에터다이메틸실레인, 글리세릴폴리메타크릴레이트, 프로판다이올, 카보머, 피피지-13-데실테트라데세스-24, 트로메타민, 글리세릴카프릴레이트, 황금추출물, 에틸헥실글리세린, 향료, 아데노신, 리모넨, 덱스트린, 카카오추출물, 메틸트라이메티콘, 다이소듐이디티에이, 잔탄검, 셀룰로오스검, 카라기난, 꿀, 마데카소사이드, 지황뿌리추출물, 펜틸렌글라이콜, 다이포타슘글리시리제이트, 3-O-에틸아스코빅애씨드, 타우린, 소엽맥문동뿌리추출물, 작약뿌리추출물, 마돈나백합비늘줄기추출물, 리날룰, 둥굴레뿌리줄기추출물, 바이오사카라이드검-1, 프로필렌글라이콜, 인삼추출물, 연꽃추출물, 낫토검, 대추추출물, 호두추출물, 매실추출물, 시트로넬올, 시트랄, 제라니올, 하이드로제네이티드레시틴, 토코페롤, 시트릭애씨드"
진설크림 리치 60ml,설화수,"정제수, 글리세린, 부틸렌글라이콜, 스쿠알란, 펜타에리스리틸테트라아이소스테아레이트, 트레할로오스, 다이아이소스테아릴말레이트, 세테아릴알코올, 피토스테릴/옥틸도데실라우로일글루타메이트, 다이메티콘, 미리스틸미리스테이트, 피이지-40스테아레이트, 카나우바왁스, 1,2-헥산다이올, 글리세릴스테아레이트, 피이지-100스테아레이트, 메톡시피이지-114/폴리엡실론카프로락톤, 폴리아크릴레이트-13, 하이드로제네이티드로진, 암모늄아크릴로일다이메틸타우레이트/브이피코폴리머, 하이드로제네이티드폴리아이소부텐, 폴리아이소부텐, 향료, 에틸헥실글리세린, 하이드롤라이즈드홍삼사포닌, 글리세릴카프릴레이트, 페녹시에탄올, 하이드록시프로필사이클로덱스트린, 판테틴, 폴리솔베이트20, 프로판다이올, 솔비탄아이소스테아레이트, 인삼씨오일, 벤질살리실레이트, 덱스트린, 카카오추출물, 소듐글루코네이트, 바이오플라보노이드, 하이드롤라이즈드프로안토시아니딘, 돌콩오일, 리모넨, 지황뿌리추출물, 메틸프로판다이올, 작약뿌리추출물, 둥굴레뿌리줄기추출물, 리날룰, 연꽃추출물, 인삼열매추출물, 참나리비늘줄기추출물, 산양삼추출물, 레티놀, 토코페롤, 카프릴릴글라이콜, 하이드로제네이티드레시틴, 잔탄검, 아세틸헵타펩타이드-4, 아세틸헥사펩타이드-8, 소듐하이드록사이드, 아세틸옥타펩타이드-3"
진설세럼 30ml,설화수,"정제수, 부틸렌글라이콜, 글리세린, 다이메티콘, 변성알코올, 글리세레스-26, 트레할로오스, 펜타에리스리틸테트라에틸헥사노에이트, 폴리메틸실세스퀴옥세인, 하이드로제네이티드폴리(C6-14올레핀), 프로판다이올, 1,2-헥산다이올, 하이드로제네이티드레시틴, 실리카, 하이드로제네이티드포스파티딜콜린, 비스-피이지-18메틸에터다이메틸실레인, 피이지-5피토스테롤, 다이메티콘올, 피이지-10다이메티콘, 향료, 하이드록시에틸아크릴레이트/소듐아크릴로일다이메틸타우레이트코폴리머, 에틸헥실글리세린, 하이드롤라이즈드홍삼사포닌, 소듐폴리아크릴레이트, 암모늄아크릴로일다이메틸타우레이트/브이피코폴리머, 하이드로제네이티드폴리데센, 아크릴레이트/C10-30알킬아크릴레이트크로스폴리머, 소듐하이알루로네이트, 잔탄검, 하이드록시프로필사이클로덱스트린, 트로메타민, 베타-글루칸, 다이소듐이디티에이, 메톡시피이지-114/폴리엡실론카프로락톤, 벤질살리실레이트, 솔비탄아이소스테아레이트, 폴리솔베이트60, 바이오플라보노이드, 피피지-5-라우레스-5, 덱스트린, 카카오추출물, 하이드롤라이즈드프로안토시아니딘, 꿀, 리모넨, 지황뿌리추출물, 작약뿌리추출물, 마돈나백합비늘줄기추출물, 둥굴레뿌리줄기추출물, 인삼열매추출물, 연꽃추출물, 산양삼추출물, 토코페롤, 인삼추출물, 피토스핑고신, 소듐폴리아스파테이트, 인삼뿌리프로토플라스트, 카프릴릴글라이콜, 소듐메틸스테아로일타우레이트, 아세틸헵타펩타이드-4, 아세틸헥사펩타이드-8, 소듐하이드록사이드, 아세틸옥타펩타이드-3"
진설크림 30ml,설화수,"정제수, 부틸렌글라이콜, 트라이에틸헥사노인, 글리세린, 다이메티콘, 스쿠알란, 펜타에리스리틸테트라에틸헥사노에이트, 세틸에틸헥사노에이트, 폴리글리세릴-3메틸글루코오스다이스테아레이트, 트라이실록세인, 1,2-헥산다이올, 다이아이소스테아릴말레이트, 하이드로제네이티드폴리아이소부텐, 글리세릴스테아레이트, 피이지-100스테아레이트, 세테아릴알코올, 펜타에리스리틸다이스테아레이트, 베헤닐알코올, 폴리글리세린-3, 시어버터, 하이드록시에틸아크릴레이트/소듐아크릴로일다이메틸타우레이트코폴리머, 향료, 암모늄아크릴로일다이메틸타우레이트/브이피코폴리머, 하이드록시프로필스타치포스페이트, 하이드롤라이즈드홍삼사포닌, 글리세릴카프릴레이트, 해바라기씨오일, 에틸헥실글리세린, 다이소듐이디티에이, 하이드록시프로필사이클로덱스트린, 프로판다이올, 솔비탄아이소스테아레이트, 폴리솔베이트60, 메톡시피이지-114/폴리엡실론카프로락톤, 당근추출물, 벤질살리실레이트, 바이오플라보노이드, 하이드롤라이즈드프로안토시아니딘, 꿀, 리모넨, 하이드로제네이티드레시틴, 지황뿌리추출물, 작약뿌리추출물, 마돈나백합비늘줄기추출물, 둥굴레뿌리줄기추출물, 리날룰, 인삼열매추출물, 연꽃추출물, 산양삼추출물, 베타-카로틴, 토코페롤, 인삼추출물, 피토스핑고신, 소듐폴리아스파테이트, 카프릴릴글라이콜, 소듐메틸스테아로일타우레이트, 아세틸헵타펩타이드-4, 시트릭애씨드, 아세틸헥사펩타이드-8, 소듐하이드록사이드, 아세틸옥타펩타이드-3"
퍼펙팅 파운데이션 SPF17/PA+ 35ml,설화수,"정제수, 티타늄디옥사이드 (CI 77891), 사이클로펜타실록세인, 카프릴릴메티콘, 트라이메틸실록시실리케이트, 사이클로헥사실록세인, 프로판다이올, 메틸트라이메티콘, 세틸피이지/피피지-10/1다이메티콘, 에칠헥실메톡시신나메이트, 나이아신아마이드, 베타인, 변성알코올, 폴리메틸메타크릴레이트, 하이드로제네이티드폴리(C6-14올레핀), 1,2-헥산다이올, 피이지-10다이메티콘, 징크옥사이드, 황색산화철, 티타늄디옥사이드, 세틸에틸헥사노에이트, 다이스테아다이모늄헥토라이트, 폴리글리세릴-3메틸글루코오스다이스테아레이트, 알루미늄하이드록사이드, 글리세린, 트라이에톡시카프릴릴실레인, 적색산화철, 향료, 카프릴릴글라이콜, 부틸렌글라이콜, 세테아릴알코올, 소듐스테아로일글루타메이트, 글리세릴카프릴레이트, 스테아릭애씨드, 리날룰, 아데노신, 흑색산화철, 리모넨, 제라니올, 벤질벤조에이트, 베타-글루칸, 시트로넬올, 에틸헥실글리세린, 매실나무꽃추출물, 비에이치티, 시트랄, 꿀, 지황뿌리추출물, 작약뿌리추출물, 마돈나백합비늘줄기추출물, 펜타에리스리틸테트라-다이-T-부틸하이드록시하이드로신나메이트, 둥굴레뿌리줄기추출물, 연꽃추출물"
