상품명,URL,price_original,용량_raw,용량_value,용량_unit,전성분,brand,product_id
메이크온 시너지 마스크,https://www.amoremall.com/kr/ko/product/detail?onlineProdSn=64345,4000.0,20g,20.0,g,"정제수, 부틸렌글라이콜, 글리세린, 나이아신아마이드, 1,2-헥산다이올, 판테놀, 카보머, 알지닌, 잔탄검, 메틸트라이메티콘, 알란토인, 폴리글리세릴-10라우레이트, 에틸헥실글리세린, 암모늄아크릴로일다이메틸타우레이트/브이피코폴리머, 아데노신, 세라마이드엔피, 향료, 다이소듐이디티에이, 2,3-부탄다이올, 소듐하이알루로네이트, 알부틴, 하이드로제네이티드레시틴, 글리세릴스테아레이트, 하이드록시프로필트라이모늄하이알루로네이트, 콜레스테롤, 세라마이드엔에스, 세라마이드에이피, 세라마이드에이에스, 하이드롤라이즈드하이알루로닉애씨드, 소듐아세틸레이티드하이알루로네이트, 하이알루로닉애씨드, 카프릴릭/카프릭트라이글리세라이드, 소듐하이알루로네이트크로스폴리머, 하이드롤라이즈드소듐하이알루로네이트, 포타슘하이알루로네이트, 스쿠알란, 세틸에틸헥사노에이트, 병풀추출물, 마카다미아씨오일, 스테아릭애씨드, 토코페롤, 올레익애씨드, 유채스테롤, 세라마이드이오피",메이크온,메이크온_메이크온 시너지 마스크
가볍게 마시는 히알루론산,https://www.amoremall.com/kr/ko/product/detail?onlineProdSn=64863,35000.0,,,,,메이크온,메이크온_가볍게 마시는 히알루론산
스킨 라이트 테라피 III,https://www.amoremall.com/kr/ko/product/detail?onlineProdSn=64314,350000.0,,,,,메이크온,메이크온_스킨 라이트 테라피 III
스킨 라이트 테라피 3S,https://www.amoremall.com/kr/ko/product/detail?onlineProdSn=24733,473333.0,,,,,메이크온,메이크온_스킨 라이트 테라피 3S
젬 소노 테라피 릴리프,https://www.amoremall.com/kr/ko/product/detail?onlineProdSn=21343,325000.0,,,,,메이크온,메이크온_젬 소노 테라피 릴리프
히알루로닉 스파 캡슐 24개입,https://www.amoremall.com/kr/ko/product/detail?onlineProdSn=56301,90000.0,24개입(3개입*8),24.0,개,"소듐하이알루로네이트, 만니톨",메이크온,메이크온_히알루로닉 스파 캡슐 24개입
마그네타이트 바디롤러,https://www.amoremall.com/kr/ko/product/detail?onlineProdSn=38492,180000.0,,,,,메이크온,메이크온_마그네타이트 바디롤러
,https://www.amoremall.com/kr/ko/product/detail?onlineProdSn=67302,1899000.0,,,,,메이크온,메이크온_nan
페이셜 부스팅 스파,https://www.amoremall.com/kr/ko/product/detail?onlineProdSn=49262,450000.0,1EA,1.0,EA,해당없음,메이크온,메이크온_페이셜 부스팅 스파
수분가득 콜라겐 시트 마스크 25ml,https://www.amoremall.com/kr/ko/product/detail?onlineProdSn=59901,2477.0,1매/25ml,1.0,매,"정제수, 하이드롤라이즈드콜라겐, 부틸렌글라이콜, 메틸프로판다이올, 1,2-헥산다이올, 에탄올, 글리세린, 폴리글리세릴-10라우레이트, 아크릴레이트/C10-30알킬아크릴레이트크로스폴리머, 알지닌, 알란토인, 잔탄검, 폴리글리세릴-10미리스테이트, 에틸헥실글리세린, 다이소듐이디티에이, 하이드롤라이즈드루핀단백질, 토코페롤",에뛰드,에뛰드_수분가득 콜라겐 시트 마스크 25ml
드로잉 아이 브로우 0.25g,https://www.amoremall.com/kr/ko/product/detail?onlineProdSn=53224,4000.0,0.25g,0.25,g,"흑색산화철, 하이드로제네이티드돌콩오일, 하이드로제네이티드코코-글리세라이즈, 황색산화철, 마이카, 하이드로제네이티드식물성오일, 적색산화철, 징크스테아레이트, 스테아릭애씨드, 카나우바왁스, 폴리글리세릴-2트라이아이소스테아레이트, 토코페롤, 카프릴릴글라이콜, 페녹시에탄올, 아스코빌팔미테이트, 헥실렌글라이콜",에뛰드,에뛰드_드로잉 아이 브로우 0.25g
진저슈가 립케어 2종 기획세트,https://www.amoremall.com/kr/ko/product/detail?onlineProdSn=67468,19000.0,23g + 3.7g,23.0,g,"립마스크 : 폴리부텐, 하이드로제네이티드폴리아이소부텐, 피토스테릴이소스테아릴다이머디리놀리에이트, 다이아이소스테아릴말레이트, 피토스테릴/이소스테아릴/세틸/스테아릴/베헤닐다이머디리놀리에이트, 덱스트린팔미테이트, 시어버터, 마이크로크리스탈린왁스, 폴리에틸렌, 글리세린, 비즈왁스, 토코페릴아세테이트, 칸데릴라왁스, 야자씨버터, 에틸렌/프로필렌/스타이렌코폴리머, 트라이에틸헥사노인, 다이메티콘, 카프릴릭/카프릭트라이글리세라이드, 오조케라이트, 폴리하이드록시스테아릭애씨드, 리모넨, 폴리글리세릴-2다이폴리하이드록시스테아레이트, 다이스테아다이모늄헥토라이트, 에틸헥실팔미테이트, 레시틴, 아이소스테아릭애씨드, 아이소프로필팔미테이트, 솔비탄아이소스테아레이트, 향료, 폴리글리세릴-3폴리리시놀리에이트, 데하이드로아세틱애씨드, 부틸렌/에틸렌/스타이렌코폴리머, 리날룰, 트레할로오스, 펜타에리스리틸테트라-다이-T-부틸하이드록시하이드로신나메이트, 시트랄, 정제수, 부틸렌글라이콜, 생강추출물, 비에이치티. -립밤스틱 : 스쿠알란, 카프릴릭/카프릭트라이글리세라이드, 비스-다이글리세릴폴리아실아디페이트-2, 하이드로제네이티드캐스터오일아이소스테아레이트, 브이피/헥사데센코폴리머, 펜타에리스리틸테트라아이소스테아레이트, 다이아이소스테아릴말레이트, 합성왁스, 에이치디아이/트라이메틸올헥실락톤크로스폴리머, 합성플루오르플로고파이트, 야자씨버터, 시어버터, 세레신, 수크로오스테트라스테아레이트트라이아세테이트, 토코페릴아세테이트, 마이크로크리스탈린왁스, 1,2-헥산다이올, 에틸렌/프로필렌코폴리머, 리모넨, 라우로일라이신, 향료, 에틸헥실글리세린, 실리카, 리날룰, 시트랄, 제라니올, 에리스리톨, 정제수, 부틸렌글라이콜, 생강추출물, 토코페롤",에뛰드,에뛰드_진저슈가 립케어 2종 기획세트
왓츠 인 마이 아이즈,https://www.amoremall.com/kr/ko/product/detail?onlineProdSn=64004,6000.0,2g,2.0,g,"탤크, 마이카, 티타늄디옥사이드 (CI 77891), 트라이에틸헥사노인, 징크스테아레이트, 합성플루오르플로고파이트, 실리카, 폴리글리세릴-2트라이아이소스테아레이트, 망가니즈바이올렛, 페닐트라이메티콘, 하이드로제네이티드폴리아이소부텐, 카프릴릴글라이콜, 에틸헥실글리세린, 다이메티콘, 트라이에톡시카프릴릴실레인, 울트라마린, 적색226호, 황색산화철, 알루미늄하이드록사이드, 메티콘, 틴옥사이드, 황색4호, 토코페롤",에뛰드,에뛰드_왓츠 인 마이 아이즈
디어 달링 워터젤 틴트,https://www.amoremall.com/kr/ko/product/detail?onlineProdSn=62614,8000.0,5g,5.0,g,"정제수, 글리세린, 글리세릴폴리메타크릴레이트, 프로판다이올, 트레할로오스, 펜틸렌글라이콜, 1,2-헥산다이올, 암모늄아크릴로일다이메틸타우레이트/브이피코폴리머, 폴리아크릴레이트-13, 트로메타민, 적색218호, 폴리아이소부텐, 글리세릴카프릴레이트, 폴리글리세릴-10라우레이트, 황색5호, 향료, 부틸렌글라이콜, 폴리솔베이트20, 솔비탄아이소스테아레이트, 푸니카그라나툼프룻추출물, 페녹시에탄올, 사핀두스트리폴리아투스푸룻추출물",에뛰드,에뛰드_디어 달링 워터젤 틴트
왓츠 인 마이 아이즈 카페 더블,https://www.amoremall.com/kr/ko/product/detail?onlineProdSn=66617,8000.0,1.6g,1.6,g,"[좌] 탤크, 마이카, 티타늄디옥사이드 (CI 77891), 실리카, 헥실라우레이트, 보론나이트라이드, 라우로일라이신, 징크스테아레이트, 다이아이소스테아릴말레이트, 황색산화철, 펜타에리스리틸테트라에틸헥사노에이트, 페닐트라이메티콘, 적색산화철, 다이메티콘, 카프릴릴글라이콜, 에틸헥실글리세린, 트라이에톡시카프릴릴실레인, 흑색산화철, 황색4호, 알루미늄하이드록사이드, 적색226호, 메티콘, 토코페롤 [우] 마이카, 탤크, 티타늄디옥사이드 (CI 77891), 헥실라우레이트, 알루미늄전분옥테닐석시네이트, 다이아이소스테아릴말레이트, 페닐트라이메티콘, 비닐다이메티콘, 합성플루오르플로고파이트, 다이메티콘, 마그네슘미리스테이트, 징크스테아레이트, 카프릴릴글라이콜, 에틸헥실글리세린, 적색산화철, 트라이에톡시카프릴릴실레인, 황색4호, 틴옥사이드, 황색5호, 실리카, 적색202호, 토코페롤",에뛰드,에뛰드_왓츠 인 마이 아이즈 카페 더블
수분가득 콜라겐 딥시트 마스크 37ml,https://www.amoremall.com/kr/ko/product/detail?onlineProdSn=59902,3465.0,37ml,37.0,ml,"정제수, 하이드롤라이즈드콜라겐(60,056ppm), 다이프로필렌글라이콜, 세틸에틸헥사노에이트, 글리세린, 카프릴릭/카프릭트라이글리세라이드, 1,2-헥산다이올, 글리세레스-26, 폴리글리세릴-3다이스테아레이트, 글리세릴스테아레이트, 폴리글리세릴-3메틸글루코오스다이스테아레이트, 부틸렌글라이콜, 트레할로오스, 판테놀, 글리세릴스테아레이트시트레이트, 스페인감초뿌리추출물, 녹차추출물, 생강추출물, 콥티스뿌리추출물, 카보머, 알지닌, 잔탄검, 에틸헥실글리세린, 하이드록시에틸아크릴레이트/소듐아크릴로일다이메틸타우레이트코폴리머, 다이소듐이디티에이, 하이드로제네이티드레시틴, 소듐하이알루로네이트, 솔비탄아이소스테아레이트, 세라마이드엔피, 콜레스테롤, 하이드롤라이즈드루핀단백질",에뛰드,에뛰드_수분가득 콜라겐 딥시트 마스크 37ml
순정 디렉터 수분 선크림 기획세트 SPF50+/PA++++,https://www.amoremall.com/kr/ko/product/detail?onlineProdSn=58930,25000.0,50ml*2,50.0,ml,"정제수, 다이부틸아디페이트, 프로판다이올, 부틸렌글라이콜, 에칠헥실트리아존, 테레프탈릴리덴디캠퍼설포닉애씨드, 폴리글리세릴-3다이스테아레이트, 트로메타민, 1,2-헥산다이올, 펜틸렌글라이콜, 세테아릴알코올, 디에칠아미노하이드록시벤조일헥실벤조에이트, 폴리실리콘-15, 글리세릴스테아레이트, 비스-에칠헥실옥시페놀메톡시페닐트리아진, 포타슘세틸포스페이트, 메틸프로판다이올, 실리카, 카보머, 병풀추출물, 글리세릴스테아레이트시트레이트, 아크릴레이트/C10-30알킬아크릴레이트크로스폴리머, 에틸헥실글리세린, 암모늄아크릴로일다이메틸타우레이트/브이피코폴리머, 폴리에터-1, 다이소듐이디티에이, 바이오사카라이드검-1, 알란토인, 판테놀, 토코페롤, 마데카소사이드",에뛰드,에뛰드_순정 디렉터 수분 선크림 기획세트 SPF50+/PA++++
닥터 마스카라 픽서 포 래쉬  6g,https://www.amoremall.com/kr/ko/product/detail?onlineProdSn=58927,8000.0,6g,6.0,g,"아이소도데케인, 브이피/에이코신코폴리머, 사이클로펜타실록세인, 트라이메틸실록시실리케이트, 실리카, 다이스테아다이모늄헥토라이트, 합성왁스, 아이소부틸메타크릴레이트/비스-하이드록시프로필다이메티콘아크릴레이트코폴리머, 프로필렌카보네이트, 에틸렌/프로필렌코폴리머, 흑색산화철, 트라이에톡시카프릴릴실레인",에뛰드,에뛰드_닥터 마스카라 픽서 포 래쉬  6g
프루프 10 젤 방수 펜슬 0.3 g,https://www.amoremall.com/kr/ko/product/detail?onlineProdSn=53287,8000.0,0.3 g,0.3,g,"흑색산화철, 트리메칠실록시실리케이트, 사이클로펜타실록산, 이소도데칸, 폴리에칠렌, 합성왁스, 세레신, 마이카, 합성칸데릴라왁스, 폴리이소부텐, 티타늄디옥사이드",에뛰드,에뛰드_프루프 10 젤 방수 펜슬 0.3 g
순정 디렉터 선크림,https://www.amoremall.com/kr/ko/product/detail?onlineProdSn=65684,25000.0,40ml+20ml,40.0,ml,"[전성분] 정제수, 다이부틸아디페이트, C12-15알킬벤조에이트, 다이프로필렌글라이콜, 티타늄디옥사이드 (CI 77891), 코코-카프릴레이트/카프레이트, 아이소노닐아이소노나노에이트, 부틸렌글라이콜, 디에칠아미노하이드록시벤조일헥실벤조에이트, 나이아신아마이드, 펜틸렌글라이콜, 1,2-헥산다이올, 비스-에칠헥실옥시페놀메톡시페닐트리아진, 에칠헥실트리아존, 글리세린, 폴리실리콘-15, 테레프탈릴리덴디캠퍼설포닉애씨드, 폴리하이드록시스테아릭애씨드, 폴리C10-30알킬아크릴레이트, 폴리글리세릴-3메틸글루코오스다이스테아레이트, 폴리메틸실세스퀴옥세인, 포타슘세틸포스페이트, 트로메타민, 아이소도데케인, 옥틸도데칸올, 알루미늄하이드록사이드, 소듐폴리아크릴로일다이메틸타우레이트, 판테놀, 스테아릭애씨드, 폴리글리세릴-6스테아레이트, 하이드록시에틸아크릴레이트/소듐아크릴로일다이메틸타우레이트코폴리머, 폴리글리세릴-4아이소스테아레이트, 폴리글리세릴-2다이폴리하이드록시스테아레이트, 아이소프로필티타늄트라이아이소스테아레이트, 하이드록시프로필메틸셀룰로오스스테아록시에터, 폴리아크릴레이트크로스폴리머-6, 에틸헥실글리세린, 아데노신, 트라이소듐에틸렌다이아민다이석시네이트, 폴리글리세릴-6베헤네이트, 토코페롤, 베헤닐알코올, 잔탄검, 황색산화철 (CI 77492), 적색산화철 (CI 77491)[전성분] 정제수, 소듐코코일이세티오네이트, 글리세린, 하이드록시프로필스타치포스페이트, 소듐메틸코코일타우레이트, 데실글루코사이드, 포타슘코코일글리시네이트, 세테아릴알코올, 글리세릴스테아레이트, 솔비탄올리베이트, 글라이콜다이스테아레이트, 포타슘코코에이트, 카프릴릴글라이콜, 시트릭애씨드, 폴리쿼터늄-67, 글리세릴카프릴레이트, 다이소듐이디티에이, 소듐아세테이트, 소듐클로라이드, 판테놀, 펜틸렌글라이콜, 마데카소사이드",에뛰드,에뛰드_순정 디렉터 선크림
뽀오얀 미소 발효 립&아이 리무버 250ml,https://www.amoremall.com/kr/ko/product/detail?onlineProdSn=59263,15000.0,250ml,250.0,ml,"정제수, 세틸에틸헥사노에이트, C9-12알케인, C18-21알케인, 글리세린, 아이소도데케인, 헥실렌글라이콜, 소듐클로라이드, 코코-카프릴레이트/카프레이트, 카프릴릴/카프릴글루코사이드, 라우릴메틸글루세스-10하이드록시프로필다이모늄클로라이드, 1,2-헥산다이올, 다이포타슘포스페이트, 소듐메타포스페이트, 에틸헥실글리세린, 부틸렌글라이콜, 포타슘포스페이트, 효모/보리씨발효여과물, 프로판다이올, 쌀겨오일, 모나스커스/쌀발효물, 돌콩지질, 토코페롤, 다이소듐이디티에이",에뛰드,에뛰드_뽀오얀 미소 발효 립&아이 리무버 250ml
님프 광채볼류머 투명한 물광 24g,https://www.amoremall.com/kr/ko/product/detail?onlineProdSn=61744,20000.0,24g,24.0,g,"하이드로제네이티드폴리데센, 하이드로제네이티드폴리아이소부텐, 피마자씨오일, 에틸렌/프로필렌코폴리머, 에틸헥실올리베이트, 폴리글리세릴-4다이아이소스테아레이트/폴리하이드록시스테아레이트/세바케이트, 향료, 카프릴릴글라이콜, 다이아이소스테아릴말레이트, 아르간커넬오일, 옥틸도데실스테아로일스테아레이트, 에틸헥실글리세린, 아보카도오일, 티타늄디옥사이드 (CI 77891), 1,2-헥산다이올, 울트라마린, 적색산화철, 하이드롤라이즈드하이알루로닉애씨드",에뛰드,에뛰드_님프 광채볼류머 투명한 물광 24g
청순거짓 브라우카라 대용량 기획세트,https://www.amoremall.com/kr/ko/product/detail?onlineProdSn=60224,9000.0,9g+4.5g,9.0,g,"정제수, 사이클로펜타실록세인, 트라이메틸실록시실리케이트, 아이소도데케인, 탤크, 메틸트라이메티콘, 아크릴레이트/스테아릴아크릴레이트/다이메티콘메타크릴레이트코폴리머, 피이지-10다이메티콘, 적색산화철, 오조케라이트, 비닐다이메티콘/메티콘실세스퀴옥세인크로스폴리머, 황색산화철, 흑색산화철, 부틸렌글라이콜, 라우릴피이지-9폴리다이메틸실록시에틸다이메티콘, 마이카, 티타늄디옥사이드 (CI 77891), 소듐클로라이드, 에틸헥산다이올, 펜틸렌글라이콜, 다이스테아다이모늄헥토라이트, 1,2-헥산다이올, 프로필렌카보네이트, 트라이에톡시카프릴릴실레인, 아이소프로필티타늄트라이아이소스테아레이트, 다이소듐이디티에이, 비스-피이지-15다이메티콘/아이피디아이코폴리머, 알루미늄하이드록사이드, 피이지-2소이아민, 토코페롤",에뛰드,에뛰드_청순거짓 브라우카라 대용량 기획세트
컬 픽스 마스카라,https://www.amoremall.com/kr/ko/product/detail?onlineProdSn=61748,16000.0,"본품 1ea (8g), 뷰러 1ea",1.0,ea,"아이소도데케인, 트라이메틸실록시실리케이트, 세레신, 덱스트린팔미테이트/에틸헥사노에이트, 탤크, 부틸아크릴레이트/하이드록시프로필다이메티콘아크릴레이트코폴리머, 마이크로크리스탈린왁스, 흑색산화철, 다이스테아다이모늄헥토라이트, 폴리프로필실세스퀴옥세인, 프로필렌카보네이트, 하이드로제네이티드폴리아이소부텐, 트라이에톡시카프릴릴실레인, 비에이치티",에뛰드,에뛰드_컬 픽스 마스카라
블링블링 아이스틱 1.4g,https://www.amoremall.com/kr/ko/product/detail?onlineProdSn=53248,6500.0,1.4g,1.4,g,"트라이에틸헥사노인, 합성플루오르플로고파이트, 마이카, 페닐트라이메티콘, 티타늄디옥사이드 (CI 77891), 카프릴릭/카프릭/미리스틱/스테아릭트라이글리세라이드, 세레신, 스쿠알란, 폴리에틸렌, 비스머스옥시클로라이드, 보론나이트라이드, 나일론-12, 네오펜틸글라이콜다이카프레이트, 카프릴릭/카프릭트라이글리세라이드, 칼슘소듐보로실리케이트, 솔비탄세스퀴올리에이트, 칸데릴라왁스, 카프릴릴글라이콜, 토코페릴아세테이트, 해바라기씨오일, 포도씨오일, 글리세릴카프릴레이트, 페녹시에탄올, 스테아랄코늄헥토라이트, 헥실렌글라이콜, 프로필렌카보네이트, 틴옥사이드",에뛰드,에뛰드_블링블링 아이스틱 1.4g
라인 픽스 브러쉬 라이너 0.5g,https://www.amoremall.com/kr/ko/product/detail?onlineProdSn=59634,14000.0,0.5 g,0.5,g,"정제수, 암모늄스타이렌/아크릴레이트코폴리머, 카본블랙, 부틸렌글라이콜, 암모늄아크릴레이트코폴리머, 스타이렌/아크릴레이트코폴리머, 펜틸렌글라이콜, 페녹시에탄올, 1,2-헥산다이올, 카프릴릴글라이콜, 소듐데하이드로아세테이트, 에틸헥실글리세린, 다이소듐이디티에이, 트라이데세스-6포스페이트, 다이프로필렌글라이콜, 바나나추출물, 글리세릴카프릴레이트, 바오밥나무씨추출물, 검정콩추출물, 흑미추출물, 검은깨추출물, 시메티콘",에뛰드,에뛰드_라인 픽스 브러쉬 라이너 0.5g
팡팡 헤어 섀도우 3.5g,https://www.amoremall.com/kr/ko/product/detail?onlineProdSn=56329,16000.0,3.5g,3.5,g,"탤크, 마그네슘포타슘플루오로실리케이트, 흑색산화철, 폴리메틸메타크릴레이트, 마이카, 폴리에틸렌, 다이페닐실록시페닐트라이메티콘, 황색산화철, 옥틸도데실스테아로일스테아레이트, 트라이에톡시카프릴릴실레인, 적색산화철, 트라이메틸실록시실리케이트, 다이메티콘, 에틸헥실글리세린, 폴리프로필실세스퀴옥세인, 카프릴릴메티콘, 데하이드로아세틱애씨드, 정제수, 에탄올, 부틸렌글라이콜, 녹차추출물, 덱스트린, 마트리카리아꽃수, 글리세린, 락토바실러스발효물, 토코페롤, 프로판다이올, 동백나무씨오일, 판테놀, 세라마이드엔피, 1,2-헥산다이올, 검정콩추출물, 피토스핑고신, 하이드로제네이티드레시틴, 락토바실러스발효용해물, 다이소듐이디티에이",에뛰드,에뛰드_팡팡 헤어 섀도우 3.5g
픽싱틴트 4g,https://www.amoremall.com/kr/ko/product/detail?onlineProdSn=53296,12000.0,4g,4.0,g,"정제수,아이소도데케인,다이메티콘,비닐다이메티콘/메티콘실세스퀴옥세인크로스폴리머,부틸렌글라이콜,다이스테아다이모늄헥토라이트,트라이칼슘포스페이트,다이메티콘/비닐다이메티콘크로스폴리머,솔비탄아이소스테아레이트,라우릴폴리글리세릴-3폴리다이메틸실록시에틸다이메티콘,다이아이소스테아릴말레이트,다이글리세린,세틸피이지/피피지-10/1다이메티콘,스테아릴다이메티콘,마그네슘설페이트,다이페닐실록시페닐트라이메티콘,1,2-헥산다이올,프로필렌카보네이트,티타늄디옥사이드 (CI 77891),적색202호,폴리글리세릴-3다이아이소스테아레이트,옥타데센,아크릴레이트/폴리트라이메틸실록시메타크릴레이트코폴리머,황색4호,폴리글리세릴-3폴리다이메틸실록시에틸다이메티콘,향료,솔비탄올리베이트,실리카다이메틸실릴레이트,적색산화철,황색5호,트라이에톡시카프릴릴실레인,적색104호의(1),솔비탄세스퀴올리에이트,에틸헥실글리세린,청색1호,적색201호,토코페롤,펜타에리스리틸테트라-다이-T-부틸하이드록시하이드로신나메이트",에뛰드,에뛰드_픽싱틴트 4g
진저슈가 립밤스틱 3.7g,https://www.amoremall.com/kr/ko/product/detail?onlineProdSn=55140,8000.0,3.7g,3.7,g,"스쿠알란, 카프릴릭/카프릭트라이글리세라이드, 비스-다이글리세릴폴리아실아디페이트-2, 하이드로제네이티드캐스터오일아이소스테아레이트, 브이피/헥사데센코폴리머, 펜타에리스리틸테트라아이소스테아레이트, 다이아이소스테아릴말레이트, 합성왁스, 에이치디아이/트라이메틸올헥실락톤크로스폴리머, 합성플루오르플로고파이트, 야자씨버터, 시어버터, 세레신, 수크로오스테트라스테아레이트트라이아세테이트, 토코페릴아세테이트, 마이크로크리스탈린왁스, 1,2-헥산다이올, 에틸렌/프로필렌코폴리머, 리모넨, 라우로일라이신, 향료, 에틸헥실글리세린, 실리카, 리날룰, 시트랄, 제라니올, 에리스리톨, 정제수, 부틸렌글라이콜, 생강추출물, 토코페롤",에뛰드,에뛰드_진저슈가 립밤스틱 3.7g
진저슈가 에센셜 립밤 15ml,https://www.amoremall.com/kr/ko/product/detail?onlineProdSn=55141,7500.0,15ml,15.0,ml,"다이아이소스테아릴말레이트, 폴리부텐, 피토스테릴/이소스테아릴/세틸/스테아릴/베헤닐다이머디리놀리에이트, 피토스테릴이소스테아릴다이머디리놀리에이트, 하이드로제네이티드폴리아이소부텐, 덱스트린팔미테이트/에틸헥사노에이트, 시어버터, 글리세린, 토코페릴아세테이트, 야자씨버터, 트라이에틸헥사노인, 에틸렌/프로필렌/스타이렌코폴리머, 칸데릴라왁스, 다이메티콘, 카프릴릭/카프릭트라이글리세라이드, 리모넨, 수크로오스테트라스테아레이트트라이아세테이트, 해바라기씨왁스, 오조케라이트, 합성왁스, 폴리글리세릴-2다이폴리하이드록시스테아레이트, 폴리하이드록시스테아릭애씨드, 향료, 다이스테아다이모늄헥토라이트, 레시틴, 솔비탄아이소스테아레이트, 에틸헥실팔미테이트, 아이소스테아릭애씨드, 아이소프로필미리스테이트, 데하이드로아세틱애씨드, 폴리글리세릴-3폴리리시놀리에이트, 리날룰, 부틸렌/에틸렌/스타이렌코폴리머, 시트랄, 펜타에리스리틸테트라-다이-T-부틸하이드록시하이드로신나메이트, 제라니올, 에리스리톨, 정제수, 부틸렌글라이콜, 생강추출물",에뛰드,에뛰드_진저슈가 에센셜 립밤 15ml
그림자쉐딩 재창조 & 재창조 쉐딩스틱 기획세트,https://www.amoremall.com/kr/ko/product/detail?onlineProdSn=61732,20000.0,10 g + 1 g,10.0,g,"[톤앤톤] 탤크, 마이카, 펜타에리스리틸테트라에틸헥사노에이트, 나일론-12, 다이아이소스테아릴말레이트, 마그네슘스테아레이트, 티타늄디옥사이드 (CI 77891), 황색산화철, 흑색산화철, 다이메티콘, 적색산화철, 1,2-헥산다이올, 아미노프로필다이메티콘, 폴리메틸실세스퀴옥세인, 글리세릴카프릴레이트, 망가니즈바이올렛, 트라이에톡시카프릴릴실레인, 알루미나, 실리카 [무드온] 탤크, 마이카, 펜타에리스리틸테트라에틸헥사노에이트, 나일론-12, 다이아이소스테아릴말레이트, 티타늄디옥사이드 (CI 77891), 황색산화철, 마그네슘스테아레이트, 흑색산화철, 적색산화철, 다이메티콘, 1,2-헥산다이올, 아미노프로필다이메티콘, 폴리메틸실세스퀴옥세인, 글리세릴카프릴레이트, 트라이에톡시카프릴릴실레인, 알루미나, 실리카 [재창조 #웜쉐딩] 에틸헥실팔미테이트, 사이클로펜타실록세인, 실리카, 합성왁스, 카프릴릭/카프릭트라이글리세라이드, 티타늄디옥사이드 (CI 77891), 다이메티콘, C13-15알케인, 트라이메틸실록시실리케이트, 비닐다이메티콘/메티콘실세스퀴옥세인크로스폴리머, 아이소도데케인, 세틸피이지/피피지-10/1다이메티콘, 폴리글리세릴-3폴리리시놀리에이트, 파라핀, 호호바에스터, 솔비탄아이소스테아레이트, 브이피/헥사데센코폴리머, 황색산화철, 다이메티콘/비닐다이메티콘크로스폴리머, 흑색산화철, 마이크로크리스탈린왁스, 다이스테아다이모늄헥토라이트, 적색산화철, 트라이에톡시카프릴릴실레인, 알루미늄하이드록사이드, 토코페롤, 펜타에리스리틸테트라-다이-T-부틸하이드록시하이드로신나메이트",에뛰드,에뛰드_그림자쉐딩 재창조 & 재창조 쉐딩스틱 기획세트
슈팅빔 하이라이터 3g,https://www.amoremall.com/kr/ko/product/detail?onlineProdSn=66916,14000.0,3g,3.0,g,"마이카, 티타늄디옥사이드 (CI 77891), 다이아이소스테아릴말레이트, C9-12알케인, 하이드로제네이티드폴리아이소부텐, 트라이에틸헥사노인, 다이메티콘, 실리카, 징크스테아레이트, 옥틸도데칸올, 다이페닐다이메티콘, 다이메티콘/비닐다이메티콘크로스폴리머, 다이스테아다이모늄헥토라이트, 카프릴릴글라이콜, 에틸헥실글리세린, 적색산화철, 하이드로제네이티드식물성오일, 토코페롤, 펜타에리스리틸테트라-다이-t-부틸하이드록시하이드로신나메이트, 솔비탄트라이스테아레이트, 틴옥사이드",에뛰드,에뛰드_슈팅빔 하이라이터 3g
순정 디렉터 톤업 수정 선크림 기획 세트 SPF50+/PA++++,https://www.amoremall.com/kr/ko/product/detail?onlineProdSn=61235,25000.0,40ml+20ml,40.0,ml,"[전성분] 정제수, 다이부틸아디페이트, C12-15알킬벤조에이트, 다이프로필렌글라이콜, 티타늄디옥사이드 (CI 77891), 코코-카프릴레이트/카프레이트, 아이소노닐아이소노나노에이트, 부틸렌글라이콜, 디에칠아미노하이드록시벤조일헥실벤조에이트, 나이아신아마이드, 펜틸렌글라이콜, 1,2-헥산다이올, 비스-에칠헥실옥시페놀메톡시페닐트리아진, 에칠헥실트리아존, 글리세린, 폴리실리콘-15, 테레프탈릴리덴디캠퍼설포닉애씨드, 폴리하이드록시스테아릭애씨드, 폴리C10-30알킬아크릴레이트, 폴리글리세릴-3메틸글루코오스다이스테아레이트, 폴리메틸실세스퀴옥세인, 포타슘세틸포스페이트, 트로메타민, 아이소도데케인, 옥틸도데칸올, 알루미늄하이드록사이드, 소듐폴리아크릴로일다이메틸타우레이트, 판테놀, 스테아릭애씨드, 폴리글리세릴-6스테아레이트, 하이드록시에틸아크릴레이트/소듐아크릴로일다이메틸타우레이트코폴리머, 폴리글리세릴-4아이소스테아레이트, 폴리글리세릴-2다이폴리하이드록시스테아레이트, 아이소프로필티타늄트라이아이소스테아레이트, 하이드록시프로필메틸셀룰로오스스테아록시에터, 폴리아크릴레이트크로스폴리머-6, 에틸헥실글리세린, 아데노신, 트라이소듐에틸렌다이아민다이석시네이트, 폴리글리세릴-6베헤네이트, 토코페롤, 베헤닐알코올, 잔탄검, 황색산화철 (CI 77492), 적색산화철 (CI 77491) [전성분] 정제수, 소듐코코일이세티오네이트, 글리세린, 하이드록시프로필스타치포스페이트, 소듐메틸코코일타우레이트, 데실글루코사이드, 포타슘코코일글리시네이트, 세테아릴알코올, 글리세릴스테아레이트, 솔비탄올리베이트, 글라이콜다이스테아레이트, 포타슘코코에이트, 카프릴릴글라이콜, 시트릭애씨드, 폴리쿼터늄-67, 글리세릴카프릴레이트, 다이소듐이디티에이, 소듐아세테이트, 소듐클로라이드, 판테놀, 펜틸렌글라이콜, 마데카소사이드",에뛰드,에뛰드_순정 디렉터 톤업 수정 선크림 기획 세트 SPF50+/PA++++
베어 엣지 슬림 브로우 0.1g,https://www.amoremall.com/kr/ko/product/detail?onlineProdSn=53246,8000.0,0.1g,0.1,g,"마이카, 흑색산화철, 하이드로제네이티드코코-글리세라이즈, 하이드로제네이티드캐스터오일, 칸데릴라왁스, 하이드로제네이티드유채씨오일, 피마자씨오일, 하이드로제네이티드식물성오일, 적색산화철, 티타늄디옥사이드 (CI 77891), 황색산화철, 카나우바왁스, 징크스테아레이트, 폴리아이소부텐, 폴리하이드록시스테아릭애씨드, 에틸헥실팔미테이트, 레시틴, 아이소스테아릭애씨드, 아이소프로필미리스테이트, 폴리글리세릴-3폴리리시놀리에이트, 카프릴릴글라이콜, 글리세릴카프릴레이트",에뛰드,에뛰드_베어 엣지 슬림 브로우 0.1g
플레이 101 스틱 컨투어 듀오,https://www.amoremall.com/kr/ko/product/detail?onlineProdSn=54849,13000.0,2g+3.8g,2.0,g,"1. 하이라이터: 옥틸도데칸올, 티타늄디옥사이드, 세틸에칠헥사노에이트, C12-15알킬벤조에이트, 합성플루오르플로고파이트, 실리카, 메칠메타크릴레이트크로스폴리머, 카프릴릭/카프릭트리글리세라이드, 폴리에칠렌, 오조케라이트, 펜타에리스리틸테트라이소스테아레이트, 소르비탄세스퀴올리에이트, 폴리글리세릴-6폴리리시놀리에이트, 황색산화철, 적색산화철, 토코페릴아세테이트, 데하이드로아세틱애씨드, 디스테아릴디모늄클로라이드, 레시틴, 틴옥사이드, 폴리하이드록시스테아릭애씨드, 에칠헥실팔미테이트, 이소스테아릭애씨드, 이소프로필미리스테이트, 폴리글리세릴-3폴리리시놀리에이트 2. 쉐이딩: 실리카, 옥틸도데칸올, 세틸에칠헥사노에이트, C12-15알킬벤조에이트, 페닐트리메치콘, 폴리에칠렌, 이소노닐이소노나노에이트, 오조케라이트, 황색산화철, 티타늄디옥사이드, 마이크로크리스탈린왁스, 소르비탄세스퀴올리에이트, 폴리글리세릴-6폴리리시놀리에이트, 스테아랄코늄헥토라이트, 합성플루오르플로고파이트, 흑색산화철, 적색산화철, 카프릴릭/카프릭트리글리세라이드, 카나우바왁스, 토코페릴아세테이트, 레시틴, 폴리하이드록시스테아릭애씨드, 데하이드로아세틱애씨드, 에칠헥실팔미테이트, 폴리글리세릴-3폴리리시놀리에이트, 이소스테아릭애씨드, 이소프로필미리스테이트, 디스테아릴디모늄클로라이드",에뛰드,에뛰드_플레이 101 스틱 컨투어 듀오
컬픽스 마스카라 올인원 3종 세트,https://www.amoremall.com/kr/ko/product/detail?onlineProdSn=65465,35000.0,"8g(컬픽스), 4g(미니), 120ml(립앤아이리무버)",8.0,g,"[컬픽스 마스카라(블랙)] 아이소도데케인, 트라이메틸실록시실리케이트, 세레신, 덱스트린팔미테이트/에틸헥사노에이트, 탤크, 부틸아크릴레이트/하이드록시프로필다이메티콘아크릴레이트코폴리머, 마이크로크리스탈린왁스, 흑색산화철, 다이스테아다이모늄헥토라이트, 폴리프로필실세스퀴옥세인, 프로필렌카보네이트, 하이드로제네이티드폴리아이소부텐, 트라이에톡시카프릴릴실레인, 비에이치티 [뽀오얀 립앤아이리무버] 정제수, 세틸에틸헥사노에이트, C9-12알케인, C18-21알케인, 글리세린, 아이소도데케인, 헥실렌글라이콜, 소듐클로라이드, 코코-카프릴레이트/카프레이트, 카프릴릴/카프릴글루코사이드, 라우릴메틸글루세스-10하이드록시프로필다이모늄클로라이드, 1,2-헥산다이올, 다이포타슘포스페이트, 소듐메타포스페이트, 에틸헥실글리세린, 부틸렌글라이콜, 포타슘포스페이트, 효모/보리씨발효여과물, 프로판다이올, 쌀겨오일, 모나스커스/쌀발효물, 돌콩지질, 토코페롤, 다이소듐이디티에이",에뛰드,에뛰드_컬픽스 마스카라 올인원 3종 세트
"6,400원",https://www.amoremall.com/kr/ko/product/detail?onlineProdSn=66100,8000.0,5g,5.0,g,"정제수, 흑색산화철, 아크릴레이트코폴리머, 부틸렌글라이콜, 에탄올, 펜틸렌글라이콜, 1,2-헥산다이올, 폴리솔베이트20, 벤토나이트, 리튬마그네슘소듐실리케이트, 잔탄검, 카프릴릴글라이콜, 소듐데하이드로아세테이트, 소듐메타포스페이트",에뛰드,"에뛰드_6,400원"
플레이 컬러 아이즈 #더스티 캣 0.8g X 9,https://www.amoremall.com/kr/ko/product/detail?onlineProdSn=55930,25000.0,0.8g X 9,0.8,g,"[핑크 젤리 냠냠] 탤크, 마이카, 폴리프로필렌, 티타늄디옥사이드 (CI 77891), 트라이에틸헥사노인, 알루미늄전분옥테닐석시네이트, 펜타에리스리틸테트라에틸헥사노에이트, 다이메티콘, 흑색산화철, 피씨에이다이메티콘, 에틸헥실글리세린, 정제수, 트라이에톡시카프릴릴실레인, 카프릴릴글라이콜, 황색산화철, 적색산화철, 알루미늄하이드록사이드, 적색226호, 메티콘 / [큐티가 배로] 탤크, 마이카, 칼슘티타늄보로실리케이트, 다이아이소스테아릴말레이트, 티타늄디옥사이드 (CI 77891), 칼슘알루미늄보로실리케이트, 칼슘소듐보로실리케이트, 다이메티콘, 알루미늄전분옥테닐석시네이트, 보론나이트라이드, 징크스테아레이트, 적색산화철, 옥틸도데실스테아로일스테아레이트, 실버, 아이소스테아릭애씨드, 정제수, 라우로일라이신, 에틸헥실글리세린, 실리카, 카프릴릴글라이콜, 트라이에톡시카프릴릴실레인, 틴옥사이드, 적색226호 / [조심해! 냥냥펀치] 탤크, 마이카, 티타늄디옥사이드 (CI 77891), 나일론-12, 옥틸도데실스테아로일스테아레이트, 다이페닐실록시페닐트라이메티콘, 마그네슘미리스테이트, 실리카, 보론나이트라이드, 울트라마린, 적색산화철, 황색산화철, 흑색산화철, 카프릴릭/카프릭트라이글리세라이드, 적색226호, 다이메티콘, 에틸헥실글리세린, 메티콘, 카프릴릴글라이콜, 트라이에톡시카프릴릴실레인, 라우로일라이신, 알루미늄하이드록사이드, 징크스테아레이트 / [턱선에 베이지] 탤크, 마이카, 폴리프로필렌, 티타늄디옥사이드 (CI 77891), 트라이에틸헥사노인, 알루미늄전분옥테닐석시네이트, 흑색산화철, 펜타에리스리틸테트라에틸헥사노에이트, 다이메티콘, 황색산화철, 적색산화철, 울트라마린, 피씨에이다이메티콘, 에틸헥실글리세린, 정제수, 트라이에톡시카프릴릴실레인, 카프릴릴글라이콜, 적색226호, 알루미늄하이드록사이드, 메티콘 / [더스티 캣] 탤크, 마이카, 보론나이트라이드, 티타늄디옥사이드 (CI 77891), 옥틸도데실스테아로일스테아레이트, 다이페닐실록시페닐트라이메티콘, 마그네슘미리스테이트, 실리카, 울트라마린, 망가니즈바이올렛, 황색산화철, 흑색산화철, 적색산화철, 카프릴릭/카프릭트라이글리세라이드, 다이메티콘, 트라이에톡시카프릴릴실레인, 적색226호, 에틸헥실글리세린, 메티콘, 카프릴릴글라이콜, 알루미늄하이드록사이드, 징크스테아레이트 / [냥이의 속마음] 칼슘알루미늄보로실리케이트, 마이카, 칼슘티타늄보로실리케이트, 탤크, 실리카, 티타늄디옥사이드 (CI 77891), 다이메티콘, 다이아이소스테아릴말레이트, 다이페닐실록시페닐트라이메티콘, 프로필렌글라이콜다이벤조에이트, 펜타에리스리틸테트라아이소스테아레이트, 마그네슘미리스테이트, 트라이옥틸도데실시트레이트, 징크스테아레이트, 다이메티콘/비닐다이메티콘크로스폴리머, 하이드로제네이티드스타이렌/메틸스타이렌/인덴코폴리머, 적색산화철, 틴옥사이드, 트라이에톡시카프릴릴실레인, 에틸헥실글리세린, 카프릴릴글라이콜, 카민, 펜타에리스리틸테트라-다이-T-부틸하이드록시하이드로신나메이트 / [쿨럭 쿨럭] 탤크, 마이카, 폴리프로필렌, 티타늄디옥사이드 (CI 77891), 흑색산화철, 트라이에틸헥사노인, 적색산화철, 망가니즈바이올렛, 알루미늄전분옥테닐석시네이트, 울트라마린, 펜타에리스리틸테트라에틸헥사노에이트, 다이메티콘, 황색산화철, 적색226호, 피씨에이다이메티콘, 에틸헥실글리세린, 정제수, 트라이에톡시카프릴릴실레인, 카프릴릴글라이콜, 알루미늄하이드록사이드, 메티콘 / [갓 캔 감자] 탤크, 마이카, 적색산화철, 흑색산화철, 티타늄디옥사이드 (CI 77891), 알루미늄전분옥테닐석시네이트, 네오펜틸글라이콜다이에틸헥사노에이트, 보론나이트라이드, 헥실라우레이트, 옥틸도데실스테아로일스테아레이트, 세틸에틸헥사노에이트, 아이소스테아릭애씨드, 나일론-12, 다이아이소스테아릴말레이트, 정제수, 라우로일라이신, 트라이에톡시카프릴릴실레인, 에틸헥실글리세린, 카프릴릴글라이콜, 카민 / [쿨쿨~ 굿 나잇] 탤크, 마이카, 흑색산화철, 폴리프로필렌, 적색산화철, 트라이에틸헥사노인, 망가니즈바이올렛, 황색산화철, 다이페닐실록시페닐트라이메티콘, 알루미늄전분옥테닐석시네이트, 펜타에리스리틸테트라에틸헥사노에이트, 다이메티콘, 피씨에이다이메티콘, 에틸헥실글리세린, 정제수, 트라이에톡시카프릴릴실레인, 카프릴릴글라이콜, 적색226호",에뛰드,에뛰드_플레이 컬러 아이즈 #더스티 캣 0.8g X 9
아이돌 리얼 래쉬 픽서 8ml,https://www.amoremall.com/kr/ko/product/detail?onlineProdSn=55144,8000.0,8ml,8.0,ml,"아이소도데케인, 합성왁스, 부틸아크릴레이트/하이드록시프로필다이메티콘아크릴레이트코폴리머, 마이크로크리스탈린왁스, 하이드로제네이티드폴리아이소부텐, 브이피/에이코신코폴리머, 다이스테아다이모늄헥토라이트, 실리카, 에틸렌/프로필렌코폴리머, 프로필렌카보네이트, 흑색산화철, 트라이에톡시카프릴릴실레인, 비에이치티",에뛰드,에뛰드_아이돌 리얼 래쉬 픽서 8ml
베이킹 파우더 모공 클렌징 폼 듀오세트,https://www.amoremall.com/kr/ko/product/detail?onlineProdSn=59995,12000.0,300g*2,300.0,g,"글리세린, 정제수, 스테아릭애씨드, 미리스틱애씨드, 피이지-32, 포타슘하이드록사이드, 팔미틱애씨드, 마이크로크리스탈린셀룰로오스, 라우릭애씨드, 코카미도프로필베타인, 글리세릴스테아레이트, 피이지-100스테아레이트, 향료, 실리카, 피이지-7글리세릴코코에이트, 폴리쿼터늄-7, 소듐클로라이드, 소듐바이카보네이트, 다이소듐이디티에이, 소듐벤조에이트, 락틱애씨드",에뛰드,에뛰드_베이킹 파우더 모공 클렌징 폼 듀오세트
포근 픽싱틴트 4g,https://www.amoremall.com/kr/ko/product/detail?onlineProdSn=66096,16000.0,4g,4.0,g,"다이메티콘, 다이메티콘/비닐다이메티콘크로스폴리머, 페닐트라이메티콘, 폴리글리세릴-2트라이아이소스테아레이트, 다이메티콘크로스폴리머, 하이드로제네이티드폴리아이소부텐, 티타늄디옥사이드 (CI 77891), 트라이메틸실록시실리케이트, 1,2-헥산다이올, 실리카실릴레이트, 세틸피이지/피피지-10/1다이메티콘, 아이소도데케인, 실리카, 탤크, 황색산화철, 토코페릴아세테이트, 적색202호, 적색산화철, 향료, 흑색산화철, 펜타에리스리틸테트라-다이-T-부틸하이드록시하이드로신나메이트, 적색104호의(1), 황색4호, 황색5호, 청색1호",에뛰드,에뛰드_포근 픽싱틴트 4g
순정 약산성 클렌징 밀크 200ml,https://www.amoremall.com/kr/ko/product/detail?onlineProdSn=64512,19000.0,200ml,200.0,ml,"정제수, 글리세린, 카프릴릭/카프릭트라이글리세라이드, 세틸에틸헥사노에이트, 해바라기씨오일, 부틸렌글라이콜, 1,2-헥산다이올, 세테아릴알코올, 아라키딜알코올, 판테놀, 베헤닐알코올, 아라키딜글루코사이드, 잔탄검, 아크릴레이트/C10-30알킬아크릴레이트크로스폴리머, 소듐스테아로일글루타메이트, 에틸헥실글리세린, 시트릭애씨드, 마데카소사이드, 은행나무잎추출물, 토코페롤",에뛰드,에뛰드_순정 약산성 클렌징 밀크 200ml
마이 베스트 톤 아이 팔레트,https://www.amoremall.com/kr/ko/product/detail?onlineProdSn=60602,30000.0,7.4g,7.4,g,"[아이 컨택] 마이카, 탤크, 마그네슘/포타슘/실리콘/플루오라이드/하이드록사이드/옥사이드, 티타늄디옥사이드 (CI 77891), 실리카, 하이드로제네이티드폴리(C6-14올레핀), 마그네슘미리스테이트, 메틸메타크릴레이트크로스폴리머, 하이드록시아파타이트, 라우로일라이신, 페닐트라이메티콘, 다이아이소스테아릴말레이트, 옥틸도데실스테아로일스테아레이트, 비스-베헤닐/아이소스테아릴/피토스테릴다이머다이리놀레일다이머다이리놀리에이트, 다이메티콘, 황색4호, 글리세릴카프릴레이트, 알루미늄하이드록사이드, 아이소프로필티타늄트라이아이소스테아레이트, 트라이에톡시카프릴릴실레인, 하이드로젠다이메티콘, 황색산화철, 미리스틱애씨드, 적색산화철, 적색226호, 토코페롤 / [첫사랑 코랄] 마그네슘/포타슘/실리콘/플루오라이드/하이드록사이드/옥사이드, 마이카, 탤크, 알루미늄전분옥테닐석시네이트, 티타늄디옥사이드 (CI 77891), 실리카, 징크스테아레이트, 마그네슘미리스테이트, 아이소아밀라우레이트, 스테아릴다이메티콘, 페닐트라이메티콘, 황색4호, 황색산화철, 다이메티콘, 하이드로젠다이메티콘, 글리세릴카프릴레이트, 다이아이소스테아릴말레이트, 적색226호, 트라이에톡시카프릴릴실레인, 알루미늄하이드록사이드, 적색산화철, 울트라마린, 하이드로제네이티드폴리데센, 흑색산화철 / [현실주의] 칼슘티타늄보로실리케이트, 헥실라우레이트, 티타늄디옥사이드 (CI 77891), 다이메티콘, 페닐트라이메티콘, 마이카, 폴리에틸렌, 합성플루오르플로고파이트, 다이아이소스테아릴말레이트, 실리카, 폴리프로필렌, 다이메티콘크로스폴리머, 카프릴릴글라이콜, 글리세릴카프릴레이트, 적색산화철, 틴옥사이드, 카민, 황색5호 / [내 말이 맞지?] 칼슘알루미늄보로실리케이트, 다이페닐실록시페닐트라이메티콘, 칼슘티타늄보로실리케이트, 폴리프로필렌, 다이아이소스테아릴말레이트, 비스-다이글리세릴폴리아실아디페이트-2, 비스-베헤닐/아이소스테아릴/피토스테릴다이머다이리놀레일다이머다이리놀리에이트, 티타늄디옥사이드 (CI 77891), 카프릴릭/카프릭트라이글리세라이드, 마이카, 하이드로제네이티드유채씨오일, 적색산화철, 합성플루오르플로고파이트, 글리세릴카프릴레이트, 틴옥사이드 / [발랄코랄] 마그네슘/포타슘/실리콘/플루오라이드/하이드록사이드/옥사이드, 마이카, 탤크, 알루미늄전분옥테닐석시네이트, 티타늄디옥사이드 (CI 77891), 실리카, 징크스테아레이트, 마그네슘미리스테이트, 라우로일라이신, 아이소아밀라우레이트, 페닐트라이메티콘, 스테아릴다이메티콘, 황색4호, 하이드로젠다이메티콘, 다이메티콘, 글리세릴카프릴레이트, 황색산화철, 적색산화철, 알루미늄하이드록사이드, 다이아이소스테아릴말레이트, 트라이에톡시카프릴릴실레인, 흑색산화철, 적색226호, 하이드로제네이티드폴리데센 / [요즘 인싸] 마그네슘/포타슘/실리콘/플루오라이드/하이드록사이드/옥사이드, 티타늄디옥사이드 (CI 77891), 마이카, 칼슘티타늄보로실리케이트, 탤크, 알루미늄전분옥테닐석시네이트, 실리카, 마그네슘미리스테이트, 징크스테아레이트, 아이소아밀라우레이트, 스테아릴다이메티콘, 페닐트라이메티콘, 적색산화철, 알루미늄하이드록사이드, 하이드로젠다이메티콘, 황색4호, 황색산화철, 글리세릴카프릴레이트, 다이메티콘, 울트라마린, 적색226호, 다이아이소스테아릴말레이트, 트라이에톡시카프릴릴실레인, 흑색산화철, 틴옥사이드, 하이드로제네이티드폴리데센 / [꽤 주관적] 마그네슘/포타슘/실리콘/플루오라이드/하이드록사이드/옥사이드, 마이카, 알루미늄전분옥테닐석시네이트, 탤크, 실리카, 티타늄디옥사이드 (CI 77891), 징크스테아레이트, 마그네슘미리스테이트, 라우로일라이신, 아이소아밀라우레이트, 황색산화철, 페닐트라이메티콘, 스테아릴다이메티콘, 흑색산화철, 황색4호, 적색산화철, 하이드로젠다이메티콘, 다이메티콘, 울트라마린, 글리세릴카프릴레이트, 적색226호, 다이아이소스테아릴말레이트, 트라이에톡시카프릴릴실레인, 알루미늄하이드록사이드, 하이드로제네이티드폴리데센 / [분위기 메이커] 마이카, 마그네슘/포타슘/실리콘/플루오라이드/하이드록사이드/옥사이드, 탤크, 실리카, 티타늄디옥사이드 (CI 77891), 하이드록시아파타이트, 황색4호, 메틸메타크릴레이트크로스폴리머, 라우로일라이신, 하이드로제네이티드폴리(C6-14올레핀), 마그네슘미리스테이트, 페닐트라이메티콘, 다이아이소스테아릴말레이트, 다이메티콘, 황색산화철, 옥틸도데실스테아로일스테아레이트, 비스-베헤닐/아이소스테아릴/피토스테릴다이머다이리놀레일다이머다이리놀리에이트, 적색산화철, 알루미늄하이드록사이드, 흑색산화철, 글리세릴카프릴레이트, 아이소프로필티타늄트라이아이소스테아레이트, 적색226호, 하이드로젠다이메티콘, 미리스틱애씨드, 트라이에톡시카프릴릴실레인, 토코페롤 / [고백장인] 마이카, 마그네슘/포타슘/실리콘/플루오라이드/하이드록사이드/옥사이드, 탤크, 실리카, 티타늄디옥사이드 (CI 77891), 마그네슘미리스테이트, 메틸메타크릴레이트크로스폴리머, 하이드록시아파타이트, 하이드로제네이티드폴리(C6-14올레핀), 라우로일라이신, 페닐트라이메티콘, 다이아이소스테아릴말레이트, 황색5호, 다이메티콘, 옥틸도데실스테아로일스테아레이트, 비스-베헤닐/아이소스테아릴/피토스테릴다이머다이리놀레일다이머다이리놀리에이트, 황색4호, 황색산화철, 글리세릴카프릴레이트, 알루미늄하이드록사이드, 적색산화철, 아이소프로필티타늄트라이아이소스테아레이트, 하이드로젠다이메티콘, 적색226호, 미리스틱애씨드, 흑색산화철, 트라이에톡시카프릴릴실레인, 토코페롤 / [자유로운 영혼] 마이카, 칼슘티타늄보로실리케이트, 티타늄디옥사이드 (CI 77891), 탤크, 페닐트라이메티콘, 폴리에틸렌, 징크스테아레이트, 하이드로제네이티드폴리(C6-14올레핀), 합성플루오르플로고파이트, 다이아이소스테아릴말레이트, 다이펜타에리스리틸헥사하이드록시스테아레이트/헥사스테아레이트/헥사로지네이트, 아이소스테아릴네오펜타노에이트, 메틸메타크릴레이트크로스폴리머, 나일론-12, 적색산화철, 하이드로제네이티드폴리아이소부텐, 옥틸도데실스테아로일스테아레이트, 글리세릴카프릴레이트, 카민, 틴옥사이드, 황색5호, 다이메티콘, 트라이에톡시카프릴릴실레인, 알루미늄하이드록사이드, 토코페롤 / [사회생활 만렙] 마그네슘/포타슘/실리콘/플루오라이드/하이드록사이드/옥사이드, 마이카, 탤크, 알루미늄전분옥테닐석시네이트, 실리카, 징크스테아레이트, 마그네슘미리스테이트, 라우로일라이신, 티타늄디옥사이드 (CI 77891), 황색산화철, 적색산화철, 아이소아밀라우레이트, 흑색산화철, 페닐트라이메티콘, 스테아릴다이메티콘, 울트라마린, 하이드로젠다이메티콘, 다이메티콘, 카민, 글리세릴카프릴레이트, 다이아이소스테아릴말레이트, 트라이에톡시카프릴릴실레인, 알루미늄하이드록사이드, 하이드로제네이티드폴리데센",에뛰드,에뛰드_마이 베스트 톤 아이 팔레트
리얼아트 클렌징 오일 모이스처 2종 세트,https://www.amoremall.com/kr/ko/product/detail?onlineProdSn=67125,27000.0,본품 185ml + 리필 185ml,185.0,ml,"세틸에틸헥사노에이트, 카프릴릭/카프릭트라이글리세라이드, 솔베스-30테트라올리에이트, 에틸헥실스테아레이트, 해바라기씨오일, 하이드로제네이티드폴리(C6-14올레핀), 프로필렌글라이콜다이카프릴레이트/다이카프레이트, 향료, 카프릴릴글라이콜, 정제수, 메도우폼씨오일, 토코페롤, 소듐피씨에이",에뛰드,에뛰드_리얼아트 클렌징 오일 모이스처 2종 세트
디어달링 마커틴트,https://www.amoremall.com/kr/ko/product/detail?onlineProdSn=61743,11000.0,3.5g,3.5,g,"정제수, 부틸렌글라이콜, 프로필렌글라이콜, 글리세릴글루코사이드, 글리세린, 폴리솔베이트60, 향료, 카프릴릴글라이콜, 1,2-헥산다이올, 적색227호, 적색104호의(1), 황색4호, 황색5호, 소듐파이테이트, 다이프로필렌글라이콜",에뛰드,에뛰드_디어달링 마커틴트
님프 듀이 베이스프렙 30ml,https://www.amoremall.com/kr/ko/product/detail?onlineProdSn=66610,20000.0,30ml,30.0,ml,"정제수, 다이프로필렌글라이콜, 글리세린, 변성알코올, 1,2-헥산다이올, 나이아신아마이드, 글리세레스-26, 알지닌, 아크릴레이트/C10-30알킬아크릴레이트크로스폴리머, 카보머, 카프릴릴글라이콜, 에틸헥실글리세린, 폴리우레탄-15, 하이드록시에틸셀룰로오스, 트라이소듐에틸렌다이아민다이석시네이트, 글리세릴글루코사이드, 세테아릴알코올, 하이드로제네이티드폴리데센, 트라이에틸헥사노인, 아데노신, 하이드로제네이티드쌀겨오일, 옥틸도데칸올, 합성플루오르플로고파이트, 폴리글리세릴-10스테아레이트, 티타늄디옥사이드 (CI 77891), 카카오씨추출물, 하이드로제네이티드레시틴, 덱스트린, 적색산화철, 폴리솔베이트60, 다이소듐포스페이트, 소듐포스페이트",에뛰드,에뛰드_님프 듀이 베이스프렙 30ml
뽀용 아이 메이커,https://www.amoremall.com/kr/ko/product/detail?onlineProdSn=66097,24000.0,1.3g,1.3,g,"#핑키 마이카, 티타늄디옥사이드 (CI 77891), 탤크, 칼슘알루미늄보로실리케이트, 다이페닐실록시페닐트라이메티콘, 폴리프로필렌, 다이아이소스테아릴말레이트, 합성플루오르플로고파이트, 징크미리스테이트, 다이카프릴릴카보네이트, 다이메티콘/비닐다이메티콘크로스폴리머, 폴리아이소부텐, 다이펜타에리스리틸헥사하이드록시스테아레이트/헥사스테아레이트/헥사로지네이트, 실리카, 다이메티콘, 1,2-헥산다이올, 하이드로제네이티드레시틴, 글리세릴카프릴레이트, 트라이에톡시카프릴릴실레인, 틴옥사이드, 적색226호, 적색산화철, 토코페롤, 황색4호 #아이시 합성플루오르플로고파이트, 티타늄디옥사이드 (CI 77891), 마이카, 다이페닐실록시페닐트라이메티콘, 폴리프로필렌, 탤크, 다이아이소스테아릴말레이트, 징크미리스테이트, 다이카프릴릴카보네이트, 다이메티콘/비닐다이메티콘크로스폴리머, 폴리아이소부텐, 다이펜타에리스리틸헥사하이드록시스테아레이트/헥사스테아레이트/헥사로지네이트, 다이메티콘, 틴옥사이드, 1,2-헥산다이올, 하이드로제네이티드레시틴, 글리세릴카프릴레이트, 실리카, 망가니즈바이올렛, 트라이에톡시카프릴릴실레인, 적색226호, 황색산화철, 카올린, 토코페롤 #트윙클 마이카, 합성플루오르플로고파이트, 티타늄디옥사이드 (CI 77891), 탤크, 다이페닐실록시페닐트라이메티콘, 폴리프로필렌, 다이아이소스테아릴말레이트, 징크미리스테이트, 다이카프릴릴카보네이트, 다이메티콘/비닐다이메티콘크로스폴리머, 폴리아이소부텐, 다이펜타에리스리틸헥사하이드록시스테아레이트/헥사스테아레이트/헥사로지네이트, 다이메티콘, 울트라마린, 1,2-헥산다이올, 하이드로제네이티드레시틴, 틴옥사이드, 적색226호, 글리세릴카프릴레이트, 트라이에톡시카프릴릴실레인, 실리카, 적색산화철, 흑색산화철, 토코페롤 #렛츠 베이스 마이카, 탤크, 다이메티콘/비닐다이메티콘크로스폴리머, 하이드로제네이티드폴리(C6-14올레핀), 다이페닐실록시페닐트라이메티콘, 티타늄디옥사이드 (CI 77891), 마그네슘스테아레이트, 마그네슘미리스테이트, 다이아이소스테아릴말레이트, 하이드로제네이티드레시틴, 실리카, 트라이에톡시카프릴릴실레인, 합성플루오르플로고파이트, 1,2-헥산다이올, 적색산화철, 흑색산화철, 글리세릴카프릴레이트, 황색산화철, 적색226호, 망가니즈바이올렛, 라우로일라이신, 알루미늄하이드록사이드, 카올린, 다이메티콘 #쉬어 핑크 마이카, 탤크, 티타늄디옥사이드 (CI 77891), 다이메티콘/비닐다이메티콘크로스폴리머, 하이드로제네이티드폴리(C6-14올레핀), 다이페닐실록시페닐트라이메티콘, 마그네슘스테아레이트, 마그네슘미리스테이트, 다이아이소스테아릴말레이트, 울트라마린, 하이드로제네이티드레시틴, 합성플루오르플로고파이트, 실리카, 1,2-헥산다이올, 황색4호, 트라이에톡시카프릴릴실레인, 적색226호, 라우로일라이신, 글리세릴카프릴레이트, 알루미늄하이드록사이드, 적색산화철, 카올린, 흑색산화철, 다이메티콘 #모브 그레이 마이카, 탤크, 다이메티콘/비닐다이메티콘크로스폴리머, 망가니즈바이올렛, 하이드로제네이티드폴리(C6-14올레핀), 다이페닐실록시페닐트라이메티콘, 티타늄디옥사이드 (CI 77891), 마그네슘스테아레이트, 마그네슘미리스테이트, 다이아이소스테아릴말레이트, 흑색산화철, 황색산화철, 하이드로제네이티드레시틴, 실리카, 적색산화철, 트라이에톡시카프릴릴실레인, 1,2-헥산다이올, 합성플루오르플로고파이트, 카올린, 글리세릴카프릴레이트, 적색226호, 라우로일라이신, 알루미늄하이드록사이드, 다이메티콘 #썸 시크 마이카, 탤크, 다이메티콘/비닐다이메티콘크로스폴리머, 흑색산화철, 하이드로제네이티드폴리(C6-14올레핀), 다이페닐실록시페닐트라이메티콘, 울트라마린, 마그네슘스테아레이트, 티타늄디옥사이드 (CI 77891), 마그네슘미리스테이트, 다이아이소스테아릴말레이트, 적색산화철, 합성플루오르플로고파이트, 하이드로제네이티드레시틴, 황색산화철, 실리카, 적색226호, 트라이에톡시카프릴릴실레인, 1,2-헥산다이올, 카올린, 글리세릴카프릴레이트, 다이메티콘",에뛰드,에뛰드_뽀용 아이 메이커
재창조 메이커 1g,https://www.amoremall.com/kr/ko/product/detail?onlineProdSn=59993,14000.0,1g,1.0,g,"에틸헥실팔미테이트, 사이클로펜타실록세인, 실리카, 합성왁스, 카프릴릭/카프릭트라이글리세라이드, 티타늄디옥사이드 (CI 77891), 다이메티콘, C13-15알케인, 트라이메틸실록시실리케이트, 비닐다이메티콘/메티콘실세스퀴옥세인크로스폴리머, 아이소도데케인, 세틸피이지/피피지-10/1다이메티콘, 폴리글리세릴-3폴리리시놀리에이트, 파라핀, 호호바에스터, 솔비탄아이소스테아레이트, 브이피/헥사데센코폴리머, 황색산화철, 다이메티콘/비닐다이메티콘크로스폴리머, 흑색산화철, 마이크로크리스탈린왁스, 다이스테아다이모늄헥토라이트, 적색산화철, 트라이에톡시카프릴릴실레인, 알루미늄하이드록사이드, 토코페롤, 펜타에리스리틸테트라-다이-T-부틸하이드록시하이드로신나메이트",에뛰드,에뛰드_재창조 메이커 1g
오 마이 래쉬 쌩얼 카라 7ml,https://www.amoremall.com/kr/ko/product/detail?onlineProdSn=53657,9000.0,7ml,7.0,ml,"사이클로펜타실록세인, 아이소도데케인, 트라이메틸실록시실리케이트, 마이크로크리스탈린왁스, 하이드로제네이티드폴리아이소부텐, 브이피/에이코신코폴리머, 실리카, 실리카다이메틸실릴레이트, 다이스테아다이모늄헥토라이트, 트라이하이드록시스테아린, 흑색산화철, 프로필렌카보네이트, 스테아로일이눌린, 페녹시에탄올, 에틸헥실글리세린, 트라이에톡시카프릴릴실레인, 비에이치티, 토코페롤, 정제수, 판테놀, 스위트아몬드오일, 부틸렌글라이콜, 쌀추출물, 돌콩추출물",에뛰드,에뛰드_오 마이 래쉬 쌩얼 카라 7ml
파워 래쉬 속눈썹 영양제 6g,https://www.amoremall.com/kr/ko/product/detail?onlineProdSn=53656,23000.0,6g,6.0,g,"정제수, 부틸렌글라이콜, 카페인, 판테놀, 나이아신아마이드, 1,2-헥산다이올, 펜틸렌글라이콜, 암모늄아크릴로일다이메틸타우레이트/브이피코폴리머, 알지닌, 소듐하이알루로네이트, 녹차수, 글루타믹애씨드, 다이소듐이디티에이, 바이오틴, 칡뿌리추출물, 녹차뿌리추출물, 에틸헥실글리세린",에뛰드,에뛰드_파워 래쉬 속눈썹 영양제 6g
재창조 메이커 오버립,https://www.amoremall.com/kr/ko/product/detail?onlineProdSn=61488,14000.0,1g,1.0,g,"메틸트라이메티콘, 마이카, 폴리프로필실세스퀴옥세인, 폴리글리세릴-2트라이아이소스테아레이트, 합성왁스, 티타늄디옥사이드 (CI 77891), 실리카, 파라핀, 아크릴레이트/스테아릴아크릴레이트/다이메티콘메타크릴레이트코폴리머, C12-15알킬에틸헥사노에이트, C13-15알케인, 적색산화철, 마이크로크리스탈린왁스, 폴리글리세릴-3폴리리시놀리에이트, 하이드로제네이티드폴리아이소부텐, 흑색산화철, 다이스테아다이모늄헥토라이트, 트라이에톡시카프릴릴실레인, 황색산화철, 향료, 알루미늄하이드록사이드, 리날룰, 시트로넬올",에뛰드,에뛰드_재창조 메이커 오버립
순정 약산성 5.5 폼 클렌저 150ml,https://www.amoremall.com/kr/ko/product/detail?onlineProdSn=58268,12000.0,150ml,150.0,ml,"정제수, 소듐코코일이세티오네이트, 글리세린, 하이드록시프로필스타치포스페이트, 소듐메틸코코일타우레이트, 데실글루코사이드, 포타슘코코일글리시네이트, 세테아릴알코올, 글리세릴스테아레이트, 솔비탄올리베이트, 글라이콜다이스테아레이트, 포타슘코코에이트, 카프릴릴글라이콜, 시트릭애씨드, 폴리쿼터늄-67, 글리세릴카프릴레이트, 다이소듐이디티에이, 소듐아세테이트, 소듐클로라이드, 판테놀, 펜틸렌글라이콜, 마데카소사이드",에뛰드,에뛰드_순정 약산성 5.5 폼 클렌저 150ml
진저슈가 오버나이트 립마스크 23g,https://www.amoremall.com/kr/ko/product/detail?onlineProdSn=55142,11000.0,23g,23.0,g,"폴리부텐, 하이드로제네이티드폴리아이소부텐, 피토스테릴이소스테아릴다이머디리놀리에이트, 다이아이소스테아릴말레이트, 피토스테릴/이소스테아릴/세틸/스테아릴/베헤닐다이머디리놀리에이트, 덱스트린팔미테이트, 시어버터, 마이크로크리스탈린왁스, 폴리에틸렌, 글리세린, 비즈왁스, 토코페릴아세테이트, 칸데릴라왁스, 야자씨버터, 에틸렌/프로필렌/스타이렌코폴리머, 트라이에틸헥사노인, 다이메티콘, 카프릴릭/카프릭트라이글리세라이드, 오조케라이트, 폴리하이드록시스테아릭애씨드, 향료, 폴리글리세릴-2다이폴리하이드록시스테아레이트, 다이스테아다이모늄헥토라이트, 에틸헥실팔미테이트, 레시틴, 아이소스테아릭애씨드, 아이소프로필팔미테이트, 솔비탄아이소스테아레이트, 폴리글리세릴-3폴리리시놀리에이트, 데하이드로아세틱애씨드, 부틸렌/에틸렌/스타이렌코폴리머, 트레할로오스, 펜타에리스리틸테트라-다이-T-부틸하이드록시하이드로신나메이트, 정제수, 부틸렌글라이콜, 생강추출물, 비에이치티",에뛰드,에뛰드_진저슈가 오버나이트 립마스크 23g
수분가득 콜라겐 아이크림 28ml,https://www.amoremall.com/kr/ko/product/detail?onlineProdSn=53252,23000.0,28 ml,28.0,ml,"하이드롤라이즈드콜라겐(652,300ppm), 프로판다이올, 세테아릴알코올, 스쿠알란, 부틸렌글라이콜, 폴리글리세릴-3메틸글루코오스다이스테아레이트, 시어버터, 카프릴릭/카프릭트라이글리세라이드, 1,2-헥산다이올, 다이-C12-13알킬말레이트, 펜타에리스리틸테트라에틸헥사노에이트, 하이드록시프로필스타치포스페이트, 하이드록시에틸아크릴레이트/소듐아크릴로일다이메틸타우레이트코폴리머, 카보머, 글리세릴스테아레이트, 트로메타민, 하이드로제네이티드레시틴, 글리세릴카프릴레이트, 정제수, 스테아릭애씨드, 팔미틱애씨드, 다이소듐이디티에이, 글리세린, 에틸헥실글리세린, 솔비탄아이소스테아레이트, 다이팔미토일하이드록시프롤린, 하이드롤라이즈드루핀단백질, 미리스틱애씨드, 라우릭애씨드",에뛰드,에뛰드_수분가득 콜라겐 아이크림 28ml
컬러 래스팅 글로우 스틱 3.2g,https://www.amoremall.com/kr/ko/product/detail?onlineProdSn=62608,16000.0,3.2g,3.2,g,"다이펜타에리스리틸펜타아이소스테아레이트, 다이페닐실록시페닐트라이메티콘, 다이페닐다이메티콘, 피토스테릴/옥틸도데실라우로일글루타메이트, 글리세릴운데실다이메티콘, 합성왁스, 피토스테릴/이소스테아릴/세틸/스테아릴/베헤닐다이머디리놀리에이트, 폴리글리세릴-2트라이아이소스테아레이트, 알루미나, 라우릴폴리글리세릴-3폴리다이메틸실록시에틸다이메티콘, 적색산화철, 폴리하이드록시스테아릭애씨드, 적색202호, 에틸렌/프로필렌코폴리머, 레시틴, 적색104호의(1), 에틸헥실팔미테이트, 아이소스테아릭애씨드, 아이소프로필미리스테이트, 향료, 폴리글리세릴-3폴리리시놀리에이트, 다이메티콘, 청색1호, 트라이에톡시카프릴릴실레인, 글리세린, 정제수, 부틸렌글라이콜, 토코페롤, 석류추출물, 석류나무꽃추출물",에뛰드,에뛰드_컬러 래스팅 글로우 스틱 3.2g
빅 커버 스킨 핏 컨실러 7g,https://www.amoremall.com/kr/ko/product/detail?onlineProdSn=59269,13000.0,7g,7.0,g,"정제수, 티타늄디옥사이드 (CI 77891), 사이클로펜타실록세인, 폴리메틸메타크릴레이트, 프로판다이올, 페닐트라이메티콘, 사이클로헥사실록세인, 라우릴피이지-9폴리다이메틸실록시에틸다이메티콘, 펜타에리스리틸테트라에틸헥사노에이트, 트라이메틸실록시실리케이트, 글리세린, 황색산화철, 피이지-10다이메티콘, 다이스테아다이모늄헥토라이트, 1,2-헥산다이올, 아크릴레이트/에틸헥실아크릴레이트/다이메티콘메타크릴레이트코폴리머, 소듐클로라이드, 알루미늄하이드록사이드, 트라이에톡시카프릴릴실레인, 흑색산화철, 크로뮴옥사이드그린, 향료, 카프릴릴글라이콜, 적색산화철, 글리세릴카프릴레이트, 울트라마린, 다이소듐이디티에이, 토코페롤",에뛰드,에뛰드_빅 커버 스킨 핏 컨실러 7g
닥터 마스카라 픽서 6g,https://www.amoremall.com/kr/ko/product/detail?onlineProdSn=67466,8000.0,6g,6.0,g,"아이소도데케인, 트라이메틸실록시실리케이트, 사이클로펜타실록세인, 아크릴레이트/폴리트라이메틸실록시메타크릴레이트코폴리머, 다이스테아다이모늄헥토라이트, 합성왁스, 부틸아크릴레이트/하이드록시프로필다이메티콘아크릴레이트코폴리머, 실리카, 프로필렌카보네이트, 폴리프로필실세스퀴옥세인, 에틸렌/프로필렌코폴리머, 다이아이소스테아릴말레이트, 꽃창포추출물, 흑색산화철, 트라이에톡시카프릴릴실레인",에뛰드,에뛰드_닥터 마스카라 픽서 6g
뽀오얀 미소 발효 클렌징오일 150ml,https://www.amoremall.com/kr/ko/product/detail?onlineProdSn=59264,19000.0,150ml,150.0,ml,"C12-15알킬벤조에이트, 펜타에리스리틸테트라에틸헥사노에이트, 세틸에틸헥사노에이트, 카프릴릭/카프릭트라이글리세라이드, 폴리글리세릴-6다이카프레이트, 트라이에틸헥사노인, 폴리글리세릴-10다이아이소스테아레이트, 펜타에리스리틸테트라아이소스테아레이트, 아이소프로필팔미테이트, 폴리글리세릴-6카프릴레이트, C12-15알코올, 향료, 부틸렌글라이콜, 정제수, 시어버터, 효모/보리씨발효여과물, 프로판다이올, 코튼추출물, 모나스커스/쌀발효물, 1,2-헥산다이올, 돌콩지질, 에틸헥실글리세린, 다이소듐이디티에이",에뛰드,에뛰드_뽀오얀 미소 발효 클렌징오일 150ml
베이킹 파우더 B.B 딥 클렌징폼 160g,https://www.amoremall.com/kr/ko/product/detail?onlineProdSn=54907,9000.0,160g,160.0,g,"정제수, 미리스틱애씨드, 글리세린, 포타슘하이드록사이드, 실리카, 스테아릭애씨드, 피이지-32, 팔미틱애씨드, 글리세릴스테아레이트, 피이지-100스테아레이트, 글라이콜다이스테아레이트, 코카미도프로필베타인, 향료, 소듐클로라이드, 소듐바이카보네이트(0.1%), 쌀겨, 다이소듐이디티에이, 피이지-14M, 소듐벤조에이트, 락틱애씨드, 비에이치티",에뛰드,에뛰드_베이킹 파우더 B.B 딥 클렌징폼 160g
순정 디렉터 무기자차 선크림 기획세트 SPF50+/PA++++,https://www.amoremall.com/kr/ko/product/detail?onlineProdSn=58928,25000.0,50ml*2,50.0,ml,"정제수, 아이소노닐아이소노나노에이트, 징크옥사이드, 프로판다이올, C12-15알킬벤조에이트, 부틸옥틸살리실레이트, 티타늄디옥사이드, 실리카, 헥실라우레이트, 아크릴레이트코폴리머, 아이소트라이데실아이소노나노에이트, 폴리글리세릴-4다이아이소스테아레이트/폴리하이드록시스테아레이트/세바케이트, 폴리글리세릴-2아이소스테아레이트, 폴리글리세릴-2다이폴리하이드록시스테아레이트, 마그네슘설페이트, 1,2-헥산다이올, 다이스테아다이모늄헥토라이트, 다이메티콘크로스폴리머, 브이피/헥사데센코폴리머, 코코-카프릴레이트/카프레이트, 폴리하이드록시스테아릭애씨드, 폴리글리세릴-6폴리리시놀리에이트, 솔비탄세스퀴올리에이트, 트라이에톡시카프릴릴실레인, 병풀추출물, 폴리C10-30알킬아크릴레이트, 알루미늄하이드록사이드, 솔비탄아이소스테아레이트, 스테아릭애씨드, 폴리글리세릴-6폴리하이드록시스테아레이트, 피브이피, 병풀꽃/잎/줄기추출물, 폴리글리세린-6, 에틸헥실글리세린, 토코페롤, 아스코빌팔미테이트, 판테놀, 마데카소사이드, 아시아티코사이드, 병풀잎추출물",에뛰드,에뛰드_순정 디렉터 무기자차 선크림 기획세트 SPF50+/PA++++
피지쏙 파우더 5g,https://www.amoremall.com/kr/ko/product/detail?onlineProdSn=58259,10000.0,5g,5.0,g,"마그네슘포타슘플루오로실리케이트, 실리카, 옥틸도데실스테아로일스테아레이트, 스쿠알란, 실리카다이메티콘실릴레이트, 마그네슘미리스테이트, 알루미늄전분옥테닐석시네이트, 솔비탄아이소스테아레이트, 다이메티콘, 메티콘, 에틸헥실글리세린, 글리세릴카프릴레이트, 토코페롤",에뛰드,에뛰드_피지쏙 파우더 5g
오마이래쉬 마스카라 1호 탑코트 12g,https://www.amoremall.com/kr/ko/product/detail?onlineProdSn=54841,6000.0,12 g,12.0,g,"정제수, 에탄올, 피브이피, 브이피/브이에이코폴리머, 카보머, 트로메타민, 펜틸렌글라이콜, 1,2-헥산다이올, 다이소듐이디티에이, 버지니아풍년화잎수, 라벤더꽃수, 프로필렌글라이콜, 부틸렌글라이콜, 오렌지추출물, 라즈베리추출물, 캐모마일꽃추출물, 키위추출물, 살구씨추출물, 자몽추출물, 시트릭애씨드, 소듐벤조에이트, 포타슘솔베이트, 페녹시에탄올",에뛰드,에뛰드_오마이래쉬 마스카라 1호 탑코트 12g
플레이 멀티 아이즈,https://www.amoremall.com/kr/ko/product/detail?onlineProdSn=66101,22000.0,7.2g,7.2,g,"[순백의 베이지] 탤크, 합성플루오르플로고파이트, 마이카, 티타늄디옥사이드 (CI 77891), 마그네슘미리스테이트, 나일론-12, 카프릴릭/카프릭트라이글리세라이드, 실리카, 다이아이소스테아릴말레이트, 황색산화철, 다이메티콘, 적색산화철, 라우로일라이신, 울트라마린, 카프릴릴글라이콜, 트라이하이드록시스테아린, 마카다미아씨오일, 글리세릴카프릴레이트, 알루미늄하이드록사이드, 에틸헥실글리세린, 트라이에톡시카프릴릴실레인, 흑색산화철, 토코페롤 [음영의 깊이] 탤크, 합성플루오르플로고파이트, 마이카, 티타늄디옥사이드 (CI 77891), 마그네슘미리스테이트, 나일론-12, 카프릴릭/카프릭트라이글리세라이드, 실리카, 황색산화철, 적색산화철, 다이아이소스테아릴말레이트, 흑색산화철, 다이메티콘, 울트라마린, 라우로일라이신, 카프릴릴글라이콜, 트라이하이드록시스테아린, 마카다미아씨오일, 글리세릴카프릴레이트, 에틸헥실글리세린, 트라이에톡시카프릴릴실레인, 알루미늄하이드록사이드, 토코페롤 [스포트라이트 빔] 칼슘티타늄보로실리케이트, 탤크, 네오펜틸글라이콜다이에틸헥사노에이트, 칼슘알루미늄보로실리케이트, 폴리메틸메타크릴레이트, 마그네슘미리스테이트, 티타늄디옥사이드 (CI 77891), 다이메티콘, 다이펜타에리스리틸헥사하이드록시스테아레이트/헥사스테아레이트/헥사로지네이트, 헥실라우레이트, 합성플루오르플로고파이트, 다이메티콘/비닐다이메티콘크로스폴리머, 카프릴릴글라이콜, 글리세릴카프릴레이트, 틴옥사이드, 에틸헥실글리세린, 소목껍질추출물, 적색산화철, 황색산화철, 트라이에톡시카프릴릴실레인, 토코페롤 [카카오브라운] 탤크, 합성플루오르플로고파이트, 마이카, 흑색산화철, 황색산화철, 적색산화철, 마그네슘미리스테이트, 나일론-12, 카프릴릭/카프릭트라이글리세라이드, 실리카, 티타늄디옥사이드 (CI 77891), 다이아이소스테아릴말레이트, 다이메티콘, 라우로일라이신, 카프릴릴글라이콜, 트라이하이드록시스테아린, 마카다미아씨오일, 글리세릴카프릴레이트, 에틸헥실글리세린, 트라이에톡시카프릴릴실레인, 알루미늄하이드록사이드, 토코페롤 [꿀광치트키] 칼슘알루미늄보로실리케이트, 합성플루오르플로고파이트, 탤크, 티타늄디옥사이드 (CI 77891), 다이아이소스테아릴말레이트, 카프릴릭/카프릭트라이글리세라이드, 하이드로제네이티드캐스터오일아이소스테아레이트, 마그네슘미리스테이트, 나일론-12, 마그네슘스테아레이트, 폴리메틸메타크릴레이트, 카프릴릴글라이콜, 글리세릴카프릴레이트, 틴옥사이드, 에틸헥실글리세린, 적색산화철, 마이카, 토코페롤 [피치나는피치] 탤크, 마그네슘/포타슘/실리콘/플루오라이드/하이드록사이드/옥사이드, 실리카, 메틸메타크릴레이트크로스폴리머, 알루미늄전분옥테닐석시네이트, 다이메티콘, 카프릴릭/카프릭트라이글리세라이드, 티타늄디옥사이드 (CI 77891), 다이아이소스테아릴말레이트, 마그네슘미리스테이트, 헥실라우레이트, 카프릴릴글라이콜, 알루미늄미리스테이트, 글리세릴카프릴레이트, 황색4호, 하이드로젠다이메티콘, 에틸헥실글리세린, 흑색산화철, 적색산화철, 황색산화철, 적색226호, 알루미늄하이드록사이드, 트라이에톡시카프릴릴실레인, 정제수, 소듐클로라이드, 소듐설페이트, 토코페롤 [말랑말랑살구야] 마이카, 티타늄디옥사이드 (CI 77891), 다이카프릴릴카보네이트, 다이메티콘, 메틸메타크릴레이트크로스폴리머, 합성플루오르플로고파이트, 다이메티콘/비닐다이메티콘크로스폴리머, 페닐트라이메티콘, 적색산화철, 트라이에톡시카프릴릴실레인, 다이펜타에리스리틸헥사하이드록시스테아레이트/헥사스테아레이트/헥사로지네이트, 카프릴릴글라이콜, 알루미늄하이드록사이드, 카민, 황색산화철, 글리세릴카프릴레이트, 황색4호, 에틸헥실글리세린, 마그네슘스테아레이트, 토코페롤",에뛰드,에뛰드_플레이 멀티 아이즈
피지쏙 젤리 파우더 8g,https://www.amoremall.com/kr/ko/product/detail?onlineProdSn=65614,15000.0,8g,8.0,g,"다이메티콘, 실리카, C12-15알킬벤조에이트, 폴리글리세릴-2트라이아이소스테아레이트, 비닐다이메티콘/메티콘실세스퀴옥세인크로스폴리머, 합성왁스, 마이크로크리스탈린왁스, 솔비탄아이소스테아레이트, 1,2-헥산다이올, 카프릴릴글라이콜, 카프릴릭/카프릭글리세라이즈, 청색1호",에뛰드,에뛰드_피지쏙 젤리 파우더 8g
원더포어 프레쉬너 2종 세트,https://www.amoremall.com/kr/ko/product/detail?onlineProdSn=62024,18000.0,500ml+250ml,500.0,ml,"정제수, 변성알코올, 부틸렌글라이콜, 글리세린, 프로판다이올, 1,2-헥산다이올, 베타인, 은행나무잎추출물, 에틸헥실글리세린, 콘민트잎추출물, 에탄올, 빌베리열매추출물, 다이소듐이디티에이, 사탕수수추출물, 소듐하이알루로네이트, 오렌지추출물, 레몬추출물, 비니거, 설탕단풍추출물, 토코페롤",에뛰드,에뛰드_원더포어 프레쉬너 2종 세트
더블 래스팅 비건 커버 파운데이션 SPF32/PA++ 30 g,https://www.amoremall.com/kr/ko/product/detail?onlineProdSn=60597,29000.0,30 g,30.0,g,"정제수, 티타늄디옥사이드 (CI 77891), 다이페닐실록시페닐트라이메티콘, 메틸트라이메티콘, 부틸렌글라이콜, 호모살레이트, 아이소도데케인, 티타늄디옥사이드, 카프릴릴메티콘, 아크릴레이트/폴리트라이메틸실록시메타크릴레이트코폴리머, 라우릴폴리글리세릴-3폴리다이메틸실록시에틸다이메티콘, 폴리글리세릴-6폴리리시놀리에이트, 마이카, 1,2-헥산다이올, 황색산화철, 다이스테아다이모늄헥토라이트, 소듐클로라이드, 알루미늄하이드록사이드, 폴리글리세릴-2아이소스테아레이트, 비닐다이메티콘/메티콘실세스퀴옥세인크로스폴리머, 실리카, 스테아릭애씨드, 트라이에톡시카프릴릴실레인, 적색산화철, 카프릴릴글라이콜, 글리세릴카프릴레이트, 트라이하이드록시스테아린, 메티콘, 흑색산화철, 잔탄검, 다이소듐이디티에이, 토코페롤",에뛰드,에뛰드_더블 래스팅 비건 커버 파운데이션 SPF32/PA++ 30 g
순정 판텐소사이드10 시카밤 50ml,https://www.amoremall.com/kr/ko/product/detail?onlineProdSn=60162,25000.0,50ml,50.0,ml,"정제수, 부틸렌글라이콜, 판테놀, 스쿠알란, 세테아릴알코올, 1,2-헥산다이올, 하이드로제네이티드폴리(C6-14올레핀), 페닐트라이메티콘, 다이아이소스테아릴말레이트, 폴리글리세릴-10스테아레이트, 하이드록시에틸아크릴레이트/소듐아크릴로일다이메틸타우레이트코폴리머, 아크릴레이트/C10-30알킬아크릴레이트크로스폴리머, 글리세릴스테아레이트시트레이트, 글리세릴스테아레이트, 세테아릴글루코사이드, 하이드로제네이티드레시틴, 트로메타민, 글리세린, 카프릴릴글라이콜, 폴리글리세릴-3메틸글루코오스다이스테아레이트, 다이소듐이디티에이, 에틸헥실글리세린, 솔비탄아이소스테아레이트, 마데카소사이드, 아시아티코사이드, 마데카식애씨드, 아시아틱애씨드, 글루코오스, 녹차추출물, 토코페롤",에뛰드,에뛰드_순정 판텐소사이드10 시카밤 50ml
래쉬 업 콤브 마스카라 8g,https://www.amoremall.com/kr/ko/product/detail?onlineProdSn=59904,16000.0,8g,8.0,g,"아이소도데케인, 트라이메틸실록시실리케이트, 세레신, 덱스트린팔미테이트/에틸헥사노에이트, 탤크, 아이소부틸메타크릴레이트/비스-하이드록시프로필다이메티콘아크릴레이트코폴리머, 마이크로크리스탈린왁스, 다이스테아다이모늄헥토라이트, 흑색산화철, 폴리프로필실세스퀴옥세인, 프로필렌카보네이트, 하이드로제네이티드폴리아이소부텐, 티타늄디옥사이드 (CI 77891), 황색산화철, 적색산화철, 트라이에톡시카프릴릴실레인, 알루미늄하이드록사이드, 판테놀, 비에이치티",에뛰드,에뛰드_래쉬 업 콤브 마스카라 8g
글로우 픽싱 틴트 3.8g,https://www.amoremall.com/kr/ko/product/detail?onlineProdSn=58921,14000.0,3.8g,3.8,g,"정제수, 트라이메틸실록시페닐다이메티콘, 옥틸도데칸올, 비스-베헤닐/아이소스테아릴/피토스테릴다이머다이리놀레일다이머다이리놀리에이트, 폴리아마이드-8, 다이아이소스테아릴말레이트, 폴리솔베이트60, 부틸렌글라이콜, 세틸알코올, 글리세린, 솔비탄세스퀴올리에이트, 변성알코올, 하이드록시에틸아크릴레이트/소듐아크릴로일다이메틸타우레이트코폴리머, 코코-카프릴레이트/카프레이트, 1,2-헥산다이올, 티타늄디옥사이드 (CI 77891), 캐스터오일/아이피디아이코폴리머, 카프릴릴글라이콜, 카프릴릭/카프릭/석시닉트라이글리세라이드, 황색5호, 에틸헥실글리세린, 카프릴릭/카프릭트라이글리세라이드, 솔비탄아이소스테아레이트, 토코페롤, 데하이드로아세틱애씨드, 적색227호, 소듐파이테이트, 폴리아크릴레이트-13, 향료, 폴리아이소부텐, 하이드롤라이즈드하이알루로닉애씨드, 펜타에리스리틸테트라-다이-T-부틸하이드록시하이드로신나메이트, 폴리솔베이트20, 청색1호, 라즈베리잎추출물",에뛰드,에뛰드_글로우 픽싱 틴트 3.8g
러블리쿠키 블러셔,https://www.amoremall.com/kr/ko/product/detail?onlineProdSn=54857,9000.0,4g,4.0,g,"탤크, 마이카, 실리카, 다이아이소스테아릴말레이트, 하이드로제네이티드폴리(C6-14올레핀), 트라이에톡시카프릴릴실레인, 다이펜타에리스리틸헥사하이드록시스테아레이트/헥사스테아레이트/헥사로지네이트, 적색226호, 마그네슘미리스테이트, 옥틸도데실스테아로일스테아레이트, 에이치디아이/트라이메틸올헥실락톤크로스폴리머, 1,2-헥산다이올, 티타늄디옥사이드 (CI 77891), 울트라마린, 글리세릴카프릴레이트, 하이드로제네이티드레시틴, 황색4호, 적색산화철, 흑색산화철, 알루미늄하이드록사이드, 다이메티콘, 메티콘",에뛰드,에뛰드_러블리쿠키 블러셔
마스카라 전용 리무버 80ml,https://www.amoremall.com/kr/ko/product/detail?onlineProdSn=54845,8407.0,80ml,80.0,ml,"정제수, 사이클로펜타실록산, 코코넛오일,헥실렌글라이콜, 코코-카프릴레이트/카프레이트, 소듐클로라이드, 라우릴메칠글루세스-10하이드록시프로필디모늄클로라이드, 페녹시에탄올, 디포타슘포스페이트, 카프릴릴/카프릴글루코사이드, 에칠헥실글리세린, 디소듐이디티에이, 포타슘포스페이트, 토코페롤",에뛰드,에뛰드_마스카라 전용 리무버 80ml
립 앤 아이 리무버 250ml,https://www.amoremall.com/kr/ko/product/detail?onlineProdSn=53655,13000.0,250ml,250.0,ml,"정제수, 사이클로펜타실록세인, 부틸렌글라이콜, 1,2-헥산다이올, 소듐클로라이드, 카프릴릴/카프릴글루코사이드, 다이소듐이디티에이",에뛰드,에뛰드_립 앤 아이 리무버 250ml
오버 글로이 틴트,https://www.amoremall.com/kr/ko/product/detail?onlineProdSn=61167,14000.0,3g,3.0,g,"정제수, 다이아이소스테아릴말레이트, 비스-다이글리세릴폴리아실아디페이트-2, 하이드로제네이티드폴리아이소부텐, 다이페닐다이메티콘, 트라이메틸실록시페닐다이메티콘, 폴리페닐실세스퀴옥세인, 글리세린, 세틸피이지/피피지-10/1다이메티콘, 폴리솔베이트60, 솔비탄아이소스테아레이트, 1,2-헥산다이올, 세테아레스-20, 하이드록시에틸아크릴레이트/소듐아크릴로일다이메틸타우레이트코폴리머, 스쿠알란, 페녹시에탄올, 티타늄디옥사이드 (CI 77891), 에틸헥실글리세린, 향료, 황색5호, 적색227호, 황색4호, 적색104호의(1), 청색1호, 펜타에리스리틸테트라-다이-T-부틸하이드록시하이드로신나메이트",에뛰드,에뛰드_오버 글로이 틴트
뽀오얀 미소 발효 클렌징폼 150ml,https://www.amoremall.com/kr/ko/product/detail?onlineProdSn=59265,9000.0,150ml,150.0,ml,"정제수, 글리세린, 팔미틱애씨드, 라우릭애씨드, 스테아릭애씨드, 포타슘하이드록사이드, 미리스틱애씨드, 피이지-32, 다이프로필렌글라이콜, 코카미도프로필베타인, 소듐미리스토일글루타메이트, 글리세릴스테아레이트, 피이지-100스테아레이트, 소듐클로라이드, 페녹시에탄올, 향료, 아라키딕애씨드, 소듐벤조에이트, 황련뿌리추출물, 다이소듐이디티에이, 부틸렌글라이콜, 포타슘솔베이트, 비에이치티, 효모/보리씨발효여과물, 카카오씨추출물, 덱스트린, 쌀발효여과물, 프로판다이올, 1,2-헥산다이올, 락토바실러스/콩발효추출물, 에틸헥실글리세린",에뛰드,에뛰드_뽀오얀 미소 발효 클렌징폼 150ml
하트 팝 블러셔 4g,https://www.amoremall.com/kr/ko/product/detail?onlineProdSn=58923,13000.0,4g,4.0,g,"탤크, 마이카, 다이아이소스테아릴말레이트, 실리카, 보론나이트라이드, 징크스테아레이트, 다이페닐실록시페닐트라이메티콘, 티타늄디옥사이드 (CI 77891), 망가니즈바이올렛, 다이펜타에리스리틸헥사하이드록시스테아레이트/헥사스테아레이트/헥사로지네이트, 다이메티콘, 울트라마린, 카프릴릴글라이콜, 에틸헥실글리세린, 알루미늄하이드록사이드, 메티콘, 적색226호, 코코-카프릴레이트/카프레이트, 캐스터오일/아이피디아이코폴리머, 카프릴릭/카프릭/석시닉트라이글리세라이드, 토코페롤",에뛰드,에뛰드_하트 팝 블러셔 4g
순정 2x 베리어 보습 크림 60ml,https://www.amoremall.com/kr/ko/product/detail?onlineProdSn=58429,17000.0,60ml,60.0,ml,"정제수, 프로판다이올, 펜타에리스리틸테트라에틸헥사노에이트, 카프릴릭/카프릭트라이글리세라이드, 해바라기씨오일, 폴리글리세릴-3메틸글루코오스다이스테아레이트, 하이드로제네이티드식물성오일, 세테아릴알코올, 판테놀, 1,2-헥산다이올, 카보머, 잔탄검, 글리세릴카프릴레이트, 트로메타민, 에틸헥실글리세린, 다이소듐이디티에이, 마데카소사이드, 레시틴, 부틸렌글라이콜, 토코페롤, 녹차추출물",에뛰드,에뛰드_순정 2x 베리어 보습 크림 60ml
순정 약산성 6.5 휩 클렌저 150ml,https://www.amoremall.com/kr/ko/product/detail?onlineProdSn=58265,15000.0,150ml,150.0,ml,"정제수, 글리세린, 소르비톨, 프로판디올, 라우릴글루코사이드, 디소듐코코일글루타메이트, 판테놀, 시트릭애씨드, 글리세릴카프릴레이트, 에칠헥실글리세린, 마데카소사이드, 부틸렌글라이콜, 토코페롤, 녹차추출물",에뛰드,에뛰드_순정 약산성 6.5 휩 클렌저 150ml
순정 약산성 5.5 진정 토너 350ml,https://www.amoremall.com/kr/ko/product/detail?onlineProdSn=58263,27000.0,350ml,350.0,ml,"정제수, 프로판디올, 글리세린, 베타인, 판테놀, 1,2-헥산디올, 폴리글리세린-3, 에칠헥실글리세린, 디소듐이디티에이, 카보머, 마데카소사이드, 부틸렌글라이콜, 황금추출물, 토코페롤, 녹차추출물",에뛰드,에뛰드_순정 약산성 5.5 진정 토너 350ml
애교살 메이커,https://www.amoremall.com/kr/ko/product/detail?onlineProdSn=54858,12000.0,애교살라이너 : 0.1g + 애교살 글리터 : 0.5g,0.1,g,"[애교살라이너] 사이클로펜타실록세인, 마이카, 트라이메틸실록시실리케이트, 폴리에틸렌, 아이소도데케인, 세레신, 티타늄디옥사이드 (CI 77891), 합성왁스, 아크릴레이트/스테아릴아크릴레이트/다이메티콘메타크릴레이트코폴리머, 다이스테아다이모늄헥토라이트, 흑색산화철, 황색산화철, 카나우바왁스, 다이아이소스테아릴말레이트, 적색산화철, 페녹시에탄올, 토코페릴아세테이트 / [애교살글리터] 합성플루오르플로고파이트, 마이카, 다이카프릴릴카보네이트, 다이페닐실록시페닐트라이메티콘, 티타늄디옥사이드 (CI 77891), 다이아이소스테아릴말레이트, 펜타에리스리틸테트라아이소스테아레이트, 칼슘티타늄보로실리케이트, 트라이메틸실록시실리케이트, 적색산화철, 실리카, 폴리프로필실세스퀴옥세인, 글리세릴베헤네이트/에이코사디오에이트, 페녹시에탄올, 토코페릴아세테이트, 카프릴릴글라이콜, 틴옥사이드",에뛰드,에뛰드_애교살 메이커
페이스 브라이트너,https://www.amoremall.com/kr/ko/product/detail?onlineProdSn=66099,18000.0,5g,5.0,g,"탤크, 합성플루오르플로고파이트, 마이카, 카프릴릭/카프릭트라이글리세라이드, 티타늄디옥사이드 (CI 77891), 보론나이트라이드, 실리카, 마그네슘미리스테이트, 다이아이소스테아릴말레이트, 부틸렌글라이콜다이카프릴레이트/다이카프레이트, 징크스테아레이트, 폴리메틸메타크릴레이트, 에이치디아이/트라이메틸올헥실락톤크로스폴리머, 페닐트라이메티콘, 카프릴릴글라이콜, 에틸헥실글리세린, 적색산화철, 다이메티콘, 황색5호, 틴옥사이드, 토코페롤",에뛰드,에뛰드_페이스 브라이트너
디어달링 오일틴트 4.2g,https://www.amoremall.com/kr/ko/product/detail?onlineProdSn=60593,11000.0,4.2g,4.2,g,"폴리글리세릴-2아이소스테아레이트/다이머다이리놀리에이트코폴리머, 폴리글리세릴-2트라이아이소스테아레이트, 카프릴릭/카프릭트라이글리세라이드, 다이아이소스테아릴말레이트, 실리카다이메틸실릴레이트, 적색202호, 황색4호, 코코-카프릴레이트/카프레이트, 캐스터오일/아이피디아이코폴리머, 향료, 카프릴릭/카프릭/석시닉트라이글리세라이드, 솔비탄세스퀴올리에이트, 리날룰",에뛰드,에뛰드_디어달링 오일틴트 4.2g
그림자 쉐딩 브러쉬,https://www.amoremall.com/kr/ko/product/detail?onlineProdSn=59997,5000.0,1개입,1.0,개,"인조모,알루미늄,나무",에뛰드,에뛰드_그림자 쉐딩 브러쉬
진저슈가 멜팅 밤 2.3g,https://www.amoremall.com/kr/ko/product/detail?onlineProdSn=59799,13000.0,2.3g,2.3,g,"다이아이소스테아릴말레이트, 폴리부텐, 폴리글리세릴-2트라이아이소스테아레이트, 비스-다이글리세릴폴리아실아디페이트-2, 카프릴릭/카프릭트라이글리세라이드, 마이크로크리스탈린왁스, 합성왁스, 티타늄디옥사이드 (CI 77891), 스테아랄코늄헥토라이트, 파라핀, 적색산화철, 적색104호의(1), 프로필렌카보네이트, 흑색산화철, 향료, 카프릴릴글라이콜, 시어버터, 에틸렌/프로필렌코폴리머, 에틸헥실글리세린, 적색202호, 트레할로오스, 정제수, 부틸렌글라이콜, 생강추출물",에뛰드,에뛰드_진저슈가 멜팅 밤 2.3g
럭키 립햄치크 1.5g,https://www.amoremall.com/kr/ko/product/detail?onlineProdSn=66544,11000.0,1.5g,1.5,g,"트라이에틸헥사노인, 옥틸도데칸올, 다이아이소스테아릴말레이트, 비스-다이글리세릴폴리아실아디페이트-2, 티타늄디옥사이드 (CI 77891), 카프릴릭/카프릭트라이글리세라이드, 합성왁스, 하이드로제네이티드폴리아이소부텐, 합성비즈왁스, 실리카, 솔비탄세스퀴올리에이트, 브이피/헥사데센코폴리머, 스테아랄코늄헥토라이트, 에틸렌/프로필렌코폴리머, 1,2-헥산다이올, 적색산화철, 프로필렌카보네이트, 황색4호, 트라이에톡시카프릴릴실레인, 토코페릴아세테이트, 적색202호, 다이메티콘, 카프릴릴글라이콜, 벤조트라이아졸릴도데실P-크레솔, 에틸헥실글리세린, 흑색산화철",에뛰드,에뛰드_럭키 립햄치크 1.5g
홀리데이 에디션,https://www.amoremall.com/kr/ko/product/detail?onlineProdSn=63003,12000.0,2.2g,2.2,g,"[마이] 마이카, 탤크, 실리카, 티타늄디옥사이드 (CI 77891), 메틸메타크릴레이트크로스폴리머, 징크스테아레이트, 다이아이소스테아릴말레이트, 다이메티콘, 페닐트라이메티콘, 에틸헥실팔미테이트, 울트라마린, 하이드로제네이티드폴리(C6-14올레핀), 카프릴릭/카프릭트라이글리세라이드, 카민, 알루미늄미리스테이트, 황색산화철, 에틸헥실글리세린, 글리세릴카프릴레이트, 트라이에톡시카프릴릴실레인, 알루미늄하이드록사이드, 토코페릴아세테이트, 토코페롤 [스위티] 마이카, 탤크, 실리카, 티타늄디옥사이드 (CI 77891), 징크스테아레이트, 메틸메타크릴레이트크로스폴리머, 다이아이소스테아릴말레이트, 다이메티콘, 페닐트라이메티콘, 에틸헥실팔미테이트, 울트라마린, 카민, 하이드로제네이티드폴리(C6-14올레핀), 카프릴릭/카프릭트라이글리세라이드, 알루미늄미리스테이트, 에틸헥실글리세린, 황색산화철, 적색산화철, 글리세릴카프릴레이트, 토코페릴아세테이트, 트라이에톡시카프릴릴실레인, 알루미늄하이드록사이드, 토코페롤 [모먼트] 폴리메틸실세스퀴옥세인, 다이아이소스테아릴말레이트, 탤크, 다이메티콘, 칼슘알루미늄보로실리케이트, 페닐트라이메티콘, 칼슘티타늄보로실리케이트, 다이메티콘/비닐다이메티콘크로스폴리머, 폴리프로필렌, 티타늄디옥사이드 (CI 77891), 하이드로제네이티드폴리아이소부텐, 1,2-헥산다이올, 실리카, 에틸헥실글리세린, 글리세릴카프릴레이트, 마이카, 틴옥사이드, 적색산화철, 카민",에뛰드,에뛰드_홀리데이 에디션
순정 10무 수분 에멀전 130ml,https://www.amoremall.com/kr/ko/product/detail?onlineProdSn=59899,17000.0,130ml,130.0,ml,"정제수, 글리세린, 프로판다이올, 펜타에리스리틸테트라에틸헥사노에이트, 1,2-헥산다이올, 스쿠알란, 판테놀, 세테아릴알코올, 비스-다이글리세릴폴리아실아디페이트-2, 글리세릴스테아레이트, 폴리글리세릴-3메틸글루코오스다이스테아레이트, 암모늄아크릴로일다이메틸타우레이트/브이피코폴리머, 하이드로제네이티드레시틴, 아크릴레이트/C10-30알킬아크릴레이트크로스폴리머, 잔탄검, 글리세릴카프릴레이트, 하이드록시프로필스타치포스페이트, 다이소듐이디티에이, 에틸헥실글리세린, 마데카소사이드, 트로메타민, 부틸렌글라이콜, 토코페롤, 녹차추출물",에뛰드,에뛰드_순정 10무 수분 에멀전 130ml
순정 수분 베리어 크림 75ml,https://www.amoremall.com/kr/ko/product/detail?onlineProdSn=58262,22000.0,75ml,75.0,ml,"정제수, 글리세린, 프로판다이올, 펜타에리스리틸테트라에틸헥사노에이트, 하이드로제네이티드폴리(C6-14올레핀), 판테놀, 1,2-헥산다이올, 하이드록시에틸아크릴레이트/소듐아크릴로일다이메틸타우레이트코폴리머, 폴리메틸실세스퀴옥세인, 글리세릴스테아레이트시트레이트, 카보머, C14-22알코올, 글리세릴스테아레이트, 아라키딜알코올, 글리세릴카프릴레이트, 베헤닐알코올, 트로메타민, C12-20알킬글루코사이드, 에틸헥실글리세린, 부틸렌글라이콜, 다이소듐이디티에이, 솔비탄아이소스테아레이트, 아라키딜글루코사이드, 알란토인, 마데카소사이드, 황금추출물, 토코페롤, 녹차추출물",에뛰드,에뛰드_순정 수분 베리어 크림 75ml
그림자 쉐딩 브러쉬 1개입,https://www.amoremall.com/kr/ko/product/detail?onlineProdSn=56105,12000.0,1개,1.0,개,,에뛰드,에뛰드_그림자 쉐딩 브러쉬 1개입
2X 쌩얼 라이너 0.5g,https://www.amoremall.com/kr/ko/product/detail?onlineProdSn=53711,14000.0,0.5g,0.5,g,"정제수, 아크릴레이트코폴리머, 부틸렌글라이콜, 에탄올, 1,2-헥산다이올, 피이지-40하이드로제네이티드캐스터오일, 적색산화철, 카본블랙, 암모늄아크릴레이트코폴리머, 페녹시에탄올, 다이소듐이디티에이",에뛰드,에뛰드_2X 쌩얼 라이너 0.5g
AC 클린업 핑크스팟 15ml,https://www.amoremall.com/kr/ko/product/detail?onlineProdSn=66982,14000.0,15ml,15.0,ml,"변성알코올, 글리세린, 칼라민, 편백수, 티타늄디옥사이드 (CI 77891), 부틸렌글라이콜, 설퍼콜로이드, 에탄올, 쇠비름추출물, 살리실릭애씨드, 정제수, 1,2-헥산다이올, 다이포타슘글리시리제이트, 적색산화철, 티트리잎오일, 약모밀추출물, 실리카, 마데카소사이드, 에틸헥실글리세린, 삼백초추출물",에뛰드,에뛰드_AC 클린업 핑크스팟 15ml
마이 래쉬 세럼 18g,https://www.amoremall.com/kr/ko/product/detail?onlineProdSn=65665,15000.0,18g,18.0,g,"정제수, 부틸렌글라이콜, 글리세린, 1,2-헥산다이올, 암모늄아크릴로일다이메틸타우레이트/브이피코폴리머, 카프릴릴글라이콜, 에틸헥실글리세린, 에탄올, 판테놀, 생강추출물, 바이오틴, 토코페롤",에뛰드,에뛰드_마이 래쉬 세럼 18g
소프트 픽스 메이크업 픽서 50ml,https://www.amoremall.com/kr/ko/product/detail?onlineProdSn=65664,15000.0,50ml,50.0,ml,"정제수, 변성알코올, 프로판다이올, 폴리에스터-5, 1,2-헥산다이올, 글리세레스-25피씨에이아이소스테아레이트, 부틸렌글라이콜, 에틸헥실글리세린, 스타이렌/브이피코폴리머, 글리세린, 향료, 트라이소듐에틸렌다이아민다이석시네이트, 옥수수커넬추출물, 하이드롤라이즈드맥아추출물, 하이드롤라이즈드삼색제비꽃추출물, 하이드롤라이즈드치자추출물, 소듐도독시놀-40설페이트, 소듐하이알루로네이트, 하이알루로닉애씨드, 하이드롤라이즈드하이알루로닉애씨드, 소르빅애씨드, 프룩탄, 글루코오스",에뛰드,에뛰드_소프트 픽스 메이크업 픽서 50ml
그림자 쉐딩 브러쉬,https://www.amoremall.com/kr/ko/product/detail?onlineProdSn=59998,7000.0,1개입,1.0,개,"인조모,알루미늄,나무",에뛰드,에뛰드_그림자 쉐딩 브러쉬
피지쏙 팩트 9.5g,https://www.amoremall.com/kr/ko/product/detail?onlineProdSn=58931,14000.0,9.5g,9.5,g,"마그네슘포타슘플루오로실리케이트, 실리카, 옥틸도데실스테아로일스테아레이트, 스쿠알란, 실리카다이메티콘실릴레이트, 마그네슘미리스테이트, 알루미늄전분옥테닐석시네이트, 솔비탄아이소스테아레이트, 다이메티콘, 메티콘, 에틸헥실글리세린, 글리세릴카프릴레이트, 토코페롤",에뛰드,에뛰드_피지쏙 팩트 9.5g
시크릿 빔 파우더 팩트 15g,https://www.amoremall.com/kr/ko/product/detail?onlineProdSn=58255,13000.0,15g,15.0,g,"탤크, 티타늄디옥사이드, 마이카, 실리카, 페닐트라이메티콘, 합성플루오르플로고파이트, 카프릴릭/카프릭트라이글리세라이드, 다이메티콘, 티타늄디옥사이드 (CI 77891), 비닐다이메티콘/메티콘실세스퀴옥세인크로스폴리머, 에칠헥실메톡시신나메이트, 황색산화철, 징크스테아레이트, 트라이에톡시카프릴릴실레인, 에틸헥실글리세린, 메티콘, 적색산화철, 글리세릴카프릴레이트, 틴옥사이드, 향료, 울트라마린, 흑색산화철, 에이치디아이/트라이메틸올헥실락톤크로스폴리머, 일라이트, 토코페롤, 카올린, 몬모릴로나이트",에뛰드,에뛰드_시크릿 빔 파우더 팩트 15g
립 앤 아이 리무버 100ml,https://www.amoremall.com/kr/ko/product/detail?onlineProdSn=53229,7000.0,100ml,100.0,ml,"정제수, 사이클로펜타실록세인, 부틸렌글라이콜, 1,2-헥산다이올, 소듐클로라이드, 카프릴릴/카프릴글루코사이드, 다이소듐이디티에이",에뛰드,에뛰드_립 앤 아이 리무버 100ml
리얼아트 클렌징 오일 모이스처 185ml,https://www.amoremall.com/kr/ko/product/detail?onlineProdSn=67126,18000.0,185ml,185.0,ml,"세틸에틸헥사노에이트, 카프릴릭/카프릭트라이글리세라이드, 솔베스-30테트라올리에이트, 에틸헥실스테아레이트, 해바라기씨오일, 하이드로제네이티드폴리(C6-14올레핀), 프로필렌글라이콜다이카프릴레이트/다이카프레이트, 향료, 카프릴릴글라이콜, 정제수, 메도우폼씨오일, 토코페롤, 소듐피씨에이",에뛰드,에뛰드_리얼아트 클렌징 오일 모이스처 185ml
클라우드 필터 쿠션 기획세트 SPF42/PA+++,https://www.amoremall.com/kr/ko/product/detail?onlineProdSn=64300,34000.0,15 g + 5 g,15.0,g,"정제수, 다이메티콘, 메틸트라이메티콘, 티타늄디옥사이드 (CI 77891), 호모살레이트, 부틸렌글라이콜, 라우릴폴리글리세릴-3폴리다이메틸실록시에틸다이메티콘, 티타늄디옥사이드, 페닐트라이메티콘, 트라이실록세인, 카프릴릴메티콘, 폴리메틸실세스퀴옥세인, 실리카, 브이피/헥사데센코폴리머, 나이아신아마이드, 다이스테아다이모늄헥토라이트, 보론나이트라이드, 트라이메틸실록시실리케이트, 알루미늄하이드록사이드, 1,2-헥산다이올, 스테아릭애씨드, 소듐클로라이드, 아크릴레이트/스테아릴아크릴레이트/다이메티콘메타크릴레이트코폴리머, 트라이하이드록시스테아린, 황색산화철, 카프릴릴글라이콜, 트라이에톡시카프릴릴실레인, 적색산화철, 글리세릴카프릴레이트, 에틸헥실글리세린, 향료, 아데노신, 흑색산화철, 토코페롤",에뛰드,에뛰드_클라우드 필터 쿠션 기획세트 SPF42/PA+++
님프 광채 볼류머 + 컨실러 2종 기획세트,https://www.amoremall.com/kr/ko/product/detail?onlineProdSn=63346,33000.0,24g+7g,24.0,g,"하이드로제네이티드폴리데센, 하이드로제네이티드폴리아이소부텐, 피마자씨오일, 에틸렌/프로필렌코폴리머, 에틸헥실올리베이트, 폴리글리세릴-4다이아이소스테아레이트/폴리하이드록시스테아레이트/세바케이트, 향료, 카프릴릴글라이콜, 다이아이소스테아릴말레이트, 아르간커넬오일, 옥틸도데실스테아로일스테아레이트, 에틸헥실글리세린, 아보카도오일, 티타늄디옥사이드 (CI 77891), 1,2-헥산다이올, 울트라마린, 적색산화철, 하이드롤라이즈드하이알루로닉애씨드 / 정제수, 티타늄디옥사이드 (CI 77891), 사이클로펜타실록세인, 프로판다이올, 트라이메틸실록시실리케이트, 폴리메틸메타크릴레이트, 페닐트라이메티콘, 라우릴피이지-9폴리다이메틸실록시에틸다이메티콘, 펜타에리스리틸테트라에틸헥사노에이트, 사이클로헥사실록세인, 글리세린, 황색산화철, 피이지-10다이메티콘, 1,2-헥산다이올, 아크릴레이트/에틸헥실아크릴레이트/다이메티콘메타크릴레이트코폴리머, 다이스테아다이모늄헥토라이트, 알루미늄하이드록사이드, 소듐클로라이드, 트라이에톡시카프릴릴실레인, 적색산화철, 향료, 카프릴릴글라이콜, 흑색산화철, 글리세릴카프릴레이트, 다이소듐이디티에이, 토코페롤",에뛰드,에뛰드_님프 광채 볼류머 + 컨실러 2종 기획세트
재창조 메이커 애교살 라이너,https://www.amoremall.com/kr/ko/product/detail?onlineProdSn=61489,16000.0,0.9g,0.9,g,"[Pencil] 마이카, C12-15알킬에틸헥사노에이트, 티타늄디옥사이드 (CI 77891), 페닐트라이메티콘, 폴리글리세릴-2트라이아이소스테아레이트, 합성왁스, 칸데릴라왁스, 검양옻나무열매왁스, 합성플루오르플로고파이트, 브이피/헥사데센코폴리머, 하이드로제네이티드폴리아이소부텐, 적색산화철, 카나우바왁스, 폴리하이드록시스테아릭애씨드, 에틸헥실팔미테이트, 레시틴, 아이소스테아릭애씨드, 아이소프로필미리스테이트, 폴리글리세릴-3폴리리시놀리에이트, 카민, 글리세릴카프릴레이트, 틴옥사이드 [Liner] 정제수, 부틸렌글라이콜, 펜틸렌글라이콜, 아크릴레이트코폴리머, 폴리솔베이트20, 페녹시에탄올, 변성알코올, 소듐데하이드로아세테이트, 황색4호, 적색40호, 잔탄검, 청색1호",에뛰드,에뛰드_재창조 메이커 애교살 라이너
베이킹 파우더 사각사각 모공 스크럽 200g,https://www.amoremall.com/kr/ko/product/detail?onlineProdSn=59266,11000.0,200g,200.0,g,"소듐바이카보네이트, 정제수, 글리세린, 실리카, 하이드레이티드실리카, 마이크로크리스탈린셀룰로오스, 피이지-7글리세릴코코에이트, 피이지-60하이드로제네이티드캐스터오일, 향료, 소듐메틸코코일타우레이트, 셀룰로오스검, 소듐설파이트, 멘톡시프로판다이올, 소듐클로라이드, 다이소듐이디티에이, 테트라소듐이디티에이",에뛰드,에뛰드_베이킹 파우더 사각사각 모공 스크럽 200g
반짝눈물 라이너,https://www.amoremall.com/kr/ko/product/detail?onlineProdSn=54856,10000.0,8 g,8.0,g,"정제수, 부틸렌글라이콜, 칼슘소듐보로실리케이트, 합성플루오르플로고파이트, 티타늄디옥사이드 (CI 77891), 피브이피, 펜틸렌글라이콜, 1,2-헥산다이올, 폴리솔베이트20, 트로메타민, 카보머, 실리카, 틴옥사이드, 다이소듐이디티에이",에뛰드,에뛰드_반짝눈물 라이너
수분가득 콜라겐 크림 75ml,https://www.amoremall.com/kr/ko/product/detail?onlineProdSn=53257,25000.0,75 ml,75.0,ml,"하이드롤라이즈드콜라겐(653,800ppm), 프로판다이올, 정제수, 글리세린, 부틸렌글라이콜, 펜타에리스리틸테트라에틸헥사노에이트, 메틸트라이메티콘, 글리세릴폴리메타크릴레이트, 1,2-헥산다이올, 베타인, 하이드로제네이티드폴리(C6-14올레핀), 다이카프릴릴에터, 글리세릴스테아레이트, C14-22알코올, 암모늄아크릴로일다이메틸타우레이트/브이피코폴리머, 글리세릴스테아레이트시트레이트, 하이드록시에틸아크릴레이트/소듐아크릴로일다이메틸타우레이트코폴리머, 아라키딜알코올, 실리카, 베헤닐알코올, C12-20알킬글루코사이드, 아라키딜글루코사이드, 글리세릴카프릴레이트, 다이소듐이디티에이, 에틸헥실글리세린, 솔비탄아이소스테아레이트, 하이드롤라이즈드루핀단백질, 글루코오스, 토코페롤",에뛰드,에뛰드_수분가득 콜라겐 크림 75ml
수분가득 콜라겐 에멀전 180ml,https://www.amoremall.com/kr/ko/product/detail?onlineProdSn=53255,21000.0,180 ml,180.0,ml,"정제수, 하이드롤라이즈드콜라겐(186,800ppm), 글리세린, 프로판다이올, 펜타에리스리틸테트라에틸헥사노에이트, 메틸트라이메티콘, 하이드로제네이티드폴리(C6-14올레핀), 1,2-헥산다이올, 부틸렌글라이콜, 세틸에틸헥사노에이트, C14-22알코올, 글리세릴스테아레이트시트레이트, 하이드록시에틸아크릴레이트/소듐아크릴로일다이메틸타우레이트코폴리머, 아라키딜알코올, 글리세릴스테아레이트, 카보머, 잔탄검, C12-20알킬글루코사이드, 베헤닐알코올, 글리세릴카프릴레이트, 트로메타민, 아라키딜글루코사이드, 다이소듐이디티에이, 에틸헥실글리세린, 솔비탄아이소스테아레이트, 하이드롤라이즈드루핀단백질, 글루코오스, 토코페롤",에뛰드,에뛰드_수분가득 콜라겐 에멀전 180ml
수분가득 콜라겐 2종 세트,https://www.amoremall.com/kr/ko/product/detail?onlineProdSn=53249,42000.0,"[본품]토너200ml+에멀전180ml, [증정]토너25ml+에멀전25ml+크림10ml",200.0,ml,"∙ 에뛰드 수분가득 콜라겐 토너 : 정제수, 하이드롤라이즈드콜라겐(205,600ppm), 글리세린, 프로판다이올, 변성알코올, 베타인, 1,2-헥산다이올, 부틸렌글라이콜, 글리세릴폴리메타크릴레이트, 피피지-13-데실테트라데세스-24, 잔탄검, 셀룰로오스검, 에틸헥실글리세린, 다이소듐이디티에이, 베타-글루칸, 하이드롤라이즈드루핀단백질, 토코페롤 ∙ 에뛰드 수분가득 콜라겐 에멀전 : 정제수, 하이드롤라이즈드콜라겐(186,800ppm), 글리세린, 프로판다이올, 펜타에리스리틸테트라에틸헥사노에이트, 메틸트라이메티콘, 하이드로제네이티드폴리(C6-14올레핀), 1,2-헥산다이올, 부틸렌글라이콜, 세틸에틸헥사노에이트, C14-22알코올, 글리세릴스테아레이트시트레이트, 하이드록시에틸아크릴레이트/소듐아크릴로일다이메틸타우레이트코폴리머, 아라키딜알코올, 글리세릴스테아레이트, 카보머, 잔탄검, C12-20알킬글루코사이드, 베헤닐알코올, 글리세릴카프릴레이트, 트로메타민, 아라키딜글루코사이드, 다이소듐이디티에이, 에틸헥실글리세린, 솔비탄아이소스테아레이트, 하이드롤라이즈드루핀단백질, 글루코오스, 토코페롤",에뛰드,에뛰드_수분가득 콜라겐 2종 세트
클라우드 필터 쿠션 기획세트 SPF42/PA+++,https://www.amoremall.com/kr/ko/product/detail?onlineProdSn=66545,34000.0,15g+5g,15.0,g,"정제수, 다이메티콘, 메틸트라이메티콘, 티타늄디옥사이드 (CI 77891), 호모살레이트, 부틸렌글라이콜, 라우릴폴리글리세릴-3폴리다이메틸실록시에틸다이메티콘, 티타늄디옥사이드, 페닐트라이메티콘, 트라이실록세인, 카프릴릴메티콘, 폴리메틸실세스퀴옥세인, 실리카, 브이피/헥사데센코폴리머, 나이아신아마이드, 다이스테아다이모늄헥토라이트, 보론나이트라이드, 트라이메틸실록시실리케이트, 알루미늄하이드록사이드, 1,2-헥산다이올, 스테아릭애씨드, 소듐클로라이드, 아크릴레이트/스테아릴아크릴레이트/다이메티콘메타크릴레이트코폴리머, 트라이하이드록시스테아린, 황색산화철, 카프릴릴글라이콜, 트라이에톡시카프릴릴실레인, 적색산화철, 글리세릴카프릴레이트, 에틸헥실글리세린, 향료, 아데노신, 흑색산화철, 토코페롤",에뛰드,에뛰드_클라우드 필터 쿠션 기획세트 SPF42/PA+++
클라우드 필터 쿠션 SPF42/PA+++ 15g,https://www.amoremall.com/kr/ko/product/detail?onlineProdSn=66126,15000.0,15 g,15.0,g,"정제수, 다이메티콘, 메틸트라이메티콘, 티타늄디옥사이드 (CI 77891), 호모살레이트, 부틸렌글라이콜, 라우릴폴리글리세릴-3폴리다이메틸실록시에틸다이메티콘, 티타늄디옥사이드, 페닐트라이메티콘, 트라이실록세인, 카프릴릴메티콘, 폴리메틸실세스퀴옥세인, 실리카, 브이피/헥사데센코폴리머, 나이아신아마이드, 다이스테아다이모늄헥토라이트, 보론나이트라이드, 트라이메틸실록시실리케이트, 알루미늄하이드록사이드, 1,2-헥산다이올, 스테아릭애씨드, 소듐클로라이드, 아크릴레이트/스테아릴아크릴레이트/다이메티콘메타크릴레이트코폴리머, 트라이하이드록시스테아린, 황색산화철, 카프릴릴글라이콜, 트라이에톡시카프릴릴실레인, 적색산화철, 글리세릴카프릴레이트, 에틸헥실글리세린, 향료, 아데노신, 흑색산화철, 토코페롤",에뛰드,에뛰드_클라우드 필터 쿠션 SPF42/PA+++ 15g
그림자 쉐딩,https://www.amoremall.com/kr/ko/product/detail?onlineProdSn=65568,20000.0,10 g,10.0,g,"[톤앤톤] 탤크, 마이카, 펜타에리스리틸테트라에틸헥사노에이트, 나일론-12, 다이아이소스테아릴말레이트, 마그네슘스테아레이트, 티타늄디옥사이드 (CI 77891), 황색산화철, 흑색산화철, 다이메티콘, 적색산화철, 1,2-헥산다이올, 아미노프로필다이메티콘, 폴리메틸실세스퀴옥세인, 글리세릴카프릴레이트, 망가니즈바이올렛, 트라이에톡시카프릴릴실레인, 알루미나, 실리카 [무드온] 탤크, 마이카, 펜타에리스리틸테트라에틸헥사노에이트, 나일론-12, 다이아이소스테아릴말레이트, 티타늄디옥사이드 (CI 77891), 황색산화철, 마그네슘스테아레이트, 흑색산화철, 적색산화철, 다이메티콘, 1,2-헥산다이올, 아미노프로필다이메티콘, 폴리메틸실세스퀴옥세인, 글리세릴카프릴레이트, 트라이에톡시카프릴릴실레인, 알루미나, 실리카",에뛰드,에뛰드_그림자 쉐딩
오버 글로이 틴트 기획세트,https://www.amoremall.com/kr/ko/product/detail?onlineProdSn=65428,14000.0,3g,3.0,g,"정제수, 다이아이소스테아릴말레이트, 비스-다이글리세릴폴리아실아디페이트-2, 하이드로제네이티드폴리아이소부텐, 다이페닐다이메티콘, 트라이메틸실록시페닐다이메티콘, 글리세린, 폴리페닐실세스퀴옥세인, 세틸피이지/피피지-10/1다이메티콘, 1,2-헥산다이올, 폴리솔베이트60, 솔비탄아이소스테아레이트, 티타늄디옥사이드 (CI 77891), 세테아레스-20, 하이드록시에틸아크릴레이트/소듐아크릴로일다이메틸타우레이트코폴리머, 스쿠알란, 페녹시에탄올, 에틸헥실글리세린, 향료, 황색4호, 적색104호의(1), 적색227호, 황색5호, 청색1호, 펜타에리스리틸테트라-다이-T-부틸하이드록시하이드로신나메이트",에뛰드,에뛰드_오버 글로이 틴트 기획세트
슈가컬러링 젤리밤 9g,https://www.amoremall.com/kr/ko/product/detail?onlineProdSn=64500,12000.0,9g,9.0,g,"다이아이소스테아릴말레이트, 하이드로제네이티드폴리아이소부텐, 폴리부텐, 비스-베헤닐/아이소스테아릴/피토스테릴다이머다이리놀레일다이머다이리놀리에이트, 시어버터, 마이크로크리스탈린왁스, 에틸렌/프로필렌/스타이렌코폴리머, 1,2-헥산다이올, 합성왁스, 에틸렌/프로필렌코폴리머, 토코페릴아세테이트, 향료, 에틸헥실글리세린, 부틸렌/에틸렌/스타이렌코폴리머, 펜타에리스리틸테트라-다이-T-부틸하이드록시하이드로신나메이트, 시트릭애씨드, 스위트아몬드오일, 흑당밀가루, 정제수, 토코페롤, 부틸렌글라이콜, 사탕수수추출물, 마시멜로뿌리추출물, 밀겨추출물",에뛰드,에뛰드_슈가컬러링 젤리밤 9g
오버 글로이 글로스 2.8g,https://www.amoremall.com/kr/ko/product/detail?onlineProdSn=64315,14000.0,2.8g,2.8,g,"하이드로제네이티드폴리아이소부텐, 비스-베헤닐/아이소스테아릴/피토스테릴다이머다이리놀레일다이머다이리놀리에이트, 다이아이소스테아릴말레이트, 아이소노닐아이소노나노에이트, 폴리글리세릴-2트라이아이소스테아레이트, 실리카다이메틸실릴레이트, 합성왁스, 폴리하이드록시스테아릭애씨드, 마이크로크리스탈린왁스, 실리카실릴레이트, 카프릴릭/카프릭글리세라이즈, 티타늄디옥사이드 (CI 77891), 에틸렌/프로필렌코폴리머, 향료, 황색5호, 적색202호, 리날룰, 흑색산화철, 리모넨, 헥실신남알, 적색산화철, 적색104호의(1), 황색4호, 청색1호",에뛰드,에뛰드_오버 글로이 글로스 2.8g
프루티 립앤치크 블러밤 2.3g,https://www.amoremall.com/kr/ko/product/detail?onlineProdSn=64312,14000.0,2.3g,2.3,g,"폴리글리세릴-2트라이아이소스테아레이트, 다이메티콘, 아이소노닐아이소노나노에이트, 카프릴릭/카프릭트라이글리세라이드, 실리카, 합성왁스, 옥틸도데칸올, 비스-다이글리세릴폴리아실아디페이트-2, 다이메티콘/비닐다이메티콘크로스폴리머, 마이카, C13-15알케인, 트라이베헤닌, 황색5호, 폴리글리세릴-3폴리리시놀리에이트, 합성비즈왁스, 티타늄디옥사이드 (CI 77891), 적색104호의(1), 1,2-헥산다이올, 라우릴피이지-10트리스(트라이메틸실록시)실릴에틸다이메티콘, 솔비탄세스퀴올리에이트, 스테아릭애씨드, 적색202호, 다이스테아다이모늄헥토라이트, 향료, 트라이에톡시카프릴릴실레인, 알루미늄하이드록사이드, 황색산화철, 흑색산화철, 토코페롤",에뛰드,에뛰드_프루티 립앤치크 블러밤 2.3g
마이 베스트 톤 아이즈 2구,https://www.amoremall.com/kr/ko/product/detail?onlineProdSn=61021,8000.0,0.4g*2,0.4,g,"[아이 캐치] 칼슘티타늄보로실리케이트, 마이카, 탤크, 티타늄디옥사이드 (CI 77891), 페닐트라이메티콘, 하이드로제네이티드폴리(C6-14올레핀), 폴리에틸렌, 징크스테아레이트, 적색산화철, 다이아이소스테아릴말레이트, 다이펜타에리스리틸헥사하이드록시스테아레이트/헥사스테아레이트/헥사로지네이트, 아이소스테아릴네오펜타노에이트, 하이드로제네이티드폴리아이소부텐, 메틸메타크릴레이트크로스폴리머, 나일론-12, 흑색산화철, 옥틸도데실스테아로일스테아레이트, 글리세릴카프릴레이트, 틴옥사이드, 토코페롤 / [집 밖 스모키] 메틸메타크릴레이트크로스폴리머, 마이카, 헥실라우레이트, 다이메티콘/비닐다이메티콘크로스폴리머, 흑색산화철, 다이메티콘, 티타늄디옥사이드 (CI 77891), 페닐트라이메티콘, 적색산화철, 실리카, 황색산화철, 다이아이소스테아릴말레이트, 황색4호, 폴리메틸실세스퀴옥세인, 카프릴릭/카프릭트라이글리세라이드, 울트라마린, 카프릴릴글라이콜, 글리세릴카프릴레이트, 메티콘, 적색226호, 트라이에톡시카프릴릴실레인, 알루미늄하이드록사이드, 라우로일라이신",에뛰드,에뛰드_마이 베스트 톤 아이즈 2구
수분가득 콜라겐 클렌징 폼 150g,https://www.amoremall.com/kr/ko/product/detail?onlineProdSn=53259,10000.0,150 g,150.0,g,"정제수, 미리스틱애씨드, 글리세린, 피이지-32, 포타슘하이드록사이드, 스테아릭애씨드, 부틸렌글라이콜, 팔미틱애씨드, 라우릴하이드록시설테인, 글리세릴스테아레이트, 피이지-100스테아레이트, 하이드롤라이즈드콜라겐 (9,340 ppm), 글라이콜다이스테아레이트, 폴리쿼터늄-7, 향료, 다이소듐이디티에이, 1,2-헥산다이올, 소듐벤조에이트, 하이드롤라이즈드루핀단백질, 시트릭애씨드, 락틱애씨드, 에틸헥실글리세린",에뛰드,에뛰드_수분가득 콜라겐 클렌징 폼 150g
룩 앳 마이 아이즈,https://www.amoremall.com/kr/ko/product/detail?onlineProdSn=63650,6500.0,1.4g,1.4,g,"탤크, 칼슘알루미늄보로실리케이트, 카프릴릭/카프릭트라이글리세라이드, 마그네슘스테아레이트, 다이메티콘, 칼슘소듐보로실리케이트, 페닐트라이메티콘, 폴리메틸실세스퀴옥세인, 다이아이소스테아릴말레이트, 다이메티콘/비닐다이메티콘크로스폴리머, 폴리프로필렌, 티타늄디옥사이드 (CI 77891), 카프릴릴글라이콜, 비즈왁스, 실리카, 글리세릴카프릴레이트, 에틸헥실글리세린, 틴옥사이드, 마이카, 합성플루오르플로고파이트, 페릭페로시아나이드, 카민, 토코페롤",에뛰드,에뛰드_룩 앳 마이 아이즈
뉴이어 컬렉션,https://www.amoremall.com/kr/ko/product/detail?onlineProdSn=63618,6500.0,1.4g,1.4,g,"탤크, 칼슘알루미늄보로실리케이트, 카프릴릭/카프릭트라이글리세라이드, 마그네슘스테아레이트, 다이메티콘, 칼슘소듐보로실리케이트, 페닐트라이메티콘, 폴리메틸실세스퀴옥세인, 다이아이소스테아릴말레이트, 다이메티콘/비닐다이메티콘크로스폴리머, 폴리프로필렌, 티타늄디옥사이드 (CI 77891), 카프릴릴글라이콜, 비즈왁스, 실리카, 글리세릴카프릴레이트, 에틸헥실글리세린, 틴옥사이드, 마이카, 합성플루오르플로고파이트, 페릭페로시아나이드, 카민, 토코페롤",에뛰드,에뛰드_뉴이어 컬렉션
컬러래스팅 글로우 스틱,https://www.amoremall.com/kr/ko/product/detail?onlineProdSn=62847,16000.0,3.2g,3.2,g,"다이펜타에리스리틸펜타아이소스테아레이트, 다이페닐실록시페닐트라이메티콘, 다이페닐다이메티콘, 피토스테릴/옥틸도데실라우로일글루타메이트, 글리세릴운데실다이메티콘, 피토스테릴/이소스테아릴/세틸/스테아릴/베헤닐다이머디리놀리에이트, 합성왁스, 폴리글리세릴-2트라이아이소스테아레이트, 알루미나, 라우릴폴리글리세릴-3폴리다이메틸실록시에틸다이메티콘, 적색산화철, 티타늄디옥사이드 (CI 77891), 폴리하이드록시스테아릭애씨드, 에틸렌/프로필렌코폴리머, 흑색산화철, 레시틴, 에틸헥실팔미테이트, 아이소스테아릭애씨드, 아이소프로필미리스테이트, 향료, 적색202호, 폴리글리세릴-3폴리리시놀리에이트, 다이메티콘, 트라이에톡시카프릴릴실레인, 알루미늄하이드록사이드, 글리세린, 정제수, 부틸렌글라이콜, 토코페롤, 석류추출물, 석류나무꽃추출물",에뛰드,에뛰드_컬러래스팅 글로우 스틱
더블래스팅 커버 컨실러 팔레트,https://www.amoremall.com/kr/ko/product/detail?onlineProdSn=62226,22000.0,5.3g,5.3,g,"[01 Bright] 티타늄디옥사이드 (CI 77891), 하이드로제네이티드폴리아이소부텐, 옥틸도데칸올, 실리카, 아이소에이코산, 합성왁스, 다이메티콘, 헥실라우레이트, 해바라기씨왁스, 합성플루오르플로고파이트, 라우로일라이신, 사과씨오일, 카프릴릭/카프릭트라이글리세라이드, 폴리하이드록시스테아릭애씨드, 다이칼슘포스페이트, 솔비탄아이소스테아레이트, 동백나무씨오일, 레시틴, 아이소스테아릭애씨드, 에틸헥실팔미테이트, 아이소프로필미리스테이트, 적색산화철, 폴리글리세릴-3폴리리시놀리에이트, 스테아랄코늄헥토라이트, 황색산화철, 알루미늄하이드록사이드, 프로필렌카보네이트, 아이소프로필티타늄트라이아이소스테아레이트, 흑색산화철 [01 Light Cover] 티타늄디옥사이드 (CI 77891), 하이드로제네이티드폴리아이소부텐, 옥틸도데칸올, 아이소에이코산, 합성왁스, 실리카, 다이메티콘, 헥실라우레이트, 합성플루오르플로고파이트, 해바라기씨왁스, 라우로일라이신, 사과씨오일, 카프릴릭/카프릭트라이글리세라이드, 폴리하이드록시스테아릭애씨드, 다이칼슘포스페이트, 황색산화철, 솔비탄아이소스테아레이트, 동백나무씨오일, 레시틴, 아이소스테아릭애씨드, 에틸헥실팔미테이트, 아이소프로필미리스테이트, 폴리글리세릴-3폴리리시놀리에이트, 적색산화철, 스테아랄코늄헥토라이트, 알루미늄하이드록사이드, 프로필렌카보네이트, 흑색산화철, 아이소프로필티타늄트라이아이소스테아레이트 [01 Medium Cover] 티타늄디옥사이드 (CI 77891), 하이드로제네이티드폴리아이소부텐, 옥틸도데칸올, 아이소에이코산, 실리카, 폴리아이소부텐, 합성왁스, 해바라기씨왁스, 카프릴릭/카프릭트라이글리세라이드, 황색산화철, 폴리하이드록시스테아릭애씨드, 다이칼슘포스페이트, 솔비탄아이소스테아레이트, 합성플루오르플로고파이트, 레시틴, 아이소스테아릭애씨드, 에틸헥실팔미테이트, 아이소프로필미리스테이트, 적색산화철, 폴리글리세릴-3폴리리시놀리에이트, 스테아랄코늄헥토라이트, 알루미늄하이드록사이드, 흑색산화철, 프로필렌카보네이트, 아이소프로필티타늄트라이아이소스테아레이트 [01 Powder] 탤크, 마이카, 티타늄디옥사이드 (CI 77891), 실리카, 카프릴릭/카프릭트라이글리세라이드, 폴리메틸메타크릴레이트, 다이메티콘, 폴리메틸실세스퀴옥세인, 에이치디아이/트라이메틸올헥실락톤크로스폴리머, 나일론-12, 페닐트라이메티콘, 황색산화철, 트라이에톡시카프릴릴실레인, 메티콘, 카프릴릴글라이콜, 폴리글리세릴-4아이소스테아레이트, 에틸헥실글리세린, 적색산화철, 흑색산화철, 라우로일라이신, 하이드로제네이티드레시틴, 알루미늄하이드록사이드, 토코페롤",에뛰드,에뛰드_더블래스팅 커버 컨실러 팔레트
디어달링 필오프 립스테인,https://www.amoremall.com/kr/ko/product/detail?onlineProdSn=67881,12000.0,5g,5.0,g,"정제수, 폴리비닐알코올, 다이프로필렌글라이콜, 1,2-헥산다이올, 에탄올, 시트릭애씨드, 소듐시트레이트, 펜틸렌글라이콜, 부틸렌글라이콜, 향료, 적색223호, 황색4호, 알란토인, 적색227호, 다이포타슘글리시리제이트",에뛰드,에뛰드_디어달링 필오프 립스테인
컬픽스 스키니 마스카라 1+1 기획세트,https://www.amoremall.com/kr/ko/product/detail?onlineProdSn=67469,14000.0,3g,3.0,g,"아이소도데케인, 트라이메틸실록시실리케이트, 세레신, 덱스트린팔미테이트/에틸헥사노에이트, 탤크, 부틸아크릴레이트/하이드록시프로필다이메티콘아크릴레이트코폴리머, 마이크로크리스탈린왁스, 흑색산화철, 다이스테아다이모늄헥토라이트, 폴리프로필실세스퀴옥세인, 프로필렌카보네이트, 하이드로제네이티드폴리아이소부텐, 트라이에톡시카프릴릴실레인, 비에이치티",에뛰드,에뛰드_컬픽스 스키니 마스카라 1+1 기획세트
팡팡 헤어카라 픽서 10ml,https://www.amoremall.com/kr/ko/product/detail?onlineProdSn=67465,15000.0,10ml,10.0,ml,"정제수, 변성알코올, 브이피/브이에이코폴리머, 글리세린, 피이지-60하이드로제네이티드캐스터오일, 향료, 1,2-헥산다이올, 카보머, 리날룰, 트로메타민, 에틸헥실글리세린, 다이소듐이디티에이, 리모넨, 아르간커넬오일, 브라질넛씨오일, 시트로넬올, 알파-아이소메틸아이오논, 제라니올, 부틸렌글라이콜, 돌콩추출물, 석류추출물",에뛰드,에뛰드_팡팡 헤어카라 픽서 10ml
진저슈가 립세럼 13g,https://www.amoremall.com/kr/ko/product/detail?onlineProdSn=67435,14000.0,13g,13.0,g,"하이드로제네이티드폴리(C6-14올레핀), 폴리부텐, 하이드로제네이티드폴리아이소부텐, 다이아이소스테아릴말레이트, 에틸렌/프로필렌/스타이렌코폴리머, 피토스테릴/이소스테아릴/세틸/스테아릴/베헤닐다이머디리놀리에이트, 폴리글리세릴-2아이소스테아레이트/다이머다이리놀리에이트코폴리머, 다이펜타에리스리틸펜타아이소스테아레이트, 덱스트린팔미테이트, 폴리글리세릴-2트라이아이소스테아레이트, 다이메티콘, 리모넨, 부틸렌/에틸렌/스타이렌코폴리머, 적색산화철, 시어버터, 적색104호의(1), 티타늄디옥사이드 (CI 77891), 향료, 황색산화철, 청색1호, 적색226호, 리날룰, 펜타에리스리틸테트라-다이-t-부틸하이드록시하이드로신나메이트, 흑색산화철, 시트랄, 알루미나, 에리스리톨, 트라이에톡시카프릴릴실레인, 정제수, 부틸렌글라이콜, 토코페롤, 생강추출물, 시트릭애씨드",에뛰드,에뛰드_진저슈가 립세럼 13g
님프 광채 볼류머 듀오 기획세트,https://www.amoremall.com/kr/ko/product/detail?onlineProdSn=67387,34000.0,24g *2,24.0,g,"하이드로제네이티드폴리데센, 하이드로제네이티드폴리아이소부텐, 피마자씨오일, 에틸렌/프로필렌코폴리머, 에틸헥실올리베이트, 폴리글리세릴-4다이아이소스테아레이트/폴리하이드록시스테아레이트/세바케이트, 향료, 카프릴릴글라이콜, 다이아이소스테아릴말레이트, 아르간커넬오일, 옥틸도데실스테아로일스테아레이트, 에틸헥실글리세린, 아보카도오일, 티타늄디옥사이드 (CI 77891), 1,2-헥산다이올, 울트라마린, 적색산화철, 하이드롤라이즈드하이알루로닉애씨드",에뛰드,에뛰드_님프 광채 볼류머 듀오 기획세트
AC 클린업 클렌징 폼 150ml,https://www.amoremall.com/kr/ko/product/detail?onlineProdSn=66981,9000.0,150ml,150.0,ml,"정제수 글리세린 소듐코코일이세티오네이트 글리세릴스테아레이트 세테아릴알코올 코코넛애씨드 프로판다이올 스테아릭애씨드 라우라미도프로필베타인 소듐이세티오네이트 하이드록시프로필스타치포스페이트 팔미틱애씨드 소듐메틸코코일타우레이트 살리실릭애씨드 솔비톨 부틸렌글라이콜 향료 포타슘벤조에이트 소듐클로라이드 다이소듐이디티에이 아라키딕애씨드 티트리잎수 미리스틱애씨드 올레익애씨드 쇠비름추출물 약모밀추출물 티트리잎오일 1,2-헥산다이올 펜틸렌글라이콜 카프릴릴글라이콜 캐모마일꽃추출물 병풀추출물 마데카소사이드",에뛰드,에뛰드_AC 클린업 클렌징 폼 150ml
피지쏙 젤리 파우더 퍼프 2P,https://www.amoremall.com/kr/ko/product/detail?onlineProdSn=66980,3000.0,2p,2.0,p,,에뛰드,에뛰드_피지쏙 젤리 파우더 퍼프 2P
카페인더 딥 에디션,https://www.amoremall.com/kr/ko/product/detail?onlineProdSn=66636,8000.0,1.6g,1.6,g,"[좌] 탤크, 마이카, 티타늄디옥사이드 (CI 77891), 실리카, 헥실라우레이트, 보론나이트라이드, 라우로일라이신, 징크스테아레이트, 다이아이소스테아릴말레이트, 황색산화철, 펜타에리스리틸테트라에틸헥사노에이트, 페닐트라이메티콘, 적색산화철, 다이메티콘, 카프릴릴글라이콜, 에틸헥실글리세린, 트라이에톡시카프릴릴실레인, 흑색산화철, 황색4호, 알루미늄하이드록사이드, 적색226호, 메티콘, 토코페롤 [우] 마이카, 탤크, 티타늄디옥사이드 (CI 77891), 헥실라우레이트, 알루미늄전분옥테닐석시네이트, 다이아이소스테아릴말레이트, 페닐트라이메티콘, 비닐다이메티콘, 합성플루오르플로고파이트, 다이메티콘, 마그네슘미리스테이트, 징크스테아레이트, 카프릴릴글라이콜, 에틸헥실글리세린, 적색산화철, 트라이에톡시카프릴릴실레인, 황색4호, 틴옥사이드, 황색5호, 실리카, 적색202호, 토코페롤",에뛰드,에뛰드_카페인더 딥 에디션
올데이 맑은 BB 크림 SPF36/PA+++ 35ml,https://www.amoremall.com/kr/ko/product/detail?onlineProdSn=66615,22000.0,35ml,35.0,ml,"정제수, 다이메티콘, 다이실록세인, 티타늄디옥사이드 (CI 77891), 호모살레이트, 카프릴릴메티콘, 글리세린, 에칠헥실살리실레이트, 피이지-10다이메티콘, 티타늄디옥사이드, 폴리메틸실세스퀴옥세인, 트라이베헤닌, 징크옥사이드, 1,2-헥산다이올, 락토바실러스발효용해물, 소듐클로라이드, 라우릴피이지-9폴리다이메틸실록시에틸다이메티콘, 트라이메틸실록시실리케이트, 다이메티콘/비닐다이메티콘크로스폴리머, 실리카, 다이스테아다이모늄헥토라이트, 트라이데실트라이멜리테이트, 알루미늄하이드록사이드, 스테아릭애씨드, 황색산화철, 프로판다이올, 트라이에톡시카프릴릴실레인, 에틸헥실글리세린, 글리세릴카프릴레이트, 트라이하이드록시스테아린, 적색산화철, 흑색산화철, 판테놀, 녹차씨추출물, 세라마이드엔피, 토코페롤, 피토스핑고신, 하이드로제네이티드레시틴, 병풀꽃/잎/줄기추출물, 다이소듐이디티에이",에뛰드,에뛰드_올데이 맑은 BB 크림 SPF36/PA+++ 35ml
순정 약산성 클렌징 밀크 200ml,https://www.amoremall.com/kr/ko/product/detail?onlineProdSn=66081,38000.0,200ml*2,200.0,ml,"정제수, 글리세린, 카프릴릭/카프릭트라이글리세라이드, 세틸에틸헥사노에이트, 해바라기씨오일, 부틸렌글라이콜, 1,2-헥산다이올, 세테아릴알코올, 아라키딜알코올, 판테놀, 베헤닐알코올, 아라키딜글루코사이드, 잔탄검, 아크릴레이트/C10-30알킬아크릴레이트크로스폴리머, 소듐스테아로일글루타메이트, 에틸헥실글리세린, 시트릭애씨드, 마데카소사이드, 은행나무잎추출물, 토코페롤",에뛰드,에뛰드_순정 약산성 클렌징 밀크 200ml
플레이 멀티 아이즈 마루 너만을 오로지 사랑해,https://www.amoremall.com/kr/ko/product/detail?onlineProdSn=65566,22000.0,7.5g,7.5,g,"[1] 탤크, 합성플루오르플로고파이트, 마이카, 티타늄디옥사이드 (CI 77891), 나일론-12, 마그네슘미리스테이트, 카프릴릭/카프릭트라이글리세라이드, 실리카, 다이아이소스테아릴말레이트, 다이메티콘, 울트라마린, 적색산화철, 라우로일라이신, 카프릴릴글라이콜, 트라이하이드록시스테아린, 마카다미아씨오일, 글리세릴카프릴레이트, 에틸헥실글리세린, 알루미늄하이드록사이드, 황색산화철, 트라이에톡시카프릴릴실레인, 카민, 카올린, 황색4호, 토코페롤 [2] 탤크, 합성플루오르플로고파이트, 마이카, 티타늄디옥사이드 (CI 77891), 나일론-12, 마그네슘미리스테이트, 카프릴릭/카프릭트라이글리세라이드, 실리카, 카민, 다이아이소스테아릴말레이트, 황색4호, 다이메티콘, 라우로일라이신, 카프릴릴글라이콜, 트라이하이드록시스테아린, 마카다미아씨오일, 글리세릴카프릴레이트, 에틸헥실글리세린, 황색산화철, 알루미늄하이드록사이드, 흑색산화철, 트라이에톡시카프릴릴실레인, 적색산화철, 토코페롤 [3] 칼슘티타늄보로실리케이트, 탤크, 칼슘알루미늄보로실리케이트, 다이메티콘, 티타늄디옥사이드 (CI 77891), 마이카, 다이아이소스테아릴말레이트, 폴리메틸실세스퀴옥세인, 폴리프로필렌, 마그네슘미리스테이트, 페닐트라이메티콘, 하이드로제네이티드폴리(C6-14올레핀), 하이드로제네이티드캐스터오일아이소스테아레이트, 다이펜타에리스리틸헥사하이드록시스테아레이트/헥사스테아레이트/헥사로지네이트, 카프릴릴글라이콜, 카민, 다이메티콘/비닐다이메티콘크로스폴리머, 글리세릴카프릴레이트, 에틸헥실글리세린, 틴옥사이드, 황색4호, 적색산화철, 토코페롤 [4] 탤크, 합성플루오르플로고파이트, 마이카, 나일론-12, 마그네슘미리스테이트, 황색산화철, 카프릴릭/카프릭트라이글리세라이드, 실리카, 울트라마린, 적색산화철, 티타늄디옥사이드 (CI 77891), 다이아이소스테아릴말레이트, 흑색산화철, 다이메티콘, 라우로일라이신, 카프릴릴글라이콜, 트라이하이드록시스테아린, 마카다미아씨오일, 글리세릴카프릴레이트, 황색4호, 에틸헥실글리세린, 카민, 트라이에톡시카프릴릴실레인, 알루미늄하이드록사이드, 토코페롤 [5] 합성플루오르플로고파이트, 티타늄디옥사이드 (CI 77891), 트라이에틸헥사노인, 폴리글리세릴-2트라이아이소스테아레이트, 탤크, 칼슘티타늄보로실리케이트, 마그네슘미리스테이트, 마그네슘스테아레이트, 나일론-12, 하이드로제네이티드캐스터오일아이소스테아레이트, 폴리메틸메타크릴레이트, 카프릴릴글라이콜, 글리세릴카프릴레이트, 틴옥사이드, 에틸헥실글리세린, 토코페롤 [6] 탤크, 마이카, 티타늄디옥사이드 (CI 77891), 폴리메틸메타크릴레이트, 라우로일라이신, 다이메티콘, 옥틸도데실스테아로일스테아레이트, 다이아이소스테아릴말레이트, 마그네슘미리스테이트, 카민, 아이소세틸미리스테이트, 카프릴릴글라이콜, 적색산화철, 글리세릴카프릴레이트, 에틸헥실글리세린, 알루미늄하이드록사이드, 황색4호, 하이드로제네이티드레시틴, 트라이에톡시카프릴릴실레인, 토코페롤 [7] 마이카, 티타늄디옥사이드 (CI 77891), 다이카프릴릴카보네이트, 다이메티콘, 메틸메타크릴레이트크로스폴리머, 합성플루오르플로고파이트, 다이메티콘/비닐다이메티콘크로스폴리머, 페닐트라이메티콘, 트라이에톡시카프릴릴실레인, 다이펜타에리스리틸헥사하이드록시스테아레이트/헥사스테아레이트/헥사로지네이트, 카민, 카프릴릴글라이콜, 알루미늄하이드록사이드, 황색4호, 적색산화철, 황색산화철, 글리세릴카프릴레이트, 에틸헥실글리세린, 흑색산화철, 마그네슘스테아레이트, 울트라마린, 토코페롤",에뛰드,에뛰드_플레이 멀티 아이즈 마루 너만을 오로지 사랑해
벌룬 인 치크 6g,https://www.amoremall.com/kr/ko/product/detail?onlineProdSn=64469,13000.0,6g,6.0,g,"실리카, 탤크, 마이카, 비닐다이메티콘/메티콘실세스퀴옥세인크로스폴리머, 카프릴릭/카프릭트라이글리세라이드, 메티콘, 마그네슘미리스테이트, 옥수수전분, 헥실라우레이트, 티타늄디옥사이드 (CI 77891), 폴리글리세릴-2트라이아이소스테아레이트, 카프릴릴글라이콜, 에틸헥실글리세린, 라우로일라이신, 페닐트라이메티콘, 다이메티콘, 울트라마린, 적색202호, 향료, 셀룰로오스, 알루미늄하이드록사이드, 황색4호, 쿠마린, 트라이에톡시카프릴릴실레인, 헥실신남알, 시트로넬올, 리날룰, C20-24올레핀, 토코페롤",에뛰드,에뛰드_벌룬 인 치크 6g
컬픽스 마스카라 1호 블랙  & 마스카라 픽서 퍼펙트래쉬,https://www.amoremall.com/kr/ko/product/detail?onlineProdSn=64342,24000.0,"[컬픽스 마스카라 1호 블랙] 본품 1ea (8g), 뷰러 1ea [닥터 마스카라픽서 포 퍼펙트래쉬] 6g",1.0,ea,"[컬픽스 마스카라 1호 블랙] 아이소도데케인, 트라이메틸실록시실리케이트, 세레신, 덱스트린팔미테이트/에틸헥사노에이트, 탤크, 부틸아크릴레이트/하이드록시프로필다이메티콘아크릴레이트코폴리머, 마이크로크리스탈린왁스, 흑색산화철, 다이스테아다이모늄헥토라이트, 폴리프로필실세스퀴옥세인, 프로필렌카보네이트, 하이드로제네이티드폴리아이소부텐, 트라이에톡시카프릴릴실레인, 비에이치티 [닥터 마스카라픽서 포 퍼펙트래쉬] 아이소도데케인, 브이피/에이코신코폴리머, 사이클로펜타실록세인, 트라이메틸실록시실리케이트, 실리카, 다이스테아다이모늄헥토라이트, 합성왁스, 아이소부틸메타크릴레이트/비스-하이드록시프로필다이메티콘아크릴레이트코폴리머, 프로필렌카보네이트, 에틸렌/프로필렌코폴리머, 흑색산화철, 트라이에톡시카프릴릴실레인",에뛰드,에뛰드_컬픽스 마스카라 1호 블랙  & 마스카라 픽서 퍼펙트래쉬
사르르 당충전 컬렉션,https://www.amoremall.com/kr/ko/product/detail?onlineProdSn=64310,14000.0,2.8g,2.8,g,"하이드로제네이티드폴리아이소부텐, 비스-베헤닐/아이소스테아릴/피토스테릴다이머다이리놀레일다이머다이리놀리에이트, 다이아이소스테아릴말레이트, 아이소노닐아이소노나노에이트, 폴리글리세릴-2트라이아이소스테아레이트, 실리카다이메틸실릴레이트, 합성왁스, 폴리하이드록시스테아릭애씨드, 마이크로크리스탈린왁스, 실리카실릴레이트, 카프릴릭/카프릭글리세라이즈, 티타늄디옥사이드 (CI 77891), 에틸렌/프로필렌코폴리머, 향료, 황색5호, 적색202호, 리날룰, 흑색산화철, 리모넨, 헥실신남알, 적색산화철, 적색104호의(1), 황색4호, 청색1호",에뛰드,에뛰드_사르르 당충전 컬렉션
클라우드 필터 쿠션 SPF42/PA+++ 15g,https://www.amoremall.com/kr/ko/product/detail?onlineProdSn=63942,26000.0,15g,15.0,g,"정제수, 다이메티콘, 메틸트라이메티콘, 티타늄디옥사이드 (CI 77891), 호모살레이트, 부틸렌글라이콜, 라우릴폴리글리세릴-3폴리다이메틸실록시에틸다이메티콘, 티타늄디옥사이드, 페닐트라이메티콘, 트라이실록세인, 카프릴릴메티콘, 폴리메틸실세스퀴옥세인, 실리카, 브이피/헥사데센코폴리머, 나이아신아마이드, 다이스테아다이모늄헥토라이트, 보론나이트라이드, 트라이메틸실록시실리케이트, 알루미늄하이드록사이드, 1,2-헥산다이올, 스테아릭애씨드, 소듐클로라이드, 아크릴레이트/스테아릴아크릴레이트/다이메티콘메타크릴레이트코폴리머, 트라이하이드록시스테아린, 황색산화철, 카프릴릴글라이콜, 트라이에톡시카프릴릴실레인, 적색산화철, 글리세릴카프릴레이트, 에틸헥실글리세린, 향료, 아데노신, 흑색산화철, 토코페롤",에뛰드,에뛰드_클라우드 필터 쿠션 SPF42/PA+++ 15g
밀키베리 에디션,https://www.amoremall.com/kr/ko/product/detail?onlineProdSn=63795,11000.0,4.2g,4.2,g,"폴리글리세릴-2아이소스테아레이트/다이머다이리놀리에이트코폴리머, 폴리글리세릴-2트라이아이소스테아레이트, 카프릴릭/카프릭트라이글리세라이드, 다이아이소스테아릴말레이트, 실리카다이메틸실릴레이트, 티타늄디옥사이드 (CI 77891), 코코-카프릴레이트/카프레이트, 캐스터오일/아이피디아이코폴리머, 적색산화철, 향료, 황색산화철, 카프릴릭/카프릭/석시닉트라이글리세라이드, 적색202호, 솔비탄세스퀴올리에이트, 리날룰, 리모넨",에뛰드,에뛰드_밀키베리 에디션
오버 글로이 틴트,https://www.amoremall.com/kr/ko/product/detail?onlineProdSn=63652,14000.0,3g,3.0,g,"정제수, 다이아이소스테아릴말레이트, 비스-다이글리세릴폴리아실아디페이트-2, 하이드로제네이티드폴리아이소부텐, 다이페닐다이메티콘, 트라이메틸실록시페닐다이메티콘, 폴리페닐실세스퀴옥세인, 글리세린, 세틸피이지/피피지-10/1다이메티콘, 세테아레스-20, 폴리솔베이트60, 솔비탄아이소스테아레이트, 티타늄디옥사이드 (CI 77891), 1,2-헥산다이올, 하이드록시에틸아크릴레이트/소듐아크릴로일다이메틸타우레이트코폴리머, 페녹시에탄올, 스쿠알란, 에틸헥실글리세린, 황색5호, 향료, 적색227호, 적색104호의(1), 청색1호, 황색4호, 펜타에리스리틸테트라-다이-T-부틸하이드록시하이드로신나메이트",에뛰드,에뛰드_오버 글로이 틴트
오버글로이 틴트,https://www.amoremall.com/kr/ko/product/detail?onlineProdSn=62846,14000.0,3g,3.0,g,"정제수, 다이아이소스테아릴말레이트, 비스-다이글리세릴폴리아실아디페이트-2, 하이드로제네이티드폴리아이소부텐, 다이페닐다이메티콘, 트라이메틸실록시페닐다이메티콘, 폴리페닐실세스퀴옥세인, 글리세린, 세틸피이지/피피지-10/1다이메티콘, 폴리솔베이트60, 솔비탄아이소스테아레이트, 1,2-헥산다이올, 세테아레스-20, 하이드록시에틸아크릴레이트/소듐아크릴로일다이메틸타우레이트코폴리머, 스쿠알란, 페녹시에탄올, 적색227호, 황색5호, 에틸헥실글리세린, 향료, 황색4호, 적색104호의(1), 청색1호, 펜타에리스리틸테트라-다이-T-부틸하이드록시하이드로신나메이트, 티타늄디옥사이드 (CI 77891)",에뛰드,에뛰드_오버글로이 틴트
하트팝 블러셔,https://www.amoremall.com/kr/ko/product/detail?onlineProdSn=62844,13000.0,4g,4.0,g,"칼슘티타늄보로실리케이트, 탤크, 마이카, 페닐트라이메티콘, 트라이에틸헥사노인, 다이아이소스테아릴말레이트, 칼슘알루미늄보로실리케이트, 나일론-12, 징크스테아레이트, 비스-베헤닐/아이소스테아릴/피토스테릴다이머다이리놀레일다이머다이리놀리에이트, 하이드로제네이티드폴리아이소부텐, 티타늄디옥사이드 (CI 77891), 메틸메타크릴레이트크로스폴리머, 에틸헥실글리세린, 틴옥사이드, 글리세릴카프릴레이트",에뛰드,에뛰드_하트팝 블러셔
낫배드 컬렉션,https://www.amoremall.com/kr/ko/product/detail?onlineProdSn=62832,13000.0,4g,4.0,g,"칼슘티타늄보로실리케이트, 탤크, 마이카, 페닐트라이메티콘, 트라이에틸헥사노인, 다이아이소스테아릴말레이트, 칼슘알루미늄보로실리케이트, 나일론-12, 징크스테아레이트, 비스-베헤닐/아이소스테아릴/피토스테릴다이머다이리놀레일다이머다이리놀리에이트, 하이드로제네이티드폴리아이소부텐, 티타늄디옥사이드 (CI 77891), 메틸메타크릴레이트크로스폴리머, 에틸헥실글리세린, 틴옥사이드, 글리세릴카프릴레이트",에뛰드,에뛰드_낫배드 컬렉션
하트팝 듀오 블러셔,https://www.amoremall.com/kr/ko/product/detail?onlineProdSn=62606,19000.0,7.5g,7.5,g,"[1] 탤크, 마그네슘/포타슘/실리콘/플루오라이드/하이드록사이드/옥사이드, 마이카, 실리카, 나일론-12, 티타늄디옥사이드 (CI 77891), 헥실라우레이트, 마그네슘스테아레이트, 페닐트라이메티콘, 다이아이소스테아릴말레이트, 옥틸도데실스테아로일스테아레이트, 다이펜타에리스리틸헥사하이드록시스테아레이트/헥사스테아레이트/헥사로지네이트, 다이메티콘, 트라이에톡시카프릴릴실레인, 비닐다이메티콘/메티콘실세스퀴옥세인크로스폴리머, 울트라마린, 아이소스테아릴네오펜타노에이트, 에틸헥실글리세린, 글리세릴카프릴레이트, 알루미늄하이드록사이드, 하이드로젠다이메티콘, 황색4호, 적색226호, 아이소프로필티타늄트라이아이소스테아레이트, 미리스틱애씨드, 세테아릴알코올 [2] 탤크, 마그네슘/포타슘/실리콘/플루오라이드/하이드록사이드/옥사이드, 마이카, 티타늄디옥사이드 (CI 77891), 실리카, 나일론-12, 헥실라우레이트, 마그네슘스테아레이트, 페닐트라이메티콘, 다이아이소스테아릴말레이트, 알루미늄하이드록사이드, 울트라마린, 트라이에톡시카프릴릴실레인, 옥틸도데실스테아로일스테아레이트, 다이펜타에리스리틸헥사하이드록시스테아레이트/헥사스테아레이트/헥사로지네이트, 비닐다이메티콘/메티콘실세스퀴옥세인크로스폴리머, 다이메티콘, 적색226호, 아이소스테아릴네오펜타노에이트, 에틸헥실글리세린, 글리세릴카프릴레이트, 하이드로젠다이메티콘, 아이소프로필티타늄트라이아이소스테아레이트, 미리스틱애씨드, 세테아릴알코올",에뛰드,에뛰드_하트팝 듀오 블러셔
님프 광채 볼류머 투명한 물광,https://www.amoremall.com/kr/ko/product/detail?onlineProdSn=62036,40000.0,24g*2 (24g + 24g),24.0,g,"하이드로제네이티드폴리데센, 하이드로제네이티드폴리아이소부텐, 피마자씨오일, 에틸렌/프로필렌코폴리머, 에틸헥실올리베이트, 폴리글리세릴-4다이아이소스테아레이트/폴리하이드록시스테아레이트/세바케이트, 향료, 카프릴릴글라이콜, 다이아이소스테아릴말레이트, 아르간커넬오일, 옥틸도데실스테아로일스테아레이트, 에틸헥실글리세린, 아보카도오일, 티타늄디옥사이드 (CI 77891), 1,2-헥산다이올, 울트라마린, 적색산화철, 하이드롤라이즈드하이알루로닉애씨드",에뛰드,에뛰드_님프 광채 볼류머 투명한 물광
마이 베스트 톤 아이즈,https://www.amoremall.com/kr/ko/product/detail?onlineProdSn=61501,8000.0,1g,1.0,g,"소싯적 핑크 : 칼슘알루미늄보로실리케이트, 다이페닐실록시페닐트라이메티콘, 티타늄디옥사이드 (CI 77891), 폴리프로필렌, 다이아이소스테아릴말레이트, 비스-다이글리세릴폴리아실아디페이트-2, 비스-베헤닐/아이소스테아릴/피토스테릴다이머다이리놀레일다이머다이리놀리에이트, 칼슘티타늄보로실리케이트, 카프릴릭/카프릭트라이글리세라이드, 실리카, 하이드로제네이티드유채씨오일, 적색산화철, 합성플루오르플로고파이트, 글리세릴카프릴레이트, 틴옥사이드, 알루미늄하이드록사이드, 적색226호, 황색4호, 울트라마린, 트라이에톡시카프릴릴실레인 엎어져도 라벤더 : 마그네슘/포타슘/실리콘/플루오라이드/하이드록사이드/옥사이드, 마이카, 라우로일라이신, 티타늄디옥사이드 (CI 77891), 실리카, 탤크, 알루미늄전분옥테닐석시네이트, 아이소아밀라우레이트, 징크스테아레이트, 페닐트라이메티콘, 스테아릴다이메티콘, 카프릴릭/카프릭트라이글리세라이드, 알루미늄하이드록사이드, 하이드로젠다이메티콘, 글리세릴카프릴레이트, 알루미늄미리스테이트, 적색226호, 울트라마린, 황색4호, 다이아이소스테아릴말레이트, 메티콘, 트라이에톡시카프릴릴실레인, 흑색산화철, 다이메티콘, 하이드로제네이티드폴리데센, 세테아릴알코올, 황색산화철",에뛰드,에뛰드_마이 베스트 톤 아이즈
하트팝 블러셔,https://www.amoremall.com/kr/ko/product/detail?onlineProdSn=61500,13000.0,4g,4.0,g,"탤크, 마이카, 티타늄디옥사이드 (CI 77891), 마그네슘/포타슘/실리콘/플루오라이드/하이드록사이드/옥사이드, 칼슘티타늄보로실리케이트, 페닐트라이메티콘, 다이아이소스테아릴말레이트, 펜타에리스리틸테트라에틸헥사노에이트, 피토스테릴/이소스테아릴/세틸/스테아릴/베헤닐다이머디리놀리에이트, 징크스테아레이트, 하이드로제네이티드폴리아이소부텐, 마그네슘미리스테이트, 다이메티콘크로스폴리머, 다이메티콘, 에틸헥실글리세린, 틴옥사이드, 카프릴릴글라이콜, 아이소프로필티타늄트라이아이소스테아레이트, 미리스틱애씨드, 카민, 적색산화철, 토코페롤, 코코-카프릴레이트/카프레이트, 캐스터오일/아이피디아이코폴리머, 카프릴릭/카프릭/석시닉트라이글리세라이드",에뛰드,에뛰드_하트팝 블러셔
순정판텐소사이드10시카밤 50ml *2,https://www.amoremall.com/kr/ko/product/detail?onlineProdSn=60201,50000.0,50ml*2(100ml),50.0,ml,"정제수, 부틸렌글라이콜, 판테놀, 스쿠알란, 세테아릴알코올,1,2-헥산다이올, 하이드로제네이티드폴리(C6-14올레핀), 페닐트라이메티콘, 다이아이소스테아릴말레이트, 폴리글리세릴-10스테아레이트, 하이드록시에틸아크릴레이트/소듐아크릴로일다이메틸타우레이트코폴리머, 아크릴레이트/C10-30알킬아크릴레이트크로스폴리머, 글리세릴스테아레이트시트레이트, 글리세릴스테아레이트, 세테아릴글루코사이드, 하이드로제네이티드레시틴, 트로메타민, 글리세린, 카프릴릴글라이콜, 폴리글리세릴-3메틸글루코오스다이스테아레이트, 다이소듐이디티에이, 에틸헥실글리세린, 솔비탄아이소스테아레이트, 마데카소사이드, 아시아티코사이드, 마데카식애씨드, 아시아틱애씨드, 글루코오스, 녹차추출물, 토코페롤",에뛰드,에뛰드_순정판텐소사이드10시카밤 50ml *2
순정 판텐소사이드 마스크 25ml,https://www.amoremall.com/kr/ko/product/detail?onlineProdSn=59996,2000.0,25ml,25.0,ml,"정제수, 다이프로필렌글라이콜, 1,2-헥산다이올, 카보머, 폴리글리세릴-10라우레이트, 글리세린, 폴리글리세릴-10미리스테이트, 알지닌, 알란토인, 에틸헥실글리세린, 판테놀, 다이소듐이디티에이, 트레할로오스, 병풀잎추출물, 마데카소사이드",에뛰드,에뛰드_순정 판텐소사이드 마스크 25ml
0.2 테라피 에어 마스크 20ml,https://www.amoremall.com/kr/ko/product/detail?onlineProdSn=59994,1500.0,20ml,20.0,ml,"정제수, 글리세레스-26, 다이프로필렌글라이콜, 프로판다이올, 에탄올, 글리세린, 부틸렌글라이콜, 1,2-헥산다이올, 하이드록시에틸우레아, 소듐카보머, 알란토인, 스페인감초뿌리추출물, 녹차추출물, 하이드록시에틸셀룰로오스, 생강추출물, 콥티스뿌리추출물, 데하이드로아세틱애씨드, 소듐하이알루로네이트, 다이포타슘글리시리제이트, 다이소듐이디티에이, 카프릴릭/카프릭트라이글리세라이드, 폴리글리세릴-10라우레이트, 폴리글리세릴-10미리스테이트, 보스웰리아검, 리모넨, 베타-글루칸, 하이드로제네이티드레시틴, 알로에베라잎추출물(13.75ppm), 라벤더오일, 와일드제라늄오일, 대왕송오일, 유칼립투스잎오일, 세라마이드엔피, 피토스테릴/옥틸도데실라우로일글루타메이트, 레몬추출물, 필리핀오렌지전초오일",에뛰드,에뛰드_0.2 테라피 에어 마스크 20ml
뽀오얀 미소 발효 립&아이 리무버 250ml,https://www.amoremall.com/kr/ko/product/detail?onlineProdSn=59621,30000.0,250ml *2,250.0,ml,"정제수, 세틸에틸헥사노에이트, C9-12알케인, C18-21알케인, 글리세린, 아이소도데케인, 헥실렌글라이콜, 소듐클로라이드, 코코-카프릴레이트/카프레이트, 카프릴릴/카프릴글루코사이드, 라우릴메틸글루세스-10하이드록시프로필다이모늄클로라이드, 1,2-헥산다이올, 다이포타슘포스페이트, 소듐메타포스페이트, 에틸헥실글리세린, 부틸렌글라이콜, 포타슘포스페이트, 효모/보리씨발효여과물, 프로판다이올, 쌀겨오일, 모나스커스/쌀발효물, 돌콩지질, 토코페롤, 다이소듐이디티에이",에뛰드,에뛰드_뽀오얀 미소 발효 립&아이 리무버 250ml
뽀오얀 클렌징 오일 + 뽀오얀 클렌징 폼,https://www.amoremall.com/kr/ko/product/detail?onlineProdSn=59620,28000.0,[뽀오얀 클렌징 오일] 150ml / [뽀오얀 클렌징 폼] 150ml,150.0,ml,"[뽀오얀 클렌징 오일] C12-15알킬벤조에이트, 펜타에리스리틸테트라에틸헥사노에이트, 세틸에틸헥사노에이트, 카프릴릭/카프릭트라이글리세라이드, 폴리글리세릴-6다이카프레이트, 트라이에틸헥사노인, 폴리글리세릴-10다이아이소스테아레이트, 펜타에리스리틸테트라아이소스테아레이트, 아이소프로필팔미테이트, 폴리글리세릴-6카프릴레이트, C12-15알코올, 향료, 부틸렌글라이콜, 정제수, 시어버터, 효모/보리씨발효여과물, 프로판다이올, 코튼추출물, 모나스커스/쌀발효물, 1,2-헥산다이올, 돌콩지질, 에틸헥실글리세린, 다이소듐이디티에이 / [뽀오얀 클렌징 폼] 정제수, 글리세린, 팔미틱애씨드, 라우릭애씨드, 스테아릭애씨드, 포타슘하이드록사이드, 미리스틱애씨드, 피이지-32, 다이프로필렌글라이콜, 코카미도프로필베타인, 소듐미리스토일글루타메이트, 글리세릴스테아레이트, 피이지-100스테아레이트, 소듐클로라이드, 페녹시에탄올, 향료, 아라키딕애씨드, 소듐벤조에이트, 황련뿌리추출물, 다이소듐이디티에이, 부틸렌글라이콜, 포타슘솔베이트, 비에이치티, 효모/보리씨발효여과물, 카카오씨추출물, 덱스트린, 쌀발효여과물, 프로판다이올, 1,2-헥산다이올, 락토바실러스/콩발효추출물, 에틸헥실글리세린",에뛰드,에뛰드_뽀오얀 클렌징 오일 + 뽀오얀 클렌징 폼
오마이래쉬 마스카라 1호 탑코트 12g *2,https://www.amoremall.com/kr/ko/product/detail?onlineProdSn=56293,12000.0,12 g,12.0,g,"정제수, 에탄올, 피브이피, 브이피/브이에이코폴리머, 카보머, 트로메타민, 펜틸렌글라이콜, 1,2-헥산다이올, 다이소듐이디티에이, 버지니아풍년화잎수, 라벤더꽃수, 프로필렌글라이콜, 부틸렌글라이콜, 오렌지추출물, 라즈베리추출물, 캐모마일꽃추출물, 키위추출물, 살구씨추출물, 자몽추출물, 시트릭애씨드, 소듐벤조에이트, 포타슘솔베이트, 페녹시에탄올",에뛰드,에뛰드_오마이래쉬 마스카라 1호 탑코트 12g *2
마스카라 전용 리무버 80ml *2,https://www.amoremall.com/kr/ko/product/detail?onlineProdSn=56292,17000.0,80ml,80.0,ml,"정제수, 사이클로펜타실록산, 코코넛오일,헥실렌글라이콜, 코코-카프릴레이트/카프레이트, 소듐클로라이드, 라우릴메칠글루세스-10하이드록시프로필디모늄클로라이드, 페녹시에탄올, 디포타슘포스페이트, 카프릴릴/카프릴글루코사이드, 에칠헥실글리세린, 디소듐이디티에이, 포타슘포스페이트, 토코페롤",에뛰드,에뛰드_마스카라 전용 리무버 80ml *2
파워 래쉬 속눈썹 영양제 6g*2,https://www.amoremall.com/kr/ko/product/detail?onlineProdSn=56191,46000.0,6g*2,6.0,g,"정제수, 부틸렌글라이콜, 카페인, 판테놀, 나이아신아마이드, 1,2-헥산다이올, 펜틸렌글라이콜, 암모늄아크릴로일다이메틸타우레이트/브이피코폴리머, 알지닌, 소듐하이알루로네이트, 녹차수, 글루타믹애씨드, 다이소듐이디티에이, 바이오틴, 칡뿌리추출물, 녹차뿌리추출물, 에틸헥실글리세린",에뛰드,에뛰드_파워 래쉬 속눈썹 영양제 6g*2
제로피지 드라잉 파우더 4g,https://www.amoremall.com/kr/ko/product/detail?onlineProdSn=54847,7419.0,4g,4.0,g,"실리카, 마이카, 카프릴릭/카프릭트라이글리세라이드, 하이드록시아파타이트, 다이메티콘/비닐다이메티콘크로스폴리머, 메티콘, 1,2-헥산다이올, 글리세릴카프릴레이트, 리모넨, 구주소나무잎오일, 정제수, 부틸렌글라이콜, 라임전초오일, 유칼립투스잎오일, 오렌지껍질오일, 베르가모트오일, 코튼추출물, 레몬껍질오일, 흰버드나무껍질추출물, 편백잎추출물, 오레가노잎추출물, 육계나무껍질추출물, 쇠비름추출물, 황금추출물, 락토바실러스/콩발효추출물",에뛰드,에뛰드_제로피지 드라잉 파우더 4g
수분가득 콜라겐 토너 200ml,https://www.amoremall.com/kr/ko/product/detail?onlineProdSn=53260,21000.0,200 ml,200.0,ml,"정제수, 하이드롤라이즈드콜라겐(205,600ppm), 글리세린, 프로판다이올, 변성알코올, 베타인, 1,2-헥산다이올, 부틸렌글라이콜, 글리세릴폴리메타크릴레이트, 피피지-13-데실테트라데세스-24, 잔탄검, 셀룰로오스검, 에틸헥실글리세린, 다이소듐이디티에이, 베타-글루칸, 하이드롤라이즈드루핀단백질, 토코페롤",에뛰드,에뛰드_수분가득 콜라겐 토너 200ml
아토베리어365 크림 80ml,https://www.amoremall.com/kr/ko/product/detail?onlineProdSn=60892,33000.0,80ml,80.0,ml,"정제수, 부틸렌글라이콜, 글리세린, 부틸렌글라이콜다이카프릴레이트/다이카프레이트, 세틸에틸헥사노에이트, 스쿠알란, 펜타에리스리틸테트라아이소스테아레이트, 다이카프릴릴카보네이트, 베헤닐알코올, 다이메티콘, 하이드록시프로필비스팔미타마이드엠이에이, 스테아릭애씨드, 베타인, 만니톨, C14-22알코올, 팔미틱애씨드, 하이드록시프로필비스라우라마이드엠이에이, 아라키딜알코올, 콜레스테롤, 폴리아크릴레이트-13, C12-20알킬글루코사이드, 알란토인, 아라키딜글루코사이드, 나이아신아마이드, 세라마이드엔피, 글리세릴카프릴레이트, 에틸헥실글리세린, 하이드로제네이티드폴리아이소부텐, 카보머, 트로메타민, 다이메티콘올, 폴리글리세릴-10라우레이트, 하이드로제네이티드레시틴, 에틸헥실팔미테이트, 아크릴레이트/암모늄메타크릴레이트코폴리머, 솔비탄아이소스테아레이트, 실리카, 피토스핑고신, 스핑고리피드, 아라키딕애씨드, 토코페롤, 올레익애씨드",에스트라,에스트라_아토베리어365 크림 80ml
아토베리어365 크림 80ml or 로션150ml,https://www.amoremall.com/kr/ko/product/detail?onlineProdSn=58233,33000.0,80ml,80.0,ml,"정제수, 부틸렌글라이콜, 글리세린, 부틸렌글라이콜다이카프릴레이트/다이카프레이트, 세틸에틸헥사노에이트, 스쿠알란, 펜타에리스리틸테트라아이소스테아레이트, 다이카프릴릴카보네이트, 베헤닐알코올, 다이메티콘, 하이드록시프로필비스팔미타마이드엠이에이, 스테아릭애씨드, 베타인, 만니톨, C14-22알코올, 팔미틱애씨드, 하이드록시프로필비스라우라마이드엠이에이, 아라키딜알코올, 콜레스테롤, 폴리아크릴레이트-13, C12-20알킬글루코사이드, 알란토인, 아라키딜글루코사이드, 나이아신아마이드, 세라마이드엔피, 글리세릴카프릴레이트, 에틸헥실글리세린, 하이드로제네이티드폴리아이소부텐, 카보머, 트로메타민, 다이메티콘올, 폴리글리세릴-10라우레이트, 하이드로제네이티드레시틴, 에틸헥실팔미테이트, 아크릴레이트/암모늄메타크릴레이트코폴리머, 솔비탄아이소스테아레이트, 실리카, 피토스핑고신, 스핑고리피드, 아라키딕애씨드, 토코페롤, 올레익애씨드",에스트라,에스트라_아토베리어365 크림 80ml or 로션150ml
아토베리어365크림미스트 120ml,https://www.amoremall.com/kr/ko/product/detail?onlineProdSn=59609,23000.0,120ml,120.0,ml,"정제수, 글리세린, 부틸렌글라이콜, 카프릴릭/카프릭트리글리세라이드, 하이드로제네이티드폴리(C6-14올레핀), 디메치콘, 세틸에칠헥사노에이트, 하이드록시프로필비스라우라마이드엠이에이, 1,2-헥산디올, 소듐서팩틴, 콜레스테롤, 글리세릴카프릴레이트, 디소듐이디티에이, 에칠헥실글리세린, 베헤닉애씨드, 토코페롤",에스트라,에스트라_아토베리어365크림미스트 120ml
아토베리어365 세라-히알 속수분 앰플 30ml,https://www.amoremall.com/kr/ko/product/detail?onlineProdSn=62897,33000.0,30ml,30.0,ml,"정제수, 부틸렌글라이콜, 글리세린, 나이아신아마이드, 1,2-헥산다이올, 베타인, 판테놀, 카보머, 에틸헥실글리세린, 소듐하이알루로네이트(1001 ppm),3-O-에틸아스코빅애씨드, 셀룰로오스검, 트로메타민, 소듐트라이메타포스페이트, 다이포타슘글리시리제이트, 프로판다이올, 아데노신, 하이드록시프로필비스팔미타마이드엠이에이(210 ppm), 소듐메타포스페이트, 글리세릴카프릴레이트, 포타슘하이드록사이드, 소듐락테이트, 바이오사카라이드검-1, 카프릴릭/카프릭트라이글리세라이드, 펜틸렌글라이콜, 시트릭애씨드, 하이드록시에틸우레아, 폴리글리세릴-10스테아레이트, 콜레스테롤, 프로필렌글라이콜, 포타슘세틸포스페이트, 토코페롤, 세라마이드엔피(0.75 ppm), 만니톨, 스테아릭애씨드, 실리카, 아크릴레이트/암모늄메타크릴레이트코폴리머, 하이드로제네이티드레시틴, 팔미틱애씨드, 올레익애씨드, 아라키딕애씨드, 스핑고리피드",에스트라,에스트라_아토베리어365 세라-히알 속수분 앰플 30ml
아토베리어365 바디로션 400ml,https://www.amoremall.com/kr/ko/product/detail?onlineProdSn=50201,33000.0,400ml,400.0,ml,"하이드로제네이티드폴리(C6-14올레핀), 피토스테릴/이소스테아릴/세틸/스테아릴/베헤닐다이머디리놀리에이트, 하이드로제네이티드폴리아이소부텐, 다이아이소스테아릴말레이트, 폴리글리세릴-10데카아이소스테아레이트, 스쿠알란, 폴리아이소부텐, 합성왁스, 하이드로제네이티드식물성오일, 수크로오스테트라스테아레이트트라이아세테이트, 에틸렌/프로필렌/스타이렌코폴리머, C30-50알코올, 다이스테아다이모늄헥토라이트, 칸데릴라왁스에스터, 에틸렌/프로필렌코폴리머, 부틸렌글라이콜, 폴리에틸렌, 카나우바왁스, 부틸렌/에틸렌/스타이렌코폴리머, 펜타에리스리틸테트라-다이-T-부틸하이드록시하이드로신나메이트, 하이드록시프로필비스라우라마이드엠이에이, 달맞이꽃오일, 세라마이드엔피, 하이드록시프로필비스팔미타마이드엠이에이, 만니톨, 스테아릭애씨드, 카나우바왁스추출물, 아크릴레이트/암모늄메타크릴레이트코폴리머, 실리카, 아라키딕애씨드, 팔미틱애씨드, 소목줄기가루, 콜레스테롤, 올레익애씨드",에스트라,에스트라_아토베리어365 바디로션 400ml
아토베리어365 하이드로 에센스 200ml,https://www.amoremall.com/kr/ko/product/detail?onlineProdSn=48427,32000.0,200ml,200.0,ml,"정제수, 부틸렌글라이콜, 글리세린, 스쿠알란, 1,2-헥산다이올, 아크릴레이트/C10-30알킬아크릴레이트크로스폴리머, 카보머, 트로메타민, 글리세릴카프릴레이트, 에틸헥실글리세린, 다이소듐이디티에이, 낫토검, 스테아릭애씨드, 하이드록시프로필비스팔미타마이드엠이에이, 만니톨, 피씨에이, 락틱애씨드, 글루코오스, 글라이신, 우레아, 소듐글리세로포스페이트, 세린, 글루타믹애씨드, 토코페롤, 아크릴레이트/암모늄메타크릴레이트코폴리머, 포타슘마그네슘아스파테이트, 아스파틱애씨드, 류신, 소듐클로라이드, 알라닌, 라이신, 알지닌, 칼슘글루코네이트, 마그네슘글루코네이트, 타이로신, 페닐알라닌, 프롤린, 트레오닌, 발린, 아이소류신, 시트릭애씨드, 콜레스테롤, 히스티딘, 실리카, 아세틸글루코사민, 크레아틴, 우릭애씨드, 시스테인, 메티오닌",에스트라,에스트라_아토베리어365 하이드로 에센스 200ml
아토베리어365 버블클렌저 150ml,https://www.amoremall.com/kr/ko/product/detail?onlineProdSn=48426,20000.0,150ml,150.0,ml,"정제수, 글리세린, 솔비톨, 프로판다이올, 코코-글루코사이드, 카프릴릴/카프릴글루코사이드, 다이소듐코코암포다이아세테이트, 다이소듐코코일글루타메이트, 소듐클로라이드, 시트릭애씨드, 글리세릴카프릴레이트, 다이소듐이디티에이, 에틸헥실글리세린, 부틸렌글라이콜, 토코페롤, 녹차추출물",에스트라,에스트라_아토베리어365 버블클렌저 150ml
아토베리어365 로션 150ml,https://www.amoremall.com/kr/ko/product/detail?onlineProdSn=21745,33000.0,150ml,150.0,ml,"정제수, 부틸렌글라이콜, 글리세린, 다이메티콘, 스쿠알란, 펜타에리스리틸테트라아이소스테아레이트, 베타인, 폴리글리세릴-3메틸글루코오스다이스테아레이트, 부틸렌글라이콜다이카프릴레이트/다이카프레이트, 카프릴릭/카프릭트라이글리세라이드, 팔미틱애씨드, 1,2-헥산다이올, 스테아릭애씨드, 하이드록시에틸아크릴레이트/소듐아크릴로일다이메틸타우레이트코폴리머, 글리세릴스테아레이트, 하이드록시프로필비스팔미타마이드엠이에이, 글리세릴스테아레이트시트레이트, 콜레스테롤, 나이아신아마이드, 다이메티콘올, 하이드록시프로필비스라우라마이드엠이에이, 베헤닐알코올, 글리세릴카프릴레이트, 카보머, 다이소듐이디티에이, 에틸헥실글리세린, 트로메타민, 솔비탄아이소스테아레이트, 피토스핑고신, 만니톨, 세라마이드엔피, 토코페롤, 하이드로제네이티드레시틴, 아크릴레이트/암모늄메타크릴레이트코폴리머, 실리카, 스핑고리피드, 아라키딕애씨드, 올레익애씨드",에스트라,에스트라_아토베리어365 로션 150ml
더마UV365 무기자차 선크림 or 톤업 선크림 or 비타C광채 수분 선크림 SPF 50+/ PA++++ 40ml,https://www.amoremall.com/kr/ko/product/detail?onlineProdSn=57227,31000.0,40ml,40.0,ml,"정제수, 징크옥사이드, 사이클로헥사실록세인, 프로판다이올, 부틸옥틸살리실레이트, 프로필헵틸카프릴레이트, 아이소도데케인, 폴리글리세릴-3폴리다이메틸실록시에틸다이메티콘, 카프릴릴메티콘, 다이실록세인, 다이스테아다이모늄헥토라이트, 마그네슘설페이트, 트라이에톡시카프릴릴실레인, 1,2-헥산다이올, 폴리메틸실세스퀴옥세인, 폴리글리세릴-2다이폴리하이드록시스테아레이트, 라우릴폴리글리세릴-3폴리다이메틸실록시에틸다이메티콘, 알란토인, 카프릴릴글라이콜, 글리세릴카프릴레이트, 에틸헥실글리세린, 소듐하이알루로네이트, 세라마이드엔피, 토코페롤, 소듐아세틸레이티드하이알루로네이트, 하이드롤라이즈드하이알루로닉애씨드",에스트라,에스트라_더마UV365 무기자차 선크림 or 톤업 선크림 or 비타C광채 수분 선크림 SPF 50+/ PA++++ 40ml
리제덤365 모공탄력 캡슐세럼 30ml,https://www.amoremall.com/kr/ko/product/detail?onlineProdSn=59197,48000.0,30ml,30.0,ml,"정제수, 부틸렌글라이콜, 나이아신아마이드, 글리세린, 다이메티콘, 1,2-헥산다이올, 하이드로제네이티드폴리데센, 스테아릭애씨드, 하이드록시프로필비스팔미타마이드엠이에이, 만니톨, 다이메티콘/비닐다이메티콘크로스폴리머, 폴리메틸메타크릴레이트, 카보머, 티몰트라이메톡시신나메이트, 소듐하이알루로네이트, 잔탄검, 글리세릴카프릴레이트, 소듐스테아로일글루타메이트, 소듐폴리아크릴로일다이메틸타우레이트, 아크릴레이트/암모늄메타크릴레이트코폴리머, 다이소듐이디티에이, 에틸헥실글리세린, 아데노신, 트로메타민, 콜레스테롤, 덱스트린, 카카오추출물, 실리카, 올레아놀릭애씨드, 3-O-에틸아스코빅애씨드, 하이드롤라이즈드익스텐신, 호호바씨오일, 폴리글리세릴-10라우레이트, 토코페롤, 하이드로제네이티드레시틴",에스트라,에스트라_리제덤365 모공탄력 캡슐세럼 30ml
테라크네365 클리어 딥 클렌징 폼 200g,https://www.amoremall.com/kr/ko/product/detail?onlineProdSn=48589,23000.0,200g,200.0,g,"글리세린, 정제수, 포타슘코코일글리시네이트, 소듐코코일글라이시네이트, 부틸렌글라이콜, 폴리글리세릴-10라우레이트, 다이소듐라우레스설포석시네이트, 글리세릴스테아레이트에스이, 시트릭애씨드, 글라이콜다이스테아레이트, 알란토인, 다이소듐이디티에이, 에틸헥실글리세린, 테트라소듐이디티에이, 소듐하이알루로네이트, 글루코노락톤, 토코페롤",에스트라,에스트라_테라크네365 클리어 딥 클렌징 폼 200g
아토베리어365 바디크림 250ml,https://www.amoremall.com/kr/ko/product/detail?onlineProdSn=50199,30000.0,250ml,250.0,ml,"정제수, 부틸렌글라이콜, 글리세린, 다이아이소스테아릴말레이트, 다이카프릴릴에터, 하이드로제네이티드폴리(C6-14올레핀), 베타인, 세틸에틸헥사노에이트, 메틸트라이메티콘, C14-22알코올, 세테아릴알코올, 글리세릴스테아레이트시트레이트, 1,2-헥산다이올, 스테아릭애씨드, 글리세릴폴리메타크릴레이트, 판테놀, 하이드록시에틸아크릴레이트/소듐아크릴로일다이메틸타우레이트코폴리머, 암모늄아크릴로일다이메틸타우레이트/브이피코폴리머, 글리세릴스테아레이트, 팔미틱애씨드, 아라키딜알코올, C12-20알킬글루코사이드, 아세틸글루코사민, 베헤닐알코올, 아라키딜글루코사이드, 에틸헥실글리세린, 세라마이드엔피, 다이소듐이디티에이, 하이드로제네이티드레시틴, 솔비탄아이소스테아레이트, 다이프로필렌글라이콜, 티몰트라이메톡시신나메이트, 글루코노락톤, 글루코오스, 토코페롤, 달맞이꽃오일, 하이드록시프로필비스팔미타마이드엠이에이, 만니톨, 카나우바왁스추출물, 아크릴레이트/암모늄메타크릴레이트코폴리머, 실리카, 아라키딕애씨드, 소목줄기가루, 콜레스테롤, 올레익애씨드",에스트라,에스트라_아토베리어365 바디크림 250ml
아토베리어 365 하이드로 수딩크림 60ml,https://www.amoremall.com/kr/ko/product/detail?onlineProdSn=50007,33000.0,60ml,60.0,ml,"정제수, 프로판다이올, 글리세린, 페닐트라이메티콘, 메틸트라이메티콘, 1,2-헥산다이올, 트레할로오스, 다이카프릴릴카보네이트, 암모늄아크릴로일다이메틸타우레이트/브이피코폴리머, 하이드로제네이티드레시틴, 하이드로제네이티드폴리아이소부텐, 하이드록시에틸아크릴레이트/소듐아크릴로일다이메틸타우레이트코폴리머, 세테아릴알코올, 아크릴레이트/C10-30알킬아크릴레이트크로스폴리머, 글리세릴카프릴레이트, 글리세릴스테아레이트, 트로메타민, 다이소듐이디티에이, 에틸헥실글리세린, 스테아릭애씨드, 팔미틱애씨드, 폴리글리세릴-3메틸글루코오스다이스테아레이트, 솔비탄아이소스테아레이트, 만니톨, 알지닌, 세린, 수크로오스, 피씨에이, 시트룰린, 글라이코젠, 히스티딘에이치씨엘, 알라닌, 토코페롤, 하이드록시프로필비스팔미타마이드엠이에이, 트레오닌, 글루타믹애씨드, 미리스틱애씨드, 아라키딕애씨드, 라이신에이치씨엘, 아크릴레이트/암모늄메타크릴레이트코폴리머, 콜레스테롤, 실리카",에스트라,에스트라_아토베리어 365 하이드로 수딩크림 60ml
에이시카365 흔적진정세럼pH4.5 40ml,https://www.amoremall.com/kr/ko/product/detail?onlineProdSn=63996,38000.0,40 ml,40.0,ml,"정제수, 글리세린, 부틸렌글라이콜, 다이프로필렌글라이콜, 베타인, 나이아신아마이드, 글루코노락톤, 1,2-헥산다이올, 다이에톡시에틸석시네이트, 트로메타민, 수크로오스스테아레이트, 스쿠알란, 하이드로제네이티드레시틴, 폴리글리세릴-10스테아레이트, 폴리글리세릴-10라우레이트, 카보머, 카프릴릴메티콘, 폴리아크릴레이트크로스폴리머-6, 에틸헥실글리세린, 콜레스테롤, 잔탄검, 아시아티코사이드, 마데카식애씨드, 아시아틱애씨드, 소듐하이알루로네이트, 셀룰로오스검, 3-O-에틸아스코빅애씨드, 징크피씨에이, 소듐글루코네이트, 글리세릴카프릴레이트, 마데카소사이드, 소듐트라이메타포스페이트",에스트라,에스트라_에이시카365 흔적진정세럼pH4.5 40ml
에이시카 365 수분토너pH4.5 200ml,https://www.amoremall.com/kr/ko/product/detail?onlineProdSn=63997,28000.0,200 ML,200.0,ML,"정제수, 부틸렌글라이콜, 글리세린, 나이아신아마이드, 1,2-헥산다이올, 글루코노락톤, 트로메타민, 잔탄검, 에틸헥실글리세린, 레시틴, 소듐메타포스페이트, 폴리글리세릴-10올리에이트, 소듐하이알루로네이트, 3-O-에틸아스코빅애씨드, 징크피씨에이, 폴리글리세릴-4카프레이트, 아시아티코사이드, 마데카식애씨드, 글리세릴카프릴레이트, 아시아틱애씨드, 마데카소사이드, 소듐트라이메타포스페이트, 프로필렌글라이콜, 토코페롤, 쌀겨오일",에스트라,에스트라_에이시카 365 수분토너pH4.5 200ml
NEW 테라크네365 나이아신아마이드5% 흔적 바디 미스트 200ml,https://www.amoremall.com/kr/ko/product/detail?onlineProdSn=64895,28000.0,200ml,200.0,ml,"정제수, 부틸렌글라이콜, 나이아신아마이드, 글리세린, 1,2-헥산다이올, 락토바실러스발효용해물, 트로메타민, 살리실릭애씨드, 프로판다이올, 알란토인, 글루코노락톤, 락틱애씨드, 에틸헥실글리세린, 폴리글리세릴-10라우레이트, 시트릭애씨드, 글라이콜릭애씨드, 마데카소사이드, 피토스핑고신, 징크클로라이드",에스트라,에스트라_NEW 테라크네365 나이아신아마이드5% 흔적 바디 미스트 200ml
테라크네365 수딩 액티브 모이스처라이저 60ml,https://www.amoremall.com/kr/ko/product/detail?onlineProdSn=57282,33000.0,60ml,60.0,ml,"정제수, 부틸렌글라이콜, 카프릴릭/카프릭트라이글리세라이드, 나이아신아마이드, 아이소펜틸다이올, 세테아릴알코올, 다이메티콘, 폴리글리세릴-10스테아레이트, 베헤닐알코올, 카보머, 다이포타슘글리시리제이트, 포타슘하이드록사이드, 살리실릭애씨드, 다이소듐이디티에이, 에틸헥실글리세린, 소듐하이알루로네이트, 징크클로라이드, 토코페롤",에스트라,에스트라_테라크네365 수딩 액티브 모이스처라이저 60ml
에이시카365 리페어 크림pH4.5 60ml,https://www.amoremall.com/kr/ko/product/detail?onlineProdSn=63995,30000.0,60 ml,60.0,ml,"정제수, 글리세린, 부틸렌글라이콜, 에틸헥실스테아레이트, 나이아신아마이드, 1,2-헥산다이올, 다이메티콘, 다이에톡시에틸석시네이트, 글루코노락톤, 세테아릴올리베이트, 폴리아크릴레이트크로스폴리머-6, 판테놀, 폴리글리세릴-10베헤네이트/에이코사디오에이트, 폴리메틸실세스퀴옥세인, 솔비탄올리베이트, 하이드로제네이티드레시틴, 트로메타민, 세테아릴알코올, 하이드록시에틸아크릴레이트/소듐아크릴로일다이메틸타우레이트코폴리머, 소듐폴리아크릴로일다이메틸타우레이트, 아크릴레이트/C10-30알킬아크릴레이트크로스폴리머, 에틸헥실글리세린, 잔탄검, 세테아릴글루코사이드, 소듐글루코네이트, 아시아티코사이드, 솔비탄아이소스테아레이트, 마데카식애씨드, 아시아틱애씨드, 소듐하이알루로네이트, 3-O-에틸아스코빅애씨드, 징크피씨에이, 글리세릴카프릴레이트, 마데카소사이드, 소듐트라이메타포스페이트, 헥사펩타이드-9",에스트라,에스트라_에이시카365 리페어 크림pH4.5 60ml
테라크네365 액티브 세럼 30ml,https://www.amoremall.com/kr/ko/product/detail?onlineProdSn=57617,42000.0,30ml,30.0,ml,"정제수, 부틸렌글라이콜, 글리세린, 변성알코올, 나이아신아마이드, 1,2-헥산다이올, 실리카, 다이에톡시에틸석시네이트, 해바라기씨오일, 하이드록시에틸아크릴레이트/소듐아크릴로일다이메틸타우레이트코폴리머, 암모늄아크릴로일다이메틸타우레이트/브이피코폴리머, 트로메타민, 살리실릭애씨드, 잔탄검, 다이포타슘글리시리제이트, 글리세릴카프릴레이트, 락틱애씨드, 다이소듐이디티에이, 멘톡시프로판다이올, 에틸헥실글리세린, 솔비탄아이소스테아레이트, 화이트루핀씨추출물, 시트릭애씨드, 징크클로라이드, 징크피씨에이, 글라이콜릭애씨드, 아시아티코사이드, 초피나무열매오일, 마데카식애씨드, 아시아틱애씨드, 토코페롤",에스트라,에스트라_테라크네365 액티브 세럼 30ml
에이시카365 쿨링팩패드pH4.5 110ml,https://www.amoremall.com/kr/ko/product/detail?onlineProdSn=64008,28000.0,110 ml(60매),110.0,ml,"정제수, 부틸렌글라이콜, 글리세린, 나이아신아마이드, 1,2-헥산다이올, 글루코노락톤, 트로메타민, 잔탄검, 에틸헥실글리세린, 레시틴, 소듐메타포스페이트, 폴리글리세릴-10올리에이트, 매실추출물, 소듐하이알루로네이트, 3-O-에틸아스코빅애씨드, 징크피씨에이, 폴리글리세릴-4카프레이트, 아시아티코사이드, 마데카식애씨드, 글리세릴카프릴레이트, 아시아틱애씨드, 마데카소사이드, 소듐트라이메타포스페이트, 토코페롤, 쌀겨오일",에스트라,에스트라_에이시카365 쿨링팩패드pH4.5 110ml
테라크네365 하이드로 액티브 토너 200ml,https://www.amoremall.com/kr/ko/product/detail?onlineProdSn=57280,30000.0,200ml,200.0,ml,"정제수, 부틸렌글라이콜, 글리세린, 나이아신아마이드, 아이소펜틸다이올, 베타인, 판테놀, 알란토인, 다이포타슘글리시리제이트, 잔탄검, 다이소듐이디티에이, 에틸헥실글리세린, 셀룰로오스검, 살리실릭애씨드, 징크클로라이드, 토코페롤",에스트라,에스트라_테라크네365 하이드로 액티브 토너 200ml
NEW 리제덤365 레티노이드 아이세럼 15ml,https://www.amoremall.com/kr/ko/product/detail?onlineProdSn=62583,35000.0,15ml,15.0,ml,"정제수, 부틸렌글라이콜, 글리세린, 다이메티콘, 나이아신아마이드, 에틸헥실스테아레이트, 1,2-헥산다이올, 하이드록시에틸아크릴레이트/소듐아크릴로일다이메틸타우레이트코폴리머, 세테아릴알코올, 베타인, 판테놀, 글리세릴폴리메타크릴레이트, 소듐하이알루로네이트, 글리세릴스테아레이트, 아크릴레이트/C10-30알킬아크릴레이트크로스폴리머, 다이메티콘/비닐다이메티콘크로스폴리머, 다이메티콘올, 하이드로제네이티드레시틴, 셀룰로오스검, 글리세릴카프릴레이트, 글루코실헤스페리딘, 스테아릭애씨드, 트로메타민, 폴리글리세릴-3메틸글루코오스다이스테아레이트, 팔미틱애씨드, 솔비탄아이소스테아레이트, 에틸헥실글리세린, 다이메틸아이소소바이드, 아데노신, 소듐폴리아크릴레이트, 소듐메타포스페이트, 폴리글리세릴-6카프릴레이트, 하이드록시프로필비스팔미타마이드엠이에이, 만니톨, 하이드록시피나콜론레티노에이트(50 ppm), 미리스틱애씨드, 3-O-에틸아스코빅애씨드, 아크릴레이트/암모늄메타크릴레이트코폴리머, 라우릭애씨드, 티몰트라이메톡시신나메이트, 콜레스테롤, 실리카, 올레아놀릭애씨드, 카프릴릴글라이콜, 풀루란, 아세틸헵타펩타이드-4, 제인, 펙틴, 아세틸헥사펩타이드-8, 하이드롤라이즈드익스텐신, 호호바씨오일, 소듐하이드록사이드, 폴리글리세릴-10라우레이트, 아세틸옥타펩타이드-3, 시트릭애씨드",에스트라,에스트라_NEW 리제덤365 레티노이드 아이세럼 15ml
리제덤365 밀도탄력 캡슐크림 50ml,https://www.amoremall.com/kr/ko/product/detail?onlineProdSn=59198,45000.0,50ml,50.0,ml,"정제수, 락토바실러스발효용해물, 부틸렌글라이콜, 글리세린, 다이메티콘, 프로판다이올, 세틸에틸헥사노에이트, 나이아신아마이드, 하이드로제네이티드폴리(C6-14올레핀), 다이카프릴릴카보네이트, 비스-하이드록시에톡시프로필다이메티콘, 1,2-헥산다이올, C14-22알코올, 암모늄아크릴로일다이메틸타우레이트/브이피코폴리머, 세테아릴올리베이트, 스테아릭애씨드, 아라키딜알코올, 글리세릴스테아레이트, 세테아릴알코올, 솔비탄올리베이트, 폴리아크릴레이트-13, 하이드록시프로필비스팔미타마이드엠이에이, 베헤닐알코올, 만니톨, 팔미틱애씨드, C12-20알킬글루코사이드, 아라키딜글루코사이드, 소듐스테아로일글루타메이트, 하이드로제네이티드폴리아이소부텐, 글리세릴카프릴레이트, 에틸헥실글리세린, 다이소듐이디티에이, 아데노신, 아크릴레이트/암모늄메타크릴레이트코폴리머, 폴리글리세릴-10라우레이트, 에틸헥실팔미테이트, 카보머, 솔비탄아이소스테아레이트, 덱스트린, 카카오추출물, 티몰트라이메톡시신나메이트, 콜레스테롤, 실리카, 올레아놀릭애씨드, 3-O-에틸아스코빅애씨드, 토코페롤, 하이드롤라이즈드익스텐신, 호호바씨오일, 하이드로제네이티드레시틴",에스트라,에스트라_리제덤365 밀도탄력 캡슐크림 50ml
NEW 더마UV365 비타C 광채수분 선크림 SPF50+ PA++++ 40ml,https://www.amoremall.com/kr/ko/product/detail?onlineProdSn=64009,31000.0,40ml,40.0,ml,"정제수, 비스-에칠헥실옥시페놀메톡시페닐트리아진, 다이부틸아디페이트, 다이에틸헥실석시네이트, 에칠헥실트리아존, 디에칠아미노하이드록시벤조일헥실벤조에이트, 프로판다이올, 폴리실리콘-15, 나이아신아마이드, 1,2-헥산다이올, 실리카, 페닐트라이메티콘, 베헤닐알코올, 글리세릴스테아레이트에스이, 아크릴레이트/C10-30알킬아크릴레이트크로스폴리머, 트로메타민, 알란토인, 소듐메틸스테아로일타우레이트, 암모늄폴리아크릴로일다이메틸타우레이트, 폴리글리세릴-3메틸글루코오스다이스테아레이트, 글리세릴카프릴레이트, 에틸헥실글리세린, 아데노신, 소듐메타포스페이트, 아스코빌테트라이소팔미테이트(100ppm), 세라마이드엔피, 하이드롤라이즈드하이알루로닉애씨드, 토코페롤",에스트라,에스트라_NEW 더마UV365 비타C 광채수분 선크림 SPF50+ PA++++ 40ml
더마UV365 레드진정 톤업 선크림 SPF 50+/ PA++++ 40ML,https://www.amoremall.com/kr/ko/product/detail?onlineProdSn=57229,31000.0,40ml,40.0,ml,"정제수, 부틸렌글라이콜, 글리세린, 디에칠아미노하이드록시벤조일헥실벤조에이트, 호모살레이트, 에칠헥실살리실레이트, 메틸트라이메티콘, 부틸옥틸살리실레이트, 티타늄디옥사이드, C12-15알킬벤조에이트, 비스-에칠헥실옥시페놀메톡시페닐트리아진, 폴리실리콘-15, 티타늄디옥사이드 (CI 77891), 1,2-헥산다이올, 세테아릴알코올, 실리카, 폴리C10-30알킬아크릴레이트, 하이드록시에틸아크릴레이트/소듐아크릴로일다이메틸타우레이트코폴리머, 알루미늄스테아레이트, 알루미나, 스테아릭애씨드, 폴리하이드록시스테아릭애씨드, 아크릴레이트/C10-30알킬아크릴레이트크로스폴리머, 알란토인, 글리세릴스테아레이트, 하이드로제네이티드레시틴, 카프릴릴글라이콜, 에틸헥실글리세린, 트로메타민, 알루미늄하이드록사이드, 폴리글리세릴-3메틸글루코오스다이스테아레이트, 팔미틱애씨드, 다이소듐이디티에이, 트라이에톡시카프릴릴실레인, 솔비탄아이소스테아레이트, 적색산화철, 하이드롤라이즈드하이알루로닉애씨드, 세라마이드엔피, 황색산화철, 미리스틱애씨드, 라우릭애씨드, 토코페롤",에스트라,에스트라_더마UV365 레드진정 톤업 선크림 SPF 50+/ PA++++ 40ML
아토베리어365 크림 150ml*2개 대용량 홀리데이 에디션,https://www.amoremall.com/kr/ko/product/detail?onlineProdSn=67623,110000.0,150ml*2,150.0,ml,"정제수, 부틸렌글라이콜, 글리세린, 부틸렌글라이콜다이카프릴레이트/다이카프레이트, 세틸에틸헥사노에이트, 스쿠알란, 펜타에리스리틸테트라아이소스테아레이트, 다이카프릴릴카보네이트, 베헤닐알코올, 다이메티콘, 하이드록시프로필비스팔미타마이드엠이에이, 스테아릭애씨드, 베타인, 만니톨, C14-22알코올, 팔미틱애씨드, 하이드록시프로필비스라우라마이드엠이에이, 아라키딜알코올, 콜레스테롤, 폴리아크릴레이트-13, C12-20알킬글루코사이드, 알란토인, 아라키딜글루코사이드, 나이아신아마이드, 세라마이드엔피, 글리세릴카프릴레이트, 에틸헥실글리세린, 하이드로제네이티드폴리아이소부텐, 카보머, 트로메타민, 다이메티콘올, 폴리글리세릴-10라우레이트, 하이드로제네이티드레시틴, 에틸헥실팔미테이트, 아크릴레이트/암모늄메타크릴레이트코폴리머, 솔비탄아이소스테아레이트, 실리카, 피토스핑고신, 스핑고리피드, 아라키딕애씨드, 토코페롤, 올레익애씨드",에스트라,에스트라_아토베리어365 크림 150ml*2개 대용량 홀리데이 에디션
아토베리어365 크림 150ml 홀리데이 에디션,https://www.amoremall.com/kr/ko/product/detail?onlineProdSn=67622,55000.0,150ml,150.0,ml,"정제수, 부틸렌글라이콜, 글리세린, 부틸렌글라이콜다이카프릴레이트/다이카프레이트, 세틸에틸헥사노에이트, 스쿠알란, 펜타에리스리틸테트라아이소스테아레이트, 다이카프릴릴카보네이트, 베헤닐알코올, 다이메티콘, 하이드록시프로필비스팔미타마이드엠이에이, 스테아릭애씨드, 베타인, 만니톨, C14-22알코올, 팔미틱애씨드, 하이드록시프로필비스라우라마이드엠이에이, 아라키딜알코올, 콜레스테롤, 폴리아크릴레이트-13, C12-20알킬글루코사이드, 알란토인, 아라키딜글루코사이드, 나이아신아마이드, 세라마이드엔피, 글리세릴카프릴레이트, 에틸헥실글리세린, 하이드로제네이티드폴리아이소부텐, 카보머, 트로메타민, 다이메티콘올, 폴리글리세릴-10라우레이트, 하이드로제네이티드레시틴, 에틸헥실팔미테이트, 아크릴레이트/암모늄메타크릴레이트코폴리머, 솔비탄아이소스테아레이트, 실리카, 피토스핑고신, 스핑고리피드, 아라키딕애씨드, 토코페롤, 올레익애씨드",에스트라,에스트라_아토베리어365 크림 150ml 홀리데이 에디션
리제덤365 모공탄력 캡슐세럼 30ml*2개 + 월리 우프 무드등,https://www.amoremall.com/kr/ko/product/detail?onlineProdSn=67577,76800.0,30ml*2 (30ml+30ml),30.0,ml,"정제수, 부틸렌글라이콜, 나이아신아마이드, 글리세린, 다이메티콘, 1,2-헥산다이올, 하이드로제네이티드폴리데센, 스테아릭애씨드, 하이드록시프로필비스팔미타마이드엠이에이, 만니톨, 다이메티콘/비닐다이메티콘크로스폴리머, 폴리메틸메타크릴레이트, 카보머, 티몰트라이메톡시신나메이트, 소듐하이알루로네이트, 잔탄검, 글리세릴카프릴레이트, 소듐스테아로일글루타메이트, 소듐폴리아크릴로일다이메틸타우레이트, 아크릴레이트/암모늄메타크릴레이트코폴리머, 다이소듐이디티에이, 에틸헥실글리세린, 아데노신, 트로메타민, 콜레스테롤, 덱스트린, 카카오추출물, 실리카, 올레아놀릭애씨드, 3-O-에틸아스코빅애씨드, 하이드롤라이즈드익스텐신, 호호바씨오일, 폴리글리세릴-10라우레이트, 토코페롤, 하이드로제네이티드레시틴",에스트라,에스트라_리제덤365 모공탄력 캡슐세럼 30ml*2개 + 월리 우프 무드등
아토베리어365 크림 80ml*3개 + 월리 우프 무드등,https://www.amoremall.com/kr/ko/product/detail?onlineProdSn=67576,81180.0,80ml*3 (80ml+80ml+80ml),80.0,ml,"정제수, 부틸렌글라이콜, 글리세린, 부틸렌글라이콜다이카프릴레이트/다이카프레이트, 세틸에틸헥사노에이트, 스쿠알란, 펜타에리스리틸테트라아이소스테아레이트, 다이카프릴릴카보네이트, 베헤닐알코올, 다이메티콘, 하이드록시프로필비스팔미타마이드엠이에이, 스테아릭애씨드, 베타인, 만니톨, C14-22알코올, 팔미틱애씨드, 하이드록시프로필비스라우라마이드엠이에이, 아라키딜알코올, 콜레스테롤, 폴리아크릴레이트-13, C12-20알킬글루코사이드, 알란토인, 아라키딜글루코사이드, 나이아신아마이드, 세라마이드엔피, 글리세릴카프릴레이트, 에틸헥실글리세린, 하이드로제네이티드폴리아이소부텐, 카보머, 트로메타민, 다이메티콘올, 폴리글리세릴-10라우레이트, 하이드로제네이티드레시틴, 에틸헥실팔미테이트, 아크릴레이트/암모늄메타크릴레이트코폴리머, 솔비탄아이소스테아레이트, 실리카, 피토스핑고신, 스핑고리피드, 아라키딕애씨드, 토코페롤, 올레익애씨드",에스트라,에스트라_아토베리어365 크림 80ml*3개 + 월리 우프 무드등
에이시카365 흔적진정세럼pH4.5 40ml 더블 세트,https://www.amoremall.com/kr/ko/product/detail?onlineProdSn=67393,76000.0,40 ml*2 (40 ml+40 ml),40.0,ml,"정제수, 글리세린, 부틸렌글라이콜, 다이프로필렌글라이콜, 베타인, 나이아신아마이드, 글루코노락톤, 1,2-헥산다이올, 다이에톡시에틸석시네이트, 트로메타민, 수크로오스스테아레이트, 스쿠알란, 하이드로제네이티드레시틴, 폴리글리세릴-10스테아레이트, 폴리글리세릴-10라우레이트, 카보머, 카프릴릴메티콘, 폴리아크릴레이트크로스폴리머-6, 에틸헥실글리세린, 콜레스테롤, 잔탄검, 아시아티코사이드, 마데카식애씨드, 아시아틱애씨드, 소듐하이알루로네이트, 셀룰로오스검, 3-O-에틸아스코빅애씨드, 징크피씨에이, 소듐글루코네이트, 글리세릴카프릴레이트, 마데카소사이드, 소듐트라이메타포스페이트",에스트라,에스트라_에이시카365 흔적진정세럼pH4.5 40ml 더블 세트
아토베리어365 로션 150ml 더블 세트,https://www.amoremall.com/kr/ko/product/detail?onlineProdSn=67392,66000.0,150ml*2 (150ml+150ml),150.0,ml,"정제수, 부틸렌글라이콜, 글리세린, 다이메티콘, 스쿠알란, 펜타에리스리틸테트라아이소스테아레이트, 베타인, 폴리글리세릴-3메틸글루코오스다이스테아레이트, 부틸렌글라이콜다이카프릴레이트/다이카프레이트, 카프릴릭/카프릭트라이글리세라이드, 팔미틱애씨드, 1,2-헥산다이올, 스테아릭애씨드, 하이드록시에틸아크릴레이트/소듐아크릴로일다이메틸타우레이트코폴리머, 글리세릴스테아레이트, 하이드록시프로필비스팔미타마이드엠이에이, 글리세릴스테아레이트시트레이트, 콜레스테롤, 나이아신아마이드, 다이메티콘올, 하이드록시프로필비스라우라마이드엠이에이, 베헤닐알코올, 글리세릴카프릴레이트, 카보머, 다이소듐이디티에이, 에틸헥실글리세린, 트로메타민, 솔비탄아이소스테아레이트, 피토스핑고신, 만니톨, 세라마이드엔피, 토코페롤, 하이드로제네이티드레시틴, 아크릴레이트/암모늄메타크릴레이트코폴리머, 실리카, 스핑고리피드, 아라키딕애씨드, 올레익애씨드",에스트라,에스트라_아토베리어365 로션 150ml 더블 세트
아토베리어365 크림 80ml+세라-히알 속수분 앰플 30ml 더블 세트,https://www.amoremall.com/kr/ko/product/detail?onlineProdSn=67390,66000.0,[크림] 80ml [앰플] 30ml,80.0,ml,"[크림] 정제수, 부틸렌글라이콜, 글리세린, 부틸렌글라이콜다이카프릴레이트/다이카프레이트, 세틸에틸헥사노에이트, 스쿠알란, 펜타에리스리틸테트라아이소스테아레이트, 다이카프릴릴카보네이트, 베헤닐알코올, 다이메티콘, 하이드록시프로필비스팔미타마이드엠이에이, 스테아릭애씨드, 베타인, 만니톨, C14-22알코올, 팔미틱애씨드, 하이드록시프로필비스라우라마이드엠이에이, 아라키딜알코올, 콜레스테롤, 폴리아크릴레이트-13, C12-20알킬글루코사이드, 알란토인, 아라키딜글루코사이드, 나이아신아마이드, 세라마이드엔피, 글리세릴카프릴레이트, 에틸헥실글리세린, 하이드로제네이티드폴리아이소부텐, 카보머, 트로메타민, 다이메티콘올, 폴리글리세릴-10라우레이트, 하이드로제네이티드레시틴, 에틸헥실팔미테이트, 아크릴레이트/암모늄메타크릴레이트코폴리머, 솔비탄아이소스테아레이트, 실리카, 피토스핑고신, 스핑고리피드, 아라키딕애씨드, 토코페롤, 올레익애씨드 [앰플] 정제수, 부틸렌글라이콜, 글리세린, 나이아신아마이드, 1,2-헥산다이올, 베타인, 판테놀, 카보머, 에틸헥실글리세린, 소듐하이알루로네이트(1001 ppm),3-O-에틸아스코빅애씨드, 셀룰로오스검, 트로메타민, 소듐트라이메타포스페이트, 다이포타슘글리시리제이트, 프로판다이올, 아데노신, 하이드록시프로필비스팔미타마이드엠이에이(210 ppm), 소듐메타포스페이트, 글리세릴카프릴레이트, 포타슘하이드록사이드, 소듐락테이트, 바이오사카라이드검-1, 카프릴릭/카프릭트라이글리세라이드, 펜틸렌글라이콜, 시트릭애씨드, 하이드록시에틸우레아, 폴리글리세릴-10스테아레이트, 콜레스테롤, 프로필렌글라이콜, 포타슘세틸포스페이트, 토코페롤, 세라마이드엔피(0.75 ppm), 만니톨, 스테아릭애씨드, 실리카, 아크릴레이트/암모늄메타크릴레이트코폴리머, 하이드로제네이티드레시틴, 팔미틱애씨드, 올레익애씨드, 아라키딕애씨드, 스핑고리피드",에스트라,에스트라_아토베리어365 크림 80ml+세라-히알 속수분 앰플 30ml 더블 세트
아토베리어365 크림 80ml 더블 세트,https://www.amoremall.com/kr/ko/product/detail?onlineProdSn=67388,66000.0,80ml*2(80ml+80ml),80.0,ml,"정제수, 부틸렌글라이콜, 글리세린, 부틸렌글라이콜다이카프릴레이트/다이카프레이트, 세틸에틸헥사노에이트, 스쿠알란, 펜타에리스리틸테트라아이소스테아레이트, 다이카프릴릴카보네이트, 베헤닐알코올, 다이메티콘, 하이드록시프로필비스팔미타마이드엠이에이, 스테아릭애씨드, 베타인, 만니톨, C14-22알코올, 팔미틱애씨드, 하이드록시프로필비스라우라마이드엠이에이, 아라키딜알코올, 콜레스테롤, 폴리아크릴레이트-13, C12-20알킬글루코사이드, 알란토인, 아라키딜글루코사이드, 나이아신아마이드, 세라마이드엔피, 글리세릴카프릴레이트, 에틸헥실글리세린, 하이드로제네이티드폴리아이소부텐, 카보머, 트로메타민, 다이메티콘올, 폴리글리세릴-10라우레이트, 하이드로제네이티드레시틴, 에틸헥실팔미테이트, 아크릴레이트/암모늄메타크릴레이트코폴리머, 솔비탄아이소스테아레이트, 실리카, 피토스핑고신, 스핑고리피드, 아라키딕애씨드, 토코페롤, 올레익애씨드",에스트라,에스트라_아토베리어365 크림 80ml 더블 세트
테라크네365 액티브 세럼 30ml*2,https://www.amoremall.com/kr/ko/product/detail?onlineProdSn=66605,84000.0,30ml*2 (30ml+30ml),30.0,ml,"정제수, 부틸렌글라이콜, 글리세린, 변성알코올, 나이아신아마이드, 1,2-헥산다이올, 실리카, 다이에톡시에틸석시네이트, 해바라기씨오일, 하이드록시에틸아크릴레이트/소듐아크릴로일다이메틸타우레이트코폴리머, 암모늄아크릴로일다이메틸타우레이트/브이피코폴리머, 트로메타민, 살리실릭애씨드, 잔탄검, 다이포타슘글리시리제이트, 글리세릴카프릴레이트, 락틱애씨드, 다이소듐이디티에이, 멘톡시프로판다이올, 에틸헥실글리세린, 솔비탄아이소스테아레이트, 화이트루핀씨추출물, 시트릭애씨드, 징크클로라이드, 징크피씨에이, 글라이콜릭애씨드, 아시아티코사이드, 초피나무열매오일, 마데카식애씨드, 아시아틱애씨드, 토코페롤",에스트라,에스트라_테라크네365 액티브 세럼 30ml*2
테라크네 365 바디미스트 200ml,https://www.amoremall.com/kr/ko/product/detail?onlineProdSn=65885,56000.0,200ml*2 (200ml+200ml),200.0,ml,"정제수, 부틸렌글라이콜, 나이아신아마이드, 글리세린, 1,2-헥산다이올, 락토바실러스발효용해물, 트로메타민, 살리실릭애씨드, 프로판다이올, 알란토인, 글루코노락톤, 락틱애씨드, 에틸헥실글리세린, 폴리글리세릴-10라우레이트, 시트릭애씨드, 글라이콜릭애씨드, 마데카소사이드, 피토스핑고신, 징크클로라이드",에스트라,에스트라_테라크네 365 바디미스트 200ml
에이시카365 쿨링팩 패드pH4.5 110ml,https://www.amoremall.com/kr/ko/product/detail?onlineProdSn=64804,56000.0,(110ml+110ml) 120매,110.0,ml,"정제수, 부틸렌글라이콜, 글리세린, 나이아신아마이드, 1,2-헥산다이올, 글루코노락톤, 트로메타민, 잔탄검, 에틸헥실글리세린, 레시틴, 소듐메타포스페이트, 폴리글리세릴-10올리에이트, 매실추출물, 소듐하이알루로네이트, 3-O-에틸아스코빅애씨드, 징크피씨에이, 폴리글리세릴-4카프레이트, 아시아티코사이드, 마데카식애씨드, 글리세릴카프릴레이트, 아시아틱애씨드, 마데카소사이드, 소듐트라이메타포스페이트, 토코페롤, 쌀겨오일",에스트라,에스트라_에이시카365 쿨링팩 패드pH4.5 110ml
NEW 더마UV365 비타C 광채수분 선크림 40mlX2개 SPF50+ PA++++,https://www.amoremall.com/kr/ko/product/detail?onlineProdSn=64385,62000.0,40ml*2 (40ml+40ml),40.0,ml,"정제수, 비스-에칠헥실옥시페놀메톡시페닐트리아진, 다이부틸아디페이트, 다이에틸헥실석시네이트, 에칠헥실트리아존, 디에칠아미노하이드록시벤조일헥실벤조에이트, 프로판다이올, 폴리실리콘-15, 나이아신아마이드, 1,2-헥산다이올, 실리카, 페닐트라이메티콘, 베헤닐알코올, 글리세릴스테아레이트에스이, 아크릴레이트/C10-30알킬아크릴레이트크로스폴리머, 트로메타민, 알란토인, 소듐메틸스테아로일타우레이트, 암모늄폴리아크릴로일다이메틸타우레이트, 폴리글리세릴-3메틸글루코오스다이스테아레이트, 글리세릴카프릴레이트, 에틸헥실글리세린, 아데노신, 소듐메타포스페이트, 아스코빌테트라이소팔미테이트(100ppm), 세라마이드엔피, 하이드롤라이즈드하이알루로닉애씨드, 토코페롤",에스트라,에스트라_NEW 더마UV365 비타C 광채수분 선크림 40mlX2개 SPF50+ PA++++
에이시카365 수분토너pH4.5 200ml*2,https://www.amoremall.com/kr/ko/product/detail?onlineProdSn=64007,56000.0,200ml*2( 200ml+ 200ml),200.0,ml,"정제수, 부틸렌글라이콜, 글리세린, 나이아신아마이드, 1,2-헥산다이올, 글루코노락톤, 트로메타민, 잔탄검, 에틸헥실글리세린, 레시틴, 소듐메타포스페이트, 폴리글리세릴-10올리에이트, 소듐하이알루로네이트, 3-O-에틸아스코빅애씨드, 징크피씨에이, 폴리글리세릴-4카프레이트, 아시아티코사이드, 마데카식애씨드, 글리세릴카프릴레이트, 아시아틱애씨드, 마데카소사이드, 소듐트라이메타포스페이트, 프로필렌글라이콜, 토코페롤, 쌀겨오일",에스트라,에스트라_에이시카365 수분토너pH4.5 200ml*2
에이시카365 리페어 크림pH4.5 60ml*2,https://www.amoremall.com/kr/ko/product/detail?onlineProdSn=64006,60000.0,60ml*2 (60ml+60ml),60.0,ml,"정제수, 글리세린, 부틸렌글라이콜, 에틸헥실스테아레이트, 나이아신아마이드, 1,2-헥산다이올, 다이메티콘, 다이에톡시에틸석시네이트, 글루코노락톤, 세테아릴올리베이트, 폴리아크릴레이트크로스폴리머-6, 판테놀, 폴리글리세릴-10베헤네이트/에이코사디오에이트, 폴리메틸실세스퀴옥세인, 솔비탄올리베이트, 하이드로제네이티드레시틴, 트로메타민, 세테아릴알코올, 하이드록시에틸아크릴레이트/소듐아크릴로일다이메틸타우레이트코폴리머, 소듐폴리아크릴로일다이메틸타우레이트, 아크릴레이트/C10-30알킬아크릴레이트크로스폴리머, 에틸헥실글리세린, 잔탄검, 세테아릴글루코사이드, 소듐글루코네이트, 아시아티코사이드, 솔비탄아이소스테아레이트, 마데카식애씨드, 아시아틱애씨드, 소듐하이알루로네이트, 3-O-에틸아스코빅애씨드, 징크피씨에이, 글리세릴카프릴레이트, 마데카소사이드, 소듐트라이메타포스페이트, 헥사펩타이드-9",에스트라,에스트라_에이시카365 리페어 크림pH4.5 60ml*2
에이시카 365 수분토너pH4.5+에이시카 365 흔적진정세럼pH4.5,https://www.amoremall.com/kr/ko/product/detail?onlineProdSn=63998,66000.0,[세럼 ]40 ml [토너] 200 ml,40.0,ml,"[세럼]정제수, 글리세린, 부틸렌글라이콜, 다이프로필렌글라이콜, 베타인, 나이아신아마이드, 글루코노락톤, 1,2-헥산다이올, 다이에톡시에틸석시네이트, 트로메타민, 수크로오스스테아레이트, 스쿠알란, 하이드로제네이티드레시틴, 폴리글리세릴-10스테아레이트, 폴리글리세릴-10라우레이트, 카보머, 카프릴릴메티콘, 폴리아크릴레이트크로스폴리머-6, 에틸헥실글리세린, 콜레스테롤, 잔탄검, 아시아티코사이드, 마데카식애씨드, 아시아틱애씨드, 소듐하이알루로네이트, 셀룰로오스검, 3-O-에틸아스코빅애씨드, 징크피씨에이, 소듐글루코네이트, 글리세릴카프릴레이트, 마데카소사이드, 소듐트라이메타포스페이트 [토너]정제수, 부틸렌글라이콜, 글리세린, 나이아신아마이드, 1,2-헥산다이올, 글루코노락톤, 트로메타민, 잔탄검, 에틸헥실글리세린, 레시틴, 소듐메타포스페이트, 폴리글리세릴-10올리에이트, 소듐하이알루로네이트, 3-O-에틸아스코빅애씨드, 징크피씨에이, 폴리글리세릴-4카프레이트, 아시아티코사이드, 마데카식애씨드, 글리세릴카프릴레이트, 아시아틱애씨드, 마데카소사이드, 소듐트라이메타포스페이트, 프로필렌글라이콜, 토코페롤, 쌀겨오일",에스트라,에스트라_에이시카 365 수분토너pH4.5+에이시카 365 흔적진정세럼pH4.5
리제덤365 밀도탄력 캡슐크림 50ml*2개,https://www.amoremall.com/kr/ko/product/detail?onlineProdSn=63835,90000.0,50ml*2 (50ml+50ml),50.0,ml,"정제수, 락토바실러스발효용해물, 부틸렌글라이콜, 글리세린, 다이메티콘, 프로판다이올, 세틸에틸헥사노에이트, 나이아신아마이드, 하이드로제네이티드폴리(C6-14올레핀), 다이카프릴릴카보네이트, 비스-하이드록시에톡시프로필다이메티콘, 1,2-헥산다이올, C14-22알코올, 암모늄아크릴로일다이메틸타우레이트/브이피코폴리머, 세테아릴올리베이트, 스테아릭애씨드, 아라키딜알코올, 글리세릴스테아레이트, 세테아릴알코올, 솔비탄올리베이트, 폴리아크릴레이트-13, 하이드록시프로필비스팔미타마이드엠이에이, 베헤닐알코올, 만니톨, 팔미틱애씨드, C12-20알킬글루코사이드, 아라키딜글루코사이드, 소듐스테아로일글루타메이트, 하이드로제네이티드폴리아이소부텐, 글리세릴카프릴레이트, 에틸헥실글리세린, 다이소듐이디티에이, 아데노신, 아크릴레이트/암모늄메타크릴레이트코폴리머, 폴리글리세릴-10라우레이트, 에틸헥실팔미테이트, 카보머, 솔비탄아이소스테아레이트, 덱스트린, 카카오추출물, 티몰트라이메톡시신나메이트, 콜레스테롤, 실리카, 올레아놀릭애씨드, 3-O-에틸아스코빅애씨드, 토코페롤, 하이드롤라이즈드익스텐신, 호호바씨오일, 하이드로제네이티드레시틴",에스트라,에스트라_리제덤365 밀도탄력 캡슐크림 50ml*2개
리제덤365 레티노이드 아이세럼 15ml*2개,https://www.amoremall.com/kr/ko/product/detail?onlineProdSn=63101,70000.0,15mlX2 (15ml+15ml),15.0,ml,"정제수, 부틸렌글라이콜, 글리세린, 다이메티콘, 나이아신아마이드, 에틸헥실스테아레이트, 1,2-헥산다이올, 하이드록시에틸아크릴레이트/소듐아크릴로일다이메틸타우레이트코폴리머, 세테아릴알코올, 베타인, 판테놀, 글리세릴폴리메타크릴레이트, 소듐하이알루로네이트, 글리세릴스테아레이트, 아크릴레이트/C10-30알킬아크릴레이트크로스폴리머, 다이메티콘/비닐다이메티콘크로스폴리머, 다이메티콘올, 하이드로제네이티드레시틴, 셀룰로오스검, 글리세릴카프릴레이트, 글루코실헤스페리딘, 스테아릭애씨드, 트로메타민, 폴리글리세릴-3메틸글루코오스다이스테아레이트, 팔미틱애씨드, 솔비탄아이소스테아레이트, 에틸헥실글리세린, 다이메틸아이소소바이드, 아데노신, 소듐폴리아크릴레이트, 소듐메타포스페이트, 폴리글리세릴-6카프릴레이트, 하이드록시프로필비스팔미타마이드엠이에이, 만니톨, 하이드록시피나콜론레티노에이트(50 ppm), 미리스틱애씨드, 3-O-에틸아스코빅애씨드, 아크릴레이트/암모늄메타크릴레이트코폴리머, 라우릭애씨드, 티몰트라이메톡시신나메이트, 콜레스테롤, 실리카, 올레아놀릭애씨드, 카프릴릴글라이콜, 풀루란, 아세틸헵타펩타이드-4, 제인, 펙틴, 아세틸헥사펩타이드-8, 하이드롤라이즈드익스텐신, 호호바씨오일, 소듐하이드록사이드, 폴리글리세릴-10라우레이트, 아세틸옥타펩타이드-3, 시트릭애씨드",에스트라,에스트라_리제덤365 레티노이드 아이세럼 15ml*2개
아토베리어365 세라-히알 속수분 앰플 30ml*2개,https://www.amoremall.com/kr/ko/product/detail?onlineProdSn=62898,66000.0,30ml*2 (30ml+30ml),30.0,ml,"정제수, 부틸렌글라이콜, 글리세린, 나이아신아마이드, 1,2-헥산다이올, 베타인, 판테놀, 카보머, 에틸헥실글리세린, 소듐하이알루로네이트(1001 ppm),3-O-에틸아스코빅애씨드, 셀룰로오스검, 트로메타민, 소듐트라이메타포스페이트, 다이포타슘글리시리제이트, 프로판다이올, 아데노신, 하이드록시프로필비스팔미타마이드엠이에이(210 ppm), 소듐메타포스페이트, 글리세릴카프릴레이트, 포타슘하이드록사이드, 소듐락테이트, 바이오사카라이드검-1, 카프릴릭/카프릭트라이글리세라이드, 펜틸렌글라이콜, 시트릭애씨드, 하이드록시에틸우레아, 폴리글리세릴-10스테아레이트, 콜레스테롤, 프로필렌글라이콜, 포타슘세틸포스페이트, 토코페롤, 세라마이드엔피(0.75 ppm), 만니톨, 스테아릭애씨드, 실리카, 아크릴레이트/암모늄메타크릴레이트코폴리머, 하이드로제네이티드레시틴, 팔미틱애씨드, 올레익애씨드, 아라키딕애씨드, 스핑고리피드",에스트라,에스트라_아토베리어365 세라-히알 속수분 앰플 30ml*2개
아토베리어365 크림 80ml+리제덤365 모공탄력 캡슐세럼 30ml,https://www.amoremall.com/kr/ko/product/detail?onlineProdSn=62518,81000.0,[리제덤365 모공탄력 캡슐세럼] 30ml [크림] 80ml,365.0,캡슐,"[리제덤365 모공탄력 캡슐세럼] 정제수, 부틸렌글라이콜, 나이아신아마이드, 글리세린, 다이메티콘, 1,2-헥산다이올, 하이드로제네이티드폴리데센, 스테아릭애씨드, 하이드록시프로필비스팔미타마이드엠이에이, 만니톨, 다이메티콘/비닐다이메티콘크로스폴리머, 폴리메틸메타크릴레이트, 카보머, 티몰트라이메톡시신나메이트, 소듐하이알루로네이트, 잔탄검, 글리세릴카프릴레이트, 소듐스테아로일글루타메이트, 소듐폴리아크릴로일다이메틸타우레이트, 아크릴레이트/암모늄메타크릴레이트코폴리머, 다이소듐이디티에이, 에틸헥실글리세린, 아데노신, 트로메타민, 콜레스테롤, 덱스트린, 카카오추출물, 실리카, 올레아놀릭애씨드, 3-O-에틸아스코빅애씨드, 하이드롤라이즈드익스텐신, 호호바씨오일, 폴리글리세릴-10라우레이트, 토코페롤, 하이드로제네이티드레시틴 [크림] [아토베리어365 크림] 정제수, 부틸렌글라이콜, 글리세린, 부틸렌글라이콜다이카프릴레이트/다이카프레이트, 세틸에틸헥사노에이트, 스쿠알란, 펜타에리스리틸테트라아이소스테아레이트, 다이카프릴릴카보네이트, 베헤닐알코올, 다이메티콘, 하이드록시프로필비스팔미타마이드엠이에이, 스테아릭애씨드, 베타인, 만니톨, C14-22알코올, 팔미틱애씨드, 하이드록시프로필비스라우라마이드엠이에이, 아라키딜알코올, 콜레스테롤, 폴리아크릴레이트-13, C12-20알킬글루코사이드, 알란토인, 아라키딜글루코사이드, 나이아신아마이드, 세라마이드엔피, 글리세릴카프릴레이트, 에틸헥실글리세린, 하이드로제네이티드폴리아이소부텐, 카보머, 트로메타민, 다이메티콘올, 폴리글리세릴-10라우레이트, 하이드로제네이티드레시틴, 에틸헥실팔미테이트, 아크릴레이트/암모늄메타크릴레이트코폴리머, 솔비탄아이소스테아레이트, 실리카, 피토스핑고신, 스핑고리피드, 아라키딕애씨드, 토코페롤, 올레익애씨드",에스트라,에스트라_아토베리어365 크림 80ml+리제덤365 모공탄력 캡슐세럼 30ml
아토베리어365 바디크림 250mlX2개,https://www.amoremall.com/kr/ko/product/detail?onlineProdSn=62261,60000.0,250ml*2 (250ml+250ml),250.0,ml,"정제수, 부틸렌글라이콜, 글리세린, 다이아이소스테아릴말레이트, 다이카프릴릴에터, 하이드로제네이티드폴리(C6-14올레핀), 베타인, 세틸에틸헥사노에이트, 메틸트라이메티콘, C14-22알코올, 세테아릴알코올, 글리세릴스테아레이트시트레이트, 1,2-헥산다이올, 스테아릭애씨드, 글리세릴폴리메타크릴레이트, 판테놀, 하이드록시에틸아크릴레이트/소듐아크릴로일다이메틸타우레이트코폴리머, 암모늄아크릴로일다이메틸타우레이트/브이피코폴리머, 글리세릴스테아레이트, 팔미틱애씨드, 아라키딜알코올, C12-20알킬글루코사이드, 아세틸글루코사민, 베헤닐알코올, 아라키딜글루코사이드, 에틸헥실글리세린, 세라마이드엔피, 다이소듐이디티에이, 하이드로제네이티드레시틴, 솔비탄아이소스테아레이트, 다이프로필렌글라이콜, 티몰트라이메톡시신나메이트, 글루코노락톤, 글루코오스, 토코페롤, 달맞이꽃오일, 하이드록시프로필비스팔미타마이드엠이에이, 만니톨, 카나우바왁스추출물, 아크릴레이트/암모늄메타크릴레이트코폴리머, 실리카, 아라키딕애씨드, 소목줄기가루, 콜레스테롤, 올레익애씨드",에스트라,에스트라_아토베리어365 바디크림 250mlX2개
리제덤365 모공탄력 캡슐세럼 30ml + 캡슐크림 50ml,https://www.amoremall.com/kr/ko/product/detail?onlineProdSn=62183,93000.0,[리제덤365 모공탄력 캡슐세럼] 30ml [리제덤365 밀도탄력 캡슐크림] 50ml,365.0,캡슐,"[리제덤365 모공탄력 캡슐세럼] 정제수, 부틸렌글라이콜, 나이아신아마이드, 글리세린, 다이메티콘, 1,2-헥산다이올, 하이드로제네이티드폴리데센, 스테아릭애씨드, 하이드록시프로필비스팔미타마이드엠이에이, 만니톨, 다이메티콘/비닐다이메티콘크로스폴리머, 폴리메틸메타크릴레이트, 카보머, 티몰트라이메톡시신나메이트, 소듐하이알루로네이트, 잔탄검, 글리세릴카프릴레이트, 소듐스테아로일글루타메이트, 소듐폴리아크릴로일다이메틸타우레이트, 아크릴레이트/암모늄메타크릴레이트코폴리머, 다이소듐이디티에이, 에틸헥실글리세린, 아데노신, 트로메타민, 콜레스테롤, 덱스트린, 카카오추출물, 실리카, 올레아놀릭애씨드, 3-O-에틸아스코빅애씨드, 하이드롤라이즈드익스텐신, 호호바씨오일, 폴리글리세릴-10라우레이트, 토코페롤, 하이드로제네이티드레시틴 [리제덤365 밀도탄력 캡슐크림] 정제수, 락토바실러스발효용해물, 부틸렌글라이콜, 글리세린, 다이메티콘, 프로판다이올, 세틸에틸헥사노에이트, 나이아신아마이드, 하이드로제네이티드폴리(C6-14올레핀), 다이카프릴릴카보네이트, 비스-하이드록시에톡시프로필다이메티콘, 1,2-헥산다이올, C14-22알코올, 암모늄아크릴로일다이메틸타우레이트/브이피코폴리머, 세테아릴올리베이트, 스테아릭애씨드, 아라키딜알코올, 글리세릴스테아레이트, 세테아릴알코올, 솔비탄올리베이트, 폴리아크릴레이트-13, 하이드록시프로필비스팔미타마이드엠이에이, 베헤닐알코올, 만니톨, 팔미틱애씨드, C12-20알킬글루코사이드, 아라키딜글루코사이드, 소듐스테아로일글루타메이트, 하이드로제네이티드폴리아이소부텐, 글리세릴카프릴레이트, 에틸헥실글리세린, 다이소듐이디티에이, 아데노신, 아크릴레이트/암모늄메타크릴레이트코폴리머, 폴리글리세릴-10라우레이트, 에틸헥실팔미테이트, 카보머, 솔비탄아이소스테아레이트, 덱스트린, 카카오추출물, 티몰트라이메톡시신나메이트, 콜레스테롤, 실리카, 올레아놀릭애씨드, 3-O-에틸아스코빅애씨드, 토코페롤, 하이드롤라이즈드익스텐신, 호호바씨오일, 하이드로제네이티드레시틴",에스트라,에스트라_리제덤365 모공탄력 캡슐세럼 30ml + 캡슐크림 50ml
아토베리어365 크림미스트 120mlX2개,https://www.amoremall.com/kr/ko/product/detail?onlineProdSn=61610,46000.0,120ml,120.0,ml,"정제수, 글리세린, 부틸렌글라이콜, 카프릴릭/카프릭트리글리세라이드, 하이드로제네이티드폴리(C6-14올레핀), 디메치콘, 세틸에칠헥사노에이트, 하이드록시프로필비스라우라마이드엠이에이, 1,2-헥산디올, 소듐서팩틴, 콜레스테롤, 글리세릴카프릴레이트, 디소듐이디티에이, 에칠헥실글리세린, 베헤닉애씨드, 토코페롤",에스트라,에스트라_아토베리어365 크림미스트 120mlX2개
더마UV365 장벽수분 무기자차 선크림 40mlX2개 SPF50+ PA++++,https://www.amoremall.com/kr/ko/product/detail?onlineProdSn=61596,62000.0,40ml *2,40.0,ml,"정제수, 징크옥사이드, 사이클로헥사실록세인, 프로판다이올, 부틸옥틸살리실레이트, 프로필헵틸카프릴레이트, 아이소도데케인, 폴리글리세릴-3폴리다이메틸실록시에틸다이메티콘, 카프릴릴메티콘, 다이실록세인, 다이스테아다이모늄헥토라이트, 마그네슘설페이트, 트라이에톡시카프릴릴실레인, 1,2-헥산다이올, 폴리메틸실세스퀴옥세인, 폴리글리세릴-2다이폴리하이드록시스테아레이트, 라우릴폴리글리세릴-3폴리다이메틸실록시에틸다이메티콘, 알란토인, 카프릴릴글라이콜, 글리세릴카프릴레이트, 에틸헥실글리세린, 소듐하이알루로네이트, 세라마이드엔피, 토코페롤, 소듐아세틸레이티드하이알루로네이트, 하이드롤라이즈드하이알루로닉애씨드",에스트라,에스트라_더마UV365 장벽수분 무기자차 선크림 40mlX2개 SPF50+ PA++++
테라크네365 클리어 딥 클렌징 폼 200gX2개,https://www.amoremall.com/kr/ko/product/detail?onlineProdSn=61307,46000.0,200g*2,200.0,g,"글리세린, 정제수, 포타슘코코일글리시네이트, 소듐코코일글라이시네이트, 부틸렌글라이콜, 폴리글리세릴-10라우레이트, 다이소듐라우레스설포석시네이트, 글리세릴스테아레이트에스이, 시트릭애씨드, 글라이콜다이스테아레이트, 알란토인, 다이소듐이디티에이, 에틸헥실글리세린, 테트라소듐이디티에이, 소듐하이알루로네이트, 글루코노락톤, 토코페롤",에스트라,에스트라_테라크네365 클리어 딥 클렌징 폼 200gX2개
아토베리어365 하이드로 에센스 200ml,https://www.amoremall.com/kr/ko/product/detail?onlineProdSn=61256,64000.0,200ml*2 (200ml + 200ml),200.0,ml,"정제수, 부틸렌글라이콜, 글리세린, 스쿠알란, 1,2-헥산다이올, 아크릴레이트/C10-30알킬아크릴레이트크로스폴리머, 카보머, 트로메타민, 글리세릴카프릴레이트, 에틸헥실글리세린, 다이소듐이디티에이, 낫토검, 스테아릭애씨드, 하이드록시프로필비스팔미타마이드엠이에이, 만니톨, 피씨에이, 락틱애씨드, 글루코오스, 글라이신, 우레아, 소듐글리세로포스페이트, 세린, 글루타믹애씨드, 토코페롤, 아크릴레이트/암모늄메타크릴레이트코폴리머, 포타슘마그네슘아스파테이트, 아스파틱애씨드, 류신, 소듐클로라이드, 알라닌, 라이신, 알지닌, 칼슘글루코네이트, 마그네슘글루코네이트, 타이로신, 페닐알라닌, 프롤린, 트레오닌, 발린, 아이소류신, 시트릭애씨드, 콜레스테롤, 히스티딘, 실리카, 아세틸글루코사민, 크레아틴, 우릭애씨드, 시스테인, 메티오닌",에스트라,에스트라_아토베리어365 하이드로 에센스 200ml
더마UV365 레드진정 톤업 선크림 40mlX2개 SPF50+ PA++++,https://www.amoremall.com/kr/ko/product/detail?onlineProdSn=61132,62000.0,40ml*2(40ml + 40ml),40.0,ml,"정제수, 부틸렌글라이콜, 글리세린, 디에칠아미노하이드록시벤조일헥실벤조에이트, 호모살레이트, 에칠헥실살리실레이트, 메틸트라이메티콘, 부틸옥틸살리실레이트, 티타늄디옥사이드, C12-15알킬벤조에이트, 비스-에칠헥실옥시페놀메톡시페닐트리아진, 폴리실리콘-15, 티타늄디옥사이드 (CI 77891), 1,2-헥산다이올, 세테아릴알코올, 실리카, 폴리C10-30알킬아크릴레이트, 하이드록시에틸아크릴레이트/소듐아크릴로일다이메틸타우레이트코폴리머, 알루미늄스테아레이트, 알루미나, 스테아릭애씨드, 폴리하이드록시스테아릭애씨드, 아크릴레이트/C10-30알킬아크릴레이트크로스폴리머, 알란토인, 글리세릴스테아레이트, 하이드로제네이티드레시틴, 카프릴릴글라이콜, 에틸헥실글리세린, 트로메타민, 알루미늄하이드록사이드, 폴리글리세릴-3메틸글루코오스다이스테아레이트, 팔미틱애씨드, 다이소듐이디티에이, 트라이에톡시카프릴릴실레인, 솔비탄아이소스테아레이트, 적색산화철, 하이드롤라이즈드하이알루로닉애씨드, 세라마이드엔피, 황색산화철, 미리스틱애씨드, 라우릭애씨드, 토코페롤",에스트라,에스트라_더마UV365 레드진정 톤업 선크림 40mlX2개 SPF50+ PA++++
아토베리어365 버블클렌저 150mlX2개,https://www.amoremall.com/kr/ko/product/detail?onlineProdSn=60382,40000.0,150ml*2,150.0,ml,"정제수, 글리세린, 솔비톨, 프로판다이올, 코코-글루코사이드, 카프릴릴/카프릴글루코사이드, 다이소듐코코암포다이아세테이트, 다이소듐코코일글루타메이트, 소듐클로라이드, 시트릭애씨드, 글리세릴카프릴레이트, 다이소듐이디티에이, 에틸헥실글리세린, 부틸렌글라이콜, 토코페롤, 녹차추출물",에스트라,에스트라_아토베리어365 버블클렌저 150mlX2개
아토베리어365바디로션 400mlX2개,https://www.amoremall.com/kr/ko/product/detail?onlineProdSn=59632,66000.0,400ml*2,400.0,ml,"정제수, 부틸렌글라이콜, 글리세린, 프로판다이올, 펜타에리스리틸테트라에틸헥사노에이트, 하이드로제네이티드폴리(C6-14올레핀), 1,2-헥산다이올, 페닐트라이메티콘, 비스-하이드록시에톡시프로필다이메티콘, 합성왁스, C14-22알코올, 식물성스쿠알란, 세테아릴알코올, 하이드록시프로필스타치포스페이트, 잔탄검, 글리세릴스테아레이트, 하이드로제네이티드레시틴, 아크릴레이트/C10-30알킬아크릴레이트크로스폴리머, C12-20알킬글루코사이드, 아세틸글루코사민, 스테아릭애씨드, 글리세릴스테아레이트시트레이트, 하이드로제네이티드식물성오일, 글리세릴카프릴레이트, 트로메타민, 판테놀, 폴리글리세릴-10스테아레이트, 팔미틱애씨드, 에틸헥실글리세린, 다이소듐이디티에이, 글루코노락톤, 폴리글리세릴-3메틸글루코오스다이스테아레이트, 카보머, 티몰트라이메톡시신나메이트, 콜레스테롤, 세라마이드엔피, 글루코오스, 달맞이꽃오일, 하이드록시프로필비스팔미타마이드엠이에이, 만니톨, 미리스틱애씨드, 라우릭애씨드, 토코페롤, 카나우바왁스추출물, 아크릴레이트/암모늄메타크릴레이트코폴리머, 실리카, 아라키딕애씨드, 소목줄기가루, 올레익애씨드",에스트라,에스트라_아토베리어365바디로션 400mlX2개
아토베리어365 하이드로 수딩크림 60mlX2개,https://www.amoremall.com/kr/ko/product/detail?onlineProdSn=59238,66000.0,60ml*2,60.0,ml,"정제수, 프로판다이올, 글리세린, 페닐트라이메티콘, 메틸트라이메티콘, 1,2-헥산다이올, 트레할로오스, 다이카프릴릴카보네이트, 암모늄아크릴로일다이메틸타우레이트/브이피코폴리머, 하이드로제네이티드레시틴, 하이드로제네이티드폴리아이소부텐, 하이드록시에틸아크릴레이트/소듐아크릴로일다이메틸타우레이트코폴리머, 세테아릴알코올, 아크릴레이트/C10-30알킬아크릴레이트크로스폴리머, 글리세릴카프릴레이트, 글리세릴스테아레이트, 트로메타민, 다이소듐이디티에이, 에틸헥실글리세린, 스테아릭애씨드, 팔미틱애씨드, 폴리글리세릴-3메틸글루코오스다이스테아레이트, 솔비탄아이소스테아레이트, 만니톨, 알지닌, 세린, 수크로오스, 피씨에이, 시트룰린, 글라이코젠, 히스티딘에이치씨엘, 알라닌, 토코페롤, 하이드록시프로필비스팔미타마이드엠이에이, 트레오닌, 글루타믹애씨드, 미리스틱애씨드, 아라키딕애씨드, 라이신에이치씨엘, 아크릴레이트/암모늄메타크릴레이트코폴리머, 콜레스테롤, 실리카",에스트라,에스트라_아토베리어365 하이드로 수딩크림 60mlX2개
수면양말 1EA,,7000.0,,,,,,
인형 파우치,,14000.0,,,,,,
APBADAs스티커 1EA,,2500.0,,,,,,
APBADAs X KBP 스트링 파우치,,8000.0,,,,,,
APBADAs 아모레까뮈 지비츠,,6000.0,,,,,,
APBADAs 돌풍이 마우스패드 1EA,,3500.0,,,,,,
APBADAs 아모레까뮈 인형파우치 1EA,,14000.0,,,,,,
APBADAs 돌풍이 캐릭터인형 L,,25000.0,,,,,,
앞바다즈 인형키링 8종,,15000.0,,,,,,
돌풍이/돌풍E 캐릭터 인형,,27000.0,,,,,,
무릎담요,,29000.0,,,,,,
APBADAs X KBP 랩탑 파우치 1EA,,49000.0,,,,,,
무릎담요,,58000.0,,,,,,
APBADAs 돌풍E 캐릭터인형 L,,25000.0,,,,,,
APBADAs 인형 키링 아모레까뮈 1EA,,15000.0,,,,,,
APBADAs 아모레까뮈 캐릭터인형 1EA,,23000.0,,,,,,
캐릭터 지비츠,,15000.0,,,,,,
스노우 메이커,,19000.0,,,,,,
APBADAs 인형 6종,,21000.0,,,,,,
APBADAs캐릭터실리콘참 8EA,,21000.0,,,,,,
APBADAs스마트톡 1EA,,13000.0,,,,,,
모발강화클리닉 샴푸 430ml,https://www.amoremall.com/kr/ko/product/detail?onlineProdSn=64586,20000.0,430ml,430.0,ml,"정제수, 소듐C14-16올레핀설포네이트, 라우릴하이드록시설테인, 솔비톨, 다이소듐라우레스설포석시네이트, 향료, 코카미도프로필베타인, 아이소펜틸다이올, 다마스크장미꽃수, 소듐클로라이드, 코코-글루코사이드, 폴리쿼터늄-10, 소듐벤조에이트, 데실글루코사이드, 소듐살리실레이트, 시트릭애씨드, 말티톨, 카프릴릴글라이콜, 소듐시트레이트, 피피지-3카프릴릴에터, 소듐메타포스페이트, 리모넨, 부틸렌글라이콜, 하이드롤라이즈드식물성단백질, 하이드록시프로필스타치포스페이트, 1,2-헥산다이올, 마데카소사이드, 마이크로크리스탈린셀룰로오스, 에틸헥실글리세린, 바이오틴, 글리세릴카프릴레이트, 하이드로제네이티드쌀겨오일, 호호바에스터, 카나우바왁스, 토코페롤",라보에이치,라보에이치_모발강화클리닉 샴푸 430ml
모발강화클리닉 트리트먼트 200ml,https://www.amoremall.com/kr/ko/product/detail?onlineProdSn=64587,20000.0,200 ml,200.0,ml,"정제수, 글리세린, 베헨트라이모늄메토설페이트, 세틸알코올, 솔비톨, 다이프로필렌글라이콜, 스테아릴알코올, 말티톨, 세틸에틸헥사노에이트, 하이드록시프로필스타치포스페이트, 에틸헥실스테아레이트, 하이드로제네이티드쌀겨오일, 베헤닐알코올, 아르간커넬오일, 폴리글리세릴-4다이아이소스테아레이트/폴리하이드록시스테아레이트/세바케이트, 호호바에스터, 향료, 다마스크장미꽃수, 스쿠알란, 카프릴릴/카프릴글루코사이드, 베타인, 카나우바왁스, 다이올레오일에틸하이드록시에틸모늄메토설페이트, 올레익애씨드, 글루타믹애씨드, 시트릭애씨드, 소듐글루코네이트, 스테아릭애씨드, 리놀레익애씨드, 리모넨, 마이크로크리스탈린셀룰로오스, 부틸렌글라이콜, 하이드롤라이즈드식물성단백질, 1,2-헥산다이올, 마데카소사이드, 카프릴릴글라이콜, 에틸헥실글리세린, 토코페롤, 바이오틴, 글리세릴카프릴레이트, 소듐벤조에이트",라보에이치,라보에이치_모발강화클리닉 트리트먼트 200ml
두피강화 클리닉 샴푸 탈모증상완화 400ml,https://www.amoremall.com/kr/ko/product/detail?onlineProdSn=33872,24000.0,400ml,400.0,ml,"정제수, 소듐코코일이세티오네이트, 다이소듐라우레스설포석시네이트, 라우릴베타인, 글리세릴스테아레이트, 트라이하이드록시스테아린, 폴리쿼터늄-10, 소듐벤조에이트, 카페인, 세틸알코올, 다이카프릴릴에터, 소듐살리실레이트, 페퍼민트오일, 멘톨, 시트릭애씨드, 카프릴릭/카프릭트라이글리세라이드, 카프릴릴글라이콜, 스타아니스열매/씨오일, 로즈마리잎오일, 덱스트린, 연필향나무오일, 테트라소듐이디티에이, 콘민트오일, 유칼립투스잎오일, 바질오일, 캐모마일꽃오일, 향기제비꽃잎추출물, 락토바실러스발효용해물, 글리세린, 녹차씨추출물, 토코페롤, 세라마이드엔피, 하이드로제네이티드레시틴, 피토스핑고신, 바이오틴",라보에이치,라보에이치_두피강화 클리닉 샴푸 탈모증상완화 400ml
모발강화클리닉 에센스 75ml,https://www.amoremall.com/kr/ko/product/detail?onlineProdSn=64588,20000.0,75ml,75.0,ml,"정제수, 프로판다이올, 아르간커넬오일, 미리스틸알코올, 데실코코에이트, 스테아라미도프로필다이메틸아민, 세틸에틸헥사노에이트, 시어버터, 카카오씨버터, 코코-카프릴레이트/카프레이트, 카프릴릭/카프릭트라이글리세라이드, 다마스크장미꽃수, 세테아릴알코올, 글리세릴올리에이트, 스테아릴알코올, 에틸헥실스테아레이트, 호호바에스터, 향료, 락틱애씨드, 세테아릴글루코사이드, 하이드록시프로필스타치포스페이트, 글리세릴카프릴레이트, 에틸헥실글리세린, 소듐글루코네이트, 부틸렌글라이콜, 리모넨, 하이드롤라이즈드식물성단백질, 1,2-헥산다이올, 마데카소사이드, 소듐하이알루로네이트, 바이오틴, 토코페롤, 소듐벤조에이트, 레시틴, 아스코빌팔미테이트, 하이드로제네이티드팜글리세라이즈시트레이트, 소듐트라이메타포스페이트, 하이드롤라이즈드하이알루로닉애씨드, 소듐하이알루로네이트크로스폴리머, 하이드로제네이티드쌀겨오일, 하이알루로닉애씨드, 카나우바왁스, 솔비톨, 소듐아세틸레이티드하이알루로네이트, 말티톨, 마이크로크리스탈린셀룰로오스, 카프릴릴글라이콜",라보에이치,라보에이치_모발강화클리닉 에센스 75ml
두피강화클리닉 샴푸 탈모증상완화 리필팩 400ml,https://www.amoremall.com/kr/ko/product/detail?onlineProdSn=62991,24000.0,400ml,400.0,ml,"정제수, 소듐코코일이세티오네이트, 다이소듐라우레스설포석시네이트, 라우릴베타인, 글리세릴스테아레이트, 트라이하이드록시스테아린, 폴리쿼터늄-10, 소듐벤조에이트, 카페인, 세틸알코올, 다이카프릴릴에터, 소듐살리실레이트, 페퍼민트오일, 멘톨, 시트릭애씨드, 카프릴릭/카프릭트라이글리세라이드, 카프릴릴글라이콜, 스타아니스열매/씨오일, 로즈마리잎오일, 덱스트린, 연필향나무오일, 테트라소듐이디티에이, 콘민트오일, 유칼립투스잎오일, 바질오일, 캐모마일꽃오일, 향기제비꽃잎추출물, 락토바실러스발효용해물, 글리세린, 녹차씨추출물, 토코페롤, 세라마이드엔피, 하이드로제네이티드레시틴, 피토스핑고신, 바이오틴",라보에이치,라보에이치_두피강화클리닉 샴푸 탈모증상완화 리필팩 400ml
두피강화 클리닉 캡슐 트리트먼트 탈모증상완화 220ml,https://www.amoremall.com/kr/ko/product/detail?onlineProdSn=33879,17000.0,220ml,220.0,ml,"정제수, 글리세린, 다이프로필렌글라이콜, 세틸알코올, 스테아릴알코올, 카프릴릭/카프릭트라이글리세라이드, 스테아라미도프로필다이메틸아민, 하이드록시프로필스타치포스페이트, 글루타믹애씨드, 카페인, 다이-C12-13알킬말레이트, 판테놀, 피피지-3카프릴릴에터, 카프릴릴글라이콜, 페퍼민트오일, 마이크로크리스탈린셀룰로오스, 덱스트린, 옥수수전분, 프로판다이올, 부틸렌글라이콜, 스타아니스열매/씨오일, 로즈마리잎오일, 자일리톨, 에틸헥실글리세린, 다이소듐이디티에이, 연필향나무오일, 만니톨, 수크로오스, 다마스크장미꽃추출물, 콘민트오일, 1,2-헥산다이올, 프룩토올리고사카라이드, 유칼립투스잎오일, 락토바실러스발효용해물, 바질오일, 바이오틴, 검정콩추출물, 아스코빅애씨드, 하이드로제네이티드레시틴, 캐모마일꽃오일, 석류추출물, 마데카소사이드, 향기제비꽃잎추출물, 인삼추출물, 생강추출물, 소듐하이알루로네이트, 홍삼추출물, 약모밀추출물, 토코페롤, 하이드롤라이즈드하이알루로닉애씨드, 녹차추출물, 하수오뿌리추출물, 소듐하이알루로네이트크로스폴리머, 하이알루로닉애씨드, 소듐아세틸레이티드하이알루로네이트",라보에이치,라보에이치_두피강화 클리닉 캡슐 트리트먼트 탈모증상완화 220ml
프리미엄 샴푸 브러쉬 1입,https://www.amoremall.com/kr/ko/product/detail?onlineProdSn=46662,6900.0,,,,,라보에이치,라보에이치_프리미엄 샴푸 브러쉬 1입
두피강화 클리닉 앰플 토닉 탈모증상완화 100ml,https://www.amoremall.com/kr/ko/product/detail?onlineProdSn=59404,24000.0,100ml,100.0,ml,"정제수, 변성알코올, 녹차추출물, 피이지-60하이드로제네이티드캐스터오일, 카프릴릴글라이콜, 아크릴레이트/C10-30알킬아크릴레이트크로스폴리머, 멘톨, 덱스트린, 프로판다이올, 아미노메틸프로판올, 다이소듐이디티에이, 에틸헥실글리세린, 페퍼민트오일, 스타아니스열매/씨오일, 로즈마리잎오일, 연필향나무오일, 락토바실러스발효용해물, 콘민트오일, 효모/보리씨발효여과물, 검정콩추출물, 에탄올, 부틸렌글라이콜, 유칼립투스잎오일, 바질오일, 1,2-헥산다이올, 생강추출물, 바이오틴, 캐모마일꽃오일, 소듐하이알루로네이트, 향기제비꽃잎추출물, 토코페롤, 하이드롤라이즈드하이알루로닉애씨드, 소듐하이알루로네이트크로스폴리머, 호프추출물, 하이알루로닉애씨드, 소듐아세틸레이티드하이알루로네이트",라보에이치,라보에이치_두피강화 클리닉 앰플 토닉 탈모증상완화 100ml
두피강화 클리닉 헤어라인 앰플 탈모증상완화 15ml,https://www.amoremall.com/kr/ko/product/detail?onlineProdSn=61308,24000.0,15mL,15.0,mL,"정제수, 변성알코올, 피이지-60하이드로제네이티드캐스터오일, 녹차추출물(카페인 함유), 카보머, 카프릴릴글라이콜, 트로메타민, 덱스트린, 프로판다이올, 멘톨, 페퍼민트오일, 시트릭애씨드, 다이소듐이디티에이, 피록톤올아민, 스타아니스열매/씨오일, 로즈마리잎오일, 연필향나무오일, 락토바실러스발효용해물, 부틸렌글라이콜, 콘민트오일, 효모/보리씨발효여과물, 검정콩추출물, 에탄올, 유칼립투스잎오일, 바질오일, 1,2-헥산다이올, 생강추출물, 바이오틴, 캐모마일꽃오일, 글리세린, 소듐하이알루로네이트, 향기제비꽃잎추출물, 하이드롤라이즈드하이알루로닉애씨드, 소듐하이알루로네이트크로스폴리머, 호프추출물, 하이알루로닉애씨드, 수용성콜라겐, 에틸헥실글리세린, 소듐아세틸레이티드하이알루로네이트",라보에이치,라보에이치_두피강화 클리닉 헤어라인 앰플 탈모증상완화 15ml
탈모증상완화 샴푸 두피강화 블랑쉬앤우디/페어앤프리지아 400ml,https://www.amoremall.com/kr/ko/product/detail?onlineProdSn=50318,24000.0,400ml,400.0,ml,"정제수, 소듐코코일이세티오네이트, 다이소듐라우레스설포석시네이트, 라우릴베타인, 향료(블랑쉬앤우디향 1.3%), 글리세릴스테아레이트, 트라이하이드록시스테아린, 폴리쿼터늄-10, 카페인, 세틸알코올, 다이카프릴릴에터, 소듐벤조에이트, 소듐살리실레이트, 시트릭애씨드, 카프릴릭/카프릭트라이글리세라이드, 카프릴릴글라이콜, 덱스트린, 테트라소듐이디티에이, 알파-아이소메틸아이오논, 락토바실러스발효용해물, 글리세린, 녹차씨추출물, 토코페롤, 세라마이드엔피, 하이드로제네이티드레시틴, 피토스핑고신, 바이오틴",라보에이치,라보에이치_탈모증상완화 샴푸 두피강화 블랑쉬앤우디/페어앤프리지아 400ml
댄드러프클리닉 샴푸 탈모증상완화 400ml,https://www.amoremall.com/kr/ko/product/detail?onlineProdSn=62957,27000.0,400ml,400.0,ml,"정제수, 코카미도프로필베타인, 소듐메틸코코일타우레이트, 소듐클로라이드, 카프릴릴/카프릴글루코사이드, 라우릴하이드록시설테인, 석시닉애씨드, 글리세릴스테아레이트, 카페인, 트라이하이드록시스테아린, 살리실릭애씨드, 피피지-3카프릴릴에터, 피록톤올아민, 멘톨, 클림바졸, 페퍼민트오일, 하이드록시프로필구아, 소듐벤조에이트, 세틸알코올, 카프릴릴글라이콜, 소듐시트레이트, 스타아니스열매/씨오일, 폴리쿼터늄-22, 로즈마리잎오일, 연필향나무오일, 다이프로필렌글라이콜, 소듐메타포스페이트, 덱스트린, 에틸헥실글리세린, 부틸렌글라이콜, 콘민트오일, 콘민트잎추출물, 유칼립투스잎오일, 바질오일, 프로판다이올, 락토바실러스발효용해물, 1,2-헥산다이올, 캐모마일꽃오일, 향기제비꽃잎추출물, 병풀꽃/잎/줄기추출물, 소듐하이알루로네이트, 토코페롤, 하이드롤라이즈드하이알루로닉애씨드, 다이소듐이디티에이, 소듐하이알루로네이트크로스폴리머, 하이알루로닉애씨드, 소듐아세틸레이티드하이알루로네이트, 글리세린, 녹차씨추출물, 하이드로제네이티드레시틴, 피토스핑고신, 세라마이드엔피",라보에이치,라보에이치_댄드러프클리닉 샴푸 탈모증상완화 400ml
두피강화클리닉 쿨링&노세범 샴푸 400ml,https://www.amoremall.com/kr/ko/product/detail?onlineProdSn=33875,24000.0,400ml,400.0,ml,"정제수, 소듐C14-16올레핀설포네이트, 변성알코올, 아크릴레이트코폴리머, 라우릴베타인, 부틸렌글라이콜, 멘톨, 카페인, 소듐살리실레이트, 피피지-3카프릴릴에터, 페퍼민트오일, 세트리모늄클로라이드, 카프릴릴글라이콜, 폴리쿼터늄-10, 소듐하이드록사이드, 스타아니스열매/씨오일, 마이크로크리스탈린셀룰로오스, 소듐설파이트, 소듐시트레이트, 덱스트린, 자일리틸글루코사이드, 로즈마리잎오일, 옥수수전분, 연필향나무오일, 안하이드로자일리톨, 에틸헥실글리세린, 테트라소듐이디티에이, 만니톨, 자일리톨, 콘민트오일, 콘민트잎추출물, 솔비톨, 수크로오스, 유칼립투스잎오일 ,온천수, 바질오일, 1,2-헥산다이올, 크로뮴하이드록사이드그린, 하이드록시프로필스타치포스페이트, 프룩토올리고사카라이드, 캐모마일꽃오일, 황색산화철, 하이드로제네이티드레시틴, 향기제비꽃잎추출물, 락토바실러스발효용해물, 아스코빅애씨드, 티타늄디옥사이드 (CI 77891), 토코페릴아세테이트, 프로판다이올, 인삼추출물, 생강추출물, 씨솔트, 녹차수, 홍삼추출물, 토코페롤, 약모밀추출물, 녹차추출물, 하수오뿌리추출물, 다이소듐이디티에이, 연꽃추출물, 돌콩추출물, 왕대수액, 말토덱스트린, 알로에베라잎추출물",라보에이치,라보에이치_두피강화클리닉 쿨링&노세범 샴푸 400ml
두피강화클리닉 쿨링&노세범 샴푸 리필팩 400ml,https://www.amoremall.com/kr/ko/product/detail?onlineProdSn=62989,24000.0,400ml,400.0,ml,"정제수, 소듐C14-16올레핀설포네이트, 변성알코올, 아크릴레이트코폴리머, 라우릴베타인, 부틸렌글라이콜, 멘톨, 카페인, 소듐살리실레이트, 피피지-3카프릴릴에터, 페퍼민트오일, 세트리모늄클로라이드, 카프릴릴글라이콜, 폴리쿼터늄-10, 소듐하이드록사이드, 스타아니스열매/씨오일, 마이크로크리스탈린셀룰로오스, 소듐설파이트, 소듐시트레이트, 덱스트린, 자일리틸글루코사이드, 로즈마리잎오일, 옥수수전분, 연필향나무오일, 안하이드로자일리톨, 에틸헥실글리세린, 테트라소듐이디티에이, 만니톨, 자일리톨, 콘민트오일, 콘민트잎추출물, 솔비톨, 수크로오스, 유칼립투스잎오일 ,온천수, 바질오일, 1,2-헥산다이올, 크로뮴하이드록사이드그린, 하이드록시프로필스타치포스페이트, 프룩토올리고사카라이드, 캐모마일꽃오일, 황색산화철, 하이드로제네이티드레시틴, 향기제비꽃잎추출물, 락토바실러스발효용해물, 아스코빅애씨드, 티타늄디옥사이드 (CI 77891), 토코페릴아세테이트, 프로판다이올, 인삼추출물, 생강추출물, 씨솔트, 녹차수, 홍삼추출물, 토코페롤, 약모밀추출물, 녹차추출물, 하수오뿌리추출물, 다이소듐이디티에이, 연꽃추출물, 돌콩추출물, 왕대수액, 말토덱스트린, 알로에베라잎추출물",라보에이치,라보에이치_두피강화클리닉 쿨링&노세범 샴푸 리필팩 400ml
탈모증상완화 샴푸 민감더마 400ml,https://www.amoremall.com/kr/ko/product/detail?onlineProdSn=33877,24000.0,400ml,400.0,ml,"정제수, 소듐C14-16올레핀설포네이트, 글리세린, 솔비톨, 라우릴베타인, 라우릴하이드록시설테인, 코코-글루코사이드, 소듐메틸코코일타우레이트, 변성알코올, 카페인, 판테놀, 시트릭애씨드, 폴리쿼터늄-10, 피피지-3카프릴릴에터, 페퍼민트오일, 다이-C12-13알킬말레이트, 소듐시트레이트, 소듐클로라이드, 스타아니스열매/씨오일, 소듐살리실레이트, 덱스트린, 로즈마리잎오일, 연필향나무오일, 자일리틸글루코사이드, 테트라소듐이디티에이, 데하이드로아세틱애씨드, 안하이드로자일리톨, 콘민트오일, 자일리톨, 유칼립투스잎오일, 바질오일, 글루코오스, 캐모마일꽃오일, 마데카소사이드, 향기제비꽃잎추출물, 락토바실러스발효용해물",라보에이치,라보에이치_탈모증상완화 샴푸 민감더마 400ml
댄드러프클리닉 워터스케일러 탈모증상완화 250ml,https://www.amoremall.com/kr/ko/product/detail?onlineProdSn=62959,24000.0,250ml,250.0,ml,"정제수, 코카미도프로필하이드록시설테인, 라우릴하이드록시설테인, 카프릴릴/카프릴글루코사이드, 부틸렌글라이콜, 코코-글루코사이드, 아이소펜틸다이올, 글리세린, 데실글루코사이드, 라우릴베타인, 멘톨, 소듐클로라이드, 다이프로필렌글라이콜, 카페인, 시트릭애씨드, 페퍼민트오일, 피피지-3카프릴릴에터, 폴리쿼터늄-6, 라우릭애씨드, 카프릴릴글라이콜, 폴리쿼터늄-22, 스타아니스열매/씨오일, 로즈마리잎오일, 에틸헥실글리세린, 소듐설파이트, 클림바졸, 소듐시트레이트, 소듐메타포스페이트, 덱스트린, 락틱애씨드, 연필향나무오일, 콘민트오일, 유칼립투스잎오일, 살리실릭애씨드, 글루코노락톤, 바질오일, 프로판다이올, 락토바실러스발효용해물, 글라이콜릭애씨드, 캐모마일꽃오일, 1,2-헥산다이올, 향기제비꽃잎추출물, 병풀꽃/잎/줄기추출물, 소듐하이알루로네이트, 하이드롤라이즈드하이알루로닉애씨드, 다이소듐이디티에이, 소듐하이알루로네이트크로스폴리머, 하이알루로닉애씨드, 소듐아세틸레이티드하이알루로네이트, 녹차씨추출물, 하이드로제네이티드레시틴, 피토스핑고신, 세라마이드엔피",라보에이치,라보에이치_댄드러프클리닉 워터스케일러 탈모증상완화 250ml
두피강화클리닉 샴푸 탈모증상완화 종이리필 400ml,https://www.amoremall.com/kr/ko/product/detail?onlineProdSn=62990,24000.0,400ml,400.0,ml,"정제수, 소듐코코일이세티오네이트, 다이소듐라우레스설포석시네이트, 라우릴베타인, 글리세릴스테아레이트, 트라이하이드록시스테아린, 폴리쿼터늄-10, 소듐벤조에이트, 카페인, 세틸알코올, 다이카프릴릴에터, 소듐살리실레이트, 페퍼민트오일, 멘톨, 시트릭애씨드, 카프릴릭/카프릭트라이글리세라이드, 카프릴릴글라이콜, 스타아니스열매/씨오일, 로즈마리잎오일, 덱스트린, 연필향나무오일, 테트라소듐이디티에이, 콘민트오일, 유칼립투스잎오일, 바질오일, 캐모마일꽃오일, 향기제비꽃잎추출물, 락토바실러스발효용해물, 글리세린, 녹차씨추출물, 토코페롤, 세라마이드엔피, 하이드로제네이티드레시틴, 피토스핑고신, 바이오틴",라보에이치,라보에이치_두피강화클리닉 샴푸 탈모증상완화 종이리필 400ml
댄드러프클리닉 샴푸 탈모증상완화 리필팩 400ml,https://www.amoremall.com/kr/ko/product/detail?onlineProdSn=62958,26716.0,400ml,400.0,ml,"정제수, 코카미도프로필베타인, 소듐메틸코코일타우레이트, 소듐클로라이드, 카프릴릴/카프릴글루코사이드, 라우릴하이드록시설테인, 석시닉애씨드, 글리세릴스테아레이트, 카페인, 트라이하이드록시스테아린, 살리실릭애씨드, 피피지-3카프릴릴에터, 피록톤올아민, 멘톨, 클림바졸, 페퍼민트오일, 하이드록시프로필구아, 소듐벤조에이트, 세틸알코올, 카프릴릴글라이콜, 소듐시트레이트, 스타아니스열매/씨오일, 폴리쿼터늄-22, 로즈마리잎오일, 연필향나무오일, 다이프로필렌글라이콜, 소듐메타포스페이트, 덱스트린, 에틸헥실글리세린, 부틸렌글라이콜, 콘민트오일, 콘민트잎추출물, 유칼립투스잎오일, 바질오일, 프로판다이올, 락토바실러스발효용해물, 1,2-헥산다이올, 캐모마일꽃오일, 향기제비꽃잎추출물, 병풀꽃/잎/줄기추출물, 소듐하이알루로네이트, 토코페롤, 하이드롤라이즈드하이알루로닉애씨드, 다이소듐이디티에이, 소듐하이알루로네이트크로스폴리머, 하이알루로닉애씨드, 소듐아세틸레이티드하이알루로네이트, 글리세린, 녹차씨추출물, 하이드로제네이티드레시틴, 피토스핑고신, 세라마이드엔피",라보에이치,라보에이치_댄드러프클리닉 샴푸 탈모증상완화 리필팩 400ml
두피강화클리닉 스케일러 탈모증상완화 208g,https://www.amoremall.com/kr/ko/product/detail?onlineProdSn=60002,20000.0,208g,208.0,g,"정제수, 소듐클로라이드, 다이소듐코코일글루타메이트, 포타슘코코일글리시네이트, 라우릭애씨드, 하이드록시프로필스타치포스페이트, 코카미도프로필베타인, 코코-글루코사이드, 씨솔트, 카페인, 데실글루코사이드, 페퍼민트오일, 멘톨, 카프릴릴글라이콜, 코카마이드엠이에이, 마이크로크리스탈린셀룰로오스, 스타아니스열매/씨오일, 시트릭애씨드, 로즈마리잎오일, 글루코노락톤, 덱스트린, 폴리쿼터늄-7, 연필향나무오일, 솔비톨, 옥수수전분, 에틸헥실글리세린, 콘민트오일, 소듐벤조에이트, 수크로오스, 테트라소듐이디티에이, 유칼립투스잎오일, 크로뮴하이드록사이드그린, 소듐살리실레이트, 클림바졸, 살리실릭애씨드, 바질오일, 락토바실러스발효용해물, 부틸렌글라이콜, 토코페릴아세테이트, 캐모마일꽃오일, 하이드로제네이티드레시틴, 향기제비꽃잎추출물, 녹차수, 1,2-헥산다이올, 토코페롤, 연꽃추출물, 왕대수액, 카올린, 다이소듐이디티에이",라보에이치,라보에이치_두피강화클리닉 스케일러 탈모증상완화 208g
두피강화클리닉 샴푸 탈모증상완화 리필팩,https://www.amoremall.com/kr/ko/product/detail?onlineProdSn=67139,47258.0,400ml *2입,400.0,ml,"정제수, 소듐코코일이세티오네이트, 다이소듐라우레스설포석시네이트, 라우릴베타인, 글리세릴스테아레이트, 트라이하이드록시스테아린, 폴리쿼터늄-10, 소듐벤조에이트, 카페인, 세틸알코올, 다이카프릴릴에터, 소듐살리실레이트, 페퍼민트오일, 멘톨, 시트릭애씨드, 카프릴릭/카프릭트라이글리세라이드, 카프릴릴글라이콜, 스타아니스열매/씨오일, 로즈마리잎오일, 덱스트린, 연필향나무오일, 테트라소듐이디티에이, 콘민트오일, 유칼립투스잎오일, 바질오일, 캐모마일꽃오일, 향기제비꽃잎추출물, 락토바실러스발효용해물, 글리세린, 녹차씨추출물, 토코페롤, 세라마이드엔피, 하이드로제네이티드레시틴, 피토스핑고신, 바이오틴",라보에이치,라보에이치_두피강화클리닉 샴푸 탈모증상완화 리필팩
두피강화 클리닉 샴푸 탈모증상완화,https://www.amoremall.com/kr/ko/product/detail?onlineProdSn=67135,47429.0,400ml *2입,400.0,ml,"정제수, 소듐코코일이세티오네이트, 다이소듐라우레스설포석시네이트, 라우릴베타인, 글리세릴스테아레이트, 트라이하이드록시스테아린, 폴리쿼터늄-10, 소듐벤조에이트, 카페인, 세틸알코올, 다이카프릴릴에터, 소듐살리실레이트, 페퍼민트오일, 멘톨, 시트릭애씨드, 카프릴릭/카프릭트라이글리세라이드, 카프릴릴글라이콜, 스타아니스열매/씨오일, 로즈마리잎오일, 덱스트린, 연필향나무오일, 테트라소듐이디티에이, 콘민트오일, 유칼립투스잎오일, 바질오일, 캐모마일꽃오일, 향기제비꽃잎추출물, 락토바실러스발효용해물, 글리세린, 녹차씨추출물, 토코페롤, 세라마이드엔피, 하이드로제네이티드레시틴, 피토스핑고신, 바이오틴",라보에이치,라보에이치_두피강화 클리닉 샴푸 탈모증상완화
댄드러프클리닉 샴푸 탈모증상완화,https://www.amoremall.com/kr/ko/product/detail?onlineProdSn=67134,53750.0,400ml *2입,400.0,ml,"정제수, 코카미도프로필베타인, 소듐메틸코코일타우레이트, 소듐클로라이드, 카프릴릴/카프릴글루코사이드, 라우릴하이드록시설테인, 석시닉애씨드, 글리세릴스테아레이트, 카페인, 트라이하이드록시스테아린, 살리실릭애씨드, 피피지-3카프릴릴에터, 피록톤올아민, 멘톨, 클림바졸, 페퍼민트오일, 하이드록시프로필구아, 소듐벤조에이트, 세틸알코올, 카프릴릴글라이콜, 소듐시트레이트, 스타아니스열매/씨오일, 폴리쿼터늄-22, 로즈마리잎오일, 연필향나무오일, 다이프로필렌글라이콜, 소듐메타포스페이트, 덱스트린, 에틸헥실글리세린, 부틸렌글라이콜, 콘민트오일, 콘민트잎추출물, 유칼립투스잎오일, 바질오일, 프로판다이올, 락토바실러스발효용해물, 1,2-헥산다이올, 캐모마일꽃오일, 향기제비꽃잎추출물, 병풀꽃/잎/줄기추출물, 소듐하이알루로네이트, 토코페롤, 하이드롤라이즈드하이알루로닉애씨드, 다이소듐이디티에이, 소듐하이알루로네이트크로스폴리머, 하이알루로닉애씨드, 소듐아세틸레이티드하이알루로네이트, 글리세린, 녹차씨추출물, 하이드로제네이티드레시틴, 피토스핑고신, 세라마이드엔피",라보에이치,라보에이치_댄드러프클리닉 샴푸 탈모증상완화
두피강화클리닉 쿨링&노세범 샴푸,https://www.amoremall.com/kr/ko/product/detail?onlineProdSn=67133,47681.0,400ml *2입,400.0,ml,"정제수, 소듐C14-16올레핀설포네이트, 변성알코올, 아크릴레이트코폴리머, 라우릴베타인, 부틸렌글라이콜, 멘톨, 카페인, 소듐살리실레이트, 피피지-3카프릴릴에터, 페퍼민트오일, 세트리모늄클로라이드, 카프릴릴글라이콜, 폴리쿼터늄-10, 소듐하이드록사이드, 스타아니스열매/씨오일, 마이크로크리스탈린셀룰로오스, 소듐설파이트, 소듐시트레이트, 덱스트린, 자일리틸글루코사이드, 로즈마리잎오일, 옥수수전분, 연필향나무오일, 안하이드로자일리톨, 에틸헥실글리세린, 테트라소듐이디티에이, 만니톨, 자일리톨, 콘민트오일, 콘민트잎추출물, 솔비톨, 수크로오스, 유칼립투스잎오일 ,온천수, 바질오일, 1,2-헥산다이올, 크로뮴하이드록사이드그린, 하이드록시프로필스타치포스페이트, 프룩토올리고사카라이드, 캐모마일꽃오일, 황색산화철, 하이드로제네이티드레시틴, 향기제비꽃잎추출물, 락토바실러스발효용해물, 아스코빅애씨드, 티타늄디옥사이드 (CI 77891), 토코페릴아세테이트, 프로판다이올, 인삼추출물, 생강추출물, 씨솔트, 녹차수, 홍삼추출물, 토코페롤, 약모밀추출물, 녹차추출물, 하수오뿌리추출물, 다이소듐이디티에이, 연꽃추출물, 돌콩추출물, 왕대수액, 말토덱스트린, 알로에베라잎추출물",라보에이치,라보에이치_두피강화클리닉 쿨링&노세범 샴푸
탈모증상완화 샴푸 두피강화 블랑쉬앤우디,https://www.amoremall.com/kr/ko/product/detail?onlineProdSn=67132,47639.0,400ml *2입,400.0,ml,"정제수, 소듐코코일이세티오네이트, 다이소듐라우레스설포석시네이트, 라우릴베타인, 향료(블랑쉬앤우디향 1.3%), 글리세릴스테아레이트, 트라이하이드록시스테아린, 폴리쿼터늄-10, 카페인, 세틸알코올, 다이카프릴릴에터, 소듐벤조에이트, 소듐살리실레이트, 시트릭애씨드, 카프릴릭/카프릭트라이글리세라이드, 카프릴릴글라이콜, 덱스트린, 테트라소듐이디티에이, 알파-아이소메틸아이오논, 락토바실러스발효용해물, 글리세린, 녹차씨추출물, 토코페롤, 세라마이드엔피, 하이드로제네이티드레시틴, 피토스핑고신, 바이오틴",라보에이치,라보에이치_탈모증상완화 샴푸 두피강화 블랑쉬앤우디
두피강화 클리닉 앰플 토닉 탈모증상완화,https://www.amoremall.com/kr/ko/product/detail?onlineProdSn=64790,47647.0,100ml * 2,100.0,ml,"정제수, 변성알코올, 녹차추출물, 피이지-60하이드로제네이티드캐스터오일, 카프릴릴글라이콜, 아크릴레이트/C10-30알킬아크릴레이트크로스폴리머, 멘톨, 덱스트린, 프로판다이올, 아미노메틸프로판올, 다이소듐이디티에이, 에틸헥실글리세린, 페퍼민트오일, 스타아니스열매/씨오일, 로즈마리잎오일, 연필향나무오일, 락토바실러스발효용해물, 콘민트오일, 효모/보리씨발효여과물, 검정콩추출물, 에탄올, 부틸렌글라이콜, 유칼립투스잎오일, 바질오일, 1,2-헥산다이올, 생강추출물, 바이오틴, 캐모마일꽃오일, 소듐하이알루로네이트, 향기제비꽃잎추출물, 토코페롤, 하이드롤라이즈드하이알루로닉애씨드, 소듐하이알루로네이트크로스폴리머, 호프추출물, 하이알루로닉애씨드, 소듐아세틸레이티드하이알루로네이트",라보에이치,라보에이치_두피강화 클리닉 앰플 토닉 탈모증상완화
두피강화 클리닉 헤어라인 앰플 탈모증상완화,https://www.amoremall.com/kr/ko/product/detail?onlineProdSn=64788,47656.0,15mL *2,15.0,mL,"정제수, 변성알코올, 피이지-60하이드로제네이티드캐스터오일, 녹차추출물(카페인 함유), 카보머, 카프릴릴글라이콜, 트로메타민, 덱스트린, 프로판다이올, 멘톨, 페퍼민트오일, 시트릭애씨드, 다이소듐이디티에이, 피록톤올아민, 스타아니스열매/씨오일, 로즈마리잎오일, 연필향나무오일, 락토바실러스발효용해물, 부틸렌글라이콜, 콘민트오일, 효모/보리씨발효여과물, 검정콩추출물, 에탄올, 유칼립투스잎오일, 바질오일, 1,2-헥산다이올, 생강추출물, 바이오틴, 캐모마일꽃오일, 글리세린, 소듐하이알루로네이트, 향기제비꽃잎추출물, 하이드롤라이즈드하이알루로닉애씨드, 소듐하이알루로네이트크로스폴리머, 호프추출물, 하이알루로닉애씨드, 수용성콜라겐, 에틸헥실글리세린, 소듐아세틸레이티드하이알루로네이트",라보에이치,라보에이치_두피강화 클리닉 헤어라인 앰플 탈모증상완화
두피강화 클리닉 캡슐 탈모증상완화 트리트먼트,https://www.amoremall.com/kr/ko/product/detail?onlineProdSn=64786,33548.0,220ml*2,220.0,ml,"정제수, 글리세린, 다이프로필렌글라이콜, 세틸알코올, 스테아릴알코올, 카프릴릭/카프릭트라이글리세라이드, 스테아라미도프로필다이메틸아민, 하이드록시프로필스타치포스페이트, 글루타믹애씨드, 카페인, 다이-C12-13알킬말레이트, 판테놀, 피피지-3카프릴릴에터, 카프릴릴글라이콜, 페퍼민트오일, 마이크로크리스탈린셀룰로오스, 덱스트린, 옥수수전분, 프로판다이올, 부틸렌글라이콜, 스타아니스열매/씨오일, 로즈마리잎오일, 자일리톨, 에틸헥실글리세린, 다이소듐이디티에이, 연필향나무오일, 만니톨, 수크로오스, 다마스크장미꽃추출물, 콘민트오일, 1,2-헥산다이올, 프룩토올리고사카라이드, 유칼립투스잎오일, 락토바실러스발효용해물, 바질오일, 바이오틴, 검정콩추출물, 아스코빅애씨드, 하이드로제네이티드레시틴, 캐모마일꽃오일, 석류추출물, 마데카소사이드, 향기제비꽃잎추출물, 인삼추출물, 생강추출물, 소듐하이알루로네이트, 홍삼추출물, 약모밀추출물, 토코페롤, 하이드롤라이즈드하이알루로닉애씨드, 녹차추출물, 하수오뿌리추출물, 소듐하이알루로네이트크로스폴리머, 하이알루로닉애씨드, 소듐아세틸레이티드하이알루로네이트",라보에이치,라보에이치_두피강화 클리닉 캡슐 탈모증상완화 트리트먼트
탈모증상완화 샴푸 두피강화 페어앤프리지아,https://www.amoremall.com/kr/ko/product/detail?onlineProdSn=64440,47639.0,400ml*2,400.0,ml,"정제수, 소듐코코일이세티오네이트, 다이소듐라우레스설포석시네이트, 라우릴베타인, 향료(페어앤프리지아향 1.3%), 글리세릴스테아레이트, 트라이하이드록시스테아린, 폴리쿼터늄-10, 카페인, 세틸알코올, 다이카프릴릴에터, 소듐벤조에이트, 소듐살리실레이트, 시트릭애씨드, 카프릴릭/카프릭트라이글리세라이드, 카프릴릴글라이콜, 덱스트린, 리모넨, 테트라소듐이디티에이, 제라니올, 헥실신남알, 리날룰, 락토바실러스발효용해물, 글리세린, 녹차씨추출물, 토코페롤, 세라마이드엔피, 하이드로제네이티드레시틴, 피토스핑고신, 바이오틴",라보에이치,라보에이치_탈모증상완화 샴푸 두피강화 페어앤프리지아
두피강화 클리닉 샴푸 탈모증상완화,https://www.amoremall.com/kr/ko/product/detail?onlineProdSn=64439,47576.0,본품 400ml + 리필 400ml,400.0,ml,"정제수, 소듐코코일이세티오네이트, 다이소듐라우레스설포석시네이트, 라우릴베타인, 글리세릴스테아레이트, 트라이하이드록시스테아린, 폴리쿼터늄-10, 소듐벤조에이트, 카페인, 세틸알코올, 다이카프릴릴에터, 소듐살리실레이트, 페퍼민트오일, 멘톨, 시트릭애씨드, 카프릴릭/카프릭트라이글리세라이드, 카프릴릴글라이콜, 스타아니스열매/씨오일, 로즈마리잎오일, 덱스트린, 연필향나무오일, 테트라소듐이디티에이, 콘민트오일, 유칼립투스잎오일, 바질오일, 캐모마일꽃오일, 향기제비꽃잎추출물, 락토바실러스발효용해물, 글리세린, 녹차씨추출물, 토코페롤, 세라마이드엔피, 하이드로제네이티드레시틴, 피토스핑고신, 바이오틴",라보에이치,라보에이치_두피강화 클리닉 샴푸 탈모증상완화
솔리드 퍼퓸 디스커버리 3종 키트,https://www.amoremall.com/kr/ko/product/detail?onlineProdSn=65621,18000.0,5ml*3,5.0,ml,"[샌달우드] 사이클로펜타실록세인, 향료, 사이클로헥사실록세인, 다이메티콘크로스폴리머, 글리세릴베헤네이트, 1,2-헥산다이올, 카프릴릴글라이콜, 에틸헥실글리세린, 리모넨, 제라니올, 파네솔, 리날룰, 트라이에틸시트레이트, 정제수, 부틸렌글라이콜, 로부르참나무목부추출물, 편백잎추출물 [블랙티] 사이클로펜타실록세인, 향료, 사이클로헥사실록세인, 다이메티콘크로스폴리머, 글리세릴베헤네이트, 헥실신남알, 1,2-헥산다이올, 리날룰, 시트로넬올, 리모넨, 카프릴릴글라이콜, 에틸헥실글리세린, 제라니올, 시트랄, 유제놀, 아이소유제놀, 파네솔, 트라이에틸시트레이트, 정제수, 부틸렌글라이콜, 로부르참나무목부추출물, 편백잎추출물 [바질] 사이클로펜타실록세인, 향료, 사이클로헥사실록세인, 다이메티콘크로스폴리머, 리모넨, 글리세릴베헤네이트, 리날룰, 하이드록시시트로넬알, 1,2-헥산다이올, 알파-아이소메틸아이오논, 시트랄, 시트로넬올, 카프릴릴글라이콜, 에틸헥실글리세린, 쿠마린, 제라니올, 트라이에틸시트레이트, 정제수, 부틸렌글라이콜, 로부르참나무목부추출물, 편백잎추출물",롱테이크,롱테이크_솔리드 퍼퓸 디스커버리 3종 키트
NEW 헤어 오일  40ml,https://www.amoremall.com/kr/ko/product/detail?onlineProdSn=62833,23864.0,40ml,40.0,ml,"다이메티콘, 세틸에틸헥사노에이트, 다이카프릴릴에터, C12-15알킬벤조에이트, 다이메티콘올, 아미노프로필다이메티콘, 향료 (샌달우드향 1.0 %), 리모넨, 토코페롤, 아르간커넬오일, 코코넛야자오일, 살구씨오일, 올리브오일, 호호바씨오일, 비자나무씨오일, 마룰라씨오일, 카프릴릭/카프릭트라이글리세라이드, 트라이에틸시트레이트, 퀸즈랜드넛오일, 생강오일, 로부르참나무목부추출물, 로즈힙꽃오일, 라벤더오일, 라임전초오일, 라즈베리씨오일, 크랜베리씨오일, 정제수, 세라마이드엔피, 콩폴리펩타이드, 캐모마일꽃수, 부틸렌글라이콜, 소나무잎추출물, 하이드롤라이즈드옥수수전분, 프로판다이올, 글라이신, 알라닌, 알지닌, 아스파틱애씨드, 라이신, 프롤린, 세린, 트레오닌, 잔탄검, 글루타믹애씨드, 하이드롤라이즈드식물성단백질, 에틸헥실글리세린, 소듐메타포스페이트, 1,2-헥산다이올, 편백잎추출물, 히스티딘, 페닐알라닌, 타이로신, 류신, 발린, 메티오닌, 아이소류신, 다시마추출물, 시스틴, 트립토판, 귀리펩타이드",롱테이크,롱테이크_NEW 헤어 오일  40ml
샴푸  300ml,https://www.amoremall.com/kr/ko/product/detail?onlineProdSn=52104,23864.0,300ml,300.0,ml,"정제수, 소듐C14-16올레핀설포네이트, 솔비톨, 라우릴하이드록시설테인, 향료(샌달우드향 2.2%), 다이소듐라우레스설포석시네이트, 코카미도프로필베타인, 코코-글루코사이드, 코카마이드메틸엠이에이, 변성알코올, 카페인, 폴리쿼터늄-10, 소듐살리실레이트, 소듐클로라이드, 소듐시트레이트, 시트릭애씨드, 피피지-3카프릴릴에터, 테트라소듐이디티에이, 부틸렌글라이콜, 리날룰, 소듐벤조에이트, 리모넨, 하이드롤라이즈드옥수수전분, 소나무잎추출물, 글리세린, 에탄올, 폴리쿼터늄-11, 녹차추출물, 동백나무씨오일, 프로판다이올, 동백나무잎추출물, 편백잎추출물, 콩폴리펩타이드, 동백나무꽃추출물, 트라이에틸시트레이트, 포타슘클로라이드, 글라이코리피드, 오렌지추출물, 자몽추출물, 베르가모트추출물, 탄제린추출물, 아스코빅애씨드, 녹차씨추출물, 락틱애씨드, 검정콩오일, 로부르참나무목부추출, 세라마이드엔피, 피토스핑고신, 로즈마리잎추출물, 하이드로제네이티드레시틴, 카놀라오일",롱테이크,롱테이크_샴푸  300ml
샌달우드 인텐시브 3종 트라이얼 키트,https://www.amoremall.com/kr/ko/product/detail?onlineProdSn=52110,10638.0,30ml+30ml+15ml,30.0,ml,"샴푸 정제수, 소듐C14-16올레핀설포네이트, 솔비톨, 라우릴하이드록시설테인, 향료(샌달우드향 2.2%), 다이소듐라우레스설포석시네이트, 코카미도프로필베타인, 변성알코올, 코카마이드메틸엠이에이, 소듐클로라이드, 말티톨, 코코-글루코사이드, 카페인, 폴리쿼터늄-10, 데실글루코사이드, 소듐살리실레이트, 소듐시트레이트, 피피지-3카프릴릴에터, 시트릭애씨드, 소듐메타포스페이트, 글리세린, 부틸렌글라이콜, 캐모마일꽃수, 소듐벤조에이트, 하이드롤라이즈드옥수수전분, 카프릴릴글라이콜, 소나무잎추출물, 프로판다이올, 1,2-헥산다이올, 에탄올, 폴리쿼터늄-11, 녹차추출물, 커먼자스민꽃추출물, 하이드롤라이즈드식물성단백질, 잔탄검, 편백잎추출물, 콩폴리펩타이드, 에틸헥실글리세린, 다시마추출물, 귀리펩타이드, 알지닌, 세린, 글루타믹애씨드, 트레오닌, 류신, 프롤린, 아스파틱애씨드, 아이소류신, 글라이신, 페닐알라닌, 알라닌, 타이로신, 라이신, 히스티딘, 포타슘클로라이드, 발린, 동백나무씨오일, 검정콩오일, 세라마이드엔피, 피토스핑고신, 로즈마리잎추출물, 메티오닌, 하이드로제네이티드레시틴, 카놀라오일, 시스틴, 트립토판 / 트리트먼트 정제수, 다이메티콘, 부틸렌글라이콜, 다이프로필렌글라이콜, 스테아릴알코올, 베헨트라이모늄메토설페이트, 세틸알코올, 향료(샌달우드향 2.2%), 아모다이메티콘, 카페인, 다이메티콘올, 트라이메틸실록시실리케이트, 다마스크장미꽃추출물, 폴리프로필실세스퀴옥세인, 아미노프로필다이메티콘, 프로판다이올, 카프릴릴메티콘, 1,2-헥산다이올, 에틸헥실글리세린, 소듐메타포스페이트, 시트릭애씨드, 캐모마일꽃수, 하이드롤라이즈드식물성단백질, 스테아트라이모늄클로라이드, 하이드롤라이즈드옥수수전분, 소나무잎추출물, 검정콩추출물, 락틱애씨드, 소듐벤조에이트, 비자나무씨오일, 트라이에틸시트레이트, 글리세린, 동백나무씨오일, 세라마이드엔피, 편백잎추출물, 콩폴리펩타이드, 토코페롤, 다시마추출물, 로부르참나무목부추출물, 귀리펩타이드, 알지닌, 세린, 글루타믹애씨드, 트레오닌, 류신, 프롤린, 아스파틱애씨드, 아이소류신, 글라이신, 피토스핑고신, 하이드로제네이티드레시틴, 페닐알라닌, 알라닌, 타이로신, 라이신, 히스티딘, 잔탄검, 발린, 메티오닌, 시스틴, 트립토판 / 헤어오일 다이메티콘, 세틸에틸헥사노에이트, 다이카프릴릴에터, C12-15알킬벤조에이트, 다이메티콘올, 아미노프로필다이메티콘, 향료 (샌달우드향 1.0 %), 리모넨, 토코페롤, 아르간커넬오일, 코코넛야자오일, 살구씨오일, 올리브오일, 호호바씨오일, 비자나무씨오일, 마룰라씨오일, 카프릴릭/카프릭트라이글리세라이드, 트라이에틸시트레이트, 퀸즈랜드넛오일, 생강오일, 로부르참나무목부추출물, 로즈힙꽃오일, 라벤더오일, 라임전초오일, 라즈베리씨오일, 크랜베리씨오일, 정제수, 세라마이드엔피, 콩폴리펩타이드, 캐모마일꽃수, 부틸렌글라이콜, 소나무잎추출물, 하이드롤라이즈드옥수수전분, 프로판다이올, 글라이신, 알라닌, 알지닌, 아스파틱애씨드, 라이신, 프롤린, 세린, 트레오닌, 잔탄검, 글루타믹애씨드, 하이드롤라이즈드식물성단백질, 에틸헥실글리세린, 소듐메타포스페이트, 1,2-헥산다이올, 편백잎추출물, 히스티딘, 페닐알라닌, 타이로신, 류신, 발린, 메티오닌, 아이소류신, 다시마추출물, 시스틴, 트립토판, 귀리펩타이드",롱테이크,롱테이크_샌달우드 인텐시브 3종 트라이얼 키트
핸드크림  50ml,https://www.amoremall.com/kr/ko/product/detail?onlineProdSn=54275,18000.0,50ml,50.0,ml,"정제수, 부틸렌글라이콜, 하이드로제네이티드폴리(C6-14올레핀), 세틸에틸헥사노에이트, 글리세린, 펜타에리스리틸테트라에틸헥사노에이트, 시어버터, 글리세릴스테아레이트시트레이트, 나이아신아마이드, 세테아릴알코올, 폴리글리세릴-3메틸글루코오스다이스테아레이트, 1,2-헥산다이올, 하이드록시에틸아크릴레이트/소듐아크릴로일다이메틸타우레이트코폴리머, 향료 (샌달우드향 0.5%), 판테놀, 하이드록시프로필스타치포스페이트, 글리세릴카프릴레이트, 에틸헥실글리세린, 아데노신, 다이소듐이디티에이, 솔비탄아이소스테아레이트, 프로판다이올, 하이드롤라이즈드옥수수전분, 소나무잎추출물, 녹차씨추출물, 자일리톨, 트라이에틸시트레이트, 세라마이드엔피, 삼나무잎추출물, 동백나무잎추출물, 녹나무잎추출물, 피토스핑고신, 하이드로제네이티드레시틴, 편백잎추출물, 토코페롤, 동백나무꽃추출물, 로부르참나무목부추출물, 동백나무씨오일, 검정콩오일, 은행나무잎추출물, 녹차추출물, 오렌지추출물, 자몽추출물, 베르가모트추출물, 탄제린추출물, 아스코빅애씨드, 락틱애씨드, 로즈마리잎추출물, 시트릭애씨드, 카놀라오일",롱테이크,롱테이크_핸드크림  50ml
바디로션  200ml,https://www.amoremall.com/kr/ko/product/detail?onlineProdSn=54274,23864.0,200ml,200.0,ml,"정제수, 글리세린, 부틸렌글라이콜, 하이드로제네이티드쌀겨오일, 사이클로펜타실록세인, 나이아신아마이드, 하이드로제네이티드폴리(C6-14올레핀), 사이클로헥사실록세인, 다이메티콘, 세틸에틸헥사노에이트, 다이아이소스테아릴말레이트, 1,2-헥산다이올, 향료 (샌달우드향 0.8%), 하이드록시에틸아크릴레이트/소듐아크릴로일다이메틸타우레이트코폴리머, 판테놀, C14-22알코올, 아라키딜알코올, 스테아릭애씨드, 글리세릴스테아레이트, 팔미틱애씨드, 베헤닐알코올, C12-20알킬글루코사이드, 글리세릴카프릴레이트, 아라키딜글루코사이드, 다이소듐이디티에이, 에틸헥실글리세린, 솔비탄아이소스테아레이트, 폴리솔베이트60, 아데노신, 프로판다이올, 하이드롤라이즈드옥수수전분, 소나무잎추출물, 글루코오스, 녹차씨추출물, 미리스틱애씨드, 아라키딕애씨드, 자일리톨, 세라마이드엔피, 삼나무잎추출물, 동백나무잎추출물, 녹나무잎추출물, 피토스핑고신, 하이드로제네이티드레시틴, 편백잎추출물, 트라이에틸시트레이트, 토코페롤, 동백나무꽃추출물, 동백나무씨오일, 검정콩오일, 은행나무잎추출물, 로부르참나무목부추출물, 녹차추출물, 오렌지추출물, 자몽추출물, 베르가모트추출물, 탄제린추출물, 아스코빅애씨드, 락틱애씨드, 로즈마리잎추출물, 시트릭애씨드, 카놀라오일",롱테이크,롱테이크_바디로션  200ml
바디워시  300ml,https://www.amoremall.com/kr/ko/product/detail?onlineProdSn=54273,23864.0,300ml,300.0,ml,"정제수, 코코넛야자오일, 라우릴하이드록시설테인, 소듐C14-16올레핀설포네이트, 포타슘하이드록사이드, 향료(샌달우드향 2.2%), 프로판다이올, 변성알코올, 부틸렌글라이콜, 글리세린, 하이드롤라이즈드옥수수전분, 소나무잎추출물, 자일리톨, 삼나무잎추출물, 녹나무잎추출물, 편백잎추출물, 트라이에틸시트레이트, 동백나무씨오일, 녹차씨추출물, 검정콩오일, 세라마이드엔피, 은행나무잎추출물, 로부르참나무목부추출물, 피토스핑고신, 하이드로제네이티드레시틴, 로즈마리잎추출물, 카놀라오일",롱테이크,롱테이크_바디워시  300ml
NEW 솔리드 퍼퓸  30ml,https://www.amoremall.com/kr/ko/product/detail?onlineProdSn=64580,35955.0,30ml,30.0,ml,"다이메티콘, 향료, 다이메티콘크로스폴리머, 글리세릴베헤네이트, 1,2-헥산다이올, 실리카다이메틸실릴레이트, 카프릴릴글라이콜, 에틸헥실글리세린, 리모넨, 제라니올, 리날룰, 파네솔, 시트랄, 트라이에틸시트레이트, 정제수, 부틸렌글라이콜, 로부르참나무목부추출물, 편백잎추출물",롱테이크,롱테이크_NEW 솔리드 퍼퓸  30ml
NEW 트리트먼트  200ml,https://www.amoremall.com/kr/ko/product/detail?onlineProdSn=62834,23864.0,200ml,200.0,ml,"정제수, 다이메티콘, 부틸렌글라이콜, 다이프로필렌글라이콜, 스테아릴알코올, 베헨트라이모늄메토설페이트, 세틸알코올, 향료(샌달우드향 2.2%), 아모다이메티콘, 카페인, 다이메티콘올, 트라이메틸실록시실리케이트, 다마스크장미꽃추출물, 폴리프로필실세스퀴옥세인, 아미노프로필다이메티콘, 프로판다이올, 카프릴릴메티콘, 1,2-헥산다이올, 에틸헥실글리세린, 소듐메타포스페이트, 시트릭애씨드, 캐모마일꽃수, 하이드롤라이즈드식물성단백질, 스테아트라이모늄클로라이드, 하이드롤라이즈드옥수수전분, 소나무잎추출물, 검정콩추출물, 락틱애씨드, 소듐벤조에이트, 비자나무씨오일, 트라이에틸시트레이트, 글리세린, 동백나무씨오일, 세라마이드엔피, 편백잎추출물, 콩폴리펩타이드, 토코페롤, 다시마추출물, 로부르참나무목부추출물, 귀리펩타이드, 알지닌, 세린, 글루타믹애씨드, 트레오닌, 류신, 프롤린, 아스파틱애씨드, 아이소류신, 글라이신, 피토스핑고신, 하이드로제네이티드레시틴, 페닐알라닌, 알라닌, 타이로신, 라이신, 히스티딘, 잔탄검, 발린, 메티오닌, 시스틴, 트립토판",롱테이크,롱테이크_NEW 트리트먼트  200ml
코어본딩 헤어마스크  200ml,https://www.amoremall.com/kr/ko/product/detail?onlineProdSn=67636,24000.0,200ml,200.0,ml,"정제수, 솔비톨, 다이프로필렌글라이콜, 다이메티콘, 세틸알코올, 스테아릴알코올, 베헨트라이모늄클로라이드, 향료(샌달우드향 2.5%), 말티톨, 폴리비닐알코올, 하이드로제네이티드폴리아이소부텐, 카페인, 부틸렌글라이콜, 카프릴릴글라이콜, 에틸헥실글리세린, 소듐글루코네이트, 캐모마일꽃수, 하이드롤라이즈드옥수수전분, 소나무잎추출물, 글리세린, 글루코사민에이치씨엘, 말레익애씨드, 프로판다이올, 알지닌, 메틸글루카민, 1,2-헥산다이올, 커먼자스민꽃추출물, 동백나무씨오일, 아르간커넬오일, 포도씨오일, 하이드롤라이즈드식물성단백질, 세라마이드엔피, 다마스크장미꽃추출물, 잔탄검, 피토스핑고신, 편백잎추출물, 하이드로제네이티드레시틴, 콩폴리펩타이드, 마카다미아씨오일, 토코페롤, 소듐하이알루로네이트, 다시마추출물, 소듐메타포스페이트, 귀리펩타이드, 세린, 글루타믹애씨드, 트레오닌, 류신, 프롤린, 아스파틱애씨드, 아이소류신, 글라이신, 하이드롤라이즈드하이알루로닉애씨드, 페닐알라닌, 알라닌, 타이로신, 라이신, 소듐하이알루로네이트크로스폴리머, 히스티딘, 하이알루로닉애씨드, 발린, 소듐아세틸레이티드하이알루로네이트, 메티오닌, 시스틴, 트립토판",롱테이크,롱테이크_코어본딩 헤어마스크  200ml
샌달우드 오드퍼퓸 SET,https://www.amoremall.com/kr/ko/product/detail?onlineProdSn=67346,56364.0,30ml,30.0,ml,"변성알코올, 향료, 정제수, 부틸렌글라이콜, 다이프로필렌글라이콜, 리모넨, 제라니올, 리날룰, 파네솔, 시트랄, 트라이에틸시트레이트, 로부르참나무목부추출물, 편백잎추출물",롱테이크,롱테이크_샌달우드 오드퍼퓸 SET
샌달우드 샴푸&헤어오일 SET,https://www.amoremall.com/kr/ko/product/detail?onlineProdSn=67345,47500.0,[샌달우드 인텐시브 샴푸] 300ml / [샌달우드 인텐시브 헤어 오일] 40ml,300.0,ml,"[샌달우드 인텐시브 샴푸] 정제수, 소듐C14-16올레핀설포네이트, 솔비톨, 라우릴하이드록시설테인, 향료(샌달우드향 2.2%), 다이소듐라우레스설포석시네이트, 코카미도프로필베타인, 코코-글루코사이드, 코카마이드메틸엠이에이, 변성알코올, 카페인, 폴리쿼터늄-10, 소듐살리실레이트, 소듐클로라이드, 소듐시트레이트, 시트릭애씨드, 피피지-3카프릴릴에터, 테트라소듐이디티에이, 부틸렌글라이콜, 리날룰, 소듐벤조에이트, 리모넨, 하이드롤라이즈드옥수수전분, 소나무잎추출물, 글리세린, 에탄올, 폴리쿼터늄-11, 녹차추출물, 동백나무씨오일, 프로판다이올, 동백나무잎추출물, 편백잎추출물, 콩폴리펩타이드, 동백나무꽃추출물, 트라이에틸시트레이트, 포타슘클로라이드, 글라이코리피드, 오렌지추출물, 자몽추출물, 베르가모트추출물, 탄제린추출물, 아스코빅애씨드, 녹차씨추출물, 락틱애씨드, 검정콩오일, 로부르참나무목부추출, 세라마이드엔피, 피토스핑고신, 로즈마리잎추출물, 하이드로제네이티드레시틴, 카놀라오일 / [샌달우드 인텐시브 헤어 오일] 다이메티콘, 세틸에틸헥사노에이트, 다이카프릴릴에터, C12-15알킬벤조에이트, 다이메티콘올, 아미노프로필다이메티콘, 향료 (샌달우드향 1.0 %), 리모넨, 토코페롤, 아르간커넬오일, 코코넛야자오일, 살구씨오일, 올리브오일, 호호바씨오일, 비자나무씨오일, 마룰라씨오일, 카프릴릭/카프릭트라이글리세라이드, 트라이에틸시트레이트, 퀸즈랜드넛오일, 생강오일, 로부르참나무목부추출물, 로즈힙꽃오일, 라벤더오일, 라임전초오일, 라즈베리씨오일, 크랜베리씨오일, 정제수, 세라마이드엔피, 콩폴리펩타이드, 캐모마일꽃수, 부틸렌글라이콜, 소나무잎추출물, 하이드롤라이즈드옥수수전분, 프로판다이올, 글라이신, 알라닌, 알지닌, 아스파틱애씨드, 라이신, 프롤린, 세린, 트레오닌, 잔탄검, 글루타믹애씨드, 하이드롤라이즈드식물성단백질, 에틸헥실글리세린, 소듐메타포스페이트, 1,2-헥산다이올, 편백잎추출물, 히스티딘, 페닐알라닌, 타이로신, 류신, 발린, 메티오닌, 아이소류신, 다시마추출물, 시스틴, 트립토판, 귀리펩타이드",롱테이크,롱테이크_샌달우드 샴푸&헤어오일 SET
블랙티앤피그 소프트닝 헤어 오일,https://www.amoremall.com/kr/ko/product/detail?onlineProdSn=64412,47907.0,40ml*2,40.0,ml,"다이메티콘, 세틸에틸헥사노에이트, 다이카프릴릴에터, C12-15알킬벤조에이트, 다이메티콘올, 아미노프로필다이메티콘, 향료 (블랙티앤피그향 0.5%), 리날룰, 리모넨, 시트로넬올, 토코페롤, 아르간커넬오일, 코코넛야자오일, 살구씨오일, 올리브오일, 호호바씨오일, 비자나무씨오일, 마룰라씨오일, 카프릴릭/카프릭트라이글리세라이드, 트라이에틸시트레이트, 퀸즈랜드넛오일, 생강오일, 로부르참나무목부추출물, 정제수, 로즈힙꽃오일, 라벤더오일, 라임전초오일, 라즈베리씨오일, 크랜베리씨오일, 부틸렌글라이콜, 세라마이드엔피, 콩폴리펩타이드, 캐모마일꽃수, 프로판다이올, 글라이신, 알라닌, 알지닌, 아스파틱애씨드, 라이신, 프롤린, 세린, 트레오닌, 잔탄검, 글루타믹애씨드, 하이드롤라이즈드식물성단백질, 에틸헥실글리세린, 소듐메타포스페이트, 1,2-헥산다이올, 편백잎추출물, 히스티딘, 페닐알라닌, 타이로신, 류신, 발린, 메티오닌, 아이소류신, 다시마추출물, 커먼자스민꽃추출물, 시스틴, 트립토판, 귀리펩타이드",롱테이크,롱테이크_블랙티앤피그 소프트닝 헤어 오일
샌달우드 인텐시브 헤어 오일,https://www.amoremall.com/kr/ko/product/detail?onlineProdSn=63611,47907.0,40ml*2,40.0,ml,"다이메티콘, 세틸에틸헥사노에이트, 다이카프릴릴에터, C12-15알킬벤조에이트, 다이메티콘올, 아미노프로필다이메티콘, 향료 (샌달우드향 1.0 %), 리모넨, 토코페롤, 아르간커넬오일, 코코넛야자오일, 살구씨오일, 올리브오일, 호호바씨오일, 비자나무씨오일, 마룰라씨오일, 카프릴릭/카프릭트라이글리세라이드, 트라이에틸시트레이트, 퀸즈랜드넛오일, 생강오일, 로부르참나무목부추출물, 로즈힙꽃오일, 라벤더오일, 라임전초오일, 라즈베리씨오일, 크랜베리씨오일, 정제수, 세라마이드엔피, 콩폴리펩타이드, 캐모마일꽃수, 부틸렌글라이콜, 소나무잎추출물, 하이드롤라이즈드옥수수전분, 프로판다이올, 글라이신, 알라닌, 알지닌, 아스파틱애씨드, 라이신, 프롤린, 세린, 트레오닌, 잔탄검, 글루타믹애씨드, 하이드롤라이즈드식물성단백질, 에틸헥실글리세린, 소듐메타포스페이트, 1,2-헥산다이올, 편백잎추출물, 히스티딘, 페닐알라닌, 타이로신, 류신, 발린, 메티오닌, 아이소류신, 다시마추출물, 시스틴, 트립토판, 귀리펩타이드",롱테이크,롱테이크_샌달우드 인텐시브 헤어 오일
블랙티앤피그 소프트닝 바디워시+바디로션,https://www.amoremall.com/kr/ko/product/detail?onlineProdSn=60755,47619.0,[블랙티앤피그 소프트닝 바디워시] 300ml / [블랙티앤피그 소프트닝 바디로션] 200ml,300.0,ml,"[블랙티앤피그 소프트닝 바디워시] 정제수, 코코넛야자오일, 라우릴하이드록시설테인, 소듐C14-16올레핀설포네이트, 포타슘하이드록사이드, 향료(블랙티앤피그향 2.2%), 프로판다이올, 변성알코올, 헥실신남알, 부틸렌글라이콜, 리날룰, 시트로넬올, 리모넨, 글리세린, 자일리톨, 삼나무잎추출물, 동백나무잎추출물, 녹나무잎추출물, 편백잎추출물, 트라이에틸시트레이트, 동백나무꽃추출물, 동백나무씨오일, 녹차씨추출물, 검정콩오일, 세라마이드엔피, 은행나무잎추출물, 로부르참나무목부추출물, 피토스핑고신, 하이드로제네이티드레시틴, 로즈마리잎추출물, 카놀라오일 / [블랙티앤피그 소프트닝 바디로션] 정제수, 글리세린, 부틸렌글라이콜, 하이드로제네이티드쌀겨오일, 사이클로펜타실록세인, 나이아신아마이드, 하이드로제네이티드폴리(C6-14올레핀), 사이클로헥사실록세인, 다이메티콘, 세틸에틸헥사노에이트, 다이아이소스테아릴말레이트, 1,2-헥산다이올, 하이드록시에틸아크릴레이트/소듐아크릴로일다이메틸타우레이트코폴리머, 향료 (블랙티앤피그향 0.8%), 판테놀, C14-22알코올, 아라키딜알코올, 스테아릭애씨드, 글리세릴스테아레이트, 팔미틱애씨드, 베헤닐알코올, C12-20알킬글루코사이드, 글리세릴카프릴레이트, 아라키딜글루코사이드, 다이소듐이디티에이, 에틸헥실글리세린, 솔비탄아이소스테아레이트, 폴리솔베이트60, 아데노신, 헥실신남알, 리날룰, 시트로넬올, 리모넨, 프로판다이올, 하이드롤라이즈드옥수수전분, 소나무잎추출물, 글루코오스, 녹차씨추출물, 제라니올, 미리스틱애씨드, 아라키딕애씨드, 자일리톨, 세라마이드엔피, 삼나무잎추출물, 동백나무잎추출물, 녹나무잎추출물, 피토스핑고신, 하이드로제네이티드레시틴, 편백잎추출물, 트라이에틸시트레이트, 토코페롤, 동백나무꽃추출물, 동백나무씨오일, 검정콩오일, 은행나무잎추출물, 로부르참나무목부추출물, 녹차추출물, 오렌지추출물, 자몽추출물, 베르가모트추출물, 탄제린추출물, 아스코빅애씨드, 락틱애씨드, 로즈마리잎추출물, 시트릭애씨드, 카놀라오일",롱테이크,롱테이크_블랙티앤피그 소프트닝 바디워시+바디로션
샌달우드 인텐시브 바디워시+바디로션,https://www.amoremall.com/kr/ko/product/detail?onlineProdSn=60754,47619.0,[샌달우드 인텐시브 바디워시] 300ml / [샌달우드 인텐시브 바디로션] 200ml,300.0,ml,"[샌달우드 인텐시브 바디워시] 정제수, 코코넛야자오일, 라우릴하이드록시설테인, 소듐C14-16올레핀설포네이트, 포타슘하이드록사이드, 향료(샌달우드향 2.2%), 프로판다이올, 변성알코올, 부틸렌글라이콜, 글리세린, 하이드롤라이즈드옥수수전분, 소나무잎추출물, 자일리톨, 삼나무잎추출물, 녹나무잎추출물, 편백잎추출물, 트라이에틸시트레이트, 동백나무씨오일, 녹차씨추출물, 검정콩오일, 세라마이드엔피, 은행나무잎추출물, 로부르참나무목부추출물, 피토스핑고신, 하이드로제네이티드레시틴, 로즈마리잎추출물, 카놀라오일 / [샌달우드 인텐시브 바디로션] 정제수, 글리세린, 부틸렌글라이콜, 하이드로제네이티드쌀겨오일, 사이클로펜타실록세인, 나이아신아마이드, 하이드로제네이티드폴리(C6-14올레핀), 사이클로헥사실록세인, 다이메티콘, 세틸에틸헥사노에이트, 다이아이소스테아릴말레이트, 1,2-헥산다이올, 향료 (샌달우드향 0.8%), 하이드록시에틸아크릴레이트/소듐아크릴로일다이메틸타우레이트코폴리머, 판테놀, C14-22알코올, 아라키딜알코올, 스테아릭애씨드, 글리세릴스테아레이트, 팔미틱애씨드, 베헤닐알코올, C12-20알킬글루코사이드, 글리세릴카프릴레이트, 아라키딜글루코사이드, 다이소듐이디티에이, 에틸헥실글리세린, 솔비탄아이소스테아레이트, 폴리솔베이트60, 아데노신, 프로판다이올, 하이드롤라이즈드옥수수전분, 소나무잎추출물, 글루코오스, 녹차씨추출물, 미리스틱애씨드, 아라키딕애씨드, 자일리톨, 세라마이드엔피, 삼나무잎추출물, 동백나무잎추출물, 녹나무잎추출물, 피토스핑고신, 하이드로제네이티드레시틴, 편백잎추출물, 트라이에틸시트레이트, 토코페롤, 동백나무꽃추출물, 동백나무씨오일, 검정콩오일, 은행나무잎추출물, 로부르참나무목부추출물, 녹차추출물, 오렌지추출물, 자몽추출물, 베르가모트추출물, 탄제린추출물, 아스코빅애씨드, 락틱애씨드, 로즈마리잎추출물, 시트릭애씨드, 카놀라오일",롱테이크,롱테이크_샌달우드 인텐시브 바디워시+바디로션
블랙티앤피그 소프트닝 샴푸+트리트먼트,https://www.amoremall.com/kr/ko/product/detail?onlineProdSn=60752,47619.0,[블랙티앤피그 소프트닝 샴푸] 300ml / [블랙티앤피그 소프트닝 트리트먼트] 200ml,300.0,ml,"[블랙티앤피그 소프트닝 샴푸] 정제수, 소듐C14-16올레핀설포네이트, 솔비톨, 라우릴하이드록시설테인, 향료(블랙티앤피그향 2.2%), 다이소듐라우레스설포석시네이트, 코카미도프로필베타인, 코코-글루코사이드, 코카마이드메틸엠이에이, 변성알코올, 카페인, 폴리쿼터늄-10, 소듐살리실레이트, 소듐클로라이드, 소듐시트레이트, 시트릭애씨드, 피피지-3카프릴릴에터, 헥실신남알, 테트라소듐이디티에이, 부틸렌글라이콜, 리날룰, 소듐벤조에이트, 시트로넬올, 리모넨, 하이드롤라이즈드옥수수전분, 소나무잎추출물, 글리세린, 에탄올, 폴리쿼터늄-11, 녹차추출물, 동백나무씨오일, 프로판다이올, 동백나무잎추출물, 편백잎추출물, 콩폴리펩타이드, 동백나무꽃추출물, 트라이에틸시트레이트, 포타슘클로라이드, 글라이코리피드, 오렌지추출물, 자몽추출물, 베르가모트추출물, 탄제린추출물, 아스코빅애씨드, 녹차씨추출물, 락틱애씨드, 검정콩오일, 로부르참나무목부추출, 세라마이드엔피, 피토스핑고신, 로즈마리잎추출물, 하이드로제네이티드레시틴, 카놀라오일 / [블랙티앤피그 소프트닝 트리트먼트] 정제수, 다이메티콘, 부틸렌글라이콜, 다이프로필렌글라이콜, 스테아릴알코올, 베헨트라이모늄메토설페이트, 세틸알코올, 향료(블랙티앤피그향 2.2%), 아모다이메티콘, 카페인, 다이메티콘올, 트라이메틸실록시실리케이트, 다마스크장미꽃추출물, 폴리프로필실세스퀴옥세인, 아미노프로필다이메티콘, 프로판다이올, 카프릴릴메티콘, 헥실신남알, 1,2-헥산다이올, 에틸헥실글리세린, 소듐메타포스페이트, 시트릭애씨드, 캐모마일꽃수, 리날룰, 하이드롤라이즈드식물성단백질, 시트로넬올, 리모넨, 스테아트라이모늄클로라이드, 검정콩추출물, 락틱애씨드, 소듐벤조에이트, 비자나무씨오일, 커먼자스민꽃추출물, 트라이에틸시트레이트, 글리세린, 동백나무씨오일, 세라마이드엔피, 편백잎추출물, 콩폴리펩타이드, 토코페롤, 다시마추출물, 로부르참나무목부추출물, 귀리펩타이드, 알지닌, 세린, 글루타믹애씨드, 트레오닌, 류신, 프롤린, 아스파틱애씨드, 아이소류신, 글라이신, 피토스핑고신, 하이드로제네이티드레시틴, 페닐알라닌, 알라닌, 타이로신, 라이신, 히스티딘, 잔탄검, 발린, 메티오닌, 시스틴, 트립토판",롱테이크,롱테이크_블랙티앤피그 소프트닝 샴푸+트리트먼트
샌달우드 인텐시브 샴푸+트리트먼트,https://www.amoremall.com/kr/ko/product/detail?onlineProdSn=60751,47619.0,[샌달우드 인텐시브 샴푸] 300ml / [샌달우드 인텐시브 트리트먼트] 200ml,300.0,ml,"[샌달우드 인텐시브 샴푸] 정제수, 소듐C14-16올레핀설포네이트, 솔비톨, 라우릴하이드록시설테인, 향료(샌달우드향 2.2%), 다이소듐라우레스설포석시네이트, 코카미도프로필베타인, 코코-글루코사이드, 코카마이드메틸엠이에이, 변성알코올, 카페인, 폴리쿼터늄-10, 소듐살리실레이트, 소듐클로라이드, 소듐시트레이트, 시트릭애씨드, 피피지-3카프릴릴에터, 테트라소듐이디티에이, 부틸렌글라이콜, 리날룰, 소듐벤조에이트, 리모넨, 하이드롤라이즈드옥수수전분, 소나무잎추출물, 글리세린, 에탄올, 폴리쿼터늄-11, 녹차추출물, 동백나무씨오일, 프로판다이올, 동백나무잎추출물, 편백잎추출물, 콩폴리펩타이드, 동백나무꽃추출물, 트라이에틸시트레이트, 포타슘클로라이드, 글라이코리피드, 오렌지추출물, 자몽추출물, 베르가모트추출물, 탄제린추출물, 아스코빅애씨드, 녹차씨추출물, 락틱애씨드, 검정콩오일, 로부르참나무목부추출, 세라마이드엔피, 피토스핑고신, 로즈마리잎추출물, 하이드로제네이티드레시틴, 카놀라오일 / [샌달우드 인텐시브 트리트먼트] 정제수, 다이메티콘, 부틸렌글라이콜, 다이프로필렌글라이콜, 스테아릴알코올, 베헨트라이모늄메토설페이트, 세틸알코올, 향료(샌달우드향 2.2%), 아모다이메티콘, 카페인, 다이메티콘올, 트라이메틸실록시실리케이트, 다마스크장미꽃추출물, 폴리프로필실세스퀴옥세인, 아미노프로필다이메티콘, 프로판다이올, 카프릴릴메티콘, 1,2-헥산다이올, 에틸헥실글리세린, 소듐메타포스페이트, 시트릭애씨드, 캐모마일꽃수, 하이드롤라이즈드식물성단백질, 스테아트라이모늄클로라이드, 하이드롤라이즈드옥수수전분, 소나무잎추출물, 검정콩추출물, 락틱애씨드, 소듐벤조에이트, 비자나무씨오일, 트라이에틸시트레이트, 글리세린, 동백나무씨오일, 세라마이드엔피, 편백잎추출물, 콩폴리펩타이드, 토코페롤, 다시마추출물, 로부르참나무목부추출물, 귀리펩타이드, 알지닌, 세린, 글루타믹애씨드, 트레오닌, 류신, 프롤린, 아스파틱애씨드, 아이소류신, 글라이신, 피토스핑고신, 하이드로제네이티드레시틴, 페닐알라닌, 알라닌, 타이로신, 라이신, 히스티딘, 잔탄검, 발린, 메티오닌, 시스틴, 트립토판",롱테이크,롱테이크_샌달우드 인텐시브 샴푸+트리트먼트
오드 퍼퓸  20ml,https://www.amoremall.com/kr/ko/product/detail?onlineProdSn=59739,44681.0,20ml,20.0,ml,"변성알코올, 향료, 정제수, 리모넨, 부틸렌글라이콜, 제라니올, 리날룰, 파네솔, 시트랄, 편백잎추출물",롱테이크,롱테이크_오드 퍼퓸  20ml
비벨벳 커버쿠션 기획세트 SPF42/PA++,https://www.amoremall.com/kr/ko/product/detail?onlineProdSn=65333,40000.0,본품 13g + 리필 13g,13.0,g,"정제수, 티타늄디옥사이드 (CI 77891), 메틸트라이메티콘, 다이메티콘, 호모살레이트, 부틸렌글라이콜, 티타늄디옥사이드, 라우릴폴리글리세릴-3폴리다이메틸실록시에틸다이메티콘, 실리카, 아이소도데케인, 다이아이소프로필세바케이트, 아크릴레이트/폴리트라이메틸실록시메타크릴레이트코폴리머, 트라이실록세인, 글리세린, 소듐클로라이드, 비닐다이메티콘/메티콘실세스퀴옥세인크로스폴리머, 브이피/헥사데센코폴리머, 1,2-헥산다이올, 변성알코올, 마그네슘/포타슘/실리콘/플루오라이드/하이드록사이드/옥사이드, 다이메티콘크로스폴리머, 알루미늄하이드록사이드, 아크릴레이트/다이메티콘코폴리머, 황색산화철, 다이스테아다이모늄헥토라이트, 트라이하이드록시스테아린, 트라이에톡시카프릴릴실레인, 스테아릭애씨드, 카프릴릴글라이콜, 폴리실리콘-11, 향료, 적색산화철, 글리세릴카프릴레이트, 쌀겨왁스, 글리세릴운데실다이메티콘, 소듐코코일글루타메이트, 흑색산화철, 하이알루로닉애씨드, 라우로일라이신, 알지닌, 토코페롤, 하이드롤라이즈드식물성단백질",에스쁘아,에스쁘아_비벨벳 커버쿠션 기획세트 SPF42/PA++
노웨어 립스틱 바밍글로우 3g,https://www.amoremall.com/kr/ko/product/detail?onlineProdSn=60808,24000.0,3g,3.0,g,"다이펜타에리스리틸펜타아이소스테아레이트, 카프릴릭/카프릭트라이글리세라이드, 옥틸도데칸올, 피토스테릴/옥틸도데실라우로일글루타메이트, 글리세릴운데실다이메티콘, 다이페닐다이메티콘, 합성왁스, 피토스테릴/이소스테아릴/세틸/스테아릴/베헤닐다이머디리놀리에이트, 폴리글리세릴-2트라이아이소스테아레이트, 아크릴레이트/스테아릴아크릴레이트/다이메티콘메타크릴레이트코폴리머, 라우릴폴리글리세릴-3폴리다이메틸실록시에틸다이메티콘, 적색202호, 적색201호, 황색5호, 에틸렌/프로필렌코폴리머, 다이메티콘, 적색산화철, 향료, 토코페롤, 흑색산화철",에스쁘아,에스쁘아_노웨어 립스틱 바밍글로우 3g
더 브로우 밸런스 펜슬 0.1g,https://www.amoremall.com/kr/ko/product/detail?onlineProdSn=53360,16000.0,0.1g,0.1,g,"흑색산화철, 하이드로제네이티드코코-글리세라이즈, 마이카, 황색산화철, 티타늄디옥사이드 (CI 77891), 징크스테아레이트, 검양옻나무열매왁스, 팔미틱애씨드, 적색산화철, 스테아릭애씨드, 카나우바왁스, 마이크로크리스탈린왁스, 합성비즈왁스, 합성왁스, 폴리글리세릴-2트라이아이소스테아레이트, 폴리부텐, 폴리하이드록시스테아릭애씨드, 다이메티콘, 레시틴, 에틸헥실팔미테이트, 아이소스테아릭애씨드, 아이소프로필미리스테이트, 폴리글리세릴-3폴리리시놀리에이트, 카프릴릴글라이콜, 글리세릴카프릴레이트",에스쁘아,에스쁘아_더 브로우 밸런스 펜슬 0.1g
꾸뛰르 립 틴트 글레이즈 4g,https://www.amoremall.com/kr/ko/product/detail?onlineProdSn=63667,22000.0,4g,4.0,g,"정제수, 다이아이소스테아릴말레이트, 비스-다이글리세릴폴리아실아디페이트-2, 비스-베헤닐/아이소스테아릴/피토스테릴다이머다이리놀레일다이머다이리놀리에이트, 하이드로제네이티드폴리아이소부텐, 다이글리세린, 다이페닐다이메티콘, 세틸피이지/피피지-10/1다이메티콘, 트라이메틸실록시페닐다이메티콘, 폴리솔베이트60, 펜틸렌글라이콜, 솔비탄아이소스테아레이트, 폴리글리세릴-4아이소스테아레이트, 페녹시에탄올, 하이드록시에틸아크릴레이트/소듐아크릴로일다이메틸타우레이트코폴리머, 세테아레스-20, 스쿠알란, 향료, 황색5호, 소듐다이라우미도글루타미드라이신, 에틸헥실글리세린, 적색227호, 트라이소듐에틸렌다이아민다이석시네이트, 황색4호, 적색104호의(1)",에스쁘아,에스쁘아_꾸뛰르 립 틴트 글레이즈 4g
비글로우 볼륨쿠션 에어 퍼프 1ea,https://www.amoremall.com/kr/ko/product/detail?onlineProdSn=62434,2000.0,1EA,1.0,EA,해당사항없음,에스쁘아,에스쁘아_비글로우 볼륨쿠션 에어 퍼프 1ea
리얼 아이 애교살 스틱,https://www.amoremall.com/kr/ko/product/detail?onlineProdSn=53359,17000.0,0.5g,0.5,g,"[champagne beam-7mm] C12-15알킬에틸헥사노에이트, 마이카, 티타늄디옥사이드 (CI 77891), 폴리글리세릴-2트라이아이소스테아레이트, 트라이에틸헥사노인, 합성플루오르플로고파이트, 합성왁스, 폴리페닐실세스퀴옥세인, 하이드로제네이티드코코넛오일, 폴리아이소부텐, 옥틸도데칸올, 검양옻나무열매왁스, 아크릴레이트/스테아릴아크릴레이트/다이메티콘메타크릴레이트코폴리머, 마이크로크리스탈린왁스, 합성비즈왁스, 적색산화철, 비닐다이메티콘/메티콘실세스퀴옥세인크로스폴리머, 세레신, 스테아릭애씨드, 다이스테아다이모늄헥토라이트, 카민, 프로필렌카보네이트, 다이메티콘, 비에이치티 [champagne beam-3mm] 티타늄디옥사이드 (CI 77891), C12-15알킬에틸헥사노에이트, 페닐트라이메티콘, 폴리글리세릴-2트라이아이소스테아레이트, 합성왁스, 마이카, 칸데릴라왁스, 브이피/헥사데센코폴리머, 폴리아이소부텐, 황색산화철, 흑색산화철, 적색산화철, 카나우바왁스, 폴리하이드록시스테아릭애씨드, 비닐다이메티콘/메티콘실세스퀴옥세인크로스폴리머, 에틸헥실팔미테이트, 레시틴, 아이소스테아릭애씨드, 아이소프로필미리스테이트, 폴리글리세릴-3폴리리시놀리에이트, 카프릴릴글라이콜, 글리세릴카프릴레이트",에스쁘아,에스쁘아_리얼 아이 애교살 스틱
비글로우 파운데이션 SPF27/PA++ 30g,https://www.amoremall.com/kr/ko/product/detail?onlineProdSn=63661,42000.0,30g,30.0,g,"정제수, 다이페닐실록시페닐트라이메티콘, 티타늄디옥사이드 (CI 77891), 메틸트라이메티콘, 에칠헥실메톡시신나메이트, 글리세린, 부틸렌글라이콜, 라우릴피이지-9폴리다이메틸실록시에틸다이메티콘, 아이소도데케인, 트라이메틸실록시실리케이트, 아이소노닐아이소노나노에이트, 실리카, 폴리페닐실세스퀴옥세인, 다이아이소스테아릴말레이트, 라우릴폴리글리세릴-3폴리다이메틸실록시에틸다이메티콘, 1,2-헥산다이올, 하이드로제네이티드폴리아이소부텐, 다이스테아다이모늄헥토라이트, 소듐클로라이드, 아크릴레이트/폴리트라이메틸실록시메타크릴레이트코폴리머, 다이메티콘, 트라이에틸헥사노인, 트라이하이드록시스테아린, 알루미늄하이드록사이드, 향료, 적색산화철, 트라이에톡시카프릴릴실레인, 카프릴릴글라이콜, 비닐다이메티콘/라우릴다이메티콘크로스폴리머, 아크릴레이트/다이메티콘코폴리머, 에틸헥실글리세린, 황색산화철, 다이소듐이디티에이, 프로필렌카보네이트, 흑색산화철, 비에이치티, 토코페롤, 프로판다이올, 소듐하이알루로네이트, 수용성콜라겐, 하이드롤라이즈드하이알루로닉애씨드, 소듐하이알루로네이트크로스폴리머, 하이알루로닉애씨드, 아세틸헵타펩타이드-4, 소듐아세틸레이티드하이알루로네이트, 아세틸헥사펩타이드-8, 소듐하이드록사이드, 아세틸옥타펩타이드-3",에스쁘아,에스쁘아_비글로우 파운데이션 SPF27/PA++ 30g
아이 오프닝 펜슬 0.3g,https://www.amoremall.com/kr/ko/product/detail?onlineProdSn=64501,18000.0,0.3g,0.3,g,"메틸트라이메티콘, 트라이메틸실록시실리케이트, 흑색산화철, 합성왁스, 마이카, 티타늄디옥사이드 (CI 77891), 마이크로크리스탈린왁스, C13-15알케인, 세틸피이지/피피지-10/1다이메티콘, 폴리글리세릴-3폴리리시놀리에이트, 황색산화철, 트라이에톡시카프릴릴실레인, 페녹시에탄올, 적색산화철, 다이스테아다이모늄헥토라이트, 알루미늄하이드록사이드",에스쁘아,에스쁘아_아이 오프닝 펜슬 0.3g
스트로빙 하이라이터 8g,https://www.amoremall.com/kr/ko/product/detail?onlineProdSn=66542,30000.0,8g,8.0,g,"다이메티콘, 실리카, 알루미나, 마이카, 티타늄디옥사이드 (CI 77891), 합성플루오르플로고파이트, 하이드로제네이티드폴리아이소부텐, 다이메티콘/비닐다이메티콘크로스폴리머, 다이아이소스테아릴말레이트, 마그네슘미리스테이트, 징크스테아레이트, 카프릴릴글라이콜, 에틸헥실글리세린, 틴옥사이드, 적색산화철, 라우레스-4, 정제수, 황색산화철, 코코-카프릴레이트/카프레이트, 토코페롤, 글리세린, 캐스터오일/아이피디아이코폴리머, 카프릴릭/카프릭/석시닉트라이글리세라이드, 트라이에톡시카프릴릴실레인, 1,2-헥산다이올, 소듐하이알루로네이트, 수용성콜라겐, 하이드록시프로필트라이모늄하이알루로네이트, 하이드롤라이즈드하이알루로닉애씨드, 소듐아세틸레이티드하이알루로네이트, 하이알루로닉애씨드, 소듐하이알루로네이트크로스폴리머, 하이드롤라이즈드소듐하이알루로네이트, 포타슘하이알루로네이트",에스쁘아,에스쁘아_스트로빙 하이라이터 8g
꾸뛰르 립 틴트 피팅 블러 4g,https://www.amoremall.com/kr/ko/product/detail?onlineProdSn=64316,22000.0,4g,4.0,g,"다이메티콘, 아이소도데케인, 폴리실리콘-11, 폴리글리세릴-2트라이아이소스테아레이트, 합성왁스, 다이메티콘/폴리글리세린-3크로스폴리머, 다이메티콘크로스폴리머, 브이피/헥사데센코폴리머, 다이메티콘/비닐다이메티콘크로스폴리머, 적색226호, 티타늄디옥사이드 (CI 77891), 적색104호의(1), 적색202호, 폴리하이드록시스테아릭애씨드, 다이스테아다이모늄헥토라이트, 황색5호, 적색산화철, 레시틴, 에틸헥실팔미테이트, 아이소스테아릭애씨드, 아이소프로필미리스테이트, 프로필렌카보네이트, 폴리글리세릴-3폴리리시놀리에이트, 향료, 실리카, 다이프로필렌글라이콜, 청색1호, 알루미늄하이드록사이드, 트라이에톡시카프릴릴실레인, 소듐시트레이트, 토코페롤, 흑색산화철",에스쁘아,에스쁘아_꾸뛰르 립 틴트 피팅 블러 4g
아이 코어 팔레트 9g,https://www.amoremall.com/kr/ko/product/detail?onlineProdSn=62255,36000.0,9g,9.0,g,"[1] 탤크, 마이카, 티타늄디옥사이드 (CI 77891), 메틸메타크릴레이트크로스폴리머, 에이치디아이/트라이메틸올헥실락톤크로스폴리머, 알루미늄전분옥테닐석시네이트, 다이메티콘, 폴리프로필렌, 헥실라우레이트, 페닐트라이메티콘, 다이아이소스테아릴말레이트, 알루미늄미리스테이트, 하이드로제네이티드폴리아이소부텐, 다이펜타에리스리틸헥사하이드록시스테아레이트/헥사스테아레이트/헥사로지네이트, 글리세릴카프릴레이트, 에틸헥실글리세린, 알루미늄하이드록사이드, 트라이에톡시카프릴릴실레인, 실리카, 황색산화철, 적색산화철, 적색226호 [2] 탤크, 마이카, 에이치디아이/트라이메틸올헥실락톤크로스폴리머, 메틸메타크릴레이트크로스폴리머, 알루미늄전분옥테닐석시네이트, 티타늄디옥사이드 (CI 77891), 다이메티콘, 폴리프로필렌, 헥실라우레이트, 페닐트라이메티콘, 다이아이소스테아릴말레이트, 알루미늄미리스테이트, 하이드로제네이티드폴리아이소부텐, 황색산화철, 적색산화철, 다이펜타에리스리틸헥사하이드록시스테아레이트/헥사스테아레이트/헥사로지네이트, 글리세릴카프릴레이트, 알루미늄하이드록사이드, 에틸헥실글리세린, 실리카, 적색226호, 흑색산화철, 트라이에톡시카프릴릴실레인 [3] 탤크, 마이카, 에이치디아이/트라이메틸올헥실락톤크로스폴리머, 메틸메타크릴레이트크로스폴리머, 알루미늄전분옥테닐석시네이트, 티타늄디옥사이드 (CI 77891), 다이메티콘, 폴리프로필렌, 헥실라우레이트, 페닐트라이메티콘, 다이아이소스테아릴말레이트, 알루미늄미리스테이트, 하이드로제네이티드폴리아이소부텐, 알루미늄하이드록사이드, 황색산화철, 다이펜타에리스리틸헥사하이드록시스테아레이트/헥사스테아레이트/헥사로지네이트, 글리세릴카프릴레이트, 적색226호, 에틸헥실글리세린, 실리카, 적색산화철, 트라이에톡시카프릴릴실레인, 흑색산화철 [4] 합성플루오르플로고파이트, 탤크, 칼슘티타늄보로실리케이트, 티타늄디옥사이드 (CI 77891), 칼슘알루미늄보로실리케이트, 페닐트라이메티콘, 트라이에틸헥사노인, 마이카, 다이아이소스테아릴말레이트, 징크스테아레이트, 비스-베헤닐/아이소스테아릴/피토스테릴다이머다이리놀레일다이머다이리놀리에이트, 하이드로제네이티드폴리아이소부텐, 메틸메타크릴레이트크로스폴리머, 나일론-12, 트라이에톡시카프릴릴실레인, 에틸헥실글리세린, 글리세릴카프릴레이트, 틴옥사이드, 적색산화철, 알루미늄하이드록사이드 [5] 탤크, 마이카, 메틸메타크릴레이트크로스폴리머, 에이치디아이/트라이메틸올헥실락톤크로스폴리머, 알루미늄전분옥테닐석시네이트, 티타늄디옥사이드 (CI 77891), 다이메티콘, 폴리프로필렌, 헥실라우레이트, 적색산화철, 페닐트라이메티콘, 다이아이소스테아릴말레이트, 알루미늄미리스테이트, 하이드로제네이티드폴리아이소부텐, 알루미늄하이드록사이드, 다이펜타에리스리틸헥사하이드록시스테아레이트/헥사스테아레이트/헥사로지네이트, 에틸헥실글리세린, 황색산화철, 글리세릴카프릴레이트, 실리카, 적색226호, 트라이에톡시카프릴릴실레인, 흑색산화철 [6] 폴리메틸실세스퀴옥세인, 칼슘티타늄보로실리케이트, 다이아이소스테아릴말레이트, 다이메티콘, 탤크, 페닐트라이메티콘, 다이메티콘/비닐다이메티콘크로스폴리머, 티타늄디옥사이드 (CI 77891), 폴리프로필렌, 칼슘알루미늄보로실리케이트, 하이드로제네이티드폴리아이소부텐, 합성플루오르플로고파이트, 마이카, 1,2-헥산다이올, 에틸헥실글리세린, 글리세릴카프릴레이트, 실리카, 틴옥사이드, 적색산화철, 크로뮴옥사이드그린, 황색4호, 적색226호, 트라이에톡시카프릴릴실레인, 알루미늄하이드록사이드 [7] 탤크, 마이카, 메틸메타크릴레이트크로스폴리머, 에이치디아이/트라이메틸올헥실락톤크로스폴리머, 알루미늄전분옥테닐석시네이트, 다이메티콘, 폴리프로필렌, 티타늄디옥사이드 (CI 77891), 헥실라우레이트, 페닐트라이메티콘, 다이아이소스테아릴말레이트, 알루미늄미리스테이트, 하이드로제네이티드폴리아이소부텐, 다이펜타에리스리틸헥사하이드록시스테아레이트/헥사스테아레이트/헥사로지네이트, 글리세릴카프릴레이트, 황색산화철, 적색산화철, 에틸헥실글리세린, 흑색산화철, 실리카, 알루미늄하이드록사이드, 트라이에톡시카프릴릴실레인, 적색226호 [8] 탤크, 마이카, 메틸메타크릴레이트크로스폴리머, 에이치디아이/트라이메틸올헥실락톤크로스폴리머, 알루미늄전분옥테닐석시네이트, 티타늄디옥사이드 (CI 77891), 다이메티콘, 폴리프로필렌, 헥실라우레이트, 울트라마린, 적색산화철, 페닐트라이메티콘, 다이아이소스테아릴말레이트, 알루미늄미리스테이트, 하이드로제네이티드폴리아이소부텐, 황색산화철, 다이펜타에리스리틸헥사하이드록시스테아레이트/헥사스테아레이트/헥사로지네이트, 에틸헥실글리세린, 글리세릴카프릴레이트, 실리카, 흑색산화철, 트라이에톡시카프릴릴실레인, 알루미늄하이드록사이드 [9] 탤크, 마이카, 마그네슘/포타슘/실리콘/플루오라이드/하이드록사이드/옥사이드, 보론나이트라이드, 티타늄디옥사이드 (CI 77891), 마그네슘스테아레이트, 흑색산화철, 황색산화철, 나일론-12, 적색산화철, 헥실라우레이트, 페닐트라이메티콘, 다이아이소스테아릴말레이트, 옥틸도데실스테아로일스테아레이트, 다이펜타에리스리틸헥사하이드록시스테아레이트/헥사스테아레이트/헥사로지네이트, 트라이에톡시카프릴릴실레인, 아이소스테아릴네오펜타노에이트, 에틸헥실글리세린, 하이드로젠다이메티콘, 글리세릴카프릴레이트, 알루미늄하이드록사이드 [10] 탤크, 마이카, 메틸메타크릴레이트크로스폴리머, 에이치디아이/트라이메틸올헥실락톤크로스폴리머, 알루미늄전분옥테닐석시네이트, 다이메티콘, 폴리프로필렌, 헥실라우레이트, 티타늄디옥사이드 (CI 77891), 적색산화철, 페닐트라이메티콘, 다이아이소스테아릴말레이트, 황색산화철, 울트라마린, 흑색산화철, 알루미늄미리스테이트, 하이드로제네이티드폴리아이소부텐, 다이펜타에리스리틸헥사하이드록시스테아레이트/헥사스테아레이트/헥사로지네이트, 에틸헥실글리세린, 글리세릴카프릴레이트, 실리카, 트라이에톡시카프릴릴실레인, 알루미늄하이드록사이드 [11] 칼슘티타늄보로실리케이트, 마이카, 탤크, 티타늄디옥사이드 (CI 77891), 페닐트라이메티콘, 칼슘알루미늄보로실리케이트, 트라이에틸헥사노인, 다이아이소스테아릴말레이트, 나일론-12, 징크스테아레이트, 비스-베헤닐/아이소스테아릴/피토스테릴다이머다이리놀레일다이머다이리놀리에이트, 하이드로제네이티드폴리아이소부텐, 메틸메타크릴레이트크로스폴리머, 적색산화철, 에틸헥실글리세린, 글리세릴카프릴레이트, 틴옥사이드, 알루미늄하이드록사이드, 적색226호, 트라이에톡시카프릴릴실레인 [12] 탤크, 마이카, 흑색산화철, 메틸메타크릴레이트크로스폴리머, 에이치디아이/트라이메틸올헥실락톤크로스폴리머, 알루미늄전분옥테닐석시네이트, 티타늄디옥사이드 (CI 77891), 황색산화철, 적색산화철, 폴리프로필렌, 다이메티콘, 헥실라우레이트, 페닐트라이메티콘, 다이아이소스테아릴말레이트, 알루미늄미리스테이트, 하이드로제네이티드폴리아이소부텐, 알루미늄하이드록사이드, 울트라마린, 다이펜타에리스리틸헥사하이드록시스테아레이트/헥사스테아레이트/헥사로지네이트, 글리세릴카프릴레이트, 에틸헥실글리세린, 실리카, 적색226호, 트라이에톡시카프릴릴실레인",에스쁘아,에스쁘아_아이 코어 팔레트 9g
노웨어 립스틱 볼륨 매트,https://www.amoremall.com/kr/ko/product/detail?onlineProdSn=61549,24000.0,3g,3.0,g,"C18-21알케인, 다이메티콘, 다이페닐다이메티콘/비닐다이페닐다이메티콘/실세스퀴옥세인크로스폴리머, 마그네슘/포타슘/실리콘/플루오라이드/하이드록사이드/옥사이드, 폴리글리세릴-2트라이아이소스테아레이트, 합성왁스, 카프릴릴메티콘, 펜타에리스리틸테트라아이소스테아레이트, 다이메티콘크로스폴리머, 티타늄디옥사이드 (CI 77891), 트라이메틸실록시실리케이트, 마이크로크리스탈린왁스, 칸데릴라왁스, 적색산화철, 다이스테아다이모늄헥토라이트, 에틸렌/프로필렌코폴리머, 라우릴폴리글리세릴-3폴리다이메틸실록시에틸다이메티콘, 적색202호, 폴리메틸실세스퀴옥세인, 세테아릴다이메티콘크로스폴리머, 소듐코코일글루타메이트, 청색1호, 프로필렌카보네이트, 향료, 적색201호, 라우로일라이신, 트라이에톡시카프릴릴실레인, 알루미늄하이드록사이드, 글리세린, 세라마이드엔피, 정제수, 토코페롤, 1,2-헥산다이올, 수용성콜라겐, 다마스크장미꽃추출물",에스쁘아,에스쁘아_노웨어 립스틱 볼륨 매트
프로테일러 비내추럴 쿠션 SPF50+/PA++++,https://www.amoremall.com/kr/ko/product/detail?onlineProdSn=64502,40000.0,본품 14g + 리필 14g,14.0,g,"정제수, 트라이메틸실록시실리케이트, 호모살레이트, 부틸옥틸살리실레이트, 티타늄디옥사이드 (CI 77891), 에칠헥실살리실레이트, 다이페닐실록시페닐트라이메티콘, 사이클로펜타실록세인, 징크옥사이드, 티타늄디옥사이드, 글리세린, 부틸렌글라이콜, 라우릴피이지-10트리스(트라이메틸실록시)실릴에틸다이메티콘, 페닐트라이메티콘, 나이아신아마이드, 세틸피이지/피피지-10/1다이메티콘, 아크릴레이트/다이메티콘코폴리머, 다이메티콘, 다이스테아다이모늄헥토라이트, 마그네슘설페이트, 폴리메틸실세스퀴옥세인, 솔비탄세스퀴올리에이트, 프로판다이올, 1,2-헥산다이올, 다이메티콘/비닐다이메티콘크로스폴리머, 황색산화철, 글리세릴베헤네이트/에이코사디오에이트, 트라이에톡시카프릴릴실레인, 스테아릭애씨드, 카프릴릴글라이콜, 향료, 실리카다이메틸실릴레이트, 알루미늄하이드록사이드, 알루미나, 에틸헥실글리세린, 적색산화철, 아데노신, 흑색산화철, 석류추출물, 하이드롤라이즈드식물성단백질, 토코페롤, 펜타에리스리틸테트라-다이-T-부틸하이드록시하이드로신나메이트, 소듐하이알루로네이트, 하이알루로닉애씨드, 아스코빅애씨드, 레스베라트롤",에스쁘아,에스쁘아_프로테일러 비내추럴 쿠션 SPF50+/PA++++
더브로우 컬러 픽싱 카라 3g,https://www.amoremall.com/kr/ko/product/detail?onlineProdSn=58296,16000.0,3g,3.0,g,"아이소도데케인, 트라이메틸실록시실리케이트, 탤크, 합성왁스, 티타늄디옥사이드 (CI 77891), 황색산화철, 다이스테아다이모늄헥토라이트, 하이드로제네이티드폴리아이소부텐, 적색산화철, 흑색산화철, 덱스트린팔미테이트/에틸헥사노에이트, 프로필렌카보네이트, 폴리프로필실세스퀴옥세인, 알루미늄미리스테이트, 트라이에톡시카프릴릴실레인, 글리세릴카프릴레이트, 알루미늄하이드록사이드",에스쁘아,에스쁘아_더브로우 컬러 픽싱 카라 3g
워터 스플래쉬 선크림 세라마이드 기획세트 SPF50+/PA++++,https://www.amoremall.com/kr/ko/product/detail?onlineProdSn=66113,22000.0,60ml,60.0,ml,"정제수, 부틸렌글라이콜, C12-15알킬벤조에이트, 에칠헥실메톡시신나메이트, 티타늄디옥사이드, 비스-에칠헥실옥시페놀메톡시페닐트리아진, 디에칠아미노하이드록시벤조일헥실벤조에이트, 사이클로펜타실록세인, 실리카, 사이클로헥사실록세인, 다이페닐실록시페닐트라이메티콘, 1,2-헥산다이올, 폴리아크릴레이트-13, 알루미늄스테아레이트, 폴리하이드록시스테아릭애씨드, 알루미나, 폴리아이소부텐, 스테아릭애씨드, 향료, 카프릴릴글라이콜, 카보머, 다이소듐이디티에이, 에틸헥실글리세린, 폴리솔베이트20, 솔비탄아이소스테아레이트, 적색산화철, 황색산화철, 세라마이드엔피, 프로판다이올, 비에이치티, 병풀꽃/잎/줄기추출물, 창포뿌리추출물, 토코페롤, 아세틸테트라펩타이드-5",에스쁘아,에스쁘아_워터 스플래쉬 선크림 세라마이드 기획세트 SPF50+/PA++++
비글로우 볼륨 쿠션 SPF42/PA+++,https://www.amoremall.com/kr/ko/product/detail?onlineProdSn=62231,40000.0,13*2(본품 13g + 리필 13g),13.0,g,"정제수, 페닐트라이메티콘, 티타늄디옥사이드 (CI 77891), 호모살레이트, 프로판다이올, 카프릴릴메티콘, 다이메티콘, 아이소노닐아이소노나노에이트, 티타늄디옥사이드, 트라이메틸실록시실리케이트, 옥틸도데실네오펜타노에이트, 비스-다이글리세릴폴리아실아디페이트-2, 나이아신아마이드, 라우릴폴리글리세릴-3폴리다이메틸실록시에틸다이메티콘, 폴리글리세릴-6폴리리시놀리에이트, 다이스테아다이모늄헥토라이트, 아이소도데케인, 1,2-헥산다이올, 합성왁스, 알루미늄하이드록사이드, 스테아릭애씨드, 폴리글리세릴-2아이소스테아레이트, 소듐클로라이드, 비닐다이메티콘/메티콘실세스퀴옥세인크로스폴리머, 폴리하이드록시스테아릭애씨드, 솔비탄세스퀴올리에이트, 다이소듐스테아로일글루타메이트, 카프릴릴글라이콜, 향료, 황색산화철, 토코페릴리놀리에이트, 비스머스옥시클로라이드, 소듐메타포스페이트, 글리세릴카프릴레이트, 에틸헥실글리세린, 레시틴, 적색산화철, 아데노신, 에틸헥실팔미테이트, 아이소스테아릭애씨드, 아이소프로필미리스테이트, 폴리글리세릴-3폴리리시놀리에이트, 흑색산화철, 티몰트라이메톡시신나메이트, 글루타티온, 락토바실러스발효용해물, 트라이에톡시카프릴릴실레인, 부틸렌글라이콜, 토코페롤, 글리세린, 하이드롤라이즈드식물성단백질",에스쁘아,에스쁘아_비글로우 볼륨 쿠션 SPF42/PA+++
베어 글로우 립밤 3g,https://www.amoremall.com/kr/ko/product/detail?onlineProdSn=66110,24000.0,3g,3.0,g,"하이드로제네이티드폴리아이소부텐, 다이아이소스테아릴말레이트, 하이드로제네이티드캐스터오일다이머다이리놀레에이트, 비스-다이글리세릴폴리아실아디페이트-2, 카프릴릭/카프릭트라이글리세라이드, 합성왁스, 폴리글리세릴-2트라이아이소스테아레이트, 시어버터, 실리카다이메틸실릴레이트, 옥틸도데칸올, 에틸렌/프로필렌코폴리머, 폴리아마이드-8, 칸데릴라왁스, 시어버터불검화물, 폴리하이드록시스테아릭애씨드, 티타늄디옥사이드 (CI 77891), 다이메티콘, 향료, 레시틴, 에틸헥실팔미테이트, 아이소스테아릭애씨드, 아이소프로필미리스테이트, 락틱애씨드, 폴리글리세릴-3폴리리시놀리에이트, 적색223호, 정제수, 적색202호, 적색226호, 펜타에리스리틸테트라-다이-T-부틸하이드록시하이드로신나메이트, 락토바실러스발효용해물, 아스코빅애씨드, 토코페롤, 프로판다이올, 글리세린, 아라비아고무나무검, 울금뿌리추출물, 말토덱스트린, 1,2-헥산다이올, 에틸헥실글리세린",에스쁘아,에스쁘아_베어 글로우 립밤 3g
스키니 픽스 블렌더,https://www.amoremall.com/kr/ko/product/detail?onlineProdSn=58946,10000.0,0.9g,0.9,g,해당사항없음,에스쁘아,에스쁘아_스키니 픽스 블렌더
아이 코어 팔레트 기획세트,https://www.amoremall.com/kr/ko/product/detail?onlineProdSn=65335,36000.0,9g,9.0,g,"""[Minnie] 탤크, 티타늄디옥사이드 (CI 77891), 마이카, 메틸메타크릴레이트크로스폴리머, 에이치디아이/트라이메틸올헥실락톤크로스폴리머, 알루미늄전분옥테닐석시네이트, 폴리프로필렌, 하이드록시아파타이트, 다이메티콘, 헥실라우레이트, 페닐트라이메티콘, 다이아이소스테아릴말레이트, 1,2-헥산다이올, 알루미늄미리스테이트, 하이드로제네이티드폴리아이소부텐, 알루미늄하이드록사이드, 트라이에톡시카프릴릴실레인, 다이펜타에리스리틸헥사하이드록시스테아레이트/헥사스테아레이트/헥사로지네이트, 에틸헥실글리세린, 글리세릴카프릴레이트, 실리카, 황색산화철, 적색산화철, 아이소프로필티타늄트라이아이소스테아레이트, 적색226호, 미리스틱애씨드 [choose] 폴리프로필렌, 칼슘티타늄보로실리케이트, 칼슘알루미늄보로실리케이트, 알루미늄전분옥테닐석시네이트, 페닐트라이메티콘, 다이아이소스테아릴말레이트, 비스-다이글리세릴폴리아실아디페이트-2, 비스-베헤닐/아이소스테아릴/피토스테릴다이머다이리놀레일다이머다이리놀리에이트, 징크스테아레이트, 헥실라우레이트, 카프릴릭/카프릭트라이글리세라이드, 폴리부틸렌테레프탈레이트, 티타늄디옥사이드 (CI 77891), 아크릴레이트코폴리머, 에틸렌/브이에이코폴리머, 하이드로제네이티드유채씨오일, 1,2-헥산다이올, 실리카, 에틸헥실글리세린, 글리세릴카프릴레이트, 틴옥사이드, 황색4호, 황색산화철 [super hype] 탤크, 마이카, 티타늄디옥사이드 (CI 77891), 메틸메타크릴레이트크로스폴리머, 에이치디아이/트라이메틸올헥실락톤크로스폴리머, 알루미늄전분옥테닐석시네이트, 칼슘티타늄보로실리케이트, 폴리프로필렌, 다이메티콘, 헥실라우레이트, 페닐트라이메티콘, 다이아이소스테아릴말레이트, 알루미늄하이드록사이드, 1,2-헥산다이올, 알루미늄미리스테이트, 황색산화철, 하이드로제네이티드폴리아이소부텐, 적색산화철, 황색4호, 다이펜타에리스리틸헥사하이드록시스테아레이트/헥사스테아레이트/헥사로지네이트, 에틸헥실글리세린, 적색226호, 트라이에톡시카프릴릴실레인, 울트라마린, 글리세릴카프릴레이트, 실리카, 틴옥사이드 [track] 티타늄디옥사이드 (CI 77891), 마이카, 칼슘알루미늄보로실리케이트, 탤크, 페닐트라이메티콘, 트라이에틸헥사노인, 다이아이소스테아릴말레이트, 메틸메타크릴레이트크로스폴리머, 징크스테아레이트, 비스-베헤닐/아이소스테아릴/피토스테릴다이머다이리놀레일다이머다이리놀리에이트, 하이드로제네이티드폴리아이소부텐, 칼슘티타늄보로실리케이트, 1,2-헥산다이올, 틴옥사이드, 에틸헥실글리세린, 글리세릴카프릴레이트, 황색산화철, 울트라마린, 알루미늄하이드록사이드, 적색산화철, 적색226호, 트라이에톡시카프릴릴실레인, 합성플루오르플로고파이트 [and] 탤크, 마이카, 메틸메타크릴레이트크로스폴리머, 에이치디아이/트라이메틸올헥실락톤크로스폴리머, 알루미늄전분옥테닐석시네이트, 다이메티콘, 폴리프로필렌, 알루미늄하이드록사이드, 헥실라우레이트, 적색226호, 티타늄디옥사이드 (CI 77891), 울트라마린, 페닐트라이메티콘, 다이아이소스테아릴말레이트, 적색산화철, 1,2-헥산다이올, 알루미늄미리스테이트, 하이드로제네이티드폴리아이소부텐, 에틸헥실글리세린, 다이펜타에리스리틸헥사하이드록시스테아레이트/헥사스테아레이트/헥사로지네이트, 글리세릴카프릴레이트, 실리카, 황색산화철, 트라이에톡시카프릴릴실레인 [danced] 탤크, 마이카, 티타늄디옥사이드 (CI 77891), 메틸메타크릴레이트크로스폴리머, 에이치디아이/트라이메틸올헥실락톤크로스폴리머, 알루미늄전분옥테닐석시네이트, 폴리프로필렌, 다이메티콘, 헥실라우레이트, 페닐트라이메티콘, 다이아이소스테아릴말레이트, 황색4호, 적색산화철, 하이드로제네이티드폴리아이소부텐, 1,2-헥산다이올, 알루미늄미리스테이트, 알루미늄하이드록사이드, 트라이에톡시카프릴릴실레인, 다이펜타에리스리틸헥사하이드록시스테아레이트/헥사스테아레이트/헥사로지네이트, 에틸헥실글리세린, 글리세릴카프릴레이트, 실리카, 흑색산화철, 적색226호, 황색산화철, 울트라마린 [with] 탤크, 마이카, 메틸메타크릴레이트크로스폴리머, 에이치디아이/트라이메틸올헥실락톤크로스폴리머, 알루미늄전분옥테닐석시네이트, 티타늄디옥사이드 (CI 77891), 다이메티콘, 폴리프로필렌, 합성플루오르플로고파이트, 헥실라우레이트, 페닐트라이메티콘, 다이아이소스테아릴말레이트, 알루미늄하이드록사이드, 1,2-헥산다이올, 알루미늄미리스테이트, 적색산화철, 하이드로제네이티드폴리아이소부텐, 적색226호, 울트라마린, 다이펜타에리스리틸헥사하이드록시스테아레이트/헥사스테아레이트/헥사로지네이트, 에틸헥실글리세린, 글리세릴카프릴레이트, 실리카, 황색산화철, 흑색산화철, 틴옥사이드 [hip] 마이카, 탤크, 헥실라우레이트, 다이메티콘/비닐다이메티콘크로스폴리머, 티타늄디옥사이드 (CI 77891), 다이메티콘, 다이아이소스테아릴말레이트, 페닐트라이메티콘, 실리카, 폴리메틸실세스퀴옥세인, 다이메티콘크로스폴리머, 1,2-헥산다이올, 카프릴릭/카프릭트라이글리세라이드, 알루미늄하이드록사이드, 황색산화철, 적색산화철, 메티콘, 에틸헥실글리세린, 트라이에톡시카프릴릴실레인, 글리세릴카프릴레이트, 적색226호, 흑색산화철 [groove] 탤크, 마이카, 메틸메타크릴레이트크로스폴리머, 에이치디아이/트라이메틸올헥실락톤크로스폴리머, 알루미늄전분옥테닐석시네이트, 티타늄디옥사이드 (CI 77891), 적색산화철, 다이메티콘, 폴리프로필렌, 울트라마린, 헥실라우레이트, 페닐트라이메티콘, 다이아이소스테아릴말레이트, 흑색산화철, 1,2-헥산다이올, 알루미늄미리스테이트, 하이드로제네이티드폴리아이소부텐, 다이펜타에리스리틸헥사하이드록시스테아레이트/헥사스테아레이트/헥사로지네이트, 에틸헥실글리세린, 황색산화철, 글리세릴카프릴레이트, 알루미늄하이드록사이드, 실리카, 적색226호, 트라이에톡시카프릴릴실레인 [she] 칼슘알루미늄보로실리케이트, 칼슘티타늄보로실리케이트, 폴리프로필렌, 비스-베헤닐/아이소스테아릴/피토스테릴다이머다이리놀레일다이머다이리놀리에이트, 티타늄디옥사이드 (CI 77891), 다이아이소스테아릴말레이트, 프로필렌글라이콜다이벤조에이트, 아이소노닐아이소노나노에이트, 카프릴릭/카프릭트라이글리세라이드, 징크스테아레이트, 하이드로제네이티드캐스터오일아이소스테아레이트, 마이카, 탤크, 라우로일라이신, 실리카, 1,2-헥산다이올, 하이드로제네이티드유채씨오일, 적색산화철, 에틸헥실글리세린, 틴옥사이드, 글리세릴카프릴레이트, 알루미늄하이드록사이드, 적색226호, 트라이에톡시카프릴릴실레인, 흑색산화철 [could] 탤크, 마이카, 메틸메타크릴레이트크로스폴리머, 에이치디아이/트라이메틸올헥실락톤크로스폴리머, 알루미늄전분옥테닐석시네이트, 티타늄디옥사이드 (CI 77891), 적색산화철, 폴리프로필렌, 다이메티콘, 흑색산화철, 울트라마린, 황색산화철, 헥실라우레이트, 다이아이소스테아릴말레이트, 페닐트라이메티콘, 1,2-헥산다이올, 알루미늄미리스테이트, 하이드로제네이티드폴리아이소부텐, 에틸헥실글리세린, 황색4호, 다이펜타에리스리틸헥사하이드록시스테아레이트/헥사스테아레이트/헥사로지네이트, 글리세릴카프릴레이트, 실리카, 트라이에톡시카프릴릴실레인, 알루미늄하이드록사이드, 아이소도데케인, 틴옥사이드 [feel.] 탤크, 흑색산화철, 마이카, 메틸메타크릴레이트크로스폴리머, 폴리프로필렌, 다이메티콘, 울트라마린, 헥실라우레이트, 페닐트라이메티콘, 다이아이소스테아릴말레이트, 1,2-헥산다이올, 알루미늄미리스테이트, 하이드로제네이티드폴리아이소부텐, 에틸헥실글리세린, 다이펜타에리스리틸헥사하이드록시스테아레이트/헥사스테아레이트/헥사로지네이트, 글리세릴카프릴레이트, 황색산화철, 적색산화철, 티타늄디옥사이드 (CI 77891), 트라이에톡시카프릴릴실레인, 알루미늄하이드록사이드""",에스쁘아,에스쁘아_아이 코어 팔레트 기획세트
노웨어 립스틱 바밍 글로우,https://www.amoremall.com/kr/ko/product/detail?onlineProdSn=65334,24000.0,3g,3.0,g,"다이펜타에리스리틸펜타아이소스테아레이트, 카프릴릭/카프릭트라이글리세라이드, 피토스테릴/옥틸도데실라우로일글루타메이트, 옥틸도데칸올, 글리세릴운데실다이메티콘, 다이페닐다이메티콘, 합성왁스, 피토스테릴/이소스테아릴/세틸/스테아릴/베헤닐다이머디리놀리에이트, 폴리글리세릴-2트라이아이소스테아레이트, 라우릴폴리글리세릴-3폴리다이메틸실록시에틸다이메티콘, 티타늄디옥사이드 (CI 77891), 아크릴레이트/스테아릴아크릴레이트/다이메티콘메타크릴레이트코폴리머, 황색5호, 적색202호, 폴리하이드록시스테아릭애씨드, 에틸렌/프로필렌코폴리머, 다이메티콘, 레시틴, 향료, 에틸헥실팔미테이트, 아이소스테아릭애씨드, 아이소프로필미리스테이트, 폴리글리세릴-3폴리리시놀리에이트, 적색산화철, 적색104호의(1), 알루미늄하이드록사이드, 트라이에톡시카프릴릴실레인, 토코페롤, 흑색산화철",에스쁘아,에스쁘아_노웨어 립스틱 바밍 글로우
블러리 치크,https://www.amoremall.com/kr/ko/product/detail?onlineProdSn=65332,22000.0,4.7g,4.7,g,"탤크, 티타늄디옥사이드 (CI 77891), 마이카, 합성플루오르플로고파이트, 폴리메틸메타크릴레이트, 보론나이트라이드, 다이메티콘, 징크스테아레이트, 마그네슘미리스테이트, 헥실라우레이트, 네오펜틸글라이콜다이헵타노에이트, 비닐다이메티콘/메티콘실세스퀴옥세인크로스폴리머, 알루미늄하이드록사이드, 다이메티콘크로스폴리머, 다이펜타에리스리틸헥사하이드록시스테아레이트/헥사스테아레이트/헥사로지네이트, 트라이에톡시카프릴릴실레인, 1,2-헥산다이올, 적색226호, 에틸헥실글리세린, 라우로일라이신, 적색산화철, 울트라마린, 황색산화철, 글리세릴카프릴레이트, 틴옥사이드",에스쁘아,에스쁘아_블러리 치크
비벨벳 파운데이션 SPF22/PA++,https://www.amoremall.com/kr/ko/product/detail?onlineProdSn=64506,42000.0,30g,30.0,g,"정제수, 티타늄디옥사이드 (CI 77891), 메틸트라이메티콘, 카프릴릴메티콘, 에칠헥실메톡시신나메이트, 부틸렌글라이콜, 페닐트라이메티콘, 다이메티콘, 라우릴피이지-9폴리다이메틸실록시에틸다이메티콘, 실리카, 트라이메틸실록시실리케이트, 글리세린, 자일리톨, 아이소도데케인, C20-24알킬다이메티콘, 1,2-헥산다이올, 다이스테아다이모늄헥토라이트, 피이지-10다이메티콘, 트라이실록세인, 다이메티콘/비닐다이메티콘크로스폴리머, 아크릴레이트/폴리트라이메틸실록시메타크릴레이트코폴리머, 알루미늄하이드록사이드, 소듐클로라이드, 트라이하이드록시스테아린, 트라이에톡시카프릴릴실레인, 황색산화철, 카프릴릴글라이콜, 향료, 합성플루오르플로고파이트, 글리세릴카프릴레이트, 적색산화철, 폴리메틸실세스퀴옥세인, 흑색산화철, 하이알루로닉애씨드, 락토바실러스발효용해물, 비에이치티, 프로판다이올, 토코페롤, 하이드롤라이즈드식물성단백질, 에틸헥실글리세린",에스쁘아,에스쁘아_비벨벳 파운데이션 SPF22/PA++
더브로우 이지쉐이핑 펜슬,https://www.amoremall.com/kr/ko/product/detail?onlineProdSn=62010,18000.0,0.2g,0.2,g,"합성플루오르플로고파이트, 스테아릭애씨드, 검양옻나무열매왁스, 하이드로제네이티드캐스터오일, 흑색산화철, 트라이에틸헥사노인, 황색산화철, 피토스테릴/이소스테아릴/세틸/스테아릴/베헤닐다이머디리놀리에이트, 수크로오스테트라스테아레이트트라이아세테이트, 적색산화철, 솔비탄스테아레이트, 티타늄디옥사이드 (CI 77891), 페녹시에탄올",에스쁘아,에스쁘아_더브로우 이지쉐이핑 펜슬
플럼피즈 오버립 펜슬,https://www.amoremall.com/kr/ko/product/detail?onlineProdSn=63016,20000.0,0.4g,0.4,g,"폴리프로필실세스퀴옥세인, 합성왁스, 메틸트라이메티콘, 폴리글리세릴-2트라이아이소스테아레이트, 티타늄디옥사이드 (CI 77891), 다이머다이리놀레일다이머다이리놀리에이트, 아이소도데케인, 마이카, C12-15알킬에틸헥사노에이트, 트라이메틸실록시실리케이트/다이메티콘올크로스폴리머, 칸데릴라왁스, 실리카, 적색산화철, 스테아랄코늄헥토라이트, 멘톡시프로판다이올, 바닐릴부틸에터, 황색산화철, 적색202호, 흑색산화철, 카프릴릴글라이콜, 에틸헥실글리세린, 글리세릴카프릴레이트, 시어버터, 하이드로제네이티드코코넛오일",에스쁘아,에스쁘아_플럼피즈 오버립 펜슬
비벨벳 커버 쿠션 SPF42/PA++,https://www.amoremall.com/kr/ko/product/detail?onlineProdSn=63665,40000.0,본품 13g + 리필 13g,13.0,g,"정제수, 티타늄디옥사이드 (CI 77891), 메틸트라이메티콘, 다이메티콘, 호모살레이트, 부틸렌글라이콜, 티타늄디옥사이드, 라우릴폴리글리세릴-3폴리다이메틸실록시에틸다이메티콘, 실리카, 아이소도데케인, 다이아이소프로필세바케이트, 아크릴레이트/폴리트라이메틸실록시메타크릴레이트코폴리머, 트라이실록세인, 글리세린, 소듐클로라이드, 비닐다이메티콘/메티콘실세스퀴옥세인크로스폴리머, 브이피/헥사데센코폴리머, 1,2-헥산다이올, 변성알코올, 마그네슘/포타슘/실리콘/플루오라이드/하이드록사이드/옥사이드, 다이메티콘크로스폴리머, 알루미늄하이드록사이드, 아크릴레이트/다이메티콘코폴리머, 황색산화철, 다이스테아다이모늄헥토라이트, 트라이하이드록시스테아린, 트라이에톡시카프릴릴실레인, 스테아릭애씨드, 카프릴릴글라이콜, 폴리실리콘-11, 향료, 적색산화철, 글리세릴카프릴레이트, 쌀겨왁스, 글리세릴운데실다이메티콘, 소듐코코일글루타메이트, 흑색산화철, 하이알루로닉애씨드, 라우로일라이신, 알지닌, 토코페롤, 하이드롤라이즈드식물성단백질",에스쁘아,에스쁘아_비벨벳 커버 쿠션 SPF42/PA++
비글로우 스틱 파운데이션 SPF50+/PA++++ 11g,https://www.amoremall.com/kr/ko/product/detail?onlineProdSn=62240,32000.0,11g,11.0,g,"티타늄디옥사이드 (CI 77891), 합성왁스, 다이카프릴릴카보네이트, 에칠헥실메톡시신나메이트, 실리카, 부틸옥틸살리실레이트, C12-15알킬벤조에이트, 에칠헥실살리실레이트, 호모살레이트, 비스-베헤닐/아이소스테아릴/피토스테릴다이머다이리놀레일다이머다이리놀리에이트, C10-18트라이글리세라이즈, 피토스테릴/이소스테아릴/세틸/스테아릴/베헤닐다이머디리놀리에이트, 다이아이소스테아릴말레이트, 솔비탄세스퀴올리에이트, 다이부틸아디페이트, 비스-에칠헥실옥시페놀메톡시페닐트리아진, 디에칠아미노하이드록시벤조일헥실벤조에이트, 트라이에틸헥사노인, 폴리하이드록시스테아릭애씨드, 브이피/헥사데센코폴리머, 하이드로제네이티드폴리(C6-14올레핀), 폴리C10-30알킬아크릴레이트, 합성플루오르플로고파이트, 황색산화철, 아이소프로필티타늄트라이아이소스테아레이트, 다이메티콘, 알루미늄하이드록사이드, 글리세릴카프릴레이트, 카프릴릭/카프릭트라이글리세라이드, 카프릴릴글라이콜, 적색산화철, 다이메티콘크로스폴리머, 메도우폼씨오일, 에틸헥실글리세린, 트라이에톡시카프릴릴실레인, 스테아랄코늄헥토라이트, 프로필렌카보네이트, 흑색산화철, 토코페롤, 정제수, 알지닌/라이신폴리펩타이드, 1,2-헥산다이올, 소듐하이알루로네이트, 소르빅애씨드",에스쁘아,에스쁘아_비글로우 스틱 파운데이션 SPF50+/PA++++ 11g
노머징 마스카라 워터프루프 XP 9g,https://www.amoremall.com/kr/ko/product/detail?onlineProdSn=53316,23000.0,9 g / 0.31 oz.,9.0,g,"아이소도데케인, 트라이메틸실록시실리케이트, 폴리에틸렌, 마이크로크리스탈린왁스, 부틸아크릴레이트/하이드록시프로필다이메티콘아크릴레이트코폴리머, 흑색산화철, 덱스트린팔미테이트/에틸헥사노에이트, 다이스테아다이모늄헥토라이트, 세레신, 실리카, 마이카, 프로필렌카보네이트, 트라이에톡시카프릴릴실레인, 비에이치티",에스쁘아,에스쁘아_노머징 마스카라 워터프루프 XP 9g
갤럭시 에디션,https://www.amoremall.com/kr/ko/product/detail?onlineProdSn=66893,24000.0,[본품] 13g [증정 듀라이크 젤로 글로우라이저] 7ml,13.0,g,"정제수, 티타늄디옥사이드 (CI 77891), 메틸트라이메티콘, 다이메티콘, 호모살레이트, 부틸렌글라이콜, 티타늄디옥사이드, 라우릴폴리글리세릴-3폴리다이메틸실록시에틸다이메티콘, 실리카, 아이소도데케인, 다이아이소프로필세바케이트, 아크릴레이트/폴리트라이메틸실록시메타크릴레이트코폴리머, 트라이실록세인, 글리세린, 소듐클로라이드, 비닐다이메티콘/메티콘실세스퀴옥세인크로스폴리머, 브이피/헥사데센코폴리머, 1,2-헥산다이올, 변성알코올, 마그네슘/포타슘/실리콘/플루오라이드/하이드록사이드/옥사이드, 다이메티콘크로스폴리머, 알루미늄하이드록사이드, 아크릴레이트/다이메티콘코폴리머, 황색산화철, 다이스테아다이모늄헥토라이트, 트라이하이드록시스테아린, 트라이에톡시카프릴릴실레인, 스테아릭애씨드, 카프릴릴글라이콜, 폴리실리콘-11, 향료, 적색산화철, 글리세릴카프릴레이트, 쌀겨왁스, 글리세릴운데실다이메티콘, 소듐코코일글루타메이트, 흑색산화철, 하이알루로닉애씨드, 라우로일라이신, 알지닌, 토코페롤, 하이드롤라이즈드식물성단백질",에스쁘아,에스쁘아_갤럭시 에디션
워터스플래쉬 선크림  SPF50+/PA++++,https://www.amoremall.com/kr/ko/product/detail?onlineProdSn=66268,22000.0,60ml,60.0,ml,"정제수, 부틸렌글라이콜, C12-15알킬벤조에이트, 에칠헥실메톡시신나메이트, 티타늄디옥사이드, 비스-에칠헥실옥시페놀메톡시페닐트리아진, 디에칠아미노하이드록시벤조일헥실벤조에이트, 사이클로펜타실록세인, 실리카, 사이클로헥사실록세인, 다이페닐실록시페닐트라이메티콘, 1,2-헥산다이올, 폴리아크릴레이트-13, 알루미늄스테아레이트, 폴리하이드록시스테아릭애씨드, 알루미나, 폴리아이소부텐, 스테아릭애씨드, 향료, 카프릴릴글라이콜, 카보머, 다이소듐이디티에이, 에틸헥실글리세린, 폴리솔베이트20, 솔비탄아이소스테아레이트, 적색산화철, 황색산화철, 세라마이드엔피, 프로판다이올, 비에이치티, 병풀꽃/잎/줄기추출물, 창포뿌리추출물, 토코페롤, 아세틸테트라펩타이드-5",에스쁘아,에스쁘아_워터스플래쉬 선크림  SPF50+/PA++++
비글로우 볼륨 쿠션 글리밍 캘리 3종 기획세트 SPF42/PA+++,https://www.amoremall.com/kr/ko/product/detail?onlineProdSn=64911,31000.0,13g,13.0,g,"정제수, 페닐트라이메티콘, 티타늄디옥사이드 (CI 77891), 호모살레이트, 프로판다이올, 카프릴릴메티콘, 다이메티콘, 아이소노닐아이소노나노에이트, 티타늄디옥사이드, 트라이메틸실록시실리케이트, 옥틸도데실네오펜타노에이트, 비스-다이글리세릴폴리아실아디페이트-2, 나이아신아마이드, 라우릴폴리글리세릴-3폴리다이메틸실록시에틸다이메티콘, 폴리글리세릴-6폴리리시놀리에이트, 다이스테아다이모늄헥토라이트, 아이소도데케인, 1,2-헥산다이올, 합성왁스, 알루미늄하이드록사이드, 스테아릭애씨드, 폴리글리세릴-2아이소스테아레이트, 소듐클로라이드, 비닐다이메티콘/메티콘실세스퀴옥세인크로스폴리머, 황색산화철, 솔비탄세스퀴올리에이트, 다이소듐스테아로일글루타메이트, 카프릴릴글라이콜, 폴리하이드록시스테아릭애씨드, 향료, 비스머스옥시클로라이드, 소듐메타포스페이트, 글리세릴카프릴레이트, 에틸헥실글리세린, 적색산화철, 레시틴, 아데노신, 에틸헥실팔미테이트, 아이소스테아릭애씨드, 아이소프로필미리스테이트, 폴리글리세릴-3폴리리시놀리에이트, 흑색산화철, 트라이에톡시카프릴릴실레인, 티몰트라이메톡시신나메이트, 글루타티온, 락토바실러스발효용해물, 부틸렌글라이콜, 토코페롤, 글리세린, 토코페릴리놀리에이트, 하이드롤라이즈드식물성단백질",에스쁘아,에스쁘아_비글로우 볼륨 쿠션 글리밍 캘리 3종 기획세트 SPF42/PA+++
노머징 브러쉬 라이너 1g,https://www.amoremall.com/kr/ko/product/detail?onlineProdSn=60944,17000.0,1 g,1.0,g,"정제수, 암모늄스타이렌/아크릴레이트코폴리머, 흑색산화철, 부틸렌글라이콜, 카본블랙, 암모늄아크릴레이트코폴리머, 펜틸렌글라이콜, 스타이렌/아크릴레이트코폴리머, 페녹시에탄올, 1,2-헥산다이올, 소듐폴리아스파테이트, 카프릴릴글라이콜, 에틸헥실글리세린, 소듐데하이드로아세테이트, 다이소듐이디티에이, 트라이데세스-6포스페이트, 다이프로필렌글라이콜, 글리세릴카프릴레이트, 시메티콘",에스쁘아,에스쁘아_노머징 브러쉬 라이너 1g
디즈니 에디션,https://www.amoremall.com/kr/ko/product/detail?onlineProdSn=65318,22000.0,3g,3.0,g,"다이펜타에리스리틸펜타아이소스테아레이트, 카프릴릭/카프릭트라이글리세라이드, 피토스테릴/옥틸도데실라우로일글루타메이트, 옥틸도데칸올, 글리세릴운데실다이메티콘, 다이페닐다이메티콘, 합성왁스, 피토스테릴/이소스테아릴/세틸/스테아릴/베헤닐다이머디리놀리에이트, 폴리글리세릴-2트라이아이소스테아레이트, 라우릴폴리글리세릴-3폴리다이메틸실록시에틸다이메티콘, 티타늄디옥사이드 (CI 77891), 아크릴레이트/스테아릴아크릴레이트/다이메티콘메타크릴레이트코폴리머, 황색5호, 적색202호, 폴리하이드록시스테아릭애씨드, 에틸렌/프로필렌코폴리머, 다이메티콘, 레시틴, 향료, 에틸헥실팔미테이트, 아이소스테아릭애씨드, 아이소프로필미리스테이트, 폴리글리세릴-3폴리리시놀리에이트, 적색산화철, 적색104호의(1), 알루미늄하이드록사이드, 트라이에톡시카프릴릴실레인, 토코페롤, 흑색산화철",에스쁘아,에스쁘아_디즈니 에디션
워터 스플래쉬 프레쉬 시카 선크림 SPF50+/PA++++,https://www.amoremall.com/kr/ko/product/detail?onlineProdSn=57633,22000.0,60ml,60.0,ml,"정제수, 다이부틸아디페이트, 프로판다이올, 변성알코올, 부틸옥틸살리실레이트, 에칠헥실트리아존, 테레프탈릴리덴디캠퍼설포닉애씨드, 글리세린, 나이아신아마이드, 폴리글리세릴-3다이스테아레이트, 트로메타민, 1,2-헥산다이올, 펜틸렌글라이콜, 세테아릴알코올, 디에칠아미노하이드록시벤조일헥실벤조에이트, 카프릴릴메티콘, 폴리실리콘-15, 팔미틱애씨드, 실리카, 글리세릴스테아레이트, 비스-에칠헥실옥시페놀메톡시페닐트리아진, 폴리메틸실세스퀴옥세인, 포타슘세틸포스페이트, 스테아릭애씨드, 메틸프로판다이올, 에탄올, 암모늄아크릴로일다이메틸타우레이트/브이피코폴리머, 암모늄폴리아크릴로일다이메틸타우레이트, 향료, 에틸헥실글리세린, 글리세릴스테아레이트시트레이트, 카보머, 아크릴레이트/C10-30알킬아크릴레이트크로스폴리머, 아데노신, 덱스트린, 폴리에터-1, 황벽나무껍질추출물, T-부틸알코올, 치자추출물, 미리스틱애씨드, 병풀추출물, 녹차수, 바이오사카라이드검-1, 부틸렌글라이콜, 토코페롤, 에난티아 클로란타껍질추출물, 바실러스/소이빈발효추출물, 꽃생강뿌리추출물, 바오밥나무열매추출물, 폴릭애씨드, 소듐하이알루로네이트, 올레아놀릭애씨드, 크산토필",에스쁘아,에스쁘아_워터 스플래쉬 프레쉬 시카 선크림 SPF50+/PA++++
트루 글로우 파운데이션 브러쉬 1ea,https://www.amoremall.com/kr/ko/product/detail?onlineProdSn=64250,24000.0,,,,,에스쁘아,에스쁘아_트루 글로우 파운데이션 브러쉬 1ea
비글로우 스틱 쉐딩 9g,https://www.amoremall.com/kr/ko/product/detail?onlineProdSn=62254,30000.0,9g,9.0,g,"아이소데실아이소노나노에이트, 실리카, 합성왁스, 옥틸도데실스테아로일스테아레이트, C12-15알킬벤조에이트, 에틸헥실아이소노나노에이트, 마이크로크리스탈린왁스, 펜타에리스리틸테트라아이소스테아레이트, 티타늄디옥사이드 (CI 77891), 합성플루오르플로고파이트, 카프릴릭/카프릭트라이글리세라이드, 솔비탄세스퀴올리에이트, 폴리부텐, 솔비탄아이소스테아레이트, 황색산화철, 흑색산화철, 토코페릴아세테이트, 글리세릴카프릴레이트, 적색산화철, 스테아랄코늄헥토라이트, 카프릴릴글라이콜, 아이소프로필티타늄트라이아이소스테아레이트, 프로필렌카보네이트, 메도우폼씨오일, 에틸헥실글리세린, 알루미늄하이드록사이드, 정제수, 알지닌/라이신폴리펩타이드, 비에이치티, 토코페롤, 1,2-헥산다이올, 소듐하이알루로네이트, 소르빅애씨드",에스쁘아,에스쁘아_비글로우 스틱 쉐딩 9g
비글로우 볼륨 쿠션 SPF42/PA+++ 13g,https://www.amoremall.com/kr/ko/product/detail?onlineProdSn=62232,19000.0,13g,13.0,g,"정제수, 페닐트라이메티콘, 티타늄디옥사이드 (CI 77891), 호모살레이트, 프로판다이올, 카프릴릴메티콘, 다이메티콘, 아이소노닐아이소노나노에이트, 티타늄디옥사이드, 트라이메틸실록시실리케이트, 옥틸도데실네오펜타노에이트, 비스-다이글리세릴폴리아실아디페이트-2, 나이아신아마이드, 라우릴폴리글리세릴-3폴리다이메틸실록시에틸다이메티콘, 폴리글리세릴-6폴리리시놀리에이트, 다이스테아다이모늄헥토라이트, 아이소도데케인, 1,2-헥산다이올, 합성왁스, 알루미늄하이드록사이드, 스테아릭애씨드, 폴리글리세릴-2아이소스테아레이트, 소듐클로라이드, 비닐다이메티콘/메티콘실세스퀴옥세인크로스폴리머, 폴리하이드록시스테아릭애씨드, 솔비탄세스퀴올리에이트, 다이소듐스테아로일글루타메이트, 카프릴릴글라이콜, 향료, 황색산화철, 토코페릴리놀리에이트, 비스머스옥시클로라이드, 소듐메타포스페이트, 글리세릴카프릴레이트, 에틸헥실글리세린, 레시틴, 적색산화철, 아데노신, 에틸헥실팔미테이트, 아이소스테아릭애씨드, 아이소프로필미리스테이트, 폴리글리세릴-3폴리리시놀리에이트, 흑색산화철, 티몰트라이메톡시신나메이트, 글루타티온, 락토바실러스발효용해물, 트라이에톡시카프릴릴실레인, 부틸렌글라이콜, 토코페롤, 글리세린, 하이드롤라이즈드식물성단백질",에스쁘아,에스쁘아_비글로우 볼륨 쿠션 SPF42/PA+++ 13g
플럼피즈 립글로스,https://www.amoremall.com/kr/ko/product/detail?onlineProdSn=63015,22000.0,5g,5.0,g,"하이드로제네이티드폴리아이소부텐, 카프릴릭/카프릭트라이글리세라이드, 다이아이소스테아릴말레이트, 폴리글리세릴-2트라이아이소스테아레이트, 1,2-헥산다이올, 멘톡시프로판다이올, 덱스트린팔미테이트, 향료, 리모넨, 적색104호의(1), 리날룰, 황색5호, 적색202호, 황색4호",에스쁘아,에스쁘아_플럼피즈 립글로스
파워컬링레드뷰러,https://www.amoremall.com/kr/ko/product/detail?onlineProdSn=58230,15000.0,1EA,1.0,EA,해당 사항 없음.,에스쁘아,에스쁘아_파워컬링레드뷰러
톤페어링 컨투어 팔레트,https://www.amoremall.com/kr/ko/product/detail?onlineProdSn=64491,25000.0,10g,10.0,g,"[무광 하이라이터 Natural Ivory] 탤크, 마그네슘미리스테이트, 합성플루오르플로고파이트, 마이카, 티타늄디옥사이드 (CI 77891), 다이페닐실록시페닐트라이메티콘, 알루미늄전분옥테닐석시네이트, 실리카, 헥실라우레이트, 폴리글리세릴-2트라이아이소스테아레이트, 다이메티콘, 1,2-헥산다이올, 트라이에톡시카프릴릴실레인, 글리세릴카프릴레이트, 알루미늄하이드록사이드, 메티콘, 적색산화철, 황색산화철, 흑색산화철 [코 쉐딩 Grayish Brown] 탤크, 마이카, 실리카, 세틸에틸헥사노에이트, 티타늄디옥사이드 (CI 77891), 나일론-12, 마그네슘미리스테이트, 망가니즈바이올렛, 황색산화철, 흑색산화철, 아이소프로필티타늄트라이아이소스테아레이트, 1,2-헥산다이올, 라우로일라이신, 미리스틱애씨드, 알루미늄하이드록사이드, 트라이에톡시카프릴릴실레인, 다이메티콘, 메티콘, 글리세릴카프릴레이트, 카올린, 적색산화철",에스쁘아,에스쁘아_톤페어링 컨투어 팔레트
워터 스플래쉬 선크림 톤업 래스팅 SPF50+/PA++++ 50ml,https://www.amoremall.com/kr/ko/product/detail?onlineProdSn=64096,22000.0,50ml,50.0,ml,"정제수, 징크옥사이드, 사이클로헥사실록세인, 부틸옥틸살리실레이트, 프로필헵틸카프릴레이트, 다이카프릴릴카보네이트, 프로판다이올, 카프릴릴메티콘, 폴리글리세릴-3폴리다이메틸실록시에틸다이메티콘, 글리세린, 아이소도데케인, 나이아신아마이드, 다이실록세인, 티타늄디옥사이드 (CI 77891), 다이스테아다이모늄헥토라이트, 카프릴릭/카프릭/석시닉트라이글리세라이드, 트라이에톡시카프릴릴실레인, 마그네슘설페이트, 폴리글리세릴-2다이폴리하이드록시스테아레이트, 라우릴폴리글리세릴-3폴리다이메틸실록시에틸다이메티콘, 울트라마린, 1,2-헥산다이올, 메틸메타크릴레이트크로스폴리머, 다이메티콘/비닐다이메티콘크로스폴리머, 다이메티콘올, 트라이실록세인, 메틸프로판다이올, 카프릴릴글라이콜, 글리세릴카프릴레이트, 알루미늄하이드록사이드, 에틸헥실글리세린, 아데노신, 귀리커넬추출물, 아티초크잎추출물, 폴리쿼터늄-51, 소듐하이알루로네이트, 녹차수, 베타-글루칸, 하이드로제네이티드레시틴, 토코페롤, 병풀추출물, 알란토인, 티트리잎수, 블루아가베잎추출물, 부틸렌글라이콜",에스쁘아,에스쁘아_워터 스플래쉬 선크림 톤업 래스팅 SPF50+/PA++++ 50ml
톤페어링 리퀴드 치크 8ml,https://www.amoremall.com/kr/ko/product/detail?onlineProdSn=62814,22000.0,8ml,8.0,ml,"페닐트라이메티콘, 아이소도데케인, 하이드로제네이티드폴리아이소부텐, 다이아이소스테아릴말레이트, 폴리글리세릴-2트라이아이소스테아레이트, 사이클로펜타실록세인, 합성왁스, 다이메티콘/비닐다이메티콘크로스폴리머, 다이메티콘, 다이스테아다이모늄헥토라이트, 솔비탄세스퀴올리에이트, 트라이메틸실록시실리케이트, C30-45알킬다이메틸실릴폴리프로필실세스퀴옥세인, 덱스트린팔미테이트/에틸헥사노에이트, 티타늄디옥사이드 (CI 77891), 실리카다이메틸실릴레이트, 프로필렌카보네이트, 적색226호, 글리세릴카프릴레이트, 울트라마린, 알루미늄하이드록사이드, 트라이에톡시카프릴릴실레인",에스쁘아,에스쁘아_톤페어링 리퀴드 치크 8ml
비벨벳 커버 쿠션 13g,https://www.amoremall.com/kr/ko/product/detail?onlineProdSn=63666,19000.0,13g,13.0,g,"정제수, 티타늄디옥사이드 (CI 77891), 메틸트라이메티콘, 다이메티콘, 호모살레이트, 부틸렌글라이콜, 티타늄디옥사이드, 라우릴폴리글리세릴-3폴리다이메틸실록시에틸다이메티콘, 실리카, 아이소도데케인, 다이아이소프로필세바케이트, 아크릴레이트/폴리트라이메틸실록시메타크릴레이트코폴리머, 트라이실록세인, 글리세린, 소듐클로라이드, 비닐다이메티콘/메티콘실세스퀴옥세인크로스폴리머, 브이피/헥사데센코폴리머, 1,2-헥산다이올, 변성알코올, 마그네슘/포타슘/실리콘/플루오라이드/하이드록사이드/옥사이드, 다이메티콘크로스폴리머, 알루미늄하이드록사이드, 아크릴레이트/다이메티콘코폴리머, 황색산화철, 다이스테아다이모늄헥토라이트, 트라이하이드록시스테아린, 트라이에톡시카프릴릴실레인, 스테아릭애씨드, 카프릴릴글라이콜, 폴리실리콘-11, 향료, 적색산화철, 글리세릴카프릴레이트, 쌀겨왁스, 글리세릴운데실다이메티콘, 소듐코코일글루타메이트, 흑색산화철, 하이알루로닉애씨드, 라우로일라이신, 알지닌, 토코페롤, 하이드롤라이즈드식물성단백질",에스쁘아,에스쁘아_비벨벳 커버 쿠션 13g
이지 블렌딩 컨실러 10g,https://www.amoremall.com/kr/ko/product/detail?onlineProdSn=63664,26000.0,10g,10.0,g,"정제수, 티타늄디옥사이드 (CI 77891), 카프릴릴메티콘, 코코-카프릴레이트/카프레이트, 다이부틸아디페이트, 다이아이소스테아로일폴리글리세릴-3다이머다이리놀리에이트, 아이소도데케인, 폴리하이드록시스테아릭애씨드, 폴리글리세릴-5폴리리시놀리에이트, 다이스테아다이모늄헥토라이트, 합성왁스, 1,2-헥산다이올, 비닐다이메티콘/메티콘실세스퀴옥세인크로스폴리머, 다이페닐실록시페닐트라이메티콘, 황색산화철, 글리세린, 소듐클로라이드, 실리카, 피이지-30다이폴리하이드록시스테아레이트, 알루미늄하이드록사이드, 트라이에톡시카프릴릴실레인, 적색산화철, 카프릴릴글라이콜, 트라이하이드록시스테아린, 흑색산화철, 비스-다이글리세릴폴리아실아디페이트-2, 글리세릴카프릴레이트, 에틸헥실글리세린, 토코페릴리놀리에이트, 토코페롤, 쌀겨오일",에스쁘아,에스쁘아_이지 블렌딩 컨실러 10g
비글로우 스틱 래디언스,https://www.amoremall.com/kr/ko/product/detail?onlineProdSn=62239,30000.0,8g,8.0,g,"옥틸도데칸올, 다이아이소스테아릴말레이트, 폴리부텐, 합성왁스, 합성플루오르플로고파이트, 마이크로크리스탈린왁스, 티타늄디옥사이드 (CI 77891), 다이스테아다이모늄헥토라이트, 에틸렌/프로필렌코폴리머, 솔비탄세스퀴올리에이트, 실리카, 칼슘티타늄보로실리케이트, 페녹시에탄올, 글리세릴카프릴레이트, 마이카, 적색산화철, 메도우폼씨오일, 에틸헥실글리세린, 틴옥사이드, 잇꽃꽃추출물, 정제수, 알지닌/라이신폴리펩타이드, 비에이치티, 토코페롤, 1,2-헥산다이올, 소듐하이알루로네이트, 소르빅애씨드",에스쁘아,에스쁘아_비글로우 스틱 래디언스
톤페어링 치크 9.6g,https://www.amoremall.com/kr/ko/product/detail?onlineProdSn=61223,26000.0,9.6g,9.6,g,"[젤리] 마이카, 다이메티콘, 트라이에틸헥사노인, 실리카, 티타늄디옥사이드 (C 77891), 다이메티콘/비닐다이메 티콘크로스폴리머, 카프릴릴글라이콜, 에틸헥실글리세린, 황색4호, 라우로일라이신, 황색산화철, 알루미 늄하이드룩사이드, 적색산화철, 적색226호, 울트라마린, 틴옥사이드, 흑색산화철, 토코페롤 [파우더] 탤크, 마이카, 실리카, 마그네슘미리스테이트, 티타늄디옥사이드 (C 77891), 보론나이트라이드, 헥실라우 레이트, 다이메티콘, 카프릴릭/카프릭트라이글리세라이드, 칼슘 카보네이트, 메틸프로판다이올, 페닐트라 이메티콘, 다이펜타에리스리틸헥사하이드록시스테아레이트/헥사스테아레이트/헥사로지네이트, 프로판 다이올, 적색산화철, 황색산화철, 황색4호, 메티콘, 적색226호, 울트라마린, 라우로일라이신, 알루미늄하 이드록사이드, 트라이에톡시카프릴릴실레인, 흑색산화철",에스쁘아,에스쁘아_톤페어링 치크 9.6g
비벨벳 커버쿠션 기획세트 SPF42/PA++,https://www.amoremall.com/kr/ko/product/detail?onlineProdSn=66888,31000.0,[본품] 13g [증정 듀라이크 젤로 글로우라이저] 7ml,13.0,g,"정제수, 티타늄디옥사이드 (CI 77891), 메틸트라이메티콘, 다이메티콘, 호모살레이트, 부틸렌글라이콜, 티타늄디옥사이드, 라우릴폴리글리세릴-3폴리다이메틸실록시에틸다이메티콘, 실리카, 아이소도데케인, 다이아이소프로필세바케이트, 아크릴레이트/폴리트라이메틸실록시메타크릴레이트코폴리머, 트라이실록세인, 글리세린, 소듐클로라이드, 비닐다이메티콘/메티콘실세스퀴옥세인크로스폴리머, 브이피/헥사데센코폴리머, 1,2-헥산다이올, 변성알코올, 마그네슘/포타슘/실리콘/플루오라이드/하이드록사이드/옥사이드, 다이메티콘크로스폴리머, 알루미늄하이드록사이드, 아크릴레이트/다이메티콘코폴리머, 황색산화철, 다이스테아다이모늄헥토라이트, 트라이하이드록시스테아린, 트라이에톡시카프릴릴실레인, 스테아릭애씨드, 카프릴릴글라이콜, 폴리실리콘-11, 향료, 적색산화철, 글리세릴카프릴레이트, 쌀겨왁스, 글리세릴운데실다이메티콘, 소듐코코일글루타메이트, 흑색산화철, 하이알루로닉애씨드, 라우로일라이신, 알지닌, 토코페롤, 하이드롤라이즈드식물성단백질",에스쁘아,에스쁘아_비벨벳 커버쿠션 기획세트 SPF42/PA++
플럼피즈 에디션,https://www.amoremall.com/kr/ko/product/detail?onlineProdSn=63018,20000.0,5g,5.0,g,"하이드로제네이티드폴리아이소부텐, 카프릴릭/카프릭트라이글리세라이드, 다이아이소스테아릴말레이트, 폴리글리세릴-2트라이아이소스테아레이트, 1,2-헥산다이올, 멘톡시프로판다이올, 덱스트린팔미테이트, 향료, 리모넨, 적색104호의(1), 리날룰, 황색5호, 적색202호, 황색4호",에스쁘아,에스쁘아_플럼피즈 에디션
듀라이크 젤로 글로우라이저 40ml,https://www.amoremall.com/kr/ko/product/detail?onlineProdSn=61545,32000.0,40ml,40.0,ml,"정제수, 부틸렌글라이콜, 다이프로필렌글라이콜, 나이아신아마이드, 카프릴릭/카프릭트라이글리세라이드, 1,2-헥산다이올, 암모늄아크릴로일다이메틸타우레이트/브이피코폴리머, 옥수수전분, 소듐폴리아크릴로일다이메틸타우레이트, 만니톨, 피피지-13-데실테트라데세스-24, 마이크로크리스탈린셀룰로오스, 에틸헥실글리세린, 폴리아크릴레이트크로스폴리머-6, 프로판다이올, 아세로라추출물, 카프릴릴글라이콜, 향료, 아사이팜열매추출물, 소듐메타포스페이트, 폴리쿼터늄-51, 아가, 하이드록시프로필스타치포스페이트, 글리세린, 하이드로제네이티드레시틴, 소듐하이알루로네이트, 적색226호, 소듐마그네슘실리케이트, 아스코빅애씨드, 다이소듐이디티에이, 하이드롤라이즈드하이알루로닉애씨드, 토코페릴아세테이트, 토코페롤, 소듐하이알루로네이트크로스폴리머, 스쿠알란, 하이알루로닉애씨드, 글루타티온, 소듐아세틸레이티드하이알루로네이트, 하이드롤라이즈드식물성단백질, 다마스크장미꽃추출물",에스쁘아,에스쁘아_듀라이크 젤로 글로우라이저 40ml
프레쉬 세팅 픽서 100ml,https://www.amoremall.com/kr/ko/product/detail?onlineProdSn=60946,22000.0,100ml,100.0,ml,"정제수, 변성알코올, 부틸렌글라이콜, 브이피/브이에이코폴리머, 1,2-헥산다이올, 피브이피, 피피지-13-데실테트라데세스-24, 카프릴릴글라이콜, 향료, 에틸헥실글리세린, 소듐메타포스페이트, 프로판다이올, 스테아릴베헤네이트, 글리세린, 폴리글리세릴-3메틸글루코오스다이스테아레이트, 소듐하이알루로네이트, 이눌린라우릴카바메이트, 하이드록시프로필비스팔미타마이드엠이에이, 하이드롤라이즈드하이알루로닉애씨드, 소듐하이알루로네이트크로스폴리머, 하이알루로닉애씨드, 토코페롤, 소듐아세틸레이티드하이알루로네이트",에스쁘아,에스쁘아_프레쉬 세팅 픽서 100ml
워터 스플래쉬 선 세럼 SPF50+/PA+++ 50ml,https://www.amoremall.com/kr/ko/product/detail?onlineProdSn=60945,25000.0,50ml,50.0,ml,"정제수, 호모살레이트, 부틸렌글라이콜, 옥토크릴렌, 부틸옥틸살리실레이트, 에칠헥실살리실레이트, 부틸메톡시디벤조일메탄, 변성알코올, 메틸메타크릴레이트크로스폴리머, 1,2-헥산다이올, 자일리톨, 펜틸렌글라이콜, 벤조트라이아졸릴도데실P-크레솔, 다이부틸라우로일글루타마이드, 다이부틸에틸헥사노일글루타마이드, 소듐아크릴레이트크로스폴리머-2, 에틸헥실메톡시크릴렌, C30-45알킬다이메틸실릴폴리프로필실세스퀴옥세인, 카페인, 소듐폴리아크릴로일다이메틸타우레이트, 향료, 암모늄아크릴로일다이메틸타우레이트/브이피코폴리머, 폴리아크릴레이트크로스폴리머-6, 소듐하이알루로네이트, 바이오사카라이드검-1, 소듐파이테이트, 에틸헥실글리세린, 카르노신",에스쁘아,에스쁘아_워터 스플래쉬 선 세럼 SPF50+/PA+++ 50ml
듀얼 스머징 립 브러쉬,https://www.amoremall.com/kr/ko/product/detail?onlineProdSn=62271,20000.0,1EA,1.0,EA,해당사항없음,에스쁘아,에스쁘아_듀얼 스머징 립 브러쉬
톤페어링 하이라이터 9.6g,https://www.amoremall.com/kr/ko/product/detail?onlineProdSn=61224,30000.0,9.6g,9.6,g,"마이카, 다이메티콘, 티타늄디옥사이드 (C 77891), 에이치디아이/트라이메틸헥실락톤크로스폴리머, 합성플루오르플로고파이트, 실리카, 글리세린, 펜틸렌글라이콜, 마그네슘미리스테이트, 폴리메틸실세스 퀴옥세인, 폴리솔베이트20, 마그네슘스테아레이트, 소듐아크릴레이트/소듐아크릴로일다이메틸타우레이 트코폴리머, 마그네슘알루미늄실리케이트, 정제수, 적색산화철, 솔비탄올리베이트, 솔비탄스테아레이트, 아이소헥사데칸, 트라이에톡시카프릴릴실레인, 에틸헥실글리세린, 비닐다이메티콘/메티콘실세스퀴옥세 인크로스폴리머, 소듐데하이드로아세테이트, 폴리솔베이트80. 틴옥사이드, 황색산화철, 세테아릴알코올, 울트라마린, 솔비탄올리에이트, 아이소프로필티타늄트라이아이소스테아레이트, 흑색산화철, 토코페롤",에스쁘아,에스쁘아_톤페어링 하이라이터 9.6g
프레쉬 세팅 파우더 9g,https://www.amoremall.com/kr/ko/product/detail?onlineProdSn=60947,25000.0,9g,9.0,g,"탤크, 에이치디아이/트라이메틸올헥실락톤크로스폴리머, 폴리메틸메타크릴레이트, 폴리에틸렌, 트라이에톡시카프릴릴실레인, 다이메티콘, 1,2-헥산다이올, 실리카, 글리세릴카프릴레이트, 정제수, 소듐하이알루로네이트, 하이드록시프로필트라이모늄하이알루로네이트, 하이드롤라이즈드하이알루로닉애씨드, 소듐아세틸레이티드하이알루로네이트, 하이알루로닉애씨드, 소듐하이알루로네이트크로스폴리머, 포타슘하이알루로네이트, 소듐하이알루로네이트다이메틸실란올, 다이메틸실란올하이알루로네이트, 하이드롤라이즈드소듐하이알루로네이트",에스쁘아,에스쁘아_프레쉬 세팅 파우더 9g
비벨벳 피팅 스펀지 1ea,https://www.amoremall.com/kr/ko/product/detail?onlineProdSn=60585,14000.0,1ea,1.0,ea,스펀지,에스쁘아,에스쁘아_비벨벳 피팅 스펀지 1ea
프로테일러 비글로우 쉬어 파우더 8g,https://www.amoremall.com/kr/ko/product/detail?onlineProdSn=57156,28000.0,8g,8.0,g,"마그네슘/포타슘/실리콘/플루오라이드/하이드록사이드/옥사이드, 합성플루오르플로고파이트, 폴리프로필렌, 마이카, 티타늄디옥사이드 (CI 77891), 마그네슘미리스테이트, 솔비탄아이소스테아레이트, 아이소트라이데실아이소노나노에이트, 옥수수전분, 옥틸도데칸올, 바륨설페이트, 다이메티콘/비닐다이메티콘크로스폴리머, 실리카, 페닐트라이메티콘, 카프릴릴글라이콜, 에틸헥실글리세린, 하이드로젠다이메티콘, C20-24알킬다이메티콘, 황색산화철, 라우로일라이신, C20-24올레핀, 트라이에톡시카프릴릴실레인, 적색산화철, 틴옥사이드, 흑색산화철, 다이메티콘, 마카다미아씨오일, 토코페롤",에스쁘아,에스쁘아_프로테일러 비글로우 쉬어 파우더 8g
비벨벳 세범컷 쿨링 쿠션 15.8g,https://www.amoremall.com/kr/ko/product/detail?onlineProdSn=66106,29000.0,15.8g,15.8,g,"푸른연꽃수, 정제수, 메틸트라이메티콘, 실리카, 다이메티콘, 비닐다이메티콘/메티콘실세스퀴옥세인크로스폴리머, 피이지-10다이메티콘, 카프릴릭/카프릭트라이글리세라이드, 부틸렌글라이콜, 라우릴피이지-10트리스(트라이메틸실록시)실릴에틸다이메티콘, 메틸메타크릴레이트크로스폴리머, 다이스테아다이모늄헥토라이트, 페녹시에탄올, 다이메티콘/비닐다이메티콘크로스폴리머, 카프릴릴글라이콜, 스테아랄코늄헥토라이트, 티타늄디옥사이드 (CI 77891), 폴리글리세릴-2트라이아이소스테아레이트, 에틸헥실글리세린, 프로필렌카보네이트, 잔탄검, 울트라마린, 알루미늄하이드록사이드, 트라이에톡시카프릴릴실레인, 글리세린, 토코페롤, 블루아가베잎추출물, 아르트로스피라 플라텐시스추출물, 당느릅나무뿌리추출물, 달맞이꽃추출물, 대왕소나무잎추출물, 칡뿌리추출물, 폴리시포니아 라노사추출물, 수레국화꽃추출물, 크랜베리추출물, 서양산딸기추출물, 비치스트로베리추출물, 로우스위트블루베리추출물, 팔미토일트라이펩타이드-5, 글라이신, 알지닌",에스쁘아,에스쁘아_비벨벳 세범컷 쿨링 쿠션 15.8g
프로테일러 비내추럴 쿠션 SPF50+/PA++++ 14g,https://www.amoremall.com/kr/ko/product/detail?onlineProdSn=64504,19000.0,14g,14.0,g,"정제수, 트라이메틸실록시실리케이트, 호모살레이트, 부틸옥틸살리실레이트, 티타늄디옥사이드 (CI 77891), 에칠헥실살리실레이트, 다이페닐실록시페닐트라이메티콘, 사이클로펜타실록세인, 징크옥사이드, 티타늄디옥사이드, 글리세린, 부틸렌글라이콜, 라우릴피이지-10트리스(트라이메틸실록시)실릴에틸다이메티콘, 페닐트라이메티콘, 나이아신아마이드, 세틸피이지/피피지-10/1다이메티콘, 아크릴레이트/다이메티콘코폴리머, 다이메티콘, 다이스테아다이모늄헥토라이트, 마그네슘설페이트, 폴리메틸실세스퀴옥세인, 솔비탄세스퀴올리에이트, 프로판다이올, 1,2-헥산다이올, 다이메티콘/비닐다이메티콘크로스폴리머, 황색산화철, 글리세릴베헤네이트/에이코사디오에이트, 트라이에톡시카프릴릴실레인, 스테아릭애씨드, 카프릴릴글라이콜, 향료, 실리카다이메틸실릴레이트, 알루미늄하이드록사이드, 알루미나, 에틸헥실글리세린, 적색산화철, 아데노신, 흑색산화철, 석류추출물, 하이드롤라이즈드식물성단백질, 토코페롤, 펜타에리스리틸테트라-다이-T-부틸하이드록시하이드로신나메이트, 소듐하이알루로네이트, 하이알루로닉애씨드, 아스코빅애씨드, 레스베라트롤",에스쁘아,에스쁘아_프로테일러 비내추럴 쿠션 SPF50+/PA++++ 14g
듀라이크 젤로 톤업 쿠션 SPF50+/PA+++,https://www.amoremall.com/kr/ko/product/detail?onlineProdSn=61544,29000.0,15g,15.0,g,"정제수, 페닐트라이메티콘, 티타늄디옥사이드, 다이메티콘, 에칠헥실메톡시신나메이트, 사이클로펜타실록세인, 글리세린, 라우릴피이지-9폴리다이메틸실록시에틸다이메티콘, 아이소도데케인, 사이클로헥사실록세인, 아크릴레이트/폴리트라이메틸실록시메타크릴레이트코폴리머, 티타늄디옥사이드 (CI 77891), 실리카, 피이지/피피지-19/19다이메티콘, 1,2-헥산다이올, 마이카, 아크릴레이트/다이메티콘코폴리머, 알루미늄하이드록사이드, 하이드로제네이티드레시틴, 소듐클로라이드, 알루미나, 스테아릭애씨드, 폴리메틸메타크릴레이트, 펜틸렌글라이콜, 다이스테아다이모늄헥토라이트, 향료, 황색산화철, 카프릴릴글라이콜, 시메티콘, 글리세릴카프릴레이트, 에틸헥실글리세린, 적색산화철, 다이소듐이디티에이, 트라이에톡시카프릴릴실레인, 부틸렌글라이콜, 비에이치티, 토코페롤, 수용성콜라겐, 아크릴레이트/스테아릴메타크릴레이트코폴리머, 하이드롤라이즈드식물성단백질, 흰목이버섯포자낭과추출물, 하이알루로닉애씨드, 잔탄검, 세라마이드엔피",에스쁘아,에스쁘아_듀라이크 젤로 톤업 쿠션 SPF50+/PA+++
더브로우 컬러 픽싱 카라 쿨그레이 3g,https://www.amoremall.com/kr/ko/product/detail?onlineProdSn=60482,16000.0,3g,3.0,g,"아이소도데케인, 트라이메틸실록시실리케이트, 탤크, 합성왁스, 티타늄디옥사이드 (CI 77891), 다이스테아다이모늄헥토라이트, 흑색산화철, 하이드로제네이티드폴리아이소부텐, 황색산화철, 덱스트린팔미테이트/에틸헥사노에이트, 프로필렌카보네이트, 적색산화철, 알루미늄미리스테이트, 트라이에톡시카프릴릴실레인, 글리세릴카프릴레이트, 알루미늄하이드록사이드",에스쁘아,에스쁘아_더브로우 컬러 픽싱 카라 쿨그레이 3g
리얼 아이 팔레트,https://www.amoremall.com/kr/ko/product/detail?onlineProdSn=53306,32000.0,7.1g,7.1,g,"#1. 부메랑 칼슘티타늄보로실리케이트,다이메티콘,티타늄디옥사이드 (CI 77891),탤크,다이페닐실록시페닐트라이메티콘,폴리글리세릴-2트라이아이소스테아레이트,프로필렌글라이콜다이벤조에이트,옥틸도데실스테아로일스테아레이트,폴리에틸렌,징크스테아레이트,나일론-12,다이아이소스테아릴말레이트,실리카,다이메티콘/비닐다이메티콘크로스폴리머,트라이메틸실록시실리케이트,틴옥사이드,적색201호,에틸헥실글리세린,적색산화철,카프릴릴글라이콜,적색226호, #2. 피치파우트 탤크,마이카,폴리프로필렌,티타늄디옥사이드 (CI 77891),트라이에틸헥사노인,알루미늄전분옥테닐석시네이트,펜타에리스리틸테트라에틸헥사노에이트,황색산화철,다이메티콘,적색산화철,황색4호,황색5호,정제수,피씨에이다이메티콘,에틸헥실글리세린,트라이에톡시카프릴릴실레인,카프릴릴글라이콜,적색226호,흑색산화철,알루미늄하이드록사이드,메티콘 #3 큐앤에이 탤크,마이카,티타늄디옥사이드 (CI 77891),다이아이소스테아릴말레이트,다이메티콘,알루미늄전분옥테닐석시네이트,적색산화철,합성플루오르플로고파이트,다이페닐실록시페닐트라이메티콘,보론나이트라이드,폴리프로필렌,황색산화철,옥틸도데실스테아로일스테아레이트,나일론-12,흑색산화철,정제수,트라이에톡시카프릴릴실레인,에틸헥실글리세린,적색226호,비스-비닐다이메티콘/다이메티콘코폴리머,카프릴릴글라이콜,라우로일라이신,적색202호,카민,틴옥사이드 #4. 데일리룩 탤크,마이카,폴리프로필렌,티타늄디옥사이드 (CI 77891),트라이에틸헥사노인,알루미늄전분옥테닐석시네이트,펜타에리스리틸테트라에틸헥사노에이트,다이메티콘,황색산화철,적색산화철,피씨에이다이메티콘,정제수,에틸헥실글리세린,트라이에톡시카프릴릴실레인,카프릴릴글라이콜,알루미늄하이드록사이드,메티콘,흑색산화철,황색5호,적색202호 #5. 원더윙크 칼슘티타늄보로실리케이트,다이메티콘,티타늄디옥사이드 (CI 77891),탤크,다이페닐실록시페닐트라이메티콘,폴리글리세릴-2트라이아이소스테아레이트,프로필렌글라이콜다이벤조에이트,옥틸도데실스테아로일스테아레이트,징크스테아레이트,폴리에틸렌,다이아이소스테아릴말레이트,나일론-12,마이카,다이메티콘/비닐다이메티콘크로스폴리머,적색산화철,트라이메틸실록시실리케이트,틴옥사이드,에틸헥실글리세린,카프릴릴글라이콜,황색산화철,흑색산화철,적색202호 #6. 더블샷 탤크,마이카,폴리프로필렌,트라이에틸헥사노인,티타늄디옥사이드 (CI 77891),알루미늄전분옥테닐석시네이트,황색산화철,흑색산화철,적색산화철,펜타에리스리틸테트라에틸헥사노에이트,다이메티콘,피씨에이다이메티콘,에틸헥실글리세린,정제수,트라이에톡시카프릴릴실레인,카프릴릴글라이콜,알루미늄하이드록사이드,메티콘 #7. 어섬션 마이카,적색산화철,흑색산화철,다이페닐실록시페닐트라이메티콘,탤크,피토스테릴/이소스테아릴/세틸/스테아릴/베헤닐다이머디리놀리에이트,황색산화철,아이소노닐아이소노나노에이트,티타늄디옥사이드 (CI 77891),징크스테아레이트,마그네슘미리스테이트,적색202호,에틸헥실글리세린,카프릴릴글라이콜",에스쁘아,에스쁘아_리얼 아이 팔레트
플럼피즈 볼륨 밤,https://www.amoremall.com/kr/ko/product/detail?onlineProdSn=63017,22000.0,3g,3.0,g,"하이드로제네이티드폴리아이소부텐, 옥틸도데칸올, 아이소스테아릭애씨드, 비스-다이글리세릴폴리아실아디페이트-2, 카프릴릭/카프릭트라이글리세라이드, 트라이에틸헥사노인, 멘틸락테이트, 피토스테릴/이소스테아릴/세틸/스테아릴/베헤닐다이머디리놀리에이트, 프로필렌글라이콜다이벤조에이트, 다이부틸라우로일글루타마이드, 실리카실릴레이트, 멘틸피씨에이, 멘톤글리세린아세탈, 다이부틸에틸헥사노일글루타마이드, 멘톨, 토코페릴아세테이트, 향료, 리모넨, 합성플루오르플로고파이트, 리날룰, 데하이드로아세틱애씨드, 시트릭애씨드, 적색218호, 칼슘알루미늄보로실리케이트, 메틸니코티네이트, 돌콩오일, 티타늄디옥사이드 (CI 77891), 실리카, 제라니올, 틴옥사이드, 고추열매추출물, 생강오일",에스쁘아,에스쁘아_플럼피즈 볼륨 밤
꾸뛰르 립 틴트 글레이즈 5.5g,https://www.amoremall.com/kr/ko/product/detail?onlineProdSn=60477,22000.0,5.5 g,5.5,g,"정제수, 다이아이소스테아릴말레이트, 비스-다이글리세릴폴리아실아디페이트-2, 비스-베헤닐/아이소스테아릴/피토스테릴다이머다이리놀레일다이머다이리놀리에이트, 하이드로제네이티드폴리아이소부텐, 다이글리세린, 다이페닐다이메티콘, 세틸피이지/피피지-10/1다이메티콘, 트라이메틸실록시페닐다이메티콘, 폴리솔베이트60, 펜틸렌글라이콜, 솔비탄아이소스테아레이트, 폴리글리세릴-4아이소스테아레이트, 페녹시에탄올, 하이드록시에틸아크릴레이트/소듐아크릴로일다이메틸타우레이트코폴리머, 세테아레스-20, 스쿠알란, 향료, 소듐다이라우미도글루타미드라이신, 에틸헥실글리세린, 황색5호, 티타늄디옥사이드 (CI 77891), 황색4호, 적색227호, 트라이소듐에틸렌다이아민다이석시네이트, 청색1호, 적색104호의(1), 알루미늄하이드록사이드, 암모늄폴리아크릴레이트, 부틸렌글라이콜",에스쁘아,에스쁘아_꾸뛰르 립 틴트 글레이즈 5.5g
꾸뛰르 립 틴트  4g,https://www.amoremall.com/kr/ko/product/detail?onlineProdSn=67375,22000.0,4g,4.0,g,"정제수, 다이아이소스테아릴말레이트, 비스-다이글리세릴폴리아실아디페이트-2, 비스-베헤닐/아이소스테아릴/피토스테릴다이머다이리놀레일다이머다이리놀리에이트, 하이드로제네이티드폴리아이소부텐, 다이글리세린, 다이페닐다이메티콘, 세틸피이지/피피지-10/1다이메티콘, 트라이메틸실록시페닐다이메티콘, 폴리솔베이트60, 펜틸렌글라이콜, 솔비탄아이소스테아레이트, 폴리글리세릴-4아이소스테아레이트, 페녹시에탄올, 하이드록시에틸아크릴레이트/소듐아크릴로일다이메틸타우레이트코폴리머, 세테아레스-20, 스쿠알란, 향료, 황색5호, 소듐다이라우미도글루타미드라이신, 에틸헥실글리세린, 적색227호, 트라이소듐에틸렌다이아민다이석시네이트, 황색4호, 적색104호의(1)",에스쁘아,에스쁘아_꾸뛰르 립 틴트  4g
워터스플래쉬 선크림 톤업 래스팅 SPF50+/PA++++,https://www.amoremall.com/kr/ko/product/detail?onlineProdSn=65331,22000.0,50ml,50.0,ml,"정제수, 징크옥사이드, 사이클로헥사실록세인, 부틸옥틸살리실레이트, 프로필헵틸카프릴레이트, 다이카프릴릴카보네이트, 프로판다이올, 카프릴릴메티콘, 폴리글리세릴-3폴리다이메틸실록시에틸다이메티콘, 글리세린, 아이소도데케인, 나이아신아마이드, 다이실록세인, 티타늄디옥사이드 (CI 77891), 다이스테아다이모늄헥토라이트, 카프릴릭/카프릭/석시닉트라이글리세라이드, 트라이에톡시카프릴릴실레인, 마그네슘설페이트, 폴리글리세릴-2다이폴리하이드록시스테아레이트, 라우릴폴리글리세릴-3폴리다이메틸실록시에틸다이메티콘, 울트라마린, 1,2-헥산다이올, 메틸메타크릴레이트크로스폴리머, 다이메티콘/비닐다이메티콘크로스폴리머, 다이메티콘올, 트라이실록세인, 메틸프로판다이올, 카프릴릴글라이콜, 글리세릴카프릴레이트, 알루미늄하이드록사이드, 에틸헥실글리세린, 아데노신, 귀리커넬추출물, 아티초크잎추출물, 폴리쿼터늄-51, 소듐하이알루로네이트, 녹차수, 베타-글루칸, 하이드로제네이티드레시틴, 토코페롤, 병풀추출물, 알란토인, 티트리잎수, 블루아가베잎추출물, 부틸렌글라이콜",에스쁘아,에스쁘아_워터스플래쉬 선크림 톤업 래스팅 SPF50+/PA++++
워터 스플래쉬 선크림 세라마이드 SPF50+/PA++++ 60ml,https://www.amoremall.com/kr/ko/product/detail?onlineProdSn=65330,22000.0,60ml,60.0,ml,"정제수, 부틸렌글라이콜, C12-15알킬벤조에이트, 에칠헥실메톡시신나메이트, 티타늄디옥사이드, 비스-에칠헥실옥시페놀메톡시페닐트리아진, 디에칠아미노하이드록시벤조일헥실벤조에이트, 사이클로펜타실록세인, 실리카, 사이클로헥사실록세인, 다이페닐실록시페닐트라이메티콘, 1,2-헥산다이올, 폴리아크릴레이트-13, 알루미늄스테아레이트, 폴리하이드록시스테아릭애씨드, 알루미나, 폴리아이소부텐, 스테아릭애씨드, 향료, 카프릴릴글라이콜, 카보머, 다이소듐이디티에이, 에틸헥실글리세린, 폴리솔베이트20, 솔비탄아이소스테아레이트, 적색산화철, 황색산화철, 세라마이드엔피, 프로판다이올, 비에이치티, 병풀꽃/잎/줄기추출물, 창포뿌리추출물, 토코페롤, 아세틸테트라펩타이드-5",에스쁘아,에스쁘아_워터 스플래쉬 선크림 세라마이드 SPF50+/PA++++ 60ml
비글로우 볼륨쿠션 에어 퍼프,https://www.amoremall.com/kr/ko/product/detail?onlineProdSn=63783,20000.0,1EA,1.0,EA,해당사항없음,에스쁘아,에스쁘아_비글로우 볼륨쿠션 에어 퍼프
비글로우 볼륨 쿠션 23호 베이지 SPF42/PA+++,https://www.amoremall.com/kr/ko/product/detail?onlineProdSn=63781,59000.0,13*2(본품 13g + 리필 13g*2),13.0,g,"정제수, 페닐트라이메티콘, 호모살레이트, 티타늄디옥사이드 (CI 77891), 프로판다이올, 카프릴릴메티콘, 다이메티콘, 아이소노닐아이소노나노에이트, 티타늄디옥사이드, 트라이메틸실록시실리케이트, 옥틸도데실네오펜타노에이트, 비스-다이글리세릴폴리아실아디페이트-2, 나이아신아마이드, 라우릴폴리글리세릴-3폴리다이메틸실록시에틸다이메티콘, 폴리글리세릴-6폴리리시놀리에이트, 다이스테아다이모늄헥토라이트, 아이소도데케인, 1,2-헥산다이올, 합성왁스, 황색산화철, 알루미늄하이드록사이드, 스테아릭애씨드, 폴리글리세릴-2아이소스테아레이트, 소듐클로라이드, 비닐다이메티콘/메티콘실세스퀴옥세인크로스폴리머, 폴리하이드록시스테아릭애씨드, 솔비탄세스퀴올리에이트, 카프릴릴글라이콜, 다이소듐스테아로일글루타메이트, 향료, 적색산화철, 비스머스옥시클로라이드, 소듐메타포스페이트, 글리세릴카프릴레이트, 에틸헥실글리세린, 레시틴, 흑색산화철, 아데노신, 에틸헥실팔미테이트, 아이소스테아릭애씨드, 아이소프로필미리스테이트, 트라이에톡시카프릴릴실레인, 폴리글리세릴-3폴리리시놀리에이트, 티몰트라이메톡시신나메이트, 글루타티온, 락토바실러스발효용해물, 부틸렌글라이콜, 토코페롤, 토코페릴리놀리에이트, 글리세린, 하이드롤라이즈드식물성단백질",에스쁘아,에스쁘아_비글로우 볼륨 쿠션 23호 베이지 SPF42/PA+++
비글로우 볼륨 쿠션 22호 페탈 SPF42/PA+++,https://www.amoremall.com/kr/ko/product/detail?onlineProdSn=63780,59000.0,13*2(본품 13g + 리필 13g*2),13.0,g,"정제수, 페닐트라이메티콘, 티타늄디옥사이드 (CI 77891), 호모살레이트, 프로판다이올, 카프릴릴메티콘, 다이메티콘, 아이소노닐아이소노나노에이트, 티타늄디옥사이드, 트라이메틸실록시실리케이트, 옥틸도데실네오펜타노에이트, 비스-다이글리세릴폴리아실아디페이트-2, 나이아신아마이드, 라우릴폴리글리세릴-3폴리다이메틸실록시에틸다이메티콘, 폴리글리세릴-6폴리리시놀리에이트, 다이스테아다이모늄헥토라이트, 아이소도데케인, 1,2-헥산다이올, 합성왁스, 알루미늄하이드록사이드, 스테아릭애씨드, 황색산화철, 폴리글리세릴-2아이소스테아레이트, 소듐클로라이드, 비닐다이메티콘/메티콘실세스퀴옥세인크로스폴리머, 폴리하이드록시스테아릭애씨드, 솔비탄세스퀴올리에이트, 카프릴릴글라이콜, 다이소듐스테아로일글루타메이트, 향료, 적색산화철, 비스머스옥시클로라이드, 소듐메타포스페이트, 글리세릴카프릴레이트, 에틸헥실글리세린, 레시틴, 아데노신, 흑색산화철, 에틸헥실팔미테이트, 아이소스테아릭애씨드, 아이소프로필미리스테이트, 트라이에톡시카프릴릴실레인, 폴리글리세릴-3폴리리시놀리에이트, 티몰트라이메톡시신나메이트, 글루타티온, 락토바실러스발효용해물, 부틸렌글라이콜, 토코페롤, 토코페릴리놀리에이트, 글리세린, 하이드롤라이즈드식물성단백질",에스쁘아,에스쁘아_비글로우 볼륨 쿠션 22호 페탈 SPF42/PA+++
비글로우 볼륨 쿠션 21호 아이보리 SPF42/PA+++,https://www.amoremall.com/kr/ko/product/detail?onlineProdSn=63779,59000.0,13*2(본품 13g + 리필 13g*2),13.0,g,"정제수, 페닐트라이메티콘, 티타늄디옥사이드 (CI 77891), 호모살레이트, 프로판다이올, 카프릴릴메티콘, 다이메티콘, 아이소노닐아이소노나노에이트, 티타늄디옥사이드, 트라이메틸실록시실리케이트, 옥틸도데실네오펜타노에이트, 비스-다이글리세릴폴리아실아디페이트-2, 나이아신아마이드, 라우릴폴리글리세릴-3폴리다이메틸실록시에틸다이메티콘, 폴리글리세릴-6폴리리시놀리에이트, 다이스테아다이모늄헥토라이트, 아이소도데케인, 1,2-헥산다이올, 합성왁스, 알루미늄하이드록사이드, 스테아릭애씨드, 황색산화철, 폴리글리세릴-2아이소스테아레이트, 소듐클로라이드, 비닐다이메티콘/메티콘실세스퀴옥세인크로스폴리머, 폴리하이드록시스테아릭애씨드, 솔비탄세스퀴올리에이트, 다이소듐스테아로일글루타메이트, 카프릴릴글라이콜, 향료, 적색산화철, 비스머스옥시클로라이드, 소듐메타포스페이트, 글리세릴카프릴레이트, 에틸헥실글리세린, 레시틴, 아데노신, 흑색산화철, 에틸헥실팔미테이트, 아이소스테아릭애씨드, 아이소프로필미리스테이트, 트라이에톡시카프릴릴실레인, 폴리글리세릴-3폴리리시놀리에이트, 티몰트라이메톡시신나메이트, 글루타티온, 락토바실러스발효용해물, 부틸렌글라이콜, 토코페롤, 토코페릴리놀리에이트, 글리세린, 하이드롤라이즈드식물성단백질",에스쁘아,에스쁘아_비글로우 볼륨 쿠션 21호 아이보리 SPF42/PA+++
비글로우 볼륨 쿠션 20호 바닐라 SPF42/PA+++,https://www.amoremall.com/kr/ko/product/detail?onlineProdSn=63778,59000.0,13*2(본품 13g + 리필 13g*2),13.0,g,"정제수, 페닐트라이메티콘, 티타늄디옥사이드 (CI 77891), 호모살레이트, 프로판다이올, 카프릴릴메티콘, 다이메티콘, 아이소노닐아이소노나노에이트, 티타늄디옥사이드, 트라이메틸실록시실리케이트, 옥틸도데실네오펜타노에이트, 비스-다이글리세릴폴리아실아디페이트-2, 나이아신아마이드, 라우릴폴리글리세릴-3폴리다이메틸실록시에틸다이메티콘, 폴리글리세릴-6폴리리시놀리에이트, 다이스테아다이모늄헥토라이트, 아이소도데케인, 1,2-헥산다이올, 합성왁스, 알루미늄하이드록사이드, 스테아릭애씨드, 폴리글리세릴-2아이소스테아레이트, 소듐클로라이드, 비닐다이메티콘/메티콘실세스퀴옥세인크로스폴리머, 황색산화철, 솔비탄세스퀴올리에이트, 다이소듐스테아로일글루타메이트, 폴리하이드록시스테아릭애씨드, 카프릴릴글라이콜, 향료, 적색산화철, 비스머스옥시클로라이드, 소듐메타포스페이트, 글리세릴카프릴레이트, 에틸헥실글리세린, 레시틴, 아데노신, 에틸헥실팔미테이트, 아이소스테아릭애씨드, 아이소프로필미리스테이트, 폴리글리세릴-3폴리리시놀리에이트, 흑색산화철, 트라이에톡시카프릴릴실레인, 티몰트라이메톡시신나메이트, 글루타티온, 락토바실러스발효용해물, 부틸렌글라이콜, 토코페롤, 글리세린, 토코페릴리놀리에이트, 하이드롤라이즈드식물성단백질",에스쁘아,에스쁘아_비글로우 볼륨 쿠션 20호 바닐라 SPF42/PA+++
비글로우 볼륨 쿠션 13호 포슬린 SPF42/PA+++,https://www.amoremall.com/kr/ko/product/detail?onlineProdSn=63777,59000.0,13*2(본품 13g + 리필 13g*2),13.0,g,"정제수, 페닐트라이메티콘, 티타늄디옥사이드 (CI 77891), 호모살레이트, 프로판다이올, 카프릴릴메티콘, 다이메티콘, 아이소노닐아이소노나노에이트, 티타늄디옥사이드, 트라이메틸실록시실리케이트, 옥틸도데실네오펜타노에이트, 비스-다이글리세릴폴리아실아디페이트-2, 나이아신아마이드, 라우릴폴리글리세릴-3폴리다이메틸실록시에틸다이메티콘, 폴리글리세릴-6폴리리시놀리에이트, 다이스테아다이모늄헥토라이트, 아이소도데케인, 1,2-헥산다이올, 합성왁스, 알루미늄하이드록사이드, 스테아릭애씨드, 폴리글리세릴-2아이소스테아레이트, 소듐클로라이드, 비닐다이메티콘/메티콘실세스퀴옥세인크로스폴리머, 황색산화철, 솔비탄세스퀴올리에이트, 다이소듐스테아로일글루타메이트, 카프릴릴글라이콜, 폴리하이드록시스테아릭애씨드, 향료, 비스머스옥시클로라이드, 소듐메타포스페이트, 글리세릴카프릴레이트, 에틸헥실글리세린, 적색산화철, 레시틴, 아데노신, 에틸헥실팔미테이트, 아이소스테아릭애씨드, 아이소프로필미리스테이트, 폴리글리세릴-3폴리리시놀리에이트, 흑색산화철, 트라이에톡시카프릴릴실레인, 티몰트라이메톡시신나메이트, 글루타티온, 락토바실러스발효용해물, 부틸렌글라이콜, 토코페롤, 글리세린, 토코페릴리놀리에이트, 하이드롤라이즈드식물성단백질",에스쁘아,에스쁘아_비글로우 볼륨 쿠션 13호 포슬린 SPF42/PA+++
비글로우 볼륨쿠션 에어 퍼프,https://www.amoremall.com/kr/ko/product/detail?onlineProdSn=62618,10000.0,5EA,5.0,EA,해당사항없음,에스쁘아,에스쁘아_비글로우 볼륨쿠션 에어 퍼프
허쉬드 체리 에디션,https://www.amoremall.com/kr/ko/product/detail?onlineProdSn=60490,16000.0,3g,3.0,g,"아이소도데케인, 트라이메틸실록시실리케이트, 탤크, 합성왁스, 티타늄디옥사이드 (CI 77891), 다이스테아다이모늄헥토라이트, 흑색산화철, 하이드로제네이티드폴리아이소부텐, 황색산화철, 덱스트린팔미테이트/에틸헥사노에이트, 프로필렌카보네이트, 적색산화철, 알루미늄미리스테이트, 트라이에톡시카프릴릴실레인, 글리세릴카프릴레이트, 알루미늄하이드록사이드",에스쁘아,에스쁘아_허쉬드 체리 에디션
수퍼 소프트 페이스 브러쉬 1EA,https://www.amoremall.com/kr/ko/product/detail?onlineProdSn=53304,25000.0,,,,,에스쁘아,에스쁘아_수퍼 소프트 페이스 브러쉬 1EA
01 아이브로우 브러쉬,https://www.amoremall.com/kr/ko/product/detail?onlineProdSn=61110,15000.0,,,,,아모레성수,아모레성수_01 아이브로우 브러쉬
12 블러셔 브러쉬,https://www.amoremall.com/kr/ko/product/detail?onlineProdSn=61121,20000.0,,,,,아모레성수,아모레성수_12 블러셔 브러쉬
아모레 성수 토너 210ml,https://www.amoremall.com/kr/ko/product/detail?onlineProdSn=31511,18000.0,210ml,210.0,ml,"정제수, 글리세린, 프로판다이올, 1,2-헥산다이올, 효모/보리씨발효여과물, 부틸렌글라이콜, 흰버드나무껍질추출물, 다이소듐이디티에이, 에틸헥실글리세린, 펜틸렌글라이콜, 멘톡시프로판다이올, 하이알루로닉애씨드, 잔탄검, 서양톱풀추출물, 토코페롤",아모레성수,아모레성수_아모레 성수 토너 210ml
15 립 브러쉬,https://www.amoremall.com/kr/ko/product/detail?onlineProdSn=61124,13000.0,,,,,아모레성수,아모레성수_15 립 브러쉬
14 컨투어링 브러쉬,https://www.amoremall.com/kr/ko/product/detail?onlineProdSn=61123,20000.0,,,,,아모레성수,아모레성수_14 컨투어링 브러쉬
11 하이라이트 브러쉬,https://www.amoremall.com/kr/ko/product/detail?onlineProdSn=61120,18000.0,,,,,아모레성수,아모레성수_11 하이라이트 브러쉬
03 언더섀도우 브러쉬,https://www.amoremall.com/kr/ko/product/detail?onlineProdSn=61112,13000.0,,,,,아모레성수,아모레성수_03 언더섀도우 브러쉬
10 파운데이션 브러쉬,https://www.amoremall.com/kr/ko/product/detail?onlineProdSn=61119,26000.0,,,,,아모레성수,아모레성수_10 파운데이션 브러쉬
09 컨실러 브러쉬,https://www.amoremall.com/kr/ko/product/detail?onlineProdSn=61118,13000.0,,,,,아모레성수,아모레성수_09 컨실러 브러쉬
07 아이섀도우 브러쉬,https://www.amoremall.com/kr/ko/product/detail?onlineProdSn=61116,15000.0,,,,,아모레성수,아모레성수_07 아이섀도우 브러쉬
,https://www.amoremall.com/kr/ko/product/detail?onlineProdSn=61113,13000.0,,,,,아모레성수,아모레성수_nan
13 파우더 브러쉬,https://www.amoremall.com/kr/ko/product/detail?onlineProdSn=61122,23000.0,,,,,아모레성수,아모레성수_13 파우더 브러쉬
08 아이섀도우 블렌딩 브러쉬,https://www.amoremall.com/kr/ko/product/detail?onlineProdSn=61117,15000.0,,,,,아모레성수,아모레성수_08 아이섀도우 블렌딩 브러쉬
06 아이섀도우 브러쉬,https://www.amoremall.com/kr/ko/product/detail?onlineProdSn=61115,16000.0,,,,,아모레성수,아모레성수_06 아이섀도우 브러쉬
05 아이섀도우 브러쉬,https://www.amoremall.com/kr/ko/product/detail?onlineProdSn=61114,14000.0,,,,,아모레성수,아모레성수_05 아이섀도우 브러쉬
02 아이섀도우 홀 브러쉬,https://www.amoremall.com/kr/ko/product/detail?onlineProdSn=61111,13000.0,,,,,아모레성수,아모레성수_02 아이섀도우 홀 브러쉬
올뉴 쉽고 빠른 거품 염색 80g,https://www.amoremall.com/kr/ko/product/detail?onlineProdSn=61090,15797.0,더 보기,,,더 보기,미쟝센,미쟝센_올뉴 쉽고 빠른 거품 염색 80g
퍼펙트 세럼 80ml,https://www.amoremall.com/kr/ko/product/detail?onlineProdSn=20510,14833.0,80ml,80.0,ml,"사이클로펜타실록세인, 다이메티콘올, 다이실록세인, C12-15알킬벤조에이트, 향료, 아르간커넬오일, 호호바씨오일, 코코넛야자오일, 리모넨, 살구씨오일, 올리브오일, 마룰라씨오일, 동백나무씨오일, 코코-카프릴레이트/카프레이트, 리날룰, 시트로넬올, 카프릴릭/카프릭트라이글리세라이드, 제라니올, 고추추출물, 베타-카로틴, 토코페롤, 글라이코리피드",미쟝센,미쟝센_퍼펙트 세럼 80ml
파워 스윙 왁스 9 80g,https://www.amoremall.com/kr/ko/product/detail?onlineProdSn=24739,10000.0,80g,80.0,g,"정제수, 마이크로크리스탈린왁스, 다이프로필렌글라이콜, 글리세릴스테아레이트, 솔비탄세스퀴올리에이트, 칸데릴라왁스, 1,2-헥산다이올, 세테아릴알코올, 폴리솔베이트60, 하이드로제네이티드폴리아이소부텐, 에틸올리베이트, 폴리아크릴레이트-13, 글리세린, 세테아레스-30,소듐벤조에이트, 말티톨, 카보머, 향료, 폴리아이소부텐, 트로메타민, 솔비톨, 부틸렌글라이콜, 카프릴릴글라이콜, 비즈왁스, 에틸헥실글리세린, 카올린, 폴리솔베이트20, 다이소듐이디티에이, 솔비탄아이소스테아레이트, 숯가루,올리브나무잎추출물,리모넨, 토코페롤, 리날룰,헥실신남알, 생강추출물,검정콩추출물",미쟝센,미쟝센_파워 스윙 왁스 9 80g
NEW 헬로크림 더블커버  120g,https://www.amoremall.com/kr/ko/product/detail?onlineProdSn=65011,15867.0,120 g,120.0,g,"1제: 미네랄오일, 정제수, 피이지-8, 암모늄하이드록사이드, 스테아레스-21, 스테아릴알코올, 글리세릴스테아레이트, P-페닐렌디아민, 베헤닐알코올, 세틸에스터, 레조시놀, 세트리모늄클로라이드, 폴리쿼터늄-6, 염산2,4-디아미노페녹시에탄올, M-아미노페놀, 소듐설파이트, 에리소빅애씨드, 향료, 트로메타민, 트라이소듐에이치이디티에이, 프로판다이올, 리모넨, 리날룰, 헥실신남알, 아르간커넬오일, 호호바씨오일, 부틸렌글라이콜, 검정콩추출물, 1,2-헥산다이올, 녹차추출물, 에틸헥실글리세린, 다이소듐이디티에이, 하이드롤라이즈드콜라겐 / 2제: 정제수, 세테아릴알코올, 하이드로젠퍼옥사이드, 스테아레스-21, 글라이콜다이스테아레이트, 세테아레스-30, 소듐스타네이트, 포스포릭애씨드, 소듐포스페이트, 소듐라우릴설페이트, 에티드로닉애씨드",미쟝센,미쟝센_NEW 헬로크림 더블커버  120g
헤어앤스칼프 부스터 샴푸 800g,https://www.amoremall.com/kr/ko/product/detail?onlineProdSn=62827,5833.0,800g,800.0,g,"정제수, 소듐라우레스설페이트, 암모늄라우릴설페이트, 코카미도프로필베타인, 향료, 소듐벤조에이트, 라우릭애씨드, 세틸알코올, 코카마이드엠이에이, 소듐살리실레이트, 시트릭애씨드, 페녹시에탄올, 소듐클로라이드, 트라이하이드록시스테아린, 구아하이드록시프로필트라이모늄클로라이드, 다이메티콘, 소듐시트레이트, 다이소듐이디티에이, 리모넨, 라우레스-23, 라우레스-3, 카보머, 부틸렌글라이콜, 아르간커넬오일, 다마스크장미꽃추출물, 1,2-헥산다이올, 바이오틴, 락틱애씨드, 덱스트린, 인삼추출물, 에틸헥실글리세린, 변성알코올",미쟝센,미쟝센_헤어앤스칼프 부스터 샴푸 800g
살롱10 단백질 에센스 팩  990ml,https://www.amoremall.com/kr/ko/product/detail?onlineProdSn=47884,21868.0,990ml,990.0,ml,"정제수, 부틸렌글라이콜, 다이프로필렌글라이콜, 다이메티콘, 세틸알코올, 스테아릴알코올, 베헨트라이모늄메토설페이트, 향료, 다이메티콘올, 아모다이메티콘, 트라이메틸실록시실리케이트, 폴리프로필실세스퀴옥세인, 카프릴릴메티콘, 리날룰, 에틸헥실글리세린, 다이소듐이디티에이, 리모넨, 제라니올, 하이드롤라이즈드식물성단백질(200 ppm), 1,2-헥산다이올, 스테아트라이모늄클로라이드, 다마스크장미꽃추출물, 락틱애씨드, 만니톨, 소듐벤조에이트, 알지닌, 세린, 수크로오스, 피씨에이, 시트룰린, 덱스트린, 글라이코젠, 히스티딘에이치씨엘, 알라닌, 트레오닌, 인삼추출물, 글루타믹애씨드, 라이신에이치씨엘, 하이드롤라이즈드콜라겐, 토코페롤",미쟝센,미쟝센_살롱10 단백질 에센스 팩  990ml
컬링 에센스 2X 내추럴/볼륨 150ml,https://www.amoremall.com/kr/ko/product/detail?onlineProdSn=18633,10000.0,150ml,150.0,ml,"정제수, 다이프로필렌글라이콜, 사이클로펜타실록세인, 세테아릴알코올, 브이피/메타크릴아마이드/비닐이미다졸코폴리머, 에탄올, 글리세린, 코코-카프릴레이트/카프레이트, 다이카프릴릴카보네이트, 폴리솔베이트60, 솔비탄세스퀴올리에이트, 다이메티콘올, 글리세릴스테아레이트, 피이지-100스테아레이트, 카보머, 트로메타민, 카프릴릴글라이콜, 향료, 브이피/브이에이코폴리머, 에틸헥실글리세린, 리날룰, 다이소듐이디티에이, 리모넨, 부틸렌글라이콜, 제라니올, 시트로넬올, 헥실신남알, 벤질살리실레이트, 석류추출물, 1,2-헥산다이올, 스쿠알란, 아르간커넬오일, 살구씨오일, 프로판다이올, 토코페롤, 소듐하이알루로네이트, 동백나무잎추출물, 테트라소듐이디티에이, 동백나무꽃추출물, 하이드롤라이즈드하이알루로닉애씨드, 소듐하이알루로네이트크로스폴리머, 피씨에이, 락틱애씨드, 글루코오스, 하이알루로닉애씨드, 글라이신, 우레아, 소듐글리세로포스페이트, 세린, 글루타믹애씨드, 포타슘마그네슘아스파테이트, 아스파틱애씨드, 류신, 소듐클로라이드, 알라닌, 라이신, 알지닌, 칼슘글루코네이트, 마그네슘글루코네이트, 타이로신, 페닐알라닌, 프롤린, 트레오닌, 발린, 아이소류신, 시트릭애씨드, 소듐아세틸레이티드하이알루로네이트, 히스티딘, 아세틸글루코사민, 시스테인, 크레아틴, 우릭애씨드, 메티오닌",미쟝센,미쟝센_컬링 에센스 2X 내추럴/볼륨 150ml
퍼펙트 오리지널 세럼 샴푸 680ml,https://www.amoremall.com/kr/ko/product/detail?onlineProdSn=19505,14833.0,680ml,680.0,ml,"정제수, 소듐라우레스설페이트, 글리세린, 코카미도프로필베타인, 라우레스-6카복실릭애씨드, 향료, 소듐클로라이드, 폴리쿼터늄-10, 피이지-60하이드로제네이티드캐스터오일, 다이메티콘올, 피피지-7, 소듐라우로일사코시네이트, 티이에이-도데실벤젠설포네이트, 소듐벤조에이트, 페녹시에탄올, 소듐시트레이트, 소듐살리실레이트, 시트릭애씨드, 테트라소듐이디티에이, 에틸헥실글리세린, 리모넨, 다이소듐이디티에이, 리날룰, 아르간커넬오일, 호호바씨오일, 코코넛야자오일, 토코페롤, 살구씨오일, 올리브오일, 동백나무씨오일, 마룰라씨오일, 코코-카프릴레이트/카프레이트, 카프릴릴글라이콜, 변성알코올, 피이지-150펜타에리스리틸테트라스테아레이트, 피피지-2하이드록시에틸코카마이드, 글라이코리피드",미쟝센,미쟝센_퍼펙트 오리지널 세럼 샴푸 680ml
살롱10 단백질 샴푸  990ml,https://www.amoremall.com/kr/ko/product/detail?onlineProdSn=47883,21868.0,990ml,990.0,ml,"정제수, 소듐라우레스설페이트, 코카미도프로필베타인, 다이소듐라우레스설포석시네이트, 다이메티콘올, 코코-글루코사이드, 향료, 소듐클로라이드, 하이드록시프로필구아하이드록시프로필트라이모늄클로라이드, 페녹시에탄올, 소듐벤조에이트, 라우릭애씨드, 세틸알코올, 코카마이드엠이에이, 피이지-60하이드로제네이티드캐스터오일, 카프릴릭/카프릭트라이글리세라이드, 아모다이메티콘, 라우레스-2, 트라이하이드록시스테아린, 시트릭애씨드, 멘톨, 폴리쿼터늄-10, 소듐살리실레이트, 소듐시트레이트, 피피지-7, 티이에이-도데실벤젠설포네이트, 리날룰, 부틸렌글라이콜, 테트라소듐이디티에이, 리모넨, 제라니올, 하이드롤라이즈드식물성단백질(210 ppm), 1,2-헥산다이올, 다이소듐이디티에이, 다마스크장미꽃추출물, 스테아트라이모늄클로라이드, 만니톨, 알지닌, 세린, 락틱애씨드, 수크로오스, 피씨에이, 시트룰린, 덱스트린, 에틸헥실글리세린, 글라이코젠, 히스티딘에이치씨엘, 알라닌, 트레오닌, 인삼추출물, 글루타믹애씨드, 라이신에이치씨엘, 하이드롤라이즈드콜라겐, 변성알코올, 피이지-150펜타에리스리틸테트라스테아레이트, 피피지-2하이드록시에틸코카마이드",미쟝센,미쟝센_살롱10 단백질 샴푸  990ml
퍼펙트 베이스업 에센스 200ml,https://www.amoremall.com/kr/ko/product/detail?onlineProdSn=27143,14833.0,200ml,200.0,ml,"정제수, 다이프로필렌글라이콜, 세틸에틸헥사노에이트, 세틸알코올, 다이카프릴릴카보네이트, 다이메티콘, 세테아릴알코올, 스테아라미도프로필다이메틸아민, 향료, 세틸에스터, 다이메티콘올, 락틱애씨드, 부틸렌글라이콜, 다마스크장미꽃수, 에틸헥실글리세린, 다이소듐이디티에이, 폴리쿼터늄-51, 리모넨, 리날룰, 1,2-헥산다이올, 시트로넬올, 제라니올, 당잔대뿌리추출물, 하이드록시시트로넬알, 긴병꽃풀추출물, 왜광대수염꽃추출물, 토코페롤, 퉁퉁마디추출물, 아르간커넬오일, 인동덩굴꽃추출물, 호호바씨오일, 코코넛야자오일, 수국잎추출물, 살구씨오일, 올리브오일, 동백나무씨오일, 마룰라씨오일, 코코-카프릴레이트/카프레이트, 글라이코리피드",미쟝센,미쟝센_퍼펙트 베이스업 에센스 200ml
펄샤이닝 리페어 샴푸/트리트먼트 1000ml,https://www.amoremall.com/kr/ko/product/detail?onlineProdSn=56394,10000.0,1000ml,1000.0,ml,"정제수, 소듐라우레스설페이트, 암모늄라우릴설페이트, 향료(화이트머스크향 1%), 소듐클로라이드, 다이메티콘올, 라우릭애씨드, 세틸알코올, 코카마이드엠이에이, 소듐벤조에이트, 시트릭애씨드, 페녹시에탄올, 구아하이드록시프로필트라이모늄클로라이드, 트라이하이드록시스테아린, 카프릴릴글라이콜, 소듐살리실레이트, 소듐시트레이트, 벤질살리실레이트, 알파-아이소메틸아이오논, 헥실신남알, 테트라소듐이디티에이, 티이에이-도데실벤젠설포네이트, 리날룰, 리모넨, 시트로넬올, 다이소듐이디티에이, 부틸렌글라이콜, 진주층, 석류추출물, 해바라기씨오일, 아르간커넬오일, 로얄젤리추출물",미쟝센,미쟝센_펄샤이닝 리페어 샴푸/트리트먼트 1000ml
스타일케어 헤어스프레이 300ml,https://www.amoremall.com/kr/ko/product/detail?onlineProdSn=57283,10000.0,300ml,300.0,ml,"변성알코올, 다이메틸에터, 메타크릴로일에틸베타인/아크릴레이트코폴리머, 에탄올, 향료, 락틱애씨드, C12-15알킬벤조에이트, 리모넨, 리날룰, 시트랄, 판테놀, 호호바씨오일, 헥실신남알, 정제수, 다이프로필렌글라이콜, 1,2-헥산다이올, 오미자추출물",미쟝센,미쟝센_스타일케어 헤어스프레이 300ml
퍼펙트 세럼 홈 케어 트리트먼트 900ml,https://www.amoremall.com/kr/ko/product/detail?onlineProdSn=58467,26731.0,900ml,900.0,ml,"정제수, 글리세린, 다이메티콘, 다이프로필렌글라이콜, 세틸알코올, 세틸에틸헥사노에이트, 스테아릴알코올, 베헨트라이모늄클로라이드, C12-15알킬벤조에이트, 카프릴릭/카프릭트라이글리세라이드, 하이드로제네이티드폴리아이소부텐, 향료, 아이소프로필알코올, 하이드록시에틸셀룰로오스, 에틸헥실글리세린, 다이소듐이디티에이, 리모넨, 황색5호, 아르간커넬오일, 살구씨오일, 올리브오일, 호호바씨오일, 동백나무씨오일, 코코넛야자오일, 황색4호, 토코페롤, 코코-카프릴레이트/카프레이트, 마룰라씨오일, 글라이코리피드",미쟝센,미쟝센_퍼펙트 세럼 홈 케어 트리트먼트 900ml
살롱10 프로페셔널 시카 프로틴 트리트먼트 215ml,https://www.amoremall.com/kr/ko/product/detail?onlineProdSn=62553,16951.0,215ml,215.0,ml,"정제수, 글리세린, 다이메티콘, 솔비톨, 베헨트라이모늄메토설페이트, 세틸알코올, 베헨트라이모늄클로라이드, 아미노프로필다이메티콘, 말티톨, 다이프로필렌글라이콜, 부틸렌글라이콜, 스테아릴알코올, 글리세릴올리에이트, 향료, 캐모마일꽃수, 아모다이메티콘, 다이올레오일에틸하이드록시에틸모늄메토설페이트, 다이메티콘올, 알지닌, 프로판다이올, 말레익애씨드, 글루타믹애씨드, 소듐메타포스페이트, 카나우바왁스, 에틸헥실글리세린, 리날룰, 헥실신남알, 1,2-헥산다이올, 하이드롤라이즈드식물성단백질(207 ppm), 다마스크장미꽃추출물, 스테아트라이모늄클로라이드, 검정콩추출물, 락틱애씨드, 소듐벤조에이트, 병풀꽃/잎/줄기추출물(25 ppm), 마데카소사이드, 다시마추출물, 세라마이드엔피, 덱스트린, 귀리펩타이드, 세린, 트레오닌, 류신, 인삼추출물, 프롤린, 레시틴, 잔탄검, 아스파틱애씨드, 토코페롤, 아이소류신, 글라이신, 아스코빌팔미테이트, 다이소듐이디티에이, 페닐알라닌, 알라닌, 타이로신, 라이신, 하이드로제네이티드팜글리세라이즈시트레이트, 히스티딘, 발린, 메티오닌, 시스틴, 트립토판",미쟝센,미쟝센_살롱10 프로페셔널 시카 프로틴 트리트먼트 215ml
퍼펙트 엉킴제로 노워시 트리트먼트 150ml,https://www.amoremall.com/kr/ko/product/detail?onlineProdSn=20020,14833.0,150ml,150.0,ml,"정제수, 다이에톡시에틸석시네이트, 스테아릴알코올, 스테아라미도프로필다이메틸아민, 다이메티콘, 글리세릴스테아레이트, 아모다이메티콘, 향료, 글리세릴올리에이트, 락틱애씨드, 트라이데세스-10, 소듐글루코네이트, 에틸헥실글리세린, 1,2-헥산다이올, 폴리쿼터늄-7, 리모넨, 리날룰, 시트릭애씨드, 해바라기씨오일, 시트로넬올, 제라니올, 하이드록시시트로넬알, 아르간커넬오일, 호호바씨오일, 코코넛야자오일, 토코페롤, 레시틴, 소듐벤조에이트, 덱스트린, 아스코빌팔미테이트, 인삼추출물, 하이드로제네이티드팜글리세라이즈시트레이트, 살구씨오일, 올리브오일, 동백나무씨오일, 마룰라씨오일, 글라이코리피드",미쟝센,미쟝센_퍼펙트 엉킴제로 노워시 트리트먼트 150ml
올뉴 샤이닝에센스 100g,https://www.amoremall.com/kr/ko/product/detail?onlineProdSn=59159,8939.0,100g,100.0,g,"제 1제 : 정제수, 세틸에틸헥사노에이트, 피이지-8, 에탄올아민, 스테아릴알코올, 글리세릴스테아레이트, 세테스-40, 코코넛야자오일, P-페닐렌디아민, 베헤닐알코올, 폴리쿼터늄-6, 베헨트라이모늄클로라이드, 세틸에스터, 레조시놀, 향료, 다이프로필렌글라이콜, 소듐설파이트, 에리소빅애씨드, M-아미노페놀, P-아미노페놀, 테트라소듐이디티에이, 피이지-45스테아레이트, 4-아미노-2-하이드록시톨루엔, 염산2,4-디아미노페녹시에탄올, 동백나무씨오일, 리날룰, 리모넨, 아르간커넬오일, 잇꽃씨오일, 호호바씨오일, 프로판다이올, 1,2-헥산다이올, 병풀꽃/잎/줄기추출물, 에틸헥실글리세린, 글라이코리피드, 다이소듐이디티에이 / 제2제 : 정제수, 하이드로젠퍼옥사이드, 세테아릴알코올, 아이소프로필팔미테이트, 세테스-40, 글리세릴스테아레이트, 에티드로닉애씨드, 다이소듐포스페이트, 코카미도프로필베타인, 소듐스타네이트, 소듐클로라이드, 포스포릭애씨드, 소듐벤조에이트",미쟝센,미쟝센_올뉴 샤이닝에센스 100g
퍼펙트 오리지널 세럼 컨디셔너 680ml,https://www.amoremall.com/kr/ko/product/detail?onlineProdSn=16887,14833.0,680ml,680.0,ml,"정제수, 글리세린, 다이프로필렌글라이콜, 세틸알코올, 스테아릴알코올, 다이메티콘, 베헨트라이모늄클로라이드, 아이소프로필알코올, 향료, 하이드록시에틸셀룰로오스, 에틸헥실글리세린, 다이소듐이디티에이, 황색4호, 황색5호, 토코페롤, 아르간커넬오일, 살구씨오일, 올리브오일, 호호바씨오일, 동백나무씨오일, 코코넛야자오일, 적색227호, 청색1호, 코코-카프릴레이트/카프레이트, 마룰라씨오일, 글라이코리피드",미쟝센,미쟝센_퍼펙트 오리지널 세럼 컨디셔너 680ml
살롱10 프로페셔널 시카 프로틴 샴푸 480ml,https://www.amoremall.com/kr/ko/product/detail?onlineProdSn=66705,15000.0,480ml,480.0,ml,"정제수, 소듐C14-16올레핀설포네이트, 글리세린, 카프릴릴/카프릴글루코사이드, 다이소듐라우레스설포석시네이트, 말티톨, 코카미도프로필베타인, 라우릴하이드록시설테인, 다이소듐코코일글루타메이트, 수크로오스, 소듐코코일알라니네이트, 라우릴베타인, 향료, 폴리쿼터늄-10, 소듐클로라이드, 시트릭애씨드, 소듐살리실레이트, 세틸알코올, 멘톨, 카프릴릴글라이콜, 소듐시트레이트, 피피지-3카프릴릴에터, C10-18트라이글리세라이즈, 포도씨오일, 트라이하이드록시스테아린, 카프릴릭/카프릭트라이글리세라이드, 소듐메타포스페이트, 피브이피, 다이카프릴릴에터, 프로판다이올, 에틸헥실글리세린, 리날룰, 헥실신남알, 글리세릴스테아레이트, 구아하이드록시프로필트라이모늄클로라이드, 마카다미아씨오일, 소듐벤조에이트, 1,2-헥산다이올, 하이드롤라이즈드식물성단백질(100 ppm), 캐모마일꽃수, 데하이드로아세틱애씨드, 부틸렌글라이콜, 알지닌, 병풀꽃/잎/줄기추출물(25 ppm), 말레익애씨드, 덱스트린, 인삼추출물, 다이소듐이디티에이, 마데카소사이드, 세라마이드엔피, 토코페롤, 잔탄검, 다시마추출물, 귀리펩타이드, 세린, 글루타믹애씨드, 트레오닌, 류신, 프롤린, 아스파틱애씨드, 아이소류신, 글라이신, 페닐알라닌, 알라닌, 라이신, 타이로신, 변성알코올, 히스티딘, 피이지-150펜타에리스리틸테트라스테아레이트, 피피지-2하이드록시에틸코카마이드, 발린, 메티오닌, 시스틴, 트립토판",미쟝센,미쟝센_살롱10 프로페셔널 시카 프로틴 샴푸 480ml
NEW 헬로버블 100g,https://www.amoremall.com/kr/ko/product/detail?onlineProdSn=62112,15968.0,100g,100.0,g,"제 1제: 정제수, 변성알코올, 에탄올아민, 황산톨루엔-2,5-디아민, 폴리쿼터늄-6, N,N-비스(2-히드록시에틸)-p-페닐렌디아민설페이트, 레조시놀, 에리소빅애씨드, M-아미노페놀, 시스테인에이치씨엘, 염산2,4-디아미노페녹시에탄올, 트라이소듐에이치이디티에이 / 제 2제: 정제수, 하이드로젠퍼옥사이드, 세틸알코올, 미리스틸알코올, 에티드로닉애씨드, 스테아레스-21, 향료, 다이소듐포스페이트, 스테아트라이모늄클로라이드, 라우레스-2, 포스포릭애씨드, 아이소프로필알코올 / 제 3제: 정제수, 라우릴베타인, 변성알코올, 세트리모늄클로라이드",미쟝센,미쟝센_NEW 헬로버블 100g
퍼펙트 매직 스트레이트 세럼 샴푸 530ml,https://www.amoremall.com/kr/ko/product/detail?onlineProdSn=62759,15000.0,530ml,530.0,ml,"정제수, 소듐라우레스설페이트, 코카미도프로필하이드록시설테인, 다이소듐라우레스설포석시네이트, 아이소펜틸다이올, 라우레스-6카복실릭애씨드, 카프릴릴/카프릴글루코사이드, 향료, 폴리쿼터늄-10, 피이지-60하이드로제네이티드캐스터오일, 카프릴릭/카프릭트라이글리세라이드, 석시닉애씨드, 소듐라우로일사코시네이트, 라우레스-2, 소듐벤조에이트, 소듐시트레이트, 피피지-3카프릴릴에터, 페녹시에탄올, 소듐메타포스페이트, 시트릭애씨드, 캐모마일꽃수, 리날룰, 벤질살리실레이트, 하이드록시시트로넬알, 리모넨, 카프릴릴글라이콜, 다이소듐이디티에이, 헥실신남알, 시트로넬올, 티타늄디옥사이드 (CI 77891), 프로판다이올, 테트라소듐이디티에이, 덱스트린, 1,2-헥산다이올, 아르간커넬오일, 실리카, 인삼추출물, 코코넛야자오일, 호호바씨오일, 틴옥사이드, 다시마추출물, 살구씨오일, 올리브오일, 동백나무씨오일, 에틸헥실글리세린, 마룰라씨오일, 귀리펩타이드, 알지닌, 세린, 글루타믹애씨드, 트레오닌, 류신, 프롤린, 아스파틱애씨드, 아이소류신, 글라이신, 페닐알라닌, 알라닌, 타이로신, 라이신, 히스티딘, 소듐클로라이드, 카나우바왁스, 말티톨, 피이지-150펜타에리스리틸테트라스테아레이트, 발린, 피피지-2하이드록시에틸코카마이드, 메티오닌, 글라이코리피드, 시스틴, 트립토판",미쟝센,미쟝센_퍼펙트 매직 스트레이트 세럼 샴푸 530ml
퍼펙트 매직 스트레이트 세럼 80ml,https://www.amoremall.com/kr/ko/product/detail?onlineProdSn=62761,15000.0,80ml,80.0,ml,"다이메티콘, C18-21알케인, 세틸에틸헥사노에이트, 트라이실록세인, 다이카프릴릴에터, 다이메티콘올, 아미노프로필다이메티콘, 향료, 티타늄디옥사이드 (CI 77891), 리날룰, 벤질살리실레이트, 하이드록시시트로넬알, 리모넨, 헥실신남알, 시트로넬올, 제라니올, 실리카, 토코페롤, 아르간커넬오일, 코코넛야자오일, 틴옥사이드, 호호바씨오일, 살구씨오일, 올리브오일, 동백나무씨오일, 마룰라씨오일, 글라이코리피드",미쟝센,미쟝센_퍼펙트 매직 스트레이트 세럼 80ml
볼륨케어 퍼플 콜라겐 샴푸,https://www.amoremall.com/kr/ko/product/detail?onlineProdSn=60855,12951.0,680ml,680.0,ml,"정제수, 암모늄라우릴설페이트, 소듐라우레스설페이트, 다이소듐라우레스설포석시네이트, 라우릴하이드록시설테인, 향료, 소듐벤조에이트, 세틸알코올, 소듐클로라이드, 시트릭애씨드, 포도씨오일, 구아하이드록시프로필트라이모늄클로라이드, 카프릴릴글라이콜, 카프릴릭/카프릭트라이글리세라이드, 트라이하이드록시스테아린, 소듐살리실레이트, 페녹시에탄올, 다이카프릴릴에터, 소듐메타포스페이트, 소듐시트레이트, 벤질살리실레이트, 헥실신남알, 리날룰, 캐모마일꽃수, 글리세릴스테아레이트, 마카다미아씨오일, 폴리쿼터늄-11, 다이소듐이디티에이, 리모넨, 데하이드로아세틱애씨드, 1,2-헥산다이올, 부틸렌글라이콜, 프로판다이올, 덱스트린, 바이오틴, 인삼추출물, 황색5호, 적색227호, 토코페롤, 석류추출물, 청색1호, 다시마추출물, 에틸헥실글리세린, 귀리펩타이드, 알지닌, 세린, 글루타믹애씨드, 트레오닌, 류신, 프롤린, 아스파틱애씨드, 아이소류신, 글라이신, 페닐알라닌, 알라닌, 타이로신, 라이신, 히스티딘, 하이드롤라이즈드콜라겐(0.01 ppm), 석류나무꽃추출물, 발린, 메티오닌, 시스틴, 트립토판",미쟝센,미쟝센_볼륨케어 퍼플 콜라겐 샴푸
스칼프케어 그린 시카 샴푸,https://www.amoremall.com/kr/ko/product/detail?onlineProdSn=60857,12951.0,680ml,680.0,ml,"정제수, 소듐라우레스설페이트, 암모늄라우릴설페이트, 코카미도프로필베타인, 다이프로필렌글라이콜, 향료, 소듐클로라이드, 소듐시트레이트, 폴리쿼터늄-10, 소듐벤조에이트, 멘톨, 시트릭애씨드, 페녹시에탄올, 소듐메타포스페이트, 에틸헥실글리세린, 부틸렌글라이콜, 캐모마일꽃수, 콘민트잎추출물, 다이소듐이디티에이, 프로판다이올, 1,2-헥산다이올, 덱스트린, 바이오틴, 인삼추출물, 병풀꽃/잎/줄기추출물(3.125 ppm), 토코페롤, 다시마추출물, 귀리펩타이드, 알지닌, 세린, 글루타믹애씨드, 트레오닌, 류신, 프롤린, 아스파틱애씨드, 아이소류신, 글라이신, 페닐알라닌, 알라닌, 타이로신, 라이신, 히스티딘, 변성알코올, 발린, 메티오닌, 시스틴, 트립토판",미쟝센,미쟝센_스칼프케어 그린 시카 샴푸
올뉴 쉽고 빠른 크림염색 80g,https://www.amoremall.com/kr/ko/product/detail?onlineProdSn=61836,17761.0,[제1제] 40g / [제2제] 40g,1.0,g,"1제(염모제): 정제수, 에탄올아민, 피이지-8, 세테아릴알코올, 다이프로필렌글라이콜, 레조시놀, P-페닐렌디아민, 미네랄오일, 스테아레스-21, 올레스-2, P-아미노페놀, 라우레스-23, 에리소빅애씨드, 베헨트라이모늄클로라이드, 스테아트라이모늄클로라이드, 소듐설파이트, 아이소프로필알코올, M-아미노페놀, 4-아미노-2-하이드록시톨루엔, 2-메칠-5-하이드록시에칠아미노페놀, 다이소듐이디티에이, 아세틱애씨드, 포타슘하이드록사이드, 부틸렌글라이콜, 녹차추출물, 카프릴릴글라이콜, 1,2-헥산다이올 / 2제(산화제): 정제수, 세테아릴알코올, 하이드로젠퍼옥사이드, 올레스-2, 폴리쿼터늄-6, 스테아트라이모늄클로라이드, 스테아레스-21, 다이소듐포스페이트, 아이소프로필알코올, 에티드로닉애씨드, 포스포릭애씨드, 아세틱애씨드, 포타슘하이드록사이드",미쟝센,미쟝센_올뉴 쉽고 빠른 크림염색 80g
퍼펙트 세럼 트리트먼트,https://www.amoremall.com/kr/ko/product/detail?onlineProdSn=19600,8429.0,180ml,180.0,ml,"정제수, 세테아릴알코올, 솔비톨, 다이메티콘, 다이프로필렌글라이콜, 베헨트라이모늄클로라이드, 하이드로제네이티드폴리아이소부텐, 아모다이메티콘, 향료, 아이소프로필알코올, 카프릴릴글라이콜, 락틱애씨드, 트라이데세스-10, 다이소듐이디티에이, 1,2-헥산다이올, 에틸헥실글리세린, 리모넨, 아르간커넬오일, 호호바씨오일, 코코넛야자오일, 황색5호, 황색4호, 살구씨오일, 올리브오일, 마룰라씨오일, 동백나무씨오일, 코코-카프릴레이트/카프레이트, 토코페롤, 글라이코리피드",미쟝센,미쟝센_퍼펙트 세럼 트리트먼트
퍼펙트 매직 스트레이트 세럼 트리트먼트 230ml,https://www.amoremall.com/kr/ko/product/detail?onlineProdSn=62760,15000.0,230ml,230.0,ml,"정제수, 다이메티콘, 세틸알코올, 솔비톨, 말티톨, 스테아릴알코올, 카나우바왁스, 베헨트라이모늄메토설페이트, 카프릴릴/카프릴글루코사이드, 아미노프로필다이메티콘, 부틸렌글라이콜, 석시닉애씨드, 향료, 스쿠알란, 다이-C12-13알킬말레이트, 말레익애씨드, 하이드록시프로필메틸셀룰로오스, 폴리글리세릴-4다이아이소스테아레이트/폴리하이드록시스테아레이트/세바케이트, 다이메티콘올, 카프릴릴글라이콜, 소듐메타포스페이트, 에틸헥실글리세린, 캐모마일꽃수, 카프릴릴메티콘, 리날룰, 세테아릴다이메티콘크로스폴리머, 벤질살리실레이트, 하이드록시시트로넬알, 리모넨, 헥실신남알, 시트로넬올, 실리카실릴레이트, 프로판다이올, 티타늄디옥사이드 (CI 77891), 덱스트린, 1,2-헥산다이올, 아르간커넬오일, 인삼추출물, 코코넛야자오일, 호호바씨오일, 다시마추출물, 실리카, 살구씨오일, 올리브오일, 동백나무씨오일, 마룰라씨오일, 귀리펩타이드, 알지닌, 세린, 글루타믹애씨드, 트레오닌, 류신, 프롤린, 아스파틱애씨드, 아이소류신, 글라이신, 틴옥사이드, 페닐알라닌, 알라닌, 타이로신, 라이신, 히스티딘, 발린, 메티오닌, 글라이코리피드, 시스틴, 트립토판",미쟝센,미쟝센_퍼펙트 매직 스트레이트 세럼 트리트먼트 230ml
데미지케어 레드 프로틴 컨디셔너 680ml,https://www.amoremall.com/kr/ko/product/detail?onlineProdSn=60852,12951.0,680ml,680.0,ml,"정제수, 글리세린, 세틸알코올, 스테아릴알코올, 다이메티콘, 솔비톨, 베헨트라이모늄클로라이드, 세틸에틸헥사노에이트, 향료, 다이프로필렌글라이콜, 말티톨, 다이메티콘올, 다이소듐이디티에이, 에틸헥실글리세린, 캐모마일꽃수, 부틸렌글라이콜, 아르간커넬오일, 프로판다이올, 황색5호, 덱스트린, 1,2-헥산다이올, 바이오틴, 인삼추출물, 황색4호, 하이드롤라이즈드식물성단백질(2.5 ppm), 토코페롤, 다시마추출물, 소듐메타포스페이트, 귀리펩타이드, 알지닌, 세린, 글루타믹애씨드, 트레오닌, 류신, 프롤린, 아스파틱애씨드, 아이소류신, 글라이신, 페닐알라닌, 알라닌, 타이로신, 라이신, 히스티딘, 발린, 메티오닌, 시스틴, 트립토판",미쟝센,미쟝센_데미지케어 레드 프로틴 컨디셔너 680ml
퍼펙트 슈퍼리치 세럼 컨디셔너 680ml,https://www.amoremall.com/kr/ko/product/detail?onlineProdSn=19938,14833.0,680ml,680.0,ml,"정제수, 글리세린, 다이프로필렌글라이콜, 다이메티콘, 세틸알코올, 스테아릴알코올, 베헨트라이모늄클로라이드, 카프릴릭/카프릭트라이글리세라이드, 아이소프로필알코올, 향료, 하이드록시에틸셀룰로오스, 다이소듐이디티에이, 에틸헥실글리세린, 헥실신남알, 벤질살리실레이트, 황색4호, 황색5호, 아르간커넬오일, 동백나무씨오일, 살구씨오일, 올리브오일, 호호바씨오일, 코코넛야자오일, 적색227호, 토코페롤, 코코-카프릴레이트/카프레이트, 마룰라씨오일, 글라이코리피드",미쟝센,미쟝센_퍼펙트 슈퍼리치 세럼 컨디셔너 680ml
퍼펙트 슈퍼리치 세럼 샴푸 680ml,https://www.amoremall.com/kr/ko/product/detail?onlineProdSn=19712,14833.0,680ml,680.0,ml,"정제수, 소듐라우레스설페이트, 글리세린, 다이소듐라우레스설포석시네이트, 코카미도프로필베타인, 라우레스-6카복실릭애씨드, 카프릴릴/카프릴글루코사이드, 향료, 폴리쿼터늄-10, 소듐클로라이드, 다이메티콘올, 소듐라우로일사코시네이트, 티이에이-도데실벤젠설포네이트, 소듐벤조에이트, 카프릴릴글라이콜, 페녹시에탄올, 시트릭애씨드, 소듐살리실레이트, 소듐시트레이트, 헥실신남알, 폴리쿼터늄-7, 테트라소듐이디티에이, 피이지-150펜타에리스리틸테트라스테아레이트, 벤질살리실레이트, 피피지-2하이드록시에틸코카마이드, 다이소듐이디티에이, 리모넨, 시트로넬올, 아르간커넬오일, 호호바씨오일, 코코넛야자오일, 살구씨오일, 올리브오일, 동백나무씨오일, 마룰라씨오일, 코코-카프릴레이트/카프레이트, 변성알코올, 글라이코리피드",미쟝센,미쟝센_퍼펙트 슈퍼리치 세럼 샴푸 680ml
데미지케어 레드 프로틴 헤어크림에센스 140ml,https://www.amoremall.com/kr/ko/product/detail?onlineProdSn=60854,12951.0,140ml,140.0,ml,"정제수, 다이프로필렌글라이콜, 세틸에틸헥사노에이트, 세틸알코올, 다이카프릴릴카보네이트, 세테아릴알코올, 스테아라미도프로필다이메틸아민, 다이메티콘, 향료, 세틸에스터, 락틱애씨드, 다이메티콘올, 부틸렌글라이콜, 에틸헥실글리세린, 폴리쿼터늄-51, 다이소듐이디티에이, 캐모마일꽃수, 1,2-헥산다이올, 아르간커넬오일, 프로판다이올, 토코페롤, 덱스트린, 바이오틴, 인삼추출물, 하이드롤라이즈드식물성단백질(2.5 ppm), 다시마추출물, 소듐메타포스페이트, 귀리펩타이드, 알지닌, 세린, 글루타믹애씨드, 트레오닌, 류신, 프롤린, 아스파틱애씨드, 아이소류신, 글라이신, 페닐알라닌, 알라닌, 타이로신, 라이신, 히스티딘, 발린, 메티오닌, 시스틴, 트립토판",미쟝센,미쟝센_데미지케어 레드 프로틴 헤어크림에센스 140ml
데미지케어 레드 프로틴 샴푸,https://www.amoremall.com/kr/ko/product/detail?onlineProdSn=60851,13000.0,680ml,680.0,ml,"정제수, 암모늄라우릴설페이트, 코카미도프로필베타인, 소듐라우레스설페이트, 다이소듐라우레스설포석시네이트, 향료, 소듐클로라이드, 카프릴릴/카프릴글루코사이드, 세틸알코올, 구아하이드록시프로필트라이모늄클로라이드, 포도씨오일, 카프릴릭/카프릭트라이글리세라이드, 트라이하이드록시스테아린, 소듐벤조에이트, 피피지-7, C10-18트라이글리세라이즈, 시트릭애씨드, 다이카프릴릴에터, 페녹시에탄올, 소듐메타포스페이트, 소듐살리실레이트, 소듐시트레이트, 에틸헥실글리세린, 캐모마일꽃수, 글리세릴스테아레이트, 마이카, 마카다미아씨오일, 티타늄디옥사이드 (CI 77891), 부틸렌글라이콜, 카프릴릴글라이콜, 다이소듐이디티에이, 데하이드로아세틱애씨드, 아르간커넬오일, 프로판다이올, 적색산화철, 덱스트린, 1,2-헥산다이올, 바이오틴, 인삼추출물, 틴옥사이드, 하이드롤라이즈드식물성단백질(2.5 ppm), 토코페롤, 다시마추출물, 귀리펩타이드, 알지닌, 세린, 글루타믹애씨드, 트레오닌, 류신, 프롤린, 아스파틱애씨드, 아이소류신, 글라이신, 페닐알라닌, 알라닌, 타이로신, 라이신, 히스티딘, 발린, 메티오닌, 시스틴, 트립토판",미쟝센,미쟝센_데미지케어 레드 프로틴 샴푸
이너플렉스 모발강화제 145g,https://www.amoremall.com/kr/ko/product/detail?onlineProdSn=58261,24875.0,145g,145.0,g,"정제수, 부틸렌글라이콜, 세틸알코올, 스테아릴알코올, 솔비톨, 말레익애씨드, 다이팔미토일에틸하이드록시에틸모늄메토설페이트, 베헨트라이모늄클로라이드, 알지닌, 메틸글루카민, 세틸에틸헥사노에이트, 하이드록시에틸셀룰로오스, 다이프로필렌글라이콜, 헥사다이메트린클로라이드, 말티톨, 폴리쿼터늄-4, 향료, 에탄올, 카프릴릴글라이콜, 소듐메타포스페이트, 글루코사민에이치씨엘, 에틸헥실글리세린, 리날룰, 시트로넬올, 헥실신남알, 올레익애씨드, 덱스트린, 호호바씨오일, 인삼추출물, 하이드록시프로필비스팔미타마이드엠이에이, 콜레스테롤, 스테아릭애씨드, 리놀레익애씨드, 토코페롤",미쟝센,미쟝센_이너플렉스 모발강화제 145g
헤어앤스칼프 너리싱 부스터 트리트먼트 300g,https://www.amoremall.com/kr/ko/product/detail?onlineProdSn=62828,5833.0,300g,300.0,g,"정제수, 세틸알코올, 스테아릴알코올, 솔비톨, 부틸렌글라이콜, 베헨트라이모늄클로라이드, 다이프로필렌글라이콜, 향료, 말티톨, 글리세릴스테아레이트, 다이메티콘, 카프릴릴글라이콜, 다이소듐이디티에이, 에틸헥실글리세린, 리모넨, 리날룰, 시트릭애씨드, 아르간커넬오일, 다마스크장미꽃추출물, 1,2-헥산다이올, 바이오틴, 덱스트린, 토코페롤, 인삼추출물",미쟝센,미쟝센_헤어앤스칼프 너리싱 부스터 트리트먼트 300g
볼륨케어 퍼플 콜라겐 트리트먼트,https://www.amoremall.com/kr/ko/product/detail?onlineProdSn=60856,7468.0,180ml,180.0,ml,"정제수, 글리세린, 솔비톨, 다이프로필렌글라이콜, 다이메티콘, 스테아릴알코올, 베헨트라이모늄클로라이드, 세틸알코올, 말티톨, 세틸에틸헥사노에이트, 하이드로제네이티드폴리아이소부텐, 폴리비닐알코올, 다이메티콘올, 세틸에스터, 향료, 다이소듐이디티에이, 에틸헥실글리세린, 캐모마일꽃수, 벤질살리실레이트, 헥실신남알, 리날룰, 부틸렌글라이콜, 프로판다이올, 황색4호, 1,2-헥산다이올, 덱스트린, 적색227호, 바이오틴, 인삼추출물, 석류추출물, 토코페롤, 다시마추출물, 소듐메타포스페이트, 귀리펩타이드, 알지닌, 세린, 글루타믹애씨드, 트레오닌, 류신, 프롤린, 아스파틱애씨드, 아이소류신, 글라이신, 페닐알라닌, 알라닌, 타이로신, 라이신, 히스티딘, 하이드롤라이즈드콜라겐(0.01 ppm), 석류나무꽃추출물, 발린, 메티오닌, 시스틴, 트립토판",미쟝센,미쟝센_볼륨케어 퍼플 콜라겐 트리트먼트
데미지케어 레드 프로틴 트리트먼트,https://www.amoremall.com/kr/ko/product/detail?onlineProdSn=60853,7468.0,180ml,180.0,ml,"정제수, 다이메티콘, 솔비톨, 다이프로필렌글라이콜, 스테아릴알코올, 베헨트라이모늄클로라이드, 베헤닐알코올, 세틸알코올, 말티톨, 세틸에틸헥사노에이트, 향료, 세틸에스터, 하이드로제네이티드폴리아이소부텐, 다이메티콘올, 카프릴릴글라이콜, 아모다이메티콘, 다이소듐이디티에이, 에틸헥실글리세린, 캐모마일꽃수, 부틸렌글라이콜, 트라이데세스-10, 아르간커넬오일, 1,2-헥산다이올, 프로판다이올, 황색5호, 황색4호, 덱스트린, 바이오틴, 인삼추출물, 하이드롤라이즈드식물성단백질(2.5 ppm), 토코페롤, 다시마추출물, 소듐메타포스페이트, 귀리펩타이드, 알지닌, 세린, 글루타믹애씨드, 트레오닌, 류신, 프롤린, 아스파틱애씨드, 아이소류신, 글라이신, 페닐알라닌, 알라닌, 타이로신, 라이신, 히스티딘, 발린, 메티오닌, 시스틴, 트립토판",미쟝센,미쟝센_데미지케어 레드 프로틴 트리트먼트
이너플렉스 모발강화 샴푸/트리트먼트,https://www.amoremall.com/kr/ko/product/detail?onlineProdSn=58260,24875.0,375g,375.0,g,"정제수, 소듐라우로일메틸이세티오네이트, 다이소듐라우레스설포석시네이트, 코카미도프로필하이드록시설테인, 소듐메틸코코일타우레이트, 포타슘코코일글리시네이트, 소듐코코일알라니네이트, 라우릭애씨드, 소듐클로라이드, 향료, 글리세릴스테아레이트, 트라이하이드록시스테아린, 부틸렌글라이콜, 피피지-7, 말레익애씨드, 알지닌, 폴리쿼터늄-10, 메틸글루카민, 세틸알코올, 카프릴릭/카프릭트라이글리세라이드, 다이카프릴릴에터, 시트릭애씨드, 카프릴릴글라이콜, 소듐살리실레이트, 소듐시트레이트, 소듐메타포스페이트, 리날룰, 에틸헥실글리세린, 글루코사민에이치씨엘, 시트로넬올, 헥실신남알, 벤질살리실레이트, 리모넨, 테트라소듐이디티에이, 올레익애씨드, 덱스트린, 호호바씨오일, 인삼추출물, 하이드록시프로필비스팔미타마이드엠이에이, 토코페롤, 콜레스테롤, 스테아릭애씨드, 리놀레익애씨드",미쟝센,미쟝센_이너플렉스 모발강화 샴푸/트리트먼트
퍼펙트 노 워시 워터 트리트먼트 215ml,https://www.amoremall.com/kr/ko/product/detail?onlineProdSn=58989,15867.0,215ml,215.0,ml,"정제수, 다이에톡시에틸석시네이트, 글리세린, 아이소펜틸다이올, 다이메티콘, 베헤닐알코올, 스테아릴알코올, 사이클로펜타실록세인, 글리세릴스테아레이트, 잇꽃씨오일, 스테아라미도프로필다이메틸아민, 아모다이메티콘, 향료, 글리세릴올리에이트, 브이피/메타크릴아마이드/비닐이미다졸코폴리머, 락틱애씨드, 변성알코올, 다이메티콘올, 다마스크장미꽃수, 트라이데세스-10, 다이소듐이디티에이, 에틸헥실글리세린, 부틸렌글라이콜, 리날룰, 1,2-헥산다이올, 벤질벤조에이트, 시트로넬올, 제라니올, 알파-아이소메틸아이오논, 쿠마린, 헥실신남알, 당잔대뿌리추출물, 하이드록시시트로넬알, 긴병꽃풀추출물, 왜광대수염꽃추출물, 퉁퉁마디추출물, 덱스트린, 아르간커넬오일, 인동덩굴꽃추출물, 인삼추출물, 호호바씨오일, C9-12알케인, 토코페롤, 레시틴, 아스코빌팔미테이트, 수국잎추출물, 하이드로제네이티드팜글리세라이즈시트레이트, 살구씨오일, 올리브오일, 동백나무씨오일, 마룰라씨오일, 코코-카프릴레이트/카프레이트, 글라이코리피드",미쟝센,미쟝센_퍼펙트 노 워시 워터 트리트먼트 215ml
살롱10 단백질 트리트먼트 250ml,https://www.amoremall.com/kr/ko/product/detail?onlineProdSn=61785,12796.0,250ml,250.0,ml,"정제수, 부틸렌글라이콜, 다이프로필렌글라이콜, 다이메티콘, 스테아릴알코올, 베헨트라이모늄메토설페이트, 세틸알코올, 향료, 다이메티콘올, 아모다이메티콘, 트라이메틸실록시실리케이트, 폴리프로필실세스퀴옥세인, 아미노프로필다이메티콘, 카프릴릴메티콘, 리날룰, 1,2-헥산다이올, 에틸헥실글리세린, 다이소듐이디티에이, 리모넨, 하이드롤라이즈드식물성단백질(210 ppm), 제라니올, 스테아트라이모늄클로라이드, 다마스크장미꽃추출물, 락틱애씨드, 만니톨, 소듐벤조에이트, 알지닌, 세린, 수크로오스, 피씨에이, 시트룰린, 덱스트린, 글라이코젠, 히스티딘에이치씨엘, 알라닌, 트레오닌, 인삼추출물, 하이드롤라이즈드콜라겐, 글루타믹애씨드, 라이신에이치씨엘, 토코페롤",미쟝센,미쟝센_살롱10 단백질 트리트먼트 250ml
쿨링케어 블루멘톨 샴푸 680ml,https://www.amoremall.com/kr/ko/product/detail?onlineProdSn=64452,12951.0,680ml,680.0,ml,"정제수, 소듐C14-16올레핀설포네이트, 코카마이드엠이에이, 코카미도프로필베타인, 멘톨(0.9%), 소듐클로라이드, 다이소듐라우레스설포석시네이트, 향료, 소듐벤조에이트, 페녹시에탄올, 소듐살리실레이트, 구아하이드록시프로필트라이모늄클로라이드, 시트릭애씨드, 다이메티콘올, 세틸알코올, 소듐시트레이트, 트라이하이드록시스테아린, 카프릴릭/카프릭트라이글리세라이드, 소듐메타포스페이트, 다이카프릴릴에터, 티이에이-도데실벤젠설포네이트, 글리세릴스테아레이트, 해수, 캐모마일꽃수, 카프릴릴글라이콜, 부틸렌글라이콜, 데하이드로아세틱애씨드, 테트라소듐이디티에이, 콘민트잎추출물, 프로판다이올, 1,2-헥산다이올, 다이포타슘글리시리제이트, 바이오틴, 펜틸렌글라이콜, 덱스트린, 페퍼민트추출물, 인삼추출물, 에틸헥실글리세린, 토코페롤, 다시마추출물, 귀리펩타이드, 알지닌, 세린, 글루타믹애씨드, 트레오닌, 류신, 프롤린, 아스파틱애씨드, 아이소류신, 글라이신, 다이소듐이디티에이, 페닐알라닌, 알라닌, 라이신, 타이로신, 히스티딘, 발린, 메티오닌, 시스틴, 트립토판",미쟝센,미쟝센_쿨링케어 블루멘톨 샴푸 680ml
컬링 매트 볼륨 헤어픽서 200ml,https://www.amoremall.com/kr/ko/product/detail?onlineProdSn=57861,14875.0,200ml,200.0,ml,"변성알코올, 아크릴레이트/옥틸아크릴아마이드코폴리머, 아미노메틸프로판올, 향료, 실리카, 리모넨, C12-15알킬벤조에이트, 정제수, 글리세린, 리날룰, 헥실신남알, 부틸렌글라이콜, 석류추출물, 시트로넬올, 덱스트린, 인삼추출물, 동백나무잎추출물, 동백나무꽃추출물",미쟝센,미쟝센_컬링 매트 볼륨 헤어픽서 200ml
헬로버블 퍼퓸보색 핑크 샴푸 400ml,https://www.amoremall.com/kr/ko/product/detail?onlineProdSn=56397,14828.0,400ml,400.0,ml,"정제수, 글리세린, 다이소듐코코일글루타메이트, 솔비톨, 카프릴릴/카프릴글루코사이드, 라우릴하이드록시설테인, 피이지-60하이드로제네이티드캐스터오일, 시트릭애씨드, 향료, 카페인, 소듐벤조에이트, 폴리쿼터늄-22, 카프릴릴글라이콜, 다이소듐라우릴설포석시네이트, 염기성청색99호, 다이소듐이디티에이, 염기성적색51호, 코카미도프로필베타인, 다이소듐라우레스설포석시네이트, 리모넨, 소듐클로라이드, 알지닌, 말레익애씨드, 아르간커넬오일, 살구씨오일, 올리브오일, 동백나무씨오일, 호호바씨오일, 마룰라씨오일, 코코넛야자오일, 코코-카프릴레이트/카프레이트",미쟝센,미쟝센_헬로버블 퍼퓸보색 핑크 샴푸 400ml
NEW 헬로블리치 프라이머 버블 100g,https://www.amoremall.com/kr/ko/product/detail?onlineProdSn=53569,15968.0,100g,100.0,g,"제 1제: 정제수, 변성알코올, 에탄올아민, 폴리쿼터늄-6, 트라이소듐에이치이디티에이 / 제 2제: 정제수, 하이드로젠퍼옥사이드, 세틸알코올, 미리스틸알코올, 에티드로닉애씨드, 스테아레스-21, 향료, 다이소듐포스페이트, 스테아트라이모늄클로라이드, 라우레스-2, 포스포릭애씨드, 아이소프로필알코올 / 제 3제: 정제수, 라우릴베타인, 변성알코올, 세트리모늄클로라이드",미쟝센,미쟝센_NEW 헬로블리치 프라이머 버블 100g
퍼펙트 스타일링 세럼 컨디셔너 680ml,https://www.amoremall.com/kr/ko/product/detail?onlineProdSn=31341,14833.0,680ml,680.0,ml,"정제수, 글리세린, 다이프로필렌글라이콜, 세틸알코올, 스테아릴알코올, 세틸에틸헥사노에이트, 베헨트라이모늄클로라이드, 다이메티콘, 아이소프로필알코올, 향료, 하이드록시에틸셀룰로오스, 다이소듐이디티에이, 리날룰, 벤질벤조에이트, 아르간커넬오일, 살구씨오일, 올리브오일, 호호바씨오일, 동백나무씨오일, 코코넛야자오일, 코코-카프릴레이트/카프레이트, 마룰라씨오일, 글라이코리피드",미쟝센,미쟝센_퍼펙트 스타일링 세럼 컨디셔너 680ml
NEW 헬로크림 125g,https://www.amoremall.com/kr/ko/product/detail?onlineProdSn=62117,15968.0,125g,125.0,g,"1제: 정제수, 에탄올아민, 피이지-8, 세테아릴알코올, 황산톨루엔-2,5-디아민, 부틸렌글라이콜, 폴리쿼터늄-6, 스테아레스-21, 올레스-2, 레조시놀, 염산2,4-디아미노페녹시에탄올, 하이드록시에틸셀룰로오스, 베헨트라이모늄클로라이드, 스테아트라이모늄클로라이드, 소듐설파이트, 에리소빅애씨드, 잔탄검, 아이소프로필알코올, M-아미노페놀, 4-아미노-2-하이드록시톨루엔, 다이소듐이디티에이, 하이드롤라이즈드식물성단백질, 아르간커넬오일, 아스파틱애씨드, 글루타믹애씨드, 올리브오일, 호호바씨오일, 폴리솔베이트60, 다이소듐포스페이트, 포도씨오일, 소듐포스페이트, 소듐벤조에이트, 아세틱애씨드, 포타슘하이드록사이드, 마카다미아씨오일, 토코페롤 / 2제: 정제수, 하이드로젠퍼옥사이드, 다이프로필렌글라이콜, 피이지-150다이스테아레이트, 라우릴글루코사이드, 코카미도프로필베타인, 에티드로닉애씨드, 포스포릭애씨드, 소듐클로라이드, 향료, 다이소듐포스페이트, 소듐벤조에이트 / 3제: 라우레스-2, 아르간커넬오일, 카프릴릭/카프릭트라이글리세라이드, 살구씨오일, 올리브오일",미쟝센,미쟝센_NEW 헬로크림 125g
헬로 젤리팡팡 8g,https://www.amoremall.com/kr/ko/product/detail?onlineProdSn=65450,17821.0,8g,8.0,g,"흑색산화철, 탤크, 합성플루오르플로고파이트, 다이카프릴릴카보네이트, 페닐트라이메티콘, 다이메티콘, 실리카, 라우로일라이신, 하이드로제네이티드폴리데센, 다이메티콘/비닐다이메티콘크로스폴리머, 카프릴릴글라이콜, 에틸헥실글리세린, 글리세릴카프릴레이트, 알루미늄하이드록사이드, 적색산화철, 황색산화철, 토코페롤, 정제수, 부틸렌글라이콜, 트라이메틸실록시실리케이트/다이메티콘올크로스폴리머, 트라이에톡시카프릴릴실레인, 라즈베리추출물, 1,2-헥산다이올, 검정콩추출물",미쟝센,미쟝센_헬로 젤리팡팡 8g
살롱10 단백질 트리트먼트,https://www.amoremall.com/kr/ko/product/detail?onlineProdSn=67803,25500.0,250mlx2,250.0,ml,"정제수, 부틸렌글라이콜, 다이프로필렌글라이콜, 다이메티콘, 스테아릴알코올, 베헨트라이모늄메토설페이트, 세틸알코올, 향료, 다이메티콘올, 아모다이메티콘, 트라이메틸실록시실리케이트, 폴리프로필실세스퀴옥세인, 아미노프로필다이메티콘, 카프릴릴메티콘, 리날룰, 1,2-헥산다이올, 에틸헥실글리세린, 다이소듐이디티에이, 리모넨, 하이드롤라이즈드식물성단백질(210 ppm), 제라니올, 스테아트라이모늄클로라이드, 다마스크장미꽃추출물, 락틱애씨드, 만니톨, 소듐벤조에이트, 알지닌, 세린, 수크로오스, 피씨에이, 시트룰린, 덱스트린, 글라이코젠, 히스티딘에이치씨엘, 알라닌, 트레오닌, 인삼추출물, 하이드롤라이즈드콜라겐, 글루타믹애씨드, 라이신에이치씨엘, 토코페롤",미쟝센,미쟝센_살롱10 단백질 트리트먼트
살롱10 시카 프로틴 샴푸,https://www.amoremall.com/kr/ko/product/detail?onlineProdSn=67501,30000.0,480ml * 2,480.0,ml,"정제수, 소듐C14-16올레핀설포네이트, 글리세린, 카프릴릴/카프릴글루코사이드, 다이소듐라우레스설포석시네이트, 말티톨, 코카미도프로필베타인, 라우릴하이드록시설테인, 다이소듐코코일글루타메이트, 수크로오스, 소듐코코일알라니네이트, 라우릴베타인, 향료, 폴리쿼터늄-10, 소듐클로라이드, 시트릭애씨드, 소듐살리실레이트, 세틸알코올, 멘톨, 카프릴릴글라이콜, 소듐시트레이트, 피피지-3카프릴릴에터, C10-18트라이글리세라이즈, 포도씨오일, 트라이하이드록시스테아린, 카프릴릭/카프릭트라이글리세라이드, 소듐메타포스페이트, 피브이피, 다이카프릴릴에터, 프로판다이올, 에틸헥실글리세린, 리날룰, 헥실신남알, 글리세릴스테아레이트, 구아하이드록시프로필트라이모늄클로라이드, 마카다미아씨오일, 소듐벤조에이트, 1,2-헥산다이올, 하이드롤라이즈드식물성단백질(100 ppm), 캐모마일꽃수, 데하이드로아세틱애씨드, 부틸렌글라이콜, 알지닌, 병풀꽃/잎/줄기추출물(25 ppm), 말레익애씨드, 덱스트린, 인삼추출물, 다이소듐이디티에이, 마데카소사이드, 세라마이드엔피, 토코페롤, 잔탄검, 다시마추출물, 귀리펩타이드, 세린, 글루타믹애씨드, 트레오닌, 류신, 프롤린, 아스파틱애씨드, 아이소류신, 글라이신, 페닐알라닌, 알라닌, 라이신, 타이로신, 변성알코올, 히스티딘, 피이지-150펜타에리스리틸테트라스테아레이트, 피피지-2하이드록시에틸코카마이드, 발린, 메티오닌, 시스틴, 트립토판",미쟝센,미쟝센_살롱10 시카 프로틴 샴푸
퍼펙트 세럼 트리트먼트,https://www.amoremall.com/kr/ko/product/detail?onlineProdSn=67144,29825.0,330ml *2입,330.0,ml,"정제수, 세테아릴알코올, 솔비톨, 다이메티콘, 다이프로필렌글라이콜, 베헨트라이모늄클로라이드, 하이드로제네이티드폴리아이소부텐, 아모다이메티콘, 향료, 아이소프로필알코올, 카프릴릴글라이콜, 락틱애씨드, 트라이데세스-10, 다이소듐이디티에이, 1,2-헥산다이올, 에틸헥실글리세린, 리모넨, 아르간커넬오일, 호호바씨오일, 코코넛야자오일, 황색5호, 황색4호, 살구씨오일, 올리브오일, 마룰라씨오일, 동백나무씨오일, 코코-카프릴레이트/카프레이트, 토코페롤, 글라이코리피드",미쟝센,미쟝센_퍼펙트 세럼 트리트먼트
퍼펙트 베이스업 헤어 에센스,https://www.amoremall.com/kr/ko/product/detail?onlineProdSn=67143,29630.0,200ml *2입,200.0,ml,"정제수, 다이프로필렌글라이콜, 세틸에틸헥사노에이트, 세틸알코올, 다이카프릴릴카보네이트, 다이메티콘, 세테아릴알코올, 스테아라미도프로필다이메틸아민, 향료, 세틸에스터, 다이메티콘올, 락틱애씨드, 부틸렌글라이콜, 다마스크장미꽃수, 에틸헥실글리세린, 다이소듐이디티에이, 폴리쿼터늄-51, 리모넨, 리날룰, 1,2-헥산다이올, 시트로넬올, 제라니올, 당잔대뿌리추출물, 하이드록시시트로넬알, 긴병꽃풀추출물, 왜광대수염꽃추출물, 토코페롤, 퉁퉁마디추출물, 아르간커넬오일, 인동덩굴꽃추출물, 호호바씨오일, 코코넛야자오일, 수국잎추출물, 살구씨오일, 올리브오일, 동백나무씨오일, 마룰라씨오일, 코코-카프릴레이트/카프레이트, 글라이코리피드",미쟝센,미쟝센_퍼펙트 베이스업 헤어 에센스
컬링 에센스 2X 내추럴,https://www.amoremall.com/kr/ko/product/detail?onlineProdSn=67142,19833.0,150ml *2입,150.0,ml,"정제수, 다이메티콘, 사이클로펜타실록세인, 글리세린, 다이프로필렌글라이콜, 브이피/메타크릴아마이드/비닐이미다졸코폴리머, 에탄올, 아크릴레이트/스테아레스-20이타코네이트코폴리머, 폴리아크릴아마이드, 트로메타민, C13-14아이소파라핀, 카프릴릴글라이콜, 향료, 에틸헥실글리세린, 라우레스-7, 리날룰, 다이소듐이디티에이, 리모넨, 부틸렌글라이콜, 제라니올, 시트로넬올, 헥실신남알, 벤질살리실레이트, 석류추출물, 1,2-헥산다이올, 스쿠알란, 아르간커넬오일, 살구씨오일, 프로판다이올, 소듐하이알루로네이트, 동백나무잎추출물, 토코페롤, 동백나무꽃추출물, 하이드롤라이즈드하이알루로닉애씨드, 소듐하이알루로네이트크로스폴리머, 피씨에이, 락틱애씨드, 글루코오스, 하이알루로닉애씨드, 글라이신, 우레아, 소듐글리세로포스페이트, 세린, 글루타믹애씨드, 포타슘마그네슘아스파테이트, 아스파틱애씨드, 류신, 소듐클로라이드, 알라닌, 라이신, 알지닌, 칼슘글루코네이트, 마그네슘글루코네이트, 타이로신, 페닐알라닌, 프롤린, 트레오닌, 발린, 아이소류신, 시트릭애씨드, 소듐아세틸레이티드하이알루로네이트, 히스티딘, 아세틸글루코사민, 시스테인, 크레아틴, 우릭애씨드, 메티오닌",미쟝센,미쟝센_컬링 에센스 2X 내추럴
컬링 에센스 2X 볼륨,https://www.amoremall.com/kr/ko/product/detail?onlineProdSn=67141,19833.0,150ml *2입,150.0,ml,"정제수, 다이프로필렌글라이콜, 사이클로펜타실록세인, 세테아릴알코올, 브이피/메타크릴아마이드/비닐이미다졸코폴리머, 에탄올, 글리세린, 코코-카프릴레이트/카프레이트, 다이카프릴릴카보네이트, 폴리솔베이트60, 솔비탄세스퀴올리에이트, 다이메티콘올, 글리세릴스테아레이트, 피이지-100스테아레이트, 카보머, 트로메타민, 카프릴릴글라이콜, 향료, 브이피/브이에이코폴리머, 에틸헥실글리세린, 리날룰, 다이소듐이디티에이, 리모넨, 부틸렌글라이콜, 제라니올, 시트로넬올, 헥실신남알, 벤질살리실레이트, 석류추출물, 1,2-헥산다이올, 스쿠알란, 아르간커넬오일, 살구씨오일, 프로판다이올, 토코페롤, 소듐하이알루로네이트, 동백나무잎추출물, 테트라소듐이디티에이, 동백나무꽃추출물, 하이드롤라이즈드하이알루로닉애씨드, 소듐하이알루로네이트크로스폴리머, 피씨에이, 락틱애씨드, 글루코오스, 하이알루로닉애씨드, 글라이신, 우레아, 소듐글리세로포스페이트, 세린, 글루타믹애씨드, 포타슘마그네슘아스파테이트, 아스파틱애씨드, 류신, 소듐클로라이드, 알라닌, 라이신, 알지닌, 칼슘글루코네이트, 마그네슘글루코네이트, 타이로신, 페닐알라닌, 프롤린, 트레오닌, 발린, 아이소류신, 시트릭애씨드, 소듐아세틸레이티드하이알루로네이트, 히스티딘, 아세틸글루코사민, 시스테인, 크레아틴, 우릭애씨드, 메티오닌",미쟝센,미쟝센_컬링 에센스 2X 볼륨
퍼펙트 세럼 홈 케어 트리트먼트,https://www.amoremall.com/kr/ko/product/detail?onlineProdSn=67026,53333.0,900ml*2,900.0,ml,"정제수, 글리세린, 다이메티콘, 다이프로필렌글라이콜, 세틸알코올, 세틸에틸헥사노에이트, 스테아릴알코올, 베헨트라이모늄클로라이드, C12-15알킬벤조에이트, 카프릴릭/카프릭트라이글리세라이드, 하이드로제네이티드폴리아이소부텐, 향료, 아이소프로필알코올, 하이드록시에틸셀룰로오스, 에틸헥실글리세린, 다이소듐이디티에이, 리모넨, 황색5호, 아르간커넬오일, 살구씨오일, 올리브오일, 호호바씨오일, 동백나무씨오일, 코코넛야자오일, 황색4호, 토코페롤, 코코-카프릴레이트/카프레이트, 마룰라씨오일, 글라이코리피드",미쟝센,미쟝센_퍼펙트 세럼 홈 케어 트리트먼트
퍼펙트 아르간 캡슐 리페어 헤어 마스크 180g,https://www.amoremall.com/kr/ko/product/detail?onlineProdSn=66998,14875.0,180g,180.0,g,"정제수, 다이메티콘, 글리세린, 세테아릴알코올, 다이프로필렌글라이콜, 세틸에틸헥사노에이트, 베헨트라이모늄클로라이드, 아이소펜틸다이올, 코코-카프릴레이트/카프레이트, 아모다이메티콘, 베헤닐알코올, 스테아라미도프로필다이메틸아민, 다이메티콘올, 향료, 아르간커넬오일(5,987 ppm), 하이드록시프로필스타치포스페이트, 락틱애씨드, 카프릴릴글라이콜, 소듐글루코네이트, 에틸헥실글리세린, 캐모마일꽃수, 카프릴릴메티콘, 스테아트라이모늄클로라이드, 부틸렌글라이콜, 세테아릴다이메티콘크로스폴리머, 리모넨, 리날룰, 실리카실릴레이트, 소듐벤조에이트, 카프릴릭/카프릭트라이글리세라이드, 프로판다이올, 하이드로제네이티드폴리(C6-20올레핀), 황색4호, 1,2-헥산다이올, 에이치디아이/트라이메틸올헥실락톤크로스폴리머, 하이드롤라이즈드식물성단백질, 호호바씨오일, 코코넛야자오일, 덱스트린, 인삼추출물, 적색227호, 토코페롤, 다시마추출물, 살구씨오일, 올리브오일, 동백나무씨오일, 소듐메타포스페이트, 마룰라씨오일, 귀리펩타이드, 알지닌, 세린, 글루타믹애씨드, 트레오닌, 류신, 프롤린, 아스파틱애씨드, 아이소류신, 글라이신, 페닐알라닌, 알라닌, 타이로신, 라이신, 청색1호, 히스티딘, 발린, 메티오닌, 글라이코리피드, 시스틴, 트립토판",미쟝센,미쟝센_퍼펙트 아르간 캡슐 리페어 헤어 마스크 180g
퍼펙트 매직 스트레이트 세럼 샴푸,https://www.amoremall.com/kr/ko/product/detail?onlineProdSn=66941,29762.0,530ml*2,530.0,ml,"정제수, 소듐라우레스설페이트, 코카미도프로필하이드록시설테인, 다이소듐라우레스설포석시네이트, 아이소펜틸다이올, 라우레스-6카복실릭애씨드, 카프릴릴/카프릴글루코사이드, 향료, 폴리쿼터늄-10, 피이지-60하이드로제네이티드캐스터오일, 카프릴릭/카프릭트라이글리세라이드, 석시닉애씨드, 소듐라우로일사코시네이트, 라우레스-2, 소듐벤조에이트, 소듐시트레이트, 피피지-3카프릴릴에터, 페녹시에탄올, 소듐메타포스페이트, 시트릭애씨드, 캐모마일꽃수, 리날룰, 벤질살리실레이트, 하이드록시시트로넬알, 리모넨, 카프릴릴글라이콜, 다이소듐이디티에이, 헥실신남알, 시트로넬올, 티타늄디옥사이드 (CI 77891), 프로판다이올, 테트라소듐이디티에이, 덱스트린, 1,2-헥산다이올, 아르간커넬오일, 실리카, 인삼추출물, 코코넛야자오일, 호호바씨오일, 틴옥사이드, 다시마추출물, 살구씨오일, 올리브오일, 동백나무씨오일, 에틸헥실글리세린, 마룰라씨오일, 귀리펩타이드, 알지닌, 세린, 글루타믹애씨드, 트레오닌, 류신, 프롤린, 아스파틱애씨드, 아이소류신, 글라이신, 페닐알라닌, 알라닌, 타이로신, 라이신, 히스티딘, 소듐클로라이드, 카나우바왁스, 말티톨, 피이지-150펜타에리스리틸테트라스테아레이트, 발린, 피피지-2하이드록시에틸코카마이드, 메티오닌, 글라이코리피드, 시스틴, 트립토판",미쟝센,미쟝센_퍼펙트 매직 스트레이트 세럼 샴푸
퍼펙트 매직 스트레이트 세럼,https://www.amoremall.com/kr/ko/product/detail?onlineProdSn=66534,29873.0,80ml*2,80.0,ml,"다이메티콘, C18-21알케인, 세틸에틸헥사노에이트, 트라이실록세인, 다이카프릴릴에터, 다이메티콘올, 아미노프로필다이메티콘, 향료, 티타늄디옥사이드 (CI 77891), 리날룰, 벤질살리실레이트, 하이드록시시트로넬알, 리모넨, 헥실신남알, 시트로넬올, 제라니올, 실리카, 토코페롤, 아르간커넬오일, 코코넛야자오일, 틴옥사이드, 호호바씨오일, 살구씨오일, 올리브오일, 동백나무씨오일, 마룰라씨오일, 글라이코리피드",미쟝센,미쟝센_퍼펙트 매직 스트레이트 세럼
퍼펙트 매직 스트레이트 세럼 트리트먼트,https://www.amoremall.com/kr/ko/product/detail?onlineProdSn=66532,29762.0,230ml*2,230.0,ml,"정제수, 다이메티콘, 세틸알코올, 솔비톨, 말티톨, 스테아릴알코올, 카나우바왁스, 베헨트라이모늄메토설페이트, 카프릴릴/카프릴글루코사이드, 아미노프로필다이메티콘, 부틸렌글라이콜, 석시닉애씨드, 향료, 스쿠알란, 다이-C12-13알킬말레이트, 말레익애씨드, 하이드록시프로필메틸셀룰로오스, 폴리글리세릴-4다이아이소스테아레이트/폴리하이드록시스테아레이트/세바케이트, 다이메티콘올, 카프릴릴글라이콜, 소듐메타포스페이트, 에틸헥실글리세린, 캐모마일꽃수, 카프릴릴메티콘, 리날룰, 세테아릴다이메티콘크로스폴리머, 벤질살리실레이트, 하이드록시시트로넬알, 리모넨, 헥실신남알, 시트로넬올, 실리카실릴레이트, 프로판다이올, 티타늄디옥사이드 (CI 77891), 덱스트린, 1,2-헥산다이올, 아르간커넬오일, 인삼추출물, 코코넛야자오일, 호호바씨오일, 다시마추출물, 실리카, 살구씨오일, 올리브오일, 동백나무씨오일, 마룰라씨오일, 귀리펩타이드, 알지닌, 세린, 글루타믹애씨드, 트레오닌, 류신, 프롤린, 아스파틱애씨드, 아이소류신, 글라이신, 틴옥사이드, 페닐알라닌, 알라닌, 타이로신, 라이신, 히스티딘, 발린, 메티오닌, 글라이코리피드, 시스틴, 트립토판",미쟝센,미쟝센_퍼펙트 매직 스트레이트 세럼 트리트먼트
살롱10 프로페셔널 시카 프로틴 트리트먼트,https://www.amoremall.com/kr/ko/product/detail?onlineProdSn=63798,33671.0,215ml*2,215.0,ml,"정제수, 글리세린, 다이메티콘, 솔비톨, 베헨트라이모늄메토설페이트, 세틸알코올, 베헨트라이모늄클로라이드, 아미노프로필다이메티콘, 말티톨, 다이프로필렌글라이콜, 부틸렌글라이콜, 스테아릴알코올, 글리세릴올리에이트, 향료, 캐모마일꽃수, 아모다이메티콘, 다이올레오일에틸하이드록시에틸모늄메토설페이트, 다이메티콘올, 알지닌, 프로판다이올, 말레익애씨드, 글루타믹애씨드, 소듐메타포스페이트, 카나우바왁스, 에틸헥실글리세린, 리날룰, 헥실신남알, 1,2-헥산다이올, 하이드롤라이즈드식물성단백질(207 ppm), 다마스크장미꽃추출물, 스테아트라이모늄클로라이드, 검정콩추출물, 락틱애씨드, 소듐벤조에이트, 병풀꽃/잎/줄기추출물(25 ppm), 마데카소사이드, 다시마추출물, 세라마이드엔피, 덱스트린, 귀리펩타이드, 세린, 트레오닌, 류신, 인삼추출물, 프롤린, 레시틴, 잔탄검, 아스파틱애씨드, 토코페롤, 아이소류신, 글라이신, 아스코빌팔미테이트, 다이소듐이디티에이, 페닐알라닌, 알라닌, 타이로신, 라이신, 하이드로제네이티드팜글리세라이즈시트레이트, 히스티딘, 발린, 메티오닌, 시스틴, 트립토판",미쟝센,미쟝센_살롱10 프로페셔널 시카 프로틴 트리트먼트
컬링 매트 볼륨 헤어픽서,https://www.amoremall.com/kr/ko/product/detail?onlineProdSn=62876,29688.0,200ml*2,200.0,ml,"변성알코올, 아크릴레이트/옥틸아크릴아마이드코폴리머, 아미노메틸프로판올, 향료, 실리카, 리모넨, C12-15알킬벤조에이트, 정제수, 글리세린, 리날룰, 헥실신남알, 부틸렌글라이콜, 석류추출물, 시트로넬올, 덱스트린, 인삼추출물, 동백나무잎추출물, 동백나무꽃추출물",미쟝센,미쟝센_컬링 매트 볼륨 헤어픽서
퍼펙트 스타일링 세럼 샴푸 680ml,https://www.amoremall.com/kr/ko/product/detail?onlineProdSn=31340,14833.0,680ml,680.0,ml,"정제수, 소듐라우레스설페이트, 글리세린, 코카미도프로필베타인, 라우레스-6카복실릭애씨드, 향료, 소듐클로라이드, 다이메티콘올, 티이에이-도데실벤젠설포네이트, 소듐벤조에이트, 폴리쿼터늄-10, 피피지-7, 페녹시에탄올, 카프릴릴글라이콜, 소듐시트레이트, 리날룰, 시트릭애씨드, 벤질벤조에이트, 테트라소듐이디티에이, 에틸헥실글리세린, 다이소듐이디티에이, 시트로넬올, 제라니올, 알파-아이소메틸아이오논, 폴리쿼터늄-55, 아르간커넬오일, 폴리쿼터늄-11, 호호바씨오일, 코코넛야자오일, 토코페롤, 살구씨오일, 올리브오일, 동백나무씨오일, 마룰라씨오일, 코코-카프릴레이트/카프레이트, 소듐살리실레이트, 변성알코올, 글라이코리피드",미쟝센,미쟝센_퍼펙트 스타일링 세럼 샴푸 680ml
트리트먼트 엔자임 클렌징 폼 120g,https://www.amoremall.com/kr/ko/product/detail?onlineProdSn=19565,42000.0,120g,120.0,g,"""정제수, 피이지-8, 미리스틱애씨드, 글리세린, 스테아릭애씨드, 포타슘하이드록사이드, 라우릭애씨드, 팔미틱애씨드, 글리세 릴스테아레이트, 피이지-100스테아레이트, 변성알코올, 폴리 쿼터늄-7, 피토스테릴/옥틸도데실라우로일글루타메이트, 향료, 피이지-150다이스테아레이트, 덱스트린, 부틸렌글라이콜, 트레 할로오스, 다이소듐이디티에이, 소듐벤조에이트, 락토바실러 스발효용해물, 소듐하이알루로네이트, 리모넨, 제라니올, 코튼 추출물, 토코페롤""",아모레퍼시픽,아모레퍼시픽_트리트먼트 엔자임 클렌징 폼 120g
모이스춰 플럼핑 넥타 크림 50ml,https://www.amoremall.com/kr/ko/product/detail?onlineProdSn=14973,150000.0,50ml,50.0,ml,"왕대수액, 정제수, 시어버터, 글리세린, 프로판다이올, 메틸트라이메티콘, 펜타에리스리틸테트라에틸헥사노에이트, 부틸렌글라이콜, 에탄올, 녹차씨오일, 1,2-헥산다이올, 스쿠알란, 메도우폼씨오일, 소듐카보머, 판테놀, 하이드로제네이티드레시틴, 피토스테릴/베헤닐/옥틸도데실라우로일글루타메이트, 향료, 토코페롤, 콜레스테롤, 세라마이드엔피, 페녹시에탄올, 잔탄검, 글리세릴카프릴레이트, 스테아릭애씨드, 에틸헥실글리세린, 아데노신, 팔미틱애씨드, 리모넨, 제라니올, 알파-아이소메틸아이오논, 연꽃추출물, 시트로넬올, 리날룰, 하이드록시시트로넬알, 녹차추출물, 카프릴릴글라이콜, 시트릭애씨드, 피탄트라이올, 폴록사머407, 암모늄아크릴로일다이메틸타우레이트/브이피코폴리머, 카페인, 테아닌, 에피갈로카테킨갈레이트, 캠페롤, 녹차꽃추출물",아모레퍼시픽,아모레퍼시픽_모이스춰 플럼핑 넥타 크림 50ml
타임 레스폰스 스킨 리뉴얼 미스트 200ml,https://www.amoremall.com/kr/ko/product/detail?onlineProdSn=19019,120000.0,200ml,200.0,ml,"녹차수, 부틸렌글라이콜, 글리세린, 트라이에틸헥사노인, 다이메티콘, 1,2-헥산다이올, 스쿠알란, 피이지-60글리세릴아이소스테아레이트, 글리세릴스테아레이트, 세테아릴알코올, 피이지-20글리세릴아이소스테아레이트, 스테아릭애씨드, 팔미틱애씨드, 페녹시에탄올, 에틸헥실글리세린, 다이소듐이디티에이, 향료, 포타슘하이드록사이드, 녹차씨오일, 정제수, 리모넨, 미리스틱애씨드, 아라키딕애씨드, 토코페롤",아모레퍼시픽,아모레퍼시픽_타임 레스폰스 스킨 리뉴얼 미스트 200ml
타임 레스폰스 스킨 리저브 플루이드 160ml,https://www.amoremall.com/kr/ko/product/detail?onlineProdSn=18844,220000.0,160ml,160.0,ml,"녹차수, 프로판다이올, 정제수, 글리세린, 스쿠알란, 부틸렌글라이콜, 카프릴릭/카프릭트라이글리세라이드, 펜타에리스리틸테트라에틸헥사노에이트, 변성알코올, 다이아이소스테아릴말레이트, 피씨에이다이메티콘, 피이지-60글리세릴아이소스테아레이트, 다이메티콘, 1,2-헥산다이올, 피토스테릴/베헤닐/옥틸도데실라우로일글루타메이트, C14-22알코올, 스테아릭애씨드, 나이아신아마이드, 글리세릴스테아레이트, 하이드록시에틸아크릴레이트/소듐아크릴로일다이메틸타우레이트코폴리머, 팔미틱애씨드, 아라키딜알코올, C12-20알킬글루코사이드, 향료, 베헤닐알코올, 다이메티콘/비닐다이메티콘크로스폴리머, 카보머, 글리세릴카프릴레이트, 트로메타민, 아라키딜글루코사이드, 에틸헥실글리세린, 다이소듐이디티에이, 아데노신, 베타-글루칸, 소듐하이알루로네이트, 솔비탄아이소스테아레이트, 폴리솔베이트60, 낫토검, 돌콩추출물, 녹차추출물, 리모넨, 덱스트린, 카카오추출물, 글루코오스, 제라니올, 알파-아이소메틸아이오논, 시트로넬올, 리날룰, 하이드록시시트로넬알, 폴록사머235, 베타인, 에피갈로카테킨갈레이트, 에톡시다이글라이콜, 토코페솔란, 폴록사머338, 토코페롤, 페녹시에탄올, 인삼추출물, 카프릴릴글라이콜",아모레퍼시픽,아모레퍼시픽_타임 레스폰스 스킨 리저브 플루이드 160ml
,https://www.amoremall.com/kr/ko/product/detail?onlineProdSn=32261,80000.0,160ml,160.0,ml,"정제수, 부틸렌글라이콜, 글리세린, 변성알코올, 1,2-헥산다이올, 베타인, 카프릴릭/카프릭트라이글리세라이드, 왕대수액, 글리세릴폴리메타크릴레이트, 다이메티콘, 암모늄아크릴로일다이메틸타우레이트/브이피코폴리머, 하이드로제네이티드레시틴, 프로판다이올, 에탄올, 잔탄검, 콜레스테롤, 글리세릴카프릴레이트, 향료, 에틸헥실글리세린, 아시아티코사이드, 마데카식애씨드, 아시아틱애씨드, 베타-글루칸, 하이알루로닉애씨드, 코튼추출물, 리모넨, 소듐메틸스테아로일타우레이트, 페녹시에탄올, 제라니올, 알파-아이소메틸아이오논, 시트로넬올, 리날룰, 말라카이트추출물, 토코페롤",아모레퍼시픽,아모레퍼시픽_nan
보태니컬 수딩 토너 200ml,https://www.amoremall.com/kr/ko/product/detail?onlineProdSn=32260,90000.0,200ml,200.0,ml,"정제수, 부틸렌글라이콜, 판테놀, 다이프로필렌글라이콜, 1,2-헥산다이올, 왕대수액, 피피지-13-데실테트라데세스-24, 잔탄검, 소듐시트레이트, 시트릭애씨드, 에탄올, 에틸헥실글리세린, 향료, 다이소듐이디티에이, 하이알루로닉애씨드, 코튼추출물, 페녹시에탄올, 토코페롤",아모레퍼시픽,아모레퍼시픽_보태니컬 수딩 토너 200ml
타임 레스폰스 스킨 리저브 토너 200ml,https://www.amoremall.com/kr/ko/product/detail?onlineProdSn=16855,200000.0,200ml,200.0,ml,"녹차수, 부틸렌글라이콜, 정제수, 글리세린, 변성알코올, 베타인, 1,2-헥산다이올, 프로판다이올, 피이지-60하이드로제네이티드캐스터오일, 비스-피이지-18메틸에터다이메틸실레인, 암모늄아크릴로일다이메틸타우레이트/브이피코폴리머, 카페인, 카보머, 다이포타슘글리시리제이트, 향료, 트로메타민, 에틸헥실글리세린, 아데노신, 다이소듐이디티에이, 바이오사카라이드검-1, 펜틸렌글라이콜, 낫토검, 베타-글루칸, 소듐하이알루로네이트, 돌콩추출물, 녹차추출물, 트레할로오스, 리모넨, 락토바실러스발효용해물, 제라니올, 폴록사머235, 알파-아이소메틸아이오논, 시트로넬올, 에피갈로카테킨갈레이트, 에톡시다이글라이콜, 토코페솔란, 폴록사머338, 페녹시에탄올, 글루코오스, 토코페롤, 인삼추출물, 일본목련나무껍질추출물, 카프릴릴글라이콜",아모레퍼시픽,아모레퍼시픽_타임 레스폰스 스킨 리저브 토너 200ml
듀얼 코튼 면봉 150매,https://www.amoremall.com/kr/ko/product/detail?onlineProdSn=59332,3000.0,150매,150.0,매,,아모레베이직,아모레베이직_듀얼 코튼 면봉 150매
프리티 눈썹칼 2입,https://www.amoremall.com/kr/ko/product/detail?onlineProdSn=64179,3500.0,2입,2.0,,,아모레베이직,아모레베이직_프리티 눈썹칼 2입
순면 5겹 화장솜 50매 / 120매,https://www.amoremall.com/kr/ko/product/detail?onlineProdSn=59331,2677.0,50매/120매,50.0,매,,아모레베이직,아모레베이직_순면 5겹 화장솜 50매 / 120매
그린티 오일 컨트롤 페이퍼 70매,https://www.amoremall.com/kr/ko/product/detail?onlineProdSn=64180,3500.0,70매,70.0,매,,아모레베이직,아모레베이직_그린티 오일 컨트롤 페이퍼 70매
토너 아껴주는 1/2 스킨팩 화장솜 400매,https://www.amoremall.com/kr/ko/product/detail?onlineProdSn=59330,10500.0,400매,400.0,매,,아모레베이직,아모레베이직_토너 아껴주는 1/2 스킨팩 화장솜 400매
물광 메이크업 씨앗 스펀지 2ea,https://www.amoremall.com/kr/ko/product/detail?onlineProdSn=59334,4500.0,,,,,아모레베이직,아모레베이직_물광 메이크업 씨앗 스펀지 2ea
애프터 마스카라 히팅 속눈썹 고데기,https://www.amoremall.com/kr/ko/product/detail?onlineProdSn=64178,28000.0,,,,,아모레베이직,아모레베이직_애프터 마스카라 히팅 속눈썹 고데기
소프트 엠보싱 원형 화장솜 100매,https://www.amoremall.com/kr/ko/product/detail?onlineProdSn=59329,5500.0,100매,100.0,매,,아모레베이직,아모레베이직_소프트 엠보싱 원형 화장솜 100매
컴팩트 아이래쉬 컬러,https://www.amoremall.com/kr/ko/product/detail?onlineProdSn=64177,8500.0,,,,,아모레베이직,아모레베이직_컴팩트 아이래쉬 컬러
아모레베이직 X 벤자민무어 더 에센셜 배쓰밤 2입세트,https://www.amoremall.com/kr/ko/product/detail?onlineProdSn=66122,15000.0,150 g x 2개,150.0,g,"소듐바이카보네이트, 시트릭애씨드, 옥수수전분, 향료, 정제수, 올리브오일, 글리세린, 티타늄디옥사이드, 흑색 산화철, 황색산화철, 적색227호, 적색504호, 알루미늄하이드록사이드, 적색산화철, 알파-아이소메틸아이오논, 하이드록시시트로넬알, 리 날룰",아모레베이직,아모레베이직_아모레베이직 X 벤자민무어 더 에센셜 배쓰밤 2입세트
아모레베이직 X 벤자민무어 더 에센셜 세라믹 바디 괄사,https://www.amoremall.com/kr/ko/product/detail?onlineProdSn=66208,25000.0,,,,,아모레베이직,아모레베이직_아모레베이직 X 벤자민무어 더 에센셜 세라믹 바디 괄사
프로페셔널 아티스트 브러쉬 8종 키트,https://www.amoremall.com/kr/ko/product/detail?onlineProdSn=67491,80000.0,,,,,아모레베이직,아모레베이직_프로페셔널 아티스트 브러쉬 8종 키트
아모레베이직 미피 솔리드 퍼퓸 2종+실리콘키링,https://www.amoremall.com/kr/ko/product/detail?onlineProdSn=67368,20000.0,5 g,5.0,g,"카프릴릭/카프릭트라이글리세라이드, 향료, 합성왁스, 폴리글리세릴-2트라이아이소스테아레이트, 피마자씨오일, 해바라기씨오일, 마이크로크리스탈린왁스, 토코페롤",아모레베이직,아모레베이직_아모레베이직 미피 솔리드 퍼퓸 2종+실리콘키링
데일리 메이크업 조각 스펀지 20ea / 60ea,https://www.amoremall.com/kr/ko/product/detail?onlineProdSn=59333,3271.0,20/60ea,20.0,ea,,아모레베이직,아모레베이직_데일리 메이크업 조각 스펀지 20ea / 60ea
자연을 닮은 립밤,https://www.amoremall.com/kr/ko/product/detail?onlineProdSn=19729,15000.0,3.2g,3.2,g,"카프릴릭/카프릭트라이글리세라이드, 피토스테릴이소스테아릴다이머디리놀리에이트, 호호바씨오일, 다이아이소스테아릴말레이트, 하이드로제네이티드폴리아이소부텐, 비스-다이글리세릴폴리아실아디페이트-2, 하이드로제네이티드캐스터오일다이머다이리놀레에이트, 비즈왁스, 합성왁스, 마이크로크리스탈린왁스, 폴리에틸렌, 야자씨버터, 토코페릴아세테이트, 칸데릴라왁스에스터, 향료, 폴리글리세릴-2트라이아이소스테아레이트, 카나우바왁스, 적색227호, 적색218호, 티타늄디옥사이드 (CI 77891), 폴리글리세릴-2다이아이소스테아레이트, 정제수, 적색산화철, 부틸렌글라이콜, 프로판다이올, 1,2-헥산다이올, 비에이치티, 낫토검, 돌콩추출물, 에틸헥실글리세린, 다이소듐이디티에이",한율,한율_자연을 닮은 립밤
흰감국 광채 선크림 SPF50+/PA++++ 70ml,https://www.amoremall.com/kr/ko/product/detail?onlineProdSn=18417,40000.0,70ml,70.0,ml,"정제수, C12-15알킬벤조에이트, 부틸렌글라이콜, 디에칠아미노하이드록시벤조일헥실벤조에이트, 호모살레이트, 에칠헥실살리실레이트, 티타늄디옥사이드, 다이아이소프로필세바케이트, 글리세린, 비스-에칠헥실옥시페놀메톡시페닐트리아진, 나이아신아마이드, 폴리실리콘-15, 세테아릴알코올, 1,2-헥산다이올, 아이소프로필팔미테이트, 퀸즈랜드넛오일, 폴리C10-30알킬아크릴레이트, 실리카, 티타늄디옥사이드 (CI 77891), 알루미늄스테아레이트, 폴리아크릴레이트크로스폴리머-6, 알루미나, 스테아릭애씨드, 폴리하이드록시스테아릭애씨드, 향료, 글리세릴스테아레이트, 하이드로제네이티드레시틴, 에틸헥실글리세린, 아크릴레이트/C10-30알킬아크릴레이트크로스폴리머, 세테아릴글루코사이드, 카프릴릴글라이콜, 생강오일, 리날룰, 폴리글리세릴-3메틸글루코오스다이스테아레이트, 팔미틱애씨드, 아데노신, 알루미늄하이드록사이드, 리모넨, 트라이에톡시카프릴릴실레인, 소듐메타포스페이트, 락토바실러스발효물, 벤질알코올, 감국꽃추출물, 유제놀, 미리스틱애씨드, 라우릭애씨드, 토코페롤",한율,한율_흰감국 광채 선크림 SPF50+/PA++++ 70ml
부들밤 말끔피지 모공팩 기획세트,https://www.amoremall.com/kr/ko/product/detail?onlineProdSn=52582,27000.0,[본품] 한율 부들밤 말끔피지 모공팩 100ml [증정] 한율 부들밤 말끔피지 모공팩 15ml 한율 부들밤 모공수축 패드 6ml 1회용 파우치 x 2,100.0,ml,"정제수, 카올린(150,000 ppm), 부틸렌글라이콜, 글리세린, 변성알코올, 실리카, 벤토나이트, 씨실트(30,000 ppm), 마이크로크리스탈린셀룰로오스, 1,2-헥산다이올, 밤껍질가루(10,000 ppm), 하이드록시에틸아크릴레이트/소듐아크릴로일다이메틸타우레이트코폴리머, 적색산화철, 황색산화철, 향료, 흑색산화철, 셀룰로오스검, 글리세릴카프릴레이트, 소듐메타포스페이트, 에틸헥실글리세린, 프로판다이올, 멘톡시프로판다이올, 솔비탄아이소스테아레이트, 살리실릭애씨드, 밤껍질추출물(100 ppm), 글라이콜릭애씨드, 락토바실러스발효물, 알로에베라잎추출물, 브로콜리추출물, 토코페롤",한율,한율_부들밤 말끔피지 모공팩 기획세트
어린쑥 수분진정 토너 150ml,https://www.amoremall.com/kr/ko/product/detail?onlineProdSn=17949,27000.0,150ml,150.0,ml,"정제수, 부틸렌글라이콜, 베타인, 글리세린, 황해쑥잎수, 1,2-헥산다이올, 판테놀, 피피지-13-데실테트라데세스-24, 2,3-부탄다이올, 향료, 에틸헥실글리세린, 잔탄검, 다이소듐이디티에이, 프로판다이올, 레시틴, 락토바실러스발효물, 이눌린라우릴카바메이트, 황해쑥잎추출물, 토코페롤, 병풀꽃/잎/줄기추출물",한율,한율_어린쑥 수분진정 토너 150ml
랩핑 마스크 기획세트 4매,https://www.amoremall.com/kr/ko/product/detail?onlineProdSn=61586,16000.0,23g*5,23.0,g,"정제수, 부틸렌글라이콜, 글리세린, 나이아신아마이드, 황해쑥잎수, 1,2-헥산다이올, 판테놀, 암모늄아크릴로일다이메틸타우레이트/브이피코폴리머, 폴리글리세릴-10라우레이트, 메틸트라이메티콘, 알란토인, 2,3-부탄다이올, 에틸헥실글리세린, 향료, 아크릴레이트/C10-30알킬아크릴레이트크로스폴리머, 아데노신, 트로메타민, 다이소듐이디티에이, 프로판다이올, 레시틴, 락토바실러스발효물, 이눌린라우릴카바메이트, 황해쑥잎추출물, 병풀꽃/잎/줄기추출물, 토코페롤",한율,한율_랩핑 마스크 기획세트 4매
어린쑥 수분진정 플루이드 125ml,https://www.amoremall.com/kr/ko/product/detail?onlineProdSn=18694,32000.0,125ml,125.0,ml,"정제수, 프로판다이올, 글리세린, 메틸트라이메티콘, 황해쑥잎수, 1,2-헥산다이올, 피씨에이다이메티콘, 천궁수, 왜당귀뿌리수, 실리카, 판테놀, 부틸렌글라이콜, 폴리메틸실세스퀴옥세인, 암모늄아크릴로일다이메틸타우레이트/브이피코폴리머, 폴리글리세릴-6카프릴레이트, 폴리글리세릴-4카프레이트, 아크릴레이트/C10-30알킬아크릴레이트크로스폴리머, 트로메타민, 잔탄검, 글리세릴카프릴레이트, 향료, 2,3-부탄다이올, 에틸헥실글리세린, 다이소듐이디티에이, 레시틴, 락토바실러스발효물, 이눌린라우릴카바메이트, 황해쑥잎추출물, 병풀꽃/잎/줄기추출물, 토코페롤",한율,한율_어린쑥 수분진정 플루이드 125ml
자연을 닮은 핸드크림 50ml,https://www.amoremall.com/kr/ko/product/detail?onlineProdSn=17876,9000.0,50ml,50.0,ml,"정제수, 글리세린, 부틸렌글라이콜, 에탄올, 디메치콘, 베타인, 폴리메칠실세스퀴옥산, 하이드로제네이티드폴리(C6-14올레핀), 천궁추출물, 일당귀추출물, 애엽수(4,205 ppm), 글리세릴카프릴레이트, 암모늄아크릴로일디메칠타우레이트/베헤네스-25메타크릴레이트크로스폴리머, 에칠헥실글리세린, 폴리소르베이트20, 하이드록시에칠아크릴레이트/소듐아크릴로일디메칠타우레이트코폴리머, 페녹시에탄올, 디소듐이디티에이, 향료, 제라니올, 벤질살리실레이트, 벤질알코올, 리날룰, 리모넨",한율,한율_자연을 닮은 핸드크림 50ml
빨간쌀 보습탄력 2종 세트,https://www.amoremall.com/kr/ko/product/detail?onlineProdSn=59290,83000.0,에센스 스킨 150ml / 에멀젼 125ml,150.0,ml,"[에센스] 정제수, 글리세린, 부틸렌글라이콜, 만니톨, 나이아신아마이드, 1,2-헥산다이올, 하이드록시프로필스타치포스페이트, 쌀발효여과물, 카보머, 피피지-13-데실테트라데세스-24, 합성왁스, 트로메타민, 식물성스쿠알란, 카프릴릴글라이콜, 에틸헥실글리세린, 아데노신, 하이드로제네이티드레시틴, 향료, 판테놀, 폴리글리세릴-10스테아레이트, 다이소듐이디티에이, 락토바실러스발효물, 세라마이드엔피, 콜레스테롤, 스테아릭애씨드, 하이드롤라이즈드익스텐신, 호호바씨오일, 폴리글리세릴-10라우레이트, 팔미틱애씨드, 토코페롤 [에멀젼] 정제수, 글리세린, 프로판다이올, 하이드로제네이티드폴리(C6-14올레핀), 하이드로제네이티드폴리아이소부텐, 폴리글리세린-3, 다이메티콘, 다이아이소스테아릴말레이트, 나이아신아마이드, C14-22알코올, 시어버터, 피씨에이다이메티콘, 천궁수, 왜당귀뿌리수, 1,2-헥산다이올, 글리세릴스테아레이트시트레이트, 글리세릴폴리메타크릴레이트, C12-20알킬글루코사이드, 부틸렌글라이콜, 글리세릴스테아레이트, 세테아릴알코올, 하이드로제네이티드식물성오일, 스테아릭애씨드, 카보머, 쌀발효여과물, 트로메타민, 향료, 잔탄검, 글리세릴카프릴레이트, 팔미틱애씨드, 에틸헥실글리세린, 다이소듐이디티에이, 아데노신, 덱스트린, 합성왁스, 카카오추출물, 식물성스쿠알란, 락토바실러스발효물, 하이드로제네이티드레시틴, 판테놀, 폴리글리세릴-10스테아레이트, 세라마이드엔피, 토코페롤, 하이드롤라이즈드익스텐신, 호호바씨오일, 폴리글리세릴-10라우레이트, 콜레스테롤",한율,한율_빨간쌀 보습탄력 2종 세트
어린쑥 매끈결 클렌징 오일 기획세트,https://www.amoremall.com/kr/ko/product/detail?onlineProdSn=19356,28000.0,200ml + 어린쑥 클렌징 팩폼 15ml,200.0,ml,"카프릴릭/카프릭트라이글리세라이드, 아이소프로필팔미테이트, 에틸헥실팔미테이트, 폴리글리세릴-6다이카프레이트, 폴리글리세릴-10다이아이소스테아레이트, 정제수, 향료, 2,3-부탄다이올, 해바라기씨오일, 프로판다이올, 레시틴, 당근추출물, 락토바실러스발효물, 1,2-헥산다이올, 알지닌, 피토스테롤, 부틸렌글라이콜, 글리세린, 이눌린라우릴카바메이트, 시트릭애씨드, 살리실릭애씨드, 글루코노락톤, 황해쑥잎추출물(10ppm), 황해쑥잎수(8.7ppm), 병풀꽃/잎/줄기추출물, 토코페롤, 에틸헥실글리세린, 베타-카로틴",한율,한율_어린쑥 매끈결 클렌징 오일 기획세트
부들밤 깔끔각질 모공팩 기획세트,https://www.amoremall.com/kr/ko/product/detail?onlineProdSn=52583,27000.0,[본품] 한율 부들밤 깔끔각질 모공팩 100ml [증정] 한율 부들밤 깔끔각질 모공팩 (견 15ml 한율 부들밤 모공수축 패드 1회용 6ml x 2,100.0,ml,"정제수, 부틸렌글라이콜, 소듐카복시메틸스타치, 폴리글리세릴-3메틸글루코오스다이스테아레이트, 글리세린, 밤껍질가루(20,000 ppm), 하이드로제네이티드폴리(C6-14올레핀), 다이카프릴릴에터, 1,2-헥산다이올, 세테아릴알코올, 세틸에틸헥사노에이트, 글리세릴스테아레이트, 카보머, 하이드록시에틸아크릴레이트/소듐아크릴로일다이메틸타우레이트코폴리머, 피이지-100스테아레이트, 트로메타민, 잔탄검, 글리세릴카프릴레이트, 덱스트린, 향료, 카카오추출물, 소듐메타포스페이트, 에틸헥실글리세린, 프로판다이올, 솔비탄아이소스테아레이트, 멘톡시프로판다이올, 잇꽃꽃추출물, 밤껍질추출물(100 ppm), 글루코노락톤, 락토바실러스발효물, 알로에베라잎추출물, 브로콜리추출물, 빌베리열매추출물, 사탕수수추출물, 토코페롤, 오렌지추출물, 레몬추출물, 소듐하이알루로네이트, 설탕단풍추출물, 하이드롤라이즈드하이알루로닉애씨드, 소듐하이알루로네이트크로스폴리머, 하이알루로닉애씨드, 소듐아세틸레이티드하이알루로네이트",한율,한율_부들밤 깔끔각질 모공팩 기획세트
달빛유자 패드 60매,https://www.amoremall.com/kr/ko/product/detail?onlineProdSn=60766,28871.0,60매 (105ml),60.0,매,"정제수, 부틸렌글라이콜, 나이아신아마이드, 1,2-헥산다이올, 프로판다이올, 폴리글리세릴-10라우레이트, 에틸헥실글리세린, 3-O-에틸아스코빅애씨드, 아데노신, 치자추출물, 잔탄검, 말토덱스트린, 리모넨, 시트릭애씨드, 폴리쿼터늄-51, 유자껍질오일, 덱스트린, 소듐파이테이트, 글루코실헤스페리딘, 락토바실러스발효물, 바이오플라보노이드, 리날룰, 아스코빅애씨드, 트라넥사믹애씨드, 흰소나무껍질추출물, 토코페롤, 유자껍질추출물, 글루타티온",한율,한율_달빛유자 패드 60매
백화고 클렌징 마사지 크림 200ml,https://www.amoremall.com/kr/ko/product/detail?onlineProdSn=34892,42000.0,200ml,200.0,ml,"정제수, 세틸에틸헥사노에이트, 펜타에리스리틸테트라아이소스테아레이트, 아이소프로필팔미테이트, 다이프로필렌글라이콜, 펜타에리스리틸테트라에틸헥사노에이트, C9-12알케인, 1,2-헥산다이올, 폴리솔베이트60, 글리세릴스테아레이트에스이, 세테아릴알코올, 솔비탄스테아레이트, 향료, 글리세릴스테아레이트, 코코-카프릴레이트/카프레이트, 카보머, 팔미틱애씨드, 트로메타민, 스테아릭애씨드, 에틸헥실글리세린, 리날룰, 아데노신, 소듐메타포스페이트, 부틸렌글라이콜, 티몰트라이메톡시신나메이트, 나이아신아마이드, 3-O-에틸아스코빅애씨드, 글라이코리피드, 트라넥사믹애씨드, 락토바실러스발효물, 글루타티온, 표고버섯추출물, 토코페롤",한율,한율_백화고 클렌징 마사지 크림 200ml
어린쑥 속수분 쑥히알 패드 기획세트,https://www.amoremall.com/kr/ko/product/detail?onlineProdSn=66329,28871.0,60매 + 10매,60.0,매,"정제수, 부틸렌글라이콜, 글리세린, 1,2-헥산다이올, 쑥잎수(10,780 ppm), 황해쑥잎수(10,554 ppm), 폴리글리세린-3, 에리 스리톨, 폴리글리세릴-10라우레이트, 하이드록시에틸우레아, 잔탄검, 에틸헥실글리세린, 소듐파이테이트, 향료, 알지 닌, 아스파틱 애씨드, 글루타믹애씨드, 하이알루로닉애씨드(100 ppm), 알란토인, 이노시톨, 소듐시트레이트, 폴리글루타믹애씨드, 락토바실러스 발효물, 시트릭애씨드, 말토덱스트린, 하이드롤라이즈드치자추출물, 병풀추출물, 프로필렌글라이콜, 소듐하이알루로네이트(1.5 ppm), 소듐디엔에이",한율,한율_어린쑥 속수분 쑥히알 패드 기획세트
송담 탄력 에멀젼 125ml,https://www.amoremall.com/kr/ko/product/detail?onlineProdSn=40256,40000.0,125ml,125.0,ml,"정제수, 부틸렌글라이콜, 글리세린, 펜타에리스리틸테트라에틸헥사노에이트, 하이드로제네이티드폴리아이소부텐, 다이메티콘, 다이아이소스테아릴말레이트, 나이아신아마이드, 피이지-60글리세릴아이소스테아레이트, 1,2-헥산다이올, 비스-하이드록시에톡시프로필다이메티콘, C14-22알코올, 송이버섯추출물, 스테아릭애씨드, 글리세릴스테아레이트, 사이클로펜타실록세인, 인삼수, 하이드록시에틸아크릴레이트/소듐아크릴로일다이메틸타우레이트코폴리머, 팔미틱애씨드, 아라키딜알코올, C12-20알킬글루코사이드, 향료, 에탄올, 폴리실리콘-11, 카보머, 베헤닐알코올, 글리세릴카프릴레이트, 트로메타민, 아라키딜글루코사이드, 폴리아크릴레이트-13, 다이소듐이디티에이, 에틸헥실글리세린, 소듐폴리아크릴레이트, 천궁수, 왜당귀뿌리수, 아데노신, 덱스트린, 카카오추출물, 폴리아이소부텐, 솔비탄아이소스테아레이트, 폴리솔베이트60, 리날룰, 리모넨, 폴리솔베이트20, 글루코오스, 헥실신남알, 제라니올, 아크릴레이트/암모늄메타크릴레이트코폴리머, 폴리카프로락톤, 소나무잎추출물, 폴리글리세릴-10라우레이트, 토코페롤, 표고버섯추출물, 작약뿌리추출물, 생강추출물",한율,한율_송담 탄력 에멀젼 125ml
송담 탄력 스킨 150ml,https://www.amoremall.com/kr/ko/product/detail?onlineProdSn=40255,35000.0,150ml,150.0,ml,"정제수, 프로판다이올, 변성알코올, 글리세린, 베타인, 나이아신아마이드, 폴리글리세린-3, 부틸렌글라이콜, 1,2-헥산다이올, 송이버섯추출물, 인삼수, 피피지-13-데실테트라데세스-24, 아크릴레이트/C10-30알킬아크릴레이트크로스폴리머, 암모늄아크릴로일다이메틸타우레이트/브이피코폴리머, 에탄올, 트로메타민, 에틸헥실글리세린, 천궁수, 왜당귀뿌리수, 향료, 아데노신, 다이소듐이디티에이, 덱스트린, 카카오추출물, 베타-글루칸, 리날룰, 리모넨, 아크릴레이트/암모늄메타크릴레이트코폴리머, 폴리카프로락톤, 소나무잎추출물, 폴리글리세릴-10라우레이트, 표고버섯추출물, 토코페롤, 작약뿌리추출물, 생강추출물",한율,한율_송담 탄력 스킨 150ml
빨간쌀 보습탄력 크림 55ml,https://www.amoremall.com/kr/ko/product/detail?onlineProdSn=59289,49000.0,55ml,55.0,ml,"정제수, 부틸렌글라이콜, 세틸에틸헥사노에이트, 글리세린, 펜타에리스리틸테트라에틸헥사노에이트, 메틸트라이메티콘, 나이아신아마이드, C14-22알코올, 1,2-헥산다이올, 부틸렌글라이콜다이카프릴레이트/다이카프레이트, 세테아릴알코올, 아라키딜알코올, 베헤닐알코올, 팔미틱애씨드, 스테아릭애씨드, 암모늄아크릴로일다이메틸타우레이트/브이피코폴리머, C12-20알킬글루코사이드, 하이드록시에틸아크릴레이트/소듐아크릴로일다이메틸타우레이트코폴리머, 아라키딜글루코사이드, 콜레스테롤, 하이드록시프로필비스라우라마이드엠이에이, 하이드록시프로필비스팔미타마이드엠이에이, 쌀발효여과물, 세라마이드엔피, 향료, 카프릴릴글라이콜, 트로메타민, 에틸헥실글리세린, 아데노신, 솔비탄아이소스테아레이트, 다이소듐이디티에이, 락토바실러스발효물, 덱스트린, 카카오추출물, 하이드롤라이즈드익스텐신, 호호바씨오일, 폴리글리세릴-10라우레이트, 합성왁스, 하이드로제네이티드레시틴, 식물성스쿠알란, 토코페롤, 판테놀, 폴리글리세릴-10스테아레이트",한율,한율_빨간쌀 보습탄력 크림 55ml
보들은행잎 모공탄탄 펩타이드 패드 60매,https://www.amoremall.com/kr/ko/product/detail?onlineProdSn=65830,28871.0,60매+10매/117ml,60.0,매,"정제수, 부틸렌글라이콜, 다이프로필렌글라이콜, 나이아신아마이드, 1,2-헥산다이올, 아이소펜틸다이올, 카프릴로일 살리실릭애씨드, 폴리글리세릴-10라우레이트, 폴리글리세릴-10미리스테이트, 트로메타민, 에틸헥실글리세린, 글루코노락톤, 아데노신, 글리세린, 향료, 소듐파이테이트, 사카라이드아이소머레이트, 카프릴릴글라이콜, 락토바실러스발효물, 드럼스틱 씨추출물, 은행나무잎추출물(40ppm), 글라이콜릭애씨드, 카페인, 시트릭애씨드, 아세틸테트라펩타이드-2(0.45ppm), 소듐하이알루로네이트, 글라이신, 알라닌, 알지닌, 아스파틱애씨드, 프롤린, 세린, 글루타믹애씨드, 타우린, 히스티딘, 페닐 알라닌, 류신, 발린, 메티오닌, 아이소류신, 오르니틴",한율,한율_보들은행잎 모공탄탄 펩타이드 패드 60매
어린쑥 수분진정 선크림 SPF50+/PA++++ 50ml,https://www.amoremall.com/kr/ko/product/detail?onlineProdSn=58749,27000.0,50ml,50.0,ml,"정제수, 다이부틸아디페이트, 부틸옥틸살리실레이트, 폴리메틸실세스퀴옥세인, 디에칠아미노하이드록시벤조일헥실벤조에이트, 에칠헥실트리아존, 메칠렌비스-벤조트리아졸릴테트라메칠부틸페놀, 나이아신아마이드, 황해쑥잎수, 카프릴릴메티콘, 디에칠헥실부타미도트리아존, 1,2-헥산다이올, 글리세린, 프로판다이올, 펜틸렌글라이콜, 베헤닐알코올, 폴리C10-30알킬아크릴레이트, 폴리글리세릴-3메틸글루코오스다이스테아레이트, 데실글루코사이드, 부틸렌글라이콜, 트로메타민, 향료, 카보머, 아크릴레이트/C10-30알킬아크릴레이트크로스폴리머, 2,3-부탄다이올, 소듐스테아로일글루타메이트, 폴리아크릴레이트크로스폴리머-6, 에틸헥실글리세린, 아데노신, 잔탄검, 레시틴, 락토바실러스발효물, 이눌린라우릴카바메이트, 황해쑥잎추출물, 다이소듐이디티에이, 병풀꽃/잎/줄기추출물, 토코페롤, 소듐하이알루로네이트",한율,한율_어린쑥 수분진정 선크림 SPF50+/PA++++ 50ml
극진 2종 기획 세트,https://www.amoremall.com/kr/ko/product/detail?onlineProdSn=20611,155000.0,[본품] [극진 스킨] 125ml [극진 에멀젼] 125ml [증정] 극진 스킨 25ml 극진 에멀젼 25ml 극진 에센스 7ml 극진 아이크림 5ml 극진 크림 8ml,125.0,ml,"[한율 극진 스킨] 정제수, 글리세린, 글리세레스-26, 부틸렌글라이콜, 변성알코올, 글리세릴폴리메타크릴레이트, 나이아신아마이드, 비스-피이지-18메틸에터다이메틸실레인, 1,2-헥산다이올, 인삼수, 하이드록시에틸아크릴레이트/소듐아크릴로일다이메틸타우레이트코폴리머, 카프릴릭/카프릭트라이글리세라이드, 베헤닐알코올, 카보머, 폴리글리세릴-10펜타스테아레이트, 글리세릴카프릴레이트, 세테아릴알코올, 향료, 트로메타민, 에틸헥실글리세린, 소듐메타포스페이트, 아데노신, 소듐스테아로일락틸레이트, 세테아릴글루코사이드, 셀룰로오스검, 프로판다이올, 솔비탄아이소스테아레이트, 폴리솔베이트60, 하이드로제네이티드레시틴, 락토바실러스발효물, 카프릴릴글라이콜, 피토스핑고신, 하이드롤라이즈드인삼사포닌, 소듐폴리아스파테이트, 인삼추출물, 토코페롤, 인삼씨오일, 소듐메틸스테아로일타우레이트, 인삼가루, 아스퍼질러스발효물 / [한율 극진 에멀젼] 정제수, 부틸렌글라이콜, 글리세린, 하이드로제네이티드폴리(C6-14올레핀), 다이카프릴릴에터, 다이메티콘, 나이아신아마이드, 옥틸도데실미리스테이트, 시어버터, 1,2-헥산다이올, C14-22알코올, 인삼수, 폴리글리세릴-3다이스테아레이트, 프로판다이올, 글리세릴스테아레이트, 세테아릴알코올, 팔미틱애씨드, C12-20알킬글루코사이드, 스테아릭애씨드, 향료, 카보머, 글리세릴카프릴레이트, 트로메타민, 에틸헥실글리세린, 소듐메타포스페이트, 아데노신, 글리세릴스테아레이트시트레이트, 베타-글루칸, 하이드로제네이티드레시틴, 덱스트린, 카카오추출물, 락토바실러스발효물, 토코페롤, 피토스핑고신, 하이드롤라이즈드인삼사포닌, 소듐폴리아스파테이트, 인삼추출물, 인삼씨오일, 소듐메틸스테아로일타우레이트, 인삼가루, 아스퍼질러스발효물",한율,한율_극진 2종 기획 세트
어린쑥 속수분 쑥히알 크림 기획세트,https://www.amoremall.com/kr/ko/product/detail?onlineProdSn=66331,24000.0,60ml + 31ml,60.0,ml,"정제수, 부틸렌글라이콜, 글리세린, 메틸트라이메티콘, 1,2-헥산다이올, 황해쑥잎수(10,554 ppm), 베타인, 피씨 에이다이메티콘, 아이소펜틸다이올, 암모늄아크릴로일다이메틸타우레이트/브이피코폴리머, 실리카다이메틸실릴레이트, 트로메타민, 카보머, 아크릴레이트/C10-30알킬아크릴레이트크로스폴리머, 글리세릴카프릴레이트, 에틸헥실글리세린, 향료, 소듐메타포스페이트, 알지닌, 아스파틱애씨드, 글루타믹애씨드, 하이알루로닉애씨드(100 ppm), 이노시톨, 락토바실러스 발효물, 말토덱스트린, 하이드롤라이즈드치자추출물, 프로필렌글라이콜, 소듐하이알루로네이트(1.5 ppm)",한율,한율_어린쑥 속수분 쑥히알 크림 기획세트
백화고 기미탄력 아이크림 25ml,https://www.amoremall.com/kr/ko/product/detail?onlineProdSn=17006,69000.0,25ml,25.0,ml,"정제수, 부틸렌글라이콜, 글리세린, 카프릴릭/카프릭트라이글리세라이드, 피토스테릴/베헤닐/옥틸도데실라우로일글루타메이트, 피토스테릴/이소스테아릴/세틸/스테아릴/베헤닐다이머디리놀리에이트, 나이아신아마이드, 폴리솔베이트60, 1,2-헥산다이올, 하이드록시에틸아크릴레이트/소듐아크릴로일다이메틸타우레이트코폴리머, 카나우바왁스, 세테아릴알코올, 하이드로제네이티드폴리아이소부텐, 메틸트라이메티콘, 피이지-40스테아레이트, 에틸헥실스테아레이트, 하이드로제네이티드올리브오일데실에스터, 다이카프릴릴에터, 피이지-7글리세릴코코에이트, 글리세릴스테아레이트, 트라넥사믹애씨드, 암모늄아크릴로일다이메틸타우레이트/브이피코폴리머, 폴리메틸메타크릴레이트, 티타늄디옥사이드 (CI 77891), 향료, 카페인, 글리세릴카프릴레이트, 티몰트라이메톡시신나메이트, 솔비탄아이소스테아레이트, 에틸헥실글리세린, 소듐메타포스페이트, 아데노신, 잇꽃꽃추출물, 덱스트린, 리날룰, 락토바실러스발효물, 적색산화철, 표고버섯추출물, 제라니올, 헥실신남알, 리모넨, 알파-아이소메틸아이오논, 3-O-에틸아스코빅애씨드, 글라이코리피드, 글루타티온, 토코페롤",한율,한율_백화고 기미탄력 아이크림 25ml
빨간쌀 보습탄력 에센스 크림 2종세트,https://www.amoremall.com/kr/ko/product/detail?onlineProdSn=63640,89000.0,(본품) 에센스 150ml/ 크림 55ml (견본) 에센스 18ml/ 에멀젼 18ml/ 크림 15ml/ 미용화장솜 6개,150.0,ml,"[에센스] 정제수, 글리세린, 부틸렌글라이콜, 만니톨, 나이아신아마이드, 1,2-헥산다이올, 하이드록시프로필스타치포스페이트, 쌀발효여과물 (3,000ppm), 카보머, 피피지-13-데실테트라데세스-24, 합성왁스, 트로메타민, 식물성스쿠알란, 카프릴릴글라이콜, 에틸헥실글리세린, 아데노신, 하이드로제네이티드레시틴, 향료, 판테놀, 폴리글리세릴-10스테아레이트, 다이소듐이디티에이, 락토바실러스발효물, 세라마이드엔피, 콜레스테롤, 스테아릭애씨드, 하이드롤라이즈드익스텐신, 호호바씨오일, 폴리글리세릴-10라우레이트, 팔미틱애씨드, 토코페롤 [크림] 정제수, 부틸렌글라이콜, 세틸에틸헥사노에이트, 글리세린, 펜타에리스리틸테트라에틸헥사노에이트, 메틸트라이메티콘, 나이아신아마이드, C14-22알코올, 1,2-헥산다이올, 부틸렌글라이콜다이카프릴레이트/다이카프레이트, 세테아릴알코올, 아라키딜알코올, 베헤닐알코올, 팔미틱애씨드, 스테아릭애씨드, 암모늄아크릴로일다이메틸타우레이트/브이피코폴리머, C12-20알킬글루코사이드, 하이드록시에틸아크릴레이트/소듐아크릴로일다이메틸타우레이트코폴리머, 아라키딜글루코사이드, 콜레스테롤, 하이드록시프로필비스라우라마이드엠이에이, 하이드록시프로필비스팔미타마이드엠이에이, 쌀발효여과물 (1,500ppm), 세라마이드엔피, 향료, 카프릴릴글라이콜, 트로메타민, 에틸헥실글리세린, 아데노신, 솔비탄아이소스테아레이트, 다이소듐이디티에이, 락토바실러스발효물, 덱스트린, 카카오추출물, 하이드롤라이즈드익스텐신, 호호바씨오일, 폴리글리세릴-10라우레이트, 합성왁스, 하이드로제네이티드레시틴, 식물성스쿠알란, 토코페롤, 판테놀, 폴리글리세릴-10스테아레이트",한율,한율_빨간쌀 보습탄력 에센스 크림 2종세트
빨간쌀 보습탄력 에센스 150ml,https://www.amoremall.com/kr/ko/product/detail?onlineProdSn=59287,40000.0,150ml,150.0,ml,"정제수, 글리세린, 부틸렌글라이콜, 만니톨, 나이아신아마이드, 1,2-헥산다이올, 하이드록시프로필스타치포스페이트, 쌀발효여과물, 카보머, 피피지-13-데실테트라데세스-24, 합성왁스, 트로메타민, 식물성스쿠알란, 카프릴릴글라이콜, 에틸헥실글리세린, 아데노신, 하이드로제네이티드레시틴, 향료, 판테놀, 폴리글리세릴-10스테아레이트, 다이소듐이디티에이, 락토바실러스발효물, 세라마이드엔피, 콜레스테롤, 스테아릭애씨드, 하이드롤라이즈드익스텐신, 호호바씨오일, 폴리글리세릴-10라우레이트, 팔미틱애씨드, 토코페롤",한율,한율_빨간쌀 보습탄력 에센스 150ml
어린쑥 수분진정 2종 세트,https://www.amoremall.com/kr/ko/product/detail?onlineProdSn=37467,59000.0,150ml+125ml,150.0,ml,"[토너] 정제수, 부틸렌글라이콜, 베타인, 글리세린, 황해쑥잎수, 1,2-헥산다이올, 판테놀, 피피지-13-데실테트라데세스-24, 2,3-부탄다이올, 향료, 에틸헥실글리세린, 잔탄검, 다이소듐이디티에이, 프로판다이올, 레시틴, 락토바실러스발효물, 이눌린라우릴카바메이트, 황해쑥잎추출물, 토코페롤, 병풀꽃/잎/줄기추출물 [플루이드] 정제수, 프로판다이올, 글리세린, 메틸트라이메티콘, 황해쑥잎수, 1,2-헥산다이올, 피씨에이다이메티콘, 천궁수, 왜당귀뿌리수, 실리카, 판테놀, 부틸렌글라이콜, 폴리메틸실세스퀴옥세인, 암모늄아크릴로일다이메틸타우레이트/브이피코폴리머, 폴리글리세릴-6카프릴레이트, 폴리글리세릴-4카프레이트, 아크릴레이트/C10-30알킬아크릴레이트크로스폴리머, 트로메타민, 잔탄검, 글리세릴카프릴레이트, 향료, 2,3-부탄다이올, 에틸헥실글리세린, 다이소듐이디티에이, 레시틴, 락토바실러스발효물, 이눌린라우릴카바메이트, 황해쑥잎추출물, 병풀꽃/잎/줄기추출물, 토코페롤",한율,한율_어린쑥 수분진정 2종 세트
백화고 기미탄력 비비 크림 SPF40/PA++ 40ml,https://www.amoremall.com/kr/ko/product/detail?onlineProdSn=61304,48000.0,"48,000",48.0,,"정제수, 티타늄디옥사이드 (CI 77891), 메틸트라이메티콘, 호모살레이트, 부틸옥틸살리실레이트, 부틸렌글라이콜, 하이드로제네이티드폴리아이소부텐, 다이실록세인, 글리세린, 에칠헥실살리실레이트, 변성알코올, 다이페닐실록시페닐트라이메티콘, 카프릴릴메티콘, 티타늄디옥사이드, 폴리하이드록시스테아릭애씨드, 나이아신아마이드, 징크옥사이드, 페닐트라이메티콘, 라우릴폴리글리세릴-3폴리다이메틸실록시에틸다이메티콘, 소듐클로라이드, 폴리메틸실세스퀴옥세인, 폴리글리세릴-4다이아이소스테아레이트/폴리하이드록시스테아레이트/세바케이트, 다이스테아다이모늄헥토라이트, 1,2-헥산다이올, 황색산화철, 트라넥사믹애씨드, 알루미늄하이드록사이드, 합성왁스, 실리카, 스테아릭애씨드, 카프릴릴글라이콜, 트라이에톡시카프릴릴실레인, 향료, 적색산화철, 글리세릴베헤네이트/에이코사디오에이트, 글리세릴카프릴레이트, 트라이하이드록시스테아린, 덱스트린팔미테이트, 흑색산화철, 아데노신, 리날룰, 티몰트라이메톡시신나메이트, 리모넨, 락토바실러스발효물, 합성플루오르플로고파이트, 표고버섯추출물, 벤질알코올, 유제놀, 3-O-에틸아스코빅애씨드, 글라이코리피드, 글루타티온, 에틸헥실글리세린, 토코페롤, 틴옥사이드",한율,한율_백화고 기미탄력 비비 크림 SPF40/PA++ 40ml
빨간쌀 보습탄력 에멀젼 125ml,https://www.amoremall.com/kr/ko/product/detail?onlineProdSn=59288,43000.0,125ml,125.0,ml,"정제수, 글리세린, 프로판다이올, 하이드로제네이티드폴리(C6-14올레핀), 하이드로제네이티드폴리아이소부텐, 폴리글리세린-3, 다이메티콘, 다이아이소스테아릴말레이트, 나이아신아마이드, C14-22알코올, 시어버터, 피씨에이다이메티콘, 천궁수, 왜당귀뿌리수, 1,2-헥산다이올, 글리세릴스테아레이트시트레이트, 글리세릴폴리메타크릴레이트, C12-20알킬글루코사이드, 부틸렌글라이콜, 글리세릴스테아레이트, 세테아릴알코올, 하이드로제네이티드식물성오일, 스테아릭애씨드, 카보머, 쌀발효여과물, 트로메타민, 향료, 잔탄검, 글리세릴카프릴레이트, 팔미틱애씨드, 에틸헥실글리세린, 다이소듐이디티에이, 아데노신, 덱스트린, 합성왁스, 카카오추출물, 식물성스쿠알란, 락토바실러스발효물, 하이드로제네이티드레시틴, 판테놀, 폴리글리세릴-10스테아레이트, 세라마이드엔피, 토코페롤, 하이드롤라이즈드익스텐신, 호호바씨오일, 폴리글리세릴-10라우레이트, 콜레스테롤",한율,한율_빨간쌀 보습탄력 에멀젼 125ml
달빛유자 수면팩 100ml,https://www.amoremall.com/kr/ko/product/detail?onlineProdSn=60604,48000.0,100ml,100.0,ml,"정제수, 부틸렌글라이콜, 글리세린, 메틸트라이메티콘, 펜타에리스리틸테트라에틸헥사노에이트, 유자수, 베타인, 나이아신아마이드, 변성알코올, 1,2-헥산다이올, 비닐다이메티콘/메티콘실세스퀴옥세인크로스폴리머, 베헤닐알코올, 판테놀, 호호바에스터, 하이드록시에틸아크릴레이트/소듐아크릴로일다이메틸타우레이트코폴리머, 암모늄아크릴로일다이메틸타우레이트/브이피코폴리머, 아크릴레이트/C10-30알킬아크릴레이트크로스폴리머, 해바라기씨오일, 리모넨, 유자씨오일, 말토덱스트린, 트로메타민, 유자껍질오일, 잔탄검, 글리세릴카프릴레이트, 당근추출물, 에틸헥실글리세린, 소듐메타포스페이트, 제라니올, 아데노신, 솔비탄아이소스테아레이트, 유자추출물, 바이오플라보노이드, 리날룰, 아스코빅애씨드, 티몰트라이메톡시신나메이트, 3-O-에틸아스코빅애씨드, 락토바실러스발효물, 탱자추출물, 베타-카로틴, 파네솔, 팔마로사오일, 토코페롤, 프로판다이올, 멜라토닌, 유자껍질추출물, 소듐하이알루로네이트, 하이드롤라이즈드하이알루로닉애씨드, 소듐하이알루로네이트크로스폴리머, 하이알루로닉애씨드, 소듐아세틸레이티드하이알루로네이트",한율,한율_달빛유자 수면팩 100ml
보들은행잎 모공핏 세럼 기획세트,https://www.amoremall.com/kr/ko/product/detail?onlineProdSn=67327,39000.0,본품 40ml + 리필 40ml,40.0,ml,"정제수, 나이아신아마이드, 글리세린, 베타인, 글루코노락톤, 부틸렌글라이콜, 다이프로필렌글라이콜, 시트릭 애씨드, 다이메틸아이소소바이드, 트로메타민, 카페인, 다이에톡시에틸석시네이트, 살리실릭애씨드, 폴리글리세릴 -10라우레이트, 1,2-헥산다이올, 펙틴, 피피지-13-데실테트라데세스-24, 향료, 에틸헥실글리세린, 타우린, 소듐 메타포스페이트, 아데노신, 카프릴릴글라이콜, 칼슘클로라이드, 락토바실러스발효물, 황련뿌리추출물, 은행나무잎 추출물(40ppm), 아세틸테트라펩타이드-2, 토코페롤, 풀루란, 제인",한율,한율_보들은행잎 모공핏 세럼 기획세트
보들은행잎 모공핏 마스크 기획세트 4매,https://www.amoremall.com/kr/ko/product/detail?onlineProdSn=61919,16000.0,"본품 10gx4매, 증정x 1매",10.0,g,"정제수, 부틸렌글라이콜, 글리세린, 나이아신아마이드, 1,2-헥산다이올, 베타인, 폴리글리세릴-10라우레이트, 판테놀, 잔탄검, 알란토인, 에틸헥실글리세린, 타우린, 아데노신, 향료, 카프릴릴글라이콜, 소듐폴리아크릴레이트, 소듐파이테이트, 락토바실러스발효물, 황련뿌리추출물, 은행나무잎추출물(40ppm), 카페인, 시트릭애씨드, 살리 실릭애씨드, 글루코노락톤, 아세틸테트라펩타이드-2",한율,한율_보들은행잎 모공핏 마스크 기획세트 4매
어린쑥 수분진정크림 리필 캡슐 30ml *2,https://www.amoremall.com/kr/ko/product/detail?onlineProdSn=58365,32000.0,30ml*2ea,30.0,ml,"정제수, 글리세린, 부틸렌글라이콜, 다이카프릴릴에터, 황해쑥잎수, 메틸트라이메티콘, 나이아신아마이드, 비스-하이드록시에톡시프로필다이메티콘, 1,2-헥산다이올, C14-22알코올, 세틸에틸헥사노에이트, 판테놀, 글리세릴스테아레이트시트레이트, 하이드로제네이티드폴리(C6-14올레핀), 하이드록시에틸아크릴레이트/소듐아크릴로일다이메틸타우레이트코폴리머, 스테아릭애씨드, 암모늄아크릴로일다이메틸타우레이트/브이피코폴리머, 글리세릴폴리메타크릴레이트, 글리세릴스테아레이트, 폴리메틸실세스퀴옥세인, 팔미틱애씨드, 아라키딜알코올, C12-20알킬글루코사이드, 향료, 글리세릴카프릴레이트, 베헤닐알코올, 2,3-부탄다이올, 아라키딜글루코사이드, 에틸헥실글리세린, 다이소듐이디티에이, 솔비탄아이소스테아레이트, 프로판다이올, 레시틴, 락토바실러스발효물, 글루코오스, 토코페롤, 이눌린라우릴카바메이트, 황해쑥잎추출물, 병풀꽃/잎/줄기추출물",한율,한율_어린쑥 수분진정크림 리필 캡슐 30ml *2
백화고 기미탄력 크림 기획세트 60ml,https://www.amoremall.com/kr/ko/product/detail?onlineProdSn=60492,90000.0,[본품] 백화고 기미탄력 크림 60ml [증정] 백화고 클렌징 마사지 크림 32ml 빨간쌀 보습탄력 에센스 18ml 빨간쌀 보습탄력 에멀젼 18ml,60.0,ml,"정제수, 프로판다이올, 글리세린, 카프릴릴메티콘, 카프릴릭/카프릭트라이글리세라이드, 나이아신아마이드, 1,2-헥산다이올, 페닐트라이메티콘, 하이드로제네이티드레시틴, 다이부틸아디페이트, 트라이올레인, 팔미틱애씨드, 암모늄아크릴로일다이메틸타우레이트/브이피코폴리머, 콜레스테롤, 트라넥사믹애씨드, 스테아릭애씨드, 소듐폴리아크릴로일다이메틸타우레이트, 하이드록시에틸아크릴레이트/소듐아크릴로일다이메틸타우레이트코폴리머, C30-45알킬세테아릴다이메티콘크로스폴리머, 향료, 부틸렌글라이콜, 티몰트라이메톡시신나메이트, 잔탄검, 다이포타슘글리시리제이트, 에틸헥실글리세린, 글라이코리피드, 아데노신, 솔비탄아이소스테아레이트, 리날룰, 3-O-에틸아스코빅애씨드, 시트릭애씨드, 글루코노락톤, 락토바실러스발효물, 잇꽃꽃추출물, 덱스트린, 표고버섯추출물, 제라니올, 헥실신남알, 리모넨, 알파-아이소메틸아이오논, 적색산화철, 글루타티온, 토코페롤, 식물성오일",한율,한율_백화고 기미탄력 크림 기획세트 60ml
달빛유자C 세럼 30ml,https://www.amoremall.com/kr/ko/product/detail?onlineProdSn=44699,37000.0,30ml,30.0,ml,"정제수, 부틸렌글라이콜, 글리세린, 카프릴릭/카프릭트라이글리세라이드, 나이아신아마이드, 1,2-헥산다이올, 천궁수, 왜당귀뿌리수, 베헤닐알코올, 판테놀, 해바라기씨오일, 리모넨, 유자껍질오일, 트로메타민, 카보머, 아크릴레이트/C10-30알킬아크릴레이트크로스폴리머, 당근추출물, 타우린, 에틸헥실글리세린, 아데노신, 유자추출물, 다이소듐이디티에이, 리날룰, 에칠아스코빌에텔, 탱자추출물, 베타-카로틴, 토코페롤, 아스코빅애씨드, 유자껍질추출물",한율,한율_달빛유자C 세럼 30ml
극진 스킨 125ml,https://www.amoremall.com/kr/ko/product/detail?onlineProdSn=14816,73000.0,125ml,125.0,ml,"정제수, 글리세린, 글리세레스-26, 부틸렌글라이콜, 변성알코올, 글리세릴폴리메타크릴레이트, 나이아신아마이드, 비스-피이지-18메틸에터다이메틸실레인, 1,2-헥산다이올, 인삼수, 하이드록시에틸아크릴레이트/소듐아크릴로일다이메틸타우레이트코폴리머, 카프릴릭/카프릭트라이글리세라이드, 베헤닐알코올, 카보머, 폴리글리세릴-10펜타스테아레이트, 글리세릴카프릴레이트, 세테아릴알코올, 향료, 트로메타민, 에틸헥실글리세린, 소듐메타포스페이트, 아데노신, 소듐스테아로일락틸레이트, 세테아릴글루코사이드, 셀룰로오스검, 프로판다이올, 솔비탄아이소스테아레이트, 폴리솔베이트60, 하이드로제네이티드레시틴, 락토바실러스발효물, 카프릴릴글라이콜, 피토스핑고신, 하이드롤라이즈드인삼사포닌, 소듐폴리아스파테이트, 인삼추출물, 토코페롤, 인삼씨오일, 소듐메틸스테아로일타우레이트, 인삼가루, 아스퍼질러스발효물",한율,한율_극진 스킨 125ml
어린쑥 속수분 쑥히알 세럼 기획세트,https://www.amoremall.com/kr/ko/product/detail?onlineProdSn=67326,35000.0,40ml + 리필 40ml,40.0,ml,"정제수, 부틸렌글라이콜, 글리세린, 1,2-헥산다이올, 소듐아크릴레이트크로스폴리머-2, 황해쑥잎수(10,554 ppm), 자일리톨, 다이에톡시에틸석시네이트, 아이소펜틸다이올, 피피지-13 -데실테트라데세스-24, 암모늄아크릴로일다이메틸타우레이트/베헤네스-25메타크라일레이트 크로스폴리머, 베타인, 스핑고모나스발효추출물, 세라마이드엔피, 아라키딜알코올, 에틸헥실 글리세린, 향료, 스테아릭애씨드, 피토스테롤, 베헤닐알코올, 아라키딜글루코사이드, 소듐메타 포스페이트, 하이드로제네이티드레시틴, 알지닌, 아스파틱애씨드, 글루타믹애씨드, 하이알루로닉 애씨드(100 ppm), 이노시톨, 세테아릴알코올, 락토바실러스발효물, 말토덱스트린, 하이드롤 라이즈드치자추출물, 프로필렌글라이콜, 소듐하이알루로네이트(1.5 ppm), 토코페롤",한율,한율_어린쑥 속수분 쑥히알 세럼 기획세트
백화고 기미탄력 듀얼샷 앰플 기획세트,https://www.amoremall.com/kr/ko/product/detail?onlineProdSn=64876,99000.0,45ml,45.0,ml,"정제수, 글리세린, 부틸렌글라이콜, 프로판다이올, 나이아신아마이드, 글리세릴폴리메타크릴레이트, 폴리글리세린-3, 1,2-헥산다이올, 다이부틸아디페이트, 보론나이트라이드, 카프릴릭/카프릭트라이글리세라이드, 트라넥사믹애씨드, 하이드로제네이티드레시틴, 폴리솔베이트20, 암모늄아크릴로일다이메틸타우레이트/브이피코폴리머,하이드록시에틸아크릴레이트/소듐아크릴로일다이메틸타우레이트코폴리머, 콜레스테롤, 향료, 폴리글리세릴-6카프릴레이트, 폴리글리세릴-4카프레이트, 티몰트라이메톡시신나메이트, 아크릴레이트/C10-30알킬아크릴레이트크로스폴리머,에틸헥실글리세린, 잔탄검, 소듐메틸스테아로일타우레이트, 트로메타민, 아데노신, 소듐메타포스페이트, 덱스트린, 카카오추출물, 솔비탄아이소스테아레이트, 리날룰, 3-O-에틸아스코빅애씨드,잇꽃꽃추출물, 락토바실러스발효물, 시트릭애씨드,표고버섯추출물(50ppm), 글루코노락톤, 제라니올, 헥실신남알, 사이아노코발아민, 리모넨, 알파-아이소메틸아이오논, 글루타티온, 수용성콜라겐,하이드롤라이즈드익스텐신, 호호바씨오일, 폴리글리세릴-10라우레이트, 소듐하이알루로네이트,하이드롤라이즈드하이알루로닉애씨드, 소듐하이알루로네이트크로스폴리머, 하이알루로닉애씨드,소듐아세틸레이티드하이알루로네이트",한율,한율_백화고 기미탄력 듀얼샷 앰플 기획세트
어린쑥 클렌징 팩밤 기획세트,https://www.amoremall.com/kr/ko/product/detail?onlineProdSn=64887,29000.0,100g + 15g,100.0,g,"솔베스-30테트라올리에이트, 카올린, 세틸에틸헥사노에이트, 아이소프로필팔미테이트, 카프릴릭/카프릭트라이글리세라이드, 트라이에틸헥사노인, 아이소도데케인, 실리카다이메틸실릴레이트, 합성왁스, 정제수, 황해쑥잎수(10554ppm), 향료, 쑥잎가루(2000ppm), 폴리글리세릴-2트라이아이소스테아레이트, 부틸렌글라이콜, 흑색산화철, 황색산화철, 2,3-부탄다이올, 1,2-헥산다이올, 살리실릭애씨드, 프로판다이올, 레시틴, 락틱애씨드, 락토바실러스발효물, 글리세린, 트라이에톡시카프릴릴실레인, 설퍼콜로이드, 씨솔트, 이눌린라우릴카바메이트, 시트릭애씨드, 글루코노락톤, 황해쑥잎추출물(10ppm), 에틸헥실글리세린, 글라이콜릭애씨드, 병풀꽃/잎/줄기추출물, 토코페롤",한율,한율_어린쑥 클렌징 팩밤 기획세트
극진 크림 대용량 단품 기획세트,https://www.amoremall.com/kr/ko/product/detail?onlineProdSn=63641,197000.0,(본품) 크림 50ml (증정) 크림 35ml,50.0,ml,"정제수, 부틸렌글라이콜, 글리세린, 펜타에리스리틸테트라에틸헥사노에이트, 하이드로제네이티드폴리(C6-14올레핀), 다이메티콘, 인삼수, 다이아이소스테아릴말레이트, 하이드로제네이티드올리브오일데실에스터, 베헤닐알코올, 나이아신아마이드, 글리세릴스테아레이트, 폴리글리세릴-3메틸글루코오스다이스테아레이트, 1,2-헥산다이올, 하이드로제네이티드레시틴, 프로판다이올, 세테아릴알코올, 피이지-100스테아레이트, 카나우바왁스, 향료, 폴리아크릴레이트-13, 다이메티콘/비닐다이메티콘크로스폴리머, 소듐메타포스페이트, 폴리아이소부텐, 에틸헥실글리세린, 아데노신, 인삼씨오일, 폴리솔베이트20, 솔비탄아이소스테아레이트, 인삼가루, 락토바실러스발효물, 덱스트린, 카카오추출물, 피토스핑고신, 하이드롤라이즈드인삼사포닌, 소듐폴리아스파테이트, 인삼추출물, 토코페롤, 소듐메틸스테아로일타우레이트, 아스퍼질러스발효물, 수용성콜라겐",한율,한율_극진 크림 대용량 단품 기획세트
극진 에센스 기획세트 60ml,https://www.amoremall.com/kr/ko/product/detail?onlineProdSn=20526,187000.0,[본품] 극진 에센스 60ml [증정] 극진 스킨 25ml 극진 에멀젼 25ml 극진 아이크림 5ml 극진 크림 8ml 백화고 클렌징 마사지 크림 32ml,60.0,ml,"정제수, 글리세린, 부틸렌글라이콜, 인삼수, 변성알코올, 프로판다이올, 피이지/피피지-17/6코폴리머, 나이아신아마이드, 1,2-헥산다이올, 다이메티콘, 폴리글리세린-3, 글리세릴폴리메타크릴레이트, 피피지-13-데실테트라데세스-24, 암모늄아크릴로일다이메틸타우레이트/브이피코폴리머, 아크릴레이트/C10-30알킬아크릴레이트크로스폴리머, 향료, 트로메타민, 잔탄검, 글리세릴카프릴레이트, 에틸헥실글리세린, 아데노신, 인삼씨오일, 덱스트린, 카카오추출물, 소듐메타포스페이트, 인삼가루, 베타-글루칸, 하이드로제네이티드레시틴, 락토바실러스발효물, 피토스핑고신, 하이드롤라이즈드인삼사포닌, 소듐폴리아스파테이트, 인삼추출물, 소듐메틸스테아로일타우레이트, 토코페롤, 아스퍼질러스발효물",한율,한율_극진 에센스 기획세트 60ml
극진 아이크림 기획세트 30ml,https://www.amoremall.com/kr/ko/product/detail?onlineProdSn=17686,132000.0,[본품] 극진 아이크림 30ml [증정] 극진 스킨 25ml 극진 에멀젼 25ml 극진 에센스 7ml 극진 크림 8ml 백화고 클렌징 마사지 크림 32ml,30.0,ml,"정제수, 스쿠알란, 프로판다이올, 폴리글리세릴-3메틸글루코오스다이스테아레이트, 다이메티콘, 글리세릴스테아레이트, 세테아릴알코올, 하이드로제네이티드캐스터오일아이소스테아레이트, 베헤닐알코올, 나이아신아마이드, 1,2-헥산다이올, 글리세린, 다이아이소스테아릴말레이트, 피토스테릴이소스테아릴다이머디리놀리에이트, 부틸렌글라이콜, 인삼수, 폴리아크릴레이트-13, 암모늄아크릴로일다이메틸타우레이트/브이피코폴리머, 폴리아이소부텐, 향료, 에틸헥실글리세린, 소듐메타포스페이트, 아데노신, 폴리솔베이트20, 솔비탄아이소스테아레이트, 덱스트린, 카카오추출물, 하이드로제네이티드레시틴, 락토바실러스발효물, 피토스핑고신, 하이드롤라이즈드인삼사포닌, 소듐폴리아스파테이트, 인삼추출물, 인삼씨오일, 소듐메틸스테아로일타우레이트, 인삼가루, 아스퍼질러스발효물, 토코페롤, 카프릴릴글라이콜, 아세틸테트라펩타이드-2",한율,한율_극진 아이크림 기획세트 30ml
극진 크림 클렌징폼 200ml,https://www.amoremall.com/kr/ko/product/detail?onlineProdSn=64207,39000.0,200ml,200.0,ml,"정제수, 미리스틱애씨드, 라우릭애씨드, 포타슘하이드록사이드, 라우릴하이드록시설테인, 아크릴레이트/C10-30알킬아크릴레이트크로스폴리머, 향료, 인삼수, 소듐클로라이드, 부틸렌글라이콜, 호두나무열매껍질가루, 폴리쿼터늄-7, 팔미틱애씨드, 스테아릭애씨드, 소듐메타포스페이트, 티타늄디옥사이드 (CI 77891), 1,2-헥산다이올, 덱스트린, 카카오추출물, 프로판다이올, 소듐벤조에이트, 하이드로제네이티드레시틴, 잇꽃꽃추출물, 락토바실러스발효물, 마이크로크리스탈린셀룰로오스, 인삼추출물, 옥수수전분, 만니톨, 피토스핑고신, 하이드롤라이즈드인삼사포닌, 소듐폴리아스파테이트, 인삼씨오일, 소듐메틸스테아로일타우레이트, 인삼가루, 아스퍼질러스발효물, 시트릭애씨드, 에틸헥실글리세린, 황금추출물, 칡뿌리추출물",한율,한율_극진 크림 클렌징폼 200ml
달빛유자 수면팩 리필세트 40ml*2,https://www.amoremall.com/kr/ko/product/detail?onlineProdSn=55406,29000.0,40ml*2,40.0,ml,"정제수, 부틸렌글라이콜, 글리세린, 메틸트라이메티콘, 펜타에리스리틸테트라에틸헥사노에이트, 유자수, 베타인, 나이아신아마이드, 변성알코올, 1,2-헥산다이올, 비닐다이메티콘/메티콘실세스퀴옥세인크로스폴리머, 베헤닐알코올, 판테놀, 호호바에스터, 하이드록시에틸아크릴레이트/소듐아크릴로일다이메틸타우레이트코폴리머, 암모늄아크릴로일다이메틸타우레이트/브이피코폴리머, 아크릴레이트/C10-30알킬아크릴레이트크로스폴리머, 해바라기씨오일, 리모넨, 유자씨오일, 말토덱스트린, 트로메타민, 유자껍질오일, 잔탄검, 글리세릴카프릴레이트, 당근추출물, 에틸헥실글리세린, 소듐메타포스페이트, 제라니올, 아데노신, 솔비탄아이소스테아레이트, 유자추출물, 바이오플라보노이드, 리날룰, 아스코빅애씨드, 티몰트라이메톡시신나메이트, 3-O-에틸아스코빅애씨드, 락토바실러스발효물, 탱자추출물, 베타-카로틴, 파네솔, 팔마로사오일, 토코페롤, 프로판다이올, 멜라토닌, 유자껍질추출물, 소듐하이알루로네이트, 하이드롤라이즈드하이알루로닉애씨드, 소듐하이알루로네이트크로스폴리머, 하이알루로닉애씨드, 소듐아세틸레이티드하이알루로네이트",한율,한율_달빛유자 수면팩 리필세트 40ml*2
달빛유자C 세럼 50ml,https://www.amoremall.com/kr/ko/product/detail?onlineProdSn=48364,61000.0,50ml,50.0,ml,"정제수, 부틸렌글라이콜, 글리세린, 카프릴릭/카프릭트라이글리세라이드, 나이아신아마이드, 1,2-헥산다이올, 천궁수, 왜당귀뿌리수, 베헤닐알코올, 판테놀, 해바라기씨오일, 리모넨, 유자껍질오일, 트로메타민, 카보머, 아크릴레이트/C10-30알킬아크릴레이트크로스폴리머, 당근추출물, 타우린, 에틸헥실글리세린, 아데노신, 유자추출물, 다이소듐이디티에이, 리날룰, 에칠아스코빌에텔, 탱자추출물, 베타-카로틴, 토코페롤, 아스코빅애씨드, 유자껍질추출물",한율,한율_달빛유자C 세럼 50ml
빨간쌀 보습탄력 크림 리필세트 30ml *2,https://www.amoremall.com/kr/ko/product/detail?onlineProdSn=59759,42000.0,30ml*2,30.0,ml,"정제수, 부틸렌글라이콜, 세틸에틸헥사노에이트, 글리세린, 펜타에리스리틸테트라에틸헥사노에이트, 메틸트라이메티콘, 나이아신아마이드, C14-22알코올, 1,2-헥산다이올, 부틸렌글라이콜다이카프릴레이트/다이카프레이트, 세테아릴알코올, 아라키딜알코올, 베헤닐알코올, 팔미틱애씨드, 스테아릭애씨드, 암모늄아크릴로일다이메틸타우레이트/브이피코폴리머, C12-20알킬글루코사이드, 하이드록시에틸아크릴레이트/소듐아크릴로일다이메틸타우레이트코폴리머, 아라키딜글루코사이드, 콜레스테롤, 하이드록시프로필비스라우라마이드엠이에이, 하이드록시프로필비스팔미타마이드엠이에이, 쌀발효여과물, 세라마이드엔피, 향료, 카프릴릴글라이콜, 트로메타민, 에틸헥실글리세린, 아데노신, 솔비탄아이소스테아레이트, 다이소듐이디티에이, 락토바실러스발효물, 덱스트린, 카카오추출물, 하이드롤라이즈드익스텐신, 호호바씨오일, 폴리글리세릴-10라우레이트, 합성왁스, 하이드로제네이티드레시틴, 식물성스쿠알란, 토코페롤, 판테놀, 폴리글리세릴-10스테아레이트",한율,한율_빨간쌀 보습탄력 크림 리필세트 30ml *2
극진 에멀젼 125ml,https://www.amoremall.com/kr/ko/product/detail?onlineProdSn=19048,82000.0,125ml,125.0,ml,"정제수, 부틸렌글라이콜, 글리세린, 하이드로제네이티드폴리(C6-14올레핀), 다이카프릴릴에터, 다이메티콘, 나이아신아마이드, 옥틸도데실미리스테이트, 시어버터, 1,2-헥산다이올, C14-22알코올, 인삼수, 폴리글리세릴-3다이스테아레이트, 프로판다이올, 글리세릴스테아레이트, 세테아릴알코올, 팔미틱애씨드, C12-20알킬글루코사이드, 스테아릭애씨드, 향료, 카보머, 글리세릴카프릴레이트, 트로메타민, 에틸헥실글리세린, 소듐메타포스페이트, 아데노신, 글리세릴스테아레이트시트레이트, 베타-글루칸, 하이드로제네이티드레시틴, 덱스트린, 카카오추출물, 락토바실러스발효물, 토코페롤, 피토스핑고신, 하이드롤라이즈드인삼사포닌, 소듐폴리아스파테이트, 인삼추출물, 인삼씨오일, 소듐메틸스테아로일타우레이트, 인삼가루, 아스퍼질러스발효물",한율,한율_극진 에멀젼 125ml
극진 크림 세트 50ml,https://www.amoremall.com/kr/ko/product/detail?onlineProdSn=16739,197000.0,[본품] 극진 크림 50ml [증정] 극진 스킨 25ml 극진 에멀젼 25ml 극진 에센스 7ml 백화고 클렌징 마사지 크림 32ml,50.0,ml,"정제수, 부틸렌글라이콜, 글리세린, 펜타에리스리틸테트라에틸헥사노에이트, 하이드로제네이티드폴리(C6-14올레핀), 다이메티콘, 인삼수, 다이아이소스테아릴말레이트, 하이드로제네이티드올리브오일데실에스터, 베헤닐알코올, 나이아신아마이드, 글리세릴스테아레이트, 폴리글리세릴-3메틸글루코오스다이스테아레이트, 1,2-헥산다이올, 하이드로제네이티드레시틴, 프로판다이올, 세테아릴알코올, 피이지-100스테아레이트, 카나우바왁스, 향료, 폴리아크릴레이트-13, 다이메티콘/비닐다이메티콘크로스폴리머, 소듐메타포스페이트, 폴리아이소부텐, 에틸헥실글리세린, 아데노신, 인삼씨오일, 폴리솔베이트20, 솔비탄아이소스테아레이트, 인삼가루, 락토바실러스발효물, 덱스트린, 카카오추출물, 피토스핑고신, 하이드롤라이즈드인삼사포닌, 소듐폴리아스파테이트, 인삼추출물, 토코페롤, 소듐메틸스테아로일타우레이트, 아스퍼질러스발효물, 수용성콜라겐",한율,한율_극진 크림 세트 50ml
송담 탄력 2종 기획세트,https://www.amoremall.com/kr/ko/product/detail?onlineProdSn=67658,75000.0,[스킨]: 150ml [에멀젼]: 125ml,150.0,ml,"[스킨] 정제수, 프로판다이올, 변성알코올, 글리세린, 베타인, 나이아신아마이드, 폴리글리세린-3, 부틸렌글라이콜, 1,2-헥산다이올, 송이버섯추출물, 인삼수, 피피지-13-데실테트라데세스-24, 아크릴레이트/C10-30알킬아크릴레이트크로스폴리머, 암모늄아크릴로일다이메틸타우레이트/브이피코폴리머, 에탄올, 트로메타민, 에틸헥실글리세린, 천궁수, 왜당귀뿌리수, 향료, 아데노신, 다이소듐이디티에이, 덱스트린, 카카오추출물, 베타-글루칸, 리날룰, 리모넨, 아크릴레이트/암모늄메타크릴레이트코폴리머, 폴리카프로락톤, 소나무잎추출물, 폴리글리세릴-10라우레이트, 표고버섯추출물, 토코페롤, 작약뿌리추출물, 생강추출물 [로션] 정제수, 부틸렌글라이콜, 글리세린, 펜타에리스리틸테트라에틸헥사노에이트, 하이드로제네이티드폴리아이소부텐, 다이메티콘, 다이아이소스테아릴말레이트, 나이아신아마이드, 피이지-60글리세릴아이소스테아레이트, 1,2-헥산다이올, 비스-하이드록시에톡시프로필다이메티콘, C14-22알코올, 송이버섯추출물, 스테아릭애씨드, 글리세릴스테아레이트, 사이클로펜타실록세인, 인삼수, 하이드록시에틸아크릴레이트/소듐아크릴로일다이메틸타우레이트코폴리머, 팔미틱애씨드, 아라키딜알코올, C12-20알킬글루코사이드, 향료, 에탄올, 폴리실리콘-11, 카보머, 베헤닐알코올, 글리세릴카프릴레이트, 트로메타민, 아라키딜글루코사이드, 폴리아크릴레이트-13, 다이소듐이디티에이, 에틸헥실글리세린, 소듐폴리아크릴레이트, 천궁수, 왜당귀뿌리수, 아데노신, 덱스트린, 카카오추출물, 폴리아이소부텐, 솔비탄아이소스테아레이트, 폴리솔베이트60, 리날룰, 리모넨, 폴리솔베이트20, 글루코오스, 헥실신남알, 제라니올, 아크릴레이트/암모늄메타크릴레이트코폴리머, 폴리카프로락톤, 소나무잎추출물, 폴리글리세릴-10라우레이트, 토코페롤, 표고버섯추출물, 작약뿌리추출물, 생강추출물",한율,한율_송담 탄력 2종 기획세트
어린쑥 트러블 미스트 120ml,https://www.amoremall.com/kr/ko/product/detail?onlineProdSn=67329,25000.0,120ml,120.0,ml,"정제수, 프로판다이올, 부틸렌글라이콜, 황해쑥잎수(17,590ppm), 자일리톨, 펜틸렌글라이콜, 카프릴릭/카프릭트라이글리세라이드, 피피지-13-데실테트라데세스-24, 글리세릴카프릴레이트, 향로, 2,3-부탄다이올, 에틸헥실글리세린, 소듐메타포스페이트, 1,2-헥산다이올, 글루코노락톤, 레시틴, 락토바실러스발효물, 글리세린, 이눌린라우릴카바메이트, 살리실릭애씨드, 황해쑥잎추출물(10ppm), 병풀꽃/잎/줄기추출물, 토코페롤, 소듐하이알루로네이트, 하이드롤라이즈드하이알루로닉애씨드, 소듐하이알루로네이트크로스폴리머, 하이알루로닉애씨드, 소듐아세틸레이티드하이알루로네이트",한율,한율_어린쑥 트러블 미스트 120ml
달빛유자 수면팩 기획세트,https://www.amoremall.com/kr/ko/product/detail?onlineProdSn=67328,34000.0,[본품] 한율 달빛유자 수면팩 70ml [증정] 한율 달빛유자 수면팩 35ml,70.0,ml,"정제수, 부틸렌글라이콜, 글리세린, 메틸트라이메티콘, 펜타에리스리틸테트라에틸헥사노에이트, 유자수, 베타인, 나이아신아마이드, 변성알코올, 1,2-헥산다이올, 비닐다이메티콘/메티콘실세스퀴옥세인크로스폴리머, 베헤닐알코올, 판테놀, 호호바에스터, 하이드록시에틸아크릴레이트/소듐아크릴로일다이메틸타우레이트코폴리머, 암모늄아크릴로일다이메틸타우레이트/브이피코폴리머, 아크릴레이트/C10-30알킬아크릴레이트크로스폴리머, 해바라기씨오일, 리모넨, 유자씨오일, 말토덱스트린, 트로메타민, 유자껍질오일, 잔탄검, 글리세릴카프릴레이트, 당근추출물, 에틸헥실글리세린, 소듐메타포스페이트, 제라니올, 아데노신, 솔비탄아이소스테아레이트, 유자추출물, 바이오플라보노이드, 리날룰, 아스코빅애씨드, 티몰트라이메톡시신나메이트, 3-O-에틸아스코빅애씨드, 락토바실러스발효물, 탱자추출물, 베타-카로틴, 파네솔, 팔마로사오일, 토코페롤, 프로판다이올, 멜라토닌, 유자껍질추출물, 소듐하이알루로네이트, 하이드롤라이즈드하이알루로닉애씨드, 소듐하이알루로네이트크로스폴리머, 하이알루로닉애씨드, 소듐아세틸레이티드하이알루로네이트",한율,한율_달빛유자 수면팩 기획세트
어린쑥 수분진정 패드 기획세트,https://www.amoremall.com/kr/ko/product/detail?onlineProdSn=67282,28871.0,60+10매입,60.0,매,"정제수, 부틸렌글라이콜, 글리세린, 황해쑥잎수, 1,2-헥산다이올, 판테놀, 폴리글리세릴-10라우레이트, 알란토인, 2,3-부탄다이올, 에틸헥실글리세린, 향료, 잔탄검, 다이프로필렌글라이콜, 다이소듐이디티에이, 하이드록시에틸셀룰로오스, 다이포타슘글리시리제이트, 소듐하이알루로네이트, 소듐시트레이트, 시트릭애씨드, 프로판다이올, 레시틴, 락토바실러스발효물, 메틸다이아이소프로필프로피온아마이드, 베타-글루칸, 이눌린라우릴카바메이트, 황해쑥잎추출물, 병풀꽃/잎/줄기추출물, 토코페롤",한율,한율_어린쑥 수분진정 패드 기획세트
어린쑥 클렌징 흡착 팩폼 기획세트,https://www.amoremall.com/kr/ko/product/detail?onlineProdSn=67281,27887.0,120ml,120.0,ml,"글리세린, 정제수, 포타슘미리스테이트, 실리카, 포타슘스테아레이트, 소듐메틸코코일타우레이트, 포타슘팔미테이트, 1,2-헥산다이올, 펜틸렌글라이콜, 아크릴레이트/C10-30알킬아크릴레이트크로스폴리머, 쑥잎가루, 포타슘코코일글리시네이트, 향료, 소듐클로라이드, 카프릴릴글라이콜, 에틸헥실글리세린, 잇꽃꽃추출물, 덱스트린, 치자추출물, 2,3-부탄다이올, 카카오씨추출물, 소듐폴리아크릴레이트, 황해쑥잎수, 판테놀, 프로판다이올, 부틸렌글라이콜, 레시틴, 락토바실러스발효물, 이눌린라우릴카바메이트, 폴리글리세린-3, 황해쑥잎추출물, 토코페롤, 병풀꽃/잎/줄기추출물, 하이드로제네이티드레시틴, 병풀추출물, 무화과추출물, 베타-글루칸, 다이소듐이디티에이, 세라마이드엔피, 슈도알테로모나스발효추출물, 하이드롤라이즈드하이알루로닉애씨드, 다이메틸실란올하이알루로네이트, 하이드롤라이즈드소듐하이알루로네이트, 소듐하이알루로네이트, 하이알루로닉애씨드, 포타슘하이알루로네이트, 소듐하이알루로네이트크로스폴리머, 하이드록시프로필트라이모늄하이알루로네이트, 소듐하이알루로네이트다이메틸실란올, 소듐아세틸레이티드하이알루로네이트, 소듐살리실레이트, 살리실릭애씨드, 시트릭애씨드",한율,한율_어린쑥 클렌징 흡착 팩폼 기획세트
어린쑥 수분진정 크림 기획세트,https://www.amoremall.com/kr/ko/product/detail?onlineProdSn=67280,38000.0,55ml,55.0,ml,"정제수, 글리세린, 부틸렌글라이콜, 다이카프릴릴에터, 황해쑥잎수, 메틸트라이메티콘, 나이아신아마이드, 비스-하이드록시에톡시프로필다이메티콘, 1,2-헥산다이올, C14-22알코올, 세틸에틸헥사노에이트, 판테놀, 글리세릴스테아레이트시트레이트, 하이드로제네이티드폴리(C6-14올레핀), 하이드록시에틸아크릴레이트/소듐아크릴로일다이메틸타우레이트코폴리머, 스테아릭애씨드, 암모늄아크릴로일다이메틸타우레이트/브이피코폴리머, 글리세릴폴리메타크릴레이트, 글리세릴스테아레이트, 폴리메틸실세스퀴옥세인, 팔미틱애씨드, 아라키딜알코올, C12-20알킬글루코사이드, 향료, 글리세릴카프릴레이트, 베헤닐알코올, 2,3-부탄다이올, 아라키딜글루코사이드, 에틸헥실글리세린, 다이소듐이디티에이, 솔비탄아이소스테아레이트, 프로판다이올, 레시틴, 락토바실러스발효물, 글루코오스, 토코페롤, 이눌린라우릴카바메이트, 황해쑥잎추출물, 병풀꽃/잎/줄기추출물",한율,한율_어린쑥 수분진정 크림 기획세트
달빛유자 클렌징 필링 젤밤 기획세트,https://www.amoremall.com/kr/ko/product/detail?onlineProdSn=67180,29000.0,100g + 15g,100.0,g,"카프릴릭/카프릭트라이글리세라이드, 글리세린, 피이지-20글리세릴트라이아이소스테아레이트, 아이소도데케인, 정제수, 폴리글리세릴-10스테아레이트, 셀룰로오스, 리모넨, 유자껍질오일 (5000ppm), 해바라기씨오일, 옥수수전분, 마이크로크리스탈린셀룰로오스, 만니톨, 당근추출물, 말토덱스트린, 자일리톨, 리날룰, 1,2-헥산다이올, 수크로오스, 하이드로제네이티드레시틴, 아스코빅애씨드, 아스코빌테트라이소팔미테이트, 글루타티온, 하이드록시프로필스타치포스페이트, 세테아릴알코올, 프룩토올리고사카라이드, 스테아릭애씨드, 황색산화철, 암모늄글리시리제이트, 바이오플라보노이드, 검정콩오일, 폴리글리세릴-10올리에이트, 세라마이드엔피, 티타늄디옥사이드 (CI 77891), 베타-카로틴, 나이아신아마이드, 프로판다이올, 토코페롤, 카프릴로일살리실릭애씨드, 소듐하이알루로네이트, 카페인, 인삼추출물, 징크글루코네이트, 피토스핑고신, 생강추출물, 홍삼추출물, 가시칠엽수씨추출물, 약모밀추출물, 하이드롤라이즈드하이알루로닉애씨드, 락토바실러스발효용해물, 소듐하이알루로네이트크로스폴리머, 세라마이드엔에스, 녹차추출물, 하수오뿌리추출물, 하이알루로닉애씨드, 콜레스테롤, 에틸헥실글리세린, 세라마이드에이피, 세라마이드에이에스, 카놀라오일, 돌콩추출물, 로즈마리잎추출물, 시트릭애씨드, 글루코노락톤, 소듐아세틸레이티드하이알루로네이트, 유자씨오일 (0.01ppm), 유자수 (0.009ppm), 쌀겨오일, 부틸렌글라이콜, 세라마이드이오피",한율,한율_달빛유자 클렌징 필링 젤밤 기획세트
달빛유자 클렌징 톤업 팩폼 기획세트,https://www.amoremall.com/kr/ko/product/detail?onlineProdSn=67179,27887.0,120ml + 15ml,120.0,ml,"정제수, 글리세린, 미리스틱애씨드, 라우릴하이드록시설테인, 포타슘하이드록사이드, 라우릭애씨드, 카프릴릴/카프릴글루코사이드, 소듐클로라이드, 실리카, 아크릴레이트/C10-30알킬아크릴레이트크로스폴리머, 셀룰로오스, 트라이하이드록시스테아린, 유자씨가루(5000ppm), 팔미틱애씨드, 스테아릭애씨드, 리모넨, 폴리쿼터늄-7, 유자껍질오일(5000ppm), 나이아신아마이드, 소듐폴리아크릴레이트, 소듐메타포스페이트, 토코페롤, 말토덱스트린, 리날룰, 시트릭애씨드, 글루코노락톤, 소듐벤조에이트, 1,2-헥산다이올, 만니톨, 하이드로제네이티드레시틴, 아스코빅애씨드, 아스코빌테트라이소팔미테이트, 글루타티온, 세테아릴알코올, 암모늄글리시리제이트, 바이오플라보노이드, 검정콩오일, 폴리글리세릴-10올리에이트, 세라마이드엔피, 해바라기씨오일, 프로판다이올, 베타-카로틴, 카프릴로일살리실릭애씨드, 소듐하이알루로네이트, 카페인, 징크글루코네이트, 피토스핑고신, 유자수(0.8ppm), 가시칠엽수씨추출물, 하이드롤라이즈드하이알루로닉애씨드, 소듐하이알루로네이트크로스폴리머, 세라마이드엔에스, 부틸렌글라이콜, 하이알루로닉애씨드, 콜레스테롤, 에틸헥실글리세린, 세라마이드에이피, 세라마이드에이에스, 카놀라오일, 로즈마리잎추출물, 소듐아세틸레이티드하이알루로네이트, 쌀겨오일, 세라마이드이오피",한율,한율_달빛유자 클렌징 톤업 팩폼 기획세트
흰감국 광채 선크림 듀오 구성,https://www.amoremall.com/kr/ko/product/detail?onlineProdSn=61772,80000.0,70ml*2(70ml + 70ml),70.0,ml,"정제수, C12-15알킬벤조에이트, 부틸렌글라이콜, 디에칠아미노하이드록시벤조일헥실벤조에이트, 호모살레이트, 에칠헥실살리실레이트, 티타늄디옥사이드, 다이아이소프로필세바케이트, 글리세린, 비스-에칠헥실옥시페놀메톡시페닐트리아진, 나이아신아마이드, 폴리실리콘-15, 세테아릴알코올, 1,2-헥산다이올, 아이소프로필팔미테이트, 퀸즈랜드넛오일, 폴리C10-30알킬아크릴레이트, 실리카, 티타늄디옥사이드 (CI 77891), 알루미늄스테아레이트, 폴리아크릴레이트크로스폴리머-6, 알루미나, 스테아릭애씨드, 폴리하이드록시스테아릭애씨드, 향료, 글리세릴스테아레이트, 하이드로제네이티드레시틴, 에틸헥실글리세린, 아크릴레이트/C10-30알킬아크릴레이트크로스폴리머, 세테아릴글루코사이드, 카프릴릴글라이콜, 생강오일, 리날룰, 폴리글리세릴-3메틸글루코오스다이스테아레이트, 팔미틱애씨드, 아데노신, 알루미늄하이드록사이드, 리모넨, 트라이에톡시카프릴릴실레인, 소듐메타포스페이트, 락토바실러스발효물, 벤질알코올, 감국꽃추출물, 유제놀, 미리스틱애씨드, 라우릭애씨드, 토코페롤",한율,한율_흰감국 광채 선크림 듀오 구성
부들밤 모공수축 패드 기획세트,https://www.amoremall.com/kr/ko/product/detail?onlineProdSn=58782,28871.0,60+10매 / 210ml,60.0,매,"정제수, 부틸렌글라이콜, 나이아신아마이드, 1,2-헥산다이올, 프로판다이올, 폴리글리세린-3, 폴리글리세릴-10라우레이트, 글루코노락톤. 밤껍질추출물(1,000ppm), 하이드로제네이티드폴리(c6-14올레핀),아크릴레이트/c10-30 알킬아크릴레이트크로스폴리머, 에틸헥실글리세린, 잔탄검, 아데노신, 글리세린, 탱자추출물, 메도우폼씨오일, 시트릭애씨드, 트로메타민, 락토바실러스발효물, 효모발효물, 소듐파이테이트, 향료, 폴리글리세릴-3 메틸글루코로스다이스테아레이트, 회향씨추출물, 샤프란꽃추출물, 소두구씨추출물, 고수추출물, 프로테아제, 하이드로제네이티드레시틴, 칡뿌리추출물, 대왕송잎추출물, 달맞이꽃추출물, 당느릅나무뿌리추출물, 메틸글루코오스세스퀴스테아레이트, 세테아릴글루코사이드, 밤껍질가루(1ppm), 카프릴로알살리실릭애씨드, 토코페롤",한율,한율_부들밤 모공수축 패드 기획세트
모이스처 퍼퓸 바디워시 760g,https://www.amoremall.com/kr/ko/product/detail?onlineProdSn=52917,9833.0,760g,760.0,g,"정제수, 소듐라우레스설페이트, 코카미도프로필베타인, 암모늄라우릴설페이트, 소듐클로라이드, 솔비톨, 향료(화이트머스크향 0.7%), 소듐벤조에이트, 페녹시에탄올, 시트릭애씨드, 벤질벤조에이트, 다이소듐이디티에이, 리날룰, 헥실신남알, 아르간커넬오일, 올리브오일, 호호바씨오일, 스위트아몬드오일, 퀸즈랜드넛오일, 생강오일",해피바스,해피바스_모이스처 퍼퓸 바디워시 760g
오리지널 컬렉션 바디워시 910g,https://www.amoremall.com/kr/ko/product/detail?onlineProdSn=51433,9889.0,910g,910.0,g,"정제수, 소듐라우레스설페이트, 코카미도프로필베타인, 소듐클로라이드, 솔비톨, 향료(오리지널향 0.98%), 소듐벤조에이트, 시트릭애씨드, 페녹시에탄올, 벤질벤조에이트, 폴리쿼터늄-7, 다이소듐이디티에이, 헥실신남알, 폴리쿼터늄-10, 리날룰, 리모넨, 판테놀",해피바스,해피바스_오리지널 컬렉션 바디워시 910g
정말 촉촉/순한 바디밀크 400g,https://www.amoremall.com/kr/ko/product/detail?onlineProdSn=20149,7867.0,400g,400.0,g,"정제수, 부틸렌글라이콜, 글리세린, 해바라기씨오일, 카프릴릭/카프릭트라이글리세라이드, 폴리글리세릴-3메틸글루코오스다이스테아레이트, 다이메티콘, 세테아릴알코올, 시어버터, 글리세릴스테아레이트, 향료 (애플바나나 향 0.3%) , 카보머, 잔탄검, 카프릴릴글라이콜, 글리세릴카프릴레이트, 에틸헥실글리세린, 소듐메타포스페이트, 포타슘하이드록사이드, 벤질벤조에이트, 헥실신남알, 리날룰, 리모넨, 프로판다이올, 바나나추출물, 사과추출물, 바실러스/소이빈발효추출물, 토코페롤, 1,2-헥산다이올, 소듐벤조에이트, 쌀겨추출물, 다이소듐이디티에이, 하이드록시프로필사이클로덱스트린",해피바스,해피바스_정말 촉촉/순한 바디밀크 400g
PH 4.5 약산성 여성청결제 300ml,https://www.amoremall.com/kr/ko/product/detail?onlineProdSn=19650,11867.0,300ml,300.0,ml,"정제수, 부틸렌글라이콜, 하이드록시프로필메틸셀룰로오스, 황해쑥잎수(8390ppm), 라우릴베타인, 향료, 다이소듐이디티에이, 에틸헥실글리세린, 시트릭애씨드, 1,2-헥산다이올, 토코페롤",해피바스,해피바스_PH 4.5 약산성 여성청결제 300ml
제로퍼센트 저자극 버블핸드워시 500ml,https://www.amoremall.com/kr/ko/product/detail?onlineProdSn=52309,12899.0,500ml,500.0,ml,"정제수, 글리세린, 라우릴베타인, 다이프로필렌글라이콜, 1,2-헥산다이올, 카프릴릴글라이콜, 시트릭애씨드, 다이소듐이디티에이, 에틸헥실글리세린, 토코페롤",해피바스,해피바스_제로퍼센트 저자극 버블핸드워시 500ml
오리지널 컬렉션 바디로션 500g,https://www.amoremall.com/kr/ko/product/detail?onlineProdSn=53240,9884.0,500g,500.0,g,"정제수, 부틸렌글라이콜, 글리세린, 해바라기씨오일, 카프릴릭/카프릭트라이글리세라이드, 폴리글리세릴-3메틸글루코오스다이스테아레이트, 세테아릴알코올, 다이메티콘, 시어버터, 글리세릴스테아레이트, 향료(오리지널향 0.25%), 카보머, 잔탄검, 카프릴릴글라이콜, 글리세릴카프릴레이트, 다이소듐이디티에이, 에틸헥실글리세린, 포타슘하이드록사이드, 벤질벤조에이트, 헥실신남알, 리날룰, 리모넨, 판테놀, 아르간커넬오일, 올리브오일, 호호바씨오일, 인카르나타시계꽃씨오일, 코코넛야자오일, 토코페롤, 코코-카프릴레이트/카프레이트",해피바스,해피바스_오리지널 컬렉션 바디로션 500g
마이크로 클린 솝베리 버블 클렌징폼 300ml,https://www.amoremall.com/kr/ko/product/detail?onlineProdSn=19465,15614.0,300ml,300.0,ml,"정제수, 글리세린, 솔비톨, 다이프로필렌글라이콜, 미리스틱애씨드, 라우릭애씨드, 라우릴베타인, 포타슘코코일글리시네이트, 포타슘하이드록사이드, 변성알코올, 살리실릭애씨드, 폴리쿼터늄-7, 향료, 미리스틸알코올, 다이소듐이디티에이, 리날룰, 헥실신남알, 테트라소듐이디티에이, 락토바실러스발효용해물, 부틸렌글라이콜, 소듐벤조에이트, 시트릭애씨드, 1,2-헥산다이올, 트리리프솝베리열매추출물(0.45ppm)",해피바스,해피바스_마이크로 클린 솝베리 버블 클렌징폼 300ml
오리지널컬렉션 솝라벤더 비누 4입,https://www.amoremall.com/kr/ko/product/detail?onlineProdSn=54608,11900.0,90g*4입,90.0,g,"소듐팔메이트, 소듐팜커넬레이트, 정제수, 팜커넬애씨드, 향료(솝 라벤더향 1.56%), 다이소듐라우릴설포석시 네이트, 소듐클로라이드, 글리세린, 리날룰, 헥실신남알, 하이드록시시트로넬알, 시트로넬올, 리모넨, 테트라 소듐이디티에이, 테트라소듐에티드로네이트, 에티드 로닉애씨드, 코카미도프로필베타인, 적색산화철, 쿠마린, 부틸렌글라이콜, 라벤더꽃추출물, 아르간커넬오일, 코코넛야자오일, 해바라기씨오일, 올리브오일, 호호바씨 오일, 페녹시에탄올, 소듐벤조에이트, 에틸헥실글리세린",해피바스,해피바스_오리지널컬렉션 솝라벤더 비누 4입
오리지널 컬렉션 샤워 젤리 75g,https://www.amoremall.com/kr/ko/product/detail?onlineProdSn=67220,10879.0,75g,75.0,g,"정제수, 글리세린, 소듐라우레스설페이트, 프로판다이올, 카라기난, 향료(대나무향 1%), 소듐벤조에이트, 페녹시에탄올, 소듐메타포스페이트, 리모넨, 시트릭애씨드, 하이드록시시트로넬알, 시트로넬올, 칼슘소듐보로실리케이트, 헥실신남알, 다이소듐이디티에이, 리날룰, 티타늄디옥사이드 (CI 77891), 판테놀, 황색4호, 청색1호, 세라마이드엔피, 틴옥사이드, 밤부사 불가리스추출물(600ppb), 삼나무잎추출물, 소듐하이알루로네이트, 1,2-헥산다이올, 적색227호, 하이드롤라이즈드하이알루로닉애씨드, 소듐하이알루로네이트크로스폴리머, 하이알루로닉애씨드, 에틸헥실글리세린, 소듐아세틸레이티드하이알루로네이트",해피바스,해피바스_오리지널 컬렉션 샤워 젤리 75g
필쏘굿 풋샴푸 500ml,https://www.amoremall.com/kr/ko/product/detail?onlineProdSn=64576,6860.0,500ml,500.0,ml,"정제수, 라우릭애씨드, 변성알코올, 포타슘하이드록사이드, 미리스틱애씨드, 라우릴하이드록시설테인, 향료, 멘톨, 소듐클로라이드, 스테아릭애씨드, 팔미틱애씨드, 리모넨, 폴리쿼터늄-7, 리날룰, 하이드록시시트로넬알, 알파아이소메틸아이오논, 소듐벤조에이트, 락틱애씨드, 프로판다이올, 하이드 록시프로필사이클로덱스트린, 시트릭애씨드, 글라이콜릭애씨드, 소듐하이 알루로네이트, 1,2-헥산다이올, 하이드롤라이즈드하이알루로닉애씨드, 소듐 하이알루로네이트크로스폴리머, 하이알루로닉애씨드, 에틸헥실글리세린, 소듐메타포스페이트, 소듐아세틸레이티드하이알루로네이트",해피바스,해피바스_필쏘굿 풋샴푸 500ml
오리지널 컬렉션 바디오일 250ml,https://www.amoremall.com/kr/ko/product/detail?onlineProdSn=53946,9889.0,250ml,250.0,ml,"해바라기씨오일, 미네랄오일, 향료(오리지널향 0.3%), 벤질벤조에이트, 헥실신남알, 리날룰, 리모넨, 판테놀, 아르간커넬오일, 올리브오일, 호호바씨오일, 인카르나타시계꽃씨오일, 코코넛야자오일, 코코-카프릴레이트/카프레이트",해피바스,해피바스_오리지널 컬렉션 바디오일 250ml
주스스무디 옐로우 바디워시 820g,https://www.amoremall.com/kr/ko/product/detail?onlineProdSn=19942,14623.0,820ml,820.0,ml,"정제수, 소듐라우레스설페이트, 코카미도프로필베타인, 소듐클로라이드, 코카마이드메틸엠이에이, 페녹시 에탄올, 향료, 리모넨, 소듐벤조에이트, 폴리쿼터늄-10, 스타이렌/아크릴레이트코폴리머, 리날룰, 라우릭 애씨드, 소듐메타포스페이트, 시트릭애씨드, 글리세린, 코코-글루코사이드, 시트랄, 부틸렌글라이콜, 다이소듐이디티에이, 벤조트라이아졸릴도데실P-크레솔, 황색4호, 벤조익애씨드, 토코페릴아세테이트, 효모/보리씨발효여과물, 유자껍질추출물, 모나스커스/쌀발효물, 레몬껍질오일, 프로판다이올, 적색227호, 1,2-헥산다이올, 에틸헥실글리세린",해피바스,해피바스_주스스무디 옐로우 바디워시 820g
리얼가든 바디워시 900g,https://www.amoremall.com/kr/ko/product/detail?onlineProdSn=62454,6860.0,900g,900.0,g,"정제수, 소듐라우레스설페이트, 코카미도프로필베타인, 소듐클로라이드(1.125%), 향료, 시트릭애씨드, 코카마이드메틸엠이에이, 소듐벤조에이트, 라우릭애씨드, 소듐메타포스페이트, 페녹시에탄올, 폴리쿼터늄-10, 글리세린, 다이소듐이디티에이, 황해쑥잎수(41.95ppm), 불가리스쑥오일(10ppm), 부틸렌글라이콜, 1,2-헥산다이올, 아시아티코사이드, 마데카식애씨드, 아시아틱애씨드, 에틸헥실글리세린",해피바스,해피바스_리얼가든 바디워시 900g
스킨유 이노센트 샤워젤 500g,https://www.amoremall.com/kr/ko/product/detail?onlineProdSn=52328,19882.0,500g,500.0,g,"정제수, 소듐C14-16올레핀설포네이트, 코카미도프로필하이드록시설테인, 글리세린, 다이소듐코코일글루타메이트, 다이프로필렌글라이콜, 향료(컴포트우디향 1.5%), 폴리쿼터늄-47, 폴리쿼터늄-7, 시트릭애씨드, 소듐벤조에이트, 코카마이드메틸엠이에이, 미리스틸알코올, 소듐메타포스페이트, 글루코노락톤, 벤질벤조에이트, 리날룰, 시트로넬올, 알파-아이소메틸아이오논, 리모넨, 부틸렌글라이콜, 락토바실러스발효용해물, 프로판다이올, 다마스크장미꽃수, 덱스트린, 하이드롤라이즈드익스텐신, 1,2-헥산다이올, 사이클로덱스트린, 하이드롤라이즈드식물성단백질, 소듐하이알루로네이트, 펜틸렌글라이콜, 프로테아제, 암브레트추출물, 글리세릴카프릴레이트, 에틸헥실글리세린, 잔탄검, 소듐트라이메타포스페이트",해피바스,해피바스_스킨유 이노센트 샤워젤 500g
정말 촉촉/순한 바디워시 900g,https://www.amoremall.com/kr/ko/product/detail?onlineProdSn=19009,7841.0,900g,900.0,g,"정제수, 소듐라우레스설페이트, 코카미도프로필베타인, 소듐클로라이드, 코카마이드메틸엠이에이, 향료, 소듐벤조에이트, 페녹시에탄올, 스타이렌/아크릴레이트코폴리머, 시트릭애씨드, 라우릭애씨드, 소듐메타포스페이트, 글리세린, 폴리쿼터늄-10, 벤질벤조에이트, 헥실신남알, 코코-글루코사이드, 리날룰, 다이소듐이디티에이, 리모넨, 벤조익애씨드, 부틸렌글라이콜, 효모/보리씨발효여과물, 프로판다이올, 바나나추출물, 사과추출물, 모나스커스/쌀발효물, 1,2-헥산다이올, 말토덱스트린, 돌콩오일, 쌀겨추출물, 알로에베라잎추출물, 에틸헥실글리세린, 마시멜로뿌리추출물",해피바스,해피바스_정말 촉촉/순한 바디워시 900g
퍼퓸부티크 오일 바디로션 350g,https://www.amoremall.com/kr/ko/product/detail?onlineProdSn=63099,15732.0,350g,350.0,g,"정제수, 글리세린, 부틸렌글라이콜, 해바라기씨오일, 시어버터, 다이메티콘, 나이아신아마이드, 세테아릴알코올, 폴리글리세릴-3메틸글루코오스다이스테아레이트, 글리세릴스테아레이트, 향료(로즈블러쉬향 0.4%), 에틸헥실글리세린, 카프릴릴글라이콜, 셀룰로오스검, 글리세릴카프릴레이트, 카보머, 트로메타민, 아데노신, 다이소듐이디티에이, 리모넨, 리날룰, 헥실신남알, 시트로넬올, 하이드롤라이즈드익스텐신, 제라니올, 하이드록시시트로넬알, 쿠마린, 프로판다이올, 1,2-헥산다이올, 다마스크장미꽃추출물, 소듐하이알루로네이트, 하이드롤라이즈드하이알루로닉애씨드, 커먼자스민꽃추출물, 소듐하이알루로네이트크로스폴리머, 하이알루로닉애씨드, 작약뿌리추출물, 소듐아세틸레이티드하이알루로네이트, 작약꽃추출물",해피바스,해피바스_퍼퓸부티크 오일 바디로션 350g
마이크로 클린 딥 버블 클렌징폼 300ml,https://www.amoremall.com/kr/ko/product/detail?onlineProdSn=61477,15614.0,300ml,300.0,ml,"정제수, 글리세린, 라우릭애씨드, 다이프로필렌글라이콜, 미리스틱애씨드, 변성알코올, 솔비톨, 라우릴하이드록시설테인, 포타슘하이드록사이드, 폴리글리세릴-6카프릴레이트, 폴리글리세릴-4카프레이트, 말티톨, 소듐클로라이드, 살리실릭애씨드, 에탄올아민, 폴리쿼터늄-7, 향료, 소듐메타포스페이트, 리날룰, 헥실신남알, 덱스트린, 시트릭애씨드, 소듐벤조에이트, 사이클로덱스트린, 프로테아제",해피바스,해피바스_마이크로 클린 딥 버블 클렌징폼 300ml
딥클린 바디워시 900g,https://www.amoremall.com/kr/ko/product/detail?onlineProdSn=61382,12857.0,900g,900.0,g,"정제수, 미리스틱애씨드, 라우릭애씨드, 포타슘하이드록사이드, 라우릴하이드록시설테인, 향료, 아크릴레이트/C10-30알킬아크릴레이트크로스폴리머, 살리실릭애씨드, 스테아릭애씨드, 멘톨(3,000ppm), 소듐클로라이드, 팔미틱애씨드, 소듐메타포스페이트, 리날룰, 리모넨, 타우린(100ppm)",해피바스,해피바스_딥클린 바디워시 900g
크림 인 바디로션 400g,https://www.amoremall.com/kr/ko/product/detail?onlineProdSn=62819,9884.0,400g,400.0,g,"정제수, 글리세린, 부틸렌글라이콜, 해바라기씨오일, 시어버터, 다이메티콘, 세테아릴알코올, 폴리글리세릴-3메틸글루코오스다이스테아레이트, 글리세릴스테아레이트, 향료(베이비파우더향 0.3%), 카프릴릴글라이콜, 셀룰로오스검, 글리세릴카프릴레이트, 에틸헥실글리세린, 카보머, 트로메타민, 소듐메타포스페이트, 쿠마린, 알파-아이소메틸아이오논, 시트로넬올, 하이드록시시트로넬알, 벤질벤조에이트, 세라마이드엔피, 판테놀, 하이알루로닉애씨드, 검정콩오일, 토코페롤, 피토스핑고신, 하이드로제네이티드레시틴, 카놀라오일, 로즈마리잎추출물",해피바스,해피바스_크림 인 바디로션 400g
마이크로 클린 딥 클렌징폼 150g,https://www.amoremall.com/kr/ko/product/detail?onlineProdSn=20468,11695.0,150g,150.0,g,"정제수, 미리스틱애씨드, 부틸렌글라이콜, 스테아릭애씨드, 글리세린, 포타슘하이드록사이드, 라우릭애씨드, 팔미틱애씨드, 마이크로크리스탈린셀룰로오스, 변성알코올, 글리세릴스테아레이트, 하이드레이티드실리카, 살리실릭애씨드, 글리세릴스테아레이트에스이, 향료, 폴리쿼터늄-10, 폴리쿼터늄-7, 소듐메타포스페이트, 피토스테릴/옥틸도데실라우로일글루타메이트, 리날룰, 헥실신남알, 씨솔트, 소듐벤조에이트, 덱스트린, 실리카, 카올린, 락틱애씨드/글라이콜릭애씨드코폴리머, 사이클로덱스트린, 프로테아제, 토코페롤",해피바스,해피바스_마이크로 클린 딥 클렌징폼 150g
퍼퓸부티크 오일 바디워시 500ml,https://www.amoremall.com/kr/ko/product/detail?onlineProdSn=63100,15732.0,500ml,500.0,ml,"정제수, 글리세린, 소듐라우레스설페이트, 코카미도프로필베타인, 소듐클로라이드, 향료(라플레르향1%), 소듐벤조에이트, 시트릭애씨드, 페녹시에탄올, 소듐메타포스페이트, 폴리쿼터늄-7, 알파-아이소메틸아이오논, 리모넨, 다이소듐이디티에이, 리날룰, 하이드롤라이즈드익스텐신, 프로판다이올, 1,2-헥산다이올, 부틸렌글라이콜, 소듐하이알루로네이트, 하이드롤라이즈드하이알루로닉애씨드, 커먼자스민꽃추출물, 소듐하이알루로네이트크로스폴리머, 하이알루로닉애씨드, 작약뿌리추출물, 에틸헥실글리세린, 소듐아세틸레이티드하이알루로네이트, 작약꽃추출물",해피바스,해피바스_퍼퓸부티크 오일 바디워시 500ml
오리지널 컬렉션 바디워시 910g,https://www.amoremall.com/kr/ko/product/detail?onlineProdSn=67127,9889.0,910g,910.0,g,"정제수, 소듐라우레스설페이트, 코카미도프로필베타인, 소듐클로라이드, 솔비톨, 향료(대나무향1%), 소듐벤조에이트, 시트릭애씨드, 말티톨, 페녹시에탄올, 소듐메타포스페이트, 리모넨, 폴리쿼터늄-7, 폴리쿼터늄-10, 하이드록시시트로넬알, 시트로넬올, 다이소듐이디티에이, 헥실신남알, 리날룰, 글리세린, 판테놀, 프로판다이올, 세라마이드엔피, 밤부사 불가리스추출물(600ppb), 삼나무잎추출물, 소듐하이알루로네이트, 1,2-헥산다이올, 하이드롤라이즈드하이알루로닉애씨드, 소듐하이알루로네이트크로스폴리머, 하이알루로닉애씨드, 에틸헥실글리세린, 소듐아세틸레이티드하이알루로네이트",해피바스,해피바스_오리지널 컬렉션 바디워시 910g
제로퍼센트 항균 바솝,https://www.amoremall.com/kr/ko/product/detail?onlineProdSn=52312,13800.0,90g(수분포함)*4입 76.5g(건조시)*4입,90.0,g,"소듐팔메이트, 소듐팜커넬레이트, 정제수, 팜커넬애씨드, 향료, 다이소듐라우릴설포석시네이트, 소듐클로라이드, 시어버터, 페트롤라툼, 글리세린, 티타늄디옥사이드 (CI 77891), 테트라소듐이디티에이, 테트라소듐에티드로네이트, 에티드로닉애씨드, 카프릴릭/카프릭트라이글리세라이드, 에탄올, 생강추출물, 비에이치티, 토코페롤, 로즈힙꽃오일, 라벤더오일, 라임전초오일, 라즈베리씨오일, 크랜베리씨오일",해피바스,해피바스_제로퍼센트 항균 바솝
블로썸 바디워시 900g,https://www.amoremall.com/kr/ko/product/detail?onlineProdSn=60556,8784.0,900g,900.0,g,"정제수, 소듐라우레스설페이트, 코카미도프로필베타인, 향료(피오니 블로썸향 1%), 소듐클로라이드, 코카마이드메틸엠이에이, 시트릭애씨드, 폴리쿼터늄-10, 소듐벤조에이트, 헥실신남알, 라우릭애씨드, 소듐메타포스페이트, 페녹시에탄올, 글리세린, 알파-아이소메틸아이오논, 벤질살리실레이트, 하이드록시시트로넬알, 시트로넬올, 다이소듐이디티에이, 리날룰, 프로판다이올, 부틸렌글라이콜, 글루타티온(5000ppb), 1,2-헥산다이올, 소듐하이알루로네이트(600ppb), 하이드로제네이티드레시틴, 하이드롤라이즈드하이알루로닉애씨드(100ppb), 작약뿌리추출물(98ppb), 인삼추출물, 하이드롤라이즈드홍삼사포닌, 피토스핑고신, 소듐폴리아스파테이트, 소듐하이알루로네이트크로스폴리머(40ppb), 하이알루로닉애씨드(20ppb), 에틸헥실글리세린, 소듐메틸스테아로일타우레이트, 작약꽃추출물(2ppb), 소듐아세틸레이티드하이알루로네이트(2ppb)",해피바스,해피바스_블로썸 바디워시 900g
오리지널 컬렉션 올리브 비누 4입,https://www.amoremall.com/kr/ko/product/detail?onlineProdSn=54609,11900.0,90g*4입,90.0,g,"소듐팔메이트, 소듐팜커넬레이트, 정제수, 팜커넬애씨드, 향료(올리브향 2.0%), 소듐클로라이드, 다이소듐라우릴 설포석시네이트, 페트롤라툼, 글리세린, 올리브오일, 리날룰, 헥실신남알, 테트라소듐이디티에이, 테트라소듐 에티드로네이트, 하이드록시시트로넬알, 에티드로닉 애씨드, 시트로넬올, 리모넨, 벤질벤조에이트, 시어버터, 코카미도프로필베타인, 등색205호, 청색404호, 황색 204호, 아르간커넬오일, 코코넛야자오일, 해바라기씨 오일, 호호바씨오일, 소듐벤조에이트, 토코페롤",해피바스,해피바스_오리지널 컬렉션 올리브 비누 4입
화이트 클레이 모공 클렌징폼 150g,https://www.amoremall.com/kr/ko/product/detail?onlineProdSn=27540,11800.0,150g,150.0,g,"글리세린, 정제수, 미리스틱애씨드, 카올린(80000ppm), 스테아릭애씨드, 피이지-32, 포타슘하이드록사이드, 팔미틱애씨드, 라우릭애씨드, 티타늄디옥사이드 (CI 77891), 코카미도프로필베타인, 글리세릴스테아레이트, 피이지-100스테아레이트, 향료, 소듐클로라이드, 소듐벤조에이트, 폴리카프로락톤, 피이지-75, 파파인",해피바스,해피바스_화이트 클레이 모공 클렌징폼 150g
크림 인 바디워시 900g,https://www.amoremall.com/kr/ko/product/detail?onlineProdSn=62818,9884.0,900g,900.0,g,"정제수, 소듐라우레스설페이트, 코카미도프로필베타인, 소듐클로라이드, 향료(베이비파우더향,1%), 다이소듐라우레스설포석시네이트, 시트릭애씨드, 코카마이드메틸엠이에이, 세틸알코올, 소듐벤조에이트, 폴리쿼터늄-10, 트라이하이드록시스테아린, 카프릴릭/카프릭트라이글리세라이드, 라우릭애씨드, 소듐메타포스페이트, 페녹시에탄올, 다이카프릴릴에터, 글리세린, 쿠마린, 알파-아이소메틸아이오논, 시트로넬올, 글리세릴스테아레이트, 구아하이드록시프로필트라이모늄클로라이드, 티타늄디옥사이드 (CI 77891), 하이드록시시트로넬알, 벤질벤조에이트, 다이소듐이디티에이, 폴리글리세릴-2트라이아이소스테아레이트, 카프릴릴글라이콜, 데하이드로아세틱애씨드, 세라마이드엔피, 판테놀, 소듐하이알루로네이트, 검정콩오일, 토코페롤, 피토스핑고신, 하이드로제네이티드레시틴, 카놀라오일, 로즈마리잎추출물",해피바스,해피바스_크림 인 바디워시 900g
스마일 바디워시 900g,https://www.amoremall.com/kr/ko/product/detail?onlineProdSn=59236,13529.0,900g,900.0,g,"정제수, 소듐라우레스설페이트, 코카미도프로필베타인, 암모늄라우릴설페이트, 소듐클로라이드, 향료, 솔비톨, 소듐벤조에이트, 페녹시에탄올, 리모넨, 시트릭애씨드, 다이소듐이디티에이, 에틸헥실글리세린, 리날룰, 에탄올, 프로필렌글라이콜, 부틸렌글라이콜, 오렌지추출물(1.3ppm), 라즈베리추출물, 생강추출물, 토코페롤, 키위추출물, 살구씨추출물, 자몽추출물(0.16ppm)",해피바스,해피바스_스마일 바디워시 900g
오리지널 컬렉션 머스크 바디워시 910g,https://www.amoremall.com/kr/ko/product/detail?onlineProdSn=54316,9889.0,910g,910.0,g,"정제수, 소듐라우레스설페이트, 코카미도프로필베타인, 솔비톨, 소듐클로라이드, 향료(화이트 머스크향 0.9%), 시트릭애씨드, 소듐벤조에이트, 페녹시에탄올, 폴리쿼터늄-7, 다이소듐이디티에이, 폴리쿼터늄-10, 덱스트린, 글리세린, 검정콩오일, 세라마이드엔피, 피토스핑고신, 하이드로제네이티드레시틴, 락토바실러스발효용해물, 카놀라오일, 로즈마리잎추출물",해피바스,해피바스_오리지널 컬렉션 머스크 바디워시 910g
오리지널 컬렉션 클린코튼 비누 4입,https://www.amoremall.com/kr/ko/product/detail?onlineProdSn=54611,11900.0,90g*4입,90.0,g,"소듐팔메이트, 소듐팜커넬레이트, 정제수, 팜커넬애씨드, 향료(클린코튼향 2.0%), 다이소듐라우릴설포석시네이트, 소듐클로라이드, 글리세린, 알파-아이소메틸아이오논, 벤질살리실레이트, 헥실신남알, 리날룰, 티타늄디옥사이드 (CI 77891), 테트라소듐이디티에이, 테트라소듐에티드로 네이트, 리모넨, 시트로넬올, 에티드로닉애씨드, 하이드 록시시트로넬알, 버지니아풍년화잎수, 라벤더꽃수, 폴리 쿼터늄-10, 프로판다이올, 캐모마일꽃추출물, 시트릭 애씨드, 페녹시에탄올, 베타-글루칸, 소듐벤조에이트, 포타슘솔베이트, 에틸헥실글리세린",해피바스,해피바스_오리지널 컬렉션 클린코튼 비누 4입
유황 소금 보들 바디워시 600g,https://www.amoremall.com/kr/ko/product/detail?onlineProdSn=60891,12857.0,600g,600.0,g,"정제수, 소듐C14-16올레핀설포네이트, 라우릭애씨드, 카프릴릴/카프릴글루코사이드, 코카마이드엠이에이, 라우릴하이드록시설테인, 소듐하이드록사이드, 향료, 소듐클로라이드, 살리실릭애씨드, 다이-C12-13알킬말레이트, 소듐메타포스페이트, 벤질살리실레이트, 미네랄솔트 (유황소금 500ppm), 온천수, 헥실신남알, 리모넨, 시트로넬올, 리날룰, 알파-아이소메틸아이오논, 맥아추출물, 피토스핑고신, 프로판다이올, 부틸렌글라이콜, 카프릴릭/카프릭트라이글리세라이드, 1,2-헥산다이올, 고추추출물, 베타-카로틴, 하이드로제네이티드레시틴, 에틸헥실글리세린, 토코페롤, 다이소듐이디티에이, 카프릴릴글라이콜, 인삼추출물, 하이드롤라이즈드홍삼사포닌, 소듐폴리아스파테이트, 소듐메틸스테아로일타우레이트",해피바스,해피바스_유황 소금 보들 바디워시 600g
마일드 클렌징폼 200g,https://www.amoremall.com/kr/ko/product/detail?onlineProdSn=36430,6806.0,200g,200.0,g,"정제수, 솔비톨, 미리스틱애씨드, 라우릴하이드록시설테인, 포타슘하이드록사이드, 라우릭애씨드, 소듐클로라이드, 아크릴레이트/C10-30알킬아크릴레이트크로스폴리머, 팔미틱애씨드, 스테아릭애씨드, 카올린, 폴리쿼터늄-7, 향료, 락틱애씨드, 티타늄디옥사이드 (CI 77891), 리모넨, 다이소듐이디티에이, 벤질살리실레이트, 피이지-14M, 리날룰, 제라니올, 쌀겨오일(100ppm), 소듐벤조에이트, 실리카, 비에이치티",해피바스,해피바스_마일드 클렌징폼 200g
스킨유 이노센트 로션 350g,https://www.amoremall.com/kr/ko/product/detail?onlineProdSn=54890,19882.0,350g,350.0,g,"정제수, 글리세린, 부틸렌글라이콜, 시어버터, 나이아신아마이드, 하이드로제네이티드폴리(C6-14올레핀), 다이메티콘, 펜타에리스리틸테트라에틸헥사노에이트, 1,2-헥산다이올, C14-22알코올, 세테아릴알코올, 세틸에틸헥사노에이트, 글리세릴스테아레이트, C12-20알킬글루코사이드, 향료(딥머스크향 0.3%), 글리세릴스테아레이트시트레이트, 카보머, 암모늄아크릴로일다이메틸타우레이트/브이피코폴리머, 글리세릴카프릴레이트, 트로메타민, 세테아릴글루코사이드, 에틸헥실글리세린, 다이소듐이디티에이, 아데노신, 리모넨, 글루타믹애씨드, 아스파틱애씨드, 알지닌, 판테놀, 소듐하이알루로네이트, 리날룰, 글루코오스, 벤질살리실레이트, 쿠마린, 펜틸렌글라이콜, 하이드록시시트로넬알, 머스크씨드추출물, 제라니올, 잔탄검, 하이드록시프로필사이클로덱스트린, 폴리쿼터늄-10, 토코페롤, 피씨에이, 락틱애씨드, 글라이신, 우레아, 소듐글리세로포스페이트, 세린, 포타슘마그네슘아스파테이트, 류신, 소듐클로라이드, 알라닌, 칼슘글루코네이트, 라이신, 마그네슘글루코네이트, 아세틸글루코사민, 프롤린, 트레오닌, 시트릭애씨드, 히스티딘, 페닐알라닌, 타이로신, 발린, 아이소류신, 크레아틴, 우릭애씨드, 시스테인, 메티오닌",해피바스,해피바스_스킨유 이노센트 로션 350g
오리지널 컬렉션 베이비파우더 비누 4입,https://www.amoremall.com/kr/ko/product/detail?onlineProdSn=54606,11900.0,90g*4,90.0,g,"소듐팔메이트, 소듐팜커넬레이트, 정제수, 팜커넬애씨드, 향료, 다이소듐라우릴설포석시네이트, 티타늄디옥사이드 (CI 77891), 소듐클로라이드, 글리세린, 알파-아이소메틸아이오논, 폴리쿼터늄-7, 시트로넬올, 테트라소듐이디티에이, 테트라소듐에티드로네이트, 에티드로닉애씨드, 하이드록시시트로넬알, 소듐벤조에이트, 돌콩오일, 부틸렌글라이콜, 바나나추출물, 사과추출물, 쌀추출물, 마시멜로뿌리추출물, 보리씨추출물, 페녹시에탄올, 말토덱스트린, 쌀겨추출물, 알로에베라잎추출물, 에틸헥실글리세린, 다이소듐이디티에이",해피바스,해피바스_오리지널 컬렉션 베이비파우더 비누 4입
티트리 아크네 클렌징폼 150g,https://www.amoremall.com/kr/ko/product/detail?onlineProdSn=27541,11800.0,150g,150.0,g,"글리세린, 정제수, 스테아릭애씨드, 미리스틱애씨드, 피이지-32, 팔미틱애씨드, 포타슘하이드록사이드, 라우릭애씨드, 변성알코올, 라우릴글루코사이드, 글리세릴스테아레이트, 피이지-100스테아레이트, 코카미도프로필베타인, 살리실릭애씨드(0.5%), 향료, 소듐클로라이드, 리모넨, 소듐벤조에이트, 티트리잎오일 (100ppm), 버지니아풍년화잎수, 마트리카리아꽃수, 부틸렌글라이콜, 1,2-헥산다이올, 시트릭애씨드, 포타슘솔베이트, 에틸헥실글리세린",해피바스,해피바스_티트리 아크네 클렌징폼 150g
오리지널 컬렉션 바디로션 500g,https://www.amoremall.com/kr/ko/product/detail?onlineProdSn=67128,9889.0,500g,500.0,g,"정제수, 부틸렌글라이콜, 글리세린, 해바라기씨오일, 시어버터, 카프릴릭/카프릭트라이글리세라이드, 폴리글리세릴-3메틸글루코오스다이스테아레이트, 다이메티콘, 세테아릴알코올, 향료(대나무향 0.4%), 1,2-헥산다이올, 글리세릴스테아레이트, 카보머, 잔탄검, 카프릴릴글라이콜, 글리세릴카프릴레이트, 에틸헥실글리세린, 포타슘하이드록사이드, 리모넨, 소듐메타포스페이트, 하이드록시시트로넬알, 시트로넬올, 헥실신남알, 리날룰, 판테놀, 제라니올, 토코페롤, 프로판다이올, 세라마이드엔피, 밤부사 불가리스추출물 600 ppb, 삼나무잎추출물, 소듐하이알루로네이트, 하이드롤라이즈드하이알루로닉애씨드, 소듐하이알루로네이트크로스폴리머, 하이알루로닉애씨드, 소듐아세틸레이티드하이알루로네이트",해피바스,해피바스_오리지널 컬렉션 바디로션 500g
스킨유 이노센트 딥 머스크 바디오일&괄사 증정 기획 130ml,https://www.amoremall.com/kr/ko/product/detail?onlineProdSn=64527,22874.0,130ml+괄사,130.0,ml,"해바라기씨오일, 카프릴릭/카프릭트라이글리세라이드, 에틸헥실스테아레이트, 코코-카프릴레이트/카프레이트, 옥틸도데실미리스테이트, 다이카프릴릴카보네이트, 부틸렌글라이콜다이카프릴레이트/다이카프레이트, 데실코코에이트, 향료(딥머스크향 0.5%), 시어버터, 리모넨, 호호바씨오일, 녹차씨오일, 리날룰, 벤질살리실레이트, 쿠마린, 하이드록시시트로넬알, 토코페롤, 제라니올, 시트로넬올, 정제수, 부틸렌글라이콜, 시트릭애씨드, 펜틸렌글라이콜, 암브레트추출물, 잔탄검",해피바스,해피바스_스킨유 이노센트 딥 머스크 바디오일&괄사 증정 기획 130ml
두보레 장미 에센스 비누 4입,https://www.amoremall.com/kr/ko/product/detail?onlineProdSn=17937,7899.0,100g*4 (수분포함중량),100.0,g,"소듐팔메이트, 소듐팜커넬레이트, 정제수, 팜커넬애씨드, 향료(장미향1.2%), 소듐클로라이드, 티타늄디옥사이드 (CI 77891), 다이소듐코코암포다이아세테이트, 폴리쿼터늄-6, 글리세린, 올리브오일, 에티드로닉애씨드, 벤질살리실레이트, 테트라소듐이디티에이, 테트라소듐에티드로네이트, 벤질벤조에이트, 부틸렌글라이콜, 알파-아이소메틸아이오논, 시트로넬올, 리날룰, 헥실신남알, 제라니올, 프로방스장미꽃추출물",해피바스,해피바스_두보레 장미 에센스 비누 4입
두보레 후리지아 에센스 비누 4입,https://www.amoremall.com/kr/ko/product/detail?onlineProdSn=59633,7899.0,100g*4 (수분포함중량),100.0,g,"소듐팔메이트, 소듐팜커넬레이트, 정제수, 팜커넬애씨드, 향료(후리지아향1%), 소듐클로라이드, 티타늄디옥사이드 (CI 77891), 다이소듐코코암포다이아세테이트, 폴리쿼터늄-6, 글리세린, 올리브오일, 리날룰, 에티드로닉애씨드, 헥실신남알, 테트라소듐이디티에이, 테트라소듐에티드로네이트, 시트로넬올, 에탄올, 부틸렌글라이콜, 국화추출물, 페녹시에탄올, 에틸헥실글리세린",해피바스,해피바스_두보레 후리지아 에센스 비누 4입
마이크로 클린 솝베리 클렌징폼 150g,https://www.amoremall.com/kr/ko/product/detail?onlineProdSn=27442,11695.0,150g,150.0,g,"정제수, 글리세린, 미리스틱애씨드, 라우릭애씨드, 포타슘하이드록사이드, 스테아릭애씨드, 라우릴하이드록시설테인, 팔미틱애씨드, 글라이콜다이스테아레이트, 글리세릴스테아레이트, 피이지-100스테아레이트, 소듐클로라이드, 살리실릭애씨드, 향료, 폴리쿼터늄-7, 소듐메타포스페이트, 리날룰, 헥실신남알, 소듐벤조에이트, 판테놀, 씨솔트, 덱스트린, 락토바실러스발효용해물, 실리카, 카올린, 부틸렌글라이콜, 락틱애씨드/글라이콜릭애씨드코폴리머, 사이클로덱스트린, 프로테아제, 1,2-헥산다이올, 폴리쿼터늄-10, 트리리프솝베리열매추출물 (0.45 ppm)",해피바스,해피바스_마이크로 클린 솝베리 클렌징폼 150g
스킨유 프래그런스 핸드크림 50ml,https://www.amoremall.com/kr/ko/product/detail?onlineProdSn=57832,11978.0,50ml,50.0,ml,"정제수, 세틸에틸헥사노에이트, 부틸렌글라이콜, 글리세린, 시어버터, 다이메티콘, 글리세릴스테아레이트, 폴리글리세릴-3메틸글루코오스다이스테아레이트, 스쿠알란, 세테아릴알코올, 글리세릴스테아레이트시트레이트, 하이드록시프로필스타치포스페이트, 1,2-헥산다이올, 폴리메틸실세스퀴옥세인, 향료(딥머스크향 1.0%), 카나우바왁스, 하이드록시에틸아크릴레이트/소듐아크릴로일다이메틸타우레이트코폴리머, 베타인, 글리세릴카프릴레이트, 다이소듐이디티에이, 에틸헥실글리세린, 리모넨, 리날룰, 벤질살리실레이트, 솔비탄아이소스테아레이트, 쿠마린, 카카오씨버터, 야자씨버터, 하이드록시시트로넬알, 제라니올, 펜틸렌글라이콜, 머스크씨드추출물, 시트로넬올, 폴리쿼터늄-10, 잔탄검, 하이드록시프로필사이클로덱스트린, 토코페롤",해피바스,해피바스_스킨유 프래그런스 핸드크림 50ml
두보레 백합 에센스 비누 4입,https://www.amoremall.com/kr/ko/product/detail?onlineProdSn=59233,7899.0,100g*4 (수분포함중량),100.0,g,"소듐팔메이트, 소듐팜커넬레이트, 정제수, 팜커넬애씨드, 향료(백합향1%), 소듐클로라이드, 티타늄디옥사이드 (CI 77891), 다이소듐코코암포다이아세테이트, 폴리쿼터늄-6, 글리세린, 올리브오일, 에티드로닉애씨드, 신남알, 시트로넬올, 테트라소듐이디티에이, 테트라소듐에티드로네이트, 리날룰, 벤질벤조에이트, 프로필렌글라이콜, 마돈나백합비늘줄기추출물, 벤질살리실레이트",해피바스,해피바스_두보레 백합 에센스 비누 4입
히알루론 클렌징 폼 200g,https://www.amoremall.com/kr/ko/product/detail?onlineProdSn=63464,4900.0,200g,200.0,g,"정제수, 글리세린, 스테아릭애씨드, 미리스틱애씨드, 팔미틱애씨드, 포타슘하이드록사이드, 라우릭애씨드, 피이지 -32, 글리세릴스테아레이트, 피이지-100스테아레이트, 향료, 리모넨,녹차수, 부틸렌글라이콜, 프로판다이올, 소듐하이알루로네이트(3ppm), 1,2-헥산다이올, 하이드롤라이즈드하이알루로닉애씨드(0.5ppm), 소듐하이알루로네이트크로스폴리머(0.2ppm), 하이알루로닉애씨드(0.1ppm), 에틸헥실글리세린, 다이소듐이디티에이, 소듐아세틸레이티드하이알루로네이트(0.01ppm)",해피바스,해피바스_히알루론 클렌징 폼 200g
오리지널 컬렉션 체리블로섬 비누 4입,https://www.amoremall.com/kr/ko/product/detail?onlineProdSn=54610,11900.0,90g*4입,90.0,g,"소듐팔메이트, 소듐팜커넬레이트, 정제수, 팜커넬애씨드, 향료(체리블로섬향 2.0%), 다이소듐라우릴설포석시네이트, 소듐클로라이드, 글리세린, 알파-아이소메틸아이오논, 헥실신남알, 티타늄디옥사이드 (CI 77891), 테트라소듐이디티에이, 테트라소듐에티드로네이트, 리날룰, 에티드로닉애씨드, 하이드록시시트로넬알, 시트로넬올, 버지니아풍년화잎수, 라벤더꽃수, 폴리쿼터늄-10, 프로판다이올, 캐모마일꽃추출물, 시트릭애씨드, 페녹시에탄올, 베타-글루칸, 소듐벤조에이트, 포타슘솔베이트, 에틸헥실글리세린",해피바스,해피바스_오리지널 컬렉션 체리블로섬 비누 4입
오리지널 컬렉션 오리지널 비누 4입,https://www.amoremall.com/kr/ko/product/detail?onlineProdSn=54607,11900.0,90g*4입,90.0,g,"소듐팔메이트, 소듐팜커넬레이트, 정제수, 팜커넬애씨드, 향료, 다이소듐라우릴설포석시네이트, 티타늄디옥사이드 (CI 77891), 소듐클로라이드, 글리세린, 헥실신남알, 벤질벤조에이트, 폴리쿼터늄-7, 리날룰, 테트라소듐이디티에이, 테트라소듐에티드로네이트, 에티드로닉애씨드, 리모넨, 소듐벤조에이트, 돌콩오일, 부틸렌글라이콜, 바나나추출물, 사과추출물, 쌀추출물, 마시멜로뿌리추출물, 보리씨추출물, 페녹시에탄올, 말토덱스트린, 쌀겨추출물, 알로에베라잎추출물, 에틸헥실글리세린, 다이소듐이디티에이",해피바스,해피바스_오리지널 컬렉션 오리지널 비누 4입
스킨유 이노센트 딥머스크 앰플 미스트 150ml,https://www.amoremall.com/kr/ko/product/detail?onlineProdSn=65907,19895.0,150ml,150.0,ml,"정제수, 글루코노락톤, 다이메티콘, 나이아신아마이드, 트로메타민, 카프릴릭/카프릭트라이 글리세라이드, 다마스크장미꽃수, 1,2-헥산다이올, 글리세린, 에틸헥실스테아레이트, 펜틸 렌글라이콜, 향료(딥머스크향0.4%), 해바라기씨오일, 에틸헥실글리세린, 부틸렌글라이콜, 폴리솔베이트20, 당근추출물, 소듐메타포스페이트, 리모넨, 락토바실러스발효용해물, 리날룰, 벤질살리실레이트, 쿠마린, 하이드록시시트로넬알, 프로판다이올, 제라니올, 덱스트린, 시트 로넬올, 베타-카로틴, 달맞이꽃오일, 하이드롤라이즈드익스텐신, 토코페롤, 사이클로덱스 트린, 하이드롤라이즈드식물성단백질, 프로테아제, 암브레트추출물, 잔탄검",해피바스,해피바스_스킨유 이노센트 딥머스크 앰플 미스트 150ml
퍼퓸부티크 바디&헤어 미스트 200ml,https://www.amoremall.com/kr/ko/product/detail?onlineProdSn=64256,17865.0,200ml,200.0,ml,"변성알코올, 정제수, 향료, 메틸프로판다이올, C12-14알케스-12, 부틸렌글라이콜, 다이프로필렌글라이콜, 리모넨, 리날룰, 에틸헥실글리세린, 헥실신남알, 시트로넬올, 제라니올, 하이드록시시트로넬알, 쿠마린, 유제놀, 시트랄, 1,2-헥산다이올, 연꽃추출물, 콜라겐, 커먼자스민꽃추출물, 프로방스장미꽃추출물, 마돈나백합비늘줄기추출물, 프리지아추출물, 나팔수선화추출물, 에델바이스추출물, 다마스크장미꽃추출물, 작약꽃추출물, 하이알루로닉애씨드, 하이드롤라이즈드하이알루로닉애씨드, 소듐하이알루로네이트",해피바스,해피바스_퍼퓸부티크 바디&헤어 미스트 200ml
퍼펙트 딥 씨솔트 클렌징폼 150g,https://www.amoremall.com/kr/ko/product/detail?onlineProdSn=27436,11800.0,150g,150.0,g,"정제수, 글리세린, 스테아릭애씨드, 미리스틱애씨드, 팔미틱애씨드, 포타슘하이드록사이드, 라우릭애씨드, 피이지-32, 마이크로크리스탈린셀룰로오스, 글리세릴스테아레이트, 피이지-100스테아레이트, 향료, 리모넨, 시트로넬올, 시트릭애씨드, 씨솔트(100ppm), 해수, 프로판다이올, 1,2-헥산다이올, 에틸헥실글리세린, 다이소듐이디티에이",해피바스,해피바스_퍼펙트 딥 씨솔트 클렌징폼 150g
스킨유 이노센트 스크럽 450g,https://www.amoremall.com/kr/ko/product/detail?onlineProdSn=58237,23690.0,450g,450.0,g,"수크로오스, 글리세린, 하이드레이티드실리카, 폴리솔베이트20, 하이드로제네이티드폴리(C6-14올레핀), 향료(딥머스크향2%), 폴리솔베이트60, 살리실릭애씨드, 리모넨, 옥수수전분, 마이크로크리스탈린셀룰로오스, 락토오스, 리날룰, 벤질살리실레이트, 쿠마린, 하이드록시시트로넬알, 글루타믹애씨드,아 스파틱애씨드, 알지닌, 정제수, 판테놀, 부틸렌글라이콜 ,시트릭애씨드, 토코페릴아세테이트, 폴리쿼터늄-10, 토코페롤, 1,2-헥산다이올, 하이드록시프로필사이클로덱스트린, 펜틸렌글라이콜, 암브레트추출물, 잔탄검, 에틸헥실글리세린, 다이소듐이디티에이, 피씨에이, 락틱애씨드, 글루코오스, 글라이신, 우레아, 소듐글리세로포스페이트, 세린, 포타슘마그네슘아스파테이트, 류신, 소듐클로라이드, 알라닌, 칼슘글루코네이트, 라이신, 마그네슘글루코네이트, 아세틸글루코사민, 프롤린, 트레오닌, 히스티딘, 페닐알라닌, 타이로신, 발린, 아이소류신, 크레아틴, 우릭애씨드, 시스테인, 메티오닌",해피바스,해피바스_스킨유 이노센트 스크럽 450g
제로퍼센트 저자극 버블핸드워시 + 필쏘굿 풋샴푸,https://www.amoremall.com/kr/ko/product/detail?onlineProdSn=67034,19714.0,[제로퍼센트 저자극 버블핸드워시] 500ml / [필쏘굿 풋샴푸] 500ml,500.0,ml,"[제로퍼센트 저자극 버블핸드워시] 정제수, 글리세린, 라우릴베타인, 다이프로필렌글라이콜, 1,2-헥산다이올, 카프릴릴글라이콜, 시트릭애씨드, 다이소듐이디티에이, 에틸헥실글리세린, 토코페롤 / [필쏘굿 풋샴푸] 정제수, 라우릭애씨드, 변성알코올, 포타슘하이드록사이드, 미리스틱애씨드, 라우릴하이드록시설테인, 향료, 멘톨, 소듐클로라이드, 스테아릭애씨드, 팔미틱애씨드, 리모넨, 폴리쿼터늄-7, 리날룰, 하이드록시시트로넬알, 알파아이소메틸아이오논, 소듐벤조에이트, 락틱애씨드, 프로판다이올, 하이드 록시프로필사이클로덱스트린, 시트릭애씨드, 글라이콜릭애씨드, 소듐하이 알루로네이트, 1,2-헥산다이올, 하이드롤라이즈드하이알루로닉애씨드, 소듐 하이알루로네이트크로스폴리머, 하이알루로닉애씨드, 에틸헥실글리세린, 소듐메타포스페이트, 소듐아세틸레이티드하이알루로네이트",해피바스,해피바스_제로퍼센트 저자극 버블핸드워시 + 필쏘굿 풋샴푸
필쏘굿 시카 진정 수분 선크림 80ml,https://www.amoremall.com/kr/ko/product/detail?onlineProdSn=65589,10879.0,80ml,80.0,ml,"정제수, 에칠헥실메톡시신나메이트, 옥토크릴렌, 에칠 헥실살리실레이트, 디에칠아미노하이드록시벤조일헥실벤조 에이트, 실리카, 비스-에칠헥실옥시페놀메톡시페닐트리아진, 나이아신아마이드, 다이프로필렌글라이콜, 부틸렌글라이콜, 프로판다이올, 비스-피이지/피피지-20/5피이지/피피지-20/5 다이메티콘, 메톡시피이지/피피지-25/4다이메티콘, 판테놀, 카프릴릴글라이콜, 쇠비름추출물, 카프릴릭/카프릭트라이글리 세라이드, 다이메티콘, 아크릴레이트/C10-30알킬아크릴레이 트크로스폴리머, 에틸헥실글리세린, 트로메타민, 향료, 1,2-헥산 다이올, 펜타에리스리틸테트라-다이-T-부틸하이드록시하이 드로신나메이트, 아데노신, 다이소듐이디티에이, 소듐하이알 루로네이트, 하이알루로닉애씨드, 하이드롤라이즈드하이알루 로닉애씨드, 판토락톤, 펜틸렌글라이콜, 알로에베라잎추출물, 마데카소사이드(10ppm), 녹차수, 병풀추출물(10ppm), 데실글 루코사이드, 병풀꽃/잎/줄기추출물(3.125ppm)",해피바스,해피바스_필쏘굿 시카 진정 수분 선크림 80ml
필쏘굿 시카 진정 선 미스트 80ml,https://www.amoremall.com/kr/ko/product/detail?onlineProdSn=65588,12824.0,80ml,80.0,ml,"에탄올, 호모살레이트, 아이소도데케인, 옥토크릴렌, 에칠헥실살리실레이트, 부틸 메톡시디벤조일메탄, 정제수, 에칠헥실 트리아존, 향료, 탄산수, 녹차수, 프로판 다이올, 1,2-헥산다이올, 부틸렌글라이콜, 병풀꽃/잎/줄기추출물(3.125ppm), 에틸 헥실글리세린, 다이소듐이디티에이, 알로 에베라잎추출물",해피바스,해피바스_필쏘굿 시카 진정 선 미스트 80ml
쏘 캄 트래블 3종 세트,https://www.amoremall.com/kr/ko/product/detail?onlineProdSn=60444,32500.0,[리퀴드솝] 100ml / [바디로션] 100ml / [핸드크림] 30ml,100.0,ml,"[리퀴드솝] 정제수, 부틸렌글라이콜, 글리세린, 트라이에틸헥사노인, 부틸렌글라이콜다이카프릴레이트/다이카프레이트, 세테아릴알코올, 펜타에리스리틸테트라에틸헥사노에이트, 나이아신아마이드, 시어버터, 1,2-헥산다이올, 글리세릴스테아레이트, 향료, 다이메티콘, 하이드로제네이티드레시틴, 트라이실록세인, 카보머, 스테아릭애씨드, 트로메타민, 팔미틱애씨드, 글리세릴카프릴레이트, 다이소듐이디티에이, 에틸헥실글리세린, 벤질벤조에이트, 리날룰, 리모넨, 쿠마린, 달맞이꽃오일, 알파-아이소메틸아이오논, 헥실신남알, 제라니올, 벤질살리실레이트, 하이드록시시트로넬알, 미리스틱애씨드, 아라키딕애씨드, 토코페롤 / [바디로션] 정제수, 부틸렌글라이콜, 글리세린, 펜타에리스리틸테트라에틸헥사노에이트, 하이드로제네이티드폴리(C6-14올레핀), 시어버터, 폴리글리세릴-3메틸글루코오스다이스테아레이트, 1,2-헥산다이올, 향료, 하이드록시에틸아크릴레이트/소듐아크릴로일다이메틸타우레이트코폴리머, 글리세릴스테아레이트, 카보머, 세테아릴알코올, 글리세릴스테아레이트시트레이트, 하이드로제네이티드식물성오일, 스테아릭애씨드, 트로메타민, 잔탄검, 글리세릴카프릴레이트, 팔미틱애씨드, 다이소듐이디티에이, 에틸헥실글리세린, 벤질벤조에이트, 리날룰, 솔비탄아이소스테아레이트, 리모넨, 달맞이꽃오일, 쿠마린, 알파-아이소메틸아이오논, 헥실신남알, 제라니올, 벤질살리실레이트, 하이드록시시트로넬알, 토코페롤 / [핸드크림] 정제수, 부틸렌글라이콜, 글리세린, 트라이에틸헥사노인, 부틸렌글라이콜다이카프릴레이트/다이카프레이트, 세테아릴알코올, 펜타에리스리틸테트라에틸헥사노에이트, 나이아신아마이드, 시어버터, 1,2-헥산다이올, 글리세릴스테아레이트, 향료, 다이메티콘, 하이드로제네이티드레시틴, 트라이실록세인, 카보머, 스테아릭애씨드, 트로메타민, 팔미틱애씨드, 글리세릴카프릴레이트, 다이소듐이디티에이, 에틸헥실글리세린, 벤질벤조에이트, 리날룰, 리모넨, 쿠마린, 달맞이꽃오일, 알파-아이소메틸아이오논, 헥실신남알, 제라니올, 벤질살리실레이트, 하이드록시시트로넬알, 미리스틱애씨드, 아라키딕애씨드, 토코페롤""",온호프,온호프_쏘 캄 트래블 3종 세트
홀리추얼 래디언스 리설페이싱 필 12매,https://www.amoremall.com/kr/ko/product/detail?onlineProdSn=31333,48000.0,12매 (1회분 3ml X 2매),12.0,매,"[스텝1] 정제수, 부틸렌글라이콜, 글루코노락톤, 다이프로필렌글라이콜, 트로메타민, 1,2-헥산다이올·폴리솔베이트80, 토코페릴아세테이트, 에틸헥실글리세린, 다이소듐이디티에이, 향료, 리모넨, 얼룩파인애플추출물, 리날룰, 글리세린, 제라니올, 파파야열매추출물, 하이드로제네이티드레시틴, 폴리글리세릴-10스테아레이트, 판테놀, 소듐아스코빌포스페이트, 나이아신아마이드, 바이오틴, 폴릭애씨드, 피리독신, 토코페롤, 사이아노코발아민, 베타-카로틴, 이노시톨, 리놀레익애씨드, 리보플라빈, 티아민에이치씨엘 [스텝2] 정제수, 부틸렌글라이콜, 글리세린, 1,2-헥산다이올, 폴리글리세릴-10미리스테이트, 트레할로오스, 에틸헥실글리세린, 아데노신, 다이소듐이디티에이, 트로메타민, 향료, 리모넨, 암모늄아크릴로일다이메틸타우레이트/브이피코폴리머, 메틸메타크릴레이트/아크릴로나이트릴코폴리머, 리날룰, 흑효모발효물, 제라니올, 레스베라트롤, 비피다발효용해물, 소듐하이알루로네이트, 락토코쿠스발효용해물, 에델바이스캘러스배양추출물, 카퍼트라이펩타이드-1, 팔미토일펜타펩타이드-4, 트라이펩타이드-1, 다이펩타이드-2, 올리고펩타이드-1",홀리추얼,홀리추얼_홀리추얼 래디언스 리설페이싱 필 12매
홀리추얼 코어 리프트 액티베이팅 세럼 140ml,https://www.amoremall.com/kr/ko/product/detail?onlineProdSn=31334,105000.0,더 보기,,,"정제수, 프로판다이올, 글리세린, 폴리글리세린-3, 글리세릴폴리메타크릴레이트, 1,2-헥산다이올, 피이지-8, 피이지-7글리세릴코코에이트, 폴리솔베이트20, 아크릴레이트/C10-30알킬아크릴레이트크로스폴리머, 하이드록시에틸아크릴레이트/소듐아크릴로일다이메틸타우레이트코폴리머, 트로메타민, 글리세릴카프릴레이트, 만니톨, 하이드롤라이즈드콜라겐, 에틸헥실글리세린, 아데노신, 부틸렌글라이콜, 향료, 리모넨, 다이소듐이디티에이, 리날룰, 솔비탄아이소스테아레이트, 메틸메타크릴레이트/아크릴로나이트릴코폴리머, 금, 제라니올, 흑효모발효물, 레스베라트롤, 마그네슘설페이트, 칼슘클로라이드, 아세틸테트라펩타이드-11, 망가니즈설페이트, 토코페롤, 퀴노아씨추출물, 징크설페이트, 아스코빌글루코사이드",홀리추얼,홀리추얼_홀리추얼 코어 리프트 액티베이팅 세럼 140ml
홀리추얼 울트라 너리싱 어드밴스드 크림,https://www.amoremall.com/kr/ko/product/detail?onlineProdSn=62681,220000.0,더 보기,,,"정제수, 트라이에틸헥사노인, 글리세린, 부틸렌글라이콜, 스쿠알란, 세틸에틸헥사노에이트, 펜타에리스리틸테트라에틸헥사노에이트, 다이메티콘, 글리세릴스테아레이트, 폴리글리세릴-3메틸글루코오스다이스테아레이트, 나이아신아마이드, 트라이실록세인, 피이지-100스테아레이트, 세테아릴알코올, 다이아이소스테아릴말레이트, 펜타에리스리틸다이스테아레이트, 1,2-헥산다이올, 베헤닐알코올, 하이드록시에틸아크릴레이트/소듐아크릴로일다이메틸타우레이트코폴리머, 향료, 카프릴릴글라이콜, 소듐메타포스페이트, 글리세릴카프릴레이트, 엑토인, 해바라기씨오일, 소듐폴리아크릴레이트, 솔비탄아이소스테아레이트, 폴리솔베이트60, 아데노신, 당근추출물, 알파-아이소메틸아이오논, 시트로넬올, 리날룰, 덱스트린, 카카오추출물, 하이드록시시트로넬알, 헥실신남알, 합성왁스, 제라니올, 리모넨, 에틸헥실글리세린, 다이소듐이디티에이, 베타-카로틴, 하이드로제네이티드레시틴, 판테놀, 폴리글리세릴-10스테아레이트, 토코페롤, 세라마이드엔피, 콜레스테롤, 사프란암술머리추출물, 스테아릭애씨드, 팔미틱애씨드",홀리추얼,홀리추얼_홀리추얼 울트라 너리싱 어드밴스드 크림
홀리추얼 엘리멘탈 스무딩 로션 110ml,https://www.amoremall.com/kr/ko/product/detail?onlineProdSn=47255,55000.0,110ml,110.0,ml,"정제수, 글리세린, 프로판다이올, 부틸렌글라이콜, 다이카프릴릴에터, 1,2-헥산다이올, 비스-하이드록시에톡시프로필다이메티콘, 하이드로제네이티드폴리아이소부텐, 트로메타민, 카보머, 아크릴레이트/C10-30알킬아크릴레이트크로스폴리머, 수크로오스스테아레이트, 피씨에이다이메티콘, 만니톨, 세테아릴올리베이트, 에틸헥실글리세린, 다이소듐이디티에이, 솔비탄올리베이트, 잔탄검, 향료, 폴리메틸실세스퀴옥세인, 소듐스테아로일글루타메이트, 리모넨, 리날룰, 판테놀, 흑효모발효물, 제라니올, 베타-글루칸, 토코페롤, 설퍼콜로이드, 아세틸테트라펩타이드-11, 하이드롤라이즈드콜라겐",홀리추얼,홀리추얼_홀리추얼 엘리멘탈 스무딩 로션 110ml
홀리추얼 릴랙스드 풋 트리트먼트 크림 130ml,https://www.amoremall.com/kr/ko/product/detail?onlineProdSn=63957,35000.0,넉넉했어요,,,"정제수, 우레아, 부틸렌글라이콜, 피마자씨오일, 글리세린, 변성알코올, 세테아릴알코올, 하이드로제네이티드폴리아이소부텐, 펜타에리스리틸테트라에틸헥사노에이트, 메틸트라이메티콘, 글리세릴스테아레이트, 소듐락테이트, 암모늄아크릴로일다이메틸타우레이트/브이피코폴리머, 피이지-100스테아레이트, 베타인, 1,2-헥산다이올, 하이드로제네이티드캐스터오일, 폴리아크릴레이트-13, 락틱애씨드, 비즈왁스, 폴리아이소부텐, 향료, 리모넨, 카나우바왁스, 리날룰, 카페인, 세테아릴글루코사이드, 알란토인, 글리세릴카프릴레이트, 소듐메타포스페이트, 에틸헥실글리세린, 폴리솔베이트20, 솔비탄아이소스테아레이트, 페퍼민트오일, 제라니올, 흰버드나무껍질추출물, 시트릭애씨드, 글루코노락톤, 해바라기씨오일, 시트로넬올, 시트랄, 프로판다이올, 자일리톨, 삼나무잎추출물, 녹나무잎추출물, 로얄젤리추출물, 토코페롤, 프로폴리스추출물, 은행나무잎추출물",홀리추얼,홀리추얼_홀리추얼 릴랙스드 풋 트리트먼트 크림 130ml
홀리추얼 리디파이닝 클렌징 밀크 200ml,https://www.amoremall.com/kr/ko/product/detail?onlineProdSn=64817,46000.0,200ml,200.0,ml,"정제수, 글리세린, C18-21알케인, 데실코코에이트, 카프릴릭/카프릭트라이글리세라이드, 아이소도데케인, 라우릴글루코사이드, 해바라기씨오일, 1,2-헥산다이올, 하이드레이티드실리카, 폴리글리세릴-6라우레이트, C14-22알코올, 솔비탄세스퀴올리에이트, 미리스틸글루코사이드, 암모늄아크릴로일다이메틸타우레이트/브이피코폴리머, C12-20알킬글루코사이드, 잔탄검, 향료, 아크릴레이트/C10-30알킬아크릴레이트크로스폴리머, 벤질살리실레이트, 에틸헥실글리세린, 시트릭애씨드, 리날룰, 유제놀, 쌀겨오일, 글루타티온, 프로판다이올, 소듐하이알루로네이트, 토코페롤, 카프릴릴글라이콜, 하이드롤라이즈드하이알루로닉애씨드, 아세틸헵타펩타이드-4, 소듐하이알루로네이트크로스폴리머, 하이알루로닉애씨드, 아세틸헥사펩타이드-8, 소듐하이드록사이드, 소듐아세틸레이티드하이알루로네이트, 아세틸옥타펩타이드-3",홀리추얼,홀리추얼_홀리추얼 리디파이닝 클렌징 밀크 200ml
홀리추얼 마이크로 밸런싱 에센스 150ml,https://www.amoremall.com/kr/ko/product/detail?onlineProdSn=39994,52000.0,150ml,150.0,ml,"정제수, 부틸렌글라이콜, 프로판다이올, 1,2-헥산다이올, 글리세린, 피피지-13-데실테트라데세스-24, 에탄올, 에틸헥실글리세린, 아데노신, 다이소듐이디티에이, 소듐하이알루로네이트, 향료, 리모넨, 라피노오스, 효모/보리씨발효여과물, 락토바실러스발효용해물, 리날룰, 제라니올, 흑효모발효물, 토코페롤, 베타-글루칸",홀리추얼,홀리추얼_홀리추얼 마이크로 밸런싱 에센스 150ml
홀리추얼 컨센트레이트 시그니처 크림 라이트 80ml,https://www.amoremall.com/kr/ko/product/detail?onlineProdSn=39995,98000.0,80ml,80.0,ml,"정제수, 시어버터, 글리세린, 프로판다이올, 메틸트라이메티콘, 펜타에리스리틸테트라에틸헥사노에이트, 부틸렌글라이콜, 녹차씨오일, 1,2-헥산다이올, 스쿠알란, 메도우폼씨오일, 소듐카보머, 하이드로제네이티드레시틴, 피토스테릴/베헤닐/옥틸도데실라우로일글루타메이트, 토코페롤, 세라마이드엔피, 콜레스테롤, 잔탄검, 글리세릴카프릴레이트, 스테아릭애씨드, 향료, 리모넨, 에틸헥실글리세린, 리날룰, 아데노신, 팔미틱애씨드, 메틸메타크릴레이트/아크릴로나이트릴코폴리머, 제라니올, 흑효모발효물, 시트로넬올, 시트랄, 레스베라트롤, 해수, 소듐하이알루로네이트, 미역추출물, 하이드롤라이즈드하이알루로닉애씨드, 시트릭애씨드, 소듐하이알루로네이트크로스폴리머, 하이알루로닉애씨드, 소듐아세틸레이티드하이알루로네이트, 다이소듐이디티에이",홀리추얼,홀리추얼_홀리추얼 컨센트레이트 시그니처 크림 라이트 80ml
홀리추얼 피토 리쥬브네이팅 컨센트레이트 30ml,https://www.amoremall.com/kr/ko/product/detail?onlineProdSn=47176,70000.0,30 ml,30.0,ml,"정제수, 부틸렌글라이콜, 자일리톨, 글리세린, 만니톨, 솔비톨, 1,2-헥산다이올, 피피지-13-데실테트라데세스-24, 잔탄검, 에틸헥실글리세린, 폴리글리세릴-6카프릴레이트, 폴리글리세릴-4카프레이트, 아데노신, 향료, 다이소듐이디티에이, 덱스트린, 카카오추출물, 석류추출물, 프로판다이올, 은행나무잎추출물, 삼나무잎추출물, 녹나무잎추출물, 카프릴릴글라이콜, 토코페롤, 아세틸헵타펩타이드-4, 석류나무꽃추출물, 아세틸헥사펩타이드-8, 소듐하이드록사이드, 아세틸옥타펩타이드-3",홀리추얼,홀리추얼_홀리추얼 피토 리쥬브네이팅 컨센트레이트 30ml
홀리추얼 울트라 너리싱 어드밴스드 에멀전 120ml,https://www.amoremall.com/kr/ko/product/detail?onlineProdSn=66972,82000.0,120ml,120.0,ml,"정제수, 프로판다이올, 하이드로제네이티드폴리아이소부텐, 글리세린, 펜타에리스리틸테트라에틸헥사노에이트, 다이메티콘, 다이아이소스테아릴말레이트, 나이아신아마이드, 폴리글리세린-3, 1,2-헥산다이올, 피이지-60글리세릴아이소스테아레이트, 세테아릴알코올, 알지닌, 아스파틱애씨드, 글루타믹애씨드, 엑토인, 서양톱풀추출물, 소듐하이알루로네이트, 하이드롤라이즈드하이알루로닉애씨드, 소듐하이알루로네이트크로스폴리머, 하이알루로닉애씨드, 소듐아세틸레이티드하이알루로네이트, 사프란암술머리추출물, 다이메티콘/비닐다이메티콘크로스폴리머, 시어버터, 세테아릴글루코사이드, 글리세릴스테아레이트시트레이트, 하이드록시에틸아크릴레이트/소듐아크릴로일다이메틸타우레이트코폴리머, 팔미틱애씨드, 스테아릭애씨드, 베헤닐알코올, 카보머, 부틸렌글라이콜, 에틸헥실글리세린, 글리세릴카프릴레이트, 트로메타민, 향료, 아데노신, 다이메티콘올, 펜틸렌글라이콜, 소듐메타포스페이트, 솔비탄아이소스테아레이트, 폴리솔베이트60, 잔탄검, 알파-아이소메틸아이오논, 시트로넬올, 리날룰, 토코페롤, 서양유채씨오일",홀리추얼,홀리추얼_홀리추얼 울트라 너리싱 어드밴스드 에멀전 120ml
홀리추얼 뉴트리 엘릭서 미스트 홀리데이 기획 세트,https://www.amoremall.com/kr/ko/product/detail?onlineProdSn=67603,58000.0,[뉴트리 엘릭서 미스트] 140ml [시그니처 센티드 핸드크림] 30ml,140.0,ml,"[홀리추얼 뉴트리 엘릭서 미스트] 정제수, 글리세린, 프로판다이올, 메틸프로판다이올, 나이아신아마이드, 다이페닐다이메티콘, 1,2-헥산다이올, 베타인, 트라이에틸헥사노인, C12-14알케스-12, 폴리글리세릴-10 올리에이트, 하이드로제네이티드레시틴, 폴리글리세린-3, 트레할로오스, 에틸헥실글리세린, 아데노신, 향료, 판테놀, 베타-글루칸, 리날룰, 리모넨, 말토덱스트린, 하이드롤라이즈드아카시아마크로스타키아씨 추출물, 부틸렌글라이콜, 카카두플럼추출물, 연꽃추출물, 커먼자스민꽃추출물, 마돈나백합비늘줄기추출물, 프리지어추출물, 나팔수선화추출물, 에델바이스추출물, 다마스크장미꽃추출물 [홀리추얼 시그니처 센티드 핸드크림] 정제수, 부틸렌글라이콜, 하이드로제네이티드폴리(C6-14올레핀), 글리 세린, 세틸에틸헥사노에이트, 펜타에리스리틸테트라에틸헥사노에이트, 시어버터, 글리세릴스테아레이트시 트레이트, 나이아신아마이드, 세테아릴알코올, 1,2-헥산다이올, 폴리글리세릴-3메틸글루코오스다이스테 아레이트, 하이드록시에틸아크릴레이트/소듐아크릴로일다이메틸타우레이트코폴리머, 하이드록시프로필스 타치포스페이트, 카프릴릴글라이콜, 향료, 리모넨, 에틸헥실글리세린, 리날룰, 아데노신, 소듐메타포스페이 트, 솔비탄아이소스테아레이트, 폴리솔베이트60, 제라니올, 스쿠알란, 아르간커넬오일, 호호바씨오일, 펜틸 렌글라이콜, 커먼자스민꽃추출물, 시트로넬올, 시트랄, 비터오렌지꽃추출물, 토코페롤, 마돈나백합꽃추출물",홀리추얼,홀리추얼_홀리추얼 뉴트리 엘릭서 미스트 홀리데이 기획 세트
홀리추얼  릴랙스드 풋 트리트먼트 크림 듀오 SET,https://www.amoremall.com/kr/ko/product/detail?onlineProdSn=67391,70000.0,130ml*2,130.0,ml,"정제수, 우레아, 부틸렌글라이콜, 피마자씨오일, 글리세린, 변성알코올, 세테아릴알코올, 하이드로제네이티드폴리아이소부텐, 펜타에리스리틸테트라에틸헥사노에이트, 메틸트라이메티콘, 글리세릴스테아레이트, 소듐락테이트, 암모늄아크릴로일다이메틸타우레이트/브이피코폴리머, 피이지-100스테아레이트, 베타인, 1,2-헥산다이올, 하이드로제네이티드캐스터오일, 폴리아크릴레이트-13, 락틱애씨드, 비즈왁스, 폴리아이소부텐, 향료, 리모넨, 카나우바왁스, 리날룰, 카페인, 세테아릴글루코사이드, 알란토인, 글리세릴카프릴레이트, 소듐메타포스페이트, 에틸헥실글리세린, 폴리솔베이트20, 솔비탄아이소스테아레이트, 페퍼민트오일, 제라니올, 흰버드나무껍질추출물, 시트릭애씨드, 글루코노락톤, 해바라기씨오일, 시트로넬올, 시트랄, 프로판다이올, 자일리톨, 삼나무잎추출물, 녹나무잎추출물, 로얄젤리추출물, 토코페롤, 프로폴리스추출물, 은행나무잎추출물",홀리추얼,홀리추얼_홀리추얼  릴랙스드 풋 트리트먼트 크림 듀오 SET
홀리추얼  리디파이닝 클렌징 밀크 듀오 SET,https://www.amoremall.com/kr/ko/product/detail?onlineProdSn=67389,92000.0,200ml *2,200.0,ml,"정제수, 글리세린, C18-21알케인, 데실코코에이트, 카프릴릭/카프릭트라이글리세라이드, 아이소도데케인, 라우릴글루코사이드, 해바라기씨오일, 1,2-헥산다이올, 하이드레이티드실리카, 폴리글리세릴-6라우레이트, C14-22알코올, 솔비탄세스퀴올리에이트, 미리스틸글루코사이드, 암모늄아크릴로일다이메틸타우레이트/브이피코폴리머, C12-20알킬글루코사이드, 잔탄검, 향료, 아크릴레이트/C10-30알킬아크릴레이트크로스폴리머, 벤질살리실레이트, 에틸헥실글리세린, 시트릭애씨드, 리날룰, 유제놀, 쌀겨오일, 글루타티온, 프로판다이올, 소듐하이알루로네이트, 토코페롤, 카프릴릴글라이콜, 하이드롤라이즈드하이알루로닉애씨드, 아세틸헵타펩타이드-4, 소듐하이알루로네이트크로스폴리머, 하이알루로닉애씨드, 아세틸헥사펩타이드-8, 소듐하이드록사이드, 소듐아세틸레이티드하이알루로네이트, 아세틸옥타펩타이드-3",홀리추얼,홀리추얼_홀리추얼  리디파이닝 클렌징 밀크 듀오 SET
홀리추얼  코어 리프트 액티베이팅 세럼 기획세트 140ml,https://www.amoremall.com/kr/ko/product/detail?onlineProdSn=67386,105000.0,140ml,140.0,ml,"정제수, 프로판다이올, 글리세린, 폴리글리세린-3, 글리세릴폴리메타크릴레이트, 1,2-헥산다이올, 피이지-8, 피이지-7글리세릴코코에이트, 폴리솔베이트20, 아크릴레이트/C10-30알킬아크릴레이트크로스폴리머, 하이드록시에틸아크릴레이트/소듐아크릴로일다이메틸타우레이트코폴리머, 트로메타민, 글리세릴카프릴레이트, 만니톨, 하이드롤라이즈드콜라겐, 에틸헥실글리세린, 아데노신, 부틸렌글라이콜, 향료, 리모넨, 다이소듐이디티에이, 리날룰, 솔비탄아이소스테아레이트, 메틸메타크릴레이트/아크릴로나이트릴코폴리머, 금, 제라니올, 흑효모발효물, 레스베라트롤, 마그네슘설페이트, 칼슘클로라이드, 아세틸테트라펩타이드-11, 망가니즈설페이트, 토코페롤, 퀴노아씨추출물, 징크설페이트, 아스코빌글루코사이드",홀리추얼,홀리추얼_홀리추얼  코어 리프트 액티베이팅 세럼 기획세트 140ml
홀리추얼 울트라 너리싱 어드밴스드 토너 150ml,https://www.amoremall.com/kr/ko/product/detail?onlineProdSn=66971,78000.0,150ml,150.0,ml,"정제수, 글리세린, 프로판다이올, 스쿠알란, 나이아신아마이드, 1,2-헥산다이올, 피이지/피피지-17/6코폴리머, 펜타에리스리틸테트라에틸헥사노에이트, 글리세레스-26, 알지닌, 아스파틱애씨드, 글루타믹애씨드, 엑토인, 서양톱풀추출물, 소듐하이알루로네이트, 하이드롤라이즈드하이알루로닉애씨드, 소듐하이알루로네이트크로스폴리머, 하이알루로닉애씨드, 소듐아세틸레이티드하이알루로네이트, 사프란암술머리추출물, 베타인, 아크릴레이트/C10-30알킬아크릴레이트크로스폴리머, 부틸렌글라이콜, 에틸헥실글리세린, 트로메타민, 글리세릴카프릴레이트, 아데노신, 향료, 펜틸렌글라이콜, 소듐메타포스페이트, 하이드록시에틸아크릴레이트/소듐아크릴로일다이메틸타우레이트코폴리머, 바이오사카라이드검-1, 잔탄검, 솔비탄아이소스테아레이트, 폴리솔베이트60, 토코페롤",홀리추얼,홀리추얼_홀리추얼 울트라 너리싱 어드밴스드 토너 150ml
홀리추얼  뉴트리 엘릭서 바디 프라그랑스 미스트 100ml,https://www.amoremall.com/kr/ko/product/detail?onlineProdSn=66671,58000.0,부족했어요,,,"변성알코올, 정제수, 향료, 프로판다이올, 글리세린, 피이지-40하이드로제네이티드캐스터오일, 리날룰, 리모넨, 아데노신, 하이드록시시트로넬알, 시트랄, 제라니올, 시트로넬올, 부틸렌글라이콜, 1,2-헥산다이올, 콜라겐, 하이드롤라이즈드콜라겐",홀리추얼,홀리추얼_홀리추얼  뉴트리 엘릭서 바디 프라그랑스 미스트 100ml
홀리추얼 프로 리프팅 앤 퍼밍 프로그램,https://www.amoremall.com/kr/ko/product/detail?onlineProdSn=64297,150000.0,1제) 파우더 2g*8ea + 액티베이터 .2ml*8ea 2제) 세럼 80ml,1.0,g,"[퍼밍 파우더] 알부민, 옥수수전분, 벤토나이트, 말토덱스트린, 시트 릭애씨드, 사이클로덱스트린, 녹차가루, 보리잎가루, 베타인, 알란토인, 다이포타슘글리시리제이트, 레틴알 [리프팅 액티베이터] 정제수, 글리세린, 1,2-헥산다이올, 피이지-60 하이드로제네이티드캐스터오일, 판테놀, 베타인, 마카다미아씨오일, 에틸헥실글리세린, 아데노신, 부틸렌글라이콜, 알란토인, 다이포타슘 글리시리제이트, 다이소듐이디티에이, 향료, 리모넨, 달팽이점액여 과물, 리날룰, 베타-글루칸, 토코페롤 [하이드로 볼륨 부스터] 정제수, 부틸렌글라이콜, 글리세린, 메틸트라 이메티콘, 펜타에리스리틸테트라에틸헥사노에이트, 베타인, 1,2-헥산 다이올, 베헤닐알코올, 판테놀, 메도우폼씨오일, 호호바에스터, 하이 드록시에틸아크릴레이트/소듐아크릴로일다이메틸타우레이트코폴리머, 암모늄아크릴로일다이메틸타우레이트/브이피코폴리머, 아크릴레이트/ C10-30알킬아크릴레이트크로스폴리머, 트로메타민. 잔탄검, 글리 세릴카프릴레이트, 향료, 리모넨, 소듐메타포스페이트, 에틸헥실글리 세린, 아데노신, 리날룰, 솔비탄아이소스테아레이트, 제라니올, 만니톨, 트레할로오스, 시트로넬올, 시트랄, 프로판다이올, 토코페롤, 소듐하 이알루로네이트, 하이알루로닉애씨드, 아크릴레이트/스테아릴메타크 릴레이트코폴리머, 하이드롤라이즈드하이알루로닉애씨드, 흰목이버섯 포자낭과추출물, 소듐하이알루로네이트크로스폴리머, 다이소듐이디 티에이, 세라마이드엔피, 소듐아세틸레이티드하이알루로네이트, 벼에 스에이치-올리고펩타이드-1",홀리추얼,홀리추얼_홀리추얼 프로 리프팅 앤 퍼밍 프로그램
홀리추얼 리디파이닝 앰플 4주 프로그램,https://www.amoremall.com/kr/ko/product/detail?onlineProdSn=63393,280000.0,더 보기,,,"정제수, 부틸렌글라이콜, 글리세린, 나이아신아마이드, 1,2-헥산다이올, 스쿠알란, 글리세릴폴리메타크릴레이트, 세테아릴알코올, 암모늄아크릴로일다이메틸타우레이트/브이피코폴리머, 글리세릴스테아레이트, 잔탄검, 하이드로제네이티드레시틴, 에틸헥실글리세린, 스테아릭애씨드, 향료, 폴리글리세릴-3메틸글루코오스다이스테아레이트, 아데노신, 팔미틱애씨드, 리모넨, 토코페롤, 리날룰, 다이소듐이디티에이, 알란토인, 3-O-에틸아스코빅애씨드, 메틸메타크릴레이트/아크릴로나이트릴코폴리머, 덱스트린, 카카오추출물, 제라니올, 커먼자스민꽃추출물, 흑효모발효물, 레스베라트롤, 프로판다이올, 글루타티온, 미리스틱애씨드, 라우릭애씨드, 소듐하이알루로네이트, 모란꽃추출물, 카프릴릴글라이콜, 하이드롤라이즈드하이알루로닉애씨드, 아세틸헵타펩타이드-4, 페녹시에탄올, 소듐하이알루로네이트크로스폴리머, 마돈나백합꽃추출물, 하이알루로닉애씨드, 아세틸헥사펩타이드-8, 소듐하이드록사이드, 하이드롤라이즈드콜라겐, 소듐아세틸레이티드하이알루로네이트, 아세틸옥타펩타이드-3",홀리추얼,홀리추얼_홀리추얼 리디파이닝 앰플 4주 프로그램
홀리추얼 클린테라피 파우더 마스크,https://www.amoremall.com/kr/ko/product/detail?onlineProdSn=61714,125000.0,10mL*8 + 5g*8,10.0,mL,"[1제 액티베이터] 정제수, 프로판다이올, 글리세린, 1,2-헥산다이올, 황해쑥잎추출물, 에틸헥실글리세린, 부틸렌글라이콜, 다이소듐이디티에이, 흑효모발효물, 미역추출물 [2제 파우더] 밀가루,살구씨가루,알부민,율무씨가루,쑥잎추출물,녹두가루,스페인감초뿌리가루,카올린,감자전분,구릿대뿌리가루,자란뿌리가루,음나무껍질추출물,백선뿌리추출물",홀리추얼,홀리추얼_홀리추얼 클린테라피 파우더 마스크
홀리추얼 파워 리뉴얼 키트,https://www.amoremall.com/kr/ko/product/detail?onlineProdSn=48594,140000.0,더 보기,,,"[Step1. 히알루로닉 볼륨 부스터] 정제수, 글리세린, 부틸렌글라이콜, 변성알코올, 1,2-헥산다이올, 트레할로오스, 베타인, 프로판다이올, 피피지-13-데실테트라데세스-24, 하이드롤라이즈드하이알루로닉애씨드, 소듐하이알루로네이트, 트로메타민, 에틸헥실글리세린, 폴리쿼터늄-51, 아데노신, 베타-글루칸, 향료, 다이소듐이디티에이, 하이드롤라이즈드콜라겐, 리모넨, 리날룰, 흑효모발효물, 제라니올, 토코페롤, 소듐하이알루로네이트크로스폴리머, 하이알루로닉애씨드, 소듐아세틸레이티드하이알루로네이트 [Step2. 링클 리설페이싱 코렉터] 정제수, 카프릴릭/카프릭트라이글리세라이드, 프로판다이올, 글리세린, 다이메티콘, 토코페롤, 토코페릴아세테이트, 트레할로오스, 판테놀, 시어버터, 돌콩오일, 암모늄아크릴로일다이메틸타우레이트/브이피코폴리머, 글리세릴폴리메타크릴레이트, 해바라기씨오일, 폴리실리콘-11, 하이드로제네이티드레시틴, 하이드록시에틸아크릴레이트/소듐아크릴로일다이메틸타우레이트코폴리머, 폴리글리세릴-10스테아레이트, 쌀겨왁스, 세테아릴알코올, 카보머, 소듐설파이트, 당근추출물, 트로메타민, 레티놀, 알란토인, 글리세릴카프릴레이트, 향료, 글리세릴스테아레이트, 리모넨, 다이소듐이디티에이, 에틸헥실글리세린, 리날룰, 스테아릭애씨드, 폴리글리세릴-3메틸글루코오스다이스테아레이트, 팔미틱애씨드, 솔비탄아이소스테아레이트, 비에이치티, 제라니올, 베타-카로틴, 부틸렌글라이콜, 시트로넬올, 시트랄, 메틸메타크릴레이트/아크릴로나이트릴코폴리머, 미리스틱애씨드, 라우릭애씨드, 1,2-헥산다이올, 레스베라트롤, 아크릴레이트/스테아릴메타크릴레이트코폴리머, 흰목이버섯포자낭과추출물, 하이알루로닉애씨드, 아스코빅애씨드, 메도우폼씨오일, 잔탄검, 에칠아스코빌에텔, 글루타티온, 소듐하이알루로네이트, 세라마이드엔피, 피씨에이, 락틱애씨드, 글루코오스, 글라이신, 우레아, 소듐글리세로포스페이트, 세린, 글루타믹애씨드, 하이드롤라이즈드하이알루로닉애씨드, 포타슘마그네슘아스파테이트, 아스파틱애씨드, 류신, 소듐클로라이드, 알라닌, 알지닌, 칼슘글루코네이트, 라이신, 마그네슘글루코네이트, 소듐하이알루로네이트크로스폴리머, 아세틸글루코사민, 프롤린, 트레오닌, 시트릭애씨드, 히스티딘, 페닐알라닌, 타이로신, 발린, 아이소류신, 크레아틴, 우릭애씨드, 시스테인, 메티오닌, 소듐아세틸레이티드하이알루로네이트",홀리추얼,홀리추얼_홀리추얼 파워 리뉴얼 키트
홀리추얼 울트라 너리싱 어드밴스드 토너 + 에멀전,https://www.amoremall.com/kr/ko/product/detail?onlineProdSn=67250,160000.0,[울트라 너리싱 어드밴스드 토너] 150ml [울트라 너리싱 어드밴스드 에멀전] 120ml,150.0,ml,"[울트라 너리싱 어드밴스드 토너] 정제수, 글리세린, 프로판다이올, 스쿠알란, 나이아신아마이드, 1,2-헥산다이올, 피이지/피피지-17/6코폴리머, 펜타에리스리틸테트라에틸헥사노에이트, 글리세레스-26, 알지닌, 아스파틱애씨드, 글루타믹애씨드, 엑토인, 서양톱풀추출물, 소듐하이알루로네이트, 하이드롤라이즈드하이알루로닉애씨드, 소듐하이알루로네이트크로스폴리머, 하이알루로닉애씨드, 소듐아세틸레이티드하이알루로네이트, 사프란암술머리추출물, 베타인, 아크릴레이트/C10-30알킬아크릴레이트크로스폴리머, 부틸렌글라이콜, 에틸헥실글리세린, 트로메타민, 글리세릴카프릴레이트, 아데노신, 향료, 펜틸렌글라이콜, 소듐메타포스페이트, 하이드록시에틸아크릴레이트/소듐아크릴로일다이메틸타우레이트코폴리머, 바이오사카라이드검-1, 잔탄검, 솔비탄아이소스테아레이트, 폴리솔베이트60, 토코페롤 [울트라 너리싱 어드밴스드 에멀전] 정제수, 프로판다이올, 하이드로제네이티드폴리아이소부텐, 글리세린, 펜타에리스리틸테트라에틸헥사노에이트, 다이메티콘, 다이아이소스테아릴말레이트, 나이아신아마이드, 폴리글리세린-3, 1,2-헥산다이올, 피이지-60글리세릴아이소스테아레이트, 세테아릴알코올, 알지닌, 아스파틱애씨드, 글루타믹애씨드, 엑토인, 서양톱풀추출물, 소듐하이알루로네이트, 하이드롤라이즈드하이알루로닉애씨드, 소듐하이알루로네이트크로스폴리머, 하이알루로닉애씨드, 소듐아세틸레이티드하이알루로네이트, 사프란암술머리추출물, 다이메티콘/비닐다이메티콘크로스폴리머, 시어버터, 세테아릴글루코사이드, 글리세릴스테아레이트시트레이트, 하이드록시에틸아크릴레이트/소듐아크릴로일다이메틸타우레이트코폴리머, 팔미틱애씨드, 스테아릭애씨드, 베헤닐알코올, 카보머, 부틸렌글라이콜, 에틸헥실글리세린, 글리세릴카프릴레이트, 트로메타민, 향료, 아데노신, 다이메티콘올, 펜틸렌글라이콜, 소듐메타포스페이트, 솔비탄아이소스테아레이트, 폴리솔베이트60, 잔탄검, 알파-아이소메틸아이오논, 시트로넬올, 리날룰, 토코페롤, 서양유채씨오일",홀리추얼,홀리추얼_홀리추얼 울트라 너리싱 어드밴스드 토너 + 에멀전
퍼즐우드 비건 디퓨저 200ml,https://www.amoremall.com/kr/ko/product/detail?onlineProdSn=55073,33000.0,200ml,200.0,ml,"에탄올, 향료(헤디오네 등) [알레르기물질] 리날로올, 리모넨, 시트랄, 제라니올, 하이드록시시트로넬알, 헥실신남알 [기타물질] 리모넨",,
퍼즐우드 비건 핸드크림 50ml,https://www.amoremall.com/kr/ko/product/detail?onlineProdSn=55077,21000.0,50ml,50.0,ml,"정제수, 부틸렌글라이콜, 세틸에틸헥사노에이트, 향료, 1,2-헥산다이올, 글리세릴글루코사이드, 세테아릴올리베이트, 글리세린, 글리세릴스테아레이트, 세테아릴알코올, 메도우폼씨오일, 시어버터, 솔비탄올리베이트, 글리세레스-26, 프로판다이올, C14-22알코올, 비닐다이메티콘, 카보머, 트로메타민, C12-20알킬글루코사이드, 리모넨, 리날룰, 헥실신남알, 제라니올, 에틸헥실글리세린, 다이소듐이디티에이, 암모늄폴리아크릴로일다이메틸타우레이트, 하이드록시시트로넬알, 소듐하이알루로네이트, 하이알루로닉애씨드, 하이드롤라이즈드하이알루로닉애씨드, 시트랄, 글루코오스",,
퍼즐우드 비건 인센스 스틱 20g,https://www.amoremall.com/kr/ko/product/detail?onlineProdSn=59484,21000.0,20g,20.0,g,"정제수, 고무나무가루, 향료(테트라메틸아세틸옥타하이드로나프탈렌 등) [알레르기물질]리나로올, 제라니올, 하이드록시시트로넬알, 헥실신남알",,
로맨틱 에멀전 130ml,https://www.amoremall.com/kr/ko/product/detail?onlineProdSn=59820,29429.0,130ml,130.0,ml,"정제수, 하이드로제네이티드폴리(C6-14올레핀), 글리세린, 부틸렌글라이콜다이카프릴레이트/다이카프레이트, 부틸렌글라이콜, 메틸트라이메티콘, 1,2-헥산다이올, 폴리솔베이트60, 스쿠알란, 하이드로제네이티드식물성오일, 글리세릴스테아레이트, 세테아릴알코올, 다이메티콘, 향료, 팔미틱애씨드, 스테아릭애씨드, 피이지-100스테아레이트, 솔비탄스테아레이트, 수크로오스스테아레이트, 호호바에스터, 마트리카리아꽃수, 카보머, 트로메타민, 글리세릴카프릴레이트, 녹차수, 리날룰, 에틸헥실글리세린, 리모넨, 다이소듐이디티에이, 프로판다이올, 헥실신남알, 제라니올, 시트로넬올, 쿠마린, 레시틴, 하이드록시시트로넬알, 시트랄, 토코페롤, 낫토검, 베타-글루칸",오딧세이,오딧세이_로맨틱 에멀전 130ml
로맨틱 스킨 리파이너 130ml,https://www.amoremall.com/kr/ko/product/detail?onlineProdSn=59819,29429.0,130ml,130.0,ml,"정제수, 변성알코올, 부틸렌글라이콜, 피이지-60하이드로제네이티드캐스터오일, 향료, 옥틸도데세스-16, 베타인, 마트리카리아꽃수, 1,2-헥산다이올, 리날룰, 녹차수, 리모넨, 에틸헥실글리세린, 글리세린, 헥실신남알, 다이소듐이디티에이, 프로판다이올, 제라니올, 시트로넬올, 쿠마린, 하이드록시시트로넬알, 시트랄, 낫토검, 베타-글루칸, 토코페롤",오딧세이,오딧세이_로맨틱 스킨 리파이너 130ml
챕터파이브 생츄어리 2종 세트,https://www.amoremall.com/kr/ko/product/detail?onlineProdSn=60523,82000.0,"토너 140ml, 모이스처라이저 110ml",140.0,ml,"[토너] 정제수, 프로판다이올, 글리세린, 변성알코올, 나이아신아마이드, 다이프로필렌글라이콜, 1,2-헥산다이올, 부틸렌글라이콜, 트레할로오스, 베타인, 피피지-13-데실테트라데세스-24, 향료, 해수, 에틸헥실글리세린, 하이드록시에틸아크릴레이트/소듐아크릴로일다이메틸타우레이트코폴리머, 다이소듐이디티에이, 아크릴레이트/C10-30알킬아크릴레이트크로스폴리머, 아데노신, 트로메타민, 빌베리열매추출물, 리모넨, 사탕수수추출물, 3-O-에틸아스코빅애씨드, 솔비탄아이소스테아레이트, 폴리솔베이트60, 오렌지추출물, 레몬추출물, 벤질벤조에이트, 설탕단풍추출물, 토코페롤, 편백잎추출물 / [모이스처라이저] 정제수, 부틸렌글라이콜, 글리세린, 다이카프릴릴카보네이트, 메틸트라이메티콘, 나이아신아마이드, 1,2-헥산다이올, 하이드로제네이티드폴리(C6-14올레핀), 세테아릴알코올, 글리세릴스테아레이트, 카페인, 향료, 팔미틱애씨드, 스테아릭애씨드, 아크릴레이트/C10-30알킬아크릴레이트크로스폴리머, 하이드록시에틸아크릴레이트/소듐아크릴로일다이메틸타우레이트코폴리머, 실리카, 해수, 글리세릴카프릴레이트, 소듐스테아로일글루타메이트, 하이드록시프로필스타치포스페이트, 트로메타민, 하이드로제네이티드레시틴, 다이소듐이디티에이, 에틸헥실글리세린, 아데노신, 폴리글리세릴-3메틸글루코오스다이스테아레이트, 리모넨, 솔비탄아이소스테아레이트, 바쿠치올, 프로판다이올, 벤질벤조에이트, 토코페롤, 미리스틱애씨드, 라우릭애씨드, 편백잎추출물",오딧세이,오딧세이_챕터파이브 생츄어리 2종 세트
블랙 스킨 리파이너 130ml,https://www.amoremall.com/kr/ko/product/detail?onlineProdSn=59823,39270.0,130ml,130.0,ml,"정제수, 변성알코올, 글리세린, 나이아신아마이드, 부틸렌글라이콜, 피이지-60하이드로제네이티드캐스터오일, 1,2-헥산다이올, 베타인, 피이지/피피지-17/6코폴리머, 향료, 비스-피이지-18메틸에터다이메틸실레인, 옥틸도데세스-16, 아세로라추출물, 프로판다이올, 아사이팜열매추출물, 에틸헥실글리세린, 다이소듐이디티에이, 카보머, 아데노신, 트로메타민, 리모넨, 헥실신남알, 시트로넬올, 리날룰, 하이드록시시트로넬알, 벤질벤조에이트, 소듐마그네슘실리케이트, 토코페롤, 글루타티온",오딧세이,오딧세이_블랙 스킨 리파이너 130ml
MMY 콜라보레이션 토트백,https://www.amoremall.com/kr/ko/product/detail?onlineProdSn=67782,30000.0,,,,,오딧세이,오딧세이_MMY 콜라보레이션 토트백
블랙 에멀전 130ml,https://www.amoremall.com/kr/ko/product/detail?onlineProdSn=59824,39270.0,130ml,130.0,ml,"정제수, 글리세린, 부틸렌글라이콜, 변성알코올, 세틸에틸헥사노에이트, 나이아신아마이드, 다이메티콘, 메틸트라이메티콘, 피씨에이다이메티콘, 1,2-헥산다이올, 실리카, 다이메티콘/비닐다이메티콘크로스폴리머, 하이드록시에틸아크릴레이트/소듐아크릴로일다이메틸타우레이트코폴리머, 향료, 폴리솔베이트20, 암모늄아크릴로일다이메틸타우레이트/브이피코폴리머, C14-22알코올, 아세로라추출물, 프로판다이올, 스테아릭애씨드, 글리세릴스테아레이트, 글리세릴카프릴레이트, 폴리아크릴레이트-13, 폴리실리콘-11, 아사이팜열매추출물, 팔미틱애씨드, 아라키딜알코올, C12-20알킬글루코사이드, 에틸헥실글리세린, 다이소듐이디티에이, 폴리아이소부텐, 아데노신, 솔비탄아이소스테아레이트, 베헤닐알코올, 폴리솔베이트60, 아라키딜글루코사이드, 리모넨, 헥실신남알, 시트로넬올, 리날룰, 하이드록시시트로넬알, 벤질벤조에이트, 소듐마그네슘실리케이트, 글루코오스, 글루타티온, 토코페롤",오딧세이,오딧세이_블랙 에멀전 130ml
MMY 콜라보레이션 크로스백,https://www.amoremall.com/kr/ko/product/detail?onlineProdSn=67781,20000.0,,,,,오딧세이,오딧세이_MMY 콜라보레이션 크로스백
챕터파이브 라이트하우스 2종 세트,https://www.amoremall.com/kr/ko/product/detail?onlineProdSn=60522,82000.0,"토너 140ml, 모이스처라이저 110ml",140.0,ml,"[토너] 정제수, 프로판다이올, 글리세린, 변성알코올, 나이아신아마이드, 다이프로필렌글라이콜, 1,2-헥산다이올, 부틸렌글라이콜, 트레할로오스, 베타인, 피피지-13-데실테트라데세스-24, 향료, 해수, 에틸헥실글리세린, 하이드록시에틸아크릴레이트/소듐아크릴로일다이메틸타우레이트코폴리머, 만다린껍질추출물, 다이소듐이디티에이, 아크릴레이트/C10-30알킬아크릴레이트크로스폴리머, 아데노신, 트로메타민, 빌베리열매추출물, 리모넨, 사탕수수추출물, 펜틸렌글라이콜, 솔비탄아이소스테아레이트, 폴리솔베이트60, 오렌지추출물, 레몬추출물, 비터오렌지꽃추출물, 리날룰, 설탕단풍추출물, 토코페롤 / [모이스처라이저] 정제수, 부틸렌글라이콜, 글리세린, 다이카프릴릴카보네이트, 메틸트라이메티콘, 나이아신아마이드, 1,2-헥산다이올, 하이드로제네이티드폴리(C6-14올레핀), 세테아릴알코올, 글리세릴스테아레이트, 카페인, 프로판다이올, 향료, 팔미틱애씨드, 스테아릭애씨드, 아크릴레이트/C10-30알킬아크릴레이트크로스폴리머, 하이드록시에틸아크릴레이트/소듐아크릴로일다이메틸타우레이트코폴리머, 실리카, 해수, 글리세릴카프릴레이트, 소듐스테아로일글루타메이트, 하이드록시프로필스타치포스페이트, 트로메타민, 하이드로제네이티드레시틴, 만다린껍질추출물, 다이소듐이디티에이, 에틸헥실글리세린, 아데노신, 폴리글리세릴-3메틸글루코오스다이스테아레이트, 리모넨, 솔비탄아이소스테아레이트, 바쿠치올, 펜틸렌글라이콜, 리날룰, 비터오렌지꽃추출물, 토코페롤, 미리스틱애씨드, 라우릭애씨드",오딧세이,오딧세이_챕터파이브 라이트하우스 2종 세트
블랙 스페셜 2종 신년기획세트,https://www.amoremall.com/kr/ko/product/detail?onlineProdSn=59825,79790.0,스킨 리파이너 130ml + 에멀젼 130ml + 스킨 리파이너 30ml + 에멀젼 30ml + 클렌징폼 30ml,130.0,ml,"[스킨 리파이너] 정제수, 변성알코올, 글리세린, 나이아신아마이드, 부틸렌글라이콜, 피이지-60하이드로제네이티드캐스터오일, 1,2-헥산다이올, 베타인, 피이지/피피지-17/6코폴리머, 향료, 비스-피이지-18메틸에터다이메틸실레인, 옥틸도데세스-16, 아세로라추출물, 프로판다이올, 아사이팜열매추출물, 에틸헥실글리세린, 다이소듐이디티에이, 카보머, 아데노신, 트로메타민, 리모넨, 헥실신남알, 시트로넬올, 리날룰, 하이드록시시트로넬알, 벤질벤조에이트, 소듐마그네슘실리케이트, 토코페롤, 글루타티온 / [에멀젼] 정제수, 글리세린, 부틸렌글라이콜, 변성알코올, 세틸에틸헥사노에이트, 나이아신아마이드, 다이메티콘, 메틸트라이메티콘, 피씨에이다이메티콘, 1,2-헥산다이올, 실리카, 다이메티콘/비닐다이메티콘크로스폴리머, 하이드록시에틸아크릴레이트/소듐아크릴로일다이메틸타우레이트코폴리머, 향료, 폴리솔베이트20, 암모늄아크릴로일다이메틸타우레이트/브이피코폴리머, C14-22알코올, 아세로라추출물, 프로판다이올, 스테아릭애씨드, 글리세릴스테아레이트, 글리세릴카프릴레이트, 폴리아크릴레이트-13, 폴리실리콘-11, 아사이팜열매추출물, 팔미틱애씨드, 아라키딜알코올, C12-20알킬글루코사이드, 에틸헥실글리세린, 다이소듐이디티에이, 폴리아이소부텐, 아데노신, 솔비탄아이소스테아레이트, 베헤닐알코올, 폴리솔베이트60, 아라키딜글루코사이드, 리모넨, 헥실신남알, 시트로넬올, 리날룰, 하이드록시시트로넬알, 벤질벤조에이트, 소듐마그네슘실리케이트, 글루코오스, 글루타티온, 토코페롤",오딧세이,오딧세이_블랙 스페셜 2종 신년기획세트
로맨틱 스페셜 2종 세트 신년기획세트,https://www.amoremall.com/kr/ko/product/detail?onlineProdSn=59822,59790.0,스킨 리파이너 130ml + 에멀젼 130ml + 스킨 리파이너 30ml + 에멀젼 30ml + 클렌징폼 30ml,130.0,ml,"[스킨 리파이너] 정제수, 변성알코올, 부틸렌글라이콜, 피이지-60하이드로제네이티드캐스터오일, 향료, 옥틸도데세스-16, 베타인, 마트리카리아꽃수, 1,2-헥산다이올, 리날룰, 녹차수, 리모넨, 에틸헥실글리세린, 글리세린, 헥실신남알, 다이소듐이디티에이, 프로판다이올, 제라니올, 시트로넬올, 쿠마린, 하이드록시시트로넬알, 시트랄, 낫토검, 베타-글루칸, 토코페롤 / [에멀젼] 정제수, 하이드로제네이티드폴리(C6-14올레핀), 글리세린, 부틸렌글라이콜다이카프릴레이트/다이카프레이트, 부틸렌글라이콜, 메틸트라이메티콘, 1,2-헥산다이올, 폴리솔베이트60, 스쿠알란, 하이드로제네이티드식물성오일, 글리세릴스테아레이트, 세테아릴알코올, 다이메티콘, 향료, 팔미틱애씨드, 스테아릭애씨드, 피이지-100스테아레이트, 솔비탄스테아레이트, 수크로오스스테아레이트, 호호바에스터, 마트리카리아꽃수, 카보머, 트로메타민, 글리세릴카프릴레이트, 녹차수, 리날룰, 에틸헥실글리세린, 리모넨, 다이소듐이디티에이, 프로판다이올, 헥실신남알, 제라니올, 시트로넬올, 쿠마린, 레시틴, 하이드록시시트로넬알, 시트랄, 토코페롤, 낫토검, 베타-글루칸",오딧세이,오딧세이_로맨틱 스페셜 2종 세트 신년기획세트
NEW 나이아시카 수딩 글로우 워터리 크림30ml,https://www.amoremall.com/kr/ko/product/detail?onlineProdSn=63601,27581.0,30 ml,30.0,ml,"정제수, 글리세린, 부틸렌글라이콜, 스쿠알란, 비스-하이드록시에톡시프로필다이메티콘, 카프릴릭/카프릭/미리스틱/스테아릭트라이글리세라이드, 다이카프릴릴에터, 폴리글리세릴-3다이스테아레이트, 메틸트라이메티콘, 1,2-헥산다이올, 카카오씨버터, 카프릴릭/카프릭트라이글리세라이드, 글리세릴스테아레이트, 세테아릴알코올, 락토바실러스발효용해물, C10-18트라이글리세라이즈, 판테놀(0.5%), 피토스테롤, 팔미틱애씨드, 하이드록시에틸아크릴레이트/소듐아크릴로일다이메틸타우레이트코폴리머, 스테아릭애씨드, 나이아신아마이드(0.11%), 아크릴레이트/C10-30알킬아크릴레이트크로스폴리머, 글리세릴스테아레이트시트레이트, 잔탄검, 글리세릴카프릴레이트, 에틸헥실글리세린, 트로메타민, 솔비탄아이소스테아레이트, 소듐메타포스페이트, 마데카소사이드(0.01%), 콩폴리펩타이드, 토코페롤, 징크클로라이드, 프로필렌글라이콜, 소듐하이알루로네이트",프리메라,프리메라_NEW 나이아시카 수딩 글로우 워터리 크림30ml
마일드 앤 퍼펙트 클렌징 오일 투 폼 200ml,https://www.amoremall.com/kr/ko/product/detail?onlineProdSn=54433,26000.0,200 ml,200.0,ml,"정제수, 글리세린, 다이프로필렌글라이콜, 라우릴베타인, 포타슘코코일글리시네이트, 라우릴글루코사이드, 폴리글리세릴-6카프릴레이트, 다이소듐코코암포다이아세테이트, 1,2-헥산다이올, 라우릴하이드록시설테인, 코코-글루코사이드, 폴리글리세릴-10라우레이트, 아크릴레이트코폴리머, 소듐클로라이드, 데실글루코사이드, 피피지-7, 향료, 카프릴릭/카프릭트라이글리세라이드, 호호바씨오일, 폴리글리세릴-10다이아이소스테아레이트, 에틸헥실글리세린, 알지닌, 아스파틱애씨드, 글루타믹애씨드, 콩폴리펩타이드, 덱스트린, 카카오추출물, 토코페롤",프리메라,프리메라_마일드 앤 퍼펙트 클렌징 오일 투 폼 200ml
NEW 비타티놀 바운시 리프트 세럼 30g*2입,https://www.amoremall.com/kr/ko/product/detail?onlineProdSn=66137,63000.0,30gX2 ( 30g+ 30g),30.0,g,"정제수, 부틸렌글라이콜, 글리세린, 메틸글루세스-20, 아스코빌글루코사이드, 나이아신아마이드, 카프릴릴메티콘, 카프릴릭/카프릭트라이글리세라이드, 하이드로제네이티드폴리아이소부텐, 1,2-헥산다이올, 트로메타민, 하이드록시에틸아크릴레이트/소듐아크릴로일다이메틸타우레이트코폴리머, 폴리솔베이트20, 폴리아크릴레이트-13, 다이메티콘, 판테놀, 소듐스테아로일글루타메이트, 소듐시트레이트, 폴리아이소부텐, 폴리아크릴레이트크로스폴리머-6, 다이메틸아이소소바이드, 락토바실러스/콩추출물발효여과물, 해바라기씨오일, 옥수수전분, 돌콩오일, 만니톨, 수크로오스, 마이크로크리스탈린셀룰로오스, 글리세릴카프릴레이트, 스핑고모나스발효추출물, 에틸헥실글리세린, 솔비탄아이소스테아레이트, 소듐메타포스페이트, 당근추출물, 아데노신, 하이드록시피나콜론레티노에이트, 시트릭애씨드, 레티놀, 티타늄디옥사이드 (CI 77891), 황색산화철, 엑토인, 하이드로제네이티드레시틴, 아스코빅애씨드, 베타-카로틴, 토코페롤, 펜틸렌글라이콜, 프로필렌글라이콜, 소듐하이알루로네이트, 카보머, 아세틸테트라펩타이드-11, 아라비아고무나무검, 프로필렌글라이콜알지네이트",프리메라,프리메라_NEW 비타티놀 바운시 리프트 세럼 30g*2입
후리 앤 후리 200ml,https://www.amoremall.com/kr/ko/product/detail?onlineProdSn=18956,31000.0,200ml,200.0,ml,"정제수, 부틸렌글라이콜, 하이드록시프로필메틸셀룰로오스, 라우릴베타인, 다이소듐이디티에이, 에틸헥실글리세린, 향료, 시트릭애씨드, 불가리스쑥오일, 덱스트린, 황해쑥잎수, 글리세린, 검정콩오일, 1,2-헥산다이올, 락토바실러스발효용해물, 토코페롤, 세라마이드엔피, 피토스핑고신, 하이드로제네이티드레시틴, 소듐시트레이트, 카놀라오일, 로즈마리잎추출물",프리메라,프리메라_후리 앤 후리 200ml
마일드 포어 필링 패드 60매 기획세트,https://www.amoremall.com/kr/ko/product/detail?onlineProdSn=64394,39000.0,60매(+30매*2),60.0,매,"정제수, 부틸렌글라이콜, 글리세레스-26, 나이아신아마이드, 프로판다이올, 1,2-헥산다이올, 폴리글리세릴-10라우레이트, 글리세린, 글루 코노락톤, 에틸헥실글리세린, 스쿠알란, 세틸에틸헥사노에이트, 하이드록시에틸셀룰로오스, 잔탄검, 카프릴로일살리실릭애씨드, 하이드로제네이티 드폴리데센, 올리브오일, 하이드로제네이티드레시틴, 탱자추출물, 폴리글리세릴-3메틸 글루코오스다이스테아레이트, 시트릭애씨드, 다이소듐이디티 에이, 판테놀, 소듐시트레이트, 효모발효물, 카프릴릭/카프릭트라이글리세라이드, 락토바실러스발효물, 리모넨, 베르가모트오일, 브루셀스프라 우트추출물, 리날룰, 토코페롤, 병풀추출물, 약모밀추출물, 콩폴리펩타이드, 향부자 추출물, 소듐아스코빌포스페이트, 칡뿌리추출물, 당느릅나무 뿌리추출물, 달맞이꽃추출물, 대왕소나무잎추출물, 세라마이드엔피, 조추출물",프리메라,프리메라_마일드 포어 필링 패드 60매 기획세트
나이아시카 수딩글로우 워터리 크림 30ml,https://www.amoremall.com/kr/ko/product/detail?onlineProdSn=63713,22640.0,30 ml,30.0,ml,"정제수, 글리세린, 부틸렌글라이콜, 스쿠알란, 비스-하이드록시에톡시프로필다이메티콘, 카프릴릭/카프릭/미리스틱/스테아릭트라이글리세라이드, 다이카프릴릴에터, 폴리글리세릴-3다이스테아레이트, 메틸트라이메티콘, 1,2-헥산다이올, 카카오씨버터, 카프릴릭/카프릭트라이글리세라이드, 글리세릴스테아레이트, 세테아릴알코올, 락토바실러스발효용해물, C10-18트라이글리세라이즈, 판테놀(0.5%), 피토스테롤, 팔미틱애씨드, 하이드록시에틸아크릴레이트/소듐아크릴로일다이메틸타우레이트코폴리머, 스테아릭애씨드, 나이아신아마이드(0.11%), 아크릴레이트/C10-30알킬아크릴레이트크로스폴리머, 글리세릴스테아레이트시트레이트, 잔탄검, 글리세릴카프릴레이트, 에틸헥실글리세린, 트로메타민, 솔비탄아이소스테아레이트, 소듐메타포스페이트, 마데카소사이드(0.01%), 콩폴리펩타이드, 토코페롤, 징크클로라이드, 프로필렌글라이콜, 소듐하이알루로네이트",프리메라,프리메라_나이아시카 수딩글로우 워터리 크림 30ml
워터리 에센스 250ml,https://www.amoremall.com/kr/ko/product/detail?onlineProdSn=49308,34000.0,250ml,250.0,ml,"정제수, 프로판다이올, 부틸렌글라이콜, 글리세린, 1,2-헥산다이올, 피피지-13-데실테트라데세스-24, 다이소듐이디티에이, 에틸헥실글리세린, 덱스트린, 카카오추출물, 에탄올, 하이알루로닉애씨드, 황금추출물, 약모밀추출물, 글루코노락톤, 사철쑥추출물, 토코페롤",프리메라,프리메라_워터리 에센스 250ml
알파인 베리 워터리 크림 100ml,https://www.amoremall.com/kr/ko/product/detail?onlineProdSn=50191,62000.0,100ml,100.0,ml,"정제수, 글리세린, 부틸렌글라이콜, 스쿠알란, 비스-하이 드록시에톡시프로필다이메티콘, 카프릴릭/카프릭/미리스틱/스테 아릭트라이글리세라이드, 수크로오스폴리스테아레이트, 나이아신 아마이드, 다이카프릴릴에터, 메틸트라이메티콘, 우레아, 펜타 에리스리틸테트라에틸헥사노에이트, 1,2-헥산다이올, 글리세릴 스테아레이트, 카카오씨버터, 폴리글리세릴-3메틸글루코오스 다이스테아레이트, 스테아릭애씨드, 피토스테롤, 팔미틱애씨드, 하이드로제네이티드폴리아이소부텐, 하이드록시에틸아크릴 레이트/소듐아크릴로일다이메틸타우레이트코폴리머, 세테아릴 알코올, 아크릴레이트/C10-30알킬아크릴레이트크로스폴리머, 잔탄검, 글리세릴카프릴레이트, 트로메타민, 에틸헥실글리세린, 향료, 솔비탄아이소스테아레이트, 다이소듐이디티에이, 리모넨, 마데카소사이드, 서양산딸기추출물(40ppm), 리날룰, 미리스틱 애씨드, 아라키딕애씨드, 토코페롤, 야생딸기잎추출물(5ppm), 돌콩오일",프리메라,프리메라_알파인 베리 워터리 크림 100ml
비타티놀 세럼 메가샷 마스크 34g 1입,https://www.amoremall.com/kr/ko/product/detail?onlineProdSn=62715,7000.0,34 g X 1매,34.0,g,"정제수, 글리세린, 다이프로필렌글라이콜, 세틸에틸헥사노에이트, 나이아신아마이드(20,000ppm), 1,2-헥산다이올, 판테놀(13,000ppm), 캐롭검, 카라기난, 다이글리세린, 아이리쉬모스추출물, 카프릴릭/카프릭트라이글리세라이드, 시어버터, 에틸헥실올리베이트, 잔탄검, 셀룰로오스검, 포타슘클로라이드, 폴리아크릴레이트-13, 글리세릴스테아 레이트, 소듐아크릴레이트코폴리머, 수크로오스, 폴리글리세릴-4올리에이트, 에틸헥실글리세린, 하이드로제네이 티드폴리아이소부텐, 아데노신, 다이소듐이디티에이, 아가, 향료, 폴리글리세릴-10라우레이트, 에틸헥실팔미테이트, 구아검, 콩폴리펩타이드, 마그네슘아스코빌포스페이트(98.85ppm), 부틸렌글라이콜, 솔비탄아이소스테아레이트, 레틴알(50ppm), 아스코빅애씨드(10.5ppm), 해바라기씨오일, 돌콩오일, 세라마이드엔피, 하이드로제네이티드 레시틴, 크산토필, 레티놀(1ppm), 포스포릭애씨드(0.65ppm), 소듐아스코빌포스페이트(0.4ppm), 토코페롤",프리메라,프리메라_비타티놀 세럼 메가샷 마스크 34g 1입
레티놀 볼륨 립 세럼 12g,https://www.amoremall.com/kr/ko/product/detail?onlineProdSn=60637,29000.0,12g,12.0,g,"(스카이코랄) 하이드로제네이티드폴리(C6-14올레핀), 하이드로제네이티드폴리아이소부텐, 카프릴릭/카프릭트라이글리세라이드, 에틸렌/프로필렌/스타이렌코폴리머, 토코페릴아세테이트, 폴리글리세릴-2트라이아이소스테아레이트, 부틸렌/에틸렌/스타이렌코폴리머, 멘톡시프로판다이올, 적색226호, 돌콩오일, 아스코빌테트라이소팔미테이트, 적색산화철, 리모넨, 황색5호, 티타늄디옥사이드 (CI 77891), 레티놀, 펜타에리스리틸테트라-다이-T-부틸하이드록시하이드로신나메이트, 정제수, 제라니올, 필리핀오렌지껍질오일, 광곽향오일, 글리세린, 베르가모트오일, 리날룰, 시트로넬올, 마트리카리아꽃오일, 센티드제라늄꽃오일, 프로판다이올, 세라마이드엔피, 콩폴리펩타이드, 팔마로사오일, 락토바실러스발효용해물, 라벤더오일, 오렌지껍질추출물, 피마자씨오일, 흑색산화철, 부틸렌글라이콜, 소듐하이알루로네이트, 하이드롤라이즈드익스텐신, 호호바씨오일, 폴리글리세릴-10라우레이트, 로즈마리잎오일, 1,2-헥산다이올, 하이드롤라이즈드하이알루로닉애씨드, 하이드로제네이티드레시틴, 다마스크장미꽃오일, 토코페롤, 소듐하이알루로네이트크로스폴리머, 하이알루로닉애씨드, 에틸헥실글리세린, 소듐아세틸레이티드하이알루로네이트",프리메라,프리메라_레티놀 볼륨 립 세럼 12g
마일드 앤 퍼펙트 클렌징 오일 투 폼 300ml,https://www.amoremall.com/kr/ko/product/detail?onlineProdSn=63011,34000.0,300 ml,300.0,ml,"정제수, 글리세린, 다이프로필렌글라이콜, 라우릴베타인, 포타슘코코일글리시네이트, 라우릴글루코사이드, 폴리글리세릴-6카프릴레이트, 다이소듐코코암포다이아세테이트, 1,2-헥산-이올, 라우릴하이드록시설테인, 코코-글루코사이드, 폴리글리세릴-10라우레이트, 아크릴레이트코폴리머, 소듐클로라이드, 데실글루코사이드, 피피지-7, 향료, 카프릴릭/카프릭트리 이글리세라이드, 호호바씨오일, 폴리글리세릴-10다이아이소스테아레이트, 에틸헥실글리세린, 알지닌, 아스파틱애씨드, 글루타믹애씨드, 콩폴리펩타이드, 덱스트린, 카카오추출물, 토코페롤",프리메라,프리메라_마일드 앤 퍼펙트 클렌징 오일 투 폼 300ml
인리치드 클렌징 티슈 60매 300g,https://www.amoremall.com/kr/ko/product/detail?onlineProdSn=67261,27000.0,60매 300g,60.0,매,"정제수, 아이소프로필팔미테이트, 코코-카프릴레이트/카프레이트, 부틸렌글라이콜, 아이소도데케인, 아이소노닐아이소노나노에이트, 1,2-헥산다이올, 다이에톡시에틸석시네이트, 카프릴릴글라이콜, 리모넨, 카프릴릴/카프릴글루코사이드, 향료, 에틸헥실글리세린, 소듐메타포스페이트, 리날룰, 소듐시트레이트, 시트릭애씨드, 동백나무씨오일, 호호바씨오일, 토코페롤",프리메라,프리메라_인리치드 클렌징 티슈 60매 300g
비타티놀 세럼 메가샷 마스크 34g*5입,https://www.amoremall.com/kr/ko/product/detail?onlineProdSn=62716,35000.0,34 g X 5매,34.0,g,"""정제수, 글리세린, 다이프로필렌글라이콜, 세틸에틸헥사노에이트, 나이아신아마이드(20,000ppm), 1,2-헥산다이올, 판테놀(13,000ppm), 캐롭검, 카라기난, 다이글리세린, 아이리쉬모스추출물, 카프릴릭/카프릭트라이글리세라이드, 시어버터, 에틸헥실올리베이트, 잔탄검, 셀룰로오스검, 포타슘클로라이드, 폴리아크릴레이트-13, 글리세릴스테아 레이트, 소듐아크릴레이트코폴리머, 수크로오스, 폴리글리세릴-4올리에이트, 에틸헥실글리세린, 하이드로제네이 티드폴리아이소부텐, 아데노신, 다이소듐이디티에이, 아가, 향료, 폴리글리세릴-10라우레이트, 에틸헥실팔미테이트, 구아검, 콩폴리펩타이드, 마그네슘아스코빌포스페이트(98.85ppm), 부틸렌글라이콜, 솔비탄아이소스테아레이트, 레틴알(50ppm), 아스코빅애씨드(10.5ppm), 해바라기씨오일, 돌콩오일, 세라마이드엔피, 하이드로제네이티드 레시틴, 크산토필, 레티놀(1ppm), 포스포릭애씨드(0.65ppm), 소듐아스코빌포스페이트(0.4ppm), 토코페롤""",프리메라,프리메라_비타티놀 세럼 메가샷 마스크 34g*5입
오가니언스 BR 소프트 필링 투 폼 클렌저 120ml,https://www.amoremall.com/kr/ko/product/detail?onlineProdSn=57667,20000.0,120ml,120.0,ml,"정제수, 글리세린, 다이소듐코코일글루타메이트, 라우릴하이드록시설테인, 셀룰로오스, 아크릴레이트코폴리머, 코코-글루코사이드, 데실글루코사이드, 소듐클로라이드, 1,2-헥산다이올, 시트릭애씨드, 락토바실러스발효용해물, 트로메타민, 살리실릭애씨드, 부틸렌글라이콜, 약모밀가루, 리모넨, 폴리쿼터늄-10, 에틸헥실글리세린, 다이포타슘글리시리제이트, 알란토인, 제라니올, 하이알루로닉애씨드, 마데카소사이드, 글루코노락톤, 필리핀오렌지껍질오일, 광곽향오일, 센티드제라늄꽃오일, 베르가모트오일, 마트리카리아꽃오일, 팔마로사오일, 오렌지껍질추출물, 라벤더오일, 검정콩오일, 프로판다이올, 피마자씨오일, 세라마이드엔피, 로즈마리잎오일, 소듐하이알루로네이트, 피토스핑고신, 하이드로제네이티드레시틴, 다마스크장미꽃오일, 토코페롤, 하이드롤라이즈드하이알루로닉애씨드, 소듐하이알루로네이트크로스폴리머, 카놀라오일, 로즈마리잎추출물, 소듐아세틸레이티드하이알루로네이트",프리메라,프리메라_오가니언스 BR 소프트 필링 투 폼 클렌저 120ml
오가니언스 배리어 리페어 2종 기획세트,https://www.amoremall.com/kr/ko/product/detail?onlineProdSn=57462,72000.0,[토너] 160ml [에멀젼] 160ml,160.0,ml,"[토너]정제수, 부틸렌글라이콜, 1,2-헥산다이올, 글리세린, 스쿠알란, 하이 드로제네이티드폴리(C6-14올레핀), 락토바실러스발효용해물, 메도우폼씨 오일, 해바라기씨오일, 하이드로제네이티드레시틴, 카프릴릴글라이콜, 카라 기난, 호두추출물, 리모넨, 콜레스테롤, 에틸헥실글리세린, 다이소듐이디티에이, 당근추출물, 다이포타슘글리시리제이트, 알란토인, 마데카소사이드, 콩폴리 펩타이드, 제라니올, 필리핀오렌지껍질오일, 광곽향오일, 베르가모트오일, 리날룰, 검정콩오일, 시트로넬올, 마트리카리아꽃오일, 센티드제라늄꽃오일, 베타-카로틴, 카프릴릭/카프릭트라이글리세라이드, 프로판다이올, 팔마로사 오일, 라벤더오일, 토코페롤, 오렌지껍질추출물, 피마자씨오일, 세라마이드엔피, 소듐하이알루로네이트, 로즈마리잎오일, 하이드로제네이티드포스파티딜콜린, 피토스핑고신, 하이드롤라이즈드하이알루로닉애씨드, 다마스크장미꽃오일, 하이알루로닉애씨드, 소듐하이알루로네이트크로스폴리머, 카놀라오일, 로즈 마리잎추출물, 소듐아세틸레이티드하이알루로네이트 [에멀젼] 정제수, 부틸렌글라이콜, 글리세린, 펜타에리스리틸테트라에틸헥사 노에이트, 하이드로제네이티드폴리아이소부텐, 하이드로제네이티드폴리 (C6-14올레핀), 비스-하이드록시에톡시프로필다이메티콘, 글리세릴스테아 레이트시트레이트, 1,2-헥산다이올, 글리세릴스테아레이트, 세테아릴알코올, 하이드로제네이티드식물성오일, 락토바실러스발효용해물, 스테아릭애씨드, 페닐트라이메티콘, 해바라기씨오일, 글리세릴폴리메타크릴레이트, 팔미틱 애씨드, 카보머, 당근추출물, 잔탄검, 글리세릴카프릴레이트, 호두추출물, 에틸 헥실글리세린, 리모넨, 소듐폴리아크릴로일다이메틸타우레이트, 트로메타민, 다이소듐이디티에이, 다이포타슘글리시리제이트, 알란토인, 마데카소사이드, 콩폴리펩타이드, 제라니올, 덱스트린, 카카오추출물, 필리핀오렌지껍질오일, 광곽향오일, 베타-카로틴, 베르가모트오일, 리날룰, 토코페롤, 검정콩오일, 시트로넬올, 마트리카리아꽃오일, 센티드제라늄꽃오일, 카프릴릭/카프릭 트라이글리세라이드, 프로판다이올, 팔마로사오일, 라벤더오일, 오렌지껍질 추출물, 피마자씨오일, 세라마이드엔피, 소듐하이알루로네이트, 하이드로제 네이티드레시틴, 로즈마리잎오일, 하이드로제네이티드포스파티딜콜린, 피토 스핑고신, 콜레스테롤, 하이드롤라이즈드하이알루로닉애씨드, 다마스크장미 꽃오일, 하이알루로닉애씨드, 소듐하이알루로네이트크로스폴리머, 카놀라오일, 로즈마리잎추출물, 소듐아세틸레이티드하이알루로네이트",프리메라,프리메라_오가니언스 배리어 리페어 2종 기획세트
비타티놀 인텐스 바운시 리프트 마스크 크림,https://www.amoremall.com/kr/ko/product/detail?onlineProdSn=67168,29000.0,30ml,30.0,ml,"정제수, 부틸렌글라이콜, 글리세린, 하이드로제네이티드폴리(C6-14올레핀), 펜타에리스리틸테트라에틸헥사노에이트, 판테놀, 폴리글리세릴-3다이스테아레이트, 다이메티콘, 에틸헥실팔미테이트, 나이아신아마이드, 피토스테릴/베헤닐/옥틸도데실라우로일글루타메이트, 1,2-헥산다이올, 세테아릴알코올, 글리세릴스테아레이트, 토코페릴아세테이트, 아이소노닐아이소노나노에이트, 스쿠알란, 하이드로제네이티드폴리아이소부텐, 하이드로제네이티드로진, 피이지-100스테아레이트, 풀루란, 합성왁스, 하이드록시에틸셀룰로오스, 다이메틸아이소소바이드, 하이드록시에틸아크릴레이트/소듐아크릴로일다이메틸타우레이트코폴리머, 피브이피, 돌콩오일, 카프릴릭/카프릭트라이글리세라이드, 락토바실러스/콩추출물발효여과물, 트라이메틸실록시실리케이트, 글리세릴스테아레이트시트레이트, 폴리프로필실세스퀴옥세인, 에틸헥실글리세린, 글리세릴카프릴레이트, 칸데릴라왁스에스터, 카프릴릴메티콘, 세테아릴글루코사이드, 폴리쿼터늄-51, 잔탄검, 소듐메타포스페이트, 하이드록시피나콜론레티노에이트, 아데노신, 캐스터오일/아이피디아이코폴리머, 레티놀, 유비퀴논, 하이드로제네이티드폴리(C6-20올레핀), 솔비탄아이소스테아레이트, 아스코빌테트라이소팔미테이트, 카나우바왁스, 글루코노락톤, 엑토인, 에이치디아이/트라이메틸올헥실락톤크로스폴리머, 아크릴레이트/C10-30알킬아크릴레이트크로스폴리머, 폴리솔베이트60, 다이소듐포스페이트, 트로메타민, 아스코빌글루코사이드, 아스코빅애씨드, 토코페롤, 펜틸렌글라이콜, 소듐포스페이트, 프로필렌글라이콜, 소듐하이알루로네이트, 카보머, 아라비아고무나무검, 프로필렌글라이콜알지네이트, 수용성콜라겐",프리메라,프리메라_비타티놀 인텐스 바운시 리프트 마스크 크림
씨드 앤 스프라우트 에너지마스크로터스기획세트 20ml*30매,https://www.amoremall.com/kr/ko/product/detail?onlineProdSn=57874,55000.0,20ml*30매,20.0,ml,"정제수, 부틸렌글라이콜, 사이클로펜타실록세인, 글리세린, 글리세레스-26, 에탄올, 사이클로헥사실록세인, 트레할로오스, 프로판다이올, 다이메티콘올, 카보머, 1,2-헥산다이올, 폴리글리세릴-10라우레이트, 글리세릴카프릴레이트, 포타슘하이드록사이드, 병풀추출물, 소듐폴리아크릴레이트, 에틸헥실글리세린, 다이소듐이디티에이, 모란뿌리추출물, 마트리카리아꽃추출물, 향료, 불가리스쑥추출물, 돌콩싹추출물, 참마뿌리추출물, 약모밀추출물, 쌀추출물, 연꽃씨추출물, 소듐벤조에이트",프리메라,프리메라_씨드 앤 스프라우트 에너지마스크로터스기획세트 20ml*30매
마일드 앤 퍼펙트 페이셜 필링 150ml,https://www.amoremall.com/kr/ko/product/detail?onlineProdSn=21472,30000.0,150ml,150.0,ml,"정제수, 글리세린, 스테아트리모늄메토설페이트, 아크릴레이트/C10-30알킬아크릴레이트크로스폴리머, 이소프로필알코올, 디스테아릴디모늄클로라이드, 리모넨, 코카미도프로필베타인, 부틸렌글라이콜, 향료, 리날룰, 소듐클로라이드, 브로콜리추출물, 소듐벤조에이트, 인도멀구슬나무추출물, 보리지추출물, 방울양 배추추출물, 해바라기추출물, 야생딸기잎추출물, 인디언구스베리추출물, 폴리쿼터늄-51, 페녹시에탄올, 디소듐이디티에이",프리메라,프리메라_마일드 앤 퍼펙트 페이셜 필링 150ml
알파인베리 워터리 크림 75ml,https://www.amoremall.com/kr/ko/product/detail?onlineProdSn=21365,49000.0,75ml,75.0,ml,"정제수, 글리세린, 부틸렌글라이콜, 스쿠알란, 비스-하이 드록시에톡시프로필다이메티콘, 카프릴릭/카프릭/미리스틱/스테 아릭트라이글리세라이드, 수크로오스폴리스테아레이트, 나이아신 아마이드, 다이카프릴릴에터, 메틸트라이메티콘, 우레아, 펜타 에리스리틸테트라에틸헥사노에이트, 1,2-헥산다이올, 글리세릴 스테아레이트, 카카오씨버터, 폴리글리세릴-3메틸글루코오스 다이스테아레이트, 스테아릭애씨드, 피토스테롤, 팔미틱애씨드, 하이드로제네이티드폴리아이소부텐, 하이드록시에틸아크릴 레이트/소듐아크릴로일다이메틸타우레이트코폴리머, 세테아릴 알코올, 아크릴레이트/C10-30알킬아크릴레이트크로스폴리머, 잔탄검, 글리세릴카프릴레이트, 트로메타민, 에틸헥실글리세린, 향료, 솔비탄아이소스테아레이트, 다이소듐이디티에이, 리모넨, 마데카소사이드, 서양산딸기추출물(40ppm), 리날룰, 미리스틱 애씨드, 아라키딕애씨드, 토코페롤, 야생딸기잎추출물(5ppm), 돌콩오일",프리메라,프리메라_알파인베리 워터리 크림 75ml
바하 버블 필링 클렌저 200ml,https://www.amoremall.com/kr/ko/product/detail?onlineProdSn=45627,22000.0,200ml,200.0,ml,"정제수, 다이프로필렌글라이콜, 코코-글루코사이드, 살리실릭애씨드(2%), 카프릴릴/카프릴글루코사이드, 다이소듐코코암포다이아세테이트, 다이소듐코코일글루타메이트, 시트릭애씨드, 포타슘하이드록사이드, 소듐클로라이드, 향료, 글리세릴카프릴레이트, 에탄올, 다이소듐이디티에이, 에틸헥실글리세린, 약모밀추출물, 알지닌, 아스파틱애씨드, 글루타믹애씨드, 부틸렌글라이콜, 토코페롤, 프로판다이올, 콘민트잎추출물, 1,2-헥산다이올, 비니거",프리메라,프리메라_바하 버블 필링 클렌저 200ml
후리 앤 후리 소프트 폼 150ml,https://www.amoremall.com/kr/ko/product/detail?onlineProdSn=19409,31000.0,150ml,150.0,ml,"정제수, 글리세린, 1,2-헥산다이올, 다이소듐코코일글루타메이트, 라우릴글루코사이드, 시트릭애씨드, 향료, 글리세릴카프릴레이트, 에틸헥실글리세린, 다이소듐이디티에이, 불가리스쑥오일, 덱스트린, 황해쑥잎수, 부틸렌글라이콜, 검정콩오일, 토코페롤, 락토바실러스발효용해물, 세라마이드엔피, 피토스핑고신, 하이드로제네이티드레시틴, 카놀라오일, 로즈마리잎추출물",프리메라,프리메라_후리 앤 후리 소프트 폼 150ml
NEW 인리치드 바디 오일 투 폼 클렌저 390ml,https://www.amoremall.com/kr/ko/product/detail?onlineProdSn=67493,38000.0,390ml,390.0,ml,"정제수, 글리세린, 다이프로필렌글라이콜, 포타슘코코일글리시네이트, 라우릴베타인, 라우릴하이드록시설테인, 라우릴글루코사이드, 다이소듐코코암포다이아세테이트, 소듐클로라이드, 코코-글루코사이드, 아크릴레이트코폴리머, 데실글루코사이드, 향료, 폴리글리세릴-6카프릴레이트, 폴리쿼터늄-7, 소듐벤조에이트, 락토바실러스/콩추출물발효여과물, 소듐메타포스페이트, 헥실신남알, 부틸렌글라이콜, 벤질살리실레이트, 에틸헥실글리세린, 리날룰, 리모넨, 시트릭애씨드, 알지닌, 아스파틱애씨드, 글루타믹애씨드, 글루코노락톤, 덱스트린, 1,2-헥산다이올, 잇꽃꽃추출물, 카카오추출물, 호호바씨오일",프리메라,프리메라_NEW 인리치드 바디 오일 투 폼 클렌저 390ml
NEW 나이아시카 워터리 크림 쿠션 15g,https://www.amoremall.com/kr/ko/product/detail?onlineProdSn=63642,33000.0,15g,15.0,g,"정제수, 코코-카프릴레이트/카프레이트, 티타늄디옥사이드 (CI 77891), 아이소아밀라우레이트, 프로판다이올, 징크옥사이드, 트라이헵타노인, 티타늄디옥사이드, 글리세린, 폴리글리세릴-3폴리리시놀리에이트, 폴리글리세릴-3다이아이소스테아레이트, 폴리글리세릴-6폴리리시놀리에이트, 폴리글리세릴-2트라이아이소스테아레이트, 마그네슘설페이트, 황색산화철, 알루미늄하이드록사이드, 실리카, 마이카, 비스머스옥시클로라이드, 다이스테아다이모늄헥토라이트, 스테아릭애씨드, 폴리글리세릴-2아이소스테아레이트, 폴리글리세릴-4아이소스테아레이트, 폴리하이드록시스테아릭애씨드, 드럼스틱씨추출물, 카프릴릭/카프릭트라이글리세라이드, 트라이에톡시카프릴릴실레인, 적색산화철, 하이드록시프로필비스팔미타마이드엠이에이, 나이아신아마이드, 글리세릴카프릴레이트, 카프릴릭/카프릭글리세라이즈, 합성플루오르플로고파이트, 토코페롤, 흑색산화철, 로즈마리잎오일, 마데카소사이드, 판테놀, 콩폴리펩타이드, 세라마이드엔피, 콜레스테롤, 하이알루로닉애씨드, 아미노프로필트라이에톡시실레인",프리메라,프리메라_NEW 나이아시카 워터리 크림 쿠션 15g
오가니언스 BR 컴포트 아미노 리치 폼 150ml,https://www.amoremall.com/kr/ko/product/detail?onlineProdSn=58670,23000.0,150ml,150.0,ml,"정제수, 글리세린, 포타슘코코일글리시네이트, 소듐라우로일글루타메이트, 글리세릴스테아레이트, 글라이콜다이스테아레이트, 소듐코코일글라이시네이트, 라우릴 하이드록시설테인, 시트릭애씨드, 락토바실러스발효용해물, 코코-글루코사이드, 하이 드록시프로필스타치포스페이트, 데실글루코사이드, 소듐클로라이드, 부틸렌글라이콜, 리모넨, 소듐메타포스페이트, 글리세릴카프릴레이트, 하이드록시프로필구아하이드록시 프로필트라이모늄클로라이드, 스핑고모나스발효추출물, 에틸헥실글리세린, 다이포타슘 글리시리제이트, 제라니올, 알란토인, 1,2-헥산다이올, 테트라소듐이디티에이, 필리핀 오렌지껍질오일, 광곽향오일, 센티드제라늄꽃오일, 베르가모트오일, 하이알루로닉 애씨드, 마데카소사이드, 알지닌, 마트리카리아꽃오일, 팔마로사오일, 오렌지껍질추출물, 라벤더오일, 검정콩오일, 피마자씨오일, 프로판다이올, 로즈마리잎오일, 세라마이드엔피, 소듐하이알루로네이트, 다마스크장미꽃오일, 토코페롤, 피토스핑고신, 하이드로제네 이티드레시틴, 하이드롤라이즈드하이알루로닉애씨드, 소듐하이알루로네이트크로스 폴리머, 카놀라오일, 로즈마리잎추출물, 소듐아세틸레이티드하이알루로네이트",프리메라,프리메라_오가니언스 BR 컴포트 아미노 리치 폼 150ml
맨오가니언스 2종 기획세트,https://www.amoremall.com/kr/ko/product/detail?onlineProdSn=62230,72000.0,"(본품) 워터-230mL, 에멀전-160ml (견본) 워터-30mL, 에멀전-30ml",230.0,mL,"[워터] 정제수, 부틸렌글라이콜, 글리세린, 1,2-헥산다이올, 폴리솔베이트20, 쌀배아추출물, 하이드록시에틸아크릴레이트/소듐아크릴로일다이메틸타우레이트코폴리머, 프로판다이올, 폴리메틸실세스퀴옥세인, 돌콩싹추출물, 참깨싹추출물, 폴리아크릴레이트-13, 글리세릴카프릴레이트, 폴리아이소부텐, 아크릴레이트/C10-30 알킬아크릴레이트크로스폴리머, 에틸헥실글리세린, 다이소듐이디티에이, 향료, 트로메타민, 리모넨, 캐모마일꽃추출물, 만니톨, 리날룰, 시트로넬올, 암모늄글리시리제이트, 제라니올, 카페인, 징크글루코네이트, 가시칠엽수씨추출물 [에멀전] 정제수, 부틸렌글라이콜, 글리세린, 스쿠알란, 사이클로펜타실록산, 디메치콘/비닐디메치콘크로스폴리머, 세틸에칠헥사노에이트, 사이클로헥사실록산, 쉐어버터, 쌀배아추출물, 마로니에씨추출물, 콩싹추출물,참깨싹추출물, 센타우리추출물, 카페인, 만니톨, 징크글루코네이트, 암모늄글리시리제이트, 세테 아릴알코올, 베헤닐알코올, 글리세릴카프릴레이트, 글리세릴스테아레이트, C14-22알코올, C12-20알킬글루코사이드, 프로판디올, 에칠헥실글리세린, 1, 2-헥산디올, 피이지-100스테아레이트, C12-14파레스-12, 디메치콘, 디메치콘올,카보머, 트로메타민, 디소듐이디티에이, 향료, 시트랄, 리날룰, 제라니올, 리모넨, 시트로넬올",프리메라,프리메라_맨오가니언스 2종 기획세트
하이드로 글로우 트리트먼트 에센스 150ml,https://www.amoremall.com/kr/ko/product/detail?onlineProdSn=55481,38000.0,150ml,150.0,ml,"정제수, 부틸렌글라이콜, 하이드로제네이티드폴리(C6-14올레핀), 스쿠알란, 1,2-헥산다이올, 메도우폼씨오일, 글리세린, 락토바실러스발효용해물, 지치뿌리추출물, 하이드로제네이티드레시틴, 콜레스테롤, 향료, 카라기난, 글리세릴카프릴레이트, 토코페릴아세테이트, 다이소듐이디티에이, 에틸헥실글리세린, 아데노신, 말토덱스트린, 마데카소사이드, 콩폴리펩타이드, 사포닌, 달맞이꽃오일, 프로판다이올, 소듐하이알루로네이트, 토코페롤, 하이드롤라이즈드하이알루로닉애씨드, 소듐하이알루로네이트크로스폴리머, 하이알루로닉애씨드, 소듐아세틸레이티드하이알루로네이트",프리메라,프리메라_하이드로 글로우 트리트먼트 에센스 150ml
오가니언스 베리어 리페어 카밍 에센스 토너 160ml,https://www.amoremall.com/kr/ko/product/detail?onlineProdSn=57272,35000.0,160ml,160.0,ml,"""정제수, 부틸렌글라이콜, 1,2-헥산다이올, 글리세린, 스쿠알란, 하이 드로제네이티드폴리(C6-14올레핀), 락토바실러스발효용해물, 메도우폼씨 오일, 해바라기씨오일, 하이드로제네이티드레시틴, 카프릴릴글라이콜, 카라 기난, 호두추출물, 리모넨, 콜레스테롤, 에틸헥실글리세린, 다이소듐이디티에이, 당근추출물, 다이포타슘글리시리제이트, 알란토인, 마데카소사이드, 콩폴리 펩타이드, 제라니올, 필리핀오렌지껍질오일, 광곽향오일, 베르가모트오일, 리날룰, 검정콩오일, 시트로넬올, 마트리카리아꽃오일, 센티드제라늄꽃오일, 베타-카로틴, 카프릴릭/카프릭트라이글리세라이드, 프로판다이올, 팔마로사 오일, 라벤더오일, 토코페롤, 오렌지껍질추출물, 피마자씨오일, 세라마이드엔피, 소듐하이알루로네이트, 로즈마리잎오일, 하이드로제네이티드포스파티딜콜린, 피토스핑고신, 하이드롤라이즈드하이알루로닉애씨드, 다마스크장미꽃오일, 하이알루로닉애씨드, 소듐하이알루로네이트크로스폴리머, 카놀라오일, 로즈 마리잎추출물, 소듐아세틸레이티드하이알루로네이트""",프리메라,프리메라_오가니언스 베리어 리페어 카밍 에센스 토너 160ml
오가니언스 베리어 리페어 씨드펩타이드 리저브 크림 50ml,https://www.amoremall.com/kr/ko/product/detail?onlineProdSn=59285,43000.0,50ml,50.0,ml,"정제수, 글리세린, 부틸렌글라이콜, 스쿠알란, 비스-하이드록시에톡시프로필다이메티콘, 다이카프릴릴에터, 폴리글리세릴-3메틸글루코오스다이스테아레이트, 카프릴릭/카프릭/미리스틱/스테아릭트라이글리세라이드, 세테아릴알코올, 메틸트라이메티콘, 1,2-헥산다이올, 글리세릴스테아레이트, 베헤닐알코올, 카카오씨버터, 락토바실러스발효용해물, 팔미틱애씨드, 피토스테롤, 스테아릭애씨드, 해바라기씨오일, 세테아릴글루코사이드, 하이드록시에틸아크릴레이트/소듐아크릴로일다이메틸타우레이트코폴리머, 당근추출물, 리모넨, 아크릴레이트/C10-30알킬아크릴레이트크로스폴리머, 글리세릴카프릴레이트, 트로메타민, 에틸헥실글리세린, 다이포타슘글리시리제이트, 알란토인, 솔비탄아이소스테아레이트, 다이소듐이디티에이, 제라니올, 마데카소사이드, 콩폴리펩타이드, 필리핀오렌지껍질오일, 광곽향오일, 덱스트린, 카카오추출물, 베르가모트오일, 토코페롤, 리날룰, 베타-카로틴, 시트로넬올, 마트리카리아꽃오일, 센티드제라늄꽃오일, 검정콩오일, 팔마로사오일, 카프릴릭/카프릭트라이글리세라이드, 프로판다이올, 라벤더오일, 오렌지껍질추출물, 피마자씨오일, 세라마이드엔피, 소듐하이알루로네이트, 로즈마리잎오일, 하이드로제네이티드레시틴, 하이드로제네이티드포스파티딜콜린, 피토스핑고신, 콜레스테롤, 다마스크장미꽃오일, 하이드롤라이즈드하이알루로닉애씨드, 하이알루로닉애씨드, 소듐하이알루로네이트크로스폴리머, 카놀라오일, 로즈마리잎추출물, 소듐아세틸레이티드하이알루로네이트",프리메라,프리메라_오가니언스 베리어 리페어 씨드펩타이드 리저브 크림 50ml
레티놀 볼륨 립 세럼 튜브 7g,https://www.amoremall.com/kr/ko/product/detail?onlineProdSn=63259,18000.0,7g,7.0,g,"(로지) 하이드로제네이티드폴리(C6-14올레핀), 하이드로제네이티드폴리아이소부텐, 카프릴릭/카프릭트라이글리세라이드, 에틸렌/프로필렌/스타이렌코폴리머, 토코페릴아세테이트, 폴리글리세릴-2트라이아이소스테아레이트, 부틸렌/에틸렌/스타이렌코폴리머, 티타늄디옥사이드 (CI 77891), 멘톡시프로판다이올, 적색산화철, 돌콩오일, 아스코빌테트라이소팔미테이트, 리모넨, 적색201호, 적색202호, 레티놀(500IU/G), 펜타에리스리틸테트라-다이-T-부틸하이드록시하이드로신나메이트, 정제수, 제라니올, 흑색산화철, 알루미늄하이드록사이드, 트라이에톡시카프릴릴실레인, 필리핀오렌지껍질오일, 광곽향오일, 글리세린, 베르가모트오일, 리날룰, 시트로넬올, 마트리카리아꽃오일, 센티드제라늄꽃오일, 프로판다이올, 세라마이드엔피, 콩폴리펩타이드, 팔마로사오일, 락토바실러스발효용해물, 라벤더오일, 오렌지껍질추출물, 피마자씨오일, 부틸렌글라이콜, 소듐하이알루로네이트, 하이드롤라이즈드익스텐신, 호호바씨오일, 폴리글리세릴-10라우레이트, 로즈마리잎오일, 1,2-헥산다이올, 하이드롤라이즈드하이알루로닉애씨드, 하이드로제네이티드레시틴, 다마스크장미꽃오일, 토코페롤, 소듐하이알루로네이트크로스폴리머, 하이알루로닉애씨드, 에틸헥실글리세린, 소듐아세틸레이티드하이알루로네이트",프리메라,프리메라_레티놀 볼륨 립 세럼 튜브 7g
오가니언스 베리어 리페어 씨드 펩타이드 리저브 세럼 30ml,https://www.amoremall.com/kr/ko/product/detail?onlineProdSn=59284,45000.0,30ml,30.0,ml,화장품법에 따른 기능성 화장품 심사를 필함,프리메라,프리메라_오가니언스 베리어 리페어 씨드 펩타이드 리저브 세럼 30ml
오가니언스 베리어 리페어 하이드레이션 크림 에멀젼 160ml,https://www.amoremall.com/kr/ko/product/detail?onlineProdSn=57273,37000.0,160ml,160.0,ml,"""정제수, 부틸렌글라이콜, 글리세린, 펜타에리스리틸테트라에틸헥사 노에이트, 하이드로제네이티드폴리아이소부텐, 하이드로제네이티드폴리 (C6-14올레핀), 비스-하이드록시에톡시프로필다이메티콘, 글리세릴스테아 레이트시트레이트, 1,2-헥산다이올, 글리세릴스테아레이트, 세테아릴알코올, 하이드로제네이티드식물성오일, 락토바실러스발효용해물, 스테아릭애씨드, 페닐트라이메티콘, 해바라기씨오일, 글리세릴폴리메타크릴레이트, 팔미틱 애씨드, 카보머, 당근추출물, 잔탄검, 글리세릴카프릴레이트, 호두추출물, 에틸 헥실글리세린, 리모넨, 소듐폴리아크릴로일다이메틸타우레이트, 트로메타민, 다이소듐이디티에이, 다이포타슘글리시리제이트, 알란토인, 마데카소사이드, 콩폴리펩타이드, 제라니올, 덱스트린, 카카오추출물, 필리핀오렌지껍질오일, 광곽향오일, 베타-카로틴, 베르가모트오일, 리날룰, 토코페롤, 검정콩오일, 시트로넬올, 마트리카리아꽃오일, 센티드제라늄꽃오일, 카프릴릭/카프릭 트라이글리세라이드, 프로판다이올, 팔마로사오일, 라벤더오일, 오렌지껍질 추출물, 피마자씨오일, 세라마이드엔피, 소듐하이알루로네이트, 하이드로제 네이티드레시틴, 로즈마리잎오일, 하이드로제네이티드포스파티딜콜린, 피토 스핑고신, 콜레스테롤, 하이드롤라이즈드하이알루로닉애씨드, 다마스크장미 꽃오일, 하이알루로닉애씨드, 소듐하이알루로네이트크로스폴리머, 카놀라오일, 로즈마리잎추출물, 소듐아세틸레이티드하이알루로네이트""",프리메라,프리메라_오가니언스 베리어 리페어 하이드레이션 크림 에멀젼 160ml
리페어링 세라캡슐 UV프로텍터 40ml,https://www.amoremall.com/kr/ko/product/detail?onlineProdSn=57069,34000.0,40ml,40.0,ml,"정제수, 부틸렌글라이콜, 호모살레이트, 디에칠아미노하이드록시벤조일헥실벤조에이트, 에칠헥실살리실레이트, 페닐트라이메티콘, 글리세린, C12-15알킬벤조에이트, 실리카, 비스-에칠헥실옥시페놀메톡시페닐트리아진, 다이부틸아디페이트, 테레프탈릴리덴디캠퍼설포닉애씨드, 세테아릴알코올, 1,2-헥산다이올, 트로메타민, 락토바실러스발효용해물, 포타슘세틸포스페이트, 글리세릴스테아레이트, 스테아릭애씨드, 하이드록시프로필비스팔미타마이드엠이에이, 아크릴레이트/C10-30알킬아크릴레이트크로스폴리머, 폴리아크릴레이트크로스폴리머-6, 만니톨, 베헤닐알코올, 하이드로제네이티드레시틴, 글리세릴카프릴레이트, 에틸헥실글리세린, 황금추출물, 폴리글리세릴-3메틸글루코오스다이스테아레이트, 팔미틱애씨드, 다이소듐이디티에이, 아크릴레이트/암모늄메타크릴레이트코폴리머, 리모넨, 카보머, 광곽향오일, 제라니올, 콩폴리펩타이드, 콜레스테롤, 베르가모트추출물, 시트로넬올, 레몬껍질오일, 리날룰, 센티드제라늄꽃오일, 하이드롤라이즈드옥수수전분, 소나무잎추출물, 팔마로사오일, 라벤더오일, 시트랄, 미리스틱애씨드, 마트리카리아꽃오일, 로즈마리잎오일, 라우릭애씨드, 왕귤껍질오일, 토코페롤, 갈립검오일, 필리핀오렌지껍질오일, 베르가모트껍질오일",프리메라,프리메라_리페어링 세라캡슐 UV프로텍터 40ml
더 핸드크림 미스트 20ml,https://www.amoremall.com/kr/ko/product/detail?onlineProdSn=60306,28000.0,20ml,20.0,ml,"정제수, 글리세린, 부틸렌글라이콜, 프로판다이올, 폴리글리세린-3, 하이드로제네이티드쌀겨오일, 1,2-헥산다이올, 락토바실러스발효용해물, 하이드로제네이티드레시틴, 펜틸렌글라이콜, 피피지-13-데실테트라데세스-24, 에틸헥실글리세린, 리모넨, 소듐스테아로일글루타메이트, 다이소듐이디티에이, 녹차씨오일, 콩폴리펩타이드, 제라니올, 필리핀오렌지껍질오일, 광곽향오일, 베르가모트오일, 리날룰, 시트로넬올, 마트리카리아꽃오일, 센티드제라늄꽃오일, 시어버터, 호호바씨오일, 팔마로사오일, 라벤더오일, 오렌지껍질추출물, 피마자씨오일, 소듐하이알루로네이트, 로즈마리잎오일, 토코페롤, 하이드롤라이즈드하이알루로닉애씨드, 다마스크장미꽃오일, 소듐하이알루로네이트크로스폴리머, 하이알루로닉애씨드, 소듐아세틸레이티드하이알루로네이트, 시트릭애씨드",프리메라,프리메라_더 핸드크림 미스트 20ml
알파인 베리 워터리 크림 50ml,https://www.amoremall.com/kr/ko/product/detail?onlineProdSn=19757,41000.0,50ml,50.0,ml,"정제수, 글리세린, 부틸렌글라이콜, 스쿠알란, 비스-하이 드록시에톡시프로필다이메티콘, 카프릴릭/카프릭/미리스틱/스테 아릭트라이글리세라이드, 수크로오스폴리스테아레이트, 나이아신 아마이드, 다이카프릴릴에터, 메틸트라이메티콘, 우레아, 펜타 에리스리틸테트라에틸헥사노에이트, 1,2-헥산다이올, 글리세릴 스테아레이트, 카카오씨버터, 폴리글리세릴-3메틸글루코오스 다이스테아레이트, 스테아릭애씨드, 피토스테롤, 팔미틱애씨드, 하이드로제네이티드폴리아이소부텐, 하이드록시에틸아크릴 레이트/소듐아크릴로일다이메틸타우레이트코폴리머, 세테아릴 알코올, 아크릴레이트/C10-30알킬아크릴레이트크로스폴리머, 잔탄검, 글리세릴카프릴레이트, 트로메타민, 에틸헥실글리세린, 향료, 솔비탄아이소스테아레이트, 다이소듐이디티에이, 리모넨, 마데카소사이드, 서양산딸기추출물(40ppm), 리날룰, 미리스틱 애씨드, 아라키딕애씨드, 토코페롤, 야생딸기잎추출물(5ppm), 돌콩오일",프리메라,프리메라_알파인 베리 워터리 크림 50ml
알파인 베리 워터리 크림 150ml,https://www.amoremall.com/kr/ko/product/detail?onlineProdSn=63714,84000.0,150ml,150.0,ml,"정제수, 글리세린, 부틸렌글라이콜, 스쿠알란, 비스-하이 드록시에톡시프로필다이메티콘, 카프릴릭/카프릭/미리스틱/스테 아릭트라이글리세라이드, 수크로오스폴리스테아레이트, 나이아신 아마이드, 다이카프릴릴에터, 메틸트라이메티콘, 우레아, 펜타 에리스리틸테트라에틸헥사노에이트, 1,2-헥산다이올, 글리세릴 스테아레이트, 카카오씨버터, 폴리글리세릴-3메틸글루코오스 다이스테아레이트, 스테아릭애씨드, 피토스테롤, 팔미틱애씨드, 하이드로제네이티드폴리아이소부텐, 하이드록시에틸아크릴 레이트/소듐아크릴로일다이메틸타우레이트코폴리머, 세테아릴 알코올, 아크릴레이트/C10-30알킬아크릴레이트크로스폴리머, 잔탄검, 글리세릴카프릴레이트, 트로메타민, 에틸헥실글리세린, 향료, 솔비탄아이소스테아레이트, 다이소듐이디티에이, 리모넨, 마데카소사이드, 서양산딸기추출물(40ppm), 리날룰, 미리스틱 애씨드, 아라키딕애씨드, 토코페롤, 야생딸기잎추출물(5ppm), 돌콩오일",프리메라,프리메라_알파인 베리 워터리 크림 150ml
NEW 비타티놀 바운시 리프트 세럼 30g 1입,https://www.amoremall.com/kr/ko/product/detail?onlineProdSn=66135,39000.0,30g,30.0,g,"정제수, 부틸렌글라이콜, 글리세린, 메틸글루세스-20, 아스코빌글루코사이드, 나이아신아마이드, 카프릴릴메티콘, 카프릴릭/카프릭트라이글리세라이드, 하이드로제네이티드폴리아이소부텐, 1,2-헥산다이올, 트로메타민, 하이드록시에틸아크릴레이트/소듐아크릴로일다이메틸타우레이트코폴리머, 폴리솔베이트20, 폴리아크릴레이트-13, 다이메티콘, 판테놀, 소듐스테아로일글루타메이트, 소듐시트레이트, 폴리아이소부텐, 폴리아크릴레이트크로스폴리머-6, 다이메틸아이소소바이드, 락토바실러스/콩추출물발효여과물, 해바라기씨오일, 옥수수전분, 돌콩오일, 만니톨, 수크로오스, 마이크로크리스탈린셀룰로오스, 글리세릴카프릴레이트, 스핑고모나스발효추출물, 에틸헥실글리세린, 솔비탄아이소스테아레이트, 소듐메타포스페이트, 당근추출물, 아데노신, 하이드록시피나콜론레티노에이트, 시트릭애씨드, 레티놀, 티타늄디옥사이드 (CI 77891), 황색산화철, 엑토인, 하이드로제네이티드레시틴, 아스코빅애씨드, 베타-카로틴, 토코페롤, 펜틸렌글라이콜, 프로필렌글라이콜, 소듐하이알루로네이트, 카보머, 아세틸테트라펩타이드-11, 아라비아고무나무검, 프로필렌글라이콜알지네이트",프리메라,프리메라_NEW 비타티놀 바운시 리프트 세럼 30g 1입
씨드 앤 스프라우트 에너지 마스크_로터스 5매 20ml,https://www.amoremall.com/kr/ko/product/detail?onlineProdSn=17777,15000.0,20ml*5매입,20.0,ml,"정제수, 부틸렌글라이콜, 사이클로펜타실록세인, 글리세린, 글리세레스-26, 에탄올, 사이클로헥사실록세인, 트레할로오스, 프로판다이올, 다이메티콘올, 카보머, 1,2-헥산다이올, 폴리글리세릴-10라우레이트, 글리세릴카프릴레이트, 포타슘하이드록사이드, 병풀추출물, 소듐폴리아크릴레이트, 에틸헥실글리세린, 다이소듐이디티에이, 모란뿌리추출물, 마트리카리아꽃추출물, 향료, 불가리스쑥추출물, 돌콩싹추출물, 참마뿌리추출물, 약모밀추출물, 쌀추출물, 연꽃씨추출물, 소듐벤조에이트",프리메라,프리메라_씨드 앤 스프라우트 에너지 마스크_로터스 5매 20ml
알파인 베리 워터리 수딩 젤크림 100ml,https://www.amoremall.com/kr/ko/product/detail?onlineProdSn=50192,62000.0,100ml,100.0,ml,"정제수, 프로판다이올, 글리세린, 메도우폼씨오일, 베타인, 베헤닐알코올, 1,2-헥산다이올, 부틸렌글라이콜, 카보머, 피토스테롤, 호호바에스터, 트로메타민, 아라키딜알코올, 글리세릴카프릴레이트, 에틸헥실글리세린, 다이소듐이디티에이, 아라키딜글루코사이드, 콘민트잎추출물, 서양산딸기추출물(40ppm), 토코페롤, 글루코오스, 야생딸기잎추출물(5ppm)",프리메라,프리메라_알파인 베리 워터리 수딩 젤크림 100ml
알파인 베리 워터리 수딩젤 크림 75ml,https://www.amoremall.com/kr/ko/product/detail?onlineProdSn=47513,49000.0,75ml,75.0,ml,"정제수, 프로판다이올, 글리세린,메도우폼씨오일, 베타인, 베헤닐알코올,1,2-헥산다이올, 부틸렌글라이콜, 카보머,피토스테롤, 호호바에스터, 트로메타민,아라키딜알코올, 글리세릴카프릴레이트,에틸헥실글리세린, 다이소듐이디티에이,아라키딜글루코사이드, 콘민트잎추출물,서양산딸기추출물(40ppm), 토코페롤,글루코오스, 야생딸기잎추출물(5ppm)",프리메라,프리메라_알파인 베리 워터리 수딩젤 크림 75ml
마일드 앤 퍼펙트 포어 필링 패드 60매,https://www.amoremall.com/kr/ko/product/detail?onlineProdSn=62972,29000.0,60매/ 130ml,60.0,매,"정제수, 부틸렌글라이콜, 글리세레스-26, 나이아신아마이드, 프로판다이올, 1,2-헥산다이올, 폴리글리세릴-10라우레이트, 글리세린, 글루 코노락톤, 에틸헥실글리세린, 스쿠알란, 세틸에틸헥사노에이트, 하이드록시에틸셀룰로오스, 잔탄검, 카프릴로일살리실릭애씨드, 하이드로제네이티 드폴리데센, 올리브오일, 하이드로제네이티드레시틴, 탱자추출물, 폴리글리세릴-3메틸 글루코오스다이스테아레이트, 시트릭애씨드, 다이소듐이디티 에이, 판테놀, 소듐시트레이트, 효모발효물, 카프릴릭/카프릭트라이글리세라이드, 락토바실러스발효물, 리모넨, 베르가모트오일, 브루셀스프라 우트추출물, 리날룰, 토코페롤, 병풀추출물, 약모밀추출물, 콩폴리펩타이드, 향부자 추출물, 소듐아스코빌포스페이트, 칡뿌리추출물, 당느릅나무 뿌리추출물, 달맞이꽃추출물, 대왕소나무잎추출물, 세라마이드엔피, 조추출물",프리메라,프리메라_마일드 앤 퍼펙트 포어 필링 패드 60매
알파인베리 워터리 수딩젤 크림 50ml,https://www.amoremall.com/kr/ko/product/detail?onlineProdSn=21364,41000.0,50ml,50.0,ml,"""정제수, 프로판다이올, 글리세린, 메도우폼씨오일, 베타인, 베헤닐알코올, 1,2-헥산다이올, 부틸렌글라이콜, 카보머, 피토스테롤, 호호바에스터, 트로메타민, 아라키딜알코올, 글리세릴카프릴레이트, 에틸헥실글리세린, 다이소듐이디티에이, 아라키딜글루코사이드, 콘민트잎추출물, 서양산딸기추출물(40ppm), 토코페롤, 글루코오스, 야생딸기잎추출물(5ppm)""",프리메라,프리메라_알파인베리 워터리 수딩젤 크림 50ml
리페어링 세라캡슐 UV프로텍터 톤업 프라이밍 40ml,https://www.amoremall.com/kr/ko/product/detail?onlineProdSn=60913,34000.0,40ml,40.0,ml,"정제수, 호모살레이트, 부틸렌글라이콜, 디에칠아미노하이드록시벤조일헥실벤조에이트, 에칠헥실살리실레이트, 글리세린, 페닐트라이메티콘, C12-15알킬벤조에이트, 비스-에칠헥실옥시페놀메톡시페닐트리아진, 나이아신아마이드, 다이부틸아디페이트, 티타늄디옥사이드 (CI 77891), 테레프탈릴리덴디캠퍼설포닉애씨드, 세테아릴알코올, 실리카, 1,2-헥산다이올, 락토바실러스발효용해물, 트로메타민, 포타슘세틸포스페이트, 폴리아크릴레이트크로스폴리머-6, 소듐폴리아크릴로일다이메틸타우레이트, 글리세릴스테아레이트, 하이드로제네이티드레시틴, 카프릴릴글라이콜, 에틸헥실글리세린, 스테아릭애씨드, 폴리글리세릴-3메틸글루코오스다이스테아레이트, 팔미틱애씨드, 다이소듐이디티에이, 알루미늄하이드록사이드, 적색산화철, 하이드록시프로필비스팔미타마이드엠이에이, 트라이에톡시카프릴릴실레인, 만니톨, 리모넨, 콩폴리펩타이드, 광곽향오일, 제라니올, 아크릴레이트/암모늄메타크릴레이트코폴리머, 레몬껍질오일, 베르가모트추출물, 시트로넬올, 리날룰, 센티드제라늄꽃오일, 팔마로사오일, 미리스틱애씨드, 라벤더오일, 콜레스테롤, 라우릭애씨드, 마트리카리아꽃오일, 로즈마리잎오일, 왕귤껍질오일, 토코페롤, 필리핀오렌지껍질오일, 갈립검오일, 베르가모트껍질오일",프리메라,프리메라_리페어링 세라캡슐 UV프로텍터 톤업 프라이밍 40ml
알파인베리 워터리 크림 100ml*2입 + 월리 우프 무드등,https://www.amoremall.com/kr/ko/product/detail?onlineProdSn=67574,96720.0,100ml*2,100.0,ml,"정제수, 글리세린, 부틸렌글라이콜, 스쿠알란, 비스-하이 드록시에톡시프로필다이메티콘, 카프릴릭/카프릭/미리스틱/스테 아릭트라이글리세라이드, 수크로오스폴리스테아레이트, 나이아신 아마이드, 다이카프릴릴에터, 메틸트라이메티콘, 우레아, 펜타 에리스리틸테트라에틸헥사노에이트, 1,2-헥산다이올, 글리세릴 스테아레이트, 카카오씨버터, 폴리글리세릴-3메틸글루코오스 다이스테아레이트, 스테아릭애씨드, 피토스테롤, 팔미틱애씨드, 하이드로제네이티드폴리아이소부텐, 하이드록시에틸아크릴 레이트/소듐아크릴로일다이메틸타우레이트코폴리머, 세테아릴 알코올, 아크릴레이트/C10-30알킬아크릴레이트크로스폴리머, 잔탄검, 글리세릴카프릴레이트, 트로메타민, 에틸헥실글리세린, 향료, 솔비탄아이소스테아레이트, 다이소듐이디티에이, 리모넨, 마데카소사이드, 서양산딸기추출물(40ppm), 리날룰, 미리스틱 애씨드, 아라키딕애씨드, 토코페롤, 야생딸기잎추출물(5ppm), 돌콩오일",프리메라,프리메라_알파인베리 워터리 크림 100ml*2입 + 월리 우프 무드등
비타티놀 바운시 리프트 세럼 30g 4입 + 월리 우프 무드등,https://www.amoremall.com/kr/ko/product/detail?onlineProdSn=67573,103320.0,30gX4 (30g+ 30g30g+30g),30.0,g,"정제수, 부틸렌글라이콜, 글리세린, 메틸글루세스-20, 아스코빌글루코사이드, 나이아신아마이드, 카프릴릴메티콘, 카프릴릭/카프릭트라이글리세라이드, 하이드로제네이티드폴리아이소부텐, 1,2-헥산다이올, 트로메타민, 하이드록시에틸아크릴레이트/소듐아크릴로일다이메틸타우레이트코폴리머, 폴리솔베이트20, 폴리아크릴레이트-13, 다이메티콘, 판테놀, 소듐스테아로일글루타메이트, 소듐시트레이트, 폴리아이소부텐, 폴리아크릴레이트크로스폴리머-6, 다이메틸아이소소바이드, 락토바실러스/콩추출물발효여과물, 해바라기씨오일, 옥수수전분, 돌콩오일, 만니톨, 수크로오스, 마이크로크리스탈린셀룰로오스, 글리세릴카프릴레이트, 스핑고모나스발효추출물, 에틸헥실글리세린, 솔비탄아이소스테아레이트, 소듐메타포스페이트, 당근추출물, 아데노신, 하이드록시피나콜론레티노에이트, 시트릭애씨드, 레티놀, 티타늄디옥사이드 (CI 77891), 황색산화철, 엑토인, 하이드로제네이티드레시틴, 아스코빅애씨드, 베타-카로틴, 토코페롤, 펜틸렌글라이콜, 프로필렌글라이콜, 소듐하이알루로네이트, 카보머, 아세틸테트라펩타이드-11, 아라비아고무나무검, 프로필렌글라이콜알지네이트",프리메라,프리메라_비타티놀 바운시 리프트 세럼 30g 4입 + 월리 우프 무드등
워터리 에센스 250ml 더블 세트,https://www.amoremall.com/kr/ko/product/detail?onlineProdSn=67403,68000.0,250ml*2 (250ml+250ml),250.0,ml,"정제수, 프로판다이올, 부틸렌글라이콜, 글리세린, 1,2-헥산다이올, 피피지-13-데실테트라데세스-24, 다이소듐이디티에이, 에틸헥실글리세린, 덱스트린, 카카오추출물, 에탄올, 하이알루로닉애씨드, 황금추출물, 약모밀추출물, 글루코노락톤, 사철쑥추출물, 토코페롤",프리메라,프리메라_워터리 에센스 250ml 더블 세트
마일드 앤 퍼펙트 클렌징 오일 투 폼 200ml 더블 기프트 세트,https://www.amoremall.com/kr/ko/product/detail?onlineProdSn=67400,52000.0,200ml*2 (200ml+200ml),200.0,ml,"정제수, 글리세린, 다이프로필렌글라이콜, 라우릴베타인, 포타슘코코일글리시네이트, 라우릴글루코사이드, 폴리글리세릴-6카프릴레이트, 다이소듐코코암포다이아세테이트, 1,2-헥산다이올, 라우릴하이드록시설테인, 코코-글루코사이드, 폴리글리세릴-10라우레이트, 아크릴레이트코폴리머, 소듐클로라이드, 데실글루코사이드, 피피지-7, 향료, 카프릴릭/카프릭트라이글리세라이드, 호호바씨오일, 폴리글리세릴-10다이아이소스테아레이트, 에틸헥실글리세린, 알지닌, 아스파틱애씨드, 글루타믹애씨드, 콩폴리펩타이드, 덱스트린, 카카오추출물, 토코페롤",프리메라,프리메라_마일드 앤 퍼펙트 클렌징 오일 투 폼 200ml 더블 기프트 세트
비타티놀 인텐스 바운시 리프트 마스크 크림 30ml+리필 30ml 더블 세트,https://www.amoremall.com/kr/ko/product/detail?onlineProdSn=67398,66000.0,[본품] 30ml [리필] 30ml,30.0,ml,"정제수, 부틸렌글라이콜, 글리세린, 하이드로제네이티드폴리(C6-14올레핀), 펜타에리스리틸테트라에틸헥사노에이트, 판테놀, 폴리글리세릴-3다이스테아레이트, 다이메티콘, 에틸헥실팔미테이트, 나이아신아마이드, 피토스테릴/베헤닐/옥틸도데실라우로일글루타메이트, 1,2-헥산다이올, 세테아릴알코올, 글리세릴스테아레이트, 토코페릴아세테이트, 아이소노닐아이소노나노에이트, 스쿠알란, 하이드로제네이티드폴리아이소부텐, 하이드로제네이티드로진, 피이지-100스테아레이트, 풀루란, 합성왁스, 하이드록시에틸셀룰로오스, 다이메틸아이소소바이드, 하이드록시에틸아크릴레이트/소듐아크릴로일다이메틸타우레이트코폴리머, 피브이피, 돌콩오일, 카프릴릭/카프릭트라이글리세라이드, 락토바실러스/콩추출물발효여과물, 트라이메틸실록시실리케이트, 글리세릴스테아레이트시트레이트, 폴리프로필실세스퀴옥세인, 에틸헥실글리세린, 글리세릴카프릴레이트, 칸데릴라왁스에스터, 카프릴릴메티콘, 세테아릴글루코사이드, 폴리쿼터늄-51, 잔탄검, 소듐메타포스페이트, 하이드록시피나콜론레티노에이트, 아데노신, 캐스터오일/아이피디아이코폴리머, 레티놀, 유비퀴논, 하이드로제네이티드폴리(C6-20올레핀), 솔비탄아이소스테아레이트, 아스코빌테트라이소팔미테이트, 카나우바왁스, 글루코노락톤, 엑토인, 에이치디아이/트라이메틸올헥실락톤크로스폴리머, 아크릴레이트/C10-30알킬아크릴레이트크로스폴리머, 폴리솔베이트60, 다이소듐포스페이트, 트로메타민, 아스코빌글루코사이드, 아스코빅애씨드, 토코페롤, 펜틸렌글라이콜, 소듐포스페이트, 프로필렌글라이콜, 소듐하이알루로네이트, 카보머, 아라비아고무나무검, 프로필렌글라이콜알지네이트, 수용성콜라겐",프리메라,프리메라_비타티놀 인텐스 바운시 리프트 마스크 크림 30ml+리필 30ml 더블 세트
비타티놀 세럼 메가샷 마스크세트 34g*5매 X 4개 세트,https://www.amoremall.com/kr/ko/product/detail?onlineProdSn=67395,140000.0,34 g X 5매*4 (총 20매),34.0,g,"정제수, 글리세린, 다이프로필렌글라이콜, 세틸에틸헥사노에이트, 나이아신아마이드(20,000ppm), 1,2-헥산다이올, 판테놀(13,000ppm), 캐롭검, 카라기난, 다이글리세린, 아이리쉬모스추출물, 카프릴릭/카프릭트라이글리세라이드, 시어버터, 에틸헥실올리베이트, 잔탄검, 셀룰로오스검, 포타슘클로라이드, 폴리아크릴레이트-13, 글리세릴스테아 레이트, 소듐아크릴레이트코폴리머, 수크로오스, 폴리글리세릴-4올리에이트, 에틸헥실글리세린, 하이드로제네이 티드폴리아이소부텐, 아데노신, 다이소듐이디티에이, 아가, 향료, 폴리글리세릴-10라우레이트, 에틸헥실팔미테이트, 구아검, 콩폴리펩타이드, 마그네슘아스코빌포스페이트(98.85ppm), 부틸렌글라이콜, 솔비탄아이소스테아레이트, 레틴알(50ppm), 아스코빅애씨드(10.5ppm), 해바라기씨오일, 돌콩오일, 세라마이드엔피, 하이드로제네이티드 레시틴, 크산토필, 레티놀(1ppm), 포스포릭애씨드(0.65ppm), 소듐아스코빌포스페이트(0.4ppm), 토코페롤",프리메라,프리메라_비타티놀 세럼 메가샷 마스크세트 34g*5매 X 4개 세트
마일드 앤 퍼펙트 페이셜 필링 250ml,https://www.amoremall.com/kr/ko/product/detail?onlineProdSn=67384,42000.0,250ml,250.0,ml,"정제수, 글리세린, 스테아트리모늄메토설페이트, 아크릴레이트/C10-30알킬아크릴레이트크로스폴리머, 이소프로필알코올, 디스테아릴디모늄클로라이드, 리모넨, 코카미도프로필베타인, 부틸렌글라이콜, 향료, 리날룰, 소듐클로라이드, 브로콜리추출물, 소듐벤조에이트, 인도멀구슬나무추출물, 보리지추출물, 방울양 배추추출물, 해바라기추출물, 야생딸기잎추출물, 인디언구스베리추출물, 폴리쿼터늄-51, 페녹시에탄올, 디소듐이디티에이",프리메라,프리메라_마일드 앤 퍼펙트 페이셜 필링 250ml
비타티놀 인텐스 바운시 리프트 마스크 크림 30ml,https://www.amoremall.com/kr/ko/product/detail?onlineProdSn=67155,37000.0,30ml,30.0,ml,"정제수, 부틸렌글라이콜, 글리세린, 하이드로제네이티드폴리(C6-14올레핀), 펜타에리스리틸테트라에틸헥사노에이트, 판테놀, 폴리글리세릴-3다이스테아레이트, 다이메티콘, 에틸헥실팔미테이트, 나이아신아마이드, 피토스테릴/베헤닐/옥틸도데실라우로일글루타메이트, 1,2-헥산다이올, 세테아릴알코올, 글리세릴스테아레이트, 토코페릴아세테이트, 아이소노닐아이소노나노에이트, 스쿠알란, 하이드로제네이티드폴리아이소부텐, 하이드로제네이티드로진, 피이지-100스테아레이트, 풀루란, 합성왁스, 하이드록시에틸셀룰로오스, 다이메틸아이소소바이드, 하이드록시에틸아크릴레이트/소듐아크릴로일다이메틸타우레이트코폴리머, 피브이피, 돌콩오일, 카프릴릭/카프릭트라이글리세라이드, 락토바실러스/콩추출물발효여과물, 트라이메틸실록시실리케이트, 글리세릴스테아레이트시트레이트, 폴리프로필실세스퀴옥세인, 에틸헥실글리세린, 글리세릴카프릴레이트, 칸데릴라왁스에스터, 카프릴릴메티콘, 세테아릴글루코사이드, 폴리쿼터늄-51, 잔탄검, 소듐메타포스페이트, 하이드록시피나콜론레티노에이트, 아데노신, 캐스터오일/아이피디아이코폴리머, 레티놀, 유비퀴논, 하이드로제네이티드폴리(C6-20올레핀), 솔비탄아이소스테아레이트, 아스코빌테트라이소팔미테이트, 카나우바왁스, 글루코노락톤, 엑토인, 에이치디아이/트라이메틸올헥실락톤크로스폴리머, 아크릴레이트/C10-30알킬아크릴레이트크로스폴리머, 폴리솔베이트60, 다이소듐포스페이트, 트로메타민, 아스코빌글루코사이드, 아스코빅애씨드, 토코페롤, 펜틸렌글라이콜, 소듐포스페이트, 프로필렌글라이콜, 소듐하이알루로네이트, 카보머, 아라비아고무나무검, 프로필렌글라이콜알지네이트, 수용성콜라겐",프리메라,프리메라_비타티놀 인텐스 바운시 리프트 마스크 크림 30ml
마일드 앤 퍼펙트 포어 필링 패드 60매*2,https://www.amoremall.com/kr/ko/product/detail?onlineProdSn=66897,58000.0,60매/ 130ml *2 (60매+60매/ 130ml+ 130ml),60.0,매,"정제수, 부틸렌글라이콜, 글리세레스-26, 나이아신아마이드, 프로판다이올, 1,2-헥산다이올, 폴리글리세릴-10라우레이트, 글리세린, 글루 코노락톤, 에틸헥실글리세린, 스쿠알란, 세틸에틸헥사노에이트, 하이드록시에틸셀룰로오스, 잔탄검, 카프릴로일살리실릭애씨드, 하이드로제네이티 드폴리데센, 올리브오일, 하이드로제네이티드레시틴, 탱자추출물, 폴리글리세릴-3메틸 글루코오스다이스테아레이트, 시트릭애씨드, 다이소듐이디티 에이, 판테놀, 소듐시트레이트, 효모발효물, 카프릴릭/카프릭트라이글리세라이드, 락토바실러스발효물, 리모넨, 베르가모트오일, 브루셀스프라 우트추출물, 리날룰, 토코페롤, 병풀추출물, 약모밀추출물, 콩폴리펩타이드, 향부자 추출물, 소듐아스코빌포스페이트, 칡뿌리추출물, 당느릅나무 뿌리추출물, 달맞이꽃추출물, 대왕소나무잎추출물, 세라마이드엔피, 조추출물",프리메라,프리메라_마일드 앤 퍼펙트 포어 필링 패드 60매*2
후리 앤 후리 소프트폼 150ml*2,https://www.amoremall.com/kr/ko/product/detail?onlineProdSn=66895,62000.0,150ml*2 (150ml+150ml),150.0,ml,"정제수, 글리세린, 1,2-헥산다이올, 다이소듐코코일글루타메이트, 라우릴글루코사이드, 시트릭애씨드, 향료, 글리세릴카프릴레이트, 에틸헥실글리세린, 다이소듐이디티에이, 불가리스쑥오일, 덱스트린, 황해쑥잎수, 부틸렌글라이콜, 검정콩오일, 토코페롤, 락토바실러스발효용해물, 세라마이드엔피, 피토스핑고신, 하이드로제네이티드레시틴, 카놀라오일, 로즈마리잎추출물",프리메라,프리메라_후리 앤 후리 소프트폼 150ml*2
비타티놀 세럼 메가샷 마스크세트 34g*5매X2개,https://www.amoremall.com/kr/ko/product/detail?onlineProdSn=66707,70000.0,34 g X 10매,34.0,g,"정제수, 글리세린, 다이프로필렌글라이콜, 세틸에틸헥사노에이트, 나이아신아마이드(20,000ppm), 1,2-헥산다이올, 판테놀(13,000ppm), 캐롭검, 카라기난, 다이글리세린, 아이리쉬모스추출물, 카프릴릭/카프릭트라이글리세라이드, 시어버터, 에틸헥실올리베이트, 잔탄검, 셀룰로오스검, 포타슘클로라이드, 폴리아크릴레이트-13, 글리세릴스테아 레이트, 소듐아크릴레이트코폴리머, 수크로오스, 폴리글리세릴-4올리에이트, 에틸헥실글리세린, 하이드로제네이 티드폴리아이소부텐, 아데노신, 다이소듐이디티에이, 아가, 향료, 폴리글리세릴-10라우레이트, 에틸헥실팔미테이트, 구아검, 콩폴리펩타이드, 마그네슘아스코빌포스페이트(98.85ppm), 부틸렌글라이콜, 솔비탄아이소스테아레이트, 레틴알(50ppm), 아스코빅애씨드(10.5ppm), 해바라기씨오일, 돌콩오일, 세라마이드엔피, 하이드로제네이티드 레시틴, 크산토필, 레티놀(1ppm), 포스포릭애씨드(0.65ppm), 소듐아스코빌포스페이트(0.4ppm), 토코페롤",프리메라,프리메라_비타티놀 세럼 메가샷 마스크세트 34g*5매X2개
오가니언스 BR 소프트 필링 투 폼 클렌저 120ml,https://www.amoremall.com/kr/ko/product/detail?onlineProdSn=66272,40000.0,120ml*2 (120ml+120ml),120.0,ml,"정제수, 글리세린, 다이소듐코코일글루타메이트, 라우릴하이드록시설테인, 셀룰로오스, 아크릴레이트코폴리머, 코코-글루코사이드, 데실글루코사이드, 소듐클로라이드, 1,2-헥산다이올, 시트릭애씨드, 락토바실러스발효용해물, 트로메타민, 살리실릭애씨드, 부틸렌글라이콜, 약모밀가루, 리모넨, 폴리쿼터늄-10, 에틸헥실글리세린, 다이포타슘글리시리제이트, 알란토인, 제라니올, 하이알루로닉애씨드, 마데카소사이드, 글루코노락톤, 필리핀오렌지껍질오일, 광곽향오일, 센티드제라늄꽃오일, 베르가모트오일, 마트리카리아꽃오일, 팔마로사오일, 오렌지껍질추출물, 라벤더오일, 검정콩오일, 프로판다이올, 피마자씨오일, 세라마이드엔피, 로즈마리잎오일, 소듐하이알루로네이트, 피토스핑고신, 하이드로제네이티드레시틴, 다마스크장미꽃오일, 토코페롤, 하이드롤라이즈드하이알루로닉애씨드, 소듐하이알루로네이트크로스폴리머, 카놀라오일, 로즈마리잎추출물, 소듐아세틸레이티드하이알루로네이트",프리메라,프리메라_오가니언스 BR 소프트 필링 투 폼 클렌저 120ml
마일드 앤 퍼펙트 페이셜 필링 150ml*2,https://www.amoremall.com/kr/ko/product/detail?onlineProdSn=64905,60000.0,150ml*2(150ml+150ml),150.0,ml,"정제수, 글리세린, 스테아트리모늄메토설페이트, 아크릴레이트/C10-30알킬아크릴레이트크로스폴리머, 이소프로필알코올, 디스테아릴디모늄클로라이드, 리모넨, 코카미도프로필베타인, 부틸렌글라이콜, 향료, 리날룰, 소듐클로라이드, 브로콜리추출물, 소듐벤조에이트, 인도멀구슬나무추출물, 보리지추출물, 방울양 배추추출물, 해바라기추출물, 야생딸기잎추출물, 인디언구스베리추출물, 폴리쿼터늄-51, 페녹시에탄올, 디소듐이디티에이",프리메라,프리메라_마일드 앤 퍼펙트 페이셜 필링 150ml*2
나이아시카 수딩글로우 워터리 크림,https://www.amoremall.com/kr/ko/product/detail?onlineProdSn=63716,55101.0,30 ml*2 (30 ml+30 ml),30.0,ml,"정제수, 글리세린, 부틸렌글라이콜, 스쿠알란, 비스-하이드록시에톡시프로필다이메티콘, 카프릴릭/카프릭/미리스틱/스테아릭트라이글리세라이드, 다이카프릴릴에터, 폴리글리세릴-3다이스테아레이트, 메틸트라이메티콘, 1,2-헥산다이올, 카카오씨버터, 카프릴릭/카프릭트라이글리세라이드, 글리세릴스테아레이트, 세테아릴알코올, 락토바실러스발효용해물, C10-18트라이글리세라이즈, 판테놀(0.5%), 피토스테롤, 팔미틱애씨드, 하이드록시에틸아크릴레이트/소듐아크릴로일다이메틸타우레이트코폴리머, 스테아릭애씨드, 나이아신아마이드(0.11%), 아크릴레이트/C10-30알킬아크릴레이트크로스폴리머, 글리세릴스테아레이트시트레이트, 잔탄검, 글리세릴카프릴레이트, 에틸헥실글리세린, 트로메타민, 솔비탄아이소스테아레이트, 소듐메타포스페이트, 마데카소사이드(0.01%), 콩폴리펩타이드, 토코페롤, 징크클로라이드, 프로필렌글라이콜, 소듐하이알루로네이트",프리메라,프리메라_나이아시카 수딩글로우 워터리 크림
나이아시카 수딩글로우 워터리 크림,https://www.amoremall.com/kr/ko/product/detail?onlineProdSn=63715,50154.0,본품 30 ml 리필 30 ml,30.0,ml,"정제수, 글리세린, 부틸렌글라이콜, 스쿠알란, 비스-하이드록시에톡시프로필다이메티콘, 카프릴릭/카프릭/미리스틱/스테아릭트라이글리세라이드, 다이카프릴릴에터, 폴리글리세릴-3다이스테아레이트, 메틸트라이메티콘, 1,2-헥산다이올, 카카오씨버터, 카프릴릭/카프릭트라이글리세라이드, 글리세릴스테아레이트, 세테아릴알코올, 락토바실러스발효용해물, C10-18트라이글리세라이즈, 판테놀(0.5%), 피토스테롤, 팔미틱애씨드, 하이드록시에틸아크릴레이트/소듐아크릴로일다이메틸타우레이트코폴리머, 스테아릭애씨드, 나이아신아마이드(0.11%), 아크릴레이트/C10-30알킬아크릴레이트크로스폴리머, 글리세릴스테아레이트시트레이트, 잔탄검, 글리세릴카프릴레이트, 에틸헥실글리세린, 트로메타민, 솔비탄아이소스테아레이트, 소듐메타포스페이트, 마데카소사이드(0.01%), 콩폴리펩타이드, 토코페롤, 징크클로라이드, 프로필렌글라이콜, 소듐하이알루로네이트",프리메라,프리메라_나이아시카 수딩글로우 워터리 크림
후리 앤 후리 200ml*2,https://www.amoremall.com/kr/ko/product/detail?onlineProdSn=61910,62000.0,200ml *2 (200ml+200ml),200.0,ml,"정제수, 부틸렌글라이콜, 하이드록시프로필메틸셀룰로오스, 라우릴베타인, 다이소듐이디티에이, 에틸헥실글리세린, 향료, 시트릭애씨드, 불가리스쑥오일, 덱스트린, 황해쑥잎수, 글리세린, 검정콩오일, 1,2-헥산다이올, 락토바실러스발효용해물, 토코페롤, 세라마이드엔피, 피토스핑고신, 하이드로제네이티드레시틴, 소듐시트레이트, 카놀라오일, 로즈마리잎추출물",프리메라,프리메라_후리 앤 후리 200ml*2
마일드 앤 퍼펙트 클렌징 오일 투 폼 200ml + 오가니언스 BR 소프트 필링 투 폼 클렌저 120ml,https://www.amoremall.com/kr/ko/product/detail?onlineProdSn=57901,46000.0,[필링 투 폼] 120ml [오일 투 폼] 200 ml,120.0,ml,"[필링 투 폼] 정제수, 글리세린, 다이소듐코코일글루타메이트, 라우릴하이드록시설테인, 셀룰로오스, 아크릴레이트코폴리머, 코코-글루코사이드, 데실글루코사이드, 소듐클로라이드, 1,2-헥산다이올, 시트릭애씨드, 락토바실러스발효용해물, 트로메타민, 살리실릭애씨드, 부틸렌글라이콜, 약모밀가루, 리모넨, 폴리쿼터늄-10, 에틸헥실글리세린, 다이포타슘글리시리제이트, 알란토인, 제라니올, 하이알루로닉애씨드, 마데카소사이드, 글루코노락톤, 필리핀오렌지껍질오일, 광곽향오일, 센티드제라늄꽃오일, 베르가모트오일, 마트리카리아꽃오일, 팔마로사오일, 오렌지껍질추출물, 라벤더오일, 검정콩오일, 프로판다이올, 피마자씨오일, 세라마이드엔피, 로즈마리잎오일, 소듐하이알루로네이트, 피토스핑고신, 하이드로제네이티드레시틴, 다마스크장미꽃오일, 토코페롤, 하이드롤라이즈드하이알루로닉애씨드, 소듐하이알루로네이트크로스폴리머, 카놀라오일, 로즈마리잎추출물, 소듐아세틸레이티드하이알루로네이트 [오일 투 폼] 정제수, 글리세린, 다이프로필렌글라이콜, 라우릴베타인, 포타슘코코일글리시네이트, 라우릴글루코사이드, 폴리글리세릴-6카프릴레이트, 다이소듐코코암포다이아세테이트, 1,2-헥산다이올, 라우릴하이드록시설테인, 코코-글루코사이드, 폴리글리세릴-10라우레이트, 아크릴레이트코폴리머, 소듐클로라이드, 데실글루코사이드, 피피지-7, 향료, 카프릴릭/카프릭트라이글리세라이드, 호호바씨오일, 폴리글리세릴-10다이아이소스테아레이트, 에틸헥실글리세린, 알지닌, 아스파틱애씨드, 글루타믹애씨드, 콩폴리펩타이드, 덱스트린, 카카오추출물, 토코페롤",프리메라,프리메라_마일드 앤 퍼펙트 클렌징 오일 투 폼 200ml + 오가니언스 BR 소프트 필링 투 폼 클렌저 120ml
UV프로텍터 톤업 SPF50+/PA++++ 50ml,https://www.amoremall.com/kr/ko/product/detail?onlineProdSn=50165,45000.0,50ml,50.0,ml,"정제수, 에칠헥실메톡시신나메이트, 글리세린, 부틸렌글라이콜, 디에칠아미노하이드록시벤조일헥실벤조에이트, 다이부틸아디페이트, 티타늄디옥사이드, 비스-에칠헥실옥시페놀메톡시페닐트리아진, 메틸트라이메티콘, C12-15알킬벤조에이트, 다이메티콘, 실리카, 티타늄디옥사이드 (CI 77891), 나이아신아마이드, 트라이실록세인, 1,2-헥산다이올, 세테아릴알코올, 폴리C10-30알킬아크릴레이트, 하이드록시에틸아크릴레이트/소듐아크릴로일다이메틸타우레이트코폴리머, 알루미늄스테아레이트, 알루미나, 스테아릭애씨드, 폴리하이드록시스테아릭애씨드, 폴리메틸메타크릴레이트, 아크릴레이트/C10-30알킬아크릴레이트크로스폴리머, 소듐폴리아크릴로일다이메틸타우레이트, 글리세릴스테아레이트, 하이드로제네이티드레시틴, 카프릴릴글라이콜, 티몰트라이메톡시신나메이트, 트로메타민, 폴리글리세릴-3메틸글루코오스다이스테아레이트, 팔미틱애씨드, 다이소듐이디티에이, 에틸헥실글리세린, 아데노신, 알루미늄하이드록사이드, 적색산화철, 솔비탄아이소스테아레이트, 트라이에톡시카프릴릴실레인, 황색산화철, 토코페릴아세테이트, 3-O-에틸아스코빅애씨드, 락토바실러스/부레옥잠발효물, 만니톨, 프로판다이올, 에틸헥실팔미테이트, 비에이치티, 펜틸렌글라이콜, 미리스틱애씨드, 페녹시에탄올, 라우릭애씨드, 소듐데하이드로아세테이트, 카보머, 소듐시트레이트, 포타슘솔베이트, 토코페롤, 메톡시피이지-114/폴리엡실론카프로락톤, 복사나무잎추출물, 해바라기씨오일, 라이신, 알지닌, 히스티딘, 시트릭애씨드, 베타-카로틴, 글루코오스, 자일로오스, 디엔에이, 바이오틴, 만노오스, 소듐클로라이드, 레시틴, 하이드로제네이티드포스파티딜콜린, 카퍼트라이펩타이드-1, 소듐포스페이트, 덱스트린, 하이드롤라이즈드오크라추출물, 콜레스테롤, 푸코오스, 다이팔미토일하이드록시프롤린, 아크릴레이트/스테아릴메타크릴레이트코폴리머, 포타슘클로라이드, 포타슘포스페이트, 마그네슘클로라이드, 하이드롤라이즈드기장, 칼슘클로라이드",헤라,헤라_UV프로텍터 톤업 SPF50+/PA++++ 50ml
NEW 블랙 쿠션 파운데이션 SPF34/PA++,https://www.amoremall.com/kr/ko/product/detail?onlineProdSn=61257,74000.0,15g*2,15.0,g,"[13N1] 정제수, 사이클로펜타실록세인, 메틸트라이메티콘, 부틸렌글라이콜, 티타늄디옥사이드 (CI 77891), 에칠헥실메톡시신나메이트, 마이카, 사이클로헥사실록세인, 트라이메틸실록시실리케이트, 피이지-10다이메티콘, 다이메티콘, 다이스테아다이모늄헥토라이트, 폴리메틸메타크릴레이트, 징크옥사이드, 티타늄디옥사이드, 라우릴피이지-9폴리다이메틸실록시에틸다이메티콘, 아크릴레이트/다이메티콘코폴리머, 소듐클로라이드, 아크릴레이트/스테아릴아크릴레이트/다이메티콘메타크릴레이트코폴리머, 황색산화철, 알루미늄하이드록사이드, 글리세린, 폴리실리콘-11, 폴리솔베이트40, 폴리솔베이트80, 카프릴릴글라이콜, 트라이에톡시카프릴릴실레인, 향료, 라우로일라이신, 스테아릭애씨드, 하이드로제네이티드레시틴, 적색산화철, 에틸헥실글리세린, 다이소듐이디티에이, 흑색산화철, 콘민트잎추출물, 비스머스옥시클로라이드, 커먼자스민꽃추출물, 아이소도데케인, 1,2-헥산다이올, 비에이치티, 아크릴레이트/폴리트라이메틸실록시메타크릴레이트코폴리머, 하이알루로닉애씨드, 토코페롤",헤라,헤라_NEW 블랙 쿠션 파운데이션 SPF34/PA++
NEW 블랙 쿠션 파운데이션 SPF34/PA++ 15g,https://www.amoremall.com/kr/ko/product/detail?onlineProdSn=61258,38000.0,15g,15.0,g,"[13N1] 정제수, 사이클로펜타실록세인, 메틸트라이메티콘, 부틸렌글라이콜, 티타늄디옥사이드 (CI 77891), 에칠헥실메톡시신나메이트, 마이카, 사이클로헥사실록세인, 트라이메틸실록시실리케이트, 피이지-10다이메티콘, 다이메티콘, 다이스테아다이모늄헥토라이트, 폴리메틸메타크릴레이트, 징크옥사이드, 티타늄디옥사이드, 라우릴피이지-9폴리다이메틸실록시에틸다이메티콘, 아크릴레이트/다이메티콘코폴리머, 소듐클로라이드, 아크릴레이트/스테아릴아크릴레이트/다이메티콘메타크릴레이트코폴리머, 황색산화철, 알루미늄하이드록사이드, 글리세린, 폴리실리콘-11, 폴리솔베이트40, 폴리솔베이트80, 카프릴릴글라이콜, 트라이에톡시카프릴릴실레인, 향료, 라우로일라이신, 스테아릭애씨드, 하이드로제네이티드레시틴, 적색산화철, 에틸헥실글리세린, 다이소듐이디티에이, 흑색산화철, 콘민트잎추출물, 비스머스옥시클로라이드, 커먼자스민꽃추출물, 아이소도데케인, 1,2-헥산다이올, 비에이치티, 아크릴레이트/폴리트라이메틸실록시메타크릴레이트코폴리머, 하이알루로닉애씨드, 토코페롤",헤라,헤라_NEW 블랙 쿠션 파운데이션 SPF34/PA++ 15g
센슈얼 누드 글로스 5g,https://www.amoremall.com/kr/ko/product/detail?onlineProdSn=31573,40000.0,5g,5.0,g,"다이펜타에리스리틸펜타아이소스테아레이트, 폴리글리세릴-10데카아이소스테아레이트, 하이드로제네이티드폴리아이소부텐, 다이아이소스테아릴말레이트, 폴리부텐, 트라이데실트라이멜리테이트, 실리카다이메틸실릴레이트, 펜타에리스리틸테트라이소스테아레이트, 다이팔미토일하이드록시프로린, 폴리글리세릴-2트라이아이소스테아레이트, 적색산화철, 멘톨, 티타늄디옥사이드 (CI 77891), 리모넨, 흑색산화철, 레몬껍질오일, 토코페롤, 달맞이꽃오일, 피토스테롤, 시트랄, 적색202호, 알루미나, 시트로넬올, 센티드제라늄꽃오일, 리날룰, 제라니올",헤라,헤라_센슈얼 누드 글로스 5g
리프레싱 클렌징 폼 160g,https://www.amoremall.com/kr/ko/product/detail?onlineProdSn=61126,35000.0,160g,160.0,g,"글리세린, 정제수, 미리스틱애씨드, 카올린, 스테아릭애씨드, 피이지-32, 포타슘하이드록사이드, 팔미틱애씨드, 라우릭애씨드, 코카미도프로필베타인, 글리세릴스테아레이트, 피이지-100스테아레이트, 올리브오일피이지-8에스터, 향료, 소듐클로라이드, 옥수수전분, 마이크로크리스탈린셀룰로오스, 락토오스, 소듐메타포스페이트, 수크로오스, 부틸렌글라이콜, 락틱애씨드, 리날룰, 알란토인, 소듐벤조에이트, 리모넨, 티타늄디옥사이드 (CI 77891), 알지닌, 티몰트라이메톡시신나메이트, 나이아신아마이드, 3-O-에틸아스코빅애씨드, 시트릭애씨드, 프로판다이올, 글라이콜릭애씨드, 토코페릴아세테이트, 1,2-헥산다이올, 적색산화철, 아크릴레이트/스테아릴메타크릴레이트코폴리머, 흰목이버섯포자낭과추출물, 하이알루로닉애씨드, 하이드롤라이즈드식물성단백질, 황색산화철, 모란추출물, 소듐하이알루로네이트, 잔탄검, 에틸헥실글리세린, 다이소듐이디티에이, 세라마이드엔피, 하이드롤라이즈드하이알루로닉애씨드, 소듐하이알루로네이트크로스폴리머, 작약뿌리추출물, 소듐아세틸레이티드하이알루로네이트, 작약꽃추출물",헤라,헤라_리프레싱 클렌징 폼 160g
실키 스테이 24H 롱웨어 파운데이션 SPF20/PA++ 30g,https://www.amoremall.com/kr/ko/product/detail?onlineProdSn=51475,70000.0,30g,30.0,g,"""정제수, 사이클로펜타실록세인, 티타늄디옥사이드 (CI 77891), 트라이메틸실록시실리케이트, 부틸렌글라이콜, 피이지/피피지-18/18다이메티콘, 사이클로헥사실록세인, 티타늄디옥사이드, 아이소도데케인, 나일론-12, 피이지-10다이메티콘, 폴리글리세릴-3다이아이소스테아레이트, 트라이베헤닌, 다이스테아다이모늄헥토라이트, 황색산화철, 소듐클로라이드, 폴리메틸실세스퀴옥세인, 1,2-헥산다이올, 알루미늄하이드록사이드, 펜틸렌글라이콜, 트라이에톡시카프릴릴실레인, 알루미나, 카프릴릴글라이콜, 적색산화철, 향료, 글리세릴카프릴레이트, 실리카다이메티콘실릴레이트, 잔탄검, 다이소듐이디티에이, 시메티콘, 흑색산화철, 프로필렌글라이콜, 소듐하이알루로네이트, 에틸헥실글리세린 """,헤라,헤라_실키 스테이 24H 롱웨어 파운데이션 SPF20/PA++ 30g
블랙 쿠션 파운데이션 퍼프 2ea,https://www.amoremall.com/kr/ko/product/detail?onlineProdSn=61259,8000.0,2ea,2.0,ea,,헤라,헤라_블랙 쿠션 파운데이션 퍼프 2ea
센슈얼 누드 밤 3.5g,https://www.amoremall.com/kr/ko/product/detail?onlineProdSn=55828,40000.0,3.5g,3.5,g,"하이드로제네이티드캐스터오일다이머다이리놀레에이트, 스쿠알란, 폴리글리세릴-2트라이아이소스테아레이트, 피토스테릴이소스테아릴다이머디리놀리에이트, 피토스테릴/이소스테아릴/세틸/스테아릴/베헤닐다이머디리놀리에이트, 다이펜타에리스리틸헥사하이드록시스테아레이트/헥사스테아레이트/헥사로지네이트, 해바라기씨왁스, 콜레스테릴아이소스테아레이트, 에틸헥실하이드록시스테아레이트, 카프릴릭/카프릭트라이글리세라이드, 호호바에스터, 시어버터, 팔미틱애씨드, 폴리하이드록시스테아릭애씨드, 토코페롤, 카나우바왁스, 세라마이드엔피, 콜레스테롤, 스테아릭애씨드, 토코페릴아세테이트, 실리카다이메틸실릴레이트, 시어버터불검화물, 리모넨, 락틱애씨드, 티타늄디옥사이드 (CI 77891), 레몬껍질오일, 다이페닐다이메티콘, 적색104호의(1), 알루미나, 적색223호, 정제수, 시트로넬올, 센티드제라늄꽃오일, 시트랄, 제라니올, 리날룰, 석류씨오일, 레시틴, 에틸헥실팔미테이트, 아이소스테아릭애씨드, 아이소프로필미리스테이트, 폴리글리세릴-3폴리리시놀리에이트, 프로판다이올, 소듐하이알루로네이트, 1,2-헥산다이올, 하이드롤라이즈드하이알루로닉애씨드, 소듐하이알루로네이트크로스폴리머, 하이알루로닉애씨드, 에틸헥실글리세린, 소듐아세틸레이티드하이알루로네이트",헤라,헤라_센슈얼 누드 밤 3.5g
센슈얼 틴티드 샤인스틱 3.5g,https://www.amoremall.com/kr/ko/product/detail?onlineProdSn=64020,45000.0,3.5g,3.5,g,"다이펜타에리스리틸펜타아이소스테아레이트, 세틸에틸헥사노에이트, 다이페닐다이메티콘, 글리세릴운데실다이메티콘, 피토스테릴/옥틸도데실라우로일글루타메이트, 합성왁스, 옥틸도데칸올, 비스-베헤닐/아이소스테아릴/피토스테릴다이머다이리놀레일다이머다이리놀리에이트, 폴리글리세릴-2트라이아이소스테아레이트, 라우릴폴리글리세릴-3폴리다이메틸실록시에틸다이메티콘, 티타늄디옥사이드 (CI 77891), 적색산화철, 폴리하이드록시스테아릭애씨드, 에틸렌/프로필렌코폴리머, 적색202호, 레시틴, 황색4호, 에틸헥실팔미테이트, 아이소스테아릭애씨드, 아이소프로필미리스테이트, 다이메티콘, 흑색산화철, 폴리글리세릴-3폴리리시놀리에이트, 벤질벤조에이트, 향료, 스쿠알란, 토코페릴아세테이트, 녹차씨오일, 토코페롤, 글리세린, 콩폴리펩타이드, 리날룰, 하이드록시시트로넬알, 검정콩오일, 세라마이드엔피, 피토스핑고신, 하이드로제네이티드레시틴, 카놀라오일, 로즈마리잎추출물",헤라,헤라_센슈얼 틴티드 샤인스틱 3.5g
NEW 리플렉션 스킨 글로우 파운데이션 SPF15/PA++ 30g,https://www.amoremall.com/kr/ko/product/detail?onlineProdSn=59738,72000.0,30g,30.0,g,"정제수, 페닐트라이메티콘, 티타늄디옥사이드 (CI 77891), 아이소도데케인, 변성알코올, 에칠헥실살리실레이트, 트라이메틸실록시실리케이트, 다이메티콘, 피토스테릴/옥틸도데실라우로일글루타메이트, 라우릴피이지-9폴리다이메틸실록시에틸다이메티콘, 부틸렌글라이콜, 글리세린, 나이아신아마이드, 옥틸도데실네오펜타노에이트, 카프릴릴메티콘, 락틱애씨드, 티타늄디옥사이드, 다이스테아다이모늄헥토라이트, 세틸피이지/피피지-10/1다이메티콘, 알루미늄하이드록사이드, 포타슘하이드록사이드, 솔비탄세스퀴올리에이트, 흰버드나무껍질추출물, 트로메타민, 황색산화철, 스테아릭애씨드, 보론나이트라이드, 다이소듐스테아로일글루타메이트, 폴리하이드록시스테아릭애씨드, 토코페릴아세테이트, 프로필렌카보네이트, 아크릴레이트/다이메티콘코폴리머, 소듐메타포스페이트, 적색산화철, 레시틴, 에틸헥실팔미테이트, 아이소스테아릭애씨드, 아이소프로필팔미테이트, 폴리글리세릴-3폴리리시놀리에이트, 프로필렌글라이콜, 아이소프로필미리스테이트, 흑색산화철, 1,2-헥산다이올, 프로판다이올, 소듐하이알루로네이트, 스테아로일글루타믹애씨드, 판테놀, 동백나무씨오일, 동백나무씨추출물, 동백나무꽃추출물, 토코페롤, 에틸헥실글리세린, 펜타에리스리틸테트라-다이-t-부틸하이드록시하이드로신나메이트",헤라,헤라_NEW 리플렉션 스킨 글로우 파운데이션 SPF15/PA++ 30g
NEW 리플렉션 스킨 글로우 쿠션 파운데이션 SPF40/PA++ 15g,https://www.amoremall.com/kr/ko/product/detail?onlineProdSn=54992,60000.0,15g,15.0,g,"정제수, 페닐트라이메티콘, 다이페닐실록시페닐트라이메티콘, 마이카, 부틸렌글라이콜, 티타늄디옥사이드 (CI 77891), 다이아이소스테아릴말레이트, 펜타에리스리틸테트라아이소스테아레이트, 글리세린, 비스-다이글리세릴폴리아실아디페이트-2, 메틸트라이메티콘, 변성알코올, 라우릴피이지-10트리스(트라이메틸실록시)실릴에틸다이메티콘, 다이스테아다이모늄헥토라이트, 피이지-10다이메티콘, 트라이메틸실록시실리케이트, 폴리하이드록시스테아릭애씨드, 합성왁스, 다이메티콘, 1,2-헥산다이올, 실리카, 소듐클로라이드, 비스-베헤닐/아이소스테아릴/피토스테릴다이머다이리놀레일다이머다이리놀리에이트, 다이메티콘/폴리글리세린-3크로스폴리머, 카프릴릴글라이콜, 글리세릴카프릴레이트, 소듐메타포스페이트, 에틸헥실글리세린, 틴옥사이드, 프로판다이올, 아스코빅애씨드, 동백나무씨오일, 동백나무씨추출물, 적색산화철, 다이프로필렌글라이콜, 동백나무꽃추출물, 소듐시트레이트, 토코페롤, 트라이에톡시카프릴릴실레인, 소듐벤조에이트, 락틱애씨드, 포타슘솔베이트, 다이아몬드가루, 잔탄검",헤라,헤라_NEW 리플렉션 스킨 글로우 쿠션 파운데이션 SPF40/PA++ 15g
NEW 리플렉션 스킨 글로우 쿠션 파운데이션 SPF40/PA++ 15g,https://www.amoremall.com/kr/ko/product/detail?onlineProdSn=54993,44000.0,15g,15.0,g,"정제수, 페닐트라이메티콘, 다이페닐실록시페닐트라이메티콘, 마이카, 부틸렌글라이콜, 티타늄디옥사이드 (CI 77891), 다이아이소스테아릴말레이트, 펜타에리스리틸테트라아이소스테아레이트, 글리세린, 비스-다이글리세릴폴리아실아디페이트-2, 메틸트라이메티콘, 변성알코올, 라우릴피이지-10트리스(트라이메틸실록시)실릴에틸다이메티콘, 다이스테아다이모늄헥토라이트, 피이지-10다이메티콘, 트라이메틸실록시실리케이트, 폴리하이드록시스테아릭애씨드, 합성왁스, 다이메티콘, 1,2-헥산다이올, 실리카, 소듐클로라이드, 비스-베헤닐/아이소스테아릴/피토스테릴다이머다이리놀레일다이머다이리놀리에이트, 다이메티콘/폴리글리세린-3크로스폴리머, 카프릴릴글라이콜, 글리세릴카프릴레이트, 소듐메타포스페이트, 에틸헥실글리세린, 틴옥사이드, 프로판다이올, 아스코빅애씨드, 동백나무씨오일, 동백나무씨추출물, 적색산화철, 다이프로필렌글라이콜, 동백나무꽃추출물, 소듐시트레이트, 토코페롤, 트라이에톡시카프릴릴실레인, 소듐벤조에이트, 락틱애씨드, 포타슘솔베이트, 다이아몬드가루, 잔탄검",헤라,헤라_NEW 리플렉션 스킨 글로우 쿠션 파운데이션 SPF40/PA++ 15g
UV프로텍터 멀티디펜스 SPF50+/PA++++ 50ml,https://www.amoremall.com/kr/ko/product/detail?onlineProdSn=18312,45000.0,50ml,50.0,ml,"정제수, C12-15알킬벤조에이트, 에칠헥실메톡시신나메이트, 프로판다이올, 부틸렌글라이콜, 비스-에칠헥실옥시페놀메톡시페닐트리아진, 디에칠아미노하이드록시벤조일헥실벤조에이트, 티타늄디옥사이드, 다이메티콘, 나이아신아마이드, 다이페닐실록시페닐트라이메티콘, 피이지-100스테아레이트, 트라이실록세인, 1,2-헥산다이올, 실리카, 세테아릴알코올, C14-22알코올, 글리세릴스테아레이트, 폴리아크릴레이트-13, 알루미늄스테아레이트, 알루미나, 암모늄아크릴로일다이메틸타우레이트/브이피코폴리머, 폴리하이드록시스테아릭애씨드, 다이메티콘/비닐다이메티콘크로스폴리머, 메톡시피이지-114/폴리엡실론카프로락톤, 스테아릭애씨드, C12-20알킬글루코사이드, 폴리아이소부텐, C12-15알코올, 향료, 글리세릴카프릴레이트, 다이소듐이디티에이, 에틸헥실글리세린, 아데노신, 폴리솔베이트20, 솔비탄아이소스테아레이트, 글리세린, 토코페릴아세테이트, 3-O-에틸아스코빅애씨드, 락토바실러스/부레옥잠발효물, 만니톨, 에틸헥실팔미테이트, 비에이치티, 리모넨, 리날룰, 펜틸렌글라이콜, 글루코오스, 모란추출물, 페녹시에탄올, 작약뿌리추출물, 소듐데하이드로아세테이트, 카보머, 소듐시트레이트, 포타슘솔베이트, 토코페롤, 하이드록시에틸아크릴레이트/소듐아크릴로일다이메틸타우레이트코폴리머, 카프릴릴글라이콜, 복사나무잎추출물, 해바라기씨오일, 라이신, 알지닌, 히스티딘, 시트릭애씨드, 작약꽃추출물, 베타-카로틴, 자일로오스, 디엔에이, 바이오틴, 만노오스, 소듐클로라이드, 레시틴, 하이드로제네이티드포스파티딜콜린, 카퍼트라이펩타이드-1, 소듐포스페이트, 덱스트린, 하이드롤라이즈드오크라추출물, 콜레스테롤, 푸코오스, 다이팔미토일하이드록시프롤린, 아크릴레이트/스테아릴메타크릴레이트코폴리머, 포타슘클로라이드, 포타슘포스페이트, 마그네슘클로라이드, 하이드롤라이즈드기장, 칼슘클로라이드",헤라,헤라_UV프로텍터 멀티디펜스 SPF50+/PA++++ 50ml
옴므 베이직 스페셜 기획세트 2종,https://www.amoremall.com/kr/ko/product/detail?onlineProdSn=19625,88000.0,헤라 옴므에센스인에멀젼 110ml /헤라 옴므에센스인스킨 125ml /헤라 옴므에센스인에멀젼 75ml /헤라 UV프로텍터 익스트림포스 레포츠 SPF50 15ml,110.0,ml,"[스킨] 정제수, 변성알코올, 프로판다이올, 글리세레스-26, 글리세린, 나이아신아마이드, 1,2-헥산다이올, 베타인, 카페인, 피피지-13-데실테트라데세스-24, 부틸렌글라이콜, 옥틸도데세스-16, 비스-피이지-18메틸에터다이메틸실레인, 카보머, 잔탄검, 판테놀, 향료, 트로메타민, 펜틸렌글라이콜, 에틸헥실글리세린, 다이소듐이디티에이, 아데노신, 라이신, 알지닌, 히스티딘, 글루코오스, 자일로오스, 리날룰, 헥실신남알, 복사나무잎추출물, 알파-아이소메틸아이오논, 서양톱풀추출물, 리모넨, 벤질살리실레이트, 만노오스, 소듐클로라이드, 레시틴, 토코페롤, 소듐포스페이트, 카퍼트라이펩타이드-1, 푸코오스, 포타슘클로라이드, 포타슘포스페이트, 마그네슘클로라이드, 칼슘클로라이드, 하이드롤라이즈드기장 / [에멀젼] 정제수, 프로판다이올, 변성알코올, 하이드로제네이티드폴리(C6-14올레핀), 사이클로펜타실록세인, 스쿠알란, 부틸렌글라이콜, 사이클로헥사실록세인, 나이아신아마이드, 1,2-헥산다이올, 카페인, 스타이렌/아크릴레이트코폴리머, 다이메티콘, 폴리아크릴레이트-13, 세테아릴알코올, 폴리아이소부텐, 폴리실리콘-11, 글리세릴카프릴레이트, 향료, 아크릴레이트/C10-30알킬아크릴레이트크로스폴리머, 에틸헥실글리세린, 판테놀, 트로메타민, 잔탄검, 폴리솔베이트20, 솔비탄아이소스테아레이트, 다이소듐이디티에이, 리날룰, 라이신, 알지닌, 히스티딘, 헥실신남알, 알파-아이소메틸아이오논, 리모넨, 벤질살리실레이트, 글루코오스, 자일로오스, 토코페롤, 복사나무잎추출물, 만노오스, 소듐클로라이드, 레시틴, 소듐포스페이트, 카퍼트라이펩타이드-1, 푸코오스, 포타슘클로라이드, 포타슘포스페이트, 마그네슘클로라이드, 칼슘클로라이드, 하이드롤라이즈드기장 / [UV프로텍터 익스트림포스 레포츠]정제수, C12-15알킬벤조에이트, 에칠헥실메톡시신나메이트, 부틸렌글라이콜, 프로판다이올, 비스-에칠헥실옥시페놀메톡시페닐트리아진, 디에칠아미노하이드록시벤조일헥실벤조에이트, 티타늄디옥사이드, 다이메티콘, 트라이실록세인, 사이클로펜타실록세인, 실리카, 사이클로헥사실록세인, 폴리아크릴레이트-13, 알루미늄스테아레이트, 폴리아이소부텐, 폴리하이드록시스테아릭애씨드, 다이메티콘/비닐다이메티콘크로스폴리머, 알루미나, 스테아릭애씨드, 페녹시에탄올, C12-15알코올, 향료, 폴리아크릴릭애씨드, 다이소듐이디티에이, 에틸헥실글리세린, 폴리솔베이트20, 솔비탄아이소스테아레이트, 버지니아풍년화잎수, 칼슘판테테인설포네이트, 암모늄아크릴로일다이메틸타우레이트/브이피코폴리머, 비에이치티, 리모넨, 리날룰, 토코페롤, 피이지-60하이드로제네이티드캐스터오일, 잔탄검, 글리세린, 락토바실러스/부레옥잠발효물, 에틸헥실팔미테이트, 메톡시피이지-114/폴리엡실론카프로락톤, 쇠비름추출물, 만니톨, 펜틸렌글라이콜, 아스코빅애씨드, 카페익애씨드, 유비퀴논, 아크릴레이트/암모늄메타크릴레이트코폴리머, 카프릴릴글라이콜, 하이드록시에틸아크릴레이트/소듐아크릴로일다이메틸타우레이트코폴리머, 카카오추출물, 1,2-헥산다이올, 토코페릴아세테이트, 카보머, 복사나무잎추출물, 시트릭애씨드, 소듐데하이드로아세테이트, 레시틴, 에탄올, 포타슘솔베이트, 소듐시트레이트, 소듐벤조에이트, 티타늄디옥사이드 (CI 77891), 해바라기씨오일, 베타-카로틴, 하이드롤라이즈드기장, 징크디엔에이, 디엔에이, 하이드로제네이티드포스파티딜콜린, 바이오틴, 덱스트린, 하이드롤라이즈드오크라추출물, 콜레스테롤, 다이팔미토일하이드록시프롤린, 아크릴레이트/스테아릴메타크릴레이트코폴리머, 카퍼트라이펩타이드-1, 콜레스테릴헥실다이카바메이트풀루란",헤라,헤라_옴므 베이직 스페셜 기획세트 2종
에이지 어웨이 에스테틱 2종 세트,https://www.amoremall.com/kr/ko/product/detail?onlineProdSn=60407,125000.0,에이지어웨이 에스테틱 비엑스 워터 150ml 에이지어웨이 에스테틱 비엑스 에멀젼 120ml,150.0,ml,"[워터] 정제수, 글리세린, 피이지/피피지-17/6코폴리머, 프로판다이올, 변성알코올, 1,2-헥산다이올, 나이아신아마이드, 베타인, 피피지-13-데실테트라데세스-24, 암모늄아크릴로일다이메틸타우레이트/브이피코폴리머, 잔탄검, 비스-피이지-18메틸에터다이메틸실레인, 에탄올, 다이메티콘, 옥틸도데세스-16, 부틸렌글라이콜, 에틸헥실글리세린, 아데노신, 향료, 산수유열매추출물, 다이소듐이디티에이, 셀룰로오스검, 하이드로제네이티드레시틴, 만니톨, 트레할로오스, 빌베리열매추출물, 사탕수수추출물, 소듐메틸스테아로일타우레이트, 오렌지추출물, 레몬추출물, 에스에이치-폴리펩타이드-121, 토코페롤, 설탕단풍추출물, 카프릴릴글라이콜, 메톡시피이지-114/폴리엡실론카프로락톤, 하이드록시에틸아크릴레이트/소듐아크릴로일다이메틸타우레이트코폴리머, 아세틸헵타펩타이드-4, 복사나무잎추출물, 라이신, 알지닌, 히스티딘, 글루코오스, 자일로오스, 페녹시에탄올, 아세틸헥사펩타이드-8, 소듐하이드록사이드, 만노오스, 소듐클로라이드, 벼에스에이치-올리고펩타이드-1, 레시틴, 펜틸렌글라이콜, 아세틸옥타펩타이드-3, 하이드로제네이티드포스파티딜콜린, 카퍼트라이펩타이드-1, 소듐포스페이트, 덱스트린, 하이드롤라이즈드오크라추출물, 콜레스테롤, 푸코오스, 다이팔미토일하이드록시프롤린, 아크릴레이트/스테아릴메타크릴레이트코폴리머, 칼슘클로라이드, 포타슘클로라이드, 포타슘포스페이트, 마그네슘클로라이드, 하이드롤라이즈드기장 [에멀젼] 정제수, 프로판다이올, 글리세린, 하이드로제네이티드폴리(C6-14올레핀), 하이드로제네이티드폴리아이소부텐, 다이아이소스테아릴말레이트, 나이아신아마이드, 비스-하이드록시에톡시프로필다이메티콘, C14-22알코올, 1,2-헥산다이올, 시어버터, 피씨에이다이메티콘, 글리세릴스테아레이트시트레이트, 글리세릴폴리메타크릴레이트, C12-20알킬글루코사이드, 글리세릴스테아레이트, 세테아릴알코올, 하이드로제네이티드식물성오일, 스테아릭애씨드, 카보머, 에탄올, 트로메타민, 향료, 잔탄검, 글리세릴카프릴레이트, 팔미틱애씨드, 다이소듐이디티에이, 에틸헥실글리세린, 아데노신, 산수유열매추출물, 덱스트린, 카카오추출물, 만니톨, 트레할로오스, 글루코오스, 부틸렌글라이콜, 토코페롤, 에스에이치-폴리펩타이드-121, 카프릴릴글라이콜, 메톡시피이지-114/폴리엡실론카프로락톤, 하이드록시에틸아크릴레이트/소듐아크릴로일다이메틸타우레이트코폴리머, 아세틸헵타펩타이드-4, 복사나무잎추출물, 라이신, 알지닌, 히스티딘, 자일로오스, 페녹시에탄올, 아세틸헥사펩타이드-8, 소듐하이드록사이드, 만노오스, 소듐클로라이드, 벼에스에이치-올리고펩타이드-1, 레시틴, 펜틸렌글라이콜, 아세틸옥타펩타이드-3, 하이드로제네이티드포스파티딜콜린, 카퍼트라이펩타이드-1, 소듐포스페이트, 하이드롤라이즈드오크라추출물, 콜레스테롤, 푸코오스, 다이팔미토일하이드록시프롤린, 아크릴레이트/스테아릴메타크릴레이트코폴리머, 칼슘클로라이드, 포타슘클로라이드, 포타슘포스페이트, 마그네슘클로라이드, 하이드롤라이즈드기장",헤라,헤라_에이지 어웨이 에스테틱 2종 세트
에이지 어웨이 에스테틱 3종 세트,https://www.amoremall.com/kr/ko/product/detail?onlineProdSn=60465,150000.0,[에이지어웨이 에스테틱 비엑스 워터] 150ml [에이지어웨이 에스테틱 비엑스 에멀젼] 120ml [에이지어웨이 에스테틱 비엑스 크림] 25ml,150.0,ml,"[워터] 정제수, 글리세린, 피이지/피피지-17/6코폴리머, 프로판다이올, 변성알코올, 1,2-헥산다이올, 나이아신아마이드, 베타인, 피피지-13-데실테트라데세스-24, 암모늄아크릴로일다이메틸타우레이트/브이피코폴리머, 잔탄검, 비스-피이지-18메틸에터다이메틸실레인, 에탄올, 다이메티콘, 옥틸도데세스-16, 부틸렌글라이콜, 에틸헥실글리세린, 아데노신, 향료, 산수유열매추출물, 다이소듐이디티에이, 셀룰로오스검, 하이드로제네이티드레시틴, 만니톨, 트레할로오스, 빌베리열매추출물, 사탕수수추출물, 소듐메틸스테아로일타우레이트, 오렌지추출물, 레몬추출물, 에스에이치-폴리펩타이드-121, 토코페롤, 설탕단풍추출물, 카프릴릴글라이콜, 메톡시피이지-114/폴리엡실론카프로락톤, 하이드록시에틸아크릴레이트/소듐아크릴로일다이메틸타우레이트코폴리머, 아세틸헵타펩타이드-4, 복사나무잎추출물, 라이신, 알지닌, 히스티딘, 글루코오스, 자일로오스, 페녹시에탄올, 아세틸헥사펩타이드-8, 소듐하이드록사이드, 만노오스, 소듐클로라이드, 벼에스에이치-올리고펩타이드-1, 레시틴, 펜틸렌글라이콜, 아세틸옥타펩타이드-3, 하이드로제네이티드포스파티딜콜린, 카퍼트라이펩타이드-1, 소듐포스페이트, 덱스트린, 하이드롤라이즈드오크라추출물, 콜레스테롤, 푸코오스, 다이팔미토일하이드록시프롤린, 아크릴레이트/스테아릴메타크릴레이트코폴리머, 칼슘클로라이드, 포타슘클로라이드, 포타슘포스페이트, 마그네슘클로라이드, 하이드롤라이즈드기장 [에멀젼] 정제수, 프로판다이올, 글리세린, 하이드로제네이티드폴리(C6-14올레핀), 하이드로제네이티드폴리아이소부텐, 다이아이소스테아릴말레이트, 나이아신아마이드, 비스-하이드록시에톡시프로필다이메티콘, C14-22알코올, 1,2-헥산다이올, 시어버터, 피씨에이다이메티콘, 글리세릴스테아레이트시트레이트, 글리세릴폴리메타크릴레이트, C12-20알킬글루코사이드, 글리세릴스테아레이트, 세테아릴알코올, 하이드로제네이티드식물성오일, 스테아릭애씨드, 카보머, 에탄올, 트로메타민, 향료, 잔탄검, 글리세릴카프릴레이트, 팔미틱애씨드, 다이소듐이디티에이, 에틸헥실글리세린, 아데노신, 산수유열매추출물, 덱스트린, 카카오추출물, 만니톨, 트레할로오스, 글루코오스, 부틸렌글라이콜, 토코페롤, 에스에이치-폴리펩타이드-121, 카프릴릴글라이콜, 메톡시피이지-114/폴리엡실론카프로락톤, 하이드록시에틸아크릴레이트/소듐아크릴로일다이메틸타우레이트코폴리머, 아세틸헵타펩타이드-4, 복사나무잎추출물, 라이신, 알지닌, 히스티딘, 자일로오스, 페녹시에탄올, 아세틸헥사펩타이드-8, 소듐하이드록사이드, 만노오스, 소듐클로라이드, 벼에스에이치-올리고펩타이드-1, 레시틴, 펜틸렌글라이콜, 아세틸옥타펩타이드-3, 하이드로제네이티드포스파티딜콜린, 카퍼트라이펩타이드-1, 소듐포스페이트, 하이드롤라이즈드오크라추출물, 콜레스테롤, 푸코오스, 다이팔미토일하이드록시프롤린, 아크릴레이트/스테아릴메타크릴레이트코폴리머, 칼슘클로라이드, 포타슘클로라이드, 포타슘포스페이트, 마그네슘클로라이드, 하이드롤라이즈드기장 [크림] 정제수, 프로판다이올, 스쿠알란, 글리세린, 시어버터, 다이카프릴릴카보네이트, 데실코코에이트, 나이아신아마이드, 비스-하이드록시에톡시프로필다이메티콘, 세테아릴알코올, 미리스틸미리스테이트, 글리세릴스테아레이트, 해바라기씨오일, 메틸트라이메티콘, 베헤닐알코올, 1,2-헥산다이올, 세테아릴올리베이트, 실리카, 아라키딜알코올, 솔비탄올리베이트, 글리세릴스테아레이트시트레이트, 아라키딜글루코사이드, 암모늄아크릴로일다이메틸타우레이트/브이피코폴리머, 에탄올, 향료, 비스-다이글리세릴폴리아실아디페이트-2, 잔탄검, 글리세릴카프릴레이트, 에틸헥실글리세린, 아데노신, 덱스트린, 카카오추출물, 산수유열매추출물, 다이소듐이디티에이, 하이드롤라이즈드콜라겐, 만니톨, 트레할로오스, 글루코오스, 부틸렌글라이콜, 토코페롤, 에스에이치-폴리펩타이드-121, 카프릴릴글라이콜, 메톡시피이지-114/폴리엡실론카프로락톤, 하이드록시에틸아크릴레이트/소듐아크릴로일다이메틸타우레이트코폴리머, 아세틸헵타펩타이드-4, 복사나무잎추출물, 라이신, 알지닌, 히스티딘, 자일로오스, 페녹시에탄올, 아세틸헥사펩타이드-8, 소듐하이드록사이드, 만노오스, 소듐클로라이드, 벼에스에이치-올리고펩타이드-1, 레시틴, 펜틸렌글라이콜, 아세틸옥타펩타이드-3, 하이드로제네이티드포스파티딜콜린, 카퍼트라이펩타이드-1, 소듐포스페이트, 하이드롤라이즈드오크라추출물, 콜레스테롤, 푸코오스, 다이팔미토일하이드록시프롤린, 아크릴레이트/스테아릴메타크릴레이트코폴리머, 칼슘클로라이드, 포타슘클로라이드, 포타슘포스페이트, 마그네슘클로라이드, 하이드롤라이즈드기장",헤라,헤라_에이지 어웨이 에스테틱 3종 세트
센슈얼 파우더 매트 리퀴드 5g,https://www.amoremall.com/kr/ko/product/detail?onlineProdSn=28716,45000.0,5 g,5.0,g,"다이메티콘, 폴리실리콘-11, 폴리글리세릴-2트라이아이소스테아레이트, 다이메티콘/비닐다이메티콘크로스폴리머, 다이메티콘/폴리글리세린-3크로스폴리머, 적색산화철, 펜타에리스리틸테트라아이소스테아레이트, 브이피/헥사데센코폴리머, 다이페닐다이메티콘/비닐다이페닐다이메티콘/실세스퀴옥세인크로스폴리머, 다이메티콘크로스폴리머, 티타늄디옥사이드 (CI 77891), 황색5호, 폴리하이드록시스테아릭애씨드, 다이스테아다이모늄헥토라이트, 시어버터, 레시틴, 적색202호, 에틸헥실팔미테이트, 아이소스테아릭애씨드, 아이소프로필미리스테이트, 실리카, 프로필렌카보네이트, 시어버터불검화물, 폴리글리세릴-3폴리리시놀리에이트, 다이프로필렌글라이콜, 적색201호, 흑색산화철, 리모넨, 알루미늄하이드록사이드, 리날룰, 트라이에톡시카프릴릴실레인, 향료, 소듐시트레이트, 토코페롤, 시트로넬올",헤라,헤라_센슈얼 파우더 매트 리퀴드 5g
NEW 옴므 블랙 액티브 세트 2종,https://www.amoremall.com/kr/ko/product/detail?onlineProdSn=65427,116000.0,옴므 블랙 액티브 어드밴스드 토너 125ml + 옴므 블랙 액티브 어드밴스드 에멀전 110ml,125.0,ml,"[헤라 옴므 블랙 액티브 어드밴스드 토너] 정제수, 부틸렌글라이콜, 변성알코올, 프로판다이올, 다이메티콘, 글리세린, 세틸에틸헥사노에이트, 하이드로제네이티드폴리(C6-14올레핀), 부틸렌글라이콜다이카프릴레이트/다이카프레이트, 폴리글리세릴-3메틸글루코오스다이스테아레이트, 1,2-헥산다이올, 폴리글리세린-3, 하이드로제네이티드식물성오일, 실리카, 베타인, 향료, 글리세릴스테아레이트, 피이지-100스테아레이트, 베헤닐알코올, 폴리실리콘-11, 카보머, 폴리아크릴레이트-13, 세테아릴알코올, 나이아신아마이드, 글리세릴카프릴레이트, 소듐스테아로일글루타메이트, 트로메타민, 폴리아이소부텐, 에틸헥실글리세린, 아데노신, 소듐메타포스페이트, 리모넨, 리날룰, 바이오사카라이드검-1, 카페인, 토코페릴아세테이트, 알지닌, 아스코빌테트라이소팔미테이트, 펜틸렌글라이콜, 호호바씨오일, 폴리솔베이트20, 솔비탄아이소스테아레이트, 하이드록시시트로넬알, 알파-아이소메틸아이오논, 레시틴, 흑효모발효물, 토코페롤, 아세틸헥사펩타이드-8, 트라이펩타이드-1, 수용성콜라겐, 팔미토일테트라펩타이드-7, 팔미토일트라이펩타이드-1, 팔미토일헥사펩타이드-12 / [헤라 옴므 블랙 액티브 어드밴스드 에멀전] 정제수, 변성알코올, 부틸렌글라이콜, 글리세린, 피이지-60하이드로제네이티드캐스터오일, 1,2-헥산다이올, 향료, 옥틸도데세스-16, 프로판다이올, 에틸헥실글리세린, 베타인, 카보머, 트로메타민, 아데노신, 바이오사카라이드검-1, 펜틸렌글라이콜, 리모넨, 리날룰, 카페인, 알지닌, 소듐메타포스페이트, 하이드록시시트로넬알, 알파-아이소메틸아이오논, 프로필렌글라이콜, 흑효모발효물, 소듐하이알루로네이트, 토코페롤, 아세틸헥사펩타이드-8, 트라이펩타이드-1, 수용성콜라겐, 팔미토일테트라펩타이드-7, 팔미토일트라이펩타이드-1, 팔미토일헥사펩타이드-12",헤라,헤라_NEW 옴므 블랙 액티브 세트 2종
루즈 클래시 3.5g,https://www.amoremall.com/kr/ko/product/detail?onlineProdSn=60557,50000.0,모든 피부타입,,,폴리글리세릴-2트라이아이소스테아레이트 합성왁스 다이아이소스테아릴말레이트 폴리글리세릴-10데카아이소스테아레이트 호호바에스터 에틸렌/프로필렌코폴리머 펜타에리스리틸테트라아이소스테아레이트 적색202호 다이메티콘 다이스테아다이모늄헥토라이트 C30-45알킬다이메틸실릴폴리프로필실세스퀴옥세인 알루미나 프로필렌카보네이트 흑색산화철 토코페릴아세테이트 토코페롤,헤라,헤라_루즈 클래시 3.5g
NEW 블랙 쿠션 파운데이션 SPF34/PA++ 15g,https://www.amoremall.com/kr/ko/product/detail?onlineProdSn=61252,52000.0,15g,15.0,g,"[13N1] 정제수, 사이클로펜타실록세인, 메틸트라이메티콘, 부틸렌글라이콜, 티타늄디옥사이드 (CI 77891), 에칠헥실메톡시신나메이트, 마이카, 사이클로헥사실록세인, 트라이메틸실록시실리케이트, 피이지-10다이메티콘, 다이메티콘, 다이스테아다이모늄헥토라이트, 폴리메틸메타크릴레이트, 징크옥사이드, 티타늄디옥사이드, 라우릴피이지-9폴리다이메틸실록시에틸다이메티콘, 아크릴레이트/다이메티콘코폴리머, 소듐클로라이드, 아크릴레이트/스테아릴아크릴레이트/다이메티콘메타크릴레이트코폴리머, 황색산화철, 알루미늄하이드록사이드, 글리세린, 폴리실리콘-11, 폴리솔베이트40, 폴리솔베이트80, 카프릴릴글라이콜, 트라이에톡시카프릴릴실레인, 향료, 라우로일라이신, 스테아릭애씨드, 하이드로제네이티드레시틴, 적색산화철, 에틸헥실글리세린, 다이소듐이디티에이, 흑색산화철, 콘민트잎추출물, 비스머스옥시클로라이드, 커먼자스민꽃추출물, 아이소도데케인, 1,2-헥산다이올, 비에이치티, 아크릴레이트/폴리트라이메틸실록시메타크릴레이트코폴리머, 하이알루로닉애씨드, 토코페롤",헤라,헤라_NEW 블랙 쿠션 파운데이션 SPF34/PA++ 15g
옴므 올인원 스킨 하이드로 트리트먼트 150ml,https://www.amoremall.com/kr/ko/product/detail?onlineProdSn=47595,48000.0,150ml,150.0,ml,"정제수, 글리세린, 베타인, 변성알코올, 다이프로필렌글라이콜, 1,2-헥산다이올, 메틸트라이메티콘, 나이아신아마이드, 사이클로펜타실록세인, 실리카, 세테아릴알코올, 판테놀, 다이메티콘올, 아크릴레이트/C10-30알킬아크릴레이트크로스폴리머, 글리세릴스테아레이트, 프로판다이올, 트로메타민, 하이드로제네이티드레시틴, 해수, 글리세릴카프릴레이트, 향료, 스테아릭애씨드, 폴리글리세릴-3메틸글루코오스다이스테아레이트, 팔미틱애씨드, 에틸헥실글리세린, 멘톡시프로판다이올, 아데노신, 다이소듐이디티에이, 바이오사카라이드검-1, 펜틸렌글라이콜, 리모넨, 리날룰, 미리스틱애씨드, 부틸렌글라이콜, 라우릭애씨드, 사철쑥추출물, 카프릴릴글라이콜, 메톡시피이지-114/폴리엡실론카프로락톤, 토코페롤, 하이드록시에틸아크릴레이트/소듐아크릴로일다이메틸타우레이트코폴리머, 아크릴레이트/스테아릴메타크릴레이트코폴리머, 흰목이버섯포자낭과추출물, 하이알루로닉애씨드, 아세틸헵타펩타이드-4, 복사나무잎추출물, 잔탄검, 페녹시에탄올, 아세틸헥사펩타이드-8, 라이신, 알지닌, 히스티딘, 세라마이드엔피, 소듐하이드록사이드, 글루코오스, 자일로오스, 아세틸옥타펩타이드-3, 하이드로제네이티드포스파티딜콜린, 소듐클로라이드, 덱스트린, 하이드롤라이즈드오크라추출물, 콜레스테롤, 만노오스, 다이팔미토일하이드록시프롤린, 레시틴, 칼슘클로라이드, 카퍼트라이펩타이드-1, 포타슘클로라이드, 소듐포스페이트, 포타슘포스페이트, 마그네슘클로라이드, 푸코오스, 하이드롤라이즈드기장",헤라,헤라_옴므 올인원 스킨 하이드로 트리트먼트 150ml
시그니아 워터 에멀젼 기프트 세트 2종,https://www.amoremall.com/kr/ko/product/detail?onlineProdSn=57600,185000.0,[본품] 시그니아 스킨 리파이닝 워터 180ml 시그니아 에센셜 밸런싱 에멀젼 150ml [증정] 시그니아 스킨 리파이닝 워터 견본 20ml 시그니아 에센셜 밸런싱 에멀젼 견본 20ml 시그니아 코어 리프팅 세럼 견본 10ml,180.0,ml,"[워터] 정제수, 부틸렌글라이콜, 글리세린, 베타인, 피이지/피피지-17/6코폴리머, 나이아신아마이드, 1,2-헥산다이올, 글리세릴폴리메타크릴레이트, 피피지-13-데실테트라데세스-24, 아크릴레이트/C10-30알킬아크릴레이트크로스폴리머, 잔탄검, 페녹시에탄올, 트로메타민, 에틸헥실글리세린, 향료, 아데노신, 다이소듐이디티에이, 수선화비늘줄기추출물, 황수선추출물, 금, 프로판다이올, 벤질살리실레이트, 하이드록시시트로넬알, 시트릭애씨드, 락틱애씨드, 폴리카프로락톤, 글라이콜릭애씨드, 에탄올, 프로테아제, 피이지-75, 메톡시피이지-114/폴리엡실론카프로락톤, 하이드록시에틸아크릴레이트/소듐아크릴로일다이메틸타우레이트코폴리머, 카프릴릴글라이콜, 토코페롤, 복사나무잎추출물, 라이신, 알지닌, 히스티딘, 파파인, 글루코오스, 자일로오스, 만노오스, 소듐클로라이드, 레시틴, 펜틸렌글라이콜, 하이드로제네이티드포스파티딜콜린, 카퍼트라이펩타이드-1, 소듐포스페이트, 덱스트린, 하이드롤라이즈드오크라추출물, 콜레스테롤, 푸코오스, 다이팔미토일하이드록시프롤린, 아크릴레이트/스테아릴메타크릴레이트코폴리머, 포타슘클로라이드, 포타슘포스페이트, 마그네슘클로라이드, 하이드롤라이즈드기장, 칼슘클로라이드 [에멀젼] 정제수, 부틸렌글라이콜, 글리세린, 다이메티콘, 펜타에리스리틸테트라에틸헥사노에이트, 나이아신아마이드, 하이드로제네이티드폴리(C6-14올레핀), 다이아이소스테아릴말레이트, 합성왁스, 1,2-헥산다이올, C14-22알코올, 식물성스쿠알란, 시어버터, 비스-다이글리세릴폴리아실아디페이트-2, 폴리글리세릴-10스테아레이트, 하이드록시프로필스타치포스페이트, 글리세릴스테아레이트, 세테아릴알코올, 글리세릴스테아레이트시트레이트, 폴리메틸실세스퀴옥세인, 하이드로제네이티드식물성오일, 하이드로제네이티드레시틴, C12-20알킬글루코사이드, 스테아릭애씨드, 판테놀, 카프릴릴글라이콜, 카보머, 글리세릴카프릴레이트, 팔미틱애씨드, 페녹시에탄올, 트로메타민, 향료, 다이소듐이디티에이, 아데노신, 에틸헥실글리세린, 수선화비늘줄기추출물, 콜레스테롤, 세라마이드엔피, 황수선추출물, 벤질살리실레이트, 덱스트린, 하이드롤라이즈드루핀단백질, 카카오추출물, 프로판다이올, 하이드록시시트로넬알, 글루코오스, 글라이코프로테인, 메톡시피이지-114/폴리엡실론카프로락톤, 하이드록시에틸아크릴레이트/소듐아크릴로일다이메틸타우레이트코폴리머, 복사나무잎추출물, 라이신, 알지닌, 히스티딘, 자일로오스, 토코페롤, 만노오스, 소듐클로라이드, 레시틴, 펜틸렌글라이콜, 하이드로제네이티드포스파티딜콜린, 카퍼트라이펩타이드-1, 소듐포스페이트, 하이드롤라이즈드오크라추출물, 푸코오스, 다이팔미토일하이드록시프롤린, 아크릴레이트/스테아릴메타크릴레이트코폴리머, 포타슘클로라이드, 포타슘포스페이트, 마그네슘클로라이드, 하이드롤라이즈드기장, 칼슘클로라이드",헤라,헤라_시그니아 워터 에멀젼 기프트 세트 2종
블러쉬 5.5g,https://www.amoremall.com/kr/ko/product/detail?onlineProdSn=62029,50000.0,5.5g,5.5,g,"합성플루오르플로고파이트, 마이카, 실리카, 티타늄디옥사이드 (CI 77891), 코코-카프릴레이트/카프레이트, 알루미늄전분옥테닐석시네이트, 옥틸도데실스테아로일스테아레이트, 칼슘알루미늄보로실리케이트, 폴리글리세릴-10다이올리에이트, 셀룰로오스, 1,2-헥산다이올, 에이치디아이/트라이메틸올헥실락톤크로스폴리머, 솔비탄아이소스테아레이트, 트라이에톡시카프릴릴실레인, 메티콘, 하이드로제네이티드캐스터오일다이머다이리놀레에이트, 적색226호, 카프릴릴글라이콜, 글리세릴카프릴레이트, 적색산화철, 알루미늄하이드록사이드, 다이메티콘, 틴옥사이드, 글리세릴폴리메타크릴레이트, 마그네슘알루미늄실리케이트, 정제수, 토코페롤",헤라,헤라_블러쉬 5.5g
UV프로텍터 익스트림포스 레포츠 SPF50+/PA++++ 70ml,https://www.amoremall.com/kr/ko/product/detail?onlineProdSn=60900,45000.0,70ml,70.0,ml,"정제수, C12-15알킬벤조에이트, 에칠헥실메톡시신나메이트, 부틸렌글라이콜, 프로판다이올, 비스-에칠헥실옥시페놀메톡시페닐트리아진, 디에칠아미노하이드록시벤조일헥실벤조에이트, 티타늄디옥사이드, 다이메티콘, 트라이실록세인, 사이클로펜타실록세인, 실리카, 사이클로헥사실록세인, 폴리아크릴레이트-13, 알루미늄스테아레이트, 폴리아이소부텐, 폴리하이드록시스테아릭애씨드, 다이메티콘/비닐다이메티콘크로스폴리머, 알루미나, 스테아릭애씨드, 페녹시에탄올, C12-15알코올, 향료, 폴리아크릴릭애씨드, 다이소듐이디티에이, 에틸헥실글리세린, 폴리솔베이트20, 솔비탄아이소스테아레이트, 버지니아풍년화잎수, 칼슘판테테인설포네이트, 암모늄아크릴로일다이메틸타우레이트/브이피코폴리머, 비에이치티, 리모넨, 리날룰, 토코페롤, 피이지-60하이드로제네이티드캐스터오일, 잔탄검, 글리세린, 락토바실러스/부레옥잠발효물, 에틸헥실팔미테이트, 메톡시피이지-114/폴리엡실론카프로락톤, 쇠비름추출물, 만니톨, 펜틸렌글라이콜, 아스코빅애씨드, 카페익애씨드, 유비퀴논, 아크릴레이트/암모늄메타크릴레이트코폴리머, 카프릴릴글라이콜, 하이드록시에틸아크릴레이트/소듐아크릴로일다이메틸타우레이트코폴리머, 카카오추출물, 1,2-헥산다이올, 토코페릴아세테이트, 카보머, 복사나무잎추출물, 시트릭애씨드, 소듐데하이드로아세테이트, 레시틴, 에탄올, 포타슘솔베이트, 소듐시트레이트, 소듐벤조에이트, 티타늄디옥사이드 (CI 77891), 해바라기씨오일, 베타-카로틴, 하이드롤라이즈드기장, 징크디엔에이, 디엔에이, 하이드로제네이티드포스파티딜콜린, 바이오틴, 덱스트린, 하이드롤라이즈드오크라추출물, 콜레스테롤, 다이팔미토일하이드록시프롤린, 아크릴레이트/스테아릴메타크릴레이트코폴리머, 카퍼트라이펩타이드-1, 콜레스테릴헥실다이카바메이트풀루란",헤라,헤라_UV프로텍터 익스트림포스 레포츠 SPF50+/PA++++ 70ml
UV프로텍터 멀티디펜스 프레쉬 SPF50+/PA++++ 50ml,https://www.amoremall.com/kr/ko/product/detail?onlineProdSn=56400,45000.0,50ml,50.0,ml,"정제수, 다이부틸아디페이트, 프로판다이올, 에칠헥실트리아존, 테레프탈릴리덴디캠퍼설포닉애씨드, 알지닌, 나이아신아마이드, 폴리글리세릴-3다이스테아레이트, 1,2-헥산다이올, 펜틸렌글라이콜, 세테아릴알코올, 디에칠아미노하이드록시벤조일헥실벤조에이트, 폴리실리콘-15, 글리세린, 카프릴릴메티콘, 폴리메틸실세스퀴옥세인, 글리세릴스테아레이트, 비스-에칠헥실옥시페놀메톡시페닐트리아진, 포타슘세틸포스페이트, 메틸프로판다이올, 소듐아크릴레이트크로스폴리머-2, 이눌린라우릴카바메이트, 카보머, 향료, 아크릴레이트/C10-30알킬아크릴레이트크로스폴리머, 글리세릴스테아레이트시트레이트, 스핑고모나스발효추출물, 에틸헥실글리세린, 아데노신, 폴리에터-1, 부틸렌글라이콜, 토코페릴아세테이트, 에틸헥실팔미테이트, 모란추출물, 작약뿌리추출물, 바이오사카라이드검-1, 다이소듐이디티에이, 효모발효여과물, 토코페롤, 해바라기씨오일, 작약꽃추출물, 베타-카로틴, 디엔에이, 버지니아풍년화껍질/잎/잔가지추출물, 센티드제라늄추출물, 치자꽃추출물, 살비아수, 판테놀, 3-O-에틸아스코빅애씨드",헤라,헤라_UV프로텍터 멀티디펜스 프레쉬 SPF50+/PA++++ 50ml
NEW 옴므 블루 에센스 기획 2종 세트,https://www.amoremall.com/kr/ko/product/detail?onlineProdSn=66717,96000.0,[옴므 블루 에센스 인 토너] 125ml [옴므 블루 에센스 인 에멀전] 110ml,125.0,ml,"[헤라 옴므 블루 에센스 인 토너] 정제수, 프로판다이올, 글리세린, 1,2-헥산다이올, 글리세레스-26, 베타인, 피피지-13-데실테트라데세스-24, 옥틸도데세스-16, 비스-피이지-18메틸에터다이메틸실레인, 에틸헥실글리세린, 잔탄검, 향료, 카보머, 트로메타민, 소듐메타포스페이트, 이노시톨, 엑토인, 리날룰, 헥실신남알, 알파-아이소메틸아이오논, 리모넨, 벤질살리실레이트, 하이드롤라이즈드익스텐신, 호호바씨오일, 폴리글리세릴-10라우레이트, 프로필렌글라이콜, 빌베리열매추출물, 토코페롤, 소듐하이알루로네이트, 사탕수수추출물, 부틸렌글라이콜, 하이드로제네이티드레시틴, 오렌지추출물, 레몬추출물, 설탕단풍추출물, 아크릴레이트/스테아릴메타크릴레이트코폴리머, 흰목이버섯포자낭과추출물, 하이알루로닉애씨드, 세라마이드엔피, 수용성콜라겐 / [헤라 옴므 블루 에센스 인 에멀전] 정제수, 부틸렌글라이콜, 글리세린, 메틸트라이메티콘, 펜타에리스리틸테트라에틸헥사노에이트, 하이드로제네이티드폴리(C6-14올레핀), 1,2-헥산다이올, 시어버터, 폴리글리세릴-3메틸글루코오스다이스테아레이트, 하이드록시에틸아크릴레이트/소듐아크릴로일다이메틸타우레이트코폴리머, 세테아릴알코올, 스테아레스-21, 하이드로제네이티드식물성오일, 글리세릴스테아레이트, 카보머, 글리세릴스테아레이트시트레이트, 트로메타민, 향료, 팔미틱애씨드, 잔탄검, 글리세릴카프릴레이트, 에틸헥실글리세린, 스테아릭애씨드, 다이메티콘, 소듐메타포스페이트, 폴리글루타믹애씨드, 솔비탄아이소스테아레이트, 폴리솔베이트60, 이노시톨, 엑토인, 리날룰, 헥실신남알, 알파-아이소메틸아이오논, 리모넨, 레시틴, 벤질살리실레이트, 세라마이드엔피, 하이드롤라이즈드익스텐신, 호호바씨오일, 폴리글리세릴-10라우레이트, 프로필렌글라이콜, 토코페롤, 빌베리열매추출물, 소듐하이알루로네이트, 사탕수수추출물, 하이드로제네이티드레시틴, 오렌지추출물, 레몬추출물, 설탕단풍추출물, 아크릴레이트/스테아릴메타크릴레이트코폴리머, 흰목이버섯포자낭과추출물, 하이알루로닉애씨드, 수용성콜라겐",헤라,헤라_NEW 옴므 블루 에센스 기획 2종 세트
리치 컬링 마스카라,https://www.amoremall.com/kr/ko/product/detail?onlineProdSn=16715,42000.0,6g,6.0,g,"정제수, 아크릴레이트코폴리머, 흑색산화철, 비즈왁스, 카나우바왁스, 폴리글리세릴-3비즈왁스, 팔미틱애씨드, 스테아릭애씨드, 피브이피, 1,2-헥산다이올, 아미노메틸프로판다이올, 실리카, 다이펜타에리스리틸펜타아이소스테아레이트, 에탄올, 하이드록시에틸아크릴레이트/소듐아크릴로일다이메틸타우레이트코폴리머, 카프릴릴글라이콜, 소듐메타포스페이트, 소듐데하이드로아세테이트, 판테놀, 동백나무씨오일, 호호바씨오일, 솔비탄아이소스테아레이트, 폴리솔베이트60, 소듐하이알루로네이트, 바이오틴",헤라,헤라_리치 컬링 마스카라
브로우 디자이너 오토펜슬,https://www.amoremall.com/kr/ko/product/detail?onlineProdSn=20732,30000.0,0.3g,0.3,g,"흑색산화철, 하이드로제네이티드돌콩오일, 하이드로제네이티드코코-글리세라이즈, 마이카, 하이드로제네이티드식물성오일, 적색산화철, 황색산화철, 징크스테아레이트, 스테아릭애씨드, 카나우바왁스, 폴리글리세릴-2트라이아이소스테아레이트, 토코페롤, 페녹시에탄올, 카프릴릴글라이콜, 아스코빌팔미테이트, 헥실렌글라이콜",헤라,헤라_브로우 디자이너 오토펜슬
NEW 코렉팅 베이스 UV 프로텍터 SPF50+/PA++++ 35ml,https://www.amoremall.com/kr/ko/product/detail?onlineProdSn=66903,58000.0,35ml,35.0,ml,"정제수, 다이메티콘, 메틸트라이메티콘, 아이소노닐아이소노나노에이트, 변성알코올, 드로메트리졸트리실록산, 티타늄디옥사이드 (CI 77891), 부틸렌글라이콜, 호모살레이트, 피이지-9폴리다이메틸실록시에틸다이메티콘, 티타늄디옥사이드, 에칠헥실살리실레이트, 글리세린, 나이아신아마이드, 테레프탈릴리덴디캠퍼설포닉애씨드, 폴리메틸실세스퀴옥세인, 다이스테아다이모늄헥토라이트, 자일리톨, 트로메타민, 1,2-헥산다이올, 나일론-12, 트라이메틸실록시실리케이트, 다이메티콘/비닐다이메티콘크로스폴리머, 실리카, 스테아릭애씨드, 알루미늄하이드록사이드, 알루미나, 카프릴릴글라이콜, 합성플루오르플로고파이트, 황색산화철, 에틸헥실글리세린, 향료, 폴리메틸메타크릴레이트, 트라이에톡시카프릴릴실레인, 적색산화철, 시메티콘, 아데노신, 리모넨, 리날룰, 틴옥사이드, 프로필렌글라이콜, 소듐하이알루로네이트, 토코페롤, 하이드롤라이즈드식물성단백질, 하이드롤라이즈드콜라겐",헤라,헤라_NEW 코렉팅 베이스 UV 프로텍터 SPF50+/PA++++ 35ml
센슈얼 파우더 매트 립스틱 3g,https://www.amoremall.com/kr/ko/product/detail?onlineProdSn=54577,45000.0,3g,3.0,g,"다이메티콘, 아이소트라이데실아이소노나노에이트, 합성왁스, 폴리글리세릴-2트라이아이소스테아레이트, 다이페닐다이메티콘/비닐다이페닐다이메티콘/실세스퀴옥세인크로스폴리머, 페닐트라이메티콘, 다이펜타에리스리틸펜타아이소스테아레이트, 비스-다이글리세릴폴리아실아디페이트-2, 펜타에리스리틸테트라아이소스테아레이트, 다이스테아다이모늄헥토라이트, 마이카, 폴리실리콘-11, 다이메티콘크로스폴리머, 에틸렌/프로필렌코폴리머, 쌀겨왁스, 다이메티콘/비닐다이메티콘크로스폴리머, 글리세릴운데실다이메티콘, 적색103호의(1), 황색5호, 적색202호, 적색201호, 라우릴폴리글리세릴-3폴리다이메틸실록시에틸다이메티콘, 티타늄디옥사이드 (CI 77891), 적색산화철, 프로필렌카보네이트, 메티콘, 리모넨, 실리카, 리날룰, 향료, 폴리하이드록시스테아릭애씨드, 알루미늄하이드록사이드, 트라이에톡시카프릴릴실레인, 레시틴, 폴리글리세릴-2테트라아이소스테아레이트, 에틸헥실팔미테이트, 아이소스테아릭애씨드, 아이소프로필미리스테이트, 폴리글리세릴-3폴리리시놀리에이트, 시트로넬올, 토코페롤",헤라,헤라_센슈얼 파우더 매트 립스틱 3g
브로우 디자이너 오토펜슬,https://www.amoremall.com/kr/ko/product/detail?onlineProdSn=21892,20000.0,0.3g * 2ea,0.3,g,"흑색산화철, 하이드로제네이티드돌콩오일, 하이드로제네이티드코코-글리세라이즈, 마이카, 하이드로제네이티드식물성오일, 적색산화철, 황색산화철, 징크스테아레이트, 스테아릭애씨드, 카나우바왁스, 폴리글리세릴-2트라이아이소스테아레이트, 토코페롤, 페녹시에탄올, 카프릴릴글라이콜, 아스코빌팔미테이트, 헥실렌글라이콜",헤라,헤라_브로우 디자이너 오토펜슬
에이지 어웨이 에스테틱 BX 아이크림 25ml,https://www.amoremall.com/kr/ko/product/detail?onlineProdSn=60463,110000.0,25 ml,25.0,ml,"정제수, 부틸렌글라이콜, 글리세린, 스쿠알란, 펜타에리스리틸테트라에틸헥사노에이트, 다이메티콘, 피브이피, 나이아신아마이드, 하이드로제네이티드식물성오일, 세테아릴알코올, 1,2-헥산다이올, 글리세릴스테아레이트, 글리세릴스테아레이트시트레이트, 피이지-100스테아레이트, 카나우바왁스, 폴리아크릴레이트-13, 폴리아이소부텐, 세테아릴글루코사이드, 에탄올, 향료, 글리세릴카프릴레이트, 에틸헥실글리세린, 다이소듐이디티에이, 소듐폴리아크릴레이트, 아데노신, 폴리솔베이트20, 솔비탄아이소스테아레이트, 산수유열매추출물, 덱스트린, 카카오추출물, 하이알루로닉애씨드, 만니톨, 소듐하이알루로네이트, 프로판다이올, 트레할로오스, 글루코오스, 에스에이치-폴리펩타이드-121, 카프릴릴글라이콜, 메톡시피이지-114/폴리엡실론카프로락톤, 토코페롤, 하이드록시에틸아크릴레이트/소듐아크릴로일다이메틸타우레이트코폴리머, 아세틸헵타펩타이드-4, 복사나무잎추출물, 라이신, 알지닌, 히스티딘, 자일로오스, 페녹시에탄올, 아세틸헥사펩타이드-8, 소듐하이드록사이드, 만노오스, 소듐클로라이드, 벼에스에이치-올리고펩타이드-1, 레시틴, 펜틸렌글라이콜, 아세틸옥타펩타이드-3, 하이드로제네이티드포스파티딜콜린, 카퍼트라이펩타이드-1, 소듐포스페이트, 하이드롤라이즈드오크라추출물, 콜레스테롤, 푸코오스, 다이팔미토일하이드록시프롤린, 아크릴레이트/스테아릴메타크릴레이트코폴리머, 칼슘클로라이드, 포타슘클로라이드, 포타슘포스페이트, 마그네슘클로라이드, 하이드롤라이즈드기장",헤라,헤라_에이지 어웨이 에스테틱 BX 아이크림 25ml
지일 오 데 퍼퓸 40ml,https://www.amoremall.com/kr/ko/product/detail?onlineProdSn=21576,70000.0,40ml,40.0,ml,"변성알코올, 향료, 정제수, 피이지-60하이드로제네이티드캐스터오일, 벤질벤조에이트, 알파-아이소메틸아이오논, 리날룰, 리모넨, 시트로넬올, 제라니올, 헥실신남알, 하이드록시시트로넬알, 디에칠아미노하이드록시벤조일헥실벤조에이트, 에칠헥실메톡시신나메이트, 시트랄, 쿠마린, 벤질살리실레이트, 벤질신나메이트, 유제놀, 비에이치티",헤라,헤라_지일 오 데 퍼퓸 40ml
옴므 에센스 인 스킨 125ml,https://www.amoremall.com/kr/ko/product/detail?onlineProdSn=18847,46000.0,125ml,125.0,ml,"정제수, 변성알코올, 프로판다이올, 글리세레스-26, 글리세린, 나이아신아마이드, 1,2-헥산다이올, 베타인, 카페인, 피피지-13-데실테트라데세스-24, 부틸렌글라이콜, 옥틸도데세스-16, 비스-피이지-18메틸에터다이메틸실레인, 카보머, 잔탄검, 판테놀, 향료, 트로메타민, 펜틸렌글라이콜, 에틸헥실글리세린, 다이소듐이디티에이, 아데노신, 라이신, 알지닌, 히스티딘, 글루코오스, 자일로오스, 리날룰, 헥실신남알, 복사나무잎추출물, 알파-아이소메틸아이오논, 서양톱풀추출물, 리모넨, 벤질살리실레이트, 만노오스, 소듐클로라이드, 레시틴, 토코페롤, 소듐포스페이트, 카퍼트라이펩타이드-1, 푸코오스, 포타슘클로라이드, 포타슘포스페이트, 마그네슘클로라이드, 칼슘클로라이드, 하이드롤라이즈드기장",헤라,헤라_옴므 에센스 인 스킨 125ml
에이지 어웨이 에스테틱 BX83 리포솜 40ml,https://www.amoremall.com/kr/ko/product/detail?onlineProdSn=60461,130000.0,40 ml,40.0,ml,"정제수, 글리세린, 부틸렌글라이콜, 폴리글리세린-3, 나이아신아마이드, 1,2-헥산다이올, 카프릴릭/카프릭트라이글리세라이드, 다이메티콘, 암모늄아크릴로일다이메틸타우레이트/브이피코폴리머, 에탄올, 하이드로제네이티드레시틴, 프로판다이올, 콜레스테롤, 잔탄검, 에틸헥실글리세린, 향료, 하이드록시에틸셀룰로오스, 아데노신, 덱스트린, 산수유열매추출물, 카카오추출물, 베타-글루칸, 소듐메틸스테아로일타우레이트, 만니톨, 트레할로오스, 에스에이치-폴리펩타이드-121, 폴리솔베이트60, 다이소듐포스페이트, 카프릴릴글라이콜, 소듐포스페이트, 메톡시피이지-114/폴리엡실론카프로락톤, 토코페롤, 하이드록시에틸아크릴레이트/소듐아크릴로일다이메틸타우레이트코폴리머, 다이소듐이디티에이, 아세틸헵타펩타이드-4, 복사나무잎추출물, 라이신, 알지닌, 히스티딘, 글루코오스, 자일로오스, 페녹시에탄올, 아세틸헥사펩타이드-8, 소듐하이드록사이드, 만노오스, 소듐클로라이드, 벼에스에이치-올리고펩타이드-1, 레시틴, 펜틸렌글라이콜, 아세틸옥타펩타이드-3, 하이드로제네이티드포스파티딜콜린, 카퍼트라이펩타이드-1, 하이드롤라이즈드오크라추출물, 푸코오스, 다이팔미토일하이드록시프롤린, 아크릴레이트/스테아릴메타크릴레이트코폴리머, 칼슘클로라이드, 포타슘클로라이드, 포타슘포스페이트, 마그네슘클로라이드, 하이드롤라이즈드기장",헤라,헤라_에이지 어웨이 에스테틱 BX83 리포솜 40ml
NEW 쿼드 아이 컬러 섀도우 9g,https://www.amoremall.com/kr/ko/product/detail?onlineProdSn=56708,69000.0,9g,9.0,g,"칼슘소듐보로실리케이트, 합성플루오르플로고파이트, 칼슘알루미늄보로실리케이트, 세틸에틸헥사노에이트, 에이치디아이/트라이메틸올헥실락톤크로스폴리머, 하이드로제네이티드캐스터오일다이머다이리놀레에이트, 마이카, 티타늄디옥사이드 (CI 77891), 옥틸도데실스테아로일스테아레이트, 폴리글리세릴-10다이올리에이트, 실리카, 합성왁스, 1,2-헥산다이올, 적색산화철, 트라이에톡시카프릴릴실레인, 알루미나, 카프릴릴글라이콜, 글리세릴카프릴레이트, 틴옥사이드, 글리세릴폴리메타크릴레이트, 정제수, 마그네슘알루미늄실리케이트, 스쿠알란, 토코페롤, 부틸렌글라이콜, 글리세린, 아크릴레이트/스테아릴메타크릴레이트코폴리머, 흰목이버섯포자낭과추출물, 하이알루로닉애씨드, 잔탄검, 에틸헥실글리세린, 다이소듐이디티에이, 세라마이드엔피 / 탤크, 마이카, 폴리에틸렌, 티타늄디옥사이드 (CI 77891), 다이메티콘, 나일론-12, 실리카, 마그네슘미리스테이트, 적색산화철, 옥틸도데실스테아로일스테아레이트, 황색산화철, 트라이에톡시카프릴릴실레인, 에틸헥실글리세린, 메티콘, 알루미늄하이드록사이드, 글리세릴카프릴레이트, 흑색산화철, 스쿠알란, 정제수, 부틸렌글라이콜, 글리세린, 토코페롤, 1,2-헥산다이올, 아크릴레이트/스테아릴메타크릴레이트코폴리머, 흰목이버섯포자낭과추출물, 하이알루로닉애씨드, 잔탄검, 다이소듐이디티에이, 세라마이드엔피 / 마그네슘포타슘플루오로실리케이트, 마이카, 다이메티콘, 마그네슘미리스테이트, 적색산화철, 나일론-12, 흑색산화철, 실리카, 황색산화철, 에틸헥실글리세린, 트라이에톡시카프릴릴실레인, 메티콘, 글리세릴카프릴레이트, 스쿠알란, 정제수, 부틸렌글라이콜, 글리세린, 토코페롤, 1,2-헥산다이올, 아크릴레이트/스테아릴메타크릴레이트코폴리머, 흰목이버섯포자낭과추출물, 하이알루로닉애씨드, 잔탄검, 다이소듐이디티에이, 세라마이드엔피 / 마이카, 탤크, 티타늄디옥사이드 (CI 77891), 부틸렌글라이콜다이카프릴레이트/다이카프레이트, 옥틸도데실스테아로일스테아레이트, 실리카, 라우로일라이신, 적색산화철, 에틸헥실글리세린, 정제수, 스쿠알란, 글리세릴카프릴레이트, 부틸렌글라이콜, 글리세린, 1,2-헥산다이올, 메티콘, 아크릴레이트/스테아릴메타크릴레이트코폴리머, 흰목이버섯포자낭과추출물, 하이알루로닉애씨드, 잔탄검, 토코페롤, 다이소듐이디티에이, 세라마이드엔피",헤라,헤라_NEW 쿼드 아이 컬러 섀도우 9g
NEW 에어리 파우더 프라이머 8.5g,https://www.amoremall.com/kr/ko/product/detail?onlineProdSn=36070,60000.0,8.5g,8.5,g,"탤크, 다이메티콘, 에이치디아이/트라이메틸올헥실락톤크로스폴리머, 실리카, 다이메티콘/비닐다이메티콘크로스폴리머, 마이카, 티타늄디옥사이드 (CI 77891), 트라이에톡시카프릴릴실레인, 에틸헥실글리세린, 글리세릴카프릴레이트, 다이메티콘올, 황색산화철, 알루미늄하이드록사이드, 에탄올, 부틸렌글라이콜, 적색산화철, 메티콘, 토코페롤, 서양민들레뿌리줄기/뿌리추출물",헤라,헤라_NEW 에어리 파우더 프라이머 8.5g
파워부스팅 스페셜세트 2종,https://www.amoremall.com/kr/ko/product/detail?onlineProdSn=56154,134000.0,헤라 파워부스팅 토너 150ml 헤라 파워부스팅 모이스춰라이저 110ml + 헤라 파워부스팅 토너 20ml 헤라 파워부스팅 모이스춰라이저 20ml 헤라 파워부스팅 트리트먼트 20ml,150.0,ml,"[토너] 정제수, 변성알코올, 부틸렌글라이콜, 글리세린, 나이아신아마이드, 비스-피이지-18메틸에터다이메틸실레인, 1,2-헥산다이올, 피이지-60하이드로제네이티드캐스터오일, 옥틸도데세스-16, 향료, 카보머, 에틸헥실글리세린, 트로메타민, 아데노신, 다이소듐이디티에이, 리모넨, 리날룰, 시트랄, 알파-아이소메틸아이오논, 프로판다이올, 글라이콜릭애씨드, 토코페롤, 소듐하이알루로네이트, 하이드롤라이즈드하이알루로닉애씨드, 소듐하이알루로네이트크로스폴리머, 하이알루로닉애씨드, 판테놀, 소듐아세틸레이티드하이알루로네이트 / [모이스춰라이저] 정제수, 부틸렌글라이콜, 변성알코올, 메틸트라이메티콘, 하이드로제네이티드폴리(C6-14올레 핀), 글리세린, 부틸렌글라이콜다이카프릴레이트/다이카프레이트, 세틸에틸헥사노에이트, 나이아신아마 이드, 폴리글리세릴-3메틸글루코오스다이스테아레이트, 1,2-헥산다이올, 다이메티콘, 하이드로제네이 티드식물성오일, 실리카, 카페인, 메도우폼씨오일, 베헤닐알코올, 향료, 폴리아크릴레이트-13, 글리세릴 스테아레이트, 피이지-100스테아레이트, 카보머, 폴리실리콘-11, 트로메타민, 세테아릴알코올, 글리세릴 카프릴레이트, 소듐스테아로일글루타메이트, 폴리아이소부텐, 다이소듐이디티에이, 에틸헥실글리세린, 아데노신, 리모넨, 폴리솔베이트20, 솔비탄아이소스테아레이트, 리날룰, 레시틴, 시트랄, 하이드롤라이즈 드옥수수전분, 소나무잎추출물, 알파-아이소메틸아이오논, 프로판다이올, 하이드롤라이즈드루핀단백질, 소듐하이알루로네이트, 카프릴릴글라이콜, 토코페롤, 하이드롤라이즈드하이알루로닉애씨드, 아세틸헵 타펩타이드-4, 소듐하이알루로네이트크로스폴리머, 하이알루로닉애씨드, 아세틸헥사펩타이드-8, 소듐 하이드록사이드, 소듐아세틸레이티드하이알루로네이트, 아세틸옥타펩타이드-3",헤라,헤라_파워부스팅 스페셜세트 2종
NEW 립 세럼 11g,https://www.amoremall.com/kr/ko/product/detail?onlineProdSn=66441,40000.0,11 g,11.0,g,"다이아이소스테아릴말레이트, 피토스테릴/이소스테아릴/세틸/스테아릴/베헤닐다이머디리놀리에이트, 하이드로제네이티드폴리아이소부텐, 피토스테릴이소스테아릴다이머디리놀리에이트, 덱스트린팔미테이트/에틸헥사노에이트, 글리세린, 스쿠알란, 판테놀, 트라이에틸헥사노인, 에틸렌/프로필렌/스타이렌코폴리머, 카프릴릭/카프릭트라이글리세라이드, 다이팔미토일하이드록시프롤린, 오조케라이트, 합성왁스, 폴리글리세릴-2다이폴리하이드록시스테아레이트, 다이메티콘, 토코페릴아세테이트, 다이스테아다이모늄헥토라이트, 솔비탄아이소스테아레이트, 글루코노락톤, 부틸렌/에틸렌/스타이렌코폴리머, 벤질벤조에이트, 라벤더오일, 호호바씨오일, 리날룰, 향료, 펜타에리스리틸테트라-다이-T-부틸하이드록시하이드로신나메이트, 하이드록시시트로넬알, 올리브오일",헤라,헤라_NEW 립 세럼 11g
옴므 에센스 인 에멀젼 110ml,https://www.amoremall.com/kr/ko/product/detail?onlineProdSn=21450,42000.0,110ml,110.0,ml,"정제수, 프로판다이올, 변성알코올, 하이드로제네이티드폴리(C6-14올레핀), 사이클로펜타실록세인, 스쿠알란, 부틸렌글라이콜, 사이클로헥사실록세인, 나이아신아마이드, 1,2-헥산다이올, 카페인, 스타이렌/아크릴레이트코폴리머, 다이메티콘, 폴리아크릴레이트-13, 세테아릴알코올, 폴리아이소부텐, 폴리실리콘-11, 글리세릴카프릴레이트, 향료, 아크릴레이트/C10-30알킬아크릴레이트크로스폴리머, 에틸헥실글리세린, 판테놀, 트로메타민, 잔탄검, 폴리솔베이트20, 솔비탄아이소스테아레이트, 다이소듐이디티에이, 리날룰, 라이신, 알지닌, 히스티딘, 헥실신남알, 알파-아이소메틸아이오논, 리모넨, 벤질살리실레이트, 글루코오스, 자일로오스, 토코페롤, 복사나무잎추출물, 만노오스, 소듐클로라이드, 레시틴, 소듐포스페이트, 카퍼트라이펩타이드-1, 푸코오스, 포타슘클로라이드, 포타슘포스페이트, 마그네슘클로라이드, 칼슘클로라이드, 하이드롤라이즈드기장",헤라,헤라_옴므 에센스 인 에멀젼 110ml
메이크업픽서 80ml,https://www.amoremall.com/kr/ko/product/detail?onlineProdSn=59800,40000.0,80 ml,80.0,ml,"정제수, 변성알코올, 부틸렌글라이콜, 1,2-헥산다이올, 피브이피, 피피지-13-데실테트라데세스-24, 카프릴릴글라이콜, 프로판다이올, 에틸헥실글리세린, 소듐메타포스페이트, 스테아릴베헤네이트, 글리세린, 폴리글리세릴-3메틸글루코오스다이스테아레이트, 이눌린라우릴카바메이트, 엑토인, 하이드록시프로필비스팔미타마이드엠이에이, 카페인, 소듐하이알루로네이트, 토코페롤, 하이알루로닉애씨드, 아크릴레이트/스테아릴메타크릴레이트코폴리머, 하이드롤라이즈드하이알루로닉애씨드, 흰목이버섯포자낭과추출물, 소듐하이알루로네이트크로스폴리머, 잔탄검, 창포뿌리추출물, 트라이메틸실록시실리케이트, 다이소듐이디티에이, 세라마이드엔피, 아이소도데케인, 소듐아세틸레이티드하이알루로네이트",헤라,헤라_메이크업픽서 80ml
딥 클렌징 오일 225ml,https://www.amoremall.com/kr/ko/product/detail?onlineProdSn=61125,50000.0,225ml,225.0,ml,"C12-15알킬벤조에이트, 솔베스-30테트라올리에이트, 아이소프로필팔미테이트, 카프릴릭/카프릭트라이글리세라이드, 펜타에리스리틸테트라아이소스테아레이트, 트라이에틸헥사노인, 세틸에틸헥사노에이트, 아이소도데케인, 다이아이소스테아릴말레이트, 아이소노닐아이소노나노에이트, 정제수, 향료, 락틱애씨드, 부틸렌글라이콜, 리날룰, 리모넨, 티몰트라이메톡시신나메이트, 나이아신아마이드, 올리브오일, 호호바씨오일, 3-O-에틸아스코빅애씨드, 시트릭애씨드, 프로판다이올, 글리세린, 글라이콜릭애씨드, 검정콩오일, 1,2-헥산다이올, 하이드롤라이즈드식물성단백질, 세라마이드엔피, 모란추출물, 피토스핑고신, 하이드로제네이티드레시틴, 에틸헥실글리세린, 다이소듐이디티에이, 작약뿌리추출물, 카놀라오일, 로즈마리잎추출물, 작약꽃추출물",헤라,헤라_딥 클렌징 오일 225ml
센슈얼 피팅 글로우틴트 5g,https://www.amoremall.com/kr/ko/product/detail?onlineProdSn=58779,45000.0,5g,5.0,g,"정제수, 옥틸도데칸올, 부틸렌글라이콜, 스테아레스-21, 다이페닐다이메티콘, 에틸셀룰로오스, 스테아레스-2, 다이아이소스테아릴말레이트, 1,2-헥산다이올, 펜틸렌글라이콜, 폴리아크릴레이트크로스폴리머-6, 세틸피이지/피피지-10/1다이메티콘, 티타늄디옥사이드 (CI 77891), 폴리아크릴레이트-13, 카프릴릴글라이콜, 리모넨, 폴리아이소부텐, 황색4호, 적색227호, 황색5호, 레몬껍질오일, 알루미늄하이드록사이드, 코코넛야자오일, 스위트아몬드오일, 폴리솔베이트20, 솔비탄아이소스테아레이트, 파이틱애씨드, 녹색201호, 시트랄, 센티드제라늄꽃오일, 소듐하이드록사이드, 청색1호, 시트로넬올, 리날룰, 펜타에리스리틸테트라-다이-T-부틸하이드록시하이드로신나메이트",헤라,헤라_센슈얼 피팅 글로우틴트 5g
컴피 리바이탈라이징 세럼 미스트 90ml,https://www.amoremall.com/kr/ko/product/detail?onlineProdSn=60831,82000.0,90ml,90.0,ml,"정제수, 부틸렌글라이콜, 하이드로제네이티드폴리(C6-14올레핀), 글리세린, 1,2-헥산다이올 ,베타인 ,소듐클로라이드 ,에틸헥실글리세린, 토코페롤, 향료, 다이소듐이디티에이, 아데노신, 해바라기씨오일, 동백나무씨오일, 당근추출물, 프로판다이올, 동백나무꽃추출물, 바이오플라보노이드, 베타-카로틴",헤라,헤라_컴피 리바이탈라이징 세럼 미스트 90ml
에이지 어웨이 에스테틱 BX 워터 150ml,https://www.amoremall.com/kr/ko/product/detail?onlineProdSn=60459,60000.0,150 ml,150.0,ml,"정제수, 글리세린, 피이지/피피지-17/6코폴리머, 프로판다이올, 변성알코올, 1,2-헥산다이올, 나이아신아마이드, 베타인, 피피지-13-데실테트라데세스-24, 암모늄아크릴로일다이메틸타우레이트/브이피코폴리머, 잔탄검, 비스-피이지-18메틸에터다이메틸실레인, 에탄올, 다이메티콘, 옥틸도데세스-16, 부틸렌글라이콜, 에틸헥실글리세린, 아데노신, 향료, 산수유열매추출물, 다이소듐이디티에이, 셀룰로오스검, 하이드로제네이티드레시틴, 만니톨, 트레할로오스, 빌베리열매추출물, 사탕수수추출물, 소듐메틸스테아로일타우레이트, 오렌지추출물, 레몬추출물, 에스에이치-폴리펩타이드-121, 토코페롤, 설탕단풍추출물, 카프릴릴글라이콜, 메톡시피이지-114/폴리엡실론카프로락톤, 하이드록시에틸아크릴레이트/소듐아크릴로일다이메틸타우레이트코폴리머, 아세틸헵타펩타이드-4, 복사나무잎추출물, 라이신, 알지닌, 히스티딘, 글루코오스, 자일로오스, 페녹시에탄올, 아세틸헥사펩타이드-8, 소듐하이드록사이드, 만노오스, 소듐클로라이드, 벼에스에이치-올리고펩타이드-1, 레시틴, 펜틸렌글라이콜, 아세틸옥타펩타이드-3, 하이드로제네이티드포스파티딜콜린, 카퍼트라이펩타이드-1, 소듐포스페이트, 덱스트린, 하이드롤라이즈드오크라추출물, 콜레스테롤, 푸코오스, 다이팔미토일하이드록시프롤린, 아크릴레이트/스테아릴메타크릴레이트코폴리머, 칼슘클로라이드, 포타슘클로라이드, 포타슘포스페이트, 마그네슘클로라이드, 하이드롤라이즈드기장",헤라,헤라_에이지 어웨이 에스테틱 BX 워터 150ml
에이지 어웨이 에스테틱 BX 크림 50ml,https://www.amoremall.com/kr/ko/product/detail?onlineProdSn=60462,130000.0,50 ml,50.0,ml,"정제수, 프로판다이올, 스쿠알란, 글리세린, 시어버터, 다이카프릴릴카보네이트, 데실코코에이트, 나이아신아마이드, 비스-하이드록시에톡시프로필다이메티콘, 세테아릴알코올, 미리스틸미리스테이트, 글리세릴스테아레이트, 해바라기씨오일, 메틸트라이메티콘, 베헤닐알코올, 1,2-헥산다이올, 세테아릴올리베이트, 실리카, 아라키딜알코올, 솔비탄올리베이트, 글리세릴스테아레이트시트레이트, 아라키딜글루코사이드, 암모늄아크릴로일다이메틸타우레이트/브이피코폴리머, 에탄올, 향료, 비스-다이글리세릴폴리아실아디페이트-2, 잔탄검, 글리세릴카프릴레이트, 에틸헥실글리세린, 아데노신, 덱스트린, 카카오추출물, 산수유열매추출물, 다이소듐이디티에이, 하이드롤라이즈드콜라겐, 만니톨, 트레할로오스, 글루코오스, 부틸렌글라이콜, 토코페롤, 에스에이치-폴리펩타이드-121, 카프릴릴글라이콜, 메톡시피이지-114/폴리엡실론카프로락톤, 하이드록시에틸아크릴레이트/소듐아크릴로일다이메틸타우레이트코폴리머, 아세틸헵타펩타이드-4, 복사나무잎추출물, 라이신, 알지닌, 히스티딘, 자일로오스, 페녹시에탄올, 아세틸헥사펩타이드-8, 소듐하이드록사이드, 만노오스, 소듐클로라이드, 벼에스에이치-올리고펩타이드-1, 레시틴, 펜틸렌글라이콜, 아세틸옥타펩타이드-3, 하이드로제네이티드포스파티딜콜린, 카퍼트라이펩타이드-1, 소듐포스페이트, 하이드롤라이즈드오크라추출물, 콜레스테롤, 푸코오스, 다이팔미토일하이드록시프롤린, 아크릴레이트/스테아릴메타크릴레이트코폴리머, 칼슘클로라이드, 포타슘클로라이드, 포타슘포스페이트, 마그네슘클로라이드, 하이드롤라이즈드기장",헤라,헤라_에이지 어웨이 에스테틱 BX 크림 50ml
이지 스타일링 아이라이너 0.5g,https://www.amoremall.com/kr/ko/product/detail?onlineProdSn=14934,32000.0,0.5g,0.5,g,"정제수, 흑색산화철, 부틸렌글라이콜, 암모늄스타이렌/아크릴레이트코폴리머, 카본블랙, 펜틸렌글라이콜, 암모늄아크릴레이트코폴리머, 페녹시에탄올, 알진, 1,2-헥산다이올, 카프릴릴글라이콜, 에틸헥실글리세린, 다이소듐이디티에이, 아미노메틸프로판올, 소듐데하이드로아세테이트, 시메티콘",헤라,헤라_이지 스타일링 아이라이너 0.5g
크리미 커버 컨실러 7.5g,https://www.amoremall.com/kr/ko/product/detail?onlineProdSn=59328,45000.0,7.5g,7.5,g,"정제수, 티타늄디옥사이드 (CI 77891), 페닐트라이메티콘, 카프릴릴메티콘, 다이메티콘, 글리세린, 트라이메틸실록시실리케이트, 실리카, 부틸렌글라이콜, 합성왁스, 자일리톨, 소듐클로라이드, 황색산화철, 아크릴레이트/다이메티콘코폴리머, 라우릴폴리글리세릴-3폴리다이메틸실록시에틸다이메티콘, 다이메티콘/폴리글리세린-3크로스폴리머, 1,2-헥산다이올, 알루미늄하이드록사이드, 트라이에톡시카프릴릴실레인, 트라이하이드록시스테아린, 적색산화철, 트라이에틸헥사노인, 덱스트린팔미테이트, 다이스테아다이모늄헥토라이트, 카프릴릴글라이콜, 비닐다이메티콘/라우릴다이메티콘크로스폴리머, 에틸헥실글리세린, 흑색산화철, 하이드록시에틸아크릴레이트/소듐아크릴로일다이메틸타우레이트코폴리머, 다이소듐이디티에이, 다이프로필렌글라이콜, 솔비탄아이소스테아레이트, 폴리솔베이트60, 소듐시트레이트, 마이카, 프로판다이올, 토코페롤, 소듐하이알루로네이트, 틴옥사이드, 하이드롤라이즈드하이알루로닉애씨드, 소듐하이알루로네이트크로스폴리머, 하이알루로닉애씨드, 소듐아세틸레이티드하이알루로네이트",헤라,헤라_크리미 커버 컨실러 7.5g
하이드로 리플렉팅 마이크로 크림 50ml,https://www.amoremall.com/kr/ko/product/detail?onlineProdSn=57586,72000.0,50ml,50.0,ml,"""정제수, 프로판다이올, 글리세린, 메도우폼씨오일, 1,2-헥산다이올, 베타인, 베헤닐알코올, 카보머, 트로메타민, 호호바에스터, 아라키딜알코올, 에틸헥실글리세린, 글리세릴카프릴레이트, 덱스트린, 다이소듐이디티에이, 향료, 아데노신, 아라키딜글루코사이드, 부틸렌글라이콜, 토코페롤, 마데카소사이드, 나이아신아마이드, 피토스테롤, 말라카이트추출물, 아크릴레이트/스테아릴메타크릴레이트코폴리머, 흰목이버섯포자낭과추출물, 하이알루로닉애씨드, 락토바실러스발효용해물, 병풀꽃/잎/줄기추출물, 잔탄검, 아스코빌테트라이소팔미테이트, 라이신, 알지닌, 히스티딘, 세라마이드엔피, 모란추출물, 글루코오스, 자일로오스, 복사나무잎추출물, 만노오스, 소듐클로라이드, 레시틴, 소듐포스페이트, 카퍼트라이펩타이드-1, 푸코오스, 포타슘클로라이드, 포타슘포스페이트, 마그네슘클로라이드, 하이드 롤라이즈드기장, 칼슘클로라이드""",헤라,헤라_하이드로 리플렉팅 마이크로 크림 50ml
소프트 피니시 루스 파우더 15g,https://www.amoremall.com/kr/ko/product/detail?onlineProdSn=53560,60000.0,15g,15.0,g,"마그네슘포타슘플루오로실리케이트, 실리카, 마그네슘미리스테이트, 비닐다이메티콘/메티콘실세스퀴옥세인크로스폴리머, 보론나이트라이드, 카프릴릭/카프릭트라이글리세라이드, 트라이에톡시카프릴릴실레인, 다이페닐실록시페닐트라이메티콘, 1,2-헥산다이올, 합성플루오르플로고파이트, 황색산화철, 에틸헥실글리세린, 아스코빅애씨드, 마이카, 정제수, 적색산화철, 데하이드로아세틱애씨드, 아크릴레이트/브이피코폴리머, 메티콘, 프로판다이올, 소듐하이알루로네이트, 하이드롤라이즈드하이알루로닉애씨드, 토코페롤, 소듐하이알루로네이트크로스폴리머, 하이알루로닉애씨드, 소듐아세틸레이티드하이알루로네이트",헤라,헤라_소프트 피니시 루스 파우더 15g
에이지 어웨이 에스테틱 BX 에멀젼 120ml,https://www.amoremall.com/kr/ko/product/detail?onlineProdSn=60460,65000.0,120 ml,120.0,ml,"정제수, 프로판다이올, 글리세린, 하이드로제네이티드폴리(C6-14올레핀), 하이드로제네이티드폴리아이소부텐, 다이아이소스테아릴말레이트, 나이아신아마이드, 비스-하이드록시에톡시프로필다이메티콘, C14-22알코올, 1,2-헥산다이올, 시어버터, 피씨에이다이메티콘, 글리세릴스테아레이트시트레이트, 글리세릴폴리메타크릴레이트, C12-20알킬글루코사이드, 글리세릴스테아레이트, 세테아릴알코올, 하이드로제네이티드식물성오일, 스테아릭애씨드, 카보머, 에탄올, 트로메타민, 향료, 잔탄검, 글리세릴카프릴레이트, 팔미틱애씨드, 다이소듐이디티에이, 에틸헥실글리세린, 아데노신, 산수유열매추출물, 덱스트린, 카카오추출물, 만니톨, 트레할로오스, 글루코오스, 부틸렌글라이콜, 토코페롤, 에스에이치-폴리펩타이드-121, 카프릴릴글라이콜, 메톡시피이지-114/폴리엡실론카프로락톤, 하이드록시에틸아크릴레이트/소듐아크릴로일다이메틸타우레이트코폴리머, 아세틸헵타펩타이드-4, 복사나무잎추출물, 라이신, 알지닌, 히스티딘, 자일로오스, 페녹시에탄올, 아세틸헥사펩타이드-8, 소듐하이드록사이드, 만노오스, 소듐클로라이드, 벼에스에이치-올리고펩타이드-1, 레시틴, 펜틸렌글라이콜, 아세틸옥타펩타이드-3, 하이드로제네이티드포스파티딜콜린, 카퍼트라이펩타이드-1, 소듐포스페이트, 하이드롤라이즈드오크라추출물, 콜레스테롤, 푸코오스, 다이팔미토일하이드록시프롤린, 아크릴레이트/스테아릴메타크릴레이트코폴리머, 칼슘클로라이드, 포타슘클로라이드, 포타슘포스페이트, 마그네슘클로라이드, 하이드롤라이즈드기장",헤라,헤라_에이지 어웨이 에스테틱 BX 에멀젼 120ml
하이드로 리플렉팅 2종 세트,https://www.amoremall.com/kr/ko/product/detail?onlineProdSn=57587,113000.0,(본품) 토너 170ml 플루이드 140ml (견본) 토너 30ML 플루이드 30m; 크림 5ml,170.0,ml,"[토너] 정제수, 부틸렌글라이콜, 변성알코올, 글리세린, 1,2-헥산다이올, 트레할로오스, 락토바실러스발효용해물, 글리세레스-26, 피피지-13-데실테트라데세스-24, 마트리카리아꽃수, 에틸헥실글리세린, 베타인, 카보머, 향료, 트로메타민, 다이소듐이디티에이, 프로판다이올, 마데카소사이드, 나이아신아마이드, 아크릴레이트/스테아릴메타크릴레이트코폴리머, 흰목이버섯포자낭과추출물, 하이알루로닉애씨드, 병풀꽃/잎/줄기추출물, 잔탄검, 아스코빅애씨드, 토코페롤, 라이신, 알지닌, 히스티딘, 세라마이드엔피, 글루코오스, 자일로오스, 복사나무잎추출물, 만노오스, 소듐클로라이드, 레시틴, 소듐포스페이트, 카퍼트라이펩타이드-1, 푸코오스, 포타슘클로라이드, 포타슘포스페이트, 마그네슘클로라이드, 하이드롤라이즈드기장, 칼슘클로라이드 [플루이드] 정제수, 프로판다이올, 글리세린, 메틸트라이메티콘, 피씨에 이다이메티콘, 암모늄아크릴로일다이메틸타우레이트/브이피코폴리머, 1,2-헥산다이올, 폴리글리세릴-6카프릴레이트, 폴리글리세릴-4카프레이트, 실리카, 폴리메틸실세스퀴옥세인, 아크릴레이트/C10-30알킬아크릴레이트크로스폴리머, 잔탄검, 에틸헥실글리세린, 덱스트린, 트로메타민, 부틸렌글라이콜, 다이소듐이디티에이, 향료, 피이지-40스테아레이트, 스쿠알란, 마데카소사이드, 나이아신아마이드, 올리브오일, 하이드로제네이티드팜커넬오일, 하이드로제네이티드팜오일, 레시틴, 하이드록시에틸아크릴레이트/소듐아크릴로일다이메틸타우레이트코폴리머, 카프릴릴글라이콜, 아크릴레이트/스테아릴메타크릴레이트코폴리머, 흰목이버섯포자낭과추출물, 하이알루로닉애씨드, 락토바실러스발효용해물, 병풀꽃/잎/줄기추출물, 에탄올, 토코페릴아세테이트, 병풀추출물, 토코페롤, 아스코빌테트라이소팔미테이트, 라이신, 알지닌, 히스티딘, 세라마이드엔피, 소듐하이알루로네이트, 모란추출물, 글루코오스, 자일로오스, 복사나무잎추출물, 인도멀구슬나무추출물, 만노오스, 소듐클로라이드, 허브로버트추출물, 소듐포스페이트, 카퍼트라이펩타이드-1, 푸코오스, 포타슘클로라이드, 포타슘포스페이트, 마그네슘클로라이드, 하이드롤라이즈드기장, 칼슘클로라이",헤라,헤라_하이드로 리플렉팅 2종 세트
파워부스팅 페이스 트리트먼트 110ml,https://www.amoremall.com/kr/ko/product/detail?onlineProdSn=56157,75000.0,110ml,110.0,ml,"정제수, 글리세린, 부틸렌글라이콜, 베타인, 나이아신아마이드, 메틸글루세스-20, 변성알코올, 1,2-헥산다이올, 스쿠알란, 다이메티콘, 메틸트라이메티콘, 세테아릴올리베이트, 카페인, 솔비탄올리베이트, 아크릴레이트/C10-30알킬아크릴레이트크로스폴리머, 암모늄아크릴로일다이메틸타우레이트/브이피코폴리머, 글리세릴카프릴레이트, 폴리아크릴레이트-13, 다이소듐이디티에이, 트로메타민, 에틸헥실글리세린, 향료, 아데노신, 폴리아이소부텐, 마데카소사이드, 타우린, 리모넨, 폴리솔베이트20, 솔비탄아이소스테아레이트, 하이드롤라이즈드옥수수전분, 소나무잎추출물, 리날룰, 프로판다이올, 소듐하이알루로네이트, 하이알루로닉애씨드, 토코페롤, 아크릴레이트/스테아릴메타크릴레이트코폴리머, 하이드롤라이즈드하이알루로닉애씨드, 흰목이버섯포자낭과추출물, 소듐하이알루로네이트크로스폴리머, 잔탄검, 세라마이드엔피, 소듐아세틸레이티드하이알루로네이트",헤라,헤라_파워부스팅 페이스 트리트먼트 110ml
센슈얼 립앤치크 7g,https://www.amoremall.com/kr/ko/product/detail?onlineProdSn=61690,44615.0,7g,7.0,g,"피마자씨오일, 카프릴릭/카프릭트라이글리세라이드, 피토스테릴/이소스테아릴/세틸/스테아릴/베헤닐다이머디리놀리에이트, 하이드로제네이티드캐스터오일다이머다이리놀레에이트, 피토스테릴/옥틸도데실라우로일글루타메이트, 해바라기씨왁스, 시어버터, 호호바에스터, 알루미늄전분옥테닐석시네이트, 쌀겨왁스, 폴리글리세릴-2트라이아이소스테아레이트, 티타늄디옥사이드 (CI 77891), 폴리하이드록시스테아릭애씨드, 레시틴, 실리카다이메틸실릴레이트, 에틸헥실팔미테이트, 아이소스테아릭애씨드, 아이소프로필미리스테이트, 글리세릴카프릴레이트, 리모넨, 적색226호, 폴리글리세릴-3폴리리시놀리에이트, 리날룰, 향료, 청색1호, 알루미늄하이드록사이드, 트라이에톡시카프릴릴실레인, 토코페롤, 시트로넬올, 글리세린, 시트랄, 제라니올, 동백나무씨오일, 세라마이드엔피, 피토스핑고신, 하이드로제네이티드레시틴",헤라,헤라_센슈얼 립앤치크 7g
하이드로 리플렉팅 플루이드 140ml,https://www.amoremall.com/kr/ko/product/detail?onlineProdSn=57584,58000.0,140ml,140.0,ml,"""정제수, 프로판다이올, 글리세린, 메틸트라이메티콘, 피씨에 이다이메티콘, 암모늄아크릴로일다이메틸타우레이트/브이피코폴리머, 1,2-헥산다이올, 폴리글리세릴-6카프릴레이트, 폴리글리세릴-4카프레이트, 실리카, 폴리메틸실세스퀴옥세인, 아크릴레이트/C10-30알킬아크릴레이트크로스폴리머, 잔탄검, 에틸헥실글리세린, 덱스트린, 트로메타민, 부틸렌글라이콜, 다이소듐이디티에이, 향료, 피이지-40스테아레이트, 스쿠알란, 마데카소사이드, 나이아신아마이드, 올리브오일, 하이드로제네이티드팜커넬오일, 하이드로제네이티드팜오일, 레시틴, 하이드록시에틸아크릴레이트/소듐아크릴로일다이메틸타우레이트코폴리머, 카프릴릴글라이콜, 아크릴레이트/스테아릴메타크릴레이트코폴리머, 흰목이버섯포자낭과추출물, 하이알루로닉애씨드, 락토바실러스발효용해물, 병풀꽃/잎/줄기추출물, 에탄올, 토코페릴아세테이트, 병풀추출물, 토코페롤, 아스코빌테트라이소팔미테이트, 라이신, 알지닌, 히스티딘, 세라마이드엔피, 소듐하이알루로네이트, 모란추출물, 글루코오스, 자일로오스, 복사나무잎추출물, 인도멀구슬나무추출물, 만노오스, 소듐클로라이드, 허브로버트추출물, 소듐포스페이트, 카퍼트라이펩타이드-1, 푸코오스, 포타슘클로라이드, 포타슘포스페이트, 마그네슘클로라이드, 하이드롤라이즈드기장, 칼슘클로라이드""",헤라,헤라_하이드로 리플렉팅 플루이드 140ml
하이드로 리플렉팅 토너 170ml,https://www.amoremall.com/kr/ko/product/detail?onlineProdSn=57583,55000.0,170ml,170.0,ml,"정제수, 부틸렌글라이콜, 변성알코올, 글리세린, 1,2-헥산다이올, 트레할로오스, 락토바실러스발효용해물, 글리세레스-26, 피피지-13-데실테트라데세스-24, 마트리카리아꽃수, 에틸헥실글리세린, 베타인, 카보머, 향료, 트로메타민, 다이소듐이디티에이, 프로판다이올, 마데카소사이드, 나이아신아마이드, 아크릴레이트/스테아릴메타크릴레이트코폴리머, 흰목이버섯포자낭과추출물, 하이알루로닉애씨드, 병풀꽃/잎/줄기추출물, 잔탄검, 아스코빅애씨드, 토코페롤, 라이신, 알지닌, 히스티딘, 세라마이드엔피, 글루코오스, 자일로오스, 복사나무잎추출물, 만노오스, 소듐클로라이드, 레시틴, 소듐포스페이트, 카퍼트라이펩타이드-1, 푸코오스, 포타슘클로라이드, 포타슘포스페이트, 마그네슘클로라이드, 하이드롤라이즈드기장, 칼슘클로라이드",헤라,헤라_하이드로 리플렉팅 토너 170ml
시그니아 에센셜 밸런싱 에멀젼 150ml,https://www.amoremall.com/kr/ko/product/detail?onlineProdSn=18518,90000.0,150ml,150.0,ml,"정제수, 부틸렌글라이콜, 글리세린, 다이메티콘, 펜타에리스리틸테트라에틸헥사노에이트, 나이아신아마이드, 하이드로제네이티드폴리(C6-14올레핀), 다이아이소스테아릴말레이트, 합성왁스, 1,2-헥산다이올, C14-22알코올, 식물성스쿠알란, 시어버터, 비스-다이글리세릴폴리아실아디페이트-2, 폴리글리세릴-10스테아레이트, 하이드록시프로필스타치포스페이트, 글리세릴스테아레이트, 세테아릴알코올, 글리세릴스테아레이트시트레이트, 폴리메틸실세스퀴옥세인, 하이드로제네이티드식물성오일, 하이드로제네이티드레시틴, C12-20알킬글루코사이드, 스테아릭애씨드, 판테놀, 카프릴릴글라이콜, 카보머, 글리세릴카프릴레이트, 팔미틱애씨드, 페녹시에탄올, 트로메타민, 향료, 다이소듐이디티에이, 아데노신, 에틸헥실글리세린, 수선화비늘줄기추출물, 콜레스테롤, 세라마이드엔피, 황수선추출물, 벤질살리실레이트, 덱스트린, 하이드롤라이즈드루핀단백질, 카카오추출물, 프로판다이올, 하이드록시시트로넬알, 글루코오스, 글라이코프로테인, 메톡시피이지-114/폴리엡실론카프로락톤, 하이드록시에틸아크릴레이트/소듐아크릴로일다이메틸타우레이트코폴리머, 복사나무잎추출물, 라이신, 알지닌, 히스티딘, 자일로오스, 토코페롤, 만노오스, 소듐클로라이드, 레시틴, 펜틸렌글라이콜, 하이드로제네이티드포스파티딜콜린, 카퍼트라이펩타이드-0, 소듐포스페이트, 하이드롤라이즈드오크라추출물, 푸코오스, 다이팔미토일하이드록시프롤린, 아크릴레이트/스테아릴메타크릴레이트코폴리머, 포타슘클로라이드, 포타슘포스페이트, 마그네슘클로라이드, 하이드롤라이즈드기장, 칼슘클로라이드",헤라,헤라_시그니아 에센셜 밸런싱 에멀젼 150ml
리쥬브네이트 앰플 크림 50ml,https://www.amoremall.com/kr/ko/product/detail?onlineProdSn=62769,108000.0,50ml,50.0,ml,"정제수, 스쿠알란, 프로판다이올, 글리세린, 시어버터, 다이카프릴릴에터, 다이메티콘, 부틸렌글라이콜, 펜틸렌글라이콜, 세테아릴알코올, 세테아릴올리베이트, 솔비탄올리베이트, 베타인, 다이아이소스테아릴말레이트, 하이드록시프로필스타치포스페이트, 합성왁스, 폴리C10-30알킬아크릴레이트, 글리세릴스테아레이트, 암모늄아크릴로일다이메틸타우레이트/브이피코폴리머, 베헤닐알코올, 폴리글리세릴-10라우레이트, 세테아릴글루코사이드, 글리세릴카프릴레이트, 팔미틱애씨드, 스테아릭애씨드, 향료, 아데노신, 소듐메타포스페이트, 동백나무씨추출물, 덱스트린, 카카오추출물, 동백나무꽃추출물, 1,2-헥산다이올, 세라마이드엔피, 하이드롤라이즈드식물성단백질, 3-O-에틸아스코빅애씨드, 토코페롤, 잔탄검, 서양산딸기추출물, 에틸헥실글리세린, 야생딸기잎추출물, 수용성콜라겐",헤라,헤라_리쥬브네이트 앰플 크림 50ml
시그니아 크림 스페셜 기프트 세트,https://www.amoremall.com/kr/ko/product/detail?onlineProdSn=55798,320000.0,시그니아 바이탈 리프팅 크림 60ml + 시그니아 스킨 리파이닝 워터 75ml + 시그니아 에센셜 밸런싱 에멀젼 50ml + 시그니아 코어 리프팅 세럼 30ml,60.0,ml,"[크림] 정제수, 부틸렌글라이콜, 글리세린, 베헤닐알코올, 세틸에틸헥사노에이트, 스쿠알란, 다이메티콘, 하이드로제네이티드폴리(C6-14올레핀), 피토스테릴/베헤닐/옥틸도데실라우로일글루타메이트, 피이지-60글리세릴아이소스테아레이트, 프로필렌글라이콜, 세테아릴알코올, 사이클로펜타실록세인, 글리세릴스테아레이트, 아세틸글루코사민, 폴리글리세릴-10스테아레이트, 나이아신아마이드, 하이드로제네이티드로진, 페녹시에탄올, 메도우폼씨오일, 세라마이드엔피, 피이지-32, 피이지-6, 폴리아크릴레이트-13, 아르간커넬오일, 하이드로제네이티드레시틴, 폴리메틸메타크릴레이트, 폴리아이소부텐, 다이메티콘올, 피이지-5레이프씨드스테롤, 팔미틱애씨드, 향료, 만니톨, 티몰트라이메톡시신나메이트, 잔탄검, 카퍼트라이펩타이드-1, 에틸헥실글리세린, 토코페롤, 다이소듐이디티에이, 포타슘세틸포스페이트, 아가, 아데노신, 알지닌/라이신폴리펩타이드, 소듐하이알루로네이트, 폴리솔베이트20, 수선화비늘줄기추출물, 솔비탄아이소스테아레이트, 1,2-헥산다이올, 벤질살리실레이트, 덱스트린, 카카오추출물, 피토스핑고신, 하이드록시시트로넬알, 프로판다이올, 시트로넬올, 제라니올, 리모넨, 헥실신남알, 카프릴릴글라이콜, 아세틸테트라펩타이드-11, 소르빅애씨드, 메톡시피이지-114/폴리엡실론카프로락톤, 하이드록시에틸아크릴레이트/소듐아크릴로일다이메틸타우레이트코폴리머, 아세틸헵타펩타이드-4, 복사나무잎추출물, 라이신, 알지닌, 히스티딘, 글루코오스, 헥사펩타이드-9, 자일로오스, 아세틸헥사펩타이드-8, 소듐하이드록사이드, 만노오스, 소듐클로라이드, 레시틴, 펜틸렌글라이콜, 아세틸옥타펩타이드-3, 하이드로제네이티드포스파티딜콜린, 소듐포스페이트, 하이드롤라이즈드오크라추출물, 콜레스테롤, 푸코오스, 다이팔미토일하이드록시프롤린, 아크릴레이트/스테아릴메타크릴레이트코폴리머, 포타슘클로라이드, 포타슘포스페이트, 마그네슘클로라이드, 하이드롤라이즈드기장, 칼슘클로라이드 [워터] 정제수, 부틸렌글라이콜, 글리세린, 베타인, 피이지/피피지-17/6코폴리머, 나이아신아마이드, 1,2-헥산다이올, 글리세릴폴리메타크릴레이트, 피피지-13-데실테트라데세스-24, 아크릴레이트/C10-30알킬아크릴레이트크로스폴리머, 잔탄검, 페녹시에탄올, 트로메타민, 에틸헥실글리세린, 향료, 아데노신, 다이소듐이디티에이, 수선화비늘줄기추출물, 황수선추출물, 금, 프로판다이올, 벤질살리실레이트, 하이드록시시트로넬알, 시트릭애씨드, 락틱애씨드, 폴리카프로락톤, 글라이콜릭애씨드, 에탄올, 프로테아제, 피이지-75, 메톡시피이지-114/폴리엡실론카프로락톤, 하이드록시에틸아크릴레이트/소듐아크릴로일다이메틸타우레이트코폴리머, 카프릴릴글라이콜, 토코페롤, 복사나무잎추출물, 라이신, 알지닌, 히스티딘, 파파인, 글루코오스, 자일로오스, 만노오스, 소듐클로라이드, 레시틴, 펜틸렌글라이콜, 하이드로제네이티드포스파티딜콜린, 카퍼트라이펩타이드-1, 소듐포스페이트, 덱스트린, 하이드롤라이즈드오크라추출물, 콜레스테롤, 푸코오스, 다이팔미토일하이드록시프롤린, 아크릴레이트/스테아릴메타크릴레이트코폴리머, 포타슘클로라이드, 포타슘포스페이트, 마그네슘클로라이드, 하이드롤라이즈드기장, 칼슘클로라이드 [에멀젼] 정제수, 부틸렌글라이콜, 글리세린, 다이메티콘, 펜타에리스리틸테트라에틸헥사노에이트, 나이아신아마이드, 하이드로제네이티드폴리(C6-14올레핀), 다이아이소스테아릴말레이트, 합성왁스, 1,2-헥산다이올, C14-22알코올, 식물성스쿠알란, 시어버터, 비스-다이글리세릴폴리아실아디페이트-2, 폴리글리세릴-10스테아레이트, 하이드록시프로필스타치포스페이트, 글리세릴스테아레이트, 세테아릴알코올, 글리세릴스테아레이트시트레이트, 폴리메틸실세스퀴옥세인, 하이드로제네이티드식물성오일, 하이드로제네이티드레시틴, C12-20알킬글루코사이드, 스테아릭애씨드, 판테놀, 카프릴릴글라이콜, 카보머, 글리세릴카프릴레이트, 팔미틱애씨드, 페녹시에탄올, 트로메타민, 향료, 다이소듐이디티에이, 아데노신, 에틸헥실글리세린, 수선화비늘줄기추출물, 콜레스테롤, 세라마이드엔피, 황수선추출물, 벤질살리실레이트, 덱스트린, 하이드롤라이즈드루핀단백질, 카카오추출물, 프로판다이올, 하이드록시시트로넬알, 글루코오스, 글라이코프로테인, 메톡시피이지-114/폴리엡실론카프로락톤, 하이드록시에틸아크릴레이트/소듐아크릴로일다이메틸타우레이트코폴리머, 복사나무잎추출물, 라이신, 알지닌, 히스티딘, 자일로오스, 토코페롤, 만노오스, 소듐클로라이드, 레시틴, 펜틸렌글라이콜, 하이드로제네이티드포스파티딜콜린, 카퍼트라이펩타이드-1, 소듐포스페이트, 하이드롤라이즈드오크라추출물, 푸코오스, 다이팔미토일하이드록시프롤린, 아크릴레이트/스테아릴메타크릴레이트코폴리머, 포타슘클로라이드, 포타슘포스페이트, 마그네슘클로라이드, 하이드롤라이즈드기장, 칼슘클로라이드 [세럼] 정제수, 부틸렌글라이콜, 스쿠알란, 메틸트라이메티콘, 글리세린, 나이아신아마이드, 비스-하이드록시에톡시프로필다이메티콘, 1,2-헥산다이올, 시어버터, 스테아릭애씨드, 팔미틱애씨드, 글리세릴스테아레이트, 피이지-100스테아레이트, 하이드록시에틸아크릴레이트/소듐아크릴로일다이메틸타우레이트코폴리머, C14-22알코올, 향료, 카보머, 아르간커넬오일, 글리세릴카프릴레이트, 만니톨, C12-20알킬글루코사이드, 잔탄검, 트로메타민, 티타늄디옥사이드 (CI 77891), 에틸헥실글리세린, 다이소듐이디티에이, 아데노신, 합성플루오르플로고파이트, 수선화비늘줄기추출물, 솔비탄아이소스테아레이트, 덱스트린, 카카오추출물, 벤질살리실레이트, 하이드록시시트로넬알, 프로판다이올, 시트로넬올, 미리스틱애씨드, 아라키딕애씨드, 제라니올, 리모넨, 헥실신남알, 글루코오스, 토코페롤, 틴옥사이드, 카프릴릴글라이콜, 아세틸테트라펩타이드-11, 메톡시피이지-114/폴리엡실론카프로락톤, 아세틸헵타펩타이드-4, 복사나무잎추출물, 라이신, 알지닌, 히스티딘, 헥사펩타이드-9, 자일로오스, 페녹시에탄올, 아세틸헥사펩타이드-8, 소듐하이드록사이드, 만노오스, 소듐클로라이드, 레시틴, 펜틸렌글라이콜, 아세틸옥타펩타이드-3, 하이드로제네이티드포스파티딜콜린, 카퍼트라이펩타이드-1, 소듐포스페이트, 하이드롤라이즈드오크라추출물, 콜레스테롤, 푸코오스, 다이팔미토일하이드록시프롤린, 아크릴레이트/스테아릴메타크릴레이트코폴리머, 포타슘클로라이드, 포타슘포스페이트, 마그네슘클로라이드, 하이드롤라이즈드기장, 칼슘클로라이드",헤라,헤라_시그니아 크림 스페셜 기프트 세트
아이 디자이너 펜슬,https://www.amoremall.com/kr/ko/product/detail?onlineProdSn=19486,32000.0,0.13g,0.13,g,"흑색산화철, 트라이메틸실록시실리케이트, 다이메티콘, 메틸트라이메티콘, 합성왁스, 칸데릴라왁스, 세레신, 아크릴레이트/스테아릴아크릴레이트/다이메티콘메타크릴레이트코폴리머, 다이스테아다이모늄헥토라이트, 폴리부텐, 합성플루오르플로고파이트",헤라,헤라_아이 디자이너 펜슬
벨벳 나이트 퍼퓸드 샤워젤 250g,https://www.amoremall.com/kr/ko/product/detail?onlineProdSn=27194,47000.0,250ml,250.0,ml,"정제수, 소듐라우레스설페이트, 향료, 코카미도프로필베타인, 소듐클로라이드, 소듐벤조에이트, 폴리솔베이트60, 코카마이드엠이에이, 변성알코올, 부테스-3, 카프릴릴글라이콜, 폴리쿼터늄-10, 페녹시에탄올, 소듐벤조트라이아졸릴부틸페놀설포네이트, 시트릭애씨드, 소듐메타포스페이트, 글리세릴카프릴레이트, 폴리쿼터늄-7, 2,3-부탄다이올, 리날룰, 다이소듐이디티에이, 리모넨, 트라이부틸시트레이트, 카프릴릭/카프릭트라이글리세라이드, 부틸렌글라이콜, 자색401호, 황색4호, 적색227호, 청색1호, 석류추출물, 로즈힙꽃오일, 라벤더오일, 라임전초오일, 라즈베리씨오일, 크랜베리씨오일, 석류나무꽃추출물",헤라,헤라_벨벳 나이트 퍼퓸드 샤워젤 250g
UV 프로텍터 액티브 선 밤 SPF 50+/PA++++ 10g,https://www.amoremall.com/kr/ko/product/detail?onlineProdSn=57792,38000.0,10g,10.0,g,"정제수, 다이부틸아디페이트, 합성왁스, 다이카프릴릴카보네이트, 코코-카프릴레이트/카프레이트, 부틸옥틸살리실레이트, 비닐다이메티콘/메티콘실세스퀴옥세인크로스폴리머, 디에칠아미노하이드록시벤조일헥실벤조에이트, 다이에틸헥실2,6-나프탈레이트, 에칠헥실트리아존, 오조케라이트, 나이아신아마이드, 폴리실리콘-15, 비닐다이메티콘, 비스-에칠헥실옥시페놀메톡시페닐트리아진, 폴리글리세릴-4다이아이소스테아레이트/폴리하이드록시스테아레이트/세바케이트, 글리세릴카프릴레이트, 부틸렌글라이콜, 소듐클로라이드, 폴리C10-30알킬아크릴레이트, 프로판다이올, 향료, 라우릴폴리글리세릴-3폴리다이메틸실록시에틸다이메티콘, 폴리글리세릴-5폴리리시놀리에이트, 에틸헥실글리세린, 아데노신, 에틸헥실팔미테이트, 토코페롤, 1,2-헥산다이올, 펜틸렌글라이콜, 모란추출물, 작약뿌리추출물, 카보머, 다이소듐이디티에이, 토코페릴아세테이트, 효모발효여과물, 해바라기씨오일, 작약꽃추출물, 베타-카로틴, 쌀겨오일, 디엔에이, 버지니아풍년화껍질/잎/잔가지추출물, 센티드제라늄추출물, 치자꽃추출물, 살비아수, 판테놀, 3-O-에틸아스코빅애씨드",헤라,헤라_UV 프로텍터 액티브 선 밤 SPF 50+/PA++++ 10g
NEW 헬씨 글로우 듀이 밤 10g,https://www.amoremall.com/kr/ko/product/detail?onlineProdSn=62556,43000.0,10g,10.0,g,"폴리글리세릴-2트라이아이소스테아레이트, 옥틸도데칸올, 다이아이소스테아릴말레이트, 다이카프릴릴카보네이트, 펜타에리스리틸테트라아이소스테아레이트, 합성왁스, 카프릴릭/카프릭트라이글리세라이드, 토코페릴아세테이트, 피토스테릴/이소스테아릴/세틸/스테아릴/베헤닐다이머디리놀리에이트, 피마자씨오일, 마카다미아씨오일폴리글리세릴-6에스터스베헤네이트, 마이카, 에틸렌/프로필렌코폴리머, 티타늄디옥사이드 (CI 77891), 합성플루오르플로고파이트, 오조케라이트, 실리카, 실리카실릴레이트, 스테아랄코늄헥토라이트, 시어버터, 알파-비사보롤, 향료, 프로필렌카보네이트, 토코페롤, 글리세릴베헤네이트/에이코사디오에이트, 데하이드로아세틱애씨드, 적색산화철, 정제수, 부틸렌글라이콜, 1,2-헥산다이올, 에스에이치-폴리펩타이드-121, 카프릴릴글라이콜, 아세틸헵타펩타이드-4, 아세틸헥사펩타이드-8, 소듐하이드록사이드, 아세틸옥타펩타이드-3",헤라,헤라_NEW 헬씨 글로우 듀이 밤 10g
하이드로-듀 플럼핑 앰플 50ml,https://www.amoremall.com/kr/ko/product/detail?onlineProdSn=51567,62000.0,50ml,50.0,ml,"정제수, 글리세린, 변성알코올, 실리카, 시어버터, 1,2-헥산다이올, 스쿠알란, 폴리아크릴레이트크로스폴리머-6, 스테아레스-21, 부틸렌글라이콜, 암모늄아크릴로일다이메틸타우레이트/브이피코폴리머, 글리세릴카프릴레이트, 에틸헥실글리세린, 다이소듐이디티에이, 향료, 하벌레아 로도펜시스잎추출물, 아데노신, 하이드롤라이즈드하이알루로닉애씨드, 엑토인, T-부틸알코올, 퉁퉁마디추출물, 프로판다이올, 소듐하이알루로네이트, 에탄올, 토코페롤, 소듐하이알루로네이트크로스폴리머, 하이알루로닉애씨드, 시트릭애씨드, 소듐아세틸레이티드하이알루로네이트",헤라,헤라_하이드로-듀 플럼핑 앰플 50ml
리치 컬링 워터프루프 마스카라 6g,https://www.amoremall.com/kr/ko/product/detail?onlineProdSn=64964,42000.0,6g,6.0,g,"아이소도데케인, 트라이메틸실록시실리케이트, 덱스트린팔미테이트/에틸헥사노에이트, 탤크, 세레신, 흑색산화철, 마이크로크리스탈린왁스, 폴리프로필실세스퀴옥세인, 다이스테아?┤┘이모늄헥토라이트, 솔베스-30테트라올리에이트, 프로필렌카보네이트, 트라이에톡시카프릴릴실레인, 판테놀, 소듐하이알루로네이트, 동백나무씨오일, 호호바씨오일, 바이오틴",헤라,헤라_리치 컬링 워터프루프 마스카라 6g
지일 블루밍 퍼퓸드 바디로션 230ml,https://www.amoremall.com/kr/ko/product/detail?onlineProdSn=49270,50000.0,230ml,230.0,ml,"정제수, 프로판다이올, 글리세린, 해바라기씨오일, 향료, 다이메티콘, 시어버터, 글리세릴스테아레이트, 카프릴릭/카프릭트라이글리세라이드, 세테아릴알코올, 1,2-헥산다이올, 피이지-100스테아레이트, 하이드록시프로필스타치포스페이트, 하이드록시에틸아크릴레이트/소듐아크릴로일다이메틸타우레이트코폴리머, 글리세릴카프릴레이트, 벤질벤조에이트, 알파-아이소메틸아이오논, 카보머, 에틸헥실글리세린, 리날룰, 리모넨, 다이소듐이디티에이, 제라니올, 시트로넬올, 트로메타민, 솔비탄아이소스테아레이트, 폴리솔베이트60, 헥실신남알, 하이드록시시트로넬알, 소듐하이알루로네이트, 시트랄, 다마스크장미꽃추출물, 토코페롤",헤라,헤라_지일 블루밍 퍼퓸드 바디로션 230ml
NEW 부스팅 베이스 UV 프로텍터 SPF15 35ml,https://www.amoremall.com/kr/ko/product/detail?onlineProdSn=66904,58000.0,35 ml,35.0,ml,"정제수, 에칠헥실메톡시신나메이트, 프로판다이올, 나이아신아마이드, 1,2-헥산다이올, 비스-에칠헥실옥시페놀메톡시페닐트리아진, 디에칠아미노하이드록시벤조일헥실벤조에이트, 베헤닐알코올, 페닐트라이메티콘, 카프릴릴메티콘, 아라키딜알코올, 카프릴릴글라이콜, 글리세릴카프릴레이트, 소듐폴리아크릴로일다이메틸타우레이트, 에틸헥실글리세린, 아라키딜글루코사이드, 폴리아크릴레이트크로스폴리머-6, 향료, 아데노신, 타우린, 소듐메타포스페이트, 하이드롤라이즈드옥수수전분, 소나무잎추출물, 비에이치티, 프로필렌글라이콜, 리모넨, 소듐하이알루로네이트, 리날룰, 토코페롤",헤라,헤라_NEW 부스팅 베이스 UV 프로텍터 SPF15 35ml
메이크업 리무버 125ml,https://www.amoremall.com/kr/ko/product/detail?onlineProdSn=61127,38000.0,125ml,125.0,ml,"정제수, 아이소도데케인, 카프릴릴메티콘, 메틸트라이메티콘, C9-12알케인, 세틸에틸헥사노에이트, 1,2-헥산다이올, 헥실렌글라이콜, 코코-카프릴레이트/카프레이트, 소듐클로라이드, 카프릴릴/카프릴글루코사이드, 라우릴메틸글루세스-10하이드록시프로필다이모늄클로라이드, 다이포타슘포스페이트, 소듐메타포스페이트, 락틱애씨드, 에틸헥실글리세린, 알란토인, 포타슘포스페이트, 시트릭애씨드, 글라이콜릭애씨드, 구아이아줄렌, 프로판다이올, 소듐하이알루로네이트, 하이드롤라이즈드하이알루로닉애씨드, 토코페롤, 소듐하이알루로네이트크로스폴리머, 하이알루로닉애씨드, 소듐아세틸레이티드하이알루로네이트",헤라,헤라_메이크업 리무버 125ml
하이드로-듀 플럼핑 크림 50ml,https://www.amoremall.com/kr/ko/product/detail?onlineProdSn=51568,62000.0,50ml,50.0,ml,"정제수, 하이드로제네이티드폴리(C6-14올레핀), 부틸렌글라이콜, 글리세린, 다이메티콘, 스테아릭애씨드, 팔미틱애씨드, 글리세릴스테아레이트, 알지닌, 비스-다이글리세릴폴리아실아디페이트-2, 수크로오스폴리스테아레이트, 1,2-헥산다이올, 하이드록시프로필스타치포스페이트, 세테아릴알코올, 폴리글리세릴-10스테아레이트, 피이지-100스테아레이트, 아크릴레이트/C10-30알킬아크릴레이트크로스폴리머, 하이드로제네이티드폴리아이소부텐, 카프릴릴글라이콜, 에틸헥실글리세린, 다이소듐이디티에이, 향료, 하벌레아 로도펜시스잎추출물, 카보머, 아데노신, 미리스틱애씨드, 아라키딕애씨드, 프로판다이올, 소듐하이알루로네이트, 하이드롤라이즈드진주, 토코페롤, 하이드롤라이즈드하이알루로닉애씨드, 아세틸헵타펩타이드-4, 포타슘솔베이트, 소듐하이알루로네이트크로스폴리머, 하이알루로닉애씨드, 소르빅애씨드, 아세틸헥사펩타이드-8, 소듐하이드록사이드, 하이드롤라이즈드콜라겐, 소듐아세틸레이티드하이알루로네이트, 아세틸옥타펩타이드-3",헤라,헤라_하이드로-듀 플럼핑 크림 50ml
NEW 리프레싱 토닉 클렌징워터 200ml,https://www.amoremall.com/kr/ko/product/detail?onlineProdSn=64321,45000.0,200ml,200.0,ml,"정제수, 피이지-6카프릴릭/카프릭글리세라이즈, 부틸렌글라이콜, 1,2-헥산다이올, 락토바실러스발효용해물, 향료, 글리세릴카프릴레이트, 다이소듐이디티에이, 에틸헥실글리세린, 소듐클로라이드, 글리세린, 포트마리골드꽃추출물, 토코페롤, 소듐벤조에이트, 시트릭애씨드, 포타슘솔베이트",헤라,헤라_NEW 리프레싱 토닉 클렌징워터 200ml
NEW 시그니아 일루미네이팅 세럼 30ml,https://www.amoremall.com/kr/ko/product/detail?onlineProdSn=63655,200000.0,30ml,30.0,ml,"정제수, 프로판다이올, 메틸글루세스-20, 메틸 프로판다이올, 아이소노닐아이소노나노에이트, 나이아신 아마이드, 카프릴릭/카프릭트라이글리세라이드, 1,2-헥 산다이올, 스쿠알란, 부틸렌글라이콜, 베타인, 트로메타민, 아크릴레이트/C10-30알킬아크릴레이트크로스폴리머, 하이드로제네이티드폴리(C6-20올레핀), 카보머, 향료, 에틸헥실글리세린, 아데노신, 에이치디아이/트라이메틸 올헥실락톤크로스폴리머, 수선화비늘줄기추출물, 소듐메 타포스페이트, 덱스트린, 동백나무씨추출물, 아스코빌테 트라이소팔미테이트, 벤질살리실레이트, 하이드록시시트 로넬알, 토코페롤, 사이클로덱스트린, 시트로넬올, 프로테 아제, 황색4호, 황색5호, 풀루란, 제인, 펙틴, 시트릭애씨드",헤라,헤라_NEW 시그니아 일루미네이팅 세럼 30ml
파워부스팅 토너 150ml,https://www.amoremall.com/kr/ko/product/detail?onlineProdSn=56155,65000.0,150ml,150.0,ml,"정제수, 변성알코올, 부틸렌글라이콜, 글리세린, 나이아신아마이드, 비스-피이지-18메틸에터다이메틸실레인, 1,2-헥산다이올, 피이지-60하이드로제네이티드캐스터오일, 옥틸도데세스-16, 향료, 카보머, 에틸헥실글리세린, 트로메타민, 아데노신, 다이소듐이디티에이, 리모넨, 리날룰, 시트랄, 알파-아이소메틸아이오논, 프로판다이올, 글라이콜릭애씨드, 토코페롤, 소듐하이알루로네이트, 하이드롤라이즈드하이알루로닉애씨드, 소듐하이알루로네이트크로스폴리머, 하이알루로닉애씨드, 판테놀, 소듐아세틸레이티드하이알루로네이트",헤라,헤라_파워부스팅 토너 150ml
NEW 레티놀 3X 리프팅 세럼 25ml,https://www.amoremall.com/kr/ko/product/detail?onlineProdSn=64395,110000.0,25ml,25.0,ml,"정제수, 카프릴릭/카프릭트라이글리세라이드, 부틸렌글라이콜, 글리세린, 다이메티콘, 토코페롤, 토코페릴아세테이트, 트레할로오스, 시어버터, 판테놀, 돌콩오일, 암모늄아크릴로일다이메틸타우레이트/브이피코폴리머, 글리세릴폴리메타크릴레이트, 카르노신, 폴리실리콘-11, 해바라기씨오일, 하이드록시에틸아크릴레이트/소듐아크릴로일다이메틸타우레이트코폴리머, 하이드로제네이티드레시틴, 폴리글리세릴-10스테아레이트, 쌀겨왁스, 세테아릴알코올, 카보머, 향료, 소듐설파이트, 나이아신아마이드, 트로메타민, 당근추출물, 레티놀(0.1%), 알란토인, 글리세릴카프릴레이트, 글리세릴스테아레이트, 에틸헥실글리세린, 소듐메타포스페이트, 아데노신, 스테아릭애씨드, 폴리글리세릴-3메틸글루코오스다이스테아레이트, 팔미틱애씨드, 솔비탄아이소스테아레이트, 프로판다이올, 1,2-헥산다이올, 소듐하이알루로네이트, 베타-카로틴, 하이드롤라이즈드식물성단백질, 잔탄검, 미리스틱애씨드, 하이드롤라이즈드하이알루로닉애씨드, 라우릭애씨드, 소듐하이알루로네이트크로스폴리머, 하이알루로닉애씨드, 소듐아세틸레이티드하이알루로네이트, 수용성콜라겐",헤라,헤라_NEW 레티놀 3X 리프팅 세럼 25ml
벨벳 나이트 오 데 퍼퓸 40ml,https://www.amoremall.com/kr/ko/product/detail?onlineProdSn=63010,70000.0,40ml,40.0,ml,"변성알코올, 향료, 정제수, 벤질살리실레이트, 리날룰, 쿠마린, 리모넨, 알파-아이소메틸아이오논, 시트랄, 시트로넬올",헤라,헤라_벨벳 나이트 오 데 퍼퓸 40ml
스킨 틴트 컴피 스프레더 SPF50/ PA++++ 15g,https://www.amoremall.com/kr/ko/product/detail?onlineProdSn=60832,70000.0,15g,15.0,g,"정제수, 글리세린, 디에칠아미노하이드록시벤조일헥실벤조에이트, 호모,살레이트, 에칠헥실살리실레이트, 실리카,티타늄디옥사이드, 프로판다이올, C12-15알킬벤조에이트, C9-12알케인, 세틸에틸헥사노에이트, 비스-에칠헥실옥시페놀메톡시페닐트리아진, 폴리실리콘-15, 티타늄디옥사이드 (CI 77891), 펜틸렌글라이콜, 1,2-헥산다이올, 마그네슘/포타슘/실리콘/플루오라이드/하이드록사이드/옥사이드, 부틸렌글라이콜, 폴리C10-30알킬아크릴레이트, 세테아릴알코올, 하이드록시에틸아크릴레이트/소듐아크릴로일다이메틸타우레이트코폴리머, 알루미늄스테아레이트, 알루미나,스테아릭애씨드, 폴리하이드록시스테아릭애씨드, 아크릴레이트/C10-30알킬아크릴레이트크로스폴리머, 글리세릴스테아레이트, 향료, 글리세릴카프릴레이트, 하이드로제네이티드레시틴, 트로메타민, 황색산화철, 알루미늄하이드록사이드, 폴리글리세릴-3메틸글루코오스다이스테아레이트, 소듐코코일글루타메이트, 다이소듐이디티에이, 팔미틱애씨드, 트라이에톡시카프릴릴실레인, 적색산화철, 솔비탄아이소스테아레이트, 라우로일라이신, 동백나무씨오일,동백나무꽃추출물, 바이오플라보노",헤라,헤라_스킨 틴트 컴피 스프레더 SPF50/ PA++++ 15g
파워부스팅 모이스춰라이저 110ml,https://www.amoremall.com/kr/ko/product/detail?onlineProdSn=56156,69000.0,110ml,110.0,ml,"정제수, 부틸렌글라이콜, 변성알코올, 메틸트라이메티콘, 하이드로제네이티드폴리(C6-14올레핀), 글리세린, 부틸렌글라이콜다이카프릴레이트/다이카프레이트, 세틸에틸헥사노에이트, 나이아신아마이드, 폴리글리세릴-3메틸글루코오스다이스테아레이트, 1,2-헥산다이올, 다이메티콘, 하이드로제네이티드식물성오일, 실리카, 카페인, 메도우폼씨오일, 베헤닐알코올, 향료, 폴리아크릴레이트-13, 글리세릴스테아레이트, 피이지-100스테아레이트, 카보머, 폴리실리콘-11, 트로메타민, 세테아릴알코올, 글리세릴카프릴레이트, 소듐스테아로일글루타메이트, 폴리아이소부텐, 다이소듐이디티에이, 에틸헥실글리세린, 아데노신, 리모넨, 폴리솔베이트20, 솔비탄아이소스테아레이트, 리날룰, 레시틴, 시트랄, 하이드롤라이즈드옥수수전분, 소나무잎추출물, 알파-아이소메틸아이오논, 프로판다이올, 하이드롤라이즈드루핀단백질, 소듐하이알루로네이트, 카프릴릴글라이콜, 토코페롤, 하이드롤라이즈드하이알루로닉애씨드, 아세틸헵타펩타이드-4, 소듐하이알루로네이트크로스폴리머, 하이알루로닉애씨드, 아세틸헥사펩타이드-8, 소듐하이드록사이드, 소듐아세틸레이티드하이알루로네이트, 아세틸옥타펩타이드-3",헤라,헤라_파워부스팅 모이스춰라이저 110ml
옴므 블랙 액티브 어드밴스드 에멀전 110ml,https://www.amoremall.com/kr/ko/product/detail?onlineProdSn=66978,58000.0,110ml,110.0,ml,"정제수, 변성알코올, 부틸렌글라이콜, 글리세린, 피이지-60하이드로제네이티드캐스터오일, 1,2-헥산다이올, 향료, 옥틸도데세스-16, 프로판다이올, 에틸헥실글리세린, 베타인, 카보머, 트로메타민, 아데노신, 바이오사카라이드검-1, 펜틸렌글라이콜, 리모넨, 리날룰, 카페인, 알지닌, 소듐메타포스페이트, 하이드록시시트로넬알, 알파-아이소메틸아이오논, 프로필렌글라이콜, 흑효모발효물, 소듐하이알루로네이트, 토코페롤, 아세틸헥사펩타이드-8, 트라이펩타이드-1, 수용성콜라겐, 팔미토일테트라펩타이드-7, 팔미토일트라이펩타이드-1, 팔미토일헥사펩타이드-12",헤라,헤라_옴므 블랙 액티브 어드밴스드 에멀전 110ml
옴므 블랙 액티브 어드밴스드 토너 125ml,https://www.amoremall.com/kr/ko/product/detail?onlineProdSn=66977,58000.0,125ml,125.0,ml,"정제수, 부틸렌글라이콜, 변성알코올, 프로판다이올, 다이메티콘, 글리세린, 세틸에틸헥사노에이트, 하이드로제네이티드폴리(C6-14올레핀), 부틸렌글라이콜다이카프릴레이트/다이카프레이트, 폴리글리세릴-3메틸글루코오스다이스테아레이트, 1,2-헥산다이올, 폴리글리세린-3, 하이드로제네이티드식물성오일, 실리카, 베타인, 향료, 글리세릴스테아레이트, 피이지-100스테아레이트, 베헤닐알코올, 폴리실리콘-11, 카보머, 폴리아크릴레이트-13, 세테아릴알코올, 나이아신아마이드, 글리세릴카프릴레이트, 소듐스테아로일글루타메이트, 트로메타민, 폴리아이소부텐, 에틸헥실글리세린, 아데노신, 소듐메타포스페이트, 리모넨, 리날룰, 바이오사카라이드검-1, 카페인, 토코페릴아세테이트, 알지닌, 아스코빌테트라이소팔미테이트, 펜틸렌글라이콜, 호호바씨오일, 폴리솔베이트20, 솔비탄아이소스테아레이트, 하이드록시시트로넬알, 알파-아이소메틸아이오논, 레시틴, 흑효모발효물, 토코페롤, 아세틸헥사펩타이드-8, 트라이펩타이드-1, 수용성콜라겐, 팔미토일테트라펩타이드-7, 팔미토일트라이펩타이드-1, 팔미토일헥사펩타이드-12",헤라,헤라_옴므 블랙 액티브 어드밴스드 토너 125ml
하이드로-듀 플럼핑 워터 드롭 50ml,https://www.amoremall.com/kr/ko/product/detail?onlineProdSn=51566,62000.0,50ml,50.0,ml,"정제수, 프로판다이올, 1,2-헥산다이올, 글라이콜릭애씨드, 판테놀, 글리세린, 폴리솔베이트20, 소듐하이드록사이드, 부틸렌글라이콜, 잔탄검, 하벌레아 로도펜시스잎추출물, 에틸헥실글리세린, 다이소듐이디티에이, 덱스트린, 석류추출물, 사이아노코발아민, 소듐하이알루로네이트, 락토바실러스발효용해물, 토코페롤, 하이드롤라이즈드하이알루로닉애씨드, 석류나무꽃추출물, 소듐하이알루로네이트크로스폴리머, 하이알루로닉애씨드, 소듐아세틸레이티드하이알루로네이트",헤라,헤라_하이드로-듀 플럼핑 워터 드롭 50ml
NEW 옴므 블루 에센스 인 에멀전 110ml,https://www.amoremall.com/kr/ko/product/detail?onlineProdSn=66716,48000.0,110ml,110.0,ml,"정제수, 부틸렌글라이콜, 글리세린, 메틸트라이메티콘, 펜타에리스리틸테트라에틸헥사노에이트, 하이드로제네이티드폴리(C6-14올레핀), 1,2-헥산다이올, 시어버터, 폴리글리세릴-3메틸글루코오스다이스테아레이트, 하이드록시에틸아크릴레이트/소듐아크릴로일다이메틸타우레이트코폴리머, 세테아릴알코올, 스테아레스-21, 하이드로제네이티드식물성오일, 글리세릴스테아레이트, 카보머, 글리세릴스테아레이트시트레이트, 트로메타민, 향료, 팔미틱애씨드, 잔탄검, 글리세릴카프릴레이트, 에틸헥실글리세린, 스테아릭애씨드, 다이메티콘, 소듐메타포스페이트, 폴리글루타믹애씨드, 솔비탄아이소스테아레이트, 폴리솔베이트60, 이노시톨, 엑토인, 리날룰, 헥실신남알, 알파-아이소메틸아이오논, 리모넨, 레시틴, 벤질살리실레이트, 세라마이드엔피, 하이드롤라이즈드익스텐신, 호호바씨오일, 폴리글리세릴-10라우레이트, 프로필렌글라이콜, 토코페롤, 빌베리열매추출물, 소듐하이알루로네이트, 사탕수수추출물, 하이드로제네이티드레시틴, 오렌지추출물, 레몬추출물, 설탕단풍추출물, 아크릴레이트/스테아릴메타크릴레이트코폴리머, 흰목이버섯포자낭과추출물, 하이알루로닉애씨드, 수용성콜라겐",헤라,헤라_NEW 옴므 블루 에센스 인 에멀전 110ml
NEW 옴므 블루 에센스 인 토너 125ml,https://www.amoremall.com/kr/ko/product/detail?onlineProdSn=66715,48000.0,125ml,125.0,ml,"정제수, 프로판다이올, 글리세린, 1,2-헥산다이올, 글리세레스-26, 베타인, 피피지-13-데실테트라데세스-24, 옥틸도데세스-16, 비스-피이지-18메틸에터다이메틸실레인, 에틸헥실글리세린, 잔탄검, 향료, 카보머, 트로메타민, 소듐메타포스페이트, 이노시톨, 엑토인, 리날룰, 헥실신남알, 알파-아이소메틸아이오논, 리모넨, 벤질살리실레이트, 하이드롤라이즈드익스텐신, 호호바씨오일, 폴리글리세릴-10라우레이트, 프로필렌글라이콜, 빌베리열매추출물, 토코페롤, 소듐하이알루로네이트, 사탕수수추출물, 부틸렌글라이콜, 하이드로제네이티드레시틴, 오렌지추출물, 레몬추출물, 설탕단풍추출물, 아크릴레이트/스테아릴메타크릴레이트코폴리머, 흰목이버섯포자낭과추출물, 하이알루로닉애씨드, 세라마이드엔피, 수용성콜라겐",헤라,헤라_NEW 옴므 블루 에센스 인 토너 125ml
페르소프 오 데 퍼퓸 40ml,https://www.amoremall.com/kr/ko/product/detail?onlineProdSn=63878,70000.0,40 ml,40.0,ml,"변성알코올, 향료, 정제수, 알파-아이소메틸아이오논, 시트랄, 리모넨, 쿠마린, 유제놀, 리날룰, 하이드록시시트로넬알, 시트로넬올, 제라니올, 벤질벤조에이트",헤라,헤라_페르소프 오 데 퍼퓸 40ml
NEW 블랙 쿠션 파운데이션 00P1 SPF34/PA++ 15g,https://www.amoremall.com/kr/ko/product/detail?onlineProdSn=67802,51471.0,15g,15.0,g,"[00P1] 정제수, 사이클로펜타실록세인, 메틸트라이메티콘, 부틸렌글라이콜, 에칠헥실메톡시신나메이트, 폴리메틸메타크릴레이트, 사이클로헥사실록세인, 티타늄디옥사이드 (CI 77891), 트라이메틸실록시실리케이트, 피이지-10다이메티콘, 마이카, 다이스테아다이모늄헥토라이트, 나이아신아마이드, 징크옥사이드, 티타늄디옥사이드, 라우릴피이지-9폴리다이메틸실록시에틸다이메티콘, 다이메티콘,아크릴레이트/다이메티콘코폴리머, 소듐클로라이드, 알루미늄하이드록사이드, 적색산화철, 카프릴릴글라이콜, 향료, 스테아릭애씨드, 다이메티콘크로스폴리머, 트라이에톡시카프릴릴실레인, 라우로일라이신, 에틸헥실글리세린, 아데노신, 황색산화철, 콘민트잎추출물, 커먼자스민꽃추출물, 흑색산화철, 1,2-헥산다이올, 비에이치티, 아크릴레이트/스테아릴아크릴레이트/다이메티콘메타크릴레이트코폴리머, 하이알루로닉애씨드, 아이소도데케인, 토코페롤, 아크릴레이트/폴리트라이메틸실록시메타크릴레이트코폴리머, 글리세린, 프로판다이올, 폴리솔베이트80, 하이드로제네이티드레시틴, 적색202호",헤라,헤라_NEW 블랙 쿠션 파운데이션 00P1 SPF34/PA++ 15g
UV 프로텍터 톤업 2개 + 월리 뽀모도로 타이머 & 포스트카드,https://www.amoremall.com/kr/ko/product/detail?onlineProdSn=67569,81000.0,UV 프로텍터 톤업 50ml *2개 + 월리 뽀모도로타이머,50.0,ml,"정제수, 에칠헥실메톡시신나메이트, 글리세린, 부틸렌글라이콜, 디에칠아미노하이드록시벤조일헥실벤조에이트, 다이부틸아디페이트, 티타늄디옥사이드, 비스-에칠헥실옥시페놀메톡시페닐트리아진, 메틸트라이메티콘, C12-15알킬벤조에이트, 다이메티콘, 실리카, 티타늄디옥사이드 (CI 77891), 나이아신아마이드, 트라이실록세인, 1,2-헥산다이올, 세테아릴알코올, 폴리C10-30알킬아크릴레이트, 하이드록시에틸아크릴레이트/소듐아크릴로일다이메틸타우레이트코폴리머, 알루미늄스테아레이트, 알루미나, 스테아릭애씨드, 폴리하이드록시스테아릭애씨드, 폴리메틸메타크릴레이트, 아크릴레이트/C10-30알킬아크릴레이트크로스폴리머, 소듐폴리아크릴로일다이메틸타우레이트, 글리세릴스테아레이트, 하이드로제네이티드레시틴, 카프릴릴글라이콜, 티몰트라이메톡시신나메이트, 트로메타민, 폴리글리세릴-3메틸글루코오스다이스테아레이트, 팔미틱애씨드, 다이소듐이디티에이, 에틸헥실글리세린, 아데노신, 알루미늄하이드록사이드, 적색산화철, 솔비탄아이소스테아레이트, 트라이에톡시카프릴릴실레인, 황색산화철, 토코페릴아세테이트, 3-O-에틸아스코빅애씨드, 락토바실러스/부레옥잠발효물, 만니톨, 프로판다이올, 에틸헥실팔미테이트, 비에이치티, 펜틸렌글라이콜, 미리스틱애씨드, 페녹시에탄올, 라우릭애씨드, 소듐데하이드로아세테이트, 카보머, 소듐시트레이트, 포타슘솔베이트, 토코페롤, 메톡시피이지-114/폴리엡실론카프로락톤, 복사나무잎추출물, 해바라기씨오일, 라이신, 알지닌, 히스티딘, 시트릭애씨드, 베타-카로틴, 글루코오스, 자일로오스, 디엔에이, 바이오틴, 만노오스, 소듐클로라이드, 레시틴, 하이드로제네이티드포스파티딜콜린, 카퍼트라이펩타이드-1, 소듐포스페이트, 덱스트린, 하이드롤라이즈드오크라추출물, 콜레스테롤, 푸코오스, 다이팔미토일하이드록시프롤린, 아크릴레이트/스테아릴메타크릴레이트코폴리머, 포타슘클로라이드, 포타슘포스페이트, 마그네슘클로라이드, 하이드롤라이즈드기장, 칼슘클로라이드",헤라,헤라_UV 프로텍터 톤업 2개 + 월리 뽀모도로 타이머 & 포스트카드
블랙쿠션 23N1 듀오 + 리필 + 월리 우프 무드등,https://www.amoremall.com/kr/ko/product/detail?onlineProdSn=67568,100800.0,블랙쿠션 본품 15g*2 + 리필 15g + 월리 우프 무드등,15.0,g,"[23N1] 정제수, 사이클로펜타실록세인, 메틸트라이메티콘, 부틸렌글라이콜, 티타늄디옥사이드 (CI 77891), 에칠헥실메톡시신나메이트, 마이카, 사이클로헥사실록세인, 트라이메틸실록시실리케이트, 피이지-10다이메티콘, 다이메티콘, 다이스테아다이모늄헥토라이트, 징크옥사이드, 티타늄디옥사이드, 라우릴피이지-9폴리다이메틸실록시에틸다이메티콘, 폴리메틸메타크릴레이트, 황색산화철, 아크릴레이트/다이메티콘코폴리머, 소듐클로라이드, 아크릴레이트/스테아릴아크릴레이트/다이메티콘메타크릴레이트코폴리머, 알루미늄하이드록사이드, 글리세린, 적색산화철, 폴리실리콘-11, 폴리솔베이트40, 폴리솔베이트80, 트라이에톡시카프릴릴실레인, 카프릴릴글라이콜, 향료, 라우로일라이신, 스테아릭애씨드, 하이드로제네이티드레시틴, 흑색산화철, 에틸헥실글리세린, 다이소듐이디티에이, 콘민트잎추출물, 비스머스옥시클로라이드, 커먼자스민꽃추출물, 아이소도데케인, 1,2-헥산다이올, 비에이치티, 아크릴레이트/폴리트라이메틸실록시메타크릴레이트코폴리머, 하이알루로닉애씨드, 토코페롤",헤라,헤라_블랙쿠션 23N1 듀오 + 리필 + 월리 우프 무드등
블랙쿠션 21N1 듀오 + 리필 + 월리 우프 무드등,https://www.amoremall.com/kr/ko/product/detail?onlineProdSn=67567,100800.0,블랙쿠션 본품 15g*2 + 리필 15g + 월리 우프 무드등,15.0,g,"[21N1] 정제수, 사이클로펜타실록세인, 메틸트라이메티콘, 부틸렌글라이콜, 티타늄디옥사이드 (CI 77891), 에칠헥실메톡시신나메이트, 마이카, 사이클로헥사실록세인, 트라이메틸실록시실리케이트, 피이지-10다이메티콘, 다이메티콘, 다이스테아다이모늄헥토라이트, 징크옥사이드, 티타늄디옥사이드, 라우릴피이지-9폴리다이메틸실록시에틸다이메티콘, 폴리메틸메타크릴레이트, 황색산화철, 아크릴레이트/다이메티콘코폴리머, 소듐클로라이드, 아크릴레이트/스테아릴아크릴레이트/다이메티콘메타크릴레이트코폴리머, 알루미늄하이드록사이드, 글리세린, 폴리실리콘-11, 폴리솔베이트40, 적색산화철, 폴리솔베이트80, 트라이에톡시카프릴릴실레인, 카프릴릴글라이콜, 향료, 라우로일라이신, 스테아릭애씨드, 하이드로제네이티드레시틴, 흑색산화철, 에틸헥실글리세린, 다이소듐이디티에이, 콘민트잎추출물, 비스머스옥시클로라이드, 커먼자스민꽃추출물, 아이소도데케인, 1,2-헥산다이올, 비에이치티, 아크릴레이트/폴리트라이메틸실록시메타크릴레이트코폴리머, 하이알루로닉애씨드, 토코페롤",헤라,헤라_블랙쿠션 21N1 듀오 + 리필 + 월리 우프 무드등
실키스테이 24H 롱웨어 파운데이션 23N1 기획세트,https://www.amoremall.com/kr/ko/product/detail?onlineProdSn=67407,70000.0,30g,30.0,g,"정제수, 사이클로펜타실록세인, 티타늄디옥사이드 (CI 77891), 트라이메틸실록시실리케이트, 부틸렌글라이콜, 피이지/피피지-18/18다이메티콘, 사이클로헥사실록세인, 티타늄디옥사이드, 황색산화철, 아이소도데케인, 나일론-12, 피이지-10다이메티콘, 폴리글리세릴-3다이아이소스테아레이트, 트라이베헤닌, 다이스테아다이모늄헥토라이트, 소듐클로라이드, 폴리메틸실세스퀴옥세인, 1,2-헥산다이올, 적색산화철, 알루미늄하이드록사이드, 펜틸렌글라이콜, 트라이에톡시카프릴릴실레인, 알루미나, 카프릴릴글라이콜, 향료, 흑색산화철, 글리세릴카프릴레이트, 실리카다이메티콘실릴레이트, 잔탄검, 다이소듐이디티에이, 시메티콘, 프로필렌글라이콜, 소듐하이알루로네이트, 에틸헥실글리세린",헤라,헤라_실키스테이 24H 롱웨어 파운데이션 23N1 기획세트
실키스테이 24H 롱웨어 파운데이션 21N1 기획세트,https://www.amoremall.com/kr/ko/product/detail?onlineProdSn=67406,70000.0,30g,30.0,g,"정제수, 사이클로펜타실록세인, 티타늄디옥사이드 (CI 77891), 트라이메틸실록시실리케이트, 부틸렌글라이콜, 피이지/피피지-18/18다이메티콘, 사이클로헥사실록세인, 티타늄디옥사이드, 아이소도데케인, 나일론-12, 피이지-10다이메티콘, 황색산화철, 폴리글리세릴-3다이아이소스테아레이트, 트라이베헤닌, 다이스테아다이모늄헥토라이트, 소듐클로라이드, 폴리메틸실세스퀴옥세인, 1,2-헥산다이올, 알루미늄하이드록사이드, 펜틸렌글라이콜, 트라이에톡시카프릴릴실레인, 적색산화철, 알루미나, 카프릴릴글라이콜, 향료, 글리세릴카프릴레이트, 흑색산화철, 실리카다이메티콘실릴레이트, 잔탄검, 다이소듐이디티에이, 시메티콘, 프로필렌글라이콜, 소듐하이알루로네이트, 에틸헥실글리세린",헤라,헤라_실키스테이 24H 롱웨어 파운데이션 21N1 기획세트
글로우쿠션 리필 21N1 + 쿠션 케이스 #1 메탈릭레더,https://www.amoremall.com/kr/ko/product/detail?onlineProdSn=67259,69000.0,리플렉션 스킨 글로우 쿠션 21N1 리필15g + 쿠션 케이스 #1 메탈릭레더,21.0,g,"정제수, 다이페닐실록시페닐트라이메티콘, 티타늄디옥사이드 (CI 77891), 호모살레이트, 다이메티콘, 페닐트라이메티콘, 피이지-10다이메티콘, 메틸트라이메티콘, 부틸렌글라이콜, 글리세린, 에칠헥실살리실레이트, 변성알코올, 트라이메틸실록시실리케이트, 티타늄디옥사이드, 나이아신아마이드, 라우릴피이지-8다이메티콘, 징크옥사이드, 소듐시트레이트, 다이스테아다이모늄헥토라이트, 다이아이소스테아릴말레이트, 펜타에리스리틸테트라아이소스테아레이트, 카프릴릴메티콘, 보론나이트라이드, 합성왁스, 셀룰로오스, 시트릭애씨드, 1,2-헥산다이올, 황색산화철, 소듐클로라이드, 비스-베헤닐/아이소스테아릴/피토스테릴다이머다이리놀레일다이머다이리놀리에이트, 알루미늄하이드록사이드, 솔비탄세스퀴올리에이트, 스테아릭애씨드, 다이메티콘/폴리글리세린-3크로스폴리머, 카프릴릴글라이콜, 다이소듐스테아로일글루타메이트, 폴리메틸메타크릴레이트, 적색산화철, 폴리하이드록시스테아릭애씨드, 소듐메타포스페이트, 글리세릴카프릴레이트, 에틸헥실글리세린, 트라이에톡시카프릴릴실레인, 흑색산화철, 프로판다이올, 에틸헥실팔미테이트, 레시틴, 아이소스테아릭애씨드, 아이소프로필팔미테이트, 폴리글리세릴-3폴리리시놀리에이트, 아스코빅애씨드, 동백나무씨오일, 동백나무씨추출물, 다이프로필렌글라이콜, 동백나무꽃추출물, 토코페롤",헤라,헤라_글로우쿠션 리필 21N1 + 쿠션 케이스 #1 메탈릭레더
블러쉬 스틱 7.7g,https://www.amoremall.com/kr/ko/product/detail?onlineProdSn=67252,48000.0,7.7g,7.7,g,"아이소데실아이소노나노에이트, 실리카, 옥틸도데실스테아로일스테아레이트, 합성왁스, C12-15알킬벤조에이트, 아이소데실네오펜타노에이트, 합성플루오르플로고파이트, 티타늄디옥사이드 (CI 77891), 일라이트, 솔비탄세스퀴올리에이트, 솔비탄아이소스테아레이트, 바륨설페이트, 라우릴폴리글리세릴-3폴리다이메틸실록시에틸다이메티콘, 토코페릴아세테이트, 스테아랄코늄헥토라이트, 페녹시에탄올, 적색104호의(1), 에틸헥실글리세린, 황색4호, 아이소프로필티타늄트라이아이소스테아레이트, 알루미늄하이드록사이드, 트라이에톡시카프릴릴실레인, 적색산화철, 청색1호, 틴옥사이드, 정제수, 토코페롤, 1,2-헥산다이올, 소듐하이알루로네이트",헤라,헤라_블러쉬 스틱 7.7g
NEW 컴피 컨디셔닝 에센스 150g,https://www.amoremall.com/kr/ko/product/detail?onlineProdSn=67160,60000.0,150g,150.0,g,"정제수, 프로판다이올, 글리세린, 1,2-헥산다이올, 다이프로필렌글라이콜, 아이소펜틸다이올, 부틸렌글라이콜, 폴리글리세린-3, 나이아신아마이드, 락토바실러스발효용해물, 에틸헥실글리세린, 아데노신, 에틸헥실팔미테이트, 다이포타슘글리시리제이트, 라이신, 알지닌, 히스티딘, 잔탄검, 소듐글루코네이트, 향료, 피피지-13-데실테트라데세스-24, 글루코오스, 자일로오스, 하이드로제네이티드레시틴, 아크릴레이트/스테아릴메타크릴레이트코폴리머, 흰목이버섯포자낭과추출물, 하이알루로닉애씨드, 펜틸렌글라이콜, 동백나무꽃추출물, 글루코노락톤, 만노오스, 소듐클로라이드, 소듐메틸스테아로일타우레이트, 레시틴, 세라마이드엔피, 동백나무씨추출물, 소듐포스페이트, 팔미토일펜타펩타이드-4, 포타슘클로라이드, 포타슘포스페이트, 마그네슘클로라이드, 칼슘클로라이드, 하이드롤라이즈드디엔에이, 토코페롤, 헥사펩타이드-9",헤라,헤라_NEW 컴피 컨디셔닝 에센스 150g
지일 블루밍 퍼퓸드 샤워 젤 250g,https://www.amoremall.com/kr/ko/product/detail?onlineProdSn=49269,47000.0,250g,250.0,g,"정제수, 소듐라우레스설페이트, 향료, 코카미도프로필베타인, 폴리솔베이트60, 솔비톨, 1,2-헥산다이올, 변성알코올, 소듐클로라이드, 다마스크장미꽃수, 코카마이드미파, 소듐벤조에이트, 말티톨, 카프릴릴글라이콜, 페녹시에탄올, 시트릭애씨드, 소듐메타포스페이트, 벤질벤조에이트, 알파-아이소메틸아이오논, 부테스-3, 리날룰, 리모넨, 에틸헥실글리세린, 부틸렌글라이콜, 폴리쿼터늄-10, 제라니올, 시트로넬올, 소듐벤조트라이아졸릴부틸페놀설포네이트, 다이소듐이디티에이, 헥실신남알, 하이드록시시트로넬알, 트라이부틸시트레이트, 황색4호, 적색227호, 토코페롤, 자색401호, 청색1호, 프로판다이올, 소듐하이알루로네이트, 하이드롤라이즈드하이알루로닉애씨드, 소듐하이알루로네이트크로스폴리머, 하이알루로닉애씨드, 소듐아세틸레이티드하이알루로네이트",헤라,헤라_지일 블루밍 퍼퓸드 샤워 젤 250g
벨벳 나이트 퍼퓸드 바디 로션 230ml,https://www.amoremall.com/kr/ko/product/detail?onlineProdSn=20593,50000.0,230ml,230.0,ml,"정제수, 글리세린, 프로판디올, 글리세릴스테아레이트, 디카프릴릴에텔, 세테아릴알코올, 코코-카프릴레이트/카프레이트, 향료, 피이지-40스테아레이트, 쉐어버터, 디메치콘, 하이드록시프로필스타치포스페이트, 하이드록시에칠아크릴레이트/소듐아크릴로일디메칠타우레이트코폴리머, 글리세릴카프릴레이트, 카프릴릭/카프릭트리글리세라이드, 디소듐이디티에이, 에칠헥실글리세린, 소듐폴리아크릴레이트, 리날룰, 폴리소르베이트60, 소르비탄이소스테아레이트, 리모넨, 벤질벤조에이트, 쿠마린, 석류추출물, 토코페롤, 페녹시에탄올, 콩오일, 덩굴월귤씨오일, 라즈베리씨오일, 로즈힙꽃오일, 라벤더오일, 라임오일, 석류나무꽃추출물",헤라,헤라_벨벳 나이트 퍼퓸드 바디 로션 230ml
웨이크업 생기 립밤 3g,https://www.amoremall.com/kr/ko/product/detail?onlineProdSn=29001,12744.0,3 g,3.0,g,"[공통-보습] 스쿠알란, 하이드로제네이티드캐스터오일다이머다이리놀레에이트, 다이아이소스테아릴말레이트, 카프릴릭/카프릭트라이글리세라이드, 폴리글리세릴-2트라이아이소스테아레이트, 합성왁스, 아크릴레이트/스테아릴아크릴레이트/다이메티콘메타크릴레이트코폴리머, 비스-다이글리세릴폴리아실아디페이트-2, 펜타에리스리틸테트라아이소스테아레이트, 하이드로제네이티드폴리아이소부텐, 에이치디아이/트라이메틸올헥실락톤크로스폴리머, 마이크로크리스탈린왁스, 합성플루오르플로고파이트, 시어버터, 페녹시에탄올, 토코페롤, 아르간커넬오일, 에틸렌/프로필렌코폴리머, 피마자씨오일, 호호바씨오일, 에틸헥실팔미테이트, 페퍼민트오일, 실리카, 리모넨, 트라이하이드록시스테아린, 소듐하이알루로네이트 [코어: 01 Lively] 스쿠알란, 하이드로제네이티드캐스터오일다이머다이리놀레에이트, 다이아이소스테아릴말레이트, 합성왁스, 폴리글리세릴-2트라이아이소스테아레이트, 아크릴레이트/스테아릴아크릴레이트/다이메티콘메타크릴레이트코폴리머, 비스-다이글리세릴폴리아실아디페이트-2, 펜타에리스리틸테트라아이소스테아레이트, 카프릴릭/카프릭트라이글리세라이드, 카프릴릭/카프릭트라이글리세라이드, 하이드로제네이티드폴리아이소부텐, 에이치디아이/트라이메틸올헥실락톤크로스폴리머, 마이크로크리스탈린왁스, 합성플루오르플로고파이트, 시어버터, 스테아랄코늄헥토라이트, 적색산화철, 적색202호, 페녹시에탄올, 토코페롤, 아르간커넬오일, 에틸렌/프로필렌코폴리머, 피마자씨오일, 프로필렌카보네이트, 호호바씨오일, 에틸헥실팔미테이트, 페퍼민트오일, 적색201호, 실리카, 리모넨, 트라이하이드록시스테아린, 소듐하이알루로네이트",비레디,비레디_웨이크업 생기 립밤 3g
웨이크업 생기 립밤 3g,https://www.amoremall.com/kr/ko/product/detail?onlineProdSn=29001,12744.0,3 g,3.0,g,"[공통-보습] 스쿠알란, 하이드로제네이티드캐스터오일다이머다이리놀레에이트, 다이아이소스테아릴말레이트, 카프릴릭/카프릭트라이글리세라이드, 폴리글리세릴-2트라이아이소스테아레이트, 합성왁스, 아크릴레이트/스테아릴아크릴레이트/다이메티콘메타크릴레이트코폴리머, 비스-다이글리세릴폴리아실아디페이트-2, 펜타에리스리틸테트라아이소스테아레이트, 하이드로제네이티드폴리아이소부텐, 에이치디아이/트라이메틸올헥실락톤크로스폴리머, 마이크로크리스탈린왁스, 합성플루오르플로고파이트, 시어버터, 페녹시에탄올, 토코페롤, 아르간커넬오일, 에틸렌/프로필렌코폴리머, 피마자씨오일, 호호바씨오일, 에틸헥실팔미테이트, 페퍼민트오일, 실리카, 리모넨, 트라이하이드록시스테아린, 소듐하이알루로네이트 [코어: 01 Lively] 스쿠알란, 하이드로제네이티드캐스터오일다이머다이리놀레에이트, 다이아이소스테아릴말레이트, 합성왁스, 폴리글리세릴-2트라이아이소스테아레이트, 아크릴레이트/스테아릴아크릴레이트/다이메티콘메타크릴레이트코폴리머, 비스-다이글리세릴폴리아실아디페이트-2, 펜타에리스리틸테트라아이소스테아레이트, 카프릴릭/카프릭트라이글리세라이드, 카프릴릭/카프릭트라이글리세라이드, 하이드로제네이티드폴리아이소부텐, 에이치디아이/트라이메틸올헥실락톤크로스폴리머, 마이크로크리스탈린왁스, 합성플루오르플로고파이트, 시어버터, 스테아랄코늄헥토라이트, 적색산화철, 적색202호, 페녹시에탄올, 토코페롤, 아르간커넬오일, 에틸렌/프로필렌코폴리머, 피마자씨오일, 프로필렌카보네이트, 호호바씨오일, 에틸헥실팔미테이트, 페퍼민트오일, 적색201호, 실리카, 리모넨, 트라이하이드록시스테아린, 소듐하이알루로네이트",라네즈,라네즈_웨이크업 생기 립밤 3g
트루톤 로션  40ml,https://www.amoremall.com/kr/ko/product/detail?onlineProdSn=66573,32000.0,40ml,40.0,ml,"정제수, 호모살레이트, 글리세린, 디에칠아미노하이드록시벤조일헥실벤조에이트, 에칠헥실살리실레이트, 부틸렌글라이콜, 티타늄디옥사이드 (CI 77891), C12-15알킬벤조에이트, 비스-에칠헥실옥시페놀메톡시페닐트리아진, 다이아이소프로필세바케이트, 테레프탈릴리덴디캠퍼설포닉애씨드, 1,2-헥산다이올, 포타슘세틸포스페이트, 세테아릴알코올, 트로메타민, 글리세릴스테아레이트, 황색산화철, 베헤닐알코올, 트라이메틸실록시실리케이트, 폴리아크릴레이트크로스폴리머-6, 잔탄검, 소듐폴리아크릴로일다이메틸타우레이트, 마이카, 적색산화철, 하이드로제네이티드레시틴, 카프릴릴글라이콜, 폴리C10-30알킬아크릴레이트, 글리세릴운데실다이메티콘, 에틸헥실글리세린, 알루미늄하이드록사이드, 폴리에스터-1, 향료, 스테아릭애씨드, 실리카다이메틸실릴레이트, 트라이에톡시카프릴릴실레인, 폴리글리세릴-3메틸글루코오스다이스테아레이트, 팔미틱애씨드, 다이소듐이디티에이, 아데노신, 흑색산화철, 에탄올, 마트리카리아꽃추출물, 미리스틱애씨드, 시트릭애씨드, 프로판다이올, 락틱애씨드, 글라이콜릭애씨드, 라우릭애씨드, 말라카이트추출물, 소듐하이알루로네이트, 토코페롤, 하이드롤라이즈드하이알루로닉애씨드, 소듐하이알루로네이트크로스폴리머, 하이알루로닉애씨드, 소듐아세틸레이티드하이알루로네이트",비레디,비레디_트루톤 로션  40ml
트루톤 로션  40ml,https://www.amoremall.com/kr/ko/product/detail?onlineProdSn=66573,32000.0,40ml,40.0,ml,"정제수, 호모살레이트, 글리세린, 디에칠아미노하이드록시벤조일헥실벤조에이트, 에칠헥실살리실레이트, 부틸렌글라이콜, 티타늄디옥사이드 (CI 77891), C12-15알킬벤조에이트, 비스-에칠헥실옥시페놀메톡시페닐트리아진, 다이아이소프로필세바케이트, 테레프탈릴리덴디캠퍼설포닉애씨드, 1,2-헥산다이올, 포타슘세틸포스페이트, 세테아릴알코올, 트로메타민, 글리세릴스테아레이트, 황색산화철, 베헤닐알코올, 트라이메틸실록시실리케이트, 폴리아크릴레이트크로스폴리머-6, 잔탄검, 소듐폴리아크릴로일다이메틸타우레이트, 마이카, 적색산화철, 하이드로제네이티드레시틴, 카프릴릴글라이콜, 폴리C10-30알킬아크릴레이트, 글리세릴운데실다이메티콘, 에틸헥실글리세린, 알루미늄하이드록사이드, 폴리에스터-1, 향료, 스테아릭애씨드, 실리카다이메틸실릴레이트, 트라이에톡시카프릴릴실레인, 폴리글리세릴-3메틸글루코오스다이스테아레이트, 팔미틱애씨드, 다이소듐이디티에이, 아데노신, 흑색산화철, 에탄올, 마트리카리아꽃추출물, 미리스틱애씨드, 시트릭애씨드, 프로판다이올, 락틱애씨드, 글라이콜릭애씨드, 라우릭애씨드, 말라카이트추출물, 소듐하이알루로네이트, 토코페롤, 하이드롤라이즈드하이알루로닉애씨드, 소듐하이알루로네이트크로스폴리머, 하이알루로닉애씨드, 소듐아세틸레이티드하이알루로네이트",라네즈,라네즈_트루톤 로션  40ml
블루 수분 선크림 1+1 기획세트 SPF50+PA++++,https://www.amoremall.com/kr/ko/product/detail?onlineProdSn=65559,25000.0,50ml+50ml,50.0,ml,"정제수, 부틸렌글라이콜, 호모살레이트, 에칠헥실살리실레이트, 변성알코올, 비스-에칠헥실옥시페놀메톡시페닐트리아진, 디에칠아미노하이드록시벤조일헥실벤조에이트, 실리카, 세틸에틸헥사노에이트, 에칠헥실트리아존, 테레프탈릴리덴디캠퍼설포닉애씨드, 트로메타민, 메틸트라이메티콘, 다이아이소프로필세바케이트, 세테아릴알코올, 하이드록시에틸아크릴레이트/소듐아크릴로일다이메틸타우레이트코폴리머, 포타슘세틸포스페이트, 1,2-헥산다이올, 하이드록시프로필스타치포스페이트, 아크릴레이트/C10-30알킬아크릴레이트크로스폴리머, 글리세릴스테아레이트, 하이드로제네이티드레시틴, 향료, 에틸헥실글리세린, 스테아릭애씨드, 폴리글리세릴-3메틸글루코오스다이스테아레이트, 팔미틱애씨드, 다이소듐이디티에이, 솔비탄아이소스테아레이트, 티타늄디옥사이드 (CI 77891), 마이카, 징크옥사이드, 에탄올, 인디고잎추출물, 마트리카리아꽃추출물, 미리스틱애씨드, 프로판다이올, 라우릭애씨드, 말라카이트추출물, 소듐하이알루로네이트, 틴옥사이드, 토코페롤, 소듐라우로일글루타메이트, 하이드롤라이즈드하이알루로닉애씨드, 라이신, 소듐하이알루로네이트크로스폴리머, 마그네슘클로라이드, 하이알루로닉애씨드, 소듐아세틸레이티드하이알루로네이트",비레디,비레디_블루 수분 선크림 1+1 기획세트 SPF50+PA++++
블루 수분 선크림 1+1 기획세트 SPF50+PA++++,https://www.amoremall.com/kr/ko/product/detail?onlineProdSn=65559,25000.0,50ml+50ml,50.0,ml,"정제수, 부틸렌글라이콜, 호모살레이트, 에칠헥실살리실레이트, 변성알코올, 비스-에칠헥실옥시페놀메톡시페닐트리아진, 디에칠아미노하이드록시벤조일헥실벤조에이트, 실리카, 세틸에틸헥사노에이트, 에칠헥실트리아존, 테레프탈릴리덴디캠퍼설포닉애씨드, 트로메타민, 메틸트라이메티콘, 다이아이소프로필세바케이트, 세테아릴알코올, 하이드록시에틸아크릴레이트/소듐아크릴로일다이메틸타우레이트코폴리머, 포타슘세틸포스페이트, 1,2-헥산다이올, 하이드록시프로필스타치포스페이트, 아크릴레이트/C10-30알킬아크릴레이트크로스폴리머, 글리세릴스테아레이트, 하이드로제네이티드레시틴, 향료, 에틸헥실글리세린, 스테아릭애씨드, 폴리글리세릴-3메틸글루코오스다이스테아레이트, 팔미틱애씨드, 다이소듐이디티에이, 솔비탄아이소스테아레이트, 티타늄디옥사이드 (CI 77891), 마이카, 징크옥사이드, 에탄올, 인디고잎추출물, 마트리카리아꽃추출물, 미리스틱애씨드, 프로판다이올, 라우릭애씨드, 말라카이트추출물, 소듐하이알루로네이트, 틴옥사이드, 토코페롤, 소듐라우로일글루타메이트, 하이드롤라이즈드하이알루로닉애씨드, 라이신, 소듐하이알루로네이트크로스폴리머, 마그네슘클로라이드, 하이알루로닉애씨드, 소듐아세틸레이티드하이알루로네이트",라네즈,라네즈_블루 수분 선크림 1+1 기획세트 SPF50+PA++++
블루 파운데이션 SPF27/PA++ 35ml,https://www.amoremall.com/kr/ko/product/detail?onlineProdSn=56132,29000.0,35ml,35.0,ml,"정제수, 메틸트라이메티콘, 티타늄디옥사이드 (CI 77891), 에칠헥실메톡시신나메이트, 아이소도데케인, 다이페닐실록시페닐트라이메티콘, 사이클로펜타실록세인, 글리세린, 변성알코올, 라우릴피이지-8다이메티콘, 부틸렌글라이콜, 글리세레스-26, 실리카, 나일론-12, 다이페닐다이메티콘/비닐다이페닐다이메티콘/실세스퀴옥세인크로스폴리머, 황색산화철, 아크릴레이트/폴리트라이메틸실록시메타크릴레이트코폴리머, 다이스테아다이모늄헥토라이트, 카프릴릴메티콘, 아크릴레이트/다이메티콘코폴리머, 1,2-헥산다이올, 피이지-10다이메티콘, 폴리메틸실세스퀴옥세인, 아크릴레이트/에틸헥실아크릴레이트/다이메티콘메타크릴레이트코폴리머, 카프릴릭/카프릭트라이글리세라이드, 다이메티콘, 알루미늄하이드록사이드, 트라이하이드록시스테아린, 소듐클로라이드, 피토스테릴/옥틸도데실라우로일글루타메이트, 트라이에톡시카프릴릴실레인, 적색산화철, 카프릴릴글라이콜, 향료, 프로필렌카보네이트, 흑색산화철, 글리세릴카프릴레이트, 폴리실리콘-11, 다이소듐이디티에이, 쌀겨왁스, 징크옥사이드, 에탄올, 비에이치티, 마트리카리아꽃추출물, 프로판다이올, 말라카이트추출물, 소듐하이알루로네이트, 토코페롤, 키토산, 소듐라우로일글루타메이트, 하이드롤라이즈드하이알루로닉애씨드, 라이신, 소듐하이알루로네이트크로스폴리머, 마그네슘클로라이드, 하이알루로닉애씨드, 에틸헥실글리세린, 소듐아세틸레이티드하이알루로네이트, 리파아제",비레디,비레디_블루 파운데이션 SPF27/PA++ 35ml
블루 파운데이션 SPF27/PA++ 35ml,https://www.amoremall.com/kr/ko/product/detail?onlineProdSn=56132,29000.0,35ml,35.0,ml,"정제수, 메틸트라이메티콘, 티타늄디옥사이드 (CI 77891), 에칠헥실메톡시신나메이트, 아이소도데케인, 다이페닐실록시페닐트라이메티콘, 사이클로펜타실록세인, 글리세린, 변성알코올, 라우릴피이지-8다이메티콘, 부틸렌글라이콜, 글리세레스-26, 실리카, 나일론-12, 다이페닐다이메티콘/비닐다이페닐다이메티콘/실세스퀴옥세인크로스폴리머, 황색산화철, 아크릴레이트/폴리트라이메틸실록시메타크릴레이트코폴리머, 다이스테아다이모늄헥토라이트, 카프릴릴메티콘, 아크릴레이트/다이메티콘코폴리머, 1,2-헥산다이올, 피이지-10다이메티콘, 폴리메틸실세스퀴옥세인, 아크릴레이트/에틸헥실아크릴레이트/다이메티콘메타크릴레이트코폴리머, 카프릴릭/카프릭트라이글리세라이드, 다이메티콘, 알루미늄하이드록사이드, 트라이하이드록시스테아린, 소듐클로라이드, 피토스테릴/옥틸도데실라우로일글루타메이트, 트라이에톡시카프릴릴실레인, 적색산화철, 카프릴릴글라이콜, 향료, 프로필렌카보네이트, 흑색산화철, 글리세릴카프릴레이트, 폴리실리콘-11, 다이소듐이디티에이, 쌀겨왁스, 징크옥사이드, 에탄올, 비에이치티, 마트리카리아꽃추출물, 프로판다이올, 말라카이트추출물, 소듐하이알루로네이트, 토코페롤, 키토산, 소듐라우로일글루타메이트, 하이드롤라이즈드하이알루로닉애씨드, 라이신, 소듐하이알루로네이트크로스폴리머, 마그네슘클로라이드, 하이알루로닉애씨드, 에틸헥실글리세린, 소듐아세틸레이티드하이알루로네이트, 리파아제",라네즈,라네즈_블루 파운데이션 SPF27/PA++ 35ml
블루쿠션 SPF34/PA++ 15g,https://www.amoremall.com/kr/ko/product/detail?onlineProdSn=63934,24900.0,15g,15.0,g,"정제수, 사이클로펜타실록세인, 메틸트라이메티콘, 부틸렌글라이콜, 티타늄디옥사이드 (CI 77891), 에칠헥실메톡시신나메이트, 실리카, 사이클로헥사실록세인, 피이지-10다이메티콘, 트라이메틸실록시실리케이트, 마이카, 변성알코올, 징크옥사이드, 티타늄디옥사이드, 라우릴피이지-8다이메티콘, 아이소도데케인, 다이스테아다이모늄헥토라이트, 다이메티콘, 보론나이트라이드, 아크릴레이트/폴리트라이메틸실록시메타크릴레이트코폴리머, 황색산화철, 1,2-헥산다이올, 소듐클로라이드, 피씨에이다이메티콘, 아크릴레이트/다이메티콘코폴리머, 알루미늄하이드록사이드, 트라이하이드록시스테아린, 폴리솔베이트80, 카프릴릴글라이콜, 트라이에톡시카프릴릴실레인, 적색산화철, 스테아릭애씨드, 하이드로제네이티드레시틴, 라우로일라이신, 향료, 에틸헥실글리세린, 흑색산화철, 다이소듐이디티에이, 에탄올, 비에이치티, 마트리카리아꽃추출물, 프로판다이올, 말라카이트추출물, 소듐하이알루로네이트, 토코페롤, 소듐라우로일글루타메이트, 하이드롤라이즈드하이알루로닉애씨드, 라이신, 소듐하이알루로네이트크로스폴리머, 마그네슘클로라이드, 하이알루로닉애씨드, 소듐아세틸레이티드하이알루로네이트",비레디,비레디_블루쿠션 SPF34/PA++ 15g
블루쿠션 SPF34/PA++ 15g,https://www.amoremall.com/kr/ko/product/detail?onlineProdSn=63934,24900.0,15g,15.0,g,"정제수, 사이클로펜타실록세인, 메틸트라이메티콘, 부틸렌글라이콜, 티타늄디옥사이드 (CI 77891), 에칠헥실메톡시신나메이트, 실리카, 사이클로헥사실록세인, 피이지-10다이메티콘, 트라이메틸실록시실리케이트, 마이카, 변성알코올, 징크옥사이드, 티타늄디옥사이드, 라우릴피이지-8다이메티콘, 아이소도데케인, 다이스테아다이모늄헥토라이트, 다이메티콘, 보론나이트라이드, 아크릴레이트/폴리트라이메틸실록시메타크릴레이트코폴리머, 황색산화철, 1,2-헥산다이올, 소듐클로라이드, 피씨에이다이메티콘, 아크릴레이트/다이메티콘코폴리머, 알루미늄하이드록사이드, 트라이하이드록시스테아린, 폴리솔베이트80, 카프릴릴글라이콜, 트라이에톡시카프릴릴실레인, 적색산화철, 스테아릭애씨드, 하이드로제네이티드레시틴, 라우로일라이신, 향료, 에틸헥실글리세린, 흑색산화철, 다이소듐이디티에이, 에탄올, 비에이치티, 마트리카리아꽃추출물, 프로판다이올, 말라카이트추출물, 소듐하이알루로네이트, 토코페롤, 소듐라우로일글루타메이트, 하이드롤라이즈드하이알루로닉애씨드, 라이신, 소듐하이알루로네이트크로스폴리머, 마그네슘클로라이드, 하이알루로닉애씨드, 소듐아세틸레이티드하이알루로네이트",라네즈,라네즈_블루쿠션 SPF34/PA++ 15g
무드업 듀얼 아이섀도우 브러쉬,https://www.amoremall.com/kr/ko/product/detail?onlineProdSn=35006,10000.0,,,,,비레디,비레디_무드업 듀얼 아이섀도우 브러쉬
무드업 듀얼 아이섀도우 브러쉬,https://www.amoremall.com/kr/ko/product/detail?onlineProdSn=35006,10000.0,,,,,라네즈,라네즈_무드업 듀얼 아이섀도우 브러쉬
블루쿠션 SPF34/PA++ 15g,https://www.amoremall.com/kr/ko/product/detail?onlineProdSn=62820,32895.0,15g,15.0,g,"정제수, 사이클로펜타실록세인, 메틸트라이메티콘, 부틸렌글라이콜, 티타늄디옥사이드 (CI 77891), 에칠헥실메톡시신나메이트, 실리카, 사이클로헥사실록세인, 피이지-10다이메티콘, 트라이메틸실록시실리케이트, 마이카, 변성알코올, 징크옥사이드, 티타늄디옥사이드, 라우릴피이지-8다이메티콘, 아이소도데케인, 다이스테아다이모늄헥토라이트, 다이메티콘, 보론나이트라이드, 아크릴레이트/폴리트라이메틸실록시메타크릴레이트코폴리머, 황색산화철, 1,2-헥산다이올, 소듐클로라이드, 피씨에이다이메티콘, 아크릴레이트/다이메티콘코폴리머, 알루미늄하이드록사이드, 트라이하이드록시스테아린, 폴리솔베이트80, 카프릴릴글라이콜, 트라이에톡시카프릴릴실레인, 적색산화철, 스테아릭애씨드, 하이드로제네이티드레시틴, 라우로일라이신, 향료, 에틸헥실글리세린, 흑색산화철, 다이소듐이디티에이, 에탄올, 비에이치티, 마트리카리아꽃추출물, 프로판다이올, 말라카이트추출물, 소듐하이알루로네이트, 토코페롤, 소듐라우로일글루타메이트, 하이드롤라이즈드하이알루로닉애씨드, 라이신, 소듐하이알루로네이트크로스폴리머, 마그네슘클로라이드, 하이알루로닉애씨드, 소듐아세틸레이티드하이알루로네이트",비레디,비레디_블루쿠션 SPF34/PA++ 15g
블루쿠션 SPF34/PA++ 15g,https://www.amoremall.com/kr/ko/product/detail?onlineProdSn=62820,32895.0,15g,15.0,g,"정제수, 사이클로펜타실록세인, 메틸트라이메티콘, 부틸렌글라이콜, 티타늄디옥사이드 (CI 77891), 에칠헥실메톡시신나메이트, 실리카, 사이클로헥사실록세인, 피이지-10다이메티콘, 트라이메틸실록시실리케이트, 마이카, 변성알코올, 징크옥사이드, 티타늄디옥사이드, 라우릴피이지-8다이메티콘, 아이소도데케인, 다이스테아다이모늄헥토라이트, 다이메티콘, 보론나이트라이드, 아크릴레이트/폴리트라이메틸실록시메타크릴레이트코폴리머, 황색산화철, 1,2-헥산다이올, 소듐클로라이드, 피씨에이다이메티콘, 아크릴레이트/다이메티콘코폴리머, 알루미늄하이드록사이드, 트라이하이드록시스테아린, 폴리솔베이트80, 카프릴릴글라이콜, 트라이에톡시카프릴릴실레인, 적색산화철, 스테아릭애씨드, 하이드로제네이티드레시틴, 라우로일라이신, 향료, 에틸헥실글리세린, 흑색산화철, 다이소듐이디티에이, 에탄올, 비에이치티, 마트리카리아꽃추출물, 프로판다이올, 말라카이트추출물, 소듐하이알루로네이트, 토코페롤, 소듐라우로일글루타메이트, 하이드롤라이즈드하이알루로닉애씨드, 라이신, 소듐하이알루로네이트크로스폴리머, 마그네슘클로라이드, 하이알루로닉애씨드, 소듐아세틸레이티드하이알루로네이트",라네즈,라네즈_블루쿠션 SPF34/PA++ 15g
시카페인 트러블리셋 세럼 40ml,https://www.amoremall.com/kr/ko/product/detail?onlineProdSn=60517,38000.0,40ml,40.0,ml,"편백수, 정제수, 부틸렌글라이콜, 글리세린, 다이프로필렌글라이콜, 베타인, 변성알코올, 나이아신아마이드, 스쿠알란, 카페인, 다이에톡시에틸석시네이트, 1,2-헥산다이올, 수크로오스스테아레이트, 소듐폴리아크릴로일다이메틸타우레이트, 글리세릴폴리메타크릴레이트, 폴리글리세릴-10스테아레이트, 폴리메틸메타크릴레이트, 메틸트라이메티콘, 하이드로제네이티드레시틴, 하이드로제네이티드포스파티딜콜린, 에틸헥실글리세린, 폴리글리세릴-10라우레이트, 티몰트라이메톡시신나메이트, 카보머, 트로메타민, 잔탄검, 글루코노락톤, 소듐시트레이트, 다이소듐이디티에이, 말라카이트추출물, 잇꽃꽃추출물, 덱스트린, 시트릭애씨드, 피토스테롤, 알지닌, 사이클로덱스트린, 하이드록시프로필사이클로덱스트린, 말토덱스트린, 토코페롤",비레디,비레디_시카페인 트러블리셋 세럼 40ml
시카페인 트러블리셋 세럼 40ml,https://www.amoremall.com/kr/ko/product/detail?onlineProdSn=60517,38000.0,40ml,40.0,ml,"편백수, 정제수, 부틸렌글라이콜, 글리세린, 다이프로필렌글라이콜, 베타인, 변성알코올, 나이아신아마이드, 스쿠알란, 카페인, 다이에톡시에틸석시네이트, 1,2-헥산다이올, 수크로오스스테아레이트, 소듐폴리아크릴로일다이메틸타우레이트, 글리세릴폴리메타크릴레이트, 폴리글리세릴-10스테아레이트, 폴리메틸메타크릴레이트, 메틸트라이메티콘, 하이드로제네이티드레시틴, 하이드로제네이티드포스파티딜콜린, 에틸헥실글리세린, 폴리글리세릴-10라우레이트, 티몰트라이메톡시신나메이트, 카보머, 트로메타민, 잔탄검, 글루코노락톤, 소듐시트레이트, 다이소듐이디티에이, 말라카이트추출물, 잇꽃꽃추출물, 덱스트린, 시트릭애씨드, 피토스테롤, 알지닌, 사이클로덱스트린, 하이드록시프로필사이클로덱스트린, 말토덱스트린, 토코페롤",라네즈,라네즈_시카페인 트러블리셋 세럼 40ml
블루 수분 선크림 SPF50+/PA++++ 50ml,https://www.amoremall.com/kr/ko/product/detail?onlineProdSn=57466,25000.0,50ml,50.0,ml,"정제수, 부틸렌글라이콜, 호모살레이트, 에칠헥실살리실레이트, 변성알코올, 비스-에칠헥실옥시페놀메톡시페닐트리아진, 디에칠아미노하이드록시벤조일헥실벤조에이트, 실리카, 세틸에틸헥사노에이트, 에칠헥실트리아존, 테레프탈릴리덴디캠퍼설포닉애씨드, 트로메타민, 메틸트라이메티콘, 다이아이소프로필세바케이트, 세테아릴알코올, 하이드록시에틸아크릴레이트/소듐아크릴로일다이메틸타우레이트코폴리머, 포타슘세틸포스페이트, 1,2-헥산다이올, 하이드록시프로필스타치포스페이트, 아크릴레이트/C10-30알킬아크릴레이트크로스폴리머, 글리세릴스테아레이트, 하이드로제네이티드레시틴, 향료, 에틸헥실글리세린, 스테아릭애씨드, 폴리글리세릴-3메틸글루코오스다이스테아레이트, 팔미틱애씨드, 다이소듐이디티에이, 솔비탄아이소스테아레이트, 티타늄디옥사이드 (CI 77891), 마이카, 징크옥사이드, 에탄올, 인디고잎추출물, 마트리카리아꽃추출물, 미리스틱애씨드, 프로판다이올, 라우릭애씨드, 말라카이트추출물, 소듐하이알루로네이트, 틴옥사이드, 토코페롤, 소듐라우로일글루타메이트, 하이드롤라이즈드하이알루로닉애씨드, 라이신, 소듐하이알루로네이트크로스폴리머, 마그네슘클로라이드, 하이알루로닉애씨드, 소듐아세틸레이티드하이알루로네이트",비레디,비레디_블루 수분 선크림 SPF50+/PA++++ 50ml
블루 수분 선크림 SPF50+/PA++++ 50ml,https://www.amoremall.com/kr/ko/product/detail?onlineProdSn=57466,25000.0,50ml,50.0,ml,"정제수, 부틸렌글라이콜, 호모살레이트, 에칠헥실살리실레이트, 변성알코올, 비스-에칠헥실옥시페놀메톡시페닐트리아진, 디에칠아미노하이드록시벤조일헥실벤조에이트, 실리카, 세틸에틸헥사노에이트, 에칠헥실트리아존, 테레프탈릴리덴디캠퍼설포닉애씨드, 트로메타민, 메틸트라이메티콘, 다이아이소프로필세바케이트, 세테아릴알코올, 하이드록시에틸아크릴레이트/소듐아크릴로일다이메틸타우레이트코폴리머, 포타슘세틸포스페이트, 1,2-헥산다이올, 하이드록시프로필스타치포스페이트, 아크릴레이트/C10-30알킬아크릴레이트크로스폴리머, 글리세릴스테아레이트, 하이드로제네이티드레시틴, 향료, 에틸헥실글리세린, 스테아릭애씨드, 폴리글리세릴-3메틸글루코오스다이스테아레이트, 팔미틱애씨드, 다이소듐이디티에이, 솔비탄아이소스테아레이트, 티타늄디옥사이드 (CI 77891), 마이카, 징크옥사이드, 에탄올, 인디고잎추출물, 마트리카리아꽃추출물, 미리스틱애씨드, 프로판다이올, 라우릭애씨드, 말라카이트추출물, 소듐하이알루로네이트, 틴옥사이드, 토코페롤, 소듐라우로일글루타메이트, 하이드롤라이즈드하이알루로닉애씨드, 라이신, 소듐하이알루로네이트크로스폴리머, 마그네슘클로라이드, 하이알루로닉애씨드, 소듐아세틸레이티드하이알루로네이트",라네즈,라네즈_블루 수분 선크림 SPF50+/PA++++ 50ml
프라이드업 아이브로우 0.6G,https://www.amoremall.com/kr/ko/product/detail?onlineProdSn=32460,12900.0,0.6 g,0.6,g,"[펜슬] 하이드로제네이티드돌콩오일, 하이드로제네이티드코코-글리세라이즈, 하이드로제네이티드식물성오일, 징크스테아레이트, 스테아릭애씨드, 카나우바왁스, 폴리글리세릴-2트라이아이소스테아레이트, 토코페롤, 카프릴릴글라이콜, 페녹시에탄올, 아스코빌팔미테이트, 헥실렌글라이콜, 마이카, 흑색산화철, 황색산화철, 적색산화철 / [파우더] 탤크, 옥틸도데실스테아로일스테아레이트, 다이펜타에리스리틸헥사하이드록시스테아레이트/헥사스테아레이트/헥사로지네이트, 옥틸도데칸올, 다이메티콘, 페녹시에탄올, 마그네슘미리스테이트, 호호바씨오일, 카프릴릴글라이콜, 비사보롤, 헥실렌글라이콜, 마이카, 흑색산화철, 황색산화철, 적색산화철",비레디,비레디_프라이드업 아이브로우 0.6G
프라이드업 아이브로우 0.6G,https://www.amoremall.com/kr/ko/product/detail?onlineProdSn=32460,12900.0,0.6 g,0.6,g,"[펜슬] 하이드로제네이티드돌콩오일, 하이드로제네이티드코코-글리세라이즈, 하이드로제네이티드식물성오일, 징크스테아레이트, 스테아릭애씨드, 카나우바왁스, 폴리글리세릴-2트라이아이소스테아레이트, 토코페롤, 카프릴릴글라이콜, 페녹시에탄올, 아스코빌팔미테이트, 헥실렌글라이콜, 마이카, 흑색산화철, 황색산화철, 적색산화철 / [파우더] 탤크, 옥틸도데실스테아로일스테아레이트, 다이펜타에리스리틸헥사하이드록시스테아레이트/헥사스테아레이트/헥사로지네이트, 옥틸도데칸올, 다이메티콘, 페녹시에탄올, 마그네슘미리스테이트, 호호바씨오일, 카프릴릴글라이콜, 비사보롤, 헥실렌글라이콜, 마이카, 흑색산화철, 황색산화철, 적색산화철",라네즈,라네즈_프라이드업 아이브로우 0.6G
블루 세범 파우더 7g,https://www.amoremall.com/kr/ko/product/detail?onlineProdSn=57744,15000.0,7g,7.0,g,"실리카, 카프릴릭/카프릭트라이글리세라이드, 다이메티콘/비닐다이메티콘크로스폴리머, 메티콘, 에틸헥실글리세린, 글리세릴카프릴레이트, 정제수, 에탄올, 마트리카리아꽃추출물, 프로판다이올, 1,2-헥산다이올, 말라카이트추출물, 소듐하이알루로네이트, 토코페롤, 하이드롤라이즈드하이알루로닉애씨드, 소듐하이알루로네이트크로스폴리머, 하이알루로닉애씨드, 소듐아세틸레이티드하이알루로네이트",비레디,비레디_블루 세범 파우더 7g
블루 세범 파우더 7g,https://www.amoremall.com/kr/ko/product/detail?onlineProdSn=57744,15000.0,7g,7.0,g,"실리카, 카프릴릭/카프릭트라이글리세라이드, 다이메티콘/비닐다이메티콘크로스폴리머, 메티콘, 에틸헥실글리세린, 글리세릴카프릴레이트, 정제수, 에탄올, 마트리카리아꽃추출물, 프로판다이올, 1,2-헥산다이올, 말라카이트추출물, 소듐하이알루로네이트, 토코페롤, 하이드롤라이즈드하이알루로닉애씨드, 소듐하이알루로네이트크로스폴리머, 하이알루로닉애씨드, 소듐아세틸레이티드하이알루로네이트",라네즈,라네즈_블루 세범 파우더 7g
시카페인 트러블리셋 토너 250ml,https://www.amoremall.com/kr/ko/product/detail?onlineProdSn=60519,25000.0,250ml,250.0,ml,"편백수, 정제수, 부틸렌글라이콜, 글리세린, 프로판다이올, 1,2-헥산다이올, 다이프로필렌글라이콜, 소듐시트레이트, 에틸헥실글리세린, 시트릭애씨드, 하이드록시에틸아크릴레이트/소듐아크릴로일다이메틸타우레이트코폴리머, 글루코노락톤, 다이소듐이디티에이, 나이아신아마이드, 카페인, 솔비탄아이소스테아레이트, 토코페롤, 알지닌, 사이클로덱스트린, 하이드록시프로필사이클로덱스트린, 말토덱스트린, 피토스테롤",비레디,비레디_시카페인 트러블리셋 토너 250ml
시카페인 트러블리셋 토너 250ml,https://www.amoremall.com/kr/ko/product/detail?onlineProdSn=60519,25000.0,250ml,250.0,ml,"편백수, 정제수, 부틸렌글라이콜, 글리세린, 프로판다이올, 1,2-헥산다이올, 다이프로필렌글라이콜, 소듐시트레이트, 에틸헥실글리세린, 시트릭애씨드, 하이드록시에틸아크릴레이트/소듐아크릴로일다이메틸타우레이트코폴리머, 글루코노락톤, 다이소듐이디티에이, 나이아신아마이드, 카페인, 솔비탄아이소스테아레이트, 토코페롤, 알지닌, 사이클로덱스트린, 하이드록시프로필사이클로덱스트린, 말토덱스트린, 피토스테롤",라네즈,라네즈_시카페인 트러블리셋 토너 250ml
시카페인 트러블리셋 크림 70ml,https://www.amoremall.com/kr/ko/product/detail?onlineProdSn=60518,34000.0,70ml,70.0,ml,"편백수, 부틸렌글라이콜, 글리세린, 다이카프릴릴에터, 1,2-헥산다이올, 스쿠알란, 페닐트라이메티콘, 메틸트라이메티콘, 아이소노닐아이소노나노에이트, 베타인, C14-22알코올, 정제수, 세테아릴알코올, 세테아릴올리베이트, 스테아릴다이메티콘, 글리세릴스테아레이트, 솔비탄올리베이트, 피씨에이다이메티콘, 팔미틱애씨드, 스테아릭애씨드, 하이드록시에틸아크릴레이트/소듐아크릴로일다이메틸타우레이트코폴리머, C12-20알킬글루코사이드, 소듐스테아로일글루타메이트, 에틸헥실글리세린, 아크릴레이트/C10-30알킬아크릴레이트크로스폴리머, 베헤닐알코올, 트로메타민, 잔탄검, 피토스테롤, 솔비탄아이소스테아레이트, 말라카이트추출물, 다이소듐이디티에이, 잇꽃꽃추출물, 덱스트린, 나이아신아마이드, 카페인, 세라마이드엔피, 토코페롤, 알지닌, 사이클로덱스트린, 하이드록시프로필사이클로덱스트린, 말토덱스트린, 시트릭애씨드",비레디,비레디_시카페인 트러블리셋 크림 70ml
시카페인 트러블리셋 크림 70ml,https://www.amoremall.com/kr/ko/product/detail?onlineProdSn=60518,34000.0,70ml,70.0,ml,"편백수, 부틸렌글라이콜, 글리세린, 다이카프릴릴에터, 1,2-헥산다이올, 스쿠알란, 페닐트라이메티콘, 메틸트라이메티콘, 아이소노닐아이소노나노에이트, 베타인, C14-22알코올, 정제수, 세테아릴알코올, 세테아릴올리베이트, 스테아릴다이메티콘, 글리세릴스테아레이트, 솔비탄올리베이트, 피씨에이다이메티콘, 팔미틱애씨드, 스테아릭애씨드, 하이드록시에틸아크릴레이트/소듐아크릴로일다이메틸타우레이트코폴리머, C12-20알킬글루코사이드, 소듐스테아로일글루타메이트, 에틸헥실글리세린, 아크릴레이트/C10-30알킬아크릴레이트크로스폴리머, 베헤닐알코올, 트로메타민, 잔탄검, 피토스테롤, 솔비탄아이소스테아레이트, 말라카이트추출물, 다이소듐이디티에이, 잇꽃꽃추출물, 덱스트린, 나이아신아마이드, 카페인, 세라마이드엔피, 토코페롤, 알지닌, 사이클로덱스트린, 하이드록시프로필사이클로덱스트린, 말토덱스트린, 시트릭애씨드",라네즈,라네즈_시카페인 트러블리셋 크림 70ml
블루 파운데이션 퍼프,https://www.amoremall.com/kr/ko/product/detail?onlineProdSn=56386,8000.0,,,,,비레디,비레디_블루 파운데이션 퍼프
블루 파운데이션 퍼프,https://www.amoremall.com/kr/ko/product/detail?onlineProdSn=56386,8000.0,,,,,라네즈,라네즈_블루 파운데이션 퍼프
하이드로 스웻프루프 선크림 SPF50+/PA++++ 50ml,https://www.amoremall.com/kr/ko/product/detail?onlineProdSn=64846,25000.0,50 ml,50.0,ml,"정제수, 다이부틸아디페이트, 비스-에칠헥실옥시페놀메톡시페닐트리아진, C12-15알킬벤조에이트, 부틸렌글라이콜, 에칠헥실트리아존, 변성알코올, 나이아신아마이드, 디에칠아미노하이드록시벤조일헥실벤조에이트, 폴리실리콘-15, 다이에틸헥실석시네이트, 티타늄디옥사이드, 폴리글리세릴-10스테아레이트, 베헤닐알코올, 소듐메틸스테아로일타우레이트, 1,2-헥산다이올, 실리카, 다이페닐실록시페닐트라이메티콘, 스테아릭애씨드, 하이드록시에틸아크릴레이트/소듐아크릴로일다이메틸타우레이트코폴리머, 폴리아크릴레이트크로스폴리머-6, 소듐폴리아크릴로일다이메틸타우레이트, 아라키딜알코올, 알루미늄하이드록사이드, 카프릴릴글라이콜, 글리세린, 에틸헥실글리세린, 시트릭애씨드, 멘톡시프로판다이올, 아라키딜글루코사이드, 소듐시트레이트, 아데노신, 구아이아줄렌, 이눌린라우릴카바메이트, 폴리에터-1, 향료, 솔비탄아이소스테아레이트, 타우린, 소듐메타포스페이트, 에탄올, 마트리카리아꽃추출물, 프로판다이올, 말라카이트추출물, 소듐하이알루로네이트, 토코페롤, 다이소듐이디티에이, 하이드롤라이즈드하이알루로닉애씨드, 소듐하이알루로네이트크로스폴리머, 피씨에이, 락틱애씨드, 글루코오스, 하이알루로닉애씨드, 글라이신, 우레아, 소듐글리세로포스페이트, 세린, 글루타믹애씨드, 포타슘마네슘아스파테이트, 아스파틱애씨드, 류신, 소듐클로라이드, 알라닌, 라이신, 알지닌, 칼슘글루코네이트, 마그네슘글루코네이트, 타이로신, 페닐알라닌, 프롤린, 트레오닌, 발린, 아이소류신, 소듐아세틸레이티드하이알루로네이트, 히스티딘, 아세틸글루코사민, 시스테인, 크레아틴, 우릭애씨드, 메티오닌",비레디,비레디_하이드로 스웻프루프 선크림 SPF50+/PA++++ 50ml
하이드로 스웻프루프 선크림 SPF50+/PA++++ 50ml,https://www.amoremall.com/kr/ko/product/detail?onlineProdSn=64846,25000.0,50 ml,50.0,ml,"정제수, 다이부틸아디페이트, 비스-에칠헥실옥시페놀메톡시페닐트리아진, C12-15알킬벤조에이트, 부틸렌글라이콜, 에칠헥실트리아존, 변성알코올, 나이아신아마이드, 디에칠아미노하이드록시벤조일헥실벤조에이트, 폴리실리콘-15, 다이에틸헥실석시네이트, 티타늄디옥사이드, 폴리글리세릴-10스테아레이트, 베헤닐알코올, 소듐메틸스테아로일타우레이트, 1,2-헥산다이올, 실리카, 다이페닐실록시페닐트라이메티콘, 스테아릭애씨드, 하이드록시에틸아크릴레이트/소듐아크릴로일다이메틸타우레이트코폴리머, 폴리아크릴레이트크로스폴리머-6, 소듐폴리아크릴로일다이메틸타우레이트, 아라키딜알코올, 알루미늄하이드록사이드, 카프릴릴글라이콜, 글리세린, 에틸헥실글리세린, 시트릭애씨드, 멘톡시프로판다이올, 아라키딜글루코사이드, 소듐시트레이트, 아데노신, 구아이아줄렌, 이눌린라우릴카바메이트, 폴리에터-1, 향료, 솔비탄아이소스테아레이트, 타우린, 소듐메타포스페이트, 에탄올, 마트리카리아꽃추출물, 프로판다이올, 말라카이트추출물, 소듐하이알루로네이트, 토코페롤, 다이소듐이디티에이, 하이드롤라이즈드하이알루로닉애씨드, 소듐하이알루로네이트크로스폴리머, 피씨에이, 락틱애씨드, 글루코오스, 하이알루로닉애씨드, 글라이신, 우레아, 소듐글리세로포스페이트, 세린, 글루타믹애씨드, 포타슘마네슘아스파테이트, 아스파틱애씨드, 류신, 소듐클로라이드, 알라닌, 라이신, 알지닌, 칼슘글루코네이트, 마그네슘글루코네이트, 타이로신, 페닐알라닌, 프롤린, 트레오닌, 발린, 아이소류신, 소듐아세틸레이티드하이알루로네이트, 히스티딘, 아세틸글루코사민, 시스테인, 크레아틴, 우릭애씨드, 메티오닌",라네즈,라네즈_하이드로 스웻프루프 선크림 SPF50+/PA++++ 50ml
에어리 헤어 페이스트 80g,https://www.amoremall.com/kr/ko/product/detail?onlineProdSn=57746,16500.0,80g,80.0,g,"정제수, 마이크로크리스탈린왁스, 칸데릴라왁스, 다이메티콘, 폴리솔베이트60, 사이클로펜타실록세인, 부틸렌글라이콜, 비즈왁스, 브이피/브이에이코폴리머, 글리세릴스테아레이트, 사이클로헥사실록세인, 세테아릴알코올, 피이지-100스테아레이트, 팔미틱애씨드, 스테아릭애씨드, 글리세린, 향료, 에틸헥실팔미테이트, 카올린, 하이드록시아세토페논, 솔비톨, 카프릴릭/카프릭트라이글리세라이드, 리모넨, 카보머, 트로메타민, 벤질살리실레이트, 1,2-헥산다이올, 카프릴릴글라이콜, 리날룰, 다이소듐이디티에이, 제라니올, 동백나무씨오일, 드럼스틱씨추출물, 녹차추출물, 글라이신, 알라닌, 알지닌, 아스파틱애씨드, 프롤린, 세린, 글루타믹애씨드, 타우린, 히스티딘, 페닐알라닌, 류신, 발린, 메티오닌, 아이소류신, 오르니틴",비레디,비레디_에어리 헤어 페이스트 80g
에어리 헤어 페이스트 80g,https://www.amoremall.com/kr/ko/product/detail?onlineProdSn=57746,16500.0,80g,80.0,g,"정제수, 마이크로크리스탈린왁스, 칸데릴라왁스, 다이메티콘, 폴리솔베이트60, 사이클로펜타실록세인, 부틸렌글라이콜, 비즈왁스, 브이피/브이에이코폴리머, 글리세릴스테아레이트, 사이클로헥사실록세인, 세테아릴알코올, 피이지-100스테아레이트, 팔미틱애씨드, 스테아릭애씨드, 글리세린, 향료, 에틸헥실팔미테이트, 카올린, 하이드록시아세토페논, 솔비톨, 카프릴릭/카프릭트라이글리세라이드, 리모넨, 카보머, 트로메타민, 벤질살리실레이트, 1,2-헥산다이올, 카프릴릴글라이콜, 리날룰, 다이소듐이디티에이, 제라니올, 동백나무씨오일, 드럼스틱씨추출물, 녹차추출물, 글라이신, 알라닌, 알지닌, 아스파틱애씨드, 프롤린, 세린, 글루타믹애씨드, 타우린, 히스티딘, 페닐알라닌, 류신, 발린, 메티오닌, 아이소류신, 오르니틴",라네즈,라네즈_에어리 헤어 페이스트 80g
4.4,https://www.amoremall.com/kr/ko/product/detail?onlineProdSn=62272,20000.0,200ml,200.0,ml,"정제수, 글리세린, 카프릴릴/카프릴글루코사이드, 소듐코코일알라니네이트, 다이소듐라우레스설포석시네이트, 라우릴베타인, 라우릭애씨드, 다이소듐코코암포다이아세테이트, 아크릴레이트코폴리머, 다이프로필렌글라이콜, 소듐클로라이드, 포타슘하이드록사이드, 1,2-헥산다이올, 폴리글리세릴-6카프릴레이트, 폴리글리세릴-4카프레이트, 에틸헥실글리세린, 소듐메타포스페이트, 글루코노락톤, 락틱애씨드, 리모넨, 향료, 리날룰, 시트릭애씨드, 살리실릭애씨드, 글라이콜릭애씨드, 구아이아줄렌, 토코페롤",비레디,비레디_4.4
4.4,https://www.amoremall.com/kr/ko/product/detail?onlineProdSn=62272,20000.0,200ml,200.0,ml,"정제수, 글리세린, 카프릴릴/카프릴글루코사이드, 소듐코코일알라니네이트, 다이소듐라우레스설포석시네이트, 라우릴베타인, 라우릭애씨드, 다이소듐코코암포다이아세테이트, 아크릴레이트코폴리머, 다이프로필렌글라이콜, 소듐클로라이드, 포타슘하이드록사이드, 1,2-헥산다이올, 폴리글리세릴-6카프릴레이트, 폴리글리세릴-4카프레이트, 에틸헥실글리세린, 소듐메타포스페이트, 글루코노락톤, 락틱애씨드, 리모넨, 향료, 리날룰, 시트릭애씨드, 살리실릭애씨드, 글라이콜릭애씨드, 구아이아줄렌, 토코페롤",라네즈,라네즈_4.4
시카페인 트러블리셋 클렌징폼 150g,https://www.amoremall.com/kr/ko/product/detail?onlineProdSn=60520,19500.0,150 g,150.0,g,"정제수, 글리세린, 포타슘코코일글리시네이트, 소듐코코일글라이시네이트, 글리세릴스테아레이트, 시트릭애씨드, 글라이콜다이스테아레이트, 라우릴하이드록시설테인, 하이드레이티드실리카, 코코-글루코사이드, 트로메타민, 살리실릭애씨드, 데실글루코사이드, 소듐클로라이드, 폴리쿼터늄-10, 포도씨가루, 리모넨, 향료, 소듐메타포스페이트, 글리세릴카프릴레이트, 클로렐라 미누티시마추출물, 징크옥사이드, 에틸헥실글리세린, 리날룰, 테트라소듐이디티에이, 제라니올, 시트로넬올, 피토스테롤, 나이아신아마이드, 클로로필린-카퍼컴플렉스, 부틸렌글라이콜, 흑색산화철, 카페인(10 ppm), 1,2-헥산다이올, 토코페롤, 알지닌, 사이클로덱스트린, 하이드록시프로필사이클로덱스트린, 말토덱스트린",비레디,비레디_시카페인 트러블리셋 클렌징폼 150g
시카페인 트러블리셋 클렌징폼 150g,https://www.amoremall.com/kr/ko/product/detail?onlineProdSn=60520,19500.0,150 g,150.0,g,"정제수, 글리세린, 포타슘코코일글리시네이트, 소듐코코일글라이시네이트, 글리세릴스테아레이트, 시트릭애씨드, 글라이콜다이스테아레이트, 라우릴하이드록시설테인, 하이드레이티드실리카, 코코-글루코사이드, 트로메타민, 살리실릭애씨드, 데실글루코사이드, 소듐클로라이드, 폴리쿼터늄-10, 포도씨가루, 리모넨, 향료, 소듐메타포스페이트, 글리세릴카프릴레이트, 클로렐라 미누티시마추출물, 징크옥사이드, 에틸헥실글리세린, 리날룰, 테트라소듐이디티에이, 제라니올, 시트로넬올, 피토스테롤, 나이아신아마이드, 클로로필린-카퍼컴플렉스, 부틸렌글라이콜, 흑색산화철, 카페인(10 ppm), 1,2-헥산다이올, 토코페롤, 알지닌, 사이클로덱스트린, 하이드록시프로필사이클로덱스트린, 말토덱스트린",라네즈,라네즈_시카페인 트러블리셋 클렌징폼 150g
무드업 음영 아이팔레트 7g,https://www.amoremall.com/kr/ko/product/detail?onlineProdSn=57745,20000.0,7g,7.0,g,"[1호] 마이카, 탤크, 티타늄디옥사이드 (CI 77891), 메틸메타크릴레이트크로스폴리머, 실리카, 황색산화철, 흑색산화철, 징크스테아레이트, 다이아이소스테아릴말레이트, 합성플루오르플로고파이트, 적색산화철, 페닐트라이메티콘, 에틸헥실팔미테이트, 하이드로제네이티드폴리(C6-14올레핀), 카프릴릭/카프릭트라이글리세라이드, 다이메티콘, 알루미늄미리스테이트, 메티콘, 토코페릴아세테이트, 1,2-헥산다이올, 틴옥사이드 / [2호] 마이카, 탤크, 티타늄디옥사이드 (CI 77891), 메틸메타크릴레이트크로스폴리머, 실리카, 황색산화철, 징크스테아레이트, 다이아이소스테아릴말레이트, 흑색산화철, 페닐트라이메티콘, 적색산화철, 에틸헥실팔미테이트, 하이드로제네이티드폴리(C6-14올레핀), 카프릴릭/카프릭트라이글리세라이드, 다이메티콘, 알루미늄미리스테이트, 적색202호, 메티콘, 토코페릴아세테이트, 1,2-헥산다이올 / [3호] 마이카, 탤크, 티타늄디옥사이드 (CI 77891), 메틸메타크릴레이트크로스폴리머, 실리카, 황색산화철, 적색산화철, 징크스테아레이트, 다이아이소스테아릴말레이트, 흑색산화철, 페닐트라이메티콘, 에틸헥실팔미테이트, 하이드로제네이티드폴리(C6-14올레핀), 적색202호, 다이메티콘, 카프릴릭/카프릭트라이글리세라이드, 알루미늄미리스테이트, 메티콘, 토코페릴아세테이트, 1,2-헥산다이올 / [4호] 마이카, 탤크, 흑색산화철, 메틸메타크릴레이트크로스폴리머, 실리카, 황색산화철, 적색산화철, 징크스테아레이트, 다이아이소스테아릴말레이트, 페닐트라이메티콘, 에틸헥실팔미테이트, 하이드로제네이티드폴리(C6-14올레핀), 다이메티콘, 카프릴릭/카프릭트라이글리세라이드, 적색202호, 알루미늄미리스테이트, 메티콘, 토코페릴아세테이트, 1,2-헥산다이올",비레디,비레디_무드업 음영 아이팔레트 7g
무드업 음영 아이팔레트 7g,https://www.amoremall.com/kr/ko/product/detail?onlineProdSn=57745,20000.0,7g,7.0,g,"[1호] 마이카, 탤크, 티타늄디옥사이드 (CI 77891), 메틸메타크릴레이트크로스폴리머, 실리카, 황색산화철, 흑색산화철, 징크스테아레이트, 다이아이소스테아릴말레이트, 합성플루오르플로고파이트, 적색산화철, 페닐트라이메티콘, 에틸헥실팔미테이트, 하이드로제네이티드폴리(C6-14올레핀), 카프릴릭/카프릭트라이글리세라이드, 다이메티콘, 알루미늄미리스테이트, 메티콘, 토코페릴아세테이트, 1,2-헥산다이올, 틴옥사이드 / [2호] 마이카, 탤크, 티타늄디옥사이드 (CI 77891), 메틸메타크릴레이트크로스폴리머, 실리카, 황색산화철, 징크스테아레이트, 다이아이소스테아릴말레이트, 흑색산화철, 페닐트라이메티콘, 적색산화철, 에틸헥실팔미테이트, 하이드로제네이티드폴리(C6-14올레핀), 카프릴릭/카프릭트라이글리세라이드, 다이메티콘, 알루미늄미리스테이트, 적색202호, 메티콘, 토코페릴아세테이트, 1,2-헥산다이올 / [3호] 마이카, 탤크, 티타늄디옥사이드 (CI 77891), 메틸메타크릴레이트크로스폴리머, 실리카, 황색산화철, 적색산화철, 징크스테아레이트, 다이아이소스테아릴말레이트, 흑색산화철, 페닐트라이메티콘, 에틸헥실팔미테이트, 하이드로제네이티드폴리(C6-14올레핀), 적색202호, 다이메티콘, 카프릴릭/카프릭트라이글리세라이드, 알루미늄미리스테이트, 메티콘, 토코페릴아세테이트, 1,2-헥산다이올 / [4호] 마이카, 탤크, 흑색산화철, 메틸메타크릴레이트크로스폴리머, 실리카, 황색산화철, 적색산화철, 징크스테아레이트, 다이아이소스테아릴말레이트, 페닐트라이메티콘, 에틸헥실팔미테이트, 하이드로제네이티드폴리(C6-14올레핀), 다이메티콘, 카프릴릭/카프릭트라이글리세라이드, 적색202호, 알루미늄미리스테이트, 메티콘, 토코페릴아세테이트, 1,2-헥산다이올",라네즈,라네즈_무드업 음영 아이팔레트 7g
생기 립밤 3g,https://www.amoremall.com/kr/ko/product/detail?onlineProdSn=67696,25790.0,3 g *2,3.0,g,"[공통-보습] 스쿠알란, 하이드로제네이티드캐스터오일다이머다이리놀레에이트, 다이아이소스테아릴말레이트, 카프릴릭/카프릭트라이글리세라이드, 폴리글리세릴-2트라이아이소스테아레이트, 합성왁스, 아크릴레이트/스테아릴아크릴레이트/다이메티콘메타크릴레이트코폴리머, 비스-다이글리세릴폴리아실아디페이트-2, 펜타에리스리틸테트라아이소스테아레이트, 하이드로제네이티드폴리아이소부텐, 에이치디아이/트라이메틸올헥실락톤크로스폴리머, 마이크로크리스탈린왁스, 합성플루오르플로고파이트, 시어버터, 페녹시에탄올, 토코페롤, 아르간커넬오일, 에틸렌/프로필렌코폴리머, 피마자씨오일, 호호바씨오일, 에틸헥실팔미테이트, 페퍼민트오일, 실리카, 리모넨, 트라이하이드록시스테아린, 소듐하이알루로네이트 [코어: 01 Lively] 스쿠알란, 하이드로제네이티드캐스터오일다이머다이리놀레에이트, 다이아이소스테아릴말레이트, 합성왁스, 폴리글리세릴-2트라이아이소스테아레이트, 아크릴레이트/스테아릴아크릴레이트/다이메티콘메타크릴레이트코폴리머, 비스-다이글리세릴폴리아실아디페이트-2, 펜타에리스리틸테트라아이소스테아레이트, 카프릴릭/카프릭트라이글리세라이드, 카프릴릭/카프릭트라이글리세라이드, 하이드로제네이티드폴리아이소부텐, 에이치디아이/트라이메틸올헥실락톤크로스폴리머, 마이크로크리스탈린왁스, 합성플루오르플로고파이트, 시어버터, 스테아랄코늄헥토라이트, 적색산화철, 적색202호, 페녹시에탄올, 토코페롤, 아르간커넬오일, 에틸렌/프로필렌코폴리머, 피마자씨오일, 프로필렌카보네이트, 호호바씨오일, 에틸헥실팔미테이트, 페퍼민트오일, 적색201호, 실리카, 리모넨, 트라이하이드록시스테아린, 소듐하이알루로네이트",비레디,비레디_생기 립밤 3g
생기 립밤 3g,https://www.amoremall.com/kr/ko/product/detail?onlineProdSn=67696,25790.0,3 g *2,3.0,g,"[공통-보습] 스쿠알란, 하이드로제네이티드캐스터오일다이머다이리놀레에이트, 다이아이소스테아릴말레이트, 카프릴릭/카프릭트라이글리세라이드, 폴리글리세릴-2트라이아이소스테아레이트, 합성왁스, 아크릴레이트/스테아릴아크릴레이트/다이메티콘메타크릴레이트코폴리머, 비스-다이글리세릴폴리아실아디페이트-2, 펜타에리스리틸테트라아이소스테아레이트, 하이드로제네이티드폴리아이소부텐, 에이치디아이/트라이메틸올헥실락톤크로스폴리머, 마이크로크리스탈린왁스, 합성플루오르플로고파이트, 시어버터, 페녹시에탄올, 토코페롤, 아르간커넬오일, 에틸렌/프로필렌코폴리머, 피마자씨오일, 호호바씨오일, 에틸헥실팔미테이트, 페퍼민트오일, 실리카, 리모넨, 트라이하이드록시스테아린, 소듐하이알루로네이트 [코어: 01 Lively] 스쿠알란, 하이드로제네이티드캐스터오일다이머다이리놀레에이트, 다이아이소스테아릴말레이트, 합성왁스, 폴리글리세릴-2트라이아이소스테아레이트, 아크릴레이트/스테아릴아크릴레이트/다이메티콘메타크릴레이트코폴리머, 비스-다이글리세릴폴리아실아디페이트-2, 펜타에리스리틸테트라아이소스테아레이트, 카프릴릭/카프릭트라이글리세라이드, 카프릴릭/카프릭트라이글리세라이드, 하이드로제네이티드폴리아이소부텐, 에이치디아이/트라이메틸올헥실락톤크로스폴리머, 마이크로크리스탈린왁스, 합성플루오르플로고파이트, 시어버터, 스테아랄코늄헥토라이트, 적색산화철, 적색202호, 페녹시에탄올, 토코페롤, 아르간커넬오일, 에틸렌/프로필렌코폴리머, 피마자씨오일, 프로필렌카보네이트, 호호바씨오일, 에틸헥실팔미테이트, 페퍼민트오일, 적색201호, 실리카, 리모넨, 트라이하이드록시스테아린, 소듐하이알루로네이트",라네즈,라네즈_생기 립밤 3g
생기 립밤 3g,https://www.amoremall.com/kr/ko/product/detail?onlineProdSn=67695,25790.0,3 g *2,3.0,g,"[보습] 스쿠알란, 하이드로제네이티드캐스터오일다이머다이리놀레에이트, 다이아이소스테아릴말레이트, 카프릴릭/카프릭트라이글리세라이드, 폴리글리세릴-2트라이아이소스테아레이트, 합성왁스, 아크릴레이트/스테아릴아크릴레이트/다이메티콘메타크릴레이트코폴리머, 비스-다이글리세릴폴리아실아디페이트-2, 펜타에리스리틸테트라아이소스테아레이트, 하이드로제네이티드폴리아이소부텐, 에이치디아이/트라이메틸올헥실락톤크로스폴리머, 마이크로크리스탈린왁스, 합성플루오르플로고파이트, 시어버터, 페녹시에탄올, 토코페롤, 아르간커넬오일, 에틸렌/프로필렌코폴리머, 피마자씨오일, 호호바씨오일, 에틸헥실팔미테이트, 페퍼민트오일, 실리카, 리모넨, 트라이하이드록시스테아린, 소듐하이알루로네이트 [코어 02 Natural] 스쿠알란, 하이드로제네이티드캐스터오일다이머다이리놀레에이트, 다이아이소스테아릴말레이트, 합성왁스, 폴리글리세릴-2트라이아이소스테아레이트, 아크릴레이트/스테아릴아크릴레이트/다이메티콘메타크릴레이트코폴리머, 비스-다이글리세릴폴리아실아디페이트-2, 펜타에리스리틸테트라아이소스테아레이트, 카프릴릭/카프릭트라이글리세라이드, 카프릴릭/카프릭트라이글리세라이드, 하이드로제네이티드폴리아이소부텐, 에이치디아이/트라이메틸올헥실락톤크로스폴리머, 마이크로크리스탈린왁스, 시어버터, 티타늄디옥사이드, 적색산화철, 스테아랄코늄헥토라이트, 황색산화철, 페녹시에탄올, 토코페롤, 아르간커넬오일, 에틸렌/프로필렌코폴리머, 피마자씨오일, 프로필렌카보네이트, 호호바씨오일, 에틸헥실팔미테이트, 페퍼민트오일, 흑색산화철, 합성플루오르플로고파이트, 적색202호, 실리카, 리모넨, 트라이하이드록시스테아린, 소듐하이알루로네이트",비레디,비레디_생기 립밤 3g
생기 립밤 3g,https://www.amoremall.com/kr/ko/product/detail?onlineProdSn=67695,25790.0,3 g *2,3.0,g,"[보습] 스쿠알란, 하이드로제네이티드캐스터오일다이머다이리놀레에이트, 다이아이소스테아릴말레이트, 카프릴릭/카프릭트라이글리세라이드, 폴리글리세릴-2트라이아이소스테아레이트, 합성왁스, 아크릴레이트/스테아릴아크릴레이트/다이메티콘메타크릴레이트코폴리머, 비스-다이글리세릴폴리아실아디페이트-2, 펜타에리스리틸테트라아이소스테아레이트, 하이드로제네이티드폴리아이소부텐, 에이치디아이/트라이메틸올헥실락톤크로스폴리머, 마이크로크리스탈린왁스, 합성플루오르플로고파이트, 시어버터, 페녹시에탄올, 토코페롤, 아르간커넬오일, 에틸렌/프로필렌코폴리머, 피마자씨오일, 호호바씨오일, 에틸헥실팔미테이트, 페퍼민트오일, 실리카, 리모넨, 트라이하이드록시스테아린, 소듐하이알루로네이트 [코어 02 Natural] 스쿠알란, 하이드로제네이티드캐스터오일다이머다이리놀레에이트, 다이아이소스테아릴말레이트, 합성왁스, 폴리글리세릴-2트라이아이소스테아레이트, 아크릴레이트/스테아릴아크릴레이트/다이메티콘메타크릴레이트코폴리머, 비스-다이글리세릴폴리아실아디페이트-2, 펜타에리스리틸테트라아이소스테아레이트, 카프릴릭/카프릭트라이글리세라이드, 카프릴릭/카프릭트라이글리세라이드, 하이드로제네이티드폴리아이소부텐, 에이치디아이/트라이메틸올헥실락톤크로스폴리머, 마이크로크리스탈린왁스, 시어버터, 티타늄디옥사이드, 적색산화철, 스테아랄코늄헥토라이트, 황색산화철, 페녹시에탄올, 토코페롤, 아르간커넬오일, 에틸렌/프로필렌코폴리머, 피마자씨오일, 프로필렌카보네이트, 호호바씨오일, 에틸헥실팔미테이트, 페퍼민트오일, 흑색산화철, 합성플루오르플로고파이트, 적색202호, 실리카, 리모넨, 트라이하이드록시스테아린, 소듐하이알루로네이트",라네즈,라네즈_생기 립밤 3g
생기 립밤 3g,https://www.amoremall.com/kr/ko/product/detail?onlineProdSn=67693,25790.0,01 화사 생기 3 g + 02 내추럴 생기 3g,1.0,g,"[01 화사 생기] [공통-보습] 스쿠알란, 하이드로제네이티드캐스터오일다이머다이리놀레에이트, 다이아이소스테아릴말레이트, 카프릴릭/카프릭트라이글리세라이드, 폴리글리세릴-2트라이아이소스테아레이트, 합성왁스, 아크릴레이트/스테아릴아크릴레이트/다이메티콘메타크릴레이트코폴리머, 비스-다이글리세릴폴리아실아디페이트-2, 펜타에리스리틸테트라아이소스테아레이트, 하이드로제네이티드폴리아이소부텐, 에이치디아이/트라이메틸올헥실락톤크로스폴리머, 마이크로크리스탈린왁스, 합성플루오르플로고파이트, 시어버터, 페녹시에탄올, 토코페롤, 아르간커넬오일, 에틸렌/프로필렌코폴리머, 피마자씨오일, 호호바씨오일, 에틸헥실팔미테이트, 페퍼민트오일, 실리카, 리모넨, 트라이하이드록시스테아린, 소듐하이알루로네이트 [코어: 01 Lively] 스쿠알란, 하이드로제네이티드캐스터오일다이머다이리놀레에이트, 다이아이소스테아릴말레이트, 합성왁스, 폴리글리세릴-2트라이아이소스테아레이트, 아크릴레이트/스테아릴아크릴레이트/다이메티콘메타크릴레이트코폴리머, 비스-다이글리세릴폴리아실아디페이트-2, 펜타에리스리틸테트라아이소스테아레이트, 카프릴릭/카프릭트라이글리세라이드, 카프릴릭/카프릭트라이글리세라이드, 하이드로제네이티드폴리아이소부텐, 에이치디아이/트라이메틸올헥실락톤크로스폴리머, 마이크로크리스탈린왁스, 합성플루오르플로고파이트, 시어버터, 스테아랄코늄헥토라이트, 적색산화철, 적색202호, 페녹시에탄올, 토코페롤, 아르간커넬오일, 에틸렌/프로필렌코폴리머, 피마자씨오일, 프로필렌카보네이트, 호호바씨오일, 에틸헥실팔미테이트, 페퍼민트오일, 적색201호, 실리카, 리모넨, 트라이하이드록시스테아린, 소듐하이알루로네이트 / [02 내추럴 생기] [보습] 스쿠알란, 하이드로제네이티드캐스터오일다이머다이리놀레에이트, 다이아이소스테아릴말레이트, 카프릴릭/카프릭트라이글리세라이드, 폴리글리세릴-2트라이아이소스테아레이트, 합성왁스, 아크릴레이트/스테아릴아크릴레이트/다이메티콘메타크릴레이트코폴리머, 비스-다이글리세릴폴리아실아디페이트-2, 펜타에리스리틸테트라아이소스테아레이트, 하이드로제네이티드폴리아이소부텐, 에이치디아이/트라이메틸올헥실락톤크로스폴리머, 마이크로크리스탈린왁스, 합성플루오르플로고파이트, 시어버터, 페녹시에탄올, 토코페롤, 아르간커넬오일, 에틸렌/프로필렌코폴리머, 피마자씨오일, 호호바씨오일, 에틸헥실팔미테이트, 페퍼민트오일, 실리카, 리모넨, 트라이하이드록시스테아린, 소듐하이알루로네이트 [코어 02 Natural] 스쿠알란, 하이드로제네이티드캐스터오일다이머다이리놀레에이트, 다이아이소스테아릴말레이트, 합성왁스, 폴리글리세릴-2트라이아이소스테아레이트, 아크릴레이트/스테아릴아크릴레이트/다이메티콘메타크릴레이트코폴리머, 비스-다이글리세릴폴리아실아디페이트-2, 펜타에리스리틸테트라아이소스테아레이트, 카프릴릭/카프릭트라이글리세라이드, 카프릴릭/카프릭트라이글리세라이드, 하이드로제네이티드폴리아이소부텐, 에이치디아이/트라이메틸올헥실락톤크로스폴리머, 마이크로크리스탈린왁스, 시어버터, 티타늄디옥사이드, 적색산화철, 스테아랄코늄헥토라이트, 황색산화철, 페녹시에탄올, 토코페롤, 아르간커넬오일, 에틸렌/프로필렌코폴리머, 피마자씨오일, 프로필렌카보네이트, 호호바씨오일, 에틸헥실팔미테이트, 페퍼민트오일, 흑색산화철, 합성플루오르플로고파이트, 적색202호, 실리카, 리모넨, 트라이하이드록시스테아린, 소듐하이알루로네이트",비레디,비레디_생기 립밤 3g
생기 립밤 3g,https://www.amoremall.com/kr/ko/product/detail?onlineProdSn=67693,25790.0,01 화사 생기 3 g + 02 내추럴 생기 3g,1.0,g,"[01 화사 생기] [공통-보습] 스쿠알란, 하이드로제네이티드캐스터오일다이머다이리놀레에이트, 다이아이소스테아릴말레이트, 카프릴릭/카프릭트라이글리세라이드, 폴리글리세릴-2트라이아이소스테아레이트, 합성왁스, 아크릴레이트/스테아릴아크릴레이트/다이메티콘메타크릴레이트코폴리머, 비스-다이글리세릴폴리아실아디페이트-2, 펜타에리스리틸테트라아이소스테아레이트, 하이드로제네이티드폴리아이소부텐, 에이치디아이/트라이메틸올헥실락톤크로스폴리머, 마이크로크리스탈린왁스, 합성플루오르플로고파이트, 시어버터, 페녹시에탄올, 토코페롤, 아르간커넬오일, 에틸렌/프로필렌코폴리머, 피마자씨오일, 호호바씨오일, 에틸헥실팔미테이트, 페퍼민트오일, 실리카, 리모넨, 트라이하이드록시스테아린, 소듐하이알루로네이트 [코어: 01 Lively] 스쿠알란, 하이드로제네이티드캐스터오일다이머다이리놀레에이트, 다이아이소스테아릴말레이트, 합성왁스, 폴리글리세릴-2트라이아이소스테아레이트, 아크릴레이트/스테아릴아크릴레이트/다이메티콘메타크릴레이트코폴리머, 비스-다이글리세릴폴리아실아디페이트-2, 펜타에리스리틸테트라아이소스테아레이트, 카프릴릭/카프릭트라이글리세라이드, 카프릴릭/카프릭트라이글리세라이드, 하이드로제네이티드폴리아이소부텐, 에이치디아이/트라이메틸올헥실락톤크로스폴리머, 마이크로크리스탈린왁스, 합성플루오르플로고파이트, 시어버터, 스테아랄코늄헥토라이트, 적색산화철, 적색202호, 페녹시에탄올, 토코페롤, 아르간커넬오일, 에틸렌/프로필렌코폴리머, 피마자씨오일, 프로필렌카보네이트, 호호바씨오일, 에틸헥실팔미테이트, 페퍼민트오일, 적색201호, 실리카, 리모넨, 트라이하이드록시스테아린, 소듐하이알루로네이트 / [02 내추럴 생기] [보습] 스쿠알란, 하이드로제네이티드캐스터오일다이머다이리놀레에이트, 다이아이소스테아릴말레이트, 카프릴릭/카프릭트라이글리세라이드, 폴리글리세릴-2트라이아이소스테아레이트, 합성왁스, 아크릴레이트/스테아릴아크릴레이트/다이메티콘메타크릴레이트코폴리머, 비스-다이글리세릴폴리아실아디페이트-2, 펜타에리스리틸테트라아이소스테아레이트, 하이드로제네이티드폴리아이소부텐, 에이치디아이/트라이메틸올헥실락톤크로스폴리머, 마이크로크리스탈린왁스, 합성플루오르플로고파이트, 시어버터, 페녹시에탄올, 토코페롤, 아르간커넬오일, 에틸렌/프로필렌코폴리머, 피마자씨오일, 호호바씨오일, 에틸헥실팔미테이트, 페퍼민트오일, 실리카, 리모넨, 트라이하이드록시스테아린, 소듐하이알루로네이트 [코어 02 Natural] 스쿠알란, 하이드로제네이티드캐스터오일다이머다이리놀레에이트, 다이아이소스테아릴말레이트, 합성왁스, 폴리글리세릴-2트라이아이소스테아레이트, 아크릴레이트/스테아릴아크릴레이트/다이메티콘메타크릴레이트코폴리머, 비스-다이글리세릴폴리아실아디페이트-2, 펜타에리스리틸테트라아이소스테아레이트, 카프릴릭/카프릭트라이글리세라이드, 카프릴릭/카프릭트라이글리세라이드, 하이드로제네이티드폴리아이소부텐, 에이치디아이/트라이메틸올헥실락톤크로스폴리머, 마이크로크리스탈린왁스, 시어버터, 티타늄디옥사이드, 적색산화철, 스테아랄코늄헥토라이트, 황색산화철, 페녹시에탄올, 토코페롤, 아르간커넬오일, 에틸렌/프로필렌코폴리머, 피마자씨오일, 프로필렌카보네이트, 호호바씨오일, 에틸헥실팔미테이트, 페퍼민트오일, 흑색산화철, 합성플루오르플로고파이트, 적색202호, 실리카, 리모넨, 트라이하이드록시스테아린, 소듐하이알루로네이트",라네즈,라네즈_생기 립밤 3g
블루 파운데이션 3호,https://www.amoremall.com/kr/ko/product/detail?onlineProdSn=65558,37000.0,본품 35ml + 퍼프,35.0,ml,"정제수, 메틸트라이메티콘, 티타늄디옥사이드 (CI 77891), 에칠헥실메톡시신나메이트, 아이소도데케인, 다이페닐실록시페닐트라이메티콘, 사이클로펜타실록세인, 글리세린, 변성알코올, 황색산화철, 라우릴피이지-8다이메티콘, 부틸렌글라이콜, 글리세레스-26, 나일론-12, 다이페닐다이메티콘/비닐다이페닐다이메티콘/실세스퀴옥세인크로스폴리머, 아크릴레이트/폴리트라이메틸실록시메타크릴레이트코폴리머, 실리카, 다이스테아다이모늄헥토라이트, 카프릴릴메티콘, 아크릴레이트/다이메티콘코폴리머, 적색산화철, 1,2-헥산다이올, 피이지-10다이메티콘, 폴리메틸실세스퀴옥세인, 아크릴레이트/에틸헥실아크릴레이트/다이메티콘메타크릴레이트코폴리머, 카프릴릭/카프릭트라이글리세라이드, 흑색산화철, 다이메티콘, 알루미늄하이드록사이드, 소듐클로라이드, 피토스테릴/옥틸도데실라우로일글루타메이트, 트라이에톡시카프릴릴실레인, 트라이하이드록시스테아린, 카프릴릴글라이콜, 향료, 프로필렌카보네이트, 글리세릴카프릴레이트, 폴리실리콘-11, 다이소듐이디티에이, 쌀겨왁스, 징크옥사이드, 에탄올, 비에이치티, 마트리카리아꽃추출물, 프로판다이올, 말라카이트추출물, 소듐하이알루로네이트, 토코페롤, 키토산, 소듐라우로일글루타메이트, 하이드롤라이즈드하이알루로닉애씨드, 라이신, 소듐하이알루로네이트크로스폴리머, 마그네슘클로라이드, 하이알루로닉애씨드, 에틸헥실글리세린, 소듐아세틸레이티드하이알루로네이트, 리파아제",비레디,비레디_블루 파운데이션 3호
블루 파운데이션 3호,https://www.amoremall.com/kr/ko/product/detail?onlineProdSn=65558,37000.0,본품 35ml + 퍼프,35.0,ml,"정제수, 메틸트라이메티콘, 티타늄디옥사이드 (CI 77891), 에칠헥실메톡시신나메이트, 아이소도데케인, 다이페닐실록시페닐트라이메티콘, 사이클로펜타실록세인, 글리세린, 변성알코올, 황색산화철, 라우릴피이지-8다이메티콘, 부틸렌글라이콜, 글리세레스-26, 나일론-12, 다이페닐다이메티콘/비닐다이페닐다이메티콘/실세스퀴옥세인크로스폴리머, 아크릴레이트/폴리트라이메틸실록시메타크릴레이트코폴리머, 실리카, 다이스테아다이모늄헥토라이트, 카프릴릴메티콘, 아크릴레이트/다이메티콘코폴리머, 적색산화철, 1,2-헥산다이올, 피이지-10다이메티콘, 폴리메틸실세스퀴옥세인, 아크릴레이트/에틸헥실아크릴레이트/다이메티콘메타크릴레이트코폴리머, 카프릴릭/카프릭트라이글리세라이드, 흑색산화철, 다이메티콘, 알루미늄하이드록사이드, 소듐클로라이드, 피토스테릴/옥틸도데실라우로일글루타메이트, 트라이에톡시카프릴릴실레인, 트라이하이드록시스테아린, 카프릴릴글라이콜, 향료, 프로필렌카보네이트, 글리세릴카프릴레이트, 폴리실리콘-11, 다이소듐이디티에이, 쌀겨왁스, 징크옥사이드, 에탄올, 비에이치티, 마트리카리아꽃추출물, 프로판다이올, 말라카이트추출물, 소듐하이알루로네이트, 토코페롤, 키토산, 소듐라우로일글루타메이트, 하이드롤라이즈드하이알루로닉애씨드, 라이신, 소듐하이알루로네이트크로스폴리머, 마그네슘클로라이드, 하이알루로닉애씨드, 에틸헥실글리세린, 소듐아세틸레이티드하이알루로네이트, 리파아제",라네즈,라네즈_블루 파운데이션 3호
블루 파운데이션 2호,https://www.amoremall.com/kr/ko/product/detail?onlineProdSn=65551,37000.0,본품 35ml + 퍼프,35.0,ml,"정제수, 메틸트라이메티콘, 티타늄디옥사이드 (CI 77891), 에칠헥실메톡시신나메이트, 아이소도데케인, 다이페닐실록시페닐트라이메티콘, 사이클로펜타실록세인, 글리세린, 변성알코올, 라우릴피이지-8다이메티콘, 부틸렌글라이콜, 글리세레스-26, 황색산화철, 나일론-12, 다이페닐다이메티콘/비닐다이페닐다이메티콘/실세스퀴옥세인크로스폴리머, 아크릴레이트/폴리트라이메틸실록시메타크릴레이트코폴리머, 다이스테아다이모늄헥토라이트, 실리카, 카프릴릴메티콘, 아크릴레이트/다이메티콘코폴리머, 1,2-헥산다이올, 피이지-10다이메티콘, 폴리메틸실세스퀴옥세인, 아크릴레이트/에틸헥실아크릴레이트/다이메티콘메타크릴레이트코폴리머, 적색산화철, 카프릴릭/카프릭트라이글리세라이드, 다이메티콘, 알루미늄하이드록사이드, 소듐클로라이드, 피토스테릴/옥틸도데실라우로일글루타메이트, 트라이에톡시카프릴릴실레인, 흑색산화철, 카프릴릴글라이콜, 트라이하이드록시스테아린, 향료, 프로필렌카보네이트, 글리세릴카프릴레이트, 폴리실리콘-11, 다이소듐이디티에이, 쌀겨왁스, 징크옥사이드, 에탄올, 비에이치티, 마트리카리아꽃추출물, 프로판다이올, 말라카이트추출물, 소듐하이알루로네이트, 토코페롤, 키토산, 소듐라우로일글루타메이트, 하이드롤라이즈드하이알루로닉애씨드, 라이신, 소듐하이알루로네이트크로스폴리머, 마그네슘클로라이드, 하이알루로닉애씨드, 에틸헥실글리세린, 소듐아세틸레이티드하이알루로네이트, 리파아제",비레디,비레디_블루 파운데이션 2호
블루 파운데이션 2호,https://www.amoremall.com/kr/ko/product/detail?onlineProdSn=65551,37000.0,본품 35ml + 퍼프,35.0,ml,"정제수, 메틸트라이메티콘, 티타늄디옥사이드 (CI 77891), 에칠헥실메톡시신나메이트, 아이소도데케인, 다이페닐실록시페닐트라이메티콘, 사이클로펜타실록세인, 글리세린, 변성알코올, 라우릴피이지-8다이메티콘, 부틸렌글라이콜, 글리세레스-26, 황색산화철, 나일론-12, 다이페닐다이메티콘/비닐다이페닐다이메티콘/실세스퀴옥세인크로스폴리머, 아크릴레이트/폴리트라이메틸실록시메타크릴레이트코폴리머, 다이스테아다이모늄헥토라이트, 실리카, 카프릴릴메티콘, 아크릴레이트/다이메티콘코폴리머, 1,2-헥산다이올, 피이지-10다이메티콘, 폴리메틸실세스퀴옥세인, 아크릴레이트/에틸헥실아크릴레이트/다이메티콘메타크릴레이트코폴리머, 적색산화철, 카프릴릭/카프릭트라이글리세라이드, 다이메티콘, 알루미늄하이드록사이드, 소듐클로라이드, 피토스테릴/옥틸도데실라우로일글루타메이트, 트라이에톡시카프릴릴실레인, 흑색산화철, 카프릴릴글라이콜, 트라이하이드록시스테아린, 향료, 프로필렌카보네이트, 글리세릴카프릴레이트, 폴리실리콘-11, 다이소듐이디티에이, 쌀겨왁스, 징크옥사이드, 에탄올, 비에이치티, 마트리카리아꽃추출물, 프로판다이올, 말라카이트추출물, 소듐하이알루로네이트, 토코페롤, 키토산, 소듐라우로일글루타메이트, 하이드롤라이즈드하이알루로닉애씨드, 라이신, 소듐하이알루로네이트크로스폴리머, 마그네슘클로라이드, 하이알루로닉애씨드, 에틸헥실글리세린, 소듐아세틸레이티드하이알루로네이트, 리파아제",라네즈,라네즈_블루 파운데이션 2호
블루쿠션 3호 제프리,https://www.amoremall.com/kr/ko/product/detail?onlineProdSn=65549,57800.0,본품 15g + 리필 15g,15.0,g,"정제수, 사이클로펜타실록세인, 메틸트라이메티콘, 부틸렌글라이콜, 티타늄디옥사이드 (CI 77891), 에칠헥실메톡시신나메이트, 사이클로헥사실록세인, 실리카, 피이지-10다이메티콘, 트라이메틸실록시실리케이트, 마이카, 변성알코올, 징크옥사이드, 황색산화철, 티타늄디옥사이드, 라우릴피이지-8다이메티콘, 아이소도데케인, 다이스테아다이모늄헥토라이트, 다이메티콘, 보론나이트라이드, 아크릴레이트/폴리트라이메틸실록시메타크릴레이트코폴리머, 1,2-헥산다이올, 소듐클로라이드, 피씨에이다이메티콘, 아크릴레이트/다이메티콘코폴리머, 적색산화철, 알루미늄하이드록사이드, 흑색산화철, 트라이에톡시카프릴릴실레인, 폴리솔베이트80, 카프릴릴글라이콜, 스테아릭애씨드, 하이드로제네이티드레시틴, 라우로일라이신, 향료, 에틸헥실글리세린, 트라이하이드록시스테아린, 다이소듐이디티에이, 에탄올, 비에이치티, 마트리카리아꽃추출물, 프로판다이올, 말라카이트추출물, 소듐하이알루로네이트, 토코페롤, 소듐라우로일글루타메이트, 하이드롤라이즈드하이알루로닉애씨드, 라이신, 소듐하이알루로네이트크로스폴리머, 마그네슘클로라이드, 하이알루로닉애씨드, 소듐아세틸레이티드하이알루로네이트",비레디,비레디_블루쿠션 3호 제프리
블루쿠션 3호 제프리,https://www.amoremall.com/kr/ko/product/detail?onlineProdSn=65549,57800.0,본품 15g + 리필 15g,15.0,g,"정제수, 사이클로펜타실록세인, 메틸트라이메티콘, 부틸렌글라이콜, 티타늄디옥사이드 (CI 77891), 에칠헥실메톡시신나메이트, 사이클로헥사실록세인, 실리카, 피이지-10다이메티콘, 트라이메틸실록시실리케이트, 마이카, 변성알코올, 징크옥사이드, 황색산화철, 티타늄디옥사이드, 라우릴피이지-8다이메티콘, 아이소도데케인, 다이스테아다이모늄헥토라이트, 다이메티콘, 보론나이트라이드, 아크릴레이트/폴리트라이메틸실록시메타크릴레이트코폴리머, 1,2-헥산다이올, 소듐클로라이드, 피씨에이다이메티콘, 아크릴레이트/다이메티콘코폴리머, 적색산화철, 알루미늄하이드록사이드, 흑색산화철, 트라이에톡시카프릴릴실레인, 폴리솔베이트80, 카프릴릴글라이콜, 스테아릭애씨드, 하이드로제네이티드레시틴, 라우로일라이신, 향료, 에틸헥실글리세린, 트라이하이드록시스테아린, 다이소듐이디티에이, 에탄올, 비에이치티, 마트리카리아꽃추출물, 프로판다이올, 말라카이트추출물, 소듐하이알루로네이트, 토코페롤, 소듐라우로일글루타메이트, 하이드롤라이즈드하이알루로닉애씨드, 라이신, 소듐하이알루로네이트크로스폴리머, 마그네슘클로라이드, 하이알루로닉애씨드, 소듐아세틸레이티드하이알루로네이트",라네즈,라네즈_블루쿠션 3호 제프리
블루쿠션 2호 라이언,https://www.amoremall.com/kr/ko/product/detail?onlineProdSn=65547,57800.0,본품 15g+리필 15g,15.0,g,"정제수, 사이클로펜타실록세인, 메틸트라이메티콘, 부틸렌글라이콜, 티타늄디옥사이드 (CI 77891), 에칠헥실메톡시신나메이트, 실리카, 사이클로헥사실록세인, 피이지-10다이메티콘, 트라이메틸실록시실리케이트, 마이카, 변성알코올, 징크옥사이드, 티타늄디옥사이드, 라우릴피이지-8다이메티콘, 아이소도데케인, 다이스테아다이모늄헥토라이트, 다이메티콘, 황색산화철, 보론나이트라이드, 아크릴레이트/폴리트라이메틸실록시메타크릴레이트코폴리머, 1,2-헥산다이올, 소듐클로라이드, 피씨에이다이메티콘, 아크릴레이트/다이메티콘코폴리머, 알루미늄하이드록사이드, 적색산화철, 폴리솔베이트80, 트라이에톡시카프릴릴실레인, 카프릴릴글라이콜, 트라이하이드록시스테아린, 스테아릭애씨드, 흑색산화철, 하이드로제네이티드레시틴, 라우로일라이신, 향료, 에틸헥실글리세린, 다이소듐이디티에이, 에탄올, 비에이치티, 마트리카리아꽃추출물, 프로판다이올, 말라카이트추출물, 소듐하이알루로네이트, 토코페롤, 소듐라우로일글루타메이트, 하이드롤라이즈드하이알루로닉애씨드, 라이신, 소듐하이알루로네이트크로스폴리머, 마그네슘클로라이드, 하이알루로닉애씨드, 소듐아세틸레이티드하이알루로네이트",비레디,비레디_블루쿠션 2호 라이언
블루쿠션 2호 라이언,https://www.amoremall.com/kr/ko/product/detail?onlineProdSn=65547,57800.0,본품 15g+리필 15g,15.0,g,"정제수, 사이클로펜타실록세인, 메틸트라이메티콘, 부틸렌글라이콜, 티타늄디옥사이드 (CI 77891), 에칠헥실메톡시신나메이트, 실리카, 사이클로헥사실록세인, 피이지-10다이메티콘, 트라이메틸실록시실리케이트, 마이카, 변성알코올, 징크옥사이드, 티타늄디옥사이드, 라우릴피이지-8다이메티콘, 아이소도데케인, 다이스테아다이모늄헥토라이트, 다이메티콘, 황색산화철, 보론나이트라이드, 아크릴레이트/폴리트라이메틸실록시메타크릴레이트코폴리머, 1,2-헥산다이올, 소듐클로라이드, 피씨에이다이메티콘, 아크릴레이트/다이메티콘코폴리머, 알루미늄하이드록사이드, 적색산화철, 폴리솔베이트80, 트라이에톡시카프릴릴실레인, 카프릴릴글라이콜, 트라이하이드록시스테아린, 스테아릭애씨드, 흑색산화철, 하이드로제네이티드레시틴, 라우로일라이신, 향료, 에틸헥실글리세린, 다이소듐이디티에이, 에탄올, 비에이치티, 마트리카리아꽃추출물, 프로판다이올, 말라카이트추출물, 소듐하이알루로네이트, 토코페롤, 소듐라우로일글루타메이트, 하이드롤라이즈드하이알루로닉애씨드, 라이신, 소듐하이알루로네이트크로스폴리머, 마그네슘클로라이드, 하이알루로닉애씨드, 소듐아세틸레이티드하이알루로네이트",라네즈,라네즈_블루쿠션 2호 라이언
시카페인 트러블리셋 2종,https://www.amoremall.com/kr/ko/product/detail?onlineProdSn=62394,71286.0,[세럼] 40ml / [크림] 70ml,40.0,ml,"[세럼] 편백수, 정제수, 부틸렌글라이콜, 글리세린, 다이프로필렌글라이콜, 베타인, 변성알코올, 나이아신아마이드, 스쿠알란, 카페인, 다이에톡시에틸석시네이트, 1,2-헥산다이올, 수크로오스스테아레이트, 소듐폴리아크릴로일다이메틸타우레이트, 글리세릴폴리메타크릴레이트, 폴리글리세릴-10스테아레이트, 폴리메틸메타크릴레이트, 메틸트라이메티콘, 하이드로제네이티드레시틴, 하이드로제네이티드포스파티딜콜린, 에틸헥실글리세린, 폴리글리세릴-10라우레이트, 티몰트라이메톡시신나메이트, 카보머, 트로메타민, 잔탄검, 글루코노락톤, 소듐시트레이트, 다이소듐이디티에이, 말라카이트추출물, 잇꽃꽃추출물, 덱스트린, 시트릭애씨드, 피토스테롤, 알지닌, 사이클로덱스트린, 하이드록시프로필사이클로덱스트린, 말토덱스트린, 토코페롤 / [크림] 편백수, 부틸렌글라이콜, 글리세린, 다이카프릴릴에터, 1,2-헥산다이올, 스쿠알란, 페닐트라이메티콘, 메틸트라이메티콘, 아이소노닐아이소노나노에이트, 베타인, C14-22알코올, 정제수, 세테아릴알코올, 세테아릴올리베이트, 스테아릴다이메티콘, 글리세릴스테아레이트, 솔비탄올리베이트, 피씨에이다이메티콘, 팔미틱애씨드, 스테아릭애씨드, 하이드록시에틸아크릴레이트/소듐아크릴로일다이메틸타우레이트코폴리머, C12-20알킬글루코사이드, 소듐스테아로일글루타메이트, 에틸헥실글리세린, 아크릴레이트/C10-30알킬아크릴레이트크로스폴리머, 베헤닐알코올, 트로메타민, 잔탄검, 피토스테롤, 솔비탄아이소스테아레이트, 말라카이트추출물, 다이소듐이디티에이, 잇꽃꽃추출물, 덱스트린, 나이아신아마이드, 카페인, 세라마이드엔피, 토코페롤, 알지닌, 사이클로덱스트린, 하이드록시프로필사이클로덱스트린, 말토덱스트린, 시트릭애씨드",비레디,비레디_시카페인 트러블리셋 2종
시카페인 트러블리셋 2종,https://www.amoremall.com/kr/ko/product/detail?onlineProdSn=62394,71286.0,[세럼] 40ml / [크림] 70ml,40.0,ml,"[세럼] 편백수, 정제수, 부틸렌글라이콜, 글리세린, 다이프로필렌글라이콜, 베타인, 변성알코올, 나이아신아마이드, 스쿠알란, 카페인, 다이에톡시에틸석시네이트, 1,2-헥산다이올, 수크로오스스테아레이트, 소듐폴리아크릴로일다이메틸타우레이트, 글리세릴폴리메타크릴레이트, 폴리글리세릴-10스테아레이트, 폴리메틸메타크릴레이트, 메틸트라이메티콘, 하이드로제네이티드레시틴, 하이드로제네이티드포스파티딜콜린, 에틸헥실글리세린, 폴리글리세릴-10라우레이트, 티몰트라이메톡시신나메이트, 카보머, 트로메타민, 잔탄검, 글루코노락톤, 소듐시트레이트, 다이소듐이디티에이, 말라카이트추출물, 잇꽃꽃추출물, 덱스트린, 시트릭애씨드, 피토스테롤, 알지닌, 사이클로덱스트린, 하이드록시프로필사이클로덱스트린, 말토덱스트린, 토코페롤 / [크림] 편백수, 부틸렌글라이콜, 글리세린, 다이카프릴릴에터, 1,2-헥산다이올, 스쿠알란, 페닐트라이메티콘, 메틸트라이메티콘, 아이소노닐아이소노나노에이트, 베타인, C14-22알코올, 정제수, 세테아릴알코올, 세테아릴올리베이트, 스테아릴다이메티콘, 글리세릴스테아레이트, 솔비탄올리베이트, 피씨에이다이메티콘, 팔미틱애씨드, 스테아릭애씨드, 하이드록시에틸아크릴레이트/소듐아크릴로일다이메틸타우레이트코폴리머, C12-20알킬글루코사이드, 소듐스테아로일글루타메이트, 에틸헥실글리세린, 아크릴레이트/C10-30알킬아크릴레이트크로스폴리머, 베헤닐알코올, 트로메타민, 잔탄검, 피토스테롤, 솔비탄아이소스테아레이트, 말라카이트추출물, 다이소듐이디티에이, 잇꽃꽃추출물, 덱스트린, 나이아신아마이드, 카페인, 세라마이드엔피, 토코페롤, 알지닌, 사이클로덱스트린, 하이드록시프로필사이클로덱스트린, 말토덱스트린, 시트릭애씨드",라네즈,라네즈_시카페인 트러블리셋 2종
블루 수분 선크림 SPF50+/PA++++,https://www.amoremall.com/kr/ko/product/detail?onlineProdSn=62302,50000.0,50ml *2개,50.0,ml,"정제수, 부틸렌글라이콜, 호모살레이트, 에칠헥실살리실레이트, 변성알코올, 비스-에칠헥실옥시페놀메톡시페닐트리아진, 디에칠아미노하이드록시벤조일헥실벤조에이트, 실리카, 세틸에틸헥사노에이트, 에칠헥실트리아존, 테레프탈릴리덴디캠퍼설포닉애씨드, 트로메타민, 메틸트라이메티콘, 다이아이소프로필세바케이트, 세테아릴알코올, 하이드록시에틸아크릴레이트/소듐아크릴로일다이메틸타우레이트코폴리머, 포타슘세틸포스페이트, 1,2-헥산다이올, 하이드록시프로필스타치포스페이트, 아크릴레이트/C10-30알킬아크릴레이트크로스폴리머, 글리세릴스테아레이트, 하이드로제네이티드레시틴, 향료, 에틸헥실글리세린, 스테아릭애씨드, 폴리글리세릴-3메틸글루코오스다이스테아레이트, 팔미틱애씨드, 다이소듐이디티에이, 솔비탄아이소스테아레이트, 티타늄디옥사이드 (CI 77891), 마이카, 징크옥사이드, 에탄올, 인디고잎추출물, 마트리카리아꽃추출물, 미리스틱애씨드, 프로판다이올, 라우릭애씨드, 말라카이트추출물, 소듐하이알루로네이트, 틴옥사이드, 토코페롤, 소듐라우로일글루타메이트, 하이드롤라이즈드하이알루로닉애씨드, 라이신, 소듐하이알루로네이트크로스폴리머, 마그네슘클로라이드, 하이알루로닉애씨드, 소듐아세틸레이티드하이알루로네이트",비레디,비레디_블루 수분 선크림 SPF50+/PA++++
블루 수분 선크림 SPF50+/PA++++,https://www.amoremall.com/kr/ko/product/detail?onlineProdSn=62302,50000.0,50ml *2개,50.0,ml,"정제수, 부틸렌글라이콜, 호모살레이트, 에칠헥실살리실레이트, 변성알코올, 비스-에칠헥실옥시페놀메톡시페닐트리아진, 디에칠아미노하이드록시벤조일헥실벤조에이트, 실리카, 세틸에틸헥사노에이트, 에칠헥실트리아존, 테레프탈릴리덴디캠퍼설포닉애씨드, 트로메타민, 메틸트라이메티콘, 다이아이소프로필세바케이트, 세테아릴알코올, 하이드록시에틸아크릴레이트/소듐아크릴로일다이메틸타우레이트코폴리머, 포타슘세틸포스페이트, 1,2-헥산다이올, 하이드록시프로필스타치포스페이트, 아크릴레이트/C10-30알킬아크릴레이트크로스폴리머, 글리세릴스테아레이트, 하이드로제네이티드레시틴, 향료, 에틸헥실글리세린, 스테아릭애씨드, 폴리글리세릴-3메틸글루코오스다이스테아레이트, 팔미틱애씨드, 다이소듐이디티에이, 솔비탄아이소스테아레이트, 티타늄디옥사이드 (CI 77891), 마이카, 징크옥사이드, 에탄올, 인디고잎추출물, 마트리카리아꽃추출물, 미리스틱애씨드, 프로판다이올, 라우릭애씨드, 말라카이트추출물, 소듐하이알루로네이트, 틴옥사이드, 토코페롤, 소듐라우로일글루타메이트, 하이드롤라이즈드하이알루로닉애씨드, 라이신, 소듐하이알루로네이트크로스폴리머, 마그네슘클로라이드, 하이알루로닉애씨드, 소듐아세틸레이티드하이알루로네이트",라네즈,라네즈_블루 수분 선크림 SPF50+/PA++++
슈퍼바이탈 기초 2종 세트,https://www.amoremall.com/kr/ko/product/detail?onlineProdSn=21456,139000.0,[소프너] 150ml [에멀젼] 150ml,150.0,ml,"[소프너] 정제수, 부틸렌글라이콜, 글리세레스-26, 글리세린, 변성알코올,나이아신아마이드, 1,2-헥산다이올, 다이메티콘, 암모늄아크릴로일다이메틸타우레이트/브이피코폴리머, 피이지-60하이드로제네이티드캐스터오일, 에탄올, 글리세릴카프릴레이트, 프로판다이올,하이드로제네이티드레시틴, 에틸헥실글리세린, 만니톨, 아데노신,향료, 다이소듐이디티에이, 바이오사카라이드검-1, 펜틸렌글라이콜, 녹차뿌리추출물, 덱스트린, 카카오추출물, 소듐메틸스테아로일타우레이트, 코질메틸렌다이옥시신나메이트, 아세틸테트라펩타이드-11, 토코페롤 [에멀젼] 정제수, 프로판다이올, 하이드로제네이티드폴리아이소부텐, 글리세린, 펜타에리스리틸테트라에틸헥사노에이트, 다이메티콘, 변성알코올, 다이아이소스테아릴말레이트, 나이아신아마이드, 폴리글리세린-3, 피이지-60글리세릴아이소스테아레이트, 피씨에이다이메티콘, 1,2-헥산다이올, C14-22알코올, 스테아릭애씨드, 글리세릴스테아레이트, 시어버터, 글리세릴스테아레이트시트레이트,하이드록시에틸아크릴레이트/소듐아크릴로일다이메틸타우레이트코폴리머, 폴리실리콘-11, 팔미틱애씨드, 아라키딜알코올, C12-20알킬글루코사이드, 카보머, 글리세릴카프릴레이트, 베헤닐알코올,트로메타민, 아라키딜글루코사이드, 소듐메타포스페이트, 에틸헥실글리세린, 만니톨, 향료, 아데노신, 솔비탄아이소스테아레이트, 폴리솔베이트60, 덱스트린, 카카오추출물, 녹차뿌리추출물, 글루코오스, 코질메틸렌다이옥시신나메이트, 토코페롤, 아세틸테트라펩타이드-11",아이오페,아이오페_슈퍼바이탈 기초 2종 세트
비타민C 엑스퍼트25% 토닝앰플 23ml,https://www.amoremall.com/kr/ko/product/detail?onlineProdSn=57204,55000.0,23ml,23.0,ml,"정제수, 아스코빅애씨드, 프로필렌글라이콜, 프로판다이올, 베타인, 변성알코올, 3-O-에틸아스코빅애씨드, 아이소펜틸다이올, 판테놀, 다이메틸아이소소바이드, 부틸렌글라이콜, 피피지-13-데실테트라데세스-24, 글루코노락톤, 포타슘하이드록사이드, 펜틸렌글라이콜, 글루타티온, 아세틸글루코사민, 소듐메타포스페이트, 향료, 치자추출물, 아스코빌글루코사이드, 아스코빌테트라이소팔미테이트, 잔탄검, 페룰릭애씨드, 리모넨, 덱스트린, 서양톱풀추출물",아이오페,아이오페_비타민C 엑스퍼트25% 토닝앰플 23ml
바이오 컨디셔닝 에센스 하이드로 인핸싱 마스크 5매,https://www.amoremall.com/kr/ko/product/detail?onlineProdSn=46025,15000.0,5매,5.0,매,"효모발효여과물, 프로판다이올, 정제수, 1,2-헥산다이올, 베타인, 나이아신아마이드, 부틸렌글라이콜, 글리세린, 폴리글리세린-3, 아크릴레이트/C10-30알킬아크릴레이트크로스폴리머, 트로메타민, 에틸헥실글리세린, 아데노신, 덱스트린, 다이소듐이디티에이, 맥주효모추출물, 소듐파이루베이트, 소듐하이알루로네이트, 하이드롤라이즈드하이알루로닉애씨드, 소듐하이알루로네이트크로스폴리머, 하이알루로닉애씨드, 소듐아세틸레이티드하이알루로네이트",아이오페,아이오페_바이오 컨디셔닝 에센스 하이드로 인핸싱 마스크 5매
맨 올데이 퍼펙트 올인원 120ml,https://www.amoremall.com/kr/ko/product/detail?onlineProdSn=19691,38000.0,120ml,120.0,ml,"정제수, 글리세린, 베타인, 변성알코올, 다이프로필렌글라이콜, 사이클로펜타실록세인, 나이아신아마이드, 1,2-헥산다이올, 실리카, 사이클로헥사실록세인, 세테아릴알코올, 다이메티콘올, 아크릴레이트/C10-30알킬아크릴레이트크로스폴리머, 글리세릴스테아레이트, 트로메타민, 향료, 하이드로제네이티드레시틴, 토코페롤, 글리세릴카프릴레이트, 프로판다이올, 스테아릭애씨드, 폴리글리세릴-3메틸글루코오스다이스테아레이트, 팔미틱애씨드, 에틸헥실글리세린, 멘톡시프로판다이올, 아데노신, 펜틸렌글라이콜, 덱스트린, 다이소듐이디티에이, 페퍼민트추출물, 바이오사카라이드검-1, 맥주효모추출물, 미리스틱애씨드, 라우릭애씨드",아이오페,아이오페_맨 올데이 퍼펙트 올인원 120ml
슈퍼바이탈 크림 세트 50ml,https://www.amoremall.com/kr/ko/product/detail?onlineProdSn=22205,130000.0,50ml,50.0,ml,"정제수, 부틸렌글라이콜, 글리세린 , 펜타에리스리틸테트라에틸헥사노에이트, 하이드로제네이티드폴리아이소부텐, 코코넛야자오일, 나이아신아마이드, 폴리글리세릴-3메틸글루코오스다이스테아레이트, 베헤닐알코올, 카프릴릭/ 카프릭/미리스틱/스테아릭트라이글리세라이드,피이지-60글리세릴아이소스테아레이트, 다이메티콘, 글리세릴스테아레이트, 세테아릴알코올, 1, 2-헥산다이올, 폴리아크릴레이트-13, 향료, 폴리아이소부텐, 글리세릴카프릴레이트, 소듐 폴리아크릴레이트, 다이소듐이디티에이, 코질메틸렌다이옥시신나메이트, 에틸헥실글리세린, 만니톨, 폴리솔베이트20, 솔비탄아이소스테아레이트, 잇꽃꽃추출물, 덱스트린, 녹차뿌리추출물, 적색산화철, 토코페롤, 아세틸테트라펩타이드-11",아이오페,아이오페_슈퍼바이탈 크림 세트 50ml
바이오 컨디셔닝 에센스 168ml,https://www.amoremall.com/kr/ko/product/detail?onlineProdSn=46016,60000.0,168ml,168.0,ml,"효모발효여과물, 부틸렌글라이콜, 프로판다이올, 글리세린, 나이아신아마이드, 1,2-헥산다이올, 다이에톡시에틸석시네이트, 소듐파이루베이트, 에틸헥실글리세린, 아데노신, 덱스트린, 다이소듐이디티에이, 맥주효모추출물",아이오페,아이오페_바이오 컨디셔닝 에센스 168ml
XMD 스템3 스페셜 2종 세트,https://www.amoremall.com/kr/ko/product/detail?onlineProdSn=65869,95000.0,[본품] 소프너130ml / 에멀전130ml [증정] 소프너 15ml / 에멀전 15ml / 세럼 5ml,130.0,ml,"[소프너] 정제수, 부틸렌글라이콜, 글리세린, 베타인, 나이아신아마이드, 1,2-헥산다이올, 글리세릴폴리메타크릴레이트, 다이메티콘, 프로판다이올, 에탄올, 알란토인, 아크릴레이트/C10-30알킬아크릴레이트크로스폴리머, 트로메타민, 글리세릴카프릴레이트, 만니톨, 하이드로제네이티드레시틴, 클로렐라 프로토테코이데스추출물, 에틸헥실글리세린, 아데노신, 소듐메타포스페이트, 하이드롤라이즈드디엔에이, 소듐하이알루로네이트, 하이알루로닉애씨드, 소듐메틸스테아로일타우레이트, 덱스트린, 카카오추출물, 양파추출물, 아세틸테트라펩타이드-11, 토코페롤 [에멀전] 정제수, 부틸렌글라이콜, 글리세린, 하이드로제네이티드폴리아이소부텐, 하이드로제네이티드폴리(C6-14올레핀), 다이아이소스테아릴말레이트, 나이아신아마이드, C14-22알코올, 페닐트라이메티콘, 피씨에이다이메티콘, 1,2-헥산다이올, 비스-하이드록시에톡시프로필다이메티콘, 글리세릴스테아레이트시트레이트, 판테놀, 프로판다이올, 하이드로제네이티드식물성오일, C12-20알킬글루코사이드, 글리세릴스테아레이트, 세테아릴알코올, 알란토인, 카보머, 잔탄검, 글리세릴카프릴레이트, 만니톨, 트로메타민, 클로렐라 프로토테코이데스추출물, 에틸헥실글리세린, 소듐메타포스페이트, 아데노신, 덱스트린, 카카오추출물, 하이드롤라이즈드디엔에이, 하이알루로닉애씨드, 베타-글루칸, 레시틴, 양파추출물, 토코페롤, 아세틸테트라펩타이드-11",아이오페,아이오페_XMD 스템3 스페셜 2종 세트
맨 프로 레티놀 올인원 기획세트 120ml,https://www.amoremall.com/kr/ko/product/detail?onlineProdSn=51660,38000.0,[본품] 아이오페 맨 프로 레티놀 올인원 120g [증정] 아이오페 맨 프로 레티놀 올인원 30g,120.0,g,"정제수, 부틸렌글라이콜, 다이카프릴릴카보네이트, 글리세린, 메틸트라이메티콘, 나이아신아마이드, 1,2-헥산다이올, 하이드로제네이티드폴리(C6-14올레핀), 세테아릴알코올, 글리세릴스테아레이트, 스테아릭애씨드, 팔미틱애씨드, 아크릴레이트/C10-30알킬아크릴레이트크로스폴리머, 하이드록시에틸아크릴레이트/소듐아크릴로일다이메틸타우레이트코폴리머, 트로메타민, 돌콩오일, 향료, 해바라기씨오일, 실리카, 글리세릴카프릴레이트, 소듐스테아로일글루타메이트, 하이드로제네이티드레시틴, 하이드록시프로필스타치포스페이트, 다이소듐이디티에이, 에틸헥실글리세린, 아데노신, 폴리글리세릴-3메틸글루코오스다이스테아레이트, 당근추출물, 에칠아스코빌에텔, 덱스트린, 레티놀, 리모넨, 솔비탄아이소스테아레이트, 맥주효모추출물, 리날룰, 토코페롤, 미리스틱애씨드, 비에이치티, 아라키딕애씨드, 베타-카로틴, 펜틸렌글라이콜, 라우릭애씨드, 카보머, 아라비아고무나무검, 프로필렌글라이콜알지네이트",아이오페,아이오페_맨 프로 레티놀 올인원 기획세트 120ml
슈퍼바이탈 아이크림 25ml,https://www.amoremall.com/kr/ko/product/detail?onlineProdSn=15999,85000.0,25ml,25.0,ml,"정제수, 글리세린, 다이메티콘, 부틸렌글라이콜다이카프릴레이트/다이카프레이트, 하이드로제네이티드폴리(C6-14올레핀), 판테놀, 베헤닐알코올, 나이아신아마이드, 하이드로제네이티드식물성오일, 세테아릴알코올, 포타슘세틸포스페이트, 락틱애씨드, 다이팔미토일하이드록시프롤린,폴리C10-30알킬아크릴레이트, 글리세릴스테아레이트, 카나우바왁스, 합성플루오르플로고파이트, 트로메타민, 포타슘하이드록사이드, 소듐폴리아크릴로일다이메틸타우레이트, 폴리아크릴레이트크로스폴리머-6, 티타늄디옥사이드 (CI 77891),살리실릭애씨드, 카보머, 향료, 스쿠알란, 소듐메타포스페이트, 코질메틸렌다이옥시신나메이트, 만니톨, 아데노신, 티몰트라이메톡시신나메이트, 녹차뿌리추출물, 레시틴, 틴옥사이드, 적색산화철, 토코페롤, 아세틸테트라펩타이드-11",아이오페,아이오페_슈퍼바이탈 아이크림 25ml
골든 글로우 페이스 오일 40ml,https://www.amoremall.com/kr/ko/product/detail?onlineProdSn=19777,42000.0,40ml,40.0,ml,"정제수, 글리세린, 프로판디올, 디프로필렌글라이콜, 에탄올, 폴리글리세린-3, 메칠글루세스-20, 디에톡시에칠석시네이트, 아마인추출물, 황금추출물, 원추리꽃추출물, 권백추출물, 호호바씨오일, 판테놀, 매실추출물, 산자나무열매추출물, 스쿠알란, 아데노신, 연꽃추출물, 카카오추출물, 키토산, 글리세릴폴리메타크릴레이트, 덱스트린, 부틸렌글라이콜, 비스-피이지-18메칠에텔디메칠실란, 에칠헥실글리세린, 옥틸도데세스-16, 잔탄검, 피이지-60하이드로제네이티드캐스터오일, 피이지/피피지-17/6코폴리머, 디소듐이디티에이, 향료, 시트랄, 리날룰, 리모넨",아이오페,아이오페_골든 글로우 페이스 오일 40ml
레티놀 세럼 인 겔 마스크,https://www.amoremall.com/kr/ko/product/detail?onlineProdSn=64386,51833.0,7매 (30g*7ea),7.0,매,"정제수, 글리세린, 다이프로필렌글라이콜, 세틸에틸헥사노에이트, 나이아신아마이드, 1,2-헥산다이올, 아이리쉬모스추출물, 캐롭검, 베타인, 시어버터, 셀룰로오스검, 에틸헥실올리베이트, 잔탄검, 폴리아크릴레이트-13, 부틸렌글라이콜, 글리세릴스테아레이트, 솔비탄세스퀴올리에이트, 소듐아크릴레이트코폴리머, 카라기난, 폴리글리세릴-4올리에이트, 에틸헥실글리세린, 덱스트린, 서양배추출물, 글루코만난, 폴리글리세릴-10라우레이트, 아데노신, 하이드로제네이티드폴리아이소부텐, 트레할로오스, 다이메틸아이소소바이드, 하이드록시에틸아크릴레이트/소듐아크릴로일다이메틸타우레이트코폴리머, 다마스크장미꽃수, 돌콩오일, 포타슘클로라이드, 소듐파이테이트, 하이드로제네이티드폴리(C6-14올레핀), 오리스뿌리추출물, 소듐스테아로일글루타메이트, 멜론추출물, 에틸헥실팔미테이트, 서양송악잎/줄기추출물, 코질메틸렌다이옥시신나메이트, 솔비탄아이소스테아레이트, 황련뿌리추출물, 펜틸렌글라이콜, 콜라겐추출물, 하이드록시피나콜론레티노에이트, 레티놀, 시트릭애씨드, 엑토인, 소듐하이알루로네이트, 카보머, 소듐디엔에이, 비에이치티, 토코페롤, 아라비아고무나무검, 프로필렌글라이콜알지네이트(순수 레티놀 23ppm)",아이오페,아이오페_레티놀 세럼 인 겔 마스크
XMD 스템3 클리니컬 리커버리 크림 50ml,https://www.amoremall.com/kr/ko/product/detail?onlineProdSn=65868,80000.0,50ml,50.0,ml,"정제수, 부틸렌글라이콜, 글리세린, 스쿠알란, 카프릴릭/카프릭트라이글리세라이드, 폴리글리세릴-3메틸글루코오스다이스테아레이트, 세테아릴알코올, 나이아신아마이드, 메틸트라이메티콘, 1,2-헥산다이올, 글리세릴스테아레이트시트레이트, 하이드록시에틸아크릴레이트/소듐아크릴로일다이메틸타우레이트코폴리머, 프로판다이올, 글리세릴스테아레이트, 알란토인, 카보머, 하이드록시프로필스타치포스페이트, 글리세릴카프릴레이트, 만니톨, 클로렐라 프로토테코이데스추출물, 트로메타민, 소듐메타포스페이트, 에틸헥실글리세린, 아데노신, 솔비탄아이소스테아레이트, 하이드롤라이즈드디엔에이, 덱스트린, 하이알루로닉애씨드, 카카오추출물, 아시아티코사이드, 마데카식애씨드, 아시아틱애씨드, 양파추출물, 다이프로필렌글라이콜, 아세틸테트라펩타이드-11, 베타인, 다이메티콘, 암모늄아크릴로일다이메틸타우레이트/브이피코폴리머, 토코페롤, 폴리글리세릴-6카프릴레이트, 폴리글리세릴-4카프레이트, 하이드로제네이티드레시틴, 에탄올, 소듐메틸스테아로일타우레이트, 콜레스테롤",아이오페,아이오페_XMD 스템3 클리니컬 리커버리 크림 50ml
맨 바이오 안티에이징 2종 세트,https://www.amoremall.com/kr/ko/product/detail?onlineProdSn=19045,78000.0,145ml/120ml,145.0,ml,"[맨바이오에센스] 효모발효여과물, 프로판다이올, 글리세린, 변성알코올, 부틸렌글라이콜, 나이아신아마이드, 1,2-헥산다이올, 다이에톡시에틸석시네이트, 베타인, 피피지-13-데실테트라데세스-24, 소듐파이루베이트, 에틸헥실글리세린, 아데노신, 덱스트린, 향료, 다이소듐이디티에이, 타우린, 맥주효모추출물, 정제수, 펜틸렌글라이콜, 페퍼민트추출물 / [맨안티에이징에멀젼] 정제수, 부틸렌글라이콜, 세틸에틸헥사노에이트, 글리세린, 펜타에리스리틸테트라에틸헥사노에이트, 변성알코올, 폴리글리세릴-3다이스테아레이트, 1,2-헥산다이올, 글리세릴스테아레이트시트레이트, 세테아릴알코올, 페닐트라이메티콘, 비스-하이드록시에톡시프로필다이메티콘, 글리세릴스테아레이트, 카보머, 트로메타민, 하이드록시에틸아크릴레이트/소듐아크릴로일다이메틸타우레이트코폴리머, 향료, 잔탄검, 카프릴릴글라이콜, 글리세릴카프릴레이트, 효모발효여과물, 프로판다이올, 다이소듐이디티에이, 아데노신, 타우린, 솔비탄아이소스테아레이트, 낫토검, 돌콩추출물, 에틸헥실글리세린, 토코페롤",아이오페,아이오페_맨 바이오 안티에이징 2종 세트
바이오 컨디셔닝 에센스 폼 클렌저 180ml,https://www.amoremall.com/kr/ko/product/detail?onlineProdSn=60765,30000.0,180ml,180.0,ml,"정제수, 포타슘코코일글리시네이트, 카프릴릴/카프릴글루코사이드, 코카미도프로필베타인, 다이소듐코코암포다이아세테이트, 아크릴레이트/베헤네스-25메타크릴레이트코폴리머, 1,2-헥산다이올, 소듐클로라이드, 펜틸렌글라이콜, 소듐메틸코코일타우레이트, 폴리글리세릴-6카프릴레이트, 폴리글리세릴-4카프레이트, 향료, 아이소스테아릭애씨드, 포타슘하이드록사이드, 카프릴릴글라이콜, 나이아신아마이드, 효모발효여과물, 소듐메타포스페이트, 글루코노락톤, 에틸헥실글리세린, 소듐파이루베이트, 소듐벤조에이트, 아데노신, 리모넨, 테트라소듐이디티에이, 덱스트린, 리날룰, 맥주효모추출물, 프로판다이올, 시트릭애씨드, 토코페롤, 다이소듐이디티에이",아이오페,아이오페_바이오 컨디셔닝 에센스 폼 클렌저 180ml
에어쿠션 5.5세대 커버 SPF50/PA+++ 15g,https://www.amoremall.com/kr/ko/product/detail?onlineProdSn=58764,22000.0,15g,15.0,g,"정제수, 사이클로펜타실록세인, 티타늄디옥사이드 (CI 77891), 호모살레이트, 부틸렌글라이콜, 페닐트라이메티콘, 에칠헥실메톡시신나메이트, 티타늄디옥사이드, 부틸렌글라이콜다이카프릴레이트/다이카프레이트, 라우릴피이지-9폴리다이메틸실록시에틸다이메티콘, 트라이메틸실록시실리케이트, 보론나이트라이드, 사이클로헥사실록세인, 피이지-10다이메티콘, 나이아신아마이드, 폴리메틸메타크릴레이트, 다이스테아다이모늄헥토라이트, 1,2-헥산다이올, 락토바실러스발효용해물, 황색산화철, 소듐클로라이드, 알루미나, 아크릴레이트/에틸헥실아크릴레이트/다이메티콘메타크릴레이트코폴리머, 알루미늄하이드록사이드, 카프릴릴글라이콜, 트라이에톡시카프릴릴실레인, 향료, 적색산화철, 시메티콘, 글리세릴카프릴레이트, 에틸헥실글리세린, 다이소듐이디티에이, 흑색산화철, 비에이치티, 글리세린, 프로판다이올, 소듐하이알루로네이트, 합성플루오르플로고파이트, 토코페롤, 아이소도데케인, 아크릴레이트/폴리트라이메틸실록시메타크릴레이트코폴리머, 라우로일라이신, 폴리솔베이트80, 다이소듐스테아로일글루타메이트, 하이드로제네이티드레시틴",아이오페,아이오페_에어쿠션 5.5세대 커버 SPF50/PA+++ 15g
UV 쉴드 선 프로텍터 SPF50+/PA++++ 50ml,https://www.amoremall.com/kr/ko/product/detail?onlineProdSn=46079,38000.0,50ml,50.0,ml,"정제수, 글리세린, 다이에틸헥실석시네이트, 디에칠아미노하이드록시벤조일헥실벤조에이트, 다이부틸아디페이트, 에칠헥실트리아존, 메칠렌비스-벤조트리아졸릴테트라메칠부틸페놀, 비스-에칠헥실옥시페놀메톡시페닐트리아진, 나이아신아마이드, 카프릴릴메티콘, 테레프탈릴리덴디캠퍼설포닉애씨드, 1,2-헥산다이올, 실리카, C20-24알킬다이메티콘, 트로메타민, 베헤닐알코올, 세테아릴알코올, 소듐폴리아크릴로일다이메틸타우레이트, 폴리C10-30알킬아크릴레이트, 데실글루코사이드, 메틸프로판다이올, 소듐스테아로일글루타메이트, 폴리아크릴레이트크로스폴리머-6, 폴리에터-1, 세테아릴글루코사이드, 향료, 글리세릴카프릴레이트, 에틸헥실글리세린, 아데노신, 리모넨, 잔탄검, 리날룰, 아크릴레이트/C10-30알킬아크릴레이트크로스폴리머, 소듐메타포스페이트, 트라넥사믹애씨드, 시트로넬올, 티몰트라이메톡시신나메이트, 돌콩오일, 다이소듐이디티에이, 토코페롤, 하이드로제네이티드포스파티딜콜린, 데카펩타이드-4, 소듐올리에이트",아이오페,아이오페_UV 쉴드 선 프로텍터 SPF50+/PA++++ 50ml
에어쿠션 5.5세대 커버 SPF50/PA+++ 15g,https://www.amoremall.com/kr/ko/product/detail?onlineProdSn=58763,28000.0,15g,15.0,g,"정제수, 사이클로펜타실록세인, 티타늄디옥사이드 (CI 77891), 호모살레이트, 부틸렌글라이콜, 페닐트라이메티콘, 에칠헥실메톡시신나메이트, 티타늄디옥사이드, 부틸렌글라이콜다이카프릴레이트/다이카프레이트, 라우릴피이지-9폴리다이메틸실록시에틸다이메티콘, 트라이메틸실록시실리케이트, 보론나이트라이드, 사이클로헥사실록세인, 피이지-10다이메티콘, 나이아신아마이드, 폴리메틸메타크릴레이트, 다이스테아다이모늄헥토라이트, 1,2-헥산다이올, 락토바실러스발효용해물, 황색산화철, 소듐클로라이드, 알루미나, 아크릴레이트/에틸헥실아크릴레이트/다이메티콘메타크릴레이트코폴리머, 알루미늄하이드록사이드, 카프릴릴글라이콜, 트라이에톡시카프릴릴실레인, 향료, 적색산화철, 시메티콘, 글리세릴카프릴레이트, 에틸헥실글리세린, 다이소듐이디티에이, 흑색산화철, 비에이치티, 글리세린, 프로판다이올, 소듐하이알루로네이트, 합성플루오르플로고파이트, 토코페롤, 아이소도데케인, 아크릴레이트/폴리트라이메틸실록시메타크릴레이트코폴리머, 라우로일라이신, 폴리솔베이트80, 다이소듐스테아로일글루타메이트, 하이드로제네이티드레시틴",아이오페,아이오페_에어쿠션 5.5세대 커버 SPF50/PA+++ 15g
맨 퍼펙트 올인원 클렌저 125g,https://www.amoremall.com/kr/ko/product/detail?onlineProdSn=21020,18000.0,125 g,125.0,g,"정제수, 글리세린, 팔미틱애씨드, 미리스틱애씨드, 라우릭애씨드, 포타슘하이드록사이드, 피이지-32, 실리카, 스테아릭애씨드, 글리세릴스테아레이트, 피이지-100스테아레이트, 마이크로크리스탈린셀룰로오스, 코카미도프로필베타인, 소듐메틸코코일타우레이트, 향료, 소듐클로라이드, 폴리쿼터늄-7, 멘톨, 부틸렌글라이콜, 다이소듐이디티에이, 피이지-14M, 소듐벤조에이트, 코튼추출물, 테트라소듐이디티에이, 락틱애씨드, 비에이치티",아이오페,아이오페_맨 퍼펙트 올인원 클렌저 125g
레티놀 엑스퍼트 0.1% 링클 코렉터 기획세트 30ml,https://www.amoremall.com/kr/ko/product/detail?onlineProdSn=59744,89477.0,30ml,30.0,ml,"정제수, 카프릴릭/카프릭트라이글리세라이드, 부틸렌글라이콜, 글리세린, 토코페롤, 토코페릴아세테이트, 세테아릴알코올, 돌콩오일, 판테놀, 시어버터, 암모늄아크릴로일다이메틸타우레이트/브이피코폴리머, 다이메티콘, 글리세릴폴리메타크릴레이트, 폴리글리세릴-10스테아레이트, 하이드로제네이티드레시틴, 해바라기씨오일, 하이드록시에틸아크릴레이트/소듐아크릴로일다이메틸타우레이트코폴리머, 카보머, 향료, 트로메타민, 글리세릴스테아레이트, 폴리실리콘-11, 소듐설파이트, 레티놀, 당근추출물, 알란토인, 글리세릴카프릴레이트, 쌀겨왁스, 만니톨, 펜틸렌글라이콜, 다이메틸아이소소바이드, 스테아릭애씨드, 폴리글리세릴-3메틸글루코오스다이스테아레이트, 팔미틱애씨드, 다이소듐이디티에이, 코질메틸렌다이옥시신나메이트, 에틸헥실글리세린, 솔비탄아이소스테아레이트, 비에이치티, 하이드록시피나콜론레티노에이트, 베타-카로틴, 미리스틱애씨드, 프로판다이올, 에스에이치-펜타펩타이드-12에스피, 1,2-헥산다이올, 라우릭애씨드, 에스에이치-폴리펩타이드-121, 아라비아고무나무검, 소듐하이알루로네이트, 아세틸테트라펩타이드-11, 하이드롤라이즈드하이알루로닉애씨드, 소듐하이알루로네이트크로스폴리머, 프로필렌글라이콜알지네이트, 아스코빅애씨드, 메도우폼씨오일, 하이알루로닉애씨드, 3-O-에틸아스코빅애씨드, 글루타티온, 소듐아세틸레이티드하이알루로네이트 * 레티놀 함량 4,162 IU/g(0.12%)",아이오페,아이오페_레티놀 엑스퍼트 0.1% 링클 코렉터 기획세트 30ml
XMD 스템3 클리니컬 리커버리 세럼 50ml,https://www.amoremall.com/kr/ko/product/detail?onlineProdSn=65867,95000.0,50ml,50.0,ml,"정제수, 부틸렌글라이콜, 글리세린, 다이프로필렌글라이콜, 나이아신아마이드, 베타인, 카프릴릭/카프릭트라이글리세라이드, 1,2-헥산다이올, 다이메티콘, 암모늄아크릴로일다이메틸타우레이트/브이피코폴리머, 폴리글리세릴-6카프릴레이트, 폴리글리세릴-4카프레이트, 프로판다이올, 하이드로제네이티드레시틴, 알란토인, 에탄올, 아시아티코사이드, 소듐메틸스테아로일타우레이트, 마데카식애씨드, 콜레스테롤, 만니톨, 클로렐라 프로토테코이데스추출물, 아시아틱애씨드, 에틸헥실글리세린, 아데노신, 하이드롤라이즈드디엔에이, 덱스트린, 하이알루로닉애씨드, 카카오추출물, 양파추출물, 아세틸테트라펩타이드-11, 토코페롤",아이오페,아이오페_XMD 스템3 클리니컬 리커버리 세럼 50ml
슈퍼바이탈 오일 블렌딩 세럼 40ml,https://www.amoremall.com/kr/ko/product/detail?onlineProdSn=18621,135000.0,40ml,40.0,ml,"정제수, 부틸렌글라이콜, 카프릴릭/카프릭트라이글리세라이드,글리세린, 스쿠알란, 프로판다이올, 1,2-헥산다이올, 다이아이소스테아릴말레이트, 피마자씨오일, 트라이올레인, 다이부틸아디페이트, 해바라기씨오일, 실리카다이메틸실릴레이트, 암모늄아크릴로일다이메틸타우레이트/브이피코폴리머, 나이아신아 마이드, 향료, 카보머, 당근추출물, 티몰트라이메톡시신나메이트,셀룰로오스검, 트로메타민, 하이드로제네이티드폴리(C6-20올레핀), 만니톨, 올레아놀릭애씨드, 소듐메타포스페이트, 에틸헥실글리세린, 덱스트린, 카카오추출물, 에이치디아이/트라이메틸올헥실락톤크로스폴리머, 녹차뿌리추출물, 피토스테롤, 코질메틸렌다이옥시신나메이트, 베타-카로틴, 토코페롤, 토코트라이엔올, 식물성오일, 오일팜오일, 아세틸테트라펩타이드-11",아이오페,아이오페_슈퍼바이탈 오일 블렌딩 세럼 40ml
히아루로닉 크림 100ml,https://www.amoremall.com/kr/ko/product/detail?onlineProdSn=24032,55000.0,100ml,100.0,ml,"정제수, 프로판다이올, 사이클로펜타실록세인, 글리세린, 베타인, 세틸에틸헥사노에이트, 사이클로헥사실록세인, 글리세릴폴리메타크릴레이트, 하이드로제네이티드폴리아이소부텐, 1,2-헥산다이올, 사이클로메티콘, 세테아릴알코올, 다이메티콘올, 글리세릴스테아레이트, 스테아릭애씨드, 하이드록시에틸아크릴레이트/소듐아크릴로일다이메틸타우레이트코폴리머, 암모늄아크릴로일다이메틸타우레이트/브이피코폴리머, C14-22알코올, 폴리메틸실세스퀴옥세인, 세틸피이지/피피지-10/1다이메티콘, 다이메티콘, 폴리에틸렌, 아라키딜알코올, 시어버터, 향료, 팔미틱애씨드, 하이드로제네이티드레시틴, 베헤닐알코올, 부틸렌글라이콜, 피이지/피피지-20/15다이메티콘, 에틸헥실글리세린, C12-20알킬글루코사이드, 페닐메티콘, 폴리글리세릴-3메틸글루코오스다이스테아레이트, 다이소듐이디티에이, 소듐하이알루로네이트, 아라키딜글루코사이드, 솔비탄아이소스테아레이트, 폴리솔베이트60, 불가리스쑥추출물, 약모밀추출물, 쌀추출물, 참마뿌리추출물, 돌콩싹추출물, 페녹시에탄올, 미리스틱애씨드, 라우릭애씨드, 소듐벤조에이트, 피씨에이, 락틱애씨드, 글루코오스, 글라이신, 우레아, 소듐글리세로포스페이트, 세린, 글루타믹애씨드, 토코페롤, 포타슘마그네슘아스파테이트, 아스파틱애씨드, 류신, 소듐클로라이드, 알라닌, 라이신, 알지닌, 칼슘글루코네이트, 마그네슘글루코네이트, 타이로신, 페닐알라닌, 프롤린, 트레오닌, 발린, 아이소류신, 시트릭애씨드, 펜타에리스리틸테트라-다이-T-부틸하이드록시하이드로신나메이트, 히스티딘, 아세틸글루코사민, 크레아틴, 우릭애씨드, 시스테인, 메티오닌",아이오페,아이오페_히아루로닉 크림 100ml
레티놀 엑스퍼트 0.5% 얼티밋 컨센트레이트 15ml,https://www.amoremall.com/kr/ko/product/detail?onlineProdSn=65668,149128.0,15ml,15.0,ml,"정제수, 부틸렌글라이콜, 글리세린, 돌콩오일, 다이메티콘, 다이아이소스테아릴말레이트, 폴리글리세릴-3메틸글루코오스다이스테아레이트, 1,2-헥산다이올, 펜타에리스리틸테트라에틸헥사노에이트, 해바라기씨오일, 하이드록시에틸아크릴레이트/소듐아크릴로일다이메틸타우레이트코폴리머, 레티놀, 글리세릴스테아레이트, 세테아릴알코올, 글리세릴스테아레이트시트레이트, 판테놀, 하이드로제네이티드올리브오일데실에스터, 베타인, 아크릴레이트/C10-30알킬아크릴레이트크로스폴리머, 향료, 당근추출물, 트로메타민, 글리세릴카프릴레이트, 에틸헥실글리세린, 프로판다이올, 소듐스테아로일글루타메이트, 소듐메타포스페이트, 코질메틸렌다이옥시신나메이트, 솔비탄아이소스테아레이트, 소듐하이알루로네이트크로스폴리머-6, 하이드롤라이즈드식물성단백질, 엑토인, 베타-카로틴, 베타-글루칸, 토코페롤, 에스에이치-펜타펩타이드-12에스피, 펜틸렌글라이콜, 카보머, 아라비아고무나무검, 프로필렌글라이콜알지네이트",아이오페,아이오페_레티놀 엑스퍼트 0.5% 얼티밋 컨센트레이트 15ml
PDRN 카페인샷 50ml,https://www.amoremall.com/kr/ko/product/detail?onlineProdSn=56429,80000.0,50ml,50.0,ml,"락토바실러스발효용해물, 정제수, 프로판다이올, 글리세린, 나이아신아마이드, 부틸렌글라이콜, 카페인, 다이프로필렌글라이콜, 1,2-헥산다이올, 다이에톡시에틸석시네이트, 글리세릴폴리메타크릴레이트, 폴리아크릴레이트크로스폴리머-6, 만니톨, 에틸헥실글리세린, 아데노신, 소듐시트레이트, 덱스트린, 카카오추출물, 시트릭애씨드, 다이소듐이디티에이, T-부틸알코올, 알지닌, 사이클로덱스트린, 하이드록시프로필사이클로덱스트린, 말토덱스트린, 잔탄검, 베타-글루칸, 아세틸테트라펩타이드-11, 토코페롤",아이오페,아이오페_PDRN 카페인샷 50ml
PDRN 카페인샷 30ml,https://www.amoremall.com/kr/ko/product/detail?onlineProdSn=53894,50000.0,30ml,30.0,ml,"락토바실러스발효용해물, 정제수, 프로판다이올, 글리세린, 나이아신아마이드, 부틸렌글라이콜, 카페인, 다이프로필렌글라이콜, 1,2-헥산다이올, 다이에톡시에틸석시네이트, 글리세릴폴리메타크릴레이트, 폴리아크릴레이트크로스폴리머-6, 만니톨, 에틸헥실글리세린, 아데노신, 소듐시트레이트, 덱스트린, 카카오추출물, 시트릭애씨드, 다이소듐이디티에이, T-부틸알코올, 알지닌, 사이클로덱스트린, 하이드록시프로필사이클로덱스트린, 말토덱스트린, 잔탄검, 베타-글루칸, 아세틸테트라펩타이드-11, 토코페롤",아이오페,아이오페_PDRN 카페인샷 30ml
레티놀 엑스퍼트 0.3% 링클 코렉터 20ml,https://www.amoremall.com/kr/ko/product/detail?onlineProdSn=62488,125000.0,20 ml,20.0,ml,"정제수, 카프릴릭/카프릭트라이글리세라이드, 프로판다이올, 글리세린, 돌콩오일, 토코페롤, 토코페릴아세테이트, 세테아릴알코올, 트레할로오스, 판테놀, 시어버터, 암모늄아크릴로일다이메틸타우레이트/브이피코폴리머, 다이메티콘, 글리세릴폴리메타크릴레이트, 폴리글리세릴-10스테아레이트, 하이드로제네이티드레시틴, 해바라기씨오일, 하이드록시에틸아크릴레이트/소듐아크릴로일다이메틸타우레이트코폴리머, 카보머, 레티놀, 향료, 트로메타민, 글리세릴스테아레이트, 폴리실리콘-11, 소듐설파이트, 당근추출물, 알란토인, 글리세릴카프릴레이트, 쌀겨왁스, 만니톨, 스테아릭애씨드, 폴리글리세릴-3메틸글루코오스다이스테아레이트, 팔미틱애씨드, 에틸헥실글리세린, 다이소듐이디티에이, 소듐하이알루로네이트, 비에이치티, 솔비탄아이소스테아레이트, 1,2-헥산다이올, 하이드롤라이즈드하이알루로닉애씨드, 베타-카로틴, 소듐하이알루로네이트크로스폴리머, 미리스틱애씨드, 하이알루로닉애씨드, 라우릭애씨드, 아세틸테트라펩타이드-11, 소듐아세틸레이티드하이알루로네이트, 아스코빅애씨드, 메도우폼씨오일, 3-O-에틸아스코빅애씨드, 글루타티온",아이오페,아이오페_레티놀 엑스퍼트 0.3% 링클 코렉터 20ml
UV 쉴드 톤업 선 SPF50+/PA++++ 50ml,https://www.amoremall.com/kr/ko/product/detail?onlineProdSn=46086,38000.0,50ml,50.0,ml,"정제수, 메틸트라이메티콘, 티타늄디옥사이드, 페닐트라이메티콘, 에칠헥실메톡시신나메이트, 부틸렌글라이콜, 카프릴릴메티콘, 라우릴피이지-10트리스(트라이메틸실록시)실릴에틸다이메티콘, 네오펜틸글라이콜다이헵타노에이트, 나이아신아마이드, 다이스테아다이모늄헥토라이트, 피이지-10다이메티콘, 다이메티콘, 아이소도데케인, 실리카, 소듐클로라이드, 메틸메타크릴레이트크로스폴리머, 폴리메틸실세스퀴옥세인, 티타늄디옥사이드 (CI 77891), 트라이메틸실록시실리케이트, 사이클로펜타실록세인, 알루미나, 아크릴레이트/폴리트라이메틸실록시메타크릴레이트코폴리머, 1,2-헥산다이올, 피토스테릴/옥틸도데실라우로일글루타메이트, 라우릴폴리글리세릴-3폴리다이메틸실록시에틸다이메티콘, 알루미늄하이드록사이드, 스테아릭애씨드, 폴리페닐실세스퀴옥세인, 다이메티콘/폴리글리세린-3크로스폴리머, 글리세릴스테아레이트시트레이트, 아크릴레이트/다이메티콘코폴리머, 폴리메틸메타크릴레이트, 향료, 카프릴릴글라이콜, 시메티콘, 다이소듐이디티에이, 에틸헥실글리세린, 아데노신, 리모넨, 리날룰, 트라이에톡시카프릴릴실레인, 적색산화철, 페룰릭애씨드, 황색산화철, 시트로넬올, 다이프로필렌글라이콜, 비에이치티, 소듐시트레이트, 헥실신남알, 토코페롤",아이오페,아이오페_UV 쉴드 톤업 선 SPF50+/PA++++ 50ml
브라이트닝 기미 에센스 45ml,https://www.amoremall.com/kr/ko/product/detail?onlineProdSn=63221,70000.0,45ml,45.0,ml,"정제수, 글리세린, 부틸렌글라이콜, 변성알코올, 1,2-헥산다이올, 베타인, 카프릴릭/카프릭트라이글리세라이드, 다이메티콘, 암모늄아크릴로일다이메틸타우레이트/브이피코폴리머, 하이드로제네이티드레시틴, 사카라이드아이소머레이트, 프로판다이올, 하이드록시에틸아크릴레이트/소듐아크릴로일다이메틸타우레이트코폴리머, 에탄올, 토코페롤, 티몰트라이메톡시신나메이트, 잔탄검, 콜레스테롤, 글리세릴카프릴레이트, 폴리메틸메타크릴레이트, 향료, 글라이코리피드, 에틸헥실글리세린, 아데노신, 솔비탄아이소스테아레이트, 베타-글루칸, 스페인감초뿌리추출물, 소듐메틸스테아로일타우레이트, 소듐시트레이트, 시트릭애씨드",아이오페,아이오페_브라이트닝 기미 에센스 45ml
프로 필링 소프트젤 100ml,https://www.amoremall.com/kr/ko/product/detail?onlineProdSn=59422,30000.0,100ml,100.0,ml,"정제수, 셀룰로오스, 부틸렌글라이콜, 다이프로필렌글라이콜, 변성알코올, 글리세린, 만난, 베타인, 마이크로크리스탈린셀룰로오스, 아크릴레이트/C10-30알킬아크릴레이트크로스폴리머, 피이지-60하이드로제네이티드캐스터오일, 향료, 글리세릴카프 릴레이트, 포타슘하이드록사이드, 알로에베라잎추출물, 에틸헥실글리세린, 다이소듐이디티에이, 빌베리열매추출물, 사탕수수추출물, 오렌지추출물, 레몬추출물, 설탕단풍추출물, 토코페롤, 연꽃추출물, 매실추출물, 시트릭애씨드, 락틱애씨드",아이오페,아이오페_프로 필링 소프트젤 100ml
슈퍼바이탈 소프너 150ml,https://www.amoremall.com/kr/ko/product/detail?onlineProdSn=19046,67000.0,150ml,150.0,ml,"정제수, 부틸렌글라이콜, 글리세레스-26, 글리세린, 변성알코올,나이아신아마이드, 1,2-헥산다이올, 다이메티콘, 암모늄아크릴로일다이메틸타우레이트/브이피코폴리머, 피이지-60하이드로제네이티드캐스터오일, 에탄올, 글리세릴카프릴레이트, 프로판다이올,하이드로제네이티드레시틴, 에틸헥실글리세린, 만니톨, 아데노신,향료, 다이소듐이디티에이, 바이오사카라이드검-1, 펜틸렌글라이콜, 녹차뿌리추출물, 덱스트린, 카카오추출물, 소듐메틸스테아로일타우레이트, 코질메틸렌다이옥시신나메이트, 아세틸테트라펩타이드-11, 토코페롤",아이오페,아이오페_슈퍼바이탈 소프너 150ml
맨 올데이 퍼펙트 톤업 올인원 SPF15 120ml,https://www.amoremall.com/kr/ko/product/detail?onlineProdSn=20828,38000.0,120ml,120.0,ml,"정제수, 에칠헥실메톡시신나메이트, 부틸렌글라이콜, 글리세린, 변성알코올, 사이클로펜타실록세인, C12-15알킬벤조에이트, 나이아신아마이드, 다이페닐실록시페닐트라이메티콘, 사이클로헥사실록세인, 티타늄디옥사이드 (CI 77891), 비스-에칠헥실옥시페놀메톡시페닐트리아진, 1,2-헥산다이올, 디에칠아미노하이드록시벤조일헥실벤조에이트, C14-22알코올, 글리세릴스테아레이트, 피이지-100스테아레이트, 실리카, 다이메티콘, 세테아릴알코올, 폴리아크릴레이트-13, C12-20알킬글루코사이드, 암모늄아크릴로일다이메틸타우레이트/브이피코폴리머, 폴리실리콘-11, 폴리아이소부텐, 향료, 카프릴릴글라이콜, 황색산화철, 다이소듐이디티에이, 에틸헥실글리세린, 알루미늄하이드록사이드, 흑색산화철, 아데노신, 카보머, 트라이에톡시카프릴릴실레인, 폴리솔베이트20, 적색산화철, 솔비탄아이소스테아레이트, 비에이치티, 코튼추출물, 토코페롤",아이오페,아이오페_맨 올데이 퍼펙트 톤업 올인원 SPF15 120ml
맨 안티에이징 에멀젼 EX 120ml,https://www.amoremall.com/kr/ko/product/detail?onlineProdSn=16864,36000.0,120ml,120.0,ml,"정제수, 부틸렌글라이콜, 세틸에틸헥사노에이트, 글리세린, 펜타에리스리틸테트라에틸헥사노에이트, 변성알코올, 폴리글리세릴-3다이스테아레이트, 1,2-헥산다이올, 글리세릴스테아레이트시트레이트, 세테아릴알코올, 페닐트라이메티콘, 비스-하이드록시에톡시프로필다이메티콘, 글리세릴스테아레이트, 카보머, 트로메타민, 하이드록시에틸아크릴레이트/소듐아크릴로일다이메틸타우레이트코폴리머, 향료, 잔탄검, 카프릴릴글라이콜, 글리세릴카프릴레이트, 효모발효여과물, 프로판다이올, 다이소듐이디티에이, 아데노신, 타우린, 솔비탄아이소스테아레이트, 낫토검, 돌콩추출물, 에틸헥실글리세린, 토코페롤",아이오페,아이오페_맨 안티에이징 에멀젼 EX 120ml
슈퍼바이탈 쿠션 이엑스 SPF 50+/PA+++ 16g,https://www.amoremall.com/kr/ko/product/detail?onlineProdSn=21891,28000.0,16g,16.0,g,"정제수, 페닐트라이메티콘, 티타늄디옥사이드 (CI 77891), 글리세린, 호모살레이트, 프로판다이올, 피이지-10다이메 티콘, 다이아이소스테아릴말레이트, 메틸트라이메티콘, 다이메티콘, 티타늄디옥사이드, 에칠헥실살리실레이트, 네 오펜틸글라이콜다이헵타노에이트, 부틸렌글라이콜, 나이아신아마이드, 라우릴피이지-10트리스(트라이메틸실록시) 실릴에틸다이메티콘, 실리카, 1,2-헥산다이올, 알루미나, 트라이실록세인, 황색산화철, 알루미늄하이드록사이드, 스 테아릭애씨드, 트라이메틸실록시실리케이트, 다이스테아다이모늄헥토라이트, 소듐클로라이드, 나일론6/12, 아크릴 레이트/다이메티콘코폴리머, 트라이에틸헥사노인, 트라이하이드록시스테아린, 폴리솔베이트80, 다이소듐스테아로 일글루타메이트, 카프릴릴글라이콜, 적색산화철, 비닐다이메티콘/라우릴다이메티콘크로스폴리머, 향료, 하이드로제 네이티드레시틴, 소듐메타포스페이트, 글리세릴카프릴레이트, 아데노신, 흑색산화철, 다이메티콘/비닐다이메티콘크 로스폴리머, 트라이에톡시카프릴릴실레인, 소듐하이알루로네이트, 폴리메틸실세스퀴옥세인, 코질메틸렌다이옥시신 나메이트, 하이드롤라이즈드하이알루로닉애씨드, 토코페롤, 소듐하이알루로네이트크로스폴리머, 하이알루로닉애씨 드, 에틸헥실글리세린, 소듐아세틸레이티드하이알루로네이트",아이오페,아이오페_슈퍼바이탈 쿠션 이엑스 SPF 50+/PA+++ 16g
하이드로 리프트 크림,https://www.amoremall.com/kr/ko/product/detail?onlineProdSn=59012,60000.0,50ml,50.0,ml,"정제수, 부틸렌글라이콜, 하이드로제네이티드폴리(C6-14올레핀), 글리세린, 펜타에리스리틸테트라에틸헥사노에이트, 메틸트라이메티콘, 세테아릴알코올, 나이아신아마이드, 폴리글리세릴-3메틸글루코오스다이스테아레이트, 폴리글리세릴-10스테아레이트, 1,2-헥산다이올, 부틸렌글라이콜다이카프릴레이트/다이카프레이트, 다이아이소스테아릴말레이트, 글리세릴스테아레이트시트레이트, 하이드록시에틸아크릴레이트/소듐아크릴로일다이메틸타우레이트코폴리머, 하이드로제네이티드폴리아이소부텐, 프로필렌글라이콜, 향료, 에틸헥실글리세린, 다이소듐이디티에이, 솔비탄아이소스테아레이트, 소듐하이알루로네이트, 아데노신, 덱스트린, 카카오추출물, 하이드롤라이즈드콜라겐, 토코페롤, 에스에이치-폴리펩타이드-121",아이오페,아이오페_하이드로 리프트 크림
슈퍼바이탈 에멀젼 150ml,https://www.amoremall.com/kr/ko/product/detail?onlineProdSn=15571,72000.0,150ml,150.0,ml,"정제수, 프로판다이올, 하이드로제네이티드폴리아이소부텐, 글리세린, 펜타에리스리틸테트라에틸헥사노에이트, 다이메티콘, 변성알코올, 다이아이소스테아릴말레이트, 나이아신아마이드, 폴리글리세린-3, 피이지-60글리세릴아이소스테아레이트, 피씨에이다이메티콘, 1,2-헥산다이올, C14-22알코올, 스테아릭애씨드, 글리세릴스테아레이트, 시어버터, 글리세릴스테아레이트시트레이트,하이드록시에틸아크릴레이트/소듐아크릴로일다이메틸타우레이트코폴리머, 폴리실리콘-11, 팔미틱애씨드, 아라키딜알코올, C12-20알킬글루코사이드, 카보머, 글리세릴카프릴레이트, 베헤닐알코올,트로메타민, 아라키딜글루코사이드, 소듐메타포스페이트, 에틸헥실글리세린, 만니톨, 향료, 아데노신, 솔비탄아이소스테아레이트, 폴리솔베이트60, 덱스트린, 카카오추출물, 녹차뿌리추출물, 글루코오스, 코질메틸렌다이옥시신나메이트, 토코페롤, 아세틸테트라펩타이드-11",아이오페,아이오페_슈퍼바이탈 에멀젼 150ml
바이오 컨디셔닝 클렌징 오일 인 젤 150ml,https://www.amoremall.com/kr/ko/product/detail?onlineProdSn=60925,32000.0,150ml,150.0,ml,"세틸에틸헥사노에이트, 카프릴릭/카프릭트라이글리세라이드, 다이카프릴릴카보네이트, 글리세린, 정제수, 폴리글리세릴-5올리에이트, 카올린, 수크로오스라우레이트, 향료, 나이아신아마이드, 효모발효여과물, 소듐파이루베이트, 아데노신, 리모넨, 덱스트린, 리날룰, 맥주효모추출물, 토코페롤, 프로판다이올, 1,2-헥산다이올, 쌀겨오일, 에틸헥실글리세린, 다이소듐이디티에이",아이오페,아이오페_바이오 컨디셔닝 클렌징 오일 인 젤 150ml
하이드로 리프트 에멀젼 150ml,https://www.amoremall.com/kr/ko/product/detail?onlineProdSn=59009,40000.0,150ml,150.0,ml,"정제수, 부틸렌글라이콜, 글리세린, 펜타에리스리틸테트라에틸헥사노에이트, 나이아신아마이드, 하이드로제네이티드폴리(C6-14올레핀), 다이메티콘, 1,2-헥산다이올, 시어버터, 폴리글리세릴-3메틸글루코오스다이스테아레이트, 글리세릴폴리메타크릴레이트, 비스-하이드록시에톡시프로필다이메티콘, 다이메티콘/비닐다이메티콘크로스폴리머, 카보머, 글리세릴스테아레이트, 세테아릴알코올, 글리세릴스테아레이트시트레이트, 하이드로제네이티드식물성오일, 하이드록시에틸아크릴레이트/소듐아크릴로일다이메틸타우레이트코폴리머, 트로메타민, 스테아릭애씨드, 향료, 잔탄검, 소듐스테아로일글루타메이트, 팔미틱애씨드, 에틸헥실글리세린, 다이소듐이디티에이, 아데노신, 프로필렌글라이콜, 소듐하이알루로네이트, 솔비탄아이소스테아레이트, 폴리솔베이트60, 덱스트린, 카카오추출물, 하이드롤라이즈드콜라겐, 토코페롤",아이오페,아이오페_하이드로 리프트 에멀젼 150ml
UV 쉴드 선 앰플 SPF 50+/PA+++ 40ml,https://www.amoremall.com/kr/ko/product/detail?onlineProdSn=61567,40000.0,40ml,40.0,ml,"정제수, 다이부틸아디페이트, 글리세린, 비스-에칠헥실옥시페놀메톡시페닐트리아진, 에칠헥실살리실레이트, 드로메트리졸트리실록산, 테레프탈릴리덴디캠퍼설포닉애씨드, 호모살레이트, 나이아신아마이드, 폴리실리콘-15, 1,2-헥산다이올, 트로메타민, 베헤닐알코올, 글리세릴스테아레이트에스이, 소듐폴리아크릴로일다이메틸타우레이트, 페닐트라이메티콘, 포타슘세틸포스페이트, 카프릴릴메티콘, 프로판다이올, 알란토인, 향료, 폴리아크릴레이트크로스폴리머-6, 카프릴릴글라이콜, 에틸헥실글리세린, 만니톨, 폴리아크릴레이트-13, 아데노신, 하이드로제네이티드폴리아이소부텐, 리모넨, 리날룰, 폴리글리세릴-10라우레이트, 시트로넬올, 에틸헥실팔미테이트, 솔비탄아이소스테아레이트, 양파추출물, 아세틸테트라펩타이드-11, 토코페롤",아이오페,아이오페_UV 쉴드 선 앰플 SPF 50+/PA+++ 40ml
맨 컴파운드 선 스크린 SPF 50+/PA++++ 50ml,https://www.amoremall.com/kr/ko/product/detail?onlineProdSn=52299,28000.0,50ml,50.0,ml,"정제수, 부틸렌글라이콜, 글리세린, 디에칠아미노하이드록시벤조일헥실벤조에이트, 호모살레이트, 에칠헥실살리실레이트, 다이부틸아디페이트, 티타늄디옥사이드, 메틸트라이메티콘, C12-15알킬벤조에이트, 비스-에칠헥실옥시페놀메톡시페닐트리아진, 나이아신아마이드, 폴리실리콘-15, 실리카, 1,2-헥산다이올, 세테아릴알코올, 폴리C10-30알킬아크릴레이트, 하이드록시에틸아크릴레이트/소듐아크릴로일다이메틸타우레이트코폴리머, 알루미늄스테아레이트, 알루미나, 스테아릭애씨드, 폴리하이드록시스테아릭애씨드, 아크릴레이트/C10-30알킬아크릴레이트크로스폴리머, 글리세릴스테아레이트, 향료, 하이드로제네이티드레시틴, 글리세릴카프릴레이트, 트로메타민, 폴리글리세릴-3메틸글루코오스다이스테아레이트, 팔미틱애씨드, 다이소듐이디티에이, 에틸헥실글리세린, 솔비탄아이소스테아레이트, 페룰릭애씨드, 티타늄디옥사이드 (CI 77891), 미리스틱애씨드, 라우릭애씨드, 아크릴레이트/브이피코폴리머, 토코페롤",아이오페,아이오페_맨 컴파운드 선 스크린 SPF 50+/PA++++ 50ml
XMD 스템3 클리니컬 리커버리 세럼 30ml,https://www.amoremall.com/kr/ko/product/detail?onlineProdSn=65866,63000.0,30ml,30.0,ml,"정제수, 부틸렌글라이콜, 글리세린, 다이프로필렌글라이콜, 나이아신아마이드, 베타인, 카프릴릭/카프릭트라이글리세라이드, 1,2-헥산다이올, 다이메티콘, 암모늄아크릴로일다이메틸타우레이트/브이피코폴리머, 폴리글리세릴-6카프릴레이트, 폴리글리세릴-4카프레이트, 프로판다이올, 하이드로제네이티드레시틴, 알란토인, 에탄올, 아시아티코사이드, 소듐메틸스테아로일타우레이트, 마데카식애씨드, 콜레스테롤, 만니톨, 클로렐라 프로토테코이데스추출물, 아시아틱애씨드, 에틸헥실글리세린, 아데노신, 하이드롤라이즈드디엔에이, 덱스트린, 하이알루로닉애씨드, 카카오추출물, 양파추출물, 아세틸테트라펩타이드-11, 토코페롤",아이오페,아이오페_XMD 스템3 클리니컬 리커버리 세럼 30ml
레티놀 엑스퍼트 0.1% 링클 코렉터 기획세트 20ml,https://www.amoremall.com/kr/ko/product/detail?onlineProdSn=64317,62640.0,20ml,20.0,ml,"정제수, 카프릴릭/카프릭트라이글리세라이드, 부틸렌글라이콜, 글리세린, 토코페롤, 토코페릴아세테이트, 세테아릴알코올, 돌콩오일, 판테놀, 시어버터, 암모늄아크릴로일다이메틸타우레이트/브이피코폴리머, 다이메티콘, 글리세릴폴리메타크릴레이트, 폴리글리세릴-10스테아레이트, 하이드로제네이티드레시틴, 해바라기씨오일, 하이드록시에틸아크릴레이트/소듐아크릴로일다이메틸타우레이트코폴리머, 카보머, 향료, 트로메타민, 글리세릴스테아레이트, 폴리실리콘-11, 소듐설파이트, 레티놀, 당근추출물, 알란토인, 글리세릴카프릴레이트, 쌀겨왁스, 만니톨, 펜틸렌글라이콜, 다이메틸아이소소바이드, 스테아릭애씨드, 폴리글리세릴-3메틸글루코오스다이스테아레이트, 팔미틱애씨드, 다이소듐이디티에이, 코질메틸렌다이옥시신나메이트, 에틸헥실글리세린, 솔비탄아이소스테아레이트, 비에이치티, 하이드록시피나콜론레티노에이트, 베타-카로틴, 미리스틱애씨드, 프로판다이올, 에스에이치-펜타펩타이드-12에스피, 1,2-헥산다이올, 라우릭애씨드, 에스에이치-폴리펩타이드-121, 아라비아고무나무검, 소듐하이알루로네이트, 아세틸테트라펩타이드-11, 하이드롤라이즈드하이알루로닉애씨드, 소듐하이알루로네이트크로스폴리머, 프로필렌글라이콜알지네이트, 아스코빅애씨드, 메도우폼씨오일, 하이알루로닉애씨드, 3-O-에틸아스코빅애씨드, 글루타티온, 소듐아세틸레이티드하이알루로네이트 * 레티놀 함량 4,162 IU/g(0.12%)",아이오페,아이오페_레티놀 엑스퍼트 0.1% 링클 코렉터 기획세트 20ml
UV 쉴드 선 스틱 SPF50+/PA++++ 20g,https://www.amoremall.com/kr/ko/product/detail?onlineProdSn=57781,30000.0,20g,20.0,g,"다이메티콘, 비닐다이메티콘/메티콘실세스퀴옥세인크로스폴리머, 세틸에틸헥사노에이트, 하이드로제네이티드폴리(C6-14올레핀), 폴리에틸렌, 에칠헥실메톡시신나메이트, 디에칠아미노하이드록시벤조일헥실벤조에이트, 에칠헥실살리실레이트, 비스-에칠헥실옥시페놀메톡시페닐트리아진, C12-15알킬벤조에이트, 오조케라이트, 티타늄디옥사이드, 정제수, 알루미늄스테아레이트, 폴리하이드록시스테아릭애씨드, 향료, 토코페릴아세테이트, 알루미나, 글리세릴카프릴레이트, 부틸렌글라이콜, 리모넨, 치커리뿌리추출물, 리날룰, 시트로넬올, 코튼추출물, 페녹시에탄올, 헥실신남알, 에틸헥실글리세린",아이오페,아이오페_UV 쉴드 선 스틱 SPF50+/PA++++ 20g
XMD 스템3 클리니컬 리커버리 소프너 130ml,https://www.amoremall.com/kr/ko/product/detail?onlineProdSn=65864,47000.0,130ml,130.0,ml,"정제수, 부틸렌글라이콜, 글리세린, 베타인, 나이아신아마이드, 1,2-헥산다이올, 글리세릴폴리메타크릴레이트, 다이메티콘, 프로판다이올, 에탄올, 알란토인, 아크릴레이트/C10-30알킬아크릴레이트크로스폴리머, 트로메타민, 글리세릴카프릴레이트, 만니톨, 하이드로제네이티드레시틴, 클로렐라 프로토테코이데스추출물, 에틸헥실글리세린, 아데노신, 소듐메타포스페이트, 하이드롤라이즈드디엔에이, 소듐하이알루로네이트, 하이알루로닉애씨드, 소듐메틸스테아로일타우레이트, 덱스트린, 카카오추출물, 양파추출물, 아세틸테트라펩타이드-11, 토코페롤",아이오페,아이오페_XMD 스템3 클리니컬 리커버리 소프너 130ml
XMD 스템3 클리니컬 리커버리 에멀전 130ml,https://www.amoremall.com/kr/ko/product/detail?onlineProdSn=65865,48000.0,130ml,130.0,ml,"정제수, 부틸렌글라이콜, 글리세린, 하이드로제네이티드폴리아이소부텐, 하이드로제네이티드폴리(C6-14올레핀), 다이아이소스테아릴말레이트, 나이아신아마이드, C14-22알코올, 페닐트라이메티콘, 피씨에이다이메티콘, 1,2-헥산다이올, 비스-하이드록시에톡시프로필다이메티콘, 글리세릴스테아레이트시트레이트, 판테놀, 프로판다이올, 하이드로제네이티드식물성오일, C12-20알킬글루코사이드, 글리세릴스테아레이트, 세테아릴알코올, 알란토인, 카보머, 잔탄검, 글리세릴카프릴레이트, 만니톨, 트로메타민, 클로렐라 프로토테코이데스추출물, 에틸헥실글리세린, 소듐메타포스페이트, 아데노신, 덱스트린, 카카오추출물, 하이드롤라이즈드디엔에이, 하이알루로닉애씨드, 베타-글루칸, 레시틴, 양파추출물, 토코페롤, 아세틸테트라펩타이드-11",아이오페,아이오페_XMD 스템3 클리니컬 리커버리 에멀전 130ml
슈퍼바이탈 쿠션 이엑스 SPF 50+/PA+++,https://www.amoremall.com/kr/ko/product/detail?onlineProdSn=19909,58000.0,16g*2,16.0,g,"정제수, 페닐트라이메티콘, 티타늄디옥사이드 (CI 77891), 글리세린, 호모살레이트, 프로판다이올, 피이지-10다이메 티콘, 다이아이소스테아릴말레이트, 메틸트라이메티콘, 다이메티콘, 티타늄디옥사이드, 에칠헥실살리실레이트, 네 오펜틸글라이콜다이헵타노에이트, 부틸렌글라이콜, 나이아신아마이드, 라우릴피이지-10트리스(트라이메틸실록시) 실릴에틸다이메티콘, 실리카, 1,2-헥산다이올, 알루미나, 트라이실록세인, 황색산화철, 알루미늄하이드록사이드, 스 테아릭애씨드, 트라이메틸실록시실리케이트, 다이스테아다이모늄헥토라이트, 소듐클로라이드, 나일론6/12, 아크릴 레이트/다이메티콘코폴리머, 트라이에틸헥사노인, 트라이하이드록시스테아린, 폴리솔베이트80, 다이소듐스테아로 일글루타메이트, 카프릴릴글라이콜, 적색산화철, 비닐다이메티콘/라우릴다이메티콘크로스폴리머, 향료, 하이드로제 네이티드레시틴, 소듐메타포스페이트, 글리세릴카프릴레이트, 아데노신, 흑색산화철, 다이메티콘/비닐다이메티콘크 로스폴리머, 트라이에톡시카프릴릴실레인, 소듐하이알루로네이트, 폴리메틸실세스퀴옥세인, 코질메틸렌다이옥시신 나메이트, 하이드롤라이즈드하이알루로닉애씨드, 토코페롤, 소듐하이알루로네이트크로스폴리머, 하이알루로닉애씨 드, 에틸헥실글리세린, 소듐아세틸레이티드하이알루로네이트",아이오페,아이오페_슈퍼바이탈 쿠션 이엑스 SPF 50+/PA+++
맨 바이오 컨디셔닝 에센스 145ml,https://www.amoremall.com/kr/ko/product/detail?onlineProdSn=18677,42000.0,145ml,145.0,ml,"효모발효여과물, 프로판다이올, 글리세린, 변성알코올, 부틸렌글라이콜, 나이아신아마이드, 1,2-헥산다이올, 다이에톡시에틸석시네이트, 베타인, 피피지-13-데실테트라데세스-24, 소듐파이루베이트, 에틸헥실글리세린, 아데노신, 덱스트린, 향료, 다이소듐이디티에이, 타우린, 맥주효모추출물, 정제수, 펜틸렌글라이콜, 페퍼민트추출물",아이오페,아이오페_맨 바이오 컨디셔닝 에센스 145ml
하이드로 리프트 2종 세트,https://www.amoremall.com/kr/ko/product/detail?onlineProdSn=59010,78000.0,150ml + 150ml,150.0,ml,"(소프너) 정제수, 부틸렌글라이콜, 변성알코올, 나이아신아마이드, 1,2-헥산다이올, 피피지-13-데실테트라데세스-24, 하이드록시에틸아크릴레이트/소듐아크릴로일다이메틸타우레이트코폴리머, 아크릴레이트/C10-30알킬아크릴레이트크로스폴리머, 향료, 에틸헥실글리세린, 트로메타민, 아데노신, 프로필렌글라이콜, 다이소듐이디티에이, 소듐하이알루로네이트, 솔비탄아이소스테아레이트, 폴리솔베이트60, 하이드롤라이즈드콜라겐, 토코페롤 (에멀젼) 정제수, 부틸렌글라이콜, 글리세린, 펜타에리스리틸테트라에틸헥사노에이트, 나이아신아마이드, 하이드로제네이티드폴리(C6-14올레핀), 다이메티콘, 1,2-헥산다이올, 시어버터, 폴리글리세릴-3메틸글루코오스다이스테아레이트, 글리세릴폴리메타크릴레이트, 비스-하이드록시에톡시프로필다이메티콘, 다이메티콘/비닐다이메티콘크로스폴리머, 카보머, 글리세릴스테아레이트, 세테아릴알코올, 글리세릴스테아레이트시트레이트, 하이드로제네이티드식물성오일, 하이드록시에틸아크릴레이트/소듐아크릴로일다이메틸타우레이트코폴리머, 트로메타민, 스테아릭애씨드, 향료, 잔탄검, 소듐스테아로일글루타메이트, 팔미틱애씨드, 에틸헥실글리세린, 다이소듐이디티에이, 아데노신, 프로필렌글라이콜, 소듐하이알루로네이트, 솔비탄아이소스테아레이트, 폴리솔베이트60, 덱스트린, 카카오추출물, 하이드롤라이즈드콜라겐, 토코페롤",아이오페,아이오페_하이드로 리프트 2종 세트
슈퍼바이탈 3종 세트,https://www.amoremall.com/kr/ko/product/detail?onlineProdSn=47987,116000.0,[소프너] 80ml [에멀젼] 80ml [크림] 30ml,80.0,ml,"[소프너] 정제수, 부틸렌글라이콜, 글리세레스-26, 글리세린, 변성알코올,나이아신아마이드, 1,2-헥산다이올, 다이메티콘, 암모늄아크릴로일다이메틸타우레이트/브이피코폴리머, 피이지-60하이드로제네이티드캐스터오일, 에탄올, 글리세릴카프릴레이트, 프로판다이올,하이드로제네이티드레시틴, 에틸헥실글리세린, 만니톨, 아데노신,향료, 다이소듐이디티에이, 바이오사카라이드검-1, 펜틸렌글라이콜, 녹차뿌리추출물, 덱스트린, 카카오추출물, 소듐메틸스테아로일타우레이트, 코질메틸렌다이옥시신나메이트, 아세틸테트라펩타이드-11, 토코페롤 [에멀젼] 정제수, 프로판다이올, 하이드로제네이티드폴리아이소부텐, 글리세린, 펜타에리스리틸테트라에틸헥사노에이트, 다이메티콘, 변성알코올, 다이아이소스테아릴말레이트, 나이아신아마이드, 폴리글리세린-3, 피이지-60글리세릴아이소스테아레이트, 피씨에이다이메티콘, 1,2-헥산다이올, C14-22알코올, 스테아릭애씨드, 글리세릴스테아레이트, 시어버터, 글리세릴스테아레이트시트레이트,하이드록시에틸아크릴레이트/소듐아크릴로일다이메틸타우레이트코폴리머, 폴리실리콘-11, 팔미틱애씨드, 아라키딜알코올, C12-20알킬글루코사이드, 카보머, 글리세릴카프릴레이트, 베헤닐알코올,트로메타민, 아라키딜글루코사이드, 소듐메타포스페이트, 에틸헥실글리세린, 만니톨, 향료, 아데노신, 솔비탄아이소스테아레이트, 폴리솔베이트60, 덱스트린, 카카오추출물, 녹차뿌리추출물, 글루코오스, 코질메틸렌다이옥시신나메이트, 토코페롤, 아세틸테트라펩타이드-11 [크림] 정제수, 부틸렌글라이콜, 글리세린 , 펜타에리스리틸테트라에틸헥사노에이트, 하이드로제네이티드폴리아이소부텐, 코코넛야자오일, 나이아신아마이드, 폴리글리세릴-3메틸글루코오스다이스테아레이트, 베헤닐알코올, 카프릴릭/ 카프릭/미리스틱/스테아릭트라이글리세라이드,피이지-60글리세릴아이소스테아레이트, 다이메티콘, 글리세릴스테아레이트, 세테아릴알코올, 1, 2-헥산다이올, 폴리아크릴레이트-13, 향료, 폴리아이소부텐, 글리세릴카프릴레이트, 소듐 폴리아크릴레이트, 다이소듐이디티에이, 코질메틸렌다이옥시신나메이트, 에틸헥실글리세린, 만니톨, 폴리솔베이트20, 솔비탄아이소스테아레이트, 잇꽃꽃추출물, 덱스트린, 녹차뿌리추출물, 적색산화철, 토코페롤, 아세틸테트라펩타이드-11",아이오페,아이오페_슈퍼바이탈 3종 세트
하이드로 리프트 소프너 150ml,https://www.amoremall.com/kr/ko/product/detail?onlineProdSn=59008,38000.0,150ml,150.0,ml,"정제수, 부틸렌글라이콜, 변성알코올, 나이아신아마이드, 1,2-헥산다이올, 피피지-13-데실테트라데세스-24, 하이드록시에틸아크릴레이트/소듐아크릴로일다이메틸타우레이트코폴리머, 아크릴레이트/C10-30알킬아크릴레이트크로스폴리머, 향료, 에틸헥실글리세린, 트로메타민, 아데노신, 프로필렌글라이콜, 다이소듐이디티에이, 소듐하이알루로네이트, 솔비탄아이소스테아레이트, 폴리솔베이트60, 하이드롤라이즈드콜라겐, 토코페롤",아이오페,아이오페_하이드로 리프트 소프너 150ml
슈퍼바이탈 2종 세트,https://www.amoremall.com/kr/ko/product/detail?onlineProdSn=64318,78000.0,[소프너] 80ml [에멀젼] 80ml,80.0,ml,"[소프너] 정제수, 부틸렌글라이콜, 글리세레스-26, 글리세린, 변성알코올,나이아신아마이드, 1,2-헥산다이올, 다이메티콘, 암모늄아크릴로일다이메틸타우레이트/브이피코폴리머, 피이지-60하이드로제네이티드캐스터오일, 에탄올, 글리세릴카프릴레이트, 프로판다이올,하이드로제네이티드레시틴, 에틸헥실글리세린, 만니톨, 아데노신,향료, 다이소듐이디티에이, 바이오사카라이드검-1, 펜틸렌글라이콜, 녹차뿌리추출물, 덱스트린, 카카오추출물, 소듐메틸스테아로일타우레이트, 코질메틸렌다이옥시신나메이트, 아세틸테트라펩타이드-11, 토코페롤 [에멀젼] 정제수, 프로판다이올, 하이드로제네이티드폴리아이소부텐, 글리세린, 펜타에리스리틸테트라에틸헥사노에이트, 다이메티콘, 변성알코올, 다이아이소스테아릴말레이트, 나이아신아마이드, 폴리글리세린-3, 피이지-60글리세릴아이소스테아레이트, 피씨에이다이메티콘, 1,2-헥산다이올, C14-22알코올, 스테아릭애씨드, 글리세릴스테아레이트, 시어버터, 글리세릴스테아레이트시트레이트,하이드록시에틸아크릴레이트/소듐아크릴로일다이메틸타우레이트코폴리머, 폴리실리콘-11, 팔미틱애씨드, 아라키딜알코올, C12-20알킬글루코사이드, 카보머, 글리세릴카프릴레이트, 베헤닐알코올,트로메타민, 아라키딜글루코사이드, 소듐메타포스페이트, 에틸헥실글리세린, 만니톨, 향료, 아데노신, 솔비탄아이소스테아레이트, 폴리솔베이트60, 덱스트린, 카카오추출물, 녹차뿌리추출물, 글루코오스, 코질메틸렌다이옥시신나메이트, 토코페롤, 아세틸테트라펩타이드-11",아이오페,아이오페_슈퍼바이탈 2종 세트
레티놀 레티젝션 세럼 30ml,https://www.amoremall.com/kr/ko/product/detail?onlineProdSn=66540,58663.0,30ml,30.0,ml,"정제수, 부틸렌글라이콜, 글리세린, 카프릴릭/카프릭트라이글리세라이드, 칼슘알루미늄보로실리케이트, 다이메티콘, 나이아신아마이드, 시어버터, 판테놀, C14-22알코올, 세테아릴알코올, 토코페롤, 토코페릴아세테이트, 폴리글리세릴-3다이스테아레이트, 글리세릴스테아레이트, 해바라기씨오일, 팔미틱애씨드, 스테아릭애씨드, 돌콩오일, C12-20알킬글루코사이드, 다이메틸아이소소바이드, 카보머, 소듐설파이트, 당근추출물, 알란토인, 글리세릴카프릴레이트, 트로메타민, 펜틸렌글라이콜, 소듐메타포스페이트, 코질메틸렌다이옥시신나메이트, 에틸헥실글리세린, 아데노신, 레티놀, 글리세릴스테아레이트시트레이트, 하이드록시피나콜론레티노에이트, 베타-카로틴, 아라비아고무나무검, 비에이치티, 프로필렌글라이콜알지네이트 (순수레티놀 함량 880IU)",아이오페,아이오페_레티놀 레티젝션 세럼 30ml
스킨 부스터 앰플 필 패드 8매입,https://www.amoremall.com/kr/ko/product/detail?onlineProdSn=61187,40000.0,총 8매,8.0,매,"(1제) 정제수, 부틸렌글라이콜, 글루코노락톤, 트로메타민, 락틱애씨드, 아이소펜틸다이올, 프로판다이올, 1,2-헥산다이올, 다이프로필렌글라이콜, 폴리글리세릴-10라우레이트, 글리세린, 에틸헥실글리세 (2제) 정제수, 부틸렌글라이콜, 글리세린, 나이아신아마이드, 1,2-헥산다이올, 마이크로크리스탈린셀룰로오스, 폴리글리세릴-10미리스테이트, 셀룰로오스검, 효모발효여과물, 아크릴레이트/C10-30알킬아크릴레이트크로스폴리머, 에틸헥실글리세린, 트레할로오스, 알란토인, 소듐파이루베이트, 아데노신, 알지닌, 트라이에틸헥사노인, 다이페닐다이메티콘, 덱스트린, 프로판다이올, 맥주효모추출물, 소듐하이알루로네이트, 프로필렌글라이콜, 토코페롤, 다이소듐이디티에이",아이오페,아이오페_스킨 부스터 앰플 필 패드 8매입
하이드로 리프트 세럼,https://www.amoremall.com/kr/ko/product/detail?onlineProdSn=59011,58000.0,45ml,45.0,ml,"정제수, 글리세린, 부틸렌글라이콜, 하이드로제네이티드폴리(C6-14올레핀), 펜타에리스리틸테트라에틸헥사노에이트, 나이아신아마이드, 다이메티콘, 폴리글리세릴-3메틸글루코오스다이스테아레이트, 시어버터, 1,2-헥산다이올, 글리세릴스테아레이트, 세테아릴알코올, 글리세릴스테아레이트시트레이트, 하이드로제네이티드식물성오일, 스테아릭애씨드, 다이메티콘/비닐다이메티콘크로스폴리머, 소듐폴리아크릴레이트, 팔미틱애씨드, 하이드로제네이티드폴리데센, 카보머, 잔탄검, 향료, 프로필렌글라이콜, 에틸헥실글리세린, 다이소듐이디티에이, 트로메타민, 아데노신, 소듐하이알루로네이트, 피피지-5-라우레스-5, 덱스트린, 카카오추출물, 하이드롤라이즈드콜라겐, 토코페롤",아이오페,아이오페_하이드로 리프트 세럼
슈퍼바이탈 넥앤데콜테 크림 40ml,https://www.amoremall.com/kr/ko/product/detail?onlineProdSn=67621,50000.0,40ml,40.0,ml,"정제수, 프로판다이올, 카프릴릭/카프릭트라이글리세라이드, 다이메티콘, 세틸알코올, 다이카프릴릴카보네이트, 글리세린, 나이아신아마이드, 글리세릴스테아레이트, 1,2-헥산다이올, 부틸렌글라이콜, 팔미틱애씨드, 스테아릭애씨드, 다이메티콘올, 향료, 카보머, 시어버터, 스테아레스-21, 트로메타민, 암모늄아크릴로일다이메틸타우레이트/브이피코폴리머, 카프릴릴글라이콜, 포타슘세틸포스페이트, 에틸헥실글리세린, 코질메틸렌다이옥시신나메이트, 만니톨, 아데노신, 소듐메타포스페이트, 덱스트린, 잇꽃꽃추출물, 하이드롤라이즈드식물성단백질, 녹차뿌리추출물, 적색산화철, 토코페롤, 아세틸테트라펩타이드-11",아이오페,아이오페_슈퍼바이탈 넥앤데콜테 크림 40ml
레티놀 0.1% 기획세트 + 월리 우프 무드등,https://www.amoremall.com/kr/ko/product/detail?onlineProdSn=67591,73636.0,30ml,30.0,ml,"정제수, 카프릴릭/카프릭트라이글리세라이드, 부틸렌글라이콜, 글리세린, 토코페롤, 토코페릴아세테이트, 세테아릴알코올, 돌콩오일, 판테놀, 시어버터, 암모늄아크릴로일다이메틸타우레이트/브이피코폴리머, 다이메티콘, 글리세릴폴리메타크릴레이트, 폴리글리세릴-10스테아레이트, 하이드로제네이티드레시틴, 해바라기씨오일, 하이드록시에틸아크릴레이트/소듐아크릴로일다이메틸타우레이트코폴리머, 카보머, 향료, 트로메타민, 글리세릴스테아레이트, 폴리실리콘-11, 소듐설파이트, 레티놀, 당근추출물, 알란토인, 글리세릴카프릴레이트, 쌀겨왁스, 만니톨, 펜틸렌글라이콜, 다이메틸아이소소바이드, 스테아릭애씨드, 폴리글리세릴-3메틸글루코오스다이스테아레이트, 팔미틱애씨드, 다이소듐이디티에이, 코질메틸렌다이옥시신나메이트, 에틸헥실글리세린, 솔비탄아이소스테아레이트, 비에이치티, 하이드록시피나콜론레티노에이트, 베타-카로틴, 미리스틱애씨드, 프로판다이올, 에스에이치-펜타펩타이드-12에스피, 1,2-헥산다이올, 라우릭애씨드, 에스에이치-폴리펩타이드-121, 아라비아고무나무검, 소듐하이알루로네이트, 아세틸테트라펩타이드-11, 하이드롤라이즈드하이알루로닉애씨드, 소듐하이알루로네이트크로스폴리머, 프로필렌글라이콜알지네이트, 아스코빅애씨드, 메도우폼씨오일, 하이알루로닉애씨드, 3-O-에틸아스코빅애씨드, 글루타티온, 소듐아세틸레이티드하이알루로네이트 * 레티놀 함량 4,162 IU/g(0.12%)",아이오페,아이오페_레티놀 0.1% 기획세트 + 월리 우프 무드등
레티놀 레티젝션 세럼 50ml 기획세트 + 월리 우프 무드등,https://www.amoremall.com/kr/ko/product/detail?onlineProdSn=67587,71280.0,50ml,50.0,ml,"정제수, 부틸렌글라이콜, 글리세린, 카프릴릭/카프릭트라이글리세라이드, 칼슘알루미늄보로실리케이트, 다이메티콘, 나이아신아마이드, 시어버터, 판테놀, C14-22알코올, 세테아릴알코올, 토코페롤, 토코페릴아세테이트, 폴리글리세릴-3다이스테아레이트, 글리세릴스테아레이트, 해바라기씨오일, 팔미틱애씨드, 스테아릭애씨드, 돌콩오일, C12-20알킬글루코사이드, 다이메틸아이소소바이드, 카보머, 소듐설파이트, 당근추출물, 알란토인, 글리세릴카프릴레이트, 트로메타민, 펜틸렌글라이콜, 소듐메타포스페이트, 코질메틸렌다이옥시신나메이트, 에틸헥실글리세린, 아데노신, 레티놀, 글리세릴스테아레이트시트레이트, 하이드록시피나콜론레티노에이트, 베타-카로틴, 아라비아고무나무검, 비에이치티, 프로필렌글라이콜알지네이트 (순수레티놀 함량 880IU)",아이오페,아이오페_레티놀 레티젝션 세럼 50ml 기획세트 + 월리 우프 무드등
브라이트닝 기미 에센스 기획세트 45ml,https://www.amoremall.com/kr/ko/product/detail?onlineProdSn=67401,70000.0,45ml,45.0,ml,"정제수, 글리세린, 부틸렌글라이콜, 변성알코올, 1,2-헥산다이올, 베타인, 카프릴릭/카프릭트라이글리세라이드, 다이메티콘, 암모늄아크릴로일다이메틸타우레이트/브이피코폴리머, 하이드로제네이티드레시틴, 사카라이드아이소머레이트, 프로판다이올, 하이드록시에틸아크릴레이트/소듐아크릴로일다이메틸타우레이트코폴리머, 에탄올, 토코페롤, 티몰트라이메톡시신나메이트, 잔탄검, 콜레스테롤, 글리세릴카프릴레이트, 폴리메틸메타크릴레이트, 향료, 글라이코리피드, 에틸헥실글리세린, 아데노신, 솔비탄아이소스테아레이트, 베타-글루칸, 스페인감초뿌리추출물, 소듐메틸스테아로일타우레이트, 소듐시트레이트, 시트릭애씨드",아이오페,아이오페_브라이트닝 기미 에센스 기획세트 45ml
맨 올데이 퍼펙트 올인원 기획세트 120ml,https://www.amoremall.com/kr/ko/product/detail?onlineProdSn=67399,38000.0,120ml,120.0,ml,"정제수, 글리세린, 베타인, 변성알코올, 다이프로필렌글라이콜, 사이클로펜타실록세인, 나이아신아마이드, 1,2-헥산다이올, 실리카, 사이클로헥사실록세인, 세테아릴알코올, 다이메티콘올, 아크릴레이트/C10-30알킬아크릴레이트크로스폴리머, 글리세릴스테아레이트, 트로메타민, 향료, 하이드로제네이티드레시틴, 토코페롤, 글리세릴카프릴레이트, 프로판다이올, 스테아릭애씨드, 폴리글리세릴-3메틸글루코오스다이스테아레이트, 팔미틱애씨드, 에틸헥실글리세린, 멘톡시프로판다이올, 아데노신, 펜틸렌글라이콜, 덱스트린, 다이소듐이디티에이, 페퍼민트추출물, 바이오사카라이드검-1, 맥주효모추출물, 미리스틱애씨드, 라우릭애씨드",아이오페,아이오페_맨 올데이 퍼펙트 올인원 기획세트 120ml
XMD 스템3 클리니컬 리커버리 세럼 기획세트 50ml,https://www.amoremall.com/kr/ko/product/detail?onlineProdSn=67397,95000.0,50ml,50.0,ml,"정제수, 부틸렌글라이콜, 글리세린, 다이프로필렌글라이콜, 나이아신아마이드, 베타인, 카프릴릭/카프릭트라이글리세라이드, 1,2-헥산다이올, 다이메티콘, 암모늄아크릴로일다이메틸타우레이트/브이피코폴리머, 폴리글리세릴-6카프릴레이트, 폴리글리세릴-4카프레이트, 프로판다이올, 하이드로제네이티드레시틴, 알란토인, 에탄올, 아시아티코사이드, 소듐메틸스테아로일타우레이트, 마데카식애씨드, 콜레스테롤, 만니톨, 클로렐라 프로토테코이데스추출물, 아시아틱애씨드, 에틸헥실글리세린, 아데노신, 하이드롤라이즈드디엔에이, 덱스트린, 하이알루로닉애씨드, 카카오추출물, 양파추출물, 아세틸테트라펩타이드-11, 토코페롤",아이오페,아이오페_XMD 스템3 클리니컬 리커버리 세럼 기획세트 50ml
비타민C 엑스퍼트25% 토닝앰플 기획세트 23ml,https://www.amoremall.com/kr/ko/product/detail?onlineProdSn=67396,55000.0,23ml,23.0,ml,"정제수, 아스코빅애씨드, 프로필렌글라이콜, 프로판다이올, 베타인, 변성알코올, 3-O-에틸아스코빅애씨드, 아이소펜틸다이올, 판테놀, 다이메틸아이소소바이드, 부틸렌글라이콜, 피피지-13-데실테트라데세스-24, 글루코노락톤, 포타슘하이드록사이드, 펜틸렌글라이콜, 글루타티온, 아세틸글루코사민, 소듐메타포스페이트, 향료, 치자추출물, 아스코빌글루코사이드, 아스코빌테트라이소팔미테이트, 잔탄검, 페룰릭애씨드, 리모넨, 덱스트린, 서양톱풀추출물",아이오페,아이오페_비타민C 엑스퍼트25% 토닝앰플 기획세트 23ml
멀티 비타민 10% 얼티밋 토닝 겔 마스크,https://www.amoremall.com/kr/ko/product/detail?onlineProdSn=66992,35000.0,5매 (30g*5ea),5.0,매,"정제수, 글리세린, 다이프로필렌글라이콜, 나이아신아마이드(50,000.01 ppm), 판테놀(49,850.1 ppm), 펜타에리스리틸테트라에틸헥사노에이트, 세틸에틸헥사노에이트, 1,2-헥산다이올, 캐롭검, 시어버터, 아이리쉬모스가루, 카라기난, 에틸헥실올리베이트, 셀룰로오스검, 소듐아크릴레이트코폴리머, 포타슘클로라이드, 폴리글리세릴-4올리에이트, 알진, 수크로오스, 부틸렌글라 이콜, 호호바에스터, 혼합글리세릴스테아레이트, 모란뿌리추출물, 병풀추출물, 아데노신, 스테아릴알코올, 세틸알코올, 마트리카리아꽃추출물, 소듐스테아로일글루타메이트, 해바라기씨왁스, 글리세릴카프릴레이트, 치자추출물, 토코페롤(100.1001 ppm), 에틸헥실글리세린, 판토락톤, 말토덱스트린, 돌콩오일, 덱스트린, 사이아노코발아민(20.0001 ppm), 글루타티온, 소듐아스코빌 포스페이트(10.05 ppm), 마그네슘아스코빌포스페이트(10 ppm), 아스코빌글루코사이드(10 ppm), 아스코빅애씨드(10 ppm), 페룰릭애씨드, 콜라겐, 아스코빌테트라이소팔미테이트(10 ppm), 3-O-에틸아스코빅애씨드(10 ppm), 폴리글리세린-3, 레티놀(5 ppm), 하이드로제네이티드레시틴, 폴리글리세릴-10스테아레이트, 피리독신(0.001 ppm), 폴릭애씨드(0.001 ppm), 바이오틴 (0.001 ppm), 이노시톨, 티아민에이치씨엘(0.00001 ppm), 베타-카로틴(0.00001 ppm), 리보플라빈(0.00001 ppm), 리놀레익애씨드(0.00001 ppm), 다이소듐이디티에이, 향료, 리모넨",아이오페,아이오페_멀티 비타민 10% 얼티밋 토닝 겔 마스크
레티놀 레티젝션 세럼 50ml,https://www.amoremall.com/kr/ko/product/detail?onlineProdSn=66535,88000.0,50ml,50.0,ml,"정제수, 부틸렌글라이콜, 글리세린, 카프릴릭/카프릭트라이글리세라이드, 칼슘알루미늄보로실리케이트, 다이메티콘, 나이아신아마이드, 시어버터, 판테놀, C14-22알코올, 세테아릴알코올, 토코페롤, 토코페릴아세테이트, 폴리글리세릴-3다이스테아레이트, 글리세릴스테아레이트, 해바라기씨오일, 팔미틱애씨드, 스테아릭애씨드, 돌콩오일, C12-20알킬글루코사이드, 다이메틸아이소소바이드, 카보머, 소듐설파이트, 당근추출물, 알란토인, 글리세릴카프릴레이트, 트로메타민, 펜틸렌글라이콜, 소듐메타포스페이트, 코질메틸렌다이옥시신나메이트, 에틸헥실글리세린, 아데노신, 레티놀, 글리세릴스테아레이트시트레이트, 하이드록시피나콜론레티노에이트, 베타-카로틴, 아라비아고무나무검, 비에이치티, 프로필렌글라이콜알지네이트 (순수레티놀 함량 880IU)",아이오페,아이오페_레티놀 레티젝션 세럼 50ml
레티놀 세럼 인 겔 마스크,https://www.amoremall.com/kr/ko/product/detail?onlineProdSn=65562,112500.0,15매 (30g*15ea),15.0,매,"정제수, 글리세린, 다이프로필렌글라이콜, 세틸에틸헥사노에이트, 나이아신아마이드, 1,2-헥산다이올, 아이리쉬모스추출물, 캐롭검, 베타인, 시어버터, 셀룰로오스검, 에틸헥실올리베이트, 잔탄검, 폴리아크릴레이트-13, 부틸렌글라이콜, 글리세릴스테아레이트, 솔비탄세스퀴올리에이트, 소듐아크릴레이트코폴리머, 카라기난, 폴리글리세릴-4올리에이트, 에틸헥실글리세린, 덱스트린, 서양배추출물, 글루코만난, 폴리글리세릴-10라우레이트, 아데노신, 하이드로제네이티드폴리아이소부텐, 트레할로오스, 다이메틸아이소소바이드, 하이드록시에틸아크릴레이트/소듐아크릴로일다이메틸타우레이트코폴리머, 다마스크장미꽃수, 돌콩오일, 포타슘클로라이드, 소듐파이테이트, 하이드로제네이티드폴리(C6-14올레핀), 오리스뿌리추출물, 소듐스테아로일글루타메이트, 멜론추출물, 에틸헥실팔미테이트, 서양송악잎/줄기추출물, 코질메틸렌다이옥시신나메이트, 솔비탄아이소스테아레이트, 황련뿌리추출물, 펜틸렌글라이콜, 콜라겐추출물, 하이드록시피나콜론레티노에이트, 레티놀, 시트릭애씨드, 엑토인, 소듐하이알루로네이트, 카보머, 소듐디엔에이, 비에이치티, 토코페롤, 아라비아고무나무검, 프로필렌글라이콜알지네이트(순수 레티놀 23ppm)",아이오페,아이오페_레티놀 세럼 인 겔 마스크
스킨 부스터 앰플 필 패드 기획세트,https://www.amoremall.com/kr/ko/product/detail?onlineProdSn=64746,25000.0,본품 5매 증정 1매,5.0,매,"(STEP 1) 정제수, 부틸렌글라이콜, 글루코노락톤, 트로메타민, 락틱애씨드, 아이소펜틸다이올, 프로판다이올, 1,2-헥산 다이올, 다이프로필렌글라이콜, 폴리글리세릴-10라우레이트, 글리세린, 에틸헥실글리세린, 비닐다이메티콘, 다이소듐 이디티에이, 하이드로제네이티드레시틴, 살리실릭애씨드, 카프릴로일살리실릭애씨드, 토코페롤 / (STEP 2) 정제수, 부틸렌글라이콜, 글리세린, 나이아신아마이드, 1,2-헥산다이올, 마이크로크리스탈린셀룰로오스, 폴리 글리세릴-10미리스테이트, 셀룰로오스검, 효모발효여과물, 아크릴레이트/C10-30알킬아크릴레이트크로스폴리머, 에 틸헥실글리세린, 트레할로오스, 알란토인, 소듐파이루베이트, 아데노신, 알지닌, 트라이에틸헥사노인, 다이페닐다이메 티콘, 덱스트린, 프로판다이올, 맥주효모추출물, 소듐하이알루로네이트, 프로필렌글라이콜, 토코페롤, 다이소듐이디티에이",아이오페,아이오페_스킨 부스터 앰플 필 패드 기획세트
비타민C 엑스퍼트 40% 마스크 컨센트레이트 15g,https://www.amoremall.com/kr/ko/product/detail?onlineProdSn=64140,59000.0,[본품] 아이오페 비타민C 엑스퍼트 40% 마스크컨센트레이트 15g [증정] 아이오페 피디알엔 카페인 샷 5ml 아이오페 UV 쉴드 선 앰플 10ml,40.0,g,"아스코빅애씨드, 페닐트라이메티콘, 실리카다이메틸실릴레이트, 하이드로제네이티드폴리아이소부텐, 카프릴릭/카프릭트라이글리세라이드, 비닐다이메티콘/메티콘실세스퀴옥세인크로스폴리머, 카프릴릴메티콘, C12-15알킬벤조에이트, 세틸에틸헥사노에이트, 하이드로제네이티드캐스터오일다이머다이리놀레에이트, 트라이에틸헥사노인, 폴리글리세릴-4다이아이소스테아레이트/폴리하이드록시스테아레이트/세바케이트, 다이아이소스테아로일폴리글리세릴-3다이머다이리놀리에이트, 폴리메틸메타크릴레이트, 티몰트라이메톡시신나메이트, 코질메틸렌다이옥시신나메이트, 니코틴아마이드모노뉴클레오타이드, 메틸메타크릴레이트/아크릴로나이트릴코폴리머, 레스베라트롤, 콩폴리펩타이드",아이오페,아이오페_비타민C 엑스퍼트 40% 마스크 컨센트레이트 15g
바이오 컨디셔닝 에센스 하이드로 인핸싱 마스크 10매,https://www.amoremall.com/kr/ko/product/detail?onlineProdSn=60801,30000.0,10매,10.0,매,"효모발효여과물, 프로판다이올, 정제수, 1,2-헥산다이올, 베타인, 나이아신아마이드, 부틸렌글라이콜, 글리세린, 폴리글리세린-3, 아크릴레이트/C10-30알킬아크릴레이트크로스폴리머, 트로메타민, 에틸헥실글리세린, 아데노신, 덱스트린, 다이소듐이디티에이, 맥주효모추출물, 소듐파이루베이트, 소듐하이알루로네이트, 하이드롤라이즈드하이알루로닉애씨드, 소듐하이알루로네이트크로스폴리머, 하이알루로닉애씨드, 소듐아세틸레이티드하이알루로네이트",아이오페,아이오페_바이오 컨디셔닝 에센스 하이드로 인핸싱 마스크 10매
레티놀 슈퍼 바운스 세럼 50ml,https://www.amoremall.com/kr/ko/product/detail?onlineProdSn=60013,83000.0,50ml,50.0,ml,"정제수, 부틸렌글라이콜, 스쿠알란, 메틸트라이메티콘, 글리세린, 비스-하이드록시에톡시프로필다이메티콘, 1,2-헥산다이올, 락토바실러스발효용해물, C14-22알코올, 시어버터, 팔미틱애씨드, 해바라기씨오일, 스테아릭애씨드, 글리세릴스테아레이트, 피이지-100스테아레이트, 하이드록시에틸아크릴레이트/소듐아크릴로일다이메틸타우레이트코폴리머, 다이메틸아이소소바이드, C12-20알킬글루코사이드, 돌콩오일, 카보머, 만니톨, 당근추출물, 글리세릴카프릴레이트, 트로메타민, 다이소듐이디티에이, 코질메틸렌다이옥시신나메이트, 에틸헥실글리세린, 펜틸렌글라이콜, 잔탄검, 마데카소사이드, 하이드록시피나콜론레티노에이트, 솔비탄아이소스테아레이트, 레티놀, 트레할로오스, 베타-카로틴, 토코페롤, 비에이치티, 아라비아고무나무검, 아세틸테트라펩타이드-11, 하이드로제네이티드포스파티딜콜린, 편백잎추출물, 데카펩타이드-4, 소듐올리에이트, 프로필렌글라이콜알지네이트, 벼에스에이치-올리고펩타이드-1 * 레티놀 함량 509 IU/g (0.015%)",아이오페,아이오페_레티놀 슈퍼 바운스 세럼 50ml
바이오 컨디셔닝 에센스 기획세트 84ml,https://www.amoremall.com/kr/ko/product/detail?onlineProdSn=58347,30000.0,84ml+48ml,84.0,ml,"효모발효여과물, 부틸렌글라이콜, 프로판다이올, 글리세린, 나이아신아마이드, 1,2-헥산다이올, 다이에톡시에틸석시네이트, 소듐파이루베이트, 에틸헥실글리세린, 아데노신, 덱스트린, 다이소듐이디티에이, 맥주효모추출물",아이오페,아이오페_바이오 컨디셔닝 에센스 기획세트 84ml
에이피 프라임 리저브 리트리니티 메쉬 파운데이션 스펀지 2개입,https://www.amoremall.com/kr/ko/product/detail?onlineProdSn=62939,14000.0,,,,,에이피뷰티,에이피뷰티_에이피 프라임 리저브 리트리니티 메쉬 파운데이션 스펀지 2개입
마이크로파인 인텐시브 크림 투 폼 클렌저 150g,https://www.amoremall.com/kr/ko/product/detail?onlineProdSn=64627,53000.0,150g,150.0,g,"정제수, 글리세린, 포타슘코코일글리시네이트, 소듐라우로일글루타메이트, 글리세릴스테아레이트, 글라이콜다이스테아레이트, 소듐코코일글라이시네이트, 라우릴하이드록시설테인, 시트릭애씨드, 락토바실러스발효용해물, 코코-글루코사이드, 하이드록시프로필스타치포스페이트, 향료, 데실글루코사이드, 소듐클로라이드, 부틸렌글라이콜, 소듐메타포스페이트, 글리세릴카프릴레이트, 하이드록시프로필구아하이드록시프로필트라이모늄클로라이드, 스핑고모나스발효추출물, 에틸헥실글리세린, 다이포타슘글리시리제이트, 알란토인, 1,2-헥산다이올, 하이알루로닉애씨드, 마데카소사이드, 알지닌, 검정콩오일, 프로판다이올, 세라마이드엔피, 소듐하이알루로네이트, 피토스핑고신, 하이드로제네이티드레시틴, 토코페롤, 하이드롤라이즈드하이알루로닉애씨드, 소듐하이알루로네이트크로스폴리머, 카놀라오일, 로즈마리잎추출물, 소듐아세틸레이티드하이알루로네이트",에이피뷰티,에이피뷰티_마이크로파인 인텐시브 크림 투 폼 클렌저 150g
프라임 리저브 리트리니티 메쉬 파운데이션 12g,https://www.amoremall.com/kr/ko/product/detail?onlineProdSn=63214,34000.0,,,,,에이피뷰티,에이피뷰티_프라임 리저브 리트리니티 메쉬 파운데이션 12g
NEW 에이오 리부트 앤 리뉴 에센스 80ml,https://www.amoremall.com/kr/ko/product/detail?onlineProdSn=64632,89000.0,80ml,80.0,ml,"정제수, 글리세린, 프로판다이올, 폴리글리세린-3, 1,2-헥산다이올, 다이에톡시에틸석시네이트, 흑차추출물, 판테놀, 글리세릴글루코사이드, 덱스트린, 베타인, 에틸헥실글리세린, 아데노신, 사이클로덱스트린, 하이드록시프로필사이클로덱스트린, 마데카소사이드, 프로테아제, 하이드롤라이즈드프로안토시아니딘, 바이오플라보노이드",에이피뷰티,에이피뷰티_NEW 에이오 리부트 앤 리뉴 에센스 80ml
리쥬브네이팅 부스터 샷 엠디 세럼 30ml,https://www.amoremall.com/kr/ko/product/detail?onlineProdSn=66734,132000.0,30ml,30.0,ml,"정제수, 글리세린, 부틸렌글라이콜, 나이아신아마이드, 메틸글루세스-20, 1,2-헥산다이올, 소듐하이알루로네이트, 피피지-13-데실테트라데세스-24, 프로판다이올, 에틸헥실글리세린, 베타인, 아데노신, 시트릭애씨드, 소듐메타포스페이트, 만니톨, 소듐시트레이트, 자일리톨, 향료, 프로필렌글라이콜, 에피갈로카테킨갈레이트, 녹차추출물, 글루타티온, 하이드롤라이즈드하이알루로닉애씨드, 하이드롤라이즈드디엔에이, 실리카, 소듐하이알루로네이트크로스폴리머, 글리세릴카프릴레이트, 토코페롤, 하이알루로닉애씨드, 소듐트라이메타포스페이트, 프로테아제, 잔탄검, 소듐아세틸레이티드하이알루로네이트, 다이아몬드가루, 소듐벤조에이트, 포타슘솔베이트, 락틱애씨드",에이피뷰티,에이피뷰티_리쥬브네이팅 부스터 샷 엠디 세럼 30ml
에이피 리파이닝 파우더 투 폼 클렌저 55g,https://www.amoremall.com/kr/ko/product/detail?onlineProdSn=61432,79000.0,55g,55.0,g,"만니톨, 소듐코코일글라이시네이트, 옥수수전분, 소듐코코일이세티오네이트, 실리카, 포타슘라우레이트, 다이소듐코코일글루타메이트, 베타인, 알란토인, 카올린, 덱스트린, 리모넨, 향료, 잔탄검, 하이드록시프로필구아하이드록시프로필트라이모늄클로라이드, 소듐메타포스페이트, 사이클로덱스트린, 하이드록시프로필메틸셀룰로오스, 프로테아제, 치자추출물, 시트랄, 정제수, 리날룰, 아스코빅애씨드, 프로판다이올, 소듐하이알루로네이트, 1,2-헥산다이올, 하이드롤라이즈드하이알루로닉애씨드, 소듐하이알루로네이트크로스폴리머, 하이알루로닉애씨드, 에틸헥실글리세린, 소듐아세틸레이티드하이알루로네이트",에이피뷰티,에이피뷰티_에이피 리파이닝 파우더 투 폼 클렌저 55g
에이오 트리플 디펜스 에어리 선 세럼 40ml,https://www.amoremall.com/kr/ko/product/detail?onlineProdSn=63154,89000.0,40ml,40.0,ml,"정제수, 다이부틸아디페이트, 프로판다이올, 드로메트리졸트리실록산, 에칠헥실트리아존, 나이아신아마이드, 디에칠아미노하이드록시벤조일헥실벤조에이트, 테레프탈릴리덴디캠퍼설포닉애씨드, 1,2-헥산다이올, 베헤닐알코올, 소듐폴리아크릴로일다이메틸타우레이트, 트로메타민, 페닐트라이메티콘, 카프릴릴메티콘, 폴리아크릴레이트크로스폴리머-6, 아라키딜알코올, 포타슘세틸포스페이트, 글리세린, 에틸헥실글리세린, 카프릴릴글라이콜, 아라키딜글루코사이드, 폴리글리세린-3, 아데노신, 향료, 소듐메타포스페이트, 엑토인, 흑차추출물, 적색산화철, 판테놀, 글리세릴글루코사이드, 토코페롤",에이피뷰티,에이피뷰티_에이오 트리플 디펜스 에어리 선 세럼 40ml
에이피 에이오 리부트 앤 리뉴 에센스 150ml,https://www.amoremall.com/kr/ko/product/detail?onlineProdSn=60764,152000.0,150 ml,150.0,ml,"정제수, 글리세린, 프로판다이올, 폴리글리세린-3, 1,2-헥산다이올, 다이에톡시에틸석시네이트, 흑차추출물, 판테놀, 글리세릴글루코사이드, 덱스트린, 베타인, 에틸헥실글리세린, 아데노신, 사이클로덱스트린, 하이드록시프로필사이클로덱스트린, 마데카소사이드, 프로테아제, 하이드롤라이즈드프로안토시아니딘, 바이오플라보노이드",에이피뷰티,에이피뷰티_에이피 에이오 리부트 앤 리뉴 에센스 150ml
에이피 얼티밋 오일 투 밀크 클렌저 200ml,https://www.amoremall.com/kr/ko/product/detail?onlineProdSn=63993,72000.0,200 ml,200.0,ml,"세틸에틸헥사노에이트, 다이카프릴릴카보네이트, 폴리글리세릴-10다이올리에이트, 펜타에리스리틸테트라에틸헥사노에이트, 피이지-8글리세릴아이소스테아레이트, 리모넨, 향료, 트라이올레인, 녹차씨오일, 시트랄, 토코페롤, 리날룰, 코코넛야자오일, 식물성오일",에이피뷰티,에이피뷰티_에이피 얼티밋 오일 투 밀크 클렌저 200ml
프라임 리저브 리트리니 메쉬 파운데이션 케이스,https://www.amoremall.com/kr/ko/product/detail?onlineProdSn=63489,34000.0,,,,,에이피뷰티,에이피뷰티_프라임 리저브 리트리니 메쉬 파운데이션 케이스
퍼밍 앤 래디언스 플럼핑 에멀전 150ml,https://www.amoremall.com/kr/ko/product/detail?onlineProdSn=66731,110000.0,150ml,150.0,ml,"정제수, 부틸렌글라이콜, 락토바실러스발효용해물, 글리세린, 프로판다이올, 베타인, 카프릴릭/카프릭트라이글리세라이드, 1,2-헥산다이올, 글리세릴폴리메타크릴레이트, 암모늄아크릴로일다이메틸타우레이트/브이피코폴리머, 하이드로제네이티드레시틴, 에틸헥실글리세린, 잔탄검, 콜레스테롤, 글리세릴카프릴레이트, 아데노신, 프로필렌글라이콜, 향료, 알란토인, 소듐하이알루로네이트, 베타-글루칸, 말토덱스트린, 동백나무씨오일, 사포닌, 메틸프로판다이올, 토코페롤",에이피뷰티,에이피뷰티_퍼밍 앤 래디언스 플럼핑 에멀전 150ml
퍼밍 앤 래디언스 플럼핑 로션 150ml,https://www.amoremall.com/kr/ko/product/detail?onlineProdSn=66730,110000.0,150ml,150.0,ml,"정제수, 프로판다이올, 락토바실러스발효용해물, 글리세린, 1,2-헥산다이올, 베타인, 다이에톡시에틸석시네이트, 판테놀, 만니톨, 다이소듐이디티에이, 아데노신, 프로필렌글라이콜, 부틸렌글라이콜, 소듐하이알루로네이트, 합성왁스, 에틸헥실글리세린, 식물성스쿠알란, 하이드로제네이티드레시틴, 폴리글리세릴-10스테아레이트, 아세틸테트라펩타이드-11, 세라마이드엔피, 콜레스테롤, 스테아릭애씨드, 팔미틱애씨드, 소듐알엔에이, 토코페롤",에이피뷰티,에이피뷰티_퍼밍 앤 래디언스 플럼핑 로션 150ml
에이피 에이오 리부트 앤 리뉴 더블 컨센트레이트 40ml,https://www.amoremall.com/kr/ko/product/detail?onlineProdSn=62851,198000.0,40ml,40.0,ml,"정제수, 에틸헥실스테아레이트, 다이카프릴릴카보네이트, 프로판다이올, 코코-카프릴레이트/카프레이트, 카프릴릭/카프릭트라이글리세라이드, 글리세린, 1,2-헥산다이올, 소듐클로라이드, 베타인, 나이아신아마이드, 트라이올레인, 향료, 토코페롤, 녹차씨오일, 에틸헥실글리세린, 해바라기씨오일, 폴리글리세린-3, 다이소듐이디티에이, 아데노신, 부틸렌글라이콜, 하이드록시프로필사이클로덱스트린, 덱스트린, 당근추출물, 흑차추출물, 판테놀, 글리세릴글루코사이드, 사이클로덱스트린, 카카오추출물, 하이드롤라이즈드프로안토시아니딘, 흑효모발효물, 리모넨, 카프릴릴글라이콜, 프로테아제, 베타-카로틴, 식물성오일, 아세틸테트라펩타이드-2",에이피뷰티,에이피뷰티_에이피 에이오 리부트 앤 리뉴 더블 컨센트레이트 40ml
에이피 듀얼 리페어 리프트 크림 30ml,https://www.amoremall.com/kr/ko/product/detail?onlineProdSn=62995,260000.0,30ml,30.0,ml,"정제수, 락토바실러스발효용해물, 글리세린, 프로판다이올, 다이메티콘, 베타인, 다이프로필렌글라이콜, 아이소도데케인, 세라마이드엔피, 합성왁스, 1,2-헥산다이올, 라우릴피이지-9폴리다이메틸실록시에틸다이메티콘, 피이지-15/라우릴다이메티콘크로스폴리머, 락토바실러스발효물, 부틸렌글라이콜, 소듐클로라이드, 판테놀, 피이지-10다이메티콘, 마그네슘설페이트, 칸데릴라왁스에스터, 폴리실리콘-11, 프로필렌글라이콜, 폴리메틸실세스퀴옥세인, 하이드록시프로필스타치포스페이트, 나일론-12, 티타늄디옥사이드 (CI 77891), 피마자씨오일, 에틸헥실글리세린, 카나우바왁스, 다이소듐이디티에이, 다이메티콘올, 아데노신, 마데카소사이드, 라우로일라이신, 광곽향오일, 바이오플라보노이드, 알루미나, 단향오일, 효모폴리펩타이드, 토코페롤, 유향나무검추출물, 로즈마리잎오일, 아라비안자스민꽃추출물, 오렌지꽃오일, 마트리카리아꽃오일, 카퍼트라이펩타이드-1, 소듐알엔에이, 비터오렌지꽃추출물, 바닐라열매추출물, 스피어민트잎오일, 목서꽃추출물, 머스크씨드씨추출물",에이피뷰티,에이피뷰티_에이피 듀얼 리페어 리프트 크림 30ml
에이피 프라임 리저브 리트리니티 세럼 30ml,https://www.amoremall.com/kr/ko/product/detail?onlineProdSn=61493,670000.0,30ml,30.0,ml,"코코-카프릴레이트/카프레이트, 글리세린, 정제수, 호호바씨오일, 메틸트라이메티콘, 수크로오스스테아레이트, 페닐트라이메티콘, 수크로오스라우레이트, 카프릴릴메티콘, 향료, 피씨에이다이메티콘, 만니톨, 녹차수, 사이클로덱스트린, 다이소듐이디티에이, 부틸렌글라이콜, 아데노신, 카보머, 녹차추출물, 흑효모발효물, 프로판다이올, 에탄올, 리날룰, 1,2-헥산다이올, 제라니올, 알파-아이소메틸아이오논, 리모넨, 바이오플라보노이드, 시트로넬올, 소듐하이알루로네이트, 티타늄디옥사이드 (CI 77891), 마이카, 에틸헥실글리세린, 아세틸테트라펩타이드-11, 적색산화철, 소듐벤조에이트, 락틱애씨드, 피탄트라이올, 페릭페로시아나이드, 포타슘솔베이트, 폴록사머407, 다이아몬드가루, 잔탄검, 암모늄아크릴로일다이메틸타우레이트/브이피코폴리머, 글리세릴카프릴레이트, 카페인, 테아닌, 에피갈로카테킨갈레이트, 캠페롤, 녹차꽃추출물",에이피뷰티,에이피뷰티_에이피 프라임 리저브 리트리니티 세럼 30ml
에이피 리프트 앤 펌 듀얼 아이 트리트먼트,https://www.amoremall.com/kr/ko/product/detail?onlineProdSn=61425,229000.0,15ml,15.0,ml,"정제수, 다이메티콘, 글리세린, 부틸렌글라이콜, 폴리실리콘-11, 다이메티콘/비닐다이메티콘크로스폴리머, 하이드로제네이티드폴리아이소부텐, 솔비톨, 1,2-헥산다이올, 피이지-10다이메티콘, 펜타에리스리틸테트라에틸헥사노에이트, 프로판다이올, 피씨에이다이메티콘, 하이드록시에틸아크릴레이트/소듐아크릴로일다이메틸타우레이트코폴리머, 스테아릴베헤네이트, 말티톨, 폴리글리세릴-3메틸글루코오스다이스테아레이트, 카보머, 이눌린라우릴카바메이트, 글리세릴카프릴레이트, 잔탄검, 에틸헥실글리세린, 나이아신아마이드, 트로메타민, 스클레로튬검, 소듐하이알루로네이트크로스폴리머-6, 하이드록시프로필비스팔미타마이드엠이에이, 폴리메틸실세스퀴옥세인, 에이치디아이/트라이메틸올헥실락톤크로스폴리머, 포타슘세틸포스페이트, 아데노신, 솔비탄아이소스테아레이트, 폴리솔베이트60, 다이소듐이디티에이, 피마자씨오일, 카페인, 하이드롤라이즈드식물성단백질, 소듐벤조에이트, 폴리메틸메타크릴레이트, 티몰트라이메톡시신나메이트, 광곽향오일, 단향오일, 유향나무검추출물, 로즈마리잎오일, 토코페롤, 카프릴릴글라이콜, 아세틸테트라펩타이드-5, 아라비안자스민꽃추출물, 오렌지꽃오일, 마트리카리아꽃오일, 아세틸헵타펩타이드-4, 비터오렌지꽃추출물, 바닐라열매추출물, 스피어민트잎오일, 목서꽃추출물, 암브레트씨추출물, 아세틸헥사펩타이드-8, 소듐하이드록사이드, 헥사펩타이드-9, 아세틸옥타펩타이드-3",에이피뷰티,에이피뷰티_에이피 리프트 앤 펌 듀얼 아이 트리트먼트
듀얼 리페어 리프트 크림 마스크 5매 23g*5,https://www.amoremall.com/kr/ko/product/detail?onlineProdSn=63908,170000.0,23g*5,23.0,g,"정제수, 락토바실러스발효용해물, 글리세린, 프로판다이올, 다이메티콘, 세틸에틸헥사노에이트, 부틸렌글라이콜, 시어버터, 1,2-헥산다이올, 스쿠알란, 메도우폼씨오일, 하이드로제네이티드레시틴, 폴리실리콘-11, 판테놀, 펜타에리스리틸테트라에틸헥사노에이트, 아크릴레이트/C10-30알킬아크릴레이트크로스폴리머, 피토스테릴/베헤닐/옥틸도데실라우로일글루타메이트, 소듐폴리아크릴레이트, 트로메타민, 하이드로제네이티드폴리데센, 락토바실러스발효물, 에틸헥실글리세린, 잔탄검, 글리세릴카프릴레이트, 세라마이드엔피, 토코페롤, 콜레스테롤, 스테아릭애씨드, 다이소듐이디티에이, 소듐스테아로일글루타메이트, 아데노신, 피마자씨오일, 팔미틱애씨드, 피피지-5-라우레스-5, 피토스테롤, 광곽향오일, 단향오일, 유향나무검추출물, 로즈마리잎오일, 아라비안자스민꽃추출물, 오렌지꽃오일, 마트리카리아꽃오일, 비터오렌지꽃추출물, 바닐라열매추출물, 스피어민트잎오일, 목서꽃추출물, 암브레트씨추출물",에이피뷰티,에이피뷰티_듀얼 리페어 리프트 크림 마스크 5매 23g*5
에이피 에이오 리부트 앤 리뉴 크림,https://www.amoremall.com/kr/ko/product/detail?onlineProdSn=62794,210000.0,50ml,50.0,ml,"정제수, 부틸렌글라이콜, 글리세린, 다이메티콘, 스쿠알란, 트라이에틸헥사노인, 하이드로제네이티드폴리아이소부텐, 1,2-헥산다이올, 비닐다이메티콘/메티콘실세스퀴옥세인크로스폴리머, 하이드록시에틸아크릴레이트/소듐아크릴로일다이메틸타우레이트코폴리머, 세테아릴올리베이트, 세테아릴알코올, 솔비탄올리베이트, 글리세릴스테아레이트, 아라키딜알코올, 팔미틱애씨드, 스테아릭애씨드, 토코페릴아세테이트, 베헤닐알코올, 프로판다이올, 나이아신아마이드, 글리세릴카프릴레이트, 향료, 아라키딜글루코사이드, 솔비탄아이소스테아레이트, 폴리솔베이트60, 에틸헥실글리세린, 다이소듐이디티에이, 폴리글리세린-3, 아데노신, 소듐스테아로일글루타메이트, 하이드록시프로필사이클로덱스트린, 덱스트린, 흑차추출물, 판테놀, 글리세릴글루코사이드, 사이클로덱스트린, 카카오추출물, 하이드롤라이즈드프로안토시아니딘, 흑효모발효물, 리모넨, 카프릴릴글라이콜, 프로테아제, 토코페롤, 아세틸테트라펩타이드-2",에이피뷰티,에이피뷰티_에이피 에이오 리부트 앤 리뉴 크림
에이피 프라임 리저브 리트리니티 에센스 로션 150ml,https://www.amoremall.com/kr/ko/product/detail?onlineProdSn=61429,259000.0,150ml,150.0,ml,"녹차수, 부틸렌글라이콜, 글리세린, 변성알코올, 1,2-헥산다이올, 정제수, 나이아신아마이드, 글리세릴폴리메타크릴레이트, 메틸글루세스-20, 피피지-13-데실테트라데세스-24, 카페인, 비스 피이지-18메틸에터다이메틸실레인, 카보머, 트로메타민, 덱스트린, 다이소듐이디티에이, 에틸헥실글리세린, 향료, 프로판다이올, 하벌레아 로도펜시스잎추출물, 사이클로덱스트린, 아데노신, 베타인, 잔탄검, 자일리톨, 녹차추출물, 트레할로오스, 에탄올, 흑효모발효물, 락토바실러스발효용해물, 베타 글루칸, 바이오플라보노이드, 리날룰, 폴록사머235, 소듐하이알루로네이트, 녹차뿌리추출물, 에피갈로카테킨갈레이트, 에톡시다이글라이콜, 토코페솔란, 폴록사머338, 토코페롤, 소듐벤조에이트, 락틱애씨드, 포타슘솔베이트, 다이아몬드가루, 카프릴릴글라이콜",에이피뷰티,에이피뷰티_에이피 프라임 리저브 리트리니티 에센스 로션 150ml
에이피 리프트 앤 리뉴 더블 샷 프로그램 1ea,https://www.amoremall.com/kr/ko/product/detail?onlineProdSn=61424,170000.0,(10g+0.9g)*1,10.0,g,"녹차수, 부틸렌글라이콜, 정제수, 글리세린, 만니톨, 다이메티콘, 변성알코올, 폴리글리세린-3, 자일리톨, 베타인, 프로판다이올, 라피노오스, 나이아신아마이드, 1,2-헥산다이올, 하이드로제네이티드폴리(C6-14올레핀), 비스-에톡시다이글라이콜사이클로헥산1,4-다이카복실레이트, 에피갈로카테킨갈레이트, 시트릭애씨드, 세테아릴알코올, 피이지-10다이메티콘, 페닐트라이메티콘, 카프릴릴메티콘, 피이지-40스테아레이트, 향료, 소듐시트레이트, 폴리글리세릴-3메틸글루코오스다이스테아레이트, 하이드록시에틸셀룰로오스, 실리카, 아크릴레이트/C10-30알킬아크릴레이트크로스폴리머, 잔탄검, 글리세릴스테아레이트, 피이지-100스테아레이트, 하이드로제네이티드레시틴, 트로메타민, 글리세릴스테아레이트시트레이트, 티타늄디옥사이드 (CI 77891), 펜틸렌글라이콜, 바이오사카라이드검-1, 사이클로덱스트린, 에틸헥실글리세린, 아데노신, 다이소듐이디티에이, 마이카, 소듐하이알루로네이트, 베타-글루칸, 프로테아제, 녹차추출물, 흑효모발효물, 카프릴릴글라이콜, 덱스트린, 카카오추출물, 리날룰, 제라니올, 바이오플라보노이드, 알파-아이소메틸아이오논, 리모넨, 콜레스테롤, 시트로넬올, 글라이코리피드, 폴리솔베이트60, 다이소듐포스페이트, 틴옥사이드, 토코페롤, 소듐포스페이트, 아세틸테트라펩타이드-11, 소듐벤조에이트, 카페인, 테아닌, 락틱애씨드, 포타슘솔베이트, 다이아몬드가루, 하이드롤라이즈드콜라겐",에이피뷰티,에이피뷰티_에이피 리프트 앤 리뉴 더블 샷 프로그램 1ea
리서페이싱 앤 리페어 에센스 150ml,https://www.amoremall.com/kr/ko/product/detail?onlineProdSn=66337,179000.0,150ml,150.0,ml,"정제수, 락토바실러스발효용해물, 프로판다이올, 부틸렌글라이콜, 글리세린, 글루코노락톤, 소듐시트레이트, 라피노오스, 1,2-헥산다이올, 피이지/피피지-17/6코폴리머, 에틸헥실글리세린, 시트릭애씨드, 석시닉애씨드, 소듐메타포스페이트, 빌베리열매추출물, 사탕수수추출물, 엑토인, 오렌지추출물, 레몬추출물, 설탕단풍추출물, 녹차추출물, 하이드롤라이즈드디엔에이, 프로필렌글라이콜, 소듐하이알루로네이트, 토코페롤",에이피뷰티,에이피뷰티_리서페이싱 앤 리페어 에센스 150ml
에이피 프라임 리저브 리트리니티 크림 50ml,https://www.amoremall.com/kr/ko/product/detail?onlineProdSn=61495,550000.0,50ml,50.0,ml,"녹차수, 부틸렌글라이콜, 다이메티콘, 글리세린, 시어버터, 카프릴릭/카프릭트라이글리세라이드, 하이드로제네이티드폴리아이소부텐, 부틸렌글라이콜다이카프릴레이트/다이카프레이트, 하이드로제네이티드캐스터오일아이소스테아레이트, 펜타에리스리틸테트라에틸헥사노에이트, 하이드로제네이티드식물성오일, 글리세릴스테아레이트, 스테아릴다이메티콘, 세테아릴알코올, 1,2-헥산다이올, 호호바에스터, 나이아신아마이드, 정제수, 폴리실리콘-11, 피이지-100스테아레이트, 카나우바왁스, 스테아릭애씨드, 피이지-40스테아레이트, 팔미틱애씨드, 합성플루오르플로고파이트, 티타늄디옥사이드 (CI 77891), 옥타데센, 아크릴레이트/C10-30알킬아크릴레이트크로스폴리머, 향료, 프로판다이올, 다이메티콘올, 트로메타민, 하이드로제네이티드쌀겨오일, 잔탄검, 글리세릴카프릴레이트, 만니톨, 마이카, 다이소듐이디티에이, 에틸헥실글리세린,사이클로덱스트린, 아데노신, 하이드로제네이티드레시틴, 펜틸렌글라이콜, 트라넥사믹애씨드, 틴옥사이드, 에탄올, 카프릴릴글라이콜, 녹차추출물, 리날룰, 덱스트린, 카카오추출물, 흑효모발효물, 제라니올, 미리스틱애씨드, 알파-아이소메틸아이오논, 소듐스테아로일글루타메이트, 아라키딕애씨드, 리모넨, 바이오플라보노이드, 콜레스테롤, 시트로넬올, 폴록사머235, 소듐하이알루로네이트, 글라이코리피드, 토코페롤, 에피갈로카테킨갈레이트, 에톡시다이글라이콜, 토코페솔란, 폴록사머338, 아세틸테트라펩타이드-11, 카페인, 테아닌, 소듐벤조에이트, 락틱애씨드, 포타슘솔베이트, 다이아몬드가루",에이피뷰티,에이피뷰티_에이피 프라임 리저브 리트리니티 크림 50ml
에이피 프라임 리저브 리트리니티 크림 50ml,https://www.amoremall.com/kr/ko/product/detail?onlineProdSn=61494,610000.0,50ml,50.0,ml,"녹차수, 부틸렌글라이콜, 다이메티콘, 글리세린, 시어버터, 카프릴릭/카프릭트라이글리세라이드, 하이드로제네이티드폴리아이소부텐, 부틸렌글라이콜다이카프릴레이트/다이카프레이트, 하이드로제네이티드캐스터오일아이소스테아레이트, 펜타에리스리틸테트라에틸헥사노에이트, 하이드로제네이티드식물성오일, 글리세릴스테아레이트, 스테아릴다이메티콘, 세테아릴알코올, 1,2-헥산다이올, 호호바에스터, 나이아신아마이드, 정제수, 폴리실리콘-11, 피이지-100스테아레이트, 카나우바왁스, 스테아릭애씨드, 피이지-40스테아레이트, 팔미틱애씨드, 합성플루오르플로고파이트, 티타늄디옥사이드 (CI 77891), 옥타데센, 아크릴레이트/C10-30알킬아크릴레이트크로스폴리머, 향료, 프로판다이올, 다이메티콘올, 트로메타민, 하이드로제네이티드쌀겨오일, 잔탄검, 글리세릴카프릴레이트, 만니톨, 마이카, 다이소듐이디티에이, 에틸헥실글리세린, 사이클로덱스트린, 아데노신, 하이드로제네이티드레시틴, 펜틸렌글라이콜, 트라넥사믹애씨드, 틴옥사이드, 에탄올, 카프릴릴글라이콜, 녹차추출물, 리날룰, 덱스트린, 카카오추출물, 흑효모발효물, 제라니올, 미리스틱애씨드, 알파-아이소메틸아이오논, 소듐스테아로일글루타메이트, 아라키딕애씨드, 리모넨, 바이오플라보노이드, 콜레스테롤, 시트로넬올, 폴록사머235, 소듐하이알루로네이트, 글라이코리피드, 토코페롤, 에피갈로카테킨갈레이트, 에톡시다이글라이콜, 토코페솔란, 폴록사머338, 아세틸테트라펩타이드-11, 카페인, 테아닌, 소듐벤조에이트, 락틱애씨드, 포타슘솔베이트, 다이아몬드가루",에이피뷰티,에이피뷰티_에이피 프라임 리저브 리트리니티 크림 50ml
에이피 프라임 리저브 리트리니티 아이 앤 익스프레션 크림 20ml,https://www.amoremall.com/kr/ko/product/detail?onlineProdSn=61430,330000.0,20ml,20.0,ml,"정제수, 부틸렌글라이콜, 다이메티콘, 폴리글리세릴-3메틸글루코오스다이스테아레이트, 글리세린, 스쿠알란, 베헤닐알코올, 하이드로제네이티드폴리아이소부텐, 1,2-헥산다이올, 피브이피, 하이드로제네이티드캐스터오일아이소스테아레이트, 피토스테릴/베헤닐/옥틸도데실라우로일글루타메이트, 나이아신아마이드, 글리세릴스테아레이트, 피이지-100스테아레이트, 스테아릭애씨드, 비닐다이메티콘/메티콘실세스퀴옥세인크로스폴리머, 팔미틱애씨드, 카페인, 암모늄아크릴로일다이메틸타우레이트/베헤네스-25메타크라일레이트크로스폴리머, 폴리아크릴레이트-13, 합성플루오르플로고파이트, 다이메티콘올, 티타늄디옥사이드 (CI 77891), 카프릴릴글라이콜, 하이드록시에틸셀룰로오스, 향료, 폴리아이소부텐, 에틸헥실글리세린, 다이소듐이디티에이, 사이클로덱스트린, 아데노신, 프로판다이올, 폴리솔베이트20, 솔비탄아이소스테아레이트, 녹차추출물, 덱스트린, 카카오추출물, 흑효모발효물, 틴옥사이드, 미리스틱애씨드, 아라키딕애씨드, 리날룰, 바이오플라보노이드, 제라니올, 폴록사머235, 폴리솔베이트60, 다이소듐포스페이트, 에피갈로카테킨갈레이트, 에톡시다이글라이콜, 베타-글루칸, 토코페솔란, 소듐하이알루로네이트, 폴록사머338, 토코페롤, 소듐포스페이트, 하이드롤라이즈드콜라겐, 소듐벤조에이트, 하이드롤라이즈드하이알루로닉애씨드, 아세틸헵타펩타이드-4, 락틱애씨드, 소듐하이알루로네이트크로스폴리머, 포타슘솔베이트, 다이아몬드가루, 잔탄검, 하이알루로닉애씨드, 아세틸헥사펩타이드-8, 소듐하이드록사이드, 소듐아세틸레이티드하이알루로네이트, 아세틸옥타펩타이드-3",에이피뷰티,에이피뷰티_에이피 프라임 리저브 리트리니티 아이 앤 익스프레션 크림 20ml
에이피 듀얼 리페어 리프트 리퀴드 크림 120ml,https://www.amoremall.com/kr/ko/product/detail?onlineProdSn=61422,245000.0,120ml,120.0,ml,"정제수, 락토바실러스발효용해물, 프로판다이올, 폴리실리콘-11, 글리세린, 부틸렌글라이콜, 세틸에틸헥사노에이트, 시어버터, 1,2-헥산다이올, 스쿠알란, 락토바실러스발효물, 메도우폼씨오일, 하이드로제네이티드레시틴, 판테놀, 펜타에리스리틸테트라에틸헥사노에이트, 프로필렌글라이콜, 피토스테릴/베헤닐/옥틸도데실라우로일글루타메이트, 소듐폴리아크릴레이트, 카보머, 하이드로제네이티드폴리데센, 트로메타민, 에틸헥실글리세린, 폴리메틸실세스퀴옥세인, 잔탄검, 에이치디아이/트라이메틸올헥실락톤크로스폴리머, 포타슘세틸포스페이트, 글리세릴카프릴레이트, 세라마이드엔피, 토코페롤, 콜레스테롤, 스테아릭애씨드, 다이소듐이디티에이, 소듐스테아로일글루타메이트, 피마자씨오일, 아데노신, 팔미틱애씨드, 피피지-5-라우레스-5, 소듐벤조에이트, 마데카소사이드, 광곽향오일, 바이오플라보노이드, 효모폴리펩타이드, 단향오일, 유향나무검추출물, 로즈마리잎오일, 아라비안자스민꽃추출물, 오렌지꽃오일, 카퍼트라이펩타이드-1, 소듐알엔에이, 마트리카리아꽃오일, 비터오렌지꽃추출물, 바닐라열매추출물, 스피어민트잎오일, 목서꽃추출물, 머스크씨드씨추출물",에이피뷰티,에이피뷰티_에이피 듀얼 리페어 리프트 리퀴드 크림 120ml
에이피 듀얼 리페어 리프트 크림 50 ml,https://www.amoremall.com/kr/ko/product/detail?onlineProdSn=61420,415000.0,50 ml,50.0,ml,"정제수, 락토바실러스발효용해물, 글리세린, 프로판다이올, 다이메티콘, 베타인, 다이프로필렌글라이콜, 아이소도데케인, 세라마이드엔피, 합성왁스, 1,2-헥산다이올, 라우릴피이지-9폴리다이메틸실록시에틸다이메티콘, 피이지-15/라우릴다이메티콘크로스폴리머, 락토바실러스발효물, 부틸렌글라이콜, 소듐클로라이드, 판테놀, 피이지-10다이메티콘, 마그네슘설페이트, 칸데릴라왁스에스터, 폴리실리콘-11, 프로필렌글라이콜, 폴리메틸실세스퀴옥세인, 하이드록시프로필스타치포스페이트, 나일론-12, 티타늄디옥사이드 (CI 77891), 피마자씨오일, 에틸헥실글리세린, 카나우바왁스, 다이소듐이디티에이, 다이메티콘올, 아데노신, 마데카소사이드, 라우로일라이신, 광곽향오일, 바이오플라보노이드, 알루미나, 단향오일, 효모폴리펩타이드, 토코페롤, 유향나무검추출물, 로즈마리잎오일, 아라비안자스민꽃추출물, 오렌지꽃오일, 마트리카리아꽃오일, 카퍼트라이펩타이드-1, 소듐알엔에이, 비터오렌지꽃추출물, 바닐라열매추출물, 스피어민트잎오일, 목서꽃추출물, 머스크씨드씨추출물",에이피뷰티,에이피뷰티_에이피 듀얼 리페어 리프트 크림 50 ml
퍼밍 앤 래디언스 플럼핑 듀오,https://www.amoremall.com/kr/ko/product/detail?onlineProdSn=67773,192000.0,[로션] 150ml [에멀젼] 150ml,150.0,ml,"[플럼핑로션] 정제수, 부틸렌글라이콜, 락토바실러스발효용해물, 글리세린, 프로판다이올, 베타인, 카프릴릭/카프릭트라이글리세라이드, 1,2-헥산다이올, 글리세릴폴리메타크릴레이트, 암모늄아크릴로일다이메틸타우레이트/브이피코폴리머, 하이드로제네이티드레시틴, 에틸헥실글리세린, 잔탄검, 콜레스테롤, 글리세릴카프릴레이트, 아데노신, 프로필렌글라이콜, 향료, 알란토인, 소듐하이알루로네이트, 베타-글루칸, 말토덱스트린, 동백나무씨오일, 사포닌, 메틸프로판다이올, 토코페롤 [플럼핑에멀전] 정제수, 부틸렌글라이콜, 락토바실러스발효용해물, 글리세린, 프로판다이올, 베타인, 카프릴릭/카프릭트라이글리세라이드, 1,2-헥산다이올, 글리세릴폴리메타크릴레이트, 암모늄아크릴로일다이메틸타우레이트/브이피코폴리머, 하이드로제네이티드레시틴, 에틸헥실글리세린, 잔탄검, 콜레스테롤, 글리세릴카프릴레이트, 아데노신, 프로필렌글라이콜, 향료, 알란토인, 소듐하이알루로네이트, 베타-글루칸, 말토덱스트린, 동백나무씨오일, 사포닌, 메틸프로판다이올, 토코페롤",에이피뷰티,에이피뷰티_퍼밍 앤 래디언스 플럼핑 듀오
프라임 리저브 리트리니티 메쉬 파운데이션 22N + 에이오 트리플 디펜스 에어리 선 세럼 40ml,https://www.amoremall.com/kr/ko/product/detail?onlineProdSn=67654,198000.0,[파운데이션] 12g [선 세럼] 40ml,12.0,g,"[파운데이션] 22N 페탈 베이지 / 녹차수, 티타늄디옥사이드 (CI 77891), 부틸렌글라이콜, 호모살레이트, 트라이에틸헥사노인, 헥실라우레이트, 트라이메틸실록시실리케이트, 부틸렌글라이콜다이카프릴레이트/다이카프레이트, 페닐트라이메티콘, 에칠헥실살리실레이트, 티타늄디옥사이드, 카프릴릴메티콘, 합성왁스, 라우릴폴리글리세릴-3폴리다이메틸실록시에틸다이메티콘, 징크옥사이드, 황색산화철, 다이스테아다이모늄헥토라이트, 다이메티콘, 알루미늄하이드록사이드, 폴리C10-30알킬아크릴레이트, 폴리글리세릴-5폴리리시놀리에이트, 정제수, 솔비탄세스퀴올리에이트, 1,2-헥산다이올, 소듐클로라이드, 비닐다이메티콘/라우릴다이메티콘크로스폴리머, 다이소듐스테아로일글루타메이트, 적색산화철, 스테아릭애씨드, 다이메티콘/폴리글리세린-3크로스폴리머, 향료, 카프릴릴글라이콜, 폴리하이드록시스테아릭애씨드, 에틸헥실글리세린, 흑색산화철, 소듐메타포스페이트, 에틸헥실팔미테이트, 레시틴, 아이소스테아릭애씨드, 아이소프로필팔미테이트, 스테아로일글루타믹애씨드, 사이클로덱스트린, 트라이에톡시카프릴릴실레인, 아데노신, 폴리글리세릴-3폴리리시놀리에이트, 프로필렌글라이콜, 보론나이트라이드, 다이소듐이디티에이, 소듐하이알루로네이트, 프로판다이올, 리날룰, 녹차추출물, 다이프로필렌글라이콜, 글리세린, 제라니올, 알파-아이소메틸아이오논, 흑효모발효물, 리모넨, 동백나무씨추출물, 시트로넬올, 소듐시트레이트, 토코페롤, 쌀겨오일, 소듐벤조에이트, 락틱애씨드, 포타슘솔베이트, 다이아몬드가루, 잔탄검 [선 세럼] 정제수, 다이부틸아디페이트, 프로판다이올, 드로메트리졸트리실록산, 에칠헥실트리아존, 나이아신아마이드, 디에칠아미노하이드록시벤조일헥실벤조에이트, 테레프탈릴리덴디캠퍼설포닉애씨드, 1,2-헥산다이올, 베헤닐알코올, 소듐폴리아크릴로일다이메틸타우레이트, 트로메타민, 페닐트라이메티콘, 카프릴릴메티콘, 폴리아크릴레이트크로스폴리머-6, 아라키딜알코올, 포타슘세틸포스페이트, 글리세린, 에틸헥실글리세린, 카프릴릴글라이콜, 아라키딜글루코사이드, 폴리글리세린-3, 아데노신, 향료, 소듐메타포스페이트, 엑토인, 흑차추출물, 적색산화철, 판테놀, 글리세릴글루코사이드, 토코페롤",에이피뷰티,에이피뷰티_프라임 리저브 리트리니티 메쉬 파운데이션 22N + 에이오 트리플 디펜스 에어리 선 세럼 40ml
프라임 리저브 리트리니티 메쉬 파운데이션 21N + 에이오 트리플 디펜스 에어리 선 세럼 40ml,https://www.amoremall.com/kr/ko/product/detail?onlineProdSn=67652,198000.0,[파운데이션] 12g [선 세럼] 40ml,12.0,g,"[파운데이션] 21N 퓨어 아이보리 / 녹차수, 티타늄디옥사이드 (CI 77891), 부틸렌글라이콜, 호모살레이트, 트라이에틸헥사노인, 헥실라우레이트, 트라이메틸실록시실리케이트, 부틸렌글라이콜다이카프릴레이트/다이카프레이트, 페닐트라이메티콘, 에칠헥실살리실레이트, 티타늄디옥사이드, 카프릴릴메티콘, 합성왁스, 라우릴폴리글리세릴-3폴리다이메틸실록시에틸다이메티콘, 징크옥사이드, 다이스테아다이모늄헥토라이트, 황색산화철, 다이메티콘, 알루미늄하이드록사이드, 폴리C10-30알킬아크릴레이트, 폴리글리세릴-5폴리리시놀리에이트, 정제수, 1,2-헥산다이올, 솔비탄세스퀴올리에이트, 소듐클로라이드, 비닐다이메티콘/라우릴다이메티콘크로스폴리머, 다이소듐스테아로일글루타메이트, 스테아릭애씨드, 다이메티콘/폴리글리세린-3크로스폴리머, 향료, 적색산화철, 카프릴릴글라이콜, 폴리하이드록시스테아릭애씨드, 에틸헥실글리세린, 소듐메타포스페이트, 흑색산화철, 에틸헥실팔미테이트, 레시틴, 아이소스테아릭애씨드, 아이소프로필팔미테이트, 사이클로덱스트린, 트라이에톡시카프릴릴실레인, 아데노신, 스테아로일글루타믹애씨드, 폴리글리세릴-3폴리리시놀리에이트, 프로필렌글라이콜, 보론나이트라이드, 다이소듐이디티에이, 소듐하이알루로네이트, 프로판다이올, 리날룰, 녹차추출물, 다이프로필렌글라이콜, 글리세린, 제라니올, 알파-아이소메틸아이오논, 흑효모발효물, 리모넨, 동백나무씨추출물, 시트로넬올, 소듐시트레이트, 토코페롤, 쌀겨오일, 소듐벤조에이트, 락틱애씨드, 포타슘솔베이트, 다이아몬드가루, 잔탄검 [선 세럼] 정제수, 다이부틸아디페이트, 프로판다이올, 드로메트리졸트리실록산, 에칠헥실트리아존, 나이아신아마이드, 디에칠아미노하이드록시벤조일헥실벤조에이트, 테레프탈릴리덴디캠퍼설포닉애씨드, 1,2-헥산다이올, 베헤닐알코올, 소듐폴리아크릴로일다이메틸타우레이트, 트로메타민, 페닐트라이메티콘, 카프릴릴메티콘, 폴리아크릴레이트크로스폴리머-6, 아라키딜알코올, 포타슘세틸포스페이트, 글리세린, 에틸헥실글리세린, 카프릴릴글라이콜, 아라키딜글루코사이드, 폴리글리세린-3, 아데노신, 향료, 소듐메타포스페이트, 엑토인, 흑차추출물, 적색산화철, 판테놀, 글리세릴글루코사이드, 토코페롤",에이피뷰티,에이피뷰티_프라임 리저브 리트리니티 메쉬 파운데이션 21N + 에이오 트리플 디펜스 에어리 선 세럼 40ml
프라임 리저브 리트리니티 메쉬 파운데이션 17C + 에이오 트리플 디펜스 에어리 선 세럼 40ml,https://www.amoremall.com/kr/ko/product/detail?onlineProdSn=67648,198000.0,[파운데이션] 12g [선세럼] 40ml,12.0,g,"[파운데이션] 17C 쿨 포슬린 / 녹차수, 티타늄디옥사이드 (CI 77891), 부틸렌글라이콜, 호모살레이트, 트라이에틸헥사노인, 헥실라우레이트, 트라이메틸실록시실리케이트, 부틸렌글라이콜다이카프릴레이트/다이카프레이트, 페닐트라이메티콘, 에칠헥실살리실레이트, 티타늄디옥사이드, 카프릴릴메티콘, 합성왁스, 라우릴폴리글리세릴-3폴리다이메틸실록시에틸다이메티콘, 징크옥사이드, 다이스테아다이모늄헥토라이트, 다이메티콘, 알루미늄하이드록사이드, 폴리C10-30알킬아크릴레이트, 폴리글리세릴-5폴리리시놀리에이트, 정제수, 황색산화철, 1,2-헥산다이올, 솔비탄세스퀴올리에이트, 소듐클로라이드, 비닐다이메티콘/라우릴다이메티콘크로스폴리머, 다이소듐스테아로일글루타메이트, 스테아릭애씨드, 다이메티콘/폴리글리세린-3크로스폴리머, 향료, 카프릴릴글라이콜, 폴리하이드록시스테아릭애씨드, 적색산화철, 에틸헥실글리세린, 소듐메타포스페이트, 에틸헥실팔미테이트, 레시틴, 아 이소스테아릭애씨드, 아이소프로필팔미테이트, 사이클로덱스트린, 트라이에톡시카프릴릴실레인, 아데노신, 폴리글리세릴-3폴리리시놀리에이트, 스테아로일글루타믹애씨드, 프로필렌글라이콜, 보론나이트라이드, 다이소듐이디티에이, 소듐하이알루로네이트, 프로판다이올, 흑색산화철, 리날룰, 녹차추출물, 다이프로필렌글라이콜, 글리세린, 제라니올, 알파-아이소메틸아이오논, 흑효모발효물, 리모넨, 동백나무씨추출물, 시트로넬올, 소듐시트레이트, 토코페롤, 쌀겨오일, 소듐벤조에이트, 락틱애씨드, 포타슘솔베이트, 다이아몬드가루, 잔탄검 [선세럼] 정제수, 다이부틸아디페이트, 프로판다이올, 드로메트리졸트리실록산, 에칠헥실트리아존, 나이아신아마이드, 디에칠아미노하이드록시벤조일헥실벤조에이트, 테레프탈릴리덴디캠퍼설포닉애씨드, 1,2-헥산다이올, 베헤닐알코올, 소듐폴리아크릴로일다이메틸타우레이트, 트로메타민, 페닐트라이메티콘, 카프릴릴메티콘, 폴리아크릴레이트크로스폴리머-6, 아라키딜알코올, 포타슘세틸포스페이트, 글리세린, 에틸헥실글리세린, 카프릴릴글라이콜, 아라키딜글루코사이드, 폴리글리세린-3, 아데노신, 향료, 소듐메타포스페이트, 엑토인, 흑차추출물, 적색산화철, 판테놀, 글리세릴글루코사이드, 토코페롤",에이피뷰티,에이피뷰티_프라임 리저브 리트리니티 메쉬 파운데이션 17C + 에이오 트리플 디펜스 에어리 선 세럼 40ml
리쥬브네이팅 부스터 샷 엠디 세럼 30ml,https://www.amoremall.com/kr/ko/product/detail?onlineProdSn=67382,132000.0,30ml,30.0,ml,"정제수, 글리세린, 부틸렌글라이콜, 나이아신아마이드, 메틸글루세스-20, 1,2-헥산다이올, 소듐하이알루로네이트, 피피지-13-데실테트라데세스-24, 프로판다이올, 에틸헥실글리세린, 베타인, 아데노신, 시트릭애씨드, 소듐메타포스페이트, 만니톨, 소듐시트레이트, 자일리톨, 향료, 프로필렌글라이콜, 에피갈로카테킨갈레이트, 녹차추출물, 글루타티온, 하이드롤라이즈드하이알루로닉애씨드, 하이드롤라이즈드디엔에이, 실리카, 소듐하이알루로네이트크로스폴리머, 글리세릴카프릴레이트, 토코페롤, 하이알루로닉애씨드, 소듐트라이메타포스페이트, 프로테아제, 잔탄검, 소듐아세틸레이티드하이알루로네이트, 다이아몬드가루, 소듐벤조에이트, 포타슘솔베이트, 락틱애씨드",에이피뷰티,에이피뷰티_리쥬브네이팅 부스터 샷 엠디 세럼 30ml
리쥬브네이팅 트리트먼트 엠디 크림 50ml,https://www.amoremall.com/kr/ko/product/detail?onlineProdSn=66735,132000.0,50ml,50.0,ml,"정제수, 카프릴릭/카프릭트라이글리세라이드, 시어버터, 프로판다이올, 메틸트라이메티콘, 글리세린, 세테아릴알코올, 1,2-헥산다이올, 하이드로제네이티드식물성오일, 트레할로오스, 글리세릴스테아레이트, 하이드록시에틸아크릴레이트/소듐아크릴로일다이메틸타우레이트코폴리머, 세테아릴글루코사이드, 암모늄아크릴로일다이메틸타우레이트/브이피코폴리머, 베헤닐알코올, 팔미틱애씨드, 락토바실러스발효물, 스테아릭애씨드, 락토바실러스발효용해물, 나이아신아마이드, 소듐스테아로일글루타메이트, 부틸렌글라이콜, 에틸헥실글리세린, 글리세릴카프릴레이트, 향료, 판테놀, 소듐메타포스페이트, 아데노신, 솔비탄아이소스테아레이트, 레시틴, 피토스테롤, 소듐하이알루로네이트, 녹차추출물, 글루타티온, 하이드롤라이즈드디엔에이, 소듐트라이메타포스페이트, 시트릭애씨드",에이피뷰티,에이피뷰티_리쥬브네이팅 트리트먼트 엠디 크림 50ml
프라임 리저브 리트리니티 메쉬 파운데이션 22N+블랙 케이스,https://www.amoremall.com/kr/ko/product/detail?onlineProdSn=63217,109000.0,12g,12.0,g,"22N 페탈 베이지 / 녹차수, 티타늄디옥사이드 (CI 77891), 부틸렌글라이콜, 호모살레이트, 트라이에틸헥사노인, 헥실라우레이트, 트라이메틸실록시실리케이트, 부틸렌글라이콜다이카프릴레이트/다이카프레이트, 페닐트라이메티콘, 에칠헥실살리실레이트, 티타늄디옥사이드, 카프릴릴메티콘, 합성왁스, 라우릴폴리글리세릴-3폴리다이메틸실록시에틸다이메티콘, 징크옥사이드, 황색산화철, 다이스테아다이모늄헥토라이트, 다이메티콘, 알루미늄하이드록사이드, 폴리C10-30알킬아크릴레이트, 폴리글리세릴-5폴리리시놀리에이트, 정제수, 솔비탄세스퀴올리에이트, 1,2-헥산다이올, 소듐클로라이드, 비닐다이메티콘/라우릴다이메티콘크로스폴리머, 다이소듐스테아로일글루타메이트, 적색산화철, 스테아릭애씨드, 다이메티콘/폴리글리세린-3크로스폴리머, 향료, 카프릴릴글라이콜, 폴리하이드록시스테아릭애씨드, 에틸헥실글리세린, 흑색산화철, 소듐메타포스페이트, 에틸헥실팔미테이트, 레시틴, 아이소스테아릭애씨드, 아이소프로필팔미테이트, 스테아로일글루타믹애씨드, 사이클로덱스트린, 트라이에톡시카프릴릴실레인, 아데노신, 폴리글리세릴-3폴리리시놀리에이트, 프로필렌글라이콜, 보론나이트라이드, 다이소듐이디티에이, 소듐하이알루로네이트, 프로판다이올, 리날룰, 녹차추출물, 다이프로필렌글라이콜, 글리세린, 제라니올, 알파-아이소메틸아이오논, 흑효모발효물, 리모넨, 동백나무씨추출물, 시트로넬올, 소듐시트레이트, 토코페롤, 쌀겨오일, 소듐벤조에이트, 락틱애씨드, 포타슘솔베이트, 다이아몬드가루, 잔탄검",에이피뷰티,에이피뷰티_프라임 리저브 리트리니티 메쉬 파운데이션 22N+블랙 케이스
프라임 리저브 리트리니티 메쉬 파운데이션 21N+ 블랙 케이스,https://www.amoremall.com/kr/ko/product/detail?onlineProdSn=63216,109000.0,12g,12.0,g,"녹차수, 티타늄디옥사이드 (CI 77891), 부틸렌글라이콜, 호모살레이트, 트라이에틸헥사노인, 헥실라우레이트, 트라이메틸실록시실리케이트, 부틸렌글라이콜다이카프릴레이트/다이카프레이트, 페닐트라이메티콘, 에칠헥실살리실레이트, 티타늄디옥사이드, 카프릴릴메티콘, 합성왁스, 라우릴폴리글리세릴-3폴리다이메틸실록시에틸다이메티콘, 징크옥사이드, 다이스테아다이모늄헥토라이트, 다이메티콘, 알루미늄하이드록사이드, 폴리C10-30알킬아크릴레이트, 폴리글리세릴-5폴리리시놀리에이트, 정제수, 황색산화철, 1,2-헥산다이올, 솔비탄세스퀴올리에이트, 소듐클로라이드, 비닐다이메티콘/라우릴다이메티콘크로스폴리머, 다이소듐스테아로일글루타메이트, 스테아릭애씨드, 다이메티콘/폴리글리세린-3크로스폴리머, 향료, 카프릴릴글라이콜, 폴리하이드록시스테아릭애씨드, 적색산화철, 에틸헥실글리세린, 소듐메타포스페이트, 에틸헥실팔미테이트, 레시틴, 아 이소스테아릭애씨드, 아이소프로필팔미테이트, 사이클로덱스트린, 트라이에톡시카프릴릴실레인, 아데노신, 폴리글리세릴-3폴리리시놀리에이트, 스테아로일글루타믹애씨드, 프로필렌글라이콜, 보론나이트라이드, 다이소듐이디티에이, 소듐하이알루로네이트, 프로판다이올, 흑색산화철, 리날룰, 녹차추출물, 다이프로필렌글라이콜, 글리세린, 제라니올, 알파-아이소메틸아이오논, 흑효모발효물, 리모넨, 동백나무씨추출물, 시트로넬올, 소듐시트레이트, 토코페롤, 쌀겨오일, 소듐벤조에이트, 락틱애씨드, 포타슘솔베이트, 다이아몬드가루, 잔탄검",에이피뷰티,에이피뷰티_프라임 리저브 리트리니티 메쉬 파운데이션 21N+ 블랙 케이스
프라임 리저브 리트리니티 메쉬 파운데이션 17C+ 블랙 케이스 12g,https://www.amoremall.com/kr/ko/product/detail?onlineProdSn=63215,109000.0,12g,12.0,g,"녹차수, 티타늄디옥사이드 (CI 77891), 부틸렌글라이콜, 호모살레이트, 트라이에틸헥사노인, 헥실라우레이트, 트라이메틸실록시실리케이트, 부틸렌글라이콜다이카프릴레이트/다이카프레이트, 페닐트라이메티콘, 에칠헥실살리실레이트, 티타늄디옥사이드, 카프릴릴메티콘, 합성왁스, 라우릴폴리글리세릴-3폴리다이메틸실록시에틸다이메티콘, 징크옥사이드, 다이스테아다이모늄헥토라이트, 다이메티콘, 알루미늄하이드록사이드, 폴리C10-30알킬아크릴레이트, 폴리글리세릴-5폴리리시놀리에이트, 정제수, 황색산화철, 1,2-헥산다이올, 솔비탄세스퀴올리에이트, 소듐클로라이드, 비닐다이메티콘/라우릴다이메티콘크로스폴리머, 다이소듐스테아로일글루타메이트, 스테아릭애씨드, 다이메티콘/폴리글리세린-3크로스폴리머, 향료, 카프릴릴글라이콜, 폴리하이드록시스테아릭애씨드, 적색산화철, 에틸헥실글리세린, 소듐메타포스페이트, 에틸헥실팔미테이트, 레시틴, 아 이소스테아릭애씨드, 아이소프로필팔미테이트, 사이클로덱스트린, 트라이에톡시카프릴릴실레인, 아데노신, 폴리글리세릴-3폴리리시놀리에이트, 스테아로일글루타믹애씨드, 프로필렌글라이콜, 보론나이트라이드, 다이소듐이디티에이, 소듐하이알루로네이트, 프로판다이올, 흑색산화철, 리날룰, 녹차추출물, 다이프로필렌글라이콜, 글리세린, 제라니올, 알파-아이소메틸아이오논, 흑효모발효물, 리모넨, 동백나무씨추출물, 시트로넬올, 소듐시트레이트, 토코페롤, 쌀겨오일, 소듐벤조에이트, 락틱애씨드, 포타슘솔베이트, 다이아몬드가루, 잔탄검",에이피뷰티,에이피뷰티_프라임 리저브 리트리니티 메쉬 파운데이션 17C+ 블랙 케이스 12g
에이피 리프트 앤 리뉴 더블 샷 프로그램 3ea,https://www.amoremall.com/kr/ko/product/detail?onlineProdSn=61492,445000.0,(10g+0.9g)*3,10.0,g,"""녹차수, 부틸렌글라이콜, 정제수, 글리세린, 만니톨, 다이메티콘, 변성알코올, 폴리글리세린-3, 자일리톨, 베타인, 프로판다이올, 라피노오스, 나이아신아마이드, 1,2-헥산다이올, 하이드로제네이티드폴리(C6-14올레핀), 비스-에톡시다이글라이콜사이클로헥산1,4-다이카복실레이트, 에피갈로카테킨갈레이트, 시트릭애씨드, 세테아릴알코올, 피이지-10다이메티콘, 페닐트라이메티콘, 카프릴릴메티콘, 피이지-40스테아레이트, 향료, 소듐시트레이트, 폴리글리세릴-3메틸글루코오스다이스테아레이트, 하이드록시에틸셀룰로오스, 실리카, 아크릴레이트/C10-30알킬아크릴레이트크로스폴리머, 잔탄검, 글리세릴스테아레이트, 피이지-100스테아레이트, 하이드로제네이티드레시틴, 트로메타민, 글리세릴스테아레이트시트레이트, 티타늄디옥사이드(CI 77891), 펜틸렌글라이콜, 바이오사카라이드검-1, 사이클로덱스트린, 에틸헥실글리세린, 아데노신, 다이소듐이디티에이, 마이카, 소듐하이알루로네이트, 베타-글루칸, 프로테아제, 녹차추출물, 흑효모발효물, 카프릴릴글라이콜, 덱스트린, 카카오추출물, 리날룰, 제라니올, 바이오플라보노이드, 알파-아이소메틸아이오논, 리모넨, 콜레스테롤, 시트로넬올, 글라이코리피드, 폴리솔베이트60, 다이소듐포스페이트, 틴옥사이드, 토코페롤, 소듐포스페이트, 아세틸테트라펩타이드-11, 소듐벤조에이트, 카페인, 테아닌, 락틱애씨드, 포타슘솔베이트, 다이아몬드가루, 하이드롤라이즈드콜라겐""",에이피뷰티,에이피뷰티_에이피 리프트 앤 리뉴 더블 샷 프로그램 3ea
에이피 프라임 리저브 리트리니티 아이 앤 익스프레션 크림 20ml,https://www.amoremall.com/kr/ko/product/detail?onlineProdSn=61431,300000.0,20ml,20.0,ml,"정제수, 부틸렌글라이콜, 다이메티콘, 폴리글리세릴-3메틸글루코오스다이스테아레이트, 글리세린, 스쿠알란, 베헤닐알코올, 하이드로제네이티드폴리아이소부텐, 1,2-헥산다이올, 피브이피, 하이드로제네이티드캐스터오일아이소스테아레이트, 피토스테릴/베헤닐/옥틸도데실라우로일글루타메이트, 나이아신아마이드, 글리세릴스테아레이트, 피이지-100스테아레이트, 스테아릭애씨드, 비닐다이메티콘/메티콘실세스퀴옥세인크로스폴리머, 팔미틱애씨드, 카페인, 암모늄아크릴로일다이메틸타우레이트/베헤네스-25메타크라일레이트크로스폴리머, 폴리아크릴레이트-13, 합성플루오르플로고파이트, 다이메티콘올, 티타늄디옥사이드 (CI 77891), 카프릴릴글라이콜, 하이드록시에틸셀룰로오스, 향료, 폴리아이소부텐, 에틸헥실글리세린, 다이소듐이디티에이, 사이클로덱스트린, 아데노신, 프로판다이올, 폴리솔베이트20, 솔비탄아이소스테아레이트, 녹차추출물, 덱스트린, 카카오추출물, 흑효모발효물, 틴옥사이드, 미리스틱애씨드, 아라키딕애씨드, 리날룰, 바이오플라보노이드, 제라니올, 폴록사머235, 폴리솔베이트60, 다이소듐포스페이트, 에피갈로카테킨갈레이트, 에톡시다이글라이콜, 베타-글루칸, 토코페솔란, 소듐하이알루로네이트, 폴록사머338, 토코페롤, 소듐포스페이트, 하이드롤라이즈드콜라겐, 소듐벤조에이트, 하이드롤라이즈드하이알루로닉애씨드, 아세틸헵타펩타이드-4, 락틱애씨드, 소듐하이알루로네이트크로스폴리머, 포타슘솔베이트, 다이아몬드가루, 잔탄검, 하이알루로닉애씨드, 아세틸헥사펩타이드-8, 소듐하이드록사이드, 소듐아세틸레이티드하이알루로네이트, 아세틸옥타펩타이드-3",에이피뷰티,에이피뷰티_에이피 프라임 리저브 리트리니티 아이 앤 익스프레션 크림 20ml
NEW  세라마이드 아토 로션 564ml,https://www.amoremall.com/kr/ko/product/detail?onlineProdSn=38800,26143.0,564ml,564.0,ml,"정제수, 글리세린, 프로판다이올, 다이메티콘, 하이드로제네이티드쌀겨오일, 하이드로제네이티드폴리(C6-14올레핀), 세틸에틸헥사노에이트, 다이아이소스테아릴말레이트, 1,2-헥산다이올, 하이드록시에틸아크릴레이트/소듐아크릴로일다이메틸타우레이트코폴리머, C14-22알코올, 아라키딜알코올, 팔미틱애씨드, 글리세릴스테아레이트, 스테아릭애씨드, 베헤닐알코올, C12-20알킬글루코사이드, 글리세릴카프릴레이트, 아라키딜글루코사이드, 솔비탄아이소스테아레이트, 에틸헥실글리세린, 부틸렌글라이콜, 소듐메타포스페이트, 인삼수, 황금추출물, 세틸-피지하이드록시에틸팔미타마이드(세라마이드 CPP-40 65.5ppm), 만니톨, 매실추출물, 하이드로제네이티드레시틴, 검정콩오일, 스쿠알란, 마데카소사이드, 폴리글리세릴-10펜타스테아레이트, 아크릴레이트/암모늄메타크릴레이트코폴리머, 세라마이드엔피(4.04ppm), 토코페롤, 콜레스테롤, 피토스핑고신, 실리카, 펜틸렌글라이콜, 다이포타슘글리시리제이트, 아라키딕애씨드, 올레익애씨드, 카놀라오일, 로즈마리잎추출물",일리윤,일리윤_NEW  세라마이드 아토 로션 564ml
울트라 리페어 로션 528ml,https://www.amoremall.com/kr/ko/product/detail?onlineProdSn=42237,24848.0,528ml,528.0,ml,"정제수, 글리세린, 부틸렌글라이콜, 펜타에리스리틸테트라에틸헥사노에이트, 하이드로제네이티드폴리(C6-14올레핀), 판테놀, 시어버터, C14-22알코올, 다이메티콘, 세테아릴알코올, 비스-다이글리세릴폴리아실아디페이트-2, 글리세릴스테아레이트, 향료, C12-20알킬글루코사이드, 1,2-헥산다이올, 스테아릭애씨드, 팔미틱애씨드, 카보머, 폴리아크릴레이트-13, 토코페릴아세테이트, 잔탄검, 글리세릴카프릴레이트, 인삼수, 폴리아이소부텐, 다이소듐이디티에이, 에틸헥실글리세린, 포타슘하이드록사이드, 호호바씨오일, 폴리솔베이트20, 솔비탄아이소스테아레이트, 시호뿌리추출물, 왜당귀뿌리추출물, 소엽맥문동뿌리추출물, 글루코오스, 마데카소사이드, 미리스틱애씨드, 아라키딕애씨드, 7-데하이드로콜레스테롤, 토코페롤",일리윤,일리윤_울트라 리페어 로션 528ml
히알루론 모이스춰 수분크림 100ml,https://www.amoremall.com/kr/ko/product/detail?onlineProdSn=20447,13692.0,100ml,100.0,ml,"정제수, 부틸렌글라이콜, 다이카프릴릴카보네이트, 글리세린, 하이드로제네이티드폴리(C6-14올레핀), 메틸트라이메티콘, 1,2-헥산다이올, 세테아릴알코올, 피씨에이다이메티콘, 스테아릭애씨드, 글리세릴스테아레이트, 팔미틱애씨드, 아크릴레이트/C10-30알킬아크릴레이트크로스폴리머, 트로메타민, 향료, 하이드록시에틸아크릴레이트/소듐아크릴로일다이메틸타우레이트코폴리머, 소듐하이알루로네이트, 글리세릴카프릴레이트, 하이드로제네이티드레시틴, 인삼수, 하이드록시프로필스타치포스페이트, 다이소듐이디티에이, 에틸헥실글리세린, 폴리글리세릴-3메틸글루코오스다이스테아레이트, 녹차씨오일, 솔비탄아이소스테아레이트, 폴리솔베이트60, 리모넨, 시호뿌리추출물, 왜당귀뿌리추출물, 소엽맥문동뿌리추출물, 미리스틱애씨드, 아라키딕애씨드, 리날룰, 토코페롤, 돌콩오일",일리윤,일리윤_히알루론 모이스춰 수분크림 100ml
세라마이드 아토 집중 크림 230ml,https://www.amoremall.com/kr/ko/product/detail?onlineProdSn=65577,21594.0,230ml,230.0,ml,"정제수, 부틸렌글라이콜, 글리세린, 에틸헥실스테아레이트, 다이메티콘, 다이카프릴릴카보네이트, 베헤닐알코올, 스테아릭애씨드, 팔미틱애씨드, 세틸에틸헥사노에이트, 하이드로제네이티드폴리(C6-14올레핀), 1,2-헥산다이올, 아라키딜알코올, C14-22알코올, 세틸-피지하이드록시에틸팔미타마이드(세라마이드 CPP-40 7622ppm), 폴리아크릴레이트-13, 만니톨, 아라키딜글루코사이드, C12-20알킬글루코사이드, 하이드로제네이티드폴리아이소부텐, 글리세릴카프릴레이트, 에틸헥실글리세린, 폴리글리세릴-10라우레이트, 하이드로제네이티드레시틴, 에틸헥실팔미테이트, 다이메티콘올, 인삼수, 카보머, 솔비탄아이소스테아레이트, 아크릴레이트/암모늄메타크릴레이트코폴리머, 황금추출물, 프로판다이올, 콜레스테롤, 실리카, 매실추출물, 아라키딕애씨드, 검정콩오일, 스쿠알란, 마데카소사이드, 폴리글리세릴-10펜타스테아레이트, 토코페롤, 세라마이드엔피(4ppm), 올레익애씨드, 피토스핑고신, 펜틸렌글라이콜, 다이포타슘글리시리제이트, 카놀라오일, 로즈마리잎추출물",일리윤,일리윤_세라마이드 아토 집중 크림 230ml
세라마이드 아토 6.0 탑투토워시 500ml,https://www.amoremall.com/kr/ko/product/detail?onlineProdSn=46647,9855.0,500ml,500.0,ml,"정제수, 코카미도프로필베타인, 솔비톨, 다이소듐라우레스설포석시네이트, 코카마이드메틸엠이에이, 소듐클로라이드, 다이소듐코코암포다이아세테이트, 코카마이드엠이에이, 1,2-헥산다이올, 소듐벤조에이트(0.499%), 시트릭애씨드, 다이소듐이디티에이, 부틸렌글라이콜, 인삼수, 시호뿌리추출물, 왜당귀뿌리추출물, 소엽맥문동뿌리추출물, 들깨추출물, 낫토검, 세라마이드엔피(10ppb), 에틸헥실글리세린, 스테아릭애씨드, 하이드록시프로필비스팔미타마이드엠이에이(세라마이드 PC-104 3ppb), 만니톨, 아크릴레이트/암모늄메타크릴레이트코폴리머, 실리카, 콜레스테롤",일리윤,일리윤_세라마이드 아토 6.0 탑투토워시 500ml
세라마이드 아토 로션 350ml,https://www.amoremall.com/kr/ko/product/detail?onlineProdSn=17792,16857.0,350ml,350.0,ml,"정제수, 글리세린, 프로판다이올, 다이메티콘, 하이드로제네이티드쌀겨오일, 하이드로제네이티드폴리(C6-14올레핀), 세틸에틸헥사노에이트, 다이아이소스테아릴말레이트, 1,2-헥산다이올, 하이드록시에틸아크릴레이트/소듐아크릴로일다이메틸타우레이트코폴리머, C14-22알코올, 아라키딜알코올, 팔미틱애씨드, 글리세릴스테아레이트, 스테아릭애씨드, 베헤닐알코올, C12-20알킬글루코사이드, 글리세릴카프릴레이트, 아라키딜글루코사이드, 솔비탄아이소스테아레이트, 에틸헥실글리세린, 부틸렌글라이콜, 소듐메타포스페이트, 인삼수, 황금추출물, 세틸-피지하이드록시에틸팔미타마이드(세라마이드 CPP-40 65.5ppm), 만니톨, 매실추출물, 하이드로제네이티드레시틴, 검정콩오일, 스쿠알란, 마데카소사이드, 폴리글리세릴-10펜타스테아레이트, 아크릴레이트/암모늄메타크릴레이트코폴리머, 세라마이드엔피(4.04ppm), 토코페롤, 콜레스테롤, 피토스핑고신, 실리카, 펜틸렌글라이콜, 다이포타슘글리시리제이트, 아라키딕애씨드, 올레익애씨드, 카놀라오일, 로즈마리잎추출물",일리윤,일리윤_세라마이드 아토 로션 350ml
세라마이드 아토 6.0 탑투토워시 500ml,https://www.amoremall.com/kr/ko/product/detail?onlineProdSn=19673,13750.0,500ml,500.0,ml,"정제수, 코카미도프로필베타인, 솔비톨, 다이소듐라우레스설포석시네이트, 코카마이드메틸엠이에이, 소듐클로라이드, 다이소듐코코암포다이아세테이트, 코카마이드엠이에이, 1,2-헥산다이올, 소듐벤조에이트(0.499%), 시트릭애씨드, 다이소듐이디티에이, 부틸렌글라이콜, 인삼수, 시호뿌리추출물, 왜당귀뿌리추출물, 소엽맥문동뿌리추출물, 들깨추출물, 낫토검, 세라마이드엔피(10ppb), 에틸헥실글리세린, 스테아릭애씨드, 하이드록시프로필비스팔미타마이드엠이에이(세라마이드 PC-104 3ppb), 만니톨, 아크릴레이트/암모늄메타크릴레이트코폴리머, 실리카, 콜레스테롤",일리윤,일리윤_세라마이드 아토 6.0 탑투토워시 500ml
울트라 리페어 로션 350ml,https://www.amoremall.com/kr/ko/product/detail?onlineProdSn=19469,17879.0,350ml,350.0,ml,"정제수, 글리세린, 부틸렌글라이콜, 펜타에리스리틸테트라에틸헥사노에이트, 하이드로제네이티드폴리(C6-14올레핀), 판테놀, 시어버터, C14-22알코올, 다이메티콘, 세테아릴알코올, 비스-다이글리세릴폴리아실아디페이트-2, 글리세릴스테아레이트, 향료, C12-20알킬글루코사이드, 1,2-헥산다이올, 스테아릭애씨드, 팔미틱애씨드, 카보머, 폴리아크릴레이트-13, 토코페릴아세테이트, 잔탄검, 글리세릴카프릴레이트, 인삼수, 폴리아이소부텐, 다이소듐이디티에이, 에틸헥실글리세린, 포타슘하이드록사이드, 호호바씨오일, 폴리솔베이트20, 솔비탄아이소스테아레이트, 시호뿌리추출물, 왜당귀뿌리추출물, 소엽맥문동뿌리추출물, 글루코오스, 마데카소사이드, 미리스틱애씨드, 아라키딕애씨드, 7-데하이드로콜레스테롤, 토코페롤",일리윤,일리윤_울트라 리페어 로션 350ml
세라마이드 아토 집중 크림 500ml,https://www.amoremall.com/kr/ko/product/detail?onlineProdSn=19239,33418.0,500ml,500.0,ml,"정제수, 부틸렌글라이콜, 글리세린, 에틸헥실스테아레이트, 다이메티콘, 다이카프릴릴카보네이트, 베헤닐알코올, 스테아릭애씨드, 팔미틱애씨드, 세틸에틸헥사노에이트, 하이드로제네이티드폴리(C6-14올레핀), 1,2-헥산다이올, 아라키딜알코올, C14-22알코올, 세틸-피지하이드록시에틸팔미타마이드(세라마이드 CPP-40 7622ppm), 폴리아크릴레이트-13, 만니톨, 아라키딜글루코사이드, C12-20알킬글루코사이드, 하이드로제네이티드폴리아이소부텐, 글리세릴카프릴레이트, 에틸헥실글리세린, 폴리글리세릴-10라우레이트, 하이드로제네이티드레시틴, 에틸헥실팔미테이트, 다이메티콘올, 인삼수, 카보머, 솔비탄아이소스테아레이트, 아크릴레이트/암모늄메타크릴레이트코폴리머, 황금추출물, 프로판다이올, 콜레스테롤, 실리카, 매실추출물, 아라키딕애씨드, 검정콩오일, 스쿠알란, 마데카소사이드, 폴리글리세릴-10펜타스테아레이트, 토코페롤, 세라마이드엔피(4ppm), 올레익애씨드, 피토스핑고신, 펜틸렌글라이콜, 다이포타슘글리시리제이트, 카놀라오일, 로즈마리잎추출물",일리윤,일리윤_세라마이드 아토 집중 크림 500ml
프레쉬 모이스춰 바디워시 500ml,https://www.amoremall.com/kr/ko/product/detail?onlineProdSn=20431,13750.0,500ml,500.0,ml,"정제수, 소듐C14-16올레핀설포네이트, 아크릴레이트코폴리머, 라우릴하이드록시설테인, 솔비톨, 향료, 소듐살리실레이트, 소듐클로라이드, 말티톨, 포타슘하이드록사이드, 리모넨, 소듐벤조에이트, 리날룰, 에틸헥실글리세린, 다이소듐이디티에이, 옥수수전분, 시트로넬올, 마이크로크리스탈린셀룰로오스, 락토오스, 헥실신남알, 수크로오스, 부틸렌글라이콜, 아스코빅애씨드, 인삼수, 카프릴릭/카프릭트라이글리세라이드, 시호뿌리추출물, 왜당귀뿌리추출물, 소엽맥문동뿌리추출물, 토코페릴아세테이트, 유자껍질추출물, 토코페롤, 로즈힙꽃오일, 오렌지오일, 라벤더오일",일리윤,일리윤_프레쉬 모이스춰 바디워시 500ml
레드이치 케어크림 330ml,https://www.amoremall.com/kr/ko/product/detail?onlineProdSn=50363,25921.0,330ml,330.0,ml,"정제수, 글리세린, 부틸렌글라이콜, 프로판다이올, 다이메티콘, 스쿠알란, 펜타에리스리틸테트라아이소스테아레이트, 베헤닐알코올, 스테아릭애씨드, 팔미틱애씨드, 세틸에틸헥사노에이트, 1,2-헥산다이올, 아라키딜알코올, C14-22알코올, 판테놀, 하이드록시프로필비스팔미타마이드엠이에이, 아라키딜글루코사이드, 폴리아크릴레이트-13, C12-20알킬글루코사이드, 폴리아이소부텐, 글리세릴카프릴레이트, 인삼수, 올레아놀릭애씨드, 에틸헥실글리세린, 다이소듐이디티에이, 폴리솔베이트20, 솔비탄아이소스테아레이트, 들깨추출물, 시호뿌리추출물, 왜당귀뿌리추출물, 소엽맥문동뿌리추출물, 글루코오스, 미리스틱애씨드, 아라키딕애씨드, 검정콩오일, 콜레스테롤, 달맞이꽃오일, 세라마이드엔피, 피토스핑고신, 하이드로제네이티드레시틴, 토코페롤, 카놀라오일, 로즈마리잎추출물",일리윤,일리윤_레드이치 케어크림 330ml
저자극 이지워시 선크림 SPF50+/PA++++ 150ml,https://www.amoremall.com/kr/ko/product/detail?onlineProdSn=44987,29701.0,150ml,150.0,ml,"정제수, 호모살레이트, 부틸렌글라이콜, 디에칠아미노하이드록시벤조일헥실벤조에이트, 에칠헥실살리실레이트, 글리세린, 페닐트라이메티콘, C12-15알킬벤조에이트, 실리카, 비스-에칠헥실옥시페놀메톡시페닐트리아진, 다이부틸아디페이트, 테레프탈릴리덴디캠퍼설포닉애씨드, 세테아릴알코올, 1,2-헥산다이올, 트로메타민, 포타슘세틸포스페이트, 글리세릴스테아레이트, 폴리아크릴레이트크로스폴리머-6, 아크릴레이트/C10-30알킬아크릴레이트크로스폴리머, 베헤닐알코올, 하이드로제네이티드레시틴, 글리세릴카프릴레이트, 황금추출물, 스테아릭애씨드, 인삼수, 폴리글리세릴-3메틸글루코오스다이스테아레이트, 팔미틱애씨드, 에틸헥실글리세린, 다이소듐이디티에이, 향료, 프로판다이올, T-부틸알코올, 시호뿌리추출물, 왜당귀뿌리추출물, 소엽맥문동뿌리추출물, 미리스틱애씨드, 라우릭애씨드, 병풀꽃/잎/줄기추출물, 토코페롤",일리윤,일리윤_저자극 이지워시 선크림 SPF50+/PA++++ 150ml
울트라 리페어 딥 모이스춰 워시 500ml,https://www.amoremall.com/kr/ko/product/detail?onlineProdSn=17900,13824.0,500ml,500.0,ml,"정제수, 글리세린, 라우릴글루코사이드, 다이프로필렌글라이콜, 코카미도프로필베타인, 소듐C14-16올레핀설포네이트, 판테놀, 다이소듐코코암포다이아세테이트, 소듐클로라이드, 소듐벤조에이트, 시트릭애씨드, 향료, 카프릴릴글라이콜, 폴리쿼터늄-10, 에틸헥실글리세린, 폴리쿼터늄-7, 부틸렌글라이콜, 인삼수, 다이소듐이디티에이, 시호뿌리추출물, 왜당귀뿌리추출물, 소엽맥문동뿌리추출물, 토코페롤, 토코페릴아세테이트, 호호바씨오일, 7-데하이드로콜레스테롤",일리윤,일리윤_울트라 리페어 딥 모이스춰 워시 500ml
세라마이드 아토 6.0 탑투토워시 1000ml,https://www.amoremall.com/kr/ko/product/detail?onlineProdSn=46646,23803.0,1000ml,1000.0,ml,"정제수, 코카미도프로필베타인, 솔비톨, 다이소듐라우레스설포석시네이트, 코카마이드메틸엠이에이, 소듐클로라이드, 다이소듐코코암포다이아세테이트, 코카마이드엠이에이, 1,2-헥산다이올, 소듐벤조에이트(0.499%), 시트릭애씨드, 다이소듐이디티에이, 부틸렌글라이콜, 인삼수, 시호뿌리추출물, 왜당귀뿌리추출물, 소엽맥문동뿌리추출물, 들깨추출물, 낫토검, 세라마이드엔피(10ppb), 에틸헥실글리세린, 스테아릭애씨드, 하이드록시프로필비스팔미타마이드엠이에이(세라마이드 PC-104 3ppb), 만니톨, 아크릴레이트/암모늄메타크릴레이트코폴리머, 실리카, 콜레스테롤",일리윤,일리윤_세라마이드 아토 6.0 탑투토워시 1000ml
세라마이드 아토 속보습 스킨 250ml,https://www.amoremall.com/kr/ko/product/detail?onlineProdSn=45693,23000.0,180ml,180.0,ml,"정제수, 글리세린, 다이메티콘, 1,2-헥산다이올, 프로판다이올, 베타인, 암모늄아크릴로일다이메틸타우레이트/브이피코폴리머, 부틸렌글라이콜, 세테아릴알코올, 폴리글리세릴-3메틸글루코오스다이스테아레이트, 글리세릴카프릴레이트, 하이드로제네이티드레시틴, 글리세릴스테아레이트시트레이트, 인삼수, 에틸헥실글리세린, 카보머, 다이소듐이디티에이, 검정콩오일, 아크릴레이트/스테아릴메타크릴레이트코폴리머, 알란 토인, 트로메타민, 흰목이버섯포자낭과추출물, 하이알루로닉애씨드, 시호뿌리추출물, 왜당귀뿌리추출물, 소엽맥문동뿌리추출물, 세라마이드엔피 (45 ppm), 잔탄검, 피토스핑고신, 토코페롤, 카놀라오일, 로즈마리잎추출물",일리윤,일리윤_세라마이드 아토 속보습 스킨 250ml
레드이치 케어크림 75ml,https://www.amoremall.com/kr/ko/product/detail?onlineProdSn=60415,6824.0,75ml,75.0,ml,"정제수, 글리세린, 부틸렌글라이콜, 프로판다이올, 다이메티콘, 스쿠알란, 펜타에리스리틸테트라아이소스테아레이트, 베헤닐알코올, 스테아릭애씨드, 팔미틱애씨드, 세틸에틸헥사노에이트, 1,2-헥산다이올, 아라키딜알코올, C14-22알코올, 판테놀, 하이드록시프로필비스팔미타마이드엠이에이, 아라키딜글루코사이드, 폴리아크릴레이트-13, C12-20알킬글루코사이드, 폴리아이소부텐, 글리세릴카프릴레이트, 인삼수, 올레아놀릭애씨드, 에틸헥실글리세린, 다이소듐이디티에이, 폴리솔베이트20, 솔비탄아이소스테아레이트, 들깨추출물, 시호뿌리추출물, 왜당귀뿌리추출물, 소엽맥문동뿌리추출물, 글루코오스, 미리스틱애씨드, 아라키딕애씨드, 검정콩오일, 콜레스테롤, 달맞이꽃오일, 세라마이드엔피, 피토스핑고신, 하이드로제네이티드레시틴, 토코페롤, 카놀라오일, 로즈마리잎추출물",일리윤,일리윤_레드이치 케어크림 75ml
레드이치 케어오일 200ml,https://www.amoremall.com/kr/ko/product/detail?onlineProdSn=58881,23974.0,200ml,200.0,ml,"카프릴릭/카프릭트라이글리세라이드, 해바라기씨오일, 에틸헥실스테아레이트, 옥틸도데실미리스테이트, 다이카프릴릴카보네이트, 스쿠알란, 데실코코에이트, 호호바씨오일, 불가리스쑥오일, 올리브오일, 달맞이꽃오일, 스위트아몬드오일, 토코페롤, 부틸렌글라이콜, 인삼수, 정제수, 글리세린, 시호뿌리추출물, 왜당귀뿌리추출물, 소엽맥문동뿌리추출물, 검정콩오일, 세라마이드엔피, 피토스핑고신, 들깨추출물, 하이드로제네이티드레시틴, 로즈마리잎추출물, 카놀라오일",일리윤,일리윤_레드이치 케어오일 200ml
세라마이드 아토 여행용 키트,https://www.amoremall.com/kr/ko/product/detail?onlineProdSn=48416,10854.0,로션 50ml+워시 50ml+크림 30ml,50.0,ml,"[로션] 정제수, 글리세린, 프로판다이올, 다이메티콘, 하이드로제네이티드쌀겨오일, 하이드로제네이티드폴리(C6-14올레핀), 세틸에틸헥사노에이트, 다이아이소스테아릴말레이트, 1,2-헥산다이올, 하이드록시에틸아크릴레이트/소듐아크릴로일다이메틸타우레이트코폴리머, C14-22알코올, 아라키딜알코올, 팔미틱애씨드, 글리세릴스테아레이트, 스테아릭애씨드, 베헤닐알코올, C12-20알킬글루코사이드, 글리세릴카프릴레이트, 아라키딜글루코사이드, 솔비탄아이소스테아레이트, 에틸헥실글리세린, 부틸렌글라이콜, 소듐메타포스페이트, 인삼수, 황금추출물, 세틸-피지하이드록시에틸팔미타마이드(세라마이드 CPP-40 65.5ppm), 만니톨, 매실추출물, 하이드로제네이티드레시틴, 검정콩오일, 스쿠알란, 마데카소사이드, 폴리글리세릴-10펜타스테아레이트, 아크릴레이트/암모늄메타크릴레이트코폴리머, 세라마이드엔피(4.04ppm), 토코페롤, 콜레스테롤, 피토스핑고신, 실리카, 펜틸렌글라이콜, 다이포타슘글리시리제이트, 아라키딕애씨드, 올레익애씨드, 카놀라오일, 로즈마리잎추출물 [크림] 정제수, 부틸렌글라이콜, 글리세린, 에틸헥실스테아레이트, 다이메티콘, 다이카프릴릴카보네이트, 베헤닐알코올, 스테아릭애씨드, 팔미틱애씨드, 세틸에틸헥사노에이트, 하이드로제네이티드폴리(C6-14올레핀), 1,2-헥산다이올, 아라키딜알코올, C14-22알코올, 세틸-피지하이드록시에틸팔미타마이드(세라마이드 CPP-40 7622ppm), 폴리아크릴레이트-13, 만니톨, 아라키딜글루코사이드, C12-20알킬글루코사이드, 하이드로제네이티드폴리아이소부텐, 글리세릴카프릴레이트, 에틸헥실글리세린, 폴리글리세릴-10라우레이트, 하이드로제네이티드레시틴, 에틸헥실팔미테이트, 다이메티콘올, 인삼수, 카보머, 솔비탄아이소스테아레이트, 아크릴레이트/암모늄메타크릴레이트코폴리머, 황금추출물, 프로판다이올, 콜레스테롤, 실리카, 매실추출물, 아라키딕애씨드, 검정콩오일, 스쿠알란, 마데카소사이드, 폴리글리세릴-10펜타스테아레이트, 토코페롤, 세라마이드엔피(4ppm), 올레익애씨드, 피토스핑고신, 펜틸렌글라이콜, 다이포타슘글리시리제이트, 카놀라오일, 로즈마리잎추출물 [워시] 정제수, 코카미도프로필베타인, 솔비톨, 다이소듐라우레스설포석시네이트, 코카마이드메틸엠이에이, 소듐클로라이드, 다이소듐코코암포다이아세테이트, 코카마이드엠이에이, 1,2-헥산다이올, 소듐벤조에이트(0.499%), 시트릭애씨드, 다이소듐이디티에이, 부틸렌글라이콜, 인삼수, 시호뿌리추출물, 왜당귀뿌리추출물, 소엽맥문동뿌리추출물, 들깨추출물, 낫토검, 세라마이드엔피(10ppb), 에틸헥실글리세린, 스테아릭애씨드, 하이드록시프로필비스팔미타마이드엠이에이(세라마이드 PC-104 3ppb), 만니톨, 아크릴레이트/암모늄메타크릴레이트코폴리머, 실리카, 콜레스테롤",일리윤,일리윤_세라마이드 아토 여행용 키트
프로바이오틱스 스킨 배리어 약산성 여성청결제 300ml,https://www.amoremall.com/kr/ko/product/detail?onlineProdSn=43618,23803.0,300ml,300.0,ml,"정제수, 글리세린, 솔비톨, 1,2-헥산다이올, 라우릴글루코사이드, 카프릴릴글라이콜, 에틸헥실글리세린, 시트릭애씨드, 덱스트린, 부틸렌글라이콜, 인삼수, 락토바실러스발효용해물(1ppm), 시호뿌리추출물, 왜당귀뿌리추출물, 소엽맥문동뿌리추출물, 토코페롤",일리윤,일리윤_프로바이오틱스 스킨 배리어 약산성 여성청결제 300ml
프레쉬 모이스춰 립앤아이 리무버 300ml,https://www.amoremall.com/kr/ko/product/detail?onlineProdSn=36790,22923.0,300ml,300.0,ml,"정제수, 사이클로펜타실록세인, 코코넛야자오일, 헥실렌글라이콜, 소듐클로라이드, 코코-카프릴레이트/카프레이트, 라우릴메틸글루세스-10하이드록시프로필다이모늄클로라이드, 1,2-헥산다이올, 포타슘포스페이트, 카프릴릴/카프릴글루코사이드, 다이소듐이디티에이, 에틸헥실글리세린, 다이포타슘포스페이트, 부틸렌글라이콜, 유자껍질추출물, 토코페롤",일리윤,일리윤_프레쉬 모이스춰 립앤아이 리무버 300ml
레드이치 큐어밤 60ml,https://www.amoremall.com/kr/ko/product/detail?onlineProdSn=50716,11923.0,60ml,60.0,ml,"정제수, 부틸렌글라이콜, 카프릴릭/카프릭트라이글리세라이드, 스쿠알란, 펜타에리스리틸테트라아이소스테아레이트, 폴리글리세릴-3메틸글루코오스다이스테아레이트, 다이아이소스테아릴말레이트, 시어버터, 비스-하이드록시에톡시프로필다이메티콘, 세테아릴알코올, 아라키딜알코올, 글리세릴스테아레이트, 1,2-헥산다이올, 베헤닐알코올, 암모늄아크릴로일다이메틸타우레이트/브이피코폴리머, 판테놀, 세테아릴올리베이트, 아라키딜글루코사이드, 솔비탄올리베이트, 하이드록시에틸아크릴레이트/소듐아크릴로일다이메틸타우레이트코폴리머, 소듐스테아로일글루타메이트, 글리세릴카프릴레이트, 인삼수, 다이소듐이디티에이, 에틸헥실글리세린, 솔비탄아이소스테아레이트, 글리세린, 글루코오스, 시호뿌리추출물, 왜당귀뿌리추출물, 소엽맥문동뿌리추출물, 검정콩오일, 하이드록시프로필비스팔미타마이드엠이에이, 콜레스테롤, 달맞이꽃오일, 토코페롤, 스테아릭애씨드, 팔미틱애씨드, 세라마이드엔피, 피토스핑고신, 들깨추출물, 하이드로제네이티드레시틴, 카놀라오일, 미리스틱애씨드, 아라키딕애씨드, 로즈마리잎추출물",일리윤,일리윤_레드이치 큐어밤 60ml
세라마이드 아토 버블워시 앤 샴푸 900ml,https://www.amoremall.com/kr/ko/product/detail?onlineProdSn=58177,34627.0,900ml,900.0,ml,"정제수, 글리세린, 솔비톨, 카프릴릴/카프릴글루코사이드, 다이프로필렌글라이콜, 프로판다이올, 다이소듐코코암포다이아세테이트, 코코-글루코사이드, 다이소듐코코일글루타메이트, 1,2-헥산다이올, 소듐클로라이드, 시트릭애씨드, 카프릴릴글라이콜, 다이소듐이디티에이, 에틸헥실글리세린, 잔탄검, 세라마이드엔피(10ppm), 부틸렌글라이콜, 인삼수, 시호뿌리추출물, 왜당귀뿌리추출물, 소엽맥문동뿌리추출물, 토코페롤",일리윤,일리윤_세라마이드 아토 버블워시 앤 샴푸 900ml
레드이치 케어크림 128ml,https://www.amoremall.com/kr/ko/product/detail?onlineProdSn=59521,11974.0,128ml,128.0,ml,"정제수, 글리세린, 부틸렌글라이콜, 프로판다이올, 다이메티콘, 스쿠알란, 펜타에리스리틸테트라아이소스테아레이트, 베헤닐알코올, 스테아릭애씨드, 팔미틱애씨드, 세틸에틸헥사노에이트, 1,2-헥산다이올, 아라키딜알코올, C14-22알코올, 판테놀, 하이드록시프로필비스팔미타마이드엠이에이, 아라키딜글루코사이드, 폴리아크릴레이트-13, C12-20알킬글루코사이드, 폴리아이소부텐, 글리세릴카프릴레이트, 인삼수, 올레아놀릭애씨드, 에틸헥실글리세린, 다이소듐이디티에이, 폴리솔베이트20, 솔비탄아이소스테아레이트, 들깨추출물, 시호뿌리추출물, 왜당귀뿌리추출물, 소엽맥문동뿌리추출물, 글루코오스, 미리스틱애씨드, 아라키딕애씨드, 검정콩오일, 콜레스테롤, 달맞이꽃오일, 세라마이드엔피, 피토스핑고신, 하이드로제네이티드레시틴, 토코페롤, 카놀라오일, 로즈마리잎추출물",일리윤,일리윤_레드이치 케어크림 128ml
프레쉬 모이스춰 로션 350ml,https://www.amoremall.com/kr/ko/product/detail?onlineProdSn=52678,17812.0,350ml,350.0,ml,"정제수, 부틸렌글라이콜, 글리세린, 변성알코올, 다이메티콘, 세틸에틸헥사노에이트, 하이드로제네이티드폴리데센, 1,2-헥산다이올, 아라키딜알코올, 베헤닐알코올, 글리세릴스테아레이트시트레이트, 향료, 나이아신아마이드, 카보머, 아라키딜글루코사이드, 트로메타민, 글리세릴카프릴레이트, 리모넨, 인삼수, 다이소듐이디티에이, 에틸헥실글리세린, 리날룰, 치자추출물, 덱스트린, 시트로넬올, 아스코빅애씨드, 헥실신남알, 시호뿌리추출물, 왜당귀뿌리추출물, 소엽맥문동뿌리추출물, 카카오추출물, 시트랄, 유자껍질추출물, 토코페롤",일리윤,일리윤_프레쉬 모이스춰 로션 350ml
울트라 리페어 인텐시브 케어 크림 200ml,https://www.amoremall.com/kr/ko/product/detail?onlineProdSn=20012,17821.0,200ml,200.0,ml,"정제수, 부틸렌글라이콜, 글리세린, 세틸에틸헥사노에이트, 다이메티콘, 폴리글리세릴-3메틸글루코오스다이스테아레이트, 세테아릴알코올, 시어버터, 글리세릴스테아레이트시트레이트, 판테놀, 1,2-헥산다이올, 글리세릴스테아레이트, 하이드록시프로필스타치포스페이트, 폴리아크릴레이트-13, 향료, 소듐스테아로일글루타메이트, 폴리아이소부텐, 하이드로제네이티드레시틴, 토코페릴아세테이트, 글리세릴카프릴레이트, 스테아릭애씨드, 인삼수, 팔미틱애씨드, 다이소듐이디티에이, 에틸헥실글리세린, 폴리솔베이트20, 솔비탄아이소스테아레이트, 호호바씨오일, 시호뿌리추출물, 왜당귀뿌리추출물, 소엽맥문동뿌리추출물, 마데카소사이드, 미리스틱애씨드, 7-데하이드로콜레스테롤, 글루코노락톤, 라우릭애씨드, 토코페롤",일리윤,일리윤_울트라 리페어 인텐시브 케어 크림 200ml
젠틀 딥 립앤아이 리무버 140ml,https://www.amoremall.com/kr/ko/product/detail?onlineProdSn=64638,10972.0,140ml,140.0,ml,"정제수, 아이소도데케인, 세틸에틸헥사노에이트, 메틸트라이메티콘, 1,2-헥산다이올, 헥실렌글라이콜, 소듐클로라이드, 라우릴메틸글루세스-10하이드록시프로필다이모늄클로라이드, 포타슘포스페이트, 카프릴릴/카프릴글루코사이드, 에틸헥실글리세린, 다이포타슘포스페이트, 알지닌, C9-12알케인, 부틸렌글라이콜, 인삼수, 황금추출물, 매실추출물, 코코-카프릴레이트/카프레이트, 토코페롤",일리윤,일리윤_젠틀 딥 립앤아이 리무버 140ml
세라마이드 아토 수딩 젤 175ml,https://www.amoremall.com/kr/ko/product/detail?onlineProdSn=24772,17838.0,175ml,175.0,ml,"정제수, 프로판다이올, 글리세린, 카프릴릭/카프릭트라이글리세라이드, 에틸헥실스테아레이트, 1,2-헥산다이올, 암모늄아크릴로일다이메틸타우레이트/브이피코폴리머, 폴리글리세릴-3메틸글루코오스다이스테아레이트, 세테아릴올리베이트, 솔비탄올리베이트, 카보머, 트로메타민, 글리세릴카프릴레이트, 에틸헥실글리세린, 부틸렌글라이콜, 인삼수, 황금추출물, 세라마이드엔피(104ppm), 베타인, 매실추출물, 검정콩오일, 하이드로제네이티드레시틴, 스쿠알란, 마데카소사이드, 폴리글리세릴-10펜타스테아레이트, 피토스핑고신, 펜틸렌글라이콜, 다이포타슘글리시리제이트, 카놀라오일, 로즈마리잎추출물, 토코페롤",일리윤,일리윤_세라마이드 아토 수딩 젤 175ml
세라마이드 아토 5.0 젠틀스킨클렌져 400ml,https://www.amoremall.com/kr/ko/product/detail?onlineProdSn=64641,14789.0,400ml,400.0,ml,"정제수, 글리세린, 라우릴하이드록시설테인, 소듐코코일이세티오네이트, 소듐메틸코코일타우레이트, 카프릴릴/카프릴글루코사이드, 라우릴베타인, 하이드록시프로필스타치포스페이트, 소듐클로라이드, 글리세릴스테아레이트, 하이드레이티드실리카, 트라이하이드록시스테아린, 글라이콜다이스테아레이트, 잔탄검, 세테아릴올리베이트, 솔비탄올리베이트, 라우릭애씨드, 소듐메타포스페이트, 글루코노락톤, 에틸헥실글리세린, 폴리쿼터늄-7, 시트릭애씨드, 부틸렌글라이콜, 인삼수, 황금추출물, 프로판다이올, 매실추출물, 소듐벤조에이트(0.003%), 1,2-헥산다이올, 검정콩오일, 하이드로제네이티드레시틴, 스쿠알란, 마데카소사이드, 폴리 글리세릴-10펜타스테아레이트, 3-O-에틸아스코빅애씨드, 세라마이드엔피(4ppm), 피토스핑고신, 토코페롤, 펜틸렌글라이콜, 다이포타슘글리시리제이트, 하이드롤라이즈드식물성단백질, 카놀라오일, 로즈마리잎추출물",일리윤,일리윤_세라마이드 아토 5.0 젠틀스킨클렌져 400ml
무기자차 장벽 선크림 SPF50+/PA++++ 50ml,https://www.amoremall.com/kr/ko/product/detail?onlineProdSn=65992,22838.0,50ml,50.0,ml,"정제수, 징크옥사이드, 사이클로헥사실록세인, 부틸옥틸살리실레이트, 프로필헵틸카프릴레이트, 아이소도데케인, 판테놀, 폴리글리세릴-3폴리다이메틸실록시에틸다이메티콘, 카프릴릴메티콘, 나이아신아마이드, 프로판다이올, 다이실록세인, 다이스테아다이모늄헥토라이트, 마그네슘설페이트, 트라이에톡시카프릴릴실레인, 폴리메틸실세스퀴옥세인, 폴리글리세릴-2다이폴리하이드록시스테아레이트, 1,2-헥산다이올, 라우릴폴리글리세릴-3폴리다이메틸실록시에틸다이메티콘, 카프릴릴글라이콜, 글리세릴카프릴레이트, 에틸헥실글리세린, 아데노신, 부틸렌글라이콜, 인삼수, 소듐하이알루로네이트, 황금추출물, 매실추출물, 토코페롤, 세라마이드엔피",일리윤,일리윤_무기자차 장벽 선크림 SPF50+/PA++++ 50ml
데일리 무기자차 선스틱 SPF50+/PA++++ 20g,https://www.amoremall.com/kr/ko/product/detail?onlineProdSn=64816,19857.0,20g,20.0,g,"징크옥사이드, 합성왁스, C12-15알킬벤조에이트, 티타늄디옥사이드, 코코-카프릴레이트/카프레이트, 폴리메틸실세스퀴옥세인, 에이치디아이/트라이메틸올헥실락톤크로스폴리머, 세틸에틸헥사노에이트, 실리카, 펜타에리스리틸테트라에틸헥사노에이트, 아크릴레이트코폴리머, 하이드로제네이티드폴리(C6-14올레핀), 폴리하이드록시스테아릭애씨드, 에틸헥실메톡시크릴렌, 알루미늄스테아레이트, 트라이에톡시카프릴릴실레인, 알루미나, 글리세릴카프릴레이트, 부틸렌글라이콜, 정제수, 인삼수, 황금추출물, 소듐하이알루로네이트, 매실추출물, 토코페롤",일리윤,일리윤_데일리 무기자차 선스틱 SPF50+/PA++++ 20g
세라마이드 아토 로션 508ml,https://www.amoremall.com/kr/ko/product/detail?onlineProdSn=67625,18500.0,508ml,508.0,ml,"정제수, 글리세린, 프로판다이올, 다이메티콘, 하이드로제네이티드쌀겨오일, 하이드로제네이티드폴리(C6-14올레핀), 세틸에틸헥사노에이트, 다이아이소스테아릴말레이트, 1,2-헥산다이올, 하이드록시에틸아크릴레이트/소듐아크릴로일다이메틸타우레이트코폴리머, C14-22알코올, 아라키딜알코올, 팔미틱애씨드, 글리세릴스테아레이트, 스테아릭애씨드, 베헤닐알코올, C12-20알킬글루코사이드, 글리세릴카프릴레이트, 아라키딜글루코사이드, 솔비탄아이소스테아레이트, 에틸헥실글리세린, 부틸렌글라이콜, 소듐메타포스페이트, 인삼수, 황금추출물, 세틸-피지하이드록시에틸팔미타마이드(세라마이드 CPP-40 65.5ppm), 만니톨, 매실추출물, 하이드로제네이티드레시틴, 검정콩오일, 스쿠알란, 마데카소사이드, 폴리글리세릴-10펜타스테아레이트, 아크릴레이트/암모늄메타크릴레이트코폴리머, 세라마이드엔피(4.04ppm), 토코페롤, 콜레스테롤, 피토스핑고신, 실리카, 펜틸렌글라이콜, 다이포타슘글리시리제이트, 아라키딕애씨드, 올레익애씨드, 카놀라오일, 로즈마리잎추출물",일리윤,일리윤_세라마이드 아토 로션 508ml
튼살크림 330ml,https://www.amoremall.com/kr/ko/product/detail?onlineProdSn=64457,40000.0,330ml,330.0,ml,"정제수, 펜타에리스리틸테트라에틸헥사노에이트, 부틸렌글라이콜, 프로판다이올, 폴리글리세릴-3메틸글루코 오스다이스테아레이트, 스쿠알란, 세테아릴알코올, 판테놀, 시어버터, 1,2-헥산다이올, 카보머, 트로메타민, 잔탄검, 알란 토인, 인카르나타시계꽃씨오일, 올레아놀릭애씨드, 비타민 나무열매추출물, 원추리꽃추출물",일리윤,일리윤_튼살크림 330ml
시카 아크네 클리어 필링 스크럽 200g,https://www.amoremall.com/kr/ko/product/detail?onlineProdSn=62158,18000.0,200g,200.0,g,"수크로오스, 글리세린, 하이드레이티드실리카, 폴리솔베이트20, 하이드로제네이티드폴리(C6-14올레핀), 메틸글루카민, 살리실릭애씨드, 폴리솔베이트60, 향료,글루코노락톤, 소듐설파이트, 페퍼민트오일, 리날룰, 정제수, 헥실신남알, 부틸렌글라이콜, 시트로넬올, 아스코빅애씨드, 베타인, 인삼수, 황금추출물, 대추추출물, 매실추출물, 락틱애씨드, 나이아신아마이드, 피토스핑고신, 프로판다이올, 토코페롤, 마데카소사이드, 시트릭애씨드, 소듐하이알루로네이트, 글라이콜릭애씨드, 아시아티코사이드, 마데카식애씨드, 아시아틱애씨드, 1,2-헥산다이올, 하이드롤라이즈드하이알루로닉애씨드, 소듐하이알루로네이트크로스폴리머, 하이알루로닉애씨드, 에틸헥실글리세린, 소듐아세틸레이티드하이알루로네이트",일리윤,일리윤_시카 아크네 클리어 필링 스크럽 200g
시카 아크네 클리어 바디 워시 400ml,https://www.amoremall.com/kr/ko/product/detail?onlineProdSn=62156,19000.0,400ml,400.0,ml,"정제수, 소듐C14-16올레핀설포네이트, 카프릴릴/카프릴글루코사이드, 라우릭애씨드, 라우릴하이드록시설테인, 코카마이드엠이에이, 살리실릭애씨드, 소듐하이드록사이드, 소듐클로라이드, 향료, 멘톨, 다이-C12-13알킬말레이트, 소듐설파이트, 소듐메타포스페이트, 글루코노락톤, 에틸헥실글리세린, 리날룰, 락틱애씨드, 페퍼민트오일, 헥실신남알, 시트로넬올, 리모넨, 아스코빅애씨드, 베타인, 피토스핑고신, 시트릭애씨드, 글라이콜릭애씨드, 부틸렌글라이콜, 나이아신아마이드, 인삼수, 프로판다이올, 황금추출물, 마데카소사이드, 대추추출물, 매실추출물, 소듐하이알루로네이트, 아시아티코사이드, 마데카식애씨드, 토코페롤, 클로로필린-카퍼컴플렉스, 아시아틱애씨드, 1,2-헥산다이올, 하이드롤라이즈드하이알루로닉애씨드, 소듐하이알루로네이트크로스폴리머, 하이알루로닉애씨드, 소듐아세틸레이티드하이알루로네이트",일리윤,일리윤_시카 아크네 클리어 바디 워시 400ml
젠틀 딥 클렌징 오일 250ml,https://www.amoremall.com/kr/ko/product/detail?onlineProdSn=64637,23924.0,250ml,250.0,ml,"솔베스-30테트라올리에이트, C12-15알킬벤조에이트, 세틸에틸헥사노에이트, 아이소프로필팔미테이트, 펜타에리스리틸테트라아이소스테아레이트, 트라이에틸헥사노인, 카프릴릭/카프릭트라이글리세라이드, 아이소도데케인, 다이아이소스테아릴말레이트, 아이소노닐아이소노나노에이트, 정제수, C9-12알케인, 락틱애씨드, 부틸렌글라이콜, 인삼수, 센티드제라늄꽃오일, 황금추출물, 시트릭애씨드, 살리실릭애씨드, 코코-카프릴레이트/카프레이트, 글라이콜릭애씨드, 매실추출물, 알지닌",일리윤,일리윤_젠틀 딥 클렌징 오일 250ml
시카 트러블 클리어 바디 미스트 200ml,https://www.amoremall.com/kr/ko/product/detail?onlineProdSn=62157,24000.0,200ml,200.0,ml,"정제수, 부틸렌글라이콜, 글리세린, 나이아신아마이드, 1,2-헥산다이올, 트로메타민, 살리실릭애씨드, 폴리글리세릴-10라우레이트, 징크피씨에이, 글루코노락톤, 락틱애씨드, 대추추출물, 에틸헥실글리세린, 아데노신, 향료, 알란토인, 인삼수,페퍼민트오일, 황금추출물, 베타인, 시트릭애씨드, 글라이콜릭애씨드, 소듐하이알루로네이트, 매실추출물, 아스코빅애씨드, 징크클로라이드, 토코페롤",일리윤,일리윤_시카 트러블 클리어 바디 미스트 200ml
젠틀 딥 페이셜 클렌저 250ml,https://www.amoremall.com/kr/ko/product/detail?onlineProdSn=64635,21000.0,250ml,250.0,ml,"정제수, 글리세린, 라우릴하이드록시설테인, 소듐코코일알라니네이트, 카프릴릴/카프릴글루코사이드, 폴리글리세릴-6카프릴레이트, 소듐클로라이드, 다이소듐코코암포다이아세테이트, 아크릴레이트/베헤네스-25메타크릴레이트코폴리머, 폴리글리세릴-10라우레이트, 수크로오스, C9-12알케인, 시트릭애씨드, 1,2-헥산다이올, 폴리글리세릴-10다이아이소스테아레이트, 에틸헥실글리세린, 코코-카프릴레이트/카프레이트, 부틸렌글라이콜, 인삼수, 황금추출물, 알지닌, 피토스테롤, 매실추출물, 프로판다이올, 소듐하이알루로네이트, 토코페롤, 하이드롤라이즈드하이알루로닉애씨드, 소듐하이알루로네이트크로스폴리머, 하이알루로닉애씨드, 소듐아세틸레이티드하이알루로네이",일리윤,일리윤_젠틀 딥 페이셜 클렌저 250ml
프로바이오틱스 스킨 배리어 젠틀 클렌저 300ml,https://www.amoremall.com/kr/ko/product/detail?onlineProdSn=59720,16875.0,300ml,300.0,ml,"전성분 정제수, 글리세린, 코카미도프로필베타인, 라우릴글루코사이드, 코코-글루코사이드, 카프릴릴/카프릴글루코사이드, 잔탄검, 시트릭애씨드, 향료, 글리세릴카프릴레이트, 다이소듐이디티에이, 에틸헥실글리세린, 락틱애씨드, 덱스트린, 부틸렌글라이콜, 인삼수, 시호뿌리추출물, 왜당귀뿌리추출물, 소엽맥문동뿌리추출물, 락토바실러스발효용해물(1 PPM), 토코페롤",일리윤,일리윤_프로바이오틱스 스킨 배리어 젠틀 클렌저 300ml
세라마이드 아토 버블워시 앤 샴푸 400ml,https://www.amoremall.com/kr/ko/product/detail?onlineProdSn=35119,16667.0,400ml,400.0,ml,"정제수, 글리세린, 솔비톨, 카프릴릴/카프릴글루코사이드, 다이프로필렌글라이콜, 프로판다이올, 다이소듐코코암포다이아세테이트, 코코-글루코사이드, 다이소듐코코일글루타메이트, 1,2-헥산다이올, 소듐클로라이드, 시트릭애씨드, 카프릴릴글라이콜, 다이소듐이디티에이, 에틸헥실글리세린, 잔탄검, 세라마이드엔피(10ppm), 부틸렌글라이콜, 인삼수, 시호뿌리추출물, 왜당귀뿌리추출물, 소엽맥문동뿌리추출물, 토코페롤",일리윤,일리윤_세라마이드 아토 버블워시 앤 샴푸 400ml
히알루론 모이스춰 수분크림,https://www.amoremall.com/kr/ko/product/detail?onlineProdSn=67509,41250.0,100ml * 3,100.0,ml,"정제수, 부틸렌글라이콜, 다이카프릴릴카보네이트, 글리세린, 하이드로제네이티드폴리(C6-14올레핀), 메틸트라이메티콘, 1,2-헥산다이올, 세테아릴알코올, 피씨에이다이메티콘, 스테아릭애씨드, 글리세릴스테아레이트, 팔미틱애씨드, 아크릴레이트/C10-30알킬아크릴레이트크로스폴리머, 트로메타민, 향료, 하이드록시에틸아크릴레이트/소듐아크릴로일다이메틸타우레이트코폴리머, 소듐하이알루로네이트, 글리세릴카프릴레이트, 하이드로제네이티드레시틴, 인삼수, 하이드록시프로필스타치포스페이트, 다이소듐이디티에이, 에틸헥실글리세린, 폴리글리세릴-3메틸글루코오스다이스테아레이트, 녹차씨오일, 솔비탄아이소스테아레이트, 폴리솔베이트60, 리모넨, 시호뿌리추출물, 왜당귀뿌리추출물, 소엽맥문동뿌리추출물, 미리스틱애씨드, 아라키딕애씨드, 리날룰, 토코페롤, 돌콩오일",일리윤,일리윤_히알루론 모이스춰 수분크림
세라마이드 아토 탑투토워시 본품+리필 SET,https://www.amoremall.com/kr/ko/product/detail?onlineProdSn=67344,23662.0,본품 1000ml + 리필 500ml,1000.0,ml,"정제수, 코카미도프로필베타인, 솔비톨, 다이소듐라우레스설포석시네이트, 코카마이드메틸엠이에이, 소듐클로라이드, 다이소듐코코암포다이아세테이트, 코카마이드엠이에이, 1,2-헥산다이올, 소듐벤조에이트(0.499%), 시트릭애씨드, 다이소듐이디티에이, 부틸렌글라이콜, 인삼수, 시호뿌리추출물, 왜당귀뿌리추출물, 소엽맥문동뿌리추출물, 들깨추출물, 낫토검, 세라마이드엔피(10ppb), 에틸헥실글리세린, 스테아릭애씨드, 하이드록시프로필비스팔미타마이드엠이에이(세라마이드 PC-104 3ppb), 만니톨, 아크릴레이트/암모늄메타크릴레이트코폴리머, 실리카, 콜레스테롤",일리윤,일리윤_세라마이드 아토 탑투토워시 본품+리필 SET
세라마이드 아토 로션 2입 SET,https://www.amoremall.com/kr/ko/product/detail?onlineProdSn=67343,51781.0,본품 564ml*2 + 증정 50ml*2,564.0,ml,"정제수, 글리세린, 프로판다이올, 다이메티콘, 하이드로제네이티드쌀겨오일, 하이드로제네이티드폴리(C6-14올레핀), 세틸에틸헥사노에이트, 다이아이소스테아릴말레이트, 1,2-헥산다이올, 하이드록시에틸아크릴레이트/소듐아크릴로일다이메틸타우레이트코폴리머, C14-22알코올, 아라키딜알코올, 팔미틱애씨드, 글리세릴스테아레이트, 스테아릭애씨드, 베헤닐알코올, C12-20알킬글루코사이드, 글리세릴카프릴레이트, 아라키딜글루코사이드, 솔비탄아이소스테아레이트, 에틸헥실글리세린, 부틸렌글라이콜, 소듐메타포스페이트, 인삼수, 황금추출물, 세틸-피지하이드록시에틸팔미타마이드(세라마이드 CPP-40 65.5ppm), 만니톨, 매실추출물, 하이드로제네이티드레시틴, 검정콩오일, 스쿠알란, 마데카소사이드, 폴리글리세릴-10펜타스테아레이트, 아크릴레이트/암모늄메타크릴레이트코폴리머, 세라마이드엔피(4.04ppm), 토코페롤, 콜레스테롤, 피토스핑고신, 실리카, 펜틸렌글라이콜, 다이포타슘글리시리제이트, 아라키딕애씨드, 올레익애씨드, 카놀라오일, 로즈마리잎추출물",일리윤,일리윤_세라마이드 아토 로션 2입 SET
인텐시브 세라마이드 비건 립 마스크 7g,https://www.amoremall.com/kr/ko/product/detail?onlineProdSn=67199,13906.0,7g,7.0,g,"폴리부텐, 하이드로제네이티드캐스터오일아이소스테아레이트, 비스-베헤닐/ 아이소스테아릴/피토스테릴다이머다이리놀레일다이머다이리놀리에이트, 펜타에리스리틸테트라에틸헥사노에이트, 트라이에틸헥사노인, 피마자씨오일, 해바라기씨왁스, 야자씨버터, 카나우바왁스, 세라마이드엔피, 콜레스테롤, 팔미틱애씨드, 스테아릭애씨드, 정제수, 글리세릴카프릴레이트, 부틸렌글라이콜, 인삼수, 글리세린, 황금추출물, 프로판다이올, 토코페롤, 1,2-헥산다이올, 검정콩오일, 하이드로제네이티드레시틴, 스쿠알란, 폴리글리세릴-10펜타스테아레이트, 피토스핑고신, 펜틸렌글라이콜, 다이포타슘글리시리제이트, 에틸헥실글리세린, 매실추출물, 카놀라오일, 로즈마리잎추출물",일리윤,일리윤_인텐시브 세라마이드 비건 립 마스크 7g
울트라 리페어 인텐시브 케어 크림,https://www.amoremall.com/kr/ko/product/detail?onlineProdSn=67186,35584.0,200ml *2입,200.0,ml,"정제수, 부틸렌글라이콜, 글리세린, 세틸에틸헥사노에이트, 다이메티콘, 폴리글리세릴-3메틸글루코오스다이스테아레이트, 세테아릴알코올, 시어버터, 글리세릴스테아레이트시트레이트, 판테놀, 1,2-헥산다이올, 글리세릴스테아레이트, 하이드록시프로필스타치포스페이트, 폴리아크릴레이트-13, 향료, 소듐스테아로일글루타메이트, 폴리아이소부텐, 하이드로제네이티드레시틴, 토코페릴아세테이트, 글리세릴카프릴레이트, 스테아릭애씨드, 인삼수, 팔미틱애씨드, 다이소듐이디티에이, 에틸헥실글리세린, 폴리솔베이트20, 솔비탄아이소스테아레이트, 호호바씨오일, 시호뿌리추출물, 왜당귀뿌리추출물, 소엽맥문동뿌리추출물, 마데카소사이드, 미리스틱애씨드, 7-데하이드로콜레스테롤, 글루코노락톤, 라우릭애씨드, 토코페롤",일리윤,일리윤_울트라 리페어 인텐시브 케어 크림
울트라 리페어 로션,https://www.amoremall.com/kr/ko/product/detail?onlineProdSn=67185,35625.0,350ml *2입,350.0,ml,"정제수, 글리세린, 부틸렌글라이콜, 펜타에리스리틸테트라에틸헥사노에이트, 하이드로제네이티드폴리(C6-14올레핀), 판테놀, 시어버터, C14-22알코올, 다이메티콘, 세테아릴알코올, 비스-다이글리세릴폴리아실아디페이트-2, 글리세릴스테아레이트, 향료, C12-20알킬글루코사이드, 1,2-헥산다이올, 스테아릭애씨드, 팔미틱애씨드, 카보머, 폴리아크릴레이트-13, 토코페릴아세테이트, 잔탄검, 글리세릴카프릴레이트, 인삼수, 폴리아이소부텐, 다이소듐이디티에이, 에틸헥실글리세린, 포타슘하이드록사이드, 호호바씨오일, 폴리솔베이트20, 솔비탄아이소스테아레이트, 시호뿌리추출물, 왜당귀뿌리추출물, 소엽맥문동뿌리추출물, 글루코오스, 마데카소사이드, 미리스틱애씨드, 아라키딕애씨드, 7-데하이드로콜레스테롤, 토코페롤",일리윤,일리윤_울트라 리페어 로션
울트라 리페어 딥 모이스춰 워시,https://www.amoremall.com/kr/ko/product/detail?onlineProdSn=67184,27576.0,500ml *2입,500.0,ml,"정제수, 글리세린, 라우릴글루코사이드, 다이프로필렌글라이콜, 코카미도프로필베타인, 소듐C14-16올레핀설포네이트, 판테놀, 다이소듐코코암포다이아세테이트, 소듐클로라이드, 소듐벤조에이트, 시트릭애씨드, 향료, 카프릴릴글라이콜, 폴리쿼터늄-10, 에틸헥실글리세린, 폴리쿼터늄-7, 부틸렌글라이콜, 인삼수, 다이소듐이디티에이, 시호뿌리추출물, 왜당귀뿌리추출물, 소엽맥문동뿌리추출물, 토코페롤, 토코페릴아세테이트, 호호바씨오일, 7-데하이드로콜레스테롤",일리윤,일리윤_울트라 리페어 딥 모이스춰 워시
울트라 리페어 로션,https://www.amoremall.com/kr/ko/product/detail?onlineProdSn=67183,49688.0,528ml *2입,528.0,ml,"정제수, 글리세린, 부틸렌글라이콜, 펜타에리스리틸테트라에틸헥사노에이트, 하이드로제네이티드폴리(C6-14올레핀), 판테놀, 시어버터, C14-22알코올, 다이메티콘, 세테아릴알코올, 비스-다이글리세릴폴리아실아디페이트-2, 글리세릴스테아레이트, 향료, C12-20알킬글루코사이드, 1,2-헥산다이올, 스테아릭애씨드, 팔미틱애씨드, 카보머, 폴리아크릴레이트-13, 토코페릴아세테이트, 잔탄검, 글리세릴카프릴레이트, 인삼수, 폴리아이소부텐, 다이소듐이디티에이, 에틸헥실글리세린, 포타슘하이드록사이드, 호호바씨오일, 폴리솔베이트20, 솔비탄아이소스테아레이트, 시호뿌리추출물, 왜당귀뿌리추출물, 소엽맥문동뿌리추출물, 글루코오스, 마데카소사이드, 미리스틱애씨드, 아라키딕애씨드, 7-데하이드로콜레스테롤, 토코페롤",일리윤,일리윤_울트라 리페어 로션
데일리 무기자차 선스틱 SPF50+/PA++++,https://www.amoremall.com/kr/ko/product/detail?onlineProdSn=67149,40000.0,20g *2입,20.0,g,"징크옥사이드, 합성왁스, C12-15알킬벤조에이트, 티타늄디옥사이드, 코코-카프릴레이트/카프레이트, 폴리메틸실세스퀴옥세인, 에이치디아이/트라이메틸올헥실락톤크로스폴리머, 세틸에틸헥사노에이트, 실리카, 펜타에리스리틸테트라에틸헥사노에이트, 아크릴레이트코폴리머, 하이드로제네이티드폴리(C6-14올레핀), 폴리하이드록시스테아릭애씨드, 에틸헥실메톡시크릴렌, 알루미늄스테아레이트, 트라이에톡시카프릴릴실레인, 알루미나, 글리세릴카프릴레이트, 부틸렌글라이콜, 정제수, 인삼수, 황금추출물, 소듐하이알루로네이트, 매실추출물, 토코페롤",일리윤,일리윤_데일리 무기자차 선스틱 SPF50+/PA++++
레드이치 케어크림,https://www.amoremall.com/kr/ko/product/detail?onlineProdSn=67148,51892.0,330ml *2입,330.0,ml,"정제수, 글리세린, 부틸렌글라이콜, 프로판다이올, 다이메티콘, 스쿠알란, 펜타에리스리틸테트라아이소스테아레이트, 베헤닐알코올, 스테아릭애씨드, 팔미틱애씨드, 세틸에틸헥사노에이트, 1,2-헥산다이올, 아라키딜알코올, C14-22알코올, 판테놀, 하이드록시프로필비스팔미타마이드엠이에이, 아라키딜글루코사이드, 폴리아크릴레이트-13, C12-20알킬글루코사이드, 폴리아이소부텐, 글리세릴카프릴레이트, 인삼수, 올레아놀릭애씨드, 에틸헥실글리세린, 다이소듐이디티에이, 폴리솔베이트20, 솔비탄아이소스테아레이트, 들깨추출물, 시호뿌리추출물, 왜당귀뿌리추출물, 소엽맥문동뿌리추출물, 글루코오스, 미리스틱애씨드, 아라키딕애씨드, 검정콩오일, 콜레스테롤, 달맞이꽃오일, 세라마이드엔피, 피토스핑고신, 하이드로제네이티드레시틴, 토코페롤, 카놀라오일, 로즈마리잎추출물",일리윤,일리윤_레드이치 케어크림
레드이치 고보습 워시,https://www.amoremall.com/kr/ko/product/detail?onlineProdSn=67147,41842.0,470g*2입,470.0,g,"글리세린, 정제수, 코카이드프로필베타인, 카프릴릴/카프릴글루코사이드, 다이소듐라우레스설포석시네이트, 다이소듐코코암포다이아세테이트, 소듐클로라이드, 코카미도메틸MEA, 시트릭애씨드, 글라이드올리에이트, 나이아신아마이드, 소듐벤조에이트, 부틸렌글라이콜, 다추추출물, 폴리쿼터늄-7, 인삼수, 센티드제라늄꽃오일, 카프릴릴글라이콜, 홍콩추출물, 마치현추출물, 피토스핑고신",일리윤,일리윤_레드이치 고보습 워시
레드이치 케어오일,https://www.amoremall.com/kr/ko/product/detail?onlineProdSn=67146,47895.0,200ml*2입,200.0,ml,"카프릴릭/카프릭트라이글리세라이드, 해바라기씨오일, 에틸헥실스테아레이트, 옥틸도데실미리스테이트, 다이카프릴릴카보네이트, 스쿠알란, 데실코코에이트, 호호바씨오일, 불가리스쑥오일, 올리브오일, 달맞이꽃오일, 스위트아몬드오일, 토코페롤, 부틸렌글라이콜, 인삼수, 정제수, 글리세린, 시호뿌리추출물, 왜당귀뿌리추출물, 소엽맥문동뿌리추출물, 검정콩오일, 세라마이드엔피, 피토스핑고신, 들깨추출물, 하이드로제네이티드레시틴, 로즈마리잎추출물, 카놀라오일",일리윤,일리윤_레드이치 케어오일
레드이치 케어크림,https://www.amoremall.com/kr/ko/product/detail?onlineProdSn=67145,23784.0,128ml *2입,128.0,ml,"정제수, 글리세린, 부틸렌글라이콜, 프로판다이올, 다이메티콘, 스쿠알란, 펜타에리스리틸테트라아이소스테아레이트, 베헤닐알코올, 스테아릭애씨드, 팔미틱애씨드, 세틸에틸헥사노에이트, 1,2-헥산다이올, 아라키딜알코올, C14-22알코올, 판테놀, 하이드록시프로필비스팔미타마이드엠이에이, 아라키딜글루코사이드, 폴리아크릴레이트-13, C12-20알킬글루코사이드, 폴리아이소부텐, 글리세릴카프릴레이트, 인삼수, 올레아놀릭애씨드, 에틸헥실글리세린, 다이소듐이디티에이, 폴리솔베이트20, 솔비탄아이소스테아레이트, 들깨추출물, 시호뿌리추출물, 왜당귀뿌리추출물, 소엽맥문동뿌리추출물, 글루코오스, 미리스틱애씨드, 아라키딕애씨드, 검정콩오일, 콜레스테롤, 달맞이꽃오일, 세라마이드엔피, 피토스핑고신, 하이드로제네이티드레시틴, 토코페롤, 카놀라오일, 로즈마리잎추출물",일리윤,일리윤_레드이치 케어크림
세라마이드 아토 집중 크림 230ml,https://www.amoremall.com/kr/ko/product/detail?onlineProdSn=67035,65455.0,230ml*3,230.0,ml,"정제수, 부틸렌글라이콜, 글리세린, 에틸헥실스테아레이트, 다이메티콘, 다이카프릴릴카보네이트, 베헤닐알코올, 스테아릭애씨드, 팔미틱애씨드, 세틸에틸헥사노에이트, 하이드로제네이티드폴리(C6-14올레핀), 1,2-헥산다이올, 아라키딜알코올, C14-22알코올, 세틸-피지하이드록시에틸팔미타마이드(세라마이드 CPP-40 7622ppm), 폴리아크릴레이트-13, 만니톨, 아라키딜글루코사이드, C12-20알킬글루코사이드, 하이드로제네이티드폴리아이소부텐, 글리세릴카프릴레이트, 에틸헥실글리세린, 폴리글리세릴-10라우레이트, 하이드로제네이티드레시틴, 에틸헥실팔미테이트, 다이메티콘올, 인삼수, 카보머, 솔비탄아이소스테아레이트, 아크릴레이트/암모늄메타크릴레이트코폴리머, 황금추출물, 프로판다이올, 콜레스테롤, 실리카, 매실추출물, 아라키딕애씨드, 검정콩오일, 스쿠알란, 마데카소사이드, 폴리글리세릴-10펜타스테아레이트, 토코페롤, 세라마이드엔피(4ppm), 올레익애씨드, 피토스핑고신, 펜틸렌글라이콜, 다이포타슘글리시리제이트, 카놀라오일, 로즈마리잎추출물",일리윤,일리윤_세라마이드 아토 집중 크림 230ml
레드이치 크림 + 고보습 워시,https://www.amoremall.com/kr/ko/product/detail?onlineProdSn=67033,46849.0,[레드이치 케어크림] 330ml / [레드이치 고보습 워시] 470g,330.0,ml,"[레드이치 케어크림] 정제수, 글리세린, 부틸렌글라이콜, 프로판다이올, 다이메티콘, 스쿠알란, 펜타에리스리틸테트라아이소스테아레이트, 베헤닐알코올, 스테아릭애씨드, 팔미틱애씨드, 세틸에틸헥사노에이트, 1,2-헥산다이올, 아라키딜알코올, C14-22알코올, 판테놀, 하이드록시프로필비스팔미타마이드엠이에이, 아라키딜글루코사이드, 폴리아크릴레이트-13, C12-20알킬글루코사이드, 폴리아이소부텐, 글리세릴카프릴레이트, 인삼수, 올레아놀릭애씨드, 에틸헥실글리세린, 다이소듐이디티에이, 폴리솔베이트20, 솔비탄아이소스테아레이트, 들깨추출물, 시호뿌리추출물, 왜당귀뿌리추출물, 소엽맥문동뿌리추출물, 글루코오스, 미리스틱애씨드, 아라키딕애씨드, 검정콩오일, 콜레스테롤, 달맞이꽃오일, 세라마이드엔피, 피토스핑고신, 하이드로제네이티드레시틴, 토코페롤, 카놀라오일, 로즈마리잎추출물 / [레드이치 고보습 워시] 글리세린, 정제수, 코카이드프로필베타인, 카프릴릴/카프릴글루코사이드, 다이소듐라우레스설포석시네이트, 다이소듐코코암포다이아세테이트, 소듐클로라이드, 코카미도메틸MEA, 시트릭애씨드, 글라이드올리에이트, 나이아신아마이드, 소듐벤조에이트, 부틸렌글라이콜, 다추추출물, 폴리쿼터늄-7, 인삼수, 센티드제라늄꽃오일, 카프릴릴글라이콜, 홍콩추출물, 마치현추출물, 피토스핑고신",일리윤,일리윤_레드이치 크림 + 고보습 워시
세라마이드 아토 집중크림 230ml,https://www.amoremall.com/kr/ko/product/detail?onlineProdSn=66943,43582.0,230ml*2,230.0,ml,"정제수, 부틸렌글라이콜, 글리세린, 에틸헥실스테아레이트, 다이메티콘, 다이카프릴릴카보네이트, 베헤닐알코올, 스테아릭애씨드, 팔미틱애씨드, 세틸에틸헥사노에이트, 하이드로제네이티드폴리(C6-14올레핀), 1,2-헥산다이올, 아라키딜알코올, C14-22알코올, 세틸-피지하이드록시에틸팔미타마이드(세라마이드 CPP-40 7622ppm), 폴리아크릴레이트-13, 만니톨, 아라키딜글루코사이드, C12-20알킬글루코사이드, 하이드로제네이티드폴리아이소부텐, 글리세릴카프릴레이트, 에틸헥실글리세린, 폴리글리세릴-10라우레이트, 하이드로제네이티드레시틴, 에틸헥실팔미테이트, 다이메티콘올, 인삼수, 카보머, 솔비탄아이소스테아레이트, 아크릴레이트/암모늄메타크릴레이트코폴리머, 황금추출물, 프로판다이올, 콜레스테롤, 실리카, 매실추출물, 아라키딕애씨드, 검정콩오일, 스쿠알란, 마데카소사이드, 폴리글리세릴-10펜타스테아레이트, 토코페롤, 세라마이드엔피(4ppm), 올레익애씨드, 피토스핑고신, 펜틸렌글라이콜, 다이포타슘글리시리제이트, 카놀라오일, 로즈마리잎추출물",일리윤,일리윤_세라마이드 아토 집중크림 230ml
세라마이드 아토 로션,https://www.amoremall.com/kr/ko/product/detail?onlineProdSn=66708,42941.0,(564ml+350ml),564.0,ml,"정제수, 글리세린, 프로판다이올, 다이메티콘, 하이드로제네이티드쌀겨오일, 하이드로제네이티드폴리(C6-14올레핀), 세틸에틸헥사노에이트, 다이아이소스테아릴말레이트, 1,2-헥산다이올, 하이드록시에틸아크릴레이트/소듐아크릴로일다이메틸타우레이트코폴리머, C14-22알코올, 아라키딜알코올, 팔미틱애씨드, 글리세릴스테아레이트, 스테아릭애씨드, 베헤닐알코올, C12-20알킬글루코사이드, 글리세릴카프릴레이트, 아라키딜글루코사이드, 솔비탄아이소스테아레이트, 에틸헥실글리세린, 부틸렌글라이콜, 소듐메타포스페이트, 인삼수, 황금추출물, 세틸-피지하이드록시에틸팔미타마이드(세라마이드 CPP-40 65.5ppm), 만니톨, 매실추출물, 하이드로제네이티드레시틴, 검정콩오일, 스쿠알란, 마데카소사이드, 폴리글리세릴-10펜타스테아레이트, 아크릴레이트/암모늄메타크릴레이트코폴리머, 세라마이드엔피(4.04ppm), 토코페롤, 콜레스테롤, 피토스핑고신, 실리카, 펜틸렌글라이콜, 다이포타슘글리시리제이트, 아라키딕애씨드, 올레익애씨드, 카놀라오일, 로즈마리잎추출물",일리윤,일리윤_세라마이드 아토 로션
무기자차 장벽 선크림 SPF50+/PA++++,https://www.amoremall.com/kr/ko/product/detail?onlineProdSn=66124,45833.0,50ml*2,50.0,ml,"정제수, 징크옥사이드, 사이클로헥사실록세인, 부틸옥틸살리실레이트, 프로필헵틸카프릴레이트, 아이소도데케인, 판테놀, 폴리글리세릴-3폴리다이메틸실록시에틸다이메티콘, 카프릴릴메티콘, 나이아신아마이드, 프로판다이올, 다이실록세인, 다이스테아다이모늄헥토라이트, 마그네슘설페이트, 트라이에톡시카프릴릴실레인, 폴리메틸실세스퀴옥세인, 폴리글리세릴-2다이폴리하이드록시스테아레이트, 1,2-헥산다이올, 라우릴폴리글리세릴-3폴리다이메틸실록시에틸다이메티콘, 카프릴릴글라이콜, 글리세릴카프릴레이트, 에틸헥실글리세린, 아데노신, 부틸렌글라이콜, 인삼수, 소듐하이알루로네이트, 황금추출물, 매실추출물, 토코페롤, 세라마이드엔피",일리윤,일리윤_무기자차 장벽 선크림 SPF50+/PA++++
저자극 이지워시 선크림 SPF50+/PA++++,https://www.amoremall.com/kr/ko/product/detail?onlineProdSn=66105,59714.0,150ml*2,150.0,ml,"정제수, 호모살레이트, 부틸렌글라이콜, 디에칠아미노하이드록시벤조일헥실벤조에이트, 에칠헥실살리실레이트, 글리세린, 페닐트라이메티콘, C12-15알킬벤조에이트, 실리카, 비스-에칠헥실옥시페놀메톡시페닐트리아진, 다이부틸아디페이트, 테레프탈릴리덴디캠퍼설포닉애씨드, 세테아릴알코올, 1,2-헥산다이올, 트로메타민, 포타슘세틸포스페이트, 글리세릴스테아레이트, 폴리아크릴레이트크로스폴리머-6, 아크릴레이트/C10-30알킬아크릴레이트크로스폴리머, 베헤닐알코올, 하이드로제네이티드레시틴, 글리세릴카프릴레이트, 황금추출물, 스테아릭애씨드, 인삼수, 폴리글리세릴-3메틸글루코오스다이스테아레이트, 팔미틱애씨드, 에틸헥실글리세린, 다이소듐이디티에이, 향료, 프로판다이올, T-부틸알코올, 시호뿌리추출물, 왜당귀뿌리추출물, 소엽맥문동뿌리추출물, 미리스틱애씨드, 라우릭애씨드, 병풀꽃/잎/줄기추출물, 토코페롤",일리윤,일리윤_저자극 이지워시 선크림 SPF50+/PA++++
세라마이드 아토 수딩 젤,https://www.amoremall.com/kr/ko/product/detail?onlineProdSn=66083,35556.0,175ml*2,175.0,ml,"정제수, 프로판다이올, 글리세린, 카프릴릭/카프릭트라이글리세라이드, 에틸헥실스테아레이트, 1,2-헥산다이올, 암모늄아크릴로일다이메틸타우레이트/브이피코폴리머, 폴리글리세릴-3메틸글루코오스다이스테아레이트, 세테아릴올리베이트, 솔비탄올리베이트, 카보머, 트로메타민, 글리세릴카프릴레이트, 에틸헥실글리세린, 부틸렌글라이콜, 인삼수, 황금추출물, 세라마이드엔피(104ppm), 베타인, 매실추출물, 검정콩오일, 하이드로제네이티드레시틴, 스쿠알란, 마데카소사이드, 폴리글리세릴-10펜타스테아레이트, 피토스핑고신, 펜틸렌글라이콜, 다이포타슘글리시리제이트, 카놀라오일, 로즈마리잎추출물, 토코페롤",일리윤,일리윤_세라마이드 아토 수딩 젤
프레쉬 모이스춰 바디워시,https://www.amoremall.com/kr/ko/product/detail?onlineProdSn=64647,27742.0,500ml*2,500.0,ml,"정제수, 소듐C14-16올레핀설포네이트, 아크릴레이트코폴리머, 라우릴하이드록시설테인, 솔비톨, 향료, 소듐살리실레이트, 소듐클로라이드, 말티톨, 포타슘하이드록사이드, 리모넨, 소듐벤조에이트, 리날룰, 에틸헥실글리세린, 다이소듐이디티에이, 옥수수전분, 시트로넬올, 마이크로크리스탈린셀룰로오스, 락토오스, 헥실신남알, 수크로오스, 부틸렌글라이콜, 아스코빅애씨드, 인삼수, 카프릴릭/카프릭트라이글리세라이드, 시호뿌리추출물, 왜당귀뿌리추출물, 소엽맥문동뿌리추출물, 토코페릴아세테이트, 유자껍질추출물, 토코페롤, 로즈힙꽃오일, 오렌지오일, 라벤더오일",일리윤,일리윤_프레쉬 모이스춰 바디워시
세라마이드 아토 로션 564ml,https://www.amoremall.com/kr/ko/product/detail?onlineProdSn=64450,51781.0,564ml *2,564.0,ml,"정제수, 글리세린, 프로판다이올, 다이메티콘, 하이드로제네이티드쌀겨오일, 하이드로제네이티드폴리(C6-14올레핀), 세틸에틸헥사노에이트, 다이아이소스테아릴말레이트, 1,2-헥산다이올, 하이드록시에틸아크릴레이트/소듐아크릴로일다이메틸타우레이트코폴리머, C14-22알코올, 아라키딜알코올, 팔미틱애씨드, 글리세릴스테아레이트, 스테아릭애씨드, 베헤닐알코올, C12-20알킬글루코사이드, 글리세릴카프릴레이트, 아라키딜글루코사이드, 솔비탄아이소스테아레이트, 에틸헥실글리세린, 부틸렌글라이콜, 소듐메타포스페이트, 인삼수, 황금추출물, 세틸-피지하이드록시에틸팔미타마이드(세라마이드 CPP-40 65.5ppm), 만니톨, 매실추출물, 하이드로제네이티드레시틴, 검정콩오일, 스쿠알란, 마데카소사이드, 폴리글리세릴-10펜타스테아레이트, 아크릴레이트/암모늄메타크릴레이트코폴리머, 세라마이드엔피(4.04ppm), 토코페롤, 콜레스테롤, 피토스핑고신, 실리카, 펜틸렌글라이콜, 다이포타슘글리시리제이트, 아라키딕애씨드, 올레익애씨드, 카놀라오일, 로즈마리잎추출물",일리윤,일리윤_세라마이드 아토 로션 564ml
레드이치 고보습 워시 470g,https://www.amoremall.com/kr/ko/product/detail?onlineProdSn=62934,20921.0,470g,470.0,g,"글리세린, 정제수, 코카이드프로필베타인, 카프릴릴/카프릴글루코사이드, 다이소듐라우레스설포석시네이트, 다이소듐코코암포다이아세테이트, 소듐클로라이드, 코카미도메틸MEA, 시트릭애씨드, 글라이드올리에이트, 나이아신아마이드, 소듐벤조에이트, 부틸렌글라이콜, 다추추출물, 폴리쿼터늄-7, 인삼수, 센티드제라늄꽃오일, 카프릴릴글라이콜, 홍콩추출물, 마치현추출물, 피토스핑고신",일리윤,일리윤_레드이치 고보습 워시 470g
세라마이드 무향 비건 립밤 3.2g,https://www.amoremall.com/kr/ko/product/detail?onlineProdSn=44677,11905.0,3.2g,3.2,g,"피토스테릴/옥틸도데실라우로일글루타메이트, 카프릴릭/카프릭트라이글리세라이드, 비스-다이글리세릴폴리아실아디페이트-2, 하이드로제네이티드캐스터오일아이소스테아레이트, 폴리부텐, 합성왁스, 시어버터, 마이크로크리스탈린왁스, 스쿠알란, 콜레칼시페롤-2 트라이아이소스테아레이트, 칸데릴라왁스, 에틸렌/프로필렌코폴리머, 정제수, 부틸렌글라이콜, 잇사멜, 글리세린, 황금추출물, 하이드로제네이티드레시틴, 스테아릴알코올, 글리세릴스테아레이트, 글리세릴글루코사이드, 펜타에리스리틸테트라다이-t-부틸하이드록시하이드로신나메이트, 퀴노아껍질추출물, 폴리글리세릴-10 펜타스테아레이트, 세라마이드엔피, 토코페롤, 펜틸렌글라이콜, 다이포타슘글리시리제이트, 에틸헥실글리세린, 매실추출물, 카놀라오일, 글루코오스, 향료",일리윤,일리윤_세라마이드 무향 비건 립밤 3.2g
세라마이드 무향 비건 핸드크림 50ml,https://www.amoremall.com/kr/ko/product/detail?onlineProdSn=41664,10870.0,50ml,50.0,ml,"정제수, 부틸렌글라이콜, 하이드로제네이티드폴리(C6-14올레핀), 세틸에틸헥사노에이트, 글리세린, 펜타에리스리틸테트라에틸헥사노에이트, 시어버터, 글리세릴스테아레이트시트레이트, 세테아릴알코올, 폴리글리세릴-3메틸글루코오스다이스테아레이트, 1,2-헥산다이올, 하이드록시에틸아크릴레이트/소듐아크릴로일다이메틸타우레이트코폴리머, 하이드록시프로필스타치포스페이트, 글리세릴카프릴레이트, 인삼수, 에틸헥실글리세린, 다이소듐이디티에이, 솔비탄아이소스테아레이트, 시호뿌리추출물, 왜당귀뿌리추출물, 소엽맥문동뿌리추출물, 세라마이드엔피(10 ppm), 토코페롤",일리윤,일리윤_세라마이드 무향 비건 핸드크림 50ml
레티놀 PDRN 앰플 겔 마스크 1매,https://www.amoremall.com/kr/ko/product/detail?onlineProdSn=64490,4000.0,25ml/1매,25.0,ml,"정제수, 부틸렌글라이콜, 락토바실러스발효용해물(36,975 ppm), 나이아신아마이드, 글리세릴글루코사이드, 1,2-헥산다이올, 글리세린, 세틸에틸헥사노에이트, 아이소펜틸다이올, 폴리글리세릴-10스테아레이트, 프로판다이올, 하이드로제네이티드폴리(C6-14올레핀), 네오펜틸글라이콜다이헵타노에이트, 에리스리톨, 글리세릴스테아레이트에스이, 카보머, 판테놀, 알지닌, 풀루란, 황련뿌리추출물, 돌콩오일, 에틸헥실글리세린, 잔탄검, 아데노신, 소듐폴리아크릴레이트, 소듐파이테이트, 알란토인, 다이메틸아이소소바이드, 레티놀(200IU/g), 하이드록시피나 콜론레티노에이트, 스쿠알란, 코질메틸렌다이옥시신나메이트, 병풀잎추출물, 비피다발효용해물, 락토코쿠스발효용해물, 다이프로필렌글라이콜, 돌외잎/줄기추출물, 겔리듐 카르틸라기네움 추출물, 톳추출물, 하이드로제네이티드레시틴, 아시아티코사이드, 아시아틱애씨드, 마데카식애씨드, 소듐하이알루로네이트, 노나펩타이드-1, 베타-글루칸, 세라마이드엔피, 아세틸헥사펩타이 드-8, 팔미토일펜타펩타이드-4, 팔미토일테트라펩타이드-7, 헥사펩타이드-9, 팔미토일트라이펩타이드-1, 하이알루로닉애씨드, 소듐하이알루로네이트크로스폴리머, 하이드롤라이즈드하이 알루로닉애씨드, 하이드롤라이즈드소듐하이알루로네이트, 하이드록시프로필트라이모늄하이알루로네이트, 포타슘하이알루로네이트, 펜틸렌글라이콜, 소듐아세틸레이티드하이알루로네이트",이니스프리,이니스프리_레티놀 PDRN 앰플 겔 마스크 1매
한란 핸드 크림 50ml,https://www.amoremall.com/kr/ko/product/detail?onlineProdSn=60063,7000.0,50ml,50.0,ml,"정제수, 부틸렌글라이콜, 에칠헥실메톡시신나메이트, 펜타에리스리틸테트라에틸헥사노에이트, 베헤닐알코올, 다이아이소프로필세바케이트, 세테아릴알코올, 시어버터, 펜틸렌글라이콜, 디에칠아미노하이드록시벤조일헥실벤조에이트, 글리세릴스테아레이트, 피이지-100스테아레이트, 향료, 세테아릴글루코사이드, 프로판다이올, 카보머, 트로메타민, 글리세릴카프릴레이트, 다이소듐이디티에이, 에틸헥실글리세린, 아데노신, 글루코오스, 난추출물 (5 ppm), 토코페롤",이니스프리,이니스프리_한란 핸드 크림 50ml
그린티 아미노 수분 클렌징 폼 150g,https://www.amoremall.com/kr/ko/product/detail?onlineProdSn=57038,13000.0,150g,150.0,g,"정제수, 글리세린, 미리스틱애씨드, 라우릭애씨드, 포타슘하이드록사이드, 스테아릭애씨드, 글리세릴스테아레이트, 글라이콜다이스테아레이트, 팔미틱애씨드, 라우릴하이드록시설테인, 폴리쿼터늄-22, 라우릴글루코사이드, 프로판다이올, 향료, 포타슘코코일글리시네이트, 1,2-헥산다이올, 하이드롤라이즈드옥수수전분, 소나무잎추출물, 다이소듐이디티에이, 부틸렌글라이콜, 알지닌*, 아스파틱애씨드*, 글루타믹애씨드*, 에틸헥실글리세린, 녹차추출물(31ppm), 아크릴레이트/스테아릴메타크릴레이트코폴리머, 흰목이버섯포자낭과추출물, 테트라소듐이디티에이, 하이알루로닉애씨드, 잔탄검, 세라마이드엔피, 창포뿌리추출물 * 아미노산 콤플렉스 300ppm 함유",이니스프리,이니스프리_그린티 아미노 수분 클렌징 폼 150g
NEW 세럼/앰플 겔 마스크,https://www.amoremall.com/kr/ko/product/detail?onlineProdSn=64484,4000.0,25mL/1매,25.0,mL,"정제수, 부틸렌글라이콜, 나이아신아마이드(40,000 ppm), 프로판다이올, 1,2-헥산다이올, 글리세릴글루코사이드, 글리세린, 에리스리톨, 카보머, 알지닌, 하이 드로제네이티드레시틴, 3-O-에틸아스코빅애씨드(1,000 ppm), 만다린껍질추출물, 잔탄검, 알란토인, 에틸헥실글리세린, 폴리글리세릴-10라우레이트, 글루타티온, 황련뿌리추출물, 치자추출물, 소듐하이알루로네이트, 소듐파이테이트, 덱스트린, 아스코빌테트라이소팔미테이트(10 ppm), 글루코노락톤, 페룰릭애씨드, 다이소듐이디 티에이, 병풀잎추출물, 세라마이드엔피, 사이클로덱스트린, 비피다발효용해물, 락토바실러스발효용해물, 락토코쿠스발효용해물, 다이프로필렌글라이콜, 프로테아제(0.5 ppm)*, 판테놀, 아시아티코사이드, 아시아틱애씨드, 마데카식애씨드, 베타-글루칸, 소듐아스코빌포스페이트(1 ppb), 하이알루로닉애씨드, 소듐하이알루로네이트크로스 폴리머, 하이드롤라이즈드하이알루로닉애씨드, 하이드롤라이즈드소듐하이알루로네이트, 하이드록시프로필트라이모늄하이알루로네이트, 포타슘하이알루로네이트, 펜틸렌글라이콜, 소듐아세틸레이티드하이알루로네이트, 아스코빅애씨드(0.01 ppb), 사이아노코발아민, 바이오틴, 폴릭애씨드, 리보플라빈, 피리독신, 티아민에이치씨엘",이니스프리,이니스프리_NEW 세럼/앰플 겔 마스크
비타C 그린티 엔자임 세럼 겔 마스크 1매,https://www.amoremall.com/kr/ko/product/detail?onlineProdSn=64488,4000.0,25ml/1매,25.0,ml,"정제수, 부틸렌글라이콜, 나이아신아마이드(40,000 ppm), 프로판다이올, 1,2-헥산다이올, 글리세릴글루코사이드, 글리세린, 에리스리톨, 카보머, 알지닌, 하이 드로제네이티드레시틴, 3-O-에틸아스코빅애씨드(1,000 ppm), 만다린껍질추출물, 잔탄검, 알란토인, 에틸헥실글리세린, 폴리글리세릴-10라우레이트, 글루타티온, 황련뿌리추출물, 치자추출물, 소듐하이알루로네이트, 소듐파이테이트, 덱스트린, 아스코빌테트라이소팔미테이트(10 ppm), 글루코노락톤, 페룰릭애씨드, 다이소듐이디 티에이, 병풀잎추출물, 세라마이드엔피, 사이클로덱스트린, 비피다발효용해물, 락토바실러스발효용해물, 락토코쿠스발효용해물, 다이프로필렌글라이콜, 프로테아제(0.5 ppm)*, 판테놀, 아시아티코사이드, 아시아틱애씨드, 마데카식애씨드, 베타-글루칸, 소듐아스코빌포스페이트(1 ppb), 하이알루로닉애씨드, 소듐하이알루로네이트크로스 폴리머, 하이드롤라이즈드하이알루로닉애씨드, 하이드롤라이즈드소듐하이알루로네이트, 하이드록시프로필트라이모늄하이알루로네이트, 포타슘하이알루로네이트, 펜틸렌글라이콜, 소듐아세틸레이티드하이알루로네이트, 아스코빅애씨드(0.01 ppb), 사이아노코발아민, 바이오틴, 폴릭애씨드, 리보플라빈, 피리독신, 티아민에이치씨엘",이니스프리,이니스프리_비타C 그린티 엔자임 세럼 겔 마스크 1매
마이 퍼퓸드 핸드크림 30ml,https://www.amoremall.com/kr/ko/product/detail?onlineProdSn=60007,6000.0,30ml,30.0,ml,"정제수, 글리세린, 프로판다이올, 세테아릴알코올, 하이드로제네이티드코코-글리세라이즈, 글리세릴스테아레이트, 부틸렌글라이콜다이카프릴레이트/다이카프레이트, 1,2-헥산다이올, 세테아릴글루코사이드, 카프릴릭/카프릭트라이글리세라이드, 향료, 카보머, 트로메타민, 팔미틱애씨드, 스테아릭애씨드, 카프릴릴글라이콜, 소듐스테아로일글루타메이트, 에틸헥실글리세린, 다이소듐이디티에이, 알파-아이소메틸아이오논, 소듐하이알루로네이트, 하이알루로닉애씨드, 시어버터, 부틸렌글라이콜, 병풀추출물, 시트릭애씨드",이니스프리,이니스프리_마이 퍼퓸드 핸드크림 30ml
고급 종이 면봉 150P,https://www.amoremall.com/kr/ko/product/detail?onlineProdSn=60069,2500.0,150p,150.0,p,상세 참조,이니스프리,이니스프리_고급 종이 면봉 150P
New 납작 아이브로우 펜슬,https://www.amoremall.com/kr/ko/product/detail?onlineProdSn=58419,5500.0,0.3g,0.3,g,"적색산화철, 하이드로제네이티드돌콩오일, 하이드로제네이티드코코-글리세라이즈, 마이카, 하이드로제네이티드식물성오일, 황색산화철, 징크스테아레이트, 흑색산화철, 티타늄디옥사이드 (CI 77891), 스테아릭애씨드, 카나우바왁스, 폴리글리세릴-2트라이아이소스테아레이트, 토코페롤, 카프릴릴글라이콜, 글리세릴카프릴레이트, 아스코빌팔미테이트",이니스프리,이니스프리_New 납작 아이브로우 펜슬
레티놀 시카 리페어 앰플 겔 마스크 1매,https://www.amoremall.com/kr/ko/product/detail?onlineProdSn=64489,4000.0,23ml/1매,23.0,ml,"정제수, 부틸렌글라이콜, 나이아신아마이드, 1,2-헥산다이올, 병풀추출물(10,000 ppm), 에리스리톨, 글리세린, 카보머, 알지닌, 알란토인, 소듐하이알루로네 이트, 시어버터, 올리브오일, 카프릴릭/카프릭트라이글리세라이드, 하이드로제네이티드레시틴, 스쿠알란, 에틸헥실글리세린, 폴리글리세릴-10라우레이트, 잔탄검, 아데 노신, 돌콩오일, 황련뿌리추출물, 암모늄아크릴로일다이메틸타우레이트/브이피코폴리머, 다이소듐이디티에이, 글리세릴아크릴레이트/아크릴릭애씨드코폴리머, 레티 놀(100IU/g), 세라마이드엔피, 콜레스테롤, 병풀잎추출물(5,498 ppb), 피토스핑고신, 비피다발효용해물, 락토바실러스발효용해물, 락토코쿠스발효용해물, 다이프로필렌 글라이콜, 판테놀, 아시아티코사이드(40 ppb), 아시아틱애씨드(30 ppb), 마데카식애씨드(30 ppb), 베타-글루칸, 시트릭애씨드, 살리실릭애씨드, 락토바이오닉애씨드, 하이알루로닉애씨드, 소듐하이알루로네이트크로스폴리머, 하이드롤라이즈드하이알루로닉애씨드, 하이드롤라이즈드소듐하이알루로네이트, 하이드록시프로필트라이 모늄하이알루로네이트, 포타슘하이알루로네이트, 펜틸렌글라이콜, 소듐아세틸레이티드하이알루로네이트",이니스프리,이니스프리_레티놀 시카 리페어 앰플 겔 마스크 1매
그린티 아미노 수분 클렌징 오일 150ml,https://www.amoremall.com/kr/ko/product/detail?onlineProdSn=59777,24000.0,150ml,150.0,ml,"세틸에틸헥사노에이트, 아이소프로필팔미테이트, 솔베스-30테트라올리에이트, 카프릴릭/카프릭트라이글리세라이드, 데실코코에이트, C9-12알케인, 다이아이소스테아릴말레이트, 향료, 코코-카프릴레이트/카프레이트, 살구씨오일, 호호바씨오일, 쌀겨오일, 녹차씨오일(1,100ppm), 스위트아몬드오일, 정제수, 알지닌(50ppm), 부틸렌글라이콜, 프로판다이올, 1,2-헥산다이올, 창포뿌리추출물, 에틸헥실글리세린, 소듐메타포스페이트, 녹차추출물(0.02ppm)",이니스프리,이니스프리_그린티 아미노 수분 클렌징 오일 150ml
노세범 미네랄 파우더 5g,https://www.amoremall.com/kr/ko/product/detail?onlineProdSn=57032,9000.0,5g,5.0,g,"실리카, 알루미늄전분옥테닐석시네이트, 다이메티콘/비닐다이메티콘크로스폴리머, 카프릴릭/카프릭트라이글리세라이드, 마이카, 메티콘, 에틸헥실글리세린, 다이메티콘, 글리세릴카프릴레이트, 미네랄솔트, 토코페롤",이니스프리,이니스프리_노세범 미네랄 파우더 5g
그린티 아미노 수분 클렌징 워터 320ml,https://www.amoremall.com/kr/ko/product/detail?onlineProdSn=57039,18000.0,320ml,320.0,ml,"정제수, 프로판다이올, 글리세린, 폴리솔베이트20, 글리세레스-26, 헥실렌글라이콜, 1,2-헥산다이올, 다이소듐코코암포다이아세테이트, 소듐시트레이트, 다이소듐이디티에이, 에틸헥실글리세린, 소듐클로라이드, 향료, 시트릭애씨드, 녹차추출물(172ppm), 알지닌*, 아스파틱애씨드*, 글루타믹애씨드*, 리날룰, 리모넨, 다이소듐코코일글루타메이트, 부틸렌글라이콜, 창포뿌리추출물, 토코페롤 * 아미노산 콤플렉스 300ppm 함유",이니스프리,이니스프리_그린티 아미노 수분 클렌징 워터 320ml
블랙티 유스 인핸싱 앰플 마스크 28ml,https://www.amoremall.com/kr/ko/product/detail?onlineProdSn=57999,5000.0,28ml,28.0,ml,"정제수, 글리세린, 부틸렌글라이콜, 다이프로필렌글라이콜, 나이아신아마이드, 글리세릴폴리메타크릴레이트, 스쿠알란, 에리스리톨, 폴리글리세릴-10미리스테이트, 1,2-헥산다이올, 잔탄검, 암모늄아크릴로일다이메틸타우레이트/브이피코폴리머, 알란토인, 폴리글리세릴-10라우레이트, 글리세릴카프릴레이트, 아크릴레이트/C10-30알킬아크릴레이트크로스폴리머, 알지닌, 병풀추출물, 아데노신, 에틸헥실글리세린, 모란뿌리추출물, 마트리카리아꽃추출물, 다이소듐이디티에이, 향료, 서양톱풀추출물, 덱스트린, 카카오추출물, 하이드로제네이티드레시틴, 리모넨, 소듐하이알루로네이트, 홍차추출물(10 ppm), 세라마이드엔피, 하이알루로닉애씨드",이니스프리,이니스프리_블랙티 유스 인핸싱 앰플 마스크 28ml
유채꿀 립밤  3.5g,https://www.amoremall.com/kr/ko/product/detail?onlineProdSn=66584,10000.0,3.5g,3.5,g,"페트롤라툼, 폴리글리세릴-2트라이아이소스테아레이트, 다이아이소스테아릴말레이트, 미네랄오일, 호호바에스터, 하이드로제네이티드폴리아이소부텐, 폴리에틸렌, 메도우폼델타-락톤, 피토스테릴하이드록시스테아레이트, 하이드로제네이티드코코-글리세라이즈, 칸데릴라왁스, 마이크로크리스탈린왁스, 망고씨버터, 세레신, 스 위트아몬드오일, 트라이하이드록시스테아린, 페녹시에탄올, 카프릴릴글라이콜, 향료,글리세릴카프릴레이트, 토코페릴아세테이트, 황색4호, 황색5호, 토코페롤, 티비에이치큐, 서양유채씨오일(1ppm),정제수, 부틸렌글라이콜, 꿀추출물(0.03ppm), 에틸헥실글리세린",이니스프리,이니스프리_유채꿀 립밤  3.5g
그린티 세라마이드 밀크 에센스 160ml,https://www.amoremall.com/kr/ko/product/detail?onlineProdSn=66908,22000.0,160ml,160.0,ml,"정제수, 글리세린, 부틸렌글라이콜, 프로판다이올, 하이드로제네이티드쌀겨오일, 베타인, 1,2-헥산다이올, 만니톨, 폴리글리세린-3, 피피지-13-데실테트라데세스-24, 하이드로제네이티드레시틴, 펜틸렌글라이콜, 글리세릴카프릴레이트, 잔탄검, 카보머, 에틸헥실글리세린, 카프릴릭/카프릭트라이글리세라이드, 소듐스테아로일글루타메이트, 트로메타민, 하이드록시에틸아크릴레이트/소듐아크릴로일다이메틸타우레이트코폴리머, 소듐메타포스페이트, 나이아신아마이드, 폴리글리세릴-10스테아레이트, 솔비탄아이소스테아레이트, 하이알루로닉애씨드, 세라마이드엔피(10 ppm), 피토스테롤, 녹차씨오일(5 ppm), 토코페롤, 소듐하이알루로네이트, 녹차추출물(0.5 ppm), 카프릴릴글라이콜, 프로필렌글라이콜, 글리세릴올리에이트, 레시틴, 라우릴글루코사이드, 하이드롤라이즈드하이알루로닉애씨드, 폴리글리세릴-6라우레이트, 미리스틸글루코사이드, 소듐하이알루로네이트크로스폴리머, 소듐트라이메타포스페이트, 소듐아세틸레이티드하이알루로네이트, 아세틸테트라펩타이드-2",이니스프리,이니스프리_그린티 세라마이드 밀크 에센스 160ml
듀이 틴트 립밤 3.2g,https://www.amoremall.com/kr/ko/product/detail?onlineProdSn=57909,18000.0,3.2g,3.2,g,상세 참조,이니스프리,이니스프리_듀이 틴트 립밤 3.2g
노세범 모이스처 파우더 5g,https://www.amoremall.com/kr/ko/product/detail?onlineProdSn=60230,9000.0,5g,5.0,g,"마이카, 알루미늄전분옥테닐석시네이트, 합성플루오르플로고파이트, 보론나이트라이드, 다이메티콘/비닐다이메티콘크로스폴리머, 메틸메타크릴레이트크로스폴리머, 비닐다이메티콘/메티콘실세스퀴옥세인크로스폴리머, 라우로일라이신, 실리카, 에틸헥실글리세린, 글리세릴카프릴레이트, 미네랄솔트, 토코페롤",이니스프리,이니스프리_노세범 모이스처 파우더 5g
비타C 그린티 엔자임세럼 기획세트,https://www.amoremall.com/kr/ko/product/detail?onlineProdSn=65460,56000.0,50ml,50.0,ml,"정제수, 프로판다이올, 1,2-헥산다이올, 글리세린, 3-O-에틸아스코빅애씨드(20,000 ppm), 부틸렌글라이콜, 락토바실러스발효용해물, 스쿠알란, 해바라기씨오일, 덱스트린, 아크릴레이트/C10-30알킬아크릴레이트크로스폴리머, 카프릴릭/카프릭트라이글리세라이드, 트로메타민, 잔탄검, 글루코노락톤, 만다린껍질추출물, 판테놀, 나이아신아마이드, 알란토인, 당근추출물,하이알루로닉애씨드, 펜틸렌글라이콜, 소듐메타포스페이트, 실리카다이메틸실릴레이트, 사이클로덱스트린, 토코페롤, 에틸헥실글리세린, 마데카소사이드, 하이드로제네이티드폴리(C6-20올레핀), 프로테아제(150 ppm), 아스코빌테트라이소팔미테이트(100 ppm), 글루타티온, 서양톱풀추출물, 에이치디아이/트라이메틸올헥실락톤크로스폴리머, 베타-카로틴, 페룰릭애씨드",이니스프리,이니스프리_비타C 그린티 엔자임세럼 기획세트
그린티 씨드 히알루론산 크림 50ml,https://www.amoremall.com/kr/ko/product/detail?onlineProdSn=57040,27000.0,50ml,50.0,ml,"정제수, 프로판다이올, 글리세린, 스테아릴다이메티콘, 메틸트라이메티콘, 부틸렌글라이콜다이카프릴레이트/다이카프레이트, 펜타에리스리틸테트라에틸헥사노에이트, 녹차씨오일, 1,2-헥산다이올, 글리세릴폴리메타크릴레이트, 폴리메틸실세스퀴옥세인, 스쿠알란, 하이드록시에틸아크릴레이트/소듐아크릴로일다이메틸타우레이트코폴리머, 폴리글리세릴-3메틸글루코오스다이스테아레이트, 카보머, 트라이에틸시트레이트, 하이드로제네이티드레시틴, 콜레스테롤, 글리세릴스테아레이트, 트로메타민, 리모넨, 락토바실러스발효용해물, 하이알루로닉애씨드, 판테놀, 알란토인, 세테아릴알코올, 잔탄검, 글리세릴카프릴레이트, 소듐스테아로일글루타메이트, 부틸렌글라이콜, 에틸헥실글리세린, 다이소듐이디티에이, 레몬껍질오일, 솔비탄아이소스테아레이트, 녹차추출물, 마테잎추출물, 소듐하이알루로네이트, 마데카소사이드, 락틱애씨드, 시트랄, 덱스트린, 카카오추출물, 소두구씨오일, 스피어민트잎오일, 리날룰, 시트로넬라오일, 하이드롤라이즈드하이알루로닉애씨드, 갈바눔수지오일, 소듐하이알루로네이트크로스폴리머, 녹차씨추출물, 세라마이드엔피, 토코페롤, 피토스핑고신, 소듐아세틸레이티드하이알루로네이트",이니스프리,이니스프리_그린티 씨드 히알루론산 크림 50ml
화산송이 모공 바하 클렌징 폼 150g,https://www.amoremall.com/kr/ko/product/detail?onlineProdSn=57013,13000.0,150g,150.0,g,"정제수, 글리세린, 미리스틱애씨드, 라우릭애씨드, 포타슘하이드록사이드, 카올린, 스테아릭애씨드, 글리세릴스테아레이트, 라우릴하이드록시설테인, 글라이콜다이스테아레이트, 팔미틱애씨드, 라우릴글루코사이드, 폴리쿼터늄-22, 향료, 살리실릭애씨드(5,000ppm), 실리카, 온천수, 징크피씨에이, 화산재(1,073ppm), 다이소듐이디티에이, 프로판다이올, 락틱애씨드/글라이콜릭애씨드코폴리머, 1,2-헥산다이올, 마데카소사이드, 폴리쿼터늄-10, 에틸헥실글리세린",이니스프리,이니스프리_화산송이 모공 바하 클렌징 폼 150g
노세범 미네랄 팩트 8.5g,https://www.amoremall.com/kr/ko/product/detail?onlineProdSn=57031,15000.0,8.5g,8.5,g,"마이카, 실리카, 옥틸도데실스테아로일스테아레이트, 스쿠알란, 실리카다이메티콘실릴레이트, 마그네슘미리스테이트, 알루미늄전분옥테닐석시네이트, 솔비탄아이소스테아레이트, 메티콘, 에틸헥실글리세린, 글리세릴카프릴레이트, 미네랄솔트, 정제수, 부틸렌글라이콜, 콘민트잎추출물, 토코페롤, 1,2-헥산다이올",이니스프리,이니스프리_노세범 미네랄 팩트 8.5g
레티놀 PDRN 앰플 겔 마스크 6매,https://www.amoremall.com/kr/ko/product/detail?onlineProdSn=66076,20000.0,6매,6.0,매,"정제수, 부틸렌글라이콜, 락토바실러스발효용해물(36,975 ppm), 나이아신아마이드, 글리세릴글루코사이드, 1,2-헥산다이올, 글리세린, 세틸에틸헥사노에이트, 아이소펜틸다이올, 폴리글리세릴-10스테아레이트, 프로판다이올, 하이드로제네이티드폴리(C6-14올레핀), 네오펜틸글라이콜다이헵타노에이트, 에리스리톨, 글리세릴스테아레이트에스이, 카보머, 판테놀, 알지닌, 풀루란, 황련뿌리추출물, 돌콩오일, 에틸헥실글리세린, 잔탄검, 아데노신, 소듐폴리아크릴레이트, 소듐파이테이트, 알란토인, 다이메틸아이소소바이드, 레티놀(200IU/g), 하이드록시피나 콜론레티노에이트, 스쿠알란, 코질메틸렌다이옥시신나메이트, 병풀잎추출물, 비피다발효용해물, 락토코쿠스발효용해물, 다이프로필렌글라이콜, 돌외잎/줄기추출물, 겔리듐 카르틸라기네움 추출물, 톳추출물, 하이드로제네이티드레시틴, 아시아티코사이드, 아시아틱애씨드, 마데카식애씨드, 소듐하이알루로네이트, 노나펩타이드-1, 베타-글루칸, 세라마이드엔피, 아세틸헥사펩타이 드-8, 팔미토일펜타펩타이드-4, 팔미토일테트라펩타이드-7, 헥사펩타이드-9, 팔미토일트라이펩타이드-1, 하이알루로닉애씨드, 소듐하이알루로네이트크로스폴리머, 하이드롤라이즈드하이 알루로닉애씨드, 하이드롤라이즈드소듐하이알루로네이트, 하이드록시프로필트라이모늄하이알루로네이트, 포타슘하이알루로네이트, 펜틸렌글라이콜, 소듐아세틸레이티드하이알루로네이트",이니스프리,이니스프리_레티놀 PDRN 앰플 겔 마스크 6매
스페셜케어마스크 풋 20ml,https://www.amoremall.com/kr/ko/product/detail?onlineProdSn=60065,3500.0,20ml,20.0,ml,"정제수, 다이메티콘, 부틸렌글라이콜, 글리세린, 에탄올, 세틸에틸헥사노에이트, 1,2-헥산다이올, 글리세릴스테아레이트, 베타인, 세테아릴알코올, 피이지-100스테아레이트, 페녹시에탄올, 폴리아크릴레이트-13, 아크릴레이트/C10-30알킬아크릴레이트크로스폴리머, 사이클로펜타실록세인, 폴리아이소부텐, 향료, 에틸헥실글리세린, 포타슘하이드록사이드, 벤질벤조에이트, 다이소듐이디티에이, 다이메티콘올, 폴리솔베이트20, 솔비탄아이소스테아레이트, 우레아, 폴리글리세릴-3메틸글루코오스다이스테아레이트, 세테아릴글루코사이드, 메틸글루코오스세스퀴스테아레이트, 녹차추출물, 작약뿌리추출물, 인동덩굴꽃추출물, 도둑놈의지팡이뿌리추출물, 복사나무잎추출물, 황금추출물, 은행나무잎추출물, 버지니아풍년화추출물, 쇠비름추출물",이니스프리,이니스프리_스페셜케어마스크 풋 20ml
그린티 데일리 수딩 마스크 30매,https://www.amoremall.com/kr/ko/product/detail?onlineProdSn=66071,25000.0,30매,30.0,매,"정제수, 부틸렌글라이콜, 글리세린, 베타인, 1,2-헥산다이올, 글리세릴폴리메타크릴레이트, 에틸헥실팔미테이트, 프로판다이올, 피피지-13-데실테트라데세스-24,아크릴레이트/C10-30알킬아크릴레이트크로스폴리머, 에틸헥실글리세린, 트로메타민, 하이드로제네이티드레시틴, 소듐메타포스페이트,펜틸렌글라이콜, 하이알루로닉애씨드, 판테놀, 소듐메틸스테아로일타우레이트, 소듐하이알루로네이트, 스쿠알란, 알란토인, 녹차씨오일 (10ppm), 락토바실러스발효용해물, 녹차추출물 (4ppm), 프로필렌글라이콜, 녹차씨추출물 (1.9ppm), 소듐하이알루로네이트크로스폴리머-6, 글리세릴올리에이트, 토코페롤, 레시틴, 라우릴글루코사이드, 하이드롤라이즈드하이알루로닉애씨드, 폴리글리세릴-6라우레이트, 미리스틸글루코사이드, 세라마이드엔피, 소듐하이알루로네이트크로스폴리머, 글리세릴카프릴레이트, 피토스핑고신, 잔탄검, 소듐아세틸레이티드하이알루로네이트",이니스프리,이니스프리_그린티 데일리 수딩 마스크 30매
화산송이 모공 바하 클렌징폼  250g,https://www.amoremall.com/kr/ko/product/detail?onlineProdSn=57011,19000.0,250g,250.0,g,"정제수, 글리세린, 미리스틱애씨드, 라우릭애씨드, 포타슘하이드록사이드, 카올린, 스테아릭애씨드, 글리세릴스테아레이트, 라우릴하이드록시설테인, 글라이콜다이스테아레이트, 팔미틱애씨드, 라우릴글루코사이드, 폴리쿼터늄-22, 향료, 살리실릭애씨드(5,000ppm), 실리카, 온천수, 징크피씨에이, 화산재(1,073ppm), 다이소듐이디티에이, 프로판다이올, 락틱애씨드/글라이콜릭애씨드코폴리머, 1,2-헥산다이올, 마데카소사이드, 폴리쿼터늄-10, 에틸헥실글리세린",이니스프리,이니스프리_화산송이 모공 바하 클렌징폼  250g
올리브 비타민 E 리얼 오일 미스트 75ml,https://www.amoremall.com/kr/ko/product/detail?onlineProdSn=64133,15000.0,75ml,75.0,ml,"정제수, 하이드로제네이티드폴리(C6-14올레핀), 부틸렌글라이콜, 글리세린, 1,2-헥산다이올, 베타인, 올리브오일(10,000ppm), 리모넨, 소듐클로라이드, 에틸헥실글리세린, 소듐메타포스페이트, 레몬껍질오일, 토코페롤(110ppm), 토코페릴아세테이트(100ppm), 오렌지껍질오일, 시트랄, 리날룰",이니스프리,이니스프리_올리브 비타민 E 리얼 오일 미스트 75ml
눈썹 수정칼 2P,https://www.amoremall.com/kr/ko/product/detail?onlineProdSn=60077,3000.0,2p,2.0,p,상세 참조,이니스프리,이니스프리_눈썹 수정칼 2P
그린티 씨드 히알루론산 세럼 대용량 130ml,https://www.amoremall.com/kr/ko/product/detail?onlineProdSn=61238,45000.0,130ml,130.0,ml,"정제수*, 프로판다이올*, 글리세린*, 1,2-헥산다이올*, 나이아신아마이드, 베타인, 사카라이드아이소머레이트, 녹차씨오일(2,609 ppm), 자일리톨, 세테아릴올리베이트, 하이드로제네이티드레시틴, 부틸렌글라이콜*, 솔비탄올리베이트, 락토바실러스발효용해물, 아크릴레이트/C10-30알킬아크릴레이트크로스폴리머, 스쿠알란, 판테놀, 알란토인, 하이드록시에틸아크릴레이트/소듐아크릴로일다이메틸타우레이트코폴리머, 트로메타민, 트라이에틸시트레이트, 에틸헥실글리세린*, 캐롭검, 다이소듐이디티에이*, 리모넨, 녹차추출물(366 ppm)*, 다이포타슘글리시리제이트, 레몬껍질오일, 소듐하이알루로네이트(103 ppm), 하이알루로닉애씨드(100 ppm)*, 덱스트린, 카카오추출물, 3-O-에틸아스코빅애씨드, 소듐시트레이트, 시트릭애씨드, 솔비탄아이소스테아레이트, 마테잎추출물, 글리세릴올리에이트*, 시트랄, 소두구씨오일, 토코페롤*, 레시틴*, 수크로오스, 라우릴글루코사이드*, 폴리글리세릴-6라우레이트*, 미리스틸글루코사이드*, 스피어민트잎오일, 시트로넬라오일, 갈바눔수지오일, 잔탄검*, 락틱애씨드, 하이드롤라이즈드하이알루로닉애씨드(0.5 ppm), 소듐하이알루로네이트크로스폴리머(0.2 ppm), 소듐아세틸레이티드하이알루로네이트(0.01 ppm)",이니스프리,이니스프리_그린티 씨드 히알루론산 세럼 대용량 130ml
퍼펙트 9 인텐시브 아이크림 30ml,https://www.amoremall.com/kr/ko/product/detail?onlineProdSn=57573,45000.0,30ml,30.0,ml,"정제수, 부틸렌글라이콜, 글리세린, 펜타에리스리틸테트라에틸헥사노에이트, 하이드로제네이티드폴리아이소부텐, 세테아릴알코올, 나이아신아마이드, 사이클로펜타실록세인, 다이메티콘, 글리세릴스테아레이트, 사이클로헥사실록세인, 스쿠알란, 폴리메틸메타크릴레이트, 세틸에틸헥사노에이트, 시어버터, 1,2-헥산다이올, 스테아릭애씨드, 피이지-100스테아레이트, 카나우바왁스, 펜타에리스리틸다이스테아레이트, 팔미틱애씨드, 폴리아크릴레이트-13, 카프릴릭/카프릭트라이글리세라이드, 베헤닐알코올, 카페인, 세테아릴글루코사이드, 다이메티콘/비닐다이메티콘크로스폴리머, 폴리글리세릴-10펜타스테아레이트, 폴리아이소부텐, 프로판다이올, 향료, 글리세릴카프릴레이트, 소듐스테아로일락틸레이트, 에틸헥실글리세린, 다이소듐이디티에이, 아데노신, 폴리솔베이트20, 솔비탄아이소스테아레이트, 리모넨, 하이드로제네이티드레시틴, 덱스트린, 카카오추출물, 베타-글루칸, 카프릴릴글라이콜, 불가리스쑥추출물, 약모밀추출물, 라즈베리추출물, 꿀풀잎추출물, 인동덩굴꽃추출물, 초피나무열매추출물, 서양민들레뿌리줄기/뿌리추출물, 영지버섯추출물, 글루코오스, 리날룰, 미리스틱애씨드, 아라키딕애씨드, 시트로넬올, 토코페롤, 꽃송이버섯추출물",이니스프리,이니스프리_퍼펙트 9 인텐시브 아이크림 30ml
올리브 비타민 E 리얼 클렌징 티슈 30매,https://www.amoremall.com/kr/ko/product/detail?onlineProdSn=60233,9000.0,30매,30.0,매,"정제수, 아이소프로필팔미테이트, 세틸에틸헥사노에이트, 트라이에틸헥사노인, 아이소도데케인, 다이프로필렌글라이콜, 펜타에리스리틸테트라에틸헥사노에이트, 1,2-헥산다이올, 폴리솔베이트20, 카프릴릴/카프릴글루코사이드, 에틸헥실글리세린, 소듐메타포스페이트, 시트릭애씨드, 올리브오일(100ppm), 토코페롤(1ppm)",이니스프리,이니스프리_올리브 비타민 E 리얼 클렌징 티슈 30매
마이 퍼퓸드 핸드크림 80ml,https://www.amoremall.com/kr/ko/product/detail?onlineProdSn=60006,12000.0,80ml,80.0,ml,"정제수, 글리세린, 프로판다이올, 세테아릴알코올, 하이드로제네이티드코코-글리세라이즈, 글리세릴스테아레이트, 부틸렌글라이콜다이카프릴레이트/다이카프레이트, 1,2-헥산다이올, 세테아릴글루코사이드, 카프릴릭/카프릭트라이글리세라이드, 향료, 카보머, 트로메타민, 팔미틱애씨드, 스테아릭애씨드, 카프릴릴글라이콜, 소듐스테아로일글루타메이트, 에틸헥실글리세린, 다이소듐이디티에이, 리모넨, 소듐하이알루로네이트, 리날룰, 시트로넬올, 제라니올, 하이알루로닉애씨드, 시어버터, 부틸렌글라이콜, 병풀추출물, 시트릭애씨드",이니스프리,이니스프리_마이 퍼퓸드 핸드크림 80ml
그린티 히알루론산 스킨 170ml,https://www.amoremall.com/kr/ko/product/detail?onlineProdSn=57036,19000.0,170ml,170.0,ml,"정제수*, 프로판다이올*, 글리세린, 베타인, 폴리글리세린-3, 1,2-헥산다이올*, 락토바실러스발효용해물, 글루코노락톤, 소듐메타포스페이트*, 부틸렌글라이콜, 에틸헥실글리세린*, 잔탄검, 트로메타민, 녹차추출물*, 판테놀, 베타-글루칸, 소듐하이알루로네이트, 하이드롤라이즈드하이알루로닉애씨드, 소듐하이알루로네이트크로스폴리머, 하이알루로닉애씨드, 토코페롤, 소듐아세틸레이티드하이알루로네이트",이니스프리,이니스프리_그린티 히알루론산 스킨 170ml
노세범 블러 프라이머 25ml,https://www.amoremall.com/kr/ko/product/detail?onlineProdSn=57030,15000.0,25ml,25.0,ml,"사이클로펜타실록세인, 다이메티콘, 다이메티콘/비닐다이메티콘크로스폴리머, 사이클로헥사실록세인, 실리카, 폴리메틸실세스퀴옥세인, 마이카, 다이메티콘/피이지-10/15크로스폴리머, 티타늄디옥사이드 (CI 77891), 향료, 폴리메틸메타크릴레이트, 황색산화철, 정제수, 적색산화철, 다이프로필렌글라이콜, 미네랄솔트, 리모넨, 흑색산화철, 알루미늄하이드록사이드, 트라이에톡시카프릴릴실레인, 프로판다이올, 리날룰, 소듐시트레이트, 부틸렌글라이콜, 콘민트잎추출물, 토코페롤, 1,2-헥산다이올, 페녹시에탄올, 감추출물, 에틸헥실글리세린",이니스프리,이니스프리_노세범 블러 프라이머 25ml
블랙티 유스 인핸싱 앰플 대용량 단품 세트,https://www.amoremall.com/kr/ko/product/detail?onlineProdSn=57019,59000.0,앰플 50ml + 앰플 12ml + 크림 10ml,50.0,ml,"""[앰플] 정제수, 부틸렌글라이콜, 글리세린, 다이프로필렌글라이콜, 나이아신아마이드, 1,2-헥산다이올, 스쿠알란, 글리세릴폴리메타크릴레이트, 세테아릴알코올, 암모늄아크릴로일다이메틸타우레이트/브이피코폴리머, 글리세릴스테아레이트, 잔탄검, 알란토인, 하이드로제네이티드레시틴, 에틸헥실글리세린, 스테아릭애씨드, 폴리글리세릴-3메틸글루코오스다이스테아레이트, 아데노신, 팔미틱애씨드, 향료, 다이소듐이디티에이, 소듐하이알루로네이트, 리모넨, 홍차추출물(100 ppm), 덱스트린, 카카오추출물, 리날룰, 시트로넬올, 미리스틱애씨드, 펜틸렌글라이콜, 라우릭애씨드, 토코페롤, 아크릴레이트/스테아릴메타크릴레이트코폴리머, 흰목이버섯포자낭과추출물, 하이알루로닉애씨드, 서양톱풀추출물, 세라마이드엔피 [크림] 정제수, 글리세린, 부틸렌글라이콜, 하이드로제네이티드폴리(C6-14올레핀), 펜타에리스리틸테트라에틸헥사노에이트, 메틸트라이메티콘, 나이아신아마이드, 다이메티콘, 피씨에이다이메티콘, 세테아릴알코올, 글리세릴스테아레이트, 글리세릴스테아레이트시트레이트, 1,2-헥산다이올, 하이드로제네이티드코코-글리세라이즈, 아크릴레이트/C10-30알킬아크릴레이트크로스폴리머, 트로메타민, 하이드록시에틸아크릴레이트/소듐아크릴로일다이메틸타우레이트코폴리머, 글리세릴카프릴레이트, 향료, 잔탄검, 펜틸렌글라이콜, 에틸헥실글리세린, 아데노신, 다이소듐이디티에이, 리모넨, 소듐하이알루로네이트, 덱스트린, 카카오추출물, 홍차추출물(100 ppm), 솔비탄아이소스테아레이트, 리날룰, 시트로넬올, 서양톱풀추출물, 시트랄, 토코페롤""",이니스프리,이니스프리_블랙티 유스 인핸싱 앰플 대용량 단품 세트
그린티 씨드 히알루론산 크림  80ml,https://www.amoremall.com/kr/ko/product/detail?onlineProdSn=65994,38000.0,80ml,80.0,ml,"정제수, 프로판다이올, 글리세린, 스테아릴다이메티콘, 메틸트라이메티콘, 부틸렌글라이콜다이카프릴레이트/다이카프레이트, 펜타에리스리틸테트라에틸헥사노에이트, 녹차씨오일, 1,2-헥산다이올, 글리세릴폴리메타크릴레이트, 폴리메틸실세스퀴옥세인, 스쿠알란, 하이드록시에틸아크릴레이트/소듐아크릴로일다이메틸타우레이트코폴리머, 폴리글리세릴-3메틸글루코오스다이스테아레이트, 카보머, 트라이에틸시트레이트, 하이드로제네이티드레시틴, 콜레스테롤, 글리세릴스테아레이트, 트로메타민, 리모넨, 락토바실러스발효용해물, 하이알루로닉애씨드, 판테놀, 알란토인, 세테아릴알코올, 잔탄검, 글리세릴카프릴레이트, 소듐스테아로일글루타메이트, 부틸렌글라이콜, 에틸헥실글리세린, 다이소듐이디티에이, 레몬껍질오일, 솔비탄아이소스테아레이트, 녹차추출물, 마테잎추출물, 소듐하이알루로네이트, 마데카소사이드, 락틱애씨드, 시트랄, 덱스트린, 카카오추출물, 소두구씨오일, 스피어민트잎오일, 리날룰, 시트로넬라오일, 하이드롤라이즈드하이알루로닉애씨드, 갈바눔수지오일, 소듐하이알루로네이트크로스폴리머, 녹차씨추출물, 세라마이드엔피, 토코페롤, 피토스핑고신, 소듐아세틸레이티드하이알루로네이트",이니스프리,이니스프리_그린티 씨드 히알루론산 크림  80ml
블랙티 유스 인핸싱 오일 30ml,https://www.amoremall.com/kr/ko/product/detail?onlineProdSn=57568,40000.0,30ml,30.0,ml,"정제수, 글리세린, 메틸글루세스-20, 프로판다이올, 다이프로필렌글라이콜, 1,2-헥산다이올, 나이아신아마이드, 피피지-13-데실테트라데세스-24, 부틸렌글라이콜, 잔탄검, 알란토인, 향료, 에틸헥실글리세린, 아데노신, 셀룰로오스검, 다이소듐이디티에이, 리모넨, 하이알루로닉애씨드, 녹차씨오일, 홍차추출물 (100 ppm), 리날룰, 소듐하이알루로네이트, 시트로넬올, 시트랄, 하이드롤라이즈드하이알루로닉애씨드, 토코페롤, 소듐하이알루로네이트크로스폴리머, 소듐아세틸레이티드하이알루로네이트",이니스프리,이니스프리_블랙티 유스 인핸싱 오일 30ml
파우더 퍼프 1ea,https://www.amoremall.com/kr/ko/product/detail?onlineProdSn=60076,3000.0,1ea,1.0,ea,상세 참조,이니스프리,이니스프리_파우더 퍼프 1ea
퍼펙트 9 인텐시브 크림 60ml,https://www.amoremall.com/kr/ko/product/detail?onlineProdSn=57572,51000.0,60ml,60.0,ml,"정제수, 부틸렌글라이콜, 사이클로펜타실록세인, 다이메티콘, 스쿠알란, 메도우폼씨오일, 펜타에리스리틸테트라에틸헥사노에이트, 세테아릴알코올, 글리세린, 나이아신아마이드, 사이클로헥사실록세인, 베헤닐알코올, 시어버터, 하이드로제네이티드식물성오일, 글리세릴스테아레이트, 1,2-헥산다이올, 실리카, 펜타에리스리틸다이스테아레이트, 비스-피이지-18메틸에터다이메틸실레인, 피이지-100스테아레이트, 향료, 세테아릴글루코사이드, 폴리실리콘-11, 폴리아크릴레이트-13, 잔탄검, 폴리아이소부텐, 다이소듐이디티에이, 에틸헥실글리세린, 아데노신, 리모넨, 폴리솔베이트20, 스테아릭애씨드, 솔비탄아이소스테아레이트, 하이드로제네이티드레시틴, 덱스트린, 카카오추출물, 불가리스쑥추출물, 약모밀추출물, 폴리글리세릴-3메틸글루코오스다이스테아레이트, 라즈베리추출물, 꿀풀잎추출물, 인동덩굴꽃추출물, 초피나무열매추출물, 서양민들레뿌리줄기/뿌리추출물, 영지버섯추출물, 리날룰, 글루코오스, 시트로넬올, 시트랄, 제라니올, 비에이치티, 토코페롤, 꽃송이버섯추출물",이니스프리,이니스프리_퍼펙트 9 인텐시브 크림 60ml
노세범 AC 파우더 5g,https://www.amoremall.com/kr/ko/product/detail?onlineProdSn=57034,12000.0,5g,5.0,g,"실리카, 다이메티콘/비닐다이메티콘크로스폴리머, 비닐다이메티콘/메티콘실세스퀴옥세인크로스폴리머, 다이메티콘, 부틸렌글라이콜다이카프릴레이트/다이카프레이트, 정제수, 마이카, 변성알코올, 부틸렌글라이콜, 칼라민, 에틸헥실글리세린, 라우로일라이신, 1,2-헥산다이올, 데하이드로아세틱애씨드, 창포뿌리추출물, 살리실릭애씨드, 프로판다이올, 병풀꽃/잎/줄기추출물, 토코페롤, 다이소듐이디티에이, 소듐하이알루로네이트, 하이드롤라이즈드하이알루로닉애씨드, 소듐하이알루로네이트크로스폴리머, 하이알루로닉애씨드, 소듐아세틸레이티드하이알루로네이트",이니스프리,이니스프리_노세범 AC 파우더 5g
유채꿀 립밤  3.5g,https://www.amoremall.com/kr/ko/product/detail?onlineProdSn=58602,10000.0,3.5g,3.5,g,"페트롤라툼, 폴리글리세릴-2트라이아이소스테아레이트, 다이아이소스테아릴말레이트, 미네랄오일, 호호바에스터, 하이드로제네이티드폴리아이소부텐, 폴리에틸렌, 메도우폼델타-락톤, 콜레스테릴하이드록시스테아레이트, 하이드로제네이티드코코-글리세라이즈, 칸데릴라왁스, 마이크로크리스탈린왁스,망고씨버터, 세레신, 스위트아몬드오일, 트라이하이드록시스테아린, 페녹시에탄올, 카프릴릴글라이콜, 토코페릴아세테이트, 글리세릴카프릴레이트, 호호바씨오일, 동백나무씨오일, 향료, 토코페롤, 티비에이치큐, 카멜그라스오일,정제수, 부틸렌글라이콜, 꿀추출물(0.03ppm), 에틸헥실글리세린",이니스프리,이니스프리_유채꿀 립밤  3.5g
스페셜케어마스크 핸드 20ml,https://www.amoremall.com/kr/ko/product/detail?onlineProdSn=60064,3500.0,20ml,20.0,ml,"정제수, 다이메티콘, 부틸렌글라이콜, 글리세린, 에탄올, 세틸에틸헥사노에이트, 1,2-헥산다이올, 글리세릴스테아레이트, 베타인, 세테아릴알코올, 피이지-100스테아레이트, 페녹시에탄올, 폴리아크릴레이트-13, 아크릴레이트/C10-30알킬아크릴레이트크로스폴리머, 사이클로펜타실록세인, 폴리아이소부텐, 향료, 에틸헥실글리세린, 포타슘하이드록사이드, 벤질벤조에이트, 다이소듐이디티에이, 다이메티콘올, 폴리솔베이트20, 솔비탄아이소스테아레이트, 우레아, 폴리글리세릴-3메틸글루코오스다이스테아레이트, 세테아릴글루코사이드, 메틸글루코오스세스퀴스테아레이트, 녹차추출물, 작약뿌리추출물, 인동덩굴꽃추출물, 도둑놈의지팡이뿌리추출물, 복사나무잎추출물, 황금추출물, 은행나무잎추출물, 병풀추출물, 쇠비름추출물",이니스프리,이니스프리_스페셜케어마스크 핸드 20ml
블랙티 유스 인핸싱 크림 50ml,https://www.amoremall.com/kr/ko/product/detail?onlineProdSn=57018,36000.0,50ml,50.0,ml,"정제수, 글리세린, 부틸렌글라이콜, 하이드로제네이티드폴리(C6-14올레핀), 펜타에리스리틸테트라에틸헥사노에이트, 메틸트라이메티콘, 나이아신아마이드, 다이메티콘, 피씨에이다이메티콘, 세테아릴알코올, 글리세릴스테아레이트, 글리세릴스테아레이트시트레이트, 1,2-헥산다이올, 하이드로제네이티드코코-글리세라이즈, 아크릴레이트/C10-30알킬아크릴레이트크로스폴리머, 트로메타민, 하이드록시에틸아크릴레이트/소듐아크릴로일다이메틸타우레이트코폴리머, 글리세릴카프릴레이트, 향료, 잔탄검, 펜틸렌글라이콜, 에틸헥실글리세린, 아데노신, 다이소듐이디티에이, 리모넨, 소듐하이알루로네이트, 덱스트린, 카카오추출물, 홍차추출물(100 ppm), 솔비탄아이소스테아레이트, 리날룰, 시트로넬올, 서양톱풀추출물, 시트랄, 토코페롤",이니스프리,이니스프리_블랙티 유스 인핸싱 크림 50ml
화산송이 한지 기름종이 50매,https://www.amoremall.com/kr/ko/product/detail?onlineProdSn=60068,4000.0,50매,50.0,매,상세참조,이니스프리,이니스프리_화산송이 한지 기름종이 50매
비자 트러블 클렌징폼 150g,https://www.amoremall.com/kr/ko/product/detail?onlineProdSn=57567,12000.0,150g,150.0,g,"정제수, 글리세린, 미리스틱애씨드, 라우릭애씨드, 포타슘하이드록사이드, 스테아릭애씨드, 라우릴하이드록시설테인, 글리세릴스테아레이트, 글라이콜다이스테아레이트, 팔미틱애씨드, 소듐클로라이드, 코코-글루코사이드, 피마자씨오일, 데실글루코사이드, 흰버드나무껍질추출물, 멘톨, 소듐메타포스페이트, 비자나무씨오일(1,000ppm), 리모넨, 두송열매오일, 구주소나무잎오일, 연필향나무오일, 라벤더오일, 라임전초오일, 덱스트린, 카카오추출물, 리날룰, 레몬껍질오일, 불가리스쑥오일, 살리실릭애씨드, 광곽향오일, 프로방스장미꽃추출물, 솔잣나무잎/너트/줄기오일",이니스프리,이니스프리_비자 트러블 클렌징폼 150g
그린티 히알루론산 로션 170ml,https://www.amoremall.com/kr/ko/product/detail?onlineProdSn=57037,21000.0,170ml,170.0,ml,"정제수, 글리세린, 프로판다이올, 펜타에리스리틸테트라에틸헥사노에이트, 1,2-헥산다이올, 다이아이소스테아릴말레이트, 나이아신아마이드, C14-22알코올, 카보머, 트로메타민, C12-20알킬글루코사이드, 락토바실러스발효용해물, 소듐스테아로일글루타메이트, 소듐메타포스페이트, 부틸렌글라이콜, 에틸헥실글리세린, 녹차추출물, 하이알루로닉애씨드, 판테놀, 알지닌, 아스파틱애씨드, 글루타믹애씨드, 글루코노락톤, 소듐하이알루로네이트, 하이드롤라이즈드하이알루로닉애씨드, 소듐하이알루로네이트크로스폴리머, 토코페롤, 소듐아세틸레이티드하이알루로네이트",이니스프리,이니스프리_그린티 히알루론산 로션 170ml
비타C 그린티 엔자임 잡티 토닝 패드 60매/170ml,https://www.amoremall.com/kr/ko/product/detail?onlineProdSn=60928,28000.0,60매/170ml,60.0,매,"정제수, 부틸렌글라이콜, 글리세린, 나이아신아마이드(40,000 ppm), 1,2-헥산다이올, 판테놀, 알란토인, 마그네슘아스코빌포스페이트(1,000 ppm), 하이드록시에틸셀룰로오스, 시트릭애씨드, 에틸헥실글리세린, 폴리글리세릴-10라우레이트, 다이프로필렌글라이콜, 다이포타슘글리시리제이트, 소듐파이테이트, 덱스트린, 소듐하이알루로네이트, 소듐시트레이트, 글루코노락톤, 메틸다이아이소프로필프로피온아마이드, 프로판다이올, 사이클로덱스트린, 베타-글루칸, 프로테아제(10 ppm), 만다린껍질추출물, 토코페롤, 글루타티온, 페룰릭애씨드, 마데카소사이드",이니스프리,이니스프리_비타C 그린티 엔자임 잡티 토닝 패드 60매/170ml
라이트 피팅 메이크업 베이스 SPF23/PA++ 30ml,https://www.amoremall.com/kr/ko/product/detail?onlineProdSn=60229,26000.0,30ml,30.0,ml,"정제수, 다이메티콘, 프로판다이올, 카프릴릴메티콘, 티타늄디옥사이드, 에칠헥실살리실레이트, 부틸옥틸살리실레이트, 티타늄디옥사이드 (CI 77891), 트라이실록세인, 메틸트라이메티콘, 다이메티콘/비닐다이메티콘크로스폴리머, 페닐트라이메티콘, 폴리글리세릴-3폴리다이메틸실록시에틸다이메티콘, 1,2-헥산다이올, 라우릴폴리글리세릴-3폴리다이메틸실록시에틸다이메티콘, 울트라마린, 소듐클로라이드, 실리카, 알루미나, 다이스테아다이모늄헥토라이트, 자일리톨, 하이드로제네이티드레시틴, 카프릴릴글라이콜, 알루미늄하이드록사이드, 트라이하이드록시스테아린, 시메티콘, 에틸헥실글리세린, 카올린, 트라이에톡시카프릴릴실레인, 스테아릭애씨드, 향료, 토코페릴리놀리에이트, 호호바씨오일, 녹차씨오일, 헥실신남알, 리날룰, 리모넨, 토코페롤, 프로필렌글라이콜, 소듐하이알루로네이트",이니스프리,이니스프리_라이트 피팅 메이크업 베이스 SPF23/PA++ 30ml
그린티 히알루론산 미스트 150ml,https://www.amoremall.com/kr/ko/product/detail?onlineProdSn=59568,17000.0,150ml,150.0,ml,"정제수, 프로판다이올, 부틸렌글라이콜, 카프릴릭/카프릭트라이글리세라이드, 1,2-헥산다이올, 피피지-13-데실테트라데세스-24, 글리세릴카프릴레이트, 에틸헥실글리세린, 다이소듐이디티에이, 녹차추출물(191 ppm), 판테놀, 소듐하이알루로네이트(3 ppm), 하이드롤라이즈드하이알루로닉애씨드(0.5 ppm), 소듐하이알루로네이트크로스폴리머(0.2 ppm), 하이알루로닉애씨드(0.1 ppm), 소듐아세틸레이티드하이알루로네이트(0.01 ppm)",이니스프리,이니스프리_그린티 히알루론산 미스트 150ml
레티놀 시카 흔적 장벽 크림 50ml,https://www.amoremall.com/kr/ko/product/detail?onlineProdSn=59116,35000.0,50ml,50.0,ml,"정제수, 부틸렌글라이콜, 글리세린, 카프릴릭/카프릭트라이글리세라이드, 나이아신아마이드, 다이카프릴릴에터, 메틸트라이메티콘, 1,2-헥산다이올, 판테놀, 다이에톡시에틸석시네이트, 다이페닐다이메티콘, 글리세릴폴리메타크릴레이트, 세테아릴올리베이트, 하이드로제네이티드레시틴, 폴리메틸실세스퀴옥세인, 솔비탄올리베이트, 하이드록시에틸아크릴레이트/소듐아크릴로일다이메틸타우레이트코폴리머, 아크릴레이트/C10-30알킬아크릴레이트크로스폴리머, 알란토인, 트로메타민, 돌콩오일, 세테아릴알코올, 토코페롤, 토코페릴아세테이트, 다이포타슘글리시리제이트, 글리세릴카프릴레이트, 피토스테롤, 아시아티코사이드, 해바라기씨오일, 마데카식애씨드, 아시아틱애씨드, 다이소듐이디티에이, 에틸헥실글리세린, 아데노신, 세테아릴글루코사이드, 당근추출물, 솔비탄아이소스테아레이트, 레티놀(500IU/g), 프로판다이올, 마데카소사이드, 베타-카로틴, 병풀꽃/잎/줄기추출물, 하이드로제네이티드포스파티딜콜린, 데카펩타이드-4, 소듐올리에이트",이니스프리,이니스프리_레티놀 시카 흔적 장벽 크림 50ml
그린티 세라마이드 밀크 에센스 리필 160ml,https://www.amoremall.com/kr/ko/product/detail?onlineProdSn=66910,18000.0,160ml,160.0,ml,"정제수, 글리세린, 부틸렌글라이콜, 프로판다이올, 하이드로제네이티드쌀겨오일, 베타인, 1,2-헥산다이올, 만니톨, 폴리글리세린-3, 피피지-13-데실테트라데세스-24, 하이드로제네이티드레시틴, 펜틸렌글라이콜, 글리세릴카프릴레이트, 잔탄검, 카보머, 에틸헥실글리세린, 카프릴릭/카프릭트라이글리세라이드, 소듐스테아로일글루타메이트, 트로메타민, 하이드록시에틸아크릴레이트/소듐아크릴로일다이메틸타우레이트코폴리머, 소듐메타포스페이트, 나이아신아마이드, 폴리글리세릴-10스테아레이트, 솔비탄아이소스테아레이트, 하이알루로닉애씨드, 세라마이드엔피(10 ppm), 피토스테롤, 녹차씨오일(5 ppm), 토코페롤, 소듐하이알루로네이트, 녹차추출물(0.5 ppm), 카프릴릴글라이콜, 프로필렌글라이콜, 글리세릴올리에이트, 레시틴, 라우릴글루코사이드, 하이드롤라이즈드하이알루로닉애씨드, 폴리글리세릴-6라우레이트, 미리스틸글루코사이드, 소듐하이알루로네이트크로스폴리머, 소듐트라이메타포스페이트, 소듐아세틸레이티드하이알루로네이트, 아세틸테트라펩타이드-2",이니스프리,이니스프리_그린티 세라마이드 밀크 에센스 리필 160ml
한란 아이 크림 30ml,https://www.amoremall.com/kr/ko/product/detail?onlineProdSn=60062,30000.0,30ml,30.0,ml,"정제수, 부틸렌글라이콜, 글리세린, 스쿠알란, 세틸에틸헥사노에이트, 메도우폼씨오일, 카나우바왁스, 나이아신아마이드, 사이클로펜타실록세인, 시어버터, 글리세릴스테아레이트, 사이클로헥사실록세인, C14-22알코올, 1,2-헥산다이올, 아라키딜알코올, 팔미틱애씨드, 스테아릭애씨드, 세테아릴알코올, 피이지-100스테아레이트, 프로판다이올, 베헤닐알코올, 폴리아크릴레이트-13, C12-20알킬글루코사이드, 아라키딜글루코사이드, 향료, 폴리아이소부텐, 하이드로제네이티드레시틴, 글리세릴카프릴레이트, 폴리글리세릴-3메틸글루코오스다이스테아레이트, 에틸헥실글리세린, 잔탄검, 다이소듐이디티에이, 아데노신, 폴리솔베이트20, 솔비탄아이소스테아레이트, 귀리커넬추출물, 카페인, 하이알루로닉애씨드, 만니톨, 헥실신남알, 리날룰, 베타인, 미리스틱애씨드, 글루코오스, 난추출물(10 ppm), 라우릭애씨드, 페녹시에탄올, 카퍼트라이펩타이드-1, 토코페롤, 아세틸테트라펩타이드-5, 아세틸테트라펩타이드-11",이니스프리,이니스프리_한란 아이 크림 30ml
파워프루프 라이너  0.6g,https://www.amoremall.com/kr/ko/product/detail?onlineProdSn=64662,12000.0,0.6g,0.6,g,"정제수, 에틸헥실아크릴레이트/메틸메타크릴레이트코폴리머, 부틸렌글라이콜, 카본블랙, 에탄올, 베헤네스-30, 암모늄아크릴레이트/메틸스타이렌/스타이렌코폴리머, 아크릴레이트/옥틸아크릴아마이드코폴리머, 페녹시에탄올, 펜틸렌글라이콜, 카프릴릴글라이콜, 에틸헥실글리세린, 1,2-헥산다이올, 폴리글리세릴-3다이실록세인다이메티콘, 소듐하이드록사이드, 다이소듐이디티에이",이니스프리,이니스프리_파워프루프 라이너  0.6g
올리브 비타민 E 리얼 스킨 170ml,https://www.amoremall.com/kr/ko/product/detail?onlineProdSn=60231,18000.0,170ml,170.0,ml,"정제수, 부틸렌글라이콜, 글리세린, 베타인, 글리세레스-26, 아이소펜틸다이올, 1,2-헥산다이올, 피피지-13-데실테트라데세스-24, 아크릴레이트/C10-30알킬아크릴레이트크로스폴리머, 하이드록시에틸셀룰로오스, 트로메타민, 소듐메타포스페이트, 글리세릴카프릴레이트, 리모넨, 올리브오일(500 ppm), 에틸헥실글리세린, 토코페롤(101.5 ppm), 토코페릴아세테이트(100 ppm), 레몬껍질오일, 오렌지껍질오일, 폴리솔베이트60, 다이소듐포스페이트, 소듐포스페이트",이니스프리,이니스프리_올리브 비타민 E 리얼 스킨 170ml
그린티 씨드 히알루론산 세럼 80ml,https://www.amoremall.com/kr/ko/product/detail?onlineProdSn=57041,31000.0,80ml,80.0,ml,"정제수*, 프로판다이올*, 글리세린*, 1,2-헥산다이올*, 나이아신아마이드, 베타인, 사카라이드아이소머레이트, 녹차씨오일(2,609 ppm), 자일리톨, 세테아릴올리베이트, 하이드로제네이티드레시틴, 부틸렌글라이콜*, 솔비탄올리베이트, 락토바실러스발효용해물, 아크릴레이트/C10-30알킬아크릴레이트크로스폴리머, 스쿠알란, 판테놀, 알란토인, 하이드록시에틸아크릴레이트/소듐아크릴로일다이메틸타우레이트코폴리머, 트로메타민, 트라이에틸시트레이트, 에틸헥실글리세린*, 캐롭검, 다이소듐이디티에이*, 리모넨, 녹차추출물(366 ppm)*, 다이포타슘글리시리제이트, 레몬껍질오일, 소듐하이알루로네이트(103 ppm), 하이알루로닉애씨드(100 ppm)*, 덱스트린, 카카오추출물, 3-O-에틸아스코빅애씨드, 소듐시트레이트, 시트릭애씨드, 솔비탄아이소스테아레이트, 마테잎추출물, 글리세릴올리에이트*, 시트랄, 소두구씨오일, 토코페롤*, 레시틴*, 수크로오스, 라우릴글루코사이드*, 폴리글리세릴-6라우레이트*, 미리스틸글루코사이드*, 스피어민트잎오일, 시트로넬라오일, 갈바눔수지오일, 잔탄검*, 락틱애씨드, 하이드롤라이즈드하이알루로닉애씨드(0.5 ppm), 소듐하이알루로네이트크로스폴리머(0.2 ppm), 소듐아세틸레이티드하이알루로네이트(0.01 ppm)",이니스프리,이니스프리_그린티 씨드 히알루론산 세럼 80ml
레티놀 그린티 PDRN 스킨부스터 토너 170ml,https://www.amoremall.com/kr/ko/product/detail?onlineProdSn=63621,25000.0,170ml,170.0,ml,"정제수, 부틸렌글라이콜, 락토바실러스발효용해물, 글리세린, 나이아신아마이드, 폴리글리세린-3, 1,2-헥산다이올, 프로판다이올, 피피지-13-데실테트라데세스-24, 돌콩오일, 에틸헥실글리세린, 판테놀, 아데노신, 소듐폴리아크릴레이트, 소듐메타포스페이트, 레티놀, 토코페롤, 소듐하이알루로네이트, 녹차추출물, 하이드롤라이즈드하이알루로닉애씨드, 소듐하이알루로네이트크로스폴리머, 하이알루로닉애씨드, 소듐아세틸레이티드하이알루로네이트",이니스프리,이니스프리_레티놀 그린티 PDRN 스킨부스터 토너 170ml
올리브 비타민 E 리얼 로션 170ml,https://www.amoremall.com/kr/ko/product/detail?onlineProdSn=60232,20000.0,170ml,170.0,ml,"정제수, 프로판다이올, 부틸렌글라이콜, 하이드로제네이티드폴리아이소부텐, 하이드로제네이티드폴리(C6-14올레핀), 펜타에리스리틸테트라에틸헥사노에이트, 펜타에리스리틸테트라아이소스테아레이트, 하이드로제네이티드식물성오일, 메틸트라이메티콘, 1,2-헥산다이올, 세테아릴알코올, 폴리글리세릴-10스테아레이트, 올리브오일(5,000 ppm), 피씨에이다이메티콘, 글리세릴스테아레이트, 팔미틱애씨드, 세테아릴글루코사이드, 스테아릭애씨드, 카보머, 잔탄검, 소듐메타포스페이트, 글리세릴카프릴레이트, 소듐스테아로일글루타메이트, 트로메타민, 리모넨, 에틸헥실글리세린, 레시틴, 토코페롤(103.5 ppm), 토코페릴아세테이트(100 ppm), 레몬껍질오일, 오렌지껍질오일",이니스프리,이니스프리_올리브 비타민 E 리얼 로션 170ml
그린티 씨드 히알루론산 세럼 리필 80ml,https://www.amoremall.com/kr/ko/product/detail?onlineProdSn=57561,25000.0,80ml,80.0,ml,"정제수*, 프로판다이올*, 글리세린*, 1,2-헥산다이올*, 나이아신아마이드, 베타인, 사카라이드아이소머레이트, 녹차씨오일(2,609 ppm), 자일리톨, 세테아릴올리베이트, 하이드로제네이티드레시틴, 부틸렌글라이콜*, 솔비탄올리베이트, 락토바실러스발효용해물, 아크릴레이트/C10-30알킬아크릴레이트크로스폴리머, 스쿠알란, 판테놀, 알란토인, 하이드록시에틸아크릴레이트/소듐아크릴로일다이메틸타우레이트코폴리머, 트로메타민, 트라이에틸시트레이트, 에틸헥실글리세린*, 캐롭검, 다이소듐이디티에이*, 리모넨, 녹차추출물(366 ppm)*, 다이포타슘글리시리제이트, 레몬껍질오일, 소듐하이알루로네이트(103 ppm), 하이알루로닉애씨드(100 ppm)*, 덱스트린, 카카오추출물, 3-O-에틸아스코빅애씨드, 소듐시트레이트, 시트릭애씨드, 솔비탄아이소스테아레이트, 마테잎추출물, 글리세릴올리에이트*, 시트랄, 소두구씨오일, 토코페롤*, 레시틴*, 수크로오스, 라우릴글루코사이드*, 폴리글리세릴-6라우레이트*, 미리스틸글루코사이드*, 스피어민트잎오일, 시트로넬라오일, 갈바눔수지오일, 잔탄검*, 락틱애씨드, 하이드롤라이즈드하이알루로닉애씨드(0.5 ppm), 소듐하이알루로네이트크로스폴리머(0.2 ppm), 소듐아세틸레이티드하이알루로네이트(0.01 ppm)",이니스프리,이니스프리_그린티 씨드 히알루론산 세럼 리필 80ml
그린티 히알루론산 진정수분 선세럼 AD SPF50/PA++++ 50ml,https://www.amoremall.com/kr/ko/product/detail?onlineProdSn=65993,25000.0,50ml,50.0,ml,"정제수, 다이에틸헥실석시네이트, 프로판 다이올, 드로메트리졸트리실록산, 에칠헥실트리아 존, 나이아신아마이드, 디에칠아미노하이드록시벤 조일헥실벤조에이트, 테레프탈릴리덴디캠퍼설포닉 애씨드, 1,2-헥산다이올, 베헤닐알코올, 트로메타민, 소듐폴리아크릴로일다이메틸타우레이트, 페닐트라 이메티콘, 카프릴릴메티콘, 폴리아크릴레이트크로 스폴리머-6, 아라키딜알코올, 하이알루로닉애씨드 (2,202 ppm), 포타슘세틸포스페이트, 부틸렌글라이 콜, 락토바실러스발효용해물, 에틸헥실글리세린, 카 프릴릴글라이콜, 판테놀, 아라키딜글루코사이드, 아 데노신, 글리세린, 소듐하이알루로네이트(260 ppm), 알란토인, 소듐메타포스페이트, 마데카소사이드, 세 라마이드엔피, 글리세릴올리에이트, 토코페롤, 레시 틴, 라우릴글루코사이드, 폴리글리세릴-6라우레이 트, 미리스틸글루코사이드, 하이드롤라이즈드하이 알루로닉애씨드(10 ppm), 녹차추출물(8 ppm), 소 듐하이알루로네이트크로스폴리머(4 ppm), 잔탄검, 소듐아세틸레이티드하이알루로네이트(0.2 ppm), 아세틸테트라펩타이드-2",이니스프리,이니스프리_그린티 히알루론산 진정수분 선세럼 AD SPF50/PA++++ 50ml
수퍼 화산송이 쿨민초 모공팩 100ml,https://www.amoremall.com/kr/ko/product/detail?onlineProdSn=64656,18000.0,100ml,100.0,ml,"정제수, 부틸렌글라이콜, 티타늄디옥사이드 (CI 77891), 실리카, 글리세린, 트레할로오스, 화산재(21085ppm), 폴리비닐알코올, 벤토나이트, 카올린, 카프릴릭/카프릭트라이글리세라이드, 1,2-헥산다이올, 글리세릴스테아레이트, 세테아릴알코올, 피브이피, 포도씨가루, 피이지-100스테아레이트, 폴리솔베이트60, 팔미틱애씨드, 스테아릭애씨드, 크로뮴옥사이드그린, 하이드로제네이티드식물성오일, 잔탄검, 향료, 호두나무열매껍질가루, 솔비탄스테아레이트, 옥수수전분, 폴리아크릴레이트-13, 폴리솔베이트20, 만니톨, 마이크로크리스탈린셀룰로오스, 소듐메타포스페이트, 락틱애씨드, 락틱애씨드/글라이콜릭애씨드코폴리머, 폴리아이소부텐, 멘톡시프로판다이올, 테트라소듐파이로포스페이트, 에틸헥실글리세린, 솔비탄아이소스테아레이트, 락토바실러스발효용해물, 폴리쿼터늄-10, 레시틴, 토코페롤",이니스프리,이니스프리_수퍼 화산송이 쿨민초 모공팩 100ml
비타C 잡티 톤업 선스크린 SPF50+/PA++++ 50ml,https://www.amoremall.com/kr/ko/product/detail?onlineProdSn=64465,26000.0,50ml,50.0,ml,"정제수, 다이부틸아디페이트, 프로판다이올, 부틸옥틸살리실레이트, 다이카프릴릴카보네이트, 티타늄디옥사이드, 디에칠아미노하이드록시벤조일헥실벤조에이트, 폴리실리콘-15, 나이아신아마이드, 에칠헥실트리아존, 폴리메틸실세스퀴옥세인, 글리세린, 티타늄디옥사이드 (CI 77891), 1,2-헥산다이올, 펜틸렌글라이콜, 아크릴레이트코폴리머, 하이드로제네이티드폴리아이소부텐, 브이피/에이코신코폴리머, 스테아릴다이메티콘, 세틸다이메티콘, 메틸프로판다이올, 코코-카프릴레이트/카프레이트, 폴리글리세릴-2카프레이트, 폴리하이드록시스테아릭애씨드, 암모늄아크릴로일다이메틸타우레이트/브이피코폴리머, 수크로오스스테아레이트, 폴리아크릴레이트크로스폴리머-6, 호호바씨오일, 스테아릭애씨드, 에틸헥실글리세린, 하이드록시프로필메틸셀룰로오스스테아록시에터, 알루미나, 이눌린라우릴카바메이트, 글리세릴카프릴레이트, 황색산화철, 잔탄검, 적색산화철, 트라이에톡시카프릴릴실레인, 알루미늄하이드록사이드, 아데노신, 스쿠알란, 폴리에터-1, 소듐폴리아크릴레이트, 토코페롤, 메톡시페닐에테닐t-부틸벤조에이트, 바이오사카라이드검-1, 아스코빅애씨드(0.1 PPM), 마데카소사이드, 3-O-에틸아스코빅애씨드(0.1 PPM), 부틸렌글라이콜, 하이드롤라이즈드하이알루로닉애씨드, 다이메틸실란올하이알루로네이트, 하이드롤라이즈드소듐하이알루로네이트, 소듐하이알루로네이트, 하이알루로닉애씨드, 포타슘하이알루로네이트, 소듐하이알루로네이트크로스폴리머, 하이드록시프로필트라이모늄하이알루로네이트, 소듐하이알루로네이트다이메틸실란올, 소듐아세틸레이티드하이알루로네이트",이니스프리,이니스프리_비타C 잡티 톤업 선스크린 SPF50+/PA++++ 50ml
레티놀 그린티 PDRN 스킨부스터 앰플 25ml,https://www.amoremall.com/kr/ko/product/detail?onlineProdSn=62227,40000.0,25ml,25.0,ml,"락토바실러스발효용해물(56.88%), 글리세린, 프로판다이올, 정제수, 다이프로필렌글라이콜, 부틸렌글라이콜, 나이아신아마이드, 1,2-헥산다이올, 스쿠알란, 글리세릴폴리메타크릴레이트, 다이메틸아이소소바이드, 메틸트라이메티콘, 세테아릴알코올, 하이드록시에틸우레아, 암모늄아크릴로일다이메틸타우레이트/브이피코폴리머, 해바라기씨오일, 돌콩오일, 알란토인, 글리세릴스테아레이트, 잔탄검, 토코페롤, 토코페릴아세테이트, 펜틸렌글라이콜, 다이포타슘글리시리제이트, 소듐스테아로일글루타메이트, 하이드로제네이티드레시틴, 당근추출물, 하이드록시피나콜론레티노에이트, 스테아릭애씨드, 폴리글리세릴-3메틸글루코오스다이스테아레이트, 소듐폴리아크릴레이트, 소듐메타포스페이트, 코질메틸렌다이옥시신나메이트, 팔미틱애씨드, 에틸헥실글리세린, 아데노신, 레티놀(1,000IU/g), 소듐하이알루로네이트, 하이알루로닉애씨드, 하이드롤라이즈드식물성단백질, 서양톱풀추출물, 베타-카로틴, 미리스틱애씨드, 라우릭애씨드, 풀루란, 제인, 녹차추출물, 펙틴, 시트릭애씨드",이니스프리,이니스프리_레티놀 그린티 PDRN 스킨부스터 앰플 25ml
올리브 비타민e 리얼 크림 50ml,https://www.amoremall.com/kr/ko/product/detail?onlineProdSn=60941,27000.0,50ml,50.0,ml,"정제수, 글리세린, 프로판다이올, 스쿠알란, 다이메티콘, 폴리글리세릴-3메틸글루코오스다이스테아레이트, 부틸렌글라이콜다이카프릴레이트/다이카프레이트, 세틸에틸헥사노에이트, 메도우폼씨오일, 펜타에리스리틸테트라에틸헥사노에이트, 글리세릴스테아레이트, 1,2-헥산다이올, 베헤닐알코올, 시어버터, 올리브오일(10,000PPM), 카나우바왁스, 세테아릴알코올, 폴리C10-30알킬아크릴레이트, 폴리아크릴레이트-13, 리모넨, 하이드로제네이티드폴리아이소부텐, 소듐스테아로일글루타메이트, 토코페릴아세테이트(1,000PPM), 카프릴릴글라이콜, 소듐메타포스페이트, 에틸헥실글리세린, 폴리글리세릴-10라우레이트, 에틸헥실팔미테이트, 바이오사카라이드검-1, 펜틸렌글라이콜, 레몬껍질오일, 솔비탄아이소스테아레이트, 베타-글루칸, 토코페롤(100PPM), 덱스트린, 카카오추출물, 오렌지껍질오일, 시트랄, 리날룰",이니스프리,이니스프리_올리브 비타민e 리얼 크림 50ml
그린티 히알루론산 글로우 아이&페이스볼 10ml,https://www.amoremall.com/kr/ko/product/detail?onlineProdSn=60573,23000.0,10ml,10.0,ml,"정제수, 부틸렌글라이콜, 글리세린, 프로판다이올, 나이아신아마이드, 다이메티콘, 페닐트라이메티콘, 카페인, 1,2-헥산다이올, 스쿠알란, 폴리솔베이트20, 폴리실리콘-11, 카보머, 피씨에이다이메티콘, 폴리아크릴레이트크로스폴리머-6, 트로메타민, 보론나이트라이드, 소듐폴리아크릴로일다이메틸타우레이트, 티타늄디옥사이드 (CI 77891), 다이메티콘올, 합성플루오르플로고파이트, 글리세릴카프릴레이트, 소듐메타포스페이트, 에틸헥실글리세린, 아데노신, 녹차추출물(121 ppm), 알지닌, 사이클로덱스트린, 하이드록시프로필사이클로덱스트린, 말토덱스트린, 시트릭애씨드, 소듐하이알루로네이트(30 ppm), 틴옥사이드, 하이드롤라이즈드하이알루로닉애씨드(5 ppm), 소듐하이알루로네이트크로스폴리머(2 ppm), 하이알루로닉애씨드(1 ppm), 토코페롤, 소듐아세틸레이티드하이알루로네이트(0.1 ppm)",이니스프리,이니스프리_그린티 히알루론산 글로우 아이&페이스볼 10ml
그린티 씨드 히알루론산 스킨케어 세트,https://www.amoremall.com/kr/ko/product/detail?onlineProdSn=59083,40000.0,[본품] 그린티 히알루론산 스킨 170mL + 그린티 히알루론산 로션 170mL & [증정] 그린티 히알루론산 스킨 25mL + 그린티 히알루론산 로션 25mL,170.0,mL,"[스킨] 정제수*, 프로판다이올*, 글리세린, 베타인, 폴리글리세린-3, 1,2-헥산다이올*, 락토바실러스발효용해물, 글루코노락톤, 소듐메타포스페이트*, 부틸렌글라이콜, 에틸헥실글리세린*, 잔탄검, 트로메타민, 녹차추출물*, 판테놀, 베타-글루칸, 소듐하이알루로네이트, 하이드롤라이즈드하이알루로닉애씨드, 소듐하이알루로네이트크로스폴리머, 하이알루로닉애씨드, 토코페롤, 소듐아세틸레이티드하이알루로네이트 [로션] 정제수, 글리세린, 프로판다이올, 펜타에리스리틸테트라에틸헥사노에이트, 1,2-헥산다이올, 다이아이소스테아릴말레이트, 나이아신아마이드, C14-22알코올, 카보머, 트로메타민, C12-20알킬글루코사이드, 락토바실러스발효용해물, 소듐스테아로일글루타메이트, 소듐메타포스페이트, 부틸렌글라이콜, 에틸헥실글리세린, 녹차추출물, 하이알루로닉애씨드, 판테놀, 알지닌, 아스파틱애씨드, 글루타믹애씨드, 글루코노락톤, 소듐하이알루로네이트, 하이드롤라이즈드하이알루로닉애씨드, 소듐하이알루로네이트크로스폴리머, 토코페롤, 소듐아세틸레이티드하이알루로네이트",이니스프리,이니스프리_그린티 씨드 히알루론산 스킨케어 세트
애플씨드 립 앤 아이 메이크업 리무버 100ml,https://www.amoremall.com/kr/ko/product/detail?onlineProdSn=57935,9000.0,100ml,100.0,ml,"정제수, 사이클로펜타실록세인, 코코넛야자오일, 글리세린, 헥실렌글라이콜, 1,2-헥산다이올, 소듐클로라이드, 카프릴릴/카프릴글루코사이드, 라우릴메틸글루세스-10하이드록시프로필다이모늄클로라이드, 코코-카프릴레이트/카프레이트, 다이포타슘포스페이트, 다이소듐이디티에이, 에틸헥실글리세린, 포타슘포스페이트, 사과씨오일(40ppm), 카프릴릭/카프릭트라이글리세라이드, 사과추출물(20ppm), 부틸렌글라이콜, 토코페롤",이니스프리,이니스프리_애플씨드 립 앤 아이 메이크업 리무버 100ml
블랙티 유스 인핸싱 로션 170ml,https://www.amoremall.com/kr/ko/product/detail?onlineProdSn=57024,29000.0,170ml,170.0,ml,"정제수, 부틸렌글라이콜, 다이메티콘, 하이드로제네이티드폴리(C6-14올레핀), 글리세린, 세틸에틸헥사노에이트, 나이아신아마이드, 1,2-헥산다이올, 폴리솔베이트60, 글리세릴스테아레이트, 세테아릴알코올, 글리세릴스테아레이트시트레이트, 하이드로제네이티드식물성오일, 스테아릭애씨드, 솔비탄스테아레이트, 피이지-100스테아레이트, 카보머, 트로메타민, 팔미틱애씨드, 글리세릴카프릴레이트, 펜틸렌글라이콜, 다이소듐이디티에이, 에틸헥실글리세린, 아데노신, 향료, 덱스트린, 카카오추출물, 홍차추출물(100 ppm), 리모넨, 잔탄검, 서양톱풀추출물, 리날룰, 토코페롤",이니스프리,이니스프리_블랙티 유스 인핸싱 로션 170ml
비타C 엔자임 잡티 토닝 크림 50ml,https://www.amoremall.com/kr/ko/product/detail?onlineProdSn=63833,32000.0,50ml,50.0,ml,"정제수, 부틸렌글라이콜, 프로판다이올, 글리세린, 나이아신아마이드(40,000 ppm), 아이소펜틸다이올, 1,2-헥산다이올, 하이드로제네이티드폴리(C6-14올레핀), 카프릴릭/카프릭트라이글리세라이드, 아이소노닐아이소노나노에이트, 스쿠알란, 암모늄아크릴로일다이메틸타우레이트/브이피코폴리머, 아크릴레이트/C10-30알킬아크릴레이트크로스폴리머, 알지닌, 트레할로오스, 하이드록시에틸아크릴레이트/소듐아크릴로일다이메틸타우레이트코폴리머, 소듐아크릴릭애씨드/엠에이코폴리머, 덱스트린, 잔탄검, 3-O-에틸아스코빅애씨드(1,000 ppm), 세테아릴올리베이트, 만다린껍질추출물, 캐스터오일/아이피디아이코폴리머, 황련뿌리추출물, 에틸헥실글리세린, 당근추출물, 솔비탄올리베이트, 카놀라오일, 사이클로덱스트린, 소듐파이테이트, 글리세릴아크릴레이트/아크릴릭애씨드코폴리머, 솔비탄아이소스테아레이트, 프로테아제(100 ppm)*, 카프릴릴글라이콜, 피브이엠/엠에이코폴리머, 당근씨오일, 카보머, 아스코빌테트라이소팔미테이트(10.3 ppm), 토코페릴아세테이트, 베타-카로틴, 해바라기씨오일, 아모다이메티콘, 글루코오스, 소듐하이알루로네이트, 판테놀, 아이리쉬모스 추출물, 하이드록시프로필트라이모늄하이알루로네이트, 소듐아스코빌포스페이트(0.1001 ppm), 토코페롤, 마그네슘아스코빌포스페이트(0.1 ppm), 글루타티온, 페룰릭애씨드, 아마씨오일, 하이드롤라이즈드하이알루로닉애씨드, 소듐아세틸레이티드하이알루로네이트, 사이아노코발아민, 글루코노락톤, 하이알루로닉애씨드, 소듐하이알루로네이트크로스폴리머, 하이드롤라이즈드소듐하이알루로네이트, 포타슘하이알루로네이트, 리놀레닉애씨드, 리놀레익애씨드, 아스코빅애씨드(0.001 ppb), 바이오틴, 폴릭애씨드, 리보플라빈, 피리독신, 티아민에이치씨엘",이니스프리,이니스프리_비타C 엔자임 잡티 토닝 크림 50ml
한란인리치드크림 50ml,https://www.amoremall.com/kr/ko/product/detail?onlineProdSn=60086,30000.0,50ml,50.0,ml,"정제수, 사이클로펜타실록세인, 프로판다이올, 글리세린, 사이클로헥사실록세인, 피이지-10다이메티콘, 스쿠알란, 나이아신아마이드, 다이페닐실록시페닐트라이메티콘, 다이스테아다이모늄헥토라이트, 소듐클로라이드, 1,2-헥산다이올, 라우릴피이지-9폴리다이메틸실록시에틸다이메티콘, 다이메티콘, 폴리실리콘-11, 다이메티콘/비닐다이메티콘크로스폴리머, 향료, 글리세릴카프릴레이트, 에틸헥실글리세린, 아데노신, 다이소듐이디티에이, 하이알루로닉애씨드, 헥실신남알, 베타인, 리날룰, 덱스트린, 카카오추출물, 글루코오스, 난추출물(10 ppm), 적색산화철, 토코페롤, 알지닌/라이신폴리펩타이드",이니스프리,이니스프리_한란인리치드크림 50ml
국화 여성 청결제 200ml,https://www.amoremall.com/kr/ko/product/detail?onlineProdSn=57998,12000.0,200ml,200.0,ml,"정제수, 부틸렌글라이콜, 하이드록시프로필메틸셀룰로오스, 라우릴베타인, 에탄올, 국화추출물(900 ppm), 에틸헥실글리세린, 다이소듐이디티에이, 1,2-헥산다이올, 시트릭애씨드, 토코페롤, 녹차추출물",이니스프리,이니스프리_국화 여성 청결제 200ml
왕벚꽃 글로우 스킨핏 톤업크림 SPF50 / PA++++ 50ml,https://www.amoremall.com/kr/ko/product/detail?onlineProdSn=57938,27000.0,50ml,50.0,ml,"정제수, 부틸렌글라이콜, 글리세린, 디에칠아미노하이드록시벤조일헥실벤조에이트, 호모살레이트, 에칠헥실살리실레이트, 메틸트라이메티콘, 부틸옥틸살리실레이트, 티타늄디옥사이드, C12-15알킬벤조에이트, 티타늄디옥사이드 (CI 77891), 비스-에칠헥실옥시페놀메톡시페닐트리아진, 나이아신아마이드, 폴리실리콘-15, 1,2-헥산다이올, 실리카, 베타인, 세테아릴알코올, 폴리C10-30알킬아크릴레이트, 하이드록시에틸아크릴레이트/소듐아크릴로일다이메틸타우레이트코폴리머, 알루미늄스테아레이트, 알루미나, 스테아릭애씨드, 폴리하이드록시스테아릭애씨드, 아크릴레이트/C10-30알킬아크릴레이트크로스폴리머, 글리세릴스테아레이트, 향료, 프로판다이올, 하이드로제네이티드레시틴, 글리세릴카프릴레이트, 트로메타민, 알루미늄하이드록사이드, 폴리글리세릴-3메틸글루코오스다이스테아레이트, 팔미틱애씨드, 다이소듐이디티에이, 에틸헥실글리세린, 적색산화철, 트라이에톡시카프릴릴실레인, 솔비탄아이소스테아레이트, 리날룰, 리모넨, 왕벚나무잎추출물(120 ppm), 제라니올, 미리스틱애씨드, 라우릭애씨드, 토코페롤, 녹차추출물",이니스프리,이니스프리_왕벚꽃 글로우 스킨핏 톤업크림 SPF50 / PA++++ 50ml
애플씨드 클렌징 크림 150ml,https://www.amoremall.com/kr/ko/product/detail?onlineProdSn=57937,12000.0,150ml,150.0,ml,"정제수, 세틸에틸헥사노에이트, 옥틸도데칸올, 아이소프로필팔미테이트, 하이드로제네이티드폴리(C6-14올레핀), 부틸렌글라이콜, 다이카프릴릴에터, 다이프로필렌글라이콜, 하이드로제네이티드식물성오일, 1,2-헥산다이올, 글리세릴스테아레이트, 세테아릴알코올, 폴리솔베이트60, 향료, C14-22알코올, 카보머, 트로메타민, C12-20알킬글루코사이드, 글리세릴카프릴레이트, 다이소듐이디티에이, 에틸헥실글리세린, 사과씨오일(40ppm), 코코-카프릴레이트/카프레이트, 카프릴릭/카프릭트라이글리세라이드, 사과추출물(20ppm), 글루코오스, 토코페롤, 돌콩오일",이니스프리,이니스프리_애플씨드 클렌징 크림 150ml
레티놀 그린티 PDRN 스킨부스터 앰플 40ml,https://www.amoremall.com/kr/ko/product/detail?onlineProdSn=63620,57000.0,40ml,40.0,ml,"락토바실러스발효용해물(56.88%), 글리세린, 프로판다이올, 정제수, 다이프로필렌글라이콜, 부틸렌글라이콜, 나이아신아마이드, 1,2-헥산다이올, 스쿠알란, 글리세릴폴리메타크릴레이트, 다이메틸아이소소바이드, 메틸트라이메티콘, 세테아릴알코올, 하이드록시에틸우레아, 암모늄아크릴로일다이메틸타우레이트/브이피코폴리머, 해바라기씨오일, 돌콩오일, 알란토인, 글리세릴스테아레이트, 잔탄검, 토코페롤, 토코페릴아세테이트, 펜틸렌글라이콜, 다이포타슘글리시리제이트, 소듐스테아로일글루타메이트, 하이드로제네이티드레시틴, 당근추출물, 하이드록시피나콜론레티노에이트, 스테아릭애씨드, 폴리글리세릴-3메틸글루코오스다이스테아레이트, 소듐폴리아크릴레이트, 소듐메타포스페이트, 코질메틸렌다이옥시신나메이트, 팔미틱애씨드, 에틸헥실글리세린, 아데노신, 레티놀(1,000IU/g), 소듐하이알루로네이트, 하이알루로닉애씨드, 하이드롤라이즈드식물성단백질, 서양톱풀추출물, 베타-카로틴, 미리스틱애씨드, 라우릭애씨드, 풀루란, 제인, 녹차추출물, 펙틴, 시트릭애씨드",이니스프리,이니스프리_레티놀 그린티 PDRN 스킨부스터 앰플 40ml
레티놀 시카 흔적 패드 60매/170ml,https://www.amoremall.com/kr/ko/product/detail?onlineProdSn=62620,28000.0,60매/170ml,60.0,매,"정제수, 글리세레스-26, 글리세린, 나이아신아마이드, 다이프로필렌글라이콜, 1,2-헥산다이올, 병풀추출물, 부틸렌글라이콜, 하이드록시에틸우레아, 폴리글리세릴-10라우레이트, 락토바실러스발효용해물, 알란토인, 에리스리톨, 하이드록시에틸아크릴레이트/소듐아크릴로일다이메틸타우레이트코폴리머, 다이포타슘글리시리제이트, 에틸헥실글리세린, 시어버터, 아데노신, 올리브오일, 카프릴릭/카프릭트라이글리세라이드, 하이드로제네이티드레시틴, 스쿠알란, 아크릴레이트/C10-30 알킬아크릴레이트크로스폴리머, 알지닌, 소듐파이테이트, 암모늄아크릴로일다이메틸타우레이트/브이피코폴리머, 하이드록시에틸셀룰로오스, 폴리글루타믹애씨드, 돌콩오일, 솔비탄아이소스테아레이트, 메틸다이아이소프로필프로피온아마이드, 녹차씨추출물, 레티놀(33IU/g), 세라마이드엔피, 콜레스테롤, 피토스핑고신, 살리실릭애씨드",이니스프리,이니스프리_레티놀 시카 흔적 패드 60매/170ml
노세범 파우더 쿠션 SPF35/PA++ 14g,https://www.amoremall.com/kr/ko/product/detail?onlineProdSn=57016,26000.0,14g,14.0,g,"정제수, 티타늄디옥사이드 (CI 77891), 사이클로펜타실록세인, 부틸렌글라이콜, 메틸트라이메티콘, 펜타에리스리틸테트라에틸헥사노에이트, 피이지-10다이메티콘, 사이클로헥사실록세인, 티타늄디옥사이드, 실리카, 보론나이트라이드, 마이카, 라우릴폴리글리세릴-3폴리다이메틸실록시에틸다이메티콘, 다이메티콘, 트라이메틸실록시실리케이트, 폴리메틸메타크릴레이트, 다이아이소스테아릴말레이트, 비닐다이메티콘/메티콘실세스퀴옥세인크로스폴리머, 황색산화철, 다이스테아다이모늄헥토라이트, 아크릴레이트/에틸헥실아크릴레이트/다이메티콘메타크릴레이트코폴리머, 폴리실리콘-11, 소듐클로라이드, 판테놀, 알루미나, 알루미늄하이드록사이드, 다이메티콘/비닐다이메티콘크로스폴리머, 트라이에톡시카프릴릴실레인, 카프릴릴글라이콜, 적색산화철, 폴리솔베이트80, 에틸헥실글리세린, 글리세릴카프릴레이트, 하이드로제네이티드레시틴, 시메티콘, 다이소듐이디티에이, 흑색산화철, 프로판다이올, 폴리메틸실세스퀴옥세인, 알루미늄전분옥테닐석시네이트, 1,2-헥산다이올, 토코페롤, 메티콘, 녹차추출물",이니스프리,이니스프리_노세범 파우더 쿠션 SPF35/PA++ 14g
그린티 씨드 히알루론산 크림  50ml,https://www.amoremall.com/kr/ko/product/detail?onlineProdSn=62821,27000.0,50ml,50.0,ml,"정제수, 프로판다이올, 글리세린, 스테아릴다이메티콘, 메틸트라이메티콘, 부틸렌글라이콜다이카프릴레이트/다이카프레이트, 펜타에리스리틸테트라에틸헥사노에이트, 녹차씨오일, 1,2-헥산다이올, 글리세릴폴리메타크릴레이트, 폴리메틸실세스퀴옥세인, 스쿠알란, 하이드록시에틸아크릴레이트/소듐아크릴로일다이메틸타우레이트코폴리머, 폴리글리세릴-3메틸글루코오스다이스테아레이트, 카보머, 트라이에틸시트레이트, 하이드로제네이티드레시틴, 콜레스테롤, 글리세릴스테아레이트, 트로메타민, 리모넨, 락토바실러스발효용해물, 하이알루로닉애씨드, 판테놀, 알란토인, 세테아릴알코올, 잔탄검, 글리세릴카프릴레이트, 소듐스테아로일글루타메이트, 부틸렌글라이콜, 에틸헥실글리세린, 다이소듐이디티에이, 레몬껍질오일, 솔비탄아이소스테아레이트, 녹차추출물, 마테잎추출물, 소듐하이알루로네이트, 마데카소사이드, 락틱애씨드, 시트랄, 덱스트린, 카카오추출물, 소두구씨오일, 스피어민트잎오일, 리날룰, 시트로넬라오일, 하이드롤라이즈드하이알루로닉애씨드, 갈바눔수지오일, 소듐하이알루로네이트크로스폴리머, 녹차씨추출물, 세라마이드엔피, 토코페롤, 피토스핑고신, 소듐아세틸레이티드하이알루로네이트",이니스프리,이니스프리_그린티 씨드 히알루론산 크림  50ml
포레스트 포맨 쉐이빙 & 클렌징 폼 150g,https://www.amoremall.com/kr/ko/product/detail?onlineProdSn=58396,13000.0,150g,150.0,g,"정제수, 글리세린, 미리스틱애씨드, 포타슘하이드록사이드, 피이지-32, 스테아릭애씨드, 팔미틱애씨드, 글리세릴스테아레이트, 피이지-100스테아레이트, 라우릭애씨드, 라우릴글루코사이드, 코카미도프로필베타인, 폴리쿼터늄-7, 향료, 소듐메틸코코일타우레이트, 소듐클로라이드, 리모넨, 멘톨, 다이소듐이디티에이, 리날룰, 소듐벤조에이트, 부틸렌글라이콜, 1,2-헥산다이올, 시트릭애씨드, 흑효모발효물*, 락틱애씨드, 테트라소듐이디티에이, 에틸헥실글리세린",이니스프리,이니스프리_포레스트 포맨 쉐이빙 & 클렌징 폼 150g
수퍼 화산송이 모공 마스크 100ml,https://www.amoremall.com/kr/ko/product/detail?onlineProdSn=57042,18000.0,100ml,100.0,ml,"정제수, 티타늄디옥사이드 (CI 77891), 부틸렌글라이콜, 실리카, 글리세린, 트레할로오스, 화산재(20,540ppm), 카프릴릭/카프릭트라이글리세라이드, 폴리비닐알코올, 벤토나이트, 카올린, 글리세릴스테아레이트, 스테아릭애씨드, 세테아릴알코올, 피브이피, 1,2-헥산다이올, 피이지-100스테아레이트, 폴리솔베이트60, 흑색산화철, 하이드로제네이티드식물성오일, 잔탄검, 호두나무열매껍질가루, 솔비탄스테아레이트, 옥수수전분, 폴리아크릴레이트-13, 폴리솔베이트20, 황색산화철, 만니톨, 마이크로크리스탈린셀룰로오스, 락틱애씨드/글라이콜릭애씨드코폴리머, 락틱애씨드, 폴리아이소부텐, 적색산화철, 멘톡시프로판다이올, 테트라소듐파이로포스페이트, 다이소듐이디티에이, 에틸헥실글리세린, 솔비탄아이소스테아레이트, 알루미늄하이드록사이드, 트라이에톡시카프릴릴실레인, 토코페롤",이니스프리,이니스프리_수퍼 화산송이 모공 마스크 100ml
비타C 엔자임 잡티 토닝 크림 리필 50ml,https://www.amoremall.com/kr/ko/product/detail?onlineProdSn=66075,23000.0,50ml,50.0,ml,"""정제수, 부틸렌글라이콜, 프로판다이올, 글리세린, 나이아신아마이드(40,000 ppm), 아이소펜틸다이올, 1,2-헥산다이올, 하이드로제네이티드폴리(C6-14올레핀), 카프릴릭/카프릭트라이글리세라이드, 아이소노닐아이소노나노에이트, 스쿠알란, 암모늄아크릴로일다이메틸타우레이트/브이피코폴리머, 아크릴레이트/C10-30알킬아크릴레이트크로스폴리머, 알지닌, 트레할로오스, 하이드록시에틸아크릴레이트/소듐아크릴로일다이메틸타우레이트코폴리머, 소듐아크릴릭애씨드/엠에이코폴리머, 덱스트린, 잔탄검, 3-O-에틸아스코빅애씨드(1,000 ppm), 세테아릴올리베이트, 만다린껍질추출물, 캐스터오일/아이피디아이코폴리머, 황련뿌리추출물, 에틸헥실글리세린, 당근추출물, 솔비탄올리베이트, 카놀라오일, 사이클로덱스트린, 소듐파이테이트, 글리세릴아크릴레이트/아크릴릭애씨드코폴리머, 솔비탄아이소스테아레이트, 프로테아제(100 ppm)*, 카프릴릴글라이콜, 피브이엠/엠에이코폴리머, 당근씨오일, 카보머, 아스코빌테트라이소팔미테이트(10.3 ppm), 토코페릴아세테이트, 베타-카로틴, 해바라기씨오일, 아모다이메티콘, 글루코오스, 소듐하이알루로네이트, 판테놀, 아이리쉬모스 추출물, 하이드록시프로필트라이모늄하이알루로네이트, 소듐아스코빌포스페이트(0.1001 ppm), 토코페롤, 마그네슘아스코빌포스페이트(0.1 ppm), 글루타티온, 페룰릭애씨드, 아마씨오일, 하이드롤라이즈드하이알루로닉애씨드, 소듐아세틸레이티드하이알루로네이트, 사이아노코발아민, 글루코노락톤, 하이알루로닉애씨드, 소듐하이알루로네이트크로스폴리머, 하이드롤라이즈드소듐하이알루로네이트, 포타슘하이알루로네이트, 리놀레닉애씨드, 리놀레익애씨드, 아스코빅애씨드(0.001 ppb), 바이오틴, 폴릭애씨드, 리보플라빈, 피리독신, 티아민에이치씨엘""",이니스프리,이니스프리_비타C 엔자임 잡티 토닝 크림 리필 50ml
청보리 마일드 필링젤 120ml,https://www.amoremall.com/kr/ko/product/detail?onlineProdSn=61715,13000.0,120ml,120.0,ml,"정제수, 셀룰로오스, 부틸렌글라이콜, 다이프로필렌글라이콜, 변성알코올, 글리세린, 베타인, 효모/보리씨발효여과물(9,175 ppm), 만난, 마이크로크리스탈린셀룰로오스, 아크릴레이트/C10-30알킬아크릴레이트크로스폴리머, 트로메타민, 피피지-13-데실테트라데세스-24, 알란토인, 나이아신아마이드, 흰버드나무껍질추출물, 글리세릴카프릴레이트, 글루코노락톤, 프로판다이올, 에틸헥실글리세린, 소듐메타포스페이트, 1,2-헥산다이올, 하이알루로닉애씨드, 토코페롤",이니스프리,이니스프리_청보리 마일드 필링젤 120ml
아일넘버 바디로션 씨즈더모먼트 300ml,https://www.amoremall.com/kr/ko/product/detail?onlineProdSn=59211,24000.0,300ml,300.0,ml,"정제수, 부틸렌글라이콜, 글리세린, 1,2-헥산다이올, 스쿠알란, 향료, 펜타에리스리틸테트라에틸헥사노에이트, 세테아릴알코올, 비스-다이글리세릴폴리아실아디페이트-2, 페닐트라이메티콘, 카프릴릴메티콘, 시어버터, 폴리글리세릴-3메틸글루코오스다이스테아레이트, 암모늄아크릴로일다이메틸타우레이트/브이피코폴리머, 글리세릴스테아레이트, 잔탄검, 벤질벤조에이트, 글리세릴카프릴레이트, 프로판다이올, 카보머, 리모넨, 제라니올, 다이소듐이디티에이, 에틸헥실글리세린, 하이드록시프로필스타치포스페이트, 헥실신남알, 리날룰, 시트랄, 시트로넬올, 트로메타민, 돌콩오일, 돌콩스테롤, 헥실라우레이트, 아보카도오일, 트라이에틸시트레이트, 녹차추출물, 토코페롤, 레몬껍질오일, 아스코빌팔미테이트, 하이드로제네이티드팜글리세라이즈시트레이트, 마테잎추출물, 소두구씨오일, 스피어민트잎오일, 갈바눔수지오일, 시트로넬라오일",이니스프리,이니스프리_아일넘버 바디로션 씨즈더모먼트 300ml
마이퍼퓸드바디 코튼플라워 바디로션 330ml,https://www.amoremall.com/kr/ko/product/detail?onlineProdSn=58394,17000.0,330ml,330.0,ml,"정제수, 글리세린, 부틸렌글라이콜, 세틸에틸헥사노에이트, 해바라기씨오일, 스테아릭애씨드, 팔미틱애씨드, 다이메티콘, 시어버터, 글리세릴스테아레이트, 향료(코튼플라워향 1%), 세테아릴알코올, 글리세릴스테아레이트시트레이트, 하이드로제네이티드식물성오일, 피이지-100스테아레이트, 하이드록시에틸아크릴레이트/소듐아크릴로일다이메틸타우레이트코폴리머, 카보머, 알파-아이소메틸아이오논, 트로메타민, 글리세릴카프릴레이트, 쿠마린, 다이소듐이디티에이, 에틸헥실글리세린, 리모넨, 제라니올, 시트로넬올, 리날룰, 솔비탄아이소스테아레이트, 폴리솔베이트60, 미리스틱애씨드, 카카오씨버터, 망고씨버터, 아라키딕애씨드, 라우릭애씨드, 시트랄, 토코페롤, 티비에이치큐",이니스프리,이니스프리_마이퍼퓸드바디 코튼플라워 바디로션 330ml
포레스트 센서티브 올인원 에센스 100ml,https://www.amoremall.com/kr/ko/product/detail?onlineProdSn=57944,29000.0,100ml,100.0,ml,"정제수, 프로판다이올, 스쿠알란, 펜타에리스리틸테트라에틸헥사노에이트, 글리세린, 1,2-헥산다이올, 피씨에이다이메티콘, 카보머, 트로메타민, 아크릴레이트/C10-30알킬아크릴레이트크로스폴리머, 잔탄검, 글리세릴카프릴레이트, 에틸헥실글리세린, 다이소듐이디티에이, 부틸렌글라이콜, 흑효모발효물, 토코페롤, 아시아티코사이드, 마데카식애씨드, 아시아틱애씨드",이니스프리,이니스프리_포레스트 센서티브 올인원 에센스 100ml
톤업 노세범 선스크린 EX SPF50+/PA++++ 60ml,https://www.amoremall.com/kr/ko/product/detail?onlineProdSn=57939,24000.0,60ml,60.0,ml,"정제수, 징크옥사이드, 사이클로헥사실록세인, 프로판다이올, 부틸옥틸살리실레이트, 부틸렌글라이콜다이카프릴레이트/다이카프레이트, 다이실록세인, 메틸메타크릴레이트크로스폴리머, 카프릴릴메티콘, 폴리글리세릴-3폴리다이메틸실록시에틸다이메티콘, 티타늄디옥사이드 (CI 77891), 폴리프로필실세스퀴옥세인, 칼슘알루미늄보로실리케이트, 폴리메틸실세스퀴옥세인, 소듐아크릴레이트크로스폴리머-2, 다이스테아다이모늄헥토라이트, 마그네슘설페이트, 트라이에톡시카프릴릴실레인, 1,2-헥산다이올, 폴리글리세릴-2다이폴리하이드록시스테아레이트, 라우릴폴리글리세릴-3폴리다이메틸실록시에틸다이메티콘, 다이메티콘/비닐다이메티콘크로스폴리머, 부틸렌글라이콜, 향료, 다이카프릴릴카보네이트, 카프릴릴글라이콜, 글리세릴카프릴레이트, 마이카, 황색산화철, 에틸헥실글리세린, 적색산화철, 소듐하이알루로네이트, 칡뿌리추출물, 당느릅나무뿌리추출물, 달맞이꽃추출물, 대왕송잎추출물, 흑색산화철, 토코페롤, 호호바씨오일, 녹차씨오일, 글리세린, 에필로비움 플레이스케리추출물, 시트릭애씨드, 포타슘솔베이트",이니스프리,이니스프리_톤업 노세범 선스크린 EX SPF50+/PA++++ 60ml
노세범 파우더 쿠션 리필 SPF35/PA++ 14g,https://www.amoremall.com/kr/ko/product/detail?onlineProdSn=57044,18000.0,14g,14.0,g,"정제수, 티타늄디옥사이드 (CI 77891), 사이클로펜타실록세인, 부틸렌글라이콜, 메틸트라이메티콘, 펜타에리스리틸테트라에틸헥사노에이트, 피이지-10다이메티콘, 사이클로헥사실록세인, 티타늄디옥사이드, 실리카, 보론나이트라이드, 마이카, 라우릴폴리글리세릴-3폴리다이메틸실록시에틸다이메티콘, 다이메티콘, 트라이메틸실록시실리케이트, 폴리메틸메타크릴레이트, 다이아이소스테아릴말레이트, 비닐다이메티콘/메티콘실세스퀴옥세인크로스폴리머, 황색산화철, 다이스테아다이모늄헥토라이트, 아크릴레이트/에틸헥실아크릴레이트/다이메티콘메타크릴레이트코폴리머, 폴리실리콘-11, 소듐클로라이드, 판테놀, 알루미나, 알루미늄하이드록사이드, 다이메티콘/비닐다이메티콘크로스폴리머, 트라이에톡시카프릴릴실레인, 카프릴릴글라이콜, 적색산화철, 폴리솔베이트80, 에틸헥실글리세린, 글리세릴카프릴레이트, 하이드로제네이티드레시틴, 시메티콘, 다이소듐이디티에이, 흑색산화철, 프로판다이올, 폴리메틸실세스퀴옥세인, 알루미늄전분옥테닐석시네이트, 1,2-헥산다이올, 토코페롤, 메티콘, 녹차추출물",이니스프리,이니스프리_노세범 파우더 쿠션 리필 SPF35/PA++ 14g
그린티 아미노 수분 클렌징폼  250g,https://www.amoremall.com/kr/ko/product/detail?onlineProdSn=63288,19000.0,250g,250.0,g,"정제수, 글리세린, 미리스틱애씨드, 라우릭애씨드, 포타슘하이드록사이드, 스테아릭애씨드, 글리세릴스테아레이트, 글라이콜다이스테아레이트, 팔미틱애씨드, 라우릴하이드록시설테인, 폴리쿼터늄-22, 라우릴글루코사이드, 프로판다이올, 향료, 포타슘코코일글리시네이트, 1,2-헥산다이올, 하이드롤라이즈드옥수수전분, 소나무잎추출물, 다이소듐이디티에이, 부틸렌글라이콜, 알지닌*, 아스파틱애씨드*, 글루타믹애씨드*, 에틸헥실글리세린, 녹차추출물(31ppm), 아크릴레이트/스테아릴메타크릴레이트코폴리머, 흰목이버섯포자낭과추출물, 테트라소듐이디티에이, 하이알루로닉애씨드, 잔탄검, 세라마이드엔피, 창포뿌리추출물",이니스프리,이니스프리_그린티 아미노 수분 클렌징폼  250g
콜라겐 그린티 세라마이드 탄력장벽 크림 리필 50ml,https://www.amoremall.com/kr/ko/product/detail?onlineProdSn=60390,28000.0,50ml,50.0,ml,"정제수, 글리세린, 부틸렌글라이콜, 나이아신아마이드, 스쿠알란, 다이카프릴릴카보네이트, 메틸트라이메티콘, 수크로오스폴리스테아레이트, 펜타에리스리틸테트라에틸헥사노에이트, 1,2-헥산다이올, 글리세릴스테아레이트, 하이드록시에틸우레아, 폴리글리세릴-3다이스테아레이트, 세테아릴알코올, 폴리C10-30알킬아크릴레이트, 하이드로제네이티드폴리아이소부텐, 팔미틱애씨드, 다이페닐다이메티콘, 비스-하이드록시에톡시프로필다이메티콘, 스테아릭애씨드, 하이드록시에틸아크릴레이트/소듐아크릴로일다이메틸타우레이트코폴리머, 잔탄검, 지치뿌리추출물, 하이드롤라이즈드익스텐신(1,005PPM), 호호바씨오일, 아크릴레이트/C10-30알킬아크릴레이트크로스폴리머, 소듐메타포스페이트, 글리세릴카프릴레이트, 폴리글리세릴-10라우레이트, 트로메타민, 해바라기씨오일, 글리세릴스테아레이트시트레이트, 에틸헥실글리세린, 아데노신, 카프릴릴글라이콜, 솔비탄아이소스테아레이트, 하이드로제네이티드레시틴, 당근추출물, 세라마이드엔피(100PPM), 토코페롤, 베타-카로틴, 아세틸테트라펩타이드-2, 수용성콜라겐(0.1PPM)",이니스프리,이니스프리_콜라겐 그린티 세라마이드 탄력장벽 크림 리필 50ml
링클 사이언스 스팟 트리트먼트 40ml,https://www.amoremall.com/kr/ko/product/detail?onlineProdSn=60389,37000.0,40ml,40.0,ml,"정제수, 부틸렌글라이콜, 펜타에리스리틸테트라에틸헥사노에이트, 글리세린, 프로판다이올, 스쿠알란, 사이클로펜타실록세인, 글리세릴스테아레이트시트레이트, 세테아릴알코올, 피브이피, 시어버터, 사이클로헥사실록세인, 글리세릴스테아레이트, 하이드로제네이티드식물성오일, 카나우바왁스, 스테아릭애씨드, 팔미틱애씨드, 향료, 폴리아크릴레이트-13, 1,2-헥산다이올, 다이팔미토일하이드록시프롤린, 카프릴릭/카프릭트라이글리세라이드, 세테아릴글루코사이드, 베헤닐알코올, 폴리글리세릴-10펜타스테아레이트, 폴리아이소부텐, 글리세릴카프릴레이트, 에틸헥실글리세린, 올레아놀릭애씨드, 다이소듐이디티에이, 소듐스테아로일락틸레이트, 소듐폴리아크릴레이트, 라벤더오일, 폴리솔베이트20, 리날룰, 솔비탄아이소스테아레이트, 벤질살리실레이트, 하이드로제네이티드레시틴, 미리스틱애씨드, 제라니올, 카프릴릴글라이콜, 라우릭애씨드, 글루코오스, 시트로넬올, 미역추출물, 토코페롤",이니스프리,이니스프리_링클 사이언스 스팟 트리트먼트 40ml
한란로션 170ml,https://www.amoremall.com/kr/ko/product/detail?onlineProdSn=60084,25000.0,170ml,170.0,ml,"정제수, 부틸렌글라이콜, 글리세린, 하이드로제네이티드폴리아이소부텐, 사이클로펜타실록세인, 나이아신아마이드, 사이클로헥사실록세인, 코코넛야자오일, 1,2-헥산다이올, 세테아릴알코올, 글리세릴스테아레이트, 피이지-100스테아레이트, 프로판다이올, 카보머, 트로메타민, 폴리실리콘-11, 향료, 다이소듐이디티에이, 에틸헥실글리세린, 아데노신, 하이알루로닉애씨드, 덱스트린, 카카오추출물, 베타인, 헥실신남알, 리날룰, 글루코오스, 난추출물(10 ppm), 토코페롤",이니스프리,이니스프리_한란로션 170ml
심플라벨 워터프루프 펜슬라이너 0.1g,https://www.amoremall.com/kr/ko/product/detail?onlineProdSn=59215,12000.0,0.1g,0.1,g,"흑색산화철, 트라이메틸실록시실리케이트, 사이클로펜타실록세인, 메틸트라이메티콘, 폴리에틸렌, 합 성왁스, 마이카, 세레신, 폴리프로필실세스퀴옥세인, 아크릴레이트/스테아릴아크릴레이트/다이메티콘메타크릴레이트코폴리머, 칸데릴라왁스, 다이메티콘, 카프릴릴글라이콜, 글리세릴카프릴레이트, 정제수, 부틸렌글라이콜, 1,2-헥산다이올, 화산재, 에틸헥실글리세린, 카올린",이니스프리,이니스프리_심플라벨 워터프루프 펜슬라이너 0.1g
마이퍼퓸드바디 그린텐저린 바디로션 330ml,https://www.amoremall.com/kr/ko/product/detail?onlineProdSn=58393,17000.0,330ml,330.0,ml,"정제수, 글리세린, 부틸렌글라이콜, 세틸에칠헥사노에이트, 해바라기씨오일, 향료(그린탠저린향2%), 스테아릭애씨드, 팔미틱애씨드, 디메치콘, 쉐어버터, 글리세릴스테아레이트, 세테아릴알코올, 글리세릴스테아레이트시트레이트, 하이드로제네이티드식물성오일, 피이지-100스테아레이트, 하이드록시에칠아크릴레이트/소듐아크릴로일디메칠타우레이트코폴리머, 카보머, 리모넨, 트로메타민, 글리세릴카프릴레이트, 리날룰, 디소듐이디티에이, 에칠헥실글리세린, 헥실신남알, 소르비탄이소스테아레이트, 폴리소르베이트60, 미리스틱애씨드, 카카오씨드버터, 망고씨드버터, 아라키딕애씨드, 라우릭애씨드, 토코페롤, 티비에이치큐",이니스프리,이니스프리_마이퍼퓸드바디 그린텐저린 바디로션 330ml
포레스트 안티에이징 올인원 에센스 100ml,https://www.amoremall.com/kr/ko/product/detail?onlineProdSn=57945,29000.0,100ml,100.0,ml,"정제수, 글리세린, 프로판다이올, 베타인, 나이아신아마이드, 1,2-헥산다이올, 스쿠알란, 다이메티콘, 메틸트라이메티콘, 메틸글루세스-20, 세테아릴올리베이트, 솔비탄올리베이트, 하이드록시에틸아크릴레이트/소듐아크릴로일다이메틸타우레이트코폴리머, 아크릴레이트/C10-30알킬아크릴레이트크로스폴리머, 글리세릴카프릴레이트, 향료, 폴리아크릴레이트-13, 에틸헥실글리세린, 트로메타민, 다이소듐이디티에이, 아데노신, 리모넨, 폴리아이소부텐, 부틸렌글라이콜, 솔비탄아이소스테아레이트, 리날룰, 폴리솔베이트20, 흑효모발효물, 토코페롤",이니스프리,이니스프리_포레스트 안티에이징 올인원 에센스 100ml
비타C 그린티 엔자임 잡티 토닝 세럼 30ml,https://www.amoremall.com/kr/ko/product/detail?onlineProdSn=57930,38000.0,30ml,30.0,ml,"정제수, 프로판다이올, 1,2-헥산다이올, 글리세린, 3-O- 에틸아스코빅애씨드(20,000 ppm), 부틸렌글라이콜, 락토바실러스발효용해물, 스쿠알란, 해바라기씨오일, 덱스트린, 아크릴레이트/C10-30알킬아크릴레이트크로스폴리머, 카프릴릭/카프릭트라이글리세라이드, 트로메타민, 잔탄검, 글루코노락톤, 만다린껍질추출물, 판테놀, 나이아신아마이드, 알란토인, 당근추출물,하이알루로닉애씨드, 펜틸렌글라이콜, 소듐메타포스페이트, 실리카다이메틸실릴레이트, 사이클로덱스트린, 토코페롤, 에틸헥실글리세린, 마데카소사이드, 하이드로제네이티드폴리(C6-20올레핀), 프로테아제(150 ppm), 아스코빌테트라이소팔미테이트(100 ppm), 글루타티온, 서양톱풀추출물, 에이치디아이/트라이메틸올헥실락톤크로스폴리머, 베타-카로틴, 페룰릭애씨드",이니스프리,이니스프리_비타C 그린티 엔자임 잡티 토닝 세럼 30ml
듀이 트리트먼트 립밤 3.2g,https://www.amoremall.com/kr/ko/product/detail?onlineProdSn=57908,18000.0,3.2g,3.2,g,"하이드로제네이티드폴리아이소부텐, 피토스테릴/이소스테아릴/세틸/스테아릴/베헤닐다이머디리놀리에이트, 폴리아이소부텐, 다이아이소스테아릴말레이트, 옥틸도데실스테아로일스테아레이트, 폴리글리세릴-10데카아이소스테아레이트, 합성왁스, 알루미늄전분옥테닐석시네이트, 올레익/리놀레익/리놀레닉폴리글리세라이즈, 에틸렌/프로필렌/스타이렌코폴리머, 수크로오스테트라스테아레이트트라이아세테이트, 동백나무씨오일, 시어버터, 칸데릴라왁스, C30-50알코올, 칸데릴라왁스에스터, 다이스테아다이모늄헥토라이트, 카카오씨버터, 에틸렌/프로필렌코폴리머, 유칼립투스잎오일, 폴리에틸렌, 카나우바왁스, 리모넨, 부틸렌/에틸렌/스타이렌코폴리머, 글리세린, 펜타에리스리틸테트라-다이-T-부틸하이드록시하이드로신나메이트, 세라마이드엔피, 토코페롤, 피토스핑고신, 하이알루로닉애씨드, 하이드로제네이티드레시틴",이니스프리,이니스프리_듀이 트리트먼트 립밤 3.2g
유브이 액티브 포어리스 선스크린 SPF50+/PA++++ 50ml,https://www.amoremall.com/kr/ko/product/detail?onlineProdSn=57777,28000.0,50ml,50.0,ml,"정제수, 징크옥사이드, 사이클로헥사실록세인, 카프릴릴메티콘, 부틸옥틸살리실레이트, 프로필헵틸카프릴레이트, 부틸렌글라이콜, 트라이메틸실록시실리케이트, 메틸트라이메티콘, 폴리글리세릴-3폴리다이메틸실록시에틸다이메티콘, 소듐포타슘알루미늄실리케이트, 다이메티콘/비닐다이메티콘크로스폴리머, 다이스테아다이모늄헥토라이트, 마그네슘설페이트, 라우릴폴리글리세릴-3폴리다이메틸실록시에틸다이메티콘, 트라이에톡시카프릴릴실레인, 폴리글리세릴-2다이폴리하이드록시스테아레이트, 다이메티콘올, 트라이실록세인, 1,2-헥산다이올, 메틸메타크릴레이트크로스폴리머, 폴리메틸실세스퀴옥세인, 실리카, 티타늄디옥사이드 (CI 77891), 다이카프릴릴카보네이트, 카프릴릴글라이콜, 글리세릴카프릴레이트, 황색산화철, 에틸헥실글리세린, 소듐하이알루로네이트, 적색산화철, 흑색산화철, 토코페롤, 하이드록시스테아릭애씨드, 글리세린, 레드초크베리추출물, 귤껍질추출물, 락토바실러스발효물, 연꽃꽃추출물, 별꽃추출물, 편백잎추출물",이니스프리,이니스프리_유브이 액티브 포어리스 선스크린 SPF50+/PA++++ 50ml
레티놀 시카 앰플 포커싱 패치 1개입 9매,https://www.amoremall.com/kr/ko/product/detail?onlineProdSn=57028,12000.0,1ea/9 patches,1.0,ea,"트레할로오스, 소듐하이알루로네이트, 셀룰로오스검, 글리세린, 폴리글리세릴-10라우레이트, 돌콩오일, 알란토인, 다이포타슘글리시리제이트, 아데노신, 레티놀(500IU/g), 마데카소사이드, 하이알루로닉애씨드, 살리실릭애씨드, 정제수, 아시아티코사이드, 마데카식애씨드, 아시아틱애씨드, 비에이치티, 프로판다이올, 1,2-헥산다이올, 병풀꽃/잎/줄기추출물, 에틸헥실글리세린, 다이소듐이디티에이",이니스프리,이니스프리_레티놀 시카 앰플 포커싱 패치 1개입 9매
알로에 리바이탈라이징 수딩젤 300ml,https://www.amoremall.com/kr/ko/product/detail?onlineProdSn=62114,10000.0,300ml,300.0,ml,"정제수, 부틸렌글라이콜, 아크릴레이트/C10-30알킬아크릴레이트크로스폴리머, 페녹시에탄올, 트로메타민, 알로에베라잎추출물(990ppm), 소듐폴리아크릴레이트, 에틸헥실글리세린, 다이소듐이디티에이, 멘톡시프로판다이올, 마데카소사이드",이니스프리,이니스프리_알로에 리바이탈라이징 수딩젤 300ml
라이트 피팅 컨실러 다크서클 커버 7g,https://www.amoremall.com/kr/ko/product/detail?onlineProdSn=60392,13000.0,7g,7.0,g,"정제수, 티타늄디옥사이드 (CI 77891), 사이클로펜타실록세인, 페닐트라이메티콘, 글리세린, 프로판다이올, 사이클로헥사실록세인, 트라이메틸실록시실리케이트, 실리카, 라우릴피이지-9폴리다이메틸실록시에틸다이메티콘, 다이메티콘, 피이지-10다이메티콘, 황색산화철, 다이스테아다이모늄헥토라이트, 소듐클로라이드, 아크릴레이트/에틸헥실아크릴레이트/다이메티콘메타크릴레이트코폴리머, 적색산화철, 다이메티콘/비닐다이메티콘크로스폴리머, 트라이하이드록시스테아린, 알루미늄하이드록사이드, 1,2-헥산다이올, 다이아이소스테아릴말레이트, 트라이에톡시카프릴릴실레인, 다이페닐다이메티콘/비닐다이페닐다이메티콘/실세스퀴옥세인크로스폴리머, 카프릴릴글라이콜, 흑색산화철, 글리세릴카프릴레이트, 에틸헥실글리세린, 향료, 다이소듐이디티에이, 헥실신남알, 서양유채씨오일, 리날룰, 리모넨, 토코페롤, 녹차추출물",이니스프리,이니스프리_라이트 피팅 컨실러 다크서클 커버 7g
한란인리치드에센스 50ml,https://www.amoremall.com/kr/ko/product/detail?onlineProdSn=60085,33000.0,50ml,50.0,ml,"정제수, 글리세린, 부틸렌글라이콜, 글리세레스-26, 변성알코올, 사이클로펜타실록세인, 베타인, 나이아신아마이드, 사이클로헥사실록세인, 1,2-헥산다이올, 하이드록시에틸아크릴레이트/소듐아 크릴로일다이메틸타우레이트코폴리머, 귀리커넬추출물, 프로판다이올, 피피지-13-데실테트라데세스-24, 다이메티콘올, 트로메타민,잔탄검, 향료, 아크릴레이트/C10-30알킬아크릴레이트크로스폴리머,카보머, 소듐폴리아크릴레이트, 에틸헥실글리세린, 아데노신, 솔비탄아이소스테아레이트, 페녹시에탄올, 다이소듐이디티에이, 하이알루로닉애씨드, 덱스트린, 카카오추출물, 헥실신남알, 리날룰, 글루코오스, 난추출물(10 ppm), 토코페롤",이니스프리,이니스프리_한란인리치드에센스 50ml
아일넘버 바디워시 씨즈더모먼트 300ml,https://www.amoremall.com/kr/ko/product/detail?onlineProdSn=59212,22000.0,300ml,300.0,ml,"정제수, 소듐C14-16올레핀설포네이트, 라우릴하이드록시설테인, 솔비톨, 향료, 소듐클로라이드, 말티톨, 다이프로필렌글라이콜, 카프릴릴글라이콜, 시트릭애씨드, 벤질벤조에이트, 에틸헥실글리세린, 폴리쿼터늄-10, 소듐메타포스페이트, 리모넨, 제라니올, 프로판다이올, 헥실신남알, 리날룰, 시트랄, 시트로넬올, 1,2-헥산다이올, 스쿠알란, 돌콩오일, 돌콩스테롤, 헥실라우레이트, 아보카도오일, 트라이에틸시트레이트, 다이소듐이디티에이, 세테아릴알코올, 녹차추출물, 토코페롤, 레몬껍질오일, 아스코빌팔미테이트, 하이드로제네이티드팜글리세라이즈시트레이트, 마테잎추출물, 소두구씨오일, 스피어민트잎오일, 갈바눔수지오일, 시트로넬라오일",이니스프리,이니스프리_아일넘버 바디워시 씨즈더모먼트 300ml
스키니 꼼꼼카라 3.5g,https://www.amoremall.com/kr/ko/product/detail?onlineProdSn=58914,12000.0,3.5g,3.5,g,"정제수, 아크릴레이트코폴리머, 흑색산화철, 카나우바왁스, 피브이피, 팔미틱애씨드, 스테아릭애씨드, 트로메타민, 부틸렌글라이콜, 1,2-헥산다이올, 펜틸렌글라이콜, 에탄올, 세테아릴알코올, C14-22알코올, 메도우폼씨오일, 다이메티콘, 하이드로제네이티드폴리아이소부텐, 셀룰로오스, 합성비즈왁스, 합성왁스, C12-20알킬글루코사이드, 잔탄검, 하이드록시에틸셀룰로오스, 에틸헥실글리세린, 소듐데하이드로아세테이트, 폴리솔베이트60, 다이소듐포스페이트, 소듐포스페이트, 토코페롤, 돌콩추출물, 녹차수",이니스프리,이니스프리_스키니 꼼꼼카라 3.5g
파워프루프 브러시 라이너 0.6g,https://www.amoremall.com/kr/ko/product/detail?onlineProdSn=58397,12000.0,0.6g,0.6,g,"정제수, 에틸헥실아크릴레이트/메틸메타크릴레이트코폴리머, 부틸렌글라이콜, 카본블랙, 에탄올, 베헤네스-30, 암모늄아크릴레이트/메틸스타이렌/스타이렌코폴리머, 아크릴레이트/옥틸아크릴아마이드코폴리머, 페녹시에탄올, 펜틸렌글라이콜, 카프릴릴글라이콜, 에틸헥실글리세린, 1,2-헥산다이올, 폴리글리세릴-3다이실록세인다이메티콘, 소듐하이드록사이드, 다이소듐이디티에이",이니스프리,이니스프리_파워프루프 브러시 라이너 0.6g
히알루론 수분 선크림 SPF50+/PA++++ 50ml,https://www.amoremall.com/kr/ko/product/detail?onlineProdSn=57940,28000.0,50ml,50.0,ml,"""*히알루론 컴플렉스 10ppm 함유 정제수, 프로판다이올, 다이부틸아디페이트, 폴리메틸실세스퀴옥세인, 디에칠아미노하이드록시벤조일헥실벤조에이트, 다이아이소프로필세바케이트, 에칠헥실트리아존, 메칠렌비스-벤조트리아졸릴테트라메칠부틸페놀, 나이아신아마이드, 코코-카프릴레이트/카프레이트, 디에칠헥실부타미도트리아존, 글리세린, 부틸렌글라이콜, 1,2-헥산다이올, 카프릴릴메티콘, 펜틸렌글라이콜, 베헤닐알코올, 폴리글리세릴-3메틸글루코오스다이스테아레이트, 폴리C10-30알킬아크릴레이트, 데실글루코사이드, 트로메타민, 카보머, 아크릴레이트/C10-30알킬아크릴레이트크로스폴리머, 판테놀, 소듐스테아로일글루타메이트, 폴리아크릴레이트크로스폴리머-6, 에틸헥실글리세린, 아데노신, 라벤더오일, 리날룰, 잔탄검, T-부틸알코올, 마데카소사이드, 알란토인, 캐모마일꽃오일, *하이드롤라이즈드소듐하이알루로네이트, 토코페롤, 알로에베라잎추출물, 프로폴리스추출물, 에칠아스코빌에텔, 약모밀추출물, *소듐하이알루로네이트, *하이드록시프로필트라이모늄하이알루로네이트, *하이드롤라이즈드하이알루로닉애씨드, *소듐아세틸레이티드하이알루로네이트, *하이알루로닉애씨드, *소듐하이알루로네이트크로스폴리머, *포타슘하이알루로네이트""",이니스프리,이니스프리_히알루론 수분 선크림 SPF50+/PA++++ 50ml
애플씨드 클렌징 오일 150ml,https://www.amoremall.com/kr/ko/product/detail?onlineProdSn=57936,21000.0,150ml,150.0,ml,"세틸에틸헥사노에이트, 아이소프로필팔미테이트, 트라이에틸헥사노인, 카프릴릭/카프릭트라이글리세라이드, 폴리글리세릴-6다이카프레이트, 코코넛야자오일, 폴리글리세릴-10다이아이소스테아레이트, 다이아이소스테아릴말레이트, 폴리글리세릴-6카프릴레이트, 향료, 정제수, 코코-카프릴레이트/카프레이트, 사과씨오일(40ppm), 사과추출물(20ppm), 부틸렌글라이콜, 1,2-헥산다이올",이니스프리,이니스프리_애플씨드 클렌징 오일 150ml
레티놀 시카 흔적 앰플 30ml,https://www.amoremall.com/kr/ko/product/detail?onlineProdSn=57027,40000.0,30ml,30.0,ml,"정제수, 글리세린, 부틸렌글라이콜, 나이아신아마이드, 다이부틸아디페이트, 카프릴릭/카프릭트라이글리세라이드, 1,2-헥산다이올, 하이드로제네이티드레시틴, 암모늄아크릴로일다이메틸타우레이트/브이피코폴리머, 해바라기씨오일, 콜레스테롤, 알란토인, 돌콩오일, 토코페롤, 토코페릴아세테이트, 소듐메틸스테아로일타우레이트, 프로판다이올, 당근추출물, 에틸헥실글리세린, 아데노신, 아시아티코사이드, 마데카식애씨드, 녹차씨추출물, 아시아틱애씨드, 레티놀(500IU/g), 스테아릴글리시레티네이트, 하이알루로닉애씨드, 만니톨, 세라마이드엔피, 베타-글루칸, 베타-카로틴, 피토스핑고신, 비에이치티, 살리실릭애씨드, 아세틸테트라펩타이드-11",이니스프리,이니스프리_레티놀 시카 흔적 앰플 30ml
블랙티 유스 인핸싱 앰플 30ml,https://www.amoremall.com/kr/ko/product/detail?onlineProdSn=57022,40000.0,30ml,30.0,ml,"정제수, 부틸렌글라이콜, 글리세린, 다이프로필렌글라이콜, 나이아신아마이드, 1,2-헥산다이올, 스쿠알란, 글리세릴폴리메타크릴레이트, 세테아릴알코올, 암모늄아크릴로일다이메틸타우레이트/브이피코폴리머, 글리세릴스테아레이트, 잔탄검, 알란토인, 하이드로제네이티드레시틴, 에틸헥실글리세린, 스테아릭애씨드, 폴리글리세릴-3메틸글루코오스다이스테아레이트, 아데노신, 팔미틱애씨드, 향료, 다이소듐이디티에이, 소듐하이알루로네이트, 리모넨, 홍차추출물(100 ppm), 덱스트린, 카카오추출물, 리날룰, 시트로넬올, 미리스틱애씨드, 펜틸렌글라이콜, 라우릭애씨드, 토코페롤, 아크릴레이트/스테아릴메타크릴레이트코폴리머, 흰목이버섯포자낭과추출물, 하이알루로닉애씨드, 서양톱풀추출물, 세라마이드엔피",이니스프리,이니스프리_블랙티 유스 인핸싱 앰플 30ml
블랙티 유스 인핸싱 트리트먼트 에센스 145ml,https://www.amoremall.com/kr/ko/product/detail?onlineProdSn=57017,45000.0,145ml,145.0,ml,"*BLACK TEA PEPTIDE ACTIVATORTM / 정제수, 프로판다이올, 글리세린, 나이아신아마 이드, 1,2-헥산다이올, 홍차추출물(4,762 ppm)*, 에틸헥실글리세린, 아데노신, 덱스트린, 엑토인, 하이알루로닉애씨드, 에칠아스코빌에텔, 글루타티온, 만니톨, 맥주효모추출물, 부틸렌글라이콜, 병풀꽃/잎/줄기추출물, 콩폴리펩타이드*, 알지닌/라이신폴리펩타이드*, 카퍼트라이펩타이드-1*, 다이소듐이디티에이, 아세틸테트라펩타이드-11*, 카프릴릴글라이콜, 아세틸헵타펩타이드-4*, 소르빅애씨드, 헥사펩타이드-9*, 아세틸헥사펩타이드-8*, 소듐하이드록사이드, 아세틸옥타펩타이드-3*",이니스프리,이니스프리_블랙티 유스 인핸싱 트리트먼트 에센스 145ml
블랙티 유스 인핸싱 트리트먼트 에센스 75ml,https://www.amoremall.com/kr/ko/product/detail?onlineProdSn=57014,29000.0,75ml,75.0,ml,"*BLACK TEA PEPTIDE ACTIVATORTM / 정제수, 프로판다이올, 글리세린, 나이아신아마 이드, 1,2-헥산다이올, 홍차추출물(4,762 ppm)*, 에틸헥실글리세린, 아데노신, 덱스트린, 엑토인, 하이알루로닉애씨드, 에칠아스코빌에텔, 글루타티온, 만니톨, 맥주효모추출물, 부틸렌글라이콜, 병풀꽃/잎/줄기추출물, 콩폴리펩타이드*, 알지닌/라이신폴리펩타이드*, 카퍼트라이펩타이드-1*, 다이소듐이디티에이, 아세틸테트라펩타이드-11*, 카프릴릴글라이콜, 아세틸헵타펩타이드-4*, 소르빅애씨드, 헥사펩타이드-9*, 아세틸헥사펩타이드-8*, 소듐하이드록사이드, 아세틸옥타펩타이드-3*",이니스프리,이니스프리_블랙티 유스 인핸싱 트리트먼트 에센스 75ml
노세범 선쿠션 이엑스 SPF50+/PA++++ 14g,https://www.amoremall.com/kr/ko/product/detail?onlineProdSn=61694,24000.0,14g,14.0,g,"정제수, 징크옥사이드, 카프릴릴메티콘, 메틸트라이메티콘, 부틸옥틸살리실레이트, 프로판다이올, 폴리글리세릴-4다이아이소스테아레이트/폴리하이드록시스테아레이트/세바케이트, 보론나이트라이드, 부틸렌글라이콜다이카프릴레이트/다이카프레이트, 칼슘알루미늄보로실리케이트, 네오펜틸글라이콜다이헵타노에이트, 나이아신아마이드, 티타늄디옥사이드 (CI 77891), 글리세린, 다이아이소스테아릴말레이트, 트라이에톡시카프릴릴실레인, 마그네슘설페이트, 다이스테아다이모늄헥토라이트, 폴리글리세릴-6폴리리시놀리에이트, 라우릴폴리글리세릴-3폴리다이메틸실록시에틸다이메티콘, 1,2-헥산다이올, 솔비탄카프릴레이트, 옥틸도데칸올, 폴리하이드록시스테아릭애씨드, 메틸프로판다이올, 카프릴릴글라이콜, 글리세릴카프릴레이트, 알루미늄하이드록사이드, 네오펜틸글라이콜다이에틸헥사노에이트, 향료, 에틸헥실글리세린, 아데노신, 귀리커넬추출물, 에키움 플란타기네움씨오일, 아티초크잎추출물, 폴리쿼터늄-51, 녹차수, 베타-글루칸, 하이드로제네이티드레시틴, 해바라기씨오일불검화물, 풍선덩굴꽃/잎/덩굴추출물, 토코페롤, 판테놀, 알란토인, 칼라민, 알로에베라잎추출물, 참마뿌리추출물, 제비꽃꽃추출물, 다시마추출물, 당느릅나무뿌리추출물",이니스프리,이니스프리_노세범 선쿠션 이엑스 SPF50+/PA++++ 14g
하우스 스펀지 6p,https://www.amoremall.com/kr/ko/product/detail?onlineProdSn=60072,4000.0,6p,6.0,p,상세 참조,이니스프리,이니스프리_하우스 스펀지 6p
콜라겐 그린티 세라마이드 탄력 장벽 크림 50ml,https://www.amoremall.com/kr/ko/product/detail?onlineProdSn=60005,39000.0,50ml,50.0,ml,"정제수, 글리세린, 부틸렌글라이콜, 나이아신아마이드, 스쿠알란, 다이카프릴릴카보네이트, 메틸트라이메티콘, 수크로오스폴리스테아레이트, 펜타에리스리틸테트라에틸헥사노에이트, 1,2-헥산다이올, 글리세릴스테아레이트, 하이드록시에틸우레아, 폴리글리세릴-3다이스테아레이트, 세테아릴알코올, 폴리C10-30알킬아크릴레이트, 하이드로제네이티드폴리아이소부텐, 팔미틱애씨드, 다이페닐다이메티콘, 비스-하이드록시에톡시프로필다이메티콘, 스테아릭애씨드, 하이드록시에틸아크릴레이트/소듐아크릴로일다이메틸타우레이트코폴리머, 잔탄검, 지치뿌리추출물, 하이드롤라이즈드익스텐신(1,005PPM), 호호바씨오일, 아크릴레이트/C10-30알킬아크릴레이트크로스폴리머, 소듐메타포스페이트, 글리세릴카프릴레이트, 폴리글리세릴-10라우레이트, 트로메타민, 해바라기씨오일, 글리세릴스테아레이트시트레이트, 에틸헥실글리세린, 아데노신, 카프릴릴글라이콜, 솔비탄아이소스테아레이트, 하이드로제네이티드레시틴, 당근추출물, 세라마이드엔피(100PPM), 토코페롤, 베타-카로틴, 아세틸테트라펩타이드-2, 수용성콜라겐(0.1PPM)",이니스프리,이니스프리_콜라겐 그린티 세라마이드 탄력 장벽 크림 50ml
포어 블러 파우더 11g,https://www.amoremall.com/kr/ko/product/detail?onlineProdSn=59924,18000.0,11g,11.0,g,"실리카, 폴리메틸실세스퀴옥세인, 에틸헥실글리세린, 글리세릴카프릴레이트, 토코페롤",이니스프리,이니스프리_포어 블러 파우더 11g
에어리매트 틴트 3.8g,https://www.amoremall.com/kr/ko/product/detail?onlineProdSn=59572,17000.0,3.8g,3.8,g,상세참조,이니스프리,이니스프리_에어리매트 틴트 3.8g
라이트 피팅 파운데이션 SPF20/PA++ 30ml,https://www.amoremall.com/kr/ko/product/detail?onlineProdSn=58915,29000.0,30ml,30.0,ml,"정제수, 티타늄디옥사이드 (CI 77891), 다이부틸아디페이트, 카프릴릴메티콘, 페닐트라이메티콘, 메틸트라이메티콘, 부틸옥틸살리실레이트, 폴리하이드록시스테아릭애씨드, 트라이메틸실록시실리케이트, 라우릴폴리글리세릴-3폴리다이메틸실록시에틸다이메티콘, 글리세린, 티타늄디옥사이드, 에이치디아이/트라이메틸올헥실락톤크로스폴리머, 1,2-헥산다이올, 실리카, 자일리톨, 다이스테아다이모늄헥토라이트, 아이소도데케인, 황색산화철, 소듐클로라이드, 알루미늄하이드록사이드, 트라이에톡시카프릴릴실레인, 적색산화철, 향료, 알루미나, 카프릴릴글라이콜, 소듐메타포스페이트, 글리세릴카프릴레이트, 에틸헥실글리세린, 토코페릴리놀리에이트, 흑색산화철, 메티콘, 시메티콘, 아르간커넬오일, 올리브오일, 호호바씨오일, 비스머스옥시클로라이드, 에틸헥실하이드록시스테아레이트, 토코페롤",이니스프리,이니스프리_라이트 피팅 파운데이션 SPF20/PA++ 30ml
스키니 꼼꼼카라 Zero 3.5g,https://www.amoremall.com/kr/ko/product/detail?onlineProdSn=58910,13000.0,3.5g,3.5,g,"아이소도데케인, 사이클로펜타실록세인, 트라이메틸실록시실리케이트, 마이크로크리스탈린왁스, 브이피/에이코신코폴리머, 하이드로제네이티드폴리아이소부텐, 실리카다이메틸실릴레이트, 다이스테아다이모늄헥토라이트, 실리카, 트라이하이드록시스테아린, 흑색산화철, 폴리프로필실세스퀴옥세인, 프로필렌카보네이트, 스테아로일이눌린, 글리세릴카프릴레이트, 트라이에톡시카프릴릴실레인, 정제수, 부틸렌글라이콜, 돌콩추출물, 1,2-헥산다이올, 녹차수",이니스프리,이니스프리_스키니 꼼꼼카라 Zero 3.5g
인텐시브 롱래스팅 선스크린 EX SPF50+/PA++++ 60ml,https://www.amoremall.com/kr/ko/product/detail?onlineProdSn=57934,24000.0,60ml,60.0,ml,"정제수, 징크옥사이드, 프로필헵틸카프릴레이트, 다이부틸아디페이트, 부틸렌글라이콜, 다이실록세인, 사이클로헥사실록세인, 폴리글리세릴-5폴리리시놀리에이트, 폴리메틸실세스퀴옥세인, 글리세린, 비스-에칠헥실옥시페놀메톡시페닐트리아진, 카프릴릴메티콘, 다이카프릴릴에터, 디에칠아미노하이드록시벤조일헥실벤조에이트, 에칠헥실트리아존, 티타늄디옥사이드, 다이스테아다이모늄헥토라이트, 마그네슘설페이트, 칼슘알루미늄보로실리케이트, 트라이에톡시카프릴릴실레인, 1,2-헥산다이올, 폴리글리세릴-3폴리다이메틸실록시에틸다이메티콘, 향료, 비닐다이메티콘/메티콘실세스퀴옥세인크로스폴리머, 카프릴릴글라이콜, 글리세릴카프릴레이트, 에틸헥실글리세린, 토코페롤, 바이오사카라이드검-1, 쌀겨오일, 베타-글루칸",이니스프리,이니스프리_인텐시브 롱래스팅 선스크린 EX SPF50+/PA++++ 60ml
비자 트러블 로션 100ml,https://www.amoremall.com/kr/ko/product/detail?onlineProdSn=57564,16000.0,100ml,100.0,ml,"정제수, 부틸렌글라이콜, 카프릴릭/카프릭트라이글리세라이드, 메틸트라이메티콘, 세테아릴알코올, 글리세릴스테아레이트시트레이트, 나이아신아마이드, 1,2-헥산다이올, 폴리글리세릴-10스테아레이트, 실리카, 하이드로제네이티드코코-글리세라이즈, 비자나무씨오일(5,000ppm), 흰버드나무껍질추출물, 하이드록시에틸아크릴레이트/소듐아크릴로일다이메틸타우레이트코폴리머, 글리세릴카프릴 레이트, 피마자씨오일, 에틸헥실글리세린, 다이소듐이디티에이, 솔비탄아이소스테아레이트, 리모넨, 두송열매오일, 구주소나무잎오일, 연필향나무오일, 살리실릭애씨드, 라벤더오일, 라임전초오일, 리날룰, 레몬껍질오일, 불가리스쑥오일, 광곽향오일, 솔잣나무잎/너트/줄기오일, 토코페롤""",이니스프리,이니스프리_비자 트러블 로션 100ml
블랙티 유스 인핸싱 스킨 170ml,https://www.amoremall.com/kr/ko/product/detail?onlineProdSn=57023,25000.0,170ml,170.0,ml,"정제수, 부틸렌글라이콜, 프로판다이올, 나이아신아마이드, 1,2-헥산다이올, 다이메티콘, 피피지-13-데실테트라데세스-24, 에탄올, 암모늄아크릴로일다이메틸타우레이트/브이피코폴리머, 글리세릴카프릴레이트, 아크릴레이트/C10-30알킬아크릴레이트크로스폴리머, 하이드로제네이티드레시틴, 에틸헥실글리세린, 아데노신, 트로메타민, 향료, 다이소듐이디티에이, 판테놀, 하이알루로닉애씨드, 홍차추출물(100 ppm), 리모넨, 덱스트린, 카카오추출물, 소듐메틸스테아로일타우레이트, 리날룰, 토코페롤",이니스프리,이니스프리_블랙티 유스 인핸싱 스킨 170ml
그린티 스킨 포맨 150ml,https://www.amoremall.com/kr/ko/product/detail?onlineProdSn=66014,22000.0,150ml,150.0,ml,"정제수, 변성알코올, 프로판다이올, 글리세린, 1,2-헥산다이올, 피피지-13-데실테트라데세스-24, 트라이에틸시트레이트, 리모넨, 에틸헥실글리세린, 소듐메타포스페이트, 레몬껍질오일, 마테잎추출물, 베타-글루칸, 시트랄, 녹차추출물, 소두구씨오일, 스피어민트잎오일, 시트로넬라오일, 갈바눔수지오일, 토코페롤",이니스프리,이니스프리_그린티 스킨 포맨 150ml
한란스킨 170ml,https://www.amoremall.com/kr/ko/product/detail?onlineProdSn=60083,23000.0,170ml,170.0,ml,"정제수, 부틸렌글라이콜, 글리세린, 변성알코올, 글리세레스-26, 나이아신아마이드, 1,2-헥산다이올, 글리세릴폴리메타크릴레이트, 다이메티콘, 피피지-13-데실테트라데세스-24, 프로판다이올, 에탄올, 암모늄아크릴로일다이메틸타우레이트/브이피코폴리머, 아크릴레이트/C10-30알킬아크릴레이트크로스폴리머, 하이드로제네이티드레시틴, 에틸헥실글리세린, 향료, 아데노신, 포타슘하이드록사이드, 다이소듐이디티에이, 하이알루로닉애씨드, 소듐메틸스테아로일타우레이트, 베타인, 헥실신남알, 글루코오스, 난추출물(10 ppm), 토코페롤",이니스프리,이니스프리_한란스킨 170ml
마이퍼퓸드바디 코튼플라워바디클렌저 330ml,https://www.amoremall.com/kr/ko/product/detail?onlineProdSn=58918,15000.0,330ml,330.0,ml,"정제수, 코카미도프로필베타인, 솔비톨, 소듐메틸코코일타우레이트, 소듐클로라이드, 향료(코튼플라워향 2.0%), 코카마이드엠이에이, 라우릴글루코사이드, 소듐벤조에이트, 알파-아이소메틸아이오논, 카프릴릴글라이콜, 시트릭애씨드, 쿠마린, 리모넨, 제라니올, 시트로넬올, 다이소듐이디티에이, 에틸헥실글리세린, 리날룰, 테트라소듐이디티에이, 토코페롤""",이니스프리,이니스프리_마이퍼퓸드바디 코튼플라워바디클렌저 330ml
퍼펙트 9 인텐시브 세럼 50ml,https://www.amoremall.com/kr/ko/product/detail?onlineProdSn=57571,61000.0,50ml,50.0,ml,"정제수, 다이메티콘, 사이클로펜타실록세인, 부틸렌글라이콜, 폴리실리콘-11, 글리세린, 글리세레스-26, 나이아신아마이드, 스쿠알란, 1,2-헥산다이올, 폴리솔베이트20, 판테틴, 토코페릴아세테이트, 암모늄아크릴로일다이메틸타우레이트/브이피코폴리머, 폴리아크릴레이트-13, 폴리아이소부텐, 향료, 잔탄검, 다이소듐이디티에이, 프로판다이올, 에틸헥실글리세린, 아데노신, 솔비탄아이소스테아레이트, 리모넨, 덱스트린, 카카오추출물, 불가리스쑥추출물, 약모밀추출물, 라즈베리추출물, 꿀풀잎추출물, 인동덩굴꽃추출물, 초피나무열매추출물, 서양민들레뿌리줄기/뿌리추출물, 영지버섯추출물, 베타-글루칸, 리날룰, 토코페롤, 꽃송이버섯추출물",이니스프리,이니스프리_퍼펙트 9 인텐시브 세럼 50ml
퍼펙트 9 인텐시브 스킨 200ml,https://www.amoremall.com/kr/ko/product/detail?onlineProdSn=57569,36000.0,200ml,200.0,ml,"정제수, 부틸렌글라이콜, 변성알코올, 다이메티콘, 베타인, 나이아신아마이드, 사이클로펜타실록세인, 1,2-헥산다이올, 하이드로제네이티드폴리(C6-14올레핀), 사이클로헥사실록세인, 글리세릴폴리메타크릴레이트, 피이지-60하이드로제네이티드캐스터오일, 하이드록시에틸아크릴레이트/소듐아크릴로일다이메틸타우레이트코폴리머, 글리세린, 향료, 프로판다이올, 카보머, 트로메타민, 다이메티콘올, 에틸헥실글리세린, 아데노신, 리모넨, 다이소듐이디티에이, 솔비탄아이소스테아레이트, 폴리솔베이트60, 덱스트린, 카카오추출물, 불가리스쑥추출물, 약모밀추출물, 라즈베리추출물, 꿀풀잎추출물, 인동덩굴꽃추출물, 폴리글루타믹애씨드, 초피나무열매추출물, 서양민들레뿌리줄기/뿌리추출물, 영지버섯추출물, 베타-글루칸, 리날룰, 페녹시에탄올, 시트로넬올, 토코페롤, 꽃송이버섯추출물",이니스프리,이니스프리_퍼펙트 9 인텐시브 스킨 200ml
비자 시카 밤 EX 40ml,https://www.amoremall.com/kr/ko/product/detail?onlineProdSn=57565,26000.0,40ml,40.0,ml,"정제수, 프로판다이올, 글리세린, 사이클로펜타실록세인, 스쿠알란, 사이클로헥사실록세인, 세테아릴알코올, 판테놀, 1,2-헥산다이올, C12-16알코올, 폴리솔베이트60, 다이아이소스테아릴말레이트, 하이드록시에틸아크릴레이트/소듐아크릴로일다이메틸타우레이트코폴리머, 팔미틱애씨드, 아크릴레이트/C10-30알킬아크릴레이트크로스폴리머, 하이드로제네이티드레시틴, 트로메타민, 세테아릴글루코사이드, 비자나무씨오일(1,000ppm), 다이소듐이디티에이, 솔비탄아이소스테아레이트, 마데카소사이드, 아시아티코사이드, 마데카식애씨드, 아시아틱애씨드, 글루코오스",이니스프리,이니스프리_비자 시카 밤 EX 40ml
비자 트러블 토너 170ml,https://www.amoremall.com/kr/ko/product/detail?onlineProdSn=57563,19000.0,170ml,170.0,ml,"정제수, 변성알코올, 부틸렌글라이콜, 글리세린, 베타인, 메틸글루세스-20, 1,2-헥산다이올, 피피지-13-데실테트라데세스-24, 흰버드나무껍질추출물, 옥틸도데세스-16, 다이소듐이디티에이, 비자나무씨오일(500ppm), 에틸헥실글리세린, 피마자씨오일, 살리실릭애씨드, 리모넨, 두송열매오일, 구주소나무잎오일, 연필향나무오일, 라벤더오일, 라임전초오일, 리날룰, 레몬껍질오일, 불가리스쑥오일, 광곽향오일, 솔잣나무잎/너트/줄기오일, 토코페롤",이니스프리,이니스프리_비자 트러블 토너 170ml
레티놀 시카 앰플 듀오 SET,https://www.amoremall.com/kr/ko/product/detail?onlineProdSn=66269,114000.0,50ml+50ml,50.0,ml,"정제수, 글리세린, 부틸렌글라이콜, 나이아신아마이드, 다이부틸아디페이트, 카프릴릭/카프릭트라이글리세라이드, 1,2-헥산다이올, 하이드로제네이티드레시틴, 암모늄아크릴로일다이메틸타우레이트/브이피코폴리머, 해바라기씨오일, 콜레스테롤, 알란토인, 돌콩오일, 토코페롤, 토코페릴아세테이트, 소듐메틸스테아로일타우레이트, 프로판다이올, 당근추출물, 에틸헥실글리세린, 아데노신, 아시아티코사이드, 마데카식애씨드, 녹차씨추출물, 아시아틱애씨드, 레티놀(500IU/g), 스테아릴글리시레티네이트, 하이알루로닉애씨드, 만니톨, 세라마이드엔피, 베타-글루칸, 베타-카로틴, 피토스핑고신, 비에이치티, 살리실릭애씨드, 아세틸테트라펩타이드-11",이니스프리,이니스프리_레티놀 시카 앰플 듀오 SET
히알루론 수분 선크림 SPF50+/PA++++ 50ml,https://www.amoremall.com/kr/ko/product/detail?onlineProdSn=66235,28000.0,50ml,50.0,ml,"*히알루론 컴플렉스 10ppm 함유 정제수, 프로판다이올, 다이부틸아디페이트, 폴리메틸실세스퀴옥세인, 디에칠아미노하이드록시벤조일헥실벤조에이트, 다이아이소프로필세바케이트, 에칠헥실트리아존, 메칠렌비스-벤조트리아졸릴테트라메칠부틸페놀, 나이아신아마이드, 코코-카프릴레이트/카프레이트, 디에칠헥실부타미도트리아존, 글리세린, 부틸렌글라이콜, 1,2-헥산다이올, 카프릴릴메티콘, 펜틸렌글라이콜, 베헤닐알코올, 폴리글리세릴-3메틸글루코오스다이스테아레이트, 폴리C10-30알킬아크릴레이트, 데실글루코사이드, 트로메타민, 카보머, 아크릴레이트/C10-30알킬아크릴레이트크로스폴리머, 판테놀, 소듐스테아로일글루타메이트, 폴리아크릴레이트크로스폴리머-6, 에틸헥실글리세린, 아데노신, 라벤더오일, 리날룰, 잔탄검, T-부틸알코올, 마데카소사이드, 알란토인, 캐모마일꽃오일, *하이드롤라이즈드소듐하이알루로네이트, 토코페롤, 알로에베라잎추출물, 프로폴리스추출물, 에칠아스코빌에텔, 약모밀추출물, *소듐하이알루로네이트, *하이드록시프로필트라이모늄하이알루로네이트, *하이드롤라이즈드하이알루로닉애씨드, *소듐아세틸레이티드하이알루로네이트, *하이알루로닉애씨드, *소듐하이알루로네이트크로스폴리머, *포타슘하이알루로네이트",이니스프리,이니스프리_히알루론 수분 선크림 SPF50+/PA++++ 50ml
그린티 로션 포맨 150ml,https://www.amoremall.com/kr/ko/product/detail?onlineProdSn=66016,22000.0,150ml,150.0,ml,"정제수, 프로판다이올, 하이드로제네이티드폴리(C6-14올레핀), 변성알코올, 세틸에틸헥사노에이트, 1,2-헥산다이올, 데실코코에이트, 폴리글리세릴-3메틸글루코오스다이스테아레이트, 다이메티콘, 세테아릴알코올, 메틸트라이메티콘, 페닐트라이메티콘, 카프릴릴메티콘, 카보머, 글리세린, 글리세릴스테아레이트, 하이드로제네이티드식물성오일, 폴리글리세릴-3다이스테아레이트, 트로메타민, 트라이에틸시트레이트, 스테아릭애씨드, 소듐메타포스페이트, 다이메티콘/비닐다이메티콘크로스폴리머, 리모넨, 팔미틱애씨드, 에틸헥실글리세린, 다이메티콘올, 레몬껍질오일, 글리세릴스테아레이트시트레이트, 마테잎추출물, 베타-글루칸, 시트랄, 녹차추출물, 소두구씨오일, 스피어민트잎오일, 리날룰, 레시틴, 시트로넬라오일, 토코페롤, 갈바눔수지오일",이니스프리,이니스프리_그린티 로션 포맨 150ml
왕벚꽃 글로우 톤업 크림 50ml,https://www.amoremall.com/kr/ko/product/detail?onlineProdSn=63928,22000.0,50ml,50.0,ml,"""정제수, 다이메티콘, 프로판다이올, 글리세린, 다이카프릴릴카보네이트, 티타늄디옥사이드 (CI 77891), 폴리솔베이트80, 나이아신아마이드, 1,2-헥산다이올, 베타인, 다이아이소스테아릴말레이트, 트라이실록세인, 암모늄아크릴로일다이메틸타우레이트/브이피코폴리머, 향료, 하이드록시에틸아크릴레이트/소듐아크릴로일다이메틸타우레이트코폴리머, 폴리아크릴레이트-13, 다이메티콘/비닐다이메티콘크로스폴리머, 합성플루오르플로고파이트, 하이드로제네이티드폴리아이소부텐, 글리세릴카프릴레이트, 알루미늄하이드록사이드, 에틸헥실글리세린, 트라이에톡시카프릴릴실레인, 솔비탄아이소스테아레이트, 폴리글리세릴-10라우레이트, 에틸헥실팔미테 이트, 폴리솔베이트60, 소듐메타포스페이트, 왕벚나무잎추출물(120 ppm), 적색산화철, 틴옥사이드, 제라니올, 리모넨, 토코페롤, 실리카""",이니스프리,이니스프리_왕벚꽃 글로우 톤업 크림 50ml
스키니 브로우카라 4g,https://www.amoremall.com/kr/ko/product/detail?onlineProdSn=63828,8000.0,4g,4.0,g,"아이소도데케인, 정제수, 마그네슘포타슘플루오로실리케이트, 트라이메틸실록시실리케이트, 아이소부틸메타크릴레이트/비스-하이드록시프로필다이메티콘아크릴레이트코폴리머, 카나우바왁스, 브이피/에이코신코폴리머, 폴리프로필실세스퀴옥세인, 합성왁스, 글리세릴베헤네이트/에이코사디오에이트, 황색산화철, 다이스테아다이모늄헥토라이트, 흑색산화철, 라우릴폴리글리세릴-3폴리다이메틸실록시에틸다이메티콘, 폴리글리세릴-6폴리리시놀리에이트, 적색산화철, 폴리하이드록시스테아릭애씨드, 펜틸렌글라이콜, 티타늄디옥사이드 (CI 77891), 1,2-헥산다이올, 폴리글리세릴-2아이소스테아레이트, 프로필렌카보네이트, 트라이에톡시카프릴릴실레인, 카프릴릴글라이콜, 알루미늄하이드록사이드, 토코페롤",이니스프리,이니스프리_스키니 브로우카라 4g
화산송이 모공 바하 클렌징 오일 150ml,https://www.amoremall.com/kr/ko/product/detail?onlineProdSn=61724,28000.0,150ml,150.0,ml,"세틸에틸헥사노에이트, 아이소프로필팔미테이트, 솔베스-30테트라올리에이트, 카프릴릭/카프릭트라이글리세라이드, 데실코코에이트, 올리브오일, 다이카프릴릴카보네이트, C9-12알케인, 다이아이소스테아릴말레이트, 향료, 코코-카프릴레이트/카프레이트, 살리실릭애씨드(4000ppm), 화산재(1154ppm), 실리카, 락틱애씨드/글라이콜릭애씨드코폴리머, 알파-아이소메틸아이오논, 리날룰, 시트로넬올, 호호바씨오일, 정제수, 빌베리열매추출물, 폴리쿼터늄-10, 토코페롤, 사탕수수추출물, 징크피씨에이, 오렌지추출물, 레몬추출물, 설탕단풍추출물, 마데카소사이드",이니스프리,이니스프리_화산송이 모공 바하 클렌징 오일 150ml
인텐시브 레져 선스틱 SPF50+/PA++++ 18g,https://www.amoremall.com/kr/ko/product/detail?onlineProdSn=61206,24000.0,18g,18.0,g,"다이부틸아디페이트, 비닐다이메티콘/메티콘실세스퀴옥세인크로스폴리머, 폴리에틸렌, 아이소프로필팔미테이트, 에틸헥실팔미테이트, 프로필헵틸카프릴레이트, 실리카, 합성플루오르플로고파이트, 디에칠아미노하이드록시벤조일헥실벤조에이트, 토코페릴아세테이트, 에칠헥실트리아존, 오조케라이트, 폴리실리콘-15, 비닐다이메티콘, 비스-에칠헥실옥시페놀메톡시페닐트리아진, 알파-비사보롤, 향료, 폴리글리세릴-4다이아이소스테아레이트/폴리하이드록시스테아레이트/세바케이트, 폴리우레탄-11, 트라이에톡시카프릴릴실레인, 데하이드로아세틱애씨드, 토코페롤",이니스프리,이니스프리_인텐시브 레져 선스틱 SPF50+/PA++++ 18g
올리브 비타민 E 리얼 클렌징폼 150g,https://www.amoremall.com/kr/ko/product/detail?onlineProdSn=60393,14000.0,150g,150.0,g,"정제수, 글리세린, 미리스틱애씨드, 라우릭애씨드, 포타슘하이드록사이드, 스테아릭애씨드, 글리세릴스테아레이트, 팔미틱애씨드, 글라이콜다이스테아레이트, 라우릴하이드록시설테인, 폴리쿼터늄-22, 리모넨, 소듐클로라이드, 소듐메타포스페이트, 레몬껍질오일, 오렌지껍질오일, 시트랄, 토코페롤(100 ppm), 토코페릴아세테이트(100 ppm), 올리브오일(100 ppm)",이니스프리,이니스프리_올리브 비타민 E 리얼 클렌징폼 150g
실키 파우더 블러쉬 6.2g,https://www.amoremall.com/kr/ko/product/detail?onlineProdSn=60075,15000.0,6.2g,6.2,g,"탤크, 마이카, 실리카, 헥실라우레이트, 징크스테아레이트, 보론나이트라이드, 라우로일라이신, 티타늄디옥사이드 (CI 77891), 다이아이소스테아릴말레이트, 펜타에리스리틸테트라에틸헥사노에이트, 페닐트라이메티콘, 다이메티콘, 트라이에톡시카프릴릴실레인, 에틸헥실글리세린, 카프릴릴글라이콜, 망가니즈바이올렛, 적색226호, 알루미늄하이드록사이드, 울트라마린, 메티콘, 적색산화철, 황색4호, 토코페롤",이니스프리,이니스프리_실키 파우더 블러쉬 6.2g
애플씨드 버블 클렌저 150ml,https://www.amoremall.com/kr/ko/product/detail?onlineProdSn=59134,18000.0,150ml,150.0,ml,"정제수, 글리세린, 솔비톨, 카프릴릴/카프릴글루코사이드, 프로판다이올, 다이소듐코코일글루타메이트, 다이소듐코코암포다이아세테이트, 소듐클로라이드, 향료, 시트릭애씨드, 폴리쿼터늄-22, 다이소듐이디티에이, 에틸헥실글리세린, 사과씨오일(40ppm), 코코-카프릴레이트/카프레이트, 카프릴릭/카프릭트라이글리세라이드, 사과추출물(20ppm), 부틸렌글라이콜, 1,2-헥산다이올, 토코페롤",이니스프리,이니스프리_애플씨드 버블 클렌저 150ml
화산송이 파하 모공 매끈결 토너 170ml,https://www.amoremall.com/kr/ko/product/detail?onlineProdSn=58978,20000.0,170ml,170.0,ml,"정제수, 프로판다이올, 1,2-헥산다이올, 알지닌, 글루코노락톤, 실리카, 리튬마그네슘소듐실리케이트, 카프릴릴글라이콜, 에틸헥실글리세린, 칼슘클로라이드, 소듐메타포스페이트, 화산재, 락틱애씨드/글라이콜릭애씨드코폴리머, 폴리쿼터늄-10, 토코페롤",이니스프리,이니스프리_화산송이 파하 모공 매끈결 토너 170ml
마이퍼퓸드바디 워터릴리바디클렌저 330ml,https://www.amoremall.com/kr/ko/product/detail?onlineProdSn=58917,15000.0,330ml,330.0,ml,"정제수, 코카미도프로필베타인, 솔비톨, 소듐메틸코코일타우레이트, 소듐클로라이드, 향료(워터릴리향 2.5%), 폴리솔베이트60, 코카마이드엠이에이, 아크릴레이트/베헤네스-25메타크릴레이트코폴리머, 라우릴글루코사이드, 소듐벤조에이트, 카프릴릴글라이콜, 벤질살리실레이트, 리모넨, 포타슘하이드록사이드, 다이소듐이디티에이, 리날룰, 제라니올, 시트로넬올, 테트라소듐이디티에이, 시트릭애씨드",이니스프리,이니스프리_마이퍼퓸드바디 워터릴리바디클렌저 330ml
라이트 글로우 쿠션 SPF26/PA++ 14g,https://www.amoremall.com/kr/ko/product/detail?onlineProdSn=58912,26000.0,14g,14.0,g,"정제수, 헥실라우레이트, 부틸렌글라이콜, 트라이에틸헥사노인, 티타늄디옥사이드, 자일리톨, 티타늄디옥사이드 (CI 77891), 폴리글리세릴-5폴리리시놀리에이트, 페닐트라이메티콘, 펜타에리스리틸테트라에틸헥사노에이트, 메틸트라이메티콘, 다이아이소스테아릴말레이트, 트라이메틸실록시실리케이트, 다이페닐다이메티콘/비닐다이페닐다이메티콘/실세스퀴옥세인크로스폴리머, 다이메티콘, 황색산화철, 1,2-헥산다이올, 다이스테아다이모늄헥토라이트, 알루미늄하이드록사이드, 솔비탄세스퀴올리에이트, 소듐클로라이드, 다이메티콘/폴리글리세린-3크로스폴리머, 실리카, 스테아릭애씨드, 트라이에톡시카프릴릴실레인, 향료, 카프릴릴글라이콜, 적색산화철, 녹차씨오일, 에틸헥실글리세린, 흑색산화철, 트라이하이드록시스테아린, 다이소듐이디티에이, 바실러스/소이빈발효추출물, 콩폴리펩타이드, 다이프로필렌글라이콜, 합성플루오르플로고파이트, 토코페롤, 소듐시트레이트, 쌀겨오일, 틴옥사이드",이니스프리,이니스프리_라이트 글로우 쿠션 SPF26/PA++ 14g
비자 시카 밤 EX 대용량 70ml,https://www.amoremall.com/kr/ko/product/detail?onlineProdSn=57566,38000.0,70ml,70.0,ml,"정제수, 프로판다이올, 글리세린, 사이클로펜타실록세인, 스쿠알란, 사이클로헥사실록세인, 세테아릴알코올, 판테놀, 1,2-헥산다이올, C12-16알코올, 폴리솔베이트60, 다이아이소스테아릴말레이트, 하이드록시에틸아크릴레이트/소듐아크릴로일다이메틸타우레이트코폴리머, 팔미틱애씨드, 아크릴레이트/C10-30알킬아크릴레이트크로스폴리머, 하이드로제네이티드레시틴, 트로메타민, 세테아릴글루코사이드, 비자나무씨오일(1,000ppm), 다이소듐이디티에이, 솔비탄아이소스테아레이트, 마데카소사이드, 아시아티코사이드, 마데카식애씨드, 아시아틱애씨드, 글루코오스",이니스프리,이니스프리_비자 시카 밤 EX 대용량 70ml
퍼펙트 9 인텐시브 스킨케어 세트  퍼펙트 9 인텐시브 스킨 200ml+ 퍼펙트 9 인텐시브 로션 160ml &  세럼 5ml + 크림 10ml + 아이크림 5ml,https://www.amoremall.com/kr/ko/product/detail?onlineProdSn=57560,74000.0,[본품] 퍼펙트 9 인텐시브 스킨 200ml + 퍼펙트 9 인텐시브 로션 160ml & [증정] 세럼 5ml + 크림 10ml + 아이크림 5ml,9.0,ml,"[스킨]정제수, 부틸렌글라이콜, 변성알코올, 다이메티콘, 베타인, 나이아신아마이드, 사이클로펜타실록세인, 1,2-헥산다이올, 하이드로제네이티드폴리(C6-14올레핀), 사이클로헥사실록세인, 글리세릴폴리메타크릴레이트, 피이지-60하이드로제네이티드캐스터오일, 하이드록시에틸아크릴레이트/소듐아크릴로일다이메틸타우레이트코폴리머, 글리세린, 향료, 프로판다이올, 카보머, 트로메타민, 다이메티콘올, 에틸헥실글리세린, 아데노신, 리모넨, 다이소듐이디티에이, 솔비탄아이소스테아레이트, 폴리솔베이트60, 덱스트린, 카카오추출물, 불가리스쑥추출물, 약모밀추출물, 라즈베리추출물, 꿀풀잎추출물, 인동덩굴꽃추출물, 폴리글루타믹애씨드, 초피나무열매추출물, 서양민들레뿌리줄기/뿌리추출물, 영지버섯추출물, 베타-글루칸, 리날룰, 페녹시에탄올, 시트로넬올, 토코페롤, 꽃송이버섯추출물 [로션]정제수, 부틸렌글라이콜, 글리세린, 사이클로펜타실록세인, 변성알코올, 다이메티콘, 스쿠알란, 하이드로제네이티드식물성오일, 코코글리세라이즈, 폴리글리세릴-3메틸글루코오스다이스테아레이트, 메도우폼씨오일, 펜타에리스리틸테트라에틸헥사노에이트, 나이아신아마이드, 사이클로헥사실록세인, 시어버터, 글리세릴스테아레이트, 피이지-100스테아레이트, 향료, 폴리아크릴레이트-13, 다이메티콘올, 잔탄검, 폴리아이소부텐, 글리세릴카프릴레이트, 프로판다이올, 세테아릴알코올, 에틸헥실글리세린, 다이소듐이디티에이, 아데노신, 리모넨, 폴리솔베이트20, 솔비탄아이소스테아레이트, 스테아릭애씨드, 덱스트린, 카카오추출물, 하이드로제네이티드레시틴, 불가리스쑥추출물, 약모밀추출물, 라즈베리추출물, 꿀풀잎추출물, 인동덩굴꽃추출물, 초피나무열매추출물, 서양민들레뿌리줄기/뿌리추출물, 영지버섯추출물, 리날룰, 베타-글루칸, 시트로넬올, 시트랄, 제라니올, 토코페롤, 꽃송이버섯추출물",이니스프리,이니스프리_퍼펙트 9 인텐시브 스킨케어 세트  퍼펙트 9 인텐시브 스킨 200ml+ 퍼펙트 9 인텐시브 로션 160ml &  세럼 5ml + 크림 10ml + 아이크림 5ml
유채꿀 립밤 3.5g,https://www.amoremall.com/kr/ko/product/detail?onlineProdSn=60040,10000.0,3.5g,3.5,g,"페트롤라툼, 폴리글리세릴-2트라이아이소스테아레이트, 다이아이소스테아릴말레이트, 미네랄오일, 호호바에스터, 하이드로제네이티드폴리아이소부텐, 폴리에틸렌, 메도우폼델타-락톤, 피토스테릴하이드록시스테아레이트, 하이드로제네이티드코코-글리세라이즈, 칸데릴라왁스, 마이크로크리스탈린왁스, 망고씨버터, 세레신, 스 위트아몬드오일, 트라이하이드록시스테아린, 페녹시에탄올, 카프릴릴글라이콜, 향료,글리세릴카프릴레이트, 토코페릴아세테이트, 황색4호, 황색5호, 토코페롤, 티비에이치큐, 서양유채씨오일(1ppm),정제수, 부틸렌글라이콜, 꿀추출물(0.03ppm), 에틸헥실글리세린",이니스프리,이니스프리_유채꿀 립밤 3.5g
포어 블러 팩트 12.5g,https://www.amoremall.com/kr/ko/product/detail?onlineProdSn=59923,18000.0,12.5g,12.5,g,"탤크, 마이카, 카프릴릭/카프릭트라이글리세라이드, 폴리메틸메타크릴레이트, 실리카, 에이치디아이/피피지/폴리카프로락톤크로스폴리머, 페닐트라이메티콘, 다이메티콘, 트라이에톡시카프릴릴실레인, 옥틸도데실스테아로일스테아레이트, 1,2-헥산다이올, 글리세릴카프릴레이트, 적색산화철, 메티콘, 하이드로제네이티드레시틴, 황색산화철, 향료, 칼라민, 약모밀가루, 흑색산화철, 정제수, 부틸렌글라이콜, 콘민트잎추출물",이니스프리,이니스프리_포어 블러 팩트 12.5g
아일 넘버 바디앤핸드워시 웜앤퍼지스 300ml,https://www.amoremall.com/kr/ko/product/detail?onlineProdSn=59841,22000.0,300ml,300.0,ml,"정제수, 소듐C14-16올레핀설포네이트, 코카미도프로필하이드록시설테인, 향료, 부틸렌글라이콜, 1,2-헥산다이올, 시트릭애씨드, 카프릴릴글라이콜, 에틸헥실글리세린, 소듐메타포스페이트, 벤질벤조에이트, 프로판다이올, 폴리쿼터늄-10, 리날룰, 트라이에틸시트레이트, 다이소듐이디티에이, 레몬껍질오일, 녹차추출물, 토코페롤, 마테잎추출물, 소두구씨오일, 스피어민트잎오일, 시트로넬라오일, 스쿠알란, 갈바눔수지오일, 돌콩오일, 돌콩스테롤, 세테아릴알코올, 헥실라우레이트, 아보카도오일, 아스코빌팔미테이트, 하이드로제네이티드식물성글리세라이즈시트레이트",이니스프리,이니스프리_아일 넘버 바디앤핸드워시 웜앤퍼지스 300ml
아일넘버 핸드크림 씨즈더모먼트 50ml,https://www.amoremall.com/kr/ko/product/detail?onlineProdSn=59210,15000.0,50ml,50.0,ml,"정제수, 부틸렌글라이콜, 글리세린, 세테아릴알코올, 시어버터, 세틸에틸헥사노에이트, 글리세릴스테아레이트시트레이트, 다이카프릴릴카보네이트, 향료, 스쿠알란, 폴리글리세릴-3메틸글루코오스다이스테아레이트, 메틸트라이메티콘, 1,2-헥산다이올, 하이드록시프로필스타치포스페이트, 하이드록시에틸아크릴레이트/소듐아크릴로일다이메틸타우레이트코폴리머, 벤질벤조에이트, 글리세릴카프릴레이트, 프로판다이올, 리모넨, 제라니올, 헥실신남알, 에틸헥실글리세린, 다이소듐이디티에이, 솔비탄아이소스테아레이트, 리날룰, 시트랄, 시트로넬올, 호호바씨오일, 토코페롤, 트라이에틸시트레이트, 녹차추출물, 레몬껍질오일, 마테잎추출물, 소두구씨오일, 스피어민트잎오일, 갈바눔수지오일, 시트로넬라오일",이니스프리,이니스프리_아일넘버 핸드크림 씨즈더모먼트 50ml
마이퍼퓸드바디 그린텐저린바디클렌저 330ml,https://www.amoremall.com/kr/ko/product/detail?onlineProdSn=58916,15000.0,330ml,330.0,ml,"정제수, 코카미도프로필베타인, 솔비톨, 소듐메틸코코일타우레이트, 소듐클로라이드, 향료(그린탠저린향 2.5%), 코카마이드엠이에이, 아크릴레이트/베헤네스-25메타크릴레이트코폴리머, 소듐벤조에이트, 카프릴릴글라이콜, 리모넨, 포타슘하이드록사이드, 리날룰, 다이소듐이디티에이, 헥실신남알, 에틸헥실글리세린, 테트라소듐이디티에이, 토코페롤, 시트릭애씨드",이니스프리,이니스프리_마이퍼퓸드바디 그린텐저린바디클렌저 330ml
포레스트 프레시 스킨 180ml,https://www.amoremall.com/kr/ko/product/detail?onlineProdSn=57942,22000.0,180ml,180.0,ml,"정제수, 변성알코올, 프로판다이올, 글리세린, 1,2-헥산다이올, 피피지-13-데실테트라데세스-24, 옥틸도데세스-16, 베타인, 향료, 에틸헥실글리세린, 다이소듐이디티에이, 리모넨, 부틸렌글라이콜, 리날룰, 흑효모발효물*, 시트랄, 토코페롤",이니스프리,이니스프리_포레스트 프레시 스킨 180ml
포레스트 프레시 로션 140ml,https://www.amoremall.com/kr/ko/product/detail?onlineProdSn=57941,25000.0,140ml,140.0,ml,"정제수, 프로판다이올, 글리세린, 다이메티콘, 실리카, 1,2-헥산다이올, 비닐다이메티콘/메티콘실세스퀴옥세인크로스폴리머, 암모늄아크릴로일다이메틸타우레이트/브이피코폴리머, 폴리솔베이트20, 카보머, 폴리아크릴레이트-13, 트로메타민, 글리세릴카프릴레이트, 향료, 폴리아이소부텐, 에틸헥실글리세린, 다이소듐이디티에이, 리모넨, 부틸렌글라이콜, 솔비탄아이소스테아레이트, 리날룰, 흑효모발효물, 토코페롤",이니스프리,이니스프리_포레스트 프레시 로션 140ml
블랙티 유스 인핸싱 스킨 케어 세트  블랙티 유스 인핸싱 스킨 170ml + 블랙티 유스 인핸싱 로션 170ml&  스킨 15ml + 로션 15ml + 앰플 12ml,https://www.amoremall.com/kr/ko/product/detail?onlineProdSn=57574,54000.0,[본품] 블랙티 유스 인핸싱 스킨 170ml + 블랙티 유스 인핸싱 로션 170ml& [증정] 스킨 15ml + 로션 15ml + 앰플 12ml,170.0,ml,"""[스킨] 정제수, 부틸렌글라이콜, 프로판다이올, 나이아신아마이드, 1,2-헥산다이올, 다이메티콘, 피피지-13-데실테트라데세스-24, 에탄올, 암모늄아크릴로일다이메틸타우레이트/브이피코폴리머, 글리세릴카프릴레이트, 아크릴레이트/C10-30알킬아크릴레이트크로스폴리머, 하이드로제네이티드레시틴, 에틸헥실글리세린, 아데노신, 트로메타민, 향료, 다이소듐이디티에이, 판테놀, 하이알루로닉애씨드, 홍차추출물(100 ppm), 리모넨, 덱스트린, 카카오추출물, 소듐메틸스테아로일타우레이트, 리날룰, 토코페롤 [로션] 정제수, 부틸렌글라이콜, 다이메티콘, 하이드로제네이티드폴리(C6-14올레핀), 글리세린, 세틸에틸헥사노에이트, 나이아신아마이드, 1,2-헥산다이올, 폴리솔베이트60, 글리세릴스테아레이트, 세테아릴알코올, 글리세릴스테아레이트시트레이트, 하이드로제네이티드식물성오일, 스테아릭애씨드, 솔비탄스테아레이트, 피이지-100스테아레이트, 카보머, 트로메타민, 팔미틱애씨드, 글리세릴카프릴레이트, 펜틸렌글라이콜, 다이소듐이디티에이, 에틸헥실글리세린, 아데노신, 향료, 덱스트린, 카카오추출물, 홍차추출물(100 ppm), 리모넨, 잔탄검, 서양톱풀추출물, 리날룰, 토코페롤""",이니스프리,이니스프리_블랙티 유스 인핸싱 스킨 케어 세트  블랙티 유스 인핸싱 스킨 170ml + 블랙티 유스 인핸싱 로션 170ml&  스킨 15ml + 로션 15ml + 앰플 12ml
퍼펙트 9 인텐시브 로션 160ml,https://www.amoremall.com/kr/ko/product/detail?onlineProdSn=57570,38000.0,160ml,160.0,ml,"정제수, 부틸렌글라이콜, 글리세린, 사이클로펜타실록세인, 변성알코올, 다이메티콘, 스쿠알란, 하이드로제네이티드식물성오일, 코코글리세라이즈, 폴리글리세릴-3메틸글루코오스다이스테아레이트, 메도우폼씨오일, 펜타에리스리틸테트라에틸헥사노에이트, 나이아신아마이드, 사이클로헥사실록세인, 시어버터, 글리세릴스테아레이트, 피이지-100스테아레이트, 향료, 폴리아크릴레이트-13, 다이메티콘올, 잔탄검, 폴리아이소부텐, 글리세릴카프릴레이트, 프로판다이올, 세테아릴알코올, 에틸헥실글리세린, 다이소듐이디티에이, 아데노신, 리모넨, 폴리솔베이트20, 솔비탄아이소스테아레이트, 스테아릭애씨드, 덱스트린, 카카오추출물, 하이드로제네이티드레시틴, 불가리스쑥추출물, 약모밀추출물, 라즈베리추출물, 꿀풀잎추출물, 인동덩굴꽃추출물, 초피나무열매추출물, 서양민들레뿌리줄기/뿌리추출물, 영지버섯추출물, 리날룰, 베타-글루칸, 시트로넬올, 시트랄, 제라니올, 토코페롤, 꽃송이버섯추출물",이니스프리,이니스프리_퍼펙트 9 인텐시브 로션 160ml
톤업 노세범 선스크린 EX SPF50+/PA++++ 60ml,https://www.amoremall.com/kr/ko/product/detail?onlineProdSn=66237,24000.0,60ml,60.0,ml,"정제수, 징크옥사이드, 사이클로헥사실록세인, 프로판다이올, 부틸옥틸살리실레이트, 부틸렌글라이콜다이카프릴레이트/다이카프레이트, 다이실록세인, 메틸메타크릴레이트크로스폴리머, 카프릴릴메티콘, 폴리글리세릴-3폴리다이메틸실록시에틸다이메티콘, 티타늄디옥사이드 (CI 77891), 폴리프로필실세스퀴옥세인, 칼슘알루미늄보로실리케이트, 폴리메틸실세스퀴옥세인, 소듐아크릴레이트크로스폴리머-2, 다이스테아다이모늄헥토라이트, 마그네슘설페이트, 트라이에톡시카프릴릴실레인, 1,2-헥산다이올, 폴리글리세릴-2다이폴리하이드록시스테아레이트, 라우릴폴리글리세릴-3폴리다이메틸실록시에틸다이메티콘, 다이메티콘/비닐다이메티콘크로스폴리머, 부틸렌글라이콜, 향료, 다이카프릴릴카보네이트, 카프릴릴글라이콜, 글리세릴카프릴레이트, 마이카, 황색산화철, 에틸헥실글리세린, 적색산화철, 소듐하이알루로네이트, 칡뿌리추출물, 당느릅나무뿌리추출물, 달맞이꽃추출물, 대왕송잎추출물, 흑색산화철, 토코페롤, 호호바씨오일, 녹차씨오일, 글리세린, 에필로비움 플레이스케리추출물, 시트릭애씨드, 포타슘솔베이트",이니스프리,이니스프리_톤업 노세범 선스크린 EX SPF50+/PA++++ 60ml
비타C 엔자임 잡티 토닝 크림  80ml,https://www.amoremall.com/kr/ko/product/detail?onlineProdSn=66073,45000.0,80ml,80.0,ml,"정제수, 부틸렌글라이콜, 프로판다이올, 글리세린, 나이아신아마이드(40,000 ppm), 아이소펜틸다이올, 1,2-헥산다이올, 하이드로제네이티드폴리(C6-14올레핀), 카프릴릭/카프릭트라이글리세라이드, 아이소노닐아이소노나노에이트, 스쿠알란, 암모늄아크릴로일다이메틸타우레이트/브이피코폴리머, 아크릴레이트/C10-30알킬아크릴레이트크로스폴리머, 알지닌, 트레할로오스, 하이드록시에틸아크릴레이트/소듐아크릴로일다이메틸타우레이트코폴리머, 소듐아크릴릭애씨드/엠에이코폴리머, 덱스트린, 잔탄검, 3-O-에틸아스코빅애씨드(1,000 ppm), 세테아릴올리베이트, 만다린껍질추출물, 캐스터오일/아이피디아이코폴리머, 황련뿌리추출물, 에틸헥실글리세린, 당근추출물, 솔비탄올리베이트, 카놀라오일, 사이클로덱스트린, 소듐파이테이트, 글리세릴아크릴레이트/아크릴릭애씨드코폴리머, 솔비탄아이소스테아레이트, 프로테아제(100 ppm)*, 카프릴릴글라이콜, 피브이엠/엠에이코폴리머, 당근씨오일, 카보머, 아스코빌테트라이소팔미테이트(10.3 ppm), 토코페릴아세테이트, 베타-카로틴, 해바라기씨오일, 아모다이메티콘, 글루코오스, 소듐하이알루로네이트, 판테놀, 아이리쉬모스 추출물, 하이드록시프로필트라이모늄하이알루로네이트, 소듐아스코빌포스페이트(0.1001 ppm), 토코페롤, 마그네슘아스코빌포스페이트(0.1 ppm), 글루타티온, 페룰릭애씨드, 아마씨오일, 하이드롤라이즈드하이알루로닉애씨드, 소듐아세틸레이티드하이알루로네이트, 사이아노코발아민, 글루코노락톤, 하이알루로닉애씨드, 소듐하이알루로네이트크로스폴리머, 하이드롤라이즈드소듐하이알루로네이트, 포타슘하이알루로네이트, 리놀레닉애씨드, 리놀레익애씨드, 아스코빅애씨드(0.001 ppb), 바이오틴, 폴릭애씨드, 리보플라빈, 피리독신, 티아민에이치씨엘",이니스프리,이니스프리_비타C 엔자임 잡티 토닝 크림  80ml
화산송이 모공 듀얼 마스크 110ml,https://www.amoremall.com/kr/ko/product/detail?onlineProdSn=64131,25000.0,110ml,110.0,ml,"클레이 포뮬러: 정제수, 카올린, 부틸렌글라이콜, 실리카, 글리세린, 벤토나이트, 티타늄디옥사이드(CI 77891),1,2-핵산다이올, 화산재(10,731PPM), 마이크로크리스탈린셀룰로오스, 잔탄검, 하이드록시메틸아크릴레이트/소듐아크릴로일다이메탈타우레이트코폴리머, 셀룰로오스검, 카프릴릴글라이콜, 소듐메타포스페이트, 락틱애씨드, 락틱애씨드/글라 이클릭애씨드코폴리머, 에틸헥실글리세린, 솔비탄아이소스테아레이트, 글라이콜릭애씨드, 시트릭애씨드, 살리실릭애씨드, 폴리쿼터늄-10, 토코페롤 수분팩 포뮬러: 정제수, 프로판다이올, 글리세린, 카프릴릭/카프릭트라 이글리세라이드, 세테아릴알코올, 나이아신아마이드, 트로메타민, 글라이 콜릭애씨드, 소듐락테이트, 1,2-헥산다이올, 베헤닐알코올, 포타슘세틸포 스페이트, 하이드레이티드실리카, 벤토나이트, 소듐메타포스페이트, 에틸 헥실글리세린, 울트라마린, 마데카소사이드, 살리실릭애씨드, 말토덱스트 린, 하이드롤라이즈드치자추출물, 카올린, 트라이에톡시카프릴릴실레인, 소듐하이알루로네이트, 토코페롤, 하이드롤라이즈드하이알루로닉애씨드, 소듐하이알루로네이트크로스폴리머, 하이알루로닉애씨드, 소듐아세틸레이티드하이알루로네이트",이니스프리,이니스프리_화산송이 모공 듀얼 마스크 110ml
올리브 비타민E 리얼 클렌징 오일 150ml,https://www.amoremall.com/kr/ko/product/detail?onlineProdSn=60942,27000.0,150ml,150.0,ml,"카프릴릭/카프릭트라이글리세라이드, 펜타에리스리틸테트라에틸헥사노에이트, 솔베스-30테트라올리에이트, 세틸에틸헥사노에이트, 아이소도데케인, 올리브오일(50,000ppm), 리모넨, 레몬껍질오일, 오렌지껍질오일, 토코페롤(50ppm), 토코페릴아세테이트(10ppm)",이니스프리,이니스프리_올리브 비타민E 리얼 클렌징 오일 150ml
마이퍼퓸드바디 워터릴리 바디로션 330ml,https://www.amoremall.com/kr/ko/product/detail?onlineProdSn=60223,17000.0,330ml,330.0,ml,"정제수, 글리세린, 부틸렌글라이콜, 세틸에칠헥사노에이트, 해바라기씨오일, 향료, 스테아릭애씨드, 팔미틱애씨드, 디메치콘, 쉐어버터, 글리세릴스테아레이트, 세테아릴알코올, 글리세릴스테아레이트시트레이트, 하이드로제네이티드식물성오일, 피이지-100스테아레이트, 하이드록시에칠아크릴레이트/소듐아크릴로일디메칠타우레이트코폴리머, 카보머, 벤질살리실레이트, 트로메타민, 글리세릴카프릴레이트, 리모넨, 디소듐이디티에이, 에칠헥실글리세린, 리날룰, 제라니올, 시트로넬올, 소르비탄이소스테아레이트, 폴리소르베이트60, 미리스틱애씨드, 카카오씨드버터, 망고씨드버터, 아라키딕애씨드, 라우릭애씨드, 시트랄, 토코페롤, 티비에이치큐",이니스프리,이니스프리_마이퍼퓸드바디 워터릴리 바디로션 330ml
스컬프팅 파우더 쉐이딩 6.8g,https://www.amoremall.com/kr/ko/product/detail?onlineProdSn=60074,15000.0,6.8g,6.8,g,"탤크, 마이카, 티타늄디옥사이드 (CI 77891), 징크스테아레이트, 페닐트라이메티콘, 옥틸도데실스테아로일스테아레이트, 마그네슘미리스테이트, 보론나이트라이드, 황색산화철, 흑색산화철, 트라이에톡시카프릴릴실레인, 망가니즈바이올렛, 적색산화철, 에틸헥실글리세린, 카프릴릴글라이콜, 알루미늄하이드록사이드, 다이메티콘, 메티콘, 울트라마린, 토코페롤",이니스프리,이니스프리_스컬프팅 파우더 쉐이딩 6.8g
포레스트 프레시 스킨 로션 2종 세트,https://www.amoremall.com/kr/ko/product/detail?onlineProdSn=59571,47000.0,[본품] 스킨 180mL + 로션 140mL & [증정] 쉐이빙&클렌징 폼 50mL,180.0,mL,"[스킨] 정제수, 변성알코올, 프로판다이올, 글리세린, 1,2-헥산다이올, 피피지-13-데실테트라데세스-24, 옥틸도데세스-16, 베타인, 향료, 에틸헥실글리세린, 다이소듐이디티에이, 리모넨, 부틸렌글라이콜, 리날룰, 흑효모발효물*, 시트랄, 토코페롤 [로션] 정제수, 프로판다이올, 글리세린, 다이메티콘, 실리카, 1,2-헥산다이올, 비닐다이메티콘/메티콘실세스퀴옥세인크로스폴리머, 암모늄아크릴로일다이메틸타우레이트/브이피코폴리머, 폴리솔베이트20, 카보머, 폴리아크릴레이트-13, 트로메타민, 글리세릴카프릴레이트, 향료, 폴리아이소부텐, 에틸헥실글리세린, 다이소듐이디티에이, 리모넨, 부틸렌글라이콜, 솔비탄아이소스테아레이트, 리날룰, 흑효모발효물, 토코페롤 [로션] 정제수, 프로판다이올, 글리세린, 다이메티콘, 실리카, 1,2-헥산다이올, 비닐다이메티콘/메티콘실세스퀴옥세인크로스폴리머, 암모늄아크릴로일다이메틸타우레이트/브이피코폴리머, 폴리솔베이트20, 카보머, 폴리아크릴레이트-13, 트로메타민, 글리세릴카프릴레이트, 향료, 폴리아이소부텐, 에틸헥실글리세린, 다이소듐이디티에이, 리모넨, 부틸렌글라이콜, 솔비탄아이소스테아레이트, 리날룰, 흑효모발효물, 토코페롤 [쉐이빙&폼] 정제수, 글리세린, 미리스틱애씨드, 포타슘하이드록사이드, 피이지-32, 스테아릭애씨드, 팔미틱애씨드, 글리세릴스테아레이트, 피이지-100스테아레이트, 라우릭애씨드, 라우릴글루코사이드, 코카미도프로필베타인, 폴리쿼터늄-7, 향료, 소듐메틸코코일타우레이트, 소듐클로라이드, 리모넨, 멘톨, 다이소듐이디티에이, 리날룰, 소듐벤조에이트, 부틸렌글라이콜, 1,2-헥산다이올, 시트릭애씨드, 흑효모발효물, 락틱애씨드, 테트라소듐이디티에이, 에틸헥실글리세린",이니스프리,이니스프리_포레스트 프레시 스킨 로션 2종 세트
심플라벨 래스팅 펜슬 브로우 0.15g,https://www.amoremall.com/kr/ko/product/detail?onlineProdSn=59216,13000.0,0.15g,0.15,g,"흑색산화철, 쌀겨왁스, 황색산화철, 적색산화철, 검양옻나무열매왁스, 팔미틱애씨드, 스테아릭애씨드, 칸데릴라왁스, 마이카, 마이크로크리스탈린왁스, 합성비즈왁스, 합성왁스, 탤크, 하이드로제네이티드코코넛오일, 다이메티콘, 정제수, 부틸렌글라이콜, 1,2-헥산다이올, 화산재, 에틸헥실글리세린, 카올린",이니스프리,이니스프리_심플라벨 래스팅 펜슬 브로우 0.15g
심플라벨 마스카라 7.5g,https://www.amoremall.com/kr/ko/product/detail?onlineProdSn=59214,21000.0,7.5g,7.5,g,"아이소도데케인, 트라이메틸실록시실리케이트, 탤크, 세레신, 다이스테아다이모늄헥토라이트, 덱스트린팔미테이트/에틸헥사노에이트, 흑색산화철, 마이크로크리스탈린왁스, 폴리프로필실세스퀴옥세인, 프로필렌카보네이트, 실리카, 하이드로제네이티드폴리아이소부텐, 알루미늄다이스테아레이트, 덱스트린팔미테이트, 폴리메틸실세스퀴옥세인, 트라이에톡시카프릴릴실레인, 셀룰로오스, 글리세릴카프릴레이트, 프로판다이올, 펄라이트, 수국잎추출물",이니스프리,이니스프리_심플라벨 마스카라 7.5g
라이트 글로우 쿠션 리필 SPF26/PA++ 14g,https://www.amoremall.com/kr/ko/product/detail?onlineProdSn=58913,18000.0,14g,14.0,g,"정제수, 헥실라우레이트, 부틸렌글라이콜, 트라이에틸헥사노인, 티타늄디옥사이드, 자일리톨, 티타늄디옥사이드 (CI 77891), 폴리글리세릴-5폴리리시놀리에이트, 페닐트라이메티콘, 펜타에리스리틸테트라에틸헥사노에이트, 메틸트라이메티콘, 다이아이소스테아릴말레이트, 트라이메틸실록시실리케이트, 다이페닐다이메티콘/비닐다이페닐다이메티콘/실세스퀴옥세인크로스폴리머, 다이메티콘, 황색산화철, 1,2-헥산다이올, 다이스테아다이모늄헥토라이트, 알루미늄하이드록사이드, 솔비탄세스퀴올리에이트, 소듐클로라이드, 다이메티콘/폴리글리세린-3크로스폴리머, 실리카, 스테아릭애씨드, 트라이에톡시카프릴릴실레인, 향료, 카프릴릴글라이콜, 적색산화철, 녹차씨오일, 에틸헥실글리세린, 흑색산화철, 트라이하이드록시스테아린, 다이소듐이디티에이, 바실러스/소이빈발효추출물, 콩폴리펩타이드, 다이프로필렌글라이콜, 합성플루오르플로고파이트, 토코페롤, 소듐시트레이트, 쌀겨오일, 틴옥사이드",이니스프리,이니스프리_라이트 글로우 쿠션 리필 SPF26/PA++ 14g
포레스트 포어 케어 올인원 에센스 100ml,https://www.amoremall.com/kr/ko/product/detail?onlineProdSn=57943,29000.0,100ml,100.0,ml,"정제수, 프로판다이올, 다이메티콘, 글리세레스-26, 1,2-헥산다이올, 비스-피이지-18메틸에터다이메틸실레인, 만니톨, 메틸트라이메티콘, 부틸렌글라이콜, 피피지-13-데실테트라데세스-24, 하이드록시에틸아크릴레이트/소듐아크릴로일다이메틸타우레이트코폴리머, 폴리솔베이트20, 세테아릴알코올, 아크릴레이트/C10-30알킬아크릴레이트크로스폴리머, 트로메타민, 글리세릴카프릴레이트, 향료, 글리세릴스테아레이트, 에틸헥실글리세린, 스테아릭애씨드, 하이드로제네이티드레시틴, 페녹시에탄올, 리모넨, 바이오사카라이드검-1, 다이소듐이디티에이,폴리글리세릴-3메틸글루코오스다이스테아레이트, 솔비탄아이소스테아레이트, 리날룰, 글라이코프로테인, 흑효모발효물*, 비에이치티, 토코페롤",이니스프리,이니스프리_포레스트 포어 케어 올인원 에센스 100ml
청보리 마일드 필링 토너 250ml,https://www.amoremall.com/kr/ko/product/detail?onlineProdSn=53145,17000.0,250ml,250.0,ml,"정제수, 글리세린, 프로판다이올, 1,2-헥산다이올, 효모/보리씨발효여과물(9,175 ppm), 부틸렌글라이콜, 나이아신아마이드, 흰버드나무껍질추출물, 소듐메타포스페이트, 글루코노락톤, 에틸헥실글리세린, 판테놀, 펜틸렌글라이콜, 트로메타민, 멘톡시프로판다이올, 하이알루로닉애씨드, 잔탄검, 서양톱풀추출물",이니스프리,이니스프리_청보리 마일드 필링 토너 250ml
레티놀 PDRN 앰플 기획세트 40ml,https://www.amoremall.com/kr/ko/product/detail?onlineProdSn=67461,57000.0,40ml,40.0,ml,"락토바실러스발효용해물(56.88%), 글리세린, 프로판다이올, 정제수, 다이프로필렌글라이콜, 부틸렌글라이콜, 나이아신아마이드, 1,2-헥산다이올, 스쿠알란, 글리세릴폴리메타크릴레이트, 다이메틸아이소소바이드, 메틸트라이메티콘, 세테아릴알코올, 하이드록시에틸우레아, 암모늄아크릴로일다이메틸타우레이트/브이피코폴리머, 해바라기씨오일, 돌콩오일, 알란토인, 글리세릴스테아레이트, 잔탄검, 토코페롤, 토코페릴아세테이트, 펜틸렌글라이콜, 다이포타슘글리시리제이트, 소듐스테아로일글루타메이트, 하이드로제네이티드레시틴, 당근추출물, 하이드록시피나콜론레티노에이트, 스테아릭애씨드, 폴리글리세릴-3메틸글루코오스다이스테아레이트, 소듐폴리아크릴레이트, 소듐메타포스페이트, 코질메틸렌다이옥시신나메이트, 팔미틱애씨드, 에틸헥실글리세린, 아데노신, 레티놀(1,000IU/g), 소듐하이알루로네이트, 하이알루로닉애씨드, 하이드롤라이즈드식물성단백질, 서양톱풀추출물, 베타-카로틴, 미리스틱애씨드, 라우릭애씨드, 풀루란, 제인, 녹차추출물, 펙틴, 시트릭애씨드",이니스프리,이니스프리_레티놀 PDRN 앰플 기획세트 40ml
레티놀 시카 앰플 기획세트 50ml,https://www.amoremall.com/kr/ko/product/detail?onlineProdSn=67460,57000.0,50ml,50.0,ml,"정제수, 글리세린, 부틸렌글라이콜, 나이아신아마이드, 다이부틸아디페이트, 카프릴릭/카프릭트라이글리세라이드, 1,2-헥산다이올, 하이드로제네이티드레시틴, 암모늄아크릴로일다이메틸타우레이트/브이피코폴리머, 해바라기씨오일, 콜레스테롤, 알란토인, 돌콩오일, 토코페롤, 토코페릴아세테이트, 소듐메틸스테아로일타우레이트, 프로판다이올, 당근추출물, 에틸헥실글리세린, 아데노신, 아시아티코사이드, 마데카식애씨드, 녹차씨추출물, 아시아틱애씨드, 레티놀(500IU/g), 스테아릴글리시레티네이트, 하이알루로닉애씨드, 만니톨, 세라마이드엔피, 베타-글루칸, 베타-카로틴, 피토스핑고신, 비에이치티, 살리실릭애씨드, 아세틸테트라펩타이드-11",이니스프리,이니스프리_레티놀 시카 앰플 기획세트 50ml
그린티 씨드 히알루론산 크림 기획세트,https://www.amoremall.com/kr/ko/product/detail?onlineProdSn=67459,90000.0,100ml + 100ml,100.0,ml,"정제수, 프로판다이올, 글리세린, 스테아릴다이메티콘, 메틸트라이메티콘, 부틸렌글라이콜다이카프릴레이트/다이카프레이트, 펜타에리스리틸테트라에틸헥사노에이트, 녹차씨오일, 1,2-헥산다이올, 글리세릴폴리메타크릴레이트, 폴리메틸실세스퀴옥세인, 스쿠알란, 하이드록시에틸아크릴레이트/소듐아크릴로일다이메틸타우레이트코폴리머, 폴리글리세릴-3메틸글루코오스다이스테아레이트, 카보머, 트라이에틸시트레이트, 하이드로제네이티드레시틴, 콜레스테롤, 글리세릴스테아레이트, 트로메타민, 리모넨, 락토바실러스발효용해물, 하이알루로닉애씨드, 판테놀, 알란토인, 세테아릴알코올, 잔탄검, 글리세릴카프릴레이트, 소듐스테아로일글루타메이트, 부틸렌글라이콜, 에틸헥실글리세린, 다이소듐이디티에이, 레몬껍질오일, 솔비탄아이소스테아레이트, 녹차추출물, 마테잎추출물, 소듐하이알루로네이트, 마데카소사이드, 락틱애씨드, 시트랄, 덱스트린, 카카오추출물, 소두구씨오일, 스피어민트잎오일, 리날룰, 시트로넬라오일, 하이드롤라이즈드하이알루로닉애씨드, 갈바눔수지오일, 소듐하이알루로네이트크로스폴리머, 녹차씨추출물, 세라마이드엔피, 토코페롤, 피토스핑고신, 소듐아세틸레이티드하이알루로네이트",이니스프리,이니스프리_그린티 씨드 히알루론산 크림 기획세트
마이 퍼퓸드 핸드크림 세트,https://www.amoremall.com/kr/ko/product/detail?onlineProdSn=67458,24000.0,80ml + 80ml,80.0,ml,"[04 댄싱 데이지] 정제수, 글리세린, 프로판다이올, 세테아릴알코올, 하이드로제네이티드코코-글리세라이즈, 글리세릴스테아레이트, 부틸렌글라이콜다이카프릴레이트/다이카프레이트, 1,2-헥산다이올, 세테아릴글루코사이드, 카프릴릭/카프릭트라이글리세라이드, 향료, 카보머, 트로메타민, 팔미틱애씨드, 스테아릭애씨드, 카프릴릴글라이콜, 소듐스테아로일글루타메이트, 에틸헥실글리세린, 다이소듐이디티에이, 리모넨, 소듐하이알루로네이트, 리날룰, 시트로넬올, 제라니올, 하이알루로닉애씨드, 시어버터, 부틸렌글라이콜, 병풀추출물, 시트릭애씨드 [06 블러쉬 로즈] 정제수, 부틸렌글라이콜, 글리세린, 세틸에틸헥사노에이트, 카프릴릭/카프릭트라이글리세라이드, 시어버터, 세테아릴알코올, 펜타에리스리틸테트라에틸헥사노에이트, 하이드로제네이티드올리브오일데실에스터, C14-22알코올, 메틸트라이메티콘, 피씨에이다이메티콘, 하이드록시에틸아크릴레이트/소듐아크릴로일다이메틸타우레이트코폴리머, 향료, 1,2-헥산다이올, 하이드록시프로필스타치포스페이트, C12-20알킬글루코사이드, 아라키딜알코올, 잔탄검, 베헤닐알코올, 글리세릴카프릴레이트, 아라키딜글루코사이드, 다이소듐이디티에이, 에틸헥실글리세린, 솔비탄아이소스테아레이트, 시트로넬올, 제라니올, 리모넨, 토코페롤, 녹차씨오일, 스위트아몬드오일, 다마스크장미꽃수, 하이드록시시트로넬알, 리날룰, 알파-아이소메틸아이오논, 프로판다이올, 녹차추출물",이니스프리,이니스프리_마이 퍼퓸드 핸드크림 세트
레티놀 PDRN 앰플 기획세트 40ml,https://www.amoremall.com/kr/ko/product/detail?onlineProdSn=67385,57000.0,40ml,40.0,ml,"락토바실러스발효용해물(56.88%), 글리세린, 프로판다이올, 정제수, 다이프로필렌글라이콜, 부틸렌글라이콜, 나이아신아마이드, 1,2-헥산다이올, 스쿠알란, 글리세릴폴리메타크릴레이트, 다이메틸아이소소바이드, 메틸트라이메티콘, 세테아릴알코올, 하이드록시에틸우레아, 암모늄아크릴로일다이메틸타우레이트/브이피코폴리머, 해바라기씨오일, 돌콩오일, 알란토인, 글리세릴스테아레이트, 잔탄검, 토코페롤, 토코페릴아세테이트, 펜틸렌글라이콜, 다이포타슘글리시리제이트, 소듐스테아로일글루타메이트, 하이드로제네이티드레시틴, 당근추출물, 하이드록시피나콜론레티노에이트, 스테아릭애씨드, 폴리글리세릴-3메틸글루코오스다이스테아레이트, 소듐폴리아크릴레이트, 소듐메타포스페이트, 코질메틸렌다이옥시신나메이트, 팔미틱애씨드, 에틸헥실글리세린, 아데노신, 레티놀(1,000IU/g), 소듐하이알루로네이트, 하이알루로닉애씨드, 하이드롤라이즈드식물성단백질, 서양톱풀추출물, 베타-카로틴, 미리스틱애씨드, 라우릭애씨드, 풀루란, 제인, 녹차추출물, 펙틴, 시트릭애씨드",이니스프리,이니스프리_레티놀 PDRN 앰플 기획세트 40ml
그린티 밀크 에센스 160ml 더블 기획세트,https://www.amoremall.com/kr/ko/product/detail?onlineProdSn=67383,44000.0,160ml *2,160.0,ml,"정제수, 글리세린, 부틸렌글라이콜, 프로판다이올, 하이드로제네이티드쌀겨오일, 베타인, 1,2-헥산다이올, 만니톨, 폴리글리세린-3, 피피지-13-데실테트라데세스-24, 하이드로제네이티드레시틴, 펜틸렌글라이콜, 글리세릴카프릴레이트, 잔탄검, 카보머, 에틸헥실글리세린, 카프릴릭/카프릭트라이글리세라이드, 소듐스테아로일글루타메이트, 트로메타민, 하이드록시에틸아크릴레이트/소듐아크릴로일다이메틸타우레이트코폴리머, 소듐메타포스페이트, 나이아신아마이드, 폴리글리세릴-10스테아레이트, 솔비탄아이소스테아레이트, 하이알루로닉애씨드, 세라마이드엔피(10 ppm), 피토스테롤, 녹차씨오일(5 ppm), 토코페롤, 소듐하이알루로네이트, 녹차추출물(0.5 ppm), 카프릴릴글라이콜, 프로필렌글라이콜, 글리세릴올리에이트, 레시틴, 라우릴글루코사이드, 하이드롤라이즈드하이알루로닉애씨드, 폴리글리세릴-6라우레이트, 미리스틸글루코사이드, 소듐하이알루로네이트크로스폴리머, 소듐트라이메타포스페이트, 소듐아세틸레이티드하이알루로네이트, 아세틸테트라펩타이드-2",이니스프리,이니스프리_그린티 밀크 에센스 160ml 더블 기획세트
이니스프리 클렌징 폼,https://www.amoremall.com/kr/ko/product/detail?onlineProdSn=67372,13000.0,250g,250.0,g,"정제수, 글리세린, 미리스틱애씨드, 라우릭애씨드, 포타슘하이드록사이드, 스테아릭애씨드, 글리세릴스테아레이트, 글라이콜다이스테아레이트, 팔미틱애씨드, 라우릴하이드록시설테인, 폴리쿼터늄-22, 라우릴글루코사이드, 프로판다이올, 향료, 포타슘코코일글리시네이트, 1,2-헥산다이올, 하이드롤라이즈드옥수수전분, 소나무잎추출물, 다이소듐이디티에이, 부틸렌글라이콜, 알지닌*, 아스파틱애씨드*, 글루타믹애씨드*, 에틸헥실글리세린, 녹차추출물(31ppm), 아크릴레이트/스테아릴메타크릴레이트코폴리머, 흰목이버섯포자낭과추출물, 테트라소듐이디티에이, 하이알루로닉애씨드, 잔탄검, 세라마이드엔피, 창포뿌리추출물",이니스프리,이니스프리_이니스프리 클렌징 폼
스페셜 케어 마스크  20ml,https://www.amoremall.com/kr/ko/product/detail?onlineProdSn=67137,3500.0,20ml,20.0,ml,"정제수, 다이메티콘, 부틸렌글라이콜, 글리세린, 에탄올, 세틸에틸헥사노에이트, 1,2-헥산다이올, 글리세릴스테아레이트, 베타인, 세테아릴알코올, 피이지-100스테아레이트, 페녹시에탄올, 폴리아크릴레이트-13, 아크릴레이트/C10-30알킬아크릴레이트크로스폴리머, 사이클로펜타실록세인, 폴리아이소부텐, 향료, 에틸헥실글리세린, 포타슘하이드록사이드, 벤질벤조에이트, 다이소듐이디티에이, 다이메티콘올, 폴리솔베이트20, 솔비탄아이소스테아레이트, 우레아, 폴리글리세릴-3메틸글루코오스다이스테아레이트, 세테아릴글루코사이드, 메틸글루코오스세스퀴스테아레이트, 녹차추출물, 작약뿌리추출물, 인동덩굴꽃추출물, 도둑놈의지팡이뿌리추출물, 복사나무잎추출물, 황금추출물, 은행나무잎추출물, 버지니아풍년화추출물, 쇠비름추출물",이니스프리,이니스프리_스페셜 케어 마스크  20ml
그린티 세라마이드 크림 80ml,https://www.amoremall.com/kr/ko/product/detail?onlineProdSn=66914,38000.0,80ml,80.0,ml,"정제수, 부틸렌글라이콜, 프로판다이올, 글리세린, 스쿠알란, 다이프로필렌글라이콜, 카프릴릭/카프릭트라이글리세라이드, 호호바씨오일, 1,2-헥산다이올, 글리세릴스테아레이트, 에틸헥실팔미테이트, 세테아릴알코올, 메틸트라이메티콘, 다이메티콘, 세틸에틸헥사노에이트, 세테아릴올리베이트, 다이카프릴릴에터, 폴리글리세릴-3메틸글루코오스다이스테아레이트, 콜로이달오트밀, 팔미틱애씨드, 스테아릭애씨드, 솔비탄올리베이트, 하이드로제네이티드폴리(C6-14올레핀), 카보머, 트로메타민, 다이메티콘/비닐다이메티콘크로스폴리머, 에틸헥실글리세린, 세테아릴글루코사이드, 잔탄검, 카프릴릴글라이콜, 세라마이드엔피(504 ppm), 소듐메타포스페이트, 하이드로제네이티드레시틴, 엑토인, 세틸-피지하이드록시에틸팔미타마이드, 폴리글리세릴-10스테아레이트, 녹차씨추출물(19 ppm), 소듐스테아로일글루타메이트, 피토스테롤, 녹차씨오일(2.5 ppm), 토코페롤, 피토스핑고신, 녹차추출물(0.2 ppm), 세라마이드엔에스(0.1 ppm), 콜레스테롤, 세라마이드에이피(0.05 ppm), 세라마이드에이에스(0.05 ppm), 세라마이드이오피(0.0001 ppm)",이니스프리,이니스프리_그린티 세라마이드 크림 80ml
그린티 세라마이드 크림 50ml,https://www.amoremall.com/kr/ko/product/detail?onlineProdSn=66912,27000.0,50ml,50.0,ml,"정제수, 부틸렌글라이콜, 프로판다이올, 글리세린, 스쿠알란, 다이프로필렌글라이콜, 카프릴릭/카프릭트라이글리세라이드, 호호바씨오일, 1,2-헥산다이올, 글리세릴스테아레이트, 에틸헥실팔미테이트, 세테아릴알코올, 메틸트라이메티콘, 다이메티콘, 세틸에틸헥사노에이트, 세테아릴올리베이트, 다이카프릴릴에터, 폴리글리세릴-3메틸글루코오스다이스테아레이트, 콜로이달오트밀, 팔미틱애씨드, 스테아릭애씨드, 솔비탄올리베이트, 하이드로제네이티드폴리(C6-14올레핀), 카보머, 트로메타민, 다이메티콘/비닐다이메티콘크로스폴리머, 에틸헥실글리세린, 세테아릴글루코사이드, 잔탄검, 카프릴릴글라이콜, 세라마이드엔피(504 ppm), 소듐메타포스페이트, 하이드로제네이티드레시틴, 엑토인, 세틸-피지하이드록시에틸팔미타마이드, 폴리글리세릴-10스테아레이트, 녹차씨추출물(19 ppm), 소듐스테아로일글루타메이트, 피토스테롤, 녹차씨오일(2.5 ppm), 토코페롤, 피토스핑고신, 녹차추출물(0.2 ppm), 세라마이드엔에스(0.1 ppm), 콜레스테롤, 세라마이드에이피(0.05 ppm), 세라마이드에이에스(0.05 ppm), 세라마이드이오피(0.0001 ppm)",이니스프리,이니스프리_그린티 세라마이드 크림 50ml
그린티 세라마이드 크림 50ml,https://www.amoremall.com/kr/ko/product/detail?onlineProdSn=66911,27000.0,50ml,50.0,ml,"정제수, 부틸렌글라이콜, 프로판다이올, 글리세린, 스쿠알란, 다이프로필렌글라이콜, 카프릴릭/카프릭트라이글리세라이드, 호호바씨오일, 1,2-헥산다이올, 글리세릴스테아레이트, 에틸헥실팔미테이트, 세테아릴알코올, 메틸트라이메티콘, 다이메티콘, 세틸에틸헥사노에이트, 세테아릴올리베이트, 다이카프릴릴에터, 폴리글리세릴-3메틸글루코오스다이스테아레이트, 콜로이달오트밀, 팔미틱애씨드, 스테아릭애씨드, 솔비탄올리베이트, 하이드로제네이티드폴리(C6-14올레핀), 카보머, 트로메타민, 다이메티콘/비닐다이메티콘크로스폴리머, 에틸헥실글리세린, 세테아릴글루코사이드, 잔탄검, 카프릴릴글라이콜, 세라마이드엔피(504 ppm), 소듐메타포스페이트, 하이드로제네이티드레시틴, 엑토인, 세틸-피지하이드록시에틸팔미타마이드, 폴리글리세릴-10스테아레이트, 녹차씨추출물(19 ppm), 소듐스테아로일글루타메이트, 피토스테롤, 녹차씨오일(2.5 ppm), 토코페롤, 피토스핑고신, 녹차추출물(0.2 ppm), 세라마이드엔에스(0.1 ppm), 콜레스테롤, 세라마이드에이피(0.05 ppm), 세라마이드에이에스(0.05 ppm), 세라마이드이오피(0.0001 ppm)",이니스프리,이니스프리_그린티 세라마이드 크림 50ml
그린티 씨드 히알루론산 크림 50ml,https://www.amoremall.com/kr/ko/product/detail?onlineProdSn=65449,27000.0,50ml,50.0,ml,"정제수, 프로판다이올, 글리세린, 스테아릴다이메티콘, 메틸트라이메티콘, 부틸렌글라이콜다이카프릴레이트/다이카프레이트, 펜타에리스리틸테트라에틸헥사노에이트, 녹차씨오일, 1,2-헥산다이올, 글리세릴폴리메타크릴레이트, 폴리메틸실세스퀴옥세인, 스쿠알란, 하이드록시에틸아크릴레이트/소듐아크릴로일다이메틸타우레이트코폴리머, 폴리글리세릴-3메틸글루코오스다이스테아레이트, 카보머, 트라이에틸시트레이트, 하이드로제네이티드레시틴, 콜레스테롤, 글리세릴스테아레이트, 트로메타민, 리모넨, 락토바실러스발효용해물, 하이알루로닉애씨드, 판테놀, 알란토인, 세테아릴알코올, 잔탄검, 글리세릴카프릴레이트, 소듐스테아로일글루타메이트, 부틸렌글라이콜, 에틸헥실글리세린, 다이소듐이디티에이, 레몬껍질오일, 솔비탄아이소스테아레이트, 녹차추출물, 마테잎추출물, 소듐하이알루로네이트, 마데카소사이드, 락틱애씨드, 시트랄, 덱스트린, 카카오추출물, 소두구씨오일, 스피어민트잎오일, 리날룰, 시트로넬라오일, 하이드롤라이즈드하이알루로닉애씨드, 갈바눔수지오일, 소듐하이알루로네이트크로스폴리머, 녹차씨추출물, 세라마이드엔피, 토코페롤, 피토스핑고신, 소듐아세틸레이티드하이알루로네이트",이니스프리,이니스프리_그린티 씨드 히알루론산 크림 50ml
톤업 워터링 선스크린 SPF50+/PA++++ 60ml,https://www.amoremall.com/kr/ko/product/detail?onlineProdSn=61207,24000.0,60ml,60.0,ml,"정제수, 부틸렌글라이콜, 글리세린, 디에칠아미노하이드록시벤조일헥실벤조에이트, 호모살레이트, 에칠헥실살리실레이트, 메틸트라이메티콘, 부틸옥틸살리실레이트, 티타늄디옥사이드, C12-15알킬벤조에이트, 비스-에칠헥실옥시페놀메톡시페닐트리아진, 폴리실리콘-15, 실리카, 1,2-헥산다이올, 티타늄디옥사이드 (CI 77891), 세테아릴알코올, 폴리C10-30알킬아크릴레이트, 하이드록시에틸아크릴레이트/소듐아크릴로일다이메틸타우레이트코폴리머, 알루미늄스테아레이트, 알루미나, 스테아릭애씨드, 폴리하이드록시스테아릭애씨드, 향료, 아크릴레이트/C10-30알킬아크릴레이트크로스폴리머, 글리세릴스테아레이트, 하이드로제네이티드레시틴, 글리세릴카프릴레이트, 트로메타민, 폴리글리세릴-3메틸글루코오스다이스테아레이트, 팔미틱애씨드, 다이소듐이디티에이, 에틸헥실글리세린, 알루미늄하이드록사이드, 솔비탄아이소스테아레이트, 트라이에톡시카프릴릴실레인, 에칠아스코빌에텔, 미리스틱애씨드, 라우릭애씨드, 토코페롤",이니스프리,이니스프리_톤업 워터링 선스크린 SPF50+/PA++++ 60ml
스마트 블렌더  1p,https://www.amoremall.com/kr/ko/product/detail?onlineProdSn=60078,7500.0,1ea,1.0,ea,상세 참조,이니스프리,이니스프리_스마트 블렌더  1p
쉬어 글로이 하이라이터 5.5g,https://www.amoremall.com/kr/ko/product/detail?onlineProdSn=60073,18000.0,5.5g,5.5,g,"마이카, 합성플루오르플로고파이트, 티타늄디옥사이드 (CI 77891), 마그네슘/포타슘/실리콘/플루오라이드/하이드록사이드/옥사이드, 세틸에틸헥사노에이트, 스쿠알란, 마그네슘미리스테이트, 옥틸도데실스테아로일스테아레이트, 카올린, 에이치디아이/트라이메틸올헥실락톤크로스폴리머, 칼슘티타늄보로실리케이트, 징크스테아레이트, 다이아이소스테아릴말레이트, 합성왁스, 에틸헥실글리세린, 카프릴릴글라이콜, 아이소프로필티타늄트라이아이소스테아레이트, 하이드로제네이티드레시틴, 미리스틱애씨드, 틴옥사이드, 실리카, 토코페롤",이니스프리,이니스프리_쉬어 글로이 하이라이터 5.5g
일반 화장솜 80매,https://www.amoremall.com/kr/ko/product/detail?onlineProdSn=60070,1500.0,80ea,80.0,ea,상세 참조,이니스프리,이니스프리_일반 화장솜 80매
그린펫클럽 꼼꼼 워터리스 발세정제  150ml,https://www.amoremall.com/kr/ko/product/detail?onlineProdSn=59958,28000.0,150ml,150.0,ml,"정제수, 부틸렌글라이콜, 1,2-헥산다이올, 포타슘코코일글리시네이트, 향료, 다이소듐코코암포다이아세테이트, 글리세린, 소듐클로라이드, 다이소듐이디티에이, 시트릭애씨드, 사이클로덱스트린, 편백수, 헥실렌글라이콜, 소듐시트레이트, 병풀추출물, 약모밀추출물, 보리씨추출물, 프로판다이올, 녹차추출물, 동백나무꽃추출물, 에틸헥실글리세린",이니스프리,이니스프리_그린펫클럽 꼼꼼 워터리스 발세정제  150ml
아일 넘버 핸드크림 웜앤퍼지스 50ml,https://www.amoremall.com/kr/ko/product/detail?onlineProdSn=59898,15000.0,50ml,50.0,ml,"정제수, 부틸렌글라이콜, 글리세린, 세테아릴알코올, 글리세릴스테아레이트, 메틸트라이메티콘, 다이카프릴릴카보네이트, 향료, 시어버터, 1,2-헥산다이올, 스쿠알란, 하이드로제네이티드폴리(C6-14올레핀), 세테아릴글루코사이드, 팔미틱애씨드, 스테아릭애씨드, 하이드록시에틸아크릴레이트/소듐아크릴로일다이메틸타우레이트코폴리머, 하이드록시프로필스타치포스페이트, 소듐스테아로일글루타메이트, 실리카, 소듐메타포스페이트, 벤질벤조에이트, 프로판다이올, 에틸헥실글리세린, 솔비탄아이소스테아레이트, 리날룰, 호호바씨오일, 제라니올, 시트로넬올, 쿠마린, 유제놀, 리모넨, 토코페롤, 트라이에틸시트레이트, 녹차추출물, 레몬껍질오일, 마테잎추출물, 소두구씨오일, 스피어민트잎오일, 갈바눔수지오일, 시트로넬라오일",이니스프리,이니스프리_아일 넘버 핸드크림 웜앤퍼지스 50ml
파워프루프 펜 라이너 0.6g,https://www.amoremall.com/kr/ko/product/detail?onlineProdSn=58398,12000.0,0.6g,0.6,g,"정제수, 스타이렌/아크릴레이트코폴리머, 카본블랙, 부틸렌글라이콜, 에탄올, 1,2-헥산다이올, 아크릴레이트/옥틸아크릴아마이드코폴리머, 베헤네스-30, 펜틸렌글라이콜, 소듐벤조에이트, 포타슘솔베이트, 페녹시에탄올, 소듐하이드록사이드, 카프릴릴글라이콜, 에틸헥실글리세린",이니스프리,이니스프리_파워프루프 펜 라이너 0.6g
왕벚꽃 글로우 젤리 크림 50ml,https://www.amoremall.com/kr/ko/product/detail?onlineProdSn=58395,22000.0,50ml,50.0,ml,"정제수, 글리세린, 프로판다이올, 다이프로필렌글라이콜, 나이아신아마이드, 베타인, 1,2-헥산다이올, 카보머, 트로메타민, 암모늄아크릴로일다이메틸타우레이트/베헤네스-25메타크라일레이트크로스폴리머, 다이소듐이디티에이, 에틸헥실글리세린, 향료, 왕벚나무잎추출물(80 ppm), 토코페롤",이니스프리,이니스프리_왕벚꽃 글로우 젤리 크림 50ml
스퀴즈 에너지 마스크 1매 22ml,https://www.amoremall.com/kr/ko/product/detail?onlineProdSn=58001,2000.0,22ml 1매,22.0,ml,"정제수, 부틸렌글라이콜, 다이프로필렌글라이콜, 글리세린, 알로에베라잎즙(7,000 ppm), 글리세릴폴리메타크릴레이트, 1,2-헥산다이올, 폴리글리세릴-10라우레이트, 카보머, 알지닌, 글리세릴카프릴레이트, 잔탄검, 에틸헥실글리세린, 모란뿌리추출물, 병풀추출물, 다이소듐이디티에이, 마트리카리아꽃추출물, 향료, 다이에틸헥실소듐설포석시네이트, 소듐하이알루로네이트",이니스프리,이니스프리_스퀴즈 에너지 마스크 1매 22ml
레티놀 시카 흔적 앰플 50ml,https://www.amoremall.com/kr/ko/product/detail?onlineProdSn=57026,57000.0,50ml,50.0,ml,"정제수, 글리세린, 부틸렌글라이콜, 나이아신아마이드, 다이부틸아디페이트, 카프릴릭/카프릭트라이글리세라이드, 1,2-헥산다이올, 하이드로제네이티드레시틴, 암모늄아크릴로일다이메틸타우레이트/브이피코폴리머, 해바라기씨오일, 콜레스테롤, 알란토인, 돌콩오일, 토코페롤, 토코페릴아세테이트, 소듐메틸스테아로일타우레이트, 프로판다이올, 당근추출물, 에틸헥실글리세린, 아데노신, 아시아티코사이드, 마데카식애씨드, 녹차씨추출물, 아시아틱애씨드, 레티놀(500IU/g), 스테아릴글리시레티네이트, 하이알루로닉애씨드, 만니톨, 세라마이드엔피, 베타-글루칸, 베타-카로틴, 피토스핑고신, 비에이치티, 살리실릭애씨드, 아세틸테트라펩타이드-11",이니스프리,이니스프리_레티놀 시카 흔적 앰플 50ml
그린프로폴리스 치약 100g*3,https://www.amoremall.com/kr/ko/product/detail?onlineProdSn=57073,14900.0,100g*3,100.0,g,"[유효성분]녹차추출액, 덴탈타입실리카, 센텔라정량추출물, 일불소인산나트륨, 피로인산나트륨 [기타첨가제]글리세린, 라우릴황산나트륨, 사카린나트륨, 셀룰로오스검, 소르비톨액(비결정성), 수크랄로스, 시트르산, 시트르산나트륨, 알로에추출물(2), L-멘톨, 자일리톨, 정제수, 치자황색소, 프로폴리스추출물*부틸렌글리콜, 향료 (*프로폴리스추출물:그린프로폴리스 사용)",메디안,메디안_그린프로폴리스 치약 100g*3
이지클린 센서티브 칫솔 4입,https://www.amoremall.com/kr/ko/product/detail?onlineProdSn=60711,6900.0,,,,,메디안,메디안_이지클린 센서티브 칫솔 4입
소금의 명작 치약,https://www.amoremall.com/kr/ko/product/detail?onlineProdSn=65573,10818.0,120g*3입,120.0,g,"[유효성분] 덴탈타입실리카, 염화나트륨, 일불소인산나트륨 / [기타 첨가제] 글리세린, 라우릴황산나트륨, 셀룰로오스검, 소르비톨액(비결정성), 정제수, 향료",메디안,메디안_소금의 명작 치약
후레쉬 치약 3입  120g*3,https://www.amoremall.com/kr/ko/product/detail?onlineProdSn=60497,8750.0,120g*3,120.0,g,"[유효성분] 덴탈타입실리카, 일불소인산나트륨 [기타 첨가제] 글리세린, 라우릴황산나트륨, 사카린나트륨, 셀룰로오스검, 소르비톨액(비결정성), 자일리톨, 정제수, 치자청색소, 탄산수소나트륨, 향료",메디안,메디안_후레쉬 치약 3입  120g*3
잇몸과학 치약 3입,https://www.amoremall.com/kr/ko/product/detail?onlineProdSn=26562,13900.0,120g*3입,120.0,g,"[유효성분]녹차추출액, 일불소인산나트륨, 질산칼륨, 탄산칼슘 [기타첨가제]글리세린, 라우릴황산나트륨, L-멘톨, 사카린나트륨, 셀룰로오스검, 소르비톨액, 알긴산나트륨, 알로에추출물(2), 옥수수불검화정량추출물, 은행잎추출물, 정제수, 칼슘포스페이트하이드록사이드, 토코페롤아세테이트, 프로폴리스추출물*부틸렌글리콜, 함수규산(점증용), 향료",메디안,메디안_잇몸과학 치약 3입
NEW 치석케어칫솔 4입,https://www.amoremall.com/kr/ko/product/detail?onlineProdSn=57084,12900.0,,,,,메디안,메디안_NEW 치석케어칫솔 4입
대나무숯 담은 칫솔 미세모 4입,https://www.amoremall.com/kr/ko/product/detail?onlineProdSn=47911,9900.0,,,,,메디안,메디안_대나무숯 담은 칫솔 미세모 4입
듀얼이펙션 칫솔 4입 미세모,https://www.amoremall.com/kr/ko/product/detail?onlineProdSn=55386,7900.0,,,,,메디안,메디안_듀얼이펙션 칫솔 4입 미세모
닥터메디안 멀티케어 치약,https://www.amoremall.com/kr/ko/product/detail?onlineProdSn=62799,4900.0,120g*3입,120.0,g,"[유효성분] 일불소인산나트륨, 탄산칼슘 / [기타첨가제] 글리세린, 라우릴황산나트륨, 사카린나트륨, 셀룰로오스검, L-멘톨, 정제수, 폴리옥시에틸렌경화피마자유, 함수규산(점증용), 향료",메디안,메디안_닥터메디안 멀티케어 치약
송천염 치약,https://www.amoremall.com/kr/ko/product/detail?onlineProdSn=50064,9754.0,더 보기,,,더 보기,메디안,메디안_송천염 치약
젠티스트 치약 핑크 2입,https://www.amoremall.com/kr/ko/product/detail?onlineProdSn=60893,19577.0,100g*2입,100.0,g,"[유효성분] 녹차추출액, 일불소인산나트륨, 질산칼륨, 탄산칼슘 [기타첨가제] DL-사과산, L-멘톨, 글리세린, 라우릴황산나트륨, 사카린나트륨, 석류추출물/부틸렌글리콜, 센텔라정량추출물, 셀룰로오스검, 소르비톨액(비결정성), 아르기닌, 알긴산나트륨, 알로에추출물(2), 약용탄, 에리스리톨, 자일리톨, 잔탄검, 정제수, 치자적색소, 칼슘포스페이트하이드록사이드, 프로폴리스추출물*부틸렌글리콜, 함수규산(점증용), 향료, 히드로라이즈드콜라겐액(4)/부틸렌글리콜, 히알루론산",메디안,메디안_젠티스트 치약 핑크 2입
구취과학 치약 프리징쿨 3입  120g*3,https://www.amoremall.com/kr/ko/product/detail?onlineProdSn=47960,13860.0,120g*3입,120.0,g,"[유효성분]녹차추출액, 덴탈타입실리카, 일불소인산나트륨, 피로인산나트륨 [기타첨가제]글리세린, 라우릴황산나트륨, 사카린나트륨, 셀룰로오스검, 소르비톨액, 수크랄로스, 실리카, 약용탄, 에리스리톨, 유산균발효액*부틸렌글리콜혼합액, 정제수, 향료",메디안,메디안_구취과학 치약 프리징쿨 3입  120g*3
그래핀 칫솔 4+1입,https://www.amoremall.com/kr/ko/product/detail?onlineProdSn=63220,9803.0,,,,,메디안,메디안_그래핀 칫솔 4+1입
녹차의 명작 치약,https://www.amoremall.com/kr/ko/product/detail?onlineProdSn=65574,10818.0,120g*3입,120.0,g,"[유효성분] 녹차추출액, 일불소인산나트륨, 함수이산화규소 / [기타 첨가제] 글리세린, 라우릴황산나트륨, 사카린 나트륨, 셀룰로오스검, 소르비톨액(비결정성), 정제수, 함수규산(점증용), 향료",메디안,메디안_녹차의 명작 치약
미백과학 치약 플럼민트향,https://www.amoremall.com/kr/ko/product/detail?onlineProdSn=62292,7000.0,100g,100.0,g,"[유효성분] 과산화수소수(35%), 콜로이드성이산화규소 / [기타첨가제] 글리세린, 녹차추출액, 소듐라우릴설페이트, 소듐스타네이트, 수크랄로스, 아세설팜칼륨, 알로에추출물(2), 인산, 정제수, 폴리에틸렌글리콜 1500, 1-하이드록시에탄-1,1-디포스포닉애씨드액, 향료, 히드록시에틸셀룰로오스",메디안,메디안_미백과학 치약 플럼민트향
닥터메디안 칫솔 5+5입,https://www.amoremall.com/kr/ko/product/detail?onlineProdSn=65572,6806.0,,,,,메디안,메디안_닥터메디안 칫솔 5+5입
365DAYS step3 충치 불소 어린이 펌핑 치약 300g,https://www.amoremall.com/kr/ko/product/detail?onlineProdSn=61799,18784.0,300g,300.0,g,"[유효성분] 덴탈타입실리카, 일불소인산나트륨 [기타첨가제] 글리세린, 녹차추출액, 사카린나트륨, 셀룰로오스검, 소듐엔-라우로일-엘-글루타메이트, 시클로덱스트린시럽, 아르기닌, 알긴산나트륨, 정제수, 코코알킬디메틸글리신액, 향료",메디안,메디안_365DAYS step3 충치 불소 어린이 펌핑 치약 300g
플렉스 이펙션 칫솔 4입,https://www.amoremall.com/kr/ko/product/detail?onlineProdSn=54982,9900.0,,,,,메디안,메디안_플렉스 이펙션 칫솔 4입
키즈 365DAYS step3 칫솔 12입,https://www.amoremall.com/kr/ko/product/detail?onlineProdSn=27182,18784.0,,,,,메디안,메디안_키즈 365DAYS step3 칫솔 12입
잇몸과학 칫솔 4입,https://www.amoremall.com/kr/ko/product/detail?onlineProdSn=47913,13900.0,,,,,메디안,메디안_잇몸과학 칫솔 4입
골드와이드 칫솔 10입,https://www.amoremall.com/kr/ko/product/detail?onlineProdSn=47962,13692.0,,,,,메디안,메디안_골드와이드 칫솔 10입
365DAYS 고밀도 초극세모 딥클린 칫솔 16입,https://www.amoremall.com/kr/ko/product/detail?onlineProdSn=61800,18784.0,,,,,메디안,메디안_365DAYS 고밀도 초극세모 딥클린 칫솔 16입
성인용 365DAYS 칫솔 12입,https://www.amoremall.com/kr/ko/product/detail?onlineProdSn=57431,18784.0,,,,,메디안,메디안_성인용 365DAYS 칫솔 12입
소금의 명작 칫솔 4입,https://www.amoremall.com/kr/ko/product/detail?onlineProdSn=65576,10818.0,,,,,메디안,메디안_소금의 명작 칫솔 4입
그린프로폴리스 잇몸케어 칫솔 4+1입,https://www.amoremall.com/kr/ko/product/detail?onlineProdSn=57279,14900.0,,,,,메디안,메디안_그린프로폴리스 잇몸케어 칫솔 4+1입
키즈 365DAYS step3 칫솔 6입,https://www.amoremall.com/kr/ko/product/detail?onlineProdSn=65571,9392.0,,,,,메디안,메디안_키즈 365DAYS step3 칫솔 6입
키즈 365DAYS step2 칫솔 12입,https://www.amoremall.com/kr/ko/product/detail?onlineProdSn=47906,18784.0,,,,,메디안,메디안_키즈 365DAYS step2 칫솔 12입
송천염 미세모 칫솔 4입,https://www.amoremall.com/kr/ko/product/detail?onlineProdSn=54981,9900.0,,,,,메디안,메디안_송천염 미세모 칫솔 4입
젠티스트 치약 핑크 100g,https://www.amoremall.com/kr/ko/product/detail?onlineProdSn=56469,9875.0,100g,100.0,g,"[유효성분] 녹차추출액, 일불소인산나트륨, 질산칼륨, 탄산칼슘 [기타첨가제] DL-사과산, L-멘톨, 글리세린, 라우릴황산나트륨, 사카린나트륨, 석류추출물/부틸렌글리콜, 센텔라정량추출물, 셀룰로오스검, 소르비톨액(비결정성), 아르기닌, 알긴산나트륨, 알로에추출물(2), 약용탄, 에리스리톨, 자일리톨, 잔탄검, 정제수, 치자적색소, 칼슘포스페이트하이드록사이드, 프로폴리스추출물*부틸렌글리콜, 함수규산(점증용), 향료, 히드로라이즈드콜라겐액(4)/부틸렌글리콜, 히알루론산",메디안,메디안_젠티스트 치약 핑크 100g
녹차의 명작 칫솔 4입,https://www.amoremall.com/kr/ko/product/detail?onlineProdSn=65575,10818.0,,,,,메디안,메디안_녹차의 명작 칫솔 4입
젠티스트 치약 핑크 4입+쇼핑백 증정,https://www.amoremall.com/kr/ko/product/detail?onlineProdSn=67032,39155.0,100g*4입,100.0,g,"[유효성분] 녹차추출액, 일불소인산나트륨, 질산칼륨, 탄산칼슘 [기타첨가제] DL-사과산, L-멘톨, 글리세린, 라우릴황산나트륨, 사카린나트륨, 석류추출물/부틸렌글리콜, 센텔라정량추출물, 셀룰로오스검, 소르비톨액(비결정성), 아르기닌, 알긴산나트륨, 알로에추출물(2), 약용탄, 에리스리톨, 자일리톨, 잔탄검, 정제수, 치자적색소, 칼슘포스페이트하이드록사이드, 프로폴리스추출물*부틸렌글리콜, 함수규산(점증용), 향료, 히드로라이즈드콜라겐액(4)/부틸렌글리콜, 히알루론산",메디안,메디안_젠티스트 치약 핑크 4입+쇼핑백 증정
치석케어 치약 오리지널/구취/화이트/잇몸,https://www.amoremall.com/kr/ko/product/detail?onlineProdSn=21522,12900.0,120g*3,120.0,g,"[유효성분] 녹차추출액, 덴탈타입실리카,일불소인산나트륨, 피로인산나트륨 [기타 첨가제] I-멘톨,사카린나트륨, 산화티탄, 셀룰로오스검, 소듐라우릴설페이트, 소르비톨액(비결정성), 수크랄로스, 정제수, 제올라이트*실리카, 중질탄산칼슘, 향료",메디안,메디안_치석케어 치약 오리지널/구취/화이트/잇몸
웨이크업 생기 립밤 3g,https://www.amoremall.com/kr/ko/product/detail?onlineProdSn=29001,12744.0,3 g,3.0,g,"[공통-보습] 스쿠알란, 하이드로제네이티드캐스터오일다이머다이리놀레에이트, 다이아이소스테아릴말레이트, 카프릴릭/카프릭트라이글리세라이드, 폴리글리세릴-2트라이아이소스테아레이트, 합성왁스, 아크릴레이트/스테아릴아크릴레이트/다이메티콘메타크릴레이트코폴리머, 비스-다이글리세릴폴리아실아디페이트-2, 펜타에리스리틸테트라아이소스테아레이트, 하이드로제네이티드폴리아이소부텐, 에이치디아이/트라이메틸올헥실락톤크로스폴리머, 마이크로크리스탈린왁스, 합성플루오르플로고파이트, 시어버터, 페녹시에탄올, 토코페롤, 아르간커넬오일, 에틸렌/프로필렌코폴리머, 피마자씨오일, 호호바씨오일, 에틸헥실팔미테이트, 페퍼민트오일, 실리카, 리모넨, 트라이하이드록시스테아린, 소듐하이알루로네이트 [코어: 01 Lively] 스쿠알란, 하이드로제네이티드캐스터오일다이머다이리놀레에이트, 다이아이소스테아릴말레이트, 합성왁스, 폴리글리세릴-2트라이아이소스테아레이트, 아크릴레이트/스테아릴아크릴레이트/다이메티콘메타크릴레이트코폴리머, 비스-다이글리세릴폴리아실아디페이트-2, 펜타에리스리틸테트라아이소스테아레이트, 카프릴릭/카프릭트라이글리세라이드, 카프릴릭/카프릭트라이글리세라이드, 하이드로제네이티드폴리아이소부텐, 에이치디아이/트라이메틸올헥실락톤크로스폴리머, 마이크로크리스탈린왁스, 합성플루오르플로고파이트, 시어버터, 스테아랄코늄헥토라이트, 적색산화철, 적색202호, 페녹시에탄올, 토코페롤, 아르간커넬오일, 에틸렌/프로필렌코폴리머, 피마자씨오일, 프로필렌카보네이트, 호호바씨오일, 에틸헥실팔미테이트, 페퍼민트오일, 적색201호, 실리카, 리모넨, 트라이하이드록시스테아린, 소듐하이알루로네이트",비레디,비레디_웨이크업 생기 립밤 3g
웨이크업 생기 립밤 3g,https://www.amoremall.com/kr/ko/product/detail?onlineProdSn=29001,12744.0,3 g,3.0,g,"[공통-보습] 스쿠알란, 하이드로제네이티드캐스터오일다이머다이리놀레에이트, 다이아이소스테아릴말레이트, 카프릴릭/카프릭트라이글리세라이드, 폴리글리세릴-2트라이아이소스테아레이트, 합성왁스, 아크릴레이트/스테아릴아크릴레이트/다이메티콘메타크릴레이트코폴리머, 비스-다이글리세릴폴리아실아디페이트-2, 펜타에리스리틸테트라아이소스테아레이트, 하이드로제네이티드폴리아이소부텐, 에이치디아이/트라이메틸올헥실락톤크로스폴리머, 마이크로크리스탈린왁스, 합성플루오르플로고파이트, 시어버터, 페녹시에탄올, 토코페롤, 아르간커넬오일, 에틸렌/프로필렌코폴리머, 피마자씨오일, 호호바씨오일, 에틸헥실팔미테이트, 페퍼민트오일, 실리카, 리모넨, 트라이하이드록시스테아린, 소듐하이알루로네이트 [코어: 01 Lively] 스쿠알란, 하이드로제네이티드캐스터오일다이머다이리놀레에이트, 다이아이소스테아릴말레이트, 합성왁스, 폴리글리세릴-2트라이아이소스테아레이트, 아크릴레이트/스테아릴아크릴레이트/다이메티콘메타크릴레이트코폴리머, 비스-다이글리세릴폴리아실아디페이트-2, 펜타에리스리틸테트라아이소스테아레이트, 카프릴릭/카프릭트라이글리세라이드, 카프릴릭/카프릭트라이글리세라이드, 하이드로제네이티드폴리아이소부텐, 에이치디아이/트라이메틸올헥실락톤크로스폴리머, 마이크로크리스탈린왁스, 합성플루오르플로고파이트, 시어버터, 스테아랄코늄헥토라이트, 적색산화철, 적색202호, 페녹시에탄올, 토코페롤, 아르간커넬오일, 에틸렌/프로필렌코폴리머, 피마자씨오일, 프로필렌카보네이트, 호호바씨오일, 에틸헥실팔미테이트, 페퍼민트오일, 적색201호, 실리카, 리모넨, 트라이하이드록시스테아린, 소듐하이알루로네이트",라네즈,라네즈_웨이크업 생기 립밤 3g
트루톤 로션  40ml,https://www.amoremall.com/kr/ko/product/detail?onlineProdSn=66573,32000.0,40ml,40.0,ml,"정제수, 호모살레이트, 글리세린, 디에칠아미노하이드록시벤조일헥실벤조에이트, 에칠헥실살리실레이트, 부틸렌글라이콜, 티타늄디옥사이드 (CI 77891), C12-15알킬벤조에이트, 비스-에칠헥실옥시페놀메톡시페닐트리아진, 다이아이소프로필세바케이트, 테레프탈릴리덴디캠퍼설포닉애씨드, 1,2-헥산다이올, 포타슘세틸포스페이트, 세테아릴알코올, 트로메타민, 글리세릴스테아레이트, 황색산화철, 베헤닐알코올, 트라이메틸실록시실리케이트, 폴리아크릴레이트크로스폴리머-6, 잔탄검, 소듐폴리아크릴로일다이메틸타우레이트, 마이카, 적색산화철, 하이드로제네이티드레시틴, 카프릴릴글라이콜, 폴리C10-30알킬아크릴레이트, 글리세릴운데실다이메티콘, 에틸헥실글리세린, 알루미늄하이드록사이드, 폴리에스터-1, 향료, 스테아릭애씨드, 실리카다이메틸실릴레이트, 트라이에톡시카프릴릴실레인, 폴리글리세릴-3메틸글루코오스다이스테아레이트, 팔미틱애씨드, 다이소듐이디티에이, 아데노신, 흑색산화철, 에탄올, 마트리카리아꽃추출물, 미리스틱애씨드, 시트릭애씨드, 프로판다이올, 락틱애씨드, 글라이콜릭애씨드, 라우릭애씨드, 말라카이트추출물, 소듐하이알루로네이트, 토코페롤, 하이드롤라이즈드하이알루로닉애씨드, 소듐하이알루로네이트크로스폴리머, 하이알루로닉애씨드, 소듐아세틸레이티드하이알루로네이트",비레디,비레디_트루톤 로션  40ml
트루톤 로션  40ml,https://www.amoremall.com/kr/ko/product/detail?onlineProdSn=66573,32000.0,40ml,40.0,ml,"정제수, 호모살레이트, 글리세린, 디에칠아미노하이드록시벤조일헥실벤조에이트, 에칠헥실살리실레이트, 부틸렌글라이콜, 티타늄디옥사이드 (CI 77891), C12-15알킬벤조에이트, 비스-에칠헥실옥시페놀메톡시페닐트리아진, 다이아이소프로필세바케이트, 테레프탈릴리덴디캠퍼설포닉애씨드, 1,2-헥산다이올, 포타슘세틸포스페이트, 세테아릴알코올, 트로메타민, 글리세릴스테아레이트, 황색산화철, 베헤닐알코올, 트라이메틸실록시실리케이트, 폴리아크릴레이트크로스폴리머-6, 잔탄검, 소듐폴리아크릴로일다이메틸타우레이트, 마이카, 적색산화철, 하이드로제네이티드레시틴, 카프릴릴글라이콜, 폴리C10-30알킬아크릴레이트, 글리세릴운데실다이메티콘, 에틸헥실글리세린, 알루미늄하이드록사이드, 폴리에스터-1, 향료, 스테아릭애씨드, 실리카다이메틸실릴레이트, 트라이에톡시카프릴릴실레인, 폴리글리세릴-3메틸글루코오스다이스테아레이트, 팔미틱애씨드, 다이소듐이디티에이, 아데노신, 흑색산화철, 에탄올, 마트리카리아꽃추출물, 미리스틱애씨드, 시트릭애씨드, 프로판다이올, 락틱애씨드, 글라이콜릭애씨드, 라우릭애씨드, 말라카이트추출물, 소듐하이알루로네이트, 토코페롤, 하이드롤라이즈드하이알루로닉애씨드, 소듐하이알루로네이트크로스폴리머, 하이알루로닉애씨드, 소듐아세틸레이티드하이알루로네이트",라네즈,라네즈_트루톤 로션  40ml
블루 수분 선크림 1+1 기획세트 SPF50+PA++++,https://www.amoremall.com/kr/ko/product/detail?onlineProdSn=65559,25000.0,50ml+50ml,50.0,ml,"정제수, 부틸렌글라이콜, 호모살레이트, 에칠헥실살리실레이트, 변성알코올, 비스-에칠헥실옥시페놀메톡시페닐트리아진, 디에칠아미노하이드록시벤조일헥실벤조에이트, 실리카, 세틸에틸헥사노에이트, 에칠헥실트리아존, 테레프탈릴리덴디캠퍼설포닉애씨드, 트로메타민, 메틸트라이메티콘, 다이아이소프로필세바케이트, 세테아릴알코올, 하이드록시에틸아크릴레이트/소듐아크릴로일다이메틸타우레이트코폴리머, 포타슘세틸포스페이트, 1,2-헥산다이올, 하이드록시프로필스타치포스페이트, 아크릴레이트/C10-30알킬아크릴레이트크로스폴리머, 글리세릴스테아레이트, 하이드로제네이티드레시틴, 향료, 에틸헥실글리세린, 스테아릭애씨드, 폴리글리세릴-3메틸글루코오스다이스테아레이트, 팔미틱애씨드, 다이소듐이디티에이, 솔비탄아이소스테아레이트, 티타늄디옥사이드 (CI 77891), 마이카, 징크옥사이드, 에탄올, 인디고잎추출물, 마트리카리아꽃추출물, 미리스틱애씨드, 프로판다이올, 라우릭애씨드, 말라카이트추출물, 소듐하이알루로네이트, 틴옥사이드, 토코페롤, 소듐라우로일글루타메이트, 하이드롤라이즈드하이알루로닉애씨드, 라이신, 소듐하이알루로네이트크로스폴리머, 마그네슘클로라이드, 하이알루로닉애씨드, 소듐아세틸레이티드하이알루로네이트",비레디,비레디_블루 수분 선크림 1+1 기획세트 SPF50+PA++++
블루 수분 선크림 1+1 기획세트 SPF50+PA++++,https://www.amoremall.com/kr/ko/product/detail?onlineProdSn=65559,25000.0,50ml+50ml,50.0,ml,"정제수, 부틸렌글라이콜, 호모살레이트, 에칠헥실살리실레이트, 변성알코올, 비스-에칠헥실옥시페놀메톡시페닐트리아진, 디에칠아미노하이드록시벤조일헥실벤조에이트, 실리카, 세틸에틸헥사노에이트, 에칠헥실트리아존, 테레프탈릴리덴디캠퍼설포닉애씨드, 트로메타민, 메틸트라이메티콘, 다이아이소프로필세바케이트, 세테아릴알코올, 하이드록시에틸아크릴레이트/소듐아크릴로일다이메틸타우레이트코폴리머, 포타슘세틸포스페이트, 1,2-헥산다이올, 하이드록시프로필스타치포스페이트, 아크릴레이트/C10-30알킬아크릴레이트크로스폴리머, 글리세릴스테아레이트, 하이드로제네이티드레시틴, 향료, 에틸헥실글리세린, 스테아릭애씨드, 폴리글리세릴-3메틸글루코오스다이스테아레이트, 팔미틱애씨드, 다이소듐이디티에이, 솔비탄아이소스테아레이트, 티타늄디옥사이드 (CI 77891), 마이카, 징크옥사이드, 에탄올, 인디고잎추출물, 마트리카리아꽃추출물, 미리스틱애씨드, 프로판다이올, 라우릭애씨드, 말라카이트추출물, 소듐하이알루로네이트, 틴옥사이드, 토코페롤, 소듐라우로일글루타메이트, 하이드롤라이즈드하이알루로닉애씨드, 라이신, 소듐하이알루로네이트크로스폴리머, 마그네슘클로라이드, 하이알루로닉애씨드, 소듐아세틸레이티드하이알루로네이트",라네즈,라네즈_블루 수분 선크림 1+1 기획세트 SPF50+PA++++
블루 파운데이션 SPF27/PA++ 35ml,https://www.amoremall.com/kr/ko/product/detail?onlineProdSn=56132,29000.0,35ml,35.0,ml,"정제수, 메틸트라이메티콘, 티타늄디옥사이드 (CI 77891), 에칠헥실메톡시신나메이트, 아이소도데케인, 다이페닐실록시페닐트라이메티콘, 사이클로펜타실록세인, 글리세린, 변성알코올, 라우릴피이지-8다이메티콘, 부틸렌글라이콜, 글리세레스-26, 실리카, 나일론-12, 다이페닐다이메티콘/비닐다이페닐다이메티콘/실세스퀴옥세인크로스폴리머, 황색산화철, 아크릴레이트/폴리트라이메틸실록시메타크릴레이트코폴리머, 다이스테아다이모늄헥토라이트, 카프릴릴메티콘, 아크릴레이트/다이메티콘코폴리머, 1,2-헥산다이올, 피이지-10다이메티콘, 폴리메틸실세스퀴옥세인, 아크릴레이트/에틸헥실아크릴레이트/다이메티콘메타크릴레이트코폴리머, 카프릴릭/카프릭트라이글리세라이드, 다이메티콘, 알루미늄하이드록사이드, 트라이하이드록시스테아린, 소듐클로라이드, 피토스테릴/옥틸도데실라우로일글루타메이트, 트라이에톡시카프릴릴실레인, 적색산화철, 카프릴릴글라이콜, 향료, 프로필렌카보네이트, 흑색산화철, 글리세릴카프릴레이트, 폴리실리콘-11, 다이소듐이디티에이, 쌀겨왁스, 징크옥사이드, 에탄올, 비에이치티, 마트리카리아꽃추출물, 프로판다이올, 말라카이트추출물, 소듐하이알루로네이트, 토코페롤, 키토산, 소듐라우로일글루타메이트, 하이드롤라이즈드하이알루로닉애씨드, 라이신, 소듐하이알루로네이트크로스폴리머, 마그네슘클로라이드, 하이알루로닉애씨드, 에틸헥실글리세린, 소듐아세틸레이티드하이알루로네이트, 리파아제",비레디,비레디_블루 파운데이션 SPF27/PA++ 35ml
블루 파운데이션 SPF27/PA++ 35ml,https://www.amoremall.com/kr/ko/product/detail?onlineProdSn=56132,29000.0,35ml,35.0,ml,"정제수, 메틸트라이메티콘, 티타늄디옥사이드 (CI 77891), 에칠헥실메톡시신나메이트, 아이소도데케인, 다이페닐실록시페닐트라이메티콘, 사이클로펜타실록세인, 글리세린, 변성알코올, 라우릴피이지-8다이메티콘, 부틸렌글라이콜, 글리세레스-26, 실리카, 나일론-12, 다이페닐다이메티콘/비닐다이페닐다이메티콘/실세스퀴옥세인크로스폴리머, 황색산화철, 아크릴레이트/폴리트라이메틸실록시메타크릴레이트코폴리머, 다이스테아다이모늄헥토라이트, 카프릴릴메티콘, 아크릴레이트/다이메티콘코폴리머, 1,2-헥산다이올, 피이지-10다이메티콘, 폴리메틸실세스퀴옥세인, 아크릴레이트/에틸헥실아크릴레이트/다이메티콘메타크릴레이트코폴리머, 카프릴릭/카프릭트라이글리세라이드, 다이메티콘, 알루미늄하이드록사이드, 트라이하이드록시스테아린, 소듐클로라이드, 피토스테릴/옥틸도데실라우로일글루타메이트, 트라이에톡시카프릴릴실레인, 적색산화철, 카프릴릴글라이콜, 향료, 프로필렌카보네이트, 흑색산화철, 글리세릴카프릴레이트, 폴리실리콘-11, 다이소듐이디티에이, 쌀겨왁스, 징크옥사이드, 에탄올, 비에이치티, 마트리카리아꽃추출물, 프로판다이올, 말라카이트추출물, 소듐하이알루로네이트, 토코페롤, 키토산, 소듐라우로일글루타메이트, 하이드롤라이즈드하이알루로닉애씨드, 라이신, 소듐하이알루로네이트크로스폴리머, 마그네슘클로라이드, 하이알루로닉애씨드, 에틸헥실글리세린, 소듐아세틸레이티드하이알루로네이트, 리파아제",라네즈,라네즈_블루 파운데이션 SPF27/PA++ 35ml
블루쿠션 SPF34/PA++ 15g,https://www.amoremall.com/kr/ko/product/detail?onlineProdSn=63934,24900.0,15g,15.0,g,"정제수, 사이클로펜타실록세인, 메틸트라이메티콘, 부틸렌글라이콜, 티타늄디옥사이드 (CI 77891), 에칠헥실메톡시신나메이트, 실리카, 사이클로헥사실록세인, 피이지-10다이메티콘, 트라이메틸실록시실리케이트, 마이카, 변성알코올, 징크옥사이드, 티타늄디옥사이드, 라우릴피이지-8다이메티콘, 아이소도데케인, 다이스테아다이모늄헥토라이트, 다이메티콘, 보론나이트라이드, 아크릴레이트/폴리트라이메틸실록시메타크릴레이트코폴리머, 황색산화철, 1,2-헥산다이올, 소듐클로라이드, 피씨에이다이메티콘, 아크릴레이트/다이메티콘코폴리머, 알루미늄하이드록사이드, 트라이하이드록시스테아린, 폴리솔베이트80, 카프릴릴글라이콜, 트라이에톡시카프릴릴실레인, 적색산화철, 스테아릭애씨드, 하이드로제네이티드레시틴, 라우로일라이신, 향료, 에틸헥실글리세린, 흑색산화철, 다이소듐이디티에이, 에탄올, 비에이치티, 마트리카리아꽃추출물, 프로판다이올, 말라카이트추출물, 소듐하이알루로네이트, 토코페롤, 소듐라우로일글루타메이트, 하이드롤라이즈드하이알루로닉애씨드, 라이신, 소듐하이알루로네이트크로스폴리머, 마그네슘클로라이드, 하이알루로닉애씨드, 소듐아세틸레이티드하이알루로네이트",비레디,비레디_블루쿠션 SPF34/PA++ 15g
블루쿠션 SPF34/PA++ 15g,https://www.amoremall.com/kr/ko/product/detail?onlineProdSn=63934,24900.0,15g,15.0,g,"정제수, 사이클로펜타실록세인, 메틸트라이메티콘, 부틸렌글라이콜, 티타늄디옥사이드 (CI 77891), 에칠헥실메톡시신나메이트, 실리카, 사이클로헥사실록세인, 피이지-10다이메티콘, 트라이메틸실록시실리케이트, 마이카, 변성알코올, 징크옥사이드, 티타늄디옥사이드, 라우릴피이지-8다이메티콘, 아이소도데케인, 다이스테아다이모늄헥토라이트, 다이메티콘, 보론나이트라이드, 아크릴레이트/폴리트라이메틸실록시메타크릴레이트코폴리머, 황색산화철, 1,2-헥산다이올, 소듐클로라이드, 피씨에이다이메티콘, 아크릴레이트/다이메티콘코폴리머, 알루미늄하이드록사이드, 트라이하이드록시스테아린, 폴리솔베이트80, 카프릴릴글라이콜, 트라이에톡시카프릴릴실레인, 적색산화철, 스테아릭애씨드, 하이드로제네이티드레시틴, 라우로일라이신, 향료, 에틸헥실글리세린, 흑색산화철, 다이소듐이디티에이, 에탄올, 비에이치티, 마트리카리아꽃추출물, 프로판다이올, 말라카이트추출물, 소듐하이알루로네이트, 토코페롤, 소듐라우로일글루타메이트, 하이드롤라이즈드하이알루로닉애씨드, 라이신, 소듐하이알루로네이트크로스폴리머, 마그네슘클로라이드, 하이알루로닉애씨드, 소듐아세틸레이티드하이알루로네이트",라네즈,라네즈_블루쿠션 SPF34/PA++ 15g
무드업 듀얼 아이섀도우 브러쉬,https://www.amoremall.com/kr/ko/product/detail?onlineProdSn=35006,10000.0,,,,,비레디,비레디_무드업 듀얼 아이섀도우 브러쉬
무드업 듀얼 아이섀도우 브러쉬,https://www.amoremall.com/kr/ko/product/detail?onlineProdSn=35006,10000.0,,,,,라네즈,라네즈_무드업 듀얼 아이섀도우 브러쉬
블루쿠션 SPF34/PA++ 15g,https://www.amoremall.com/kr/ko/product/detail?onlineProdSn=62820,32895.0,15g,15.0,g,"정제수, 사이클로펜타실록세인, 메틸트라이메티콘, 부틸렌글라이콜, 티타늄디옥사이드 (CI 77891), 에칠헥실메톡시신나메이트, 실리카, 사이클로헥사실록세인, 피이지-10다이메티콘, 트라이메틸실록시실리케이트, 마이카, 변성알코올, 징크옥사이드, 티타늄디옥사이드, 라우릴피이지-8다이메티콘, 아이소도데케인, 다이스테아다이모늄헥토라이트, 다이메티콘, 보론나이트라이드, 아크릴레이트/폴리트라이메틸실록시메타크릴레이트코폴리머, 황색산화철, 1,2-헥산다이올, 소듐클로라이드, 피씨에이다이메티콘, 아크릴레이트/다이메티콘코폴리머, 알루미늄하이드록사이드, 트라이하이드록시스테아린, 폴리솔베이트80, 카프릴릴글라이콜, 트라이에톡시카프릴릴실레인, 적색산화철, 스테아릭애씨드, 하이드로제네이티드레시틴, 라우로일라이신, 향료, 에틸헥실글리세린, 흑색산화철, 다이소듐이디티에이, 에탄올, 비에이치티, 마트리카리아꽃추출물, 프로판다이올, 말라카이트추출물, 소듐하이알루로네이트, 토코페롤, 소듐라우로일글루타메이트, 하이드롤라이즈드하이알루로닉애씨드, 라이신, 소듐하이알루로네이트크로스폴리머, 마그네슘클로라이드, 하이알루로닉애씨드, 소듐아세틸레이티드하이알루로네이트",비레디,비레디_블루쿠션 SPF34/PA++ 15g
블루쿠션 SPF34/PA++ 15g,https://www.amoremall.com/kr/ko/product/detail?onlineProdSn=62820,32895.0,15g,15.0,g,"정제수, 사이클로펜타실록세인, 메틸트라이메티콘, 부틸렌글라이콜, 티타늄디옥사이드 (CI 77891), 에칠헥실메톡시신나메이트, 실리카, 사이클로헥사실록세인, 피이지-10다이메티콘, 트라이메틸실록시실리케이트, 마이카, 변성알코올, 징크옥사이드, 티타늄디옥사이드, 라우릴피이지-8다이메티콘, 아이소도데케인, 다이스테아다이모늄헥토라이트, 다이메티콘, 보론나이트라이드, 아크릴레이트/폴리트라이메틸실록시메타크릴레이트코폴리머, 황색산화철, 1,2-헥산다이올, 소듐클로라이드, 피씨에이다이메티콘, 아크릴레이트/다이메티콘코폴리머, 알루미늄하이드록사이드, 트라이하이드록시스테아린, 폴리솔베이트80, 카프릴릴글라이콜, 트라이에톡시카프릴릴실레인, 적색산화철, 스테아릭애씨드, 하이드로제네이티드레시틴, 라우로일라이신, 향료, 에틸헥실글리세린, 흑색산화철, 다이소듐이디티에이, 에탄올, 비에이치티, 마트리카리아꽃추출물, 프로판다이올, 말라카이트추출물, 소듐하이알루로네이트, 토코페롤, 소듐라우로일글루타메이트, 하이드롤라이즈드하이알루로닉애씨드, 라이신, 소듐하이알루로네이트크로스폴리머, 마그네슘클로라이드, 하이알루로닉애씨드, 소듐아세틸레이티드하이알루로네이트",라네즈,라네즈_블루쿠션 SPF34/PA++ 15g
시카페인 트러블리셋 세럼 40ml,https://www.amoremall.com/kr/ko/product/detail?onlineProdSn=60517,38000.0,40ml,40.0,ml,"편백수, 정제수, 부틸렌글라이콜, 글리세린, 다이프로필렌글라이콜, 베타인, 변성알코올, 나이아신아마이드, 스쿠알란, 카페인, 다이에톡시에틸석시네이트, 1,2-헥산다이올, 수크로오스스테아레이트, 소듐폴리아크릴로일다이메틸타우레이트, 글리세릴폴리메타크릴레이트, 폴리글리세릴-10스테아레이트, 폴리메틸메타크릴레이트, 메틸트라이메티콘, 하이드로제네이티드레시틴, 하이드로제네이티드포스파티딜콜린, 에틸헥실글리세린, 폴리글리세릴-10라우레이트, 티몰트라이메톡시신나메이트, 카보머, 트로메타민, 잔탄검, 글루코노락톤, 소듐시트레이트, 다이소듐이디티에이, 말라카이트추출물, 잇꽃꽃추출물, 덱스트린, 시트릭애씨드, 피토스테롤, 알지닌, 사이클로덱스트린, 하이드록시프로필사이클로덱스트린, 말토덱스트린, 토코페롤",비레디,비레디_시카페인 트러블리셋 세럼 40ml
시카페인 트러블리셋 세럼 40ml,https://www.amoremall.com/kr/ko/product/detail?onlineProdSn=60517,38000.0,40ml,40.0,ml,"편백수, 정제수, 부틸렌글라이콜, 글리세린, 다이프로필렌글라이콜, 베타인, 변성알코올, 나이아신아마이드, 스쿠알란, 카페인, 다이에톡시에틸석시네이트, 1,2-헥산다이올, 수크로오스스테아레이트, 소듐폴리아크릴로일다이메틸타우레이트, 글리세릴폴리메타크릴레이트, 폴리글리세릴-10스테아레이트, 폴리메틸메타크릴레이트, 메틸트라이메티콘, 하이드로제네이티드레시틴, 하이드로제네이티드포스파티딜콜린, 에틸헥실글리세린, 폴리글리세릴-10라우레이트, 티몰트라이메톡시신나메이트, 카보머, 트로메타민, 잔탄검, 글루코노락톤, 소듐시트레이트, 다이소듐이디티에이, 말라카이트추출물, 잇꽃꽃추출물, 덱스트린, 시트릭애씨드, 피토스테롤, 알지닌, 사이클로덱스트린, 하이드록시프로필사이클로덱스트린, 말토덱스트린, 토코페롤",라네즈,라네즈_시카페인 트러블리셋 세럼 40ml
블루 수분 선크림 SPF50+/PA++++ 50ml,https://www.amoremall.com/kr/ko/product/detail?onlineProdSn=57466,25000.0,50ml,50.0,ml,"정제수, 부틸렌글라이콜, 호모살레이트, 에칠헥실살리실레이트, 변성알코올, 비스-에칠헥실옥시페놀메톡시페닐트리아진, 디에칠아미노하이드록시벤조일헥실벤조에이트, 실리카, 세틸에틸헥사노에이트, 에칠헥실트리아존, 테레프탈릴리덴디캠퍼설포닉애씨드, 트로메타민, 메틸트라이메티콘, 다이아이소프로필세바케이트, 세테아릴알코올, 하이드록시에틸아크릴레이트/소듐아크릴로일다이메틸타우레이트코폴리머, 포타슘세틸포스페이트, 1,2-헥산다이올, 하이드록시프로필스타치포스페이트, 아크릴레이트/C10-30알킬아크릴레이트크로스폴리머, 글리세릴스테아레이트, 하이드로제네이티드레시틴, 향료, 에틸헥실글리세린, 스테아릭애씨드, 폴리글리세릴-3메틸글루코오스다이스테아레이트, 팔미틱애씨드, 다이소듐이디티에이, 솔비탄아이소스테아레이트, 티타늄디옥사이드 (CI 77891), 마이카, 징크옥사이드, 에탄올, 인디고잎추출물, 마트리카리아꽃추출물, 미리스틱애씨드, 프로판다이올, 라우릭애씨드, 말라카이트추출물, 소듐하이알루로네이트, 틴옥사이드, 토코페롤, 소듐라우로일글루타메이트, 하이드롤라이즈드하이알루로닉애씨드, 라이신, 소듐하이알루로네이트크로스폴리머, 마그네슘클로라이드, 하이알루로닉애씨드, 소듐아세틸레이티드하이알루로네이트",비레디,비레디_블루 수분 선크림 SPF50+/PA++++ 50ml
블루 수분 선크림 SPF50+/PA++++ 50ml,https://www.amoremall.com/kr/ko/product/detail?onlineProdSn=57466,25000.0,50ml,50.0,ml,"정제수, 부틸렌글라이콜, 호모살레이트, 에칠헥실살리실레이트, 변성알코올, 비스-에칠헥실옥시페놀메톡시페닐트리아진, 디에칠아미노하이드록시벤조일헥실벤조에이트, 실리카, 세틸에틸헥사노에이트, 에칠헥실트리아존, 테레프탈릴리덴디캠퍼설포닉애씨드, 트로메타민, 메틸트라이메티콘, 다이아이소프로필세바케이트, 세테아릴알코올, 하이드록시에틸아크릴레이트/소듐아크릴로일다이메틸타우레이트코폴리머, 포타슘세틸포스페이트, 1,2-헥산다이올, 하이드록시프로필스타치포스페이트, 아크릴레이트/C10-30알킬아크릴레이트크로스폴리머, 글리세릴스테아레이트, 하이드로제네이티드레시틴, 향료, 에틸헥실글리세린, 스테아릭애씨드, 폴리글리세릴-3메틸글루코오스다이스테아레이트, 팔미틱애씨드, 다이소듐이디티에이, 솔비탄아이소스테아레이트, 티타늄디옥사이드 (CI 77891), 마이카, 징크옥사이드, 에탄올, 인디고잎추출물, 마트리카리아꽃추출물, 미리스틱애씨드, 프로판다이올, 라우릭애씨드, 말라카이트추출물, 소듐하이알루로네이트, 틴옥사이드, 토코페롤, 소듐라우로일글루타메이트, 하이드롤라이즈드하이알루로닉애씨드, 라이신, 소듐하이알루로네이트크로스폴리머, 마그네슘클로라이드, 하이알루로닉애씨드, 소듐아세틸레이티드하이알루로네이트",라네즈,라네즈_블루 수분 선크림 SPF50+/PA++++ 50ml
프라이드업 아이브로우 0.6G,https://www.amoremall.com/kr/ko/product/detail?onlineProdSn=32460,12900.0,0.6 g,0.6,g,"[펜슬] 하이드로제네이티드돌콩오일, 하이드로제네이티드코코-글리세라이즈, 하이드로제네이티드식물성오일, 징크스테아레이트, 스테아릭애씨드, 카나우바왁스, 폴리글리세릴-2트라이아이소스테아레이트, 토코페롤, 카프릴릴글라이콜, 페녹시에탄올, 아스코빌팔미테이트, 헥실렌글라이콜, 마이카, 흑색산화철, 황색산화철, 적색산화철 / [파우더] 탤크, 옥틸도데실스테아로일스테아레이트, 다이펜타에리스리틸헥사하이드록시스테아레이트/헥사스테아레이트/헥사로지네이트, 옥틸도데칸올, 다이메티콘, 페녹시에탄올, 마그네슘미리스테이트, 호호바씨오일, 카프릴릴글라이콜, 비사보롤, 헥실렌글라이콜, 마이카, 흑색산화철, 황색산화철, 적색산화철",비레디,비레디_프라이드업 아이브로우 0.6G
프라이드업 아이브로우 0.6G,https://www.amoremall.com/kr/ko/product/detail?onlineProdSn=32460,12900.0,0.6 g,0.6,g,"[펜슬] 하이드로제네이티드돌콩오일, 하이드로제네이티드코코-글리세라이즈, 하이드로제네이티드식물성오일, 징크스테아레이트, 스테아릭애씨드, 카나우바왁스, 폴리글리세릴-2트라이아이소스테아레이트, 토코페롤, 카프릴릴글라이콜, 페녹시에탄올, 아스코빌팔미테이트, 헥실렌글라이콜, 마이카, 흑색산화철, 황색산화철, 적색산화철 / [파우더] 탤크, 옥틸도데실스테아로일스테아레이트, 다이펜타에리스리틸헥사하이드록시스테아레이트/헥사스테아레이트/헥사로지네이트, 옥틸도데칸올, 다이메티콘, 페녹시에탄올, 마그네슘미리스테이트, 호호바씨오일, 카프릴릴글라이콜, 비사보롤, 헥실렌글라이콜, 마이카, 흑색산화철, 황색산화철, 적색산화철",라네즈,라네즈_프라이드업 아이브로우 0.6G
블루 세범 파우더 7g,https://www.amoremall.com/kr/ko/product/detail?onlineProdSn=57744,15000.0,7g,7.0,g,"실리카, 카프릴릭/카프릭트라이글리세라이드, 다이메티콘/비닐다이메티콘크로스폴리머, 메티콘, 에틸헥실글리세린, 글리세릴카프릴레이트, 정제수, 에탄올, 마트리카리아꽃추출물, 프로판다이올, 1,2-헥산다이올, 말라카이트추출물, 소듐하이알루로네이트, 토코페롤, 하이드롤라이즈드하이알루로닉애씨드, 소듐하이알루로네이트크로스폴리머, 하이알루로닉애씨드, 소듐아세틸레이티드하이알루로네이트",비레디,비레디_블루 세범 파우더 7g
블루 세범 파우더 7g,https://www.amoremall.com/kr/ko/product/detail?onlineProdSn=57744,15000.0,7g,7.0,g,"실리카, 카프릴릭/카프릭트라이글리세라이드, 다이메티콘/비닐다이메티콘크로스폴리머, 메티콘, 에틸헥실글리세린, 글리세릴카프릴레이트, 정제수, 에탄올, 마트리카리아꽃추출물, 프로판다이올, 1,2-헥산다이올, 말라카이트추출물, 소듐하이알루로네이트, 토코페롤, 하이드롤라이즈드하이알루로닉애씨드, 소듐하이알루로네이트크로스폴리머, 하이알루로닉애씨드, 소듐아세틸레이티드하이알루로네이트",라네즈,라네즈_블루 세범 파우더 7g
시카페인 트러블리셋 토너 250ml,https://www.amoremall.com/kr/ko/product/detail?onlineProdSn=60519,25000.0,250ml,250.0,ml,"편백수, 정제수, 부틸렌글라이콜, 글리세린, 프로판다이올, 1,2-헥산다이올, 다이프로필렌글라이콜, 소듐시트레이트, 에틸헥실글리세린, 시트릭애씨드, 하이드록시에틸아크릴레이트/소듐아크릴로일다이메틸타우레이트코폴리머, 글루코노락톤, 다이소듐이디티에이, 나이아신아마이드, 카페인, 솔비탄아이소스테아레이트, 토코페롤, 알지닌, 사이클로덱스트린, 하이드록시프로필사이클로덱스트린, 말토덱스트린, 피토스테롤",비레디,비레디_시카페인 트러블리셋 토너 250ml
시카페인 트러블리셋 토너 250ml,https://www.amoremall.com/kr/ko/product/detail?onlineProdSn=60519,25000.0,250ml,250.0,ml,"편백수, 정제수, 부틸렌글라이콜, 글리세린, 프로판다이올, 1,2-헥산다이올, 다이프로필렌글라이콜, 소듐시트레이트, 에틸헥실글리세린, 시트릭애씨드, 하이드록시에틸아크릴레이트/소듐아크릴로일다이메틸타우레이트코폴리머, 글루코노락톤, 다이소듐이디티에이, 나이아신아마이드, 카페인, 솔비탄아이소스테아레이트, 토코페롤, 알지닌, 사이클로덱스트린, 하이드록시프로필사이클로덱스트린, 말토덱스트린, 피토스테롤",라네즈,라네즈_시카페인 트러블리셋 토너 250ml
시카페인 트러블리셋 크림 70ml,https://www.amoremall.com/kr/ko/product/detail?onlineProdSn=60518,34000.0,70ml,70.0,ml,"편백수, 부틸렌글라이콜, 글리세린, 다이카프릴릴에터, 1,2-헥산다이올, 스쿠알란, 페닐트라이메티콘, 메틸트라이메티콘, 아이소노닐아이소노나노에이트, 베타인, C14-22알코올, 정제수, 세테아릴알코올, 세테아릴올리베이트, 스테아릴다이메티콘, 글리세릴스테아레이트, 솔비탄올리베이트, 피씨에이다이메티콘, 팔미틱애씨드, 스테아릭애씨드, 하이드록시에틸아크릴레이트/소듐아크릴로일다이메틸타우레이트코폴리머, C12-20알킬글루코사이드, 소듐스테아로일글루타메이트, 에틸헥실글리세린, 아크릴레이트/C10-30알킬아크릴레이트크로스폴리머, 베헤닐알코올, 트로메타민, 잔탄검, 피토스테롤, 솔비탄아이소스테아레이트, 말라카이트추출물, 다이소듐이디티에이, 잇꽃꽃추출물, 덱스트린, 나이아신아마이드, 카페인, 세라마이드엔피, 토코페롤, 알지닌, 사이클로덱스트린, 하이드록시프로필사이클로덱스트린, 말토덱스트린, 시트릭애씨드",비레디,비레디_시카페인 트러블리셋 크림 70ml
시카페인 트러블리셋 크림 70ml,https://www.amoremall.com/kr/ko/product/detail?onlineProdSn=60518,34000.0,70ml,70.0,ml,"편백수, 부틸렌글라이콜, 글리세린, 다이카프릴릴에터, 1,2-헥산다이올, 스쿠알란, 페닐트라이메티콘, 메틸트라이메티콘, 아이소노닐아이소노나노에이트, 베타인, C14-22알코올, 정제수, 세테아릴알코올, 세테아릴올리베이트, 스테아릴다이메티콘, 글리세릴스테아레이트, 솔비탄올리베이트, 피씨에이다이메티콘, 팔미틱애씨드, 스테아릭애씨드, 하이드록시에틸아크릴레이트/소듐아크릴로일다이메틸타우레이트코폴리머, C12-20알킬글루코사이드, 소듐스테아로일글루타메이트, 에틸헥실글리세린, 아크릴레이트/C10-30알킬아크릴레이트크로스폴리머, 베헤닐알코올, 트로메타민, 잔탄검, 피토스테롤, 솔비탄아이소스테아레이트, 말라카이트추출물, 다이소듐이디티에이, 잇꽃꽃추출물, 덱스트린, 나이아신아마이드, 카페인, 세라마이드엔피, 토코페롤, 알지닌, 사이클로덱스트린, 하이드록시프로필사이클로덱스트린, 말토덱스트린, 시트릭애씨드",라네즈,라네즈_시카페인 트러블리셋 크림 70ml
블루 파운데이션 퍼프,https://www.amoremall.com/kr/ko/product/detail?onlineProdSn=56386,8000.0,,,,,비레디,비레디_블루 파운데이션 퍼프
블루 파운데이션 퍼프,https://www.amoremall.com/kr/ko/product/detail?onlineProdSn=56386,8000.0,,,,,라네즈,라네즈_블루 파운데이션 퍼프
하이드로 스웻프루프 선크림 SPF50+/PA++++ 50ml,https://www.amoremall.com/kr/ko/product/detail?onlineProdSn=64846,25000.0,50 ml,50.0,ml,"정제수, 다이부틸아디페이트, 비스-에칠헥실옥시페놀메톡시페닐트리아진, C12-15알킬벤조에이트, 부틸렌글라이콜, 에칠헥실트리아존, 변성알코올, 나이아신아마이드, 디에칠아미노하이드록시벤조일헥실벤조에이트, 폴리실리콘-15, 다이에틸헥실석시네이트, 티타늄디옥사이드, 폴리글리세릴-10스테아레이트, 베헤닐알코올, 소듐메틸스테아로일타우레이트, 1,2-헥산다이올, 실리카, 다이페닐실록시페닐트라이메티콘, 스테아릭애씨드, 하이드록시에틸아크릴레이트/소듐아크릴로일다이메틸타우레이트코폴리머, 폴리아크릴레이트크로스폴리머-6, 소듐폴리아크릴로일다이메틸타우레이트, 아라키딜알코올, 알루미늄하이드록사이드, 카프릴릴글라이콜, 글리세린, 에틸헥실글리세린, 시트릭애씨드, 멘톡시프로판다이올, 아라키딜글루코사이드, 소듐시트레이트, 아데노신, 구아이아줄렌, 이눌린라우릴카바메이트, 폴리에터-1, 향료, 솔비탄아이소스테아레이트, 타우린, 소듐메타포스페이트, 에탄올, 마트리카리아꽃추출물, 프로판다이올, 말라카이트추출물, 소듐하이알루로네이트, 토코페롤, 다이소듐이디티에이, 하이드롤라이즈드하이알루로닉애씨드, 소듐하이알루로네이트크로스폴리머, 피씨에이, 락틱애씨드, 글루코오스, 하이알루로닉애씨드, 글라이신, 우레아, 소듐글리세로포스페이트, 세린, 글루타믹애씨드, 포타슘마네슘아스파테이트, 아스파틱애씨드, 류신, 소듐클로라이드, 알라닌, 라이신, 알지닌, 칼슘글루코네이트, 마그네슘글루코네이트, 타이로신, 페닐알라닌, 프롤린, 트레오닌, 발린, 아이소류신, 소듐아세틸레이티드하이알루로네이트, 히스티딘, 아세틸글루코사민, 시스테인, 크레아틴, 우릭애씨드, 메티오닌",비레디,비레디_하이드로 스웻프루프 선크림 SPF50+/PA++++ 50ml
하이드로 스웻프루프 선크림 SPF50+/PA++++ 50ml,https://www.amoremall.com/kr/ko/product/detail?onlineProdSn=64846,25000.0,50 ml,50.0,ml,"정제수, 다이부틸아디페이트, 비스-에칠헥실옥시페놀메톡시페닐트리아진, C12-15알킬벤조에이트, 부틸렌글라이콜, 에칠헥실트리아존, 변성알코올, 나이아신아마이드, 디에칠아미노하이드록시벤조일헥실벤조에이트, 폴리실리콘-15, 다이에틸헥실석시네이트, 티타늄디옥사이드, 폴리글리세릴-10스테아레이트, 베헤닐알코올, 소듐메틸스테아로일타우레이트, 1,2-헥산다이올, 실리카, 다이페닐실록시페닐트라이메티콘, 스테아릭애씨드, 하이드록시에틸아크릴레이트/소듐아크릴로일다이메틸타우레이트코폴리머, 폴리아크릴레이트크로스폴리머-6, 소듐폴리아크릴로일다이메틸타우레이트, 아라키딜알코올, 알루미늄하이드록사이드, 카프릴릴글라이콜, 글리세린, 에틸헥실글리세린, 시트릭애씨드, 멘톡시프로판다이올, 아라키딜글루코사이드, 소듐시트레이트, 아데노신, 구아이아줄렌, 이눌린라우릴카바메이트, 폴리에터-1, 향료, 솔비탄아이소스테아레이트, 타우린, 소듐메타포스페이트, 에탄올, 마트리카리아꽃추출물, 프로판다이올, 말라카이트추출물, 소듐하이알루로네이트, 토코페롤, 다이소듐이디티에이, 하이드롤라이즈드하이알루로닉애씨드, 소듐하이알루로네이트크로스폴리머, 피씨에이, 락틱애씨드, 글루코오스, 하이알루로닉애씨드, 글라이신, 우레아, 소듐글리세로포스페이트, 세린, 글루타믹애씨드, 포타슘마네슘아스파테이트, 아스파틱애씨드, 류신, 소듐클로라이드, 알라닌, 라이신, 알지닌, 칼슘글루코네이트, 마그네슘글루코네이트, 타이로신, 페닐알라닌, 프롤린, 트레오닌, 발린, 아이소류신, 소듐아세틸레이티드하이알루로네이트, 히스티딘, 아세틸글루코사민, 시스테인, 크레아틴, 우릭애씨드, 메티오닌",라네즈,라네즈_하이드로 스웻프루프 선크림 SPF50+/PA++++ 50ml
에어리 헤어 페이스트 80g,https://www.amoremall.com/kr/ko/product/detail?onlineProdSn=57746,16500.0,80g,80.0,g,"정제수, 마이크로크리스탈린왁스, 칸데릴라왁스, 다이메티콘, 폴리솔베이트60, 사이클로펜타실록세인, 부틸렌글라이콜, 비즈왁스, 브이피/브이에이코폴리머, 글리세릴스테아레이트, 사이클로헥사실록세인, 세테아릴알코올, 피이지-100스테아레이트, 팔미틱애씨드, 스테아릭애씨드, 글리세린, 향료, 에틸헥실팔미테이트, 카올린, 하이드록시아세토페논, 솔비톨, 카프릴릭/카프릭트라이글리세라이드, 리모넨, 카보머, 트로메타민, 벤질살리실레이트, 1,2-헥산다이올, 카프릴릴글라이콜, 리날룰, 다이소듐이디티에이, 제라니올, 동백나무씨오일, 드럼스틱씨추출물, 녹차추출물, 글라이신, 알라닌, 알지닌, 아스파틱애씨드, 프롤린, 세린, 글루타믹애씨드, 타우린, 히스티딘, 페닐알라닌, 류신, 발린, 메티오닌, 아이소류신, 오르니틴",비레디,비레디_에어리 헤어 페이스트 80g
에어리 헤어 페이스트 80g,https://www.amoremall.com/kr/ko/product/detail?onlineProdSn=57746,16500.0,80g,80.0,g,"정제수, 마이크로크리스탈린왁스, 칸데릴라왁스, 다이메티콘, 폴리솔베이트60, 사이클로펜타실록세인, 부틸렌글라이콜, 비즈왁스, 브이피/브이에이코폴리머, 글리세릴스테아레이트, 사이클로헥사실록세인, 세테아릴알코올, 피이지-100스테아레이트, 팔미틱애씨드, 스테아릭애씨드, 글리세린, 향료, 에틸헥실팔미테이트, 카올린, 하이드록시아세토페논, 솔비톨, 카프릴릭/카프릭트라이글리세라이드, 리모넨, 카보머, 트로메타민, 벤질살리실레이트, 1,2-헥산다이올, 카프릴릴글라이콜, 리날룰, 다이소듐이디티에이, 제라니올, 동백나무씨오일, 드럼스틱씨추출물, 녹차추출물, 글라이신, 알라닌, 알지닌, 아스파틱애씨드, 프롤린, 세린, 글루타믹애씨드, 타우린, 히스티딘, 페닐알라닌, 류신, 발린, 메티오닌, 아이소류신, 오르니틴",라네즈,라네즈_에어리 헤어 페이스트 80g
4.4,https://www.amoremall.com/kr/ko/product/detail?onlineProdSn=62272,20000.0,200ml,200.0,ml,"정제수, 글리세린, 카프릴릴/카프릴글루코사이드, 소듐코코일알라니네이트, 다이소듐라우레스설포석시네이트, 라우릴베타인, 라우릭애씨드, 다이소듐코코암포다이아세테이트, 아크릴레이트코폴리머, 다이프로필렌글라이콜, 소듐클로라이드, 포타슘하이드록사이드, 1,2-헥산다이올, 폴리글리세릴-6카프릴레이트, 폴리글리세릴-4카프레이트, 에틸헥실글리세린, 소듐메타포스페이트, 글루코노락톤, 락틱애씨드, 리모넨, 향료, 리날룰, 시트릭애씨드, 살리실릭애씨드, 글라이콜릭애씨드, 구아이아줄렌, 토코페롤",비레디,비레디_4.4
4.4,https://www.amoremall.com/kr/ko/product/detail?onlineProdSn=62272,20000.0,200ml,200.0,ml,"정제수, 글리세린, 카프릴릴/카프릴글루코사이드, 소듐코코일알라니네이트, 다이소듐라우레스설포석시네이트, 라우릴베타인, 라우릭애씨드, 다이소듐코코암포다이아세테이트, 아크릴레이트코폴리머, 다이프로필렌글라이콜, 소듐클로라이드, 포타슘하이드록사이드, 1,2-헥산다이올, 폴리글리세릴-6카프릴레이트, 폴리글리세릴-4카프레이트, 에틸헥실글리세린, 소듐메타포스페이트, 글루코노락톤, 락틱애씨드, 리모넨, 향료, 리날룰, 시트릭애씨드, 살리실릭애씨드, 글라이콜릭애씨드, 구아이아줄렌, 토코페롤",라네즈,라네즈_4.4
시카페인 트러블리셋 클렌징폼 150g,https://www.amoremall.com/kr/ko/product/detail?onlineProdSn=60520,19500.0,150 g,150.0,g,"정제수, 글리세린, 포타슘코코일글리시네이트, 소듐코코일글라이시네이트, 글리세릴스테아레이트, 시트릭애씨드, 글라이콜다이스테아레이트, 라우릴하이드록시설테인, 하이드레이티드실리카, 코코-글루코사이드, 트로메타민, 살리실릭애씨드, 데실글루코사이드, 소듐클로라이드, 폴리쿼터늄-10, 포도씨가루, 리모넨, 향료, 소듐메타포스페이트, 글리세릴카프릴레이트, 클로렐라 미누티시마추출물, 징크옥사이드, 에틸헥실글리세린, 리날룰, 테트라소듐이디티에이, 제라니올, 시트로넬올, 피토스테롤, 나이아신아마이드, 클로로필린-카퍼컴플렉스, 부틸렌글라이콜, 흑색산화철, 카페인(10 ppm), 1,2-헥산다이올, 토코페롤, 알지닌, 사이클로덱스트린, 하이드록시프로필사이클로덱스트린, 말토덱스트린",비레디,비레디_시카페인 트러블리셋 클렌징폼 150g
시카페인 트러블리셋 클렌징폼 150g,https://www.amoremall.com/kr/ko/product/detail?onlineProdSn=60520,19500.0,150 g,150.0,g,"정제수, 글리세린, 포타슘코코일글리시네이트, 소듐코코일글라이시네이트, 글리세릴스테아레이트, 시트릭애씨드, 글라이콜다이스테아레이트, 라우릴하이드록시설테인, 하이드레이티드실리카, 코코-글루코사이드, 트로메타민, 살리실릭애씨드, 데실글루코사이드, 소듐클로라이드, 폴리쿼터늄-10, 포도씨가루, 리모넨, 향료, 소듐메타포스페이트, 글리세릴카프릴레이트, 클로렐라 미누티시마추출물, 징크옥사이드, 에틸헥실글리세린, 리날룰, 테트라소듐이디티에이, 제라니올, 시트로넬올, 피토스테롤, 나이아신아마이드, 클로로필린-카퍼컴플렉스, 부틸렌글라이콜, 흑색산화철, 카페인(10 ppm), 1,2-헥산다이올, 토코페롤, 알지닌, 사이클로덱스트린, 하이드록시프로필사이클로덱스트린, 말토덱스트린",라네즈,라네즈_시카페인 트러블리셋 클렌징폼 150g
무드업 음영 아이팔레트 7g,https://www.amoremall.com/kr/ko/product/detail?onlineProdSn=57745,20000.0,7g,7.0,g,"[1호] 마이카, 탤크, 티타늄디옥사이드 (CI 77891), 메틸메타크릴레이트크로스폴리머, 실리카, 황색산화철, 흑색산화철, 징크스테아레이트, 다이아이소스테아릴말레이트, 합성플루오르플로고파이트, 적색산화철, 페닐트라이메티콘, 에틸헥실팔미테이트, 하이드로제네이티드폴리(C6-14올레핀), 카프릴릭/카프릭트라이글리세라이드, 다이메티콘, 알루미늄미리스테이트, 메티콘, 토코페릴아세테이트, 1,2-헥산다이올, 틴옥사이드 / [2호] 마이카, 탤크, 티타늄디옥사이드 (CI 77891), 메틸메타크릴레이트크로스폴리머, 실리카, 황색산화철, 징크스테아레이트, 다이아이소스테아릴말레이트, 흑색산화철, 페닐트라이메티콘, 적색산화철, 에틸헥실팔미테이트, 하이드로제네이티드폴리(C6-14올레핀), 카프릴릭/카프릭트라이글리세라이드, 다이메티콘, 알루미늄미리스테이트, 적색202호, 메티콘, 토코페릴아세테이트, 1,2-헥산다이올 / [3호] 마이카, 탤크, 티타늄디옥사이드 (CI 77891), 메틸메타크릴레이트크로스폴리머, 실리카, 황색산화철, 적색산화철, 징크스테아레이트, 다이아이소스테아릴말레이트, 흑색산화철, 페닐트라이메티콘, 에틸헥실팔미테이트, 하이드로제네이티드폴리(C6-14올레핀), 적색202호, 다이메티콘, 카프릴릭/카프릭트라이글리세라이드, 알루미늄미리스테이트, 메티콘, 토코페릴아세테이트, 1,2-헥산다이올 / [4호] 마이카, 탤크, 흑색산화철, 메틸메타크릴레이트크로스폴리머, 실리카, 황색산화철, 적색산화철, 징크스테아레이트, 다이아이소스테아릴말레이트, 페닐트라이메티콘, 에틸헥실팔미테이트, 하이드로제네이티드폴리(C6-14올레핀), 다이메티콘, 카프릴릭/카프릭트라이글리세라이드, 적색202호, 알루미늄미리스테이트, 메티콘, 토코페릴아세테이트, 1,2-헥산다이올",비레디,비레디_무드업 음영 아이팔레트 7g
무드업 음영 아이팔레트 7g,https://www.amoremall.com/kr/ko/product/detail?onlineProdSn=57745,20000.0,7g,7.0,g,"[1호] 마이카, 탤크, 티타늄디옥사이드 (CI 77891), 메틸메타크릴레이트크로스폴리머, 실리카, 황색산화철, 흑색산화철, 징크스테아레이트, 다이아이소스테아릴말레이트, 합성플루오르플로고파이트, 적색산화철, 페닐트라이메티콘, 에틸헥실팔미테이트, 하이드로제네이티드폴리(C6-14올레핀), 카프릴릭/카프릭트라이글리세라이드, 다이메티콘, 알루미늄미리스테이트, 메티콘, 토코페릴아세테이트, 1,2-헥산다이올, 틴옥사이드 / [2호] 마이카, 탤크, 티타늄디옥사이드 (CI 77891), 메틸메타크릴레이트크로스폴리머, 실리카, 황색산화철, 징크스테아레이트, 다이아이소스테아릴말레이트, 흑색산화철, 페닐트라이메티콘, 적색산화철, 에틸헥실팔미테이트, 하이드로제네이티드폴리(C6-14올레핀), 카프릴릭/카프릭트라이글리세라이드, 다이메티콘, 알루미늄미리스테이트, 적색202호, 메티콘, 토코페릴아세테이트, 1,2-헥산다이올 / [3호] 마이카, 탤크, 티타늄디옥사이드 (CI 77891), 메틸메타크릴레이트크로스폴리머, 실리카, 황색산화철, 적색산화철, 징크스테아레이트, 다이아이소스테아릴말레이트, 흑색산화철, 페닐트라이메티콘, 에틸헥실팔미테이트, 하이드로제네이티드폴리(C6-14올레핀), 적색202호, 다이메티콘, 카프릴릭/카프릭트라이글리세라이드, 알루미늄미리스테이트, 메티콘, 토코페릴아세테이트, 1,2-헥산다이올 / [4호] 마이카, 탤크, 흑색산화철, 메틸메타크릴레이트크로스폴리머, 실리카, 황색산화철, 적색산화철, 징크스테아레이트, 다이아이소스테아릴말레이트, 페닐트라이메티콘, 에틸헥실팔미테이트, 하이드로제네이티드폴리(C6-14올레핀), 다이메티콘, 카프릴릭/카프릭트라이글리세라이드, 적색202호, 알루미늄미리스테이트, 메티콘, 토코페릴아세테이트, 1,2-헥산다이올",라네즈,라네즈_무드업 음영 아이팔레트 7g
생기 립밤 3g,https://www.amoremall.com/kr/ko/product/detail?onlineProdSn=67696,25790.0,3 g *2,3.0,g,"[공통-보습] 스쿠알란, 하이드로제네이티드캐스터오일다이머다이리놀레에이트, 다이아이소스테아릴말레이트, 카프릴릭/카프릭트라이글리세라이드, 폴리글리세릴-2트라이아이소스테아레이트, 합성왁스, 아크릴레이트/스테아릴아크릴레이트/다이메티콘메타크릴레이트코폴리머, 비스-다이글리세릴폴리아실아디페이트-2, 펜타에리스리틸테트라아이소스테아레이트, 하이드로제네이티드폴리아이소부텐, 에이치디아이/트라이메틸올헥실락톤크로스폴리머, 마이크로크리스탈린왁스, 합성플루오르플로고파이트, 시어버터, 페녹시에탄올, 토코페롤, 아르간커넬오일, 에틸렌/프로필렌코폴리머, 피마자씨오일, 호호바씨오일, 에틸헥실팔미테이트, 페퍼민트오일, 실리카, 리모넨, 트라이하이드록시스테아린, 소듐하이알루로네이트 [코어: 01 Lively] 스쿠알란, 하이드로제네이티드캐스터오일다이머다이리놀레에이트, 다이아이소스테아릴말레이트, 합성왁스, 폴리글리세릴-2트라이아이소스테아레이트, 아크릴레이트/스테아릴아크릴레이트/다이메티콘메타크릴레이트코폴리머, 비스-다이글리세릴폴리아실아디페이트-2, 펜타에리스리틸테트라아이소스테아레이트, 카프릴릭/카프릭트라이글리세라이드, 카프릴릭/카프릭트라이글리세라이드, 하이드로제네이티드폴리아이소부텐, 에이치디아이/트라이메틸올헥실락톤크로스폴리머, 마이크로크리스탈린왁스, 합성플루오르플로고파이트, 시어버터, 스테아랄코늄헥토라이트, 적색산화철, 적색202호, 페녹시에탄올, 토코페롤, 아르간커넬오일, 에틸렌/프로필렌코폴리머, 피마자씨오일, 프로필렌카보네이트, 호호바씨오일, 에틸헥실팔미테이트, 페퍼민트오일, 적색201호, 실리카, 리모넨, 트라이하이드록시스테아린, 소듐하이알루로네이트",비레디,비레디_생기 립밤 3g
생기 립밤 3g,https://www.amoremall.com/kr/ko/product/detail?onlineProdSn=67696,25790.0,3 g *2,3.0,g,"[공통-보습] 스쿠알란, 하이드로제네이티드캐스터오일다이머다이리놀레에이트, 다이아이소스테아릴말레이트, 카프릴릭/카프릭트라이글리세라이드, 폴리글리세릴-2트라이아이소스테아레이트, 합성왁스, 아크릴레이트/스테아릴아크릴레이트/다이메티콘메타크릴레이트코폴리머, 비스-다이글리세릴폴리아실아디페이트-2, 펜타에리스리틸테트라아이소스테아레이트, 하이드로제네이티드폴리아이소부텐, 에이치디아이/트라이메틸올헥실락톤크로스폴리머, 마이크로크리스탈린왁스, 합성플루오르플로고파이트, 시어버터, 페녹시에탄올, 토코페롤, 아르간커넬오일, 에틸렌/프로필렌코폴리머, 피마자씨오일, 호호바씨오일, 에틸헥실팔미테이트, 페퍼민트오일, 실리카, 리모넨, 트라이하이드록시스테아린, 소듐하이알루로네이트 [코어: 01 Lively] 스쿠알란, 하이드로제네이티드캐스터오일다이머다이리놀레에이트, 다이아이소스테아릴말레이트, 합성왁스, 폴리글리세릴-2트라이아이소스테아레이트, 아크릴레이트/스테아릴아크릴레이트/다이메티콘메타크릴레이트코폴리머, 비스-다이글리세릴폴리아실아디페이트-2, 펜타에리스리틸테트라아이소스테아레이트, 카프릴릭/카프릭트라이글리세라이드, 카프릴릭/카프릭트라이글리세라이드, 하이드로제네이티드폴리아이소부텐, 에이치디아이/트라이메틸올헥실락톤크로스폴리머, 마이크로크리스탈린왁스, 합성플루오르플로고파이트, 시어버터, 스테아랄코늄헥토라이트, 적색산화철, 적색202호, 페녹시에탄올, 토코페롤, 아르간커넬오일, 에틸렌/프로필렌코폴리머, 피마자씨오일, 프로필렌카보네이트, 호호바씨오일, 에틸헥실팔미테이트, 페퍼민트오일, 적색201호, 실리카, 리모넨, 트라이하이드록시스테아린, 소듐하이알루로네이트",라네즈,라네즈_생기 립밤 3g
생기 립밤 3g,https://www.amoremall.com/kr/ko/product/detail?onlineProdSn=67695,25790.0,3 g *2,3.0,g,"[보습] 스쿠알란, 하이드로제네이티드캐스터오일다이머다이리놀레에이트, 다이아이소스테아릴말레이트, 카프릴릭/카프릭트라이글리세라이드, 폴리글리세릴-2트라이아이소스테아레이트, 합성왁스, 아크릴레이트/스테아릴아크릴레이트/다이메티콘메타크릴레이트코폴리머, 비스-다이글리세릴폴리아실아디페이트-2, 펜타에리스리틸테트라아이소스테아레이트, 하이드로제네이티드폴리아이소부텐, 에이치디아이/트라이메틸올헥실락톤크로스폴리머, 마이크로크리스탈린왁스, 합성플루오르플로고파이트, 시어버터, 페녹시에탄올, 토코페롤, 아르간커넬오일, 에틸렌/프로필렌코폴리머, 피마자씨오일, 호호바씨오일, 에틸헥실팔미테이트, 페퍼민트오일, 실리카, 리모넨, 트라이하이드록시스테아린, 소듐하이알루로네이트 [코어 02 Natural] 스쿠알란, 하이드로제네이티드캐스터오일다이머다이리놀레에이트, 다이아이소스테아릴말레이트, 합성왁스, 폴리글리세릴-2트라이아이소스테아레이트, 아크릴레이트/스테아릴아크릴레이트/다이메티콘메타크릴레이트코폴리머, 비스-다이글리세릴폴리아실아디페이트-2, 펜타에리스리틸테트라아이소스테아레이트, 카프릴릭/카프릭트라이글리세라이드, 카프릴릭/카프릭트라이글리세라이드, 하이드로제네이티드폴리아이소부텐, 에이치디아이/트라이메틸올헥실락톤크로스폴리머, 마이크로크리스탈린왁스, 시어버터, 티타늄디옥사이드, 적색산화철, 스테아랄코늄헥토라이트, 황색산화철, 페녹시에탄올, 토코페롤, 아르간커넬오일, 에틸렌/프로필렌코폴리머, 피마자씨오일, 프로필렌카보네이트, 호호바씨오일, 에틸헥실팔미테이트, 페퍼민트오일, 흑색산화철, 합성플루오르플로고파이트, 적색202호, 실리카, 리모넨, 트라이하이드록시스테아린, 소듐하이알루로네이트",비레디,비레디_생기 립밤 3g
생기 립밤 3g,https://www.amoremall.com/kr/ko/product/detail?onlineProdSn=67695,25790.0,3 g *2,3.0,g,"[보습] 스쿠알란, 하이드로제네이티드캐스터오일다이머다이리놀레에이트, 다이아이소스테아릴말레이트, 카프릴릭/카프릭트라이글리세라이드, 폴리글리세릴-2트라이아이소스테아레이트, 합성왁스, 아크릴레이트/스테아릴아크릴레이트/다이메티콘메타크릴레이트코폴리머, 비스-다이글리세릴폴리아실아디페이트-2, 펜타에리스리틸테트라아이소스테아레이트, 하이드로제네이티드폴리아이소부텐, 에이치디아이/트라이메틸올헥실락톤크로스폴리머, 마이크로크리스탈린왁스, 합성플루오르플로고파이트, 시어버터, 페녹시에탄올, 토코페롤, 아르간커넬오일, 에틸렌/프로필렌코폴리머, 피마자씨오일, 호호바씨오일, 에틸헥실팔미테이트, 페퍼민트오일, 실리카, 리모넨, 트라이하이드록시스테아린, 소듐하이알루로네이트 [코어 02 Natural] 스쿠알란, 하이드로제네이티드캐스터오일다이머다이리놀레에이트, 다이아이소스테아릴말레이트, 합성왁스, 폴리글리세릴-2트라이아이소스테아레이트, 아크릴레이트/스테아릴아크릴레이트/다이메티콘메타크릴레이트코폴리머, 비스-다이글리세릴폴리아실아디페이트-2, 펜타에리스리틸테트라아이소스테아레이트, 카프릴릭/카프릭트라이글리세라이드, 카프릴릭/카프릭트라이글리세라이드, 하이드로제네이티드폴리아이소부텐, 에이치디아이/트라이메틸올헥실락톤크로스폴리머, 마이크로크리스탈린왁스, 시어버터, 티타늄디옥사이드, 적색산화철, 스테아랄코늄헥토라이트, 황색산화철, 페녹시에탄올, 토코페롤, 아르간커넬오일, 에틸렌/프로필렌코폴리머, 피마자씨오일, 프로필렌카보네이트, 호호바씨오일, 에틸헥실팔미테이트, 페퍼민트오일, 흑색산화철, 합성플루오르플로고파이트, 적색202호, 실리카, 리모넨, 트라이하이드록시스테아린, 소듐하이알루로네이트",라네즈,라네즈_생기 립밤 3g
생기 립밤 3g,https://www.amoremall.com/kr/ko/product/detail?onlineProdSn=67693,25790.0,01 화사 생기 3 g + 02 내추럴 생기 3g,1.0,g,"[01 화사 생기] [공통-보습] 스쿠알란, 하이드로제네이티드캐스터오일다이머다이리놀레에이트, 다이아이소스테아릴말레이트, 카프릴릭/카프릭트라이글리세라이드, 폴리글리세릴-2트라이아이소스테아레이트, 합성왁스, 아크릴레이트/스테아릴아크릴레이트/다이메티콘메타크릴레이트코폴리머, 비스-다이글리세릴폴리아실아디페이트-2, 펜타에리스리틸테트라아이소스테아레이트, 하이드로제네이티드폴리아이소부텐, 에이치디아이/트라이메틸올헥실락톤크로스폴리머, 마이크로크리스탈린왁스, 합성플루오르플로고파이트, 시어버터, 페녹시에탄올, 토코페롤, 아르간커넬오일, 에틸렌/프로필렌코폴리머, 피마자씨오일, 호호바씨오일, 에틸헥실팔미테이트, 페퍼민트오일, 실리카, 리모넨, 트라이하이드록시스테아린, 소듐하이알루로네이트 [코어: 01 Lively] 스쿠알란, 하이드로제네이티드캐스터오일다이머다이리놀레에이트, 다이아이소스테아릴말레이트, 합성왁스, 폴리글리세릴-2트라이아이소스테아레이트, 아크릴레이트/스테아릴아크릴레이트/다이메티콘메타크릴레이트코폴리머, 비스-다이글리세릴폴리아실아디페이트-2, 펜타에리스리틸테트라아이소스테아레이트, 카프릴릭/카프릭트라이글리세라이드, 카프릴릭/카프릭트라이글리세라이드, 하이드로제네이티드폴리아이소부텐, 에이치디아이/트라이메틸올헥실락톤크로스폴리머, 마이크로크리스탈린왁스, 합성플루오르플로고파이트, 시어버터, 스테아랄코늄헥토라이트, 적색산화철, 적색202호, 페녹시에탄올, 토코페롤, 아르간커넬오일, 에틸렌/프로필렌코폴리머, 피마자씨오일, 프로필렌카보네이트, 호호바씨오일, 에틸헥실팔미테이트, 페퍼민트오일, 적색201호, 실리카, 리모넨, 트라이하이드록시스테아린, 소듐하이알루로네이트 / [02 내추럴 생기] [보습] 스쿠알란, 하이드로제네이티드캐스터오일다이머다이리놀레에이트, 다이아이소스테아릴말레이트, 카프릴릭/카프릭트라이글리세라이드, 폴리글리세릴-2트라이아이소스테아레이트, 합성왁스, 아크릴레이트/스테아릴아크릴레이트/다이메티콘메타크릴레이트코폴리머, 비스-다이글리세릴폴리아실아디페이트-2, 펜타에리스리틸테트라아이소스테아레이트, 하이드로제네이티드폴리아이소부텐, 에이치디아이/트라이메틸올헥실락톤크로스폴리머, 마이크로크리스탈린왁스, 합성플루오르플로고파이트, 시어버터, 페녹시에탄올, 토코페롤, 아르간커넬오일, 에틸렌/프로필렌코폴리머, 피마자씨오일, 호호바씨오일, 에틸헥실팔미테이트, 페퍼민트오일, 실리카, 리모넨, 트라이하이드록시스테아린, 소듐하이알루로네이트 [코어 02 Natural] 스쿠알란, 하이드로제네이티드캐스터오일다이머다이리놀레에이트, 다이아이소스테아릴말레이트, 합성왁스, 폴리글리세릴-2트라이아이소스테아레이트, 아크릴레이트/스테아릴아크릴레이트/다이메티콘메타크릴레이트코폴리머, 비스-다이글리세릴폴리아실아디페이트-2, 펜타에리스리틸테트라아이소스테아레이트, 카프릴릭/카프릭트라이글리세라이드, 카프릴릭/카프릭트라이글리세라이드, 하이드로제네이티드폴리아이소부텐, 에이치디아이/트라이메틸올헥실락톤크로스폴리머, 마이크로크리스탈린왁스, 시어버터, 티타늄디옥사이드, 적색산화철, 스테아랄코늄헥토라이트, 황색산화철, 페녹시에탄올, 토코페롤, 아르간커넬오일, 에틸렌/프로필렌코폴리머, 피마자씨오일, 프로필렌카보네이트, 호호바씨오일, 에틸헥실팔미테이트, 페퍼민트오일, 흑색산화철, 합성플루오르플로고파이트, 적색202호, 실리카, 리모넨, 트라이하이드록시스테아린, 소듐하이알루로네이트",비레디,비레디_생기 립밤 3g
생기 립밤 3g,https://www.amoremall.com/kr/ko/product/detail?onlineProdSn=67693,25790.0,01 화사 생기 3 g + 02 내추럴 생기 3g,1.0,g,"[01 화사 생기] [공통-보습] 스쿠알란, 하이드로제네이티드캐스터오일다이머다이리놀레에이트, 다이아이소스테아릴말레이트, 카프릴릭/카프릭트라이글리세라이드, 폴리글리세릴-2트라이아이소스테아레이트, 합성왁스, 아크릴레이트/스테아릴아크릴레이트/다이메티콘메타크릴레이트코폴리머, 비스-다이글리세릴폴리아실아디페이트-2, 펜타에리스리틸테트라아이소스테아레이트, 하이드로제네이티드폴리아이소부텐, 에이치디아이/트라이메틸올헥실락톤크로스폴리머, 마이크로크리스탈린왁스, 합성플루오르플로고파이트, 시어버터, 페녹시에탄올, 토코페롤, 아르간커넬오일, 에틸렌/프로필렌코폴리머, 피마자씨오일, 호호바씨오일, 에틸헥실팔미테이트, 페퍼민트오일, 실리카, 리모넨, 트라이하이드록시스테아린, 소듐하이알루로네이트 [코어: 01 Lively] 스쿠알란, 하이드로제네이티드캐스터오일다이머다이리놀레에이트, 다이아이소스테아릴말레이트, 합성왁스, 폴리글리세릴-2트라이아이소스테아레이트, 아크릴레이트/스테아릴아크릴레이트/다이메티콘메타크릴레이트코폴리머, 비스-다이글리세릴폴리아실아디페이트-2, 펜타에리스리틸테트라아이소스테아레이트, 카프릴릭/카프릭트라이글리세라이드, 카프릴릭/카프릭트라이글리세라이드, 하이드로제네이티드폴리아이소부텐, 에이치디아이/트라이메틸올헥실락톤크로스폴리머, 마이크로크리스탈린왁스, 합성플루오르플로고파이트, 시어버터, 스테아랄코늄헥토라이트, 적색산화철, 적색202호, 페녹시에탄올, 토코페롤, 아르간커넬오일, 에틸렌/프로필렌코폴리머, 피마자씨오일, 프로필렌카보네이트, 호호바씨오일, 에틸헥실팔미테이트, 페퍼민트오일, 적색201호, 실리카, 리모넨, 트라이하이드록시스테아린, 소듐하이알루로네이트 / [02 내추럴 생기] [보습] 스쿠알란, 하이드로제네이티드캐스터오일다이머다이리놀레에이트, 다이아이소스테아릴말레이트, 카프릴릭/카프릭트라이글리세라이드, 폴리글리세릴-2트라이아이소스테아레이트, 합성왁스, 아크릴레이트/스테아릴아크릴레이트/다이메티콘메타크릴레이트코폴리머, 비스-다이글리세릴폴리아실아디페이트-2, 펜타에리스리틸테트라아이소스테아레이트, 하이드로제네이티드폴리아이소부텐, 에이치디아이/트라이메틸올헥실락톤크로스폴리머, 마이크로크리스탈린왁스, 합성플루오르플로고파이트, 시어버터, 페녹시에탄올, 토코페롤, 아르간커넬오일, 에틸렌/프로필렌코폴리머, 피마자씨오일, 호호바씨오일, 에틸헥실팔미테이트, 페퍼민트오일, 실리카, 리모넨, 트라이하이드록시스테아린, 소듐하이알루로네이트 [코어 02 Natural] 스쿠알란, 하이드로제네이티드캐스터오일다이머다이리놀레에이트, 다이아이소스테아릴말레이트, 합성왁스, 폴리글리세릴-2트라이아이소스테아레이트, 아크릴레이트/스테아릴아크릴레이트/다이메티콘메타크릴레이트코폴리머, 비스-다이글리세릴폴리아실아디페이트-2, 펜타에리스리틸테트라아이소스테아레이트, 카프릴릭/카프릭트라이글리세라이드, 카프릴릭/카프릭트라이글리세라이드, 하이드로제네이티드폴리아이소부텐, 에이치디아이/트라이메틸올헥실락톤크로스폴리머, 마이크로크리스탈린왁스, 시어버터, 티타늄디옥사이드, 적색산화철, 스테아랄코늄헥토라이트, 황색산화철, 페녹시에탄올, 토코페롤, 아르간커넬오일, 에틸렌/프로필렌코폴리머, 피마자씨오일, 프로필렌카보네이트, 호호바씨오일, 에틸헥실팔미테이트, 페퍼민트오일, 흑색산화철, 합성플루오르플로고파이트, 적색202호, 실리카, 리모넨, 트라이하이드록시스테아린, 소듐하이알루로네이트",라네즈,라네즈_생기 립밤 3g
블루 파운데이션 3호,https://www.amoremall.com/kr/ko/product/detail?onlineProdSn=65558,37000.0,본품 35ml + 퍼프,35.0,ml,"정제수, 메틸트라이메티콘, 티타늄디옥사이드 (CI 77891), 에칠헥실메톡시신나메이트, 아이소도데케인, 다이페닐실록시페닐트라이메티콘, 사이클로펜타실록세인, 글리세린, 변성알코올, 황색산화철, 라우릴피이지-8다이메티콘, 부틸렌글라이콜, 글리세레스-26, 나일론-12, 다이페닐다이메티콘/비닐다이페닐다이메티콘/실세스퀴옥세인크로스폴리머, 아크릴레이트/폴리트라이메틸실록시메타크릴레이트코폴리머, 실리카, 다이스테아다이모늄헥토라이트, 카프릴릴메티콘, 아크릴레이트/다이메티콘코폴리머, 적색산화철, 1,2-헥산다이올, 피이지-10다이메티콘, 폴리메틸실세스퀴옥세인, 아크릴레이트/에틸헥실아크릴레이트/다이메티콘메타크릴레이트코폴리머, 카프릴릭/카프릭트라이글리세라이드, 흑색산화철, 다이메티콘, 알루미늄하이드록사이드, 소듐클로라이드, 피토스테릴/옥틸도데실라우로일글루타메이트, 트라이에톡시카프릴릴실레인, 트라이하이드록시스테아린, 카프릴릴글라이콜, 향료, 프로필렌카보네이트, 글리세릴카프릴레이트, 폴리실리콘-11, 다이소듐이디티에이, 쌀겨왁스, 징크옥사이드, 에탄올, 비에이치티, 마트리카리아꽃추출물, 프로판다이올, 말라카이트추출물, 소듐하이알루로네이트, 토코페롤, 키토산, 소듐라우로일글루타메이트, 하이드롤라이즈드하이알루로닉애씨드, 라이신, 소듐하이알루로네이트크로스폴리머, 마그네슘클로라이드, 하이알루로닉애씨드, 에틸헥실글리세린, 소듐아세틸레이티드하이알루로네이트, 리파아제",비레디,비레디_블루 파운데이션 3호
블루 파운데이션 3호,https://www.amoremall.com/kr/ko/product/detail?onlineProdSn=65558,37000.0,본품 35ml + 퍼프,35.0,ml,"정제수, 메틸트라이메티콘, 티타늄디옥사이드 (CI 77891), 에칠헥실메톡시신나메이트, 아이소도데케인, 다이페닐실록시페닐트라이메티콘, 사이클로펜타실록세인, 글리세린, 변성알코올, 황색산화철, 라우릴피이지-8다이메티콘, 부틸렌글라이콜, 글리세레스-26, 나일론-12, 다이페닐다이메티콘/비닐다이페닐다이메티콘/실세스퀴옥세인크로스폴리머, 아크릴레이트/폴리트라이메틸실록시메타크릴레이트코폴리머, 실리카, 다이스테아다이모늄헥토라이트, 카프릴릴메티콘, 아크릴레이트/다이메티콘코폴리머, 적색산화철, 1,2-헥산다이올, 피이지-10다이메티콘, 폴리메틸실세스퀴옥세인, 아크릴레이트/에틸헥실아크릴레이트/다이메티콘메타크릴레이트코폴리머, 카프릴릭/카프릭트라이글리세라이드, 흑색산화철, 다이메티콘, 알루미늄하이드록사이드, 소듐클로라이드, 피토스테릴/옥틸도데실라우로일글루타메이트, 트라이에톡시카프릴릴실레인, 트라이하이드록시스테아린, 카프릴릴글라이콜, 향료, 프로필렌카보네이트, 글리세릴카프릴레이트, 폴리실리콘-11, 다이소듐이디티에이, 쌀겨왁스, 징크옥사이드, 에탄올, 비에이치티, 마트리카리아꽃추출물, 프로판다이올, 말라카이트추출물, 소듐하이알루로네이트, 토코페롤, 키토산, 소듐라우로일글루타메이트, 하이드롤라이즈드하이알루로닉애씨드, 라이신, 소듐하이알루로네이트크로스폴리머, 마그네슘클로라이드, 하이알루로닉애씨드, 에틸헥실글리세린, 소듐아세틸레이티드하이알루로네이트, 리파아제",라네즈,라네즈_블루 파운데이션 3호
블루 파운데이션 2호,https://www.amoremall.com/kr/ko/product/detail?onlineProdSn=65551,37000.0,본품 35ml + 퍼프,35.0,ml,"정제수, 메틸트라이메티콘, 티타늄디옥사이드 (CI 77891), 에칠헥실메톡시신나메이트, 아이소도데케인, 다이페닐실록시페닐트라이메티콘, 사이클로펜타실록세인, 글리세린, 변성알코올, 라우릴피이지-8다이메티콘, 부틸렌글라이콜, 글리세레스-26, 황색산화철, 나일론-12, 다이페닐다이메티콘/비닐다이페닐다이메티콘/실세스퀴옥세인크로스폴리머, 아크릴레이트/폴리트라이메틸실록시메타크릴레이트코폴리머, 다이스테아다이모늄헥토라이트, 실리카, 카프릴릴메티콘, 아크릴레이트/다이메티콘코폴리머, 1,2-헥산다이올, 피이지-10다이메티콘, 폴리메틸실세스퀴옥세인, 아크릴레이트/에틸헥실아크릴레이트/다이메티콘메타크릴레이트코폴리머, 적색산화철, 카프릴릭/카프릭트라이글리세라이드, 다이메티콘, 알루미늄하이드록사이드, 소듐클로라이드, 피토스테릴/옥틸도데실라우로일글루타메이트, 트라이에톡시카프릴릴실레인, 흑색산화철, 카프릴릴글라이콜, 트라이하이드록시스테아린, 향료, 프로필렌카보네이트, 글리세릴카프릴레이트, 폴리실리콘-11, 다이소듐이디티에이, 쌀겨왁스, 징크옥사이드, 에탄올, 비에이치티, 마트리카리아꽃추출물, 프로판다이올, 말라카이트추출물, 소듐하이알루로네이트, 토코페롤, 키토산, 소듐라우로일글루타메이트, 하이드롤라이즈드하이알루로닉애씨드, 라이신, 소듐하이알루로네이트크로스폴리머, 마그네슘클로라이드, 하이알루로닉애씨드, 에틸헥실글리세린, 소듐아세틸레이티드하이알루로네이트, 리파아제",비레디,비레디_블루 파운데이션 2호
블루 파운데이션 2호,https://www.amoremall.com/kr/ko/product/detail?onlineProdSn=65551,37000.0,본품 35ml + 퍼프,35.0,ml,"정제수, 메틸트라이메티콘, 티타늄디옥사이드 (CI 77891), 에칠헥실메톡시신나메이트, 아이소도데케인, 다이페닐실록시페닐트라이메티콘, 사이클로펜타실록세인, 글리세린, 변성알코올, 라우릴피이지-8다이메티콘, 부틸렌글라이콜, 글리세레스-26, 황색산화철, 나일론-12, 다이페닐다이메티콘/비닐다이페닐다이메티콘/실세스퀴옥세인크로스폴리머, 아크릴레이트/폴리트라이메틸실록시메타크릴레이트코폴리머, 다이스테아다이모늄헥토라이트, 실리카, 카프릴릴메티콘, 아크릴레이트/다이메티콘코폴리머, 1,2-헥산다이올, 피이지-10다이메티콘, 폴리메틸실세스퀴옥세인, 아크릴레이트/에틸헥실아크릴레이트/다이메티콘메타크릴레이트코폴리머, 적색산화철, 카프릴릭/카프릭트라이글리세라이드, 다이메티콘, 알루미늄하이드록사이드, 소듐클로라이드, 피토스테릴/옥틸도데실라우로일글루타메이트, 트라이에톡시카프릴릴실레인, 흑색산화철, 카프릴릴글라이콜, 트라이하이드록시스테아린, 향료, 프로필렌카보네이트, 글리세릴카프릴레이트, 폴리실리콘-11, 다이소듐이디티에이, 쌀겨왁스, 징크옥사이드, 에탄올, 비에이치티, 마트리카리아꽃추출물, 프로판다이올, 말라카이트추출물, 소듐하이알루로네이트, 토코페롤, 키토산, 소듐라우로일글루타메이트, 하이드롤라이즈드하이알루로닉애씨드, 라이신, 소듐하이알루로네이트크로스폴리머, 마그네슘클로라이드, 하이알루로닉애씨드, 에틸헥실글리세린, 소듐아세틸레이티드하이알루로네이트, 리파아제",라네즈,라네즈_블루 파운데이션 2호
블루쿠션 3호 제프리,https://www.amoremall.com/kr/ko/product/detail?onlineProdSn=65549,57800.0,본품 15g + 리필 15g,15.0,g,"정제수, 사이클로펜타실록세인, 메틸트라이메티콘, 부틸렌글라이콜, 티타늄디옥사이드 (CI 77891), 에칠헥실메톡시신나메이트, 사이클로헥사실록세인, 실리카, 피이지-10다이메티콘, 트라이메틸실록시실리케이트, 마이카, 변성알코올, 징크옥사이드, 황색산화철, 티타늄디옥사이드, 라우릴피이지-8다이메티콘, 아이소도데케인, 다이스테아다이모늄헥토라이트, 다이메티콘, 보론나이트라이드, 아크릴레이트/폴리트라이메틸실록시메타크릴레이트코폴리머, 1,2-헥산다이올, 소듐클로라이드, 피씨에이다이메티콘, 아크릴레이트/다이메티콘코폴리머, 적색산화철, 알루미늄하이드록사이드, 흑색산화철, 트라이에톡시카프릴릴실레인, 폴리솔베이트80, 카프릴릴글라이콜, 스테아릭애씨드, 하이드로제네이티드레시틴, 라우로일라이신, 향료, 에틸헥실글리세린, 트라이하이드록시스테아린, 다이소듐이디티에이, 에탄올, 비에이치티, 마트리카리아꽃추출물, 프로판다이올, 말라카이트추출물, 소듐하이알루로네이트, 토코페롤, 소듐라우로일글루타메이트, 하이드롤라이즈드하이알루로닉애씨드, 라이신, 소듐하이알루로네이트크로스폴리머, 마그네슘클로라이드, 하이알루로닉애씨드, 소듐아세틸레이티드하이알루로네이트",비레디,비레디_블루쿠션 3호 제프리
블루쿠션 3호 제프리,https://www.amoremall.com/kr/ko/product/detail?onlineProdSn=65549,57800.0,본품 15g + 리필 15g,15.0,g,"정제수, 사이클로펜타실록세인, 메틸트라이메티콘, 부틸렌글라이콜, 티타늄디옥사이드 (CI 77891), 에칠헥실메톡시신나메이트, 사이클로헥사실록세인, 실리카, 피이지-10다이메티콘, 트라이메틸실록시실리케이트, 마이카, 변성알코올, 징크옥사이드, 황색산화철, 티타늄디옥사이드, 라우릴피이지-8다이메티콘, 아이소도데케인, 다이스테아다이모늄헥토라이트, 다이메티콘, 보론나이트라이드, 아크릴레이트/폴리트라이메틸실록시메타크릴레이트코폴리머, 1,2-헥산다이올, 소듐클로라이드, 피씨에이다이메티콘, 아크릴레이트/다이메티콘코폴리머, 적색산화철, 알루미늄하이드록사이드, 흑색산화철, 트라이에톡시카프릴릴실레인, 폴리솔베이트80, 카프릴릴글라이콜, 스테아릭애씨드, 하이드로제네이티드레시틴, 라우로일라이신, 향료, 에틸헥실글리세린, 트라이하이드록시스테아린, 다이소듐이디티에이, 에탄올, 비에이치티, 마트리카리아꽃추출물, 프로판다이올, 말라카이트추출물, 소듐하이알루로네이트, 토코페롤, 소듐라우로일글루타메이트, 하이드롤라이즈드하이알루로닉애씨드, 라이신, 소듐하이알루로네이트크로스폴리머, 마그네슘클로라이드, 하이알루로닉애씨드, 소듐아세틸레이티드하이알루로네이트",라네즈,라네즈_블루쿠션 3호 제프리
블루쿠션 2호 라이언,https://www.amoremall.com/kr/ko/product/detail?onlineProdSn=65547,57800.0,본품 15g+리필 15g,15.0,g,"정제수, 사이클로펜타실록세인, 메틸트라이메티콘, 부틸렌글라이콜, 티타늄디옥사이드 (CI 77891), 에칠헥실메톡시신나메이트, 실리카, 사이클로헥사실록세인, 피이지-10다이메티콘, 트라이메틸실록시실리케이트, 마이카, 변성알코올, 징크옥사이드, 티타늄디옥사이드, 라우릴피이지-8다이메티콘, 아이소도데케인, 다이스테아다이모늄헥토라이트, 다이메티콘, 황색산화철, 보론나이트라이드, 아크릴레이트/폴리트라이메틸실록시메타크릴레이트코폴리머, 1,2-헥산다이올, 소듐클로라이드, 피씨에이다이메티콘, 아크릴레이트/다이메티콘코폴리머, 알루미늄하이드록사이드, 적색산화철, 폴리솔베이트80, 트라이에톡시카프릴릴실레인, 카프릴릴글라이콜, 트라이하이드록시스테아린, 스테아릭애씨드, 흑색산화철, 하이드로제네이티드레시틴, 라우로일라이신, 향료, 에틸헥실글리세린, 다이소듐이디티에이, 에탄올, 비에이치티, 마트리카리아꽃추출물, 프로판다이올, 말라카이트추출물, 소듐하이알루로네이트, 토코페롤, 소듐라우로일글루타메이트, 하이드롤라이즈드하이알루로닉애씨드, 라이신, 소듐하이알루로네이트크로스폴리머, 마그네슘클로라이드, 하이알루로닉애씨드, 소듐아세틸레이티드하이알루로네이트",비레디,비레디_블루쿠션 2호 라이언
블루쿠션 2호 라이언,https://www.amoremall.com/kr/ko/product/detail?onlineProdSn=65547,57800.0,본품 15g+리필 15g,15.0,g,"정제수, 사이클로펜타실록세인, 메틸트라이메티콘, 부틸렌글라이콜, 티타늄디옥사이드 (CI 77891), 에칠헥실메톡시신나메이트, 실리카, 사이클로헥사실록세인, 피이지-10다이메티콘, 트라이메틸실록시실리케이트, 마이카, 변성알코올, 징크옥사이드, 티타늄디옥사이드, 라우릴피이지-8다이메티콘, 아이소도데케인, 다이스테아다이모늄헥토라이트, 다이메티콘, 황색산화철, 보론나이트라이드, 아크릴레이트/폴리트라이메틸실록시메타크릴레이트코폴리머, 1,2-헥산다이올, 소듐클로라이드, 피씨에이다이메티콘, 아크릴레이트/다이메티콘코폴리머, 알루미늄하이드록사이드, 적색산화철, 폴리솔베이트80, 트라이에톡시카프릴릴실레인, 카프릴릴글라이콜, 트라이하이드록시스테아린, 스테아릭애씨드, 흑색산화철, 하이드로제네이티드레시틴, 라우로일라이신, 향료, 에틸헥실글리세린, 다이소듐이디티에이, 에탄올, 비에이치티, 마트리카리아꽃추출물, 프로판다이올, 말라카이트추출물, 소듐하이알루로네이트, 토코페롤, 소듐라우로일글루타메이트, 하이드롤라이즈드하이알루로닉애씨드, 라이신, 소듐하이알루로네이트크로스폴리머, 마그네슘클로라이드, 하이알루로닉애씨드, 소듐아세틸레이티드하이알루로네이트",라네즈,라네즈_블루쿠션 2호 라이언
시카페인 트러블리셋 2종,https://www.amoremall.com/kr/ko/product/detail?onlineProdSn=62394,71286.0,[세럼] 40ml / [크림] 70ml,40.0,ml,"[세럼] 편백수, 정제수, 부틸렌글라이콜, 글리세린, 다이프로필렌글라이콜, 베타인, 변성알코올, 나이아신아마이드, 스쿠알란, 카페인, 다이에톡시에틸석시네이트, 1,2-헥산다이올, 수크로오스스테아레이트, 소듐폴리아크릴로일다이메틸타우레이트, 글리세릴폴리메타크릴레이트, 폴리글리세릴-10스테아레이트, 폴리메틸메타크릴레이트, 메틸트라이메티콘, 하이드로제네이티드레시틴, 하이드로제네이티드포스파티딜콜린, 에틸헥실글리세린, 폴리글리세릴-10라우레이트, 티몰트라이메톡시신나메이트, 카보머, 트로메타민, 잔탄검, 글루코노락톤, 소듐시트레이트, 다이소듐이디티에이, 말라카이트추출물, 잇꽃꽃추출물, 덱스트린, 시트릭애씨드, 피토스테롤, 알지닌, 사이클로덱스트린, 하이드록시프로필사이클로덱스트린, 말토덱스트린, 토코페롤 / [크림] 편백수, 부틸렌글라이콜, 글리세린, 다이카프릴릴에터, 1,2-헥산다이올, 스쿠알란, 페닐트라이메티콘, 메틸트라이메티콘, 아이소노닐아이소노나노에이트, 베타인, C14-22알코올, 정제수, 세테아릴알코올, 세테아릴올리베이트, 스테아릴다이메티콘, 글리세릴스테아레이트, 솔비탄올리베이트, 피씨에이다이메티콘, 팔미틱애씨드, 스테아릭애씨드, 하이드록시에틸아크릴레이트/소듐아크릴로일다이메틸타우레이트코폴리머, C12-20알킬글루코사이드, 소듐스테아로일글루타메이트, 에틸헥실글리세린, 아크릴레이트/C10-30알킬아크릴레이트크로스폴리머, 베헤닐알코올, 트로메타민, 잔탄검, 피토스테롤, 솔비탄아이소스테아레이트, 말라카이트추출물, 다이소듐이디티에이, 잇꽃꽃추출물, 덱스트린, 나이아신아마이드, 카페인, 세라마이드엔피, 토코페롤, 알지닌, 사이클로덱스트린, 하이드록시프로필사이클로덱스트린, 말토덱스트린, 시트릭애씨드",비레디,비레디_시카페인 트러블리셋 2종
시카페인 트러블리셋 2종,https://www.amoremall.com/kr/ko/product/detail?onlineProdSn=62394,71286.0,[세럼] 40ml / [크림] 70ml,40.0,ml,"[세럼] 편백수, 정제수, 부틸렌글라이콜, 글리세린, 다이프로필렌글라이콜, 베타인, 변성알코올, 나이아신아마이드, 스쿠알란, 카페인, 다이에톡시에틸석시네이트, 1,2-헥산다이올, 수크로오스스테아레이트, 소듐폴리아크릴로일다이메틸타우레이트, 글리세릴폴리메타크릴레이트, 폴리글리세릴-10스테아레이트, 폴리메틸메타크릴레이트, 메틸트라이메티콘, 하이드로제네이티드레시틴, 하이드로제네이티드포스파티딜콜린, 에틸헥실글리세린, 폴리글리세릴-10라우레이트, 티몰트라이메톡시신나메이트, 카보머, 트로메타민, 잔탄검, 글루코노락톤, 소듐시트레이트, 다이소듐이디티에이, 말라카이트추출물, 잇꽃꽃추출물, 덱스트린, 시트릭애씨드, 피토스테롤, 알지닌, 사이클로덱스트린, 하이드록시프로필사이클로덱스트린, 말토덱스트린, 토코페롤 / [크림] 편백수, 부틸렌글라이콜, 글리세린, 다이카프릴릴에터, 1,2-헥산다이올, 스쿠알란, 페닐트라이메티콘, 메틸트라이메티콘, 아이소노닐아이소노나노에이트, 베타인, C14-22알코올, 정제수, 세테아릴알코올, 세테아릴올리베이트, 스테아릴다이메티콘, 글리세릴스테아레이트, 솔비탄올리베이트, 피씨에이다이메티콘, 팔미틱애씨드, 스테아릭애씨드, 하이드록시에틸아크릴레이트/소듐아크릴로일다이메틸타우레이트코폴리머, C12-20알킬글루코사이드, 소듐스테아로일글루타메이트, 에틸헥실글리세린, 아크릴레이트/C10-30알킬아크릴레이트크로스폴리머, 베헤닐알코올, 트로메타민, 잔탄검, 피토스테롤, 솔비탄아이소스테아레이트, 말라카이트추출물, 다이소듐이디티에이, 잇꽃꽃추출물, 덱스트린, 나이아신아마이드, 카페인, 세라마이드엔피, 토코페롤, 알지닌, 사이클로덱스트린, 하이드록시프로필사이클로덱스트린, 말토덱스트린, 시트릭애씨드",라네즈,라네즈_시카페인 트러블리셋 2종
블루 수분 선크림 SPF50+/PA++++,https://www.amoremall.com/kr/ko/product/detail?onlineProdSn=62302,50000.0,50ml *2개,50.0,ml,"정제수, 부틸렌글라이콜, 호모살레이트, 에칠헥실살리실레이트, 변성알코올, 비스-에칠헥실옥시페놀메톡시페닐트리아진, 디에칠아미노하이드록시벤조일헥실벤조에이트, 실리카, 세틸에틸헥사노에이트, 에칠헥실트리아존, 테레프탈릴리덴디캠퍼설포닉애씨드, 트로메타민, 메틸트라이메티콘, 다이아이소프로필세바케이트, 세테아릴알코올, 하이드록시에틸아크릴레이트/소듐아크릴로일다이메틸타우레이트코폴리머, 포타슘세틸포스페이트, 1,2-헥산다이올, 하이드록시프로필스타치포스페이트, 아크릴레이트/C10-30알킬아크릴레이트크로스폴리머, 글리세릴스테아레이트, 하이드로제네이티드레시틴, 향료, 에틸헥실글리세린, 스테아릭애씨드, 폴리글리세릴-3메틸글루코오스다이스테아레이트, 팔미틱애씨드, 다이소듐이디티에이, 솔비탄아이소스테아레이트, 티타늄디옥사이드 (CI 77891), 마이카, 징크옥사이드, 에탄올, 인디고잎추출물, 마트리카리아꽃추출물, 미리스틱애씨드, 프로판다이올, 라우릭애씨드, 말라카이트추출물, 소듐하이알루로네이트, 틴옥사이드, 토코페롤, 소듐라우로일글루타메이트, 하이드롤라이즈드하이알루로닉애씨드, 라이신, 소듐하이알루로네이트크로스폴리머, 마그네슘클로라이드, 하이알루로닉애씨드, 소듐아세틸레이티드하이알루로네이트",비레디,비레디_블루 수분 선크림 SPF50+/PA++++
블루 수분 선크림 SPF50+/PA++++,https://www.amoremall.com/kr/ko/product/detail?onlineProdSn=62302,50000.0,50ml *2개,50.0,ml,"정제수, 부틸렌글라이콜, 호모살레이트, 에칠헥실살리실레이트, 변성알코올, 비스-에칠헥실옥시페놀메톡시페닐트리아진, 디에칠아미노하이드록시벤조일헥실벤조에이트, 실리카, 세틸에틸헥사노에이트, 에칠헥실트리아존, 테레프탈릴리덴디캠퍼설포닉애씨드, 트로메타민, 메틸트라이메티콘, 다이아이소프로필세바케이트, 세테아릴알코올, 하이드록시에틸아크릴레이트/소듐아크릴로일다이메틸타우레이트코폴리머, 포타슘세틸포스페이트, 1,2-헥산다이올, 하이드록시프로필스타치포스페이트, 아크릴레이트/C10-30알킬아크릴레이트크로스폴리머, 글리세릴스테아레이트, 하이드로제네이티드레시틴, 향료, 에틸헥실글리세린, 스테아릭애씨드, 폴리글리세릴-3메틸글루코오스다이스테아레이트, 팔미틱애씨드, 다이소듐이디티에이, 솔비탄아이소스테아레이트, 티타늄디옥사이드 (CI 77891), 마이카, 징크옥사이드, 에탄올, 인디고잎추출물, 마트리카리아꽃추출물, 미리스틱애씨드, 프로판다이올, 라우릭애씨드, 말라카이트추출물, 소듐하이알루로네이트, 틴옥사이드, 토코페롤, 소듐라우로일글루타메이트, 하이드롤라이즈드하이알루로닉애씨드, 라이신, 소듐하이알루로네이트크로스폴리머, 마그네슘클로라이드, 하이알루로닉애씨드, 소듐아세틸레이티드하이알루로네이트",라네즈,라네즈_블루 수분 선크림 SPF50+/PA++++
메타그린 칼로리컷 젤리 다이어트 기능성 젤리 혈당탄수화물컷,https://www.amoremall.com/kr/ko/product/detail?onlineProdSn=61196,25000.0,적당해요,,,"난소화성말토덱스트린(옥수수: 외국산(러시아, 헝가리, 세르비아 등)), 가르시니아캄보지아추출물(인도산), 건조효모(크롬함유), 정제수, 말티톨시럽(감미료), 곤약프로틴볼(곤약분말(중국산), 완두단백(프랑스산), 수산화칼슘), 혼합제제(로커스트콩검, 잔탄검, 포도당, 한천, 타마린드검), 구연산, 오렌지향, 자일리톨(감미료), 오렌지농축액, β-시클로덱스트린, 구연산나트륨, 스테비올배당체(감미료), 리치향, 수크랄로스(감미료), 흰강낭콩추출물분말, 알로에베라겔동결건조분말",퍼즐우드,퍼즐우드_메타그린 칼로리컷 젤리 다이어트 기능성 젤리 혈당탄수화물컷
메타그린 부스터샷 7일,https://www.amoremall.com/kr/ko/product/detail?onlineProdSn=64246,28000.0,적당해요,,,"APIC대두배아열수추출물등복합물(대두배아추출물분말(대두(미국산)), L-카르니틴), 녹차추출물, 판토텐산칼슘, 비타민C, 정제수, 난소화성말토덱스트린(옥수수: 외국산(러시아, 헝가리, 세르비아 등)) ,시트러스농축액(시트러스혼합액(풋귤착즙액 국산))), 푸룬농축액, 구연산, 치커리뿌리추출물, 혼합제제(정제수, 덱스트린, 아라비아검, 유자후레바베이스, 유자향, 레몬라임향, 레몬오일, 합성향료), 구연산삼나트륨, 효소처리스테비아, 프탈산히드록시프로필메틸셀룰로오스, 목화씨유분말(경화유), 젖산칼슘, 펙틴, 함초소금, 제삼인산칼슘, 젤란검, 글리세린지방산에스테르, 구아검 대두함유",퍼즐우드,퍼즐우드_메타그린 부스터샷 7일
메타그린 슬림업 다이어트 비건 기능성,https://www.amoremall.com/kr/ko/product/detail?onlineProdSn=36142,36000.0,적당해요,,,"녹차추출물분말(인도산), 판토텐산칼슘, 비타민C, 치커리뿌리추출물(벨기에산), 프탈산히드록시프로필메틸셀룰로오스, 스테아린산마그네슘, 제삼인산칼슘, 글리세린초산지방산에스테르, 구아검",퍼즐우드,퍼즐우드_메타그린 슬림업 다이어트 비건 기능성
메타그린 클린티 10입,https://www.amoremall.com/kr/ko/product/detail?onlineProdSn=64198,25000.0,적당해요,,,"구연산, 구연산칼륨, 용성비타민P, 향료(레몬향), 올리브잎추출물(올리브잎추출물, 말토덱스트린)(스페인산), 파인애플추출분말(인도산), 향료(복숭아향분말), 레몬농축분말(레몬농축액: 이탈리아산), 함초소금, 산화마그네슘, 수크랄로스(감미료), 아세설팜칼륨(감미료), 스테비올배당체(감미료), 레몬농축분말, 필발추출물, 구아검",퍼즐우드,퍼즐우드_메타그린 클린티 10입
녹차에서 온 유산균,https://www.amoremall.com/kr/ko/product/detail?onlineProdSn=33827,28000.0,적당해요,,,"프로바이오틱스(Lactiplantibacillus plantarum APsulloc331261, Bifidobacterium animalis ssp.lactis, Lacticaseibacillus rhamnosus, Bifidobacterium breve, Bifidobacterium bifidum, Lactobacillus gasseri), 비타민 D3혼합제제 (비타민D3, 덱스트린, 에틸셀룰 로스, d-토코페롤, 중쇄중성지방), 산화아연, 자일리톨혼합분말(자일리톨, 에리스리톨, 유 당혼합분말(유당(미국산), 덱스트린), 무수구연산, 청포도향혼합제제(덱스트린, 합성향료 (청포도향), 아라비아검), 요거트혼합분말(요구르트향(이탈리아산), 요거트분말(이탈리아산))), 치커리뿌리추출물, 코코넛분말(코코넛 밀크, 말토덱스트린, 카제인나트륨)(말레이시 아산), 프락토올리고당, 스테아린산마그네슘, 제삼인산칼슘, 효소처리스테비아, 청포도향혼합제제(덱스트린, 합성향료(청포도향), 아라비아검) 대두, 우유 함유",퍼즐우드,퍼즐우드_녹차에서 온 유산균
슈퍼콜라겐 28입,https://www.amoremall.com/kr/ko/product/detail?onlineProdSn=64165,75000.0,적당해요,,,"정제수, 저분자피쉬콜라겐펩타이드, 믹스베리농축액 (포도농축액(칠레산), 블루베리농축액(미국산)), 비오틴, 니코틴산아미드, 히알루론산, 엘라스틴펩타이드, 밀크세라마이드, 효모추출물 GT, 비타민C, AP콜라겐효소분해펩타이드, 글루코노델타락톤, 레몬농축액(이스라엘산), 구연산, 자일리톨(감미료), 연어추출물(DNA-Na), 락토바이탈 PDRN, 향료(믹스베리향), 향료(마스킹향), 향료(자몽향), 저분자콜라 겐펩타이드 타입 1,3, 콜라겐펩타이드-type II, 난각막콜라겐, 함초소금(천일염(국내산),퉁퉁마디추출액(국내산)), 젤란검, 수크랄로스(감미료), 아세설팜칼륨(감미료), 스테비올배당체(감미료), 울금추출물분말, 녹차다당분말 [난류(가금류), 닭고기, 우유 함유]",퍼즐우드,퍼즐우드_슈퍼콜라겐 28입
멀티비타민미네랄,https://www.amoremall.com/kr/ko/product/detail?onlineProdSn=14931,35000.0,용량 넉넉해요,,,"비타민C, 비타민E혼합제제(dl-α-토코페릴아세테이트, 옥테닐호박산나트륨전분, 정제수, 이산화규소), 니코틴산아미드, 셀레늄혼합제제(아셀렌산나트륨, 덱스트린), 베타카로틴혼합제제(베타카로틴, 젤라틴, 옥수수전분, 설탕, L-아스코르빈산나트륨, 정제수, d-토코페롤, 제삼인산칼슘), 판토텐산칼슘, 산화아연, 비타민B12혼합분말(비타민B12, 덱스트린, 구연산삼나트륨, 구연산), 황산망간, 비타민D3혼합제제(비타민D3, 아라비아검, 설탕, 옥수수전분, 가공유지, 이산화규소, 비타민E), 비타민B6염산염, 비타민B1염산염, 비타민B2, 엽산, 분말 말티톨시럽, 유당혼합분말(유당(미국산), 덱스트린), 무수포도당, 이소말트, 옥수수전분(미국산), 함수포도당, 자일리톨, 코코넛밀크분말(말레이시아산), 망고과즙분말, 구연산, 망고향(정제수,덱스트린, 아라비아검, 주정, 프로필렌글리콜, 합성향료, 트리아세틴, 합성향료), 스테아린산마그네슘, 히드록시프로필메틸셀룰로스, 효소처리스테비아, 식물혼합추출물분말, 치자황색소, 산화마그네슘, 건조효모(크롬함유) 우유, 토마토, 대두, 돼지고기 함유",퍼즐우드,퍼즐우드_멀티비타민미네랄
메타그린 효소 14입,https://www.amoremall.com/kr/ko/product/detail?onlineProdSn=64882,23000.0,적당해요,,,"메타프로효소포뮬라{노란콩(국산), 탈지 대두(인도산), 백미, 효소식품, 기타가공품}, 락티톨 29%, 식물성크림[물엿, 식물성경화유지{코코넛오일 (외국산 : 인도네시아산, 말레이시아산, 필리핀산 등)}, 농축우유단백분말(오스트리아산), 제이인산칼륨, 제 삼인산칼슘, 정제소금, 글리세린지방산에스테르, 글리세린디아세틸주석산지방산에스테르, 탄산수소나트륨, 무지방우유], 자일리톨 9%, 오곡분말{현미, 보리, 조, 수수, 찰현미 국산}, 효소식품 1, 분리대두단백, 곡물 향혼합제제{혼합제제(덱스트린, 주정, 아라비아검, 합성향료, 프로필렌글리콜, 젖산), 덱스트린}, 6종혼합유산균, 이산화규소, 효소식품 2, 푸룬과즙분말, 귀리식이섬유, 이눌린치커리추출물, 난소화성말토덱스트린, 효소처리스테비아, 건조맥주효모, 아미노산혼합분말(L-페닐알라닌, L-로이신, L-메티오닌, L-라이신염산 염, 팔라티노스, L-이소로이신, L-발린, L-히스티딘, L-트레오닌, L-트립토판), 비타민무기질혼합제제{제이인산칼슘, 비타민C, 비타민E혼합제제(dl-α-토코페릴초산염, 변성전분, 포도당시럽분말, 이산화규소), 푸마르산제일철, 니코틴산아미드, 산화아연, 비타민A혼합제제(포도당시럽분말, 아라비아검, 옥수수전분, 비타민A아세테이트, dl-α-토코페롤), 판토텐산칼슘, 비타민B6염산염, 비타민B1염산염, 비타민B2, 엽산, 비오 틴}, 향료(천연티분말향) 우유, 대두, 밀, 메밀, 토마토 함유",퍼즐우드,퍼즐우드_메타그린 효소 14입
슈퍼레티놀 30포,https://www.amoremall.com/kr/ko/product/detail?onlineProdSn=64166,28000.0,용량 넉넉해요,,,"리포좀 레티놀+비타민C(비타민C, 자일리톨, L-시스틴, 효소처리저분자오크라뮤신(오크라분말(중국산)), L-트레오닌, 시트러스추출분말(중국산), 판토텐산칼슘, 모링가추출물 (레티놀 5%), 말티톨시럽, 니코틴산아미드, 비타민E혼합제제분말(dl-α-토코페릴아세테이트, 옥테닐호박산나트륨전분, 정제수, 이산화규소), 비타민D혼합제제 (변성전분, 설탕, L-아스코브산나트륨, 해바라기유, 비타민E, 비타민D2), 레몬과즙분말(레몬과즙, 덱스트린, 아라비아검), 레시틴, 펄스에너지처리녹차분말, 울금추출물분말, 히알루론산), 자일리톨, 비타민C, 효소처리스테비아, 망고과즙분말(망고퓌레(필리핀산)), 향료(레몬라임향), 함초소금(천일염(국내산), 퉁퉁마디추출액(국내산)), 제삼인산칼슘, 구연산, 향료(자몽분말향), 스테아린산마그네슘, 산화마그네슘, 당류가공품",퍼즐우드,퍼즐우드_슈퍼레티놀 30포
액티브 멀티팩,https://www.amoremall.com/kr/ko/product/detail?onlineProdSn=18819,60000.0,부족했어요,,,"비타민C혼합제제(아스코르빈산칼슘, DL-트레오닌), 글루콘산아연, 판토텐산칼슘, 푸마르산제일철, 니코틴산아미드, 건조효모(셀렌)(캐나다산), 비타민E혼합제제(dl α-토코페릴아세테이트, 옥테닐호박산나트륨전분, 정제수, 이산화규소), 비타민B1염산염, 비타민B2, 비타민B6염산염, 비타민D3혼합제제(비타민D3, 설탕, 아라비아검, 옥수수전분, 가공유지, 이산화규소, 비타민E), 건조효모(크롬), 황산망간, 비타민B12혼합분말(비타민B12, 덱스트린, 구연산삼나트륨, 구연산), 엽산, D-비오틴, 결정셀룰로스, 제삼인산칼슘, 펄스에너지처리녹차분말(국산), 프탈산히드록시프로필메틸셀룰로오스, 히드록시프로필메틸셀룰로스, 산화마그네슘, 스테아린산마그네슘, 혼합제제(히드록시프로필셀룰로스, 이산화규소), 옥수수전분(미국산), 스테아린산, 가교카르복시메틸셀룰로스나트륨, 카르복시메틸셀룰로오스칼슘, 글리세린지방산에스테르, 석류농축액분말, 울금추출물, 덱스트린, 혼합제제(말토덱스트린, 옥수수전분, 아라비아검, 비타민A아세테이트, 비타민E) 대두 함유",퍼즐우드,퍼즐우드_액티브 멀티팩
오메가케어 30일,https://www.amoremall.com/kr/ko/product/detail?onlineProdSn=21406,50000.0,적당해요,,,"정제어유(정제어유,D-토코페롤)(노르웨이산), 밀납, 보라지유(영국산), 레몬오일, D-α-토코페롤 캡슐기제 젤라틴, 글리세린, D-소르비톨액, 카카오색소, 오징어 먹물색소 대두, 돼지고기, 오징어, 고등어 함유",퍼즐우드,퍼즐우드_오메가케어 30일
메타그린 슬림업,https://www.amoremall.com/kr/ko/product/detail?onlineProdSn=64888,65000.0,용량 넉넉해요,,,"녹차추출물분말(인도산), 판토텐산칼슘, 비타민C, 치커리뿌리추출물(벨기에산), 프탈산히드록시프로필메틸셀룰로오스, 스테아린산마그네슘, 제삼인산칼슘, 글리세린초산지방산에스테르, 구아검",퍼즐우드,퍼즐우드_메타그린 슬림업
슈퍼콜라겐 골드,https://www.amoremall.com/kr/ko/product/detail?onlineProdSn=62889,380000.0,적당해요,,,"AP콜라겐효소분해펩타이드, N-아세틸글루코사민(홍게(국산)), 니코틴산아미드, 황산망간, 비오틴, 정제수, 저분자콜라겐펩타이드-타입Ⅰ, Ⅲ(베트남산), 저분자피쉬콜라겐(베트남산), 콜라겐펩타이드-SP, 구연산, 자일리톨(감미료), 콜라겐펩타이드-타입Ⅱ, 체리라임향혼합제제(프로필렌글리콜, 글리세린, 주정, 트리아세틴, 합성향료, 정제수, 초산, 레몬오일, 비타민E), 맥아추출분말, 비타민C, 함초소금(천일염, 통통마디추출액), 수크랄로스(감미료), 젤란검, 아세설팜칼륨(감미료), 스테비올배당체(감미료), 난각막콜라겐, 호박씨앗추출분말, 엘라스틴펩타이드, 녹차다당체분말, 밀크세라마이드, 히알루론산혼합제제(덱스트린, 히알루론산) 난류(가금류), 게, 닭고기, 우유 함유",퍼즐우드,퍼즐우드_슈퍼콜라겐 골드
굿슬립 가바 365  식약처 인정 수면기능성,https://www.amoremall.com/kr/ko/product/detail?onlineProdSn=53654,37000.0,용량 넉넉해요,,,"L-글루탐산발효 가바분말(국내산), 니코틴산아미드, 결정셀룰로오스, 제이인산칼슘, 히드록시프로필메틸셀룰로오스혼합제제(히드록시프로필셀룰로스, 히드록시프로필메틸셀룰로스), 목화씨유분말(경화유)(미국산), 제삼인산칼슘, L아르기닌, 타트체리농축분말(타트체리농축액(폴란드산)), 산화마그네슘, 말토덱스트린혼합제제(말토덱스트린, 해바라기레시틴, 팜올레인, 구아검)",퍼즐우드,퍼즐우드_굿슬립 가바 365  식약처 인정 수면기능성
슈퍼콜라겐 프리미엄,https://www.amoremall.com/kr/ko/product/detail?onlineProdSn=54659,115000.0,적당해요,,,"AP콜라겐효소분해펩타이드,혼합제제(아셀렌산나트륨, 옥수수말토덱스트린),나이아신,비오틴,정제수,자일리톨,레몬농축액(이스라엘산),프락토올리고당,구연산,라즈베리향(프로필렌글리콜,합성향료),구연산삼나트륨,세븐베리농축액(블랙베리농축액(미국산),블루베리농축액(미국산)),비타민C,스테비올배당체,젖산칼슘,젤란검,밀크세라마이드(뉴질랜드산),L-시스테인염산염,히알루론산혼합제제(덱스트린,히알루론산), 엘라스틴펩타이드,녹차다당체분말, 우유함유",퍼즐우드,퍼즐우드_슈퍼콜라겐 프리미엄
슈퍼에센셜,https://www.amoremall.com/kr/ko/product/detail?onlineProdSn=63950,27800.0,용량 넉넉해요,,,"AP콜라겐효소분해펩타이드, 비타민C, 푸마르산제일철, 셀레늄혼합제제(아셀렌산나트륨, 옥수수말토덱스트린), 비타민B12혼합분말(비타민B12, 말토덱스트린, 구연산삼나트륨, 구연산), 비타민B1염산염, 니코틴산아미드, 비타민B2, 판토텐산칼슘, 비타민D3혼합제제(비타민D3, 아라비아검, 자당, 옥수수전분, 가공유지, 이산화규소, 비타민E), 비타민B6염산염, 엽산, 비오틴, 정제수, 자일리톨(감미료), 레몬농축액(이스라엘산), 결정셀룰로스, 글루코노-δ-락톤, 히드록시프로필메틸셀룰로스 혼합제제(히드록시프로필메틸셀룰로스, 이소말트(감미료), 탄산칼슘, 스테아린산), 무수구연산, 합성향료(포도향), 스테아린산마그네슘, L-시스틴, 스테아린산, 히드록시프로필메틸셀룰로스, 가교카복시메틸셀룰로스나트륨, 맥아추출분말(영국산), 말토덱스트린 혼합제제(말토덱스트린, 해바라기 레시틴, 해바라기유, 구아검), 제삼인산칼슘, 젤란검, 포도농축액(미국산), 함초소금(천일염, 퉁퉁마디추출액), 밀크세라마이드, 수크랄로스(감미료), 아세설팜칼륨(감미료), 건조효모(크롬), 산화아연, 비타민A혼합제제(말토덱스트린, 옥수수전분, 아라비아검, 비타민A 아세테이트, 비타민E), 스테비올배당체(감미료), 히알루론산, 엘라스틴펩타이드, 황산망간, 글루콘산동, 비타민E혼합제제(dl-α-토코페릴아세테이트, 옥테닐호박산나트륨전분, 정제수, 이산화규소), 녹차다당분말, 비타민K1혼합제제(아라비아검, 자당, 비타민K1) 대두, 우유 함유",퍼즐우드,퍼즐우드_슈퍼에센셜
트루아이,https://www.amoremall.com/kr/ko/product/detail?onlineProdSn=20371,60000.0,용량 넉넉해요,,,"""정제어유(정제어유, d-토코페롤(혼합형))(노르웨이산), 마리골드꽃추출물(마리골드꽃추출물, 해바라기유, dl-α-토코페롤)(인도산), 헤마토코쿠스추출물(헤마토코쿠스추출물, 압착올리브유, 비타민E), 건조효모(셀렌), d-α-토코페롤, 비타민A혼합제제(유성비타민A지방산에스테르, 땅콩오일, dl-α-토코페롤), 비타 민B6염산염, 밀납, 대두레시틴(인도산), 레시틴,녹차추출물 캡슐기제- 젤라틴, 글리세린, 프탈산히드록시프로필메틸셀룰로오스, D-소비톨, 트리아세틴, 카카오색소, 오렌지오일 대두, 땅콩, 쇠고기, 고등어 함유""",퍼즐우드,퍼즐우드_트루아이
슈퍼에센셜,https://www.amoremall.com/kr/ko/product/detail?onlineProdSn=63893,99000.0,적당해요,,,"AP콜라겐효소분해펩타이드, 비타민C, 푸마르산제일철, 셀레늄혼합제제(아셀렌산나트륨, 옥수수말토덱스트린), 비타민B12혼합분말(비타민B12, 말토덱스트린, 구연산삼나트륨, 구연산), 비타민B1염산염, 니코틴산아미드, 비타민B2, 판토텐산칼슘, 비타민D3혼합제제(비타민D3, 아라비아검, 자당, 옥수수전분, 가공유지, 이산화규소, 비타민E), 비타민B6염산염, 엽산, 비오틴, 정제수, 자일리톨(감미료), 레몬농축액(이스라엘산), 결정셀룰로스, 글루코노-δ-락톤, 히드록시프로필메틸셀룰로스 혼합제제(히드록시프로필메틸셀룰로스, 이소말트(감미료), 탄산칼슘, 스테아린산), 무수구연산, 합성향료(포도향), 스테아린산마그네슘, L-시스틴, 스테아린산, 히드록시프로필메틸셀룰로스, 가교카복시메틸셀룰로스나트륨, 맥아추출분말(영국산), 말토덱스트린 혼합제제(말토덱스트린, 해바라기 레시틴, 해바라기유, 구아검), 제삼인산칼슘, 젤란검, 포도농축액(미국산), 함초소금(천일염, 퉁퉁마디추출액), 밀크세라마이드, 수크랄로스(감미료), 아세설팜칼륨(감미료), 건조효모(크롬), 산화아연, 비타민A혼합제제(말토덱스트린, 옥수수전분, 아라비아검, 비타민A 아세테이트, 비타민E), 스테비올배당체(감미료), 히알루론산, 엘라스틴펩타이드, 황산망간, 글루콘산동, 비타민E혼합제제(dl-α-토코페릴아세테이트, 옥테닐호박산나트륨전분, 정제수, 이산화규소), 녹차다당분말, 비타민K1혼합제제(아라비아검, 자당, 비타민K1) 대두, 우유 함유",퍼즐우드,퍼즐우드_슈퍼에센셜
메타그린 골드 플러스,https://www.amoremall.com/kr/ko/product/detail?onlineProdSn=61550,65000.0,용량 넉넉해요,,,"녹차추출물(인도산), 은행잎추출물(인도산), 바나바잎추출물(인도산), 치커리추출물, 프탈산히드록시프로필메틸셀룰로오스, 비타민C, 발효추차추출분말, 혼합제제(히드록시프로필셀룰로오스, 히드록시프로필메틸셀룰로오스), 스테아린산마그네슘, 제삼인산칼슘, 양파추출물, 글리세린지방산에스테르, 건조효모(크롬), 코엔자임Q10, 구아검, 혼합제제(덱스트린, 에틸셀룰로스, d-토코페롤, 중쇄중성지방, 비타민D3)",퍼즐우드,퍼즐우드_메타그린 골드 플러스
명작수 골드,https://www.amoremall.com/kr/ko/product/detail?onlineProdSn=44190,560000.0,,,,"홍삼농축액(국산)(원료삼배합비율:홍삼근70%, 홍미삼30%), 글루콘산아연, 니코틴산아미드, 정제수, 말토올리고당, 청포도농축액(미국산), 난소화성말토덱스트린(외국산(러시아, 헝가리, 세르비아 등)), 푸룬농축액(미국산), 벌꿀(아카시아꿀)(국산), 인삼열매농축액(국산), 오미자추출농축액(국산), L-아르기닌",퍼즐우드,퍼즐우드_명작수 골드
명작수 골드,https://www.amoremall.com/kr/ko/product/detail?onlineProdSn=21476,320000.0,적당해요,,,"홍삼농축액(국산)(원료삼배합비율:홍삼근70%, 홍미삼30%), 글루콘산아연, 니코틴산아미드, 정제수, 말토올리고당, 청포도농축액(미국산), 난소화성말토덱스트린(외국산(러시아, 헝가리, 세르비아 등)), 푸룬농축액(미국산), 벌꿀(아카시아꿀)(국산), 인삼열매농축액(국산), 오미자추출농축액(국산), L-아르기닌",퍼즐우드,퍼즐우드_명작수 골드
메타그린 골드 플러스 패밀리 기획세트,https://www.amoremall.com/kr/ko/product/detail?onlineProdSn=64796,300000.0,용량 넉넉해요,,,"녹차추출물(인도산), 은행잎추출물(인도산), 바나바잎추출물(인도산), 치커리추출물, 프탈산히드록시프로필메틸셀룰로오스, 비타민C, 발효추차추출분말, 혼합제제(히드록시프로필셀룰로오스, 히드록시프로필메틸셀룰로오스), 스테아린산마그네슘, 제삼인산칼슘, 양파추출물, 글리세린지방산에스테르, 건조효모(크롬), 코엔자임Q10, 구아검, 혼합제제(덱스트린, 에틸셀룰로스, d-토코페롤, 중쇄중성지방, 비타민D3)",퍼즐우드,퍼즐우드_메타그린 골드 플러스 패밀리 기획세트
슈퍼콜라겐 골드,https://www.amoremall.com/kr/ko/product/detail?onlineProdSn=58944,140000.0,적당해요,,,"AP콜라겐효소분해펩타이드, N-아세틸글루코사민(홍게(국산)), 니코틴산아미드, 황산망간, 비오틴, 정제수, 저분자콜라겐펩타이드-타입Ⅰ, Ⅲ(베트남산), 저분자피쉬콜라겐(베트남산), 콜라겐펩타이드-SP, 구연산, 자일리톨(감미료), 콜라겐펩타이드-타입Ⅱ, 체리라임향혼합제제(프로필렌글리콜, 글리세린, 주정, 트리아세틴, 합성향료, 정제수, 초산, 레몬오일, 비타민E), 맥아추출분말, 비타민C, 함초소금(천일염, 통통마디추출액), 수크랄로스(감미료), 젤란검, 아세설팜칼륨(감미료), 스테비올배당체(감미료), 난각막콜라겐, 호박씨앗추출분말, 엘라스틴펩타이드, 녹차다당체분말, 밀크세라마이드, 히알루론산혼합제제(덱스트린, 히알루론산) 난류(가금류), 게, 닭고기, 우유 함유",퍼즐우드,퍼즐우드_슈퍼콜라겐 골드
NEW 슈퍼시카 B5,https://www.amoremall.com/kr/ko/product/detail?onlineProdSn=66411,28000.0,적당해요,,,"리포좀 시카 B5(판토텐산)(밀크세라마이드(버터유분말(독일산)), 자일리톨(감미료), 판토텐산칼슘, 비타민C, 시클로덱스트린시럽, 말티톨시럽(감미료), 니코틴산아미드, 건조효모(셀렌)(캐나다산), 비타민D3혼합제제(아라비아검, 설탕, 옥수수전분, 폴리글리세린지방산에스테르, 이산화규소, 비타민D3, 비타민E), 레시틴, 비오틴혼합제제(제이인산칼슘, 비오틴), 수크랄로스(감미료), 락토바이탈 PDRN, 병풀추출물, 어성초추출분말, 히비스커스추출혼합분말), 자일리톨(감미료), 에리스리톨(감미료), 효소처리스테비아1(감미료), 리치향, Lactiplantibacillus plantarum APSulloc 331261, 레몬과즙분말(레몬과즙(이탈리아산)), 요구르트향분말(요구르트향(이탈리아산), 요거트분말(이탈리아산)), 효소처리스테비아2(감미료), 글루코노-δ-락톤, 구연산, 탄산수소나트륨, 레몬향혼합제제(덱스트린, 레몬오일, 아라비아검, 구연산, 펙틴, 구연산삼나트륨), 제삼인삼칼슘, 수크랄로스(감미료) 우유함유 당알코올(자일리톨 36.25%, 에리스리톨 7%, 말티톨시럽 1.03%), 당알코올 함유 제품으로 과량 섭취 시 설사를 일으킬 수 있습니다.",퍼즐우드,퍼즐우드_NEW 슈퍼시카 B5
액티브멀티팩 기획세트,https://www.amoremall.com/kr/ko/product/detail?onlineProdSn=64798,280000.0,,,,"비타민C혼합제제(아스코르빈산칼슘, DL-트레오닌), 글루콘산아연, 판토텐산칼슘, 푸마르산제일철, 니코틴산아미드, 건조효모(셀렌)(캐나다산), 비타민E혼합제제(dl-α-토코페릴아세테이트, 옥테닐호박산나트륨전분, 정제수, 이산화규소), 비타민B1염산염, 비타민B2, 비타민B6염산염, 비타민D3혼합제제(비타민D3, 설탕, 아라비아검, 옥수수전분, 가공유지, 이산화규소, 비타민E), 건조효모(크롬), 황산망간, 비타민B12혼합분말(비타민B12, 덱스트린, 구연산삼나트륨, 구연산), 엽산, D-비오틴, 결정셀룰로스, 제삼인산칼슘, 펄스에너지처리녹차분말(국산), 프탈산히드록시프로필메틸셀룰로오스, 히드록시프로필메틸셀룰로스, 산화마그네슘, 스테아린산마그네슘, 혼합제제(히드록시프로필셀룰로스, 이산화규소), 옥수수전분(미국산), 스테아린산, 가교카르복시메틸셀룰로스나트륨, 카르복시메틸셀룰로오스칼슘, 글리세린지방산에스테르, 석류농축액분말, 울금추출물, 덱스트린, 혼합제제(말토덱스트린, 옥수수전분, 아라비아검, 비타민A아세테이트, 비타민E) 대두 함유",퍼즐우드,퍼즐우드_액티브멀티팩 기획세트
리버프라임,https://www.amoremall.com/kr/ko/product/detail?onlineProdSn=19178,55000.0,적당해요,,,"밀크씨슬추출물분말(이탈리아산), D-α-토코페롤, 비타민B1염산염, 비타민B2, 키토올리고당분말(게(베트남산)), 대두유(외국산: 아르헨티나, 미국, 브라질 등), 유당, 혼합제제(히드록시프로필메틸셀룰로스, 이소말트, 탄산칼슘, 스테아린산), 대두레시틴(고시형), 결정셀룰로오스, 밀납, 대두레시틴, 카르복시메틸셀룰로오스칼슘, 이산화규소, 스테아린산마그네슘, 치자황색소, 카카오색소 *캡슐기제- 젤라틴, 글리세린, D-소르비톨액, 안나토색소 대두, 게, 우유, 돼지고기 함유",퍼즐우드,퍼즐우드_리버프라임
조이스텝 골드,https://www.amoremall.com/kr/ko/product/detail?onlineProdSn=14998,65000.0,적당해요,,,"타마린드강황주정추출복합물(Tamaflexⓡ)(타마린드추출물, 강황추출물, 결정젤룰로스, 인산화규소/인도산), 건조효모(크롬), 비타민D3혼합제제(비타민D3, 아라비아검, 자당, 옥수수전분, 중쇄중성지방, 이산화규소, 비타민E), 산화아연, 결정셀룰로스, 흰버드나무추출분말(인도산), 혼합제제(히드록시프로필메틸셀룰로스, 이소말토, 탄산칼슘, 스테아린산), 가교카복시메틸셀룰로스나트륨, 치커리뿌리추출분말(벨기에산), 제삼인산칼슘, 스테아린산마그네슘, 비타민k2혼합분말, 치자황색소, 연어코연골분말, 필발열매추출분말, 구아검",퍼즐우드,퍼즐우드_조이스텝 골드
올인원 멀티팩,https://www.amoremall.com/kr/ko/product/detail?onlineProdSn=66695,270000.0,적당해요,,,"정제어유(정제어유, d-토코페롤)(노르웨이산), 제이인산칼슘, 비타민C혼합제제(비타민C, 감귤껍질추출물, 쌀겨왁스), 산화마그네슘, 코엔자임Q10, 마리골드꽃추출물(인도산), 건조효모(셀렌)(캐나다산), 비타민E혼합제제(dl-α-토코페릴아 세테이트, 옥테닐호박산나트륨전분, 정제수, 이산화규소), 비타민B1염산염, 비타민B2, 산화아연, 건조효모(크롬), 푸마르산제일철, 비타민D3혼합제제(비타민D3, 아라비아검, 설탕, 옥수수전분, 가 공유지, 이산화규소, 비타민E), 니코틴산아미드, 비타민A아세테이트(비타민A아세테이트, 말토덱스트린, 옥수수전분, 아라비아검, 비타민E), 판토텐산칼슘, 비오틴혼합제제(비오틴, 제이인산칼슘), 비타민B6염산염, 글루콘산동, 황산망간, 비타민B12혼합제제(비타민B12, 말토덱스트린, 구연산삼나트륨, 구연산), 비타 민K1혼합제제(비타민K1, 아라비아검, 설탕), 엽산, 결정셀룰로오 스, 아보카도오일(멕시코산), 치커리뿌리추출물(칠레산), 히드록 시프로필메틸셀룰로오스혼합제제(히드록시프로필메틸셀룰로스, 이소말트(감미료), 탄산칼슘, 스테아린산), 히드록시프로필셀룰로스혼합제제1(히드록시프로필셀룰로스, 이산화규소), 밀납, 스테아린산마그네슘, 가교카복시메틸셀룰로스나트륨, 말토덱스트린혼합제제(말토덱스트린, 해바라기레시틴, 팜올레인유, 구아검), 대두레시틴, 히드록시프로필셀룰로스혼합제제2(히드록시프로필 셀룰로스, 이산화규소), 후추추출물, 레몬오일, 홍화황색소, 치자청색소 캡슐기제 - 젤라틴, 글리세린, 아미드펙틴, D-소비톨(감미료), 안나토색소, 카카오색소, 염화칼슘 대두, 돼지고기 함유",퍼즐우드,퍼즐우드_올인원 멀티팩
트루아이 기획세트,https://www.amoremall.com/kr/ko/product/detail?onlineProdSn=64801,280000.0,적당해요,,,"정제어유(정제어유, 비타민E)(칠레산), 마리골드꽃추출물(마리골드꽃추출물, 해바라기유, dl-α-토코페롤)(인도산), 헤마토코쿠스추출물(헤마토코쿠스추출물, 압착올리브유, 비타민E), 건조효모(셀렌), d-α-토코페롤, 비타민A혼합제제(유성비타민A지방산에스테르, 땅콩오일, dl-α-토코페롤), 비타민B6염산염, 밀납, 대두레시틴(인도산), 레시틴, 녹차추출물 캡슐기제 - 젤라틴, 글리세린, 프탈산히드 록시프로필메틸셀룰로오스, D-소비톨, 트리아세틴,카카오색소, 오렌지오일 대두, 땅콩, 쇠고기 함유",퍼즐우드,퍼즐우드_트루아이 기획세트
조이스텝 골드,https://www.amoremall.com/kr/ko/product/detail?onlineProdSn=63889,180000.0,,,,"타마린드강황주정추출복합물(Tamaflexⓡ)(타마린드추출물, 강황추출물, 결정젤룰로스, 인산화규소/인도산), 건조효모(크롬), 비타민D3혼합제제(비타민D3, 아라비아검, 자당, 옥수수전분, 중쇄중성지방, 이산화규소, 비타민E), 산화아연, 결정셀룰로스, 흰버드나무추출분말(인도산), 혼합제제(히드록시프로필메틸셀룰로스, 이소말토, 탄산칼슘, 스테아린산), 가교카복시메틸셀룰로스나트륨, 치커리뿌리추출분말(벨기에산), 제삼인산칼슘, 스테아린산마그네슘, 비타민k2혼합분말, 치자황색소, 연어코연골분말, 필발열매추출분말, 구아검",퍼즐우드,퍼즐우드_조이스텝 골드
슈퍼콜라겐 플래티넘,https://www.amoremall.com/kr/ko/product/detail?onlineProdSn=63758,360000.0,용량 넉넉해요,,,"AP콜라겐효소분해펩타이드, 비타민C, 히알루론산, 셀레늄혼합제제(아셀렌산나트륨, 옥수수말토덱스트린), 비타민B6염산염, 비오틴, 정제수, 저분자피쉬콜라겐펩타이드(베트남산), 자일리톨(감미료), 글루코노-δ-락톤, 효모추출물GT(중국산), 결정셀룰로스, 구연산, 제삼인산칼슘, 밀크세라마이드(유청분말(미국산)), 히드록시프로필메틸셀룰로오스혼합제제(히드록시프로필메틸셀룰로스, 이소말트(감미료), 탄산칼슘, 스테아린산), 연어추출물, 망고패션프루츠향(프로필렌글리콜, 합성향료, 트리아세틴), 치커리뿌리추출물, 펙틴, 맥아추출물분말, 스테아린산마그네슘, 병풀잎추출물분말, 가교카복시메틸셀룰로스나트륨, 마스킹향(프로필렌글리콜, 합성향료), 히드록시프로필셀룰로스 혼합제제(히드록시프로필셀룰로스, 이산화규소), 스테아린산마그네슘, 효소처리스테비아(감미료), 말토덱스트린혼합제제(말토덱스트린, 해바라기레시틴, 팜올레인유, 구아검), 스테아린산, 젤란검, L-시스테인염산염, 홍화황색소(홍화황색소, 덱스트린), 엘라스틴펩타이드, 구아검, 홍화황색소용액(정제수, 프로필렌글리콜, 홍화황색소), 녹차다당분말 우유함유",퍼즐우드,퍼즐우드_슈퍼콜라겐 플래티넘
슈퍼콜라겐 플래티넘,https://www.amoremall.com/kr/ko/product/detail?onlineProdSn=52559,180000.0,적당해요,,,"AP콜라겐효소분해펩타이드, 비타민C, 히알루론산, 셀레늄혼합제제(아셀렌산나트륨, 옥수수말토덱스트린), 비타민B6염산염, 비오틴, 정제수, 저분자피쉬콜라겐펩타이드(베트남산), 자일리톨(감미료), 글루코노-δ-락톤, 효모추출물GT(중국산), 결정셀룰로스, 구연산, 제삼인산칼슘, 밀크세라마이드(유청분말(미국산)), 히드록시프로필메틸셀룰로오스혼합제제(히드록시프로필메틸셀룰로스, 이소말트(감미료), 탄산칼슘, 스테아린산), 연어추출물, 망고패션프루츠향(프로필렌글리콜, 합성향료, 트리아세틴), 치커리뿌리추출물, 펙틴, 맥아추출물분말, 스테아린산마그네슘, 병풀잎추출물분말, 가교카복시메틸셀룰로스나트륨, 마스킹향(프로필렌글리콜, 합성향료), 히드록시프로필셀룰로스 혼합제제(히드록시프로필셀룰로스, 이산화규소), 스테아린산마그네슘, 효소처리스테비아(감미료), 말토덱스트린혼합제제(말토덱스트린, 해바라기레시틴, 팜올레인유, 구아검), 스테아린산, 젤란검, L-시스테인염산염, 홍화황색소(홍화황색소, 덱스트린), 엘라스틴펩타이드, 구아검, 홍화황색소용액(정제수, 프로필렌글리콜, 홍화황색소), 녹차다당분말 우유함유",퍼즐우드,퍼즐우드_슈퍼콜라겐 플래티넘
슈퍼콜라겐 골드,https://www.amoremall.com/kr/ko/product/detail?onlineProdSn=50054,280000.0,용량 넉넉해요,,,"AP콜라겐효소분해펩타이드, N-아세틸글루코사민(홍게(국산)), 니코틴산아미드, 황산망간, 비오틴, 정제수, 저분자콜라겐펩타이드-타입Ⅰ, Ⅲ(베트남산), 저분자피쉬콜라겐(베트남산), 콜라겐펩타이드-SP, 구연산, 자일리톨(감미료), 콜라겐펩타이드-타입Ⅱ, 체리라임향혼합제제(프로필렌글리콜, 글리세린, 주정, 트리아세틴, 합성향료, 정제수, 초산, 레몬오일, 비타민E), 맥아추출분말, 비타민C, 함초소금(천일염, 통통마디추출액), 수크랄로스(감미료), 젤란검, 아세설팜칼륨(감미료), 스테비올배당체(감미료), 난각막콜라겐, 호박씨앗추출분말, 엘라스틴펩타이드, 녹차다당체분말, 밀크세라마이드, 히알루론산혼합제제(덱스트린, 히알루론산) 난류(가금류), 게, 닭고기, 우유 함유",퍼즐우드,퍼즐우드_슈퍼콜라겐 골드
비타클렌즈,https://www.amoremall.com/kr/ko/product/detail?onlineProdSn=67297,50000.0,부족했어요,,,"폴리덱스트로스, 치커리뿌리추출물, 난소화성말토덱스트린(옥수수: 외국산(러시아, 헝가리, 세르비아 등)), 구연산, 비타민미네랄혼합분말(비타민C, 덱스트린, 비타민E혼합제제분말(dl-α-토코페릴아세테이트, 포도당시럽고형분, 변성전분, 이산화규소), 니코틴산아미드 , 판토텐산칼슘, 비타민A혼합제제(포도당시럽고형분, 아라비아검, 옥수수전분, 비타민A초산염, 비타민E), 비오틴혼합분말(비오틴, 덱스트린), 산화아연, 비타민D3혼합제제분말(변성전분, 설탕, 비타민C, MCT 오일, 이산화규소, dl-α-토코페릴아세테이트, 비타민D3), 황산망간, 비타민B6염산염, 비타민B2, 비타민B1염산염, 비타민B12혼합제제분말 (덱스트린, 구연산삼나트륨, 구연산, 비타민B12), 엽산), 자일리톨(감미료), 향료(오렌지향), DL-사과산, L-아르지닌, 산화마그네슘, 스테비올배당체(감미료), 향료(과채클렌즈향), 식물성DHA유지분말(네델란드산), 함초소금(천일염(국산), 퉁퉁마디추출액(국산)), 오렌지과즙분말, 야채혼합농축분말, 울금추출물분말, 프로바이오틱스분말, 수크랄로스(감미료), 구연산삼나트륨, 알긴산나트륨, 해바라기레시틴, 엽산 대두함유",퍼즐우드,퍼즐우드_비타클렌즈
굿슬립 가바 365,https://www.amoremall.com/kr/ko/product/detail?onlineProdSn=63416,20000.0,부족했어요,,,"L-글루탐산발효 가바분말(국내산), 니코틴산아미드, 결정셀룰로오스, 제이인산칼슘, 히드록시프로필메틸셀룰로오스혼합제제(히드록시프로필셀룰로스, 히드록시프로필메틸셀룰로스), 목화씨유분말(경화유)(미국산), 제삼인산칼슘, L아르기닌, 타트체리농축분말(타트체리농축액(폴란드산)), 산화마그네슘, 말토덱스트린혼합제제(말토덱스트린, 해바라기레시틴, 팜올레인, 구아검)",퍼즐우드,퍼즐우드_굿슬립 가바 365
올인원 멀티팩,https://www.amoremall.com/kr/ko/product/detail?onlineProdSn=66541,150000.0,적당해요,,,"정제어유(정제어유, d-토코페롤)(노르웨이산), 제이인산칼슘, 비타민C혼합제제(비타민C, 감귤껍질추출물, 쌀겨왁스), 산화마그네슘, 코엔자임Q10, 마리골드꽃추출물(인도산), 건조효모(셀렌)(캐나다산), 비타민E혼합제제(dl-α-토코페릴아 세테이트, 옥테닐호박산나트륨전분, 정제수, 이산화규소), 비타민B1염산염, 비타민B2, 산화아연, 건조효모(크롬), 푸마르산제일철, 비타민D3혼합제제(비타민D3, 아라비아검, 설탕, 옥수수전분, 가 공유지, 이산화규소, 비타민E), 니코틴산아미드, 비타민A아세테이트(비타민A아세테이트, 말토덱스트린, 옥수수전분, 아라비아검, 비타민E), 판토텐산칼슘, 비오틴혼합제제(비오틴, 제이인산칼슘), 비타민B6염산염, 글루콘산동, 황산망간, 비타민B12혼합제제(비타민B12, 말토덱스트린, 구연산삼나트륨, 구연산), 비타 민K1혼합제제(비타민K1, 아라비아검, 설탕), 엽산, 결정셀룰로오 스, 아보카도오일(멕시코산), 치커리뿌리추출물(칠레산), 히드록 시프로필메틸셀룰로오스혼합제제(히드록시프로필메틸셀룰로스, 이소말트(감미료), 탄산칼슘, 스테아린산), 히드록시프로필셀룰로스혼합제제1(히드록시프로필셀룰로스, 이산화규소), 밀납, 스테아린산마그네슘, 가교카복시메틸셀룰로스나트륨, 말토덱스트린혼합제제(말토덱스트린, 해바라기레시틴, 팜올레인유, 구아검), 대두레시틴, 히드록시프로필셀룰로스혼합제제2(히드록시프로필 셀룰로스, 이산화규소), 후추추출물, 레몬오일, 홍화황색소, 치자청색소 캡슐기제 - 젤라틴, 글리세린, 아미드펙틴, D-소비톨(감미료), 안나토색소, 카카오색소, 염화칼슘 대두, 돼지고기 함유",퍼즐우드,퍼즐우드_올인원 멀티팩
슈퍼레티놀 30포,https://www.amoremall.com/kr/ko/product/detail?onlineProdSn=67749,28000.0,60g [2gX30포],60.0,g,"리포좀 레티놀+비타민C(비타민C, 자일리톨, L-시스틴, 효소처리저분자오크라뮤신(오크라분말(중국산)), L-트레오닌, 시트러스추출분말(중국산), 판토텐산칼슘, 모링가추출물 (레티놀 5%), 말티톨시럽, 니코틴산아미드, 비타민E혼합제제분말(dl-α-토코페릴아세테이트, 옥테닐호박산나트륨전분, 정제수, 이산화규소), 비타민D혼합제제 (변성전분, 설탕, L-아스코브산나트륨, 해바라기유, 비타민E, 비타민D2), 레몬과즙분말(레몬과즙, 덱스트린, 아라비아검), 레시틴, 펄스에너지처리녹차분말, 울금추출물분말, 히알루론산), 자일리톨, 비타민C, 효소처리스테비아, 망고과즙분말(망고퓌레(필리핀산)), 향료(레몬라임향), 함초소금(천일염(국내산), 퉁퉁마디추출액(국내산)), 제삼인산칼슘, 구연산, 향료(자몽분말향), 스테아린산마그네슘, 산화마그네슘, 당류가공품",퍼즐우드,퍼즐우드_슈퍼레티놀 30포
메타그린 부스터샷 7일,https://www.amoremall.com/kr/ko/product/detail?onlineProdSn=67748,28000.0,190.33 gl27.19gX7EA,190.33,g,"APIC대두배아열수추출물등복합물(대두배아추출물분말(대두(미국산)), L-카르니틴), 녹차추출물, 판토텐산칼슘, 비타민C, 정제수, 난소화성말토덱스트린(옥수수: 외국산(러시아, 헝가리, 세르비아 등)) ,시트러스농축액(시트러스혼합액(풋귤착즙액 국산))), 푸룬농축액, 구연산, 치커리뿌리추출물, 혼합제제(정제수, 덱스트린, 아라비아검, 유자후레바베이스, 유자향, 레몬라임향, 레몬오일, 합성향료), 구연산삼나트륨, 효소처리스테비아, 프탈산히드록시프로필메틸셀룰로오스, 목화씨유분말(경화유), 젖산칼슘, 펙틴, 함초소금, 제삼인산칼슘, 젤란검, 글리세린지방산에스테르, 구아검 대두함유",퍼즐우드,퍼즐우드_메타그린 부스터샷 7일
메타그린 슬림업 다이어트 비건 기능성,https://www.amoremall.com/kr/ko/product/detail?onlineProdSn=67747,36000.0,25.2 gl 420 mgX 60정,25.2,g,"녹차추출물분말(인도산), 판토텐산칼슘, 비타민C, 치커리뿌리추출물(벨기에산), 프탈산히드록시프로필메틸셀룰로오스, 스테아린산마그네슘, 제삼인산칼슘, 글리세린초산지방산에스테르, 구아검",퍼즐우드,퍼즐우드_메타그린 슬림업 다이어트 비건 기능성
슈퍼콜라겐 14입,https://www.amoremall.com/kr/ko/product/detail?onlineProdSn=67586,40000.0,,,,"정제수, 저분자피쉬콜라겐펩타이드, 믹스베리농축액 (포도농축액(칠레산), 블루베리농축액(미국산)), 비오틴, 니코틴산아미드, 히알루론산, 엘라스틴펩타이드, 밀크세라마이드, 효모추출물 GT, 비타민C, AP콜라겐효소분해펩타이드, 글루코노델타락톤, 레몬농축액(이스라엘산), 구연산, 자일리톨(감미료), 연어추출물(DNA-Na), 락토바이탈 PDRN, 향료(믹스베리향), 향료(마스킹향), 향료(자몽향), 저분자콜라 겐펩타이드 타입 1,3, 콜라겐펩타이드-type II, 난각막콜라겐, 함초소금(천일염(국내산),퉁퉁마디추출액(국내산)), 젤란검, 수크랄로스(감미료), 아세설팜칼륨(감미료), 스테비올배당체(감미료), 울금추출물분말, 녹차다당분말 [난류(가금류), 닭고기, 우유 함유]",퍼즐우드,퍼즐우드_슈퍼콜라겐 14입
슈퍼콜라겐 28입X2개 + 월리 우프 무드등,https://www.amoremall.com/kr/ko/product/detail?onlineProdSn=67575,97500.0,(700ml (25ml * 28입)) *2,700.0,ml,"정제수, 저분자피쉬콜라겐펩타이드, 믹스베리농축액 (포도농축액(칠레산), 블루베리농축액(미국산)), 비오틴, 니코틴산아미드, 히알루론산, 엘라스틴펩타이드, 밀크세라마이드, 효모추출물 GT, 비타민C, AP콜라겐효소분해펩타이드, 글루코노델타락톤, 레몬농축액(이스라엘산), 구연산, 자일리톨(감미료), 연어추출물(DNA-Na), 락토바이탈 PDRN, 향료(믹스베리향), 향료(마스킹향), 향료(자몽향), 저분자콜라 겐펩타이드 타입 1,3, 콜라겐펩타이드-type II, 난각막콜라겐, 함초소금(천일염(국내산),퉁퉁마디추출액(국내산)), 젤란검, 수크랄로스(감미료), 아세설팜칼륨(감미료), 스테비올배당체(감미료), 울금추출물분말, 녹차다당분말 [난류(가금류), 닭고기, 우유 함유]",퍼즐우드,퍼즐우드_슈퍼콜라겐 28입X2개 + 월리 우프 무드등
메타그린 슬림업 30일X3개 + 월리 뽀모도로 타이머 & 포스트카드,https://www.amoremall.com/kr/ko/product/detail?onlineProdSn=67572,75600.0,(25.2 gl 420 mgX 60정) *3,25.2,g,"녹차추출물분말(인도산), 판토텐산칼슘, 비타민C, 치커리뿌리추출물(벨기에산), 프탈산히드록시프로필메틸셀룰로오스, 스테아린산마그네슘, 제삼인산칼슘, 글리세린초산지방산에스테르, 구아검",퍼즐우드,퍼즐우드_메타그린 슬림업 30일X3개 + 월리 뽀모도로 타이머 & 포스트카드
슈퍼레티놀 기획세트,https://www.amoremall.com/kr/ko/product/detail?onlineProdSn=67342,84000.0,(60g [2gX30포])*3box,60.0,g,"리포좀 레티놀+비타민C(비타민C, 자일리톨, L-시스틴, 효소처리저분자오크라뮤신(오크라분말(중국산)), L-트레오닌, 시트러스추출분말(중국산), 판토텐산칼슘, 모링가추출물 (레티놀 5%), 말티톨시럽, 니코틴산아미드, 비타민E혼합제제분말(dl-α-토코페릴아세테이트, 옥테닐호박산나트륨전분, 정제수, 이산화규소), 비타민D혼합제제 (변성전분, 설탕, L-아스코브산나트륨, 해바라기유, 비타민E, 비타민D2), 레몬과즙분말(레몬과즙, 덱스트린, 아라비아검), 레시틴, 펄스에너지처리녹차분말, 울금추출물분말, 히알루론산), 자일리톨, 비타민C, 효소처리스테비아, 망고과즙분말(망고퓌레(필리핀산)), 향료(레몬라임향), 함초소금(천일염(국내산), 퉁퉁마디추출액(국내산)), 제삼인산칼슘, 구연산, 향료(자몽분말향), 스테아린산마그네슘, 산화마그네슘, 당류가공품",퍼즐우드,퍼즐우드_슈퍼레티놀 기획세트
슈퍼에센셜 기획세트,https://www.amoremall.com/kr/ko/product/detail?onlineProdSn=67341,99000.0,700 ml (25 ml x 28앰플) + 47.6 g (850 mg x 56정),700.0,ml,"AP콜라겐효소분해펩타이드, 비타민C, 푸마르산제일철, 셀레늄혼합제제(아셀렌산나트륨, 옥수수말토덱스트린), 비타민B12혼합분말(비타민B12, 말토덱스트린, 구연산삼나트륨, 구연산), 비타민B1염산염, 니코틴산아미드, 비타민B2, 판토텐산칼슘, 비타민D3혼합제제(비타민D3, 아라비아검, 자당, 옥수수전분, 가공유지, 이산화규소, 비타민E), 비타민B6염산염, 엽산, 비오틴, 정제수, 자일리톨(감미료), 레몬농축액(이스라엘산), 결정셀룰로스, 글루코노-δ-락톤, 히드록시프로필메틸셀룰로스 혼합제제(히드록시프로필메틸셀룰로스, 이소말트(감미료), 탄산칼슘, 스테아린산), 무수구연산, 합성향료(포도향), 스테아린산마그네슘, L-시스틴, 스테아린산, 히드록시프로필메틸셀룰로스, 가교카복시메틸셀룰로스나트륨, 맥아추출분말(영국산), 말토덱스트린 혼합제제(말토덱스트린, 해바라기 레시틴, 해바라기유, 구아검), 제삼인산칼슘, 젤란검, 포도농축액(미국산), 함초소금(천일염, 퉁퉁마디추출액), 밀크세라마이드, 수크랄로스(감미료), 아세설팜칼륨(감미료), 건조효모(크롬), 산화아연, 비타민A혼합제제(말토덱스트린, 옥수수전분, 아라비아검, 비타민A 아세테이트, 비타민E), 스테비올배당체(감미료), 히알루론산, 엘라스틴펩타이드, 황산망간, 글루콘산동, 비타민E혼합제제(dl-α-토코페릴아세테이트, 옥테닐호박산나트륨전분, 정제수, 이산화규소), 녹차다당분말, 비타민K1혼합제제(아라비아검, 자당, 비타민K1) 대두, 우유 함유",퍼즐우드,퍼즐우드_슈퍼에센셜 기획세트
리버프라임 105일,https://www.amoremall.com/kr/ko/product/detail?onlineProdSn=66797,165000.0,,,,"밀크씨슬추출물분말(이탈리아산), D-α-토코페롤, 비타민B1염산염, 비타민B2, 키토올리고당분말(게(베트남산)), 대두유(외국산: 아르헨티나, 미국, 브라질 등), 유당, 혼합제제(히드록시프로필메틸셀룰로스, 이소말트, 탄산칼슘, 스테아린산), 대두레시틴(고시형), 결정셀룰로오스, 밀납, 대두레시틴, 카르복시메틸셀룰로오스칼슘, 이산화규소, 스테아린산마그네슘, 치자황색소, 카카오색소 *캡슐기제- 젤라틴, 글리세린, D-소르비톨액, 안나토색소 대두, 게, 우유, 돼지고기 함유",퍼즐우드,퍼즐우드_리버프라임 105일
오메가케어 3입세트,https://www.amoremall.com/kr/ko/product/detail?onlineProdSn=66693,150000.0,용량 넉넉해요,,,"정제어유(정제어유,D-토코페롤)(노르웨이산), 밀납, 보라지유(영국산), 레몬오일, D-α-토코페롤 캡슐기제 젤라틴, 글리세린, D-소르비톨액, 카카오색소, 오징어 먹물색소 대두, 돼지고기, 오징어, 고등어 함유",퍼즐우드,퍼즐우드_오메가케어 3입세트
NEW 슈퍼시카 B5,https://www.amoremall.com/kr/ko/product/detail?onlineProdSn=66599,84000.0,적당해요,,,"리포좀 시카 B5(판토텐산)(밀크세라마이드(버터유분말(독일산)), 자일리톨(감미료), 판토텐산칼슘, 비타민C, 시클로덱스트린시럽, 말티톨시럽(감미료), 니코틴산아미드, 건조효모(셀렌)(캐나다산), 비타민D3혼합제제(아라비아검, 설탕, 옥수수전분, 폴리글리세린지방산에스테르, 이산화규소, 비타민D3, 비타민E), 레시틴, 비오틴혼합제제(제이인산칼슘, 비오틴), 수크랄로스(감미료), 락토바이탈 PDRN, 병풀추출물, 어성초추출분말, 히비스커스추출혼합분말), 자일리톨(감미료), 에리스리톨(감미료), 효소처리스테비아1(감미료), 리치향, Lactiplantibacillus plantarum APSulloc 331261, 레몬과즙분말(레몬과즙(이탈리아산)), 요구르트향분말(요구르트향(이탈리아산), 요거트분말(이탈리아산)), 효소처리스테비아2(감미료), 글루코노-δ-락톤, 구연산, 탄산수소나트륨, 레몬향혼합제제(덱스트린, 레몬오일, 아라비아검, 구연산, 펙틴, 구연산삼나트륨), 제삼인삼칼슘, 수크랄로스(감미료) 우유함유 당알코올(자일리톨 36.25%, 에리스리톨 7%, 말티톨시럽 1.03%), 당알코올 함유 제품으로 과량 섭취 시 설사를 일으킬 수 있습니다.",퍼즐우드,퍼즐우드_NEW 슈퍼시카 B5
메타그린 슬림업,https://www.amoremall.com/kr/ko/product/detail?onlineProdSn=66539,108000.0,적당해요,,,"녹차추출물분말(인도산), 판토텐산칼슘, 비타민C, 치커리뿌리추출물(벨기에산), 프탈산히드록시프로필메틸셀룰로오스, 스테아린산마그네슘, 제삼인산칼슘, 글리세린초산지방산에스테르, 구아검",퍼즐우드,퍼즐우드_메타그린 슬림업
메타그린 슬림업,https://www.amoremall.com/kr/ko/product/detail?onlineProdSn=66538,72000.0,용량 넉넉해요,,,"녹차추출물분말(인도산), 판토텐산칼슘, 비타민C, 치커리뿌리추출물(벨기에산), 프탈산히드록시프로필메틸셀룰로오스, 스테아린산마그네슘, 제삼인산칼슘, 글리세린초산지방산에스테르, 구아검",퍼즐우드,퍼즐우드_메타그린 슬림업
메타그린 부스터샷 7일,https://www.amoremall.com/kr/ko/product/detail?onlineProdSn=66537,84000.0,적당해요,,,"APIC대두배아열수추출물등복합물(대두배아추출물분말(대두(미국산)), L-카르니틴), 녹차추출물, 판토텐산칼슘, 비타민C, 정제수, 난소화성말토덱스트린(옥수수: 외국산(러시아, 헝가리, 세르비아 등)) ,시트러스농축액(시트러스혼합액(풋귤착즙액 국산))), 푸룬농축액, 구연산, 치커리뿌리추출물, 혼합제제(정제수, 덱스트린, 아라비아검, 유자후레바베이스, 유자향, 레몬라임향, 레몬오일, 합성향료), 구연산삼나트륨, 효소처리스테비아, 프탈산히드록시프로필메틸셀룰로오스, 목화씨유분말(경화유), 젖산칼슘, 펙틴, 함초소금, 제삼인산칼슘, 젤란검, 글리세린지방산에스테르, 구아검 대두함유",퍼즐우드,퍼즐우드_메타그린 부스터샷 7일
메타그린 부스터샷 7일,https://www.amoremall.com/kr/ko/product/detail?onlineProdSn=66536,56000.0,용량 넉넉해요,,,"APIC대두배아열수추출물등복합물(대두배아추출물분말(대두(미국산)), L-카르니틴), 녹차추출물, 판토텐산칼슘, 비타민C, 정제수, 난소화성말토덱스트린(옥수수: 외국산(러시아, 헝가리, 세르비아 등)) ,시트러스농축액(시트러스혼합액(풋귤착즙액 국산))), 푸룬농축액, 구연산, 치커리뿌리추출물, 혼합제제(정제수, 덱스트린, 아라비아검, 유자후레바베이스, 유자향, 레몬라임향, 레몬오일, 합성향료), 구연산삼나트륨, 효소처리스테비아, 프탈산히드록시프로필메틸셀룰로오스, 목화씨유분말(경화유), 젖산칼슘, 펙틴, 함초소금, 제삼인산칼슘, 젤란검, 글리세린지방산에스테르, 구아검 대두함유",퍼즐우드,퍼즐우드_메타그린 부스터샷 7일
메타그린 효소,https://www.amoremall.com/kr/ko/product/detail?onlineProdSn=65893,92000.0,적당해요,,,"메타프로효소포뮬라{노란콩(국산), 탈지 대두(인도산), 백미, 효소식품, 기타가공품}, 락티톨 29%, 식물성크림[물엿, 식물성경화유지{코코넛오일 (외국산 : 인도네시아산, 말레이시아산, 필리핀산 등)}, 농축우유단백분말(오스트리아산), 제이인산칼륨, 제 삼인산칼슘, 정제소금, 글리세린지방산에스테르, 글리세린디아세틸주석산지방산에스테르, 탄산수소나트륨, 무지방우유], 자일리톨 9%, 오곡분말{현미, 보리, 조, 수수, 찰현미 국산}, 효소식품 1, 분리대두단백, 곡물 향혼합제제{혼합제제(덱스트린, 주정, 아라비아검, 합성향료, 프로필렌글리콜, 젖산), 덱스트린}, 6종혼합유산균, 이산화규소, 효소식품 2, 푸룬과즙분말, 귀리식이섬유, 이눌린치커리추출물, 난소화성말토덱스트린, 효소처리스테비아, 건조맥주효모, 아미노산혼합분말(L-페닐알라닌, L-로이신, L-메티오닌, L-라이신염산 염, 팔라티노스, L-이소로이신, L-발린, L-히스티딘, L-트레오닌, L-트립토판), 비타민무기질혼합제제{제이인산칼슘, 비타민C, 비타민E혼합제제(dl-α-토코페릴초산염, 변성전분, 포도당시럽분말, 이산화규소), 푸마르산제일철, 니코틴산아미드, 산화아연, 비타민A혼합제제(포도당시럽분말, 아라비아검, 옥수수전분, 비타민A아세테이트, dl-α-토코페롤), 판토텐산칼슘, 비타민B6염산염, 비타민B1염산염, 비타민B2, 엽산, 비오 틴}, 향료(천연티분말향) 우유, 대두, 밀, 메밀, 토마토 함유",퍼즐우드,퍼즐우드_메타그린 효소
메타그린 부스터샷 7일,https://www.amoremall.com/kr/ko/product/detail?onlineProdSn=64336,224000.0,용량 넉넉해요,,,"APIC대두배아열수추출물등복합물(대두배아추출물분말(대두(미국산)), L-카르니틴), 녹차추출물, 판토텐산칼슘, 비타민C, 정제수, 난소화성말토덱스트린(옥수수: 외국산(러시아, 헝가리, 세르비아 등)) ,시트러스농축액(시트러스혼합액(풋귤착즙액 국산))), 푸룬농축액, 구연산, 치커리뿌리추출물, 혼합제제(정제수, 덱스트린, 아라비아검, 유자후레바베이스, 유자향, 레몬라임향, 레몬오일, 합성향료), 구연산삼나트륨, 효소처리스테비아, 프탈산히드록시프로필메틸셀룰로오스, 목화씨유분말(경화유), 젖산칼슘, 펙틴, 함초소금, 제삼인산칼슘, 젤란검, 글리세린지방산에스테르, 구아검 대두함유",퍼즐우드,퍼즐우드_메타그린 부스터샷 7일
메타그린 부스터샷 7일,https://www.amoremall.com/kr/ko/product/detail?onlineProdSn=64247,112000.0,용량 넉넉해요,,,"APIC대두배아열수추출물등복합물(대두배아추출물분말(대두(미국산)), L-카르니틴), 녹차추출물, 판토텐산칼슘, 비타민C, 정제수, 난소화성말토덱스트린(옥수수: 외국산(러시아, 헝가리, 세르비아 등)) ,시트러스농축액(시트러스혼합액(풋귤착즙액 국산))), 푸룬농축액, 구연산, 치커리뿌리추출물, 혼합제제(정제수, 덱스트린, 아라비아검, 유자후레바베이스, 유자향, 레몬라임향, 레몬오일, 합성향료), 구연산삼나트륨, 효소처리스테비아, 프탈산히드록시프로필메틸셀룰로오스, 목화씨유분말(경화유), 젖산칼슘, 펙틴, 함초소금, 제삼인산칼슘, 젤란검, 글리세린지방산에스테르, 구아검 대두함유",퍼즐우드,퍼즐우드_메타그린 부스터샷 7일
메타그린 클린티 10입,https://www.amoremall.com/kr/ko/product/detail?onlineProdSn=64220,75000.0,,,,"구연산, 구연산칼륨, 용성비타민P, 향료(레몬향), 올리브잎추출물(올리브잎추출물, 말토덱스트린)(스페인산), 파인애플추출분말(인도산), 향료(복숭아향분말), 레몬농축분말(레몬농축액: 이탈리아산), 함초소금, 산화마그네슘, 수크랄로스(감미료), 아세설팜칼륨(감미료), 스테비올배당체(감미료), 레몬농축분말, 필발추출물, 구아검",퍼즐우드,퍼즐우드_메타그린 클린티 10입
슈퍼레티놀 30포,https://www.amoremall.com/kr/ko/product/detail?onlineProdSn=64168,84000.0,,,,"리포좀 레티놀+비타민C(비타민C, 자일리톨, L-시스틴, 효소처리저분자오크라뮤신(오크라분말(중국산)), L-트레오닌, 시트러스추출분말(중국산), 판토텐산칼슘, 모링가추출물 (레티놀 5%), 말티톨시럽, 니코틴산아미드, 비타민E혼합제제분말(dl-α-토코페릴아세테이트, 옥테닐호박산나트륨전분, 정제수, 이산화규소), 비타민D혼합제제 (변성전분, 설탕, L-아스코브산나트륨, 해바라기유, 비타민E, 비타민D2), 레몬과즙분말(레몬과즙, 덱스트린, 아라비아검), 레시틴, 펄스에너지처리녹차분말, 울금추출물분말, 히알루론산), 자일리톨, 비타민C, 효소처리스테비아, 망고과즙분말(망고퓌레(필리핀산)), 향료(레몬라임향), 함초소금(천일염(국내산), 퉁퉁마디추출액(국내산)), 제삼인산칼슘, 구연산, 향료(자몽분말향), 스테아린산마그네슘, 산화마그네슘, 당류가공품",퍼즐우드,퍼즐우드_슈퍼레티놀 30포
슈퍼콜라겐 28입,https://www.amoremall.com/kr/ko/product/detail?onlineProdSn=64167,225000.0,,,,"정제수, 저분자피쉬콜라겐펩타이드, 믹스베리농축액 (포도농축액(칠레산), 블루베리농축액(미국산)), 비오틴, 니코틴산아미드, 히알루론산, 엘라스틴펩타이드, 밀크세라마이드, 효모추출물 GT, 비타민C, AP콜라겐효소분해펩타이드, 글루코노델타락톤, 레몬농축액(이스라엘산), 구연산, 자일리톨(감미료), 연어추출물(DNA-Na), 락토바이탈 PDRN, 향료(믹스베리향), 향료(마스킹향), 향료(자몽향), 저분자콜라 겐펩타이드 타입 1,3, 콜라겐펩타이드-type II, 난각막콜라겐, 함초소금(천일염(국내산),퉁퉁마디추출액(국내산)), 젤란검, 수크랄로스(감미료), 아세설팜칼륨(감미료), 스테비올배당체(감미료), 울금추출물분말, 녹차다당분말 [난류(가금류), 닭고기, 우유 함유]",퍼즐우드,퍼즐우드_슈퍼콜라겐 28입
슈퍼에센셜 28입,https://www.amoremall.com/kr/ko/product/detail?onlineProdSn=63949,297000.0,적당해요,,,"AP콜라겐효소분해펩타이드, 비타민C, 푸마르산제일철, 셀레늄혼합제제(아셀렌산나트륨, 옥수수말토덱스트린), 비타민B12혼합분말(비타민B12, 말토덱스트린, 구연산삼나트륨, 구연산), 비타민B1염산염, 니코틴산아미드, 비타민B2, 판토텐산칼슘, 비타민D3혼합제제(비타민D3, 아라비아검, 자당, 옥수수전분, 가공유지, 이산화규소, 비타민E), 비타민B6염산염, 엽산, 비오틴, 정제수, 자일리톨(감미료), 레몬농축액(이스라엘산), 결정셀룰로스, 글루코노-δ-락톤, 히드록시프로필메틸셀룰로스 혼합제제(히드록시프로필메틸셀룰로스, 이소말트(감미료), 탄산칼슘, 스테아린산), 무수구연산, 합성향료(포도향), 스테아린산마그네슘, L-시스틴, 스테아린산, 히드록시프로필메틸셀룰로스, 가교카복시메틸셀룰로스나트륨, 맥아추출분말(영국산), 말토덱스트린 혼합제제(말토덱스트린, 해바라기 레시틴, 해바라기유, 구아검), 제삼인산칼슘, 젤란검, 포도농축액(미국산), 함초소금(천일염, 퉁퉁마디추출액), 밀크세라마이드, 수크랄로스(감미료), 아세설팜칼륨(감미료), 건조효모(크롬), 산화아연, 비타민A혼합제제(말토덱스트린, 옥수수전분, 아라비아검, 비타민A 아세테이트, 비타민E), 스테비올배당체(감미료), 히알루론산, 엘라스틴펩타이드, 황산망간, 글루콘산동, 비타민E혼합제제(dl-α-토코페릴아세테이트, 옥테닐호박산나트륨전분, 정제수, 이산화규소), 녹차다당분말, 비타민K1혼합제제(아라비아검, 자당, 비타민K1) 대두, 우유 함유",퍼즐우드,퍼즐우드_슈퍼에센셜 28입
메타그린 슬림업,https://www.amoremall.com/kr/ko/product/detail?onlineProdSn=63402,202000.0,용량 넉넉해요,,,"녹차추출물분말(인도산), 판토텐산칼슘, 비타민C, 치커리뿌리추출물(벨기에산), 프탈산히드록시프로필메틸셀룰로오스, 스테아린산마그네슘, 제삼인산칼슘, 글리세린초산지방산에스테르, 구아검",퍼즐우드,퍼즐우드_메타그린 슬림업
메타그린 골드 플러스 패밀리기획,https://www.amoremall.com/kr/ko/product/detail?onlineProdSn=61552,180000.0,용량 넉넉해요,,,"녹차추출물(인도산), 은행잎추출물(인도산), 바나바잎추출물(인도산), 치커리추출물, 프탈산히드록시프로필메틸셀룰로오스, 비타민C, 발효추차추출분말, 혼합제제(히드록시프로필셀룰로오스, 히드록시프로필메틸셀룰로오스), 스테아린산마그네슘, 제삼인산칼슘, 양파추출물, 글리세린지방산에스테르, 건조효모(크롬), 코엔자임Q10, 구아검, 혼합제제(덱스트린, 에틸셀룰로스, d-토코페롤, 중쇄중성지방, 비타민D3)",퍼즐우드,퍼즐우드_메타그린 골드 플러스 패밀리기획
메타그린 칼로리컷 젤리,https://www.amoremall.com/kr/ko/product/detail?onlineProdSn=61198,75000.0,용량 넉넉해요,,,"난소화성말토덱스트린(옥수수: 외국산(러시아, 헝가리, 세르비아 등)), 가르시니아캄보지아추출물(인도산), 건조효모(크롬함유), 정제수, 말티톨시럽(감미료), 곤약프로틴볼(곤약분말(중국산), 완두단백(프랑스산), 수산화칼슘), 혼합제제(로커스트콩검, 잔탄검, 포도당, 한천, 타마린드검), 구연산, 오렌지향, 자일리톨(감미료), 오렌지농축액, β-시클로덱스트린, 구연산나트륨, 스테비올배당체(감미료), 리치향, 수크랄로스(감미료), 흰강낭콩추출물분말, 알로에베라겔동결건조분말",퍼즐우드,퍼즐우드_메타그린 칼로리컷 젤리
녹차에서 온 유산균,https://www.amoremall.com/kr/ko/product/detail?onlineProdSn=59085,84000.0,적당해요,,,"올리고당혼합분말(비타민D3혼합제제(비타민D3, 덱스트린, 에틸셀룰로스, D-토코페롤, 중쇄중성지방유), 산화아연, 프락토올리고당), 프로바이오틱스(Lactiplantibacillus plantarum APsulloc331261, Bifidobacterium animalis ssp.lactis,Lacticaseibacillus rhamnosus, Bifidobacterium breve, Bifidobacterium bifidum, Lactobacillus gasseri), 자일리톨혼합분말(자일리톨, 에리스리톨, 유당혼합분말(유당(미국산), 덱스트린), 무수구연산, 청포도향혼합제제(덱스트린, 합성향료(청포도향), 아라비아검), 요거트혼합분말), 식물성크림혼합분말(말토덱스트린, 식물성크림(야자경화유(외국산))), 제삼인산칼슘, 청포도향혼합제제(덱스트린, 합성향료(청포도향), 아라비아검) ,대두, 우유 함유",퍼즐우드,퍼즐우드_녹차에서 온 유산균
메타그린 슬림업,https://www.amoremall.com/kr/ko/product/detail?onlineProdSn=58980,101000.0,,,,"녹차추출물분말(인도산), 판토텐산칼슘, 비타민C, 치커리뿌리추출물(벨기에산), 프탈산히드록시프로필메틸셀룰로오스, 스테아린산마그네슘, 제삼인산칼슘, 글리세린초산지방산에스테르, 구아검",퍼즐우드,퍼즐우드_메타그린 슬림업
프로바이오틱스 골드,https://www.amoremall.com/kr/ko/product/detail?onlineProdSn=48313,165000.0,적당해요,,,"프로바이오틱스(Lactiplantibacillus plantarum APsulloc331261, Lacticaseibacillus rhamnosus, Lactococcus lactis, Lacticaseibacillus casei, Bifidobacterium breve, Bi dobacterium longum, Bi dobacterium animalis ssp. lactis, Lactobacillus helveticus, Bifidobacterium bi dum, Lactobacillus acidophilus), 자일리톨혼합분말(자일리톨, 에리스리톨, 무수구연산, 요거트혼합분말(요구르트향(이탈리아산), 요거트분말(이탈리아산)), 합성향료(딸기향)), 요거트분말(요구르트향(이탈리아산), 요거트분말(이탈리아산)), 코코넛분말(말레이시아산), 효소처리스테비아, 제삼인산칼슘, 스테아린산마그네슘, 합성향료(딸기향), 프락토올리고당, 무수구연산, 차나무잎식이섬유, 녹차유산균발효농축분말(말토덱스트린, Lactiplantibacillus plantarum APsulloc331261 발효액(사균체), 옥수수전분) 대두, 우유 함유",퍼즐우드,퍼즐우드_프로바이오틱스 골드
프로바이오틱스&이뮨,https://www.amoremall.com/kr/ko/product/detail?onlineProdSn=20702,55000.0,적당해요,,,"VB6종복합코팅유산균(L.rhamnosus, L.plantarum APsulloc331261, B.breve, B.longum, B.bifidum, B.animalis ssp. lactis), 다니스코VB7종혼합유산 균(말토덱스트린, L.paracasei Lpc-37, L.plantarum Lp 115, B.animalis ssp.lactis HN019, L.acidophilus La14, B.animalis ssp. lactis BI-04, L.rhamnosus GG, L.rhamnosus HN001), 비타민D3혼합제제(비타민D3, 말토덱스 트린, 에틸셀룰로스, d-토코페롤, 중쇄중성지방), 산화아연, 자일리톨(감미료), 에리스리톨(감미료), 요구르트분말(요구르트향(이탈리아산), 요거트분말(이탈리아산)), 말토덱스트린, 코코넛분말(말레이시아산), 구연산(무수), 갈락토올리고당, 딸기향분말, 제삼인산 칼슘, 스테아린산마그네슘, 효소처리스테비아(감미료), 요거트향혼합분말, 프락토올리고당, 이눌린/치 커리추출물(벨기에산), 녹차유산균 발효농축분말(말토덱스트린, L.plantarumAPsulloc331261발효액(사균체), 옥수수전분) 대두, 우유 함유",퍼즐우드,퍼즐우드_프로바이오틱스&이뮨
BEST 플로라 글로우 로즈 리퀴드 마스크 80ml,https://www.amoremall.com/kr/ko/product/detail?onlineProdSn=60774,30000.0,80ml,80.0,ml,"정제수, 부틸렌글라이콜, 글루코노락톤, 글리세린, 다이프로필렌글라이콜, 프로판다이올, 트로메타민, 판테놀, 1,2-헥산다이올, 피피지-13-데실테트라데세스-24, 폴리솔베이트80, 에틸헥실글리세린, 소듐메타포스페이트, 덱스트린, 카카오추출물, 다마스크장미꽃추출물(120 ppm), 소듐하이알루로네이트, 하이알루로닉애씨드, 하이드롤라이즈드식물성단백질(100 ppm), 프로필렌글라이콜, 토코페롤, 하이드롤라이즈드하이알루로닉애씨드, 소듐하이알루로네이트크로스폴리머, 소듐아세틸레이티드하이알루로네이트",마몽드,마몽드_BEST 플로라 글로우 로즈 리퀴드 마스크 80ml
프로바이오틱스 세라마이드 앰플 마스크팩 23ml,https://www.amoremall.com/kr/ko/product/detail?onlineProdSn=60863,2500.0,23ml,23.0,ml,"정제수, 다이프로필렌글라이콜, 글리세린, 1,2-헥산다이올, 프로판다이올, 부틸렌글라이콜, 세테아릴올리베이트, 솔비탄올리베이트, 카보머, 트로메타민, 덱스트린, 락토바실러스발효물(600 ppm), 에틸헥실글리세린, 아데노신, 하이드록시에틸셀룰로오스, 향료, 잔탄검, 다이소듐이디티에이, 소듐하이알루로네이트, 라피노오스, 무궁화나무껍질추출물(30 ppm), 카프릴릭/카프릭트라이글리세라이드, 락토바실러스발효용해물(10 ppm), 수크로오스, 하이드로제네이티드레시틴, 하이드롤라이즈드콜라겐, 피토스테릴/옥틸도데실라우로일글루타메이트, 병풀꽃/잎/줄기추출물, 토코페롤, 세라마이드엔피(0.5 ppm), 로즈힙열매추출물, 하이드록시프로필트라이모늄하이알루로네이트, 하이드롤라이즈드하이알루로닉애씨드, 인돌아세틱애씨드, 소듐아세틸레이티드하이알루로네이트, 하이알루로닉애씨드, 소듐하이알루로네이트크로스폴리머, 하이드롤라이즈드소듐하이알루로네이트, 포타슘하이알루로네이트",마몽드,마몽드_프로바이오틱스 세라마이드 앰플 마스크팩 23ml
BEST 어메이징 딥 민트 클렌징밤 90ml,https://www.amoremall.com/kr/ko/product/detail?onlineProdSn=60197,26786.0,90ml,90.0,ml,"세틸에틸헥사노에이트, 아이소프로필팔미테이트, 피이지-20글리세릴트라이아이소스테아레 이트, 카프릴릭/카프릭트라이글리세라이드, 트라이에틸헥사노인, 피이지-8아이소스테아레이트, 해바 라기씨오일, 합성왁스, C9-12알케인, 정제수, 향료, 코코-카프릴레이트/카프레이트, 살리실릭애씨드, 시트릭애씨드, 글루코노락톤, 리모넨, 프로판다이올, 헥실신남알, 에탄올, 리날룰, 1,2-헥산다이올, 클로 로필린-카퍼컴플렉스, 약모밀추출물, 비니거(10ppm), 고추추출물, 병풀꽃/잎/줄기추출물, 에틸헥실 글리세린, 베타-카로틴, 다이소듐이디티에이, 토코페롤",마몽드,마몽드_BEST 어메이징 딥 민트 클렌징밤 90ml
프로바이오틱스 세라마이드 2종 세트,https://www.amoremall.com/kr/ko/product/detail?onlineProdSn=63633,49661.0,[본품] 스킨 소프너 200ml / [본품] 에멀전 150ml + [증정] 스킨 소프너 25ml / [증정] 에멀전 25ml,200.0,ml,"[스킨 소프너] 정제수, 글리세린, 다이프로필렌글라이콜, 프로판다이올, 1,2-헥산다이올, 부틸렌글라이콜, 카프릴릭/카프릭트라이글리세라이드, 하이드로 제네이티드레시틴, 아크릴레이트/C10-30알킬아크릴레이트크로스폴리머, 덱스트린, 폴리쿼터늄-51, 트로메타민, 락토바실러스발효물, 에틸헥실 글리세린, 향료, 암모늄아크릴로일다이메틸타우레이트/브이피코폴리머, 다이소듐이디티에이, 아데노신, 소듐하이알루로네이트, 세라마이드엔피 (111.2 ppm), 라피노오스, 소듐스테아로일글루타메이트, 무궁화나무껍질추출물, 하이드록시프로필비스라우라마이드엠이에이(10 ppm), 하이드록 시프로필비스팔미타마이드엠이에이(10 ppm), 락토바실러스발효용해물(10 ppm), 동백나무씨오일, 녹차씨추출물, 검정콩오일, 토코페롤, 피토스 핑고신, 카놀라오일, 로즈마리잎추출물 / [에멀전] 정제수, 부틸렌글라이콜, 글리세린, 펜타에리스리틸테트라에틸헥사노에이트, 하이드로제네이티드폴리아이소부텐, 펜타에리스리틸테트 라아이소스테아레이트, 하이드로제네이티드폴리(C6-14올레핀), 비스-하이드록시에톡시프로필다이메티콘, 글리세릴스테아레이트시트레이트, 메틸트라이메티콘, 1,2-헥산다이올, 글리세릴스테아레이트, 세테아릴알코올, 하이드로제네이티드식물성오일, 피씨에이다이메티콘, 스테아릭애 씨드, 글리세릴폴리메타크릴레이트, 팔미틱애씨드, 카보머, 트로메타민, 잔탄검, 글리세릴카프릴레이트, 덱스트린, 향료, 락토바실러스발효물, 다이소듐이디티에이, 에틸헥실글리세린, 아데노신, 라피노오스, 세라마이드엔피(21.2 ppm), 무궁화나무껍질추출물, 하이드록시프로필비스라우라 마이드엠이에이(10 ppm), 하이드록시프로필비스팔미타마이드엠이에이(10 ppm), 락토바실러스발효용해물(10 ppm), 토코페롤, 동백나무씨오일, 녹차씨추출물, 검정콩오일, 피토스핑고신, 하이드로제네이티드레시틴, 카놀라오일, 로즈마리잎추출물",마몽드,마몽드_프로바이오틱스 세라마이드 2종 세트
에이지 컨트롤 카멜리아 앰플 마스크팩 23ml,https://www.amoremall.com/kr/ko/product/detail?onlineProdSn=62813,2500.0,23ml,23.0,ml,"정제수, 다이프로필렌글라이콜, 글리세린, 1,2-헥산다이올, 부틸렌글라이콜, 프로판다이올, 세테아릴올리베이트, 솔비탄올리베이트, 카보머, 트로메타민, 베타인, 에틸헥실글리세린, 아데노신(400ppm), 하이드록시에틸셀룰로오스, 잔탄검, 소듐하이알루로네이트, 다이소듐이디티에이, 향료, 글리세릴카프릴레이트, 동백나무꽃추출물(98ppm), 하이드롤라이즈드식물성단백질, 글루타티온(10ppm), 동백나무씨오일(10ppm), 콩폴리펩타이드, 카퍼트라이펩타이드-1, 토코페롤",마몽드,마몽드_에이지 컨트롤 카멜리아 앰플 마스크팩 23ml
에이지 컨트롤 카멜리아 크림 50ml,https://www.amoremall.com/kr/ko/product/detail?onlineProdSn=62812,47727.0,50ml,50.0,ml,"정제수, 부틸렌글라이콜, 글리세린, 세틸에틸헥사노에이트, 하이드로제네이티드폴리아이소부텐, 1,2-헥산다이올, 세테아릴알코올, 메틸트라이메티콘, C14-22알코올, 시어버터, 스테아릭애씨드, 글리세릴폴리메타크릴레이트, 글리세릴스테아레이트, 팔미틱애씨드, 하이드록시에틸아크릴레이트/소듐아크릴로일다이메틸타우레이트코폴리머, 암모늄아크릴로일다이메틸타우레이트/베헤네스-25메타크라일레이트크로스폴리머, 아라키딜알코올, C12-20알킬글루코사이드, 동백나무씨오일(2000ppm), 소듐스테아로일글루타메이트, 향료, 스쿠알란, 베헤닐알코올, 글리세릴카프릴레이트, 아라키딜글루코사이드, 베타인, 카르노신(700ppm), 에틸헥실글리세린, 다이소듐이디티에이, 아데노신, 솔비탄아이소스테아레이트, 폴리솔베이트60, 하이드롤라이즈드식물성단백질, 엑토인, 동백나무꽃추출물(98ppm), 잔탄검, 덱스트린, 카카오추출물, 글루코오스, 글루타티온(10ppm), 콩폴리펩타이드, 카퍼트라이펩타이드-1, 토코페롤",마몽드,마몽드_에이지 컨트롤 카멜리아 크림 50ml
어메이징 딥 민트 클렌징 티슈 70매,https://www.amoremall.com/kr/ko/product/detail?onlineProdSn=61605,15873.0,300g/70매,300.0,g,"정제수, 변성알코올, 부틸렌글라이콜, 1,2-헥산다이올, 피이지-6카프릴릭/카프릭글리세라이즈, 카프릴릴/카프릴글루코사이드, 피이지-8, 폴리솔베이트80, 향료, 에틸헥실글리세린, 피이지-60하이드로제네이티드캐스터오일, 소듐메타포스페이트, 글루코노락톤, 프로판다이올, 리모넨, 비니거(10ppm), 다이소듐이디티에이, 토코페롤",마몽드,마몽드_어메이징 딥 민트 클렌징 티슈 70매
프로바이오틱스 세라마이드 에멀젼 150ml,https://www.amoremall.com/kr/ko/product/detail?onlineProdSn=60887,26000.0,150ml,150.0,ml,"정제수, 부틸렌글라이콜, 글리세린, 펜타에리스리틸테트라에틸헥사노에이트, 하이드로제네이티드폴리아이소부텐, 펜타에리스리틸테트라아이소스테아레이트, 하이드로제네이티드폴리(C6-14올레핀), 비스-하이드록시에톡시프로필다이메티콘, 글리세릴스테아레이트시트레이트, 메틸트라이메티콘, 1,2-헥산다이올, 글리세릴스테아레이트, 세테아릴알코올, 하이드로제네이티드식물성오일, 피씨에이다이메티콘, 스테아릭애씨드, 글리세릴폴리메타크릴레이트, 팔미틱애씨드, 카보머, 트로메타민, 잔탄검, 글리세릴카프릴레이트, 덱스트린, 향료, 락토바실러스발효물, 다이소듐이디티에이, 에틸헥실글리세린, 아데노신, 라피노오스, 세라마이드엔피(21.2 ppm), 무궁화나무껍질추출물, 하이드록시프로필비스라우라마이드엠이에이(10 ppm), 하이드록시프로필비스팔미타마이드엠이에이(10 ppm), 락토바실러스발효용해물(10 ppm), 토코페롤, 동백나무씨오일, 녹차씨추출물, 검정콩오일, 피토스핑고신, 하이드로제네이티드레시틴, 카놀라오일, 로즈마리잎추출물",마몽드,마몽드_프로바이오틱스 세라마이드 에멀젼 150ml
프로바이오틱스 세라마이드 인텐스 크림 60ml,https://www.amoremall.com/kr/ko/product/detail?onlineProdSn=60888,35781.0,60ml,60.0,ml,"정제수, 부틸렌글라이콜, 글리세린, 부틸렌글라이콜다이카프릴레이트/다이카프레이트, 세틸에틸헥사노에이트, 스쿠알란, 비스-하이드록시에톡시프로필다이메티콘, 베헤닐알코올, 하이드록시프로필비스팔미타마이드엠이에이(16,000 ppm), C14-22알코올, 하이드록시프로필비스라우라마이드엠이에이(14,000 ppm), 스테아릭애씨드, 1,2-헥산다이올, 아라키딜알코올, 팔미틱애씨드, 콜레스테롤, C12-20알킬글루코사이드, 아라키딜글루코사이드, 하이드록시에틸아크릴레이트/소듐아크릴로일다이메틸타우레이트코폴리머, 암모늄아크릴로일다이메틸타우레이트/브이피코폴리머, 트로메타민, 향료, 글리세릴카프릴레이트, 덱스트린, 락토바실러스발효물, 에틸헥실글리세린, 아데노신, 다이소듐이디티에이, 솔비탄아이소스테아레이트, 라피노오스, 만니톨, 글루코오스, 미리스틱애씨드, 아라키딕애씨드, 세라마이드엔피(21.2 ppm), 무궁화나무껍질추출물, 락토바실러스발효용해물(10 ppm), 토코페롤, 동백나무씨오일, 녹차씨추출물, 검정콩오일, 프로판다이올, 피토스핑고신, 하이드로제네이티드레시틴, 아세틸테트라펩타이드-11, 병풀꽃/잎/줄기추출물, 카놀라오일, 로즈마리잎추출물",마몽드,마몽드_프로바이오틱스 세라마이드 인텐스 크림 60ml
플로라 글로우 로즈 워터 토너 500ml 500ml,https://www.amoremall.com/kr/ko/product/detail?onlineProdSn=64188,24844.0,500ml,500.0,ml,"다마스크장미꽃수(90%), 부틸렌글라이콜, 프로판다이올, 1,2-헥산다이올, 피피지-13-데실테트라데세스-24, 에틸헥실글리세린, 정제수, 카보머, 소듐메타포스페이트, 트로메타민, 알란토인, 향료, 하이드롤라이즈드식물성단백질, 토코페롤, 소듐하이알루로네이트, 하이드롤라이즈드하이알루로닉애씨드, 소듐하이알루로네이트크로스폴리머, 하이알루로닉애씨드, 소듐아세틸레이티드하이알루로네이트",마몽드,마몽드_플로라 글로우 로즈 워터 토너 500ml 500ml
BEST 카밍 샷 아줄렌 흔적 수분 앰플 50ml,https://www.amoremall.com/kr/ko/product/detail?onlineProdSn=64181,23944.0,50ml,50.0,ml,"정제수, 글리세린, 나이아신아마이드(40,000ppm), 프로판다이올, 1,2-헥산다이올, 베타인, 실리카, 피피지-13-데실테트라데세스-24, 마트리카리아꽃수, 카프릴릭/카프릭트라이글리세라이드, 카보머, 아가, 트로메타민, 에틸헥실글리세린, 소듐메타포스페이트, 멘톡시프로판다이올, 부틸렌글라이콜, 구아이아줄렌(100ppm), 향료, 토코페롤",마몽드,마몽드_BEST 카밍 샷 아줄렌 흔적 수분 앰플 50ml
4.8,https://www.amoremall.com/kr/ko/product/detail?onlineProdSn=64186,26812.0,180ml,180.0,ml,"정제수, 부틸렌글라이콜, 다이카프릴릴카보네이트, 글리세린, 메틸트라이메티콘, 나이아신아마이드, 1,2-헥산다이올, 하이드로제네이티드폴리(C6-14올레핀), 세테아릴알코올, 에탄올, 피씨에이다이메티콘, 글리세릴스테아레이트, 팔미틱애씨드, 스테아릭애씨드, 향료, 아크릴레이트/C10-30알킬아크릴레이트크로스폴리머, 트로메타민, 하이드록시에틸아크릴레이트/소듐아크릴로일다이메틸타우레이트코폴리머, 카페인, 에틸헥실글리세린, 글리세릴카프릴레이트, 하이드로제네이티드레시틴, 하이드록시프로필스타치포스페이트, 소듐메타포스페이트, 아데노신, 폴리글리세릴-3메틸글루코오스다이스테아레이트, 리모넨, 토코페롤, 리날룰, 솔비탄아이소스테아레이트, 폴리솔베이트60, 하이드록시시트로넬알, 알파-아이소메틸아이오논, 시트랄, 서양민들레뿌리줄기/뿌리추출물, 미리스틱애씨드, 라우릭애씨드, 녹차추출물",마몽드,마몽드_4.8
세라마이드 아미노 폼 120g,https://www.amoremall.com/kr/ko/product/detail?onlineProdSn=60864,15873.0,120g,120.0,g,"정제수, 글리세린, 포타슘코코일글리시네이트, 소듐라우로일글루타메이트, 글리세릴스테아레이트, 시트릭애씨드, 라우릴하이드록시설테인, 글라이콜다이스테아레이트, 소듐코코일글라이시네이트, 코코-글루코사이드, 폴리글리세릴-10라우레이트, 하이드록시프로필스타치포스페이트, 폴리쿼터늄-10, 글리세릴카프릴레이트, 테트라소듐이디티에이, 에틸헥실글리세린, 알지닌(100ppm), 아스파틱애씨드(100ppm), 글루타믹애씨드(100ppm), 피토스테롤, 세라마이드엔피(100ppm), 토코페롤",마몽드,마몽드_세라마이드 아미노 폼 120g
맨 리차징 로션 150ml,https://www.amoremall.com/kr/ko/product/detail?onlineProdSn=64185,20000.0,150ml,150.0,ml,"정제수, 부틸렌글라이콜, 글리세린, 펜타에리스리틸테트라에틸헥사노에이트, 하이드로제네이티드폴리(C6-14올레핀), 다이메티콘, 폴리글리세릴-3메틸글루코오스다이스테아레이트, 1,2-헥산다이올, 세테아릴알코올, 메틸트라이메티콘, 에탄올, 글리세릴스테아레이트, 피이지-100스테아레이트, 피이지-40스테아레이트, 실리카, 나이아신아마이드, 카보머, 향료, 다이메티콘/비닐다이메티콘크로스폴리머, 트로메타민, 카페인, 글리세릴카프릴레이트, 멘톡시프로판다이올, 소듐메타포스페이트, 에틸헥실글리세린, 리모넨, 리날룰, 토코페롤, 하이드록시시트로넬알, 알파-아이소메틸아이오논, 시트랄, 서양민들레뿌리줄기/뿌리추출물, 녹차추출물",마몽드,마몽드_맨 리차징 로션 150ml
카밍 샷 아줄렌 앰플 마스크팩 23ml,https://www.amoremall.com/kr/ko/product/detail?onlineProdSn=62168,2500.0,1매 / 23ml,1.0,매,"정제수, 부틸렌글라이콜, 글리세린, 1,2-헥산다이올, 마트리카리아꽃수, 카보머, 나이아신아마이드, 트로메타민, 폴리글리세릴-10라우레이트, 에틸헥실글리세린, 하이드록시에틸셀룰로오스, 잔탄검, 카프릴릭/카프릭트라이글리세라이드, 향료, 알란토인, 다이소듐이디티에이, 소듐하이알루로네이트, 하이드로제네이티드레시틴,폴리글리세릴-10올리에이트, 구아이아줄렌(10ppm), 베타-글루칸, 토코페롤, 마트리카리아꽃추출물, 하이드록시프로필트라이모늄하이알루로네이트, 하이드롤라이즈드하이알루로닉애씨드, 소듐아세틸레이티드하이알루로네이트, 하이알루로닉애씨드, 소듐하이알루로네이트크로스폴리머, 하이드롤라이즈드소듐하이알루로네이트,포타슘하이알루로네이트",마몽드,마몽드_카밍 샷 아줄렌 앰플 마스크팩 23ml
프로바이오틱스 세라마이드 스킨소프너 200ml,https://www.amoremall.com/kr/ko/product/detail?onlineProdSn=60886,23846.0,200ml,200.0,ml,"정제수, 글리세린, 다이프로필렌글라이콜, 프로판다이올, 1,2-헥산다이올, 부틸렌글라이콜, 카프릴릭/카프릭트라이글리세라이드, 하이드로제네이티드레시틴, 아크릴레이트/C10-30알킬아크릴레이트크로스폴리머, 덱스트린, 폴리쿼터늄-51, 트로메타민, 락토바실러스발효물, 에틸헥실글리세린, 향료, 암모늄아크릴로일다이메틸타우레이트/브이피코폴리머, 다이소듐이디티에이, 아데노신, 소듐하이알루로네이트, 세라마이드엔피(111.2 ppm), 라피노오스, 소듐스테아로일글루타메이트, 무궁화나무껍질추출물, 하이드록시프로필비스라우라마이드엠이에이(10 ppm), 하이드록시프로필비스팔미타마이드엠이에이(10 ppm), 락토바실러스발효용해물(10 ppm), 동백나무씨오일, 녹차씨추출물, 검정콩오일, 토코페롤, 피토스핑고신, 카놀라오일, 로즈마리잎추출물",마몽드,마몽드_프로바이오틱스 세라마이드 스킨소프너 200ml
플로라 글로우 로즈 앰플 마스크팩 23ml,https://www.amoremall.com/kr/ko/product/detail?onlineProdSn=63076,2500.0,23ml,23.0,ml,"정제수, 부틸렌글라이콜, 글리세린, 나이아신아마이드, 1,2-헥산다이올, 카보머, 트로메타민, 폴리글리세릴-10라우레이트, 에틸헥실글리세린, 소듐하이알루로네이트, 글리세릴카프릴레이트, 하이드록시에틸셀룰로오스, 잔탄검, 향료, 다이소듐이디티에이, 판테놀, 하이드롤라이즈드식물성단백질(7.5 ppm), 프로방스장미꽃추출물(5 ppm), 베타-글루칸, 병풀꽃/잎/줄기추출물, 토코페롤, 하이드록시프로필트라이모늄하이알루로네이트, 하이드롤라이즈드하이알루로닉애씨드, 소듐아세틸레이티드하이알루로네이트, 하이알루로닉애씨드, 소듐하이알루로네이트크로스폴리머, 하이드롤라이즈드소듐하이알루로네이트, 포타슘하이알루로네이트",마몽드,마몽드_플로라 글로우 로즈 앰플 마스크팩 23ml
맨 리차징 토너 180ml,https://www.amoremall.com/kr/ko/product/detail?onlineProdSn=64184,19000.0,180ml,180.0,ml,"정제수, 변성알코올, 부틸렌글라이콜, 1,2-헥산다이올, 피이지-60하이드로제네이티드캐스터오일, 에탄올, 베타인, 향료, 카페인, 에틸헥실글리세린, 리모넨, 소듐메타포스페이트, 리날룰, 하이드록시시트로넬알, 알파-아이소메틸아이오논, 시트랄, 토코페롤, 서양민들레뿌리줄기/뿌리추출물, 녹차추출물",마몽드,마몽드_맨 리차징 토너 180ml
에이지 컨트롤 카멜리아 에멀젼 125ml,https://www.amoremall.com/kr/ko/product/detail?onlineProdSn=62810,37536.0,125ml,125.0,ml,"정제수, 부틸렌글라이콜, 세틸에틸헥사노에이트, 글리세린, 메틸트라이메티콘, 하이드로제네이티드폴리(C6-14올레핀), C14-22알코올, 1,2-헥산다이올, 폴리글리세릴-3다이스테아레이트, 글리세릴스테아레이트, 세테아릴알코올, 하이드로제네이티드식물성오일, C12-20알킬글루코사이드, 팔미틱애씨드, 동백나무씨오일(2000ppm), 스테아릭애씨드, 카보머, 향료, 트로메타민, 글리세릴카프릴레이트, 베타인, 카르노신(700ppm), 에틸헥실글리세린, 소듐메타포스페이트, 아데노신, 글리세릴스테아레이트시트레이트, 엑토인, 동백나무꽃추출물(98ppm), 덱스트린, 카카오추출물, 하이드롤라이즈드식물성단백질, 레시틴, 잔탄검, 아마씨추출물, 글루타티온(10ppm), 콩폴리펩타이드, 토코페롤, 카퍼트라이펩타이드-1, 연꽃추출물, 다이소듐이디티에이, 매실추출물, 시트릭애씨드, 락틱애씨드",마몽드,마몽드_에이지 컨트롤 카멜리아 에멀젼 125ml
에이지 컨트롤 카멜리아 세럼 50ml,https://www.amoremall.com/kr/ko/product/detail?onlineProdSn=62811,48955.0,50ml,50.0,ml,"정제수, 부틸렌글라이콜, 글리세린, 변성알코올, 1,2-헥산다이올, 솔비톨, 베타인, 카프릴릭/카프릭트라이글리세라이드, 메틸글루세스-20, 다이메티콘, 나이아신아마이드, 프로판다이올, 암모늄아크릴로일다이메틸타우레이트/브이피코폴리머, 말티톨, 글리세릴폴리메타크릴레이트, 에탄올, 하이드로제네이티드레시틴, 동백나무씨오일(2000ppm), 하이드로제네이티드포스파티딜콜린, 잔탄검, 향료, 콜레스테롤, 글리세릴카프릴레이트, 카르노신(700ppm), 에틸헥실글리세린, 아데노신, 베타-글루칸, 하이드롤라이즈드식물성단백질, 석류추출물, 엑토인, 동백나무꽃추출물(98ppm), 소듐메틸스테아로일타우레이트, 폴록사머235, 글루타티온(10ppm), 콩폴리펩타이드, 에피갈로카테킨갈레이트, 에톡시다이글라이콜, 토코페솔란, 폴록사머338, 카퍼트라이펩타이드-1, 토코페롤, 석류나무꽃추출물, 카프릴릴글라이콜, 다이소듐이디티에이",마몽드,마몽드_에이지 컨트롤 카멜리아 세럼 50ml
어메이징 딥 민트 클렌징밤 180ml,https://www.amoremall.com/kr/ko/product/detail?onlineProdSn=63634,35000.0,180ml,180.0,ml,"세틸에틸헥사노에이트, 아이소프로필팔미테이트, 피이지-20글리세릴트라이아이소스테아레 이트, 카프릴릭/카프릭트라이글리세라이드, 트라이에틸헥사노인, 피이지-8아이소스테아레이트, 해바 라기씨오일, 합성왁스, C9-12알케인, 정제수, 향료, 코코-카프릴레이트/카프레이트, 살리실릭애씨드, 시트릭애씨드, 글루코노락톤, 리모넨, 프로판다이올, 헥실신남알, 에탄올, 리날룰, 1,2-헥산다이올, 클로 로필린-카퍼컴플렉스, 약모밀추출물, 비니거(10ppm), 고추추출물, 병풀꽃/잎/줄기추출물, 에틸헥실 글리세린, 베타-카로틴, 다이소듐이디티에이, 토코페롤",마몽드,마몽드_어메이징 딥 민트 클렌징밤 180ml
맨 리차징 2종 세트,https://www.amoremall.com/kr/ko/product/detail?onlineProdSn=64660,38730.0,토너180ml + 로션150ml + 토너25ml(견) + 로션25ml(견),180.0,ml,"*맨 리차징 토너 : 정제수, 변성알코올, 부틸렌글라이콜, 1,2-헥산다이올, 피이지-60하이드로제네이티드캐스터오일, 에탄올, 베타인, 향료, 카페인, 에틸헥실글리세린, 리모넨, 소듐메타포스페이트, 리날룰, 하이드록시시트로넬알, 알파-아이소메틸아이오논, 시트랄, 토코페롤, 서양민들레뿌리줄기/뿌리추출물, 녹차추출물 *맨 리차징 로션 : 정제수, 부틸렌글라이콜, 글리세린, 펜타에리스리틸테트라에틸헥사노에이트, 하이드로제네이티드폴리(C6-14올레핀), 다이메티콘, 폴리글리세릴-3메틸글루코오스다이스테아레이트, 1,2-헥산다이올, 세테아릴알코올, 메틸트라이메티콘, 에탄올, 글리세릴스테아레이트, 피이지-100스테아레이트, 피이지-40스테아레이트, 실리카, 나이아신아마이드, 카보머, 향료, 다이메티콘/비닐다이메티콘크로스폴리머, 트로메타민, 카페인, 글리세릴카프릴레이트, 멘톡시프로판다이올, 소듐메타포스페이트, 에틸헥실글리세린, 리모넨, 리날룰, 토코페롤, 하이드록시시트로넬알, 알파-아이소메틸아이오논, 시트랄, 서양민들레뿌리줄기/뿌리추출물, 녹차추출물",마몽드,마몽드_맨 리차징 2종 세트
카밍 샷 아줄렌 크림 60ml,https://www.amoremall.com/kr/ko/product/detail?onlineProdSn=64183,28676.0,60ml,60.0,ml,"정제수, 프로판다이올, 글리세린, 페닐트라이메티콘, 나이아신아마이드(20,000ppm), 스테아릴다이메티콘, 1,2-헥산다이올, 메틸트라이메티콘, 하이드록시에틸아크릴레이트/소듐아크릴로일다이메틸타우레이트코폴리머, 피씨에이다이메티콘, 글리세릴폴리메타크릴레이트, 폴리메틸실세스퀴옥세인, 하이드로제네이티드폴리(C6-14올레핀), 아크릴레이트/C10-30알킬아크릴레이트크로스폴리머, 마트리카리아꽃수, 트로메타민, 글리세릴카프릴레이트, 에틸헥실글리세린, 소듐메타포스페이트, 솔비탄아이소스테아레이트, 부틸렌글라이콜, 소듐하이알루로네이트, 하이알루로닉애씨드, 향료, 구아이아줄렌(100ppm), 베타-글루칸, 토코페롤, 프로필렌글라이콜, 하이드롤라이즈드하이알루로닉애씨드, 소듐하이알루로네이트크로스폴리머, 소듐아세틸레이티드하이알루로네이트",마몽드,마몽드_카밍 샷 아줄렌 크림 60ml
어메이징 딥 민트 클렌징폼 120ml,https://www.amoremall.com/kr/ko/product/detail?onlineProdSn=60787,16949.0,120ml,120.0,ml,"정제수, 포타슘라우레이트, 라우릴하이드록시설테인, 포타슘미리스테이트, 살리실릭애씨드, 향료, 부틸렌글라이콜, 워터민트추출물(50ppm)",마몽드,마몽드_어메이징 딥 민트 클렌징폼 120ml
에이지 컨트롤 카멜리아 에센스 워터 150ml,https://www.amoremall.com/kr/ko/product/detail?onlineProdSn=62809,36769.0,150ml,150.0,ml,"정제수, 글리세린, 부틸렌글라이콜, 1,2-헥산다이올, 베타인, 트레할로오스, 글리세릴폴리메타크릴레이트, 피피지-13-데실테트라데세스-24, 프로판다이올, 에틸헥실글리세린, 셀룰로오스검, 카르노신(700ppm), 향료, 아데노신, 다이소듐이디티에이, 엑토인, 동백나무꽃추출물(98ppm), 베타-글루칸, 하이드롤라이즈드식물성단백질, 덱스트린, 카카오추출물, 잔탄검, 동백나무씨오일(10ppm), 글루타티온(10ppm), 콩폴리펩타이드, 토코페롤, 카퍼트라이펩타이드-1",마몽드,마몽드_에이지 컨트롤 카멜리아 에센스 워터 150ml
플로라 글로우 로즈 워터 토너 300ml,https://www.amoremall.com/kr/ko/product/detail?onlineProdSn=64187,19857.0,300ml,300.0,ml,"다마스크장미꽃수(90%), 부틸렌글라이콜, 프로판다이올, 1,2-헥산다이올, 피피지-13-데실테트라데세스-24, 에틸헥실글리세린, 정제수, 카보머, 소듐메타포스페이트, 트로메타민, 알란토인, 향료, 하이드롤라이즈드식물성단백질, 토코페롤, 소듐하이알루로네이트, 하이드롤라이즈드하이알루로닉애씨드, 소듐하이알루로네이트크로스폴리머, 하이알루로닉애씨드, 소듐아세틸레이티드하이알루로네이트",마몽드,마몽드_플로라 글로우 로즈 워터 토너 300ml
카밍 샷 아줄렌 선크림 SPF50+PA++++ 35ml,https://www.amoremall.com/kr/ko/product/detail?onlineProdSn=61461,15938.0,35ml,35.0,ml,"정제수, 다이부틸아디페이트, 글리세린, 프로판다이올, 비스-에칠헥실옥시페놀메톡시페닐트리아진, 에칠헥실살리실레이트, 드로메트리졸트리실록산, 테레프탈릴리덴디캠퍼설포닉애씨드, 호모살레이트, 베헤닐알코올, 폴리실리콘-15, 1,2-헥산다이올, 트로메타민, 글리세릴스테아레이트에스이, 폴리아크릴레이트크로스폴리머-6, 소듐폴리아크릴로일다이메틸타우레이트, 페닐트라이메티콘, 포타슘세틸포스페이트, 카프릴릴메티콘, 나이아신아마이드, 카프릴릴글라이콜, 에틸헥실글리세린, 향료, 구아이아줄렌(100ppm), 에탄올, 마트리카리아꽃추출물, 소듐하이알루로네이트, 하이알루로닉애씨드, 토코페롤, 프로필렌글라이콜, 하이드롤라이즈드하이알루로닉애씨드, 소듐하이알루로네이트크로스폴리머, 소듐아세틸레이티드하이알루로네이트",마몽드,마몽드_카밍 샷 아줄렌 선크림 SPF50+PA++++ 35ml
포어 슈링커 바쿠치올 레티놀 토너 200ml,https://www.amoremall.com/kr/ko/product/detail?onlineProdSn=63156,23906.0,200ml,200.0,ml,"정제수, 글리세린, 부틸렌글라이콜, 베타인, 글리세릴폴리메타크릴레이트, 1,2-헥산다이올, 다이메티콘, 피피지-13-데실테트라데세스-24, 에탄올, 아크릴레이트/C10-30알킬아크릴레이트크로스폴리머, 하이드로제네이티드레시틴, 트로메타민, 에틸헥실글리세린, 아데노신, 돌콩오일, 소듐메타포스페이트, 덱스트린, 잇꽃꽃추출물, 바쿠치올(100ppm）, 소듐메틸스테아로일타우레이트, 하이드롤라이즈드익스텐신, 소듐하이알루로네이트, 호호바씨오일, 폴리글리세릴-10라우레이트, 레티놀(30ppm）, 하이드롤라이즈드식물성단백질, 카카오추출물, 3-O-에틸아스코빅애씨드, 토코페롤",마몽드,마몽드_포어 슈링커 바쿠치올 레티놀 토너 200ml
플로라 글로우 로즈 스무딩 크림 50ml,https://www.amoremall.com/kr/ko/product/detail?onlineProdSn=60844,36567.0,50ml,50.0,ml,"정제수, 프로판다이올, 글리세린, 해바라기씨오일, 폴리글리세릴-3메틸글루코오스다이스테아레이트, 카프릴릭/카프릭/미리스틱/스테아릭트라이글리세라이드, 코코넛야자오일, 메틸트라이메티콘, 호호바씨오일, 1,2-헥산다이올, 글리세릴스테아레이트, 세테아릴알코올, 코코-카프릴레이트/카프레이트, 부틸렌글라이콜, 하이드록시에틸아크릴레이트/소듐아크릴로일다이메틸타우레이트코폴리머, 티타늄디옥사이드 (CI 77891), 아크릴레이트/C10-30알킬아크릴레이트크로스폴리머, 포타슘세틸포스페이트, 트로메타민, 에틸헥실글리세린, 글리세릴카프릴레이트, 소듐메타포스페이트, 다마스크장미꽃추출물(320 ppm), 솔비탄아이소스테아레이트, 소듐하이알루로네이트, 하이알루로닉애씨드, 하이드롤라이즈드식물성단백질(100 ppm), 글루코노락톤, 시트로넬올, 프로필렌글라이콜, 토코페롤, 하이드롤라이즈드하이알루로닉애씨드, 소듐하이알루로네이트크로스폴리머, 소듐아세틸레이티드하이알루로네이트",마몽드,마몽드_플로라 글로우 로즈 스무딩 크림 50ml
포어 슈링커 바쿠치올 크림 60ml,https://www.amoremall.com/kr/ko/product/detail?onlineProdSn=59709,37500.0,60ml,60.0,ml,"정제수, 부틸렌글라이콜, 글리세린, 카프릴릭/카프릭트라이글리세라이드, 메틸트라이메티콘, 세테아릴알코올, 데실코코에이트, 글리세릴스테아레이트시트레이트, 펜타에리스리틸테트라에틸헥사노에이트, 1,2-헥산다이올, 판테놀, 폴리글리세릴-3메틸글루코오스다이스테아레이트, 벤토나이트, 암모늄아크릴로일다이메틸타우레이트/브이피코폴리머, 바쿠치올, 해바라기씨오일, 글리세릴카프릴레이트, 돌콩오일, 말토덱스트린, 에틸헥실글리세린, 다이소듐이디티에이, 당근추출물, 아데노신, 소듐하이알루로네이트, 레티놀, 하이드롤라이즈드식물성단백질, 사포닌, 수크로오스, 황해쑥잎오일, 베타-카로틴, 하이드롤라이즈드호밀피토플라센타추출물, 토코페롤, 풀루란, 제인, 인돌아세틱애씨드, 펙틴, 시트릭애씨드",마몽드,마몽드_포어 슈링커 바쿠치올 크림 60ml
포어 슈링커 바쿠치올 세럼 50ml,https://www.amoremall.com/kr/ko/product/detail?onlineProdSn=66282,38906.0,[본품] 포어 슈링커 바쿠치올 세럼 50ml [증정] 포어 슈링커 바쿠치올 크림 30ml,50.0,포,"정제수, 부틸렌글라이콜, 카프릴릭/카프릭트라이글리세라이드, 글리세린, 1,2-헥산다이올, 베타인, 베헤닐알코올, 젤란검,소듐클로라이드, 잔탄검, 락토바실러스발효용해물, 시트릭애씨드, 돌콩오일, 마그네슘설페이트, 소듐메타포스페이트, 에틸헥실글리세린, 아데노신, 소듐시트레이트, 레티놀, 바쿠치올(100 ppm), 하이드롤라이즈드익스텐신, 소듐하이알루로네이트, 호호바씨오일,황해쑥잎오일, 폴리글리세릴-10라우레이트,하이드롤라이즈드식물성단백질, 하이드로제네이티드레시틴, 토코페롤",마몽드,마몽드_포어 슈링커 바쿠치올 세럼 50ml
어메이징 딥 민트차콜릿 클렌징밤 90ml,https://www.amoremall.com/kr/ko/product/detail?onlineProdSn=66460,27000.0,90ml,90.0,ml,"솔베스-30테트라올리에이트, 아이소프로필팔미테이트, 에틸헥실팔미테이트, 카올린, 합성왁스, 해바라기씨오일, 트라이에틸헥사노인, 실리카다이메틸실릴레이트, C9-12알케인, 셀룰로오스, 숯가루(10,000ppm), 향료, 정제수, 코코-카프릴레이트/카프레이트, 살리실릭애씨드, 프로판다이올, 에탄올, 1,2-헥산다이올, 약모밀추출물, 비니거(10ppm), 에틸헥실글리세린, 병풀꽃/잎/줄기추출물, 시트릭애씨드, 글루코노락톤",마몽드,마몽드_어메이징 딥 민트차콜릿 클렌징밤 90ml
에이지 컨트롤 카멜리아 2종 세트,https://www.amoremall.com/kr/ko/product/detail?onlineProdSn=63663,75000.0,[본품] 에센스워터 150ml+에멀젼 125ml [증정] 에센스워터 25 ml+에멀젼 25 ml+크림 25 ml,150.0,ml,"[에센스워터] 정제수, 글리세린, 부틸렌글라이콜, 1,2-헥산다이올, 베타인, 트레할로오스, 글리세릴폴리메타크릴레이트, 피피지-13-데실테트라데세스-24, 프로판다이올, 에틸헥실글리세린, 셀룰로오스검, 카르노신(700ppm), 향료, 아데노신, 다이소듐이디티에이, 엑토인, 동백나무꽃추출물(98ppm), 베타-글루칸, 하이드롤라이즈드식물성단백질, 덱스트린, 카카오추출물, 잔탄검, 동백나무씨오일(10ppm), 글루타티온(10ppm), 콩폴리펩타이드, 토코페롤, 카퍼트라이펩타이드-1 / [에멀젼] 정제수, 부틸렌글라이콜, 세틸에틸헥사노에이트, 글리세린, 메틸트라이메티콘, 하이드로제네이티드폴리(C6-14올레핀), C14-22알코올, 1,2-헥산다이올, 폴리글리세릴-3다이스테아레이트, 글리세릴스테아레이트, 세테아릴알코올, 하이드로제네이티드식물성오일, C12-20알킬글루코사이드, 팔미틱애씨드, 동백나무씨오일(2000ppm), 스테아릭애씨드, 카보머, 향료, 트로메타민, 글리세릴카프릴레이트, 베타인, 카르노신(700ppm), 에틸헥실글리세린, 소듐메타포스페이트, 아데노신, 글리세릴스테아레이트시트레이트, 엑토인, 동백나무꽃추출물(98ppm), 덱스트린, 카카오추출물, 하이드롤라이즈드식물성단백질, 레시틴, 잔탄검, 아마씨추출물, 글루타티온(10ppm), 콩폴리펩타이드, 토코페롤, 카퍼트라이펩타이드-1, 연꽃추출물, 다이소듐이디티에이, 매실추출물, 시트릭애씨드, 락틱애씨드 / [크림] 정제수, 부틸렌글라이콜, 글리세린, 세틸에틸헥사노에이트, 하이드로제네이티드폴리아이소부텐, 1,2-헥산다이올, 세테아릴알코올, 메틸트라이메티콘, C14-22알코올, 시어버터, 스테아릭애씨드, 글리세릴폴리메타크릴레이트, 글리세릴스테아레이트, 팔미틱애씨드, 하이드록시에틸아크릴레이트/소듐아크릴로일다이메틸타우레이트코폴리머, 암모늄아크릴로일다이메틸타우레이트/베헤네스-25메타크라일레이트크로스폴리머, 아라키딜알코올, C12-20알킬글루코사이드, 동백나무씨오일(2000ppm), 소듐스테아로일글루타메이트, 향료, 스쿠알란, 베헤닐알코올, 글리세릴카프릴레이트, 아라키딜글루코사이드, 베타인, 카르노신(700ppm), 에틸헥실글리세린, 다이소듐이디티에이, 아데노신, 솔비탄아이소스테아레이트, 폴리솔베이트60, 하이드롤라이즈드식물성단백질, 엑토인, 동백나무꽃추출물(98ppm), 잔탄검, 덱스트린, 카카오추출물, 글루코오스, 글루타티온(10ppm), 콩폴리펩타이드, 카퍼트라이펩타이드-1, 토코페롤",마몽드,마몽드_에이지 컨트롤 카멜리아 2종 세트
어메이징 딥 민트차콜릿 팩클렌저 135g,https://www.amoremall.com/kr/ko/product/detail?onlineProdSn=66459,22714.0,135g,135.0,g,"정제수, 카올린, 글리세린, 소듐코코일이세티오네이트, 라우릴하이드록시설테인, 벤토나이트, 라우릴베타인, 소듐메틸코코일타우레이트, 티타늄디옥사이드 (CI 77891), 하이드레이티드실리카, 트라이하이드록시스테아린, 소듐클로라이드, 카프릴릴/카프릴글루코사이드, 1,2-헥산다이올, 글라이콜다이스테아레이트, 숯가루(3163ppm), 셀룰로오스, 만니톨, 향료, 마이크로크리스탈린셀룰로오스, 카프릴릴글라이콜, 크로뮴옥사이드그린, 세테아릴올리베이트, 에틸헥실글리세린, 라우릭애씨드, 소듐메타포스페이트, 글리세릴카프릴레이트, 솔비탄올리베이트, 시트릭애씨드, 하이드록시프로필스타치포스페이트, 옥수수전분, 프로판다이올, 리모넨, 에탄올, 살리실릭애씨드, 글루코노락톤, 하이드로제네이티드레시틴, 흑색산화철, 약모밀추출물, 비니거(10ppm), 병풀꽃/잎/줄기추출물",마몽드,마몽드_어메이징 딥 민트차콜릿 팩클렌저 135g
플로라 글로우 로즈 틴티드 선세럼 35ml,https://www.amoremall.com/kr/ko/product/detail?onlineProdSn=64329,25000.0,35ml,35.0,ml,"정제수, 티타늄디옥사이드, 메틸트라이메티콘, 부틸렌글라이콜, 에칠헥실살리실레이트, 부틸옥틸살리실레이트, 페닐트라이메티콘, 다이아이소프로필세바케이트, 다이페닐다이메티콘, 트라이메틸실록시실리케이트, 라우릴폴리글리세릴-3폴리다이메틸실록시에틸다이메티콘, 글리세린, 다이메티콘, 나이아신아마이드, 티타늄디옥사이드 (CI 77891), 폴리글리세릴-4다이아이소스테아레이트/폴리하이드록시스테아레이트/세바케이트, 1,2-헥산다이올, 변성알코올, 향료, 알루미나, 다이스테아다이모늄헥토라이트, 소듐클로라이드, 알루미늄하이드록사이드, 폴리메틸메타크릴레이트, 스테아릭애씨드, 폴리하이드록시스테아릭애씨드, 다이아이소스테아릴말레이트, 비닐다이메티콘/메티콘실세스퀴옥세인크로스폴리머, 카프릴릴글라이콜, 레시틴, 황색산화철, 프로판다이올, 시메티콘, 에틸헥실글리세린, 글리세릴카프릴레이트, 에틸헥실팔미테이트, 아이소스테아릭애씨드, 아이소프로필미리스테이트, 시트로넬올, 폴리글리세릴-3폴리리시놀리에이트, 아데노신, 트라이에톡시카프릴릴실레인, 적색산화철, 제라니올, 실리카, 자일리톨, 알지닌, 하이드롤라이즈드식물성단백질(100 ppm), 유제놀, 시트랄, 틴옥사이드, 다마스크장미꽃추출물(20 ppm), 소듐하이알루로네이트, 하이알루로닉애씨드, 토코페롤, 프로필렌글라이콜, 하이드롤라이즈드하이알루로닉애씨드, 소듐하이알루로네이트크로스폴리머, 소듐아세틸레이티드하이알루로네이트",마몽드,마몽드_플로라 글로우 로즈 틴티드 선세럼 35ml
좋아요,https://www.amoremall.com/kr/ko/product/detail?onlineProdSn=67746,26000.0,포어 슈링커 바쿠치올 패드 70매/120ml + 포어 슈링커 바쿠치올 크림 견본 30ml,70.0,포,"[포어 슈링커 바쿠치올 패드] 정제수, 메틸프로판다이올, 1,2-헥산다이올, 폴리글리세릴-10라우레이트, 부틸렌글라이콜, 버지니아풍년화수, 살비아잎추출물, 글리세레스-26, 시트릭애씨드, 레몬밤잎추출물, 버독뿌리추출물, 겨우살이잎추출물, 트레할로오스, 암모늄아크릴로일다이메틸타우레이트/브이피코폴리머, 베타인, 알란토인, 에틸헥실글리세린, 글리세릴카프릴레이트, 서양고추나물추출물, 비누풀뿌리추출물, 글리세린, 소듐파이테이트, 돌콩오일, 바쿠치올, 카프릴릭/카프릭트라이글리세라이드, 피토스테릴/옥틸도데실라우로일글루타메이트, 소듐다이라우미도글루타미드라이신, 하이드로제네이티드레시틴, 황해쑥잎오일, 레티놀, 소듐하이알루로네이트, 소듐시트레이트, 하이드롤라이즈드식물성단백질, 칡뿌리추출물, 당느릅나무뿌리추출물, 달맞이꽃추출물, 대왕송잎추출물, 세라마이드엔피 [포어 슈링커 바쿠치올 크림] 정제수, 부틸렌글라이콜, 글리세린, 카프릴릭/카프릭트라이글리세라이드, 메틸트라이메티콘, 세테아릴알코올, 데실코코에이트, 글리세릴스테아레이트시트레이트, 펜타에리스리틸테트라에틸헥사노에이트, 1,2-헥산다이올, 판테놀, 폴리글리세릴-3메틸글루코오스다이스테아레이트, 벤토나이트, 암모늄아크릴로일다이메틸타우레이트/브이피코폴리머, 바쿠치올, 해바라기씨오일, 글리세릴카프릴레이트, 돌콩오일, 말토덱스트린, 에틸헥실글리세린, 다이소듐이디티에이, 당근추출물, 아데노신, 소듐하이알루로네이트, 레티놀, 하이드롤라이즈드식물성단백질, 사포닌, 수크로오스, 황해쑥잎오일, 베타-카로틴, 하이드롤라이즈드호밀피토플라센타추출물, 토코페롤, 풀루란, 제인, 인돌아세틱애씨드, 펙틴, 시트릭애씨드",마몽드,마몽드_좋아요
좋아요,https://www.amoremall.com/kr/ko/product/detail?onlineProdSn=67745,50000.0,35ml,35.0,ml,"정제수, 티타늄디옥사이드, 메틸트라이메티콘, 부틸렌글라이콜, 에칠헥실살리실레이트, 부틸옥틸살리실레이트, 페닐트라이메티콘, 다이아이소프로필세바케이트, 다이페닐다이메티콘, 트라이메틸실록시실리케이트, 라우릴폴리글리세릴-3폴리다이메틸실록시에틸다이메티콘, 글리세린, 다이메티콘, 나이아신아마이드, 티타늄디옥사이드 (CI 77891), 폴리글리세릴-4다이아이소스테아레이트/폴리하이드록시스테아레이트/세바케이트, 1,2-헥산다이올, 변성알코올, 향료, 알루미나, 다이스테아다이모늄헥토라이트, 소듐클로라이드, 알루미늄하이드록사이드, 폴리메틸메타크릴레이트, 스테아릭애씨드, 폴리하이드록시스테아릭애씨드, 다이아이소스테아릴말레이트, 비닐다이메티콘/메티콘실세스퀴옥세인크로스폴리머, 카프릴릴글라이콜, 레시틴, 황색산화철, 프로판다이올, 시메티콘, 에틸헥실글리세린, 글리세릴카프릴레이트, 에틸헥실팔미테이트, 아이소스테아릭애씨드, 아이소프로필미리스테이트, 시트로넬올, 폴리글리세릴-3폴리리시놀리에이트, 아데노신, 트라이에톡시카프릴릴실레인, 적색산화철, 제라니올, 실리카, 자일리톨, 알지닌, 하이드롤라이즈드식물성단백질(100 ppm), 유제놀, 시트랄, 틴옥사이드, 다마스크장미꽃추출물(20 ppm), 소듐하이알루로네이트, 하이알루로닉애씨드, 토코페롤, 프로필렌글라이콜, 하이드롤라이즈드하이알루로닉애씨드, 소듐하이알루로네이트크로스폴리머, 소듐아세틸레이티드하이알루로네이트",마몽드,마몽드_좋아요
플로라글로우 로즈 볼마스크 3.5ml,https://www.amoremall.com/kr/ko/product/detail?onlineProdSn=67462,24853.0,3.5ml *10입,3.5,ml,"정제수, 글루코노락톤, 글리세린, 프로판다이올, 판테놀, 다이프로필렌글라이콜, 부틸렌글라이콜, 베타인, 포타슘하이드록사이드, 1,2-헥산다이올, 트로메타민, 피피지-13-데실테트라데세스-24, 폴리솔베이트80, 에틸헥실글리세린, 나이아신아마이드, 향료, 소듐메타포스페이트, 맥아추출물, 시트로넬올, 클로렐라 프로토테코이데스추출물, 제라니올, 다마스크장미꽃추출물(20 ppm), 하이알루로닉애씨드, 하이드롤라이즈드식물성단백질(6.5 ppm), 하이드롤라이즈드익스텐신, 호호바씨오일, 하이드롤라이즈드디엔에이, 폴리글리세릴-10라우레이트, 소듐하이알루로네이트, 하이드로제네이티드레시틴, 토코페롤, 하이드롤라이즈드하이알루로닉애씨드, 카프릴릴글라이콜, 소듐하이알루로네이트크로스폴리머, 소듐아세틸레이티드하이알루로네이트",마몽드,마몽드_플로라글로우 로즈 볼마스크 3.5ml
에이지컨트롤 카멜리아 크림 50ml X2개,https://www.amoremall.com/kr/ko/product/detail?onlineProdSn=67351,95968.0,50ml *2입,50.0,ml,"정제수, 부틸렌글라이콜, 글리세린, 세틸에틸헥사노에이트, 하이드로제네이티드폴리아이소부텐, 1,2-헥산다이올, 세테아릴알코올, 메틸트라이메티콘, C14-22알코올, 시어버터, 스테아릭애씨드, 글리세릴폴리메타크릴레이트, 글리세릴스테아레이트, 팔미틱애씨드, 하이드록시에틸아크릴레이트/소듐아크릴로일다이메틸타우레이트코폴리머, 암모늄아크릴로일다이메틸타우레이트/베헤네스-25메타크라일레이트크로스폴리머, 아라키딜알코올, C12-20알킬글루코사이드, 동백나무씨오일(2000ppm), 소듐스테아로일글루타메이트, 향료, 스쿠알란, 베헤닐알코올, 글리세릴카프릴레이트, 아라키딜글루코사이드, 베타인, 카르노신(700ppm), 에틸헥실글리세린, 다이소듐이디티에이, 아데노신, 솔비탄아이소스테아레이트, 폴리솔베이트60, 하이드롤라이즈드식물성단백질, 엑토인, 동백나무꽃추출물(98ppm), 잔탄검, 덱스트린, 카카오추출물, 글루코오스, 글루타티온(10ppm), 콩폴리펩타이드, 카퍼트라이펩타이드-1, 토코페롤",마몽드,마몽드_에이지컨트롤 카멜리아 크림 50ml X2개
사은품,https://www.amoremall.com/kr/ko/product/detail?onlineProdSn=67350,53175.0,180ml *2입,180.0,ml,"정제수, 부틸렌글라이콜, 다이카프릴릴카보네이트, 글리세린, 메틸트라이메티콘, 나이아신아마이드, 1,2-헥산다이올, 하이드로제네이티드폴리(C6-14올레핀), 세테아릴알코올, 에탄올, 피씨에이다이메티콘, 글리세릴스테아레이트, 팔미틱애씨드, 스테아릭애씨드, 향료, 아크릴레이트/C10-30알킬아크릴레이트크로스폴리머, 트로메타민, 하이드록시에틸아크릴레이트/소듐아크릴로일다이메틸타우레이트코폴리머, 카페인, 에틸헥실글리세린, 글리세릴카프릴레이트, 하이드로제네이티드레시틴, 하이드록시프로필스타치포스페이트, 소듐메타포스페이트, 아데노신, 폴리글리세릴-3메틸글루코오스다이스테아레이트, 리모넨, 토코페롤, 리날룰, 솔비탄아이소스테아레이트, 폴리솔베이트60, 하이드록시시트로넬알, 알파-아이소메틸아이오논, 시트랄, 서양민들레뿌리줄기/뿌리추출물, 미리스틱애씨드, 라우릭애씨드, 녹차추출물",마몽드,마몽드_사은품
카밍 샷 아줄렌 흔적 수분 앰플 50ml X2개,https://www.amoremall.com/kr/ko/product/detail?onlineProdSn=67349,47826.0,50ml *2입,50.0,ml,"정제수, 글리세린, 나이아신아마이드(40,000ppm), 프로판다이올, 1,2-헥산다이올, 베타인, 실리카, 피피지-13-데실테트라데세스-24, 마트리카리아꽃수, 카프릴릭/카프릭트라이글리세라이드, 카보머, 아가, 트로메타민, 에틸헥실글리세린, 소듐메타포스페이트, 멘톡시프로판다이올, 부틸렌글라이콜, 구아이아줄렌(100ppm), 향료, 토코페롤",마몽드,마몽드_카밍 샷 아줄렌 흔적 수분 앰플 50ml X2개
어메이징 딥 민트 클렌징밤 90ml X2개,https://www.amoremall.com/kr/ko/product/detail?onlineProdSn=67348,53462.0,90ml *2입,90.0,ml,"세틸에틸헥사노에이트, 아이소프로필팔미테이트, 피이지-20글리세릴트라이아이소스테아레 이트, 카프릴릭/카프릭트라이글리세라이드, 트라이에틸헥사노인, 피이지-8아이소스테아레이트, 해바 라기씨오일, 합성왁스, C9-12알케인, 정제수, 향료, 코코-카프릴레이트/카프레이트, 살리실릭애씨드, 시트릭애씨드, 글루코노락톤, 리모넨, 프로판다이올, 헥실신남알, 에탄올, 리날룰, 1,2-헥산다이올, 클로 로필린-카퍼컴플렉스, 약모밀추출물, 비니거(10ppm), 고추추출물, 병풀꽃/잎/줄기추출물, 에틸헥실 글리세린, 베타-카로틴, 다이소듐이디티에이, 토코페롤",마몽드,마몽드_어메이징 딥 민트 클렌징밤 90ml X2개
플로라글로우 로즈 리퀴드 마스크 80ml X2개,https://www.amoremall.com/kr/ko/product/detail?onlineProdSn=67347,59667.0,80ml *2입,80.0,ml,"정제수, 부틸렌글라이콜, 글루코노락톤, 글리세린, 다이프로필렌글라이콜, 프로판다이올, 트로메타민, 판테놀, 1,2-헥산다이올, 피피지-13-데실테트라데세스-24, 폴리솔베이트80, 에틸헥실글리세린, 소듐메타포스페이트, 덱스트린, 카카오추출물, 다마스크장미꽃추출물(120 ppm), 소듐하이알루로네이트, 하이알루로닉애씨드, 하이드롤라이즈드식물성단백질(100 ppm), 프로필렌글라이콜, 토코페롤, 하이드롤라이즈드하이알루로닉애씨드, 소듐하이알루로네이트크로스폴리머, 소듐아세틸레이티드하이알루로네이트",마몽드,마몽드_플로라글로우 로즈 리퀴드 마스크 80ml X2개
플로라글로우 로즈 하이드로겔 마스크,https://www.amoremall.com/kr/ko/product/detail?onlineProdSn=67319,36000.0,42g * 6매,42.0,g,"정제수, 글리세린, 아크릴레이트코폴리머, 나이아신아마이드, 다이프로필렌글라이콜,1,2-헥산다이올, 아이리쉬모스가루, 캐롭검, 트라이프로필렌글라이콜, 부틸렌글라이콜, 트레할로오스, 다이글리세린, 프로판다이올, 글루코노락톤, 수크로오스, 아가, 알진, 잔탄검, 소듐시트레이트, 포타슘클로라이드, 소듐폴리아크릴 레이트, 알란토인, 카프릴릴글라이콜, 트로메타민, 하이드로제네이티드폴리데센, 판테놀, 폴리글리세릴-10라우레이트, 에틸헥실글리세린, 아데노신, 트라이데세 스-6, 글리세릴아크릴레이트/아크릴릭애씨드코폴리머, 향료, 클로렐라 프로토테코이데스추출물, 피브이엠/엠에이코폴리머, 하이알루로닉애씨드, 하이드롤라이 즈드콜라겐, C11-13아이소알케인, 소듐하이알루로네이트, 하이드롤라이즈드하이알루로닉애씨드, 하이드록시에틸셀룰로오스, 사이아노코발아민, 하이드롤라이 즈드디엔에이, 하이드롤라이즈드식물성단백질(6.5 ppm), 다마스크장미꽃추출물(2 ppm), 토코페롤, 소듐하이알루로네이트크로스폴리머, 소듐파이테이트,소듐 디엔에이, 소듐아세틸레이티드하이알루로네이트",마몽드,마몽드_플로라글로우 로즈 하이드로겔 마스크
플로라글로우 로즈 볼마스크 3.5ml,https://www.amoremall.com/kr/ko/product/detail?onlineProdSn=66948,12500.0,3.5ml *5개입,3.5,ml,"정제수, 글루코노락톤, 글리세린, 프로판다이올, 판테놀, 다이프로필렌글라이콜, 부틸렌글라이콜, 베타인, 포타슘하이드록사이드, 1,2-헥산다이올, 트로메타민, 피피지-13-데실테트라데세스-24, 폴리솔베이트80, 에틸헥실글리세린, 나이아신아마이드, 향료, 소듐메타포스페이트, 맥아추출물, 시트로넬올, 클로렐라 프로토테코이데스추출물, 제라니올, 다마스크장미꽃추출물(20 ppm), 하이알루로닉애씨드, 하이드롤라이즈드식물성단백질(6.5 ppm), 하이드롤라이즈드익스텐신, 호호바씨오일, 하이드롤라이즈드디엔에이, 폴리글리세릴-10라우레이트, 소듐하이알루로네이트, 하이드로제네이티드레시틴, 토코페롤, 하이드롤라이즈드하이알루로닉애씨드, 카프릴릴글라이콜, 소듐하이알루로네이트크로스폴리머, 소듐아세틸레이티드하이알루로네이트",마몽드,마몽드_플로라글로우 로즈 볼마스크 3.5ml
NEW 플로라글로우 로즈 슬리핑 마스크 80g,https://www.amoremall.com/kr/ko/product/detail?onlineProdSn=66947,23971.0,80ml,80.0,ml,"정제수, 글리세린, 프로판다이올, 글루코노 락톤, 부틸렌글라이콜, 다이메티콘, 판테놀, 1,2-헥산 다이올, 포타슘하이드록사이드, 폴리아크릴레이트 크로스폴리머-6, 글리세릴폴리메타크릴레이트, 피씨 에이다이메티콘, 비스-하이드록시에톡시프로필다이 메티콘, 하이드록시프로필메틸셀룰로오스스테아록 시에터, 하이드록시에틸아크릴레이트/소듐아크릴로 일다이메틸타우레이트코폴리머, 소듐폴리아크릴로 일다이메틸타우레이트, 에틸헥실글리세린, 스핑고모 나스발효추출물, 향료, 소듐메타포스페이트, 다이메 티콘올, 솔비탄아이소스테아레이트, 시트로넬올, 사이 아노코발아민, 클로렐라 프로토테코이데스추출물, 다마스크장미꽃추출물(20 ppm), 제라니올, 셀룰로 오스, 하이알루로닉애씨드, 하이드롤라이즈드식물성 단백질(6.5 ppm), 하이드롤라이즈드익스텐신, 호호 바씨오일, 하이드롤라이즈드디엔에이, 폴리글리세릴 -10라우레이트, 소듐하이알루로네이트, 토코페롤, 하이드로제네이티드레시틴, 하이드롤라이즈드하이 알루로닉애씨드, 소듐하이알루로네이트크로스폴리머, 소듐아세틸레이티드하이알루로네이트",마몽드,마몽드_NEW 플로라글로우 로즈 슬리핑 마스크 80g
플로라글로우 로즈 하이드로겔 마스크,https://www.amoremall.com/kr/ko/product/detail?onlineProdSn=66946,6000.0,42g,42.0,g,"정제수, 글리세린, 아크릴레이트코폴리머, 나이아신아마이드, 다이프로필렌글라이콜,1,2-헥산다이올, 아이리쉬모스가루, 캐롭검, 트라이프로필렌글라이콜, 부틸렌글라이콜, 트레할로오스, 다이글리세린, 프로판다이올, 글루코노락톤, 수크로오스, 아가, 알진, 잔탄검, 소듐시트레이트, 포타슘클로라이드, 소듐폴리아크릴 레이트, 알란토인, 카프릴릴글라이콜, 트로메타민, 하이드로제네이티드폴리데센, 판테놀, 폴리글리세릴-10라우레이트, 에틸헥실글리세린, 아데노신, 트라이데세 스-6, 글리세릴아크릴레이트/아크릴릭애씨드코폴리머, 향료, 클로렐라 프로토테코이데스추출물, 피브이엠/엠에이코폴리머, 하이알루로닉애씨드, 하이드롤라이 즈드콜라겐, C11-13아이소알케인, 소듐하이알루로네이트, 하이드롤라이즈드하이알루로닉애씨드, 하이드록시에틸셀룰로오스, 사이아노코발아민, 하이드롤라이 즈드디엔에이, 하이드롤라이즈드식물성단백질(6.5 ppm), 다마스크장미꽃추출물(2 ppm), 토코페롤, 소듐하이알루로네이트크로스폴리머, 소듐파이테이트,소듐 디엔에이, 소듐아세틸레이티드하이알루로네이트",마몽드,마몽드_플로라글로우 로즈 하이드로겔 마스크
플로라 글로우 로즈 볼마스크 3.5ml,https://www.amoremall.com/kr/ko/product/detail?onlineProdSn=66945,2500.0,3.5ml,3.5,ml,"정제수, 글루코노락톤, 글리세린, 프로판다이올, 판테놀, 다이프로필렌글라이콜, 부틸렌글라이콜, 베타인, 포타슘하이드록사이드, 1,2-헥산다이올, 트로메타민, 피피지-13-데실테트라데세스-24, 폴리솔베이트80, 에틸헥실글리세린, 나이아신아마이드, 향료, 소듐메타포스페이트, 맥아추출물, 시트로넬올, 클로렐라 프로토테코이데스추출물, 제라니올, 다마스크장미꽃추출물(20 ppm), 하이알루로닉애씨드, 하이드롤라이즈드식물성단백질(6.5 ppm), 하이드롤라이즈드익스텐신, 호호바씨오일, 하이드롤라이즈드디엔에이, 폴리글리세릴-10라우레이트, 소듐하이알루로네이트, 하이드로제네이티드레시틴, 토코페롤, 하이드롤라이즈드하이알루로닉애씨드, 카프릴릴글라이콜, 소듐하이알루로네이트크로스폴리머, 소듐아세틸레이티드하이알루로네이트",마몽드,마몽드_플로라 글로우 로즈 볼마스크 3.5ml
NEW 오리지널 레시피 허니 모델링팩  66g,https://www.amoremall.com/kr/ko/product/detail?onlineProdSn=66842,6932.0,66g,66.0,g,"[1제 크림] 정제수, 규조토, 글리세린, 부틸렌글라이콜, 피이지-75, 알진, 1,2-헥산다이올, 테트라소듐파이로포스페이트, 에리스리톨, 하이드록시아세토페논, 다이소듐이디티에이, 황색산화철, 알란토인, 소듐하이알루로네이트, 향료, 꿀추출물(100ppb), 녹두씨추출물, 밀가루추출물 / [2제 세럼] 규조토, 호호바씨오일, 카놀라오일, 폴리솔베이트80, 카프릴릭/카프릭트라이글리세라이드, 피마자씨오일, 아보카도오일, 아르간커넬오일, 동백나무씨오일, 로즈힙열매오일, 칼슘설페이트, 스위트아몬드오일, 피이지-75, 테트라소듐파이로포스페이트, 1,2-헥산다이올, 에리스리톨, 트레할로오스, 자일리톨, 향료, 비타민나무열매오일",마몽드,마몽드_NEW 오리지널 레시피 허니 모델링팩  66g
NEW 카밍샷 아줄렌 모델링팩  66g,https://www.amoremall.com/kr/ko/product/detail?onlineProdSn=66837,6932.0,66g,66.0,g,"[1제 크림] 정제수, 규조토, 글리세린, 부틸렌글라이콜, 피이지-75, 알진, 1,2-헥산다이올, 에리스리톨, 트레할로오스, 자일리톨, 테트라소듐파이로포스페이트, 마트리카리아꽃수, 하이드록시아세토페논, 나이아신아마이드, 다이소듐이디티에이, 울트라마린, 향료, 알란토인, 소듐하이알루로네이트, 구아이아줄렌(20ppm), 에틸헥실글리세린 / [2제 세럼] 규조토, 호호바씨오일, 카놀라오일, 폴리솔베이트80, 카프릴릭/카프릭트라이글리세라이드, 피마자씨오일, 아보카도오일, 아르간커넬오일, 달맞이꽃오일, 녹차씨오일, 칼슘설페이트, 스위트아몬드오일, 피이지-75, 테트라소듐파이로포스페이트, 1,2-헥산다이올, 에리스리톨, 트레할로오스, 자일리톨, 티타늄디옥사이드 (CI 77891), 향료",마몽드,마몽드_NEW 카밍샷 아줄렌 모델링팩  66g
프로바이오틱스 세라마이드 앰플 마스크팩,https://www.amoremall.com/kr/ko/product/detail?onlineProdSn=66687,50000.0,23ml * 20매,23.0,ml,"정제수, 다이프로필렌글라이콜, 글리세린, 1,2-헥산다이올, 프로판다이올, 부틸렌글라이콜, 세테아릴올리베이트, 솔비탄올리베이트, 카보머, 트로메타민, 덱스트린, 락토바실러스발효물(600 ppm), 에틸헥실글리세린, 아데노신, 하이드록시에틸셀룰로오스, 향료, 잔탄검, 다이소듐이디티에이, 소듐하이알루로네이트, 라피노오스, 무궁화나무껍질추출물(30 ppm), 카프릴릭/카프릭트라이글리세라이드, 락토바실러스발효용해물(10 ppm), 수크로오스, 하이드로제네이티드레시틴, 하이드롤라이즈드콜라겐, 피토스테릴/옥틸도데실라우로일글루타메이트, 병풀꽃/잎/줄기추출물, 토코페롤, 세라마이드엔피(0.5 ppm), 로즈힙열매추출물, 하이드록시프로필트라이모늄하이알루로네이트, 하이드롤라이즈드하이알루로닉애씨드, 인돌아세틱애씨드, 소듐아세틸레이티드하이알루로네이트, 하이알루로닉애씨드, 소듐하이알루로네이트크로스폴리머, 하이드롤라이즈드소듐하이알루로네이트, 포타슘하이알루로네이트",마몽드,마몽드_프로바이오틱스 세라마이드 앰플 마스크팩
카밍 샷 아줄렌 앰플 마스크팩,https://www.amoremall.com/kr/ko/product/detail?onlineProdSn=66686,50000.0,23ml *20매,23.0,ml,"정제수, 부틸렌글라이콜, 글리세린, 1,2-헥산다이올, 마트리카리아꽃수, 카보머, 나이아신아마이드, 트로메타민, 폴리글리세릴-10라우레이트, 에틸헥실글리세린, 하이드록시에틸셀룰로오스, 잔탄검, 카프릴릭/카프릭트라이글리세라이드, 향료, 알란토인, 다이소듐이디티에이, 소듐하이알루로네이트, 하이드로제네이티드레시틴,폴리글리세릴-10올리에이트, 구아이아줄렌(10ppm), 베타-글루칸, 토코페롤, 마트리카리아꽃추출물, 하이드록시프로필트라이모늄하이알루로네이트, 하이드롤라이즈드하이알루로닉애씨드, 소듐아세틸레이티드하이알루로네이트, 하이알루로닉애씨드, 소듐하이알루로네이트크로스폴리머, 하이드롤라이즈드소듐하이알루로네이트,포타슘하이알루로네이트",마몽드,마몽드_카밍 샷 아줄렌 앰플 마스크팩
에이지 컨트롤 카멜리아 앰플 마스크팩,https://www.amoremall.com/kr/ko/product/detail?onlineProdSn=66685,50000.0,23ml *20매,23.0,ml,"정제수, 다이프로필렌글라이콜, 글리세린, 1,2-헥산다이올, 부틸렌글라이콜, 프로판다이올, 세테아릴올리베이트, 솔비탄올리베이트, 카보머, 트로메타민, 베타인, 에틸헥실글리세린, 아데노신(400ppm), 하이드록시에틸셀룰로오스, 잔탄검, 소듐하이알루로네이트, 다이소듐이디티에이, 향료, 글리세릴카프릴레이트, 동백나무꽃추출물(98ppm), 하이드롤라이즈드식물성단백질, 글루타티온(10ppm), 동백나무씨오일(10ppm), 콩폴리펩타이드, 카퍼트라이펩타이드-1, 토코페롤",마몽드,마몽드_에이지 컨트롤 카멜리아 앰플 마스크팩
플로라글로우 로즈 앰플 마스크팩,https://www.amoremall.com/kr/ko/product/detail?onlineProdSn=66683,50000.0,23ml*20매,23.0,ml,"정제수, 부틸렌글라이콜, 글리세린, 나이아신아마이드, 1,2-헥산다이올, 카보머, 트로메타민, 폴리글리세릴-10라우레이트, 에틸헥실글리세린, 소듐하이알루로네이트, 글리세릴카프릴레이트, 하이드록시에틸셀룰로오스, 잔탄검, 향료, 다이소듐이디티에이, 판테놀, 하이드롤라이즈드식물성단백질(7.5 ppm), 프로방스장미꽃추출물(5 ppm), 베타-글루칸, 병풀꽃/잎/줄기추출물, 토코페롤, 하이드록시프로필트라이모늄하이알루로네이트, 하이드롤라이즈드하이알루로닉애씨드, 소듐아세틸레이티드하이알루로네이트, 하이알루로닉애씨드, 소듐하이알루로네이트크로스폴리머, 하이드롤라이즈드소듐하이알루로네이트, 포타슘하이알루로네이트",마몽드,마몽드_플로라글로우 로즈 앰플 마스크팩
프로바이오틱스 세라마이드 에멀젼,https://www.amoremall.com/kr/ko/product/detail?onlineProdSn=66682,51587.0,150ml*2,150.0,ml,"정제수, 부틸렌글라이콜, 글리세린, 펜타에리스리틸테트라에틸헥사노에이트, 하이드로제네이티드폴리아이소부텐, 펜타에리스리틸테트라아이소스테아레이트, 하이드로제네이티드폴리(C6-14올레핀), 비스-하이드록시에톡시프로필다이메티콘, 글리세릴스테아레이트시트레이트, 메틸트라이메티콘, 1,2-헥산다이올, 글리세릴스테아레이트, 세테아릴알코올, 하이드로제네이티드식물성오일, 피씨에이다이메티콘, 스테아릭애씨드, 글리세릴폴리메타크릴레이트, 팔미틱애씨드, 카보머, 트로메타민, 잔탄검, 글리세릴카프릴레이트, 덱스트린, 향료, 락토바실러스발효물, 다이소듐이디티에이, 에틸헥실글리세린, 아데노신, 라피노오스, 세라마이드엔피(21.2 ppm), 무궁화나무껍질추출물, 하이드록시프로필비스라우라마이드엠이에이(10 ppm), 하이드록시프로필비스팔미타마이드엠이에이(10 ppm), 락토바실러스발효용해물(10 ppm), 토코페롤, 동백나무씨오일, 녹차씨추출물, 검정콩오일, 피토스핑고신, 하이드로제네이티드레시틴, 카놀라오일, 로즈마리잎추출물",마몽드,마몽드_프로바이오틱스 세라마이드 에멀젼
프로바이오틱스 세라마이드 스킨소프너,https://www.amoremall.com/kr/ko/product/detail?onlineProdSn=66681,47460.0,200ml*2,200.0,ml,"정제수, 글리세린, 다이프로필렌글라이콜, 프로판다이올, 1,2-헥산다이올, 부틸렌글라이콜, 카프릴릭/카프릭트라이글리세라이드, 하이드로제네이티드레시틴, 아크릴레이트/C10-30알킬아크릴레이트크로스폴리머, 덱스트린, 폴리쿼터늄-51, 트로메타민, 락토바실러스발효물, 에틸헥실글리세린, 향료, 암모늄아크릴로일다이메틸타우레이트/브이피코폴리머, 다이소듐이디티에이, 아데노신, 소듐하이알루로네이트, 세라마이드엔피(111.2 ppm), 라피노오스, 소듐스테아로일글루타메이트, 무궁화나무껍질추출물, 하이드록시프로필비스라우라마이드엠이에이(10 ppm), 하이드록시프로필비스팔미타마이드엠이에이(10 ppm), 락토바실러스발효용해물(10 ppm), 동백나무씨오일, 녹차씨추출물, 검정콩오일, 토코페롤, 피토스핑고신, 카놀라오일, 로즈마리잎추출물",마몽드,마몽드_프로바이오틱스 세라마이드 스킨소프너
맨 리차징 토너,https://www.amoremall.com/kr/ko/product/detail?onlineProdSn=66678,37500.0,180ml*2,180.0,ml,"정제수, 변성알코올, 부틸렌글라이콜, 1,2-헥산다이올, 피이지-60하이드로제네이티드캐스터오일, 에탄올, 베타인, 향료, 카페인, 에틸헥실글리세린, 리모넨, 소듐메타포스페이트, 리날룰, 하이드록시시트로넬알, 알파-아이소메틸아이오논, 시트랄, 토코페롤, 서양민들레뿌리줄기/뿌리추출물, 녹차추출물",마몽드,마몽드_맨 리차징 토너
에이지 컨트롤 카멜리아 크림,https://www.amoremall.com/kr/ko/product/detail?onlineProdSn=66676,95753.0,50ml*2,50.0,ml,"정제수, 부틸렌글라이콜, 글리세린, 세틸에틸헥사노에이트, 하이드로제네이티드폴리아이소부텐, 1,2-헥산다이올, 세테아릴알코올, 메틸트라이메티콘, C14-22알코올, 시어버터, 스테아릭애씨드, 글리세릴폴리메타크릴레이트, 글리세릴스테아레이트, 팔미틱애씨드, 하이드록시에틸아크릴레이트/소듐아크릴로일다이메틸타우레이트코폴리머, 암모늄아크릴로일다이메틸타우레이트/베헤네스-25메타크라일레이트크로스폴리머, 아라키딜알코올, C12-20알킬글루코사이드, 동백나무씨오일(2000ppm), 소듐스테아로일글루타메이트, 향료, 스쿠알란, 베헤닐알코올, 글리세릴카프릴레이트, 아라키딜글루코사이드, 베타인, 카르노신(700ppm), 에틸헥실글리세린, 다이소듐이디티에이, 아데노신, 솔비탄아이소스테아레이트, 폴리솔베이트60, 하이드롤라이즈드식물성단백질, 엑토인, 동백나무꽃추출물(98ppm), 잔탄검, 덱스트린, 카카오추출물, 글루코오스, 글루타티온(10ppm), 콩폴리펩타이드, 카퍼트라이펩타이드-1, 토코페롤",마몽드,마몽드_에이지 컨트롤 카멜리아 크림
에이지 컨트롤 카멜리아 세럼,https://www.amoremall.com/kr/ko/product/detail?onlineProdSn=66675,97692.0,50ml*2,50.0,ml,"정제수, 부틸렌글라이콜, 글리세린, 변성알코올, 1,2-헥산다이올, 솔비톨, 베타인, 카프릴릭/카프릭트라이글리세라이드, 메틸글루세스-20, 다이메티콘, 나이아신아마이드, 프로판다이올, 암모늄아크릴로일다이메틸타우레이트/브이피코폴리머, 말티톨, 글리세릴폴리메타크릴레이트, 에탄올, 하이드로제네이티드레시틴, 동백나무씨오일(2000ppm), 하이드로제네이티드포스파티딜콜린, 잔탄검, 향료, 콜레스테롤, 글리세릴카프릴레이트, 카르노신(700ppm), 에틸헥실글리세린, 아데노신, 베타-글루칸, 하이드롤라이즈드식물성단백질, 석류추출물, 엑토인, 동백나무꽃추출물(98ppm), 소듐메틸스테아로일타우레이트, 폴록사머235, 글루타티온(10ppm), 콩폴리펩타이드, 에피갈로카테킨갈레이트, 에톡시다이글라이콜, 토코페솔란, 폴록사머338, 카퍼트라이펩타이드-1, 토코페롤, 석류나무꽃추출물, 카프릴릴글라이콜, 다이소듐이디티에이",마몽드,마몽드_에이지 컨트롤 카멜리아 세럼
카밍 샷 아줄렌 토너 300ml,https://www.amoremall.com/kr/ko/product/detail?onlineProdSn=64182,19853.0,300ml,300.0,ml,"마트리카리아꽃수, 정제수, 글리세린, 부틸렌글라이콜, 1,2-헥산다이올, 피피지-13-데실테트라데세스-24, 암모늄아크릴로일다이메틸타우레이트/브이피코폴리머, 나이아신아마이드, 에틸헥실글리세린, 소듐메타포스페이트, 소듐시트레이트, 시트릭애씨드, 구아이아줄렌(100ppm), 토코페롤",마몽드,마몽드_카밍 샷 아줄렌 토너 300ml
플로라글로우 로즈 앰플 마스크팩,https://www.amoremall.com/kr/ko/product/detail?onlineProdSn=63077,25000.0,23ml x 10매,23.0,ml,"정제수, 부틸렌글라이콜, 글리세린, 나이아신아마이드, 1,2-헥산다이올, 카보머, 트로메타민, 폴리글리세릴-10라우레이트, 에틸헥실글리세린, 소듐하이알루로네이트, 글리세릴카프릴레이트, 하이드록시에틸셀룰로오스, 잔탄검, 향료, 다이소듐이디티에이, 판테놀, 하이드롤라이즈드식물성단백질(7.5 ppm), 프로방스장미꽃추출물(5 ppm), 베타-글루칸, 병풀꽃/잎/줄기추출물, 토코페롤, 하이드록시프로필트라이모늄하이알루로네이트, 하이드롤라이즈드하이알루로닉애씨드, 소듐아세틸레이티드하이알루로네이트, 하이알루로닉애씨드, 소듐하이알루로네이트크로스폴리머, 하이드롤라이즈드소듐하이알루로네이트, 포타슘하이알루로네이트",마몽드,마몽드_플로라글로우 로즈 앰플 마스크팩
에이지 컨트롤 카멜리아 앰플 마스크팩,https://www.amoremall.com/kr/ko/product/detail?onlineProdSn=62845,25000.0,23ml*10매,23.0,ml,"정제수, 다이프로필렌글라이콜, 글리세린, 1,2-헥산다이올, 부틸렌글라이콜, 프로판다이올, 세테아릴올리베이트, 솔비탄올리베이트, 카보머, 트로메타민, 베타인, 에틸헥실글리세린, 아데노신(400ppm), 하이드록시에틸셀룰로오스, 잔탄검, 소듐하이알루로네이트, 다이소듐이디티에이, 향료, 글리세릴카프릴레이트, 동백나무꽃추출물(98ppm), 하이드롤라이즈드식물성단백질, 글루타티온(10ppm), 동백나무씨오일(10ppm), 콩폴리펩타이드, 카퍼트라이펩타이드-1, 토코페롤",마몽드,마몽드_에이지 컨트롤 카멜리아 앰플 마스크팩
카밍 샷 아줄렌 앰플 마스크팩,https://www.amoremall.com/kr/ko/product/detail?onlineProdSn=61850,25000.0,(1매 / 23ml) * 10,1.0,매,"정제수, 부틸렌글라이콜, 글리세린, 1,2-헥산다이올, 마트리카리아꽃수, 카보머, 나이아신아마이드, 트로메타민, 폴리글리세릴-10라우레이트, 에틸헥실글리세린, 하이드록시에틸셀룰로오스, 잔탄검, 카프릴릭/카프릭트라이글리세라이드, 향료, 알란토인, 다이소듐이디티에이, 소듐하이알루로네이트, 하이드로제네이티드레시틴,폴리글리세릴-10올리에이트, 구아이아줄렌(10ppm), 베타-글루칸, 토코페롤, 마트리카리아꽃추출물, 하이드록시프로필트라이모늄하이알루로네이트, 하이드롤라이즈드하이알루로닉애씨드, 소듐아세틸레이티드하이알루로네이트, 하이알루로닉애씨드, 소듐하이알루로네이트크로스폴리머, 하이드롤라이즈드소듐하이알루로네이트,포타슘하이알루로네이트",마몽드,마몽드_카밍 샷 아줄렌 앰플 마스크팩
프로바이오틱스 세라마이드 앰플 마스크팩,https://www.amoremall.com/kr/ko/product/detail?onlineProdSn=61770,25000.0,23ml * 10매,23.0,ml,"정제수, 다이프로필렌글라이콜, 글리세린, 1,2-헥산다이올, 프로판다이올, 부틸렌글라이콜, 세테아릴올리베이트, 솔비탄올리베이트, 카보머, 트로메타민, 덱스트린, 락토바실러스발효물(600 ppm), 에틸헥실글리세린, 아데노신, 하이드록시에틸셀룰로오스, 향료, 잔탄검, 다이소듐이디티에이, 소듐하이알루로네이트, 라피노오스, 무궁화나무껍질추출물(30 ppm), 카프릴릭/카프릭트라이글리세라이드, 락토바실러스발효용해물(10 ppm), 수크로오스, 하이드로제네이티드레시틴, 하이드롤라이즈드콜라겐, 피토스테릴/옥틸도데실라우로일글루타메이트, 병풀꽃/잎/줄기추출물, 토코페롤, 세라마이드엔피(0.5 ppm), 로즈힙열매추출물, 하이드록시프로필트라이모늄하이알루로네이트, 하이드롤라이즈드하이알루로닉애씨드, 인돌아세틱애씨드, 소듐아세틸레이티드하이알루로네이트, 하이알루로닉애씨드, 소듐하이알루로네이트크로스폴리머, 하이드롤라이즈드소듐하이알루로네이트, 포타슘하이알루로네이트",마몽드,마몽드_프로바이오틱스 세라마이드 앰플 마스크팩
어메이징 딥 민트 클렌징폼,https://www.amoremall.com/kr/ko/product/detail?onlineProdSn=60795,33729.0,120ml*2,120.0,ml,"정제수, 포타슘라우레이트, 라우릴하이드록시설테인, 포타슘미리스테이트, 살리실릭애씨드, 향료, 부틸렌글라이콜, 워터민트추출물(50ppm)",마몽드,마몽드_어메이징 딥 민트 클렌징폼
포어 슈링커 바쿠치올 세럼 50ml,https://www.amoremall.com/kr/ko/product/detail?onlineProdSn=60701,38906.0,50ml,50.0,ml,"정제수, 부틸렌글라이콜, 카프릴릭/카프릭트라이글리세라이드, 글리세린, 1,2-헥산다이올, 베타인, 베헤닐알코올, 젤란검, 소듐클로라이드, 잔탄검, 락토바실러스발효용해물, 시트릭애씨드, 돌콩오일, 마그네슘설페이트, 소듐메타포스페이트, 에틸헥실글리세린, 아데노신, 소듐시트레이트, 레티놀, 바쿠치올, 하이드롤라이즈드익스텐신, 소듐하이알루로네이트, 호호바씨오일, 황해쑥잎오일, 폴리글리세릴-10라우레이트, 하이드롤라이즈드식물성단백질, 하이드로제네이티드레시틴, 토코페롤",마몽드,마몽드_포어 슈링커 바쿠치올 세럼 50ml
"22,400원",https://www.amoremall.com/kr/ko/product/detail?onlineProdSn=58962,32.0,"•제품명 : 오설록 제주 순수녹차 •원재료명 : 녹차(제주산) 100% •제품명 : 오설록 삼다 꿀배 티 •원재료명 : 후발효차(제주산),설탕,배향향료제제(합성향료,주정,천연향료,젖산,프로필렌글리콜,정제수),꿀분말(꿀(국산)),배농축혼합분말(배(국산)) •제품명 : 오설록 피치 블랙티 •원재료명 : 홍차(제주산53.85%,인도산46.15%),후발효차(제주산),설탕,천연향료,산복숭아원액(산복숭아(국산)) [복숭아 함유] •제품명 : 제주 삼다 영귤 티 •원재료명 : 후발효차(제주산),설탕,천연향료,후발효차열수추출물(제주산),영귤분말(제주산) •제품명 : 오설록 제주 동백꽃 티 •원재료명 : 후발효차(제주산),홍차(제주산),설탕,향료(동백꽃향),후발효차열수추출물(제주산),동백꽃(제주산) •제품명 : 오설록 마롱 글라세 블랙티 •원재료명 : 홍차(인도산88.1%,제주산11.9%),설탕,향료(단팥향),밀크향향료제제(주정,합성향료,젖산),밤분말(밤(국산)),향료(알밤향) •제품명 : 오설록 유자 얼그레이 •원재료명 : 홍차(인도산82.88%,제주산17.12%),후발효차(제주산),천연향료(시트러스 베르가못향),후발효차열수추출물(제주산),유자필분말(국산) •제품명 : 오설록 피치 캐모마일 •원재료명 : 캐모마일(크로아티아산),레몬그라스(이집트산),설탕,히비스커스(나이지리아산),기타가공품(함수결정포도당,효소처리스테비아,잔탄검),건조레몬,향료(백도향),복숭아과즙분말(복숭아과즙농축액(국산)) [복숭아 함유] •제품명 : 오설록 스윗 히비스커스 •원재료명 : 히비스커스(나이지리아산),기타가공품(함수결정포도당,효소처리스테비아,잔탄검),건조레몬(제주산),스피어민트(미국산),페퍼민트,시나몬 •제품명 : 오설록 무화과 쇼콜라 블랙티 •원재료명 : 홍차(인도산65.36%,제주산34.64%),후발효차(제주산),설탕,카카오닙스(페루산),향료1(무화과향),향료2(무화과향),무화과분말(무화과(국산))",100.0,정,해당사항없음,오설록,"오설록_22,400원"
"11,700원",https://www.amoremall.com/kr/ko/product/detail?onlineProdSn=63136,11.0,"라떼베이스[설탕,식물성크림1{야자경화유(외국 산)}, 식물성크림2{야자경화유(외국산)}, 혼합분유(네덜란드산), 식물성크림3], 녹차(제주산), 정제소금, 향료(말차향) [우유, 대두 함유]",1.0,정,내용물 중량 스틱 1포 20g 카페인 54.7mg 열량 84.76 kcal 탄수화물 16.47g 당류 13.08g,오설록,"오설록_11,700원"
"13,300원",https://www.amoremall.com/kr/ko/product/detail?onlineProdSn=66052,5.0,"설탕, 박력분(밀:미국산), 마가린[식물성유지(팜유:말레이시아산),가공유지(팜스테아린에스테르화유:말레이시아산),유화제,정제소금,레시틴], 난백액(계란:국산), 아몬드분말, 혼합분유(전지분유,유청분말,우유단백질), 버터, 쇼트닝(가공유지,동물성유지,식물성유지,유화제), 식물성유지, 녹차가루(제주산), 딸기분말(딸기:국산), 정제소금, 향료1(바닐라향), 향료2(딸기향), 혼합제제[정제수,프로필렌글리콜,혼합제제(코치닐추출색소,적양배추색소),치자황색소], 구연산 / 달걀, 우유, 대두, 밀, 쇠고기 함유",1.0,정,"총 내용량 90g(515kcal), 나트륨 170mg(9%), 탄수화물 48g(15%), 당류 24g(24%), 지방 33g(61%), 트랜스지방 0.5g 미만, 포화지방 17g(113%), 콜레스테롤 25mg(8%), 단백질 7g(13%)",오설록,"오설록_13,300원"
"5,400원",https://www.amoremall.com/kr/ko/product/detail?onlineProdSn=60830,11.0,"식물성크림[설탕, 가공유지(수소첨가유/말레이시아산), 혼합분유(벨기에산), 유당, 말차가루(녹차100%/제주산)], 과자(루마니아산/밀가루, 팜유, 옥수수전분, 요오드화소금, 엿기름추출물)   / 밀, 대두, 우유, 아황산류 함유",100.0,,"총 내용량 70g(330kcal), 나트륨 320mg(16%), 탄수화물 47g(15%), 당류 19g(19%), 지방 13g(24%), 트랜스지방 0g, 포화지방 13g(87%), 콜레스테롤 0mg (0%), 단백질 5g(9%)",오설록,"오설록_5,400원"
"22,500원",https://www.amoremall.com/kr/ko/product/detail?onlineProdSn=61654,26.0,"•제품명 : 오설록 제주 순수녹차•원재료명 : 녹차(제주산) 100%•제품명 : 오설록 삼다 꿀배 티•원재료명 : 후발효차(제주산), 설탕, 배향향료제제(합성향료, 주정, 천연향료, 젖산, 프로필렌글리콜, 정제수), 꿀분말(꿀(국산)), 배농축혼합분말(배(국산))•제품명 : 오설록 제주 삼다 영귤 티•원재료명 : 후발효차(제주산), 설탕, 후발효차열수추출물(제주산), 향료(영귤향), 제주영귤분말(제주귤피(제주산), 제주영귤(제주산))•제품명 : 오설록 제주 동백꽃 티•원재료명 : 후발효차( 제주산), 홍차(제주산),설탕, 향료 (동백꽃향), 후발효차열수추출물(제주산), 동백꽃(제주산)•제품명 : 오설록 트로피컬 블랙티•원재료명 : 녹차(제주산), 홍차(제주산), 후발효차(제주산), 향료(복숭아향), 망고과즙분말•제품명 : 오설록 바닐라 허니 블랙티•원재료명 : 홍차(인도산83.7%, 제주산16.3%),후발효차(제주산), 꿀과립(포도당, 효소처리스테비아, 사양벌꿀(국산)), 향료(프렌치바닐라향), 후발효차열수추출물, 바닐라추출물, 스테비아",100.0,정,해당사항없음,오설록,"오설록_22,500원"
"21,850원",https://www.amoremall.com/kr/ko/product/detail?onlineProdSn=56053,5.0,유기농 녹차 (제주산) 100%,100.0,,해당사항없음,오설록,"오설록_21,850원"
"5,700원",https://www.amoremall.com/kr/ko/product/detail?onlineProdSn=52994,5.0,"밀가루(밀:호주산, 미국산), 야자유, (외국 산/말레이시아, 필리핀, 인도네시아 등), 설탕, 유청(프랑스산), 포도당, 덱스트린, 전지분유, 유당, 녹차가루(국산), 유화제, 해바라기유, 정제소금, 산도조절제1, 산도 조절제2 밀,대두,우유함유",1.0,포,"총 내용량 100g(520kcal), 나트륨 165mg(8%), 탄수화물 65g(20%), 당류 30g(30%), 지방 26g(48%), 트랜스지방 0g, 포화지방 20.2g(135%), 콜레스테롤 2.9mg(1%), 단백질 6.6g(12%)",오설록,"오설록_5,700원"
"12,600원",https://www.amoremall.com/kr/ko/product/detail?onlineProdSn=64109,10.0,"우유(원유 100%,국산),우리밀통밀 (밀:국산),비정제유기농사탕수수 11.6%,코코넛분말(필리핀산),아몬드,호두분태,해바라기씨앗,캐슈넛,유기농아가베시럽 2.6%,유기농 말차가루 1.8%(녹차:국산),혼합제제1(덱스트린,홍화황색소,L-아스코브산나트륨,치자청색소,비타민C,폴리인산나트륨),혼합제제2(탄산수소나트륨,옥수수전분),식염 / 밀, 우유, 호두 함유",100.0,정,"총 내용량:100 g(495 kcal) 나트륨 435mg(22%), 탄수화물 60g(19%), 당류 25g(25%), 지방 22g(41%), 트랜스지방 0g, 포화지방 10g(67%), 콜레스테롤 7mg(2%), 단백질 14g(25%)",오설록,"오설록_12,600원"
"13,300원",https://www.amoremall.com/kr/ko/product/detail?onlineProdSn=53004,5.0,"식물성크림[백설탕, 혼합식용유(채종유(호주산)), 채종유(호주산), 전지분유, 탈지분유, 유청분말, 녹차가루(제주산), 레시틴, 글리세린지방산에스테르, 바닐린], 박력분(밀: 미국산), 백설탕, 마가린[식물성유지(팜유(말레이시아산)), 가공유지(야자에스테르화유(외국산:인도네시아, 필리핀, 말레이시아 등)), 정제수, 가공버터, 기타가공품, 유화제, 레시틴, 혼합제제(식물성유지, 베타카로틴(착색료), DL-알파-토코페롤), 합성향료(버터향, 바닐라향), 구연산], 난백액, 아몬드분말, 무염버터, 녹차가루(제주산), 정제소금, 바닐린, 계란, 대두, 밀, 우유 함유",,정,상세페이지참고,오설록,"오설록_13,300원"
"9,900원",https://www.amoremall.com/kr/ko/product/detail?onlineProdSn=53002,11.0,원재료명 : 유기농 녹차 (제주산) 100% 유기농인증번호 : 제 12800178호,100.0,,해당사항없음,오설록,"오설록_9,900원"
"5,700원",https://www.amoremall.com/kr/ko/product/detail?onlineProdSn=52996,5.0,"밀가루(밀:호주,미국산), 설탕, 쇼트닝(콜롬비아산), 쌀가루(쌀:중국산), 가공버터, 전란액, 녹차가루(국산), 당류가공품, 유청분말, 정제소금, 향료(밀크향), 레시틴, 제일인산칼슘, 기타가공품 [달걀, 우유, 대두, 밀 함유]",,정,총 내용량 72 g 350 ㎉ 나트륨 180 ㎎ 9 % 탄수화물 50 g 15 % 당류 21 g 21 % 지방 15 g 28 % 트랜스지방 0 g 포화지방 8 g 53 % 콜레스테롤 15 mg 5 % 단백질 4 g 7 %,오설록,"오설록_5,700원"
"10,450원",https://www.amoremall.com/kr/ko/product/detail?onlineProdSn=55800,5.0,"다크쉘초콜릿[설탕,가공유지(분별유)(싱가포르산),코코아매스(스페인산),코코아분말(말레이시아산),혼합분유],녹차센터크림[설탕,가공유지1(분별유)(싱 가포르산),가공유지2(분별유)(팜분별유:말레이시아산),전지분유,혼합분유, 첫물말차(녹차100%:제주산)] / 우유, 대두 함유",1.0,포,"총 내용량 120g(705kcal), 나트륨 75mg(4%), 탄수화물 58g(18%), 당류 48g(48%), 지방 48g(89%), 트랜스지방 0g, 포화지방 30g(200%), 콜레스테롤 15mg(5%), 단백질 10g(18%)",오설록,"오설록_10,450원"
"9,900원",https://www.amoremall.com/kr/ko/product/detail?onlineProdSn=52998,11.0,"후발효차(제주산), 설탕, 배향향료제제(합성향료, 주정, 천연향료, 젖산, 프로필렌글리콜, 정제수), 꿀분말(꿀(국산)), 배농축혼합분말(배(국산))",,정,해당사항없음,오설록,"오설록_9,900원"
"21,600원",https://www.amoremall.com/kr/ko/product/detail?onlineProdSn=53009,11.0,"•제품명 : 오설록 달빛걷기 •원재료명 : 후발효차(제주산),캔디류(별사탕),돌배(국산),배향향료제제(합성향료,주정,천연향료,젖산,프로필렌글리콜,정제수) •제품명 : 오설록 삼다연 제주영귤 •원재료명 :후발효차(제주산),천연향료(영귤향),제주영귤믹스(제주귤피(제주산),제주영귤(제주산)) •제품명 : 오설록 피치 파파야 블랙티 •원재료명 : 홍차(인도산84.4%,제주산15.6%),로즈힙(칠레산),파파야다이스(파파야,설탕,구연산)(태국산),향료(복숭아향),장미꽃잎,천연향료(복숭아향) [복숭아 함유] •제품명 : 오설록 시그니처 얼그레이 •원재료명 : 유기농 홍차(인도산89.35%,제주산10.65%),천연향료(시트러스 베르가못향),유기농 후발효차(제주산),유자필(제주산) *유기농원료 총함량 : 95.1% •유기농인증번호 : 제 12800178호",84.4,정,해당사항없음,오설록,"오설록_21,600원"
"26,250원",https://www.amoremall.com/kr/ko/product/detail?onlineProdSn=63155,26.0,"• 제품명 : 오설록 제주 순수녹차 • 원재료명 : 녹차(제주산) 100% • 제품명 : 오설록 삼다 꿀배 티 • 원재료명 : 후발효차(제주산),설탕,배향향료제제(합성향료,주정,천연향료,젖산,프로필렌글리콜,정제수),꿀분말(꿀(국산)),배농축혼합분말(배(국산)) • 제품명 : 제주 삼다 영귤 티 • 원재료명 : 후발효차(제주산),설탕,천연향료 2종,후발효차열수추출물(제주산),영귤분말(제주산) • 제품명 : 오설록 무화과 쇼콜라 블랙티 • 원재료명 : 홍차(인도산65.36%,제주산34.64%),후발효차(제주산),설탕,카카오닙스(페루산),향료1(무화과향),향료2(무화과향),무화과분말(무화과(국산)) • 제품명 : 오설록 제주 동백꽃 티 • 원재료명 : 후발효차(제주산),홍차(제주산),설탕,향료(동백꽃향),후발효차열수추출물(제주산),동백꽃(제주산) • 제품명 : 오설록 피치 캐모마일 • 원재료명 : 캐모마일(크로아티아산),레몬그라스(이집트산),설탕,히비스커스(나이지리아산),기타가공품(함수결정포도당,효소처리스테비아,잔탄검),건조레몬,향료(백도향),복숭아과즙분말(복숭아과즙농축액(국산)) 복숭아 함유",100.0,정,해당사항없음,오설록,"오설록_26,250원"
"11,000원",https://www.amoremall.com/kr/ko/product/detail?onlineProdSn=66955,,유기농 녹차 (제주산) 100% •유기농인증번호 : 제 12800178호,100.0,,해당사항없음,오설록,"오설록_11,000원"
"11,700원",https://www.amoremall.com/kr/ko/product/detail?onlineProdSn=63137,11.0,"밀크베이스[설탕, 혼합분유(네덜란드산), 식물성크림1{야자경화유(외국산)}, 식물성크림2], 홍차추출분말(스리랑카산), 향료(베르가못향), 홍 차혼합분말(제주산), 정제소금 [우유 함유]",1.0,정,내용물 중량 스틱 1포 20g 카페인 33.3mg 열량 8.76 kcal 탄수화물 16.28g 당류 14.31g,오설록,"오설록_11,700원"
"27,000원",https://www.amoremall.com/kr/ko/product/detail?onlineProdSn=60867,26.0,"•제품명 : 오설록 달빛걷기 •원재료명 : 후발효차(제주산),캔디류(별사탕),돌배(국산),배향향료제제(합성향료,주정,천연향료,젖산,프로필렌글리콜,정제수) • 제품명 : 오설록 밀키 우롱티 • 원재료명 : 반발효차(제주산),후발효차(제주 산),향료(밀크피치향),천연향료(복숭아향),분 리유청단백(미국산) [우유,대두,복숭아 함유] • 제품명 : 오설록 삼다연 제주영귤 • 원재료명 : 후발효차(제주산),천연향료(영 귤향),제주영귤믹스(제주귤피(제주산),제주 영귤(제주산)) • 제품명 : 오설록 귤꽃향을 품은 우잣담 • 원재료명 : 후발효차(제주산),반발효차(제 주산),제주영귤믹스(제주귤피(제주산),제주영귤(제주산)),마리골드,향료(귤꽃향) • 제품명 : 오설록 시그니처 얼그레이 • 원재료명 : 유기농 홍차(인도산89.35%,제주산 10.65%),천연향료(시트러스 베르가못향),유기농 후발효차(제주산),유자필(제주산) *유기농원료 총함량 : 95.1% • 유기농인증번호 : 제 12800178호 • 제품명 : 오설록 동백이 피는 곶자왈 • 원재료명 : 홍차(제주산),후발효차(제주산), 캔디류(별사탕),파인애플다이스(파인애플,설탕,구연산)(태국산),향료(동백꽃향),동백 꽃(제주산)",89.35,정,해당사항없음,오설록,"오설록_27,000원"
"9,900원",https://www.amoremall.com/kr/ko/product/detail?onlineProdSn=53006,11.0,"유기농 후발효차(제주산), 유기농 설탕, 천연향료, 유기농 후발효차열수추출물(제주산), 유기농 영귤분말(제주산) * 유기농원료 총함량 : 95.5% •유기농인증번호 : 제 12800178호",95.5,,해당사항없음,오설록,"오설록_9,900원"
"9,900원",https://www.amoremall.com/kr/ko/product/detail?onlineProdSn=53005,11.0,"설탕,혼합식용유[채종유(호주산),가공유지(팜스테아린경화 에스테르화유/말레이시아산,팜핵경화에스테르화유/말레이시아산),팜유,글리 세린지방산에스테르],채종유(호주산),전지분유11%(외국산:벨기에,미국,호주 등),탈지분유10%,기타가공품6%(유청분말,유당),가루설녹차진4%(유기농녹차100%:제주산), 유화제(레시틴,글리세린제방산에스테르),바닐린",11.0,,"총 내용량 220g (1,110kcal) 1일 영양성분 기준치에 대한 비율 (100g당) 나트륨 : 100mg (5%), 지방: 33g (61%), 탄수화물 : 56g (17%), 트랜스지방 : 0g, 당류 : 51g (51%), 포화지방 : 8g (53%), 콜레스테롤 : 10mg (3%), 단백질 : 8g (15%), 1일 영양성분 기준치에 대한  (%)은 2,000kcal 기준이므로 개인의 필요 열량에 따라 다를 수 있습니다.",오설록,"오설록_9,900원"
"9,500원",https://www.amoremall.com/kr/ko/product/detail?onlineProdSn=53003,5.0,"코팅아몬드[미국산/ 아몬드, 설탕, 물엿, 아라 비아검], 설탕, 코코아버터(싱가포르산), 식물성경화유(싱가포 르산/ 팜유, 해바라기유), 혼합분유1[전지분유, 유청분말, 우유 단백질], 혼합분유2(탈지분유,유청분말), 고형차(녹차:국산), 레 시틴, 글리세린지방산에스테르, 합성향료(바닐린) 우유, 대두 함유",1.0,포,총 내용량 80 g 440 ㎉ 나트륨 55 ㎎ 3% 지방 31 g 57% 트랜스지방 0 g 탄수화물 31 g 10% 포화지방 14 g 93% 당류 28 g 28% 단백질 10 g 18% 콜레스테롤 10 ㎎ 3%,오설록,"오설록_9,500원"
"23,750원",https://www.amoremall.com/kr/ko/product/detail?onlineProdSn=60179,5.0,,,,,오설록,"오설록_23,750원"
"11,700원",https://www.amoremall.com/kr/ko/product/detail?onlineProdSn=53014,11.0,"식물성크림[물엿, 야자경화유(외국산), 탈지농축우유(국산), 유단백농축물, 제이인산칼륨], 밀크티믹스[미립당, 유당(미국산), 과당, 포도당, 혼합분유(네덜란드산)], 말토덱스트린, 후발효차열수추출물(국산), 후발효차분말(국산),분리유청단백, 정제소금, 이산화규소, 향료(후발효차향) [우유, 대두 함유]",,포,내용물 중량 스틱 1포 20g 카페인 26.3mg 열량 87.65 kcal 탄수화물 14.97g 당류 6.59g,오설록,"오설록_11,700원"
"15,300원",https://www.amoremall.com/kr/ko/product/detail?onlineProdSn=53021,11.0,제주 유기농 녹차 100%,100.0,,해당사항없음,오설록,"오설록_15,300원"
"11,000원",https://www.amoremall.com/kr/ko/product/detail?onlineProdSn=66951,,"유기농 캐모마일(크로아티아산), 유기농 로즈힙(칠레산), 유기농 레몬밤(폴란드산), 유기농 라벤더(알바니아산), 천연향료, 시계꽃추출분말 *유기농원료 총 함량 : 96.3%",96.3,,해당사항없음,오설록,"오설록_11,000원"
"24,000원",https://www.amoremall.com/kr/ko/product/detail?onlineProdSn=65117,26.0,"•제품명 : 오설록 캐모마일 블렌드 •원재료명 : 캐모마일(이집트산),진피(국산),사과다이스(튀르 키예산),레몬머틀,장미꽃잎 •제품명 : 오설록 히비스커스 선샤인 •원재료명 : 히비스커스(나이지리아산),파인애플다이스(파인 애플,설탕,구연산)(태국산),로즈힙(칠레산),사과다이스,오렌 지필,스피어민트,레몬머틀,천연향료(혼합과일향),장미꽃잎 •제품명 : 오설록 루이보스 문라이트 •원재료명 : 루이보스잎(남아프리카공화국산),배향향료제제 (합성향료,주정,천연향료,젖산,프로필렌글리콜,정제수),스테 비아잎(국산) •제품명 : 오설록 모로칸 민트티 •원재료명 : 페퍼민트(폴란드산),스피어민트(미국산),스테비 아(국산)",,정,해당사항없음,오설록,"오설록_24,000원"
"24,300원",https://www.amoremall.com/kr/ko/product/detail?onlineProdSn=53017,11.0,"후발효차(제주산), 캔디류(별사탕), 돌배(국산), 배향향료제제(합성향료, 주정, 천연향료, 젖산, 프로필렌글리콜, 정제수)",,정,해당사항없음,오설록,"오설록_24,300원"
"11,000원",https://www.amoremall.com/kr/ko/product/detail?onlineProdSn=66952,,"루이보스(남아프리카공화국산), 천연향료1, 천연향료2, 타트체리주스분말(폴란드산)",1.0,,해당사항없음,오설록,"오설록_11,000원"
"9,900원",https://www.amoremall.com/kr/ko/product/detail?onlineProdSn=63799,11.0,"유기농 홍차(인도산 82.88%, 제주산 17.12%),  유기농 후발효차(제주산), 천연향료(시트러스 베르가못향), 유기농 후발효차열수추출물(제주산), 유기농 유자필분말(국산) *유기농원료 총함량 : 96.3% •유기농인증번호 : 제 12800178호",82.88,,해당사항없음,오설록,"오설록_9,900원"
"8,550원",https://www.amoremall.com/kr/ko/product/detail?onlineProdSn=54932,11.0,"루이보스(남아프리카공화국산), 보리(국산), 루이보스추출물분말(독일산)",,,상세참조,오설록,"오설록_8,550원"
"9,900원",https://www.amoremall.com/kr/ko/product/detail?onlineProdSn=53001,11.0,"후발효차(제주산), 홍차(제주산), 설탕, 향료(동백꽃향), 후발효차열수추출물(제주산), 동백꽃(제주산)",,,해당사항없음,오설록,"오설록_9,900원"
"45,900원",https://www.amoremall.com/kr/ko/product/detail?onlineProdSn=64129,16.0,"•제품명 : 오설록 세작 •원재료명 : 유기농 녹차(제주산) 100% •유기농인증번호 : 제 12800178호 •제품명 : 오설록 캐모마일 블렌드 •원재료명 : 캐모마일(이집트산),진피(국산),사과다이스(터키산),레몬머틀,장미꽃잎 •제품명 : 오설록 히비스커스 선샤인 •원재료명 : 히비스커스(나이지리아산),파인애플다이스(파인애플,설탕,구연산) (태국산),로즈힙(칠레산),사과다이스, 오렌지필,스피어민트,레몬머틀,천연향료 (혼합과일향), 장미꽃잎 •제품명 : 오설록 밀키 우롱티 •원재료명 : 반발효차(제주산),후발효차(제주산),향료(밀크피치향),천연향료 (복숭아향),분리유청단백(미국산) [우유,대두,복숭아 함유] •제품명 : 오설록 삼다연 제주영귤 •원재료명 : 후발효차(제주산),천연향료 2종,제주영귤믹스(제주귤피(제주산), 제주영귤(제주산)) •제품명 : 오설록 달빛걷기 •원재료명 : 후발효차(제주산),캔디류(별사탕),돌배(국산),배향향료제제(합성 향료,주정,천연향료,젖산,프로필렌글리콜,정제수) •제품명 : 오설록 동백이 피는 곶자왈 •원재료명 : 홍차(제주산),후발효차(제주산),캔디류(별사탕),파인애플다이스 (파인애플,설탕,구연산)(태국산),향료(동백꽃향),동백꽃(제주산) •제품명 : 오설록 시그니처 얼그레이 •원재료명 : 유기농 홍차(인도산89.35%,제주산10.65%),천연향료(시트러스 베르가못향),유기농 후발효차(제주산),유자필(제주산) *유기농원료 총함량 : 95.1% •유기농인증번호 : 제 12800178호 •제품명 : 오설록 피치 파파야 블랙티 •원재료명 :홍차(인도산84.4%,제주산15.6%),로즈힙(칠레산),파파야다이스 (파파야,설탕,구연산)(태국산),향료(복숭아향),장미꽃잎,천연향료(복숭아향) [복숭아 함유]",100.0,정,해당사항없음,오설록,"오설록_45,900원"
"13,300원",https://www.amoremall.com/kr/ko/product/detail?onlineProdSn=52999,5.0,"설탕, 코코아버터(싱가포르산), 식물 성경화유(싱가포르산/팜유, 해바라기유, 레시틴, 비타민E 구연산), 박력분(밀:미국산), 혼합분유1[전지분유, 유청분말, 농축유단백], 혼합분유2(탈지분유, 유청분말), 난백액, 마가린[식물성유지, 가공유지, 유화제, 정제소금, 레시틴, 혼합제제(식물성유지, 베타카로틴(착색료), DL-알파-토코페롤)], 쇼트닝, 고형차(녹차:국산), 무염버터, 아몬드분말, 화이트컴파운드, 코코아분말, 레시틴, 글리세린지방산에스테르, 합성향료(바닐린), 정제소금 밀, 우유, 계란, 쇠고기, 대두 함유",1.0,포,총 내용량 100 g (535 ㎉) 나트륨140 ㎎(7 %) 탄수화물48 g(15 %) 당류34 g(34 %) 지방34 g(63 %) 트랜스지방0 g 포화지방19 g( 127 %) 콜레스테롤15 mg( 5 %) 단백질9 g(16 %),오설록,"오설록_13,300원"
"9,900원",https://www.amoremall.com/kr/ko/product/detail?onlineProdSn=63072,10.0,"히비스커스(나이지리아산), 기타가공품(함수결정포도당, 효소처리스테비아, 잔탄검),건조레몬(제주산), 스피어민트(미국산), 페퍼민트,시나몬",,정,해당사항없음,오설록,"오설록_9,900원"
"27,000원",https://www.amoremall.com/kr/ko/product/detail?onlineProdSn=53024,11.0,원재료명 : 유기농 녹차 (제주산) 100% 유기농인증번호 : 제 12800178호,100.0,,해당사항없음,오설록,"오설록_27,000원"
"12,350원",https://www.amoremall.com/kr/ko/product/detail?onlineProdSn=53012,5.0,유기농 녹차 (제주산) 100%,100.0,,해당사항없음,오설록,"오설록_12,350원"
"9,900원",https://www.amoremall.com/kr/ko/product/detail?onlineProdSn=64381,11.0,"캐모마일(크로아티아산),레몬그라스(이집트산),설탕,히비스커스(나이지리아산),기타가공품(함수결정포도당,효소처리스테비아,잔탄검),건조레몬,향료(백도향),복숭아과즙분말(복숭아과즙농축액(국산)  [복숭아 함유]",,정,해당사항없음,오설록,"오설록_9,900원"
"14,850원",https://www.amoremall.com/kr/ko/product/detail?onlineProdSn=57696,11.0,"캐모마일(이집트산), 진피(국산), 사과다이스 (터키산), 레몬머틀, 장미꽃잎",,,해당사항없음,오설록,"오설록_14,850원"
"9,900원",https://www.amoremall.com/kr/ko/product/detail?onlineProdSn=53016,11.0,"녹차(제주산), 설탕, 향료(살구향), 유채꽃(제주산), 꿀분말(벌꿀(국산))",,,해당사항없음,오설록,"오설록_9,900원"
"17,550원",https://www.amoremall.com/kr/ko/product/detail?onlineProdSn=65874,37.0,"녹차(제주산), 건조사과(튀르키예산), 레몬밤(불가리아산), 시나몬, 향료, 블랙베리잎(알바니아산), 산딸기다이스(산딸기:국산)",,,해당사항없음,오설록,"오설록_17,550원"
"17,550원",https://www.amoremall.com/kr/ko/product/detail?onlineProdSn=65872,37.0,"홍차(인도산 91.7%, 제주산 8.3%), 사과다이스 (튀르키예산), 카카오닙스(페루산), 로즈힙, 향료1(무화과향), 향료2(무화과향), 건조 무화과다이스(무화과:국산), 장미꽃잎",91.7,,해당사항없음,오설록,"오설록_17,550원"
"9,900원",https://www.amoremall.com/kr/ko/product/detail?onlineProdSn=63070,11.0,"홍차(인도산 65.36%, 제주산 34.64%), 후발효차(제주산), 설탕, 카카오닙스(페루산), 향료1(무화과향), 향료2(무화과향), 무화과분말(무화과(국산))",65.36,,해당사항없음,오설록,"오설록_9,900원"
"24,300원",https://www.amoremall.com/kr/ko/product/detail?onlineProdSn=56056,11.0,"루이보스(남아프리카공화국산), 보리(제주산), 산딸기열매(국산), 향료(딸기카라멜향)",,매,해당사항없음,오설록,"오설록_24,300원"
"8,550원",https://www.amoremall.com/kr/ko/product/detail?onlineProdSn=57423,11.0,제주산 녹차 100%,100.0,,해당사항없음,오설록,"오설록_8,550원"
"14,850원",https://www.amoremall.com/kr/ko/product/detail?onlineProdSn=53070,11.0,루이보스(남아프리카공화국산) 100%,100.0,,해당사항없음,오설록,"오설록_14,850원"
"14,850원",https://www.amoremall.com/kr/ko/product/detail?onlineProdSn=60176,11.0,"홍차(인도산 83.7%, 제주산 16.3%), 후발효차(제주산), 꿀과립(포도당, 효소처리스테비아, 사양벌꿀(국산)), 향료(프렌치바닐라향), 후발효차열수추출물, 바닐라추출물(바닐라추출액(미국산)), 스테비아잎",83.7,포,해당사항없음,오설록,"오설록_14,850원"
"24,300원",https://www.amoremall.com/kr/ko/product/detail?onlineProdSn=56039,11.0,"홍차(제주산), 후발효차(제주산), 캔디류(별사탕), 파인애플다이스(파인애플,설탕,구연산)(태국산), 향료(동백꽃향), 동백꽃(제주산)",,,해당사항없음,오설록,"오설록_24,300원"
"9,900원",https://www.amoremall.com/kr/ko/product/detail?onlineProdSn=53046,11.0,원재료명 : 유기농 반발효차 (제주산) 100% 유기농인증번호 : 제 12800178호,100.0,,해당사항없음,오설록,"오설록_9,900원"
"66,300원",https://www.amoremall.com/kr/ko/product/detail?onlineProdSn=53040,16.0,"•제품명 : 오설록 제주 순수녹차 •원재료명 : 녹차(제주산) 100% •제품명 : 오설록 피치 캐모마일 •원재료명 : 캐모마일(크로아티아산),레몬그라스(이집 트산), 설탕,히비스커스(나이지리아산),기타가공품(함 수결정포도당,효소처리스테비아,잔탄검),건조레몬,향 료(백도향),복숭아과즙분말(복숭아과즙농축액(국산) [복숭아 함유] •제품명 : 오설록 무화과 쇼콜라 블랙티 •원재료명 : 홍차(인도산65.36%,제주산34.64%),후발 효차(제주산),설탕,카카오닙스(페루산),향료1(무화과 향),향료2(무화과향),무화과분말(무화과(국산)) •제품명 : 오설록 유자 얼그레이 •원재료명 : 홍차(인도산82.88%,제주산17.12%),후발 효차(제주산),천연향료(시트러스 베르가못향),후발효 차열수추출물(제주산),유자필분말(국산) •제품명 : 제주 삼다 영귤 티 •원재료명 : 후발효차(제주산),설탕,천연향료,후발효차 열수추출물(제주산),영귤분말(제주산) •제품명 : 오설록 피치 블랙티 •원재료명 : 홍차(제주산53.85%,인도산46.15%),후발 효차(제주산),설탕,천연향료,산복숭아원액(산복숭아 (국산)) [복숭아 함유] •제품명 : 오설록 마롱 글라세 블랙티 •원재료명 : 홍차(인도산88.1%,제주산11.9%),설탕,향료 (단팥향),밀크향향료제제(주정,합성향료,젖산),밤분말 (밤(국산)),향료(알밤향) •제품명 : 오설록 제주 동백꽃 티 •원재료명 : 후발효차(제주산),홍차(제주산),설탕,향료(동 백꽃향),후발효차열수추출물(제주산),동백꽃(제주산) •제품명 : 오설록 삼다 꿀배 티 •원재료명 : 후발효차(제주산),설탕,배향향료제제(합성 향료,주정,천연향료,젖산,프로필렌글리콜,정제수),꿀분 말(꿀(국산)),배농축혼합분말(배(국산))",100.0,정,해당사항없음,오설록,"오설록_66,300원"
"54,400원",https://www.amoremall.com/kr/ko/product/detail?onlineProdSn=66860,16.0,"•제품명 : 오설록 세작 •원재료명 : 유기농 녹차(제주산) 100% •유기농인증번호 : 제 12800178호 •제품명 : 오설록 캐모마일 블렌드 •원재료명 : 캐모마일(이집트산),진피(국산),사과다 이스(튀르키예산),레몬머틀,장미꽃잎 •제품명 : 오설록 루이보스 문라이트 •원재료명 : 루이보스잎(남아프리카공화국산),배향 향료제제(합성향료,주정,천연향료,젖산,프로필렌글 리콜,정제수),스테비아잎(국산) •제품명 : 오설록 히비스커스 선샤인 •원재료명 : 히비스커스(나이지리아산),파인애플다이 스(파인애플,설탕,구연산)(태국산),로즈힙(칠레산), 사과다이스,오렌지필,스피어민트,레몬머틀,천연향료 (혼합과일향),장미꽃잎 •제품명 : 오설록 삼다연 제주영귤 •원재료명 : 후발효차(제주산),천연향료 2종,제주영귤 믹스(제주귤피(제주산),제주영귤(제주산)) •제품명 : 오설록 달빛걷기 •원재료명 : 후발효차(제주산),캔디류(별사탕),돌배 (국산),배향향료제제(합성향료,주정,천연향료,젖산, 프로필렌글리콜,정제수) •제품명 : 오설록 무화과 애플 블랙티 •원재료명 : 홍차(인도산 91.7%,제주산 8.3%),사과다 이스 (튀르키예산),카카오닙스(페루산),로즈힙,향료1 (무화과향),향료2(무화과향),건조 무화과다이스(무 화과:국산), 장미꽃잎 •제품명 : 오설록 피치 파파야 블랙티 •원재료명 : 홍차(인도산84.4%,제주산15.6%),로즈힙 (칠레산),파파야다이스(파파야,설탕,구연산)(태국산), 향료(복숭아향),장미꽃잎,천연향료(복숭아향) [복숭아 함유]",100.0,정,해당사항없음,오설록,"오설록_54,400원"
"9,900원",https://www.amoremall.com/kr/ko/product/detail?onlineProdSn=63829,11.0,"유기농 홍차(제주산 53.85%, 인도산 46.15%), 유기농 후발효차(제주산), 유기농 설탕, 천연향료, 유기농 산복숭아원액(산복숭아(국산)) [복숭아 함유] *유기농원료 총함량 : 95.02% •유기농인증번호 : 제 12800178호",53.85,,해당사항없음,오설록,"오설록_9,900원"
"14,850원",https://www.amoremall.com/kr/ko/product/detail?onlineProdSn=53073,11.0,"페퍼민트(폴란드산), 스피어민트(미국산), 스테 비아(국산)",,,해당사항없음,오설록,"오설록_14,850원"
"9,000원",https://www.amoremall.com/kr/ko/product/detail?onlineProdSn=53008,10.0,"에리스리톨, 녹차가루(제주산) 20%, 효소처리스테비아",20.0,,해당사항없음,오설록,"오설록_9,000원"
"11,000원",https://www.amoremall.com/kr/ko/product/detail?onlineProdSn=66950,,"유기농 페퍼민트(프랑스산), 유기농 펜넬(이집트산), 유기농 레몬밤(폴란드산), 유기농 캐모마일, 유기농 레몬그라스, 유기농 감초, 천연향료 2종, 유기농 매실액 *유기농원료 총 함량 : 97% 유기농인증번호 : 제 12800178 호",2.0,매,해당사항없음,오설록,"오설록_11,000원"
"24,300원",https://www.amoremall.com/kr/ko/product/detail?onlineProdSn=53028,11.0,"녹차(제주산), 향료(스윗부케향), 마리골드(이집트산), 장미꽃잎(파키스탄산)",,,해당사항없음,오설록,"오설록_24,300원"
"9,900원",https://www.amoremall.com/kr/ko/product/detail?onlineProdSn=63071,11.0,"홍차(인도산 88.1%, 제주산 11.9%), 설탕, 향료(단팥향), 밀크향향료제제(주정, 합성향료, 젖산), 밤분말(밤(국산)), 향료(알밤향)",88.1,정,해당사항없음,오설록,"오설록_9,900원"
"24,300원",https://www.amoremall.com/kr/ko/product/detail?onlineProdSn=56046,11.0,"후발효차(제주산), 천연향료(영귤향), 제주영귤믹스(제주귤피(제주산), 제주영귤(제주산))",,,해당사항없음,오설록,"오설록_24,300원"
"38,000원",https://www.amoremall.com/kr/ko/product/detail?onlineProdSn=53048,5.0,제주 유기농 녹차 100%,100.0,,해당사항없음,오설록,"오설록_38,000원"
"8,000원",https://www.amoremall.com/kr/ko/product/detail?onlineProdSn=66033,,"무수구연산, 탄산수소나트륨, 콤부차분말(콤부차발효액(정제수, 사양벌꿀(국산), 홍차(제주산)), 난소화성말토덱스트린, 아라비아검), 에리스리톨 10%, 효소처리스테비아, 망고분말향혼합제제(덱스트린, 아라비아검, 프로필렌글리콜, 합성향료), 망고과즙분말(망고퓨레(필리핀산), 덱스트린), 비타민 C, 깔라만시농축분말(덱스트린, 깔라만시농축액(베트남산)), 혼합과일농축분말(덱스트린, 열대혼합과일농축액), 녹차추출물, 깔라만시분말향혼합제제(덱스트린, 아라비아검, 주정, 천연향료, 합성향료, 글리세린, 당에스테르), 레몬밤추출분말, 난소화성말토덱스트린, 이산화규소, BCAA(L-발린, L-로이신, L-이소로이신), 프로바이오틱스, 구아검, 비타민B2인산에스테르나트륨 밀, 대두함유 산/말레이시아, 필리핀, 인도네시아 등), 설탕, 유청(프랑스산), 포도당, 덱스트린, 전지분유, 유당, 녹차가루(국산), 유화제, 해바라기유, 정제소금, 산도조절제1, 산도 조절제2 밀,대두,우유함유",10.0,정,해당사항없음,오설록,"오설록_8,000원"
"17,550원",https://www.amoremall.com/kr/ko/product/detail?onlineProdSn=65873,37.0,"홍차(인도산 94.25%, 제주산 5.75%), 밤다이스(밤:국산), 향료(단팥밤향), 밀크향향료제제(주정, 합성향료, 젖산), 향료(알밤향), 식물성크림[야자경화유(외국산),탈지농축우유(국산)] [우유 함유]",94.25,정,해당사항없음,오설록,"오설록_17,550원"
"24,300원",https://www.amoremall.com/kr/ko/product/detail?onlineProdSn=63670,11.0,"루이보스잎(남아프리카공화국산), 배향향료제제(합성향료, 주정, 천연향료, 젖산, 프로필렌글리콜, 정제수), 스테비아잎(국산)",,정,해당사항없음,오설록,"오설록_24,300원"
"10,450원",https://www.amoremall.com/kr/ko/product/detail?onlineProdSn=60369,5.0,"홍차(인도산 70.7%, 제주산29.3%), 꿀과립(포도당, 효소처리스테비아(감미료), 사양벌꿀(국산)), 후발효차(제주산), 향료(꿀향), 후발효차열수추출물, 스테비아잎",70.7,포,"총 내용량 40g (2 g x 20EA) 1개 티백(2g) 당 6.7 kcal 1티백 당 1일 영양성분 기준치에 대한 비율 나트륨 0 mg 0% 탄수화물 1.3 g 0% 당류 0mg 0% 지방 0 g 0% 트랜스지방 0 g 포화지방 0 g 0% 콜레스테롤 0 mg 0% 단백질 0.38 g 1% 1일 영양성분 기준치에 대한 비율(%)은 2,000kcal 기준이므로 개인의 필요 열량에 따라 다를 수 있습니다.",오설록,"오설록_10,450원"
"7,200원",https://www.amoremall.com/kr/ko/product/detail?onlineProdSn=58552,11.0,"무수구연산, 탄산수소나트륨, 에리스리톨10%, 콤부차분말(콤부차발효액(정제수, 프락토올리고당, 사양벌꿀(국산), 녹차(제주산), 홍차(제주산)), 난소화성말토덱스트린, 아라비아검)), 효소처리스테비아, 파인애플과즙분말(덱스트린, 파인애플과즙고형분(태국산)), 향료(파인애플분말향), 사과향분말혼합제제(덱스트린, 프로필렌글리콜, 주정, 합성향료, 천연향료), 비타민C, 사과과즙분말(덱스트린, 사과농축액(국산)), 녹차추출물, 이산화규소, BCAA(L-발린, L-로이신, L-이소로이신), 비타민B2, 프로바이오틱스, 구아검",10.0,정,"1포 당 15kcal 나트륨 200mg(10%), 탄수화물 4g(1%), 당류 0g(0%), 지방0g(0%), 트랜스지방0g(0%), 포화지방0g(0%), 콜레스테롤0mg(0%), 단백질0g(0%),",오설록,"오설록_7,200원"
"7,200원",https://www.amoremall.com/kr/ko/product/detail?onlineProdSn=55799,11.0,"무수구연산, 에리스리톨 15%, 탄산수소나트륨, 콤부차분말(콤부차발효액(사양벌꿀(국산), 홍차(제주산)), 난소화성말토덱스트린, 아라비아검), 효소처리스테비아, 복숭아과즙분말((덱스트린, 복숭아과즙(국산)), 리치분말향(덱스트린, 변성전분, 합성향료, 주정, 트리아세틴, 천연향료), 복숭아향분말(덱스트린, 프로필렌글리콜, 천연향료, 합성향료), 비타민C, 히비스커스추출물(히비스커스추출액(독일산), 덱스트린), 리치과즙분말(리치퓨레(태국산), 덱스트린), 녹차추출물, 이산화규소, BCAA(L-발린, L-로이신, L-이소로이신), 프로바이오틱스, 구아검 대두, 밀, 복숭아 함유",15.0,정,해당없음,오설록,"오설록_7,200원"
"9,900원",https://www.amoremall.com/kr/ko/product/detail?onlineProdSn=62344,11.0,"반발효차(제주산), 후발효차(제주산), 설탕, 천연향료(귤꽃향), 후발효차열수추출물(제주산)",,,해당사항없음,오설록,"오설록_9,900원"
"9,900원",https://www.amoremall.com/kr/ko/product/detail?onlineProdSn=60868,11.0,"홍차(인도산 83.7%, 제주산 16.3%), 후발효차(제주산), 꿀과립(포도당, 효소처리스테비아, 사양벌꿀(국산)), 향료(프렌치바닐라향), 후발효차열수추출물, 바닐라추출물(바닐라추출액(미국산)), 스테비아잎",83.7,포,"총 내용량 40g (2 g x 20EA) 1개 티백(2g) 당 3.8 kcal 1티백 당 1일 영양성분 기준치에 대한 비율 나트륨 0 mg 0% 탄수화물 1 g 미만 0% 당류 0mg 0% 지방 0 g 0% 트랜스지방 0 g 포화지방 0 g 0% 콜레스테롤 0 mg 0% 단백질 0.36 g 1% 1일 영양성분 기준치에 대한 비율(%)은 2,000kcal 기준이므로 개인의 필요 열량에 따라 다를 수 있습니다.",오설록,"오설록_9,900원"
"16,650원",https://www.amoremall.com/kr/ko/product/detail?onlineProdSn=56050,11.0,원재료명 : 유기농 녹차 (제주산) 100% 유기농인증번호 : 제 12800178호,100.0,,해당사항없음,오설록,"오설록_16,650원"
"13,300원",https://www.amoremall.com/kr/ko/product/detail?onlineProdSn=64886,5.0,"히비스커스(나이지리아산), 기타가공품(효소처리스테비아(감미료), 잔탄검), 향료, 시나몬(베트남산), 히비스커스추출물(히비스커스추출액(독일산)), 무수구연산, 오렌지필",,,해당사항없음,오설록,"오설록_13,300원"
"14,250원",https://www.amoremall.com/kr/ko/product/detail?onlineProdSn=56036,5.0,제주 유기농 녹차 100%,100.0,,해당사항 없음,오설록,"오설록_14,250원"
"12,375원",https://www.amoremall.com/kr/ko/product/detail?onlineProdSn=65909,26.0,"홍차(인도산 91.7%, 제주산 8.3%), 사과다이스 (튀르키예산), 카카오닙스(페루산), 로즈힙, 향료1(무화과향), 향료2(무화과향), 건조 무화과다이스(무화과:국산), 장미꽃잎",91.7,,해당사항없음,오설록,"오설록_12,375원"
"93,500원",https://www.amoremall.com/kr/ko/product/detail?onlineProdSn=63851,16.0,"•제품명 : 오설록 세작 •원재료명 : 유기농 녹차 (제주산) 100% •유기농인증번호 : 제 12800178호 •제품명 : 오설록 캐모마일 블렌드 •원재료명 : 캐모마일(이집트산),진피(국산),사과다이스(튀르키 예산),레몬머틀,장미꽃잎 •제품명 : 오설록 히비스커스 선샤인 •원재료명 : 히비스커스(나이지리아산),파인애플다이스(파인애 플,설탕,구연산)(태국산),로즈힙(칠레산),사과다이스,오렌지필, 스피어민트,레몬머틀,천연향료(혼합과일향),장미꽃잎 •제품명 : 오설록 루이보스 문라이트 •원재료명 : 루이보스잎(남아프리카공화국산),배향향료제제 (합성향료,주정,천연향료,젖산,프로필렌글리콜,정제수),스테비 아잎(국산) •제품명 : 오설록 삼다연 제주영귤 •원재료명 : 후발효차(제주산),천연향료 2종,제주영귤믹스(제주 귤피(제주산),제주영귤(제주산)) •제품명 : 오설록 달빛걷기 •원재료명 : 후발효차(제주산),캔디류(별사탕),돌배(국산),배향 향료제제(합성향료,주정,천연향료,젖산,프로필렌글리콜,정제수) •제품명 : 오설록 피치 파파야 블랙티 •원재료명 : 홍차(인도산84.4%,제주산15.6%),로즈힙(칠레산), 파파야다이스(파파야,설탕,구연산)(태국산),향료(복숭아향), 장미꽃잎,천연향료(복숭아향) [복숭아 함유] •제품명 : 오설록 무화과 애플 블랙티 •원재료명 : 홍차(인도산 91.7%,제주산 8.3%),사과다이스(튀르 키예산),카카오닙스(페루산),로즈힙,향료1(무화과향),향료2(무 화과향),건조 무화과다이스(무화과:국산),장미꽃잎 •제품명 : 오설록 베리 가든 그린티 •원재료명 : 녹차(제주산),건조사과(튀르키예산),레몬밤(불가리 아산),시나몬,향료,블랙베리잎(알바니아산),산딸기다이스(산 딸기:국산)",100.0,정,해당사항없음,오설록,"오설록_93,500원"
"12,600원",https://www.amoremall.com/kr/ko/product/detail?onlineProdSn=61652,11.0,"후발효차(제주산), 설탕, 후발효차열수추출물(제주산), 녹차(제주산), 배향혼합제제(합성향료, 주정, 천연향료,젖산, 프로필렌글리콜, 정제수), 배농축혼합분말(배(국산)), 꿀분말(꿀(국산))",,정,해당사항없음,오설록,"오설록_12,600원"
"14,850원",https://www.amoremall.com/kr/ko/product/detail?onlineProdSn=58551,11.0,"히비스커스(나이지리아산), 파인애플다이스(파인애플,설탕,구연산)(태국산), 로즈힙(칠레산), 사과다이스, 오렌지필, 스피어민트, 레몬머틀, 천연향료(혼합과일향), 장미꽃잎",,,해당사항없음,오설록,"오설록_14,850원"
"14,850원",https://www.amoremall.com/kr/ko/product/detail?onlineProdSn=56051,11.0,"후발효차(제주산), 캔디류(별사탕), 돌배(국산), 배향향료제제(합성향료, 주정, 천연향료, 젖산, 프로필렌글리콜, 정제수)",,정,해당사항없음,오설록,"오설록_14,850원"
"7,200원",https://www.amoremall.com/kr/ko/product/detail?onlineProdSn=53817,11.0,"무수구연산, 탄산수소나트륨, 콤부차분말(콤부차발효액(정제수, 사양벌꿀(국산), 홍차(제주산)), 난소화성말토덱스트린, 아라비아검), 에리스리톨 10%, 효소처리스테비아, 망고분말향혼합제제(덱스트린, 아라비아검, 프로필렌글리콜, 합성향료), 망고과즙분말(망고퓨레(필리핀산), 덱스트린), 비타민 C, 깔라만시농축분말(덱스트린, 깔라만시농축액(베트남산)), 혼합과일농축분말(덱스트린, 열대혼합과일농축액), 녹차추출물, 깔라만시분말향혼합제제(덱스트린, 아라비아검, 주정, 천연향료, 합성향료, 글리세린, 당에스테르), 레몬밤추출분말, 난소화성말토덱스트린, 이산화규소, BCAA(L-발린, L-로이신, L-이소로이신), 프로바이오틱스, 구아검, 비타민B2인산에스테르나트륨 밀, 대두함유 산/말레이시아, 필리핀, 인도네시아 등), 설탕, 유청(프랑스산), 포도당, 덱스트린, 전지분유, 유당, 녹차가루(국산), 유화제, 해바라기유, 정제소금, 산도조절제1, 산도 조절제2 밀,대두,우유함유",10.0,정,해당사항없음,오설록,"오설록_7,200원"
"14,850원",https://www.amoremall.com/kr/ko/product/detail?onlineProdSn=53041,11.0,"녹차(제주산), 향료(스윗부케향), 마리골드(이집트산), 장미꽃잎(파키스탄산)",,,해당사항없음,오설록,"오설록_14,850원"
"12,375원",https://www.amoremall.com/kr/ko/product/detail?onlineProdSn=65911,26.0,"녹차(제주산), 건조사과(튀르키예산), 레몬밤(불가리아산), 시나몬, 향료, 블랙베리잎(알바니아산), 산딸기다이스(산딸기:국산)",,,해당사항없음,오설록,"오설록_12,375원"
"12,375원",https://www.amoremall.com/kr/ko/product/detail?onlineProdSn=65910,26.0,"홍차(인도산 94.25%, 제주산 5.75%), 밤다이스(밤:국산), 향료(단팥밤향), 밀크향향료제제(주정, 합성향료, 젖산), 향료(알밤향), 식물성크림[야자경화유(외국산),탈지농축우유(국산)] [우유 함유]",94.25,정,해당사항없음,오설록,"오설록_12,375원"
"14,850원",https://www.amoremall.com/kr/ko/product/detail?onlineProdSn=57697,11.0,"루이보스잎(남아프리카공화국산), 배향향료제제(합성향료, 주정, 천연향료, 젖산, 프로필렌글리콜, 정제수), 스테비아잎(국산)",,정,해당사항없음,오설록,"오설록_14,850원"
"14,850원",https://www.amoremall.com/kr/ko/product/detail?onlineProdSn=53121,11.0,원재료명 : 유기농 홍차 (제주산) 100% 유기농인증번호 : 제 12800178호,100.0,,해당사항없음,오설록,"오설록_14,850원"
"9,900원",https://www.amoremall.com/kr/ko/product/detail?onlineProdSn=64401,10.0,"녹차(제주산), 설탕, 시나몬(베트남산), 향료(딸기바닐라향), 딸기과즙분말(딸기과즙고 형분(딸기:국산))",,,해당사항없음,오설록,"오설록_9,900원"
"24,300원",https://www.amoremall.com/kr/ko/product/detail?onlineProdSn=63850,11.0,원재료명 : 유기농 반발효차 (제주산) 100% 유기농인증번호 : 제 12800178호,100.0,,해당사항없음,오설록,"오설록_24,300원"
"14,850원",https://www.amoremall.com/kr/ko/product/detail?onlineProdSn=63849,10.0,원재료명 : 유기농 반발효차 (제주산) 100% 유기농인증번호 : 제 12800178호,100.0,,해당사항없음,오설록,"오설록_14,850원"
"12,600원",https://www.amoremall.com/kr/ko/product/detail?onlineProdSn=61651,10.0,"녹차(제주산), 설탕, 홍차(인도산), 샤인머스캣농축분말(샤인머스캣농축액(샤인머스캣:국산), 덱스트린), 향료(머스캣향)",,,해당사항없음,오설록,"오설록_12,600원"
"24,300원",https://www.amoremall.com/kr/ko/product/detail?onlineProdSn=60368,10.0,"유기농 홍차(인도산 89.35%, 제주산 10.65%), 천연향료(시트러스 베르가못향), 유기농 후발효차(제주산), 유자필(제주산) *유기농원료 총함량 : 95.1% •유기농인증번호 : 제 12800178호",89.35,,해당사항없음,오설록,"오설록_24,300원"
"14,850원",https://www.amoremall.com/kr/ko/product/detail?onlineProdSn=60367,11.0,"유기농 홍차(인도산 89.35%, 제주산 10.65%), 천연향료(시트러스 베르가못향), 유기농 후발효차(제주산), 유자필(제주산) *유기농원료 총함량 : 95.1% •유기농인증번호 : 제 12800178호",89.35,,해당사항없음,오설록,"오설록_14,850원"
"24,300원",https://www.amoremall.com/kr/ko/product/detail?onlineProdSn=56055,11.0,"후발효차(제주산), 홍차(제주산), 로즈힙(칠레산), 파인애플다이스(파인애플,설탕,구연산), 사과다이스, 히비스커스, 향료(벚꽃향), 건조벚꽃잎(제주산)",,,해당사항없음,오설록,"오설록_24,300원"
"24,300원",https://www.amoremall.com/kr/ko/product/detail?onlineProdSn=56042,11.0,"홍차(인도산 84.4%, 제주산 15.6%), 로즈힙(칠레산), 파파야다이스(파파야, 설탕, 구연산)(태국산), 향료(복숭아향), 장미꽃잎, 천연향료(복숭아향) [복숭아 함유]",84.4,,해당사항없음,오설록,"오설록_24,300원"
"24,300원",https://www.amoremall.com/kr/ko/product/detail?onlineProdSn=63394,11.0,"후발효차(제주산), 반발효차(제주산), 제주영귤믹스(제주귤피(제주산), 제주영귤(제주산)), 마리골드, 향료(귤꽃향)",,,해당사항없음,오설록,"오설록_24,300원"
"12,600원",https://www.amoremall.com/kr/ko/product/detail?onlineProdSn=61653,10.0,"홍차(인도산), 설탕, 후발효차열수추출물(제주산), 향료(복숭아향), 복숭아과즙분말(복숭아과즙농축액(복숭아:국산)), 후발효차(제주산) [복숭아 함유]",,,해당사항없음,오설록,"오설록_12,600원"
"127,500원",https://www.amoremall.com/kr/ko/product/detail?onlineProdSn=60866,16.0,"•제품명 : 오설록 우전 •원재료명 : 유기농 녹차 (제주산) 100% •유기농인증번호 : 제 12800178호 •제품명 : 오설록 홍우전 •원재료명 : 유기농 반발효차 (제주산) 100% •유기농인증번호 : 제 12800178호 •제품명 : 오설록 세작 •원재료명 : 유기농 녹차(제주산) 100% •유기농인증번호 : 제 12800178호 •제품명 : 오설록 캐모마일 블렌드 •원재료명 : 캐모마일(이집트산),진피(국산),사과다이스(튀르키 예산),레몬머틀,장미꽃잎 •제품명 : 오설록 히비스커스 선샤인 •원재료명 : 히비스커스(나이지리아산),파인애플다이스(파인애 플,설탕,구연산)(태국산),로즈힙(칠레산),사과다이스,오렌지필, 스피어민트,레몬머틀,천연향료(혼합과일향),장미꽃잎 •제품명 : 오설록 달빛걷기 •원재료명 : 후발효차(제주산),캔디류(별사탕),돌배(국산),배향 향료제제(합성향료,주정,천연향료,젖산,프로필렌글리콜, 정제수) •제품명 : 오설록 삼다연 제주영귤 •원재료명 : 후발효차(제주산),천연향료 2종,제주영귤믹스 (제주귤피(제주산),제주영귤(제주산)) •제품명 : 오설록 피치 파파야 블랙티 •원재료명 : 홍차(인도산84.4%,제주산15.6%),로즈힙(칠레산), 파파야다이스(파파야,설탕,구연산)(태국산),향료(복숭아향), 장미꽃잎,천연향료(복숭아향) [복숭아 함유] •제품명 : 오설록 무화과 애플 블랙티 •원재료명 : 홍차(인도산 91.7%,제주산 8.3%),사과다이스(튀르 키예산),카카오닙스(페루산),로즈힙,향료1(무화과향),향료2(무 화과향),건조 무화과다이스(무화과:국산), 장미꽃잎",100.0,정,해당사항없음,오설록,"오설록_127,500원"
"14,850원",https://www.amoremall.com/kr/ko/product/detail?onlineProdSn=53042,10.0,"후발효차(제주산), 반발효차(제주산), 제주영귤믹스(제주귤피(제주산), 제주영귤(제주산)), 마리골드, 향료(귤꽃향)",,,해당사항없음,오설록,"오설록_14,850원"
"14,850원",https://www.amoremall.com/kr/ko/product/detail?onlineProdSn=53038,11.0,원재료명 : 유기농 반발효차 (제주산) 100% 유기농인증번호 : 제 12800178호,100.0,,해당사항없음,오설록,"오설록_14,850원"
"11,700원",https://www.amoremall.com/kr/ko/product/detail?onlineProdSn=67768,10.0,"식물성크림[물엿, 야자경화유(외국산), 탈지농축우유(국산), 유단백농축물, 제이인산칼륨], 밀크티믹스[미립당, 유당(미국산), 과당, 포도당, 혼합분유(네덜란드산)], 말토덱스트린, 후발효차열수추출물(국산), 후발효차분말(국산),분리유청단백, 정제소금, 이산화규소, 향료(후발효차향) [우유, 대두 함유]",,포,내용물 중량 스틱 1포 20g 카페인 26.3mg 열량 87.65 kcal 탄수화물 14.97g 당류 6.59g,오설록,"오설록_11,700원"
"37,800원",https://www.amoremall.com/kr/ko/product/detail?onlineProdSn=67764,10.0,"식물성크림[백설탕, 혼합식용유(채종유(호주산)), 채종유(호주산), 전지분유, 탈지분유, 유청분말, 녹차가루(제주산), 레시틴, 글리세린지방산에스테르, 바닐린], 박력분(밀: 미국산), 백설탕, 마가린[식물성유지(팜유(말레이시아산)), 가공유지(야자에스테르화유(외국산:인도네시아, 필리핀, 말레이시아 등)), 정제수, 가공버터, 기타가공품, 유화제, 레시틴, 혼합제제(식물성유지, 베타카로틴(착색료), DL-알파-토코페롤), 합성향료(버터향, 바닐라향), 구연산], 난백액, 아몬드분말, 무염버터, 녹차가루(제주산), 정제소금, 바닐린, 계란, 대두, 밀, 우유 함유",,정,상세페이지참고,오설록,"오설록_37,800원"
"39,000원",https://www.amoremall.com/kr/ko/product/detail?onlineProdSn=67754,25.0,"• 오설록 제주 말차 밀크티 • 원재료명: 라떼베이스[설탕, 식물성크림1{야자경화유(외국산)}, 식물성크림2{야자경화유 (외국산)}, 혼합분유(네덜란드산), 식물성크림3], 녹차(제주산), 정제소금, 향료 (말차향) [우유, 대두 함] • 오설록 얼그레이 밀크티 • 원재료명: 밀크베이스[설탕,혼합분유(네덜란드산), 식물성크림1{야자경화유(외국산)},식물성크림2], 홍차추출분말(스리랑카산), 향료(베르가못향), 홍차혼합분말(제주산), 정제소금 [우유 함유] • 오설록 제주 호지차 밀크티 • 원재료명: 크림베이스[설탕, 가공유크림{유크림(이탈리아산)}, 식물성크림1{식물성경화유지(외국산:인도네시아, 필리핀, 말레이시아 등)}, 식물성크림2, 혼합분유, 식물성크림3], 호지차분말(제주산), 호지차추출분말{식물성추출액(호지차:국산)}, 천연향료(바닐라향분말), 정제소금 [우유, 대두 함유] • 오설록 제주 말차 오트 블렌드 • 원재료명: 설탕, 식물성크림[물엿, 야자경화유{외국산(인도네시아, 필리핀, 말레이시아 등)}, 제이인산칼륨, 스테아릴젖산나트륨, 글리세린디아세틸주석산지방산에스테르], 기타가공품[귀리(캐나다산), 대두(국산), 코코넛분말, 아몬드],녹차(제주산), 이산화규소, 정제소금 [대두 함유]",1.0,정,"• 오설록 제주 말차 밀크티 총 내용량 100g (20gx5개) 1개 (20g) 85kcal 나트륨 45mg 2% / 탄수화물 16g 5% / 당류 12g 12% / 지방 1.7g 3% / 트랜스지방 0g / 포화지방 1.5g 10% / 콜레스테롤 0mg 0% / 단백질 1g 2% • 오설록 얼그레이 밀크티 총 내용량 100g (20gx5개) 1개 (20g) 85kcal 나트륨 50mg 3% / 탄수화물 16g 5% / 당류 13g 13% / 지방 1g 2% / 트랜스지방 0g / 포화지방 0 8g 5% / 콜레스테롤 0mg 0% / 단백질 1.6g 3% • 오설록 제주 호지차 밀크티 총 내용량 100g (20gx5개) 1개 (20g) 85kcal 나트륨 34mg 2% / 탄수화물 16g 5% / 당류 13g 13% / 지방 1.7g 3%/트랜스지방 0g / 포화지방 1.5g 10% / 콜레스테롤 5mg 미만 1% / 단백질 1g 2% • 오설록 제주 말차 오트 블렌드 총 내용량 100g (20gx5개) 1개 (20g) 85kcal 나트륨15mg 1% / 탄수화물 16g 5% / 당류 9g 9% / 지방 2g 4% / 트랜스지방 0g / 포화지방 1.8g 12% / 콜레스테롤 0mg 단백질 1g 2% * 1일 영양성분 기준치에 대한 비율 (%)은 2,000kcal 기준이므로 개인의 필요 열량에 따라 다를 수 있습니다.",오설록,"오설록_39,000원"
"30,000원",https://www.amoremall.com/kr/ko/product/detail?onlineProdSn=67394,26.0,"[그린티딸기랑드샤] 설탕, 박력분(밀:미국산), 마가린[식물성유지(팜유:말레이시아산),가공유지(팜스테아린에스테르화유:말레이시아산),유화제,정제소금,레시틴], 난백액(계란:국산), 아몬드분말, 혼합분유(전지분유,유청분말,우유단백질), 버터, 쇼트닝(가공유지,동물성유지,식물성유지,유화제), 식물성유지, 녹차가루(제주산), 딸기분말(딸기:국산), 정제소금, 향료1(바닐라향), 향료2(딸기향), 혼합제제[정제수,프로필렌글리콜,혼합제제(코치닐추출색소,적양배추색소),치자황색소], 구연산 / 달걀, 우유, 대두, 밀, 쇠고기 함유 [세작] 원재료명 : 유기농 녹차 (제주산) 100% 유기농인증번호 : 제 12800178호 [피치 파파야 블랙티] 홍차(인도산 84.4%, 제주산 15.6%), 로즈힙(칠레산), 파파야다이스(파파야, 설탕, 구연산)(태국산), 향료(복숭아향), 장미꽃잎, 천연향료(복숭아향) [복숭아 함유] [시그니처 얼그레이] 유기농 홍차(인도산 89.35%, 제주산 10.65%), 천연향료(시트러스 베르가못향), 유기농 후발효차(제주산), 유자필(제주산) *유기농원료 총함량 : 95.1% •유기농인증번호 : 제 12800178호 [삼다연 제주영귤] 후발효차(제주산), 천연향료(영귤향), 제주영귤믹스(제주귤피(제주산), 제주영귤(제주산))",1.0,정,"[그린티딸기랑드샤] 총 내용량 90g(515kcal), 나트륨 170mg(9%), 탄수화물 48g(15%), 당류 24g(24%), 지방 33g(61%), 트랜스지방 0.5g 미만, 포화지방 17g(113%), 콜레스테롤 25mg(8%), 단백질 7g(13%) [세작] 해당사항없음 [피치 파파야 블랙티] 해당사항없음 [시그니처 얼그레이] 해당사항없음 [삼다연 제주영귤] 해당사항없음",오설록,"오설록_30,000원"
"9,500원",https://www.amoremall.com/kr/ko/product/detail?onlineProdSn=67357,5.0,"귀리(캐나다산), 프락토올리고당, 아몬드(미국산), 코코넛오일(외국산/말레이시아, 필리핀, 인도네시아 등), 유기농비정제사탕수수 5.7%, 메이플시럽, 해바라기씨앗, 건조크랜베리, 캐슈넛, 두류가공품, 건조코코넛, 호박씨앗, 유기농 말차가루 2.6%(녹차:국산), 치아씨드, 난소화성말토덱스트린, 식염 / 대두 함유",5.7,정,"총 내용량 120g(575kcal), 나트륨 110mg(6%), 탄수화물 75g(23%), 당류 17g(17%), 지방 22g(41%), 트랜스지방 0g,  포화지방 15g(100%), 콜레스테롤 0mg(0%), 단백질 19g(35%)",오설록,"오설록_9,500원"
"13,300원",https://www.amoremall.com/kr/ko/product/detail?onlineProdSn=67355,5.0,"준초콜릿[설탕, 코코아버터(싱가포르산), 가공유지(분별유/싱가포르산), 탈지분유, 유당, 말차가루(녹차:국산)], 딸기(중국산/딸기 100%), 말차가루(녹차:국산) / 우유, 대두 함유",100.0,포,"총 내용량 80g(420kcal), 나트륨 120mg(6%), 탄수화물 48g(15%), 당류 43g(43%), 지방 23g(43%), 트랜스지방 0g, 포화지방 17g(113%), 콜레스테롤 5mg 미만 (1%), 단백질 5g(9%)",오설록,"오설록_13,300원"
"11,700원",https://www.amoremall.com/kr/ko/product/detail?onlineProdSn=67354,11.0,"크림베이스[설탕, 가공유크림{유크림(이탈리아산)}, 식물성크림1{식물성경화유지(외국산:인도네시아, 필리핀, 말레이시아 등)}, 식물성크림2, 혼합분유, 식물성크림3], 호지차분말(제주산), 호지차추출분말{식물성추출액(호지차:국산)}, 천연향료(바닐라향분말),정제소금 [우유, 대두 함유]",1.0,정,"1개(20g)당 85kca 나트륨35mg 2%, 탄수화물 16g 5%, 당류 13g 13%, 지방 1,7g 3%, 트랜스지방 0g, 포화지방 1.5g 10%, 콜레스테롤 5mg 미만 1% 단백질 1g 2% *1일 영양성분 기준치에 대한 비율(%)은 2,000kcal 기준이므로 개인의 필요 열량에 따라 다를 수 있습니다.",오설록,"오설록_11,700원"
"11,700원",https://www.amoremall.com/kr/ko/product/detail?onlineProdSn=67353,10.0,"원재료명:설탕, 식물성크림[물엿, 야자경화유{외국산(인도 네시아, 필리핀, 말레이시아등)}, 제이인산칼륨, 스테아릴 젖산나트륨, 글리세린디아세틸주석산지방산에스테르], 기 타가공품[귀리(캐나다산), 대두(국산), 코코넛분말, 아몬드], 녹차(제주산), 이산화규소, 정제소금 [대두함유]",,정,"1개(20g)당 58kcal 나트륨 15mg 1%, 탄수화물 16g 5%, 당류 9g 9%, 지방 2g 4%, 트랜스지방 0g, 포화지방 1.8g 12%, 콜레스테롤 0mg 0%, 단백질 1g 2% *1일 영양성분 기준치에 대한 비율(%)은 2,000kcal 기준이므로 개인의 필요 열량에 따라 다를 수 있습니다.",오설록,"오설록_11,700원"
"11,000원",https://www.amoremall.com/kr/ko/product/detail?onlineProdSn=66983,,"유기농 페퍼민트(프랑스산), 유기농 펜넬(이집트산), 유기농 레몬밤(폴란드산), 유기농 캐모마일, 유기농 레몬그라스, 유기농 감초, 천연향료 2종, 유기농 매실액 *유기농원료 총 함량 : 97% 유기농인증번호 : 제 12800178 호",2.0,매,해당사항없음,오설록,"오설록_11,000원"
"15,200원",https://www.amoremall.com/kr/ko/product/detail?onlineProdSn=58150,21.0,"루이보스(남아프리카공화국산), 보리(국산), 루이보스추출물분말(독일산)",,,,오설록,"오설록_15,200원"
"19,800원",https://www.amoremall.com/kr/ko/product/detail?onlineProdSn=53400,11.0,"설탕,혼합식용유[채종유(호주산),가공유지(팜스테아린경화 에스테르화유/말레이시아산,팜핵경화에스테르화유/말레이시아산),팜유,글리 세린지방산에스테르],채종유(호주산),전지분유11%(외국산:벨기에,미국,호주 등),탈지분유10%,기타가공품6%(유청분말,유당),가루설녹차진4%(유기농녹차100%:제주산), 유화제(레시틴,글리세린제방산에스테르),바닐린",11.0,,"총 내용량 220g (1,110kcal) 1일 영양성분 기준치에 대한 비율 (100g당) 나트륨 : 100mg (5%), 지방: 33g (61%), 탄수화물 : 56g (17%), 트랜스지방 : 0g, 당류 : 51g (51%), 포화지방 : 8g (53%), 콜레스테롤 : 10mg (3%), 단백질 : 8g (15%), 1일 영양성분 기준치에 대한  (%)은 2,000kcal 기준이므로 개인의 필요 열량에 따라 다를 수 있습니다.",오설록,"오설록_19,800원"
"15,200원",https://www.amoremall.com/kr/ko/product/detail?onlineProdSn=53399,21.0,제주산 녹차 100%,100.0,,해당사항없음,오설록,"오설록_15,200원"
함빛/청아/흑운/민감 샴푸&컨디셔너 480ml,https://www.amoremall.com/kr/ko/product/detail?onlineProdSn=60188,13692.0,480ml,480.0,ml,"정제수, 소듐C14-16올레핀설포네이트, 코카미도프로필베타인, 소듐클로라이드, 다이소듐라우레스설포석시네이트, 다이메티콘, 라우릴글루코사이드, 향료, 시트릭애씨드, 솔비톨, 카페인, 구아하이드록시프로필트라이모늄클로라이드, 세틸알코올, 소듐코코암포아세테이트, 카프릴릭/카프릭트라이글리세라이드, 트라이하이드록시스테아린, 말티톨, 소듐벤조에이트, 다이프로필렌글라이콜, 소듐살리실레이트, 소듐시트레이트, 소듐메타포스페이트, 다이카프릴릴에터, 폴리쿼터늄-7, 벤질살리실레이트, 리날룰, 클림바졸, 에틸헥실글리세린, 벤질벤조에이트, 헥실신남알, 라우레스-23, 라우레스-3, 글리세릴스테아레이트, 시트로넬올, 리모넨, 글리세린, 카프릴릴글라이콜, 카보머, 부틸렌글라이콜, 데하이드로아세틱애씨드, 테트라소듐이디티에이, 에탄올, 하이드롤라이즈드익스텐신, 덱스트린, 알지닌, 포도씨오일, 인삼추출물, 1,2-헥산다이올, 생강추출물, 락틱애씨드, 다마스크장미꽃추출물, 프로판다이올, 석류추출물, 마카다미아씨오일, 토코페롤, 소듐하이알루로네이트, 하이드롤라이즈드하이알루로닉애씨드, 올레익애씨드, 소듐하이알루로네이트크로스폴리머, 하이알루로닉애씨드, 호호바씨오일, 하이드록시프로필비스팔미타마이드엠이에이, 콜레스테롤, 동백나무씨오일, 티트리잎오일, 녹차씨오일, 스테아릭애씨드, 리놀레익애씨드, 스페인감초뿌리추출물, 자일리틸글루코사이드, 석류나무꽃추출물, 안하이드로자일리톨, 소듐아세틸레이티드하이알루로네이트, 자일리톨",려,려_함빛/청아/흑운/민감 샴푸&컨디셔너 480ml
루트젠 탈모증상전문케어 두피 에센스 80ml,https://www.amoremall.com/kr/ko/product/detail?onlineProdSn=57538,19882.0,80ml,80.0,ml,"정제수, 변성알코올, 실리카, 녹차추출물, 마트리카리아꽃수, 카보머, 트로메타민, 글리세린, 향료, 멘톨, 다이소듐이디티에이, 리모넨, 부틸렌글라이콜, 피록톤올아민, 프로판다이올, 인삼뿌리세포추출물, 1,2-헥산다이올, 에탄올, 동백나무씨오일, 녹차씨오일, 콩폴리펩타이드, 라벤더오일, 로즈마리잎오일, 베르가모트오일, 생강추출물, 동백나무꽃추출물, 인삼전초추출물, 다마스크장미꽃추출물, 병풀꽃/잎/줄기추출물, 에틸헥실글리세린, 검정콩오일, 검정콩추출물, 세라마이드엔피, 피토스핑고신, 하이드로제네이티드레시틴, 카놀라오일, 로즈마리잎추출물",려,려_루트젠 탈모증상전문케어 두피 에센스 80ml
두피 편한 검은콩 염색 120g,https://www.amoremall.com/kr/ko/product/detail?onlineProdSn=62509,12857.0,1제60g+2제60g,1.0,g,"1제: 정제수, 카프릴릭/카프릭트라이글리세라이드, 글리세린, 스테아릴알코올, 에탄올아민, 세틸알코올, 황산톨루엔-2,5-디아민, 글리세릴스테아레이트, 폴리글리세릴-10스테아레이트, 베헨트라이모늄클로라이드, 레조시놀, 세틸에스터, 코코넛야자오일, 하이드록시프로필스타치포스페이트, 다이프로필렌글라이콜, 에리소빅애씨드, 폴리쿼터늄-6, 소듐설파이트, 프로판다이올, N,N-비스(2-히드록시에틸)-p-페닐렌디아민설페이트, 염산2,4-디아미노페녹시에탄올, M-아미노페놀, 트라이소듐에이치이디티에이, 검정콩추출물(100ppm), 호호바씨오일, 1,2-헥산다이올, 부틸렌글라이콜, 병풀꽃/잎/줄기추출물, 검정콩오일(0.948ppm), 에틸헥실글리세린, 페녹시에탄올, 다이소듐이디티에이, 세라마이드엔피, 알로에베라잎추출물, 피토스핑고신, 하이드로제네이티드레시틴, 카놀라오일, 로즈마리잎추출물 / 2제:정제수, 세테아릴알코올, 하이드로젠퍼옥사이드, 스테아레스-21, 글라이콜다이스테아레이트, 세테아레스-30, 소듐스타네이트, 포스포릭애씨드, 소듐포스페이트, 소듐라우릴설페이트, 에티드로닉애씨드",려,려_두피 편한 검은콩 염색 120g
자양윤모 9ex 탈모증상전문케어 샴푸 400ml,https://www.amoremall.com/kr/ko/product/detail?onlineProdSn=46403,16780.0,400ml,400.0,ml,"정제수, 소듐라우레스설페이트, 암모늄라우릴설페이트, 글리세린, 코카마이드메틸엠이에이, 향료, 다이소듐라우레스설포석시네이트, 라우릴하이드록시설테인, 카페인, 피피지-3카프릴릴에터, 변성알코올, 페녹시에탄올, 소듐벤조에이트, 세틸알코올, 멘톨, 구아하이드록시프로필트라이모늄클로라이드, 시트릭애씨드, 소듐살리실레이트, 카프릴릭/카프릭트라이글리세라이드, 트라이하이드록시스테아린, 소듐시트레이트, 다이카프릴릴에터, 테트라소듐이디티에이, 부틸렌글라이콜, 맥아추출물, 다이소듐이디티에이, 리날룰, 피이지-45M, 글리세릴스테아레이트, 콘민트잎추출물, 벤질살리실레이트, 헥실신남알, 벤질벤조에이트, 제라니올, 알파-아이소메틸아이오논, 하이드롤라이즈드옥수수전분, 카프릴릴글라이콜, 소나무잎추출물, 에탄올, 1,2-헥산다이올, 데하이드로아세틱애씨드, 인삼전초추출물, 인삼추출물, 실리카, 생강추출물, 에틸헥실글리세린, 토코페롤, 쌀추출물, 띠뿌리추출물, 황금추출물, 참깨추출물, 인동덩굴꽃추출물, 포트마리골드꽃추출물, 남가새열매추출물, 동백나무씨오일, 녹차씨오일, 피이지-150펜타에리스리틸테트라스테아레이트, 피피지-2하이드록시에틸코카마이드, 하수오뿌리추출물",려,려_자양윤모 9ex 탈모증상전문케어 샴푸 400ml
루트젠 여성 맞춤 탈모증상전문케어 샴푸 515ml,https://www.amoremall.com/kr/ko/product/detail?onlineProdSn=57269,22874.0,515 ml,515.0,ml,"정제수, 다이소듐라우레스설포석시네이트, 포타슘코코일글리시네이트, 소듐C14-16올레핀설포네이트, 코카미도프로필베타인, 솔비톨, 코카마이드메틸엠이에이, 향료, 소듐클로라이드, 말티톨, 코코-글루코사이드, 카페인, 피피지-3카프릴릴에터, 리모넨, 데실글루코사이드, 소듐살리실레이트, 시트릭애씨드, 세틸알코올, 멘톨, 소이아미도프로필아민옥사이드, 구아하이드록시프로필트라이모늄클로라이드, 글리세린, 마트리카리아꽃수, 카프릴릴글라이콜, 폴리쿼터늄-10, 소듐시트레이트, 카프릴릭/카프릭트라이글리세라이드, 트라이하이드록시스테아린, 다이카프릴릴에터, 폴리쿼터늄-22, 소듐메타포스페이트, 프로판다이올, 변성알코올, 소듐벤조에이트, 에틸헥실글리세린, 글리세릴스테아레이트, 부틸렌글라이콜, 테트라소듐이디티에이, 측백나무씨추출물, 1,2-헥산다이올, 인삼뿌리세포추출물, 데하이드로아세틱애씨드, 에탄올, 검정콩추출물, 석류추출물, 라벤더오일, 동백나무씨오일, 녹차씨오일, 콩폴리펩타이드, 인삼전초추출물, 로즈마리잎오일, 베르가모트오일, 국화추출물, 생강추출물, 덱스트린, 사이클로덱스트린, 다마스크장미꽃추출물, 병풀꽃/잎/줄기추출물, 하이드록시프로필사이클로덱스트린, 검정콩오일, 다이소듐이디티에이, 바위손추출물, 토코페롤, 알지닌, 세라마이드엔피, 로즈힙꽃오일, 라임전초오일, 라즈베리씨오일, 크랜베리씨오일, 피토스핑고신, 하이드로제네이티드레시틴, 카놀라오일, 로즈마리잎추출물",려,려_루트젠 여성 맞춤 탈모증상전문케어 샴푸 515ml
헤어쿠션  7g,https://www.amoremall.com/kr/ko/product/detail?onlineProdSn=60173,29701.0,7g,7.0,g,"흑색산화철, 마이카, 폴리메틸실세스퀴옥세인, 황색산화철, 적색산화철, 메티콘, 다이메티콘, 정제수, 측백나무씨추출물, 동백나무씨오일, 에탄올, 부틸렌글라이콜, 녹차추출물, 천궁뿌리추출물, 페녹시에탄올, 에틸헥실글리세린",려,려_헤어쿠션  7g
루트젠 여성 맞춤 탈모증상전문케어 샴푸 리필팩 400ml,https://www.amoremall.com/kr/ko/product/detail?onlineProdSn=62979,17671.0,400ml,400.0,ml,"정제수, 다이소듐라우레스설포석시네이트, 포타슘코코일글리시네이트, 소듐C14-16올레핀설포네이트, 코카미도프로필베타인, 솔비톨, 코카마이드메틸엠이에이, 향료, 소듐클로라이드, 말티톨, 코코-글루코사이드, 카페인, 피피지-3카프릴릴에터, 리모넨, 데실글루코사이드, 소듐살리실레이트, 시트릭애씨드, 세틸알코올, 멘톨, 소이아미도프로필아민옥사이드, 구아하이드록시프로필트라이모늄클로라이드, 글리세린, 마트리카리아꽃수, 카프릴릴글라이콜, 폴리쿼터늄-10, 소듐시트레이트, 카프릴릭/카프릭트라이글리세라이드, 트라이하이드록시스테아린, 다이카프릴릴에터, 폴리쿼터늄-22, 소듐메타포스페이트, 프로판다이올, 변성알코올, 소듐벤조에이트, 에틸헥실글리세린, 글리세릴스테아레이트, 부틸렌글라이콜, 테트라소듐이디티에이, 측백나무씨추출물, 1,2-헥산다이올, 인삼뿌리세포추출물, 데하이드로아세틱애씨드, 에탄올, 검정콩추출물, 석류추출물, 라벤더오일, 동백나무씨오일, 녹차씨오일, 콩폴리펩타이드, 인삼전초추출물, 로즈마리잎오일, 베르가모트오일, 국화추출물, 생강추출물, 덱스트린, 사이클로덱스트린, 다마스크장미꽃추출물, 병풀꽃/잎/줄기추출물, 하이드록시프로필사이클로덱스트린, 검정콩오일, 다이소듐이디티에이, 바위손추출물, 토코페롤, 알지닌, 세라마이드엔피, 로즈힙꽃오일, 라임전초오일, 라즈베리씨오일, 크랜베리씨오일, 피토스핑고신, 하이드로제네이티드레시틴, 카놀라오일, 로즈마리잎추출물",려,려_루트젠 여성 맞춤 탈모증상전문케어 샴푸 리필팩 400ml
댄트롤 비듬샴푸 박하/멘톨/애플 820ml,https://www.amoremall.com/kr/ko/product/detail?onlineProdSn=56099,12417.0,820 ml,820.0,ml,"정제수, 소듐라우레스설페이트, 암모늄라우릴설페이트, 향료, 다이메티콘, 소듐클로라이드, 소듐벤조에이트, 페녹시에탄올, 멘톨, 클림바졸, 라우릭애씨드, 세틸알코올, 구아하이드록시프로필트라이모늄클로라이드, 코카마이드엠이에이, 소듐살리실레이트, 시트릭애씨드, 트라이하이드록시스테아린, 해수, 다이프로필렌글라이콜, 소듐시트레이트, 테트라소듐이디티에이, 다이소듐이디티에이, 맥아추출물, 라우레스-23, 라우레스-3, 리모넨, 판테놀, 씨솔트(100 ppm), 프로판다이올, 카보머, 1,2-헥산다이올, 부틸렌글라이콜, 락틱애씨드, 에틸헥실글리세린, 콘민트추출물(0.2 ppm)*, 에탄올*박하추출물",려,려_댄트롤 비듬샴푸 박하/멘톨/애플 820ml
루트젠 남성 맞춤 탈모증상전문케어 샴푸 515ml,https://www.amoremall.com/kr/ko/product/detail?onlineProdSn=57537,22874.0,515ml,515.0,ml,"정제수, 코카미도프로필베타인, 포타슘코코일글리시네이트, 라우릴하이드록시설테인, 카프릴릴/카프릴글루코사이드, 소듐C14-16올레핀설포네이트, 소듐클로라이드, 향료, 다이소듐라우레스설포석시네이트, 멘톨, 카페인, 소듐살리실레이트, 폴리쿼터늄-22, 시트릭애씨드, 세틸알코올, 카프릴릴글라이콜, 카프릴릭/카프릭트라이글리세라이드, 트라이하이드록시스테아린, 클림바졸, 소듐벤조에이트, 해수, 다이프로필렌글라이콜, 소듐시트레이트, 소듐메타포스페이트, 다이카프릴릴에터, 부틸렌글라이콜, 에틸헥실글리세린, 글리세릴스테아레이트, 구아하이드록시프로필트라이모늄클로라이드, 콘민트잎추출물, 테트라소듐이디티에이, 글리세린, 측백나무씨추출물, 프로판다이올, 에탄올, 인삼뿌리세포추출물, 1,2-헥산다이올, 황금추출물, 데하이드로아세틱애씨드, 효모/보리씨발효여과물, 씨솔트, 동백나무씨오일, 페퍼민트오일, 티트리잎오일, 살리실릭애씨드, 녹차씨오일, 유칼립투스잎오일, 인삼전초추출물, 산수유열매추출물, 생강추출물, 하벌레아 로도펜시스잎추출물, 검정콩오일, 토코페롤, 세라마이드엔피, 다이소듐이디티에이, 피토스핑고신, 하이드로제네이티드레시틴, 호프추출물, 카놀라오일, 로즈마리잎추출물",려,려_루트젠 남성 맞춤 탈모증상전문케어 샴푸 515ml
진생보 두피모발영양 샴푸/컨디셔너 400ml,https://www.amoremall.com/kr/ko/product/detail?onlineProdSn=19678,16780.0,400ml,400.0,ml,"정제수, 소듐라우레스설페이트, 암모늄라우릴설페이트, 다이메티콘, 향료, 소듐벤조에이트, 라우릭애씨드, 세틸알코올, 코카마이드엠이에이, 구아하이드록시프로필트라이모늄클로라이드, 페녹시에탄올, 소듐살리실레이트, 소듐클로라이드, 트라이하이드록시스테아린, 아모다이메티콘, 멘톨, 맥아추출물, 마이크로크리스탈린셀룰로오스, 옥수수전분, 리날룰, 인삼추출물, 다이-C12-13알킬말레이트, 소듐시트레이트, 만니톨, 시트릭애씨드, 다이소듐이디티에이, 헥실신남알, 시트로넬올, 유제놀, 폴리쿼터늄-11, 코카미도프로필베타인, C12-15파레스-3, 하이드로제네이티드레시틴, 스테아트라이모늄클로라이드, 부틸렌글라이콜, 에탄올, 살리실릭애씨드, 소듐하이드록사이드, 락틱애씨드, 생강추출물, 카프릴릴글라이콜, 영지버섯추출물, 에틸헥실글리세린, 동백나무씨오일, 사이클로덱스트린, 황금추출물, 아스퍼질러스발효물, 칡뿌리추출물, 천당삼추출물, 도둑놈의지팡이뿌리추출물, 당잔대뿌리추출물, 스크로폴라리아 노도사추출물, 변성알코올",려,려_진생보 두피모발영양 샴푸/컨디셔너 400ml
자양윤모 9이엑스 탈모증상전문케어 모근강화 트리트먼트 330ml,https://www.amoremall.com/kr/ko/product/detail?onlineProdSn=46409,16780.0,330ml,330.0,ml,"정제수, 글리세린, 다이프로필렌글라이콜, 세틸알코올, 스테아릴알코올, 카프릴릭/카프릭트라이글리세라이드, 스테아라미도프로필다이메틸아민, 향료, 글루타믹애씨드, 카페인, 피피지-3카프릴릴에터, 다이팔미토일에틸하이드록시에틸모늄메토설페이트, 멘톨, 포도씨오일, 하이드록시에틸셀룰로오스, 덱스트린, 카카오추출물, 에탄올, 다이소듐이디티에이, 에틸헥실글리세린, 마카다미아씨오일, 리날룰, 벤질살리실레이트, 헥실신남알, 벤질벤조에이트, 제라니올, 알파-아이소메틸아이오논, 폴리쿼터늄-55, 인삼전초추출물, 부틸렌글라이콜, 폴리쿼터늄-11, 인삼추출물, 1,2-헥산다이올, 스페인감초뿌리추출물, 생강추출물, 페녹시에탄올, 카프릴릴글라이콜, 토코페롤, 하수오뿌리추출물, 쌀추출물, 띠뿌리추출물, 황금추출물, 참깨추출물, 인동덩굴꽃추출물, 포트마리골드꽃추출물, 남가새열매추출물, 동백나무씨오일, 녹차씨오일",려,려_자양윤모 9이엑스 탈모증상전문케어 모근강화 트리트먼트 330ml
루트젠 여성 맞춤 탈모증상전문케어 트리트먼트 515ml,https://www.amoremall.com/kr/ko/product/detail?onlineProdSn=57271,22874.0,515 ml,515.0,ml,"정제수, 솔비톨, 베헨트라이모늄메토설페이트, 아이소펜틸다이올, 세틸알코올, 스테아릴알코올, 세틸에틸헥사노에이트, 말티톨, 잇꽃씨오일, 코코-카프릴레이트/카프레이트, 폴리글리세릴-4다이아이소스테아레이트/폴리하이드록시스테아레이트/세바케이트, 향료, 부틸렌글라이콜, 카페인, 하이드록시프로필스타치포스페이트, 호호바에스터, 리모넨, 소이아미도프로필아민옥사이드, 멘톨, 마트리카리아꽃수, 카프릴릴글라이콜, 소듐메타포스페이트, 프로판다이올, 변성알코올, 올레익애씨드, 에틸헥실글리세린, 호호바씨오일, 하이드록시프로필비스팔미타마이드엠이에이, 측백나무씨추출물, 콜레스테롤, 카프릴릭/카프릭트라이글리세라이드, 인삼뿌리세포추출물, 1,2-헥산다이올, 검정콩추출물, 에탄올, 석류추출물, 라벤더오일, 동백나무씨오일, 녹차씨오일, 콩폴리펩타이드, 로즈마리잎오일, 글리세린, 베르가모트오일, 생강추출물, 인삼전초추출물, 덱스트린, 사이클로덱스트린, 다마스크장미꽃추출물, 병풀꽃/잎/줄기추출물, 토코페롤, 하이드록시프로필사이클로덱스트린, 검정콩오일, 다이소듐이디티에이, 바위손추출물, 알지닌, 세라마이드엔피, 로즈힙꽃오일, 라임전초오일, 라즈베리씨오일, 크랜베리씨오일, 피토스핑고신, 하이드로제네이티드레시틴, 카놀라오일, 로즈마리잎추출물",려,려_루트젠 여성 맞춤 탈모증상전문케어 트리트먼트 515ml
명품 에이치비엑스 탈모증상완화 앰플 샴푸 500ml,https://www.amoremall.com/kr/ko/product/detail?onlineProdSn=55383,33000.0,500ml,500.0,ml,"정제수, 소듐라우레스설페이트, 솔비톨, 코코-글루코사이드, 암모늄라우릴설페이트, 코카마이드메틸엠이에이, 라우릴하이드록시설테인, 피피지-3카프릴릴에터, 시트릭애씨드, 라우릭애씨드, 세틸알코올, 코카마이드엠이에이, 변성알코올, 소이아미도프로필아민옥사이드, 소듐벤조에이트, 카프릴릴글라이콜, 다이프로필렌글라이콜, 트라이하이드록시스테아린, 페녹시에탄올, 폴리쿼터늄-10, 클림바졸, 에탄올, 폴리쿼터늄-53, 에틸헥실글리세린, 녹차추출물, 멘톨, 테트라소듐이디티에이, 리날룰, 벤질벤조에이트, 리모넨, 벤질살리실레이트, 헥실신남알, 다이소듐이디티에이, 시트로넬올, 제라니올, 맥아추출물, 하이드록시시트로넬알, 프로판다이올, 폴리쿼터늄-55, 홍삼추출물, 효모/보리씨발효여과물, 1,2-헥산다이올, 자일리톨, 부틸렌글라이콜, 바이오틴, 병풀꽃/잎/줄기추출물, 콩폴리펩타이드, 아스퍼질러스발효물, 토코페롤, 호프추출물, 인삼추출물, 천당삼추출물, 도둑놈의지팡이뿌리추출물, 당잔대뿌리추출물, 스크로폴라리아 노도사추출물, 피이지-150펜타에리스리틸테트라스테아레이트, 피피지-2하이드록시에틸코카마이드, 락토바실러스발효물, 락토코쿠스발효물, 효모발효물, 향료",려,려_명품 에이치비엑스 탈모증상완화 앰플 샴푸 500ml
루트젠 두피코어강화 아쿠아필 두피토닉 100ml,https://www.amoremall.com/kr/ko/product/detail?onlineProdSn=65841,16747.0,100ml,100.0,ml,"정제수, 변성알코올, 2,3-부탄다이올, 에탄올, 다이프로필렌글라이콜, 피이지-60하이드로제네이티드캐스터오일, 멘톨, 동백나무씨추출물, 향료, 소듐시트레이트, 사카라이드아이소머레이트, 시트릭애씨드, 소듐글루코네이트, 글리세린, 리모넨, 살리실릭애씨드, 글루코노락톤, 리날룰, 벤질살리실레이트, 부틸렌글라이콜, 프로판다이올, 약모밀추출물, 1,2-헥산다이올, 돌콩오일, 덱스트린, 나이아신아마이드, 인삼추출물, 레티놀, 글리세릴올리에이트, 하이드로제네이티드레시틴, 라우릴글루코사이드, 폴리글리세릴-10다이올리에이트, 폴리글리세릴-10다이아이소스테아레이트, 이노시톨, 잔탄검, 에틸헥실글리세린, 하이드롤라이즈드식물성단백질, 소듐클로라이드, 토코페롤, 쌀겨오일",려,려_루트젠 두피코어강화 아쿠아필 두피토닉 100ml
루트젠 두피코어강화 두피청정샴푸 515ml,https://www.amoremall.com/kr/ko/product/detail?onlineProdSn=65840,18778.0,515ml,515.0,ml,"정제수, 소듐라우레스설페이트, 솔비톨, 소듐코코일알라니네이트, 코카미도프로필베타인, 코카마이드메틸엠이에이, 향료, 다이소듐라우레스설포석시네이트, 말티톨, 코코-글루코사이드, 멘톨, 카페인, 소듐벤조에이트, 데실글루코사이드, 시트릭애씨드, 소듐클로라이드, 피피지-3카프릴릴에터, 구아하이드록시프로필트라이모늄클로라이드, 세틸알코올, 글리세린, 카프릴릴글라이콜, 리모넨, 트라이하이드록시스테아린, 카프릴릭/카프릭트라이글리세라이드, 소듐시트레이트, 사카라이드아이소머레이트, 폴리쿼터늄-7, 다이카프릴릴에터, 리날룰, 에탄올, 벤질살리실레이트, 글리세릴스테아레이트, 폴리쿼터늄-11, 데하이드로아세틱애씨드, 맥아추출물, 부틸렌글라이콜, 에틸헥실글리세린, 1,2-헥산다이올, 프로판다이올, 약모밀추출물, 돌콩오일, 덱스트린, 나이아신아마이드, 인삼추출물, 레티놀, 글리세릴올리에이트, 하이드로제네이티드레시틴, 라우릴글루코사이드, 폴리글리세릴-10다이올리에이트, 폴리글리세릴-10다이아이소스테아레이트, 동백나무씨추출물, 이노시톨, 잔탄검, 토코페롤, 하이드롤라이즈드식물성단백질, 쌀겨오일",려,려_루트젠 두피코어강화 두피청정샴푸 515ml
함빛 극손상 앤 영양 트리트먼트 300ml,https://www.amoremall.com/kr/ko/product/detail?onlineProdSn=60189,13692.0,300 ml,300.0,ml,"정제수, 글리세린, 다이메티콘, 세틸알코올, 스테아릴알코올, 베헨트라이모늄클로라이드, 다이프로필렌글라이콜, 하이드로제네이티드폴리아이소부텐, 카페인, 하이드록시에틸셀룰로오스, 향료, 아모다이메티콘, 카프릴릴글라이콜, 클림바졸, 다이소듐이디티에이, 에틸헥실글리세린, 트라이데세스-10, 벤질살리실레이트, 리날룰, 벤질벤조에이트, 1,2-헥산다이올, 헥실신남알, 부틸렌글라이콜, 폴리솔베이트60, 다이소듐포스페이트, 하이드롤라이즈드익스텐신, 덱스트린, 알지닌, 포도씨오일, 인삼추출물, 소듐포스페이트, 다마스크장미꽃추출물, 프로판다이올, 석류추출물, 마카다미아씨오일, 소듐하이알루로네이트, 토코페롤, 하이드롤라이즈드하이알루로닉애씨드, 올레익애씨드, 소듐하이알루로네이트크로스폴리머, 하이알루로닉애씨드, 호호바씨오일, 하이드록시프로필비스팔미타마이드엠이에이, 콜레스테롤, 동백나무씨오일, 티트리잎오일, 녹차씨오일, 스테아릭애씨드, 리놀레익애씨드, 스페인감초뿌리추출물, 자일리틸글루코사이드, 석류나무꽃추출물, 안하이드로자일리톨, 소듐아세틸레이티드하이알루로네이트, 자일리톨",려,려_함빛 극손상 앤 영양 트리트먼트 300ml
자양윤모 탈모전문케어 경주달밤/여수하늘 트리트먼트 200ml,https://www.amoremall.com/kr/ko/product/detail?onlineProdSn=54584,14623.0,200 ml,200.0,ml,"정제수, 글리세린, 다이프로필렌글라이콜, 세틸알코올, 스테아릴알코올, 코코넛야자오일, 코코-카프릴레이트/카프레이트, 스테아라미도프로필다이메틸아민, 향료, 카프릴릭/카프릭트라이글리세라이드, 글루타믹애씨드, 카페인, 베헨트라이모늄메토설페이트, 멘톨, 부틸렌글라이콜, 다이소듐이디티에이, 에틸헥실글리세린, 리모넨, 리날룰, 에탄올, 폴리쿼터늄-55, 인삼전초추출물, 폴리쿼터늄-11, 인삼추출물, 잇꽃씨오일, 스쿠알란, 1,2-헥산다이올, 생강추출물, 페녹시에탄올, 카프릴릴글라이콜, 석류추출물, 잣나무씨오일, 동백나무씨오일, 토코페롤, 참깨오일, 쌀추출물, 살구씨오일, 띠뿌리추출물, 황금추출물, 참깨추출물, 인동덩굴꽃추출물, 포트마리골드꽃추출물, 남가새열매추출물, 매실나무씨추출물, 녹차씨오일, 연꽃씨추출물, 석류나무꽃추출물, 하수오뿌리추출물",려,려_자양윤모 탈모전문케어 경주달밤/여수하늘 트리트먼트 200ml
루트젠 탈모증상전문케어 헤어볼륨필러 150ml,https://www.amoremall.com/kr/ko/product/detail?onlineProdSn=62675,19900.0,150ml,150.0,ml,"정제수, 변성알코올, 알지닌, 피이지-60하이드로제네이티드캐스터오일, 에탄올, 시트릭애씨드, 코카미도프로필하이드록시설테인, 브이피/메타크릴아마이드/비닐이미다졸코폴리머, 마트리카리아꽃수, 카프릴릴글라이콜, 동백나무씨추출물, 글리세린, 소듐클로라이드, 향료, 다이소듐이디티에이, 에틸헥실글리세린, 리모넨, 부틸렌글라이콜, 프로판다이올, 인삼뿌리세포추출물, 1,2-헥산다이올, 동백나무씨오일, 녹차씨오일, 인삼전초추출물, 라벤더오일, 로즈마리잎오일, 베르가모트오일, 생강추출물, 동백나무꽃추출물, 다마스크장미꽃추출물, 병풀꽃/잎/줄기추출물, 검정콩오일, 검정콩추출물, 토코페롤, 세라마이드엔피, 피토스핑고신, 하이드로제네이티드레시틴, 카놀라오일, 로즈마리잎추출물 2제(산화제): 정제수, 세테아릴알코올, 하이드로젠퍼옥사이드, 올레스-2, 폴리쿼터늄-6, 스테아트라이모늄클로라이드, 스테아레스-21, 다이소듐포스페이트, 아이소프로필알코올, 에티드로닉애씨드, 포스포릭애씨드, 아세틱애씨드, 포타슘하이드록사이드",려,려_루트젠 탈모증상전문케어 헤어볼륨필러 150ml
루트젠 두피코어강화 두피 청정샴푸,https://www.amoremall.com/kr/ko/product/detail?onlineProdSn=67131,37667.0,515ml *2입,515.0,ml,"정제수, 소듐라우레스설페이트, 솔비톨, 소듐코코일알라니네이트, 코카미도프로필베타인, 코카마이드메틸엠이에이, 향료, 다이소듐라우레스설포석시네이트, 말티톨, 코코-글루코사이드, 멘톨, 카페인, 소듐벤조에이트, 데실글루코사이드, 시트릭애씨드, 소듐클로라이드, 피피지-3카프릴릴에터, 구아하이드록시프로필트라이모늄클로라이드, 세틸알코올, 글리세린, 카프릴릴글라이콜, 리모넨, 트라이하이드록시스테아린, 카프릴릭/카프릭트라이글리세라이드, 소듐시트레이트, 사카라이드아이소머레이트, 폴리쿼터늄-7, 다이카프릴릴에터, 리날룰, 에탄올, 벤질살리실레이트, 글리세릴스테아레이트, 폴리쿼터늄-11, 데하이드로아세틱애씨드, 맥아추출물, 부틸렌글라이콜, 에틸헥실글리세린, 1,2-헥산다이올, 프로판다이올, 약모밀추출물, 돌콩오일, 덱스트린, 나이아신아마이드, 인삼추출물, 레티놀, 글리세릴올리에이트, 하이드로제네이티드레시틴, 라우릴글루코사이드, 폴리글리세릴-10다이올리에이트, 폴리글리세릴-10다이아이소스테아레이트, 동백나무씨추출물, 이노시톨, 잔탄검, 토코페롤, 하이드롤라이즈드식물성단백질, 쌀겨오일",려,려_루트젠 두피코어강화 두피 청정샴푸
자양윤모 9이엑스 탈모증상전문케어 모근강화 트리트먼트,https://www.amoremall.com/kr/ko/product/detail?onlineProdSn=67130,33774.0,330ml *2입,330.0,ml,"정제수, 글리세린, 다이프로필렌글라이콜, 세틸알코올, 스테아릴알코올, 카프릴릭/카프릭트라이글리세라이드, 스테아라미도프로필다이메틸아민, 향료, 글루타믹애씨드, 카페인, 피피지-3카프릴릴에터, 다이팔미토일에틸하이드록시에틸모늄메토설페이트, 멘톨, 포도씨오일, 하이드록시에틸셀룰로오스, 덱스트린, 카카오추출물, 에탄올, 다이소듐이디티에이, 에틸헥실글리세린, 마카다미아씨오일, 리날룰, 벤질살리실레이트, 헥실신남알, 벤질벤조에이트, 제라니올, 알파-아이소메틸아이오논, 폴리쿼터늄-55, 인삼전초추출물, 부틸렌글라이콜, 폴리쿼터늄-11, 인삼추출물, 1,2-헥산다이올, 스페인감초뿌리추출물, 생강추출물, 페녹시에탄올, 카프릴릴글라이콜, 토코페롤, 하수오뿌리추출물, 쌀추출물, 띠뿌리추출물, 황금추출물, 참깨추출물, 인동덩굴꽃추출물, 포트마리골드꽃추출물, 남가새열매추출물, 동백나무씨오일, 녹차씨오일",려,려_자양윤모 9이엑스 탈모증상전문케어 모근강화 트리트먼트
자양윤모 탈모증상전문케어 샴푸 지성두피용,https://www.amoremall.com/kr/ko/product/detail?onlineProdSn=67129,33725.0,400ml*2입,400.0,ml,"정제수, 소듐라우레스설페이트, 암모늄라우릴설페이트, 글리세린, 코카마이드메틸엠이에이, 향료, 다이소듐라우레스설포석시네이트, 라우릴하이드록시설테인, 카페인, 피피지-3카프릴릴에터, 변성알코올, 페녹시에탄올, 소듐벤조에이트, 세틸알코올, 멘톨, 구아하이드록시프로필트라이모늄클로라이드, 시트릭애씨드, 소듐살리실레이트, 카프릴릭/카프릭트라이글리세라이드, 트라이하이드록시스테아린, 소듐시트레이트, 다이카프릴릴에터, 테트라소듐이디티에이, 부틸렌글라이콜, 맥아추출물, 다이소듐이디티에이, 리날룰, 피이지-45M, 글리세릴스테아레이트, 콘민트잎추출물, 벤질살리실레이트, 헥실신남알, 벤질벤조에이트, 제라니올, 알파-아이소메틸아이오논, 하이드롤라이즈드옥수수전분, 카프릴릴글라이콜, 소나무잎추출물, 에탄올, 1,2-헥산다이올, 데하이드로아세틱애씨드, 인삼전초추출물, 인삼추출물, 실리카, 생강추출물, 에틸헥실글리세린, 토코페롤, 쌀추출물, 띠뿌리추출물, 황금추출물, 참깨추출물, 인동덩굴꽃추출물, 포트마리골드꽃추출물, 남가새열매추출물, 동백나무씨오일, 녹차씨오일, 피이지-150펜타에리스리틸테트라스테아레이트, 피피지-2하이드록시에틸코카마이드, 하수오뿌리추출물",려,려_자양윤모 탈모증상전문케어 샴푸 지성두피용
루트젠 남성 맞춤 탈모증상전문케어 샴푸,https://www.amoremall.com/kr/ko/product/detail?onlineProdSn=66993,67952.0,515ml*3,515.0,ml,"정제수, 코카미도프로필베타인, 포타슘코코일글리시네이트, 라우릴하이드록시설테인, 카프릴릴/카프릴글루코사이드, 소듐C14-16올레핀설포네이트, 소듐클로라이드, 향료, 다이소듐라우레스설포석시네이트, 멘톨, 카페인, 소듐살리실레이트, 폴리쿼터늄-22, 시트릭애씨드, 세틸알코올, 카프릴릴글라이콜, 카프릴릭/카프릭트라이글리세라이드, 트라이하이드록시스테아린, 클림바졸, 소듐벤조에이트, 해수, 다이프로필렌글라이콜, 소듐시트레이트, 소듐메타포스페이트, 다이카프릴릴에터, 부틸렌글라이콜, 에틸헥실글리세린, 글리세릴스테아레이트, 구아하이드록시프로필트라이모늄클로라이드, 콘민트잎추출물, 테트라소듐이디티에이, 글리세린, 측백나무씨추출물, 프로판다이올, 에탄올, 인삼뿌리세포추출물, 1,2-헥산다이올, 황금추출물, 데하이드로아세틱애씨드, 효모/보리씨발효여과물, 씨솔트, 동백나무씨오일, 페퍼민트오일, 티트리잎오일, 살리실릭애씨드, 녹차씨오일, 유칼립투스잎오일, 인삼전초추출물, 산수유열매추출물, 생강추출물, 하벌레아 로도펜시스잎추출물, 검정콩오일, 토코페롤, 세라마이드엔피, 다이소듐이디티에이, 피토스핑고신, 하이드로제네이티드레시틴, 호프추출물, 카놀라오일, 로즈마리잎추출물",려,려_루트젠 남성 맞춤 탈모증상전문케어 샴푸
루트젠 탈모케어 트리플샷 두피리페어 세럼 60ml,https://www.amoremall.com/kr/ko/product/detail?onlineProdSn=66973,19882.0,60ml,60.0,ml,"정제수, 소듐C14-16올레핀설포네이트, 포타슘코코일글리시네이트, 다이소듐라우레스설포석시네이트, 코카미도프로필베타인, 향료, 변성알코올, 소듐클로라이드, 코코-글루코사이드, 카페인, 피피지-3카프릴릴에터, 구아하이드록시프로필트라이모늄클로라이드, 데실글루코사이드, 소듐살리실레이트, 시트릭애씨드, 멘톨, 소이아미도프로필아민옥사이드, 세틸알코올, 카프릴릴글라이콜, 소듐시트레이트, 리모넨, 폴리쿼터늄-47, 트라이하이드록시스테아린, 카프릴릭/카프릭트라이글리세라이드, 소듐메타포스페이트, 다이카프릴릴에터, 소듐벤조에이트, 리날룰, 피록톤올아민, 에틸헥실글리세린, 올레익애씨드, 글리세린, 폴리쿼터늄-22, 벤질살리실레이트, 알란토인, 글리세릴스테아레이트, 콜레스테롤, 살리실릭애씨드, 글루코노락톤, 스테아릭애씨드, 리놀레익애씨드, 데하이드로아세틱애씨드, 맥아추출물, 부틸렌글라이콜, 프로판다이올, 마데카소사이드, 1,2-헥산다이올, 덱스트린, 인삼추출물, 에탄올, 하이드로제네이티드레시틴, 글리세릴올리에이트, 토코페롤, 라우릴글루코사이드, 폴리글리세릴-10다이올리에이트, 폴리글리세릴-10다이아이소스테아레이트, 동백나무씨추출물, 스쿠알란, 폴리글리세릴-10펜타스테아레이트, 잔탄검, 펜틸렌글라이콜, 다이포타슘글리시리제이트, 검정콩오일, 하이드롤라이즈드식물성단백질, 세라마이드엔피, 피토스핑고신, 로즈마리잎추출물, 쌀겨오일, 카놀라오일",려,려_루트젠 탈모케어 트리플샷 두피리페어 세럼 60ml
루트젠 두피코어강화 아쿠아필 두피토닉,https://www.amoremall.com/kr/ko/product/detail?onlineProdSn=66965,33605.0,100ml*2,100.0,ml,"정제수, 변성알코올, 2,3-부탄다이올, 에탄올, 다이프로필렌글라이콜, 피이지-60하이드로제네이티드캐스터오일, 멘톨, 동백나무씨추출물, 향료, 소듐시트레이트, 사카라이드아이소머레이트, 시트릭애씨드, 소듐글루코네이트, 글리세린, 리모넨, 살리실릭애씨드, 글루코노락톤, 리날룰, 벤질살리실레이트, 부틸렌글라이콜, 프로판다이올, 약모밀추출물, 1,2-헥산다이올, 돌콩오일, 덱스트린, 나이아신아마이드, 인삼추출물, 레티놀, 글리세릴올리에이트, 하이드로제네이티드레시틴, 라우릴글루코사이드, 폴리글리세릴-10다이올리에이트, 폴리글리세릴-10다이아이소스테아레이트, 이노시톨, 잔탄검, 에틸헥실글리세린, 하이드롤라이즈드식물성단백질, 소듐클로라이드, 토코페롤, 쌀겨오일",려,려_루트젠 두피코어강화 아쿠아필 두피토닉
루트젠 탈모증상전문케어 두피 에센스,https://www.amoremall.com/kr/ko/product/detail?onlineProdSn=66964,39667.0,80ml*2,80.0,ml,"정제수, 변성알코올, 실리카, 녹차추출물, 마트리카리아꽃수, 카보머, 트로메타민, 글리세린, 향료, 멘톨, 다이소듐이디티에이, 리모넨, 부틸렌글라이콜, 피록톤올아민, 프로판다이올, 인삼뿌리세포추출물, 1,2-헥산다이올, 에탄올, 동백나무씨오일, 녹차씨오일, 콩폴리펩타이드, 라벤더오일, 로즈마리잎오일, 베르가모트오일, 생강추출물, 동백나무꽃추출물, 인삼전초추출물, 다마스크장미꽃추출물, 병풀꽃/잎/줄기추출물, 에틸헥실글리세린, 검정콩오일, 검정콩추출물, 세라마이드엔피, 피토스핑고신, 하이드로제네이티드레시틴, 카놀라오일, 로즈마리잎추출물",려,려_루트젠 탈모증상전문케어 두피 에센스
진생보 두피모발영양 샴푸 400ml,https://www.amoremall.com/kr/ko/product/detail?onlineProdSn=64438,33774.0,400ml*2,400.0,ml,"정제수, 소듐라우레스설페이트, 암모늄라우릴설페이트, 다이메티콘, 향료, 소듐벤조에이트, 라우릭애씨드, 세틸알코올, 코카마이드엠이에이, 구아하이드록시프로필트라이모늄클로라이드, 페녹시에탄올, 소듐살리실레이트, 소듐클로라이드, 트라이하이드록시스테아린, 아모다이메티콘, 멘톨, 맥아추출물, 마이크로크리스탈린셀룰로오스, 옥수수전분, 리날룰, 인삼추출물, 다이-C12-13알킬말레이트, 소듐시트레이트, 만니톨, 시트릭애씨드, 다이소듐이디티에이, 헥실신남알, 시트로넬올, 유제놀, 폴리쿼터늄-11, 코카미도프로필베타인, C12-15파레스-3, 하이드로제네이티드레시틴, 스테아트라이모늄클로라이드, 부틸렌글라이콜, 에탄올, 살리실릭애씨드, 소듐하이드록사이드, 락틱애씨드, 생강추출물, 카프릴릴글라이콜, 영지버섯추출물, 에틸헥실글리세린, 동백나무씨오일, 사이클로덱스트린, 황금추출물, 아스퍼질러스발효물, 칡뿌리추출물, 천당삼추출물, 도둑놈의지팡이뿌리추출물, 당잔대뿌리추출물, 스크로폴라리아 노도사추출물, 변성알코올",려,려_진생보 두피모발영양 샴푸 400ml
루트젠 여성 맞춤 탈모증상전문케어 샴푸,https://www.amoremall.com/kr/ko/product/detail?onlineProdSn=64411,67821.0,515ml * 3,515.0,ml,"정제수, 다이소듐라우레스설포석시네이트, 포타슘코코일글리시네이트, 소듐C14-16올레핀설포네이트, 코카미도프로필베타인, 솔비톨, 코카마이드메틸엠이에이, 향료, 소듐클로라이드, 말티톨, 코코-글루코사이드, 카페인, 피피지-3카프릴릴에터, 리모넨, 데실글루코사이드, 소듐살리실레이트, 시트릭애씨드, 세틸알코올, 멘톨, 소이아미도프로필아민옥사이드, 구아하이드록시프로필트라이모늄클로라이드, 글리세린, 마트리카리아꽃수, 카프릴릴글라이콜, 폴리쿼터늄-10, 소듐시트레이트, 카프릴릭/카프릭트라이글리세라이드, 트라이하이드록시스테아린, 다이카프릴릴에터, 폴리쿼터늄-22, 소듐메타포스페이트, 프로판다이올, 변성알코올, 소듐벤조에이트, 에틸헥실글리세린, 글리세릴스테아레이트, 부틸렌글라이콜, 테트라소듐이디티에이, 측백나무씨추출물, 1,2-헥산다이올, 인삼뿌리세포추출물, 데하이드로아세틱애씨드, 에탄올, 검정콩추출물, 석류추출물, 라벤더오일, 동백나무씨오일, 녹차씨오일, 콩폴리펩타이드, 인삼전초추출물, 로즈마리잎오일, 베르가모트오일, 국화추출물, 생강추출물, 덱스트린, 사이클로덱스트린, 다마스크장미꽃추출물, 병풀꽃/잎/줄기추출물, 하이드록시프로필사이클로덱스트린, 검정콩오일, 다이소듐이디티에이, 바위손추출물, 토코페롤, 알지닌, 세라마이드엔피, 로즈힙꽃오일, 라임전초오일, 라즈베리씨오일, 크랜베리씨오일, 피토스핑고신, 하이드로제네이티드레시틴, 카놀라오일, 로즈마리잎추출물",려,려_루트젠 여성 맞춤 탈모증상전문케어 샴푸
루트젠 여성 맞춤 탈모증상전문케어 샴푸,https://www.amoremall.com/kr/ko/product/detail?onlineProdSn=64013,45349.0,515 ml*2,515.0,ml,"정제수, 다이소듐라우레스설포석시네이트, 포타슘코코일글리시네이트, 소듐C14-16올레핀설포네이트, 코카미도프로필베타인, 솔비톨, 코카마이드메틸엠이에이, 향료, 소듐클로라이드, 말티톨, 코코-글루코사이드, 카페인, 피피지-3카프릴릴에터, 리모넨, 데실글루코사이드, 소듐살리실레이트, 시트릭애씨드, 세틸알코올, 멘톨, 소이아미도프로필아민옥사이드, 구아하이드록시프로필트라이모늄클로라이드, 글리세린, 마트리카리아꽃수, 카프릴릴글라이콜, 폴리쿼터늄-10, 소듐시트레이트, 카프릴릭/카프릭트라이글리세라이드, 트라이하이드록시스테아린, 다이카프릴릴에터, 폴리쿼터늄-22, 소듐메타포스페이트, 프로판다이올, 변성알코올, 소듐벤조에이트, 에틸헥실글리세린, 글리세릴스테아레이트, 부틸렌글라이콜, 테트라소듐이디티에이, 측백나무씨추출물, 1,2-헥산다이올, 인삼뿌리세포추출물, 데하이드로아세틱애씨드, 에탄올, 검정콩추출물, 석류추출물, 라벤더오일, 동백나무씨오일, 녹차씨오일, 콩폴리펩타이드, 인삼전초추출물, 로즈마리잎오일, 베르가모트오일, 국화추출물, 생강추출물, 덱스트린, 사이클로덱스트린, 다마스크장미꽃추출물, 병풀꽃/잎/줄기추출물, 하이드록시프로필사이클로덱스트린, 검정콩오일, 다이소듐이디티에이, 바위손추출물, 토코페롤, 알지닌, 세라마이드엔피, 로즈힙꽃오일, 라임전초오일, 라즈베리씨오일, 크랜베리씨오일, 피토스핑고신, 하이드로제네이티드레시틴, 카놀라오일, 로즈마리잎추출물",려,려_루트젠 여성 맞춤 탈모증상전문케어 샴푸
루트젠 여성 맞춤 탈모증상전문케어 샴푸+두피에센스,https://www.amoremall.com/kr/ko/product/detail?onlineProdSn=63825,42727.0,[루트젠 여성 맞춤 탈모증상전문케어 샴푸] 515 ml / [루트젠 탈모증상전문케어 두피에센스] 80ml,515.0,ml,"[루트젠 여성 맞춤 탈모증상전문케어 샴푸]정제수, 다이소듐라우레스설포석시네이트, 포타슘코코일글리시네이트, 소듐C14-16올레핀설포네이트, 코카미도프로필베타인, 솔비톨, 코카마이드메틸엠이에이, 향료, 소듐클로라이드, 말티톨, 코코-글루코사이드, 카페인, 피피지-3카프릴릴에터, 리모넨, 데실글루코사이드, 소듐살리실레이트, 시트릭애씨드, 세틸알코올, 멘톨, 소이아미도프로필아민옥사이드, 구아하이드록시프로필트라이모늄클로라이드, 글리세린, 마트리카리아꽃수, 카프릴릴글라이콜, 폴리쿼터늄-10, 소듐시트레이트, 카프릴릭/카프릭트라이글리세라이드, 트라이하이드록시스테아린, 다이카프릴릴에터, 폴리쿼터늄-22, 소듐메타포스페이트, 프로판다이올, 변성알코올, 소듐벤조에이트, 에틸헥실글리세린, 글리세릴스테아레이트, 부틸렌글라이콜, 테트라소듐이디티에이, 측백나무씨추출물, 1,2-헥산다이올, 인삼뿌리세포추출물, 데하이드로아세틱애씨드, 에탄올, 검정콩추출물, 석류추출물, 라벤더오일, 동백나무씨오일, 녹차씨오일, 콩폴리펩타이드, 인삼전초추출물, 로즈마리잎오일, 베르가모트오일, 국화추출물, 생강추출물, 덱스트린, 사이클로덱스트린, 다마스크장미꽃추출물, 병풀꽃/잎/줄기추출물, 하이드록시프로필사이클로덱스트린, 검정콩오일, 다이소듐이디티에이, 바위손추출물, 토코페롤, 알지닌, 세라마이드엔피, 로즈힙꽃오일, 라임전초오일, 라즈베리씨오일, 크랜베리씨오일, 피토스핑고신, 하이드로제네이티드레시틴, 카놀라오일, 로즈마리잎추출물 / [루트젠 탈모증상전문케어 두피에센스] 정제수, 변성알코올, 실리카, 녹차추출물, 마트리카리아꽃수, 카보머, 트로메타민, 글리세린, 향료, 멘톨, 다이소듐이디티에이, 리모넨, 부틸렌글라이콜, 피록톤올아민, 프로판다이올, 인삼뿌리세포추출물, 1,2-헥산다이올, 에탄올, 동백나무씨오일, 녹차씨오일, 콩폴리펩타이드, 라벤더오일, 로즈마리잎오일, 베르가모트오일, 생강추출물, 동백나무꽃추출물, 인삼전초추출물, 다마스크장미꽃추출물, 병풀꽃/잎/줄기추출물, 에틸헥실글리세린, 검정콩오일, 검정콩추출물, 세라마이드엔피, 피토스핑고신, 하이드로제네이티드레시틴, 카놀라오일, 로즈마리잎추출물",려,려_루트젠 여성 맞춤 탈모증상전문케어 샴푸+두피에센스
루트젠 여성 맞춤 탈모증상전문케어 샴푸+리필,https://www.amoremall.com/kr/ko/product/detail?onlineProdSn=62980,40658.0,[루트젠 여성 맞춤 탈모증상전문케어 샴푸] 515ml / [루트젠 여성 맞춤 탈모증상전문케어 샴푸 리필팩] 400ml,515.0,ml,"정제수, 다이소듐라우레스설포석시네이트, 포타슘코코일글리시네이트, 소듐C14-16올레핀설포네이트, 코카미도프로필베타인, 솔비톨, 코카마이드메틸엠이에이, 향료, 소듐클로라이드, 말티톨, 코코-글루코사이드, 카페인, 피피지-3카프릴릴에터, 리모넨, 데실글루코사이드, 소듐살리실레이트, 시트릭애씨드, 세틸알코올, 멘톨, 소이아미도프로필아민옥사이드, 구아하이드록시프로필트라이모늄클로라이드, 글리세린, 마트리카리아꽃수, 카프릴릴글라이콜, 폴리쿼터늄-10, 소듐시트레이트, 카프릴릭/카프릭트라이글리세라이드, 트라이하이드록시스테아린, 다이카프릴릴에터, 폴리쿼터늄-22, 소듐메타포스페이트, 프로판다이올, 변성알코올, 소듐벤조에이트, 에틸헥실글리세린, 글리세릴스테아레이트, 부틸렌글라이콜, 테트라소듐이디티에이, 측백나무씨추출물, 1,2-헥산다이올, 인삼뿌리세포추출물, 데하이드로아세틱애씨드, 에탄올, 검정콩추출물, 석류추출물, 라벤더오일, 동백나무씨오일, 녹차씨오일, 콩폴리펩타이드, 인삼전초추출물, 로즈마리잎오일, 베르가모트오일, 국화추출물, 생강추출물, 덱스트린, 사이클로덱스트린, 다마스크장미꽃추출물, 병풀꽃/잎/줄기추출물, 하이드록시프로필사이클로덱스트린, 검정콩오일, 다이소듐이디티에이, 바위손추출물, 토코페롤, 알지닌, 세라마이드엔피, 로즈힙꽃오일, 라임전초오일, 라즈베리씨오일, 크랜베리씨오일, 피토스핑고신, 하이드로제네이티드레시틴, 카놀라오일, 로즈마리잎추출물",려,려_루트젠 여성 맞춤 탈모증상전문케어 샴푸+리필
루트젠 탈모증상전문케어 여성 샴푸+남성 샴푸,https://www.amoremall.com/kr/ko/product/detail?onlineProdSn=59515,45556.0,[루트젠 여성 맞춤 탈모증상전문케어 샴푸] 515ml / [루트젠 남성 맞춤 탈모증상전문케어 샴푸] 515ml,515.0,ml,"[루트젠 여성 맞춤 탈모증상전문케어 샴푸] 정제수, 다이소듐라우레스설포석시네이트, 포타슘코코일글리시네이트, 소듐C14-16올레핀설포네이트, 코카미도프로필베타인, 솔비톨, 코카마이드메틸엠이에이, 향료, 소듐클로라이드, 말티톨, 코코-글루코사이드, 카페인, 피피지-3카프릴릴에터, 리모넨, 데실글루코사이드, 소듐살리실레이트, 시트릭애씨드, 세틸알코올, 멘톨, 소이아미도프로필아민옥사이드, 구아하이드록시프로필트라이모늄클로라이드, 글리세린, 마트리카리아꽃수, 카프릴릴글라이콜, 폴리쿼터늄-10, 소듐시트레이트, 카프릴릭/카프릭트라이글리세라이드, 트라이하이드록시스테아린, 다이카프릴릴에터, 폴리쿼터늄-22, 소듐메타포스페이트, 프로판다이올, 변성알코올, 소듐벤조에이트, 에틸헥실글리세린, 글리세릴스테아레이트, 부틸렌글라이콜, 테트라소듐이디티에이, 측백나무씨추출물, 1,2-헥산다이올, 인삼뿌리세포추출물, 데하이드로아세틱애씨드, 에탄올, 검정콩추출물, 석류추출물, 라벤더오일, 동백나무씨오일, 녹차씨오일, 콩폴리펩타이드, 인삼전초추출물, 로즈마리잎오일, 베르가모트오일, 국화추출물, 생강추출물, 덱스트린, 사이클로덱스트린, 다마스크장미꽃추출물, 병풀꽃/잎/줄기추출물, 하이드록시프로필사이클로덱스트린, 검정콩오일, 다이소듐이디티에이, 바위손추출물, 토코페롤, 알지닌, 세라마이드엔피, 로즈힙꽃오일, 라임전초오일, 라즈베리씨오일, 크랜베리씨오일, 피토스핑고신, 하이드로제네이티드레시틴, 카놀라오일, 로즈마리잎추출물 / / [루트젠 남성 맞춤 탈모증상전문케어 샴푸] 정제수, 코카미도프로필베타인, 포타슘코코일글리시네이트, 라우릴하이드록시설테인, 카프릴릴/카프릴글루코사이드, 소듐C14-16올레핀설포네이트, 소듐클로라이드, 향료, 다이소듐라우레스설포석시네이트, 멘톨, 카페인, 소듐살리실레이트, 폴리쿼터늄-22, 시트릭애씨드, 세틸알코올, 카프릴릴글라이콜, 카프릴릭/카프릭트라이글리세라이드, 트라이하이드록시스테아린, 클림바졸, 소듐벤조에이트, 해수, 다이프로필렌글라이콜, 소듐시트레이트, 소듐메타포스페이트, 다이카프릴릴에터, 부틸렌글라이콜, 에틸헥실글리세린, 글리세릴스테아레이트, 구아하이드록시프로필트라이모늄클로라이드, 콘민트잎추출물, 테트라소듐이디티에이, 글리세린, 측백나무씨추출물, 프로판다이올, 에탄올, 인삼뿌리세포추출물, 1,2-헥산다이올, 황금추출물, 데하이드로아세틱애씨드, 효모/보리씨발효여과물, 씨솔트, 동백나무씨오일, 페퍼민트오일, 티트리잎오일, 살리실릭애씨드, 녹차씨오일, 유칼립투스잎오일, 인삼전초추출물, 산수유열매추출물, 생강추출물, 하벌레아 로도펜시스잎추출물, 검정콩오일, 토코페롤, 세라마이드엔피, 다이소듐이디티에이, 피토스핑고신, 하이드로제네이티드레시틴, 호프추출물, 카놀라오일, 로즈마리잎추출물",려,려_루트젠 탈모증상전문케어 여성 샴푸+남성 샴푸
루트젠 여성 맞춤 탈모증상전문케어 샴푸+트리트먼트,https://www.amoremall.com/kr/ko/product/detail?onlineProdSn=57624,45556.0,[루트젠 여성 탈모전문케어 샴푸] 515ml / [루트젠 여성 탈모전문케어 트리트먼트] 515ml,515.0,ml,"[루트젠 여성 탈모전문케어 샴푸] 정제수, 다이소듐라우레스설포석시네이트, 포타슘코코일글리시네이트, 소듐C14-16올레핀설포네이트, 코카미도프로필베타인, 솔비톨, 코카마이드메틸엠이에이, 향료, 소듐클로라이드, 말티톨, 코코-글루코사이드, 카페인, 피피지-3카프릴릴에터, 리모넨, 데실글루코사이드, 소듐살리실레이트, 시트릭애씨드, 세틸알코올, 멘톨, 소이아미도프로필아민옥사이드, 구아하이드록시프로필트라이모늄클로라이드, 글리세린, 마트리카리아꽃수, 카프릴릴글라이콜, 폴리쿼터늄-10, 소듐시트레이트, 카프릴릭/카프릭트라이글리세라이드, 트라이하이드록시스테아린, 다이카프릴릴에터, 폴리쿼터늄-22, 소듐메타포스페이트, 프로판다이올, 변성알코올, 소듐벤조에이트, 에틸헥실글리세린, 글리세릴스테아레이트, 부틸렌글라이콜, 테트라소듐이디티에이, 측백나무씨추출물, 1,2-헥산다이올, 인삼뿌리세포추출물, 데하이드로아세틱애씨드, 에탄올, 검정콩추출물, 석류추출물, 라벤더오일, 동백나무씨오일, 녹차씨오일, 콩폴리펩타이드, 인삼전초추출물, 로즈마리잎오일, 베르가모트오일, 국화추출물, 생강추출물, 덱스트린, 사이클로덱스트린, 다마스크장미꽃추출물, 병풀꽃/잎/줄기추출물, 하이드록시프로필사이클로덱스트린, 검정콩오일, 다이소듐이디티에이, 바위손추출물, 토코페롤, 알지닌, 세라마이드엔피, 로즈힙꽃오일, 라임전초오일, 라즈베리씨오일, 크랜베리씨오일, 피토스핑고신, 하이드로제네이티드레시틴, 카놀라오일, 로즈마리잎추출물 / [루트젠 여성 탈모전문케어 트리트먼트] 정제수, 솔비톨, 베헨트라이모늄메토설페이트, 아이소펜틸다이올, 세틸알코올, 스테아릴알코올, 세틸에틸헥사노에이트, 말티톨, 잇꽃씨오일, 코코-카프릴레이트/카프레이트, 폴리글리세릴-4다이아이소스테아레이트/폴리하이드록시스테아레이트/세바케이트, 향료, 부틸렌글라이콜, 카페인, 하이드록시프로필스타치포스페이트, 호호바에스터, 리모넨, 소이아미도프로필아민옥사이드, 멘톨, 마트리카리아꽃수, 카프릴릴글라이콜, 소듐메타포스페이트, 프로판다이올, 변성알코올, 올레익애씨드, 에틸헥실글리세린, 호호바씨오일, 하이드록시프로필비스팔미타마이드엠이에이, 측백나무씨추출물, 콜레스테롤, 카프릴릭/카프릭트라이글리세라이드, 인삼뿌리세포추출물, 1,2-헥산다이올, 검정콩추출물, 에탄올, 석류추출물, 라벤더오일, 동백나무씨오일, 녹차씨오일, 콩폴리펩타이드, 로즈마리잎오일, 글리세린, 베르가모트오일, 생강추출물, 인삼전초추출물, 덱스트린, 사이클로덱스트린, 다마스크장미꽃추출물, 병풀꽃/잎/줄기추출물, 토코페롤, 하이드록시프로필사이클로덱스트린, 검정콩오일, 다이소듐이디티에이, 바위손추출물, 알지닌, 세라마이드엔피, 로즈힙꽃오일, 라임전초오일, 라즈베리씨오일, 크랜베리씨오일, 피토스핑고신, 하이드로제네이티드레시틴, 카놀라오일, 로즈마리잎추출물",려,려_루트젠 여성 맞춤 탈모증상전문케어 샴푸+트리트먼트
우아채 영양새치염색  120g,https://www.amoremall.com/kr/ko/product/detail?onlineProdSn=19929,11900.0,1제 16g*3 2제 24g*3,1.0,g,"1제: 정제수, 에탄올아민, 피이지-8, 세테아릴알코올, 황산톨루엔-2,5-디아민, 부틸렌글라이콜, 폴리쿼터늄-6, 스테아레스-21, 올레스-2, 레조시놀, 염산2,4-디아미노페녹시에탄올, 하이드록시에틸셀룰로오스, 베헨트라이모늄클로라이드, 스테아트라이모늄클로라이드, 소듐설파이트, 에리소빅애씨드, 잔탄검, 아이소프로필알코올, M-아미노페놀, 4-아미노-2-하이드록시톨루엔, 다이소듐이디티에이, 하이드롤라이즈드식물성단백질, 아르간커넬오일, 아스파틱애씨드, 글루타믹애씨드, 올리브오일, 호호바씨오일, 폴리솔베이트60, 다이소듐포스페이트, 포도씨오일, 소듐포스페이트, 소듐벤조에이트, 아세틱애씨드, 포타슘하이드록사이드, 마카다미아씨오일, 토코페롤 / 2제: 정제수, 하이드로젠퍼옥사이드, 다이프로필렌글라이콜, 피이지-150다이스테아레이트, 라우릴글루코사이드, 코카미도프로필베타인, 에티드로닉애씨드, 포스포릭애씨드, 소듐클로라이드, 향료, 다이소듐포스페이트, 소듐벤조에이트 / 3제: 라우레스-2, 아르간커넬오일, 카프릴릭/카프릭트라이글리세라이드, 살구씨오일, 올리브오일",려,려_우아채 영양새치염색  120g
자음2종 세트,https://www.amoremall.com/kr/ko/product/detail?onlineProdSn=63917,150000.0,자음수 150ml / 자음유액 125ml,150.0,ml,"[자음수] 정제수, 부틸렌글라이콜, 1,2-헥산다이올, 베타인, 글리세린, 트레할로오스, 피이지/피피지-17/6코폴리머, 글리세레스-26, 피이지-60하이드로제네이티드캐스터오일, 아크릴레이트/C10-30알킬아크릴레이트크로스폴리머, 트로메타민, 에틸헥실글리세린, 대추추출물, 비스-피이지-18메틸에터다이메틸실레인, 카르노신, 황금추출물, 프로판다이올, 알란토인, 향료, 소듐메타포스페이트, 리모넨, 구기자추출물, 하이드록시에틸아크릴레이트/소듐아크릴로일다이메틸타우레이트코폴리머, 칡뿌리추출물, 바이오사카라이드검-1, 펜틸렌글라이콜, 글루타티온, 뽕나무잎추출물, 지황뿌리추출물, 리날룰, 매실나무꽃추출물, 작약뿌리추출물, 둥굴레뿌리줄기추출물, 솔비탄아이소스테아레이트, 폴리솔베이트60, 연꽃추출물, 참나리비늘줄기추출물, 토코페롤, 메톡시피이지-114/폴리엡실론카프로락톤, 하이드롤라이즈드콩추출물, 베타-글루칸, 매실추출물, 참깨추출물, 잣나무씨추출물, 모과추출물, 찔레꽃열매추출물 [자음유액] 정제수, 부틸렌글라이콜, 하이드로제네이티드폴리(C6-14올레핀), 옥틸도데실미리스테이트, 글리세린, 세틸에틸헥사노에이트, 메도우폼씨오일, 폴리글리세릴-3메틸글루코오스다이스테아레이트, 트레할로오스, 하이드로제네이티드식물성오일, 1,2-헥산다이올, 세테아릴알코올, 글리세릴스테아레이트, 망고씨버터, 다이메티콘, 팔미틱애씨드, 스테아릭애씨드, 글리세릴스테아레이트시트레이트, 프로판다이올, 하이드록시에틸아크릴레이트/소듐아크릴로일다이메틸타우레이트코폴리머, 에틸헥실글리세린, 카보머, 대추추출물, 글리세릴카프릴레이트, 카르노신, 황금추출물, 트로메타민, 향료, 메톡시피이지-114/폴리엡실론카프로락톤, 리모넨, 알란토인, 소듐메타포스페이트, 구기자추출물, 매실추출물, 참깨추출물, 잣나무씨추출물, 모과추출물, 찔레꽃열매추출물, 칡뿌리추출물, 솔비탄아이소스테아레이트, 폴리솔베이트60, 베타-글루칸, 리날룰, 글루타티온, 레시틴, 뽕나무잎추출물, 지황뿌리추출물, 매실나무꽃추출물, 작약뿌리추출물, 시트로넬올, 둥굴레뿌리줄기추출물, 시트랄, 연꽃추출물, 제라니올, 세라마이드엔피, 참나리비늘줄기추출물, 토코페롤, 메틸메타크릴레이트/아크릴로나이트릴코폴리머, 티비에이치큐, 하이드롤라이즈드콩추출물, 레스베라트롤",설화수,설화수_자음2종 세트
순행클렌징폼 200ml,https://www.amoremall.com/kr/ko/product/detail?onlineProdSn=56822,42000.0,200ml,200.0,ml,"정제수, 포타슘코코일글리시네이트, 다이소듐코코암포다이아세테이트, 코카미도프로필베타인, 아크릴레이트/베헤네스-25메타크릴레이트코폴리머, 피이지-200하이드로제네이티드글리세릴팔메이트, 소듐클로라이드, 펜틸렌글라이콜, 1, 2-헥산다이올, 소듐메틸코코일타우레이트, 카프릴릴/카프릴글루코사이드, 피이지-7글리세릴코코에이트, 아이소스테아릭애씨드, 포타슘하이드록사이드, 향료, 부틸렌글라이콜, 리모넨, 다이소듐이디티에이, 에틸헥실글리세린, 소듐벤조에이트, 테트라소듐이디티에이, 율무씨추출물, 귤껍질추출물, 밤껍질추출물, 리날룰, 개구리밥추출물(부평추출물), 참마뿌리추출물, 덱스트린, 카카오추출물, 라즈베리추출물, 당느릅나무뿌리추출물, 퉁퉁마디추출물, 뽕나무잎추출물, 신선초추출물, 시트릭애씨드, 토코페롤",설화수,설화수_순행클렌징폼 200ml
탄력3종 세트,https://www.amoremall.com/kr/ko/product/detail?onlineProdSn=63919,215000.0,자음수 150ml / 자음유액 125ml / 탄력크림 50ml,150.0,ml,"[자음수] 정제수, 부틸렌글라이콜, 1,2-헥산다이올, 베타인, 글리세린, 트레할로오스, 피이지/피피지-17/6코폴리머, 글리세레스-26, 피이지-60하이드로제네이티드캐스터오일, 아크릴레이트/C10-30알킬아크릴레이트크로스폴리머, 트로메타민, 에틸헥실글리세린, 대추추출물, 비스-피이지-18메틸에터다이메틸실레인, 카르노신, 황금추출물, 프로판다이올, 알란토인, 향료, 소듐메타포스페이트, 리모넨, 구기자추출물, 하이드록시에틸아크릴레이트/소듐아크릴로일다이메틸타우레이트코폴리머, 칡뿌리추출물, 바이오사카라이드검-1, 펜틸렌글라이콜, 글루타티온, 뽕나무잎추출물, 지황뿌리추출물, 리날룰, 매실나무꽃추출물, 작약뿌리추출물, 둥굴레뿌리줄기추출물, 솔비탄아이소스테아레이트, 폴리솔베이트60, 연꽃추출물, 참나리비늘줄기추출물, 토코페롤, 메톡시피이지-114/폴리엡실론카프로락톤, 하이드롤라이즈드콩추출물, 베타-글루칸, 매실추출물, 참깨추출물, 잣나무씨추출물, 모과추출물, 찔레꽃열매추출물 [자음유액] 정제수, 부틸렌글라이콜, 하이드로제네이티드폴리(C6-14올레핀), 옥틸도데실미리스테이트, 글리세린, 세틸에틸헥사노에이트, 메도우폼씨오일, 폴리글리세릴-3메틸글루코오스다이스테아레이트, 트레할로오스, 하이드로제네이티드식물성오일, 1,2-헥산다이올, 세테아릴알코올, 글리세릴스테아레이트, 망고씨버터, 다이메티콘, 팔미틱애씨드, 스테아릭애씨드, 글리세릴스테아레이트시트레이트, 프로판다이올, 하이드록시에틸아크릴레이트/소듐아크릴로일다이메틸타우레이트코폴리머, 에틸헥실글리세린, 카보머, 대추추출물, 글리세릴카프릴레이트, 카르노신, 황금추출물, 트로메타민, 향료, 메톡시피이지-114/폴리엡실론카프로락톤, 리모넨, 알란토인, 소듐메타포스페이트, 구기자추출물, 매실추출물, 참깨추출물, 잣나무씨추출물, 모과추출물, 찔레꽃열매추출물, 칡뿌리추출물, 솔비탄아이소스테아레이트, 폴리솔베이트60, 베타-글루칸, 리날룰, 글루타티온, 레시틴, 뽕나무잎추출물, 지황뿌리추출물, 매실나무꽃추출물, 작약뿌리추출물, 시트로넬올, 둥굴레뿌리줄기추출물, 시트랄, 연꽃추출물, 제라니올, 세라마이드엔피, 참나리비늘줄기추출물, 토코페롤, 메틸메타크릴레이트/아크릴로나이트릴코폴리머, 티비에이치큐, 하이드롤라이즈드콩추출물, 레스베라트롤 [탄력크림] 정제수, 글리세린, 부틸렌글라이콜다이카프릴레이트/다이카프레이트, 부틸렌글라이콜, 세틸에틸헥사노에이트, 카프릴릭/카프릭트라이글리세라이드, 프로판다이올, 카프릴릴메티콘, 글리세릴스테아레이트, 폴리글리세릴-3메틸글루코오스다이스테아레이트, 1,2-헥산다이올, 다이아이소스테아릴말레이트, 다이메티콘, 트레할로오스, 스쿠알란, C9-12알케인, 피이지-100스테아레이트, 세테아릴알코올, 하이드로제네이티드폴리아이소부텐, 하이드록시에틸아크릴레이트/소듐아크릴로일다이메틸타우레이트코폴리머, 폴리아크릴레이트-13, 하이드로제네이티드캐스터오일아이소스테아레이트, 알란토인, 폴리아이소부텐, 향료, 구기자추출물, 암모늄아크릴로일다이메틸타우레이트/베헤네스-25메타크라일레이트크로스폴리머, 대추추출물, 글리세릴카프릴레이트, 코코-카프릴레이트/카프레이트, 리모넨, 카르노신, 황금추출물, 칡뿌리추출물, 솔비탄아이소스테아레이트, 풀루란, 에틸헥실글리세린, 아데노신, 폴리솔베이트60, 폴리솔베이트20, 소듐메타포스페이트, 리날룰, 다이메티콘올, 시트로넬올, 덱스트린, 카카오추출물, 뽕나무잎추출물, 시트랄, 지황뿌리추출물, 제라니올, 작약뿌리추출물, 둥굴레뿌리줄기추출물, 연꽃추출물, 벤질벤조에이트, 참나리비늘줄기추출물, 하이드롤라이즈드콩추출물, 토코페롤, 베타-글루칸",설화수,설화수_탄력3종 세트
탄력크림 단품세트 75ml,https://www.amoremall.com/kr/ko/product/detail?onlineProdSn=63921,135000.0,75ml,75.0,ml,"정제수, 글리세린, 부틸렌글라이콜다이카프릴레이트/다이카프레이트, 부틸렌글라이콜, 세틸에틸헥사노에이트, 카프릴릭/카프릭트라이글리세라이드, 프로판다이올, 카프릴릴메티콘, 글리세릴스테아레이트, 폴리글리세릴-3메틸글루코오스다이스테아레이트, 1,2-헥산다이올, 다이아이소스테아릴말레이트, 다이메티콘, 트레할로오스, 스쿠알란, C9-12알케인, 피이지-100스테아레이트, 세테아릴알코올, 하이드로제네이티드폴리아이소부텐, 하이드록시에틸아크릴레이트/소듐아크릴로일다이메틸타우레이트코폴리머, 폴리아크릴레이트-13, 하이드로제네이티드캐스터오일아이소스테아레이트, 알란토인, 폴리아이소부텐, 향료, 구기자추출물, 암모늄아크릴로일다이메틸타우레이트/베헤네스-25메타크라일레이트크로스폴리머, 대추추출물, 글리세릴카프릴레이트, 코코-카프릴레이트/카프레이트, 리모넨, 카르노신, 황금추출물, 칡뿌리추출물, 솔비탄아이소스테아레이트, 풀루란, 에틸헥실글리세린, 아데노신, 폴리솔베이트60, 폴리솔베이트20, 소듐메타포스페이트, 리날룰, 다이메티콘올, 시트로넬올, 덱스트린, 카카오추출물, 뽕나무잎추출물, 시트랄, 지황뿌리추출물, 제라니올, 작약뿌리추출물, 둥굴레뿌리줄기추출물, 연꽃추출물, 벤질벤조에이트, 참나리비늘줄기추출물, 하이드롤라이즈드콩추출물, 토코페롤, 베타-글루칸",설화수,설화수_탄력크림 단품세트 75ml
순행클렌징오일 200ml,https://www.amoremall.com/kr/ko/product/detail?onlineProdSn=56898,47000.0,200ml,200.0,ml,"C12-15알킬벤조에이트, 펜타에리스리틸테트라에틸헥사노에이트, 아이소프로필팔미테이트, 펜타에리스리틸테트라아이소스테아레이트, 카프릴릭/카프릭트라이글리세라이드, 피이지-20글리세릴트라이아이소스테아레이트, 피이지-8아이소스테아레이트, 코코넛야자오일, 덱스트린팔미테이트, 향료, 리모넨, 글리세릴베헤네이트/에이코사디오에이트, 코코-카프릴레이트/카프레이트, 스쿠알란, 리날룰, 정제수, 부틸렌글라이콜, 살구씨오일, 잣나무씨오일, 참깨오일, 동백나무씨오일, 율무씨추출물, 귤껍질추출물, 밤껍질추출물, 개구리밥추출물(부평추출물), 매실나무씨추출물, 연꽃씨추출물",설화수,설화수_순행클렌징오일 200ml
본윤 데일리 루틴,https://www.amoremall.com/kr/ko/product/detail?onlineProdSn=56947,125000.0,[본품]: 본윤에센스140ml / 본윤유액90ml,140.0,ml,"[본윤에센스] 정제수, 부틸렌글라이콜, 변성알코올, 베타인, 1,2-헥산다이올, 나이아신아마이드, 피이지/피피지-17/6코폴리머, 글리세릴폴리메타크릴레이트, 피이지-60하이드로제네이티드캐스터오일, 비스-피이지-18메틸에터다이메틸실레인, 카보머, 향료, 트로메타민, 프로판다이올, 에틸헥실글리세린, 사카라이드하이드롤리세이트, 아데노신, 리모넨, 다이소듐이디티에이, 리날룰, 메틸트라이메티콘, 페녹시에탄올, 소엽맥문동뿌리추출물, 카라기난, 벤질벤조에이트, 인삼추출물, 가시오갈피뿌리추출물, 황벽나무껍질추출물, 생강뿌리줄기추출물, 황금추출물, 프로필렌글라이콜, 펜틸렌글라이콜, 감초뿌리추출물, 영지버섯추출물, 신나밀알코올, 쌀발효여과물, 낫토검, 하이드로제네이티드레시틴, 토코페롤, 시트릭애씨드 [본윤유액] 정제수, 프로판다이올, 글리세린, 스쿠알란, 카프릴릭/카프릭트라이글리세라이드, 펜타에리스리틸테트라에틸헥사노에이트, 베헤닐알코올, 다이메티콘, 부틸렌글라이콜, 1, 2-헥산다이올, 글리세릴스테아레이트, 스테아릭애씨드, 하이드로제네이티드레시틴, 콜레스테롤, 팔미틱애씨드, 합성플루오르플로고파이트, 향료, 티타늄디옥사이드 (CI 77891), 하이드록시프로필비스팔미타마이드엠이에이, 잔탄검, 글리세릴카프릴레이트, 카보머, 트로메타민, 다이소듐이디티에이, 리모넨, 에틸헥실글리세린, 아데노신, 리날룰, 페녹시에탄올, 비타민나무열매추출물, 원추리꽃추출물, 감초뿌리추출물, 소엽맥문동뿌리추출물, 벤질벤조에이트, 인삼추출물, 틴옥사이드, 가시오갈피뿌리추출물, 황벽나무껍질추출물, 생강뿌리줄기추출물, 황금추출물, 미리스틱애씨드, 아라키딕애씨드, 신나밀알코올, 영지버섯추출물, 쌀발효여과물, 시트랄, 제라니올, 토코페롤",설화수,설화수_본윤 데일리 루틴
탄력크림 단품세트 75ml,https://www.amoremall.com/kr/ko/product/detail?onlineProdSn=65121,135000.0,75ml,75.0,ml,"정제수, 글리세린, 부틸렌글라이콜다이카프릴레이트/다이카프레이트, 부틸렌글라이콜, 세틸에틸헥사노에이트, 카프릴릭/카프릭트라이글리세라이드, 프로판다이올, 카프릴릴메티콘, 글리세릴스테아레이트, 폴리글리세릴-3메틸글루코오스다이스테아레이트, 1,2-헥산다이올, 다이아이소스테아릴말레이트, 다이메티콘, 트레할로오스, 스쿠알란, C9-12알케인, 피이지-100스테아레이트, 세테아릴알코올, 하이드로제네이티드폴리아이소부텐, 하이드록시에틸아크릴레이트/소듐아크릴로일다이메틸타우레이트코폴리머, 폴리아크릴레이트-13, 하이드로제네이티드캐스터오일아이소스테아레이트, 알란토인, 폴리아이소부텐, 향료, 구기자추출물, 암모늄아크릴로일다이메틸타우레이트/베헤네스-25메타크라일레이트크로스폴리머, 대추추출물, 글리세릴카프릴레이트, 코코-카프릴레이트/카프레이트, 리모넨, 카르노신, 황금추출물, 칡뿌리추출물, 솔비탄아이소스테아레이트, 풀루란, 에틸헥실글리세린, 아데노신, 폴리솔베이트60, 폴리솔베이트20, 소듐메타포스페이트, 리날룰, 다이메티콘올, 시트로넬올, 덱스트린, 카카오추출물, 뽕나무잎추출물, 시트랄, 지황뿌리추출물, 제라니올, 작약뿌리추출물, 둥굴레뿌리줄기추출물, 연꽃추출물, 벤질벤조에이트, 참나리비늘줄기추출물, 하이드롤라이즈드콩추출물, 토코페롤, 베타-글루칸",설화수,설화수_탄력크림 단품세트 75ml
자음생2종 세트,https://www.amoremall.com/kr/ko/product/detail?onlineProdSn=62165,225000.0,(150ml+125ml),150.0,ml,"[자음생수] 정제수, 글리세린, 부틸렌글라이콜, 인삼수, 변성알코올, 1,2-헥산다이올, 글리세릴폴리메타크릴레이트, 나이아신아마이드, 메틸글루세스-20, 피피지-13-데실테트라데세스-24, 비스-피이지-18메틸에터다이메틸실레인, 카보머, 트로메타민, 프로판다이올, 만니톨, 에틸헥실글리세린, 소듐메타포스페이트, 향료, 아데노신, 소듐하이알루로네이트, 잔탄검, 셀룰로오스검, 구기자추출물, 칡뿌리추출물, 리날룰, 소듐클로라이드, 인삼추출물, 베타-글루칸, 하이드롤라이즈드홍삼사포닌, 뽕나무잎추출물, 지황뿌리추출물, 작약뿌리추출물, 둥굴레뿌리줄기추출물, 리모넨, 연꽃추출물, 참나리비늘줄기추출물, 토코페롤, 아세틸테트라펩타이드-11, 카프릴릴글라이콜, 하이드롤라이즈드콩추출물, 아세틸헵타펩타이드-4, 헥사펩타이드-9, 아세틸헥사펩타이드-8, 소듐하이드록사이드, 아세틸옥타펩타이드-3 [자음생유액] 정제수, 부틸렌글라이콜, 인삼수, 글리세린, 펜타에리스리틸테트라에틸헥사노에이트, 하이드로제네이티드폴리(C6-14올레핀), 다이메티콘, 1,2-헥산다이올, 시어버터, 폴리글리세릴-3메틸글루코오스다이스테아레이트, 다이메티콘/비닐다이메티콘크로스폴리머, 글리세릴스테아레이트, 카보머, 세테아릴알코올, 글리세릴스테아레이트시트레이트, 하이드로제네이티드식물성오일, 하이드록시에틸아크릴레이트/소듐아크릴로일다이메틸타우레이트코폴리머, 향료, 스테아릭애씨드, 트로메타민, 메톡시피이지-114/폴리엡실론카프로락톤, 잔탄검, 글리세릴카프릴레이트, 팔미틱애씨드, 에틸헥실글리세린, 소듐메타포스페이트, 아데노신, 하이드롤라이즈드홍삼사포닌, 리날룰, 구기자추출물, 솔비탄아이소스테아레이트, 폴리솔베이트60, 페녹시에탄올, 세라마이드엔피, 만니톨, 칡뿌리추출물, 소듐클로라이드, 인삼추출물, 리모넨, 뽕나무잎추출물, 지황뿌리추출물, 작약뿌리추출물, 둥굴레뿌리줄기추출물, 연꽃추출물, 참나리비늘줄기추출물, 토코페롤, 카프릴릴글라이콜, 하이드롤라이즈드콩추출물, 아세틸헵타펩타이드-4, 아세틸테트라펩타이드-11, 헥사펩타이드-9, 아세틸헥사펩타이드-8, 소듐하이드록사이드, 아세틸옥타펩타이드-3",설화수,설화수_자음생2종 세트
윤조에센스 6세대 단품세트 90ml,https://www.amoremall.com/kr/ko/product/detail?onlineProdSn=62214,140000.0,90ml,90.0,ml,"정제수, 변성알코올, 부틸렌글라이콜, 베타인, 1,2-헥산다이올, 비스-피이지-18메틸에터다이메틸실레인, 글리세릴폴리메타크릴레이트, 프로판다이올, 카보머, 피피지-13-데실테트라데세스-24, 트로메타민, 글리세릴카프릴레이트, 황금추출물, 에틸헥실글리세린, 향료, 아데노신, 리모넨, 덱스트린, 카카오추출물, 메틸트라이메티콘, 다이소듐이디티에이, 잔탄검, 셀룰로오스검, 카라기난, 꿀, 마데카소사이드, 지황뿌리추출물, 펜틸렌글라이콜, 다이포타슘글리시리제이트, 3-O-에틸아스코빅애씨드, 타우린, 소엽맥문동뿌리추출물, 작약뿌리추출물, 마돈나백합비늘줄기추출물, 리날룰, 둥굴레뿌리줄기추출물, 바이오사카라이드검-1, 프로필렌글라이콜, 인삼추출물, 연꽃추출물, 낫토검, 대추추출물, 호두추출물, 매실추출물, 시트로넬올, 시트랄, 제라니올, 하이드로제네이티드레시틴, 토코페롤, 시트릭애씨드",설화수,설화수_윤조에센스 6세대 단품세트 90ml
,https://www.amoremall.com/kr/ko/product/detail?onlineProdSn=63920,229000.0,윤조에센스 60ml / 자음수 150ml / 자음유액 125ml,60.0,ml,"[윤조에센스] 정제수, 변성알코올, 부틸렌글라이콜, 베타인, 1,2-헥산다이올, 비스-피이지-18메틸에터다이메틸실레인, 글리세릴폴리메타크릴레이트, 프로판다이올, 카보머, 피피지-13-데실테트라데세스-24, 트로메타민, 글리세릴카프릴레이트, 황금추출물, 에틸헥실글리세린, 향료, 아데노신, 리모넨, 덱스트린, 카카오추출물, 메틸트라이메티콘, 다이소듐이디티에이, 잔탄검, 셀룰로오스검, 카라기난, 꿀, 마데카소사이드, 지황뿌리추출물, 펜틸렌글라이콜, 다이포타슘글리시리제이트, 3-O-에틸아스코빅애씨드, 타우린, 소엽맥문동뿌리추출물, 작약뿌리추출물, 마돈나백합비늘줄기추출물, 리날룰, 둥굴레뿌리줄기추출물, 바이오사카라이드검-1, 프로필렌글라이콜, 인삼추출물, 연꽃추출물, 낫토검, 대추추출물, 호두추출물, 매실추출물, 시트로넬올, 시트랄, 제라니올, 하이드로제네이티드레시틴, 토코페롤, 시트릭애씨드 [자음수] 정제수, 부틸렌글라이콜, 1,2-헥산다이올, 베타인, 글리세린, 트레할로오스, 피이지/피피지-17/6코폴리머, 글리세레스-26, 피이지-60하이드로제네이티드캐스터오일, 아크릴레이트/C10-30알킬아크릴레이트크로스폴리머, 트로메타민, 에틸헥실글리세린, 대추추출물, 비스-피이지-18메틸에터다이메틸실레인, 카르노신, 황금추출물, 프로판다이올, 알란토인, 향료, 소듐메타포스페이트, 리모넨, 구기자추출물, 하이드록시에틸아크릴레이트/소듐아크릴로일다이메틸타우레이트코폴리머, 칡뿌리추출물, 바이오사카라이드검-1, 펜틸렌글라이콜, 글루타티온, 뽕나무잎추출물, 지황뿌리추출물, 리날룰, 매실나무꽃추출물, 작약뿌리추출물, 둥굴레뿌리줄기추출물, 솔비탄아이소스테아레이트, 폴리솔베이트60, 연꽃추출물, 참나리비늘줄기추출물, 토코페롤, 메톡시피이지-114/폴리엡실론카프로락톤, 하이드롤라이즈드콩추출물, 베타-글루칸, 매실추출물, 참깨추출물, 잣나무씨추출물, 모과추출물, 찔레꽃열매추출물 [자음유액] 정제수, 부틸렌글라이콜, 하이드로제네이티드폴리(C6-14올레핀), 옥틸도데실미리스테이트, 글리세린, 세틸에틸헥사노에이트, 메도우폼씨오일, 폴리글리세릴-3메틸글루코오스다이스테아레이트, 트레할로오스, 하이드로제네이티드식물성오일, 1,2-헥산다이올, 세테아릴알코올, 글리세릴스테아레이트, 망고씨버터, 다이메티콘, 팔미틱애씨드, 스테아릭애씨드, 글리세릴스테아레이트시트레이트, 프로판다이올, 하이드록시에틸아크릴레이트/소듐아크릴로일다이메틸타우레이트코폴리머, 에틸헥실글리세린, 카보머, 대추추출물, 글리세릴카프릴레이트, 카르노신, 황금추출물, 트로메타민, 향료, 메톡시피이지-114/폴리엡실론카프로락톤, 리모넨, 알란토인, 소듐메타포스페이트, 구기자추출물, 매실추출물, 참깨추출물, 잣나무씨추출물, 모과추출물, 찔레꽃열매추출물, 칡뿌리추출물, 솔비탄아이소스테아레이트, 폴리솔베이트60, 베타-글루칸, 리날룰, 글루타티온, 레시틴, 뽕나무잎추출물, 지황뿌리추출물, 매실나무꽃추출물, 작약뿌리추출물, 시트로넬올, 둥굴레뿌리줄기추출물, 시트랄, 연꽃추출물, 제라니올, 세라마이드엔피, 참나리비늘줄기추출물, 토코페롤, 메틸메타크릴레이트/아크릴로나이트릴코폴리머, 티비에이치큐, 하이드롤라이즈드콩추출물, 레스베라트롤",설화수,설화수_nan
자음유액 EX 125ml,https://www.amoremall.com/kr/ko/product/detail?onlineProdSn=63913,78000.0,125ml,125.0,ml,"정제수, 부틸렌글라이콜, 하이드로제네이티드폴리(C6-14올레핀), 옥틸도데실미리스테이트, 글리세린, 세틸에틸헥사노에이트, 메도우폼씨오일, 폴리글리세릴-3메틸글루코오스다이스테아레이트, 트레할로오스, 하이드로제네이티드식물성오일, 1,2-헥산다이올, 세테아릴알코올, 글리세릴스테아레이트, 망고씨버터, 다이메티콘, 팔미틱애씨드, 스테아릭애씨드, 글리세릴스테아레이트시트레이트, 프로판다이올, 하이드록시에틸아크릴레이트/소듐아크릴로일다이메틸타우레이트코폴리머, 에틸헥실글리세린, 카보머, 대추추출물, 글리세릴카프릴레이트, 카르노신, 황금추출물, 트로메타민, 향료, 메톡시피이지-114/폴리엡실론카프로락톤, 리모넨, 알란토인, 소듐메타포스페이트, 구기자추출물, 매실추출물, 참깨추출물, 잣나무씨추출물, 모과추출물, 찔레꽃열매추출물, 칡뿌리추출물, 솔비탄아이소스테아레이트, 폴리솔베이트60, 베타-글루칸, 리날룰, 글루타티온, 레시틴, 뽕나무잎추출물, 지황뿌리추출물, 매실나무꽃추출물, 작약뿌리추출물, 시트로넬올, 둥굴레뿌리줄기추출물, 시트랄, 연꽃추출물, 제라니올, 세라마이드엔피, 참나리비늘줄기추출물, 토코페롤, 메틸메타크릴레이트/아크릴로나이트릴코폴리머, 티비에이치큐, 하이드롤라이즈드콩추출물, 레스베라트롤",설화수,설화수_자음유액 EX 125ml
윤조에센스 6세대,https://www.amoremall.com/kr/ko/product/detail?onlineProdSn=56785,55000.0,30ml,30.0,ml,"정제수, 변성알코올, 부틸렌글라이콜, 베타인, 1,2-헥산다이올, 비스-피이지-18메틸에터다이메틸실레인, 글리세릴폴리메타크릴레이트, 프로판다이올, 카보머, 피피지-13-데실테트라데세스-24, 트로메타민, 글리세릴카프릴레이트, 황금추출물, 에틸헥실글리세린, 향료, 아데노신, 리모넨, 덱스트린, 카카오추출물, 메틸트라이메티콘, 다이소듐이디티에이, 잔탄검, 셀룰로오스검, 카라기난, 꿀, 마데카소사이드, 지황뿌리추출물, 펜틸렌글라이콜, 다이포타슘글리시리제이트, 3-O-에틸아스코빅애씨드, 타우린, 소엽맥문동뿌리추출물, 작약뿌리추출물, 마돈나백합비늘줄기추출물, 리날룰, 둥굴레뿌리줄기추출물, 바이오사카라이드검-1, 프로필렌글라이콜, 인삼추출물, 연꽃추출물, 낫토검, 대추추출물, 호두추출물, 매실추출물, 시트로넬올, 시트랄, 제라니올, 하이드로제네이티드레시틴, 토코페롤, 시트릭애씨드",설화수,설화수_윤조에센스 6세대
자음수 EX 150ml,https://www.amoremall.com/kr/ko/product/detail?onlineProdSn=63912,72000.0,150ml,150.0,ml,"정제수, 부틸렌글라이콜, 1,2-헥산다이올, 베타인, 글리세린, 트레할로오스, 피이지/피피지-17/6코폴리머, 글리세레스-26, 피이지-60하이드로제네이티드캐스터오일, 아크릴레이트/C10-30알킬아크릴레이트크로스폴리머, 트로메타민, 에틸헥실글리세린, 대추추출물, 비스-피이지-18메틸에터다이메틸실레인, 카르노신, 황금추출물, 프로판다이올, 알란토인, 향료, 소듐메타포스페이트, 리모넨, 구기자추출물, 하이드록시에틸아크릴레이트/소듐아크릴로일다이메틸타우레이트코폴리머, 칡뿌리추출물, 바이오사카라이드검-1, 펜틸렌글라이콜, 글루타티온, 뽕나무잎추출물, 지황뿌리추출물, 리날룰, 매실나무꽃추출물, 작약뿌리추출물, 둥굴레뿌리줄기추출물, 솔비탄아이소스테아레이트, 폴리솔베이트60, 연꽃추출물, 참나리비늘줄기추출물, 토코페롤, 메톡시피이지-114/폴리엡실론카프로락톤, 하이드롤라이즈드콩추출물, 베타-글루칸, 매실추출물, 참깨추출물, 잣나무씨추출물, 모과추출물, 찔레꽃열매추출물",설화수,설화수_자음수 EX 150ml
상백톤업선크림 SPF50+/PA++++ 50ml,https://www.amoremall.com/kr/ko/product/detail?onlineProdSn=60648,90000.0,50ml,50.0,ml,"정제수, C12-15알킬벤조에이트, 부틸렌글라이콜, 디에칠아미노하이드록시벤조일헥실벤조에이트, 호모살레이트, 에칠헥실살리실레이트, 티타늄디옥사이드, 글리세린, 비스-에칠헥실옥시페놀메톡시페닐트리아진, 나이아신아마이드, 폴리실리콘-15, 사이클로펜타실록세인, 세테아릴알코올, 사이클로헥사실록세인, 실리카, 아이소프로필팔미테이트, 티타늄디옥사이드 (CI 77891), 폴리C10-30알킬아크릴레이트, 1,2-헥산다이올, 알루미늄스테아레이트, 소듐폴리아크릴로일다이메틸타우레이트, 알루미나, 스테아릭애씨드, 폴리하이드록시스테아릭애씨드, 글리세릴스테아레이트, 폴리아크릴레이트크로스폴리머-6, 향료, 하이드로제네이티드레시틴, 글리세릴카프릴레이트, 리모넨, 황금추출물, 폴리글리세릴-3메틸글루코오스다이스테아레이트, 팔미틱애씨드, 다이소듐이디티에이, 아크릴레이트/C10-30알킬아크릴레이트크로스폴리머, 적색산화철, 아데노신, 매실추출물, 알루미늄하이드록사이드, 트라이에톡시카프릴릴실레인, 뽕나무뿌리추출물, 리날룰, 폴리메틸메타크릴레이트, 인삼추출물, 시트로넬올, 시트랄, 티몰트라이메톡시신나메이트, 제라니올, 미리스틱애씨드, 벤질벤조에이트, 라우릭애씨드, 에틸헥실글리세린, 뽕나무열매추출물",설화수,설화수_상백톤업선크림 SPF50+/PA++++ 50ml
옥용팩 120ml,https://www.amoremall.com/kr/ko/product/detail?onlineProdSn=56901,53000.0,120ml,120.0,ml,"정제수, 폴리비닐알코올, 변성알코올, 글리세린, 부틸렌글라이콜, 층층갈고리둥굴레뿌리/뿌리줄기가루, 피이지-75, 1,2-헥산다이올, 피이지-60하이드로제네이티드캐스터오일, 벤토나이트, 잔탄검, 암모늄아크릴로일다이메틸타우레이트/브이피코폴리머, 향료, 리모넨, 인동덩굴꽃추출물, 에틸헥실글리세린, 쇠비름추출물, 프로판다이올, 둥굴레뿌리줄기가루, 꿀, 다이소듐이디티에이, 리날룰, 연꽃추출물, 각시둥굴레뿌리줄기/뿌리추출물, 지황뿌리추출물, 작약뿌리추출물, 마돈나백합비늘줄기추출물, 인삼추출물, 감초뿌리추출물, 토코페롤",설화수,설화수_옥용팩 120ml
자음생아이크림 15ml,https://www.amoremall.com/kr/ko/product/detail?onlineProdSn=62171,130000.0,15ml,15.0,ml,"정제수, 스쿠알란, 부틸렌글라이콜, 폴리글리세릴-3메틸글루코오스다이스테아레이트, 다이메티콘, 세틸에틸헥사노에이트, 프로판다이올, 글리세릴스테아레이트, 세테아릴알코올, 피토스테릴이소스테아릴다이머디리놀리에이트, 베헤닐알코올, 1,2-헥산다이올, 글리세린, 하이드로제네이티드캐스터오일아이소스테아레이트, 인삼수, 폴리아크릴레이트-13, 실리카, 암모늄아크릴로일다이메틸타우레이트/베헤네스-25메타크라일레이트크로스폴리머, 폴리아이소부텐, 향료, 하이드롤라이즈드홍삼사포닌, 글리세릴카프릴레이트, 돌콩오일, 폴리메틸메타크릴레이트, 에틸헥실글리세린, 소듐메타포스페이트, 폴리솔베이트20, 티몰트라이메톡시신나메이트, 솔비탄아이소스테아레이트, 덱스트린, 카카오추출물, 리날룰, 레티놀, 만니톨, 인삼추출물, 소듐클로라이드, 리모넨, 지황뿌리추출물, 작약뿌리추출물, 인삼꽃추출물, 둥굴레뿌리줄기추출물, 연꽃추출물, 참나리비늘줄기추출물, 카프릴릴글라이콜, 토코페롤, 아세틸헵타펩타이드-4, 아세틸테트라펩타이드-11, 헥사펩타이드-9, 아세틸헥사펩타이드-8, 소듐하이드록사이드, 아세틸옥타펩타이드-3",설화수,설화수_자음생아이크림 15ml
퍼펙팅 쿠션 SPF50+/PA+++ 15g,https://www.amoremall.com/kr/ko/product/detail?onlineProdSn=59931,41000.0,15g,15.0,g,"정제수, 티타늄디옥사이드 (CI 77891), 사이클로펜타실록세인, 호모살레이트, 다이페닐실록시페닐트라이메티콘, 에칠헥실메톡시신나메이트, 티타늄디옥사이드, 피이지-10다이메티콘, 프로판다이올, 부틸렌글라이콜다이카프릴레이트/다이카프레이트, 라우릴피이지-9폴리다이메틸실록시에틸다이메티콘, 사이클로헥사실록세인, 트라이메틸실록시실리케이트, 나이아신아마이드, 글리세린, 카프릴릴메티콘, 다이스테아다이모늄헥토라이트, 폴리메틸메타크릴레이트, 마그네슘포타슘플루오로실리케이트, 아크릴레이트/에틸헥실아크릴레이트/다이메티콘메타크릴레이트코폴리머, 황색산화철, 1,2-헥산다이올, 부틸렌글라이콜, 소듐클로라이드, 알루미나, 합성플루오르플로고파이트, 글리세릴스테아레이트시트레이트, 향료, 아크릴레이트/다이메티콘코폴리머, 알루미늄하이드록사이드, 트라이에톡시카프릴릴실레인, 폴리하이드록시스테아릭애씨드, 폴리솔베이트80, 적색산화철, 글리세릴카프릴레이트, 폴리페닐실세스퀴옥세인, 하이드로제네이티드레시틴, 아이소도데케인, 시메티콘, 카프릴릴글라이콜, 에틸헥실글리세린, 흑색산화철, 에틸헥실팔미테이트, 레시틴, 아이소스테아릭애씨드, 아이소프로필팔미테이트, 소듐하이알루로네이트, 다이소듐이디티에이, 아데노신, 폴리실리콘-11, 폴리글리세릴-3폴리리시놀리에이트, 꿀, 베타인, 지황뿌리추출물, 변성알코올, 비에이치티, 작약뿌리추출물, 마돈나백합비늘줄기추출물, 하이드로제네이티드폴리(C6-14올레핀), 둥굴레뿌리줄기추출물, 세틸에틸헥사노에이트, 하이알루로닉애씨드, 아미노프로필트라이에톡시실레인, 연꽃추출물, 폴리글리세릴-3메틸글루코오스다이스테아레이트, 토코페롤, 세테아릴알코올, 소듐스테아로일글루타메이트, 적색202호, 베타-글루칸, 매실나무꽃추출물",설화수,설화수_퍼펙팅 쿠션 SPF50+/PA+++ 15g
퍼펙팅 쿠션 에어리 SPF50+/PA+++,https://www.amoremall.com/kr/ko/product/detail?onlineProdSn=59933,89000.0,15g*2,15.0,g,"정제수, 티타늄디옥사이드 (CI 77891), 다이메티콘, 호모살레이트, 프로판다이올, 페닐트라이메티콘, 에칠헥실메톡시신나메이트, 카프릴릴메티콘, 티타늄디옥사이드, 아이소노닐아이소노나노에이트, 피이지-10다이메티콘, 사이클로펜타실록세인, 메틸트라이메티콘, 나이아신아마이드, 라우릴피이지-10트리스(트라이메틸실록시)실릴에틸다이메티콘, 1,2-헥산다이올, 다이스테아다이모늄헥토라이트, 아크릴레이트/다이메티콘코폴리머, 부틸렌글라이콜, 황색산화철, 소듐클로라이드, 알루미나, 글리세릴스테아레이트시트레이트, 솔비탄세스퀴올리에이트, 향료, 마이카, 다이소듐스테아로일글루타메이트, 합성플루오르플로고파이트, 알루미늄하이드록사이드, 아미노프로필다이메티콘, 카프릴릴글라이콜, 적색산화철, 폴리하이드록시스테아릭애씨드, 시메티콘, 에틸헥실글리세린, 다이소듐이디티에이, 에틸헥실팔미테이트, 레시틴, 아이소스테아릭애씨드, 아이소프로필팔미테이트, 흑색산화철, 아데노신, 폴리글리세릴-3폴리리시놀리에이트, 스테아로일글루타믹애씨드, 글리세린, 꿀, 지황뿌리추출물, 비에이치티, 작약뿌리추출물, 마돈나백합비늘줄기추출물, 둥굴레뿌리줄기추출물, 틴옥사이드, 트라이에톡시카프릴릴실레인, 폴리솔베이트80, 연꽃추출물, 하이드로제네이티드레시틴, 베타인, 변성알코올, 하이드로제네이티드폴리(C6-14올레핀), 토코페롤, 세틸에틸헥사노에이트, 폴리글리세릴-3메틸글루코오스다이스테아레이트, 하이알루로닉애씨드, 아미노프로필트라이에톡시실레인, 세테아릴알코올, 소듐스테아로일글루타메이트, 적색202호, 베타-글루칸, 매실나무꽃추출물",설화수,설화수_퍼펙팅 쿠션 에어리 SPF50+/PA+++
여윤팩 120ml,https://www.amoremall.com/kr/ko/product/detail?onlineProdSn=56900,65000.0,120ml,120.0,ml,"정제수, 부틸렌글라이콜, 글리세린, 세틸에틸헥사노에이트, 1,2-헥산다이올, 스쿠알란, 시어버터, 다이-C12-13알킬말레이트, 사이클로펜타실록세인, 다이메티콘, 글리세릴스테아레이트, 사이클로헥사실록세인, 트레할로오스, C14-22알코올, 팔미틱애씨드, 스테아릭애씨드, 세테아릴알코올, 하이드로제네이티드캐스터오일아이소스테아레이트, 하이드록시프로필스타치포스페이트, 피이지-100스테아레이트, 다이메티콘/비닐다이메티콘크로스폴리머, C12-20알킬글루코사이드, 폴리아크릴레이트-13, 피토스테릴/베헤닐/옥틸도데실라우로일글루타메이트, C12-16알코올, 아크릴레이트/C10-30알킬아크릴레이트크로스폴리머, 트로메타민, 향료, 잔탄검, 대추추출물, 글리세릴카프릴레이트, 호두추출물, 리모넨, 폴리아이소부텐, 황금추출물, 하이드로제네이티드레시틴, 뽕나무뿌리추출물, 다이소듐이디티에이, 에틸헥실글리세린, 덱스트린, 카카오추출물, 꿀, 리날룰, 폴리솔베이트20, 연꽃추출물, 각시둥굴레뿌리줄기/뿌리추출물, 지황뿌리추출물, 작약뿌리추출물, 마돈나백합비늘줄기추출물, 솔비탄아이소스테아레이트, 인삼추출물, 석류추출물, 프로판다이올, 시트로넬올, 시트랄, 제라니올, 미리스틱애씨드, 아라키딕애씨드, 글루코오스, 벤질벤조에이트, 감초뿌리추출물, 토코페롤, 석류나무꽃추출물",설화수,설화수_여윤팩 120ml
퍼펙팅 쿠션 에어리 SPF50+/PA+++ 15g,https://www.amoremall.com/kr/ko/product/detail?onlineProdSn=59935,41000.0,15g,15.0,g,"정제수, 티타늄디옥사이드 (CI 77891), 다이메티콘, 호모살레이트, 프로판다이올, 페닐트라이메티콘, 에칠헥실메톡시신나메이트, 카프릴릴메티콘, 티타늄디옥사이드, 아이소노닐아이소노나노에이트, 피이지-10다이메티콘, 사이클로펜타실록세인, 메틸트라이메티콘, 나이아신아마이드, 라우릴피이지-10트리스(트라이메틸실록시)실릴에틸다이메티콘, 1,2-헥산다이올, 다이스테아다이모늄헥토라이트, 아크릴레이트/다이메티콘코폴리머, 부틸렌글라이콜, 황색산화철, 소듐클로라이드, 알루미나, 글리세릴스테아레이트시트레이트, 솔비탄세스퀴올리에이트, 향료, 마이카, 다이소듐스테아로일글루타메이트, 합성플루오르플로고파이트, 알루미늄하이드록사이드, 아미노프로필다이메티콘, 카프릴릴글라이콜, 적색산화철, 폴리하이드록시스테아릭애씨드, 시메티콘, 에틸헥실글리세린, 흑색산화철, 다이소듐이디티에이, 에틸헥실팔미테이트, 레시틴, 아이소스테아릭애씨드, 아이소프로필팔미테이트, 아데노신, 스테아로일글루타믹애씨드, 폴리글리세릴-3폴리리시놀리에이트, 글리세린, 꿀, 지황뿌리추출물, 비에이치티, 작약뿌리추출물, 마돈나백합비늘줄기추출물, 둥굴레뿌리줄기추출물, 틴옥사이드, 트라이에톡시카프릴릴실레인, 폴리솔베이트80, 연꽃추출물, 하이드로제네이티드레시틴, 베타인, 변성알코올, 하이드로제네이티드폴리(C6-14올레핀), 토코페롤, 세틸에틸헥사노에이트, 폴리글리세릴-3메틸글루코오스다이스테아레이트, 하이알루로닉애씨드, 아미노프로필트라이에톡시실레인, 세테아릴알코올, 소듐스테아로일글루타메이트, 적색202호, 베타-글루칸, 매실나무꽃추출물",설화수,설화수_퍼펙팅 쿠션 에어리 SPF50+/PA+++ 15g
퍼펙팅 립컬러,https://www.amoremall.com/kr/ko/product/detail?onlineProdSn=60834,45000.0,3g,3.0,g,"하이드로제네이티드폴리(C6-14올레핀), 글리세린, 다이아이소스테아릴말레이트, 메틸하이드로제네이티드로지네이트, 하이드로제네이티드캐스터오일다이머다이리놀레에이트, 해바라기씨왁스, 호호바에스터, 쌀겨왁스, 세틸피이지/피피지-10/1다이메티콘, 폴리글리세릴-2트라이아이소스테아레이트, 다이스테아다이모늄헥토라이트, 실리카다이메틸실릴레이트, 적색산화철, 티타늄디옥사이드 (CI 77891), 폴리하이드록시스테아릭애씨드, 레시틴, 다이메티콘, 적색103호의(1), 에틸헥실팔미테이트, 아이소스테아릭애씨드, 아이소프로필미리스테이트, 글리세릴카프릴레이트, 폴리글리세릴-3폴리리시놀리에이트, 흑색산화철, 향료, 알루미나, 인삼씨오일, 시트로넬올, 리날룰, 토코페롤, 청색1호, 제라니올, 리모넨, 정제수, 프로판다이올, 부틸렌글라이콜, 펜타에리스리틸테트라-다이-T-부틸하이드록시하이드로신나메이트, 인삼추출물, 지황뿌리추출물, 작약뿌리추출물, 둥굴레뿌리줄기추출물, 연꽃추출물, 참나리비늘줄기추출물",설화수,설화수_퍼펙팅 립컬러
탄력크림 EX 75ml,https://www.amoremall.com/kr/ko/product/detail?onlineProdSn=63916,135000.0,75ml,75.0,ml,"정제수, 글리세린, 부틸렌글라이콜다이카프릴레이트/다이카프레이트, 부틸렌글라이콜, 세틸에틸헥사노에이트, 카프릴릭/카프릭트라이글리세라이드, 프로판다이올, 카프릴릴메티콘, 글리세릴스테아레이트, 폴리글리세릴-3메틸글루코오스다이스테아레이트, 1,2-헥산다이올, 다이아이소스테아릴말레이트, 다이메티콘, 트레할로오스, 스쿠알란, C9-12알케인, 피이지-100스테아레이트, 세테아릴알코올, 하이드로제네이티드폴리아이소부텐, 하이드록시에틸아크릴레이트/소듐아크릴로일다이메틸타우레이트코폴리머, 폴리아크릴레이트-13, 하이드로제네이티드캐스터오일아이소스테아레이트, 알란토인, 폴리아이소부텐, 향료, 구기자추출물, 암모늄아크릴로일다이메틸타우레이트/베헤네스-25메타크라일레이트크로스폴리머, 대추추출물, 글리세릴카프릴레이트, 코코-카프릴레이트/카프레이트, 리모넨, 카르노신, 황금추출물, 칡뿌리추출물, 솔비탄아이소스테아레이트, 풀루란, 에틸헥실글리세린, 아데노신, 폴리솔베이트60, 폴리솔베이트20, 소듐메타포스페이트, 리날룰, 다이메티콘올, 시트로넬올, 덱스트린, 카카오추출물, 뽕나무잎추출물, 시트랄, 지황뿌리추출물, 제라니올, 작약뿌리추출물, 둥굴레뿌리줄기추출물, 연꽃추출물, 벤질벤조에이트, 참나리비늘줄기추출물, 하이드롤라이즈드콩추출물, 토코페롤, 베타-글루칸",설화수,설화수_탄력크림 EX 75ml
윤조마스크 5매,https://www.amoremall.com/kr/ko/product/detail?onlineProdSn=19789,60000.0,5매(25g/매),5.0,매,"정제수, 부틸렌글라이콜, 프로판다이올, 글리세린, 베타인, 1,2-헥산다이올, 글리세릴폴리메타크릴레이트, 카보머, 트로메타민, 피피지-13-데실테트라데세스-24, 황금추출물, 에틸헥실글리세린, 아데노신, 향료, 리모넨, 다이소듐이디티에이, 잔탄검, 셀룰로오스검, 덱스트린, 카카오추출물, 꿀, 마데카소사이드, 지황뿌리추출물, 다이포타슘글리시리제이트, 3-O-에틸아스코빅애씨드, 타우린, 소엽맥문동뿌리추출물, 작약뿌리추출물, 마돈나백합비늘줄기추출물, 둥굴레뿌리줄기추출물, 바이오사카라이드검-1, 인삼추출물, 펜틸렌글라이콜, 리날룰, 연꽃추출물, 낫토검, 대추추출물, 호두추출물, 매실추출물, 시트로넬올, 토코페롤",설화수,설화수_윤조마스크 5매
윤조립밤 3g,https://www.amoremall.com/kr/ko/product/detail?onlineProdSn=60819,45000.0,3g,3.0,g,"비스-다이글리세릴폴리아실아디페이트-2, 하이드로제네이티드캐스터오일다이머다이리놀레에이트, 카프릴릭/카프릭트라이글리세라이드, 스쿠알란, 피마자씨오일, 해바라기씨왁스, 호호바씨오일, 폴리글리세릴-2트라이아이소스테아레이트, 폴리하이드록시스테아릭애씨드, C10-18트라이글리세라이즈, 셀룰로오스, 시어버터, 다이팔미토일하이드록시프롤린, 트라이베헤닌, 카카오씨버터, 수크로오스테트라스테아레이트트라이아세테이트, 부틸렌글라이콜, 실리카다이메틸실릴레이트, 칸데릴라왁스, 세틸피이지/피피지-10/1다이메티콘, 하이드롤라이즈드홍삼사포닌, 다이페닐다이메티콘, 향료, 인삼씨오일, 시트로넬올, 리날룰, 제라니올, 리모넨, 정제수, 프로판다이올, 펜타에리스리틸테트라-다이-T-부틸하이드록시하이드로신나메이트, 인삼추출물, 꿀, 지황뿌리추출물, 작약뿌리추출물, 마돈나백합비늘줄기추출물, 둥굴레뿌리줄기추출물, 연꽃추출물",설화수,설화수_윤조립밤 3g
상백선크림 SPF50+/PA++++ 50ml,https://www.amoremall.com/kr/ko/product/detail?onlineProdSn=60647,90000.0,50ml,50.0,ml,"정제수, 프로판다이올, C12-15알킬벤조에이트, 글리세린, 디에칠아미노하이드록시벤조일헥실벤조에이트, 호모살레이트, 에칠헥실살리실레이트, 스쿠알란, 나이아신아마이드, 다이메티콘, 티타늄디옥사이드, 테레프탈릴리덴디캠퍼설포닉애씨드, 포타슘세틸포스페이트, 세테아릴알코올, 비스-에칠헥실옥시페놀메톡시페닐트리아진, 다이아이소프로필세바케이트, 1,2-헥산다이올, 트로메타민, 부틸렌글라이콜, 암모늄아크릴로일다이메틸타우레이트/브이피코폴리머, 다이메티콘/비닐다이메티콘크로스폴리머, 알루미늄스테아레이트, 폴리하이드록시스테아릭애씨드, 폴리아크릴레이트크로스폴리머-6, 폴리아크릴레이트-13, 향료, 아크릴레이트/C10-30알킬아크릴레이트크로스폴리머, 에틸헥실글리세린, 리모넨, 알루미나, 폴리아이소부텐, 황금추출물, 다이소듐이디티에이, 아데노신, 매실추출물, 뽕나무뿌리추출물, 리날룰, 폴리솔베이트20, 솔비탄아이소스테아레이트, 폴리메틸메타크릴레이트, 인삼추출물, 시트로넬올, 시트랄, 티몰트라이메톡시신나메이트, 제라니올, 벤질벤조에이트, 토코페롤, 뽕나무열매추출물",설화수,설화수_상백선크림 SPF50+/PA++++ 50ml
퍼펙팅 트윈 케이크,https://www.amoremall.com/kr/ko/product/detail?onlineProdSn=63001,75000.0,11g,11.0,g,"마이카, 탤크, 티타늄디옥사이드 (CI 77891), 티타늄디옥사이드, 실리카, 보론나이트라이드, 페닐트라이메티콘, 나일론6/12, 징크옥사이드, 부틸렌글라이콜다이카프릴레이트/다이카프레이트, 폴리글리세릴-2트라이아이소스테아레이트, 황색산화철, 피이지-10다이메티콘, 메티콘, 라우로일라이신, 다이메티콘, 하이드로제네이티드레시틴, 적색산화철, 트라이에톡시카프릴릴실레인, 에틸헥실글리세린, 향료, 흑색산화철, 글리세릴카프릴레이트, 알루미늄하이드록사이드, 리날룰, 정제수, 리모넨, 제라니올, 벤질벤조에이트, 부틸렌글라이콜, 시트로넬올, 글리세린, 시트랄, 프로판다이올, 토코페롤, 꿀, 매실나무꽃추출물, 지황뿌리추출물, 베타-글루칸, 작약뿌리추출물, 마돈나백합비늘줄기추출물, 둥굴레뿌리줄기추출물, 연꽃추출물",설화수,설화수_퍼펙팅 트윈 케이크
진설수유액 2종 세트,https://www.amoremall.com/kr/ko/product/detail?onlineProdSn=60982,310000.0,"[본품] 진설수 150ml, 진설유액 125ml / [견본] 진설수 25ml, 진설유액 25ml, 진설크림 5ml, 진설세럼 5ml",150.0,ml,"[진설수] 정제수, 부틸렌글라이콜, 글리세린, 변성알코올, 1,2-헥산다이올, 하이드로제네이티드폴리(C6-14올레핀), 폴리글리세릴-3메틸글루코오스다이스테아레이트, 스쿠알란, 글리세레스-26, 카보머, 나이아신아마이드, 다이메티콘, 부틸렌글라이콜다이카프릴레이트/다이카프레이트, 세틸에틸헥사노에이트, 펜타에리스리틸테트라아이소스테아레이트, 향료, 에틸헥실글리세린, 메틸글루코오스세스퀴스테아레이트, 아데노신, 프로판다이올, 세테아릴글루코사이드, 메톡시피이지-114/폴리엡실론카프로락톤, 잔탄검, 엑토인, 바이오플라보노이드, 벤질살리실레이트, 하이드롤라이즈드홍삼사포닌, 페녹시에탄올, 뽕나무잎추출물, 지황뿌리추출물, 작약뿌리추출물, 둥굴레뿌리줄기추출물, 시트로넬올, 리모넨, 연꽃추출물, 참나리비늘줄기추출물, 인삼열매추출물, 카프릴릴글라이콜, 토코페롤, 아세틸헵타펩타이드-4, 아세틸헥사펩타이드-8, 소듐하이드록사이드, 아세틸옥타펩타이드-3 / [진설유액] 정제수, 부틸렌글라이콜, 글리세린, 다이메티콘, 스쿠알란, 카프릴릭/카프릭트라이글리세라이드, 메도우폼씨오일, 1,2-헥산다이올, 하이드로제네이티드캐스터오일아이소스테아레이트, 피이지-40스테아레이트, 하이드로제네이티드식물성오일, 글리세릴스테아레이트, 세테아릴알코올, 글리세릴스테아레이트시트레이트, 스테아릭애씨드, 소듐폴리아크릴레이트, 잔탄검, 팔미틱애씨드, 하이드로제네이티드폴리데센, 피이지-100스테아레이트, 메톡시피이지-114/폴리엡실론카프로락톤, 향료, 에틸헥실글리세린, 글리세릴카프릴레이트, 소듐메타포스페이트, 아데노신, 프로판다이올, 하이드롤라이즈드홍삼사포닌, 피피지-5-라우레스-5, 페녹시에탄올, 마데카소사이드, 바이오플라보노이드, 벤질살리실레이트, 하이드록시프로필사이클로덱스트린, 뽕나무잎추출물, 지황뿌리추출물, 작약뿌리추출물, 둥굴레뿌리줄기추출물, 리모넨, 합성왁스, 인삼열매추출물, 연꽃추출물, 레시틴, 하이드롤라이즈드프로안토시아니딘, 참나리비늘줄기추출물, 하이드로제네이티드레시틴, 판테놀, 폴리글리세릴-10스테아레이트, 토코페롤, 카프릴릴글라이콜, 아세틸헵타펩타이드-4, 세라마이드엔피, 콜레스테롤, 아세틸헥사펩타이드-8, 소듐하이드록사이드, 아세틸옥타펩타이드-3",설화수,설화수_진설수유액 2종 세트
본윤선크림 SPF50+/PA++++ 50ml,https://www.amoremall.com/kr/ko/product/detail?onlineProdSn=14935,40000.0,50ml,50.0,ml,"정제수, 부틸렌글라이콜, 에칠헥실메톡시신나메이트, 글리세린, 에칠헥실살리실레이트, 비스-에칠헥실옥시페놀메톡시페닐트리아진, 디에칠아미노하이드록시벤조일헥실벤조에이트, 실리카, 세틸에틸헥사노에이트, 테레프탈릴리덴디캠퍼설포닉애씨드, 사이클로펜타실록세인, 트로메타민, 폴리메틸메타크릴레이트, 1,2-헥산다이올, 세테아릴알코올, 사이클로헥사실록세인, 하이드록시프로필스타치포스페이트, 포타슘세틸포스페이트, 하이드록시에틸아크릴레이트/소듐아크릴로일다이메틸타우레이트코폴리머, 쇠비름추출물, 글리세릴스테아레이트, 아크릴레이트/C10-30알킬아크릴레이트크로스폴리머, 향료, 하이드로제네이티드레시틴, 글리세릴카프릴레이트, 스테아릭애씨드, 폴리글리세릴-3메틸글루코오스다이스테아레이트, 팔미틱애씨드, 에틸헥실글리세린, 다이소듐이디티에이, 리모넨, 아데노신, 솔비탄아이소스테아레이트, 리날룰, 벤질벤조에이트, 인삼추출물, 페녹시에탄올, 비에이치티, 가시오갈피뿌리추출물, 황벽나무껍질추출물, 생강뿌리줄기추출물, 황금추출물, 영지버섯추출물, 신나밀알코올, 미리스틱애씨드, 쌀발효여과물, 라우릭애씨드, 토코페롤",설화수,설화수_본윤선크림 SPF50+/PA++++ 50ml
퍼펙팅 쿠션 SPF50+/PA+++,https://www.amoremall.com/kr/ko/product/detail?onlineProdSn=59929,89000.0,15g*2,15.0,g,"정제수, 티타늄디옥사이드 (CI 77891), 사이클로펜타실록세인, 호모살레이트, 다이페닐실록시페닐트라이메티콘, 에칠헥실메톡시신나메이트, 티타늄디옥사이드, 피이지-10다이메티콘, 프로판다이올, 부틸렌글라이콜다이카프릴레이트/다이카프레이트, 라우릴피이지-9폴리다이메틸실록시에틸다이메티콘, 사이클로헥사실록세인, 트라이메틸실록시실리케이트, 나이아신아마이드, 글리세린, 카프릴릴메티콘, 폴리메틸메타크릴레이트, 다이스테아다이모늄헥토라이트, 마그네슘포타슘플루오로실리케이트, 아크릴레이트/에틸헥실아크릴레이트/다이메티콘메타크릴레이트코폴리머, 황색산화철, 1,2-헥산다이올, 부틸렌글라이콜, 소듐클로라이드, 알루미나, 합성플루오르플로고파이트, 글리세릴스테아레이트시트레이트, 향료, 아크릴레이트/다이메티콘코폴리머, 알루미늄하이드록사이드, 트라이에톡시카프릴릴실레인, 폴리하이드록시스테아릭애씨드, 폴리솔베이트80, 글리세릴카프릴레이트, 폴리페닐실세스퀴옥세인, 적색산화철, 하이드로제네이티드레시틴, 아이소도데케인, 시메티콘, 카프릴릴글라이콜, 에틸헥실글리세린, 에틸헥실팔미테이트, 레시틴, 아이소스테아릭애씨드, 아이소프로필팔미테이트, 소듐하이알루로네이트, 다이소듐이디티에이, 아데노신, 폴리실리콘-11, 폴리글리세릴-3폴리리시놀리에이트, 흑색산화철, 꿀, 베타인, 지황뿌리추출물, 변성알코올, 비에이치티, 작약뿌리추출물, 마돈나백합비늘줄기추출물, 하이드로제네이티드폴리(C6-14올레핀), 둥굴레뿌리줄기추출물, 세틸에틸헥사노에이트, 하이알루로닉애씨드, 아미노프로필트라이에톡시실레인, 연꽃추출물, 폴리글리세릴-3메틸글루코오스다이스테아레이트, 토코페롤, 세테아릴알코올, 소듐스테아로일글루타메이트, 적색202호, 베타-글루칸, 매실나무꽃추출물",설화수,설화수_퍼펙팅 쿠션 SPF50+/PA+++
자음생크림 리치 단품세트 50ml,https://www.amoremall.com/kr/ko/product/detail?onlineProdSn=64217,270000.0,50ml,50.0,ml,"정제수, 글리세린, 스쿠알란, 부틸렌글라이콜, 트레할로오스, 메도우폼씨오일, 카프릴릴메티콘, 글리세릴스테아레이트, 다이메티콘, 피토스테릴이소스테아릴다이머디리놀리에이트, 옥틸도데실미리스테이트, 피이지-40스테아레이트, 피토스테릴/베헤닐/옥틸도데실라우로일글루타메이트, 해바라기씨오일, 호호바에스터, 팔미틱애씨드, 피이지-100스테아레이트, 스테아릭애씨드, 프로판다이올, 메톡시피이지-114/폴리엡실론카프로락톤, 망고씨버터, 폴리아크릴레이트-13, 세테아릴알코올, 돌콩오일, 페녹시에탄올, 피이지-30다이폴리하이드록시스테아레이트, 세틸피이지/피피지-10/1다이메티콘, 향료, 하이드로제네이티드식물성오일, 프로필렌글라이콜, 돌콩스테롤, 폴리아이소부텐, 아세틸글루코사민, 인삼추출물, 폴리쿼터늄-51, 토코페롤, 카나우바왁스, 토코페릴리놀리에이트, 하이드롤라이즈드홍삼사포닌, 헥실라우레이트, 아보카도오일, 판테틴, 살리실릭애씨드, 라우릴피이지/피피지-18/18메티콘, 에틸헥실글리세린, 치자추출물, 포도잎추출물, 폴리솔베이트20, 리날룰, 솔비탄아이소스테아레이트, 1,2-헥산다이올, 베타-글루칸, 레티놀, 소듐메타포스페이트, 덱스트린, 다이메티콘올, 소듐하이알루로네이트, 피토스핑고신, 만니톨, 리모넨, 아이소스테아릴알코올, 소듐클로라이드, 아스코빌팔미테이트, 하이드로제네이티드식물성글리세라이즈시트레이트, 지황뿌리추출물, 작약뿌리추출물, 인삼꽃추출물, 둥굴레뿌리줄기추출물, 알파-아이소메틸아이오논, 레시틴, 연꽃추출물, 참나리비늘줄기추출물, 티비에이치큐, 카프릴릴글라이콜, 아세틸헵타펩타이드-4, 펜타에리스리틸테트라-다이-T-부틸하이드록시하이드로신나메이트, 아세틸테트라펩타이드-11, 헥사펩타이드-9, 아세틸헥사펩타이드-8, 소듐하이드록사이드, 아세틸옥타펩타이드-3",설화수,설화수_자음생크림 리치 단품세트 50ml
자음생유액 125ml,https://www.amoremall.com/kr/ko/product/detail?onlineProdSn=62164,115000.0,125ml,125.0,ml,"정제수, 부틸렌글라이콜, 인삼수, 글리세린, 펜타에리스리틸테트라에틸헥사노에이트, 하이드로제네이티드폴리(C6-14올레핀), 다이메티콘, 1,2-헥산다이올, 시어버터, 폴리글리세릴-3메틸글루코오스다이스테아레이트, 다이메티콘/비닐다이메티콘크로스폴리머, 글리세릴스테아레이트, 카보머, 세테아릴알코올, 글리세릴스테아레이트시트레이트, 하이드로제네이티드식물성오일, 하이드록시에틸아크릴레이트/소듐아크릴로일다이메틸타우레이트코폴리머, 향료, 스테아릭애씨드, 트로메타민, 메톡시피이지-114/폴리엡실론카프로락톤, 잔탄검, 글리세릴카프릴레이트, 팔미틱애씨드, 에틸헥실글리세린, 소듐메타포스페이트, 아데노신, 하이드롤라이즈드홍삼사포닌, 리날룰, 구기자추출물, 솔비탄아이소스테아레이트, 폴리솔베이트60, 페녹시에탄올, 세라마이드엔피, 만니톨, 칡뿌리추출물, 소듐클로라이드, 인삼추출물, 리모넨, 뽕나무잎추출물, 지황뿌리추출물, 작약뿌리추출물, 둥굴레뿌리줄기추출물, 연꽃추출물, 참나리비늘줄기추출물, 토코페롤, 카프릴릴글라이콜, 하이드롤라이즈드콩추출물, 아세틸헵타펩타이드-4, 아세틸테트라펩타이드-11, 헥사펩타이드-9, 아세틸헥사펩타이드-8, 소듐하이드록사이드, 아세틸옥타펩타이드-3",설화수,설화수_자음생유액 125ml
탄력크림 EX 50ml,https://www.amoremall.com/kr/ko/product/detail?onlineProdSn=63914,100000.0,50ml,50.0,ml,"정제수, 글리세린, 부틸렌글라이콜다이카프릴레이트/다이카프레이트, 부틸렌글라이콜, 세틸에틸헥사노에이트, 카프릴릭/카프릭트라이글리세라이드, 프로판다이올, 카프릴릴메티콘, 글리세릴스테아레이트, 폴리글리세릴-3메틸글루코오스다이스테아레이트, 1,2-헥산다이올, 다이아이소스테아릴말레이트, 다이메티콘, 트레할로오스, 스쿠알란, C9-12알케인, 피이지-100스테아레이트, 세테아릴알코올, 하이드로제네이티드폴리아이소부텐, 하이드록시에틸아크릴레이트/소듐아크릴로일다이메틸타우레이트코폴리머, 폴리아크릴레이트-13, 하이드로제네이티드캐스터오일아이소스테아레이트, 알란토인, 폴리아이소부텐, 향료, 구기자추출물, 암모늄아크릴로일다이메틸타우레이트/베헤네스-25메타크라일레이트크로스폴리머, 대추추출물, 글리세릴카프릴레이트, 코코-카프릴레이트/카프레이트, 리모넨, 카르노신, 황금추출물, 칡뿌리추출물, 솔비탄아이소스테아레이트, 풀루란, 에틸헥실글리세린, 아데노신, 폴리솔베이트60, 폴리솔베이트20, 소듐메타포스페이트, 리날룰, 다이메티콘올, 시트로넬올, 덱스트린, 카카오추출물, 뽕나무잎추출물, 시트랄, 지황뿌리추출물, 제라니올, 작약뿌리추출물, 둥굴레뿌리줄기추출물, 연꽃추출물, 벤질벤조에이트, 참나리비늘줄기추출물, 하이드롤라이즈드콩추출물, 토코페롤, 베타-글루칸",설화수,설화수_탄력크림 EX 50ml
NEW 자음생클렌징폼 150g,https://www.amoremall.com/kr/ko/product/detail?onlineProdSn=66233,68000.0,150g,150.0,g,"정제수, 글리세린, 포타슘코코일글리시네이트, 소듐라우로일글루타메이트, 글리세릴스테아레이트, 글라이콜다이스테아레이트, 소듐코코일글라이시네이트, 라우릴하이드록시설테인, 시트릭애씨드, 코코-글루코사이드, 하이드록시프로필스타치포스페이트, 향료, 데실글루코사이드, 부틸렌글라이콜, 소듐클로라이드, 소듐메타포스페이트, 글리세릴카프릴레이트, 하이드록시프로필구아하이드록시프로필트라이모늄클로라이드, 스핑고모나스발효추출물, 프로판다이올, 리날룰, 에틸헥실글리세린, 덱스트린, 카카오추출물, 리모넨, 메톡시피이지-114/폴리엡실론카프로락톤, 만니톨, 잇꽃꽃추출물, 지황뿌리추출물, 작약뿌리추출물, 하이드롤라이즈드홍삼사포닌, 둥굴레뿌리줄기추출물, 1,2-헥산다이올, 페녹시에탄올, 연꽃추출물, 인삼추출물, 참나리비늘줄기추출물, 토코페롤, 다이소듐이디티에이, 아세틸테트라펩타이드-11, 피씨에이, 락틱애씨드, 글루코오스, 카프릴릴글라이콜, 글라이신, 우레아, 소듐글리세로포스페이트, 세린, 글루타믹애씨드, 아세틸헵타펩타이드-4, 포타슘마그네슘아스파테이트, 아스파틱애씨드, 류신, 알라닌, 라이신, 알지닌, 칼슘글루코네이트, 마그네슘글루코네이트, 타이로신, 페닐알라닌, 프롤린, 트레오닌, 발린, 아이소류신, 헥사펩타이드-9, 히스티딘, 아세틸글루코사민, 시스테인, 크레아틴, 우릭애씨드, 아세틸헥사펩타이드-8, 메티오닌, 소듐하이드록사이드, 아세틸옥타펩타이드-3",설화수,설화수_NEW 자음생클렌징폼 150g
자음생앰플 20g,https://www.amoremall.com/kr/ko/product/detail?onlineProdSn=62172,150000.0,20g,20.0,g,"1제: 정제수, 부틸렌글라이콜, 1,2-헥산다이올, 인삼열매추출물, 덱스트린, 카카오추출물, 에틸헥실글리세린, 사이아노코발아민 2제: 정제수, 부틸렌글라이콜, 글리세린, 피이지/피피지-17/6코폴리머, 다이프로필렌글라이콜, 폴리솔베이트80, 1,2-헥산다이올, 다이에톡시에틸석시네이트, 비스-피이지-18메틸에터다이메틸실레인, 피이지-150다이스테아레이트, 폴리솔베이트20, 올리브오일피이지-8에스터, 향료, 다이포타슘글리시리제이트, 만니톨, 펜틸렌글라이콜, 아데노신, 에틸헥실글리세린, 메톡시피이지-114/폴리엡실론카프로락톤, 리날룰, 소듐메타포스페이트, 마데카소사이드, 타우린, 잔탄검, 소듐클로라이드, 인삼추출물, 벤질벤조에이트, 하이드롤라이즈드홍삼사포닌, 서양톱풀추출물, 지황뿌리추출물, 인삼잎/줄기추출물, 페녹시에탄올, 알파-아이소메틸아이오논, 작약뿌리추출물, 인삼꽃추출물, 둥굴레뿌리줄기추출물, 리모넨, 시트로넬올, 연꽃추출물, 참나리비늘줄기추출물, 토코페롤, 스페인감초뿌리추출물, 아세틸테트라펩타이드-11, 카프릴릴글라이콜, 아세틸헵타펩타이드-4, 헥사펩타이드-9, 아세틸헥사펩타이드-8, 소듐하이드록사이드, 아세틸옥타펩타이드-3",설화수,설화수_자음생앰플 20g
자음생캡슐세럼 단품세트,https://www.amoremall.com/kr/ko/product/detail?onlineProdSn=62213,235000.0,50ml,50.0,ml,"정제수, 부틸렌글라이콜, 글리세린, 메틸글루세스-20, 세틸에틸헥사노에이트, 베헤닐알코올, 베타인, 1,2-헥산다이올, 메톡시피이지-114/폴리엡실론카프로락톤, 나이아신아마이드, 카보머, 트로메타민, 페닐트라이메티콘, 카프릴릴메티콘, 호호바에스터, 향료, 하이드롤라이즈드홍삼사포닌, 글리세릴카프릴레이트, 페녹시에탄올, 아라키딜알코올, 에틸헥실글리세린, 덱스트린, 카카오추출물, 소듐메타포스페이트, 리날룰, 아라키딜글루코사이드, 판테놀, 만니톨, 인삼씨오일, 돌콩오일, 인삼추출물, 소듐클로라이드, 인삼잎/줄기추출물, 리모넨, 지황뿌리추출물, 작약뿌리추출물, 인삼꽃추출물, 둥굴레뿌리줄기추출물, 연꽃추출물, 레티놀, 프로판다이올, 참나리비늘줄기추출물, 하이드로제네이티드레시틴, 소듐하이알루로네이트, 토코페롤, 카프릴릴글라이콜, 펜타에리스리틸테트라-다이-T-부틸하이드록시하이드로신나메이트, 피토스핑고신, 소듐폴리아스파테이트, 하이드롤라이즈드하이알루로닉애씨드, 아세틸헵타펩타이드-4, 소듐하이알루로네이트크로스폴리머, 아세틸테트라펩타이드-11, 소듐메틸스테아로일타우레이트, 하이알루로닉애씨드, 아세틸헥사펩타이드-8, 소듐하이드록사이드, 헥사펩타이드-9, 소듐아세틸레이티드하이알루로네이트, 아세틸옥타펩타이드-3",설화수,설화수_자음생캡슐세럼 단품세트
자음생캡슐세럼 50ml,https://www.amoremall.com/kr/ko/product/detail?onlineProdSn=62174,235000.0,50ml,50.0,ml,"정제수, 부틸렌글라이콜, 글리세린, 메틸글루세스-20, 세틸에틸헥사노에이트, 베헤닐알코올, 베타인, 1,2-헥산다이올, 메톡시피이지-114/폴리엡실론카프로락톤, 나이아신아마이드, 카보머, 트로메타민, 페닐트라이메티콘, 카프릴릴메티콘, 호호바에스터, 향료, 하이드롤라이즈드홍삼사포닌, 글리세릴카프릴레이트, 페녹시에탄올, 아라키딜알코올, 에틸헥실글리세린, 덱스트린, 카카오추출물, 소듐메타포스페이트, 리날룰, 아라키딜글루코사이드, 판테놀, 만니톨, 인삼씨오일, 돌콩오일, 인삼추출물, 소듐클로라이드, 인삼잎/줄기추출물, 리모넨, 지황뿌리추출물, 작약뿌리추출물, 인삼꽃추출물, 둥굴레뿌리줄기추출물, 연꽃추출물, 레티놀, 프로판다이올, 참나리비늘줄기추출물, 하이드로제네이티드레시틴, 소듐하이알루로네이트, 토코페롤, 카프릴릴글라이콜, 펜타에리스리틸테트라-다이-T-부틸하이드록시하이드로신나메이트, 피토스핑고신, 소듐폴리아스파테이트, 하이드롤라이즈드하이알루로닉애씨드, 아세틸헵타펩타이드-4, 소듐하이알루로네이트크로스폴리머, 아세틸테트라펩타이드-11, 소듐메틸스테아로일타우레이트, 하이알루로닉애씨드, 아세틸헥사펩타이드-8, 소듐하이드록사이드, 헥사펩타이드-9, 소듐아세틸레이티드하이알루로네이트, 아세틸옥타펩타이드-3",설화수,설화수_자음생캡슐세럼 50ml
백삼팩 120ml,https://www.amoremall.com/kr/ko/product/detail?onlineProdSn=58563,72000.0,120ml,120.0,ml,"정제수, 글리세린, 다이메티콘, 메틸글루세스-20, 부틸렌글라이콜, 피이지-15글리세릴아이소스테아레이트, 인삼가루, 변성알코올, 폴리글리세린-3, 글리세릴폴리메타크릴레이트, 피브이피, 1,2-헥산다이올, 암모늄아크릴로일다이메틸타우레이트/브이피코폴리머, 아크릴레이트/C10-30알킬아크릴레이트크로스폴리머, 호두나무열매껍질가루, 트로메타민, 잔탄검, 향료, 프로판다이올, 다이소듐이디티에이, 리모넨, 꿀, 메톡시피이지-114/폴리엡실론카프로락톤, 연꽃추출물, 각시둥굴레뿌리줄기/뿌리추출물, 지황뿌리추출물, 작약뿌리추출물, 마돈나백합비늘줄기추출물, 인삼추출물, 백화사설초추출물, 감초뿌리추출물, 페녹시에탄올, 하이드롤라이즈드인삼사포닌, 에틸헥실글리세린",설화수,설화수_백삼팩 120ml
자음생수 150ml,https://www.amoremall.com/kr/ko/product/detail?onlineProdSn=62163,110000.0,150ml,150.0,ml,"정제수, 글리세린, 부틸렌글라이콜, 인삼수, 변성알코올, 1,2-헥산다이올, 글리세릴폴리메타크릴레이트, 나이아신아마이드, 메틸글루세스-20, 피피지-13-데실테트라데세스-24, 비스-피이지-18메틸에터다이메틸실레인, 카보머, 트로메타민, 프로판다이올, 만니톨, 에틸헥실글리세린, 소듐메타포스페이트, 향료, 아데노신, 소듐하이알루로네이트, 잔탄검, 셀룰로오스검, 구기자추출물, 칡뿌리추출물, 리날룰, 소듐클로라이드, 인삼추출물, 베타-글루칸, 하이드롤라이즈드홍삼사포닌, 뽕나무잎추출물, 지황뿌리추출물, 작약뿌리추출물, 둥굴레뿌리줄기추출물, 리모넨, 연꽃추출물, 참나리비늘줄기추출물, 토코페롤, 아세틸테트라펩타이드-11, 카프릴릴글라이콜, 하이드롤라이즈드콩추출물, 아세틸헵타펩타이드-4, 헥사펩타이드-9, 아세틸헥사펩타이드-8, 소듐하이드록사이드, 아세틸옥타펩타이드-3",설화수,설화수_자음생수 150ml
자음생마스크EX 5매,https://www.amoremall.com/kr/ko/product/detail?onlineProdSn=20214,120000.0,5매,5.0,매,"정제수, 부틸렌글라이콜, 글리세린, 스쿠알란, 펜타에리스리틸테트라에틸헥사노에이트, 아라키딜알코올, 다이메티콘, 베헤닐알코올, 시어버터, 사이클로펜타실록세인, 아라키딜글루코사이드, 세틸에틸헥사노에이트, 사이클로헥사실록세인, 하이드록시에틸아크릴레이트/소듐아크릴로일다이메틸타우레이트코폴리머, 페녹시에탄올, 인삼추출물, 부틸렌글라이콜다이카프릴레이트/다이카프레이트, 트라이에틸헥사노인, 폴리아크릴레이트-13, 피이지-10다이메티콘, 향료, 라우릴피이지-9폴리다이메틸실록시에틸다이메티콘, 세틸피이지/피피지-10/1다이메티콘, 폴리아이소부텐, 다이스테아다이모늄헥토라이트, 메톡시피이지-114/폴리엡실론카프로락톤, 다이소듐이디티에이, 프로판다이올, 하이드록시프로필사이클로덱스트린, 아데노신, 솔비탄아이소스테아레이트, 에틸헥실글리세린, 1,2-헥산다이올, 폴리솔베이트60, 들깨추출물, 리날룰, 덱스트린, 하이드롤라이즈드홍삼사포닌, 폴리솔베이트20, 글루코오스, 잇꽃꽃추출물, 치자추출물, 리모넨, 하이드롤라이즈드프로안토시아니딘, 꿀, 소듐클로라이드, 하이드로제네이티드레시틴, 지황뿌리추출물, 감초뿌리추출물, 인삼꽃추출물, 작약뿌리추출물, 마돈나백합비늘줄기추출물, 둥굴레뿌리줄기추출물, 연꽃추출물, 피토스핑고신, 소듐폴리아스파테이트, 카프릴릴글라이콜, 소듐메틸스테아로일타우레이트, 토코페롤, 아세틸헵타펩타이드-4, 펜타에리스리틸테트라-다이-T-부틸하이드록시하이드로신나메이트, 아세틸헥사펩타이드-8, 소듐하이드록사이드, 아세틸옥타펩타이드-3",설화수,설화수_자음생마스크EX 5매
본윤에센스 140ml,https://www.amoremall.com/kr/ko/product/detail?onlineProdSn=18880,73000.0,140ml,140.0,ml,"정제수, 부틸렌글라이콜, 변성알코올, 베타인, 1,2-헥산다이올, 나이아신아마이드, 피이지/피피지-17/6코폴리머, 글리세릴폴리메타크릴레이트, 피이지-60하이드로제네이티드캐스터오일, 비스-피이지-18메틸에터다이메틸실레인, 카보머, 향료, 트로메타민, 프로판다이올, 에틸헥실글리세린, 사카라이드하이드롤리세이트, 아데노신, 리모넨, 다이소듐이디티에이, 리날룰, 메틸트라이메티콘, 페녹시에탄올, 소엽맥문동뿌리추출물, 카라기난, 벤질벤조에이트, 인삼추출물, 가시오갈피뿌리추출물, 황벽나무껍질추출물, 생강뿌리줄기추출물, 황금추출물, 프로필렌글라이콜, 펜틸렌글라이콜, 감초뿌리추출물, 영지버섯추출물, 신나밀알코올, 쌀발효여과물, 낫토검, 하이드로제네이티드레시틴, 토코페롤, 시트릭애씨드",설화수,설화수_본윤에센스 140ml
시그니처 진생 페이셜 솝 1입 120g,https://www.amoremall.com/kr/ko/product/detail?onlineProdSn=62617,33000.0,120g,120.0,g,"정제수, 미리스틱애씨드, 글리세린, 라우릭애씨드, 팔미틱애씨드, 부틸렌글라이콜, 소듐하이드록사이드, 포타슘하이드록사이드, 스테아릭애씨드, 글리세릴스테아레이트, 향료, 폴리쿼터늄-22, 카나우바왁스, 리모넨, 티타늄디옥사이드 (CI 77891), 리날룰, 소듐메타포스페이트, 유제놀, 1,2-헥산다이올, 인삼꽃추출물, 인삼추출물, 에틸헥실글리세린",설화수,설화수_시그니처 진생 페이셜 솝 1입 120g
상백선플루이드 SPF50+/PA+++ 50ml,https://www.amoremall.com/kr/ko/product/detail?onlineProdSn=60646,60000.0,50ml,50.0,ml,"정제수, 다이메티콘, 징크옥사이드, 에칠헥실메톡시신나메이트, 아이소도데케인, 다이아이소프로필세바케이트, 변성알코올, 부틸렌글라이콜, 글리세린, 메틸트라이메티콘, 아이소프로필팔미테이트, 옥토크릴렌, 메틸메타크릴레이트크로스폴리머, 폴리메틸실세스퀴옥세인, 트라이메틸실록시실리케이트, 나이아신아마이드, 라우릴피이지-9폴리다이메틸실록시에틸다이메티콘, 디에칠아미노하이드록시벤조일헥실벤조에이트, 티타늄디옥사이드, 보론나이트라이드, 마이카, 1,2-헥산다이올, 비스-에칠헥실옥시페놀메톡시페닐트리아진, 나일론-12, 트라이에톡시카프릴릴실레인, 아이소스테아릭애씨드, 폴리글리세릴-3폴리다이메틸실록시에틸다이메티콘, 스테아릭애씨드, 다이스테아다이모늄헥토라이트, 알루미늄하이드록사이드, 향료, 카프릴릴글라이콜, 리모넨, 황금추출물, 다이소듐이디티에이, 에틸헥실글리세린, 메티콘, 아데노신, 매실추출물, 뽕나무뿌리추출물, 리날룰, 폴리메틸메타크릴레이트, 인삼추출물, 시트로넬올, 비에이치티, 시트랄, 티몰트라이메톡시신나메이트, 제라니올, 벤질벤조에이트, 토코페롤, 뽕나무열매추출물",설화수,설화수_상백선플루이드 SPF50+/PA+++ 50ml
퍼펙팅 파우더 20g,https://www.amoremall.com/kr/ko/product/detail?onlineProdSn=17001,65000.0,20g,20.0,g,"탤크, 마이카, 다이메티콘/비닐다이메티콘크로스폴리머, 에틸렌/아크릴릭애씨드코폴리머, 바륨설페이트, 티타늄디옥사이드 (CI 77891), 스쿠알란, 피씨에이다이메티콘, 하이드로제네이티드레시틴, 에틸헥실글리세린, 향료, 글리세릴카프릴레이트, 다이메티콘올, 리날룰, 정제수, 리모넨, 마그네슘미리스테이트, 제라니올, 벤질벤조에이트, 틴옥사이드, 적색산화철, 폴리메틸실세스퀴옥세인, 부틸렌글라이콜, 시트로넬올, 글리세린, 시트랄, 메톡시피이지-114/폴리엡실론카프로락톤, 프로판다이올, 트라이에톡시카프릴릴실레인, 토코페롤, 매실추출물, 참깨추출물, 잣나무씨추출물, 모과추출물, 찔레꽃열매추출물, 페녹시에탄올, 매실나무꽃추출물, 베타-글루칸, 꿀, 지황뿌리추출물, 작약뿌리추출물, 마돈나백합비늘줄기추출물, 둥굴레뿌리줄기추출물, 연꽃추출물",설화수,설화수_퍼펙팅 파우더 20g
본윤유액 90ml,https://www.amoremall.com/kr/ko/product/detail?onlineProdSn=18291,52000.0,90ml,90.0,ml,"정제수, 프로판다이올, 글리세린, 스쿠알란, 카프릴릭/카프릭트라이글리세라이드, 펜타에리스리틸테트라에틸헥사노에이트, 베헤닐알코올, 다이메티콘, 부틸렌글라이콜, 1, 2-헥산다이올, 글리세릴스테아레이트, 스테아릭애씨드, 하이드로제네이티드레시틴, 콜레스테롤, 팔미틱애씨드, 합성플루오르플로고파이트, 향료, 티타늄디옥사이드 (CI 77891), 하이드록시프로필비스팔미타마이드엠이에이, 잔탄검, 글리세릴카프릴레이트, 카보머, 트로메타민, 다이소듐이디티에이, 리모넨, 에틸헥실글리세린, 아데노신, 리날룰, 페녹시에탄올, 비타민나무열매추출물, 원추리꽃추출물, 감초뿌리추출물, 소엽맥문동뿌리추출물, 벤질벤조에이트, 인삼추출물, 틴옥사이드, 가시오갈피뿌리추출물, 황벽나무껍질추출물, 생강뿌리줄기추출물, 황금추출물, 미리스틱애씨드, 아라키딕애씨드, 신나밀알코올, 영지버섯추출물, 쌀발효여과물, 시트랄, 제라니올, 토코페롤",설화수,설화수_본윤유액 90ml
자음생크림 단품세트 50ml,https://www.amoremall.com/kr/ko/product/detail?onlineProdSn=64254,270000.0,50ml,50.0,ml,"정제수, 부틸렌글라이콜, 다이메티콘, 글리세린, 트라이에틸헥사노인, 스쿠알란, 하이드로제네이티드폴리아이소부텐, 1,2-헥산다이올, 비닐다이메티콘/메티콘실세스퀴옥세인크로스폴리머, 하이드록시에틸아크릴레이트/소듐아크릴로일다이메틸타우레이트코폴리머, 세테아릴올리베이트, 메톡시피이지-114/폴리엡실론카프로락톤, 세테아릴알코올, 솔비탄올리베이트, 글리세릴스테아레이트, 팔미틱애씨드, 스테아릭애씨드, 아라키딜알코올, 향료, 베헤닐알코올, 하이드롤라이즈드홍삼사포닌, 글리세릴카프릴레이트, 만니톨, 솔비탄아이소스테아레이트, 폴리솔베이트60, 아라키딜글루코사이드, 페녹시에탄올, 에틸헥실글리세린, 소듐메타포스페이트, 소듐스테아로일글루타메이트, 리날룰, 토코페릴아세테이트, 아스코빌테트라이소팔미테이트, 덱스트린, 인삼추출물, 카카오추출물, 리모넨, 소듐클로라이드, 지황뿌리추출물, 작약뿌리추출물, 인삼꽃추출물, 둥굴레뿌리줄기추출물, 연꽃추출물, 참나리비늘줄기추출물, 아세틸테트라펩타이드-11, 카프릴릴글라이콜, 토코페롤, 아세틸헵타펩타이드-4, 헥사펩타이드-9, 아세틸헥사펩타이드-8, 소듐하이드록사이드, 아세틸옥타펩타이드-3",설화수,설화수_자음생크림 단품세트 50ml
퍼펙팅 쿠션 에어리 SPF50+/PA+++,https://www.amoremall.com/kr/ko/product/detail?onlineProdSn=59934,59000.0,15g,15.0,g,"정제수, 티타늄디옥사이드 (CI 77891), 다이메티콘, 호모살레이트, 프로판다이올, 페닐트라이메티콘, 에칠헥실메톡시신나메이트, 카프릴릴메티콘, 티타늄디옥사이드, 아이소노닐아이소노나노에이트, 피이지-10다이메티콘, 사이클로펜타실록세인, 메틸트라이메티콘, 나이아신아마이드, 라우릴피이지-10트리스(트라이메틸실록시)실릴에틸다이메티콘, 1,2-헥산다이올, 다이스테아다이모늄헥토라이트, 아크릴레이트/다이메티콘코폴리머, 부틸렌글라이콜, 황색산화철, 소듐클로라이드, 알루미나, 글리세릴스테아레이트시트레이트, 솔비탄세스퀴올리에이트, 향료, 마이카, 다이소듐스테아로일글루타메이트, 합성플루오르플로고파이트, 알루미늄하이드록사이드, 아미노프로필다이메티콘, 카프릴릴글라이콜, 적색산화철, 폴리하이드록시스테아릭애씨드, 시메티콘, 에틸헥실글리세린, 다이소듐이디티에이, 에틸헥실팔미테이트, 레시틴, 아이소스테아릭애씨드, 아이소프로필팔미테이트, 흑색산화철, 아데노신, 폴리글리세릴-3폴리리시놀리에이트, 스테아로일글루타믹애씨드, 글리세린, 꿀, 지황뿌리추출물, 비에이치티, 작약뿌리추출물, 마돈나백합비늘줄기추출물, 둥굴레뿌리줄기추출물, 틴옥사이드, 트라이에톡시카프릴릴실레인, 폴리솔베이트80, 연꽃추출물, 하이드로제네이티드레시틴, 베타인, 변성알코올, 하이드로제네이티드폴리(C6-14올레핀), 토코페롤, 세틸에틸헥사노에이트, 폴리글리세릴-3메틸글루코오스다이스테아레이트, 하이알루로닉애씨드, 아미노프로필트라이에톡시실레인, 세테아릴알코올, 소듐스테아로일글루타메이트, 적색202호, 베타-글루칸, 매실나무꽃추출물",설화수,설화수_퍼펙팅 쿠션 에어리 SPF50+/PA+++
시그니처 진생 페이셜 솝 2입 120g*2,https://www.amoremall.com/kr/ko/product/detail?onlineProdSn=60651,58000.0,120g*2,120.0,g,"정제수, 미리스틱애씨드, 글리세린, 라우릭애씨드, 팔미틱애씨드, 부틸렌글라이콜, 소듐하이드록사이드, 포타슘하이드록사이드, 스테아릭애씨드, 글리세릴스테아레이트, 향료, 폴리쿼터늄-22, 카나우바왁스, 리모넨, 티타늄디옥사이드 (CI 77891), 리날룰, 소듐메타포스페이트, 유제놀, 1,2-헥산다이올, 인삼꽃추출물, 인삼추출물, 에틸헥실글리세린",설화수,설화수_시그니처 진생 페이셜 솝 2입 120g*2
진설유액 125ml,https://www.amoremall.com/kr/ko/product/detail?onlineProdSn=60991,165000.0,진설유액 125ml,125.0,ml,"정제수, 부틸렌글라이콜, 글리세린, 다이메티콘, 스쿠알란, 카프릴릭/카프릭트라이글리세라이드, 메도우폼씨오일, 1,2-헥산다이올, 하이드로제네이티드캐스터오일아이소스테아레이트, 피이지-40스테아레이트, 하이드로제네이티드식물성오일, 글리세릴스테아레이트, 세테아릴알코올, 글리세릴스테아레이트시트레이트, 스테아릭애씨드, 소듐폴리아크릴레이트, 잔탄검, 팔미틱애씨드, 하이드로제네이티드폴리데센, 피이지-100스테아레이트, 메톡시피이지-114/폴리엡실론카로락톤, 향료, 에틸헥실글리세린, 글리세릴카프릴레이트, 소듐메타포스페이트, 아데노신, 프로판다이올, 하이드롤라이즈드홍삼사포닌, 피피지-5-라우레스-5, 페녹시에탄올, 마데카소사이드, 바이오플라보노이드, 벤질살리실레이트, 하이드록시프로필사이클로덱스트린, 뽕나무잎추출물, 지황뿌리추출물, 작약뿌리추출물, 둥굴레뿌리줄기추출물, 리모넨, 합성왁스, 인삼열매추출물, 연꽃추출물, 레시틴, 하이드롤라이즈드프로안토시아니딘, 참나리비늘줄기추출물, 하이드로제네이티드레시틴, 판테놀, 폴리글리세릴-10스테아레이트, 토코페롤, 카프릴릴글라이콜, 아세틸헵타펩타이드-4, 세라마이드엔피, 콜레스테롤, 아세틸헥사펩타이드-8, 소듐하이드록사이드, 아세틸옥타펩타이드-3",설화수,설화수_진설유액 125ml
,https://www.amoremall.com/kr/ko/product/detail?onlineProdSn=59221,270000.0,20ml,20.0,ml,"정제수, 부틸렌글라이콜, 시어버터, 하이드로제네이티드폴리(C6-14올레핀), 다이메티콘, 메도우폼씨오일, 펜타에리스리틸테트라에틸헥사노에이트, 메틸트라이메티콘, 세테아릴알코올, 베헤닐알코올, 폴리글리세릴-3메틸글루코오스다이스테아레이트, 하이드록시프로필스타치포스페이트, 포타슘세틸포스페이트, 메톡시피이지-114/폴리엡실론카프로락톤, 1,2-헥산다이올, 글리세릴스테아레이트, 아크릴레이트/C10-30알킬아크릴레이트크로스폴리머, 폴리메틸메타크릴레이트, 향료, 세테아릴글루코사이드, 프로판다이올, 하이드롤라이즈드홍삼사포닌, 글리세릴카프릴레이트, 만니톨, 티몰트라이메톡시신나메이트, 해바라기씨오일, 글리세린, 포타슘하이드록사이드, 페녹시에탄올, 폴록사머188, 에틸헥실글리세린, 하이드록시프로필사이클로덱스트린, 다이소듐이디티에이, 벤질살리실레이트, 당근추출물, 펜틸렌글라이콜, 바이오플라보노이드, 하이드롤라이즈드프로안토시아니딘, 리모넨, 꿀, 복령추출물, 지황뿌리추출물, 하이드롤라이즈드인삼사포닌, 작약뿌리추출물, 마돈나백합비늘줄기추출물, 둥굴레뿌리줄기추출물, 리날룰, 인삼열매추출물, 연꽃추출물, 토코페롤, 산양삼추출물, 베타-카로틴, 아세틸테트라펩타이드-11, 카프릴릴글라이콜, 아세틸헵타펩타이드-4, 헥사펩타이드-9, 복령균핵추출물, 아세틸헥사펩타이드-8, 소듐하이드록사이드, 아세틸옥타펩타이드-3",설화수,설화수_nan
자음생세럼 브라이트닝 50ml,https://www.amoremall.com/kr/ko/product/detail?onlineProdSn=52630,220000.0,50ml,50.0,ml,"정제수, 변성알코올, 프로판다이올, 피이지/피피지-17/6코폴리머, 폴리글리세린-3, 다이메티콘, 글리세린, 세틸에틸헥사노에이트, 나이아신아마이드, 피토스테릴/옥틸도데실라우로일글루타메이트, 1,2-헥산다이올, 부틸렌글라이콜, 페닐트라이메티콘, 카프릴릴메티콘, C14-22알코올, 글리세릴스테아레이트, 피이지-100스테아레이트, 폴리메틸메타크릴레이트, 비닐다이메티콘/메티콘실세스퀴옥세인크로스폴리머, 소듐폴리아크릴로일다이메틸타우레이트, 하이드록시에틸아크릴레이트/소듐아크릴로일다이메틸타우레이트코폴리머, 카보머, 향료, C12-20알킬글루코사이드, 티몰트라이메톡시신나메이트, 티타늄디옥사이드 (CI 77891), 세테아릴알코올, 트로메타민, 글리세릴카프릴레이트, 다이메티콘올, 합성플루오르플로고파이트, 다이소듐이디티에이, 에틸헥실글리세린, 아데노신, 마이카, 메톡시피이지-114/폴리엡실론카프로락톤, 뽕나무뿌리추출물, 리날룰, 솔비탄아이소스테아레이트, 폴리솔베이트60, 트라넥사믹애씨드, 인삼추출물, 리모넨, 꿀, 지황뿌리추출물, 페녹시에탄올, 하이드롤라이즈드홍삼사포닌, 하이드롤라이즈드인삼사포닌, 작약뿌리추출물, 마돈나백합비늘줄기추출물, 둥굴레뿌리줄기추출물, 틴옥사이드, 글루코오스, 연꽃추출물, 토코페롤",설화수,설화수_자음생세럼 브라이트닝 50ml
진설크림 60ml,https://www.amoremall.com/kr/ko/product/detail?onlineProdSn=59217,520000.0,60ml,60.0,ml,"정제수, 부틸렌글라이콜, 트라이에틸헥사노인, 글리세린, 다이메티콘, 스쿠알란, 펜타에리스리틸테트라에틸헥사노에이트, 세틸에틸헥사노에이트, 폴리글리세릴-3메틸글루코오스다이스테아레이트, 트라이실록세인, 1,2-헥산다이올, 다이아이소스테아릴말레이트, 하이드로제네이티드폴리아이소부텐, 글리세릴스테아레이트, 피이지-100스테아레이트, 세테아릴알코올, 펜타에리스리틸다이스테아레이트, 베헤닐알코올, 폴리글리세린-3, 시어버터, 하이드록시에틸아크릴레이트/소듐아크릴로일다이메틸타우레이트코폴리머, 향료, 암모늄아크릴로일다이메틸타우레이트/브이피코폴리머, 하이드록시프로필스타치포스페이트, 하이드롤라이즈드홍삼사포닌, 글리세릴카프릴레이트, 해바라기씨오일, 에틸헥실글리세린, 다이소듐이디티에이, 하이드록시프로필사이클로덱스트린, 프로판다이올, 솔비탄아이소스테아레이트, 폴리솔베이트60, 메톡시피이지-114/폴리엡실론카프로락톤, 당근추출물, 벤질살리실레이트, 바이오플라보노이드, 하이드롤라이즈드프로안토시아니딘, 꿀, 리모넨, 하이드로제네이티드레시틴, 지황뿌리추출물, 작약뿌리추출물, 마돈나백합비늘줄기추출물, 둥굴레뿌리줄기추출물, 리날룰, 인삼열매추출물, 연꽃추출물, 산양삼추출물, 베타-카로틴, 토코페롤, 인삼추출물, 피토스핑고신, 소듐폴리아스파테이트, 카프릴릴글라이콜, 소듐메틸스테아로일타우레이트, 아세틸헵타펩타이드-4, 시트릭애씨드, 아세틸헥사펩타이드-8, 소듐하이드록사이드, 아세틸옥타펩타이드-3",설화수,설화수_진설크림 60ml
진설클렌징폼 150g,https://www.amoremall.com/kr/ko/product/detail?onlineProdSn=64744,90000.0,150g,150.0,g,"정제수, 카프릴릭/카프릭트라이글리세라이드, 소듐코코일이세티오네이트, 글리세린, 올리브오일, 라우릴하이드록시설테인, 라우릭애씨드, 글라이콜다이스테아 레이트, C14-22알코올, 소듐클로라이드, 소듐메틸코코일타우레이트, 티타늄디옥사 이드 (CI 77891), 라우릴글루코사이드, 향료, 다이소듐코코암포다이아세테이트, 1,2 -헥산다이올, 트레할로오스, C12-20알킬글루코사이드, 폴리쿼터늄-7, 벤질살리실레 이트, 에틸헥실글리세린, 프로판다이올, 엑토인, 시트로넬올, 리모넨, 소듐벤조에이트, 알지닌, 아스파틱애씨드, 글루타믹애씨드, 나이아신아마이드, 바이오플라보노이드, 하이드록시프로필사이클로덱스트린, 부틸렌글라이콜, 메톡시피이지-114/폴리엡실 론카프로락톤, 하이드롤라이즈드프로안토시아니딘, 하이드롤라이즈드홍삼사포닌, 페녹시에탄올, 카프릴릴글라이콜, 토코페롤, 아세틸헵타펩타이드-4, 지황뿌리추출물, 작약뿌리추출물, 둥굴레뿌리줄기추출물, 연꽃추출물, 인삼열매추출물, 참나리비늘 줄기추출물, 아세틸헥사펩타이드-8, 소듐하이드록사이드, 아세틸옥타펩타이드-3",설화수,설화수_진설클렌징폼 150g
퍼펙팅 스킨커버,https://www.amoremall.com/kr/ko/product/detail?onlineProdSn=63002,75000.0,14 g,14.0,g,"티타늄디옥사이드 (CI 77891), 마이카, 다이페닐실록시페닐트라이메티콘, 다이카프릴릴카보네이트, 폴리메틸메타크릴레이트, 에칠헥실메톡시신나메이트, 페닐트라이메티콘, 다이메티콘, 트라이데실트라이멜리테이트, 폴리에틸렌, 펜타에리스리틸테트라에틸헥사노에이트, 폴리하이드록시스테아릭애씨드, 브이피/헥사데센코폴리머, 황색산화철, 실리카, 오조케라이트, 폴리부텐, 라우릴피이지/피피지-18/18메티콘, 메티콘, 적색산화철, 향료, 카프릴릴글라이콜, 아이소스테아릴알코올, 글리세릴카프릴레이트, 알루미늄전분옥테닐석시네이트, 도데센, 피토스테릴/옥틸도데실라우로일글루타메이트, 에틸헥실글리세린, 리날룰, 흑색산화철, 리모넨, 제라니올, 벤질벤조에이트, 정제수, 시트로넬올, 부틸렌글라이콜, 토코페롤, 시트랄, 글리세린, 프로판다이올, 돌콩오일, 매실나무꽃추출물, 베타-글루칸, 꿀, 지황뿌리추출물, 작약뿌리추출물, 마돈나백합비늘줄기추출물, 둥굴레뿌리줄기추출물, 연꽃추출물",설화수,설화수_퍼펙팅 스킨커버
자음생캡슐세럼 30ml,https://www.amoremall.com/kr/ko/product/detail?onlineProdSn=62175,155000.0,30ml,30.0,ml,"정제수, 부틸렌글라이콜, 글리세린, 메틸글루세스-20, 세틸에틸헥사노에이트, 베헤닐알코올, 베타인, 1,2-헥산다이올, 메톡시피이지-114/폴리엡실론카프로락톤, 나이아신아마이드, 카보머, 트로메타민, 페닐트라이메티콘, 카프릴릴메티콘, 호호바에스터, 향료, 하이드롤라이즈드홍삼사포닌, 글리세릴카프릴레이트, 페녹시에탄올, 아라키딜알코올, 에틸헥실글리세린, 덱스트린, 카카오추출물, 소듐메타포스페이트, 리날룰, 아라키딜글루코사이드, 판테놀, 만니톨, 인삼씨오일, 돌콩오일, 인삼추출물, 소듐클로라이드, 인삼잎/줄기추출물, 리모넨, 지황뿌리추출물, 작약뿌리추출물, 인삼꽃추출물, 둥굴레뿌리줄기추출물, 연꽃추출물, 레티놀, 프로판다이올, 참나리비늘줄기추출물, 하이드로제네이티드레시틴, 소듐하이알루로네이트, 토코페롤, 카프릴릴글라이콜, 펜타에리스리틸테트라-다이-T-부틸하이드록시하이드로신나메이트, 피토스핑고신, 소듐폴리아스파테이트, 하이드롤라이즈드하이알루로닉애씨드, 아세틸헵타펩타이드-4, 소듐하이알루로네이트크로스폴리머, 아세틸테트라펩타이드-11, 소듐메틸스테아로일타우레이트, 하이알루로닉애씨드, 아세틸헥사펩타이드-8, 소듐하이드록사이드, 헥사펩타이드-9, 소듐아세틸레이티드하이알루로네이트, 아세틸옥타펩타이드-3",설화수,설화수_자음생캡슐세럼 30ml
자음생크림 30ml,https://www.amoremall.com/kr/ko/product/detail?onlineProdSn=62166,168000.0,30ml,30.0,ml,"정제수, 부틸렌글라이콜, 다이메티콘, 글리세린, 트라이에틸헥사노인, 스쿠알란, 하이드로제네이티드폴리아이소부텐, 1,2-헥산다이올, 비닐다이메티콘/메티콘실세스퀴옥세인크로스폴리머, 하이드록시에틸아크릴레이트/소듐아크릴로일다이메틸타우레이트코폴리머, 세테아릴올리베이트, 메톡시피이지-114/폴리엡실론카프로락톤, 세테아릴알코올, 솔비탄올리베이트, 글리세릴스테아레이트, 팔미틱애씨드, 스테아릭애씨드, 아라키딜알코올, 향료, 베헤닐알코올, 하이드롤라이즈드홍삼사포닌, 글리세릴카프릴레이트, 만니톨, 솔비탄아이소스테아레이트, 폴리솔베이트60, 아라키딜글루코사이드, 페녹시에탄올, 에틸헥실글리세린, 소듐메타포스페이트, 소듐스테아로일글루타메이트, 리날룰, 토코페릴아세테이트, 아스코빌테트라이소팔미테이트, 덱스트린, 인삼추출물, 카카오추출물, 리모넨, 소듐클로라이드, 지황뿌리추출물, 작약뿌리추출물, 인삼꽃추출물, 둥굴레뿌리줄기추출물, 연꽃추출물, 참나리비늘줄기추출물, 아세틸테트라펩타이드-11, 카프릴릴글라이콜, 토코페롤, 아세틸헵타펩타이드-4, 헥사펩타이드-9, 아세틸헥사펩타이드-8, 소듐하이드록사이드, 아세틸옥타펩타이드-3",설화수,설화수_자음생크림 30ml
진설수 150ml,https://www.amoremall.com/kr/ko/product/detail?onlineProdSn=60990,145000.0,진설수 150ml,150.0,ml,"정제수, 부틸렌글라이콜, 글리세린, 변성알코올, 1,2-헥산다이올, 하이드로제네이티드폴리(C6-14올레핀), 폴리글리세릴-3메틸글루코오스다이스테아레이트, 스쿠알란, 글리세레스-26, 카보머, 나이아신아마이드, 다이메티콘, 부틸렌글라이콜다이카프릴레이트/다이카프레이트, 세틸에틸헥사노에이트, 펜타에리스리틸테트라아이소스테아레이트, 향료, 에틸헥실글리세린, 메틸글루코오스세스퀴스테아레이트, 아데노신, 프로판다이올, 세테아릴글루코사이드, 메톡시피이지-114/폴리엡실론카프로락톤, 잔탄검, 엑토인, 바이오플라보노이드, 벤질살리실레이트, 하이드롤라이즈드홍삼사포닌, 페녹시에탄올, 뽕나무잎추출물, 지황뿌리추출물, 작약뿌리추출물, 둥굴레뿌리줄기추출물, 시트로넬올, 리모넨, 연꽃추출물, 참나리비늘줄기추출물, 인삼열매추출물, 카프릴릴글라이콜, 토코페롤, 아세틸헵타펩타이드-4, 아세틸헥사펩타이드-8, 소듐하이드록사이드, 아세틸옥타펩타이드-3",설화수,설화수_진설수 150ml
자음생크림 리치 30ml,https://www.amoremall.com/kr/ko/product/detail?onlineProdSn=62169,168000.0,30ml,30.0,ml,"정제수, 글리세린, 스쿠알란, 부틸렌글라이콜, 트레할로오스, 메도우폼씨오일, 카프릴릴메티콘, 글리세릴스테아레이트, 다이메티콘, 피토스테릴이소스테아릴다이머디리놀리에이트, 옥틸도데실미리스테이트, 피이지-40스테아레이트, 피토스테릴/베헤닐/옥틸도데실라우로일글루타메이트, 해바라기씨오일, 호호바에스터, 팔미틱애씨드, 피이지-100스테아레이트, 스테아릭애씨드, 프로판다이올, 메톡시피이지-114/폴리엡실론카프로락톤, 망고씨버터, 폴리아크릴레이트-13, 세테아릴알코올, 돌콩오일, 페녹시에탄올, 피이지-30다이폴리하이드록시스테아레이트, 세틸피이지/피피지-10/1다이메티콘, 향료, 하이드로제네이티드식물성오일, 프로필렌글라이콜, 돌콩스테롤, 폴리아이소부텐, 아세틸글루코사민, 인삼추출물, 폴리쿼터늄-51, 토코페롤, 카나우바왁스, 토코페릴리놀리에이트, 하이드롤라이즈드홍삼사포닌, 헥실라우레이트, 아보카도오일, 판테틴, 살리실릭애씨드, 라우릴피이지/피피지-18/18메티콘, 에틸헥실글리세린, 치자추출물, 포도잎추출물, 폴리솔베이트20, 리날룰, 솔비탄아이소스테아레이트, 1,2-헥산다이올, 베타-글루칸, 레티놀, 소듐메타포스페이트, 덱스트린, 다이메티콘올, 소듐하이알루로네이트, 피토스핑고신, 만니톨, 리모넨, 아이소스테아릴알코올, 소듐클로라이드, 아스코빌팔미테이트, 하이드로제네이티드식물성글리세라이즈시트레이트, 지황뿌리추출물, 작약뿌리추출물, 인삼꽃추출물, 둥굴레뿌리줄기추출물, 알파-아이소메틸아이오논, 레시틴, 연꽃추출물, 참나리비늘줄기추출물, 티비에이치큐, 카프릴릴글라이콜, 아세틸헵타펩타이드-4, 펜타에리스리틸테트라-다이-T-부틸하이드록시하이드로신나메이트, 아세틸테트라펩타이드-11, 헥사펩타이드-9, 아세틸헥사펩타이드-8, 소듐하이드록사이드, 아세틸옥타펩타이드-3",설화수,설화수_자음생크림 리치 30ml
진설세럼 50ml,https://www.amoremall.com/kr/ko/product/detail?onlineProdSn=59222,450000.0,50ml,50.0,ml,"정제수, 부틸렌글라이콜, 글리세린, 다이메티콘, 변성알코올, 글리세레스-26, 트레할로오스, 펜타에리스리틸테트라에틸헥사노에이트, 폴리메틸실세스퀴옥세인, 하이드로제네이티드폴리(C6-14올레핀), 프로판다이올, 1,2-헥산다이올, 하이드로제네이티드레시틴, 실리카, 하이드로제네이티드포스파티딜콜린, 비스-피이지-18메틸에터다이메틸실레인, 피이지-5피토스테롤, 다이메티콘올, 피이지-10다이메티콘, 향료, 하이드록시에틸아크릴레이트/소듐아크릴로일다이메틸타우레이트코폴리머, 에틸헥실글리세린, 하이드롤라이즈드홍삼사포닌, 소듐폴리아크릴레이트, 암모늄아크릴로일다이메틸타우레이트/브이피코폴리머, 하이드로제네이티드폴리데센, 아크릴레이트/C10-30알킬아크릴레이트크로스폴리머, 소듐하이알루로네이트, 잔탄검, 하이드록시프로필사이클로덱스트린, 트로메타민, 베타-글루칸, 다이소듐이디티에이, 메톡시피이지-114/폴리엡실론카프로락톤, 벤질살리실레이트, 솔비탄아이소스테아레이트, 폴리솔베이트60, 바이오플라보노이드, 피피지-5-라우레스-5, 덱스트린, 카카오추출물, 하이드롤라이즈드프로안토시아니딘, 꿀, 리모넨, 지황뿌리추출물, 작약뿌리추출물, 마돈나백합비늘줄기추출물, 둥굴레뿌리줄기추출물, 인삼열매추출물, 연꽃추출물, 산양삼추출물, 토코페롤, 인삼추출물, 피토스핑고신, 소듐폴리아스파테이트, 인삼뿌리프로토플라스트, 카프릴릴글라이콜, 소듐메틸스테아로일타우레이트, 아세틸헵타펩타이드-4, 아세틸헥사펩타이드-8, 소듐하이드록사이드, 아세틸옥타펩타이드-3",설화수,설화수_진설세럼 50ml
퍼펙팅 쿠션 에어리 트리플  SPF50+/PA+++,https://www.amoremall.com/kr/ko/product/detail?onlineProdSn=63604,117000.0,15g*3,15.0,g,화장품법에 따른 기능성 화장품 심사를 필함,설화수,설화수_퍼펙팅 쿠션 에어리 트리플  SPF50+/PA+++
퍼펙팅 쿠션 트리플  SPF50+/PA+++,https://www.amoremall.com/kr/ko/product/detail?onlineProdSn=63603,117000.0,15g*3,15.0,g,화장품법에 따른 기능성 화장품 심사를 필함,설화수,설화수_퍼펙팅 쿠션 트리플  SPF50+/PA+++
자음생크림 리치 50ml,https://www.amoremall.com/kr/ko/product/detail?onlineProdSn=62170,270000.0,50ml,50.0,ml,"정제수, 글리세린, 스쿠알란, 부틸렌글라이콜, 트레할로오스, 메도우폼씨오일, 카프릴릴메티콘, 글리세릴스테아레이트, 다이메티콘, 피토스테릴이소스테아릴다이머디리놀리에이트, 옥틸도데실미리스테이트, 피이지-40스테아레이트, 피토스테릴/베헤닐/옥틸도데실라우로일글루타메이트, 해바라기씨오일, 호호바에스터, 팔미틱애씨드, 피이지-100스테아레이트, 스테아릭애씨드, 프로판다이올, 메톡시피이지-114/폴리엡실론카프로락톤, 망고씨버터, 폴리아크릴레이트-13, 세테아릴알코올, 돌콩오일, 페녹시에탄올, 피이지-30다이폴리하이드록시스테아레이트, 세틸피이지/피피지-10/1다이메티콘, 향료, 하이드로제네이티드식물성오일, 프로필렌글라이콜, 돌콩스테롤, 폴리아이소부텐, 아세틸글루코사민, 인삼추출물, 폴리쿼터늄-51, 토코페롤, 카나우바왁스, 토코페릴리놀리에이트, 하이드롤라이즈드홍삼사포닌, 헥실라우레이트, 아보카도오일, 판테틴, 살리실릭애씨드, 라우릴피이지/피피지-18/18메티콘, 에틸헥실글리세린, 치자추출물, 포도잎추출물, 폴리솔베이트20, 리날룰, 솔비탄아이소스테아레이트, 1,2-헥산다이올, 베타-글루칸, 레티놀, 소듐메타포스페이트, 덱스트린, 다이메티콘올, 소듐하이알루로네이트, 피토스핑고신, 만니톨, 리모넨, 아이소스테아릴알코올, 소듐클로라이드, 아스코빌팔미테이트, 하이드로제네이티드식물성글리세라이즈시트레이트, 지황뿌리추출물, 작약뿌리추출물, 인삼꽃추출물, 둥굴레뿌리줄기추출물, 알파-아이소메틸아이오논, 레시틴, 연꽃추출물, 참나리비늘줄기추출물, 티비에이치큐, 카프릴릴글라이콜, 아세틸헵타펩타이드-4, 펜타에리스리틸테트라-다이-T-부틸하이드록시하이드로신나메이트, 아세틸테트라펩타이드-11, 헥사펩타이드-9, 아세틸헥사펩타이드-8, 소듐하이드록사이드, 아세틸옥타펩타이드-3",설화수,설화수_자음생크림 리치 50ml
자음생크림 50ml,https://www.amoremall.com/kr/ko/product/detail?onlineProdSn=62167,270000.0,50ml,50.0,ml,"정제수, 부틸렌글라이콜, 다이메티콘, 글리세린, 트라이에틸헥사노인, 스쿠알란, 하이드로제네이티드폴리아이소부텐, 1,2-헥산다이올, 비닐다이메티콘/메티콘실세스퀴옥세인크로스폴리머, 하이드록시에틸아크릴레이트/소듐아크릴로일다이메틸타우레이트코폴리머, 세테아릴올리베이트, 메톡시피이지-114/폴리엡실론카프로락톤, 세테아릴알코올, 솔비탄올리베이트, 글리세릴스테아레이트, 팔미틱애씨드, 스테아릭애씨드, 아라키딜알코올, 향료, 베헤닐알코올, 하이드롤라이즈드홍삼사포닌, 글리세릴카프릴레이트, 만니톨, 솔비탄아이소스테아레이트, 폴리솔베이트60, 아라키딜글루코사이드, 페녹시에탄올, 에틸헥실글리세린, 소듐메타포스페이트, 소듐스테아로일글루타메이트, 리날룰, 토코페릴아세테이트, 아스코빌테트라이소팔미테이트, 덱스트린, 인삼추출물, 카카오추출물, 리모넨, 소듐클로라이드, 지황뿌리추출물, 작약뿌리추출물, 인삼꽃추출물, 둥굴레뿌리줄기추출물, 연꽃추출물, 참나리비늘줄기추출물, 아세틸테트라펩타이드-11, 카프릴릴글라이콜, 토코페롤, 아세틸헵타펩타이드-4, 헥사펩타이드-9, 아세틸헥사펩타이드-8, 소듐하이드록사이드, 아세틸옥타펩타이드-3",설화수,설화수_자음생크림 50ml
퍼펙팅 쿠션 SPF50+/PA+++,https://www.amoremall.com/kr/ko/product/detail?onlineProdSn=59930,59000.0,15g,15.0,g,"정제수, 티타늄디옥사이드 (CI 77891), 사이클로펜타실록세인, 호모살레이트, 다이페닐실록시페닐트라이메티콘, 에칠헥실메톡시신나메이트, 티타늄디옥사이드, 피이지-10다이메티콘, 프로판다이올, 부틸렌글라이콜다이카프릴레이트/다이카프레이트, 라우릴피이지-9폴리다이메틸실록시에틸다이메티콘, 사이클로헥사실록세인, 트라이메틸실록시실리케이트, 나이아신아마이드, 글리세린, 카프릴릴메티콘, 다이스테아다이모늄헥토라이트, 폴리메틸메타크릴레이트, 마그네슘포타슘플루오로실리케이트, 아크릴레이트/에틸헥실아크릴레이트/다이메티콘메타크릴레이트코폴리머, 황색산화철, 1,2-헥산다이올, 부틸렌글라이콜, 소듐클로라이드, 알루미나, 합성플루오르플로고파이트, 글리세릴스테아레이트시트레이트, 향료, 아크릴레이트/다이메티콘코폴리머, 알루미늄하이드록사이드, 트라이에톡시카프릴릴실레인, 폴리하이드록시스테아릭애씨드, 폴리솔베이트80, 적색산화철, 글리세릴카프릴레이트, 폴리페닐실세스퀴옥세인, 하이드로제네이티드레시틴, 아이소도데케인, 시메티콘, 카프릴릴글라이콜, 에틸헥실글리세린, 흑색산화철, 에틸헥실팔미테이트, 레시틴, 아이소스테아릭애씨드, 아이소프로필팔미테이트, 소듐하이알루로네이트, 다이소듐이디티에이, 아데노신, 폴리실리콘-11, 폴리글리세릴-3폴리리시놀리에이트, 꿀, 베타인, 지황뿌리추출물, 변성알코올, 비에이치티, 작약뿌리추출물, 마돈나백합비늘줄기추출물, 하이드로제네이티드폴리(C6-14올레핀), 둥굴레뿌리줄기추출물, 세틸에틸헥사노에이트, 하이알루로닉애씨드, 아미노프로필트라이에톡시실레인, 연꽃추출물, 폴리글리세릴-3메틸글루코오스다이스테아레이트, 토코페롤, 세테아릴알코올, 소듐스테아로일글루타메이트, 적색202호, 베타-글루칸, 매실나무꽃추출물",설화수,설화수_퍼펙팅 쿠션 SPF50+/PA+++
진설크림 60ml,https://www.amoremall.com/kr/ko/product/detail?onlineProdSn=59219,470000.0,60ml,60.0,ml,"정제수, 부틸렌글라이콜, 트라이에틸헥사노인, 글리세린, 다이메티콘, 스쿠알란, 펜타에리스리틸테트라에틸헥사노에이트, 세틸에틸헥사노에이트, 폴리글리세릴-3메틸글루코오스다이스테아레이트, 트라이실록세인, 1,2-헥산다이올, 다이아이소스테아릴말레이트, 하이드로제네이티드폴리아이소부텐, 글리세릴스테아레이트, 피이지-100스테아레이트, 세테아릴알코올, 펜타에리스리틸다이스테아레이트, 베헤닐알코올, 폴리글리세린-3, 시어버터, 하이드록시에틸아크릴레이트/소듐아크릴로일다이메틸타우레이트코폴리머, 향료, 암모늄아크릴로일다이메틸타우레이트/브이피코폴리머, 하이드록시프로필스타치포스페이트, 하이드롤라이즈드홍삼사포닌, 글리세릴카프릴레이트, 해바라기씨오일, 에틸헥실글리세린, 다이소듐이디티에이, 하이드록시프로필사이클로덱스트린, 프로판다이올, 솔비탄아이소스테아레이트, 폴리솔베이트60, 메톡시피이지-114/폴리엡실론카프로락톤, 당근추출물, 벤질살리실레이트, 바이오플라보노이드, 하이드롤라이즈드프로안토시아니딘, 꿀, 리모넨, 하이드로제네이티드레시틴, 지황뿌리추출물, 작약뿌리추출물, 마돈나백합비늘줄기추출물, 둥굴레뿌리줄기추출물, 리날룰, 인삼열매추출물, 연꽃추출물, 산양삼추출물, 베타-카로틴, 토코페롤, 인삼추출물, 피토스핑고신, 소듐폴리아스파테이트, 카프릴릴글라이콜, 소듐메틸스테아로일타우레이트, 아세틸헵타펩타이드-4, 시트릭애씨드, 아세틸헥사펩타이드-8, 소듐하이드록사이드, 아세틸옥타펩타이드-3",설화수,설화수_진설크림 60ml
자음생앰플 브라이트닝 20g,https://www.amoremall.com/kr/ko/product/detail?onlineProdSn=52628,140000.0,20g,20.0,g,"정제수, 다이메티콘, 글리세린, 1,2-헥산다이올, 프로판다이올, 변성알코올, 나이아신아마이드, 부틸렌글라이콜, 글리세릴폴리메타크릴레이트, 베타인, 폴리메틸메타크릴레이트, 암모늄아크릴로일다이메틸타우레이트/브이피코폴리머, 세테아릴알코올, 티몰트라이메톡시신나메이트, 트라넥사믹애씨드, 잔탄검, 글리세릴카프릴레이트, 향료, 폴리글리세릴-3메틸글루코오스다이스테아레이트, 소듐폴리아크릴로일다이메틸타우레이트, 에틸헥실글리세린, 하이드록시에틸셀룰로오스, 하이드로제네이티드레시틴, 메톡시피이지-114/폴리엡실론카프로락톤, 아데노신, 글리세릴스테아레이트시트레이트, 피이지-10다이메티콘, 뽕나무뿌리추출물, 다이포타슘글리시리제이트, 다이소듐이디티에이, 3-O-에틸아스코빅애씨드, 리날룰, 하이드롤라이즈드인삼사포닌, 인삼추출물, 페녹시에탄올, 꿀, 벤질벤조에이트, 지황뿌리추출물, 하이드롤라이즈드홍삼사포닌, 작약뿌리추출물, 마돈나백합비늘줄기추출물, 둥굴레뿌리줄기추출물, 연꽃추출물, 폴리솔베이트60, 다이소듐포스페이트, 카프릴릴글라이콜, 토코페롤, 소듐포스페이트, 아세틸헵타펩타이드-4, 아세틸헥사펩타이드-8, 소듐하이드록사이드, 아세틸옥타펩타이드-3",설화수,설화수_자음생앰플 브라이트닝 20g
진설크림 리치 60ml,https://www.amoremall.com/kr/ko/product/detail?onlineProdSn=64215,520000.0,60ml,60.0,ml,"정제수, 글리세린, 부틸렌글라이콜, 스쿠알란, 펜타에리스리틸테트라아이소스테아레이트, 트레할로오스, 다이아이소스테아릴말레이트, 세테아릴알코올, 피토스테릴/옥틸도데실라우로일글루타메이트, 다이메티콘, 미리스틸미리스테이트, 피이지-40스테아레이트, 카나우바왁스, 1,2-헥산다이올, 글리세릴스테아레이트, 피이지-100스테아레이트, 메톡시피이지-114/폴리엡실론카프로락톤, 폴리아크릴레이트-13, 하이드로제네이티드로진, 암모늄아크릴로일다이메틸타우레이트/브이피코폴리머, 하이드로제네이티드폴리아이소부텐, 폴리아이소부텐, 향료, 에틸헥실글리세린, 하이드롤라이즈드홍삼사포닌, 글리세릴카프릴레이트, 페녹시에탄올, 하이드록시프로필사이클로덱스트린, 판테틴, 폴리솔베이트20, 프로판다이올, 솔비탄아이소스테아레이트, 인삼씨오일, 벤질살리실레이트, 덱스트린, 카카오추출물, 소듐글루코네이트, 바이오플라보노이드, 하이드롤라이즈드프로안토시아니딘, 돌콩오일, 리모넨, 지황뿌리추출물, 메틸프로판다이올, 작약뿌리추출물, 둥굴레뿌리줄기추출물, 리날룰, 연꽃추출물, 인삼열매추출물, 참나리비늘줄기추출물, 산양삼추출물, 레티놀, 토코페롤, 카프릴릴글라이콜, 하이드로제네이티드레시틴, 잔탄검, 아세틸헵타펩타이드-4, 아세틸헥사펩타이드-8, 소듐하이드록사이드, 아세틸옥타펩타이드-3",설화수,설화수_진설크림 리치 60ml
자음생세럼 브라이트닝 30ml,https://www.amoremall.com/kr/ko/product/detail?onlineProdSn=52631,145000.0,30ml,30.0,ml,"정제수, 변성알코올, 프로판다이올, 피이지/피피지-17/6코폴리머, 폴리글리세린-3, 다이메티콘, 글리세린, 세틸에틸헥사노에이트, 나이아신아마이드, 피토스테릴/옥틸도데실라우로일글루타메이트, 1,2-헥산다이올, 부틸렌글라이콜, 페닐트라이메티콘, 카프릴릴메티콘, C14-22알코올, 글리세릴스테아레이트, 피이지-100스테아레이트, 폴리메틸메타크릴레이트, 비닐다이메티콘/메티콘실세스퀴옥세인크로스폴리머, 소듐폴리아크릴로일다이메틸타우레이트, 하이드록시에틸아크릴레이트/소듐아크릴로일다이메틸타우레이트코폴리머, 카보머, 향료, C12-20알킬글루코사이드, 티몰트라이메톡시신나메이트, 티타늄디옥사이드 (CI 77891), 세테아릴알코올, 트로메타민, 글리세릴카프릴레이트, 다이메티콘올, 합성플루오르플로고파이트, 다이소듐이디티에이, 에틸헥실글리세린, 아데노신, 마이카, 메톡시피이지-114/폴리엡실론카프로락톤, 뽕나무뿌리추출물, 리날룰, 솔비탄아이소스테아레이트, 폴리솔베이트60, 트라넥사믹애씨드, 인삼추출물, 리모넨, 꿀, 지황뿌리추출물, 페녹시에탄올, 하이드롤라이즈드홍삼사포닌, 하이드롤라이즈드인삼사포닌, 작약뿌리추출물, 마돈나백합비늘줄기추출물, 둥굴레뿌리줄기추출물, 틴옥사이드, 글루코오스, 연꽃추출물, 토코페롤",설화수,설화수_자음생세럼 브라이트닝 30ml
퍼펙팅 틴티드 크림 35ml,https://www.amoremall.com/kr/ko/product/detail?onlineProdSn=67733,80000.0,35ml,35.0,ml,"정제수, 글리세린, 메틸트라이메티콘, 티타늄디옥사이드 (CI 77891), 다이메티콘, 에칠헥실메톡시신나메이트, 다이페닐실록시페닐트라이메티콘, 세틸피이지/피피지-10/1다이메티콘, 실리카, 나이아신아마이드, 징크옥사이드, 티타늄디옥사이드, 솔비탄세스퀴올리에이트, 트라이메틸실록시실리케이트, 다이스테아다이모늄헥토라이트, 피이지-10다이메티콘, 비닐다이메티콘/메티콘실세스퀴옥세인크로스폴리머, 아크릴레이트/다이메티콘코폴리머, 비즈왁스, 부틸렌글라이콜, 소듐클로라이드, 비스-다이글리세릴폴리아실아디페이트-2, 브이피/헥사데센코폴리머, 트라넥사믹애씨드, 황색산화철, 알루미늄하이드록사이드, 향료, 트라이하이드록시스테아린, 트라이에톡시카프릴릴실레인, 카프릴릴글라이콜, 스테아릭애씨드, 적색산화철, 에틸헥실글리세린, 합성플루오르플로고파이트, 카르노신, 판테놀, 다이소듐이디티에이, 아데노신, 마이카, 리날룰, 흑색산화철, 1,2-헥산다이올, 제라니올, 시트로넬올, 리모넨, 라우로일라이신, 피토스테롤, 글루타티온, 비에이치티, 지황뿌리추출물, 매실나무꽃추출물, 엑토인, 시트랄, 작약뿌리추출물, 둥굴레뿌리줄기추출물, 헥실신남알, 마데카소사이드, 연꽃추출물, 참나리비늘줄기추출물, 틴옥사이드, 프로필렌글라이콜, 소듐하이알루로네이트, 펜타에리스리틸테트라-다이-t-부틸하이드록시하이드로신나메이트, 토코페롤, 아세틸헵타펩타이드-4, 수용성콜라겐, 아세틸헥사펩타이드-8, 소듐하이드록사이드, 아세틸옥타펩타이드-3",설화수,설화수_퍼펙팅 틴티드 크림 35ml
퍼펙팅 베일 프라이머 35ml,https://www.amoremall.com/kr/ko/product/detail?onlineProdSn=67732,75000.0,35ml,35.0,ml,"정제수, 다이메티콘, 아이소노닐아이소노나노에이트, 호모살레이트, 변성알코올, 메틸트라이메티콘, 티타늄디옥사이드, 부틸렌글라이콜, 에칠헥실살리실레이트, 피이지-9폴리다이메틸실록시에틸다이메티콘, 티타늄디옥사이드 (CI 77891), 글리세린, 폴리메틸실세스퀴옥세인, 나이아신아마이드, 옥틸도데칸올, 다이스테아다이모늄헥토라이트, 자일리톨, 세틸에틸헥사노에이트, 나일론-12, 페닐벤즈이미다졸설포닉애씨드, 스테아릭애씨드, 1,2-헥산다이올, 트로메타민, 알루미늄하이드록사이드, 실리카, 트라이메틸실록시실리케이트, 트라넥사믹애씨드, 카프릴릴글라이콜, 향료, 다이메티콘/비닐다이메티콘크로스폴리머, 황색산화철, 에틸헥실글리세린, 카르노신, 판테놀, 아데노신, 트라이에톡시카프릴릴실레인, 폴리메틸메타크릴레이트, 적색산화철, 리날룰, 제라니올, 피토스테롤, 글루타티온, 흑색산화철, 지황뿌리추출물, 시트로넬올, 매실나무꽃추출물, 리모넨, 엑토인, 작약뿌리추출물, 둥굴레뿌리줄기추출물, 마데카소사이드, 시트랄, 연꽃추출물, 참나리비늘줄기추출물, 프로필렌글라이콜, 소듐하이알루로네이트, 토코페롤, 아세틸헵타펩타이드-4, 수용성콜라겐, 아세틸헥사펩타이드-8, 소듐하이드록사이드, 아세틸옥타펩타이드-3",설화수,설화수_퍼펙팅 베일 프라이머 35ml
자음생크림 리치 30ml + 월리 우프 무드등,https://www.amoremall.com/kr/ko/product/detail?onlineProdSn=67571,151200.0,30ml,30.0,ml,"정제수, 글리세린, 스쿠알란, 부틸렌글라이콜, 트레할로오스, 메도우폼씨오일, 카프릴릴메티콘, 글리세릴스테아레이트, 다이메티콘, 피토스테릴이소스테아릴다이머디리놀리에이트, 옥틸도데실미리스테이트, 피이지-40스테아레이트, 피토스테릴/베헤닐/옥틸도데실라우로일글루타메이트, 해바라기씨오일, 호호바에스터, 팔미틱애씨드, 피이지-100스테아레이트, 스테아릭애씨드, 프로판다이올, 메톡시피이지-114/폴리엡실론카프로락톤, 망고씨버터, 폴리아크릴레이트-13, 세테아릴알코올, 돌콩오일, 페녹시에탄올, 피이지-30다이폴리하이드록시스테아레이트, 세틸피이지/피피지-10/1다이메티콘, 향료, 하이드로제네이티드식물성오일, 프로필렌글라이콜, 돌콩스테롤, 폴리아이소부텐, 아세틸글루코사민, 인삼추출물, 폴리쿼터늄-51, 토코페롤, 카나우바왁스, 토코페릴리놀리에이트, 하이드롤라이즈드홍삼사포닌, 헥실라우레이트, 아보카도오일, 판테틴, 살리실릭애씨드, 라우릴피이지/피피지-18/18메티콘, 에틸헥실글리세린, 치자추출물, 포도잎추출물, 폴리솔베이트20, 리날룰, 솔비탄아이소스테아레이트, 1,2-헥산다이올, 베타-글루칸, 레티놀, 소듐메타포스페이트, 덱스트린, 다이메티콘올, 소듐하이알루로네이트, 피토스핑고신, 만니톨, 리모넨, 아이소스테아릴알코올, 소듐클로라이드, 아스코빌팔미테이트, 하이드로제네이티드식물성글리세라이즈시트레이트, 지황뿌리추출물, 작약뿌리추출물, 인삼꽃추출물, 둥굴레뿌리줄기추출물, 알파-아이소메틸아이오논, 레시틴, 연꽃추출물, 참나리비늘줄기추출물, 티비에이치큐, 카프릴릴글라이콜, 아세틸헵타펩타이드-4, 펜타에리스리틸테트라-다이-T-부틸하이드록시하이드로신나메이트, 아세틸테트라펩타이드-11, 헥사펩타이드-9, 아세틸헥사펩타이드-8, 소듐하이드록사이드, 아세틸옥타펩타이드-3",설화수,설화수_자음생크림 리치 30ml + 월리 우프 무드등
윤조에센스 90ml 세트 + 월리 우프 무드등,https://www.amoremall.com/kr/ko/product/detail?onlineProdSn=67570,126000.0,90ml,90.0,ml,"정제수, 변성알코올, 부틸렌글라이콜, 베타인, 1,2-헥산다이올, 비스-피이지-18메틸에터다이메틸실레인, 글리세릴폴리메타크릴레이트, 프로판다이올, 카보머, 피피지-13-데실테트라데세스-24, 트로메타민, 글리세릴카프릴레이트, 황금추출물, 에틸헥실글리세린, 향료, 아데노신, 리모넨, 덱스트린, 카카오추출물, 메틸트라이메티콘, 다이소듐이디티에이, 잔탄검, 셀룰로오스검, 카라기난, 꿀, 마데카소사이드, 지황뿌리추출물, 펜틸렌글라이콜, 다이포타슘글리시리제이트, 3-O-에틸아스코빅애씨드, 타우린, 소엽맥문동뿌리추출물, 작약뿌리추출물, 마돈나백합비늘줄기추출물, 리날룰, 둥굴레뿌리줄기추출물, 바이오사카라이드검-1, 프로필렌글라이콜, 인삼추출물, 연꽃추출물, 낫토검, 대추추출물, 호두추출물, 매실추출물, 시트로넬올, 시트랄, 제라니올, 하이드로제네이티드레시틴, 토코페롤, 시트릭애씨드",설화수,설화수_윤조에센스 90ml 세트 + 월리 우프 무드등
자음생크림 리치 50ml 단품기획세트,https://www.amoremall.com/kr/ko/product/detail?onlineProdSn=67359,270000.0,50ml,50.0,ml,"정제수, 글리세린, 스쿠알란, 부틸렌글라이콜, 트레할로오스, 메도우폼씨오일, 카프릴릴메티콘, 글리세릴스테아레이트, 다이메티콘, 피토스테릴이소스테아릴다이머디리놀리에이트, 옥틸도데실미리스테이트, 피이지-40스테아레이트, 피토스테릴/베헤닐/옥틸도데실라우로일글루타메이트, 해바라기씨오일, 호호바에스터, 팔미틱애씨드, 피이지-100스테아레이트, 스테아릭애씨드, 프로판다이올, 메톡시피이지-114/폴리엡실론카프로락톤, 망고씨버터, 폴리아크릴레이트-13, 세테아릴알코올, 돌콩오일, 페녹시에탄올, 피이지-30다이폴리하이드록시스테아레이트, 세틸피이지/피피지-10/1다이메티콘, 향료, 하이드로제네이티드식물성오일, 프로필렌글라이콜, 돌콩스테롤, 폴리아이소부텐, 아세틸글루코사민, 인삼추출물, 폴리쿼터늄-51, 토코페롤, 카나우바왁스, 토코페릴리놀리에이트, 하이드롤라이즈드홍삼사포닌, 헥실라우레이트, 아보카도오일, 판테틴, 살리실릭애씨드, 라우릴피이지/피피지-18/18메티콘, 에틸헥실글리세린, 치자추출물, 포도잎추출물, 폴리솔베이트20, 리날룰, 솔비탄아이소스테아레이트, 1,2-헥산다이올, 베타-글루칸, 레티놀, 소듐메타포스페이트, 덱스트린, 다이메티콘올, 소듐하이알루로네이트, 피토스핑고신, 만니톨, 리모넨, 아이소스테아릴알코올, 소듐클로라이드, 아스코빌팔미테이트, 하이드로제네이티드식물성글리세라이즈시트레이트, 지황뿌리추출물, 작약뿌리추출물, 인삼꽃추출물, 둥굴레뿌리줄기추출물, 알파-아이소메틸아이오논, 레시틴, 연꽃추출물, 참나리비늘줄기추출물, 티비에이치큐, 카프릴릴글라이콜, 아세틸헵타펩타이드-4, 펜타에리스리틸테트라-다이-T-부틸하이드록시하이드로신나메이트, 아세틸테트라펩타이드-11, 헥사펩타이드-9, 아세틸헥사펩타이드-8, 소듐하이드록사이드, 아세틸옥타펩타이드-3",설화수,설화수_자음생크림 리치 50ml 단품기획세트
윤조에센스 6세대 90ml 단품기획세트,https://www.amoremall.com/kr/ko/product/detail?onlineProdSn=67358,140000.0,90ml,90.0,ml,"정제수, 변성알코올, 부틸렌글라이콜, 베타인, 1,2-헥산다이올, 비스-피이지-18메틸에터다이메틸실레인, 글리세릴폴리메타크릴레이트, 프로판다이올, 카보머, 피피지-13-데실테트라데세스-24, 트로메타민, 글리세릴카프릴레이트, 황금추출물, 에틸헥실글리세린, 향료, 아데노신, 리모넨, 덱스트린, 카카오추출물, 메틸트라이메티콘, 다이소듐이디티에이, 잔탄검, 셀룰로오스검, 카라기난, 꿀, 마데카소사이드, 지황뿌리추출물, 펜틸렌글라이콜, 다이포타슘글리시리제이트, 3-O-에틸아스코빅애씨드, 타우린, 소엽맥문동뿌리추출물, 작약뿌리추출물, 마돈나백합비늘줄기추출물, 리날룰, 둥굴레뿌리줄기추출물, 바이오사카라이드검-1, 프로필렌글라이콜, 인삼추출물, 연꽃추출물, 낫토검, 대추추출물, 호두추출물, 매실추출물, 시트로넬올, 시트랄, 제라니올, 하이드로제네이티드레시틴, 토코페롤, 시트릭애씨드",설화수,설화수_윤조에센스 6세대 90ml 단품기획세트
퍼펙팅 트윈 케이크 11g,https://www.amoremall.com/kr/ko/product/detail?onlineProdSn=66995,55000.0,11g,11.0,g,"마이카, 탤크, 티타늄디옥사이드 (CI 77891), 티타늄디옥사이드, 실리카, 보론나이트라이드, 페닐트라이메티콘, 나일론6/12, 징크옥사이드, 부틸렌글라이콜다이카프릴레이트/다이카프레이트, 폴리글리세릴-2트라이아이소스테아레이트, 황색산화철, 피이지-10다이메티콘, 메티콘, 라우로일라이신, 다이메티콘, 하이드로제네이티드레시틴, 적색산화철, 트라이에톡시카프릴릴실레인, 에틸헥실글리세린, 향료, 흑색산화철, 글리세릴카프릴레이트, 알루미늄하이드록사이드, 리날룰, 정제수, 리모넨, 제라니올, 벤질벤조에이트, 부틸렌글라이콜, 시트로넬올, 글리세린, 시트랄, 프로판다이올, 토코페롤, 꿀, 매실나무꽃추출물, 지황뿌리추출물, 베타-글루칸, 작약뿌리추출물, 마돈나백합비늘줄기추출물, 둥굴레뿌리줄기추출물, 연꽃추출물",설화수,설화수_퍼펙팅 트윈 케이크 11g
윤조에센스 6세대 기프트박스 30ml,https://www.amoremall.com/kr/ko/product/detail?onlineProdSn=64958,55000.0,"- 본품 : 윤조에센스 30ml, - 구성품 : 윤조에센스 15ml, 자음수 15ml, 자음유액 15ml, 옥용팩 35ml",30.0,ml,"정제수, 변성알코올, 부틸렌글라이콜, 베타인, 1,2-헥산다이올, 비스-피이지-18메틸에터다이메틸실레인, 글리세릴폴리메타크릴레이트, 프로판다이올, 카보머, 피피지-13-데실테트라데세스-24, 트로메타민, 글리세릴카프릴레이트, 황금추출물, 에틸헥실글리세린, 향료, 아데노신, 리모넨, 덱스트린, 카카오추출물, 메틸트라이메티콘, 다이소듐이디티에이, 잔탄검, 셀룰로오스검, 카라기난, 꿀, 마데카소사이드, 지황뿌리추출물, 펜틸렌글라이콜, 다이포타슘글리시리제이트, 3-O-에틸아스코빅애씨드, 타우린, 소엽맥문동뿌리추출물, 작약뿌리추출물, 마돈나백합비늘줄기추출물, 리날룰, 둥굴레뿌리줄기추출물, 바이오사카라이드검-1, 프로필렌글라이콜, 인삼추출물, 연꽃추출물, 낫토검, 대추추출물, 호두추출물, 매실추출물, 시트로넬올, 시트랄, 제라니올, 하이드로제네이티드레시틴, 토코페롤, 시트릭애씨드",설화수,설화수_윤조에센스 6세대 기프트박스 30ml
진설크림 리치 60ml,https://www.amoremall.com/kr/ko/product/detail?onlineProdSn=64216,470000.0,60ml,60.0,ml,"정제수, 글리세린, 부틸렌글라이콜, 스쿠알란, 펜타에리스리틸테트라아이소스테아레이트, 트레할로오스, 다이아이소스테아릴말레이트, 세테아릴알코올, 피토스테릴/옥틸도데실라우로일글루타메이트, 다이메티콘, 미리스틸미리스테이트, 피이지-40스테아레이트, 카나우바왁스, 1,2-헥산다이올, 글리세릴스테아레이트, 피이지-100스테아레이트, 메톡시피이지-114/폴리엡실론카프로락톤, 폴리아크릴레이트-13, 하이드로제네이티드로진, 암모늄아크릴로일다이메틸타우레이트/브이피코폴리머, 하이드로제네이티드폴리아이소부텐, 폴리아이소부텐, 향료, 에틸헥실글리세린, 하이드롤라이즈드홍삼사포닌, 글리세릴카프릴레이트, 페녹시에탄올, 하이드록시프로필사이클로덱스트린, 판테틴, 폴리솔베이트20, 프로판다이올, 솔비탄아이소스테아레이트, 인삼씨오일, 벤질살리실레이트, 덱스트린, 카카오추출물, 소듐글루코네이트, 바이오플라보노이드, 하이드롤라이즈드프로안토시아니딘, 돌콩오일, 리모넨, 지황뿌리추출물, 메틸프로판다이올, 작약뿌리추출물, 둥굴레뿌리줄기추출물, 리날룰, 연꽃추출물, 인삼열매추출물, 참나리비늘줄기추출물, 산양삼추출물, 레티놀, 토코페롤, 카프릴릴글라이콜, 하이드로제네이티드레시틴, 잔탄검, 아세틸헵타펩타이드-4, 아세틸헥사펩타이드-8, 소듐하이드록사이드, 아세틸옥타펩타이드-3",설화수,설화수_진설크림 리치 60ml
진설세럼 30ml,https://www.amoremall.com/kr/ko/product/detail?onlineProdSn=59223,300000.0,30ml,30.0,ml,"정제수, 부틸렌글라이콜, 글리세린, 다이메티콘, 변성알코올, 글리세레스-26, 트레할로오스, 펜타에리스리틸테트라에틸헥사노에이트, 폴리메틸실세스퀴옥세인, 하이드로제네이티드폴리(C6-14올레핀), 프로판다이올, 1,2-헥산다이올, 하이드로제네이티드레시틴, 실리카, 하이드로제네이티드포스파티딜콜린, 비스-피이지-18메틸에터다이메틸실레인, 피이지-5피토스테롤, 다이메티콘올, 피이지-10다이메티콘, 향료, 하이드록시에틸아크릴레이트/소듐아크릴로일다이메틸타우레이트코폴리머, 에틸헥실글리세린, 하이드롤라이즈드홍삼사포닌, 소듐폴리아크릴레이트, 암모늄아크릴로일다이메틸타우레이트/브이피코폴리머, 하이드로제네이티드폴리데센, 아크릴레이트/C10-30알킬아크릴레이트크로스폴리머, 소듐하이알루로네이트, 잔탄검, 하이드록시프로필사이클로덱스트린, 트로메타민, 베타-글루칸, 다이소듐이디티에이, 메톡시피이지-114/폴리엡실론카프로락톤, 벤질살리실레이트, 솔비탄아이소스테아레이트, 폴리솔베이트60, 바이오플라보노이드, 피피지-5-라우레스-5, 덱스트린, 카카오추출물, 하이드롤라이즈드프로안토시아니딘, 꿀, 리모넨, 지황뿌리추출물, 작약뿌리추출물, 마돈나백합비늘줄기추출물, 둥굴레뿌리줄기추출물, 인삼열매추출물, 연꽃추출물, 산양삼추출물, 토코페롤, 인삼추출물, 피토스핑고신, 소듐폴리아스파테이트, 인삼뿌리프로토플라스트, 카프릴릴글라이콜, 소듐메틸스테아로일타우레이트, 아세틸헵타펩타이드-4, 아세틸헥사펩타이드-8, 소듐하이드록사이드, 아세틸옥타펩타이드-3",설화수,설화수_진설세럼 30ml
진설크림 30ml,https://www.amoremall.com/kr/ko/product/detail?onlineProdSn=59218,290000.0,30ml,30.0,ml,"정제수, 부틸렌글라이콜, 트라이에틸헥사노인, 글리세린, 다이메티콘, 스쿠알란, 펜타에리스리틸테트라에틸헥사노에이트, 세틸에틸헥사노에이트, 폴리글리세릴-3메틸글루코오스다이스테아레이트, 트라이실록세인, 1,2-헥산다이올, 다이아이소스테아릴말레이트, 하이드로제네이티드폴리아이소부텐, 글리세릴스테아레이트, 피이지-100스테아레이트, 세테아릴알코올, 펜타에리스리틸다이스테아레이트, 베헤닐알코올, 폴리글리세린-3, 시어버터, 하이드록시에틸아크릴레이트/소듐아크릴로일다이메틸타우레이트코폴리머, 향료, 암모늄아크릴로일다이메틸타우레이트/브이피코폴리머, 하이드록시프로필스타치포스페이트, 하이드롤라이즈드홍삼사포닌, 글리세릴카프릴레이트, 해바라기씨오일, 에틸헥실글리세린, 다이소듐이디티에이, 하이드록시프로필사이클로덱스트린, 프로판다이올, 솔비탄아이소스테아레이트, 폴리솔베이트60, 메톡시피이지-114/폴리엡실론카프로락톤, 당근추출물, 벤질살리실레이트, 바이오플라보노이드, 하이드롤라이즈드프로안토시아니딘, 꿀, 리모넨, 하이드로제네이티드레시틴, 지황뿌리추출물, 작약뿌리추출물, 마돈나백합비늘줄기추출물, 둥굴레뿌리줄기추출물, 리날룰, 인삼열매추출물, 연꽃추출물, 산양삼추출물, 베타-카로틴, 토코페롤, 인삼추출물, 피토스핑고신, 소듐폴리아스파테이트, 카프릴릴글라이콜, 소듐메틸스테아로일타우레이트, 아세틸헵타펩타이드-4, 시트릭애씨드, 아세틸헥사펩타이드-8, 소듐하이드록사이드, 아세틸옥타펩타이드-3",설화수,설화수_진설크림 30ml
퍼펙팅 파운데이션 SPF17/PA+ 35ml,https://www.amoremall.com/kr/ko/product/detail?onlineProdSn=35097,70000.0,35ml,35.0,ml,"정제수, 티타늄디옥사이드 (CI 77891), 사이클로펜타실록세인, 카프릴릴메티콘, 트라이메틸실록시실리케이트, 사이클로헥사실록세인, 프로판다이올, 메틸트라이메티콘, 세틸피이지/피피지-10/1다이메티콘, 에칠헥실메톡시신나메이트, 나이아신아마이드, 베타인, 변성알코올, 폴리메틸메타크릴레이트, 하이드로제네이티드폴리(C6-14올레핀), 1,2-헥산다이올, 피이지-10다이메티콘, 징크옥사이드, 황색산화철, 티타늄디옥사이드, 세틸에틸헥사노에이트, 다이스테아다이모늄헥토라이트, 폴리글리세릴-3메틸글루코오스다이스테아레이트, 알루미늄하이드록사이드, 글리세린, 트라이에톡시카프릴릴실레인, 적색산화철, 향료, 카프릴릴글라이콜, 부틸렌글라이콜, 세테아릴알코올, 소듐스테아로일글루타메이트, 글리세릴카프릴레이트, 스테아릭애씨드, 리날룰, 아데노신, 흑색산화철, 리모넨, 제라니올, 벤질벤조에이트, 베타-글루칸, 시트로넬올, 에틸헥실글리세린, 매실나무꽃추출물, 비에이치티, 시트랄, 꿀, 지황뿌리추출물, 작약뿌리추출물, 마돈나백합비늘줄기추출물, 펜타에리스리틸테트라-다이-T-부틸하이드록시하이드로신나메이트, 둥굴레뿌리줄기추출물, 연꽃추출물",설화수,설화수_퍼펙팅 파운데이션 SPF17/PA+ 35ml
