persona_id,product_index,similarity,brand
persona_1,0,0.8123539686203003,메이크온
persona_1,1,0.8123539686203003,메이크온
persona_1,2,0.8133082985877991,메이크온
persona_1,3,0.8133082985877991,메이크온
persona_1,4,0.8133082985877991,메이크온
persona_1,5,0.8133082985877991,메이크온
persona_1,6,0.811856210231781,메이크온
persona_1,7,0.673164427280426,메이크온
persona_1,8,0.8123539686203003,메이크온
persona_1,9,0.7690135836601257,에뛰드
persona_1,10,0.7369668483734131,에뛰드
persona_1,11,0.8147454261779785,에뛰드
persona_1,12,0.8147454261779785,에뛰드
persona_1,13,0.8147454261779785,에뛰드
persona_1,14,0.814581573009491,에뛰드
persona_1,15,0.7624551653862,에뛰드
persona_1,16,0.782574474811554,에뛰드
persona_1,17,0.7409964203834534,에뛰드
persona_1,18,0.7069256901741028,에뛰드
persona_1,19,0.8137921094894409,에뛰드
persona_1,20,0.7568008899688721,에뛰드
persona_1,21,0.7366057634353638,에뛰드
persona_1,22,0.8147454261779785,에뛰드
persona_1,23,0.8137921094894409,에뛰드
persona_1,24,0.7636150121688843,에뛰드
persona_1,25,0.7468239665031433,에뛰드
persona_1,26,0.7401555776596069,에뛰드
persona_1,27,0.7229942083358765,에뛰드
persona_1,28,0.7469097375869751,에뛰드
persona_1,29,0.7587147951126099,에뛰드
persona_1,30,0.7439805865287781,에뛰드
persona_1,31,0.7309229969978333,에뛰드
persona_1,32,0.7805651426315308,에뛰드
persona_1,33,0.7630434036254883,에뛰드
persona_1,34,0.6915614008903503,에뛰드
persona_1,35,0.8155067563056946,에뛰드
persona_1,36,0.7179943323135376,에뛰드
persona_1,37,0.7306354641914368,에뛰드
persona_1,38,0.7660149931907654,에뛰드
persona_1,39,0.814581573009491,에뛰드
persona_1,40,0.7254731059074402,에뛰드
persona_1,41,0.7837222814559937,에뛰드
persona_1,42,0.8155067563056946,에뛰드
persona_1,43,0.814581573009491,에뛰드
persona_1,44,0.813292384147644,에뛰드
persona_1,45,0.7823642492294312,에뛰드
persona_1,46,0.8137921094894409,에뛰드
persona_1,47,0.7567477226257324,에뛰드
persona_1,48,0.775052011013031,에뛰드
persona_1,49,0.739761471748352,에뛰드
persona_1,50,0.8137921094894409,에뛰드
persona_1,51,0.7493985891342163,에뛰드
persona_1,52,0.7068083882331848,에뛰드
persona_1,53,0.7674866914749146,에뛰드
persona_1,54,0.7486618161201477,에뛰드
persona_1,55,0.7400095462799072,에뛰드
persona_1,56,0.7367663383483887,에뛰드
persona_1,57,0.7838995456695557,에뛰드
persona_1,58,0.7491626739501953,에뛰드
persona_1,59,0.782574474811554,에뛰드
persona_1,60,0.7259150743484497,에뛰드
persona_1,61,0.7106449604034424,에뛰드
persona_1,62,0.8137921094894409,에뛰드
persona_1,63,0.7198216915130615,에뛰드
persona_1,64,0.8147454261779785,에뛰드
persona_1,65,0.7308490872383118,에뛰드
persona_1,66,0.7851559519767761,에뛰드
persona_1,67,0.7217434644699097,에뛰드
persona_1,68,0.741995632648468,에뛰드
persona_1,69,0.813292384147644,에뛰드
persona_1,70,0.7778306603431702,에뛰드
persona_1,71,0.7689999341964722,에뛰드
persona_1,72,0.8137921094894409,에뛰드
persona_1,73,0.7838995456695557,에뛰드
persona_1,74,0.7281450033187866,에뛰드
persona_1,75,0.7392304539680481,에뛰드
persona_1,76,0.7514786124229431,에뛰드
persona_1,77,0.7319788336753845,에뛰드
persona_1,78,0.813292384147644,에뛰드
persona_1,79,0.813292384147644,에뛰드
persona_1,80,0.754032552242279,에뛰드
persona_1,81,0.8137921094894409,에뛰드
persona_1,82,0.7513799071311951,에뛰드
persona_1,83,0.752129077911377,에뛰드
persona_1,84,0.813292384147644,에뛰드
persona_1,85,0.7778744101524353,에뛰드
persona_1,86,0.776533842086792,에뛰드
persona_1,87,0.8147454261779785,에뛰드
persona_1,88,0.7464571595191956,에뛰드
persona_1,89,0.7587147951126099,에뛰드
persona_1,90,0.7058585286140442,에뛰드
persona_1,91,0.7879770994186401,에뛰드
persona_1,92,0.8137921094894409,에뛰드
persona_1,93,0.7420600652694702,에뛰드
persona_1,94,0.709492564201355,에뛰드
persona_1,95,0.8035860657691956,에뛰드
persona_1,96,0.7628213167190552,에뛰드
persona_1,97,0.7841869592666626,에뛰드
persona_1,98,0.7517266273498535,에뛰드
persona_1,99,0.8147454261779785,에뛰드
persona_1,100,0.7447895407676697,에뛰드
persona_1,101,0.813292384147644,에뛰드
persona_1,102,0.7750216722488403,에뛰드
persona_1,103,0.7755057215690613,에뛰드
persona_1,104,0.8147454261779785,에뛰드
persona_1,105,0.7841869592666626,에뛰드
persona_1,106,0.706287682056427,에뛰드
persona_1,107,0.813292384147644,에뛰드
persona_1,108,0.8147454261779785,에뛰드
persona_1,109,0.7275219559669495,에뛰드
persona_1,110,0.7430046200752258,에뛰드
persona_1,111,0.7513799071311951,에뛰드
persona_1,112,0.8155067563056946,에뛰드
persona_1,113,0.7503806352615356,에뛰드
persona_1,114,0.8147454261779785,에뛰드
persona_1,115,0.813292384147644,에뛰드
persona_1,116,0.8137921094894409,에뛰드
persona_1,117,0.8147454261779785,에뛰드
persona_1,118,0.8137921094894409,에뛰드
persona_1,119,0.7634220719337463,에뛰드
persona_1,120,0.778713583946228,에뛰드
persona_1,121,0.7073878049850464,에뛰드
persona_1,122,0.8155067563056946,에뛰드
persona_1,123,0.7838995456695557,에뛰드
persona_1,124,0.8155067563056946,에뛰드
persona_1,125,0.8137921094894409,에뛰드
persona_1,126,0.7745804786682129,에뛰드
persona_1,127,0.7837222814559937,에뛰드
persona_1,128,0.812526524066925,에뛰드
persona_1,129,0.7367663383483887,에뛰드
persona_1,130,0.7446696162223816,에뛰드
persona_1,131,0.8137921094894409,에뛰드
persona_1,132,0.706287682056427,에뛰드
persona_1,133,0.813292384147644,에뛰드
persona_1,134,0.8137921094894409,에뛰드
persona_1,135,0.813292384147644,에뛰드
persona_1,136,0.813292384147644,에뛰드
persona_1,137,0.813292384147644,에뛰드
persona_1,138,0.8137921094894409,에뛰드
persona_1,139,0.8155067563056946,에뛰드
persona_1,140,0.8147454261779785,에뛰드
persona_1,141,0.813292384147644,에뛰드
persona_1,142,0.7696570754051208,에뛰드
persona_1,143,0.7672250270843506,에뛰드
persona_1,144,0.7382558584213257,에뛰드
persona_1,145,0.7568008899688721,에뛰드
persona_1,146,0.7517266273498535,에뛰드
persona_1,147,0.7077325582504272,에뛰드
persona_1,148,0.7662357091903687,에뛰드
persona_1,149,0.7195613384246826,에뛰드
persona_1,150,0.7281450033187866,에뛰드
persona_1,151,0.7816475033760071,에뛰드
persona_1,152,0.7727014422416687,에스트라
persona_1,153,0.769999623298645,에스트라
persona_1,154,0.7645832300186157,에스트라
persona_1,155,0.7774046063423157,에스트라
persona_1,156,0.7795937061309814,에스트라
persona_1,157,0.7787237763404846,에스트라
persona_1,158,0.7747048139572144,에스트라
persona_1,159,0.7747048139572144,에스트라
persona_1,160,0.7372008562088013,에스트라
persona_1,161,0.7794439196586609,에스트라
persona_1,162,0.7419484853744507,에스트라
persona_1,163,0.758981466293335,에스트라
persona_1,164,0.7524799704551697,에스트라
persona_1,165,0.7474908232688904,에스트라
persona_1,166,0.7253885865211487,에스트라
persona_1,167,0.7365255355834961,에스트라
persona_1,168,0.7873163223266602,에스트라
persona_1,169,0.759212851524353,에스트라
persona_1,170,0.7794439196586609,에스트라
persona_1,171,0.7451252341270447,에스트라
persona_1,172,0.7807902097702026,에스트라
persona_1,173,0.7580843567848206,에스트라
persona_1,174,0.7822513580322266,에스트라
persona_1,175,0.7785778045654297,에스트라
persona_1,176,0.7404466867446899,에스트라
persona_1,177,0.7805594801902771,에스트라
persona_1,178,0.7746222615242004,에스트라
persona_1,179,0.7695272564888,에스트라
persona_1,180,0.760881781578064,에스트라
persona_1,181,0.7375679612159729,에스트라
persona_1,182,0.7746222615242004,에스트라
persona_1,183,0.7749929428100586,에스트라
persona_1,184,0.7723866105079651,에스트라
persona_1,185,0.7695997357368469,에스트라
persona_1,186,0.7383849024772644,에스트라
persona_1,187,0.7487021088600159,에스트라
persona_1,188,0.8075263500213623,에스트라
persona_1,189,0.7326405048370361,에스트라
persona_1,190,0.750519871711731,에스트라
persona_1,191,0.6933532953262329,에스트라
persona_1,192,0.7863317131996155,에스트라
persona_1,193,0.7568160891532898,에스트라
persona_1,194,0.7802090644836426,에스트라
persona_1,195,0.7813175916671753,에스트라
persona_1,196,0.8107418417930603,에스트라
persona_1,197,0.7751635313034058,에스트라
persona_1,198,0.8107418417930603,에스트라
persona_1,199,0.8094944953918457,에스트라
persona_1,200,0.8115383982658386,에스트라
persona_1,201,0.7787237763404846,에스트라
persona_1,202,0.8094944953918457,에스트라
persona_1,203,0.8107418417930603,에스트라
persona_1,204,0.8102430701255798,에스트라
persona_1,205,0.8116934895515442,에스트라
persona_1,206,0.7630184888839722,
persona_1,207,0.7630184888839722,
persona_1,208,0.7630184888839722,
persona_1,209,0.7700003981590271,
persona_1,210,0.7660768032073975,
persona_1,211,0.7684875726699829,
persona_1,212,0.7684875726699829,
persona_1,213,0.7684875726699829,
persona_1,214,0.7660768032073975,
persona_1,215,0.7715238332748413,
persona_1,216,0.7596855759620667,
persona_1,217,0.7708398699760437,
persona_1,218,0.7596855759620667,
persona_1,219,0.7684875726699829,
persona_1,220,0.7700003981590271,
persona_1,221,0.7684875726699829,
persona_1,222,0.7630184888839722,
persona_1,223,0.7630184888839722,
persona_1,224,0.7660768032073975,
persona_1,225,0.7630184888839722,
persona_1,226,0.7630184888839722,
persona_1,227,0.7673806548118591,라보에이치
persona_1,228,0.783790647983551,라보에이치
persona_1,229,0.7932049036026001,라보에이치
persona_1,230,0.7780158519744873,라보에이치
persona_1,231,0.7932049036026001,라보에이치
persona_1,232,0.7701507806777954,라보에이치
persona_1,233,0.8205077648162842,라보에이치
persona_1,234,0.8097847104072571,라보에이치
persona_1,235,0.7667718529701233,라보에이치
persona_1,236,0.795886218547821,라보에이치
persona_1,237,0.791348934173584,라보에이치
persona_1,238,0.781104326248169,라보에이치
persona_1,239,0.781062126159668,라보에이치
persona_1,240,0.791348934173584,라보에이치
persona_1,241,0.7711321115493774,라보에이치
persona_1,242,0.7932049036026001,라보에이치
persona_1,243,0.7932049036026001,라보에이치
persona_1,244,0.7159616351127625,라보에이치
persona_1,245,0.8205077648162842,라보에이치
persona_1,246,0.8205077648162842,라보에이치
persona_1,247,0.8195516467094421,라보에이치
persona_1,248,0.7492916584014893,라보에이치
persona_1,249,0.8205077648162842,라보에이치
persona_1,250,0.8212653994560242,라보에이치
persona_1,251,0.8212653994560242,라보에이치
persona_1,252,0.8212653994560242,라보에이치
persona_1,253,0.8205077648162842,라보에이치
persona_1,254,0.8205077648162842,라보에이치
persona_1,255,0.8271835446357727,롱테이크
persona_1,256,0.7920065522193909,롱테이크
persona_1,257,0.7894280552864075,롱테이크
persona_1,258,0.8271835446357727,롱테이크
persona_1,259,0.7898786067962646,롱테이크
persona_1,260,0.7859243154525757,롱테이크
persona_1,261,0.7894280552864075,롱테이크
persona_1,262,0.7935003042221069,롱테이크
persona_1,263,0.7894013524055481,롱테이크
persona_1,264,0.7894013524055481,롱테이크
persona_1,265,0.8254693150520325,롱테이크
persona_1,266,0.7547423839569092,롱테이크
persona_1,267,0.8264304399490356,롱테이크
persona_1,268,0.8264304399490356,롱테이크
persona_1,269,0.8254693150520325,롱테이크
persona_1,270,0.8254693150520325,롱테이크
persona_1,271,0.8254693150520325,롱테이크
persona_1,272,0.8254693150520325,롱테이크
persona_1,273,0.793485164642334,롱테이크
persona_1,274,0.8047199249267578,에스쁘아
persona_1,275,0.7512181401252747,에스쁘아
persona_1,276,0.7829445600509644,에스쁘아
persona_1,277,0.7490295767784119,에스쁘아
persona_1,278,0.7309861183166504,에스쁘아
persona_1,279,0.8348503112792969,에스쁘아
persona_1,280,0.7680200338363647,에스쁘아
persona_1,281,0.7791724801063538,에스쁘아
persona_1,282,0.7354859113693237,에스쁘아
persona_1,283,0.7507175207138062,에스쁘아
persona_1,284,0.7476296424865723,에스쁘아
persona_1,285,0.8348503112792969,에스쁘아
persona_1,286,0.8047199249267578,에스쁘아
persona_1,287,0.7528703212738037,에스쁘아
persona_1,288,0.8022567629814148,에스쁘아
persona_1,289,0.8047199249267578,에스쁘아
persona_1,290,0.7512181401252747,에스쁘아
persona_1,291,0.8338879346847534,에스쁘아
persona_1,292,0.8348503112792969,에스쁘아
persona_1,293,0.8348503112792969,에스쁘아
persona_1,294,0.8333827257156372,에스쁘아
persona_1,295,0.8055413961410522,에스쁘아
persona_1,296,0.8338879346847534,에스쁘아
persona_1,297,0.8338879346847534,에스쁘아
persona_1,298,0.8047199249267578,에스쁘아
persona_1,299,0.7255269289016724,에스쁘아
persona_1,300,0.7499373555183411,에스쁘아
persona_1,301,0.8333827257156372,에스쁘아
persona_1,302,0.8055413961410522,에스쁘아
persona_1,303,0.800193190574646,에스쁘아
persona_1,304,0.7786949872970581,에스쁘아
persona_1,305,0.8333827257156372,에스쁘아
persona_1,306,0.8022567629814148,에스쁘아
persona_1,307,0.7309861183166504,에스쁘아
persona_1,308,0.7476296424865723,에스쁘아
persona_1,309,0.7319110035896301,에스쁘아
persona_1,310,0.8333827257156372,에스쁘아
persona_1,311,0.8315722942352295,에스쁘아
persona_1,312,0.8338879346847534,에스쁘아
persona_1,313,0.8048874735832214,에스쁘아
persona_1,314,0.783262312412262,에스쁘아
persona_1,315,0.7280873656272888,에스쁘아
persona_1,316,0.7481255531311035,에스쁘아
persona_1,317,0.8338879346847534,에스쁘아
persona_1,318,0.769493818283081,에스쁘아
persona_1,319,0.8047199249267578,에스쁘아
persona_1,320,0.8333827257156372,에스쁘아
persona_1,321,0.8001558780670166,에스쁘아
persona_1,322,0.8216227889060974,에스쁘아
persona_1,323,0.8062906265258789,에스쁘아
persona_1,324,0.8348503112792969,에스쁘아
persona_1,325,0.769493818283081,에스쁘아
persona_1,326,0.7476296424865723,에스쁘아
persona_1,327,0.7312884330749512,에스쁘아
persona_1,328,0.7395514845848083,에스쁘아
persona_1,329,0.7457680702209473,에스쁘아
persona_1,330,0.730735719203949,에스쁘아
persona_1,331,0.803913950920105,에스쁘아
persona_1,332,0.7527177929878235,에스쁘아
persona_1,333,0.8338879346847534,에스쁘아
persona_1,334,0.8338879346847534,에스쁘아
persona_1,335,0.7643002867698669,에스쁘아
persona_1,336,0.7463819980621338,에스쁘아
persona_1,337,0.803913950920105,에스쁘아
persona_1,338,0.8116461038589478,에스쁘아
persona_1,339,0.8348503112792969,에스쁘아
persona_1,340,0.8022567629814148,에스쁘아
persona_1,341,0.8022567629814148,에스쁘아
persona_1,342,0.8022567629814148,에스쁘아
persona_1,343,0.8022567629814148,에스쁘아
persona_1,344,0.8022567629814148,에스쁘아
persona_1,345,0.8348503112792969,에스쁘아
persona_1,346,0.8338879346847534,에스쁘아
persona_1,347,0.8355986475944519,에스쁘아
persona_1,348,0.8140553832054138,아모레성수
persona_1,349,0.7847042679786682,아모레성수
persona_1,350,0.8726233243942261,아모레성수
persona_1,351,0.7818417549133301,아모레성수
persona_1,352,0.7828928232192993,아모레성수
persona_1,353,0.7882322072982788,아모레성수
persona_1,354,0.7996963858604431,아모레성수
persona_1,355,0.796825110912323,아모레성수
persona_1,356,0.8173593878746033,아모레성수
persona_1,357,0.8213640451431274,아모레성수
persona_1,358,0.7530973553657532,아모레성수
persona_1,359,0.772871196269989,아모레성수
persona_1,360,0.8077278137207031,아모레성수
persona_1,361,0.811620831489563,아모레성수
persona_1,362,0.8056221604347229,아모레성수
persona_1,363,0.8179246187210083,아모레성수
persona_1,364,0.7382602691650391,미쟝센
persona_1,365,0.7804277539253235,미쟝센
persona_1,366,0.7273486256599426,미쟝센
persona_1,367,0.7421907186508179,미쟝센
persona_1,368,0.7400236129760742,미쟝센
persona_1,369,0.7723191380500793,미쟝센
persona_1,370,0.7909442186355591,미쟝센
persona_1,371,0.7568444609642029,미쟝센
persona_1,372,0.7727220058441162,미쟝센
persona_1,373,0.7865965962409973,미쟝센
persona_1,374,0.7999850511550903,미쟝센
persona_1,375,0.7867691516876221,미쟝센
persona_1,376,0.7693005204200745,미쟝센
persona_1,377,0.7524555325508118,미쟝센
persona_1,378,0.7887905836105347,미쟝센
persona_1,379,0.7629355192184448,미쟝센
persona_1,380,0.7568444609642029,미쟝센
persona_1,381,0.7795382142066956,미쟝센
persona_1,382,0.7629355192184448,미쟝센
persona_1,383,0.7790187001228333,미쟝센
persona_1,384,0.7840240597724915,미쟝센
persona_1,385,0.8198497891426086,미쟝센
persona_1,386,0.8198497891426086,미쟝센
persona_1,387,0.7378174066543579,미쟝센
persona_1,388,0.8188937902450562,미쟝센
persona_1,389,0.7713839411735535,미쟝센
persona_1,390,0.7568444609642029,미쟝센
persona_1,391,0.7568444609642029,미쟝센
persona_1,392,0.7568444609642029,미쟝센
persona_1,393,0.7711364030838013,미쟝센
persona_1,394,0.8198497891426086,미쟝센
persona_1,395,0.7166440486907959,미쟝센
persona_1,396,0.760316014289856,미쟝센
persona_1,397,0.8198497891426086,미쟝센
persona_1,398,0.8198497891426086,미쟝센
persona_1,399,0.7908181548118591,미쟝센
persona_1,400,0.7524555325508118,미쟝센
persona_1,401,0.770624577999115,미쟝센
persona_1,402,0.7547062039375305,미쟝센
persona_1,403,0.7886807322502136,미쟝센
persona_1,404,0.7926372289657593,미쟝센
persona_1,405,0.7684442400932312,미쟝센
persona_1,406,0.7568444609642029,미쟝센
persona_1,407,0.7160741090774536,미쟝센
persona_1,408,0.7223861217498779,미쟝센
persona_1,409,0.8188937902450562,미쟝센
persona_1,410,0.8198497891426086,미쟝센
persona_1,411,0.8188937902450562,미쟝센
persona_1,412,0.8198497891426086,미쟝센
persona_1,413,0.8198497891426086,미쟝센
persona_1,414,0.8198497891426086,미쟝센
persona_1,415,0.8206071853637695,미쟝센
persona_1,416,0.7321923971176147,미쟝센
persona_1,417,0.8206071853637695,미쟝센
persona_1,418,0.8198497891426086,미쟝센
persona_1,419,0.8206071853637695,미쟝센
persona_1,420,0.8206071853637695,미쟝센
persona_1,421,0.8198497891426086,미쟝센
persona_1,422,0.7568444609642029,미쟝센
persona_1,423,0.8270271420478821,아모레퍼시픽
persona_1,424,0.8805249333381653,아모레퍼시픽
persona_1,425,0.878563642501831,아모레퍼시픽
persona_1,426,0.8700948357582092,아모레퍼시픽
persona_1,427,0.7530973553657532,아모레퍼시픽
persona_1,428,0.8747748136520386,아모레퍼시픽
persona_1,429,0.878563642501831,아모레퍼시픽
persona_1,430,0.9119316339492798,아모레베이직
persona_1,431,0.9109389781951904,아모레베이직
persona_1,432,0.8805985450744629,아모레베이직
persona_1,433,0.9126099348068237,아모레베이직
persona_1,434,0.8195044994354248,아모레베이직
persona_1,435,0.7907233834266663,아모레베이직
persona_1,436,0.9126099348068237,아모레베이직
persona_1,437,0.9126099348068237,아모레베이직
persona_1,438,0.9109389781951904,아모레베이직
persona_1,439,0.9089574813842773,아모레베이직
persona_1,440,0.9066387414932251,아모레베이직
persona_1,441,0.9126099348068237,아모레베이직
persona_1,442,0.9126099348068237,아모레베이직
persona_1,443,0.8314540386199951,아모레베이직
persona_1,444,0.8118649125099182,한율
persona_1,445,0.7747461795806885,한율
persona_1,446,0.8128167986869812,한율
persona_1,447,0.7792954444885254,한율
persona_1,448,0.8128167986869812,한율
persona_1,449,0.7478318214416504,한율
persona_1,450,0.7833466529846191,한율
persona_1,451,0.8128167986869812,한율
persona_1,452,0.8135782480239868,한율
persona_1,453,0.8128167986869812,한율
persona_1,454,0.8118649125099182,한율
persona_1,455,0.7818925380706787,한율
persona_1,456,0.8135782480239868,한율
persona_1,457,0.7478318214416504,한율
persona_1,458,0.7792954444885254,한율
persona_1,459,0.7759433388710022,한율
persona_1,460,0.8135782480239868,한율
persona_1,461,0.786121666431427,한율
persona_1,462,0.8128167986869812,한율
persona_1,463,0.8135782480239868,한율
persona_1,464,0.765446126461029,한율
persona_1,465,0.8135782480239868,한율
persona_1,466,0.7792954444885254,한율
persona_1,467,0.8128167986869812,한율
persona_1,468,0.7812660932540894,한율
persona_1,469,0.7478318214416504,한율
persona_1,470,0.7964249849319458,한율
persona_1,471,0.8128167986869812,한율
persona_1,472,0.8135782480239868,한율
persona_1,473,0.7713563442230225,한율
persona_1,474,0.7884193062782288,한율
persona_1,475,0.7778306603431702,한율
persona_1,476,0.7447311878204346,한율
persona_1,477,0.8135782480239868,한율
persona_1,478,0.8135782480239868,한율
persona_1,479,0.8128167986869812,한율
persona_1,480,0.8135782480239868,한율
persona_1,481,0.7865948677062988,한율
persona_1,482,0.7805442214012146,한율
persona_1,483,0.7798244953155518,한율
persona_1,484,0.7687563300132751,한율
persona_1,485,0.7800009846687317,한율
persona_1,486,0.7713563442230225,한율
persona_1,487,0.7447311878204346,한율
persona_1,488,0.7833466529846191,한율
persona_1,489,0.8128167986869812,한율
persona_1,490,0.7708477973937988,한율
persona_1,491,0.8118649125099182,한율
persona_1,492,0.8128167986869812,한율
persona_1,493,0.8135782480239868,한율
persona_1,494,0.8128167986869812,한율
persona_1,495,0.8135782480239868,한율
persona_1,496,0.8135782480239868,한율
persona_1,497,0.8135782480239868,한율
persona_1,498,0.8128167986869812,한율
persona_1,499,0.7342715263366699,해피바스
persona_1,500,0.7302159667015076,해피바스
persona_1,501,0.7670794129371643,해피바스
persona_1,502,0.7508547306060791,해피바스
persona_1,503,0.8003393411636353,해피바스
persona_1,504,0.772163987159729,해피바스
persona_1,505,0.797966480255127,해피바스
persona_1,506,0.8251367807388306,해피바스
persona_1,507,0.7457055449485779,해피바스
persona_1,508,0.7965547442436218,해피바스
persona_1,509,0.775460422039032,해피바스
persona_1,510,0.7211008071899414,해피바스
persona_1,511,0.7301877737045288,해피바스
persona_1,512,0.772163987159729,해피바스
persona_1,513,0.7347792387008667,해피바스
persona_1,514,0.7492496967315674,해피바스
persona_1,515,0.797966480255127,해피바스
persona_1,516,0.7301877737045288,해피바스
persona_1,517,0.7627645134925842,해피바스
persona_1,518,0.759986937046051,해피바스
persona_1,519,0.8003393411636353,해피바스
persona_1,520,0.7302159667015076,해피바스
persona_1,521,0.8241786360740662,해피바스
persona_1,522,0.7301877737045288,해피바스
persona_1,523,0.8258905410766602,해피바스
persona_1,524,0.759986937046051,해피바스
persona_1,525,0.7321170568466187,해피바스
persona_1,526,0.7301877737045288,해피바스
persona_1,527,0.7318850755691528,해피바스
persona_1,528,0.8258905410766602,해피바스
persona_1,529,0.7544652819633484,해피바스
persona_1,530,0.7481361031532288,해피바스
persona_1,531,0.7492496967315674,해피바스
persona_1,532,0.8258905410766602,해피바스
persona_1,533,0.7577037215232849,해피바스
persona_1,534,0.772163987159729,해피바스
persona_1,535,0.7709274291992188,해피바스
persona_1,536,0.8258905410766602,해피바스
persona_1,537,0.8258905410766602,해피바스
persona_1,538,0.759986937046051,해피바스
persona_1,539,0.7950567603111267,해피바스
persona_1,540,0.8258905410766602,해피바스
persona_1,541,0.7510037422180176,해피바스
persona_1,542,0.8258905410766602,해피바스
persona_1,543,0.8258905410766602,해피바스
persona_1,544,0.7950770854949951,해피바스
persona_1,545,0.7810428142547607,해피바스
persona_1,546,0.759986937046051,해피바스
persona_1,547,0.7495890855789185,해피바스
persona_1,548,0.761431097984314,해피바스
persona_1,549,0.7893897891044617,해피바스
persona_1,550,0.7893897891044617,해피바스
persona_1,551,0.9126099348068237,온호프
persona_1,552,0.8193793892860413,홀리추얼
persona_1,553,0.771085262298584,홀리추얼
persona_1,554,0.8193793892860413,홀리추얼
persona_1,555,0.7800185084342957,홀리추얼
persona_1,556,0.7820638418197632,홀리추얼
persona_1,557,0.7874562740325928,홀리추얼
persona_1,558,0.7875770330429077,홀리추얼
persona_1,559,0.7832478880882263,홀리추얼
persona_1,560,0.7876872420310974,홀리추얼
persona_1,561,0.7793744802474976,홀리추얼
persona_1,562,0.8163761496543884,홀리추얼
persona_1,563,0.8163761496543884,홀리추얼
persona_1,564,0.8184465765953064,홀리추얼
persona_1,565,0.7690997123718262,홀리추얼
persona_1,566,0.7888997197151184,홀리추얼
persona_1,567,0.8069791793823242,홀리추얼
persona_1,568,0.8184465765953064,홀리추얼
persona_1,569,0.8193793892860413,홀리추얼
persona_1,570,0.8186213970184326,홀리추얼
persona_1,571,0.8186213970184326,홀리추얼
persona_1,572,0.7540779709815979,홀리추얼
persona_1,573,0.8412207961082458,
persona_1,574,0.825461745262146,
persona_1,575,0.7819329500198364,
persona_1,576,0.7727733850479126,오딧세이
persona_1,577,0.7758604884147644,오딧세이
persona_1,578,0.815029501914978,오딧세이
persona_1,579,0.7758604884147644,오딧세이
persona_1,580,0.8140763640403748,오딧세이
persona_1,581,0.7727733850479126,오딧세이
persona_1,582,0.8140763640403748,오딧세이
persona_1,583,0.815029501914978,오딧세이
persona_1,584,0.815029501914978,오딧세이
persona_1,585,0.8157907128334045,오딧세이
persona_1,586,0.815619707107544,프리메라
persona_1,587,0.7844764590263367,프리메라
persona_1,588,0.7546555399894714,프리메라
persona_1,589,0.7826560735702515,프리메라
persona_1,590,0.815619707107544,프리메라
persona_1,591,0.7849702835083008,프리메라
persona_1,592,0.7627794146537781,프리메라
persona_1,593,0.8046062588691711,프리메라
persona_1,594,0.7320095896720886,프리메라
persona_1,595,0.7116076946258545,프리메라
persona_1,596,0.7863921523094177,프리메라
persona_1,597,0.7564594149589539,프리메라
persona_1,598,0.7387679219245911,프리메라
persona_1,599,0.7740328311920166,프리메라
persona_1,600,0.8165469169616699,프리메라
persona_1,601,0.815619707107544,프리메라
persona_1,602,0.7845053672790527,프리메라
persona_1,603,0.7862146496772766,프리메라
persona_1,604,0.7760175466537476,프리메라
persona_1,605,0.7847326993942261,프리메라
persona_1,606,0.7862146496772766,프리메라
persona_1,607,0.7605173587799072,프리메라
persona_1,608,0.7115734219551086,프리메라
persona_1,609,0.7852165102958679,프리메라
persona_1,610,0.8148317337036133,프리메라
persona_1,611,0.7848981022834778,프리메라
persona_1,612,0.7774763703346252,프리메라
persona_1,613,0.7882457971572876,프리메라
persona_1,614,0.7409963607788086,프리메라
persona_1,615,0.7813836932182312,프리메라
persona_1,616,0.7774763703346252,프리메라
persona_1,617,0.7818585634231567,프리메라
persona_1,618,0.7857590913772583,프리메라
persona_1,619,0.7889817357063293,프리메라
persona_1,620,0.7848981022834778,프리메라
persona_1,621,0.7523937225341797,프리메라
persona_1,622,0.7807212471961975,프리메라
persona_1,623,0.8051832914352417,프리메라
persona_1,624,0.7782862782478333,프리메라
persona_1,625,0.813560962677002,프리메라
persona_1,626,0.7889817357063293,프리메라
persona_1,627,0.7851730585098267,프리메라
persona_1,628,0.7790488004684448,프리메라
persona_1,629,0.7499974370002747,프리메라
persona_1,630,0.7624849677085876,프리메라
persona_1,631,0.7810001373291016,프리메라
persona_1,632,0.7812168598175049,프리메라
persona_1,633,0.7383564114570618,프리메라
persona_1,634,0.7714463472366333,프리메라
persona_1,635,0.7831952571868896,프리메라
persona_1,636,0.7311286926269531,프리메라
persona_1,637,0.7765634059906006,프리메라
persona_1,638,0.7387679219245911,프리메라
persona_1,639,0.7740328311920166,프리메라
persona_1,640,0.7779539227485657,프리메라
persona_1,641,0.8157861828804016,프리메라
persona_1,642,0.8157861828804016,프리메라
persona_1,643,0.7683782577514648,프리메라
persona_1,644,0.7453945875167847,프리메라
persona_1,645,0.7966683506965637,헤라
persona_1,646,0.7907332181930542,헤라
persona_1,647,0.7123205065727234,헤라
persona_1,648,0.7354521155357361,헤라
persona_1,649,0.7520925998687744,헤라
persona_1,650,0.7517216801643372,헤라
persona_1,651,0.7105300426483154,헤라
persona_1,652,0.7465606331825256,헤라
persona_1,653,0.7465606331825256,헤라
persona_1,654,0.7517216801643372,헤라
persona_1,655,0.7124554514884949,헤라
persona_1,656,0.7124554514884949,헤라
persona_1,657,0.7966683506965637,헤라
persona_1,658,0.8221551775932312,헤라
persona_1,659,0.8221551775932312,헤라
persona_1,660,0.8221551775932312,헤라
persona_1,661,0.7375207543373108,헤라
persona_1,662,0.8212170004844666,헤라
persona_1,663,0.7456077337265015,헤라
persona_1,664,0.7123205065727234,헤라
persona_1,665,0.7915623784065247,헤라
persona_1,666,0.8212170004844666,헤라
persona_1,667,0.750568151473999,헤라
persona_1,668,0.7829142808914185,헤라
persona_1,669,0.7943961024284363,헤라
persona_1,670,0.8191378116607666,헤라
persona_1,671,0.8204426169395447,헤라
persona_1,672,0.8204426169395447,헤라
persona_1,673,0.7793315052986145,헤라
persona_1,674,0.7406700253486633,헤라
persona_1,675,0.8204426169395447,헤라
persona_1,676,0.7758915424346924,헤라
persona_1,677,0.7893115282058716,헤라
persona_1,678,0.757605254650116,헤라
persona_1,679,0.7906008958816528,헤라
persona_1,680,0.7381616830825806,헤라
persona_1,681,0.748369574546814,헤라
persona_1,682,0.8204426169395447,헤라
persona_1,683,0.7142981290817261,헤라
persona_1,684,0.7826576828956604,헤라
persona_1,685,0.7800115346908569,헤라
persona_1,686,0.7684023380279541,헤라
persona_1,687,0.7354521155357361,헤라
persona_1,688,0.7818150520324707,헤라
persona_1,689,0.7915623784065247,헤라
persona_1,690,0.7955245971679688,헤라
persona_1,691,0.752907395362854,헤라
persona_1,692,0.7567844390869141,헤라
persona_1,693,0.7943625450134277,헤라
persona_1,694,0.7154918909072876,헤라
persona_1,695,0.7820087671279907,헤라
persona_1,696,0.8213984370231628,헤라
persona_1,697,0.7802804708480835,헤라
persona_1,698,0.7403055429458618,헤라
persona_1,699,0.7698944807052612,헤라
persona_1,700,0.7669690251350403,헤라
persona_1,701,0.7902331352233887,헤라
persona_1,702,0.7915257215499878,헤라
persona_1,703,0.8221551775932312,헤라
persona_1,704,0.8204426169395447,헤라
persona_1,705,0.7445253133773804,헤라
persona_1,706,0.7319463491439819,헤라
persona_1,707,0.7375666499137878,헤라
persona_1,708,0.7937436699867249,헤라
persona_1,709,0.7460345029830933,헤라
persona_1,710,0.771453857421875,헤라
persona_1,711,0.7825770378112793,헤라
persona_1,712,0.7524715065956116,헤라
persona_1,713,0.7937436699867249,헤라
persona_1,714,0.7901514768600464,헤라
persona_1,715,0.7903777956962585,헤라
persona_1,716,0.7838596105575562,헤라
persona_1,717,0.7758915424346924,헤라
persona_1,718,0.7906008958816528,헤라
persona_1,719,0.7123205065727234,헤라
persona_1,720,0.7765063047409058,헤라
persona_1,721,0.7835456132888794,헤라
persona_1,722,0.7580583691596985,헤라
persona_1,723,0.79374098777771,헤라
persona_1,724,0.7820154428482056,헤라
persona_1,725,0.7562009692192078,헤라
persona_1,726,0.7893115282058716,헤라
persona_1,727,0.7119052410125732,헤라
persona_1,728,0.7182503342628479,헤라
persona_1,729,0.7470507621765137,헤라
persona_1,730,0.7470507621765137,헤라
persona_1,731,0.8212170004844666,헤라
persona_1,732,0.8212170004844666,헤라
persona_1,733,0.7234593629837036,헤라
persona_1,734,0.7632608413696289,헤라
persona_1,735,0.7565892934799194,헤라
persona_1,736,0.7460172176361084,헤라
persona_1,737,0.7727892398834229,헤라
persona_1,738,0.7390561103820801,비레디
persona_1,739,0.7450329661369324,라네즈
persona_1,740,0.7846978902816772,비레디
persona_1,741,0.7909975051879883,라네즈
persona_1,742,0.7665219902992249,비레디
persona_1,743,0.7729052901268005,라네즈
persona_1,744,0.7860196232795715,비레디
persona_1,745,0.7923504710197449,라네즈
persona_1,746,0.7143796682357788,비레디
persona_1,747,0.7202579975128174,라네즈
persona_1,748,0.8213977813720703,비레디
persona_1,749,0.8279870748519897,라네즈
persona_1,750,0.7143796682357788,비레디
persona_1,751,0.7202579975128174,라네즈
persona_1,752,0.7872713804244995,비레디
persona_1,753,0.7935914993286133,라네즈
persona_1,754,0.7944010496139526,비레디
persona_1,755,0.8007460236549377,라네즈
persona_1,756,0.7612025737762451,비레디
persona_1,757,0.7674720287322998,라네즈
persona_1,758,0.7428004145622253,비레디
persona_1,759,0.7488682866096497,라네즈
persona_1,760,0.7720397710800171,비레디
persona_1,761,0.7781574726104736,라네즈
persona_1,762,0.7833268642425537,비레디
persona_1,763,0.7895439863204956,라네즈
persona_1,764,0.8204421401023865,비레디
persona_1,765,0.8270279169082642,라네즈
persona_1,766,0.7944010496139526,비레디
persona_1,767,0.8007460236549377,라네즈
persona_1,768,0.737588107585907,비레디
persona_1,769,0.7434921264648438,라네즈
persona_1,770,0.7053605914115906,비레디
persona_1,771,0.711320698261261,라네즈
persona_1,772,0.7543255090713501,비레디
persona_1,773,0.7603856921195984,라네즈
persona_1,774,0.7428004145622253,비레디
persona_1,775,0.7488682866096497,라네즈
persona_1,776,0.7370476126670837,비레디
persona_1,777,0.743015706539154,라네즈
persona_1,778,0.7370476126670837,비레디
persona_1,779,0.743015706539154,라네즈
persona_1,780,0.7370476126670837,비레디
persona_1,781,0.743015706539154,라네즈
persona_1,782,0.8204421401023865,비레디
persona_1,783,0.8270279169082642,라네즈
persona_1,784,0.8204421401023865,비레디
persona_1,785,0.8270279169082642,라네즈
persona_1,786,0.8204421401023865,비레디
persona_1,787,0.8270279169082642,라네즈
persona_1,788,0.8204421401023865,비레디
persona_1,789,0.8270279169082642,라네즈
persona_1,790,0.8204421401023865,비레디
persona_1,791,0.8270279169082642,라네즈
persona_1,792,0.7915245294570923,비레디
persona_1,793,0.7979917526245117,라네즈
persona_1,794,0.8156325221061707,아이오페
persona_1,795,0.707597553730011,아이오페
persona_1,796,0.8134103417396545,아이오페
persona_1,797,0.7756977677345276,아이오페
persona_1,798,0.7860198020935059,아이오페
persona_1,799,0.7475220561027527,아이오페
persona_1,800,0.8163934946060181,아이오페
persona_1,801,0.7765921354293823,아이오페
persona_1,802,0.7649821043014526,아이오페
persona_1,803,0.7837547063827515,아이오페
persona_1,804,0.8163934946060181,아이오페
persona_1,805,0.7899976372718811,아이오페
persona_1,806,0.8163934946060181,아이오페
persona_1,807,0.7777587175369263,아이오페
persona_1,808,0.6832304000854492,아이오페
persona_1,809,0.7877975106239319,아이오페
persona_1,810,0.6832304000854492,아이오페
persona_1,811,0.7154406905174255,아이오페
persona_1,812,0.7350091338157654,아이오페
persona_1,813,0.7899976372718811,아이오페
persona_1,814,0.7837547063827515,아이오페
persona_1,815,0.7991528511047363,아이오페
persona_1,816,0.6941646933555603,아이오페
persona_1,817,0.7826619744300842,아이오페
persona_1,818,0.7805085778236389,아이오페
persona_1,819,0.7306511998176575,아이오페
persona_1,820,0.7877975106239319,아이오페
persona_1,821,0.7680050730705261,아이오페
persona_1,822,0.802908182144165,아이오페
persona_1,823,0.7784255146980286,아이오페
persona_1,824,0.7755268812179565,아이오페
persona_1,825,0.7756977677345276,아이오페
persona_1,826,0.7273125648498535,아이오페
persona_1,827,0.8146793246269226,아이오페
persona_1,828,0.7784255146980286,아이오페
persona_1,829,0.7850784063339233,아이오페
persona_1,830,0.7819421887397766,아이오페
persona_1,831,0.7460371255874634,아이오페
persona_1,832,0.7456442713737488,아이오페
persona_1,833,0.7851153016090393,아이오페
persona_1,834,0.7307155132293701,아이오페
persona_1,835,0.7439296841621399,아이오페
persona_1,836,0.779261589050293,아이오페
persona_1,837,0.779261589050293,아이오페
persona_1,838,0.7446179389953613,아이오페
persona_1,839,0.7517592906951904,아이오페
persona_1,840,0.8156325221061707,아이오페
persona_1,841,0.8146793246269226,아이오페
persona_1,842,0.7819421887397766,아이오페
persona_1,843,0.8146793246269226,아이오페
persona_1,844,0.7832323908805847,아이오페
persona_1,845,0.8154675960540771,아이오페
persona_1,846,0.8146793246269226,아이오페
persona_1,847,0.7817195653915405,아이오페
persona_1,848,0.6997535228729248,아이오페
persona_1,849,0.7757591605186462,아이오페
persona_1,850,0.7705230712890625,아이오페
persona_1,851,0.7765921354293823,아이오페
persona_1,852,0.7881060838699341,아이오페
persona_1,853,0.7047920823097229,아이오페
persona_1,854,0.6887474060058594,아이오페
persona_1,855,0.7860198020935059,아이오페
persona_1,856,0.8163934946060181,아이오페
persona_1,857,0.8154675960540771,아이오페
persona_1,858,0.6743904948234558,아이오페
persona_1,859,0.8134103417396545,아이오페
persona_1,860,0.7888426780700684,아이오페
persona_1,861,0.7716792821884155,아이오페
persona_1,862,0.9066387414932251,에이피뷰티
persona_1,863,0.8418617248535156,에이피뷰티
persona_1,864,0.7987240552902222,에이피뷰티
persona_1,865,0.8693953156471252,에이피뷰티
persona_1,866,0.8774603605270386,에이피뷰티
persona_1,867,0.833466649055481,에이피뷰티
persona_1,868,0.8759891390800476,에이피뷰티
persona_1,869,0.8760861754417419,에이피뷰티
persona_1,870,0.8777421116828918,에이피뷰티
persona_1,871,0.9114470481872559,에이피뷰티
persona_1,872,0.8770740032196045,에이피뷰티
persona_1,873,0.8770740032196045,에이피뷰티
persona_1,874,0.8748681545257568,에이피뷰티
persona_1,875,0.8774603605270386,에이피뷰티
persona_1,876,0.8774603605270386,에이피뷰티
persona_1,877,0.9089574813842773,에이피뷰티
persona_1,878,0.7748003005981445,에이피뷰티
persona_1,879,0.9114470481872559,에이피뷰티
persona_1,880,0.8760861754417419,에이피뷰티
persona_1,881,0.8010269999504089,에이피뷰티
persona_1,882,0.87553471326828,에이피뷰티
persona_1,883,0.8817782998085022,에이피뷰티
persona_1,884,0.8817782998085022,에이피뷰티
persona_1,885,0.8755623698234558,에이피뷰티
persona_1,886,0.8652817010879517,에이피뷰티
persona_1,887,0.8594119548797607,에이피뷰티
persona_1,888,0.9126099348068237,에이피뷰티
persona_1,889,0.8468701839447021,에이피뷰티
persona_1,890,0.8468701839447021,에이피뷰티
persona_1,891,0.8468701839447021,에이피뷰티
persona_1,892,0.8774603605270386,에이피뷰티
persona_1,893,0.8805249333381653,에이피뷰티
persona_1,894,0.9089574813842773,에이피뷰티
persona_1,895,0.9066387414932251,에이피뷰티
persona_1,896,0.7990003228187561,에이피뷰티
persona_1,897,0.7644473910331726,에이피뷰티
persona_1,898,0.8755623698234558,에이피뷰티
persona_1,899,0.7814438343048096,일리윤
persona_1,900,0.7642191052436829,일리윤
persona_1,901,0.7976967096328735,일리윤
persona_1,902,0.7611627578735352,일리윤
persona_1,903,0.7467073202133179,일리윤
persona_1,904,0.7755285501480103,일리윤
persona_1,905,0.7467073202133179,일리윤
persona_1,906,0.7755285501480103,일리윤
persona_1,907,0.7884745001792908,일리윤
persona_1,908,0.7861559987068176,일리윤
persona_1,909,0.7611685991287231,일리윤
persona_1,910,0.7817330956459045,일리윤
persona_1,911,0.7895987629890442,일리윤
persona_1,912,0.7370375990867615,일리윤
persona_1,913,0.7648842930793762,일리윤
persona_1,914,0.7684812545776367,일리윤
persona_1,915,0.774069607257843,일리윤
persona_1,916,0.8102750182151794,일리윤
persona_1,917,0.7838525176048279,일리윤
persona_1,918,0.7827597856521606,일리윤
persona_1,919,0.7814304232597351,일리윤
persona_1,920,0.7604196667671204,일리윤
persona_1,921,0.7430979013442993,일리윤
persona_1,922,0.7755285501480103,일리윤
persona_1,923,0.7806697487831116,일리윤
persona_1,924,0.7622566223144531,일리윤
persona_1,925,0.7317596077919006,일리윤
persona_1,926,0.7254113554954529,일리윤
persona_1,927,0.7836805582046509,일리윤
persona_1,928,0.7380265593528748,일리윤
persona_1,929,0.7755346298217773,일리윤
persona_1,930,0.7590324282646179,일리윤
persona_1,931,0.740693211555481,일리윤
persona_1,932,0.7846564650535583,일리윤
persona_1,933,0.7648842930793762,일리윤
persona_1,934,0.7806697487831116,일리윤
persona_1,935,0.7648842930793762,일리윤
persona_1,936,0.7838525176048279,일리윤
persona_1,937,0.7846564650535583,일리윤
persona_1,938,0.8093243837356567,일리윤
persona_1,939,0.8110378384590149,일리윤
persona_1,940,0.8110378384590149,일리윤
persona_1,941,0.735953688621521,일리윤
persona_1,942,0.8110378384590149,일리윤
persona_1,943,0.8093243837356567,일리윤
persona_1,944,0.8110378384590149,일리윤
persona_1,945,0.8093243837356567,일리윤
persona_1,946,0.7806092500686646,일리윤
persona_1,947,0.8088265657424927,일리윤
persona_1,948,0.8093243837356567,일리윤
persona_1,949,0.8088265657424927,일리윤
persona_1,950,0.8088265657424927,일리윤
persona_1,951,0.7611627578735352,일리윤
persona_1,952,0.7450788617134094,일리윤
persona_1,953,0.7585808038711548,일리윤
persona_1,954,0.8093243837356567,일리윤
persona_1,955,0.7806092500686646,일리윤
persona_1,956,0.7806092500686646,일리윤
persona_1,957,0.8102750182151794,일리윤
persona_1,958,0.8093243837356567,일리윤
persona_1,959,0.7799650430679321,일리윤
persona_1,960,0.7266246676445007,일리윤
persona_1,961,0.7444313168525696,일리윤
persona_1,962,0.7837415337562561,일리윤
persona_1,963,0.8318946957588196,이니스프리
persona_1,964,0.8016912341117859,이니스프리
persona_1,965,0.7682768106460571,이니스프리
persona_1,966,0.8041430115699768,이니스프리
persona_1,967,0.8297674059867859,이니스프리
persona_1,968,0.7989945411682129,이니스프리
persona_1,969,0.8321081399917603,이니스프리
persona_1,970,0.8321081399917603,이니스프리
persona_1,971,0.8297674059867859,이니스프리
persona_1,972,0.8016828298568726,이니스프리
persona_1,973,0.7451288104057312,이니스프리
persona_1,974,0.7877252697944641,이니스프리
persona_1,975,0.786534309387207,이니스프리
persona_1,976,0.7557901740074158,이니스프리
persona_1,977,0.7937608957290649,이니스프리
persona_1,978,0.7658566236495972,이니스프리
persona_1,979,0.7451288104057312,이니스프리
persona_1,980,0.8321081399917603,이니스프리
persona_1,981,0.8045591115951538,이니스프리
persona_1,982,0.7682768106460571,이니스프리
persona_1,983,0.7574477195739746,이니스프리
persona_1,984,0.8318946957588196,이니스프리
persona_1,985,0.7989969253540039,이니스프리
persona_1,986,0.8328585028648376,이니스프리
persona_1,987,0.7542278170585632,이니스프리
persona_1,988,0.7919855117797852,이니스프리
persona_1,989,0.8311457633972168,이니스프리
persona_1,990,0.7947646379470825,이니스프리
persona_1,991,0.764333963394165,이니스프리
persona_1,992,0.8297674059867859,이니스프리
persona_1,993,0.7941696643829346,이니스프리
persona_1,994,0.7768750786781311,이니스프리
persona_1,995,0.7835966944694519,이니스프리
persona_1,996,0.8297674059867859,이니스프리
persona_1,997,0.795505702495575,이니스프리
persona_1,998,0.8006225228309631,이니스프리
persona_1,999,0.7261862754821777,이니스프리
persona_1,1000,0.7692516446113586,이니스프리
persona_1,1001,0.7451288104057312,이니스프리
persona_1,1002,0.7557901740074158,이니스프리
persona_1,1003,0.7989969253540039,이니스프리
persona_1,1004,0.8045591115951538,이니스프리
persona_1,1005,0.8321081399917603,이니스프리
persona_1,1006,0.764112651348114,이니스프리
persona_1,1007,0.7768750786781311,이니스프리
persona_1,1008,0.7672775387763977,이니스프리
persona_1,1009,0.7972620129585266,이니스프리
persona_1,1010,0.7974582314491272,이니스프리
persona_1,1011,0.8057311773300171,이니스프리
persona_1,1012,0.7945978045463562,이니스프리
persona_1,1013,0.7989945411682129,이니스프리
persona_1,1014,0.7695788741111755,이니스프리
persona_1,1015,0.7806280851364136,이니스프리
persona_1,1016,0.795505702495575,이니스프리
persona_1,1017,0.7806280851364136,이니스프리
persona_1,1018,0.7806280851364136,이니스프리
persona_1,1019,0.7959537506103516,이니스프리
persona_1,1020,0.8022407293319702,이니스프리
persona_1,1021,0.8205281496047974,이니스프리
persona_1,1022,0.8036403656005859,이니스프리
persona_1,1023,0.785984992980957,이니스프리
persona_1,1024,0.8045591115951538,이니스프리
persona_1,1025,0.776088297367096,이니스프리
persona_1,1026,0.8328585028648376,이니스프리
persona_1,1027,0.8201456069946289,이니스프리
persona_1,1028,0.7792291045188904,이니스프리
persona_1,1029,0.8057311773300171,이니스프리
persona_1,1030,0.7953158617019653,이니스프리
persona_1,1031,0.7983030080795288,이니스프리
persona_1,1032,0.8036403656005859,이니스프리
persona_1,1033,0.7974582314491272,이니스프리
persona_1,1034,0.8008873462677002,이니스프리
persona_1,1035,0.7696601152420044,이니스프리
persona_1,1036,0.7282617092132568,이니스프리
persona_1,1037,0.8045591115951538,이니스프리
persona_1,1038,0.7592489719390869,이니스프리
persona_1,1039,0.8205281496047974,이니스프리
persona_1,1040,0.8038011789321899,이니스프리
persona_1,1041,0.7887932658195496,이니스프리
persona_1,1042,0.8014652729034424,이니스프리
persona_1,1043,0.7834656238555908,이니스프리
persona_1,1044,0.8205281496047974,이니스프리
persona_1,1045,0.8089539408683777,이니스프리
persona_1,1046,0.7280499339103699,이니스프리
persona_1,1047,0.7542278170585632,이니스프리
persona_1,1048,0.8038011789321899,이니스프리
persona_1,1049,0.7995784282684326,이니스프리
persona_1,1050,0.7697618007659912,이니스프리
persona_1,1051,0.7801803350448608,이니스프리
persona_1,1052,0.7834656238555908,이니스프리
persona_1,1053,0.8205281496047974,이니스프리
persona_1,1054,0.7988318204879761,이니스프리
persona_1,1055,0.7658566236495972,이니스프리
persona_1,1056,0.8036403656005859,이니스프리
persona_1,1057,0.8297674059867859,이니스프리
persona_1,1058,0.8014652729034424,이니스프리
persona_1,1059,0.756085991859436,이니스프리
persona_1,1060,0.7953158617019653,이니스프리
persona_1,1061,0.8014652729034424,이니스프리
persona_1,1062,0.7557901740074158,이니스프리
persona_1,1063,0.77089923620224,이니스프리
persona_1,1064,0.8046867251396179,이니스프리
persona_1,1065,0.7974582314491272,이니스프리
persona_1,1066,0.8006225228309631,이니스프리
persona_1,1067,0.8006225228309631,이니스프리
persona_1,1068,0.7671229839324951,이니스프리
persona_1,1069,0.7936686873435974,이니스프리
persona_1,1070,0.7282617092132568,이니스프리
persona_1,1071,0.72676020860672,이니스프리
persona_1,1072,0.8038011789321899,이니스프리
persona_1,1073,0.7236741185188293,이니스프리
persona_1,1074,0.7590195536613464,이니스프리
persona_1,1075,0.7991213798522949,이니스프리
persona_1,1076,0.7567349076271057,이니스프리
persona_1,1077,0.8089539408683777,이니스프리
persona_1,1078,0.818946123123169,이니스프리
persona_1,1079,0.7792291045188904,이니스프리
persona_1,1080,0.7974582314491272,이니스프리
persona_1,1081,0.7697618007659912,이니스프리
persona_1,1082,0.7813668251037598,이니스프리
persona_1,1083,0.7753004431724548,이니스프리
persona_1,1084,0.7692127227783203,이니스프리
persona_1,1085,0.7995784282684326,이니스프리
persona_1,1086,0.7768750786781311,이니스프리
persona_1,1087,0.8328585028648376,이니스프리
persona_1,1088,0.8046867251396179,이니스프리
persona_1,1089,0.7974582314491272,이니스프리
persona_1,1090,0.8045591115951538,이니스프리
persona_1,1091,0.7411543726921082,이니스프리
persona_1,1092,0.8016828298568726,이니스프리
persona_1,1093,0.7232863306999207,이니스프리
persona_1,1094,0.7682768106460571,이니스프리
persona_1,1095,0.7712184190750122,이니스프리
persona_1,1096,0.7974582314491272,이니스프리
persona_1,1097,0.7806280851364136,이니스프리
persona_1,1098,0.7813668251037598,이니스프리
persona_1,1099,0.7282617092132568,이니스프리
persona_1,1100,0.7967295050621033,이니스프리
persona_1,1101,0.7214297652244568,이니스프리
persona_1,1102,0.7557901740074158,이니스프리
persona_1,1103,0.7490448951721191,이니스프리
persona_1,1104,0.8034589886665344,이니스프리
persona_1,1105,0.8016912341117859,이니스프리
persona_1,1106,0.7813668251037598,이니스프리
persona_1,1107,0.7919129729270935,이니스프리
persona_1,1108,0.7797075510025024,이니스프리
persona_1,1109,0.7634559869766235,이니스프리
persona_1,1110,0.7517308592796326,이니스프리
persona_1,1111,0.8089539408683777,이니스프리
persona_1,1112,0.7959537506103516,이니스프리
persona_1,1113,0.7926582098007202,이니스프리
persona_1,1114,0.8016828298568726,이니스프리
persona_1,1115,0.7834656238555908,이니스프리
persona_1,1116,0.7683989405632019,이니스프리
persona_1,1117,0.8318946957588196,이니스프리
persona_1,1118,0.7328833937644958,이니스프리
persona_1,1119,0.7665135860443115,이니스프리
persona_1,1120,0.7280499339103699,이니스프리
persona_1,1121,0.8211195468902588,이니스프리
persona_1,1122,0.7852038741111755,이니스프리
persona_1,1123,0.7995784282684326,이니스프리
persona_1,1124,0.8045591115951538,이니스프리
persona_1,1125,0.8328585028648376,이니스프리
persona_1,1126,0.8321081399917603,이니스프리
persona_1,1127,0.7995784282684326,이니스프리
persona_1,1128,0.790733277797699,이니스프리
persona_1,1129,0.8311457633972168,이니스프리
persona_1,1130,0.8014780282974243,이니스프리
persona_1,1131,0.7941696643829346,이니스프리
persona_1,1132,0.8016912341117859,이니스프리
persona_1,1133,0.8016912341117859,이니스프리
persona_1,1134,0.8045591115951538,이니스프리
persona_1,1135,0.8101631999015808,이니스프리
persona_1,1136,0.7317309975624084,이니스프리
persona_1,1137,0.762942373752594,이니스프리
persona_1,1138,0.8311457633972168,이니스프리
persona_1,1139,0.8003295063972473,이니스프리
persona_1,1140,0.8045591115951538,이니스프리
persona_1,1141,0.77089923620224,이니스프리
persona_1,1142,0.8045591115951538,이니스프리
persona_1,1143,0.7628272771835327,이니스프리
persona_1,1144,0.8045591115951538,이니스프리
persona_1,1145,0.7526209950447083,메디안
persona_1,1146,0.8176855444908142,메디안
persona_1,1147,0.8167320489883423,메디안
persona_1,1148,0.7358613014221191,메디안
persona_1,1149,0.8167320489883423,메디안
persona_1,1150,0.8167320489883423,메디안
persona_1,1151,0.8184452056884766,메디안
persona_1,1152,0.8176855444908142,메디안
persona_1,1153,0.8167320489883423,메디안
persona_1,1154,0.816231369972229,메디안
persona_1,1155,0.8176855444908142,메디안
persona_1,1156,0.736570417881012,메디안
persona_1,1157,0.8167320489883423,메디안
persona_1,1158,0.8167320489883423,메디안
persona_1,1159,0.8167320489883423,메디안
persona_1,1160,0.8167320489883423,메디안
persona_1,1161,0.6752585172653198,메디안
persona_1,1162,0.8176855444908142,메디안
persona_1,1163,0.6553089022636414,메디안
persona_1,1164,0.8167320489883423,메디안
persona_1,1165,0.8167320489883423,메디안
persona_1,1166,0.817514181137085,메디안
persona_1,1167,0.8176855444908142,메디안
persona_1,1168,0.8176855444908142,메디안
persona_1,1169,0.8176855444908142,메디안
persona_1,1170,0.6553089022636414,메디안
persona_1,1171,0.6687254309654236,메디안
persona_1,1172,0.8176855444908142,메디안
persona_1,1173,0.7643059492111206,메디안
persona_1,1174,0.8176855444908142,메디안
persona_1,1175,0.8184452056884766,메디안
persona_1,1176,0.7955060005187988,메디안
persona_1,1177,0.7390561103820801,비레디
persona_1,1178,0.7450329661369324,라네즈
persona_1,1179,0.7846978902816772,비레디
persona_1,1180,0.7909975051879883,라네즈
persona_1,1181,0.7665219902992249,비레디
persona_1,1182,0.7729052901268005,라네즈
persona_1,1183,0.7860196232795715,비레디
persona_1,1184,0.7923504710197449,라네즈
persona_1,1185,0.7143796682357788,비레디
persona_1,1186,0.7202579975128174,라네즈
persona_1,1187,0.8213977813720703,비레디
persona_1,1188,0.8279870748519897,라네즈
persona_1,1189,0.7143796682357788,비레디
persona_1,1190,0.7202579975128174,라네즈
persona_1,1191,0.7872713804244995,비레디
persona_1,1192,0.7935914993286133,라네즈
persona_1,1193,0.7944010496139526,비레디
persona_1,1194,0.8007460236549377,라네즈
persona_1,1195,0.7612025737762451,비레디
persona_1,1196,0.7674720287322998,라네즈
persona_1,1197,0.7428004145622253,비레디
persona_1,1198,0.7488682866096497,라네즈
persona_1,1199,0.7720397710800171,비레디
persona_1,1200,0.7781574726104736,라네즈
persona_1,1201,0.7833268642425537,비레디
persona_1,1202,0.7895439863204956,라네즈
persona_1,1203,0.8204421401023865,비레디
persona_1,1204,0.8270279169082642,라네즈
persona_1,1205,0.7944010496139526,비레디
persona_1,1206,0.8007460236549377,라네즈
persona_1,1207,0.737588107585907,비레디
persona_1,1208,0.7434921264648438,라네즈
persona_1,1209,0.7053605914115906,비레디
persona_1,1210,0.711320698261261,라네즈
persona_1,1211,0.7543255090713501,비레디
persona_1,1212,0.7603856921195984,라네즈
persona_1,1213,0.7428004145622253,비레디
persona_1,1214,0.7488682866096497,라네즈
persona_1,1215,0.7370476126670837,비레디
persona_1,1216,0.743015706539154,라네즈
persona_1,1217,0.7370476126670837,비레디
persona_1,1218,0.743015706539154,라네즈
persona_1,1219,0.7370476126670837,비레디
persona_1,1220,0.743015706539154,라네즈
persona_1,1221,0.8204421401023865,비레디
persona_1,1222,0.8270279169082642,라네즈
persona_1,1223,0.8204421401023865,비레디
persona_1,1224,0.8270279169082642,라네즈
persona_1,1225,0.8204421401023865,비레디
persona_1,1226,0.8270279169082642,라네즈
persona_1,1227,0.8204421401023865,비레디
persona_1,1228,0.8270279169082642,라네즈
persona_1,1229,0.8204421401023865,비레디
persona_1,1230,0.8270279169082642,라네즈
persona_1,1231,0.7915245294570923,비레디
persona_1,1232,0.7979917526245117,라네즈
persona_1,1233,0.9089574813842773,퍼즐우드
persona_1,1234,0.9109389781951904,퍼즐우드
persona_1,1235,0.9126099348068237,퍼즐우드
persona_1,1236,0.9109389781951904,퍼즐우드
persona_1,1237,0.9109389781951904,퍼즐우드
persona_1,1238,0.9104165434837341,퍼즐우드
persona_1,1239,0.9083535075187683,퍼즐우드
persona_1,1240,0.9109389781951904,퍼즐우드
persona_1,1241,0.9104165434837341,퍼즐우드
persona_1,1242,0.9104165434837341,퍼즐우드
persona_1,1243,0.9104165434837341,퍼즐우드
persona_1,1244,0.9104165434837341,퍼즐우드
persona_1,1245,0.9104165434837341,퍼즐우드
persona_1,1246,0.7973076701164246,퍼즐우드
persona_1,1247,0.9104165434837341,퍼즐우드
persona_1,1248,0.9083535075187683,퍼즐우드
persona_1,1249,0.9083535075187683,퍼즐우드
persona_1,1250,0.9083535075187683,퍼즐우드
persona_1,1251,0.9109389781951904,퍼즐우드
persona_1,1252,0.9104165434837341,퍼즐우드
persona_1,1253,0.9104165434837341,퍼즐우드
persona_1,1254,0.9126099348068237,퍼즐우드
persona_1,1255,0.9104165434837341,퍼즐우드
persona_1,1256,0.9109389781951904,퍼즐우드
persona_1,1257,0.9104165434837341,퍼즐우드
persona_1,1258,0.9083535075187683,퍼즐우드
persona_1,1259,0.9104165434837341,퍼즐우드
persona_1,1260,0.9104165434837341,퍼즐우드
persona_1,1261,0.9104165434837341,퍼즐우드
persona_1,1262,0.9104165434837341,퍼즐우드
persona_1,1263,0.9104165434837341,퍼즐우드
persona_1,1264,0.9104165434837341,퍼즐우드
persona_1,1265,0.9104165434837341,퍼즐우드
persona_1,1266,0.9083535075187683,퍼즐우드
persona_1,1267,0.7916074395179749,퍼즐우드
persona_1,1268,0.9104165434837341,퍼즐우드
persona_1,1269,0.9104165434837341,퍼즐우드
persona_1,1270,0.9109389781951904,퍼즐우드
persona_1,1271,0.9126099348068237,퍼즐우드
persona_1,1272,0.9104165434837341,퍼즐우드
persona_1,1273,0.8391849994659424,퍼즐우드
persona_1,1274,0.7979902029037476,퍼즐우드
persona_1,1275,0.9104165434837341,퍼즐우드
persona_1,1276,0.9104165434837341,퍼즐우드
persona_1,1277,0.9104165434837341,퍼즐우드
persona_1,1278,0.9104165434837341,퍼즐우드
persona_1,1279,0.9109389781951904,퍼즐우드
persona_1,1280,0.9104165434837341,퍼즐우드
persona_1,1281,0.9104165434837341,퍼즐우드
persona_1,1282,0.9109389781951904,퍼즐우드
persona_1,1283,0.9109389781951904,퍼즐우드
persona_1,1284,0.9104165434837341,퍼즐우드
persona_1,1285,0.9109389781951904,퍼즐우드
persona_1,1286,0.9109389781951904,퍼즐우드
persona_1,1287,0.9109389781951904,퍼즐우드
persona_1,1288,0.9104165434837341,퍼즐우드
persona_1,1289,0.9104165434837341,퍼즐우드
persona_1,1290,0.9104165434837341,퍼즐우드
persona_1,1291,0.9104165434837341,퍼즐우드
persona_1,1292,0.9119316339492798,퍼즐우드
persona_1,1293,0.9109389781951904,퍼즐우드
persona_1,1294,0.9109389781951904,퍼즐우드
persona_1,1295,0.9104165434837341,퍼즐우드
persona_1,1296,0.9104165434837341,퍼즐우드
persona_1,1297,0.834596574306488,퍼즐우드
persona_1,1298,0.7856700420379639,마몽드
persona_1,1299,0.7577633857727051,마몽드
persona_1,1300,0.784170925617218,마몽드
persona_1,1301,0.8226794600486755,마몽드
persona_1,1302,0.7593579888343811,마몽드
persona_1,1303,0.795576274394989,마몽드
persona_1,1304,0.8224931359291077,마몽드
persona_1,1305,0.7885937094688416,마몽드
persona_1,1306,0.7979289293289185,마몽드
persona_1,1307,0.8006599545478821,마몽드
persona_1,1308,0.7938914895057678,마몽드
persona_1,1309,0.7220198512077332,마몽드
persona_1,1310,0.7446870803833008,마몽드
persona_1,1311,0.7885937094688416,마몽드
persona_1,1312,0.7593579888343811,마몽드
persona_1,1313,0.789280891418457,마몽드
persona_1,1314,0.7593579888343811,마몽드
persona_1,1315,0.7830325365066528,마몽드
persona_1,1316,0.7587437033653259,마몽드
persona_1,1317,0.795576274394989,마몽드
persona_1,1318,0.7839096188545227,마몽드
persona_1,1319,0.8226794600486755,마몽드
persona_1,1320,0.7979289293289185,마몽드
persona_1,1321,0.7822919487953186,마몽드
persona_1,1322,0.7927652597427368,마몽드
persona_1,1323,0.7956450581550598,마몽드
persona_1,1324,0.7860713601112366,마몽드
persona_1,1325,0.7926148176193237,마몽드
persona_1,1326,0.7967389822006226,마몽드
persona_1,1327,0.7979289293289185,마몽드
persona_1,1328,0.795576274394989,마몽드
persona_1,1329,0.7830089330673218,마몽드
persona_1,1330,0.8234362006187439,마몽드
persona_1,1331,0.7165654897689819,마몽드
persona_1,1332,0.7860713601112366,마몽드
persona_1,1333,0.8194477558135986,마몽드
persona_1,1334,0.8194477558135986,마몽드
persona_1,1335,0.768247127532959,마몽드
persona_1,1336,0.7934214472770691,마몽드
persona_1,1337,0.8194477558135986,마몽드
persona_1,1338,0.795628547668457,마몽드
persona_1,1339,0.7831430435180664,마몽드
persona_1,1340,0.7870079874992371,마몽드
persona_1,1341,0.8226794600486755,마몽드
persona_1,1342,0.768247127532959,마몽드
persona_1,1343,0.7407294511795044,마몽드
persona_1,1344,0.8226794600486755,마몽드
persona_1,1345,0.7678727507591248,마몽드
persona_1,1346,0.7348614931106567,마몽드
persona_1,1347,0.7334509491920471,마몽드
persona_1,1348,0.8226794600486755,마몽드
persona_1,1349,0.8234362006187439,마몽드
persona_1,1350,0.8234362006187439,마몽드
persona_1,1351,0.8226794600486755,마몽드
persona_1,1352,0.8217226266860962,마몽드
persona_1,1353,0.8217226266860962,마몽드
persona_1,1354,0.8217226266860962,마몽드
persona_1,1355,0.8226794600486755,마몽드
persona_1,1356,0.8226794600486755,마몽드
persona_1,1357,0.7945292592048645,마몽드
persona_1,1358,0.8226794600486755,마몽드
persona_1,1359,0.8234362006187439,마몽드
persona_1,1360,0.8234362006187439,마몽드
persona_1,1361,0.8226794600486755,마몽드
persona_1,1362,0.8226794600486755,마몽드
persona_1,1363,0.795576274394989,마몽드
persona_1,1364,0.7019760608673096,오설록
persona_1,1365,0.695074200630188,오설록
persona_1,1366,0.6875539422035217,오설록
persona_1,1367,0.6963379979133606,오설록
persona_1,1368,0.7019760608673096,오설록
persona_1,1369,0.7097077965736389,오설록
persona_1,1370,0.6963379979133606,오설록
persona_1,1371,0.6931527853012085,오설록
persona_1,1372,0.6875539422035217,오설록
persona_1,1373,0.7238600850105286,오설록
persona_1,1374,0.6963379979133606,오설록
persona_1,1375,0.706756591796875,오설록
persona_1,1376,0.7238600850105286,오설록
persona_1,1377,0.7097077965736389,오설록
persona_1,1378,0.7211191058158875,오설록
persona_1,1379,0.695074200630188,오설록
persona_1,1380,0.695074200630188,오설록
persona_1,1381,0.7049238681793213,오설록
persona_1,1382,0.7238600850105286,오설록
persona_1,1383,0.7238600850105286,오설록
persona_1,1384,0.7238600850105286,오설록
persona_1,1385,0.7024933695793152,오설록
persona_1,1386,0.695074200630188,오설록
persona_1,1387,0.6833717226982117,오설록
persona_1,1388,0.695074200630188,오설록
persona_1,1389,0.7128787040710449,오설록
persona_1,1390,0.7128787040710449,오설록
persona_1,1391,0.695074200630188,오설록
persona_1,1392,0.7238600850105286,오설록
persona_1,1393,0.7129833698272705,오설록
persona_1,1394,0.7238600850105286,오설록
persona_1,1395,0.7098091244697571,오설록
persona_1,1396,0.6875539422035217,오설록
persona_1,1397,0.7238600850105286,오설록
persona_1,1398,0.7049238681793213,오설록
persona_1,1399,0.6931527853012085,오설록
persona_1,1400,0.7238600850105286,오설록
persona_1,1401,0.6978077292442322,오설록
persona_1,1402,0.7238600850105286,오설록
persona_1,1403,0.6860799193382263,오설록
persona_1,1404,0.6860799193382263,오설록
persona_1,1405,0.7238600850105286,오설록
persona_1,1406,0.7128787040710449,오설록
persona_1,1407,0.7129833698272705,오설록
persona_1,1408,0.6978077292442322,오설록
persona_1,1409,0.6978077292442322,오설록
persona_1,1410,0.7128787040710449,오설록
persona_1,1411,0.7238600850105286,오설록
persona_1,1412,0.686095118522644,오설록
persona_1,1413,0.7132903933525085,오설록
persona_1,1414,0.7238600850105286,오설록
persona_1,1415,0.6978077292442322,오설록
persona_1,1416,0.7238600850105286,오설록
persona_1,1417,0.695074200630188,오설록
persona_1,1418,0.7128787040710449,오설록
persona_1,1419,0.7238600850105286,오설록
persona_1,1420,0.7128787040710449,오설록
persona_1,1421,0.7049113512039185,오설록
persona_1,1422,0.7129833698272705,오설록
persona_1,1423,0.6860799193382263,오설록
persona_1,1424,0.7128787040710449,오설록
persona_1,1425,0.706756591796875,오설록
persona_1,1426,0.7282811999320984,오설록
persona_1,1427,0.7282811999320984,오설록
persona_1,1428,0.7238600850105286,오설록
persona_1,1429,0.7238600850105286,오설록
persona_1,1430,0.6923182010650635,오설록
persona_1,1431,0.6875539422035217,오설록
persona_1,1432,0.6978077292442322,오설록
persona_1,1433,0.6931527853012085,오설록
persona_1,1434,0.6765578389167786,오설록
persona_1,1435,0.6931527853012085,오설록
persona_1,1436,0.6978077292442322,오설록
persona_1,1437,0.6978077292442322,오설록
persona_1,1438,0.7282811999320984,오설록
persona_1,1439,0.6978077292442322,오설록
persona_1,1440,0.6931527853012085,오설록
persona_1,1441,0.6931527853012085,오설록
persona_1,1442,0.6978077292442322,오설록
persona_1,1443,0.6978077292442322,오설록
persona_1,1444,0.7238600850105286,오설록
persona_1,1445,0.7128787040710449,오설록
persona_1,1446,0.6978077292442322,오설록
persona_1,1447,0.6931527853012085,오설록
persona_1,1448,0.7128787040710449,오설록
persona_1,1449,0.6978077292442322,오설록
persona_1,1450,0.7128787040710449,오설록
persona_1,1451,0.7128787040710449,오설록
persona_1,1452,0.7128787040710449,오설록
persona_1,1453,0.6931527853012085,오설록
persona_1,1454,0.7081538438796997,오설록
persona_1,1455,0.6978077292442322,오설록
persona_1,1456,0.6978077292442322,오설록
persona_1,1457,0.695074200630188,오설록
persona_1,1458,0.7020972967147827,오설록
persona_1,1459,0.7044129371643066,오설록
persona_1,1460,0.7389101386070251,오설록
persona_1,1461,0.7238600850105286,오설록
persona_1,1462,0.6875539422035217,오설록
persona_1,1463,0.695074200630188,오설록
persona_1,1464,0.695074200630188,오설록
persona_1,1465,0.695074200630188,오설록
persona_1,1466,0.6833717226982117,오설록
persona_1,1467,0.6949689388275146,오설록
persona_1,1468,0.6833717226982117,오설록
persona_1,1469,0.7741168141365051,려
persona_1,1470,0.780232846736908,려
persona_1,1471,0.7399876713752747,려
persona_1,1472,0.7099050879478455,려
persona_1,1473,0.7828261852264404,려
persona_1,1474,0.7329251170158386,려
persona_1,1475,0.789074182510376,려
persona_1,1476,0.7667511701583862,려
persona_1,1477,0.7828261852264404,려
persona_1,1478,0.7923210263252258,려
persona_1,1479,0.7704616189002991,려
persona_1,1480,0.7828261852264404,려
persona_1,1481,0.7949684262275696,려
persona_1,1482,0.804713785648346,려
persona_1,1483,0.782061755657196,려
persona_1,1484,0.7891675233840942,려
persona_1,1485,0.7861509919166565,려
persona_1,1486,0.7821671962738037,려
persona_1,1487,0.8159047365188599,려
persona_1,1488,0.81666499376297,려
persona_1,1489,0.8159047365188599,려
persona_1,1490,0.81666499376297,려
persona_1,1491,0.7921664714813232,려
persona_1,1492,0.8159047365188599,려
persona_1,1493,0.8159047365188599,려
persona_1,1494,0.7869619727134705,려
persona_1,1495,0.81666499376297,려
persona_1,1496,0.81666499376297,려
persona_1,1497,0.81666499376297,려
persona_1,1498,0.81666499376297,려
persona_1,1499,0.81666499376297,려
persona_1,1500,0.81666499376297,려
persona_1,1501,0.7363185882568359,려
persona_1,1502,0.8097491264343262,설화수
persona_1,1503,0.771462619304657,설화수
persona_1,1504,0.8097491264343262,설화수
persona_1,1505,0.7692766785621643,설화수
persona_1,1506,0.771462619304657,설화수
persona_1,1507,0.8102480173110962,설화수
persona_1,1508,0.7692766785621643,설화수
persona_1,1509,0.8097491264343262,설화수
persona_1,1510,0.7701958417892456,설화수
persona_1,1511,0.6714073419570923,설화수
persona_1,1512,0.7431774735450745,설화수
persona_1,1513,0.8097491264343262,설화수
persona_1,1514,0.774215817451477,설화수
persona_1,1515,0.7861159443855286,설화수
persona_1,1516,0.7640967965126038,설화수
persona_1,1517,0.7480294704437256,설화수
persona_1,1518,0.7058647871017456,설화수
persona_1,1519,0.7814795970916748,설화수
persona_1,1520,0.7640967965126038,설화수
persona_1,1521,0.7030879855155945,설화수
persona_1,1522,0.8097491264343262,설화수
persona_1,1523,0.7692766785621643,설화수
persona_1,1524,0.8097491264343262,설화수
persona_1,1525,0.7255650162696838,설화수
persona_1,1526,0.7861159443855286,설화수
persona_1,1527,0.8102480173110962,설화수
persona_1,1528,0.8102480173110962,설화수
persona_1,1529,0.7861159443855286,설화수
persona_1,1530,0.7822747230529785,설화수
persona_1,1531,0.7817624807357788,설화수
persona_1,1532,0.740242063999176,설화수
persona_1,1533,0.7784191370010376,설화수
persona_1,1534,0.7421066164970398,설화수
persona_1,1535,0.7310267090797424,설화수
persona_1,1536,0.8097491264343262,설화수
persona_1,1537,0.7755239605903625,설화수
persona_1,1538,0.7640967965126038,설화수
persona_1,1539,0.7723081707954407,설화수
persona_1,1540,0.8097491264343262,설화수
persona_1,1541,0.7547036409378052,설화수
persona_1,1542,0.736649215221405,설화수
persona_1,1543,0.7861159443855286,설화수
persona_1,1544,0.7326400279998779,설화수
persona_1,1545,0.7648390531539917,설화수
persona_1,1546,0.7784191370010376,설화수
persona_1,1547,0.7814795970916748,설화수
persona_1,1548,0.7350832223892212,설화수
persona_1,1549,0.740242063999176,설화수
persona_1,1550,0.6714073419570923,설화수
persona_1,1551,0.7784191370010376,설화수
persona_1,1552,0.7801555395126343,설화수
persona_1,1553,0.7422410845756531,설화수
persona_1,1554,0.8097491264343262,설화수
persona_1,1555,0.7742869853973389,설화수
persona_1,1556,0.7742869853973389,설화수
persona_1,1557,0.7723081707954407,설화수
persona_1,1558,0.7762396931648254,설화수
persona_1,1559,0.7755239605903625,설화수
persona_1,1560,0.7807013988494873,설화수
persona_1,1561,0.7814795970916748,설화수
persona_1,1562,0.7784191370010376,설화수
persona_1,1563,0.7755239605903625,설화수
persona_1,1564,0.7822747230529785,설화수
persona_1,1565,0.7801555395126343,설화수
persona_1,1566,0.7326400279998779,설화수
persona_1,1567,0.7822674512863159,설화수
persona_1,1568,0.7762405872344971,설화수
persona_1,1569,0.771765410900116,설화수
persona_1,1570,0.771765410900116,설화수
persona_1,1571,0.7743397951126099,설화수
persona_1,1572,0.7525816559791565,설화수
persona_1,1573,0.7792406678199768,설화수
persona_1,1574,0.7678500413894653,설화수
persona_1,1575,0.7051323652267456,설화수
persona_1,1576,0.7789525985717773,설화수
persona_1,1577,0.7822675704956055,설화수
persona_1,1578,0.7742876410484314,설화수
persona_1,1579,0.7742876410484314,설화수
persona_1,1580,0.7761611938476562,설화수
persona_2,0,0.812407910823822,메이크온
persona_2,1,0.812407910823822,메이크온
persona_2,2,0.8133618831634521,메이크온
persona_2,3,0.8133618831634521,메이크온
persona_2,4,0.8133618831634521,메이크온
persona_2,5,0.8133618831634521,메이크온
persona_2,6,0.8119094371795654,메이크온
persona_2,7,0.6732181310653687,메이크온
persona_2,8,0.812407910823822,메이크온
persona_2,9,0.7690773606300354,에뛰드
persona_2,10,0.7370323538780212,에뛰드
persona_2,11,0.814809262752533,에뛰드
persona_2,12,0.814809262752533,에뛰드
persona_2,13,0.814809262752533,에뛰드
persona_2,14,0.8146457672119141,에뛰드
persona_2,15,0.7625200748443604,에뛰드
persona_2,16,0.7826411724090576,에뛰드
persona_2,17,0.7410616874694824,에뛰드
persona_2,18,0.7069939970970154,에뛰드
persona_2,19,0.8138565421104431,에뛰드
persona_2,20,0.756866455078125,에뛰드
persona_2,21,0.7366704344749451,에뛰드
persona_2,22,0.814809262752533,에뛰드
persona_2,23,0.8138565421104431,에뛰드
persona_2,24,0.7636802196502686,에뛰드
persona_2,25,0.7468912601470947,에뛰드
persona_2,26,0.7402222156524658,에뛰드
persona_2,27,0.7230597734451294,에뛰드
persona_2,28,0.7469762563705444,에뛰드
persona_2,29,0.7587804794311523,에뛰드
persona_2,30,0.7440471649169922,에뛰드
persona_2,31,0.7309877872467041,에뛰드
persona_2,32,0.7806308269500732,에뛰드
persona_2,33,0.7631096243858337,에뛰드
persona_2,34,0.6916258335113525,에뛰드
persona_2,35,0.8155702352523804,에뛰드
persona_2,36,0.7180599570274353,에뛰드
persona_2,37,0.7307021021842957,에뛰드
persona_2,38,0.7660791277885437,에뛰드
persona_2,39,0.8146457672119141,에뛰드
persona_2,40,0.7255388498306274,에뛰드
persona_2,41,0.7837857007980347,에뛰드
persona_2,42,0.8155702352523804,에뛰드
persona_2,43,0.8146457672119141,에뛰드
persona_2,44,0.8133566379547119,에뛰드
persona_2,45,0.7824280261993408,에뛰드
persona_2,46,0.8138565421104431,에뛰드
persona_2,47,0.7568140625953674,에뛰드
persona_2,48,0.7751178741455078,에뛰드
persona_2,49,0.7398267388343811,에뛰드
persona_2,50,0.8138565421104431,에뛰드
persona_2,51,0.7494654059410095,에뛰드
persona_2,52,0.7068741917610168,에뛰드
persona_2,53,0.7675509452819824,에뛰드
persona_2,54,0.7487277388572693,에뛰드
persona_2,55,0.7400751113891602,에뛰드
persona_2,56,0.7368312478065491,에뛰드
persona_2,57,0.7839635610580444,에뛰드
persona_2,58,0.749228298664093,에뛰드
persona_2,59,0.7826411724090576,에뛰드
persona_2,60,0.7259804606437683,에뛰드
persona_2,61,0.7107104063034058,에뛰드
persona_2,62,0.8138565421104431,에뛰드
persona_2,63,0.7198865413665771,에뛰드
persona_2,64,0.814809262752533,에뛰드
persona_2,65,0.7309139966964722,에뛰드
persona_2,66,0.7852206230163574,에뛰드
persona_2,67,0.7218076586723328,에뛰드
persona_2,68,0.7420620322227478,에뛰드
persona_2,69,0.8133566379547119,에뛰드
persona_2,70,0.7778940796852112,에뛰드
persona_2,71,0.7690651416778564,에뛰드
persona_2,72,0.8138565421104431,에뛰드
persona_2,73,0.7839635610580444,에뛰드
persona_2,74,0.7282108068466187,에뛰드
persona_2,75,0.7392962574958801,에뛰드
persona_2,76,0.7515454292297363,에뛰드
persona_2,77,0.7320449352264404,에뛰드
persona_2,78,0.8133566379547119,에뛰드
persona_2,79,0.8133566379547119,에뛰드
persona_2,80,0.7540988326072693,에뛰드
persona_2,81,0.8138565421104431,에뛰드
persona_2,82,0.7514463663101196,에뛰드
persona_2,83,0.7521960139274597,에뛰드
persona_2,84,0.8133566379547119,에뛰드
persona_2,85,0.7779390215873718,에뛰드
persona_2,86,0.7765992283821106,에뛰드
persona_2,87,0.814809262752533,에뛰드
persona_2,88,0.7465237975120544,에뛰드
persona_2,89,0.7587804794311523,에뛰드
persona_2,90,0.7059237360954285,에뛰드
persona_2,91,0.788041353225708,에뛰드
persona_2,92,0.8138565421104431,에뛰드
persona_2,93,0.7421261668205261,에뛰드
persona_2,94,0.7095580101013184,에뛰드
persona_2,95,0.803649365901947,에뛰드
persona_2,96,0.7628846764564514,에뛰드
persona_2,97,0.7842538356781006,에뛰드
persona_2,98,0.7517924308776855,에뛰드
persona_2,99,0.814809262752533,에뛰드
persona_2,100,0.744854748249054,에뛰드
persona_2,101,0.8133566379547119,에뛰드
persona_2,102,0.7750859260559082,에뛰드
persona_2,103,0.7755700349807739,에뛰드
persona_2,104,0.814809262752533,에뛰드
persona_2,105,0.7842538356781006,에뛰드
persona_2,106,0.706352710723877,에뛰드
persona_2,107,0.8133566379547119,에뛰드
persona_2,108,0.814809262752533,에뛰드
persona_2,109,0.7275878190994263,에뛰드
persona_2,110,0.7430714964866638,에뛰드
persona_2,111,0.7514463663101196,에뛰드
persona_2,112,0.8155702352523804,에뛰드
persona_2,113,0.750444769859314,에뛰드
persona_2,114,0.814809262752533,에뛰드
persona_2,115,0.8133566379547119,에뛰드
persona_2,116,0.8138565421104431,에뛰드
persona_2,117,0.814809262752533,에뛰드
persona_2,118,0.8138565421104431,에뛰드
persona_2,119,0.7634879946708679,에뛰드
persona_2,120,0.7787795662879944,에뛰드
persona_2,121,0.7074532508850098,에뛰드
persona_2,122,0.8155702352523804,에뛰드
persona_2,123,0.7839635610580444,에뛰드
persona_2,124,0.8155702352523804,에뛰드
persona_2,125,0.8138565421104431,에뛰드
persona_2,126,0.7746462821960449,에뛰드
persona_2,127,0.7837857007980347,에뛰드
persona_2,128,0.8125910758972168,에뛰드
persona_2,129,0.7368312478065491,에뛰드
persona_2,130,0.74473637342453,에뛰드
persona_2,131,0.8138565421104431,에뛰드
persona_2,132,0.706352710723877,에뛰드
persona_2,133,0.8133566379547119,에뛰드
persona_2,134,0.8138565421104431,에뛰드
persona_2,135,0.8133566379547119,에뛰드
persona_2,136,0.8133566379547119,에뛰드
persona_2,137,0.8133566379547119,에뛰드
persona_2,138,0.8138565421104431,에뛰드
persona_2,139,0.8155702352523804,에뛰드
persona_2,140,0.814809262752533,에뛰드
persona_2,141,0.8133566379547119,에뛰드
persona_2,142,0.7697229385375977,에뛰드
persona_2,143,0.7672885656356812,에뛰드
persona_2,144,0.7383219003677368,에뛰드
persona_2,145,0.756866455078125,에뛰드
persona_2,146,0.7517924308776855,에뛰드
persona_2,147,0.7077987194061279,에뛰드
persona_2,148,0.7663013339042664,에뛰드
persona_2,149,0.7196272015571594,에뛰드
persona_2,150,0.7282108068466187,에뛰드
persona_2,151,0.7817109227180481,에뛰드
persona_2,152,0.7725927829742432,에스트라
persona_2,153,0.7698900103569031,에스트라
persona_2,154,0.7644748091697693,에스트라
persona_2,155,0.7772944569587708,에스트라
persona_2,156,0.7794854640960693,에스트라
persona_2,157,0.7786142826080322,에스트라
persona_2,158,0.7745959758758545,에스트라
persona_2,159,0.7745959758758545,에스트라
persona_2,160,0.7370871901512146,에스트라
persona_2,161,0.779334545135498,에스트라
persona_2,162,0.7418383359909058,에스트라
persona_2,163,0.758873462677002,에스트라
persona_2,164,0.7523699402809143,에스트라
persona_2,165,0.7473806142807007,에스트라
persona_2,166,0.7252761721611023,에스트라
persona_2,167,0.7364126443862915,에스트라
persona_2,168,0.7872051000595093,에스트라
persona_2,169,0.7591026425361633,에스트라
persona_2,170,0.779334545135498,에스트라
persona_2,171,0.7450160980224609,에스트라
persona_2,172,0.7806805968284607,에스트라
persona_2,173,0.7579745054244995,에스트라
persona_2,174,0.7821437120437622,에스트라
persona_2,175,0.7784683704376221,에스트라
persona_2,176,0.7403378486633301,에스트라
persona_2,177,0.7804518938064575,에스트라
persona_2,178,0.7745134234428406,에스트라
persona_2,179,0.7694181203842163,에스트라
persona_2,180,0.7607710957527161,에스트라
persona_2,181,0.7374570965766907,에스트라
persona_2,182,0.7745134234428406,에스트라
persona_2,183,0.7748827934265137,에스트라
persona_2,184,0.7722784280776978,에스트라
persona_2,185,0.7694882154464722,에스트라
persona_2,186,0.7382736802101135,에스트라
persona_2,187,0.7485921382904053,에스트라
persona_2,188,0.8074150681495667,에스트라
persona_2,189,0.7325285077095032,에스트라
persona_2,190,0.7504082322120667,에스트라
persona_2,191,0.6932411193847656,에스트라
persona_2,192,0.7862240672111511,에스트라
persona_2,193,0.7567065954208374,에스트라
persona_2,194,0.7800986170768738,에스트라
persona_2,195,0.7812079787254333,에스트라
persona_2,196,0.8106324672698975,에스트라
persona_2,197,0.7750513553619385,에스트라
persona_2,198,0.8106324672698975,에스트라
persona_2,199,0.8093841671943665,에스트라
persona_2,200,0.811428964138031,에스트라
persona_2,201,0.7786142826080322,에스트라
persona_2,202,0.8093841671943665,에스트라
persona_2,203,0.8106324672698975,에스트라
persona_2,204,0.810133695602417,에스트라
persona_2,205,0.8115837574005127,에스트라
persona_2,206,0.7630184888839722,
persona_2,207,0.7630184888839722,
persona_2,208,0.7630184888839722,
persona_2,209,0.7700003981590271,
persona_2,210,0.7660768032073975,
persona_2,211,0.7684875726699829,
persona_2,212,0.7684875726699829,
persona_2,213,0.7684875726699829,
persona_2,214,0.7660768032073975,
persona_2,215,0.7715238332748413,
persona_2,216,0.7596855759620667,
persona_2,217,0.7708398699760437,
persona_2,218,0.7596855759620667,
persona_2,219,0.7684875726699829,
persona_2,220,0.7700003981590271,
persona_2,221,0.7684875726699829,
persona_2,222,0.7630184888839722,
persona_2,223,0.7630184888839722,
persona_2,224,0.7660768032073975,
persona_2,225,0.7630184888839722,
persona_2,226,0.7630184888839722,
persona_2,227,0.7673947811126709,라보에이치
persona_2,228,0.7838051319122314,라보에이치
persona_2,229,0.7932187914848328,라보에이치
persona_2,230,0.7780296206474304,라보에이치
persona_2,231,0.7932187914848328,라보에이치
persona_2,232,0.7701645493507385,라보에이치
persona_2,233,0.8205209374427795,라보에이치
persona_2,234,0.8097992539405823,라보에이치
persona_2,235,0.7667861580848694,라보에이치
persona_2,236,0.7959003448486328,라보에이치
persona_2,237,0.7913632988929749,라보에이치
persona_2,238,0.7811192274093628,라보에이치
persona_2,239,0.781076967716217,라보에이치
persona_2,240,0.7913632988929749,라보에이치
persona_2,241,0.7711459994316101,라보에이치
persona_2,242,0.7932187914848328,라보에이치
persona_2,243,0.7932187914848328,라보에이치
persona_2,244,0.7159759998321533,라보에이치
persona_2,245,0.8205209374427795,라보에이치
persona_2,246,0.8205209374427795,라보에이치
persona_2,247,0.8195641040802002,라보에이치
persona_2,248,0.7493062615394592,라보에이치
persona_2,249,0.8205209374427795,라보에이치
persona_2,250,0.8212791681289673,라보에이치
persona_2,251,0.8212791681289673,라보에이치
persona_2,252,0.8212791681289673,라보에이치
persona_2,253,0.8205209374427795,라보에이치
persona_2,254,0.8205209374427795,라보에이치
persona_2,255,0.8272033333778381,롱테이크
persona_2,256,0.7920255661010742,롱테이크
persona_2,257,0.789447009563446,롱테이크
persona_2,258,0.8272033333778381,롱테이크
persona_2,259,0.7898989319801331,롱테이크
persona_2,260,0.7859430909156799,롱테이크
persona_2,261,0.789447009563446,롱테이크
persona_2,262,0.7935185432434082,롱테이크
persona_2,263,0.7894213199615479,롱테이크
persona_2,264,0.7894213199615479,롱테이크
persona_2,265,0.8254882097244263,롱테이크
persona_2,266,0.7547619342803955,롱테이크
persona_2,267,0.8264493942260742,롱테이크
persona_2,268,0.8264493942260742,롱테이크
persona_2,269,0.8254882097244263,롱테이크
persona_2,270,0.8254882097244263,롱테이크
persona_2,271,0.8254882097244263,롱테이크
persona_2,272,0.8254882097244263,롱테이크
persona_2,273,0.7935043573379517,롱테이크
persona_2,274,0.8047822713851929,에스쁘아
persona_2,275,0.751281201839447,에스쁘아
persona_2,276,0.7830081582069397,에스쁘아
persona_2,277,0.7490922808647156,에스쁘아
persona_2,278,0.7310498952865601,에스쁘아
persona_2,279,0.8349121809005737,에스쁘아
persona_2,280,0.7680826783180237,에스쁘아
persona_2,281,0.7792358994483948,에스쁘아
persona_2,282,0.735548198223114,에스쁘아
persona_2,283,0.7507794499397278,에스쁘아
persona_2,284,0.7476930022239685,에스쁘아
persona_2,285,0.8349121809005737,에스쁘아
persona_2,286,0.8047822713851929,에스쁘아
persona_2,287,0.7529335618019104,에스쁘아
persona_2,288,0.8023198246955872,에스쁘아
persona_2,289,0.8047822713851929,에스쁘아
persona_2,290,0.751281201839447,에스쁘아
persona_2,291,0.8339502811431885,에스쁘아
persona_2,292,0.8349121809005737,에스쁘아
persona_2,293,0.8349121809005737,에스쁘아
persona_2,294,0.8334448933601379,에스쁘아
persona_2,295,0.8056034445762634,에스쁘아
persona_2,296,0.8339502811431885,에스쁘아
persona_2,297,0.8339502811431885,에스쁘아
persona_2,298,0.8047822713851929,에스쁘아
persona_2,299,0.7255904674530029,에스쁘아
persona_2,300,0.750001072883606,에스쁘아
persona_2,301,0.8334448933601379,에스쁘아
persona_2,302,0.8056034445762634,에스쁘아
persona_2,303,0.800256073474884,에스쁘아
persona_2,304,0.7787587642669678,에스쁘아
persona_2,305,0.8334448933601379,에스쁘아
persona_2,306,0.8023198246955872,에스쁘아
persona_2,307,0.7310498952865601,에스쁘아
persona_2,308,0.7476930022239685,에스쁘아
persona_2,309,0.7319743037223816,에스쁘아
persona_2,310,0.8334448933601379,에스쁘아
persona_2,311,0.8316343426704407,에스쁘아
persona_2,312,0.8339502811431885,에스쁘아
persona_2,313,0.8049497604370117,에스쁘아
persona_2,314,0.7833243608474731,에스쁘아
persona_2,315,0.7281496524810791,에스쁘아
persona_2,316,0.7481889128684998,에스쁘아
persona_2,317,0.8339502811431885,에스쁘아
persona_2,318,0.7695568203926086,에스쁘아
persona_2,319,0.8047822713851929,에스쁘아
persona_2,320,0.8334448933601379,에스쁘아
persona_2,321,0.8002183437347412,에스쁘아
persona_2,322,0.8216840624809265,에스쁘아
persona_2,323,0.8063526153564453,에스쁘아
persona_2,324,0.8349121809005737,에스쁘아
persona_2,325,0.7695568203926086,에스쁘아
persona_2,326,0.7476930022239685,에스쁘아
persona_2,327,0.7313516736030579,에스쁘아
persona_2,328,0.7396143078804016,에스쁘아
persona_2,329,0.7458324432373047,에스쁘아
persona_2,330,0.7307979464530945,에스쁘아
persona_2,331,0.8039770126342773,에스쁘아
persona_2,332,0.7527807950973511,에스쁘아
persona_2,333,0.8339502811431885,에스쁘아
persona_2,334,0.8339502811431885,에스쁘아
persona_2,335,0.7643636465072632,에스쁘아
persona_2,336,0.7464449405670166,에스쁘아
persona_2,337,0.8039770126342773,에스쁘아
persona_2,338,0.8117094039916992,에스쁘아
persona_2,339,0.8349121809005737,에스쁘아
persona_2,340,0.8023198246955872,에스쁘아
persona_2,341,0.8023198246955872,에스쁘아
persona_2,342,0.8023198246955872,에스쁘아
persona_2,343,0.8023198246955872,에스쁘아
persona_2,344,0.8023198246955872,에스쁘아
persona_2,345,0.8349121809005737,에스쁘아
persona_2,346,0.8339502811431885,에스쁘아
persona_2,347,0.8356605768203735,에스쁘아
persona_2,348,0.8140553832054138,아모레성수
persona_2,349,0.7847042679786682,아모레성수
persona_2,350,0.8726233243942261,아모레성수
persona_2,351,0.7818417549133301,아모레성수
persona_2,352,0.7828928232192993,아모레성수
persona_2,353,0.7882322072982788,아모레성수
persona_2,354,0.7996963858604431,아모레성수
persona_2,355,0.796825110912323,아모레성수
persona_2,356,0.8173593878746033,아모레성수
persona_2,357,0.8213640451431274,아모레성수
persona_2,358,0.7530973553657532,아모레성수
persona_2,359,0.772871196269989,아모레성수
persona_2,360,0.8077278137207031,아모레성수
persona_2,361,0.811620831489563,아모레성수
persona_2,362,0.8056221604347229,아모레성수
persona_2,363,0.8179246187210083,아모레성수
persona_2,364,0.7381370663642883,미쟝센
persona_2,365,0.7803053259849548,미쟝센
persona_2,366,0.7272236943244934,미쟝센
persona_2,367,0.7420672178268433,미쟝센
persona_2,368,0.7398999333381653,미쟝센
persona_2,369,0.7721943855285645,미쟝센
persona_2,370,0.7908199429512024,미쟝센
persona_2,371,0.7567209601402283,미쟝센
persona_2,372,0.7725979089736938,미쟝센
persona_2,373,0.7864733338356018,미쟝센
persona_2,374,0.7998615503311157,미쟝센
persona_2,375,0.7866470217704773,미쟝센
persona_2,376,0.7691785097122192,미쟝센
persona_2,377,0.7523325085639954,미쟝센
persona_2,378,0.788668155670166,미쟝센
persona_2,379,0.7628113627433777,미쟝센
persona_2,380,0.7567209601402283,미쟝센
persona_2,381,0.7794148325920105,미쟝센
persona_2,382,0.7628113627433777,미쟝센
persona_2,383,0.7788965702056885,미쟝센
persona_2,384,0.7839019894599915,미쟝센
persona_2,385,0.8197267055511475,미쟝센
persona_2,386,0.8197267055511475,미쟝센
persona_2,387,0.7376936078071594,미쟝센
persona_2,388,0.818770170211792,미쟝센
persona_2,389,0.7712618112564087,미쟝센
persona_2,390,0.7567209601402283,미쟝센
persona_2,391,0.7567209601402283,미쟝센
persona_2,392,0.7567209601402283,미쟝센
persona_2,393,0.7710132002830505,미쟝센
persona_2,394,0.8197267055511475,미쟝센
persona_2,395,0.7165200710296631,미쟝센
persona_2,396,0.7601915597915649,미쟝센
persona_2,397,0.8197267055511475,미쟝센
persona_2,398,0.8197267055511475,미쟝센
persona_2,399,0.7906931042671204,미쟝센
persona_2,400,0.7523325085639954,미쟝센
persona_2,401,0.7705010771751404,미쟝센
persona_2,402,0.7545821666717529,미쟝센
persona_2,403,0.7885572910308838,미쟝센
persona_2,404,0.7925142049789429,미쟝센
persona_2,405,0.7683196067810059,미쟝센
persona_2,406,0.7567209601402283,미쟝센
persona_2,407,0.7159502506256104,미쟝센
persona_2,408,0.722262442111969,미쟝센
persona_2,409,0.818770170211792,미쟝센
persona_2,410,0.8197267055511475,미쟝센
persona_2,411,0.818770170211792,미쟝센
persona_2,412,0.8197267055511475,미쟝센
persona_2,413,0.8197267055511475,미쟝센
persona_2,414,0.8197267055511475,미쟝센
persona_2,415,0.8204838037490845,미쟝센
persona_2,416,0.7320674061775208,미쟝센
persona_2,417,0.8204838037490845,미쟝센
persona_2,418,0.8197267055511475,미쟝센
persona_2,419,0.8204838037490845,미쟝센
persona_2,420,0.8204838037490845,미쟝센
persona_2,421,0.8197267055511475,미쟝센
persona_2,422,0.7567209601402283,미쟝센
persona_2,423,0.8270271420478821,아모레퍼시픽
persona_2,424,0.8805249333381653,아모레퍼시픽
persona_2,425,0.878563642501831,아모레퍼시픽
persona_2,426,0.8700948357582092,아모레퍼시픽
persona_2,427,0.7530973553657532,아모레퍼시픽
persona_2,428,0.8747748136520386,아모레퍼시픽
persona_2,429,0.878563642501831,아모레퍼시픽
persona_2,430,0.9119316339492798,아모레베이직
persona_2,431,0.9109389781951904,아모레베이직
persona_2,432,0.8805985450744629,아모레베이직
persona_2,433,0.9126099348068237,아모레베이직
persona_2,434,0.8195044994354248,아모레베이직
persona_2,435,0.7907233834266663,아모레베이직
persona_2,436,0.9126099348068237,아모레베이직
persona_2,437,0.9126099348068237,아모레베이직
persona_2,438,0.9109389781951904,아모레베이직
persona_2,439,0.9089574813842773,아모레베이직
persona_2,440,0.9066387414932251,아모레베이직
persona_2,441,0.9126099348068237,아모레베이직
persona_2,442,0.9126099348068237,아모레베이직
persona_2,443,0.8314540386199951,아모레베이직
persona_2,444,0.8118866682052612,한율
persona_2,445,0.7747699618339539,한율
persona_2,446,0.8128389120101929,한율
persona_2,447,0.7793174386024475,한율
persona_2,448,0.8128389120101929,한율
persona_2,449,0.7478552460670471,한율
persona_2,450,0.7833695411682129,한율
persona_2,451,0.8128389120101929,한율
persona_2,452,0.8136008977890015,한율
persona_2,453,0.8128389120101929,한율
persona_2,454,0.8118866682052612,한율
persona_2,455,0.7819154262542725,한율
persona_2,456,0.8136008977890015,한율
persona_2,457,0.7478552460670471,한율
persona_2,458,0.7793174386024475,한율
persona_2,459,0.7759659886360168,한율
persona_2,460,0.8136008977890015,한율
persona_2,461,0.7861446142196655,한율
persona_2,462,0.8128389120101929,한율
persona_2,463,0.8136008977890015,한율
persona_2,464,0.7654693722724915,한율
persona_2,465,0.8136008977890015,한율
persona_2,466,0.7793174386024475,한율
persona_2,467,0.8128389120101929,한율
persona_2,468,0.781288743019104,한율
persona_2,469,0.7478552460670471,한율
persona_2,470,0.7964475750923157,한율
persona_2,471,0.8128389120101929,한율
persona_2,472,0.8136008977890015,한율
persona_2,473,0.771378755569458,한율
persona_2,474,0.7884414792060852,한율
persona_2,475,0.7778540849685669,한율
persona_2,476,0.7447542548179626,한율
persona_2,477,0.8136008977890015,한율
persona_2,478,0.8136008977890015,한율
persona_2,479,0.8128389120101929,한율
persona_2,480,0.8136008977890015,한율
persona_2,481,0.7866166234016418,한율
persona_2,482,0.7805678248405457,한율
persona_2,483,0.7798475623130798,한율
persona_2,484,0.7687792181968689,한율
persona_2,485,0.780023992061615,한율
persona_2,486,0.771378755569458,한율
persona_2,487,0.7447542548179626,한율
persona_2,488,0.7833695411682129,한율
persona_2,489,0.8128389120101929,한율
persona_2,490,0.7708703279495239,한율
persona_2,491,0.8118866682052612,한율
persona_2,492,0.8128389120101929,한율
persona_2,493,0.8136008977890015,한율
persona_2,494,0.8128389120101929,한율
persona_2,495,0.8136008977890015,한율
persona_2,496,0.8136008977890015,한율
persona_2,497,0.8136008977890015,한율
persona_2,498,0.8128389120101929,한율
persona_2,499,0.7342750430107117,해피바스
persona_2,500,0.7302201390266418,해피바스
persona_2,501,0.767083466053009,해피바스
persona_2,502,0.7508576512336731,해피바스
persona_2,503,0.8003427982330322,해피바스
persona_2,504,0.7721678018569946,해피바스
persona_2,505,0.797969400882721,해피바스
persona_2,506,0.8251405954360962,해피바스
persona_2,507,0.7457087635993958,해피바스
persona_2,508,0.7965583205223083,해피바스
persona_2,509,0.7754656076431274,해피바스
persona_2,510,0.72110515832901,해피바스
persona_2,511,0.730191707611084,해피바스
persona_2,512,0.7721678018569946,해피바스
persona_2,513,0.734783411026001,해피바스
persona_2,514,0.7492526769638062,해피바스
persona_2,515,0.797969400882721,해피바스
persona_2,516,0.730191707611084,해피바스
persona_2,517,0.7627689838409424,해피바스
persona_2,518,0.7599905133247375,해피바스
persona_2,519,0.8003427982330322,해피바스
persona_2,520,0.7302201390266418,해피바스
persona_2,521,0.8241814970970154,해피바스
persona_2,522,0.730191707611084,해피바스
persona_2,523,0.8258943557739258,해피바스
persona_2,524,0.7599905133247375,해피바스
persona_2,525,0.7321208119392395,해피바스
persona_2,526,0.730191707611084,해피바스
persona_2,527,0.7318887114524841,해피바스
persona_2,528,0.8258943557739258,해피바스
persona_2,529,0.7544697523117065,해피바스
persona_2,530,0.7481403946876526,해피바스
persona_2,531,0.7492526769638062,해피바스
persona_2,532,0.8258943557739258,해피바스
persona_2,533,0.7577072978019714,해피바스
persona_2,534,0.7721678018569946,해피바스
persona_2,535,0.7709313631057739,해피바스
persona_2,536,0.8258943557739258,해피바스
persona_2,537,0.8258943557739258,해피바스
persona_2,538,0.7599905133247375,해피바스
persona_2,539,0.7950618267059326,해피바스
persona_2,540,0.8258943557739258,해피바스
persona_2,541,0.7510079741477966,해피바스
persona_2,542,0.8258943557739258,해피바스
persona_2,543,0.8258943557739258,해피바스
persona_2,544,0.7950802445411682,해피바스
persona_2,545,0.7810474634170532,해피바스
persona_2,546,0.7599905133247375,해피바스
persona_2,547,0.7495932579040527,해피바스
persona_2,548,0.7614343166351318,해피바스
persona_2,549,0.7893921732902527,해피바스
persona_2,550,0.7893921732902527,해피바스
persona_2,551,0.9126099348068237,온호프
persona_2,552,0.819499135017395,홀리추얼
persona_2,553,0.7712033987045288,홀리추얼
persona_2,554,0.819499135017395,홀리추얼
persona_2,555,0.7801355719566345,홀리추얼
persona_2,556,0.7821823358535767,홀리추얼
persona_2,557,0.7875757813453674,홀리추얼
persona_2,558,0.7876948118209839,홀리추얼
persona_2,559,0.7833662629127502,홀리추얼
persona_2,560,0.7878062129020691,홀리추얼
persona_2,561,0.7794924974441528,홀리추얼
persona_2,562,0.8164958953857422,홀리추얼
persona_2,563,0.8164958953857422,홀리추얼
persona_2,564,0.8185651898384094,홀리추얼
persona_2,565,0.7692170739173889,홀리추얼
persona_2,566,0.7890169024467468,홀리추얼
persona_2,567,0.8070984482765198,홀리추얼
persona_2,568,0.8185651898384094,홀리추얼
persona_2,569,0.819499135017395,홀리추얼
persona_2,570,0.8187397718429565,홀리추얼
persona_2,571,0.8187397718429565,홀리추얼
persona_2,572,0.7541977763175964,홀리추얼
persona_2,573,0.8412207961082458,
persona_2,574,0.825461745262146,
persona_2,575,0.7819329500198364,
persona_2,576,0.7726432681083679,오딧세이
persona_2,577,0.7757297158241272,오딧세이
persona_2,578,0.8148990869522095,오딧세이
persona_2,579,0.7757297158241272,오딧세이
persona_2,580,0.8139458298683167,오딧세이
persona_2,581,0.7726432681083679,오딧세이
persona_2,582,0.8139458298683167,오딧세이
persona_2,583,0.8148990869522095,오딧세이
persona_2,584,0.8148990869522095,오딧세이
persona_2,585,0.8156595826148987,오딧세이
persona_2,586,0.8156411647796631,프리메라
persona_2,587,0.7844984531402588,프리메라
persona_2,588,0.7546759843826294,프리메라
persona_2,589,0.782676637172699,프리메라
persona_2,590,0.8156411647796631,프리메라
persona_2,591,0.7849915027618408,프리메라
persona_2,592,0.7628003358840942,프리메라
persona_2,593,0.8046267032623291,프리메라
persona_2,594,0.7320300936698914,프리메라
persona_2,595,0.7116281986236572,프리메라
persona_2,596,0.7864124178886414,프리메라
persona_2,597,0.7564812898635864,프리메라
persona_2,598,0.7387889623641968,프리메라
persona_2,599,0.7740530371665955,프리메라
persona_2,600,0.8165677785873413,프리메라
persona_2,601,0.8156411647796631,프리메라
persona_2,602,0.7845267653465271,프리메라
persona_2,603,0.7862351536750793,프리메라
persona_2,604,0.7760378122329712,프리메라
persona_2,605,0.7847534418106079,프리메라
persona_2,606,0.7862351536750793,프리메라
persona_2,607,0.7605379223823547,프리메라
persona_2,608,0.7115955352783203,프리메라
persona_2,609,0.7852374315261841,프리메라
persona_2,610,0.8148536682128906,프리메라
persona_2,611,0.7849187254905701,프리메라
persona_2,612,0.7774969339370728,프리메라
persona_2,613,0.7882667779922485,프리메라
persona_2,614,0.7410168647766113,프리메라
persona_2,615,0.7814047336578369,프리메라
persona_2,616,0.7774969339370728,프리메라
persona_2,617,0.7818795442581177,프리메라
persona_2,618,0.7857793569564819,프리메라
persona_2,619,0.7890027165412903,프리메라
persona_2,620,0.7849187254905701,프리메라
persona_2,621,0.7524157166481018,프리메라
persona_2,622,0.7807425260543823,프리메라
persona_2,623,0.8052042722702026,프리메라
persona_2,624,0.7783070206642151,프리메라
persona_2,625,0.813582718372345,프리메라
persona_2,626,0.7890027165412903,프리메라
persona_2,627,0.7851935029029846,프리메라
persona_2,628,0.7790688872337341,프리메라
persona_2,629,0.7500194311141968,프리메라
persona_2,630,0.7625060677528381,프리메라
persona_2,631,0.7810223698616028,프리메라
persona_2,632,0.7812378406524658,프리메라
persona_2,633,0.7383769154548645,프리메라
persona_2,634,0.7714667916297913,프리메라
persona_2,635,0.7832165956497192,프리메라
persona_2,636,0.7311505079269409,프리메라
persona_2,637,0.7765849828720093,프리메라
persona_2,638,0.7387889623641968,프리메라
persona_2,639,0.7740530371665955,프리메라
persona_2,640,0.7779750823974609,프리메라
persona_2,641,0.8158067464828491,프리메라
persona_2,642,0.8158067464828491,프리메라
persona_2,643,0.7683998942375183,프리메라
persona_2,644,0.7454152703285217,프리메라
persona_2,645,0.7966725826263428,헤라
persona_2,646,0.7907390594482422,헤라
persona_2,647,0.7123273015022278,헤라
persona_2,648,0.7354580760002136,헤라
persona_2,649,0.7520979046821594,헤라
persona_2,650,0.7517281770706177,헤라
persona_2,651,0.7105355858802795,헤라
persona_2,652,0.7465656399726868,헤라
persona_2,653,0.7465656399726868,헤라
persona_2,654,0.7517281770706177,헤라
persona_2,655,0.7124621272087097,헤라
persona_2,656,0.7124621272087097,헤라
persona_2,657,0.7966725826263428,헤라
persona_2,658,0.8221603035926819,헤라
persona_2,659,0.8221603035926819,헤라
persona_2,660,0.8221603035926819,헤라
persona_2,661,0.7375267744064331,헤라
persona_2,662,0.8212220072746277,헤라
persona_2,663,0.7456132769584656,헤라
persona_2,664,0.7123273015022278,헤라
persona_2,665,0.7915677428245544,헤라
persona_2,666,0.8212220072746277,헤라
persona_2,667,0.7505732774734497,헤라
persona_2,668,0.7829182147979736,헤라
persona_2,669,0.7944006323814392,헤라
persona_2,670,0.8191422820091248,헤라
persona_2,671,0.8204473853111267,헤라
persona_2,672,0.8204473853111267,헤라
persona_2,673,0.7793369293212891,헤라
persona_2,674,0.7406762838363647,헤라
persona_2,675,0.8204473853111267,헤라
persona_2,676,0.775896430015564,헤라
persona_2,677,0.7893177270889282,헤라
persona_2,678,0.757611870765686,헤라
persona_2,679,0.7906065583229065,헤라
persona_2,680,0.7381669878959656,헤라
persona_2,681,0.7483761310577393,헤라
persona_2,682,0.8204473853111267,헤라
persona_2,683,0.7143037915229797,헤라
persona_2,684,0.7826633453369141,헤라
persona_2,685,0.7800180912017822,헤라
persona_2,686,0.7684091329574585,헤라
persona_2,687,0.7354580760002136,헤라
persona_2,688,0.7818207144737244,헤라
persona_2,689,0.7915677428245544,헤라
persona_2,690,0.7955306172370911,헤라
persona_2,691,0.7529125213623047,헤라
persona_2,692,0.7567896842956543,헤라
persona_2,693,0.7943692207336426,헤라
persona_2,694,0.7154978513717651,헤라
persona_2,695,0.7820147275924683,헤라
persona_2,696,0.8214036226272583,헤라
persona_2,697,0.7802859544754028,헤라
persona_2,698,0.7403112053871155,헤라
persona_2,699,0.7699007391929626,헤라
persona_2,700,0.7669747471809387,헤라
persona_2,701,0.7902393341064453,헤라
persona_2,702,0.7915325164794922,헤라
persona_2,703,0.8221603035926819,헤라
persona_2,704,0.8204473853111267,헤라
persona_2,705,0.7445307374000549,헤라
persona_2,706,0.7319512367248535,헤라
persona_2,707,0.7375719547271729,헤라
persona_2,708,0.7937484979629517,헤라
persona_2,709,0.7460414171218872,헤라
persona_2,710,0.7714595198631287,헤라
persona_2,711,0.7825825810432434,헤라
persona_2,712,0.7524785995483398,헤라
persona_2,713,0.7937484979629517,헤라
persona_2,714,0.7901575565338135,헤라
persona_2,715,0.790381669998169,헤라
persona_2,716,0.7838654518127441,헤라
persona_2,717,0.775896430015564,헤라
persona_2,718,0.7906065583229065,헤라
persona_2,719,0.7123273015022278,헤라
persona_2,720,0.7765119075775146,헤라
persona_2,721,0.7835512161254883,헤라
persona_2,722,0.7580646872520447,헤라
persona_2,723,0.7937458753585815,헤라
persona_2,724,0.7820211052894592,헤라
persona_2,725,0.7562075853347778,헤라
persona_2,726,0.7893177270889282,헤라
persona_2,727,0.7119121551513672,헤라
persona_2,728,0.7182564735412598,헤라
persona_2,729,0.7470548152923584,헤라
persona_2,730,0.7470548152923584,헤라
persona_2,731,0.8212220072746277,헤라
persona_2,732,0.8212220072746277,헤라
persona_2,733,0.7234638929367065,헤라
persona_2,734,0.7632655501365662,헤라
persona_2,735,0.7565940618515015,헤라
persona_2,736,0.7460229396820068,헤라
persona_2,737,0.7727947235107422,헤라
persona_2,738,0.7390302419662476,비레디
persona_2,739,0.7451086640357971,라네즈
persona_2,740,0.7846745252609253,비레디
persona_2,741,0.7910736799240112,라네즈
persona_2,742,0.7664961218833923,비레디
persona_2,743,0.7729848027229309,라네즈
persona_2,744,0.7859947681427002,비레디
persona_2,745,0.7924273014068604,라네즈
persona_2,746,0.714354395866394,비레디
persona_2,747,0.7203356027603149,라네즈
persona_2,748,0.8213742971420288,비레디
persona_2,749,0.8280637264251709,라네즈
persona_2,750,0.714354395866394,비레디
persona_2,751,0.7203356027603149,라네즈
persona_2,752,0.7872478365898132,비레디
persona_2,753,0.7936678528785706,라네즈
persona_2,754,0.7943762540817261,비레디
persona_2,755,0.800821840763092,라네즈
persona_2,756,0.7611762285232544,비레디
persona_2,757,0.767549991607666,라네즈
persona_2,758,0.742776095867157,비레디
persona_2,759,0.7489448189735413,라네즈
persona_2,760,0.7720162272453308,비레디
persona_2,761,0.7782344818115234,라네즈
persona_2,762,0.7833025455474854,비레디
persona_2,763,0.7896201610565186,라네즈
persona_2,764,0.8204178214073181,비레디
persona_2,765,0.8271039724349976,라네즈
persona_2,766,0.7943762540817261,비레디
persona_2,767,0.800821840763092,라네즈
persona_2,768,0.7375641465187073,비레디
persona_2,769,0.7435677647590637,라네즈
persona_2,770,0.7053354978561401,비레디
persona_2,771,0.7113972306251526,라네즈
persona_2,772,0.7543023228645325,비레디
persona_2,773,0.7604619860649109,라네즈
persona_2,774,0.742776095867157,비레디
persona_2,775,0.7489448189735413,라네즈
persona_2,776,0.7370238900184631,비레디
persona_2,777,0.7430930733680725,라네즈
persona_2,778,0.7370238900184631,비레디
persona_2,779,0.7430930733680725,라네즈
persona_2,780,0.7370238900184631,비레디
persona_2,781,0.7430930733680725,라네즈
persona_2,782,0.8204178214073181,비레디
persona_2,783,0.8271039724349976,라네즈
persona_2,784,0.8204178214073181,비레디
persona_2,785,0.8271039724349976,라네즈
persona_2,786,0.8204178214073181,비레디
persona_2,787,0.8271039724349976,라네즈
persona_2,788,0.8204178214073181,비레디
persona_2,789,0.8271039724349976,라네즈
persona_2,790,0.8204178214073181,비레디
persona_2,791,0.8271039724349976,라네즈
persona_2,792,0.7914993762969971,비레디
persona_2,793,0.7980688214302063,라네즈
persona_2,794,0.8155653476715088,아이오페
persona_2,795,0.7075298428535461,아이오페
persona_2,796,0.8133432269096375,아이오페
persona_2,797,0.7756319046020508,아이오페
persona_2,798,0.7859538793563843,아이오페
persona_2,799,0.747456431388855,아이오페
persona_2,800,0.8163259625434875,아이오페
persona_2,801,0.7765256762504578,아이오페
persona_2,802,0.7649152278900146,아이오페
persona_2,803,0.7836878299713135,아이오페
persona_2,804,0.8163259625434875,아이오페
persona_2,805,0.7899319529533386,아이오페
persona_2,806,0.8163259625434875,아이오페
persona_2,807,0.7776918411254883,아이오페
persona_2,808,0.6831610798835754,아이오페
persona_2,809,0.7877304553985596,아이오페
persona_2,810,0.6831610798835754,아이오페
persona_2,811,0.7153748869895935,아이오페
persona_2,812,0.7349385619163513,아이오페
persona_2,813,0.7899319529533386,아이오페
persona_2,814,0.7836878299713135,아이오페
persona_2,815,0.7990871071815491,아이오페
persona_2,816,0.6940954923629761,아이오페
persona_2,817,0.7825958728790283,아이오페
persona_2,818,0.7804428339004517,아이오페
persona_2,819,0.73058021068573,아이오페
persona_2,820,0.7877304553985596,아이오페
persona_2,821,0.7679393291473389,아이오페
persona_2,822,0.8028422594070435,아이오페
persona_2,823,0.7783588767051697,아이오페
persona_2,824,0.7754605412483215,아이오페
persona_2,825,0.7756319046020508,아이오페
persona_2,826,0.7272419929504395,아이오페
persona_2,827,0.8146119713783264,아이오페
persona_2,828,0.7783588767051697,아이오페
persona_2,829,0.7850130796432495,아이오페
persona_2,830,0.7818751931190491,아이오페
persona_2,831,0.7459691762924194,아이오페
persona_2,832,0.7455774545669556,아이오페
persona_2,833,0.785049319267273,아이오페
persona_2,834,0.7306450605392456,아이오페
persona_2,835,0.7438623905181885,아이오페
persona_2,836,0.7791962027549744,아이오페
persona_2,837,0.7791962027549744,아이오페
persona_2,838,0.7445518970489502,아이오페
persona_2,839,0.751693844795227,아이오페
persona_2,840,0.8155653476715088,아이오페
persona_2,841,0.8146119713783264,아이오페
persona_2,842,0.7818751931190491,아이오페
persona_2,843,0.8146119713783264,아이오페
persona_2,844,0.7831668257713318,아이오페
persona_2,845,0.8154009580612183,아이오페
persona_2,846,0.8146119713783264,아이오페
persona_2,847,0.7816524505615234,아이오페
persona_2,848,0.6996852159500122,아이오페
persona_2,849,0.7756927013397217,아이오페
persona_2,850,0.7704572677612305,아이오페
persona_2,851,0.7765256762504578,아이오페
persona_2,852,0.7880405783653259,아이오페
persona_2,853,0.7047237753868103,아이오페
persona_2,854,0.6886809468269348,아이오페
persona_2,855,0.7859538793563843,아이오페
persona_2,856,0.8163259625434875,아이오페
persona_2,857,0.8154009580612183,아이오페
persona_2,858,0.6743212342262268,아이오페
persona_2,859,0.8133432269096375,아이오페
persona_2,860,0.7887762784957886,아이오페
persona_2,861,0.771613359451294,아이오페
persona_2,862,0.9066387414932251,에이피뷰티
persona_2,863,0.8418617248535156,에이피뷰티
persona_2,864,0.7987240552902222,에이피뷰티
persona_2,865,0.8693953156471252,에이피뷰티
persona_2,866,0.8774603605270386,에이피뷰티
persona_2,867,0.833466649055481,에이피뷰티
persona_2,868,0.8759891390800476,에이피뷰티
persona_2,869,0.8760861754417419,에이피뷰티
persona_2,870,0.8777421116828918,에이피뷰티
persona_2,871,0.9114470481872559,에이피뷰티
persona_2,872,0.8770740032196045,에이피뷰티
persona_2,873,0.8770740032196045,에이피뷰티
persona_2,874,0.8748681545257568,에이피뷰티
persona_2,875,0.8774603605270386,에이피뷰티
persona_2,876,0.8774603605270386,에이피뷰티
persona_2,877,0.9089574813842773,에이피뷰티
persona_2,878,0.7748003005981445,에이피뷰티
persona_2,879,0.9114470481872559,에이피뷰티
persona_2,880,0.8760861754417419,에이피뷰티
persona_2,881,0.8010269999504089,에이피뷰티
persona_2,882,0.87553471326828,에이피뷰티
persona_2,883,0.8817782998085022,에이피뷰티
persona_2,884,0.8817782998085022,에이피뷰티
persona_2,885,0.8755623698234558,에이피뷰티
persona_2,886,0.8652817010879517,에이피뷰티
persona_2,887,0.8594119548797607,에이피뷰티
persona_2,888,0.9126099348068237,에이피뷰티
persona_2,889,0.8468701839447021,에이피뷰티
persona_2,890,0.8468701839447021,에이피뷰티
persona_2,891,0.8468701839447021,에이피뷰티
persona_2,892,0.8774603605270386,에이피뷰티
persona_2,893,0.8805249333381653,에이피뷰티
persona_2,894,0.9089574813842773,에이피뷰티
persona_2,895,0.9066387414932251,에이피뷰티
persona_2,896,0.7990003228187561,에이피뷰티
persona_2,897,0.7644473910331726,에이피뷰티
persona_2,898,0.8755623698234558,에이피뷰티
persona_2,899,0.7814635634422302,일리윤
persona_2,900,0.7642383575439453,일리윤
persona_2,901,0.7977169752120972,일리윤
persona_2,902,0.7611833810806274,일리윤
persona_2,903,0.7467272877693176,일리윤
persona_2,904,0.77554851770401,일리윤
persona_2,905,0.7467272877693176,일리윤
persona_2,906,0.77554851770401,일리윤
persona_2,907,0.7884953022003174,일리윤
persona_2,908,0.7861767411231995,일리윤
persona_2,909,0.7611885666847229,일리윤
persona_2,910,0.7817527055740356,일리윤
persona_2,911,0.7896197438240051,일리윤
persona_2,912,0.7370565533638,일리윤
persona_2,913,0.7649053335189819,일리윤
persona_2,914,0.768501877784729,일리윤
persona_2,915,0.7740888595581055,일리윤
persona_2,916,0.8102948665618896,일리윤
persona_2,917,0.7838732600212097,일리윤
persona_2,918,0.782780647277832,일리윤
persona_2,919,0.7814497351646423,일리윤
persona_2,920,0.7604401707649231,일리윤
persona_2,921,0.7431179881095886,일리윤
persona_2,922,0.77554851770401,일리윤
persona_2,923,0.7806894183158875,일리윤
persona_2,924,0.7622776627540588,일리윤
persona_2,925,0.7317788004875183,일리윤
persona_2,926,0.725432276725769,일리윤
persona_2,927,0.7837004065513611,일리윤
persona_2,928,0.7380465269088745,일리윤
persona_2,929,0.7755544781684875,일리윤
persona_2,930,0.759053647518158,일리윤
persona_2,931,0.7407127022743225,일리윤
persona_2,932,0.7846769690513611,일리윤
persona_2,933,0.7649053335189819,일리윤
persona_2,934,0.7806894183158875,일리윤
persona_2,935,0.7649053335189819,일리윤
persona_2,936,0.7838732600212097,일리윤
persona_2,937,0.7846769690513611,일리윤
persona_2,938,0.8093439936637878,일리윤
persona_2,939,0.8110567927360535,일리윤
persona_2,940,0.8110567927360535,일리윤
persona_2,941,0.7359739542007446,일리윤
persona_2,942,0.8110567927360535,일리윤
persona_2,943,0.8093439936637878,일리윤
persona_2,944,0.8110567927360535,일리윤
persona_2,945,0.8093439936637878,일리윤
persona_2,946,0.7806288003921509,일리윤
persona_2,947,0.8088463544845581,일리윤
persona_2,948,0.8093439936637878,일리윤
persona_2,949,0.8088463544845581,일리윤
persona_2,950,0.8088463544845581,일리윤
persona_2,951,0.7611833810806274,일리윤
persona_2,952,0.745098888874054,일리윤
persona_2,953,0.7586014866828918,일리윤
persona_2,954,0.8093439936637878,일리윤
persona_2,955,0.7806288003921509,일리윤
persona_2,956,0.7806288003921509,일리윤
persona_2,957,0.8102948665618896,일리윤
persona_2,958,0.8093439936637878,일리윤
persona_2,959,0.7799859046936035,일리윤
persona_2,960,0.7266441583633423,일리윤
persona_2,961,0.7444520592689514,일리윤
persona_2,962,0.7837629318237305,일리윤
persona_2,963,0.8318418860435486,이니스프리
persona_2,964,0.8016391396522522,이니스프리
persona_2,965,0.7682240009307861,이니스프리
persona_2,966,0.8040900826454163,이니스프리
persona_2,967,0.8297147750854492,이니스프리
persona_2,968,0.7989420294761658,이니스프리
persona_2,969,0.832055389881134,이니스프리
persona_2,970,0.832055389881134,이니스프리
persona_2,971,0.8297147750854492,이니스프리
persona_2,972,0.801630973815918,이니스프리
persona_2,973,0.7450755834579468,이니스프리
persona_2,974,0.7876725792884827,이니스프리
persona_2,975,0.7864822149276733,이니스프리
persona_2,976,0.7557358145713806,이니스프리
persona_2,977,0.793709933757782,이니스프리
persona_2,978,0.765800952911377,이니스프리
persona_2,979,0.7450755834579468,이니스프리
persona_2,980,0.832055389881134,이니스프리
persona_2,981,0.8045066595077515,이니스프리
persona_2,982,0.7682240009307861,이니스프리
persona_2,983,0.7573947310447693,이니스프리
persona_2,984,0.8318418860435486,이니스프리
persona_2,985,0.7989444136619568,이니스프리
persona_2,986,0.8328065872192383,이니스프리
persona_2,987,0.7541754245758057,이니스프리
persona_2,988,0.7919332385063171,이니스프리
persona_2,989,0.8310931921005249,이니스프리
persona_2,990,0.7947127223014832,이니스프리
persona_2,991,0.7642788887023926,이니스프리
persona_2,992,0.8297147750854492,이니스프리
persona_2,993,0.7941179275512695,이니스프리
persona_2,994,0.7768232226371765,이니스프리
persona_2,995,0.7835435271263123,이니스프리
persona_2,996,0.8297147750854492,이니스프리
persona_2,997,0.7954546213150024,이니스프리
persona_2,998,0.8005693554878235,이니스프리
persona_2,999,0.7261313199996948,이니스프리
persona_2,1000,0.7691962718963623,이니스프리
persona_2,1001,0.7450755834579468,이니스프리
persona_2,1002,0.7557358145713806,이니스프리
persona_2,1003,0.7989444136619568,이니스프리
persona_2,1004,0.8045066595077515,이니스프리
persona_2,1005,0.832055389881134,이니스프리
persona_2,1006,0.7640597224235535,이니스프리
persona_2,1007,0.7768232226371765,이니스프리
persona_2,1008,0.7672252058982849,이니스프리
persona_2,1009,0.7972089648246765,이니스프리
persona_2,1010,0.7974063754081726,이니스프리
persona_2,1011,0.80567866563797,이니스프리
persona_2,1012,0.7945465445518494,이니스프리
persona_2,1013,0.7989420294761658,이니스프리
persona_2,1014,0.7695241570472717,이니스프리
persona_2,1015,0.7805763483047485,이니스프리
persona_2,1016,0.7954546213150024,이니스프리
persona_2,1017,0.7805763483047485,이니스프리
persona_2,1018,0.7805763483047485,이니스프리
persona_2,1019,0.7959025502204895,이니스프리
persona_2,1020,0.8021882176399231,이니스프리
persona_2,1021,0.8204754590988159,이니스프리
persona_2,1022,0.8035877346992493,이니스프리
persona_2,1023,0.7859322428703308,이니스프리
persona_2,1024,0.8045066595077515,이니스프리
persona_2,1025,0.7760334610939026,이니스프리
persona_2,1026,0.8328065872192383,이니스프리
persona_2,1027,0.8200941681861877,이니스프리
persona_2,1028,0.779177725315094,이니스프리
persona_2,1029,0.80567866563797,이니스프리
persona_2,1030,0.795263409614563,이니스프리
persona_2,1031,0.7982508540153503,이니스프리
persona_2,1032,0.8035877346992493,이니스프리
persona_2,1033,0.7974063754081726,이니스프리
persona_2,1034,0.8008346557617188,이니스프리
persona_2,1035,0.7696070671081543,이니스프리
persona_2,1036,0.7282065749168396,이니스프리
persona_2,1037,0.8045066595077515,이니스프리
persona_2,1038,0.7591943144798279,이니스프리
persona_2,1039,0.8204754590988159,이니스프리
persona_2,1040,0.8037485480308533,이니스프리
persona_2,1041,0.7887405157089233,이니스프리
persona_2,1042,0.8014131784439087,이니스프리
persona_2,1043,0.7834137082099915,이니스프리
persona_2,1044,0.8204754590988159,이니스프리
persona_2,1045,0.808901309967041,이니스프리
persona_2,1046,0.727994978427887,이니스프리
persona_2,1047,0.7541754245758057,이니스프리
persona_2,1048,0.8037485480308533,이니스프리
persona_2,1049,0.7995254993438721,이니스프리
persona_2,1050,0.7697093486785889,이니스프리
persona_2,1051,0.7801252007484436,이니스프리
persona_2,1052,0.7834137082099915,이니스프리
persona_2,1053,0.8204754590988159,이니스프리
persona_2,1054,0.7987791895866394,이니스프리
persona_2,1055,0.765800952911377,이니스프리
persona_2,1056,0.8035877346992493,이니스프리
persona_2,1057,0.8297147750854492,이니스프리
persona_2,1058,0.8014131784439087,이니스프리
persona_2,1059,0.7560335993766785,이니스프리
persona_2,1060,0.795263409614563,이니스프리
persona_2,1061,0.8014131784439087,이니스프리
persona_2,1062,0.7557358145713806,이니스프리
persona_2,1063,0.7708451747894287,이니스프리
persona_2,1064,0.8046340942382812,이니스프리
persona_2,1065,0.7974063754081726,이니스프리
persona_2,1066,0.8005693554878235,이니스프리
persona_2,1067,0.8005693554878235,이니스프리
persona_2,1068,0.7670707106590271,이니스프리
persona_2,1069,0.7936169505119324,이니스프리
persona_2,1070,0.7282065749168396,이니스프리
persona_2,1071,0.726706862449646,이니스프리
persona_2,1072,0.8037485480308533,이니스프리
persona_2,1073,0.7236205339431763,이니스프리
persona_2,1074,0.7589658498764038,이니스프리
persona_2,1075,0.7990679740905762,이니스프리
persona_2,1076,0.7566797733306885,이니스프리
persona_2,1077,0.808901309967041,이니스프리
persona_2,1078,0.8188937902450562,이니스프리
persona_2,1079,0.779177725315094,이니스프리
persona_2,1080,0.7974063754081726,이니스프리
persona_2,1081,0.7697093486785889,이니스프리
persona_2,1082,0.7813140749931335,이니스프리
persona_2,1083,0.7752459645271301,이니스프리
persona_2,1084,0.7691576480865479,이니스프리
persona_2,1085,0.7995254993438721,이니스프리
persona_2,1086,0.7768232226371765,이니스프리
persona_2,1087,0.8328065872192383,이니스프리
persona_2,1088,0.8046340942382812,이니스프리
persona_2,1089,0.7974063754081726,이니스프리
persona_2,1090,0.8045066595077515,이니스프리
persona_2,1091,0.741100013256073,이니스프리
persona_2,1092,0.801630973815918,이니스프리
persona_2,1093,0.7232334613800049,이니스프리
persona_2,1094,0.7682240009307861,이니스프리
persona_2,1095,0.7711637616157532,이니스프리
persona_2,1096,0.7974063754081726,이니스프리
persona_2,1097,0.7805763483047485,이니스프리
persona_2,1098,0.7813140749931335,이니스프리
persona_2,1099,0.7282065749168396,이니스프리
persona_2,1100,0.796676754951477,이니스프리
persona_2,1101,0.721372663974762,이니스프리
persona_2,1102,0.7557358145713806,이니스프리
persona_2,1103,0.7489908337593079,이니스프리
persona_2,1104,0.8034063577651978,이니스프리
persona_2,1105,0.8016391396522522,이니스프리
persona_2,1106,0.7813140749931335,이니스프리
persona_2,1107,0.7918618321418762,이니스프리
persona_2,1108,0.7796544432640076,이니스프리
persona_2,1109,0.7634000182151794,이니스프리
persona_2,1110,0.7516760230064392,이니스프리
persona_2,1111,0.808901309967041,이니스프리
persona_2,1112,0.7959025502204895,이니스프리
persona_2,1113,0.7926061749458313,이니스프리
persona_2,1114,0.801630973815918,이니스프리
persona_2,1115,0.7834137082099915,이니스프리
persona_2,1116,0.7683436274528503,이니스프리
persona_2,1117,0.8318418860435486,이니스프리
persona_2,1118,0.7328290939331055,이니스프리
persona_2,1119,0.7664589285850525,이니스프리
persona_2,1120,0.727994978427887,이니스프리
persona_2,1121,0.8210674524307251,이니스프리
persona_2,1122,0.7851516604423523,이니스프리
persona_2,1123,0.7995254993438721,이니스프리
persona_2,1124,0.8045066595077515,이니스프리
persona_2,1125,0.8328065872192383,이니스프리
persona_2,1126,0.832055389881134,이니스프리
persona_2,1127,0.7995254993438721,이니스프리
persona_2,1128,0.7906821966171265,이니스프리
persona_2,1129,0.8310931921005249,이니스프리
persona_2,1130,0.8014248609542847,이니스프리
persona_2,1131,0.7941179275512695,이니스프리
persona_2,1132,0.8016391396522522,이니스프리
persona_2,1133,0.8016391396522522,이니스프리
persona_2,1134,0.8045066595077515,이니스프리
persona_2,1135,0.8101105690002441,이니스프리
persona_2,1136,0.7316763997077942,이니스프리
persona_2,1137,0.762887716293335,이니스프리
persona_2,1138,0.8310931921005249,이니스프리
persona_2,1139,0.8002773523330688,이니스프리
persona_2,1140,0.8045066595077515,이니스프리
persona_2,1141,0.7708451747894287,이니스프리
persona_2,1142,0.8045066595077515,이니스프리
persona_2,1143,0.7627741098403931,이니스프리
persona_2,1144,0.8045066595077515,이니스프리
persona_2,1145,0.7525036334991455,메디안
persona_2,1146,0.8175709843635559,메디안
persona_2,1147,0.8166178464889526,메디안
persona_2,1148,0.735744297504425,메디안
persona_2,1149,0.8166178464889526,메디안
persona_2,1150,0.8166178464889526,메디안
persona_2,1151,0.8183301687240601,메디안
persona_2,1152,0.8175709843635559,메디안
persona_2,1153,0.8166178464889526,메디안
persona_2,1154,0.8161168098449707,메디안
persona_2,1155,0.8175709843635559,메디안
persona_2,1156,0.736453652381897,메디안
persona_2,1157,0.8166178464889526,메디안
persona_2,1158,0.8166178464889526,메디안
persona_2,1159,0.8166178464889526,메디안
persona_2,1160,0.8166178464889526,메디안
persona_2,1161,0.6751410961151123,메디안
persona_2,1162,0.8175709843635559,메디안
persona_2,1163,0.6551955342292786,메디안
persona_2,1164,0.8166178464889526,메디안
persona_2,1165,0.8166178464889526,메디안
persona_2,1166,0.8173992037773132,메디안
persona_2,1167,0.8175709843635559,메디안
persona_2,1168,0.8175709843635559,메디안
persona_2,1169,0.8175709843635559,메디안
persona_2,1170,0.6551955342292786,메디안
persona_2,1171,0.6686105728149414,메디안
persona_2,1172,0.8175709843635559,메디안
persona_2,1173,0.7641899585723877,메디안
persona_2,1174,0.8175709843635559,메디안
persona_2,1175,0.8183301687240601,메디안
persona_2,1176,0.7953901886940002,메디안
persona_2,1177,0.7390302419662476,비레디
persona_2,1178,0.7451086640357971,라네즈
persona_2,1179,0.7846745252609253,비레디
persona_2,1180,0.7910736799240112,라네즈
persona_2,1181,0.7664961218833923,비레디
persona_2,1182,0.7729848027229309,라네즈
persona_2,1183,0.7859947681427002,비레디
persona_2,1184,0.7924273014068604,라네즈
persona_2,1185,0.714354395866394,비레디
persona_2,1186,0.7203356027603149,라네즈
persona_2,1187,0.8213742971420288,비레디
persona_2,1188,0.8280637264251709,라네즈
persona_2,1189,0.714354395866394,비레디
persona_2,1190,0.7203356027603149,라네즈
persona_2,1191,0.7872478365898132,비레디
persona_2,1192,0.7936678528785706,라네즈
persona_2,1193,0.7943762540817261,비레디
persona_2,1194,0.800821840763092,라네즈
persona_2,1195,0.7611762285232544,비레디
persona_2,1196,0.767549991607666,라네즈
persona_2,1197,0.742776095867157,비레디
persona_2,1198,0.7489448189735413,라네즈
persona_2,1199,0.7720162272453308,비레디
persona_2,1200,0.7782344818115234,라네즈
persona_2,1201,0.7833025455474854,비레디
persona_2,1202,0.7896201610565186,라네즈
persona_2,1203,0.8204178214073181,비레디
persona_2,1204,0.8271039724349976,라네즈
persona_2,1205,0.7943762540817261,비레디
persona_2,1206,0.800821840763092,라네즈
persona_2,1207,0.7375641465187073,비레디
persona_2,1208,0.7435677647590637,라네즈
persona_2,1209,0.7053354978561401,비레디
persona_2,1210,0.7113972306251526,라네즈
persona_2,1211,0.7543023228645325,비레디
persona_2,1212,0.7604619860649109,라네즈
persona_2,1213,0.742776095867157,비레디
persona_2,1214,0.7489448189735413,라네즈
persona_2,1215,0.7370238900184631,비레디
persona_2,1216,0.7430930733680725,라네즈
persona_2,1217,0.7370238900184631,비레디
persona_2,1218,0.7430930733680725,라네즈
persona_2,1219,0.7370238900184631,비레디
persona_2,1220,0.7430930733680725,라네즈
persona_2,1221,0.8204178214073181,비레디
persona_2,1222,0.8271039724349976,라네즈
persona_2,1223,0.8204178214073181,비레디
persona_2,1224,0.8271039724349976,라네즈
persona_2,1225,0.8204178214073181,비레디
persona_2,1226,0.8271039724349976,라네즈
persona_2,1227,0.8204178214073181,비레디
persona_2,1228,0.8271039724349976,라네즈
persona_2,1229,0.8204178214073181,비레디
persona_2,1230,0.8271039724349976,라네즈
persona_2,1231,0.7914993762969971,비레디
persona_2,1232,0.7980688214302063,라네즈
persona_2,1233,0.9089574813842773,퍼즐우드
persona_2,1234,0.9109389781951904,퍼즐우드
persona_2,1235,0.9126099348068237,퍼즐우드
persona_2,1236,0.9109389781951904,퍼즐우드
persona_2,1237,0.9109389781951904,퍼즐우드
persona_2,1238,0.9104165434837341,퍼즐우드
persona_2,1239,0.9083535075187683,퍼즐우드
persona_2,1240,0.9109389781951904,퍼즐우드
persona_2,1241,0.9104165434837341,퍼즐우드
persona_2,1242,0.9104165434837341,퍼즐우드
persona_2,1243,0.9104165434837341,퍼즐우드
persona_2,1244,0.9104165434837341,퍼즐우드
persona_2,1245,0.9104165434837341,퍼즐우드
persona_2,1246,0.7973076701164246,퍼즐우드
persona_2,1247,0.9104165434837341,퍼즐우드
persona_2,1248,0.9083535075187683,퍼즐우드
persona_2,1249,0.9083535075187683,퍼즐우드
persona_2,1250,0.9083535075187683,퍼즐우드
persona_2,1251,0.9109389781951904,퍼즐우드
persona_2,1252,0.9104165434837341,퍼즐우드
persona_2,1253,0.9104165434837341,퍼즐우드
persona_2,1254,0.9126099348068237,퍼즐우드
persona_2,1255,0.9104165434837341,퍼즐우드
persona_2,1256,0.9109389781951904,퍼즐우드
persona_2,1257,0.9104165434837341,퍼즐우드
persona_2,1258,0.9083535075187683,퍼즐우드
persona_2,1259,0.9104165434837341,퍼즐우드
persona_2,1260,0.9104165434837341,퍼즐우드
persona_2,1261,0.9104165434837341,퍼즐우드
persona_2,1262,0.9104165434837341,퍼즐우드
persona_2,1263,0.9104165434837341,퍼즐우드
persona_2,1264,0.9104165434837341,퍼즐우드
persona_2,1265,0.9104165434837341,퍼즐우드
persona_2,1266,0.9083535075187683,퍼즐우드
persona_2,1267,0.7916074395179749,퍼즐우드
persona_2,1268,0.9104165434837341,퍼즐우드
persona_2,1269,0.9104165434837341,퍼즐우드
persona_2,1270,0.9109389781951904,퍼즐우드
persona_2,1271,0.9126099348068237,퍼즐우드
persona_2,1272,0.9104165434837341,퍼즐우드
persona_2,1273,0.8391849994659424,퍼즐우드
persona_2,1274,0.7979902029037476,퍼즐우드
persona_2,1275,0.9104165434837341,퍼즐우드
persona_2,1276,0.9104165434837341,퍼즐우드
persona_2,1277,0.9104165434837341,퍼즐우드
persona_2,1278,0.9104165434837341,퍼즐우드
persona_2,1279,0.9109389781951904,퍼즐우드
persona_2,1280,0.9104165434837341,퍼즐우드
persona_2,1281,0.9104165434837341,퍼즐우드
persona_2,1282,0.9109389781951904,퍼즐우드
persona_2,1283,0.9109389781951904,퍼즐우드
persona_2,1284,0.9104165434837341,퍼즐우드
persona_2,1285,0.9109389781951904,퍼즐우드
persona_2,1286,0.9109389781951904,퍼즐우드
persona_2,1287,0.9109389781951904,퍼즐우드
persona_2,1288,0.9104165434837341,퍼즐우드
persona_2,1289,0.9104165434837341,퍼즐우드
persona_2,1290,0.9104165434837341,퍼즐우드
persona_2,1291,0.9104165434837341,퍼즐우드
persona_2,1292,0.9119316339492798,퍼즐우드
persona_2,1293,0.9109389781951904,퍼즐우드
persona_2,1294,0.9109389781951904,퍼즐우드
persona_2,1295,0.9104165434837341,퍼즐우드
persona_2,1296,0.9104165434837341,퍼즐우드
persona_2,1297,0.834596574306488,퍼즐우드
persona_2,1298,0.7856086492538452,마몽드
persona_2,1299,0.7577006816864014,마몽드
persona_2,1300,0.7841086983680725,마몽드
persona_2,1301,0.8226163983345032,마몽드
persona_2,1302,0.7592948079109192,마몽드
persona_2,1303,0.7955144643783569,마몽드
persona_2,1304,0.8224306702613831,마몽드
persona_2,1305,0.7885317802429199,마몽드
persona_2,1306,0.7978666424751282,마몽드
persona_2,1307,0.8005964756011963,마몽드
persona_2,1308,0.7938293218612671,마몽드
persona_2,1309,0.7219547033309937,마몽드
persona_2,1310,0.744624137878418,마몽드
persona_2,1311,0.7885317802429199,마몽드
persona_2,1312,0.7592948079109192,마몽드
persona_2,1313,0.7892172336578369,마몽드
persona_2,1314,0.7592948079109192,마몽드
persona_2,1315,0.7829704284667969,마몽드
persona_2,1316,0.7586817741394043,마몽드
persona_2,1317,0.7955144643783569,마몽드
persona_2,1318,0.7838470935821533,마몽드
persona_2,1319,0.8226163983345032,마몽드
persona_2,1320,0.7978666424751282,마몽드
persona_2,1321,0.7822303771972656,마몽드
persona_2,1322,0.7927030920982361,마몽드
persona_2,1323,0.7955829501152039,마몽드
persona_2,1324,0.7860090136528015,마몽드
persona_2,1325,0.7925512790679932,마몽드
persona_2,1326,0.7966774702072144,마몽드
persona_2,1327,0.7978666424751282,마몽드
persona_2,1328,0.7955144643783569,마몽드
persona_2,1329,0.782945990562439,마몽드
persona_2,1330,0.823373019695282,마몽드
persona_2,1331,0.716503918170929,마몽드
persona_2,1332,0.7860090136528015,마몽드
persona_2,1333,0.8193850517272949,마몽드
persona_2,1334,0.8193850517272949,마몽드
persona_2,1335,0.7681834697723389,마몽드
persona_2,1336,0.7933589816093445,마몽드
persona_2,1337,0.8193850517272949,마몽드
persona_2,1338,0.7955663800239563,마몽드
persona_2,1339,0.7830809950828552,마몽드
persona_2,1340,0.7869455218315125,마몽드
persona_2,1341,0.8226163983345032,마몽드
persona_2,1342,0.7681834697723389,마몽드
persona_2,1343,0.740666925907135,마몽드
persona_2,1344,0.8226163983345032,마몽드
persona_2,1345,0.7678085565567017,마몽드
persona_2,1346,0.7347987294197083,마몽드
persona_2,1347,0.73338782787323,마몽드
persona_2,1348,0.8226163983345032,마몽드
persona_2,1349,0.823373019695282,마몽드
persona_2,1350,0.823373019695282,마몽드
persona_2,1351,0.8226163983345032,마몽드
persona_2,1352,0.821660578250885,마몽드
persona_2,1353,0.821660578250885,마몽드
persona_2,1354,0.821660578250885,마몽드
persona_2,1355,0.8226163983345032,마몽드
persona_2,1356,0.8226163983345032,마몽드
persona_2,1357,0.7944679260253906,마몽드
persona_2,1358,0.8226163983345032,마몽드
persona_2,1359,0.823373019695282,마몽드
persona_2,1360,0.823373019695282,마몽드
persona_2,1361,0.8226163983345032,마몽드
persona_2,1362,0.8226163983345032,마몽드
persona_2,1363,0.7955144643783569,마몽드
persona_2,1364,0.7018505334854126,오설록
persona_2,1365,0.6949487924575806,오설록
persona_2,1366,0.6874295473098755,오설록
persona_2,1367,0.6962118148803711,오설록
persona_2,1368,0.7018505334854126,오설록
persona_2,1369,0.7095819711685181,오설록
persona_2,1370,0.6962118148803711,오설록
persona_2,1371,0.6930277943611145,오설록
persona_2,1372,0.6874295473098755,오설록
persona_2,1373,0.7237337231636047,오설록
persona_2,1374,0.6962118148803711,오설록
persona_2,1375,0.7066320180892944,오설록
persona_2,1376,0.7237337231636047,오설록
persona_2,1377,0.7095819711685181,오설록
persona_2,1378,0.7209935188293457,오설록
persona_2,1379,0.6949487924575806,오설록
persona_2,1380,0.6949487924575806,오설록
persona_2,1381,0.7047984004020691,오설록
persona_2,1382,0.7237337231636047,오설록
persona_2,1383,0.7237337231636047,오설록
persona_2,1384,0.7237337231636047,오설록
persona_2,1385,0.7023680210113525,오설록
persona_2,1386,0.6949487924575806,오설록
persona_2,1387,0.6832452416419983,오설록
persona_2,1388,0.6949487924575806,오설록
persona_2,1389,0.7127542495727539,오설록
persona_2,1390,0.7127542495727539,오설록
persona_2,1391,0.6949487924575806,오설록
persona_2,1392,0.7237337231636047,오설록
persona_2,1393,0.7128580808639526,오설록
persona_2,1394,0.7237337231636047,오설록
persona_2,1395,0.7096845507621765,오설록
persona_2,1396,0.6874295473098755,오설록
persona_2,1397,0.7237337231636047,오설록
persona_2,1398,0.7047984004020691,오설록
persona_2,1399,0.6930277943611145,오설록
persona_2,1400,0.7237337231636047,오설록
persona_2,1401,0.69768226146698,오설록
persona_2,1402,0.7237337231636047,오설록
persona_2,1403,0.685954213142395,오설록
persona_2,1404,0.685954213142395,오설록
persona_2,1405,0.7237337231636047,오설록
persona_2,1406,0.7127542495727539,오설록
persona_2,1407,0.7128580808639526,오설록
persona_2,1408,0.69768226146698,오설록
persona_2,1409,0.69768226146698,오설록
persona_2,1410,0.7127542495727539,오설록
persona_2,1411,0.7237337231636047,오설록
persona_2,1412,0.6859708428382874,오설록
persona_2,1413,0.7131654620170593,오설록
persona_2,1414,0.7237337231636047,오설록
persona_2,1415,0.69768226146698,오설록
persona_2,1416,0.7237337231636047,오설록
persona_2,1417,0.6949487924575806,오설록
persona_2,1418,0.7127542495727539,오설록
persona_2,1419,0.7237337231636047,오설록
persona_2,1420,0.7127542495727539,오설록
persona_2,1421,0.7047865986824036,오설록
persona_2,1422,0.7128580808639526,오설록
persona_2,1423,0.685954213142395,오설록
persona_2,1424,0.7127542495727539,오설록
persona_2,1425,0.7066320180892944,오설록
persona_2,1426,0.7281555533409119,오설록
persona_2,1427,0.7281555533409119,오설록
persona_2,1428,0.7237337231636047,오설록
persona_2,1429,0.7237337231636047,오설록
persona_2,1430,0.6921931505203247,오설록
persona_2,1431,0.6874295473098755,오설록
persona_2,1432,0.69768226146698,오설록
persona_2,1433,0.6930277943611145,오설록
persona_2,1434,0.6764327883720398,오설록
persona_2,1435,0.6930277943611145,오설록
persona_2,1436,0.69768226146698,오설록
persona_2,1437,0.69768226146698,오설록
persona_2,1438,0.7281555533409119,오설록
persona_2,1439,0.69768226146698,오설록
persona_2,1440,0.6930277943611145,오설록
persona_2,1441,0.6930277943611145,오설록
persona_2,1442,0.69768226146698,오설록
persona_2,1443,0.69768226146698,오설록
persona_2,1444,0.7237337231636047,오설록
persona_2,1445,0.7127542495727539,오설록
persona_2,1446,0.69768226146698,오설록
persona_2,1447,0.6930277943611145,오설록
persona_2,1448,0.7127542495727539,오설록
persona_2,1449,0.69768226146698,오설록
persona_2,1450,0.7127542495727539,오설록
persona_2,1451,0.7127542495727539,오설록
persona_2,1452,0.7127542495727539,오설록
persona_2,1453,0.6930277943611145,오설록
persona_2,1454,0.708030641078949,오설록
persona_2,1455,0.69768226146698,오설록
persona_2,1456,0.69768226146698,오설록
persona_2,1457,0.6949487924575806,오설록
persona_2,1458,0.7019712328910828,오설록
persona_2,1459,0.7042874693870544,오설록
persona_2,1460,0.7387835383415222,오설록
persona_2,1461,0.7237337231636047,오설록
persona_2,1462,0.6874295473098755,오설록
persona_2,1463,0.6949487924575806,오설록
persona_2,1464,0.6949487924575806,오설록
persona_2,1465,0.6949487924575806,오설록
persona_2,1466,0.6832452416419983,오설록
persona_2,1467,0.6948433518409729,오설록
persona_2,1468,0.6832452416419983,오설록
persona_2,1469,0.7742241621017456,려
persona_2,1470,0.780339241027832,려
persona_2,1471,0.7400938868522644,려
persona_2,1472,0.7100141644477844,려
persona_2,1473,0.7829335331916809,려
persona_2,1474,0.7330323457717896,려
persona_2,1475,0.7891807556152344,려
persona_2,1476,0.7668579816818237,려
persona_2,1477,0.7829335331916809,려
persona_2,1478,0.7924274802207947,려
persona_2,1479,0.770567774772644,려
persona_2,1480,0.7829335331916809,려
persona_2,1481,0.7950748801231384,려
persona_2,1482,0.8048202991485596,려
persona_2,1483,0.7821683883666992,려
persona_2,1484,0.7892739176750183,려
persona_2,1485,0.7862585186958313,려
persona_2,1486,0.7822734713554382,려
persona_2,1487,0.8160114288330078,려
persona_2,1488,0.8167715668678284,려
persona_2,1489,0.8160114288330078,려
persona_2,1490,0.8167715668678284,려
persona_2,1491,0.7922736406326294,려
persona_2,1492,0.8160114288330078,려
persona_2,1493,0.8160114288330078,려
persona_2,1494,0.7870685458183289,려
persona_2,1495,0.8167715668678284,려
persona_2,1496,0.8167715668678284,려
persona_2,1497,0.8167715668678284,려
persona_2,1498,0.8167715668678284,려
persona_2,1499,0.8167715668678284,려
persona_2,1500,0.8167715668678284,려
persona_2,1501,0.7364255785942078,려
persona_2,1502,0.8099814653396606,설화수
persona_2,1503,0.7716934084892273,설화수
persona_2,1504,0.8099814653396606,설화수
persona_2,1505,0.7695063948631287,설화수
persona_2,1506,0.7716934084892273,설화수
persona_2,1507,0.810479462146759,설화수
persona_2,1508,0.7695063948631287,설화수
persona_2,1509,0.8099814653396606,설화수
persona_2,1510,0.7704254388809204,설화수
persona_2,1511,0.6716361045837402,설화수
persona_2,1512,0.7434059381484985,설화수
persona_2,1513,0.8099814653396606,설화수
persona_2,1514,0.7744450569152832,설화수
persona_2,1515,0.7863469123840332,설화수
persona_2,1516,0.7643263936042786,설화수
persona_2,1517,0.7482621669769287,설화수
persona_2,1518,0.7060989141464233,설화수
persona_2,1519,0.7817129492759705,설화수
persona_2,1520,0.7643263936042786,설화수
persona_2,1521,0.7033217549324036,설화수
persona_2,1522,0.8099814653396606,설화수
persona_2,1523,0.7695063948631287,설화수
persona_2,1524,0.8099814653396606,설화수
persona_2,1525,0.7257975935935974,설화수
persona_2,1526,0.7863469123840332,설화수
persona_2,1527,0.810479462146759,설화수
persona_2,1528,0.810479462146759,설화수
persona_2,1529,0.7863469123840332,설화수
persona_2,1530,0.7825084924697876,설화수
persona_2,1531,0.7819924354553223,설화수
persona_2,1532,0.7404711246490479,설화수
persona_2,1533,0.7786489725112915,설화수
persona_2,1534,0.7423374056816101,설화수
persona_2,1535,0.7312612533569336,설화수
persona_2,1536,0.8099814653396606,설화수
persona_2,1537,0.7757534980773926,설화수
persona_2,1538,0.7643263936042786,설화수
persona_2,1539,0.7725380659103394,설화수
persona_2,1540,0.8099814653396606,설화수
persona_2,1541,0.7549329400062561,설화수
persona_2,1542,0.7368800044059753,설화수
persona_2,1543,0.7863469123840332,설화수
persona_2,1544,0.7328746914863586,설화수
persona_2,1545,0.7650690674781799,설화수
persona_2,1546,0.7786489725112915,설화수
persona_2,1547,0.7817129492759705,설화수
persona_2,1548,0.7353180646896362,설화수
persona_2,1549,0.7404711246490479,설화수
persona_2,1550,0.6716361045837402,설화수
persona_2,1551,0.7786489725112915,설화수
persona_2,1552,0.7803869843482971,설화수
persona_2,1553,0.7424730062484741,설화수
persona_2,1554,0.8099814653396606,설화수
persona_2,1555,0.7745184898376465,설화수
persona_2,1556,0.7745184898376465,설화수
persona_2,1557,0.7725380659103394,설화수
persona_2,1558,0.7764720916748047,설화수
persona_2,1559,0.7757534980773926,설화수
persona_2,1560,0.7809346318244934,설화수
persona_2,1561,0.7817129492759705,설화수
persona_2,1562,0.7786489725112915,설화수
persona_2,1563,0.7757534980773926,설화수
persona_2,1564,0.7825084924697876,설화수
persona_2,1565,0.7803869843482971,설화수
persona_2,1566,0.7328746914863586,설화수
persona_2,1567,0.782498300075531,설화수
persona_2,1568,0.7764714360237122,설화수
persona_2,1569,0.7719959616661072,설화수
persona_2,1570,0.7719959616661072,설화수
persona_2,1571,0.774571418762207,설화수
persona_2,1572,0.7528127431869507,설화수
persona_2,1573,0.7794705629348755,설화수
persona_2,1574,0.7680802941322327,설화수
persona_2,1575,0.7053651809692383,설화수
persona_2,1576,0.7791834473609924,설화수
persona_2,1577,0.7824981808662415,설화수
persona_2,1578,0.7745185494422913,설화수
persona_2,1579,0.7745185494422913,설화수
persona_2,1580,0.7763928771018982,설화수
persona_3,0,0.8122009038925171,메이크온
persona_3,1,0.8122009038925171,메이크온
persona_3,2,0.8131546378135681,메이크온
persona_3,3,0.8131546378135681,메이크온
persona_3,4,0.8131546378135681,메이크온
persona_3,5,0.8131546378135681,메이크온
persona_3,6,0.8117029070854187,메이크온
persona_3,7,0.6730128526687622,메이크온
persona_3,8,0.8122009038925171,메이크온
persona_3,9,0.769054114818573,에뛰드
persona_3,10,0.7370074391365051,에뛰드
persona_3,11,0.8147859573364258,에뛰드
persona_3,12,0.8147859573364258,에뛰드
persona_3,13,0.8147859573364258,에뛰드
persona_3,14,0.8146224021911621,에뛰드
persona_3,15,0.7624964118003845,에뛰드
persona_3,16,0.7826144099235535,에뛰드
persona_3,17,0.7410375475883484,에뛰드
persona_3,18,0.7069695591926575,에뛰드
persona_3,19,0.8138330578804016,에뛰드
persona_3,20,0.7568415403366089,에뛰드
persona_3,21,0.7366464138031006,에뛰드
persona_3,22,0.8147859573364258,에뛰드
persona_3,23,0.8138330578804016,에뛰드
persona_3,24,0.7636565566062927,에뛰드
persona_3,25,0.74686598777771,에뛰드
persona_3,26,0.7401983141899109,에뛰드
persona_3,27,0.7230348587036133,에뛰드
persona_3,28,0.7469517588615417,에뛰드
persona_3,29,0.7587563991546631,에뛰드
persona_3,30,0.7440214157104492,에뛰드
persona_3,31,0.7309637665748596,에뛰드
persona_3,32,0.7806049585342407,에뛰드
persona_3,33,0.7630853056907654,에뛰드
persona_3,34,0.6916019320487976,에뛰드
persona_3,35,0.8155475854873657,에뛰드
persona_3,36,0.7180359363555908,에뛰드
persona_3,37,0.7306771874427795,에뛰드
persona_3,38,0.7660548686981201,에뛰드
persona_3,39,0.8146224021911621,에뛰드
persona_3,40,0.7255141735076904,에뛰드
persona_3,41,0.7837623357772827,에뛰드
persona_3,42,0.8155475854873657,에뛰드
persona_3,43,0.8146224021911621,에뛰드
persona_3,44,0.8133335709571838,에뛰드
persona_3,45,0.7824046015739441,에뛰드
persona_3,46,0.8138330578804016,에뛰드
persona_3,47,0.7567896842956543,에뛰드
persona_3,48,0.7750927209854126,에뛰드
persona_3,49,0.7398024797439575,에뛰드
persona_3,50,0.8138330578804016,에뛰드
persona_3,51,0.7494406700134277,에뛰드
persona_3,52,0.7068490982055664,에뛰드
persona_3,53,0.7675271034240723,에뛰드
persona_3,54,0.7487034797668457,에뛰드
persona_3,55,0.7400498390197754,에뛰드
persona_3,56,0.7368072867393494,에뛰드
persona_3,57,0.7839399576187134,에뛰드
persona_3,58,0.7492032647132874,에뛰드
persona_3,59,0.7826144099235535,에뛰드
persona_3,60,0.7259553074836731,에뛰드
persona_3,61,0.7106856107711792,에뛰드
persona_3,62,0.8138330578804016,에뛰드
persona_3,63,0.7198623418807983,에뛰드
persona_3,64,0.8147859573364258,에뛰드
persona_3,65,0.7308904528617859,에뛰드
persona_3,66,0.7851960062980652,에뛰드
persona_3,67,0.7217838168144226,에뛰드
persona_3,68,0.742037832736969,에뛰드
persona_3,69,0.8133335709571838,에뛰드
persona_3,70,0.7778701782226562,에뛰드
persona_3,71,0.7690399885177612,에뛰드
persona_3,72,0.8138330578804016,에뛰드
persona_3,73,0.7839399576187134,에뛰드
persona_3,74,0.7281861305236816,에뛰드
persona_3,75,0.7392724752426147,에뛰드
persona_3,76,0.7515209913253784,에뛰드
persona_3,77,0.7320201396942139,에뛰드
persona_3,78,0.8133335709571838,에뛰드
persona_3,79,0.8133335709571838,에뛰드
persona_3,80,0.7540754079818726,에뛰드
persona_3,81,0.8138330578804016,에뛰드
persona_3,82,0.7514227032661438,에뛰드
persona_3,83,0.7521715760231018,에뛰드
persona_3,84,0.8133335709571838,에뛰드
persona_3,85,0.777915358543396,에뛰드
persona_3,86,0.776574432849884,에뛰드
persona_3,87,0.8147859573364258,에뛰드
persona_3,88,0.7464996576309204,에뛰드
persona_3,89,0.7587563991546631,에뛰드
persona_3,90,0.7058989405632019,에뛰드
persona_3,91,0.7880169153213501,에뛰드
persona_3,92,0.8138330578804016,에뛰드
persona_3,93,0.7421019077301025,에뛰드
persona_3,94,0.7095335125923157,에뛰드
persona_3,95,0.8036261796951294,에뛰드
persona_3,96,0.7628616690635681,에뛰드
persona_3,97,0.7842274904251099,에뛰드
persona_3,98,0.7517682313919067,에뛰드
persona_3,99,0.8147859573364258,에뛰드
persona_3,100,0.7448292970657349,에뛰드
persona_3,101,0.8133335709571838,에뛰드
persona_3,102,0.7750616669654846,에뛰드
persona_3,103,0.7755457758903503,에뛰드
persona_3,104,0.8147859573364258,에뛰드
persona_3,105,0.7842274904251099,에뛰드
persona_3,106,0.7063288688659668,에뛰드
persona_3,107,0.8133335709571838,에뛰드
persona_3,108,0.8147859573364258,에뛰드
persona_3,109,0.7275635600090027,에뛰드
persona_3,110,0.7430471181869507,에뛰드
persona_3,111,0.7514227032661438,에뛰드
persona_3,112,0.8155475854873657,에뛰드
persona_3,113,0.7504220604896545,에뛰드
persona_3,114,0.8147859573364258,에뛰드
persona_3,115,0.8133335709571838,에뛰드
persona_3,116,0.8138330578804016,에뛰드
persona_3,117,0.8147859573364258,에뛰드
persona_3,118,0.8138330578804016,에뛰드
persona_3,119,0.7634640336036682,에뛰드
persona_3,120,0.7787551879882812,에뛰드
persona_3,121,0.7074287533760071,에뛰드
persona_3,122,0.8155475854873657,에뛰드
persona_3,123,0.7839399576187134,에뛰드
persona_3,124,0.8155475854873657,에뛰드
persona_3,125,0.8138330578804016,에뛰드
persona_3,126,0.7746222615242004,에뛰드
persona_3,127,0.7837623357772827,에뛰드
persona_3,128,0.8125677704811096,에뛰드
persona_3,129,0.7368072867393494,에뛰드
persona_3,130,0.7447103261947632,에뛰드
persona_3,131,0.8138330578804016,에뛰드
persona_3,132,0.7063288688659668,에뛰드
persona_3,133,0.8133335709571838,에뛰드
persona_3,134,0.8138330578804016,에뛰드
persona_3,135,0.8133335709571838,에뛰드
persona_3,136,0.8133335709571838,에뛰드
persona_3,137,0.8133335709571838,에뛰드
persona_3,138,0.8138330578804016,에뛰드
persona_3,139,0.8155475854873657,에뛰드
persona_3,140,0.8147859573364258,에뛰드
persona_3,141,0.8133335709571838,에뛰드
persona_3,142,0.7696976065635681,에뛰드
persona_3,143,0.7672653198242188,에뛰드
persona_3,144,0.7382976412773132,에뛰드
persona_3,145,0.7568415403366089,에뛰드
persona_3,146,0.7517682313919067,에뛰드
persona_3,147,0.7077741622924805,에뛰드
persona_3,148,0.7662768363952637,에뛰드
persona_3,149,0.7196028828620911,에뛰드
persona_3,150,0.7281861305236816,에뛰드
persona_3,151,0.7816880345344543,에뛰드
persona_3,152,0.7725032567977905,에스트라
persona_3,153,0.7697982788085938,에스트라
persona_3,154,0.7643849849700928,에스트라
persona_3,155,0.7772032022476196,에스트라
persona_3,156,0.7793933153152466,에스트라
persona_3,157,0.7785225510597229,에스트라
persona_3,158,0.7745048999786377,에스트라
persona_3,159,0.7745048999786377,에스트라
persona_3,160,0.7369940876960754,에스트라
persona_3,161,0.7792439460754395,에스트라
persona_3,162,0.7417455911636353,에스트라
persona_3,163,0.7587819695472717,에스트라
persona_3,164,0.752277672290802,에스트라
persona_3,165,0.7472878694534302,에스트라
persona_3,166,0.725184440612793,에스트라
persona_3,167,0.7363209128379822,에스트라
persona_3,168,0.7871154546737671,에스트라
persona_3,169,0.7590112090110779,에스트라
persona_3,170,0.7792439460754395,에스트라
persona_3,171,0.7449238896369934,에스트라
persona_3,172,0.7805888056755066,에스트라
persona_3,173,0.7578842043876648,에스트라
persona_3,174,0.7820514440536499,에스트라
persona_3,175,0.7783781886100769,에스트라
persona_3,176,0.7402458190917969,에스트라
persona_3,177,0.7803605198860168,에스트라
persona_3,178,0.7744222283363342,에스트라
persona_3,179,0.7693265080451965,에스트라
persona_3,180,0.7606812119483948,에스트라
persona_3,181,0.7373661398887634,에스트라
persona_3,182,0.7744222283363342,에스트라
persona_3,183,0.7747909426689148,에스트라
persona_3,184,0.7721875309944153,에스트라
persona_3,185,0.7693964242935181,에스트라
persona_3,186,0.7381836175918579,에스트라
persona_3,187,0.7485014200210571,에스트라
persona_3,188,0.8073258996009827,에스트라
persona_3,189,0.7324357628822327,에스트라
persona_3,190,0.7503150701522827,에스트라
persona_3,191,0.6931503415107727,에스트라
persona_3,192,0.7861321568489075,에스트라
persona_3,193,0.756614625453949,에스트라
persona_3,194,0.7800081968307495,에스트라
persona_3,195,0.7811171412467957,에스트라
persona_3,196,0.8105414509773254,에스트라
persona_3,197,0.7749588489532471,에스트라
persona_3,198,0.8105414509773254,에스트라
persona_3,199,0.8092944622039795,에스트라
persona_3,200,0.8113373517990112,에스트라
persona_3,201,0.7785225510597229,에스트라
persona_3,202,0.8092944622039795,에스트라
persona_3,203,0.8105414509773254,에스트라
persona_3,204,0.810043454170227,에스트라
persona_3,205,0.8114926218986511,에스트라
persona_3,206,0.7630184888839722,
persona_3,207,0.7630184888839722,
persona_3,208,0.7630184888839722,
persona_3,209,0.7700003981590271,
persona_3,210,0.7660768032073975,
persona_3,211,0.7684875726699829,
persona_3,212,0.7684875726699829,
persona_3,213,0.7684875726699829,
persona_3,214,0.7660768032073975,
persona_3,215,0.7715238332748413,
persona_3,216,0.7596855759620667,
persona_3,217,0.7708398699760437,
persona_3,218,0.7596855759620667,
persona_3,219,0.7684875726699829,
persona_3,220,0.7700003981590271,
persona_3,221,0.7684875726699829,
persona_3,222,0.7630184888839722,
persona_3,223,0.7630184888839722,
persona_3,224,0.7660768032073975,
persona_3,225,0.7630184888839722,
persona_3,226,0.7630184888839722,
persona_3,227,0.7674612402915955,라보에이치
persona_3,228,0.7838718295097351,라보에이치
persona_3,229,0.7932847142219543,라보에이치
persona_3,230,0.7780953049659729,라보에이치
persona_3,231,0.7932847142219543,라보에이치
persona_3,232,0.7702298760414124,라보에이치
persona_3,233,0.8205877542495728,라보에이치
persona_3,234,0.8098661303520203,라보에이치
persona_3,235,0.7668531537055969,라보에이치
persona_3,236,0.7959674596786499,라보에이치
persona_3,237,0.7914287447929382,라보에이치
persona_3,238,0.7811867594718933,라보에이치
persona_3,239,0.7811447381973267,라보에이치
persona_3,240,0.7914287447929382,라보에이치
persona_3,241,0.7712119221687317,라보에이치
persona_3,242,0.7932847142219543,라보에이치
persona_3,243,0.7932847142219543,라보에이치
persona_3,244,0.7160430550575256,라보에이치
persona_3,245,0.8205877542495728,라보에이치
persona_3,246,0.8205877542495728,라보에이치
persona_3,247,0.8196309804916382,라보에이치
persona_3,248,0.7493733763694763,라보에이치
persona_3,249,0.8205877542495728,라보에이치
persona_3,250,0.821345865726471,라보에이치
persona_3,251,0.821345865726471,라보에이치
persona_3,252,0.821345865726471,라보에이치
persona_3,253,0.8205877542495728,라보에이치
persona_3,254,0.8205877542495728,라보에이치
persona_3,255,0.8272933959960938,롱테이크
persona_3,256,0.792116105556488,롱테이크
persona_3,257,0.7895361185073853,롱테이크
persona_3,258,0.8272933959960938,롱테이크
persona_3,259,0.7899883389472961,롱테이크
persona_3,260,0.7860339283943176,롱테이크
persona_3,261,0.7895361185073853,롱테이크
persona_3,262,0.793610692024231,롱테이크
persona_3,263,0.7895112633705139,롱테이크
persona_3,264,0.7895112633705139,롱테이크
persona_3,265,0.8255792856216431,롱테이크
persona_3,266,0.7548523545265198,롱테이크
persona_3,267,0.8265398740768433,롱테이크
persona_3,268,0.8265398740768433,롱테이크
persona_3,269,0.8255792856216431,롱테이크
persona_3,270,0.8255792856216431,롱테이크
persona_3,271,0.8255792856216431,롱테이크
persona_3,272,0.8255792856216431,롱테이크
persona_3,273,0.7935948371887207,롱테이크
persona_3,274,0.8045912981033325,에스쁘아
persona_3,275,0.7510913014411926,에스쁘아
persona_3,276,0.7828144431114197,에스쁘아
persona_3,277,0.7489029765129089,에스쁘아
persona_3,278,0.7308576107025146,에스쁘아
persona_3,279,0.834724485874176,에스쁘아
persona_3,280,0.7678923010826111,에스쁘아
persona_3,281,0.7790418267250061,에스쁘아
persona_3,282,0.7353609800338745,에스쁘아
persona_3,283,0.750590443611145,에스쁘아
persona_3,284,0.7475020289421082,에스쁘아
persona_3,285,0.834724485874176,에스쁘아
persona_3,286,0.8045912981033325,에스쁘아
persona_3,287,0.7527437806129456,에스쁘아
persona_3,288,0.8021288514137268,에스쁘아
persona_3,289,0.8045912981033325,에스쁘아
persona_3,290,0.7510913014411926,에스쁘아
persona_3,291,0.8337621688842773,에스쁘아
persona_3,292,0.834724485874176,에스쁘아
persona_3,293,0.834724485874176,에스쁘아
persona_3,294,0.8332565426826477,에스쁘아
persona_3,295,0.8054125905036926,에스쁘아
persona_3,296,0.8337621688842773,에스쁘아
persona_3,297,0.8337621688842773,에스쁘아
persona_3,298,0.8045912981033325,에스쁘아
persona_3,299,0.725398600101471,에스쁘아
persona_3,300,0.7498091459274292,에스쁘아
persona_3,301,0.8332565426826477,에스쁘아
persona_3,302,0.8054125905036926,에스쁘아
persona_3,303,0.800065815448761,에스쁘아
persona_3,304,0.778565526008606,에스쁘아
persona_3,305,0.8332565426826477,에스쁘아
persona_3,306,0.8021288514137268,에스쁘아
persona_3,307,0.7308576107025146,에스쁘아
persona_3,308,0.7475020289421082,에스쁘아
persona_3,309,0.7317836284637451,에스쁘아
persona_3,310,0.8332565426826477,에스쁘아
persona_3,311,0.8314467072486877,에스쁘아
persona_3,312,0.8337621688842773,에스쁘아
persona_3,313,0.8047618865966797,에스쁘아
persona_3,314,0.7831361293792725,에스쁘아
persona_3,315,0.7279590964317322,에스쁘아
persona_3,316,0.7479985952377319,에스쁘아
persona_3,317,0.8337621688842773,에스쁘아
persona_3,318,0.7693630456924438,에스쁘아
persona_3,319,0.8045912981033325,에스쁘아
persona_3,320,0.8332565426826477,에스쁘아
persona_3,321,0.800030529499054,에스쁘아
persona_3,322,0.8214962482452393,에스쁘아
persona_3,323,0.8061645030975342,에스쁘아
persona_3,324,0.834724485874176,에스쁘아
persona_3,325,0.7693630456924438,에스쁘아
persona_3,326,0.7475020289421082,에스쁘아
persona_3,327,0.7311581373214722,에스쁘아
persona_3,328,0.7394259572029114,에스쁘아
persona_3,329,0.7456393837928772,에스쁘아
persona_3,330,0.7306086421012878,에스쁘아
persona_3,331,0.8037859201431274,에스쁘아
persona_3,332,0.7525906562805176,에스쁘아
persona_3,333,0.8337621688842773,에스쁘아
persona_3,334,0.8337621688842773,에스쁘아
persona_3,335,0.7641709446907043,에스쁘아
persona_3,336,0.7462552785873413,에스쁘아
persona_3,337,0.8037859201431274,에스쁘아
persona_3,338,0.8115190863609314,에스쁘아
persona_3,339,0.834724485874176,에스쁘아
persona_3,340,0.8021288514137268,에스쁘아
persona_3,341,0.8021288514137268,에스쁘아
persona_3,342,0.8021288514137268,에스쁘아
persona_3,343,0.8021288514137268,에스쁘아
persona_3,344,0.8021288514137268,에스쁘아
persona_3,345,0.834724485874176,에스쁘아
persona_3,346,0.8337621688842773,에스쁘아
persona_3,347,0.8354722261428833,에스쁘아
persona_3,348,0.8140553832054138,아모레성수
persona_3,349,0.7847042679786682,아모레성수
persona_3,350,0.8726233243942261,아모레성수
persona_3,351,0.7818417549133301,아모레성수
persona_3,352,0.7828928232192993,아모레성수
persona_3,353,0.7882322072982788,아모레성수
persona_3,354,0.7996963858604431,아모레성수
persona_3,355,0.796825110912323,아모레성수
persona_3,356,0.8173593878746033,아모레성수
persona_3,357,0.8213640451431274,아모레성수
persona_3,358,0.7530973553657532,아모레성수
persona_3,359,0.772871196269989,아모레성수
persona_3,360,0.8077278137207031,아모레성수
persona_3,361,0.811620831489563,아모레성수
persona_3,362,0.8056221604347229,아모레성수
persona_3,363,0.8179246187210083,아모레성수
persona_3,364,0.7380771636962891,미쟝센
persona_3,365,0.780245840549469,미쟝센
persona_3,366,0.7271624207496643,미쟝센
persona_3,367,0.7420068979263306,미쟝센
persona_3,368,0.7398403286933899,미쟝센
persona_3,369,0.7721349000930786,미쟝센
persona_3,370,0.7907606363296509,미쟝센
persona_3,371,0.7566628456115723,미쟝센
persona_3,372,0.7725387811660767,미쟝센
persona_3,373,0.7864133715629578,미쟝센
persona_3,374,0.7998018860816956,미쟝센
persona_3,375,0.7865868806838989,미쟝센
persona_3,376,0.7691177725791931,미쟝센
persona_3,377,0.7522717118263245,미쟝센
persona_3,378,0.7886085510253906,미쟝센
persona_3,379,0.7627505660057068,미쟝센
persona_3,380,0.7566628456115723,미쟝센
persona_3,381,0.7793552875518799,미쟝센
persona_3,382,0.7627505660057068,미쟝센
persona_3,383,0.7788364291191101,미쟝센
persona_3,384,0.7838416695594788,미쟝센
persona_3,385,0.8196671605110168,미쟝센
persona_3,386,0.8196671605110168,미쟝센
persona_3,387,0.7376344203948975,미쟝센
persona_3,388,0.8187102675437927,미쟝센
persona_3,389,0.7712013125419617,미쟝센
persona_3,390,0.7566628456115723,미쟝센
persona_3,391,0.7566628456115723,미쟝센
persona_3,392,0.7566628456115723,미쟝센
persona_3,393,0.7709536552429199,미쟝센
persona_3,394,0.8196671605110168,미쟝센
persona_3,395,0.7164592146873474,미쟝센
persona_3,396,0.7601318955421448,미쟝센
persona_3,397,0.8196671605110168,미쟝센
persona_3,398,0.8196671605110168,미쟝센
persona_3,399,0.7906326651573181,미쟝센
persona_3,400,0.7522717118263245,미쟝센
persona_3,401,0.770442008972168,미쟝센
persona_3,402,0.7545232176780701,미쟝센
persona_3,403,0.7884973883628845,미쟝센
persona_3,404,0.7924548983573914,미쟝센
persona_3,405,0.7682594656944275,미쟝센
persona_3,406,0.7566628456115723,미쟝센
persona_3,407,0.7158910632133484,미쟝센
persona_3,408,0.7222037315368652,미쟝센
persona_3,409,0.8187102675437927,미쟝센
persona_3,410,0.8196671605110168,미쟝센
persona_3,411,0.8187102675437927,미쟝센
persona_3,412,0.8196671605110168,미쟝센
persona_3,413,0.8196671605110168,미쟝센
persona_3,414,0.8196671605110168,미쟝센
persona_3,415,0.8204241394996643,미쟝센
persona_3,416,0.7320072054862976,미쟝센
persona_3,417,0.8204241394996643,미쟝센
persona_3,418,0.8196671605110168,미쟝센
persona_3,419,0.8204241394996643,미쟝센
persona_3,420,0.8204241394996643,미쟝센
persona_3,421,0.8196671605110168,미쟝센
persona_3,422,0.7566628456115723,미쟝센
persona_3,423,0.8270271420478821,아모레퍼시픽
persona_3,424,0.8805249333381653,아모레퍼시픽
persona_3,425,0.878563642501831,아모레퍼시픽
persona_3,426,0.8700948357582092,아모레퍼시픽
persona_3,427,0.7530973553657532,아모레퍼시픽
persona_3,428,0.8747748136520386,아모레퍼시픽
persona_3,429,0.878563642501831,아모레퍼시픽
persona_3,430,0.9119316339492798,아모레베이직
persona_3,431,0.9109389781951904,아모레베이직
persona_3,432,0.8805985450744629,아모레베이직
persona_3,433,0.9126099348068237,아모레베이직
persona_3,434,0.8195044994354248,아모레베이직
persona_3,435,0.7907233834266663,아모레베이직
persona_3,436,0.9126099348068237,아모레베이직
persona_3,437,0.9126099348068237,아모레베이직
persona_3,438,0.9109389781951904,아모레베이직
persona_3,439,0.9089574813842773,아모레베이직
persona_3,440,0.9066387414932251,아모레베이직
persona_3,441,0.9126099348068237,아모레베이직
persona_3,442,0.9126099348068237,아모레베이직
persona_3,443,0.8314540386199951,아모레베이직
persona_3,444,0.8120415806770325,한율
persona_3,445,0.7749238014221191,한율
persona_3,446,0.8129938840866089,한율
persona_3,447,0.779469907283783,한율
persona_3,448,0.8129938840866089,한율
persona_3,449,0.74800705909729,한율
persona_3,450,0.7835219502449036,한율
persona_3,451,0.8129938840866089,한율
persona_3,452,0.8137556314468384,한율
persona_3,453,0.8129938840866089,한율
persona_3,454,0.8120415806770325,한율
persona_3,455,0.7820712327957153,한율
persona_3,456,0.8137556314468384,한율
persona_3,457,0.74800705909729,한율
persona_3,458,0.779469907283783,한율
persona_3,459,0.7761185169219971,한율
persona_3,460,0.8137556314468384,한율
persona_3,461,0.7862980961799622,한율
persona_3,462,0.8129938840866089,한율
persona_3,463,0.8137556314468384,한율
persona_3,464,0.7656236886978149,한율
persona_3,465,0.8137556314468384,한율
persona_3,466,0.779469907283783,한율
persona_3,467,0.8129938840866089,한율
persona_3,468,0.7814440131187439,한율
persona_3,469,0.74800705909729,한율
persona_3,470,0.7966008186340332,한율
persona_3,471,0.8129938840866089,한율
persona_3,472,0.8137556314468384,한율
persona_3,473,0.7715349197387695,한율
persona_3,474,0.7885949611663818,한율
persona_3,475,0.7780075669288635,한율
persona_3,476,0.7449066042900085,한율
persona_3,477,0.8137556314468384,한율
persona_3,478,0.8137556314468384,한율
persona_3,479,0.8129938840866089,한율
persona_3,480,0.8137556314468384,한율
persona_3,481,0.7867702841758728,한율
persona_3,482,0.7807216048240662,한율
persona_3,483,0.7800032496452332,한율
persona_3,484,0.7689356207847595,한율
persona_3,485,0.7801765203475952,한율
persona_3,486,0.7715349197387695,한율
persona_3,487,0.7449066042900085,한율
persona_3,488,0.7835219502449036,한율
persona_3,489,0.8129938840866089,한율
persona_3,490,0.7710216641426086,한율
persona_3,491,0.8120415806770325,한율
persona_3,492,0.8129938840866089,한율
persona_3,493,0.8137556314468384,한율
persona_3,494,0.8129938840866089,한율
persona_3,495,0.8137556314468384,한율
persona_3,496,0.8137556314468384,한율
persona_3,497,0.8137556314468384,한율
persona_3,498,0.8129938840866089,한율
persona_3,499,0.7339522838592529,해피바스
persona_3,500,0.7298972606658936,해피바스
persona_3,501,0.7667588591575623,해피바스
persona_3,502,0.7505256533622742,해피바스
persona_3,503,0.8000233769416809,해피바스
persona_3,504,0.771844744682312,해피바스
persona_3,505,0.797650933265686,해피바스
persona_3,506,0.824817955493927,해피바스
persona_3,507,0.7453861236572266,해피바스
persona_3,508,0.7962387800216675,해피바스
persona_3,509,0.7751447558403015,해피바스
persona_3,510,0.7207808494567871,해피바스
persona_3,511,0.7298689484596252,해피바스
persona_3,512,0.771844744682312,해피바스
persona_3,513,0.7344589829444885,해피바스
persona_3,514,0.7489302158355713,해피바스
persona_3,515,0.797650933265686,해피바스
persona_3,516,0.7298689484596252,해피바스
persona_3,517,0.7624449133872986,해피바스
persona_3,518,0.7596673965454102,해피바스
persona_3,519,0.8000233769416809,해피바스
persona_3,520,0.7298972606658936,해피바스
persona_3,521,0.8238592147827148,해피바스
persona_3,522,0.7298689484596252,해피바스
persona_3,523,0.8255724906921387,해피바스
persona_3,524,0.7596673965454102,해피바스
persona_3,525,0.7317981719970703,해피바스
persona_3,526,0.7298689484596252,해피바스
persona_3,527,0.7315660119056702,해피바스
persona_3,528,0.8255724906921387,해피바스
persona_3,529,0.7541447877883911,해피바스
persona_3,530,0.7478146553039551,해피바스
persona_3,531,0.7489302158355713,해피바스
persona_3,532,0.8255724906921387,해피바스
persona_3,533,0.757384181022644,해피바스
persona_3,534,0.771844744682312,해피바스
persona_3,535,0.7706066966056824,해피바스
persona_3,536,0.8255724906921387,해피바스
persona_3,537,0.8255724906921387,해피바스
persona_3,538,0.7596673965454102,해피바스
persona_3,539,0.7947409749031067,해피바스
persona_3,540,0.8255724906921387,해피바스
persona_3,541,0.7506829500198364,해피바스
persona_3,542,0.8255724906921387,해피바스
persona_3,543,0.8255724906921387,해피바스
persona_3,544,0.7947617173194885,해피바스
persona_3,545,0.7807183265686035,해피바스
persona_3,546,0.7596673965454102,해피바스
persona_3,547,0.7492703199386597,해피바스
persona_3,548,0.7611130475997925,해피바스
persona_3,549,0.7890724539756775,해피바스
persona_3,550,0.7890724539756775,해피바스
persona_3,551,0.9126099348068237,온호프
persona_3,552,0.81971675157547,홀리추얼
persona_3,553,0.7714211344718933,홀리추얼
persona_3,554,0.81971675157547,홀리추얼
persona_3,555,0.7803533673286438,홀리추얼
persona_3,556,0.7824001908302307,홀리추얼
persona_3,557,0.7877936363220215,홀리추얼
persona_3,558,0.7879120111465454,홀리추얼
persona_3,559,0.7835845351219177,홀리추얼
persona_3,560,0.7880240082740784,홀리추얼
persona_3,561,0.779710054397583,홀리추얼
persona_3,562,0.8167129755020142,홀리추얼
persona_3,563,0.8167129755020142,홀리추얼
persona_3,564,0.8187833428382874,홀리추얼
persona_3,565,0.7694345712661743,홀리추얼
persona_3,566,0.7892345190048218,홀리추얼
persona_3,567,0.8073151111602783,홀리추얼
persona_3,568,0.8187833428382874,홀리추얼
persona_3,569,0.81971675157547,홀리추얼
persona_3,570,0.8189589977264404,홀리추얼
persona_3,571,0.8189589977264404,홀리추얼
persona_3,572,0.754414975643158,홀리추얼
persona_3,573,0.8412207961082458,
persona_3,574,0.825461745262146,
persona_3,575,0.7819329500198364,
persona_3,576,0.7725971341133118,오딧세이
persona_3,577,0.7756847739219666,오딧세이
persona_3,578,0.8148537874221802,오딧세이
persona_3,579,0.7756847739219666,오딧세이
persona_3,580,0.8138999342918396,오딧세이
persona_3,581,0.7725971341133118,오딧세이
persona_3,582,0.8138999342918396,오딧세이
persona_3,583,0.8148537874221802,오딧세이
persona_3,584,0.8148537874221802,오딧세이
persona_3,585,0.8156141638755798,오딧세이
persona_3,586,0.8153349757194519,프리메라
persona_3,587,0.7841923832893372,프리메라
persona_3,588,0.7543678879737854,프리메라
persona_3,589,0.7823711037635803,프리메라
persona_3,590,0.8153349757194519,프리메라
persona_3,591,0.7846854329109192,프리메라
persona_3,592,0.7624961137771606,프리메라
persona_3,593,0.8043224215507507,프리메라
persona_3,594,0.7317219972610474,프리메라
persona_3,595,0.7113180160522461,프리메라
persona_3,596,0.7861084342002869,프리메라
persona_3,597,0.7561743259429932,프리메라
persona_3,598,0.7384819388389587,프리메라
persona_3,599,0.7737494111061096,프리메라
persona_3,600,0.8162617087364197,프리메라
persona_3,601,0.8153349757194519,프리메라
persona_3,602,0.7842200994491577,프리메라
persona_3,603,0.7859312295913696,프리메라
persona_3,604,0.7757331132888794,프리메라
persona_3,605,0.7844478487968445,프리메라
persona_3,606,0.7859312295913696,프리메라
persona_3,607,0.7602332830429077,프리메라
persona_3,608,0.7112865447998047,프리메라
persona_3,609,0.7849340438842773,프리메라
persona_3,610,0.8145483136177063,프리메라
persona_3,611,0.7846152186393738,프리메라
persona_3,612,0.777190625667572,프리메라
persona_3,613,0.7879626750946045,프리메라
persona_3,614,0.7407094240188599,프리메라
persona_3,615,0.781098484992981,프리메라
persona_3,616,0.777190625667572,프리메라
persona_3,617,0.7815738320350647,프리메라
persona_3,618,0.7854735255241394,프리메라
persona_3,619,0.7886986136436462,프리메라
persona_3,620,0.7846152186393738,프리메라
persona_3,621,0.7521065473556519,프리메라
persona_3,622,0.7804349660873413,프리메라
persona_3,623,0.8048988580703735,프리메라
persona_3,624,0.7780019640922546,프리메라
persona_3,625,0.8132767081260681,프리메라
persona_3,626,0.7886986136436462,프리메라
persona_3,627,0.7848875522613525,프리메라
persona_3,628,0.7787632346153259,프리메라
persona_3,629,0.7497091889381409,프리메라
persona_3,630,0.7622020244598389,프리메라
persona_3,631,0.7807168960571289,프리메라
persona_3,632,0.7809317111968994,프리메라
persona_3,633,0.738070547580719,프리메라
persona_3,634,0.7711620926856995,프리메라
persona_3,635,0.7829103469848633,프리메라
persona_3,636,0.7308430671691895,프리메라
persona_3,637,0.7762760519981384,프리메라
persona_3,638,0.7384819388389587,프리메라
persona_3,639,0.7737494111061096,프리메라
persona_3,640,0.7776660919189453,프리메라
persona_3,641,0.8155009746551514,프리메라
persona_3,642,0.8155009746551514,프리메라
persona_3,643,0.7680896520614624,프리메라
persona_3,644,0.7451027035713196,프리메라
persona_3,645,0.79676353931427,헤라
persona_3,646,0.790828287601471,헤라
persona_3,647,0.7124188542366028,헤라
persona_3,648,0.7355475425720215,헤라
persona_3,649,0.7521885633468628,헤라
persona_3,650,0.7518191933631897,헤라
persona_3,651,0.7106266021728516,헤라
persona_3,652,0.7466576099395752,헤라
persona_3,653,0.7466576099395752,헤라
persona_3,654,0.7518191933631897,헤라
persona_3,655,0.7125535607337952,헤라
persona_3,656,0.7125535607337952,헤라
persona_3,657,0.79676353931427,헤라
persona_3,658,0.8222506642341614,헤라
persona_3,659,0.8222506642341614,헤라
persona_3,660,0.8222506642341614,헤라
persona_3,661,0.7376164793968201,헤라
persona_3,662,0.8213126063346863,헤라
persona_3,663,0.745705246925354,헤라
persona_3,664,0.7124188542366028,헤라
persona_3,665,0.7916581034660339,헤라
persona_3,666,0.8213126063346863,헤라
persona_3,667,0.7506664395332336,헤라
persona_3,668,0.7830093502998352,헤라
persona_3,669,0.7944914698600769,헤라
persona_3,670,0.819232702255249,헤라
persona_3,671,0.8205373287200928,헤라
persona_3,672,0.8205373287200928,헤라
persona_3,673,0.7794268727302551,헤라
persona_3,674,0.7407669425010681,헤라
persona_3,675,0.8205373287200928,헤라
persona_3,676,0.77598637342453,헤라
persona_3,677,0.7894068360328674,헤라
persona_3,678,0.7577013373374939,헤라
persona_3,679,0.7906961441040039,헤라
persona_3,680,0.7382582426071167,헤라
persona_3,681,0.7484675049781799,헤라
persona_3,682,0.8205373287200928,헤라
persona_3,683,0.7143936157226562,헤라
persona_3,684,0.7827536463737488,헤라
persona_3,685,0.7801075577735901,헤라
persona_3,686,0.7684990763664246,헤라
persona_3,687,0.7355475425720215,헤라
persona_3,688,0.781909704208374,헤라
persona_3,689,0.7916581034660339,헤라
persona_3,690,0.795620858669281,헤라
persona_3,691,0.7530041337013245,헤라
persona_3,692,0.7568809986114502,헤라
persona_3,693,0.7944594025611877,헤라
persona_3,694,0.715587317943573,헤라
persona_3,695,0.7821038961410522,헤라
persona_3,696,0.8214936852455139,헤라
persona_3,697,0.780376672744751,헤라
persona_3,698,0.7404007315635681,헤라
persona_3,699,0.7699896693229675,헤라
persona_3,700,0.76706463098526,헤라
persona_3,701,0.7903293967247009,헤라
persona_3,702,0.7916221618652344,헤라
persona_3,703,0.8222506642341614,헤라
persona_3,704,0.8205373287200928,헤라
persona_3,705,0.7446210384368896,헤라
persona_3,706,0.7320448756217957,헤라
persona_3,707,0.7376629114151001,헤라
persona_3,708,0.7938387989997864,헤라
persona_3,709,0.7461320161819458,헤라
persona_3,710,0.7715498805046082,헤라
persona_3,711,0.782672643661499,헤라
persona_3,712,0.7525677680969238,헤라
persona_3,713,0.7938387989997864,헤라
persona_3,714,0.7902471423149109,헤라
persona_3,715,0.7904727458953857,헤라
persona_3,716,0.7839557528495789,헤라
persona_3,717,0.77598637342453,헤라
persona_3,718,0.7906961441040039,헤라
persona_3,719,0.7124188542366028,헤라
persona_3,720,0.7766014337539673,헤라
persona_3,721,0.7836414575576782,헤라
persona_3,722,0.7581544518470764,헤라
persona_3,723,0.7938356399536133,헤라
persona_3,724,0.7821112275123596,헤라
persona_3,725,0.7562968134880066,헤라
persona_3,726,0.7894068360328674,헤라
persona_3,727,0.7120035886764526,헤라
persona_3,728,0.7183475494384766,헤라
persona_3,729,0.7471458911895752,헤라
persona_3,730,0.7471458911895752,헤라
persona_3,731,0.8213126063346863,헤라
persona_3,732,0.8213126063346863,헤라
persona_3,733,0.7235571146011353,헤라
persona_3,734,0.7633583545684814,헤라
persona_3,735,0.7566843628883362,헤라
persona_3,736,0.7461122870445251,헤라
persona_3,737,0.7728846669197083,헤라
persona_3,738,0.7392449378967285,비레디
persona_3,739,0.7448943257331848,라네즈
persona_3,740,0.7848879098892212,비레디
persona_3,741,0.7908585667610168,라네즈
persona_3,742,0.7667155861854553,비레디
persona_3,743,0.7727648615837097,라네즈
persona_3,744,0.7862078547477722,비레디
persona_3,745,0.792211651802063,라네즈
persona_3,746,0.7145716547966003,비레디
persona_3,747,0.7201191782951355,라네즈
persona_3,748,0.8215875625610352,비레디
persona_3,749,0.8278483152389526,라네즈
persona_3,750,0.7145716547966003,비레디
persona_3,751,0.7201191782951355,라네즈
persona_3,752,0.7874611616134644,비레디
persona_3,753,0.7934526205062866,라네즈
persona_3,754,0.7945890426635742,비레디
persona_3,755,0.8006072044372559,라네즈
persona_3,756,0.7613937258720398,비레디
persona_3,757,0.7673324346542358,라네즈
persona_3,758,0.7429919242858887,비레디
persona_3,759,0.7487280368804932,라네즈
persona_3,760,0.772228479385376,비레디
persona_3,761,0.7780207395553589,라네즈
persona_3,762,0.7835165858268738,비레디
persona_3,763,0.7894057035446167,라네즈
persona_3,764,0.8206312656402588,비레디
persona_3,765,0.8268892765045166,라네즈
persona_3,766,0.7945890426635742,비레디
persona_3,767,0.8006072044372559,라네즈
persona_3,768,0.7377762794494629,비레디
persona_3,769,0.7433528900146484,라네즈
persona_3,770,0.705555260181427,비레디
persona_3,771,0.7111775279045105,라네즈
persona_3,772,0.7545156478881836,비레디
persona_3,773,0.7602468729019165,라네즈
persona_3,774,0.7429919242858887,비레디
persona_3,775,0.7487280368804932,라네즈
persona_3,776,0.7372375130653381,비레디
persona_3,777,0.7428770065307617,라네즈
persona_3,778,0.7372375130653381,비레디
persona_3,779,0.7428770065307617,라네즈
persona_3,780,0.7372375130653381,비레디
persona_3,781,0.7428770065307617,라네즈
persona_3,782,0.8206312656402588,비레디
persona_3,783,0.8268892765045166,라네즈
persona_3,784,0.8206312656402588,비레디
persona_3,785,0.8268892765045166,라네즈
persona_3,786,0.8206312656402588,비레디
persona_3,787,0.8268892765045166,라네즈
persona_3,788,0.8206312656402588,비레디
persona_3,789,0.8268892765045166,라네즈
persona_3,790,0.8206312656402588,비레디
persona_3,791,0.8268892765045166,라네즈
persona_3,792,0.7917153835296631,비레디
persona_3,793,0.7978509068489075,라네즈
persona_3,794,0.8154334425926208,아이오페
persona_3,795,0.7073959708213806,아이오페
persona_3,796,0.8132110834121704,아이오페
persona_3,797,0.7754994630813599,아이오페
persona_3,798,0.7858220934867859,아이오페
persona_3,799,0.7473240494728088,아이오페
persona_3,800,0.8161941170692444,아이오페
persona_3,801,0.7763938903808594,아이오페
persona_3,802,0.7647834420204163,아이오페
persona_3,803,0.7835562229156494,아이오페
persona_3,804,0.8161941170692444,아이오페
persona_3,805,0.7898007035255432,아이오페
persona_3,806,0.8161941170692444,아이오페
persona_3,807,0.7775603532791138,아이오페
persona_3,808,0.6830235719680786,아이오페
persona_3,809,0.7875982522964478,아이오페
persona_3,810,0.6830235719680786,아이오페
persona_3,811,0.7152419686317444,아이오페
persona_3,812,0.7348009347915649,아이오페
persona_3,813,0.7898007035255432,아이오페
persona_3,814,0.7835562229156494,아이오페
persona_3,815,0.7989549040794373,아이오페
persona_3,816,0.6939587593078613,아이오페
persona_3,817,0.7824643850326538,아이오페
persona_3,818,0.7803099155426025,아이오페
persona_3,819,0.7304420471191406,아이오페
persona_3,820,0.7875982522964478,아이오페
persona_3,821,0.7678061127662659,아이오페
persona_3,822,0.8027101159095764,아이오페
persona_3,823,0.7782275080680847,아이오페
persona_3,824,0.7753289937973022,아이오페
persona_3,825,0.7754994630813599,아이오페
persona_3,826,0.7271059155464172,아이오페
persona_3,827,0.8144798278808594,아이오페
persona_3,828,0.7782275080680847,아이오페
persona_3,829,0.784881055355072,아이오페
persona_3,830,0.7817438840866089,아이오페
persona_3,831,0.7458345293998718,아이오페
persona_3,832,0.7454430460929871,아이오페
persona_3,833,0.7849164009094238,아이오페
persona_3,834,0.7305091619491577,아이오페
persona_3,835,0.7437294721603394,아이오페
persona_3,836,0.7790650129318237,아이오페
persona_3,837,0.7790650129318237,아이오페
persona_3,838,0.7444177269935608,아이오페
persona_3,839,0.7515616416931152,아이오페
persona_3,840,0.8154334425926208,아이오페
persona_3,841,0.8144798278808594,아이오페
persona_3,842,0.7817438840866089,아이오페
persona_3,843,0.8144798278808594,아이오페
persona_3,844,0.7830342054367065,아이오페
persona_3,845,0.8152682185173035,아이오페
persona_3,846,0.8144798278808594,아이오페
persona_3,847,0.7815202474594116,아이오페
persona_3,848,0.6995490193367004,아이오페
persona_3,849,0.7755595445632935,아이오페
persona_3,850,0.7703244686126709,아이오페
persona_3,851,0.7763938903808594,아이오페
persona_3,852,0.7879094481468201,아이오페
persona_3,853,0.7045901417732239,아이오페
persona_3,854,0.688546359539032,아이오페
persona_3,855,0.7858220934867859,아이오페
persona_3,856,0.8161941170692444,아이오페
persona_3,857,0.8152682185173035,아이오페
persona_3,858,0.6741834878921509,아이오페
persona_3,859,0.8132110834121704,아이오페
persona_3,860,0.788644552230835,아이오페
persona_3,861,0.7714818120002747,아이오페
persona_3,862,0.9066387414932251,에이피뷰티
persona_3,863,0.8418617248535156,에이피뷰티
persona_3,864,0.7987240552902222,에이피뷰티
persona_3,865,0.8693953156471252,에이피뷰티
persona_3,866,0.8774603605270386,에이피뷰티
persona_3,867,0.833466649055481,에이피뷰티
persona_3,868,0.8759891390800476,에이피뷰티
persona_3,869,0.8760861754417419,에이피뷰티
persona_3,870,0.8777421116828918,에이피뷰티
persona_3,871,0.9114470481872559,에이피뷰티
persona_3,872,0.8770740032196045,에이피뷰티
persona_3,873,0.8770740032196045,에이피뷰티
persona_3,874,0.8748681545257568,에이피뷰티
persona_3,875,0.8774603605270386,에이피뷰티
persona_3,876,0.8774603605270386,에이피뷰티
persona_3,877,0.9089574813842773,에이피뷰티
persona_3,878,0.7748003005981445,에이피뷰티
persona_3,879,0.9114470481872559,에이피뷰티
persona_3,880,0.8760861754417419,에이피뷰티
persona_3,881,0.8010269999504089,에이피뷰티
persona_3,882,0.87553471326828,에이피뷰티
persona_3,883,0.8817782998085022,에이피뷰티
persona_3,884,0.8817782998085022,에이피뷰티
persona_3,885,0.8755623698234558,에이피뷰티
persona_3,886,0.8652817010879517,에이피뷰티
persona_3,887,0.8594119548797607,에이피뷰티
persona_3,888,0.9126099348068237,에이피뷰티
persona_3,889,0.8468701839447021,에이피뷰티
persona_3,890,0.8468701839447021,에이피뷰티
persona_3,891,0.8468701839447021,에이피뷰티
persona_3,892,0.8774603605270386,에이피뷰티
persona_3,893,0.8805249333381653,에이피뷰티
persona_3,894,0.9089574813842773,에이피뷰티
persona_3,895,0.9066387414932251,에이피뷰티
persona_3,896,0.7990003228187561,에이피뷰티
persona_3,897,0.7644473910331726,에이피뷰티
persona_3,898,0.8755623698234558,에이피뷰티
persona_3,899,0.781603217124939,일리윤
persona_3,900,0.7643774747848511,일리윤
persona_3,901,0.7978540062904358,일리윤
persona_3,902,0.761320173740387,일리윤
persona_3,903,0.7468704581260681,일리윤
persona_3,904,0.7756856679916382,일리윤
persona_3,905,0.7468704581260681,일리윤
persona_3,906,0.7756856679916382,일리윤
persona_3,907,0.7886320948600769,일리윤
persona_3,908,0.7863137722015381,일리윤
persona_3,909,0.7613256573677063,일리윤
persona_3,910,0.7818902134895325,일리윤
persona_3,911,0.7897562980651855,일리윤
persona_3,912,0.7371985912322998,일리윤
persona_3,913,0.7650421857833862,일리윤
persona_3,914,0.7686387896537781,일리윤
persona_3,915,0.7742282748222351,일리윤
persona_3,916,0.8104327321052551,일리윤
persona_3,917,0.7840099930763245,일리윤
persona_3,918,0.7829170823097229,일리윤
persona_3,919,0.7815877199172974,일리윤
persona_3,920,0.7605769634246826,일리윤
persona_3,921,0.7432547807693481,일리윤
persona_3,922,0.7756856679916382,일리윤
persona_3,923,0.7808282971382141,일리윤
persona_3,924,0.7624136805534363,일리윤
persona_3,925,0.7319167852401733,일리윤
persona_3,926,0.7255725264549255,일리윤
persona_3,927,0.7838388681411743,일리윤
persona_3,928,0.7381863594055176,일리윤
persona_3,929,0.7756928205490112,일리윤
persona_3,930,0.7591904997825623,일리윤
persona_3,931,0.7408523559570312,일리윤
persona_3,932,0.7848140001296997,일리윤
persona_3,933,0.7650421857833862,일리윤
persona_3,934,0.7808282971382141,일리윤
persona_3,935,0.7650421857833862,일리윤
persona_3,936,0.7840099930763245,일리윤
persona_3,937,0.7848140001296997,일리윤
persona_3,938,0.8094823956489563,일리윤
persona_3,939,0.8111960291862488,일리윤
persona_3,940,0.8111960291862488,일리윤
persona_3,941,0.7361132502555847,일리윤
persona_3,942,0.8111960291862488,일리윤
persona_3,943,0.8094823956489563,일리윤
persona_3,944,0.8111960291862488,일리윤
persona_3,945,0.8094823956489563,일리윤
persona_3,946,0.7807685136795044,일리윤
persona_3,947,0.8089849352836609,일리윤
persona_3,948,0.8094823956489563,일리윤
persona_3,949,0.8089849352836609,일리윤
persona_3,950,0.8089849352836609,일리윤
persona_3,951,0.761320173740387,일리윤
persona_3,952,0.7452371120452881,일리윤
persona_3,953,0.7587382197380066,일리윤
persona_3,954,0.8094823956489563,일리윤
persona_3,955,0.7807685136795044,일리윤
persona_3,956,0.7807685136795044,일리윤
persona_3,957,0.8104327321052551,일리윤
persona_3,958,0.8094823956489563,일리윤
persona_3,959,0.780124306678772,일리윤
persona_3,960,0.7267833352088928,일리윤
persona_3,961,0.7445938587188721,일리윤
persona_3,962,0.7838999629020691,일리윤
persona_3,963,0.8319469094276428,이니스프리
persona_3,964,0.80174320936203,이니스프리
persona_3,965,0.7683295011520386,이니스프리
persona_3,966,0.8041959404945374,이니스프리
persona_3,967,0.8298200964927673,이니스프리
persona_3,968,0.7990469336509705,이니스프리
persona_3,969,0.8321607708930969,이니스프리
persona_3,970,0.8321607708930969,이니스프리
persona_3,971,0.8298200964927673,이니스프리
persona_3,972,0.801735520362854,이니스프리
persona_3,973,0.7451818585395813,이니스프리
persona_3,974,0.7877779006958008,이니스프리
persona_3,975,0.7865862250328064,이니스프리
persona_3,976,0.7558448314666748,이니스프리
persona_3,977,0.7938137650489807,이니스프리
persona_3,978,0.7659090757369995,이니스프리
persona_3,979,0.7451818585395813,이니스프리
persona_3,980,0.8321607708930969,이니스프리
persona_3,981,0.8046116232872009,이니스프리
persona_3,982,0.7683295011520386,이니스프리
persona_3,983,0.7575022578239441,이니스프리
persona_3,984,0.8319469094276428,이니스프리
persona_3,985,0.7990490794181824,이니스프리
persona_3,986,0.8329122066497803,이니스프리
persona_3,987,0.7542804479598999,이니스프리
persona_3,988,0.792037844657898,이니스프리
persona_3,989,0.8311986923217773,이니스프리
persona_3,990,0.794816792011261,이니스프리
persona_3,991,0.764387309551239,이니스프리
persona_3,992,0.8298200964927673,이니스프리
persona_3,993,0.7942221760749817,이니스프리
persona_3,994,0.7769279479980469,이니스프리
persona_3,995,0.7836488485336304,이니스프리
persona_3,996,0.8298200964927673,이니스프리
persona_3,997,0.7955586314201355,이니스프리
persona_3,998,0.800674557685852,이니스프리
persona_3,999,0.7262394428253174,이니스프리
persona_3,1000,0.7693051695823669,이니스프리
persona_3,1001,0.7451818585395813,이니스프리
persona_3,1002,0.7558448314666748,이니스프리
persona_3,1003,0.7990490794181824,이니스프리
persona_3,1004,0.8046116232872009,이니스프리
persona_3,1005,0.8321607708930969,이니스프리
persona_3,1006,0.7641646862030029,이니스프리
persona_3,1007,0.7769279479980469,이니스프리
persona_3,1008,0.7673307061195374,이니스프리
persona_3,1009,0.7973148226737976,이니스프리
persona_3,1010,0.7975112199783325,이니스프리
persona_3,1011,0.8057845234870911,이니스프리
persona_3,1012,0.7946507930755615,이니스프리
persona_3,1013,0.7990469336509705,이니스프리
persona_3,1014,0.7696326375007629,이니스프리
persona_3,1015,0.7806810140609741,이니스프리
persona_3,1016,0.7955586314201355,이니스프리
persona_3,1017,0.7806810140609741,이니스프리
persona_3,1018,0.7806810140609741,이니스프리
persona_3,1019,0.7960067987442017,이니스프리
persona_3,1020,0.8022939562797546,이니스프리
persona_3,1021,0.8205803632736206,이니스프리
persona_3,1022,0.8036930561065674,이니스프리
persona_3,1023,0.7860379219055176,이니스프리
persona_3,1024,0.8046116232872009,이니스프리
persona_3,1025,0.7761411666870117,이니스프리
persona_3,1026,0.8329122066497803,이니스프리
persona_3,1027,0.8201979994773865,이니스프리
persona_3,1028,0.7792827486991882,이니스프리
persona_3,1029,0.8057845234870911,이니스프리
persona_3,1030,0.7953677177429199,이니스프리
persona_3,1031,0.7983570098876953,이니스프리
persona_3,1032,0.8036930561065674,이니스프리
persona_3,1033,0.7975112199783325,이니스프리
persona_3,1034,0.8009394407272339,이니스프리
persona_3,1035,0.7697123289108276,이니스프리
persona_3,1036,0.7283132076263428,이니스프리
persona_3,1037,0.8046116232872009,이니스프리
persona_3,1038,0.7593019604682922,이니스프리
persona_3,1039,0.8205803632736206,이니스프리
persona_3,1040,0.8038538098335266,이니스프리
persona_3,1041,0.7888454794883728,이니스프리
persona_3,1042,0.8015182614326477,이니스프리
persona_3,1043,0.7835178971290588,이니스프리
persona_3,1044,0.8205803632736206,이니스프리
persona_3,1045,0.8090065717697144,이니스프리
persona_3,1046,0.7281014919281006,이니스프리
persona_3,1047,0.7542804479598999,이니스프리
persona_3,1048,0.8038538098335266,이니스프리
persona_3,1049,0.7996307015419006,이니스프리
persona_3,1050,0.7698150873184204,이니스프리
persona_3,1051,0.7802338600158691,이니스프리
persona_3,1052,0.7835178971290588,이니스프리
persona_3,1053,0.8205803632736206,이니스프리
persona_3,1054,0.7988843321800232,이니스프리
persona_3,1055,0.7659090757369995,이니스프리
persona_3,1056,0.8036930561065674,이니스프리
persona_3,1057,0.8298200964927673,이니스프리
persona_3,1058,0.8015182614326477,이니스프리
persona_3,1059,0.7561393976211548,이니스프리
persona_3,1060,0.7953677177429199,이니스프리
persona_3,1061,0.8015182614326477,이니스프리
persona_3,1062,0.7558448314666748,이니스프리
persona_3,1063,0.7709535360336304,이니스프리
persona_3,1064,0.804739773273468,이니스프리
persona_3,1065,0.7975112199783325,이니스프리
persona_3,1066,0.800674557685852,이니스프리
persona_3,1067,0.800674557685852,이니스프리
persona_3,1068,0.7671754360198975,이니스프리
persona_3,1069,0.7937211394309998,이니스프리
persona_3,1070,0.7283132076263428,이니스프리
persona_3,1071,0.7268150448799133,이니스프리
persona_3,1072,0.8038538098335266,이니스프리
persona_3,1073,0.7237261533737183,이니스프리
persona_3,1074,0.7590727806091309,이니스프리
persona_3,1075,0.7991732954978943,이니스프리
persona_3,1076,0.7567880153656006,이니스프리
persona_3,1077,0.8090065717697144,이니스프리
persona_3,1078,0.8189985752105713,이니스프리
persona_3,1079,0.7792827486991882,이니스프리
persona_3,1080,0.7975112199783325,이니스프리
persona_3,1081,0.7698150873184204,이니스프리
persona_3,1082,0.7814195156097412,이니스프리
persona_3,1083,0.7753548622131348,이니스프리
persona_3,1084,0.7692660689353943,이니스프리
persona_3,1085,0.7996307015419006,이니스프리
persona_3,1086,0.7769279479980469,이니스프리
persona_3,1087,0.8329122066497803,이니스프리
persona_3,1088,0.804739773273468,이니스프리
persona_3,1089,0.7975112199783325,이니스프리
persona_3,1090,0.8046116232872009,이니스프리
persona_3,1091,0.7412064671516418,이니스프리
persona_3,1092,0.801735520362854,이니스프리
persona_3,1093,0.7233394980430603,이니스프리
persona_3,1094,0.7683295011520386,이니스프리
persona_3,1095,0.7712723016738892,이니스프리
persona_3,1096,0.7975112199783325,이니스프리
persona_3,1097,0.7806810140609741,이니스프리
persona_3,1098,0.7814195156097412,이니스프리
persona_3,1099,0.7283132076263428,이니스프리
persona_3,1100,0.7967807650566101,이니스프리
persona_3,1101,0.7214872241020203,이니스프리
persona_3,1102,0.7558448314666748,이니스프리
persona_3,1103,0.7490992546081543,이니스프리
persona_3,1104,0.8035115003585815,이니스프리
persona_3,1105,0.80174320936203,이니스프리
persona_3,1106,0.7814195156097412,이니스프리
persona_3,1107,0.791965663433075,이니스프리
persona_3,1108,0.7797598838806152,이니스프리
persona_3,1109,0.7635118365287781,이니스프리
persona_3,1110,0.7517843246459961,이니스프리
persona_3,1111,0.8090065717697144,이니스프리
persona_3,1112,0.7960067987442017,이니스프리
persona_3,1113,0.7927109003067017,이니스프리
persona_3,1114,0.801735520362854,이니스프리
persona_3,1115,0.7835178971290588,이니스프리
persona_3,1116,0.7684520483016968,이니스프리
persona_3,1117,0.8319469094276428,이니스프리
persona_3,1118,0.7329367995262146,이니스프리
persona_3,1119,0.7665668725967407,이니스프리
persona_3,1120,0.7281014919281006,이니스프리
persona_3,1121,0.8211719393730164,이니스프리
persona_3,1122,0.7852556705474854,이니스프리
persona_3,1123,0.7996307015419006,이니스프리
persona_3,1124,0.8046116232872009,이니스프리
persona_3,1125,0.8329122066497803,이니스프리
persona_3,1126,0.8321607708930969,이니스프리
persona_3,1127,0.7996307015419006,이니스프리
persona_3,1128,0.7907863855361938,이니스프리
persona_3,1129,0.8311986923217773,이니스프리
persona_3,1130,0.8015303015708923,이니스프리
persona_3,1131,0.7942221760749817,이니스프리
persona_3,1132,0.80174320936203,이니스프리
persona_3,1133,0.80174320936203,이니스프리
persona_3,1134,0.8046116232872009,이니스프리
persona_3,1135,0.8102162480354309,이니스프리
persona_3,1136,0.7317842245101929,이니스프리
persona_3,1137,0.7629960775375366,이니스프리
persona_3,1138,0.8311986923217773,이니스프리
persona_3,1139,0.8003824353218079,이니스프리
persona_3,1140,0.8046116232872009,이니스프리
persona_3,1141,0.7709535360336304,이니스프리
persona_3,1142,0.8046116232872009,이니스프리
persona_3,1143,0.7628793716430664,이니스프리
persona_3,1144,0.8046116232872009,이니스프리
persona_3,1145,0.7524289488792419,메디안
persona_3,1146,0.8174982070922852,메디안
persona_3,1147,0.8165440559387207,메디안
persona_3,1148,0.735669732093811,메디안
persona_3,1149,0.8165440559387207,메디안
persona_3,1150,0.8165440559387207,메디안
persona_3,1151,0.81825852394104,메디안
persona_3,1152,0.8174982070922852,메디안
persona_3,1153,0.8165440559387207,메디안
persona_3,1154,0.8160436749458313,메디안
persona_3,1155,0.8174982070922852,메디안
persona_3,1156,0.73637855052948,메디안
persona_3,1157,0.8165440559387207,메디안
persona_3,1158,0.8165440559387207,메디안
persona_3,1159,0.8165440559387207,메디안
persona_3,1160,0.8165440559387207,메디안
persona_3,1161,0.675067126750946,메디안
persona_3,1162,0.8174982070922852,메디안
persona_3,1163,0.6551229357719421,메디안
persona_3,1164,0.8165440559387207,메디안
persona_3,1165,0.8165440559387207,메디안
persona_3,1166,0.8173277974128723,메디안
persona_3,1167,0.8174982070922852,메디안
persona_3,1168,0.8174982070922852,메디안
persona_3,1169,0.8174982070922852,메디안
persona_3,1170,0.6551229357719421,메디안
persona_3,1171,0.6685379147529602,메디안
persona_3,1172,0.8174982070922852,메디안
persona_3,1173,0.7641178965568542,메디안
persona_3,1174,0.8174982070922852,메디안
persona_3,1175,0.81825852394104,메디안
persona_3,1176,0.7953163385391235,메디안
persona_3,1177,0.7392449378967285,비레디
persona_3,1178,0.7448943257331848,라네즈
persona_3,1179,0.7848879098892212,비레디
persona_3,1180,0.7908585667610168,라네즈
persona_3,1181,0.7667155861854553,비레디
persona_3,1182,0.7727648615837097,라네즈
persona_3,1183,0.7862078547477722,비레디
persona_3,1184,0.792211651802063,라네즈
persona_3,1185,0.7145716547966003,비레디
persona_3,1186,0.7201191782951355,라네즈
persona_3,1187,0.8215875625610352,비레디
persona_3,1188,0.8278483152389526,라네즈
persona_3,1189,0.7145716547966003,비레디
persona_3,1190,0.7201191782951355,라네즈
persona_3,1191,0.7874611616134644,비레디
persona_3,1192,0.7934526205062866,라네즈
persona_3,1193,0.7945890426635742,비레디
persona_3,1194,0.8006072044372559,라네즈
persona_3,1195,0.7613937258720398,비레디
persona_3,1196,0.7673324346542358,라네즈
persona_3,1197,0.7429919242858887,비레디
persona_3,1198,0.7487280368804932,라네즈
persona_3,1199,0.772228479385376,비레디
persona_3,1200,0.7780207395553589,라네즈
persona_3,1201,0.7835165858268738,비레디
persona_3,1202,0.7894057035446167,라네즈
persona_3,1203,0.8206312656402588,비레디
persona_3,1204,0.8268892765045166,라네즈
persona_3,1205,0.7945890426635742,비레디
persona_3,1206,0.8006072044372559,라네즈
persona_3,1207,0.7377762794494629,비레디
persona_3,1208,0.7433528900146484,라네즈
persona_3,1209,0.705555260181427,비레디
persona_3,1210,0.7111775279045105,라네즈
persona_3,1211,0.7545156478881836,비레디
persona_3,1212,0.7602468729019165,라네즈
persona_3,1213,0.7429919242858887,비레디
persona_3,1214,0.7487280368804932,라네즈
persona_3,1215,0.7372375130653381,비레디
persona_3,1216,0.7428770065307617,라네즈
persona_3,1217,0.7372375130653381,비레디
persona_3,1218,0.7428770065307617,라네즈
persona_3,1219,0.7372375130653381,비레디
persona_3,1220,0.7428770065307617,라네즈
persona_3,1221,0.8206312656402588,비레디
persona_3,1222,0.8268892765045166,라네즈
persona_3,1223,0.8206312656402588,비레디
persona_3,1224,0.8268892765045166,라네즈
persona_3,1225,0.8206312656402588,비레디
persona_3,1226,0.8268892765045166,라네즈
persona_3,1227,0.8206312656402588,비레디
persona_3,1228,0.8268892765045166,라네즈
persona_3,1229,0.8206312656402588,비레디
persona_3,1230,0.8268892765045166,라네즈
persona_3,1231,0.7917153835296631,비레디
persona_3,1232,0.7978509068489075,라네즈
persona_3,1233,0.9089574813842773,퍼즐우드
persona_3,1234,0.9109389781951904,퍼즐우드
persona_3,1235,0.9126099348068237,퍼즐우드
persona_3,1236,0.9109389781951904,퍼즐우드
persona_3,1237,0.9109389781951904,퍼즐우드
persona_3,1238,0.9104165434837341,퍼즐우드
persona_3,1239,0.9083535075187683,퍼즐우드
persona_3,1240,0.9109389781951904,퍼즐우드
persona_3,1241,0.9104165434837341,퍼즐우드
persona_3,1242,0.9104165434837341,퍼즐우드
persona_3,1243,0.9104165434837341,퍼즐우드
persona_3,1244,0.9104165434837341,퍼즐우드
persona_3,1245,0.9104165434837341,퍼즐우드
persona_3,1246,0.7973076701164246,퍼즐우드
persona_3,1247,0.9104165434837341,퍼즐우드
persona_3,1248,0.9083535075187683,퍼즐우드
persona_3,1249,0.9083535075187683,퍼즐우드
persona_3,1250,0.9083535075187683,퍼즐우드
persona_3,1251,0.9109389781951904,퍼즐우드
persona_3,1252,0.9104165434837341,퍼즐우드
persona_3,1253,0.9104165434837341,퍼즐우드
persona_3,1254,0.9126099348068237,퍼즐우드
persona_3,1255,0.9104165434837341,퍼즐우드
persona_3,1256,0.9109389781951904,퍼즐우드
persona_3,1257,0.9104165434837341,퍼즐우드
persona_3,1258,0.9083535075187683,퍼즐우드
persona_3,1259,0.9104165434837341,퍼즐우드
persona_3,1260,0.9104165434837341,퍼즐우드
persona_3,1261,0.9104165434837341,퍼즐우드
persona_3,1262,0.9104165434837341,퍼즐우드
persona_3,1263,0.9104165434837341,퍼즐우드
persona_3,1264,0.9104165434837341,퍼즐우드
persona_3,1265,0.9104165434837341,퍼즐우드
persona_3,1266,0.9083535075187683,퍼즐우드
persona_3,1267,0.7916074395179749,퍼즐우드
persona_3,1268,0.9104165434837341,퍼즐우드
persona_3,1269,0.9104165434837341,퍼즐우드
persona_3,1270,0.9109389781951904,퍼즐우드
persona_3,1271,0.9126099348068237,퍼즐우드
persona_3,1272,0.9104165434837341,퍼즐우드
persona_3,1273,0.8391849994659424,퍼즐우드
persona_3,1274,0.7979902029037476,퍼즐우드
persona_3,1275,0.9104165434837341,퍼즐우드
persona_3,1276,0.9104165434837341,퍼즐우드
persona_3,1277,0.9104165434837341,퍼즐우드
persona_3,1278,0.9104165434837341,퍼즐우드
persona_3,1279,0.9109389781951904,퍼즐우드
persona_3,1280,0.9104165434837341,퍼즐우드
persona_3,1281,0.9104165434837341,퍼즐우드
persona_3,1282,0.9109389781951904,퍼즐우드
persona_3,1283,0.9109389781951904,퍼즐우드
persona_3,1284,0.9104165434837341,퍼즐우드
persona_3,1285,0.9109389781951904,퍼즐우드
persona_3,1286,0.9109389781951904,퍼즐우드
persona_3,1287,0.9109389781951904,퍼즐우드
persona_3,1288,0.9104165434837341,퍼즐우드
persona_3,1289,0.9104165434837341,퍼즐우드
persona_3,1290,0.9104165434837341,퍼즐우드
persona_3,1291,0.9104165434837341,퍼즐우드
persona_3,1292,0.9119316339492798,퍼즐우드
persona_3,1293,0.9109389781951904,퍼즐우드
persona_3,1294,0.9109389781951904,퍼즐우드
persona_3,1295,0.9104165434837341,퍼즐우드
persona_3,1296,0.9104165434837341,퍼즐우드
persona_3,1297,0.834596574306488,퍼즐우드
persona_3,1298,0.7854948043823242,마몽드
persona_3,1299,0.7575863003730774,마몽드
persona_3,1300,0.7839959859848022,마몽드
persona_3,1301,0.822502613067627,마몽드
persona_3,1302,0.7591807246208191,마몽드
persona_3,1303,0.7954014539718628,마몽드
persona_3,1304,0.8223164081573486,마몽드
persona_3,1305,0.7884194850921631,마몽드
persona_3,1306,0.797752857208252,마몽드
persona_3,1307,0.8004821538925171,마몽드
persona_3,1308,0.793716549873352,마몽드
persona_3,1309,0.7218368053436279,마몽드
persona_3,1310,0.7445101737976074,마몽드
persona_3,1311,0.7884194850921631,마몽드
persona_3,1312,0.7591807246208191,마몽드
persona_3,1313,0.7891032695770264,마몽드
persona_3,1314,0.7591807246208191,마몽드
persona_3,1315,0.7828567624092102,마몽드
persona_3,1316,0.7585685849189758,마몽드
persona_3,1317,0.7954014539718628,마몽드
persona_3,1318,0.7837335467338562,마몽드
persona_3,1319,0.822502613067627,마몽드
persona_3,1320,0.797752857208252,마몽드
persona_3,1321,0.7821177840232849,마몽드
persona_3,1322,0.7925906181335449,마몽드
persona_3,1323,0.7954705357551575,마몽드
persona_3,1324,0.7858954668045044,마몽드
persona_3,1325,0.7924372553825378,마몽드
persona_3,1326,0.796563982963562,마몽드
persona_3,1327,0.797752857208252,마몽드
persona_3,1328,0.7954014539718628,마몽드
persona_3,1329,0.7828335762023926,마몽드
persona_3,1330,0.8232592940330505,마몽드
persona_3,1331,0.7163896560668945,마몽드
persona_3,1332,0.7858954668045044,마몽드
persona_3,1333,0.8192710280418396,마몽드
persona_3,1334,0.8192710280418396,마몽드
persona_3,1335,0.768068253993988,마몽드
persona_3,1336,0.7932454347610474,마몽드
persona_3,1337,0.8192710280418396,마몽드
persona_3,1338,0.7954537868499756,마몽드
persona_3,1339,0.7829670906066895,마몽드
persona_3,1340,0.7868332266807556,마몽드
persona_3,1341,0.822502613067627,마몽드
persona_3,1342,0.768068253993988,마몽드
persona_3,1343,0.7405534386634827,마몽드
persona_3,1344,0.822502613067627,마몽드
persona_3,1345,0.7676934003829956,마몽드
persona_3,1346,0.7346841096878052,마몽드
persona_3,1347,0.7332736253738403,마몽드
persona_3,1348,0.822502613067627,마몽드
persona_3,1349,0.8232592940330505,마몽드
persona_3,1350,0.8232592940330505,마몽드
persona_3,1351,0.822502613067627,마몽드
persona_3,1352,0.821546196937561,마몽드
persona_3,1353,0.821546196937561,마몽드
persona_3,1354,0.821546196937561,마몽드
persona_3,1355,0.822502613067627,마몽드
persona_3,1356,0.822502613067627,마몽드
persona_3,1357,0.7943551540374756,마몽드
persona_3,1358,0.822502613067627,마몽드
persona_3,1359,0.8232592940330505,마몽드
persona_3,1360,0.8232592940330505,마몽드
persona_3,1361,0.822502613067627,마몽드
persona_3,1362,0.822502613067627,마몽드
persona_3,1363,0.7954014539718628,마몽드
persona_3,1364,0.7018516659736633,오설록
persona_3,1365,0.6949493885040283,오설록
persona_3,1366,0.6874298453330994,오설록
persona_3,1367,0.696212887763977,오설록
persona_3,1368,0.7018516659736633,오설록
persona_3,1369,0.7095828056335449,오설록
persona_3,1370,0.696212887763977,오설록
persona_3,1371,0.693028450012207,오설록
persona_3,1372,0.6874298453330994,오설록
persona_3,1373,0.7237339615821838,오설록
persona_3,1374,0.696212887763977,오설록
persona_3,1375,0.7066327929496765,오설록
persona_3,1376,0.7237339615821838,오설록
persona_3,1377,0.7095828056335449,오설록
persona_3,1378,0.7209946513175964,오설록
persona_3,1379,0.6949493885040283,오설록
persona_3,1380,0.6949493885040283,오설록
persona_3,1381,0.7047987580299377,오설록
persona_3,1382,0.7237339615821838,오설록
persona_3,1383,0.7237339615821838,오설록
persona_3,1384,0.7237339615821838,오설록
persona_3,1385,0.7023691534996033,오설록
persona_3,1386,0.6949493885040283,오설록
persona_3,1387,0.6832468509674072,오설록
persona_3,1388,0.6949493885040283,오설록
persona_3,1389,0.7127547860145569,오설록
persona_3,1390,0.7127547860145569,오설록
persona_3,1391,0.6949493885040283,오설록
persona_3,1392,0.7237339615821838,오설록
persona_3,1393,0.7128599882125854,오설록
persona_3,1394,0.7237339615821838,오설록
persona_3,1395,0.7096850872039795,오설록
persona_3,1396,0.6874298453330994,오설록
persona_3,1397,0.7237339615821838,오설록
persona_3,1398,0.7047987580299377,오설록
persona_3,1399,0.693028450012207,오설록
persona_3,1400,0.7237339615821838,오설록
persona_3,1401,0.6976833343505859,오설록
persona_3,1402,0.7237339615821838,오설록
persona_3,1403,0.6859548091888428,오설록
persona_3,1404,0.6859548091888428,오설록
persona_3,1405,0.7237339615821838,오설록
persona_3,1406,0.7127547860145569,오설록
persona_3,1407,0.7128599882125854,오설록
persona_3,1408,0.6976833343505859,오설록
persona_3,1409,0.6976833343505859,오설록
persona_3,1410,0.7127547860145569,오설록
persona_3,1411,0.7237339615821838,오설록
persona_3,1412,0.6859720349311829,오설록
persona_3,1413,0.7131665349006653,오설록
persona_3,1414,0.7237339615821838,오설록
persona_3,1415,0.6976833343505859,오설록
persona_3,1416,0.7237339615821838,오설록
persona_3,1417,0.6949493885040283,오설록
persona_3,1418,0.7127547860145569,오설록
persona_3,1419,0.7237339615821838,오설록
persona_3,1420,0.7127547860145569,오설록
persona_3,1421,0.7047867774963379,오설록
persona_3,1422,0.7128599882125854,오설록
persona_3,1423,0.6859548091888428,오설록
persona_3,1424,0.7127547860145569,오설록
persona_3,1425,0.7066327929496765,오설록
persona_3,1426,0.7281571626663208,오설록
persona_3,1427,0.7281571626663208,오설록
persona_3,1428,0.7237339615821838,오설록
persona_3,1429,0.7237339615821838,오설록
persona_3,1430,0.6921942830085754,오설록
persona_3,1431,0.6874298453330994,오설록
persona_3,1432,0.6976833343505859,오설록
persona_3,1433,0.693028450012207,오설록
persona_3,1434,0.6764335036277771,오설록
persona_3,1435,0.693028450012207,오설록
persona_3,1436,0.6976833343505859,오설록
persona_3,1437,0.6976833343505859,오설록
persona_3,1438,0.7281571626663208,오설록
persona_3,1439,0.6976833343505859,오설록
persona_3,1440,0.693028450012207,오설록
persona_3,1441,0.693028450012207,오설록
persona_3,1442,0.6976833343505859,오설록
persona_3,1443,0.6976833343505859,오설록
persona_3,1444,0.7237339615821838,오설록
persona_3,1445,0.7127547860145569,오설록
persona_3,1446,0.6976833343505859,오설록
persona_3,1447,0.693028450012207,오설록
persona_3,1448,0.7127547860145569,오설록
persona_3,1449,0.6976833343505859,오설록
persona_3,1450,0.7127547860145569,오설록
persona_3,1451,0.7127547860145569,오설록
persona_3,1452,0.7127547860145569,오설록
persona_3,1453,0.693028450012207,오설록
persona_3,1454,0.7080317735671997,오설록
persona_3,1455,0.6976833343505859,오설록
persona_3,1456,0.6976833343505859,오설록
persona_3,1457,0.6949493885040283,오설록
persona_3,1458,0.7019732594490051,오설록
persona_3,1459,0.7042890787124634,오설록
persona_3,1460,0.7387838363647461,오설록
persona_3,1461,0.7237339615821838,오설록
persona_3,1462,0.6874298453330994,오설록
persona_3,1463,0.6949493885040283,오설록
persona_3,1464,0.6949493885040283,오설록
persona_3,1465,0.6949493885040283,오설록
persona_3,1466,0.6832468509674072,오설록
persona_3,1467,0.6948444247245789,오설록
persona_3,1468,0.6832468509674072,오설록
persona_3,1469,0.7743061184883118,려
persona_3,1470,0.7804176807403564,려
persona_3,1471,0.7401754260063171,려
persona_3,1472,0.7100983262062073,려
persona_3,1473,0.7830135226249695,려
persona_3,1474,0.7331146001815796,려
persona_3,1475,0.7892616391181946,려
persona_3,1476,0.7669398784637451,려
persona_3,1477,0.7830135226249695,려
persona_3,1478,0.7925089001655579,려
persona_3,1479,0.7706471681594849,려
persona_3,1480,0.7830135226249695,려
persona_3,1481,0.7951534986495972,려
persona_3,1482,0.8049010038375854,려
persona_3,1483,0.7822487950325012,려
persona_3,1484,0.7893533110618591,려
persona_3,1485,0.7863397002220154,려
persona_3,1486,0.7823531031608582,려
persona_3,1487,0.8160916566848755,려
persona_3,1488,0.816852867603302,려
persona_3,1489,0.8160916566848755,려
persona_3,1490,0.816852867603302,려
persona_3,1491,0.7923533916473389,려
persona_3,1492,0.8160916566848755,려
persona_3,1493,0.8160916566848755,려
persona_3,1494,0.7871493697166443,려
persona_3,1495,0.816852867603302,려
persona_3,1496,0.816852867603302,려
persona_3,1497,0.816852867603302,려
persona_3,1498,0.816852867603302,려
persona_3,1499,0.816852867603302,려
persona_3,1500,0.816852867603302,려
persona_3,1501,0.7365061044692993,려
persona_3,1502,0.8100033402442932,설화수
persona_3,1503,0.7717155814170837,설화수
persona_3,1504,0.8100033402442932,설화수
persona_3,1505,0.7695286870002747,설화수
persona_3,1506,0.7717155814170837,설화수
persona_3,1507,0.8105014562606812,설화수
persona_3,1508,0.7695286870002747,설화수
persona_3,1509,0.8100033402442932,설화수
persona_3,1510,0.7704479098320007,설화수
persona_3,1511,0.6716578602790833,설화수
persona_3,1512,0.7434282898902893,설화수
persona_3,1513,0.8100033402442932,설화수
persona_3,1514,0.7744673490524292,설화수
persona_3,1515,0.7863697409629822,설화수
persona_3,1516,0.7643476128578186,설화수
persona_3,1517,0.7482842803001404,설화수
persona_3,1518,0.7061218619346619,설화수
persona_3,1519,0.781735360622406,설화수
persona_3,1520,0.7643476128578186,설화수
persona_3,1521,0.7033445239067078,설화수
persona_3,1522,0.8100033402442932,설화수
persona_3,1523,0.7695286870002747,설화수
persona_3,1524,0.8100033402442932,설화수
persona_3,1525,0.7258202433586121,설화수
persona_3,1526,0.7863697409629822,설화수
persona_3,1527,0.8105014562606812,설화수
persona_3,1528,0.8105014562606812,설화수
persona_3,1529,0.7863697409629822,설화수
persona_3,1530,0.7825305461883545,설화수
persona_3,1531,0.7820148468017578,설화수
persona_3,1532,0.7404930591583252,설화수
persona_3,1533,0.7786713242530823,설화수
persona_3,1534,0.7423595786094666,설화수
persona_3,1535,0.73128342628479,설화수
persona_3,1536,0.8100033402442932,설화수
persona_3,1537,0.7757757306098938,설화수
persona_3,1538,0.7643476128578186,설화수
persona_3,1539,0.7725597620010376,설화수
persona_3,1540,0.8100033402442932,설화수
persona_3,1541,0.7549545168876648,설화수
persona_3,1542,0.7369024157524109,설화수
persona_3,1543,0.7863697409629822,설화수
persona_3,1544,0.7328970432281494,설화수
persona_3,1545,0.765091598033905,설화수
persona_3,1546,0.7786713242530823,설화수
persona_3,1547,0.781735360622406,설화수
persona_3,1548,0.7353399395942688,설화수
persona_3,1549,0.7404930591583252,설화수
persona_3,1550,0.6716578602790833,설화수
persona_3,1551,0.7786713242530823,설화수
persona_3,1552,0.7804083824157715,설화수
persona_3,1553,0.7424945831298828,설화수
persona_3,1554,0.8100033402442932,설화수
persona_3,1555,0.7745407819747925,설화수
persona_3,1556,0.7745407819747925,설화수
persona_3,1557,0.7725597620010376,설화수
persona_3,1558,0.7764934301376343,설화수
persona_3,1559,0.7757757306098938,설화수
persona_3,1560,0.7809576392173767,설화수
persona_3,1561,0.781735360622406,설화수
persona_3,1562,0.7786713242530823,설화수
persona_3,1563,0.7757757306098938,설화수
persona_3,1564,0.7825305461883545,설화수
persona_3,1565,0.7804083824157715,설화수
persona_3,1566,0.7328970432281494,설화수
persona_3,1567,0.7825197577476501,설화수
persona_3,1568,0.7764939069747925,설화수
persona_3,1569,0.7720183730125427,설화수
persona_3,1570,0.7720183730125427,설화수
persona_3,1571,0.7745938897132874,설화수
persona_3,1572,0.752835214138031,설화수
persona_3,1573,0.7794928550720215,설화수
persona_3,1574,0.7681027054786682,설화수
persona_3,1575,0.7053877711296082,설화수
persona_3,1576,0.779205858707428,설화수
persona_3,1577,0.782520592212677,설화수
persona_3,1578,0.7745410203933716,설화수
persona_3,1579,0.7745410203933716,설화수
persona_3,1580,0.7764153480529785,설화수
persona_4,0,0.812211275100708,메이크온
persona_4,1,0.812211275100708,메이크온
persona_4,2,0.8131656646728516,메이크온
persona_4,3,0.8131656646728516,메이크온
persona_4,4,0.8131656646728516,메이크온
persona_4,5,0.8131656646728516,메이크온
persona_4,6,0.811712920665741,메이크온
persona_4,7,0.6730231046676636,메이크온
persona_4,8,0.812211275100708,메이크온
persona_4,9,0.7685670852661133,에뛰드
persona_4,10,0.7365120649337769,에뛰드
persona_4,11,0.8142989873886108,에뛰드
persona_4,12,0.8142989873886108,에뛰드
persona_4,13,0.8142989873886108,에뛰드
persona_4,14,0.8141350746154785,에뛰드
persona_4,15,0.7620097398757935,에뛰드
persona_4,16,0.7821242213249207,에뛰드
persona_4,17,0.7405444383621216,에뛰드
persona_4,18,0.7064621448516846,에뛰드
persona_4,19,0.8133453130722046,에뛰드
persona_4,20,0.7563515901565552,에뛰드
persona_4,21,0.7361558675765991,에뛰드
persona_4,22,0.8142989873886108,에뛰드
persona_4,23,0.8133453130722046,에뛰드
persona_4,24,0.7631540298461914,에뛰드
persona_4,25,0.7463676929473877,에뛰드
persona_4,26,0.7396994233131409,에뛰드
persona_4,27,0.7225456833839417,에뛰드
persona_4,28,0.746454656124115,에뛰드
persona_4,29,0.7582676410675049,에뛰드
persona_4,30,0.7435301542282104,에뛰드
persona_4,31,0.7304748296737671,에뛰드
persona_4,32,0.7801148295402527,에뛰드
persona_4,33,0.7625851631164551,에뛰드
persona_4,34,0.6911163926124573,에뛰드
persona_4,35,0.8150603771209717,에뛰드
persona_4,36,0.7175384163856506,에뛰드
persona_4,37,0.7301727533340454,에뛰드
persona_4,38,0.7655701637268066,에뛰드
persona_4,39,0.8141350746154785,에뛰드
persona_4,40,0.7250238656997681,에뛰드
persona_4,41,0.783275306224823,에뛰드
persona_4,42,0.8150603771209717,에뛰드
persona_4,43,0.8141350746154785,에뛰드
persona_4,44,0.8128455281257629,에뛰드
persona_4,45,0.7819176316261292,에뛰드
persona_4,46,0.8133453130722046,에뛰드
persona_4,47,0.7562923431396484,에뛰드
persona_4,48,0.7746044993400574,에뛰드
persona_4,49,0.7393091320991516,에뛰드
persona_4,50,0.8133453130722046,에뛰드
persona_4,51,0.7489392757415771,에뛰드
persona_4,52,0.7063584923744202,에뛰드
persona_4,53,0.7670431733131409,에뛰드
persona_4,54,0.7482063174247742,에뛰드
persona_4,55,0.739559531211853,에뛰드
persona_4,56,0.7363144159317017,에뛰드
persona_4,57,0.7834567427635193,에뛰드
persona_4,58,0.7487121820449829,에뛰드
persona_4,59,0.7821242213249207,에뛰드
persona_4,60,0.7254651188850403,에뛰드
persona_4,61,0.7101938724517822,에뛰드
persona_4,62,0.8133453130722046,에뛰드
persona_4,63,0.7193763256072998,에뛰드
persona_4,64,0.8142989873886108,에뛰드
persona_4,65,0.7303974032402039,에뛰드
persona_4,66,0.7847121953964233,에뛰드
persona_4,67,0.7212985754013062,에뛰드
persona_4,68,0.7415412068367004,에뛰드
persona_4,69,0.8128455281257629,에뛰드
persona_4,70,0.7773866057395935,에뛰드
persona_4,71,0.7685568332672119,에뛰드
persona_4,72,0.8133453130722046,에뛰드
persona_4,73,0.7834567427635193,에뛰드
persona_4,74,0.7276968359947205,에뛰드
persona_4,75,0.7387705445289612,에뛰드
persona_4,76,0.7510148882865906,에뛰드
persona_4,77,0.7315203547477722,에뛰드
persona_4,78,0.8128455281257629,에뛰드
persona_4,79,0.8128455281257629,에뛰드
persona_4,80,0.7535744309425354,에뛰드
persona_4,81,0.8133453130722046,에뛰드
persona_4,82,0.7509200572967529,에뛰드
persona_4,83,0.7516692876815796,에뛰드
persona_4,84,0.8128455281257629,에뛰드
persona_4,85,0.7774316072463989,에뛰드
persona_4,86,0.7760908603668213,에뛰드
persona_4,87,0.8142989873886108,에뛰드
persona_4,88,0.7460008859634399,에뛰드
persona_4,89,0.7582676410675049,에뛰드
persona_4,90,0.7054100036621094,에뛰드
persona_4,91,0.7875344157218933,에뛰드
persona_4,92,0.8133453130722046,에뛰드
persona_4,93,0.7416027188301086,에뛰드
persona_4,94,0.7090429663658142,에뛰드
persona_4,95,0.8031408786773682,에뛰드
persona_4,96,0.7623763680458069,에뛰드
persona_4,97,0.7837367653846741,에뛰드
persona_4,98,0.7512825131416321,에뛰드
persona_4,99,0.8142989873886108,에뛰드
persona_4,100,0.7443385124206543,에뛰드
persona_4,101,0.8128455281257629,에뛰드
persona_4,102,0.7745778560638428,에뛰드
persona_4,103,0.7750606536865234,에뛰드
persona_4,104,0.8142989873886108,에뛰드
persona_4,105,0.7837367653846741,에뛰드
persona_4,106,0.7058369517326355,에뛰드
persona_4,107,0.8128455281257629,에뛰드
persona_4,108,0.8142989873886108,에뛰드
persona_4,109,0.7270714044570923,에뛰드
persona_4,110,0.742548406124115,에뛰드
persona_4,111,0.7509200572967529,에뛰드
persona_4,112,0.8150603771209717,에뛰드
persona_4,113,0.7499346733093262,에뛰드
persona_4,114,0.8142989873886108,에뛰드
persona_4,115,0.8128455281257629,에뛰드
persona_4,116,0.8133453130722046,에뛰드
persona_4,117,0.8142989873886108,에뛰드
persona_4,118,0.8133453130722046,에뛰드
persona_4,119,0.7629672288894653,에뛰드
persona_4,120,0.7782651782035828,에뛰드
persona_4,121,0.7069382071495056,에뛰드
persona_4,122,0.8150603771209717,에뛰드
persona_4,123,0.7834567427635193,에뛰드
persona_4,124,0.8150603771209717,에뛰드
persona_4,125,0.8133453130722046,에뛰드
persona_4,126,0.774133026599884,에뛰드
persona_4,127,0.783275306224823,에뛰드
persona_4,128,0.8120807409286499,에뛰드
persona_4,129,0.7363144159317017,에뛰드
persona_4,130,0.7442195415496826,에뛰드
persona_4,131,0.8133453130722046,에뛰드
persona_4,132,0.7058369517326355,에뛰드
persona_4,133,0.8128455281257629,에뛰드
persona_4,134,0.8133453130722046,에뛰드
persona_4,135,0.8128455281257629,에뛰드
persona_4,136,0.8128455281257629,에뛰드
persona_4,137,0.8128455281257629,에뛰드
persona_4,138,0.8133453130722046,에뛰드
persona_4,139,0.8150603771209717,에뛰드
persona_4,140,0.8142989873886108,에뛰드
persona_4,141,0.8128455281257629,에뛰드
persona_4,142,0.7692071795463562,에뛰드
persona_4,143,0.7667785882949829,에뛰드
persona_4,144,0.7377936244010925,에뛰드
persona_4,145,0.7563515901565552,에뛰드
persona_4,146,0.7512825131416321,에뛰드
persona_4,147,0.707277774810791,에뛰드
persona_4,148,0.765786349773407,에뛰드
persona_4,149,0.7191067337989807,에뛰드
persona_4,150,0.7276968359947205,에뛰드
persona_4,151,0.7812007665634155,에뛰드
persona_4,152,0.7725780606269836,에스트라
persona_4,153,0.7698758840560913,에스트라
persona_4,154,0.7644601464271545,에스트라
persona_4,155,0.7772811055183411,에스트라
persona_4,156,0.779471218585968,에스트라
persona_4,157,0.778600811958313,에스트라
persona_4,158,0.7745809555053711,에스트라
persona_4,159,0.7745809555053711,에스트라
persona_4,160,0.7370731234550476,에스트라
persona_4,161,0.7793203592300415,에스트라
persona_4,162,0.7418245077133179,에스트라
persona_4,163,0.7588596940040588,에스트라
persona_4,164,0.7523556351661682,에스트라
persona_4,165,0.747366726398468,에스트라
persona_4,166,0.7252626419067383,에스트라
persona_4,167,0.7363981604576111,에스트라
persona_4,168,0.7871923446655273,에스트라
persona_4,169,0.7590893507003784,에스트라
persona_4,170,0.7793203592300415,에스트라
persona_4,171,0.745002806186676,에스트라
persona_4,172,0.7806670665740967,에스트라
persona_4,173,0.7579619884490967,에스트라
persona_4,174,0.7821294069290161,에스트라
persona_4,175,0.7784554362297058,에스트라
persona_4,176,0.7403247356414795,에스트라
persona_4,177,0.7804364562034607,에스트라
persona_4,178,0.7744978666305542,에스트라
persona_4,179,0.7694032788276672,에스트라
persona_4,180,0.760757565498352,에스트라
persona_4,181,0.7374443411827087,에스트라
persona_4,182,0.7744978666305542,에스트라
persona_4,183,0.7748693823814392,에스트라
persona_4,184,0.7722632884979248,에스트라
persona_4,185,0.7694740295410156,에스트라
persona_4,186,0.7382605075836182,에스트라
persona_4,187,0.748579204082489,에스트라
persona_4,188,0.8074036240577698,에스트라
persona_4,189,0.7325139045715332,에스트라
persona_4,190,0.7503937482833862,에스트라
persona_4,191,0.6932267546653748,에스트라
persona_4,192,0.786208987236023,에스트라
persona_4,193,0.75669264793396,에스트라
persona_4,194,0.7800858616828918,에스트라
persona_4,195,0.7811942100524902,에스트라
persona_4,196,0.8106188774108887,에스트라
persona_4,197,0.775036633014679,에스트라
persona_4,198,0.8106188774108887,에스트라
persona_4,199,0.8093704581260681,에스트라
persona_4,200,0.811414361000061,에스트라
persona_4,201,0.778600811958313,에스트라
persona_4,202,0.8093704581260681,에스트라
persona_4,203,0.8106188774108887,에스트라
persona_4,204,0.8101208209991455,에스트라
persona_4,205,0.8115702271461487,에스트라
persona_4,206,0.7630184888839722,
persona_4,207,0.7630184888839722,
persona_4,208,0.7630184888839722,
persona_4,209,0.7700003981590271,
persona_4,210,0.7660768032073975,
persona_4,211,0.7684875726699829,
persona_4,212,0.7684875726699829,
persona_4,213,0.7684875726699829,
persona_4,214,0.7660768032073975,
persona_4,215,0.7715238332748413,
persona_4,216,0.7596855759620667,
persona_4,217,0.7708398699760437,
persona_4,218,0.7596855759620667,
persona_4,219,0.7684875726699829,
persona_4,220,0.7700003981590271,
persona_4,221,0.7684875726699829,
persona_4,222,0.7630184888839722,
persona_4,223,0.7630184888839722,
persona_4,224,0.7660768032073975,
persona_4,225,0.7630184888839722,
persona_4,226,0.7630184888839722,
persona_4,227,0.7670722603797913,라보에이치
persona_4,228,0.7834816575050354,라보에이치
persona_4,229,0.79289710521698,라보에이치
persona_4,230,0.7777075171470642,라보에이치
persona_4,231,0.79289710521698,라보에이치
persona_4,232,0.7698419094085693,라보에이치
persona_4,233,0.8201981782913208,라보에이치
persona_4,234,0.8094768524169922,라보에이치
persona_4,235,0.7664610743522644,라보에이치
persona_4,236,0.7955768704414368,라보에이치
persona_4,237,0.7910409569740295,라보에이치
persona_4,238,0.7807916402816772,라보에이치
persona_4,239,0.7807486057281494,라보에이치
persona_4,240,0.7910409569740295,라보에이치
persona_4,241,0.7708244919776917,라보에이치
persona_4,242,0.79289710521698,라보에이치
persona_4,243,0.79289710521698,라보에이치
persona_4,244,0.7156522870063782,라보에이치
persona_4,245,0.8201981782913208,라보에이치
persona_4,246,0.8201981782913208,라보에이치
persona_4,247,0.8192408084869385,라보에이치
persona_4,248,0.7489776611328125,라보에이치
persona_4,249,0.8201981782913208,라보에이치
persona_4,250,0.8209558129310608,라보에이치
persona_4,251,0.8209558129310608,라보에이치
persona_4,252,0.8209558129310608,라보에이치
persona_4,253,0.8201981782913208,라보에이치
persona_4,254,0.8201981782913208,라보에이치
persona_4,255,0.8274050951004028,롱테이크
persona_4,256,0.7922275066375732,롱테이크
persona_4,257,0.789645791053772,롱테이크
persona_4,258,0.8274050951004028,롱테이크
persona_4,259,0.7900981307029724,롱테이크
persona_4,260,0.7861456274986267,롱테이크
persona_4,261,0.789645791053772,롱테이크
persona_4,262,0.7937206625938416,롱테이크
persona_4,263,0.7896225452423096,롱테이크
persona_4,264,0.7896225452423096,롱테이크
persona_4,265,0.8256905674934387,롱테이크
persona_4,266,0.7549647688865662,롱테이크
persona_4,267,0.8266515731811523,롱테이크
persona_4,268,0.8266515731811523,롱테이크
persona_4,269,0.8256905674934387,롱테이크
persona_4,270,0.8256905674934387,롱테이크
persona_4,271,0.8256905674934387,롱테이크
persona_4,272,0.8256905674934387,롱테이크
persona_4,273,0.7937065362930298,롱테이크
persona_4,274,0.8043721318244934,에스쁘아
persona_4,275,0.7508739233016968,에스쁘아
persona_4,276,0.7825915813446045,에스쁘아
persona_4,277,0.7486850023269653,에스쁘아
persona_4,278,0.7306352257728577,에스쁘아
persona_4,279,0.8345075249671936,에스쁘아
persona_4,280,0.7676726579666138,에스쁘아
persona_4,281,0.7788194417953491,에스쁘아
persona_4,282,0.7351443767547607,에스쁘아
persona_4,283,0.7503713965415955,에스쁘아
persona_4,284,0.7472824454307556,에스쁘아
persona_4,285,0.8345075249671936,에스쁘아
persona_4,286,0.8043721318244934,에스쁘아
persona_4,287,0.7525262832641602,에스쁘아
persona_4,288,0.8019097447395325,에스쁘아
persona_4,289,0.8043721318244934,에스쁘아
persona_4,290,0.7508739233016968,에스쁘아
persona_4,291,0.8335452079772949,에스쁘아
persona_4,292,0.8345075249671936,에스쁘아
persona_4,293,0.8345075249671936,에스쁘아
persona_4,294,0.8330403566360474,에스쁘아
persona_4,295,0.8051929473876953,에스쁘아
persona_4,296,0.8335452079772949,에스쁘아
persona_4,297,0.8335452079772949,에스쁘아
persona_4,298,0.8043721318244934,에스쁘아
persona_4,299,0.7251790165901184,에스쁘아
persona_4,300,0.7495896816253662,에스쁘아
persona_4,301,0.8330403566360474,에스쁘아
persona_4,302,0.8051929473876953,에스쁘아
persona_4,303,0.7998466491699219,에스쁘아
persona_4,304,0.7783452868461609,에스쁘아
persona_4,305,0.8330403566360474,에스쁘아
persona_4,306,0.8019097447395325,에스쁘아
persona_4,307,0.7306352257728577,에스쁘아
persona_4,308,0.7472824454307556,에스쁘아
persona_4,309,0.7315639853477478,에스쁘아
persona_4,310,0.8330403566360474,에스쁘아
persona_4,311,0.8312293887138367,에스쁘아
persona_4,312,0.8335452079772949,에스쁘아
persona_4,313,0.8045452833175659,에스쁘아
persona_4,314,0.7829210162162781,에스쁘아
persona_4,315,0.7277404069900513,에스쁘아
persona_4,316,0.7477781772613525,에스쁘아
persona_4,317,0.8335452079772949,에스쁘아
persona_4,318,0.7691408395767212,에스쁘아
persona_4,319,0.8043721318244934,에스쁘아
persona_4,320,0.8330403566360474,에스쁘아
persona_4,321,0.7998131513595581,에스쁘아
persona_4,322,0.8212811350822449,에스쁘아
persona_4,323,0.8059482574462891,에스쁘아
persona_4,324,0.8345075249671936,에스쁘아
persona_4,325,0.7691408395767212,에스쁘아
persona_4,326,0.7472824454307556,에스쁘아
persona_4,327,0.7309372425079346,에스쁘아
persona_4,328,0.7392086982727051,에스쁘아
persona_4,329,0.7454172968864441,에스쁘아
persona_4,330,0.7303893566131592,에스쁘아
persona_4,331,0.8035670518875122,에스쁘아
persona_4,332,0.7523728013038635,에스쁘아
persona_4,333,0.8335452079772949,에스쁘아
persona_4,334,0.8335452079772949,에스쁘아
persona_4,335,0.763949990272522,에스쁘아
persona_4,336,0.7460372447967529,에스쁘아
persona_4,337,0.8035670518875122,에스쁘아
persona_4,338,0.8113016486167908,에스쁘아
persona_4,339,0.8345075249671936,에스쁘아
persona_4,340,0.8019097447395325,에스쁘아
persona_4,341,0.8019097447395325,에스쁘아
persona_4,342,0.8019097447395325,에스쁘아
persona_4,343,0.8019097447395325,에스쁘아
persona_4,344,0.8019097447395325,에스쁘아
persona_4,345,0.8345075249671936,에스쁘아
persona_4,346,0.8335452079772949,에스쁘아
persona_4,347,0.8352565169334412,에스쁘아
persona_4,348,0.8140553832054138,아모레성수
persona_4,349,0.7847042679786682,아모레성수
persona_4,350,0.8726233243942261,아모레성수
persona_4,351,0.7818417549133301,아모레성수
persona_4,352,0.7828928232192993,아모레성수
persona_4,353,0.7882322072982788,아모레성수
persona_4,354,0.7996963858604431,아모레성수
persona_4,355,0.796825110912323,아모레성수
persona_4,356,0.8173593878746033,아모레성수
persona_4,357,0.8213640451431274,아모레성수
persona_4,358,0.7530973553657532,아모레성수
persona_4,359,0.772871196269989,아모레성수
persona_4,360,0.8077278137207031,아모레성수
persona_4,361,0.811620831489563,아모레성수
persona_4,362,0.8056221604347229,아모레성수
persona_4,363,0.8179246187210083,아모레성수
persona_4,364,0.7378076910972595,미쟝센
persona_4,365,0.7799782752990723,미쟝센
persona_4,366,0.7268890142440796,미쟝센
persona_4,367,0.7417356371879578,미쟝센
persona_4,368,0.7395710349082947,미쟝센
persona_4,369,0.7718661427497864,미쟝센
persona_4,370,0.7904913425445557,미쟝센
persona_4,371,0.7563953995704651,미쟝센
persona_4,372,0.7722690105438232,미쟝센
persona_4,373,0.7861420512199402,미쟝센
persona_4,374,0.7995312213897705,미쟝센
persona_4,375,0.7863191962242126,미쟝센
persona_4,376,0.7688506841659546,미쟝센
persona_4,377,0.7520036101341248,미쟝센
persona_4,378,0.7883403301239014,미쟝센
persona_4,379,0.7624778747558594,미쟝센
persona_4,380,0.7563953995704651,미쟝센
persona_4,381,0.7790868282318115,미쟝센
persona_4,382,0.7624778747558594,미쟝센
persona_4,383,0.7785691022872925,미쟝센
persona_4,384,0.7835743427276611,미쟝센
persona_4,385,0.8193957805633545,미쟝센
persona_4,386,0.8193957805633545,미쟝센
persona_4,387,0.7373645901679993,미쟝센
persona_4,388,0.818439245223999,미쟝센
persona_4,389,0.7709334492683411,미쟝센
persona_4,390,0.7563953995704651,미쟝센
persona_4,391,0.7563953995704651,미쟝센
persona_4,392,0.7563953995704651,미쟝센
persona_4,393,0.7706863880157471,미쟝센
persona_4,394,0.8193957805633545,미쟝센
persona_4,395,0.7161867618560791,미쟝센
persona_4,396,0.759860634803772,미쟝센
persona_4,397,0.8193957805633545,미쟝센
persona_4,398,0.8193957805633545,미쟝센
persona_4,399,0.7903600931167603,미쟝센
persona_4,400,0.7520036101341248,미쟝센
persona_4,401,0.7701736092567444,미쟝센
persona_4,402,0.7542568445205688,미쟝센
persona_4,403,0.7882261872291565,미쟝센
persona_4,404,0.7921862602233887,미쟝센
persona_4,405,0.7679875493049622,미쟝센
persona_4,406,0.7563953995704651,미쟝센
persona_4,407,0.7156203985214233,미쟝센
persona_4,408,0.7219333648681641,미쟝센
persona_4,409,0.818439245223999,미쟝센
persona_4,410,0.8193957805633545,미쟝센
persona_4,411,0.818439245223999,미쟝센
persona_4,412,0.8193957805633545,미쟝센
persona_4,413,0.8193957805633545,미쟝센
persona_4,414,0.8193957805633545,미쟝센
persona_4,415,0.8201529383659363,미쟝센
persona_4,416,0.7317357063293457,미쟝센
persona_4,417,0.8201529383659363,미쟝센
persona_4,418,0.8193957805633545,미쟝센
persona_4,419,0.8201529383659363,미쟝센
persona_4,420,0.8201529383659363,미쟝센
persona_4,421,0.8193957805633545,미쟝센
persona_4,422,0.7563953995704651,미쟝센
persona_4,423,0.8270271420478821,아모레퍼시픽
persona_4,424,0.8805249333381653,아모레퍼시픽
persona_4,425,0.878563642501831,아모레퍼시픽
persona_4,426,0.8700948357582092,아모레퍼시픽
persona_4,427,0.7530973553657532,아모레퍼시픽
persona_4,428,0.8747748136520386,아모레퍼시픽
persona_4,429,0.878563642501831,아모레퍼시픽
persona_4,430,0.9119316339492798,아모레베이직
persona_4,431,0.9109389781951904,아모레베이직
persona_4,432,0.8805985450744629,아모레베이직
persona_4,433,0.9126099348068237,아모레베이직
persona_4,434,0.8195044994354248,아모레베이직
persona_4,435,0.7907233834266663,아모레베이직
persona_4,436,0.9126099348068237,아모레베이직
persona_4,437,0.9126099348068237,아모레베이직
persona_4,438,0.9109389781951904,아모레베이직
persona_4,439,0.9089574813842773,아모레베이직
persona_4,440,0.9066387414932251,아모레베이직
persona_4,441,0.9126099348068237,아모레베이직
persona_4,442,0.9126099348068237,아모레베이직
persona_4,443,0.8314540386199951,아모레베이직
persona_4,444,0.81181401014328,한율
persona_4,445,0.7746967077255249,한율
persona_4,446,0.8127654790878296,한율
persona_4,447,0.7792452573776245,한율
persona_4,448,0.8127654790878296,한율
persona_4,449,0.7477820515632629,한율
persona_4,450,0.7832956314086914,한율
persona_4,451,0.8127654790878296,한율
persona_4,452,0.8135282397270203,한율
persona_4,453,0.8127654790878296,한율
persona_4,454,0.81181401014328,한율
persona_4,455,0.7818428874015808,한율
persona_4,456,0.8135282397270203,한율
persona_4,457,0.7477820515632629,한율
persona_4,458,0.7792452573776245,한율
persona_4,459,0.7758920192718506,한율
persona_4,460,0.8135282397270203,한율
persona_4,461,0.7860714197158813,한율
persona_4,462,0.8127654790878296,한율
persona_4,463,0.8135282397270203,한율
persona_4,464,0.765396773815155,한율
persona_4,465,0.8135282397270203,한율
persona_4,466,0.7792452573776245,한율
persona_4,467,0.8127654790878296,한율
persona_4,468,0.7812153100967407,한율
persona_4,469,0.7477820515632629,한율
persona_4,470,0.7963744401931763,한율
persona_4,471,0.8127654790878296,한율
persona_4,472,0.8135282397270203,한율
persona_4,473,0.7713047862052917,한율
persona_4,474,0.7883691787719727,한율
persona_4,475,0.7777806520462036,한율
persona_4,476,0.7446804046630859,한율
persona_4,477,0.8135282397270203,한율
persona_4,478,0.8135282397270203,한율
persona_4,479,0.8127654790878296,한율
persona_4,480,0.8135282397270203,한율
persona_4,481,0.7865440845489502,한율
persona_4,482,0.7804945707321167,한율
persona_4,483,0.7797748446464539,한율
persona_4,484,0.7687047719955444,한율
persona_4,485,0.7799500226974487,한율
persona_4,486,0.7713047862052917,한율
persona_4,487,0.7446804046630859,한율
persona_4,488,0.7832956314086914,한율
persona_4,489,0.8127654790878296,한율
persona_4,490,0.7707973718643188,한율
persona_4,491,0.81181401014328,한율
persona_4,492,0.8127654790878296,한율
persona_4,493,0.8135282397270203,한율
persona_4,494,0.8127654790878296,한율
persona_4,495,0.8135282397270203,한율
persona_4,496,0.8135282397270203,한율
persona_4,497,0.8135282397270203,한율
persona_4,498,0.8127654790878296,한율
persona_4,499,0.7339320778846741,해피바스
persona_4,500,0.729877769947052,해피바스
persona_4,501,0.7667394876480103,해피바스
persona_4,502,0.7505051493644714,해피바스
persona_4,503,0.8000041842460632,해피바스
persona_4,504,0.7718251347541809,해피바스
persona_4,505,0.7976306080818176,해피바스
persona_4,506,0.8247981071472168,해피바스
persona_4,507,0.7453665137290955,해피바스
persona_4,508,0.7962194085121155,해피바스
persona_4,509,0.7751248478889465,해피바스
persona_4,510,0.7207615375518799,해피바스
persona_4,511,0.7298492789268494,해피바스
persona_4,512,0.7718251347541809,해피바스
persona_4,513,0.7344391942024231,해피바스
persona_4,514,0.7489103674888611,해피바스
persona_4,515,0.7976306080818176,해피바스
persona_4,516,0.7298492789268494,해피바스
persona_4,517,0.7624250650405884,해피바스
persona_4,518,0.7596476078033447,해피바스
persona_4,519,0.8000041842460632,해피바스
persona_4,520,0.729877769947052,해피바스
persona_4,521,0.8238392472267151,해피바스
persona_4,522,0.7298492789268494,해피바스
persona_4,523,0.8255523443222046,해피바스
persona_4,524,0.7596476078033447,해피바스
persona_4,525,0.7317784428596497,해피바스
persona_4,526,0.7298492789268494,해피바스
persona_4,527,0.7315470576286316,해피바스
persona_4,528,0.8255523443222046,해피바스
persona_4,529,0.7541244029998779,해피바스
persona_4,530,0.7477945685386658,해피바스
persona_4,531,0.7489103674888611,해피바스
persona_4,532,0.8255523443222046,해피바스
persona_4,533,0.7573646306991577,해피바스
persona_4,534,0.7718251347541809,해피바스
persona_4,535,0.770587682723999,해피바스
persona_4,536,0.8255523443222046,해피바스
persona_4,537,0.8255523443222046,해피바스
persona_4,538,0.7596476078033447,해피바스
persona_4,539,0.794721245765686,해피바스
persona_4,540,0.8255523443222046,해피바스
persona_4,541,0.7506631016731262,해피바스
persona_4,542,0.8255523443222046,해피바스
persona_4,543,0.8255523443222046,해피바스
persona_4,544,0.7947413325309753,해피바스
persona_4,545,0.7806994318962097,해피바스
persona_4,546,0.7596476078033447,해피바스
persona_4,547,0.7492507100105286,해피바스
persona_4,548,0.7610936164855957,해피바스
persona_4,549,0.7890534996986389,해피바스
persona_4,550,0.7890534996986389,해피바스
persona_4,551,0.9126099348068237,온호프
persona_4,552,0.8198388814926147,홀리추얼
persona_4,553,0.7715400457382202,홀리추얼
persona_4,554,0.8198388814926147,홀리추얼
persona_4,555,0.7804737091064453,홀리추얼
persona_4,556,0.7825207114219666,홀리추얼
persona_4,557,0.7879162430763245,홀리추얼
persona_4,558,0.788032054901123,홀리추얼
persona_4,559,0.7837042212486267,홀리추얼
persona_4,560,0.7881464958190918,홀리추얼
persona_4,561,0.7798290848731995,홀리추얼
persona_4,562,0.8168348670005798,홀리추얼
persona_4,563,0.8168348670005798,홀리추얼
persona_4,564,0.8189046382904053,홀리추얼
persona_4,565,0.7695546746253967,홀리추얼
persona_4,566,0.7893550395965576,홀리추얼
persona_4,567,0.8074379563331604,홀리추얼
persona_4,568,0.8189046382904053,홀리추얼
persona_4,569,0.8198388814926147,홀리추얼
persona_4,570,0.8190801739692688,홀리추얼
persona_4,571,0.8190801739692688,홀리추얼
persona_4,572,0.7545369863510132,홀리추얼
persona_4,573,0.8412207961082458,
persona_4,574,0.825461745262146,
persona_4,575,0.7819329500198364,
persona_4,576,0.7723150849342346,오딧세이
persona_4,577,0.7754024267196655,오딧세이
persona_4,578,0.8145698308944702,오딧세이
persona_4,579,0.7754024267196655,오딧세이
persona_4,580,0.8136160969734192,오딧세이
persona_4,581,0.7723150849342346,오딧세이
persona_4,582,0.8136160969734192,오딧세이
persona_4,583,0.8145698308944702,오딧세이
persona_4,584,0.8145698308944702,오딧세이
persona_4,585,0.8153300881385803,오딧세이
persona_4,586,0.8152020573616028,프리메라
persona_4,587,0.7840574979782104,프리메라
persona_4,588,0.7542335987091064,프리메라
persona_4,589,0.78223717212677,프리메라
persona_4,590,0.8152020573616028,프리메라
persona_4,591,0.7845524549484253,프리메라
persona_4,592,0.7623634934425354,프리메라
persona_4,593,0.8041889071464539,프리메라
persona_4,594,0.7315877079963684,프리메라
persona_4,595,0.7111837267875671,프리메라
persona_4,596,0.7859762907028198,프리메라
persona_4,597,0.7560401558876038,프리메라
persona_4,598,0.7383478879928589,프리메라
persona_4,599,0.7736173272132874,프리메라
persona_4,600,0.8161283135414124,프리메라
persona_4,601,0.8152020573616028,프리메라
persona_4,602,0.7840878963470459,프리메라
persona_4,603,0.7857987284660339,프리메라
persona_4,604,0.775600016117096,프리메라
persona_4,605,0.7843139171600342,프리메라
persona_4,606,0.7857987284660339,프리메라
persona_4,607,0.7600998878479004,프리메라
persona_4,608,0.7111523747444153,프리메라
persona_4,609,0.7848014831542969,프리메라
persona_4,610,0.8144134879112244,프리메라
persona_4,611,0.7844820618629456,프리메라
persona_4,612,0.7770581841468811,프리메라
persona_4,613,0.7878292202949524,프리메라
persona_4,614,0.7405741810798645,프리메라
persona_4,615,0.7809646129608154,프리메라
persona_4,616,0.7770581841468811,프리메라
persona_4,617,0.7814405560493469,프리메라
persona_4,618,0.7853404879570007,프리메라
persona_4,619,0.7885659337043762,프리메라
persona_4,620,0.7844820618629456,프리메라
persona_4,621,0.7519719004631042,프리메라
persona_4,622,0.7803005576133728,프리메라
persona_4,623,0.8047661185264587,프리메라
persona_4,624,0.7778689861297607,프리메라
persona_4,625,0.813143253326416,프리메라
persona_4,626,0.7885659337043762,프리메라
persona_4,627,0.7847549319267273,프리메라
persona_4,628,0.7786299586296082,프리메라
persona_4,629,0.7495720982551575,프리메라
persona_4,630,0.7620691061019897,프리메라
persona_4,631,0.7805821895599365,프리메라
persona_4,632,0.7807978391647339,프리메라
persona_4,633,0.7379363179206848,프리메라
persona_4,634,0.7710287570953369,프리메라
persona_4,635,0.7827773690223694,프리메라
persona_4,636,0.7307085990905762,프리메라
persona_4,637,0.776141345500946,프리메라
persona_4,638,0.7383478879928589,프리메라
persona_4,639,0.7736173272132874,프리메라
persona_4,640,0.7775317430496216,프리메라
persona_4,641,0.8153679370880127,프리메라
persona_4,642,0.8153679370880127,프리메라
persona_4,643,0.7679546475410461,프리메라
persona_4,644,0.7449655532836914,프리메라
persona_4,645,0.7963862419128418,헤라
persona_4,646,0.7904480695724487,헤라
persona_4,647,0.7120364308357239,헤라
persona_4,648,0.7351680397987366,헤라
persona_4,649,0.75180983543396,헤라
persona_4,650,0.7514371871948242,헤라
persona_4,651,0.7102453708648682,헤라
persona_4,652,0.746272087097168,헤라
persona_4,653,0.746272087097168,헤라
persona_4,654,0.7514371871948242,헤라
persona_4,655,0.712171733379364,헤라
persona_4,656,0.712171733379364,헤라
persona_4,657,0.7963862419128418,헤라
persona_4,658,0.8218733668327332,헤라
persona_4,659,0.8218733668327332,헤라
persona_4,660,0.8218733668327332,헤라
persona_4,661,0.737236738204956,헤라
persona_4,662,0.8209346532821655,헤라
persona_4,663,0.7453191876411438,헤라
persona_4,664,0.7120364308357239,헤라
persona_4,665,0.7912839651107788,헤라
persona_4,666,0.8209346532821655,헤라
persona_4,667,0.7502814531326294,헤라
persona_4,668,0.782632052898407,헤라
persona_4,669,0.7941144108772278,헤라
persona_4,670,0.8188557028770447,헤라
persona_4,671,0.8201603889465332,헤라
persona_4,672,0.8201603889465332,헤라
persona_4,673,0.7790481448173523,헤라
persona_4,674,0.7403876781463623,헤라
persona_4,675,0.8201603889465332,헤라
persona_4,676,0.7756094336509705,헤라
persona_4,677,0.7890300154685974,헤라
persona_4,678,0.7573269605636597,헤라
persona_4,679,0.7903189659118652,헤라
persona_4,680,0.7378769516944885,헤라
persona_4,681,0.7480859756469727,헤라
persona_4,682,0.8201603889465332,헤라
persona_4,683,0.7140152454376221,헤라
persona_4,684,0.7823796272277832,헤라
persona_4,685,0.7797324061393738,헤라
persona_4,686,0.7681239247322083,헤라
persona_4,687,0.7351680397987366,헤라
persona_4,688,0.7815338969230652,헤라
persona_4,689,0.7912839651107788,헤라
persona_4,690,0.7952451705932617,헤라
persona_4,691,0.7526187300682068,헤라
persona_4,692,0.7564944624900818,헤라
persona_4,693,0.7940829992294312,헤라
persona_4,694,0.7152077555656433,헤라
persona_4,695,0.7817312479019165,헤라
persona_4,696,0.8211165070533752,헤라
persona_4,697,0.7800019383430481,헤라
persona_4,698,0.7400204539299011,헤라
persona_4,699,0.769616961479187,헤라
persona_4,700,0.7666880488395691,헤라
persona_4,701,0.7899557948112488,헤라
persona_4,702,0.7912472486495972,헤라
persona_4,703,0.8218733668327332,헤라
persona_4,704,0.8201603889465332,헤라
persona_4,705,0.7442426085472107,헤라
persona_4,706,0.7316541075706482,헤라
persona_4,707,0.7372821569442749,헤라
persona_4,708,0.7934613823890686,헤라
persona_4,709,0.7457503080368042,헤라
persona_4,710,0.77117520570755,헤라
persona_4,711,0.7822956442832947,헤라
persona_4,712,0.7521941661834717,헤라
persona_4,713,0.7934613823890686,헤라
persona_4,714,0.7898702025413513,헤라
persona_4,715,0.7900954484939575,헤라
persona_4,716,0.7835814356803894,헤라
persona_4,717,0.7756094336509705,헤라
persona_4,718,0.7903189659118652,헤라
persona_4,719,0.7120364308357239,헤라
persona_4,720,0.7762274146080017,헤라
persona_4,721,0.7832675576210022,헤라
persona_4,722,0.7577808499336243,헤라
persona_4,723,0.7934590578079224,헤라
persona_4,724,0.7817367315292358,헤라
persona_4,725,0.755923330783844,헤라
persona_4,726,0.7890300154685974,헤라
persona_4,727,0.7116220593452454,헤라
persona_4,728,0.7179659605026245,헤라
persona_4,729,0.7467684149742126,헤라
persona_4,730,0.7467684149742126,헤라
persona_4,731,0.8209346532821655,헤라
persona_4,732,0.8209346532821655,헤라
persona_4,733,0.7231719493865967,헤라
persona_4,734,0.7629736065864563,헤라
persona_4,735,0.7563068866729736,헤라
persona_4,736,0.7457339763641357,헤라
persona_4,737,0.7725102305412292,헤라
persona_4,738,0.7387992143630981,비레디
persona_4,739,0.7446642518043518,라네즈
persona_4,740,0.7844438552856445,비레디
persona_4,741,0.7906287312507629,라네즈
persona_4,742,0.7662634253501892,비레디
persona_4,743,0.772531270980835,라네즈
persona_4,744,0.785763144493103,비레디
persona_4,745,0.791982889175415,라네즈
persona_4,746,0.7141216993331909,비레디
persona_4,747,0.7198855876922607,라네즈
persona_4,748,0.8211435675621033,비레디
persona_4,749,0.8276180624961853,라네즈
persona_4,750,0.7141216993331909,비레디
persona_4,751,0.7198855876922607,라네즈
persona_4,752,0.7870169281959534,비레디
persona_4,753,0.7932226061820984,라네즈
persona_4,754,0.7941446900367737,비레디
persona_4,755,0.8003789782524109,라네즈
persona_4,756,0.7609434723854065,비레디
persona_4,757,0.7670997381210327,라네즈
persona_4,758,0.7425441145896912,비레디
persona_4,759,0.7484965920448303,라네즈
persona_4,760,0.7717862129211426,비레디
persona_4,761,0.7777924537658691,라네즈
persona_4,762,0.7830731868743896,비레디
persona_4,763,0.7891778945922852,라네즈
persona_4,764,0.8201870918273926,비레디
persona_4,765,0.8266594409942627,라네즈
persona_4,766,0.7941446900367737,비레디
persona_4,767,0.8003789782524109,라네즈
persona_4,768,0.7373327612876892,비레디
persona_4,769,0.7431248426437378,라네즈
persona_4,770,0.7050994038581848,비레디
persona_4,771,0.7109424471855164,라네즈
persona_4,772,0.7540715336799622,비레디
persona_4,773,0.7600169777870178,라네즈
persona_4,774,0.7425441145896912,비레디
persona_4,775,0.7484965920448303,라네즈
persona_4,776,0.7367921471595764,비레디
persona_4,777,0.7426462769508362,라네즈
persona_4,778,0.7367921471595764,비레디
persona_4,779,0.7426462769508362,라네즈
persona_4,780,0.7367921471595764,비레디
persona_4,781,0.7426462769508362,라네즈
persona_4,782,0.8201870918273926,비레디
persona_4,783,0.8266594409942627,라네즈
persona_4,784,0.8201870918273926,비레디
persona_4,785,0.8266594409942627,라네즈
persona_4,786,0.8201870918273926,비레디
persona_4,787,0.8266594409942627,라네즈
persona_4,788,0.8201870918273926,비레디
persona_4,789,0.8266594409942627,라네즈
persona_4,790,0.8201870918273926,비레디
persona_4,791,0.8266594409942627,라네즈
persona_4,792,0.7912675142288208,비레디
persona_4,793,0.7976191639900208,라네즈
persona_4,794,0.8153365850448608,아이오페
persona_4,795,0.707297682762146,아이오페
persona_4,796,0.8131142258644104,아이오페
persona_4,797,0.7754050493240356,아이오페
persona_4,798,0.7857269644737244,아이오페
persona_4,799,0.7472280859947205,아이오페
persona_4,800,0.8160966634750366,아이오페
persona_4,801,0.7762990593910217,아이오페
persona_4,802,0.7646865248680115,아이오페
persona_4,803,0.7834591269493103,아이오페
persona_4,804,0.8160966634750366,아이오페
persona_4,805,0.789703905582428,아이오페
persona_4,806,0.8160966634750366,아이오페
persona_4,807,0.777463972568512,아이오페
persona_4,808,0.6829248666763306,아이오페
persona_4,809,0.7875013947486877,아이오페
persona_4,810,0.6829248666763306,아이오페
persona_4,811,0.7151457667350769,아이오페
persona_4,812,0.7347003817558289,아이오페
persona_4,813,0.789703905582428,아이오페
persona_4,814,0.7834591269493103,아이오페
persona_4,815,0.798858642578125,아이오페
persona_4,816,0.6938579678535461,아이오페
persona_4,817,0.7823692560195923,아이오페
persona_4,818,0.7802133560180664,아이오페
persona_4,819,0.7303415536880493,아이오페
persona_4,820,0.7875013947486877,아이오페
persona_4,821,0.7677100896835327,아이오페
persona_4,822,0.8026142716407776,아이오페
persona_4,823,0.7781323790550232,아이오페
persona_4,824,0.7752335667610168,아이오페
persona_4,825,0.7754050493240356,아이오페
persona_4,826,0.7270050644874573,아이오페
persona_4,827,0.8143832087516785,아이오페
persona_4,828,0.7781323790550232,아이오페
persona_4,829,0.7847853899002075,아이오페
persona_4,830,0.7816486954689026,아이오페
persona_4,831,0.7457362413406372,아이오페
persona_4,832,0.7453455924987793,아이오페
persona_4,833,0.7848201990127563,아이오페
persona_4,834,0.7304074764251709,아이오페
persona_4,835,0.7436314225196838,아이오페
persona_4,836,0.7789677381515503,아이오페
persona_4,837,0.7789677381515503,아이오페
persona_4,838,0.7443217039108276,아이오페
persona_4,839,0.7514656782150269,아이오페
persona_4,840,0.8153365850448608,아이오페
persona_4,841,0.8143832087516785,아이오페
persona_4,842,0.7816486954689026,아이오페
persona_4,843,0.8143832087516785,아이오페
persona_4,844,0.7829375863075256,아이오페
persona_4,845,0.8151710033416748,아이오페
persona_4,846,0.8143832087516785,아이오페
persona_4,847,0.7814233303070068,아이오페
persona_4,848,0.6994497776031494,아이오페
persona_4,849,0.7754623889923096,아이오페
persona_4,850,0.7702282071113586,아이오페
persona_4,851,0.7762990593910217,아이오페
persona_4,852,0.7878128886222839,아이오페
persona_4,853,0.7044911980628967,아이오페
persona_4,854,0.6884475350379944,아이오페
persona_4,855,0.7857269644737244,아이오페
persona_4,856,0.8160966634750366,아이오페
persona_4,857,0.8151710033416748,아이오페
persona_4,858,0.6740836501121521,아이오페
persona_4,859,0.8131142258644104,아이오페
persona_4,860,0.7885482907295227,아이오페
persona_4,861,0.7713863849639893,아이오페
persona_4,862,0.9066387414932251,에이피뷰티
persona_4,863,0.8418617248535156,에이피뷰티
persona_4,864,0.7987240552902222,에이피뷰티
persona_4,865,0.8693953156471252,에이피뷰티
persona_4,866,0.8774603605270386,에이피뷰티
persona_4,867,0.833466649055481,에이피뷰티
persona_4,868,0.8759891390800476,에이피뷰티
persona_4,869,0.8760861754417419,에이피뷰티
persona_4,870,0.8777421116828918,에이피뷰티
persona_4,871,0.9114470481872559,에이피뷰티
persona_4,872,0.8770740032196045,에이피뷰티
persona_4,873,0.8770740032196045,에이피뷰티
persona_4,874,0.8748681545257568,에이피뷰티
persona_4,875,0.8774603605270386,에이피뷰티
persona_4,876,0.8774603605270386,에이피뷰티
persona_4,877,0.9089574813842773,에이피뷰티
persona_4,878,0.7748003005981445,에이피뷰티
persona_4,879,0.9114470481872559,에이피뷰티
persona_4,880,0.8760861754417419,에이피뷰티
persona_4,881,0.8010269999504089,에이피뷰티
persona_4,882,0.87553471326828,에이피뷰티
persona_4,883,0.8817782998085022,에이피뷰티
persona_4,884,0.8817782998085022,에이피뷰티
persona_4,885,0.8755623698234558,에이피뷰티
persona_4,886,0.8652817010879517,에이피뷰티
persona_4,887,0.8594119548797607,에이피뷰티
persona_4,888,0.9126099348068237,에이피뷰티
persona_4,889,0.8468701839447021,에이피뷰티
persona_4,890,0.8468701839447021,에이피뷰티
persona_4,891,0.8468701839447021,에이피뷰티
persona_4,892,0.8774603605270386,에이피뷰티
persona_4,893,0.8805249333381653,에이피뷰티
persona_4,894,0.9089574813842773,에이피뷰티
persona_4,895,0.9066387414932251,에이피뷰티
persona_4,896,0.7990003228187561,에이피뷰티
persona_4,897,0.7644473910331726,에이피뷰티
persona_4,898,0.8755623698234558,에이피뷰티
persona_4,899,0.7815170884132385,일리윤
persona_4,900,0.7642921209335327,일리윤
persona_4,901,0.7977699637413025,일리윤
persona_4,902,0.7612365484237671,일리윤
persona_4,903,0.7467823028564453,일리윤
persona_4,904,0.7756010890007019,일리윤
persona_4,905,0.7467823028564453,일리윤
persona_4,906,0.7756010890007019,일리윤
persona_4,907,0.7885481715202332,일리윤
persona_4,908,0.7862297296524048,일리윤
persona_4,909,0.7612412571907043,일리윤
persona_4,910,0.7818053364753723,일리윤
persona_4,911,0.7896724939346313,일리윤
persona_4,912,0.7371112108230591,일리윤
persona_4,913,0.7649580836296082,일리윤
persona_4,914,0.7685542106628418,일리윤
persona_4,915,0.7741421461105347,일리윤
persona_4,916,0.8103475570678711,일리윤
persona_4,917,0.7839264869689941,일리윤
persona_4,918,0.782833456993103,일리윤
persona_4,919,0.7815022468566895,일리윤
persona_4,920,0.7604933977127075,일리윤
persona_4,921,0.7431706786155701,일리윤
persona_4,922,0.7756010890007019,일리윤
persona_4,923,0.7807424068450928,일리윤
persona_4,924,0.7623295187950134,일리윤
persona_4,925,0.7318320274353027,일리윤
persona_4,926,0.7254864573478699,일리윤
persona_4,927,0.7837529182434082,일리윤
persona_4,928,0.7381007671356201,일리윤
persona_4,929,0.7756083607673645,일리윤
persona_4,930,0.7591058015823364,일리윤
persona_4,931,0.7407663464546204,일리윤
persona_4,932,0.7847296595573425,일리윤
persona_4,933,0.7649580836296082,일리윤
persona_4,934,0.7807424068450928,일리윤
persona_4,935,0.7649580836296082,일리윤
persona_4,936,0.7839264869689941,일리윤
persona_4,937,0.7847296595573425,일리윤
persona_4,938,0.8093972206115723,일리윤
persona_4,939,0.8111107349395752,일리윤
persona_4,940,0.8111107349395752,일리윤
persona_4,941,0.7360278964042664,일리윤
persona_4,942,0.8111107349395752,일리윤
persona_4,943,0.8093972206115723,일리윤
persona_4,944,0.8111107349395752,일리윤
persona_4,945,0.8093972206115723,일리윤
persona_4,946,0.7806825637817383,일리윤
persona_4,947,0.8089004158973694,일리윤
persona_4,948,0.8093972206115723,일리윤
persona_4,949,0.8089004158973694,일리윤
persona_4,950,0.8089004158973694,일리윤
persona_4,951,0.7612365484237671,일리윤
persona_4,952,0.745151162147522,일리윤
persona_4,953,0.7586544156074524,일리윤
persona_4,954,0.8093972206115723,일리윤
persona_4,955,0.7806825637817383,일리윤
persona_4,956,0.7806825637817383,일리윤
persona_4,957,0.8103475570678711,일리윤
persona_4,958,0.8093972206115723,일리윤
persona_4,959,0.7800381779670715,일리윤
persona_4,960,0.7266976833343506,일리윤
persona_4,961,0.7445068955421448,일리윤
persona_4,962,0.7838151454925537,일리윤
persona_4,963,0.8317078948020935,이니스프리
persona_4,964,0.8015062212944031,이니스프리
persona_4,965,0.768090546131134,이니스프리
persona_4,966,0.8039550185203552,이니스프리
persona_4,967,0.8295817375183105,이니스프리
persona_4,968,0.7988088726997375,이니스프리
persona_4,969,0.8319219350814819,이니스프리
persona_4,970,0.8319219350814819,이니스프리
persona_4,971,0.8295817375183105,이니스프리
persona_4,972,0.8014986515045166,이니스프리
persona_4,973,0.7449408173561096,이니스프리
persona_4,974,0.78754061460495,이니스프리
persona_4,975,0.7863494157791138,이니스프리
persona_4,976,0.7555994987487793,이니스프리
persona_4,977,0.7935768365859985,이니스프리
persona_4,978,0.7656654119491577,이니스프리
persona_4,979,0.7449408173561096,이니스프리
persona_4,980,0.8319219350814819,이니스프리
persona_4,981,0.8043740391731262,이니스프리
persona_4,982,0.768090546131134,이니스프리
persona_4,983,0.7572596073150635,이니스프리
persona_4,984,0.8317078948020935,이니스프리
persona_4,985,0.7988105416297913,이니스프리
persona_4,986,0.8326730728149414,이니스프리
persona_4,987,0.7540414333343506,이니스프리
persona_4,988,0.7917999029159546,이니스프리
persona_4,989,0.8309592604637146,이니스프리
persona_4,990,0.7945804595947266,이니스프리
persona_4,991,0.7641429901123047,이니스프리
persona_4,992,0.8295817375183105,이니스프리
persona_4,993,0.793985903263092,이니스프리
persona_4,994,0.7766900658607483,이니스프리
persona_4,995,0.7834099531173706,이니스프리
persona_4,996,0.8295817375183105,이니스프리
persona_4,997,0.7953223586082458,이니스프리
persona_4,998,0.8004363179206848,이니스프리
persona_4,999,0.7259944081306458,이니스프리
persona_4,1000,0.7690616250038147,이니스프리
persona_4,1001,0.7449408173561096,이니스프리
persona_4,1002,0.7555994987487793,이니스프리
persona_4,1003,0.7988105416297913,이니스프리
persona_4,1004,0.8043740391731262,이니스프리
persona_4,1005,0.8319219350814819,이니스프리
persona_4,1006,0.763926088809967,이니스프리
persona_4,1007,0.7766900658607483,이니스프리
persona_4,1008,0.767091691493988,이니스프리
persona_4,1009,0.797075092792511,이니스프리
persona_4,1010,0.7972745299339294,이니스프리
persona_4,1011,0.8055466413497925,이니스프리
persona_4,1012,0.7944128513336182,이니스프리
persona_4,1013,0.7988088726997375,이니스프리
persona_4,1014,0.7693867087364197,이니스프리
persona_4,1015,0.780443012714386,이니스프리
persona_4,1016,0.7953223586082458,이니스프리
persona_4,1017,0.780443012714386,이니스프리
persona_4,1018,0.780443012714386,이니스프리
persona_4,1019,0.7957701683044434,이니스프리
persona_4,1020,0.8020550608634949,이니스프리
persona_4,1021,0.8203420639038086,이니스프리
persona_4,1022,0.8034546971321106,이니스프리
persona_4,1023,0.7857984900474548,이니스프리
persona_4,1024,0.8043740391731262,이니스프리
persona_4,1025,0.7758983969688416,이니스프리
persona_4,1026,0.8326730728149414,이니스프리
persona_4,1027,0.819961428642273,이니스프리
persona_4,1028,0.7790446281433105,이니스프리
persona_4,1029,0.8055466413497925,이니스프리
persona_4,1030,0.7951301336288452,이니스프리
persona_4,1031,0.7981173992156982,이니스프리
persona_4,1032,0.8034546971321106,이니스프리
persona_4,1033,0.7972745299339294,이니스프리
persona_4,1034,0.8007006645202637,이니스프리
persona_4,1035,0.7694735527038574,이니스프리
persona_4,1036,0.7280724048614502,이니스프리
persona_4,1037,0.8043740391731262,이니스프리
persona_4,1038,0.7590593695640564,이니스프리
persona_4,1039,0.8203420639038086,이니스프리
persona_4,1040,0.803616464138031,이니스프리
persona_4,1041,0.7886090278625488,이니스프리
persona_4,1042,0.8012814521789551,이니스프리
persona_4,1043,0.7832814455032349,이니스프리
persona_4,1044,0.8203420639038086,이니스프리
persona_4,1045,0.8087668418884277,이니스프리
persona_4,1046,0.7278614044189453,이니스프리
persona_4,1047,0.7540414333343506,이니스프리
persona_4,1048,0.803616464138031,이니스프리
persona_4,1049,0.7993916273117065,이니스프리
persona_4,1050,0.7695764303207397,이니스프리
persona_4,1051,0.7799893617630005,이니스프리
persona_4,1052,0.7832814455032349,이니스프리
persona_4,1053,0.8203420639038086,이니스프리
persona_4,1054,0.7986451387405396,이니스프리
persona_4,1055,0.7656654119491577,이니스프리
persona_4,1056,0.8034546971321106,이니스프리
persona_4,1057,0.8295817375183105,이니스프리
persona_4,1058,0.8012814521789551,이니스프리
persona_4,1059,0.7558980584144592,이니스프리
persona_4,1060,0.7951301336288452,이니스프리
persona_4,1061,0.8012814521789551,이니스프리
persona_4,1062,0.7555994987487793,이니스프리
persona_4,1063,0.7707086801528931,이니스프리
persona_4,1064,0.8045012950897217,이니스프리
persona_4,1065,0.7972745299339294,이니스프리
persona_4,1066,0.8004363179206848,이니스프리
persona_4,1067,0.8004363179206848,이니스프리
persona_4,1068,0.7669378519058228,이니스프리
persona_4,1069,0.7934834957122803,이니스프리
persona_4,1070,0.7280724048614502,이니스프리
persona_4,1071,0.726571798324585,이니스프리
persona_4,1072,0.803616464138031,이니스프리
persona_4,1073,0.7234858274459839,이니스프리
persona_4,1074,0.758829653263092,이니스프리
persona_4,1075,0.7989339828491211,이니스프리
persona_4,1076,0.7565425634384155,이니스프리
persona_4,1077,0.8087668418884277,이니스프리
persona_4,1078,0.8187604546546936,이니스프리
persona_4,1079,0.7790446281433105,이니스프리
persona_4,1080,0.7972745299339294,이니스프리
persona_4,1081,0.7695764303207397,이니스프리
persona_4,1082,0.7811821103096008,이니스프리
persona_4,1083,0.7751103043556213,이니스프리
persona_4,1084,0.7690216302871704,이니스프리
persona_4,1085,0.7993916273117065,이니스프리
persona_4,1086,0.7766900658607483,이니스프리
persona_4,1087,0.8326730728149414,이니스프리
persona_4,1088,0.8045012950897217,이니스프리
persona_4,1089,0.7972745299339294,이니스프리
persona_4,1090,0.8043740391731262,이니스프리
persona_4,1091,0.7409669160842896,이니스프리
persona_4,1092,0.8014986515045166,이니스프리
persona_4,1093,0.7230988144874573,이니스프리
persona_4,1094,0.768090546131134,이니스프리
persona_4,1095,0.7710265517234802,이니스프리
persona_4,1096,0.7972745299339294,이니스프리
persona_4,1097,0.780443012714386,이니스프리
persona_4,1098,0.7811821103096008,이니스프리
persona_4,1099,0.7280724048614502,이니스프리
persona_4,1100,0.7965432405471802,이니스프리
persona_4,1101,0.7212279438972473,이니스프리
persona_4,1102,0.7555994987487793,이니스프리
persona_4,1103,0.7488532662391663,이니스프리
persona_4,1104,0.803274929523468,이니스프리
persona_4,1105,0.8015062212944031,이니스프리
persona_4,1106,0.7811821103096008,이니스프리
persona_4,1107,0.7917284369468689,이니스프리
persona_4,1108,0.7795233726501465,이니스프리
persona_4,1109,0.7632587552070618,이니스프리
persona_4,1110,0.7515407204627991,이니스프리
persona_4,1111,0.8087668418884277,이니스프리
persona_4,1112,0.7957701683044434,이니스프리
persona_4,1113,0.7924739122390747,이니스프리
persona_4,1114,0.8014986515045166,이니스프리
persona_4,1115,0.7832814455032349,이니스프리
persona_4,1116,0.7682061791419983,이니스프리
persona_4,1117,0.8317078948020935,이니스프리
persona_4,1118,0.7326934933662415,이니스프리
persona_4,1119,0.7663216590881348,이니스프리
persona_4,1120,0.7278614044189453,이니스프리
persona_4,1121,0.8209341168403625,이니스프리
persona_4,1122,0.7850189208984375,이니스프리
persona_4,1123,0.7993916273117065,이니스프리
persona_4,1124,0.8043740391731262,이니스프리
persona_4,1125,0.8326730728149414,이니스프리
persona_4,1126,0.8319219350814819,이니스프리
persona_4,1127,0.7993916273117065,이니스프리
persona_4,1128,0.7905482649803162,이니스프리
persona_4,1129,0.8309592604637146,이니스프리
persona_4,1130,0.8012909293174744,이니스프리
persona_4,1131,0.793985903263092,이니스프리
persona_4,1132,0.8015062212944031,이니스프리
persona_4,1133,0.8015062212944031,이니스프리
persona_4,1134,0.8043740391731262,이니스프리
persona_4,1135,0.8099767565727234,이니스프리
persona_4,1136,0.7315399050712585,이니스프리
persona_4,1137,0.7627524137496948,이니스프리
persona_4,1138,0.8309592604637146,이니스프리
persona_4,1139,0.8001458048820496,이니스프리
persona_4,1140,0.8043740391731262,이니스프리
persona_4,1141,0.7707086801528931,이니스프리
persona_4,1142,0.8043740391731262,이니스프리
persona_4,1143,0.7626408934593201,이니스프리
persona_4,1144,0.8043740391731262,이니스프리
persona_4,1145,0.7523157000541687,메디안
persona_4,1146,0.817387580871582,메디안
persona_4,1147,0.8164340853691101,메디안
persona_4,1148,0.7355567812919617,메디안
persona_4,1149,0.8164340853691101,메디안
persona_4,1150,0.8164340853691101,메디안
persona_4,1151,0.8181473612785339,메디안
persona_4,1152,0.817387580871582,메디안
persona_4,1153,0.8164340853691101,메디안
persona_4,1154,0.8159332871437073,메디안
persona_4,1155,0.817387580871582,메디안
persona_4,1156,0.7362663149833679,메디안
persona_4,1157,0.8164340853691101,메디안
persona_4,1158,0.8164340853691101,메디안
persona_4,1159,0.8164340853691101,메디안
persona_4,1160,0.8164340853691101,메디안
persona_4,1161,0.6749541759490967,메디안
persona_4,1162,0.817387580871582,메디안
persona_4,1163,0.6550122499465942,메디안
persona_4,1164,0.8164340853691101,메디안
persona_4,1165,0.8164340853691101,메디안
persona_4,1166,0.8172171711921692,메디안
persona_4,1167,0.817387580871582,메디안
persona_4,1168,0.817387580871582,메디안
persona_4,1169,0.817387580871582,메디안
persona_4,1170,0.6550122499465942,메디안
persona_4,1171,0.668427050113678,메디안
persona_4,1172,0.817387580871582,메디안
persona_4,1173,0.7640079855918884,메디안
persona_4,1174,0.817387580871582,메디안
persona_4,1175,0.8181473612785339,메디안
persona_4,1176,0.7952060103416443,메디안
persona_4,1177,0.7387992143630981,비레디
persona_4,1178,0.7446642518043518,라네즈
persona_4,1179,0.7844438552856445,비레디
persona_4,1180,0.7906287312507629,라네즈
persona_4,1181,0.7662634253501892,비레디
persona_4,1182,0.772531270980835,라네즈
persona_4,1183,0.785763144493103,비레디
persona_4,1184,0.791982889175415,라네즈
persona_4,1185,0.7141216993331909,비레디
persona_4,1186,0.7198855876922607,라네즈
persona_4,1187,0.8211435675621033,비레디
persona_4,1188,0.8276180624961853,라네즈
persona_4,1189,0.7141216993331909,비레디
persona_4,1190,0.7198855876922607,라네즈
persona_4,1191,0.7870169281959534,비레디
persona_4,1192,0.7932226061820984,라네즈
persona_4,1193,0.7941446900367737,비레디
persona_4,1194,0.8003789782524109,라네즈
persona_4,1195,0.7609434723854065,비레디
persona_4,1196,0.7670997381210327,라네즈
persona_4,1197,0.7425441145896912,비레디
persona_4,1198,0.7484965920448303,라네즈
persona_4,1199,0.7717862129211426,비레디
persona_4,1200,0.7777924537658691,라네즈
persona_4,1201,0.7830731868743896,비레디
persona_4,1202,0.7891778945922852,라네즈
persona_4,1203,0.8201870918273926,비레디
persona_4,1204,0.8266594409942627,라네즈
persona_4,1205,0.7941446900367737,비레디
persona_4,1206,0.8003789782524109,라네즈
persona_4,1207,0.7373327612876892,비레디
persona_4,1208,0.7431248426437378,라네즈
persona_4,1209,0.7050994038581848,비레디
persona_4,1210,0.7109424471855164,라네즈
persona_4,1211,0.7540715336799622,비레디
persona_4,1212,0.7600169777870178,라네즈
persona_4,1213,0.7425441145896912,비레디
persona_4,1214,0.7484965920448303,라네즈
persona_4,1215,0.7367921471595764,비레디
persona_4,1216,0.7426462769508362,라네즈
persona_4,1217,0.7367921471595764,비레디
persona_4,1218,0.7426462769508362,라네즈
persona_4,1219,0.7367921471595764,비레디
persona_4,1220,0.7426462769508362,라네즈
persona_4,1221,0.8201870918273926,비레디
persona_4,1222,0.8266594409942627,라네즈
persona_4,1223,0.8201870918273926,비레디
persona_4,1224,0.8266594409942627,라네즈
persona_4,1225,0.8201870918273926,비레디
persona_4,1226,0.8266594409942627,라네즈
persona_4,1227,0.8201870918273926,비레디
persona_4,1228,0.8266594409942627,라네즈
persona_4,1229,0.8201870918273926,비레디
persona_4,1230,0.8266594409942627,라네즈
persona_4,1231,0.7912675142288208,비레디
persona_4,1232,0.7976191639900208,라네즈
persona_4,1233,0.9089574813842773,퍼즐우드
persona_4,1234,0.9109389781951904,퍼즐우드
persona_4,1235,0.9126099348068237,퍼즐우드
persona_4,1236,0.9109389781951904,퍼즐우드
persona_4,1237,0.9109389781951904,퍼즐우드
persona_4,1238,0.9104165434837341,퍼즐우드
persona_4,1239,0.9083535075187683,퍼즐우드
persona_4,1240,0.9109389781951904,퍼즐우드
persona_4,1241,0.9104165434837341,퍼즐우드
persona_4,1242,0.9104165434837341,퍼즐우드
persona_4,1243,0.9104165434837341,퍼즐우드
persona_4,1244,0.9104165434837341,퍼즐우드
persona_4,1245,0.9104165434837341,퍼즐우드
persona_4,1246,0.7973076701164246,퍼즐우드
persona_4,1247,0.9104165434837341,퍼즐우드
persona_4,1248,0.9083535075187683,퍼즐우드
persona_4,1249,0.9083535075187683,퍼즐우드
persona_4,1250,0.9083535075187683,퍼즐우드
persona_4,1251,0.9109389781951904,퍼즐우드
persona_4,1252,0.9104165434837341,퍼즐우드
persona_4,1253,0.9104165434837341,퍼즐우드
persona_4,1254,0.9126099348068237,퍼즐우드
persona_4,1255,0.9104165434837341,퍼즐우드
persona_4,1256,0.9109389781951904,퍼즐우드
persona_4,1257,0.9104165434837341,퍼즐우드
persona_4,1258,0.9083535075187683,퍼즐우드
persona_4,1259,0.9104165434837341,퍼즐우드
persona_4,1260,0.9104165434837341,퍼즐우드
persona_4,1261,0.9104165434837341,퍼즐우드
persona_4,1262,0.9104165434837341,퍼즐우드
persona_4,1263,0.9104165434837341,퍼즐우드
persona_4,1264,0.9104165434837341,퍼즐우드
persona_4,1265,0.9104165434837341,퍼즐우드
persona_4,1266,0.9083535075187683,퍼즐우드
persona_4,1267,0.7916074395179749,퍼즐우드
persona_4,1268,0.9104165434837341,퍼즐우드
persona_4,1269,0.9104165434837341,퍼즐우드
persona_4,1270,0.9109389781951904,퍼즐우드
persona_4,1271,0.9126099348068237,퍼즐우드
persona_4,1272,0.9104165434837341,퍼즐우드
persona_4,1273,0.8391849994659424,퍼즐우드
persona_4,1274,0.7979902029037476,퍼즐우드
persona_4,1275,0.9104165434837341,퍼즐우드
persona_4,1276,0.9104165434837341,퍼즐우드
persona_4,1277,0.9104165434837341,퍼즐우드
persona_4,1278,0.9104165434837341,퍼즐우드
persona_4,1279,0.9109389781951904,퍼즐우드
persona_4,1280,0.9104165434837341,퍼즐우드
persona_4,1281,0.9104165434837341,퍼즐우드
persona_4,1282,0.9109389781951904,퍼즐우드
persona_4,1283,0.9109389781951904,퍼즐우드
persona_4,1284,0.9104165434837341,퍼즐우드
persona_4,1285,0.9109389781951904,퍼즐우드
persona_4,1286,0.9109389781951904,퍼즐우드
persona_4,1287,0.9109389781951904,퍼즐우드
persona_4,1288,0.9104165434837341,퍼즐우드
persona_4,1289,0.9104165434837341,퍼즐우드
persona_4,1290,0.9104165434837341,퍼즐우드
persona_4,1291,0.9104165434837341,퍼즐우드
persona_4,1292,0.9119316339492798,퍼즐우드
persona_4,1293,0.9109389781951904,퍼즐우드
persona_4,1294,0.9109389781951904,퍼즐우드
persona_4,1295,0.9104165434837341,퍼즐우드
persona_4,1296,0.9104165434837341,퍼즐우드
persona_4,1297,0.834596574306488,퍼즐우드
persona_4,1298,0.7857306003570557,마몽드
persona_4,1299,0.7578233480453491,마몽드
persona_4,1300,0.7842314839363098,마몽드
persona_4,1301,0.822739839553833,마몽드
persona_4,1302,0.7594183087348938,마몽드
persona_4,1303,0.7956364750862122,마몽드
persona_4,1304,0.822553277015686,마몽드
persona_4,1305,0.7886542677879333,마몽드
persona_4,1306,0.7979897260665894,마몽드
persona_4,1307,0.8007208704948425,마몽드
persona_4,1308,0.793952226638794,마몽드
persona_4,1309,0.7220834493637085,마몽드
persona_4,1310,0.7447477579116821,마몽드
persona_4,1311,0.7886542677879333,마몽드
persona_4,1312,0.7594183087348938,마몽드
persona_4,1313,0.7893412709236145,마몽드
persona_4,1314,0.7594183087348938,마몽드
persona_4,1315,0.7830926775932312,마몽드
persona_4,1316,0.7588037252426147,마몽드
persona_4,1317,0.7956364750862122,마몽드
persona_4,1318,0.783969521522522,마몽드
persona_4,1319,0.822739839553833,마몽드
persona_4,1320,0.7979897260665894,마몽드
persona_4,1321,0.7823528051376343,마몽드
persona_4,1322,0.7928261756896973,마몽드
persona_4,1323,0.7957054376602173,마몽드
persona_4,1324,0.7861316800117493,마몽드
persona_4,1325,0.7926750183105469,마몽드
persona_4,1326,0.7967992424964905,마몽드
persona_4,1327,0.7979897260665894,마몽드
persona_4,1328,0.7956364750862122,마몽드
persona_4,1329,0.7830693125724792,마몽드
persona_4,1330,0.8234968781471252,마몽드
persona_4,1331,0.7166273593902588,마몽드
persona_4,1332,0.7861316800117493,마몽드
persona_4,1333,0.81950843334198,마몽드
persona_4,1334,0.81950843334198,마몽드
persona_4,1335,0.7683102488517761,마몽드
persona_4,1336,0.7934824228286743,마몽드
persona_4,1337,0.81950843334198,마몽드
persona_4,1338,0.7956891059875488,마몽드
persona_4,1339,0.7832026481628418,마몽드
persona_4,1340,0.7870694398880005,마몽드
persona_4,1341,0.822739839553833,마몽드
persona_4,1342,0.7683102488517761,마몽드
persona_4,1343,0.7407907247543335,마몽드
persona_4,1344,0.822739839553833,마몽드
persona_4,1345,0.7679355144500732,마몽드
persona_4,1346,0.7349225878715515,마몽드
persona_4,1347,0.7335120439529419,마몽드
persona_4,1348,0.822739839553833,마몽드
persona_4,1349,0.8234968781471252,마몽드
persona_4,1350,0.8234968781471252,마몽드
persona_4,1351,0.822739839553833,마몽드
persona_4,1352,0.8217828273773193,마몽드
persona_4,1353,0.8217828273773193,마몽드
persona_4,1354,0.8217828273773193,마몽드
persona_4,1355,0.822739839553833,마몽드
persona_4,1356,0.822739839553833,마몽드
persona_4,1357,0.7945899367332458,마몽드
persona_4,1358,0.822739839553833,마몽드
persona_4,1359,0.8234968781471252,마몽드
persona_4,1360,0.8234968781471252,마몽드
persona_4,1361,0.822739839553833,마몽드
persona_4,1362,0.822739839553833,마몽드
persona_4,1363,0.7956364750862122,마몽드
persona_4,1364,0.7018343210220337,오설록
persona_4,1365,0.6949324011802673,오설록
persona_4,1366,0.6874133348464966,오설록
persona_4,1367,0.6961958408355713,오설록
persona_4,1368,0.7018343210220337,오설록
persona_4,1369,0.7095658779144287,오설록
persona_4,1370,0.6961958408355713,오설록
persona_4,1371,0.6930108666419983,오설록
persona_4,1372,0.6874133348464966,오설록
persona_4,1373,0.7237175107002258,오설록
persona_4,1374,0.6961958408355713,오설록
persona_4,1375,0.706615686416626,오설록
persona_4,1376,0.7237175107002258,오설록
persona_4,1377,0.7095658779144287,오설록
persona_4,1378,0.7209767699241638,오설록
persona_4,1379,0.6949324011802673,오설록
persona_4,1380,0.6949324011802673,오설록
persona_4,1381,0.7047817707061768,오설록
persona_4,1382,0.7237175107002258,오설록
persona_4,1383,0.7237175107002258,오설록
persona_4,1384,0.7237175107002258,오설록
persona_4,1385,0.7023521661758423,오설록
persona_4,1386,0.6949324011802673,오설록
persona_4,1387,0.6832294464111328,오설록
persona_4,1388,0.6949324011802673,오설록
persona_4,1389,0.7127370238304138,오설록
persona_4,1390,0.7127370238304138,오설록
persona_4,1391,0.6949324011802673,오설록
persona_4,1392,0.7237175107002258,오설록
persona_4,1393,0.7128428220748901,오설록
persona_4,1394,0.7237175107002258,오설록
persona_4,1395,0.7096672654151917,오설록
persona_4,1396,0.6874133348464966,오설록
persona_4,1397,0.7237175107002258,오설록
persona_4,1398,0.7047817707061768,오설록
persona_4,1399,0.6930108666419983,오설록
persona_4,1400,0.7237175107002258,오설록
persona_4,1401,0.6976664662361145,오설록
persona_4,1402,0.7237175107002258,오설록
persona_4,1403,0.6859380602836609,오설록
persona_4,1404,0.6859380602836609,오설록
persona_4,1405,0.7237175107002258,오설록
persona_4,1406,0.7127370238304138,오설록
persona_4,1407,0.7128428220748901,오설록
persona_4,1408,0.6976664662361145,오설록
persona_4,1409,0.6976664662361145,오설록
persona_4,1410,0.7127370238304138,오설록
persona_4,1411,0.7237175107002258,오설록
persona_4,1412,0.6859538555145264,오설록
persona_4,1413,0.71314936876297,오설록
persona_4,1414,0.7237175107002258,오설록
persona_4,1415,0.6976664662361145,오설록
persona_4,1416,0.7237175107002258,오설록
persona_4,1417,0.6949324011802673,오설록
persona_4,1418,0.7127370238304138,오설록
persona_4,1419,0.7237175107002258,오설록
persona_4,1420,0.7127370238304138,오설록
persona_4,1421,0.7047707438468933,오설록
persona_4,1422,0.7128428220748901,오설록
persona_4,1423,0.6859380602836609,오설록
persona_4,1424,0.7127370238304138,오설록
persona_4,1425,0.706615686416626,오설록
persona_4,1426,0.7281389832496643,오설록
persona_4,1427,0.7281389832496643,오설록
persona_4,1428,0.7237175107002258,오설록
persona_4,1429,0.7237175107002258,오설록
persona_4,1430,0.6921771168708801,오설록
persona_4,1431,0.6874133348464966,오설록
persona_4,1432,0.6976664662361145,오설록
persona_4,1433,0.6930108666419983,오설록
persona_4,1434,0.6764154434204102,오설록
persona_4,1435,0.6930108666419983,오설록
persona_4,1436,0.6976664662361145,오설록
persona_4,1437,0.6976664662361145,오설록
persona_4,1438,0.7281389832496643,오설록
persona_4,1439,0.6976664662361145,오설록
persona_4,1440,0.6930108666419983,오설록
persona_4,1441,0.6930108666419983,오설록
persona_4,1442,0.6976664662361145,오설록
persona_4,1443,0.6976664662361145,오설록
persona_4,1444,0.7237175107002258,오설록
persona_4,1445,0.7127370238304138,오설록
persona_4,1446,0.6976664662361145,오설록
persona_4,1447,0.6930108666419983,오설록
persona_4,1448,0.7127370238304138,오설록
persona_4,1449,0.6976664662361145,오설록
persona_4,1450,0.7127370238304138,오설록
persona_4,1451,0.7127370238304138,오설록
persona_4,1452,0.7127370238304138,오설록
persona_4,1453,0.6930108666419983,오설록
persona_4,1454,0.7080143094062805,오설록
persona_4,1455,0.6976664662361145,오설록
persona_4,1456,0.6976664662361145,오설록
persona_4,1457,0.6949324011802673,오설록
persona_4,1458,0.701955258846283,오설록
persona_4,1459,0.704271674156189,오설록
persona_4,1460,0.7387673854827881,오설록
persona_4,1461,0.7237175107002258,오설록
persona_4,1462,0.6874133348464966,오설록
persona_4,1463,0.6949324011802673,오설록
persona_4,1464,0.6949324011802673,오설록
persona_4,1465,0.6949324011802673,오설록
persona_4,1466,0.6832294464111328,오설록
persona_4,1467,0.6948267817497253,오설록
persona_4,1468,0.6832294464111328,오설록
persona_4,1469,0.7744516730308533,려
persona_4,1470,0.7805629968643188,려
persona_4,1471,0.7403187155723572,려
persona_4,1472,0.7102459073066711,려
persona_4,1473,0.7831584811210632,려
persona_4,1474,0.7332599759101868,려
persona_4,1475,0.7894049286842346,려
persona_4,1476,0.7670838236808777,려
persona_4,1477,0.7831584811210632,려
persona_4,1478,0.7926521897315979,려
persona_4,1479,0.7707914113998413,려
persona_4,1480,0.7831584811210632,려
persona_4,1481,0.7952986359596252,려
persona_4,1482,0.8050450086593628,려
persona_4,1483,0.7823949456214905,려
persona_4,1484,0.7894970178604126,려
persona_4,1485,0.7864854335784912,려
persona_4,1486,0.7824969291687012,려
persona_4,1487,0.8162360191345215,려
persona_4,1488,0.8169962167739868,려
persona_4,1489,0.8162360191345215,려
persona_4,1490,0.8169962167739868,려
persona_4,1491,0.7924966812133789,려
persona_4,1492,0.8162360191345215,려
persona_4,1493,0.8162360191345215,려
persona_4,1494,0.7872927188873291,려
persona_4,1495,0.8169962167739868,려
persona_4,1496,0.8169962167739868,려
persona_4,1497,0.8169962167739868,려
persona_4,1498,0.8169962167739868,려
persona_4,1499,0.8169962167739868,려
persona_4,1500,0.8169962167739868,려
persona_4,1501,0.7366504073143005,려
persona_4,1502,0.8098500967025757,설화수
persona_4,1503,0.7715625166893005,설화수
persona_4,1504,0.8098500967025757,설화수
persona_4,1505,0.7693760395050049,설화수
persona_4,1506,0.7715625166893005,설화수
persona_4,1507,0.8103485107421875,설화수
persona_4,1508,0.7693760395050049,설화수
persona_4,1509,0.8098500967025757,설화수
persona_4,1510,0.7702969312667847,설화수
persona_4,1511,0.6715072989463806,설화수
persona_4,1512,0.7432776093482971,설화수
persona_4,1513,0.8098500967025757,설화수
persona_4,1514,0.7743166089057922,설화수
persona_4,1515,0.7862163186073303,설화수
persona_4,1516,0.7641959190368652,설화수
persona_4,1517,0.748131513595581,설화수
persona_4,1518,0.7059683203697205,설화수
persona_4,1519,0.7815815210342407,설화수
persona_4,1520,0.7641959190368652,설화수
persona_4,1521,0.7031908631324768,설화수
persona_4,1522,0.8098500967025757,설화수
persona_4,1523,0.7693760395050049,설화수
persona_4,1524,0.8098500967025757,설화수
persona_4,1525,0.7256666421890259,설화수
persona_4,1526,0.7862163186073303,설화수
persona_4,1527,0.8103485107421875,설화수
persona_4,1528,0.8103485107421875,설화수
persona_4,1529,0.7862163186073303,설화수
persona_4,1530,0.7823769450187683,설화수
persona_4,1531,0.7818627953529358,설화수
persona_4,1532,0.7403427362442017,설화수
persona_4,1533,0.7785191535949707,설화수
persona_4,1534,0.7422065138816833,설화수
persona_4,1535,0.731128990650177,설화수
persona_4,1536,0.8098500967025757,설화수
persona_4,1537,0.7756230235099792,설화수
persona_4,1538,0.7641959190368652,설화수
persona_4,1539,0.7724074721336365,설화수
persona_4,1540,0.8098500967025757,설화수
persona_4,1541,0.7548031806945801,설화수
persona_4,1542,0.7367496490478516,설화수
persona_4,1543,0.7862163186073303,설화수
persona_4,1544,0.7327426671981812,설화수
persona_4,1545,0.7649407386779785,설화수
persona_4,1546,0.7785191535949707,설화수
persona_4,1547,0.7815815210342407,설화수
persona_4,1548,0.7351845502853394,설화수
persona_4,1549,0.7403427362442017,설화수
persona_4,1550,0.6715072989463806,설화수
persona_4,1551,0.7785191535949707,설화수
persona_4,1552,0.7802567481994629,설화수
persona_4,1553,0.7423418760299683,설화수
persona_4,1554,0.8098500967025757,설화수
persona_4,1555,0.7743882536888123,설화수
persona_4,1556,0.7743882536888123,설화수
persona_4,1557,0.7724074721336365,설화수
persona_4,1558,0.7763413786888123,설화수
persona_4,1559,0.7756230235099792,설화수
persona_4,1560,0.7808030843734741,설화수
persona_4,1561,0.7815815210342407,설화수
persona_4,1562,0.7785191535949707,설화수
persona_4,1563,0.7756230235099792,설화수
persona_4,1564,0.7823769450187683,설화수
persona_4,1565,0.7802567481994629,설화수
persona_4,1566,0.7327426671981812,설화수
persona_4,1567,0.782368004322052,설화수
persona_4,1568,0.7763411998748779,설화수
persona_4,1569,0.771865963935852,설화수
persona_4,1570,0.771865963935852,설화수
persona_4,1571,0.7744407653808594,설화수
persona_4,1572,0.7526823878288269,설화수
persona_4,1573,0.779340922832489,설화수
persona_4,1574,0.7679504156112671,설화수
persona_4,1575,0.7052338719367981,설화수
persona_4,1576,0.779053270816803,설화수
persona_4,1577,0.7823680639266968,설화수
persona_4,1578,0.774388313293457,설화수
persona_4,1579,0.774388313293457,설화수
persona_4,1580,0.7762622237205505,설화수
persona_5,0,0.8121336102485657,메이크온
persona_5,1,0.8121336102485657,메이크온
persona_5,2,0.8130874633789062,메이크온
persona_5,3,0.8130874633789062,메이크온
persona_5,4,0.8130874633789062,메이크온
persona_5,5,0.8130874633789062,메이크온
persona_5,6,0.8116357922554016,메이크온
persona_5,7,0.6729472279548645,메이크온
persona_5,8,0.8121336102485657,메이크온
persona_5,9,0.769099235534668,에뛰드
persona_5,10,0.7370520234107971,에뛰드
persona_5,11,0.8148311376571655,에뛰드
persona_5,12,0.8148311376571655,에뛰드
persona_5,13,0.8148311376571655,에뛰드
persona_5,14,0.8146669268608093,에뛰드
persona_5,15,0.7625407576560974,에뛰드
persona_5,16,0.7826606631278992,에뛰드
persona_5,17,0.7410815358161926,에뛰드
persona_5,18,0.7070155143737793,에뛰드
persona_5,19,0.8138779997825623,에뛰드
persona_5,20,0.7568871974945068,에뛰드
persona_5,21,0.7366917133331299,에뛰드
persona_5,22,0.8148311376571655,에뛰드
persona_5,23,0.8138779997825623,에뛰드
persona_5,24,0.7637022733688354,에뛰드
persona_5,25,0.7469115257263184,에뛰드
persona_5,26,0.7402427196502686,에뛰드
persona_5,27,0.7230817675590515,에뛰드
persona_5,28,0.7469972968101501,에뛰드
persona_5,29,0.7588002681732178,에뛰드
persona_5,30,0.7440664768218994,에뛰드
persona_5,31,0.7310088276863098,에뛰드
persona_5,32,0.7806511521339417,에뛰드
persona_5,33,0.7631300687789917,에뛰드
persona_5,34,0.6916464567184448,에뛰드
persona_5,35,0.8155919909477234,에뛰드
persona_5,36,0.718081533908844,에뛰드
persona_5,37,0.7307230830192566,에뛰드
persona_5,38,0.766100287437439,에뛰드
persona_5,39,0.8146669268608093,에뛰드
persona_5,40,0.7255598902702332,에뛰드
persona_5,41,0.7838073968887329,에뛰드
persona_5,42,0.8155919909477234,에뛰드
persona_5,43,0.8146669268608093,에뛰드
persona_5,44,0.8133779764175415,에뛰드
persona_5,45,0.78244948387146,에뛰드
persona_5,46,0.8138779997825623,에뛰드
persona_5,47,0.756835401058197,에뛰드
persona_5,48,0.7751383185386658,에뛰드
persona_5,49,0.7398467659950256,에뛰드
persona_5,50,0.8138779997825623,에뛰드
persona_5,51,0.7494874000549316,에뛰드
persona_5,52,0.7068946957588196,에뛰드
persona_5,53,0.7675718665122986,에뛰드
persona_5,54,0.7487490773200989,에뛰드
persona_5,55,0.7400962114334106,에뛰드
persona_5,56,0.7368513941764832,에뛰드
persona_5,57,0.7839835286140442,에뛰드
persona_5,58,0.7492488622665405,에뛰드
persona_5,59,0.7826606631278992,에뛰드
persona_5,60,0.7259999513626099,에뛰드
persona_5,61,0.7107314467430115,에뛰드
persona_5,62,0.8138779997825623,에뛰드
persona_5,63,0.7199071049690247,에뛰드
persona_5,64,0.8148311376571655,에뛰드
persona_5,65,0.7309349179267883,에뛰드
persona_5,66,0.785240888595581,에뛰드
persona_5,67,0.7218282222747803,에뛰드
persona_5,68,0.7420828938484192,에뛰드
persona_5,69,0.8133779764175415,에뛰드
persona_5,70,0.7779147624969482,에뛰드
persona_5,71,0.7690852284431458,에뛰드
persona_5,72,0.8138779997825623,에뛰드
persona_5,73,0.7839835286140442,에뛰드
persona_5,74,0.7282319068908691,에뛰드
persona_5,75,0.7393181920051575,에뛰드
persona_5,76,0.751567006111145,에뛰드
persona_5,77,0.7320660948753357,에뛰드
persona_5,78,0.8133779764175415,에뛰드
persona_5,79,0.8133779764175415,에뛰드
persona_5,80,0.7541208267211914,에뛰드
persona_5,81,0.8138779997825623,에뛰드
persona_5,82,0.751467764377594,에뛰드
persona_5,83,0.7522175312042236,에뛰드
persona_5,84,0.8133779764175415,에뛰드
persona_5,85,0.7779594659805298,에뛰드
persona_5,86,0.7766196131706238,에뛰드
persona_5,87,0.8148311376571655,에뛰드
persona_5,88,0.7465441823005676,에뛰드
persona_5,89,0.7588002681732178,에뛰드
persona_5,90,0.7059442400932312,에뛰드
persona_5,91,0.7880620956420898,에뛰드
persona_5,92,0.8138779997825623,에뛰드
persona_5,93,0.7421468496322632,에뛰드
persona_5,94,0.7095789909362793,에뛰드
persona_5,95,0.8036708235740662,에뛰드
persona_5,96,0.7629061341285706,에뛰드
persona_5,97,0.784273624420166,에뛰드
persona_5,98,0.7518123388290405,에뛰드
persona_5,99,0.8148311376571655,에뛰드
persona_5,100,0.7448758482933044,에뛰드
persona_5,101,0.8133779764175415,에뛰드
persona_5,102,0.77510666847229,에뛰드
persona_5,103,0.7755903601646423,에뛰드
persona_5,104,0.8148311376571655,에뛰드
persona_5,105,0.784273624420166,에뛰드
persona_5,106,0.7063727974891663,에뛰드
persona_5,107,0.8133779764175415,에뛰드
persona_5,108,0.8148311376571655,에뛰드
persona_5,109,0.7276075482368469,에뛰드
persona_5,110,0.7430917024612427,에뛰드
persona_5,111,0.751467764377594,에뛰드
persona_5,112,0.8155919909477234,에뛰드
persona_5,113,0.7504669427871704,에뛰드
persona_5,114,0.8148311376571655,에뛰드
persona_5,115,0.8133779764175415,에뛰드
persona_5,116,0.8138779997825623,에뛰드
persona_5,117,0.8148311376571655,에뛰드
persona_5,118,0.8138779997825623,에뛰드
persona_5,119,0.7635092735290527,에뛰드
persona_5,120,0.7788006067276001,에뛰드
persona_5,121,0.7074742317199707,에뛰드
persona_5,122,0.8155919909477234,에뛰드
persona_5,123,0.7839835286140442,에뛰드
persona_5,124,0.8155919909477234,에뛰드
persona_5,125,0.8138779997825623,에뛰드
persona_5,126,0.7746669054031372,에뛰드
persona_5,127,0.7838073968887329,에뛰드
persona_5,128,0.812611997127533,에뛰드
persona_5,129,0.7368513941764832,에뛰드
persona_5,130,0.7447555065155029,에뛰드
persona_5,131,0.8138779997825623,에뛰드
persona_5,132,0.7063727974891663,에뛰드
persona_5,133,0.8133779764175415,에뛰드
persona_5,134,0.8138779997825623,에뛰드
persona_5,135,0.8133779764175415,에뛰드
persona_5,136,0.8133779764175415,에뛰드
persona_5,137,0.8133779764175415,에뛰드
persona_5,138,0.8138779997825623,에뛰드
persona_5,139,0.8155919909477234,에뛰드
persona_5,140,0.8148311376571655,에뛰드
persona_5,141,0.8133779764175415,에뛰드
persona_5,142,0.7697436213493347,에뛰드
persona_5,143,0.7673101425170898,에뛰드
persona_5,144,0.7383434772491455,에뛰드
persona_5,145,0.7568871974945068,에뛰드
persona_5,146,0.7518123388290405,에뛰드
persona_5,147,0.7078190445899963,에뛰드
persona_5,148,0.7663218975067139,에뛰드
persona_5,149,0.7196480631828308,에뛰드
persona_5,150,0.7282319068908691,에뛰드
persona_5,151,0.7817327380180359,에뛰드
persona_5,152,0.7724090814590454,에스트라
persona_5,153,0.7697054743766785,에스트라
persona_5,154,0.7642912864685059,에스트라
persona_5,155,0.7771091461181641,에스트라
persona_5,156,0.7792999744415283,에스트라
persona_5,157,0.778429388999939,에스트라
persona_5,158,0.7744113802909851,에스트라
persona_5,159,0.7744113802909851,에스트라
persona_5,160,0.7368975281715393,에스트라
persona_5,161,0.7791505455970764,에스트라
persona_5,162,0.7416512370109558,에스트라
persona_5,163,0.7586896419525146,에스트라
persona_5,164,0.7521826028823853,에스트라
persona_5,165,0.7471935749053955,에스트라
persona_5,166,0.7250877022743225,에스트라
persona_5,167,0.7362240552902222,에스트라
persona_5,168,0.787022054195404,에스트라
persona_5,169,0.7589169144630432,에스트라
persona_5,170,0.7791505455970764,에스트라
persona_5,171,0.7448301911354065,에스트라
persona_5,172,0.7804955244064331,에스트라
persona_5,173,0.7577894330024719,에스트라
persona_5,174,0.7819587588310242,에스트라
persona_5,175,0.7782827615737915,에스트라
persona_5,176,0.7401520013809204,에스트라
persona_5,177,0.7802674770355225,에스트라
persona_5,178,0.7743287086486816,에스트라
persona_5,179,0.7692319750785828,에스트라
persona_5,180,0.7605873346328735,에스트라
persona_5,181,0.7372722029685974,에스트라
persona_5,182,0.7743287086486816,에스트라
persona_5,183,0.7746968269348145,에스트라
persona_5,184,0.7720943093299866,에스트라
persona_5,185,0.76930171251297,에스트라
persona_5,186,0.7380883097648621,에스트라
persona_5,187,0.7484080195426941,에스트라
persona_5,188,0.8072322010993958,에스트라
persona_5,189,0.7323410511016846,에스트라
persona_5,190,0.7502193450927734,에스트라
persona_5,191,0.6930536031723022,에스트라
persona_5,192,0.7860389947891235,에스트라
persona_5,193,0.7565215229988098,에스트라
persona_5,194,0.7799132466316223,에스트라
persona_5,195,0.781024158000946,에스트라
persona_5,196,0.8104470372200012,에스트라
persona_5,197,0.7748619914054871,에스트라
persona_5,198,0.8104470372200012,에스트라
persona_5,199,0.8091999888420105,에스트라
persona_5,200,0.8112438321113586,에스트라
persona_5,201,0.778429388999939,에스트라
persona_5,202,0.8091999888420105,에스트라
persona_5,203,0.8104470372200012,에스트라
persona_5,204,0.8099480867385864,에스트라
persona_5,205,0.8113991618156433,에스트라
persona_5,206,0.7630184888839722,
persona_5,207,0.7630184888839722,
persona_5,208,0.7630184888839722,
persona_5,209,0.7700003981590271,
persona_5,210,0.7660768032073975,
persona_5,211,0.7684875726699829,
persona_5,212,0.7684875726699829,
persona_5,213,0.7684875726699829,
persona_5,214,0.7660768032073975,
persona_5,215,0.7715238332748413,
persona_5,216,0.7596855759620667,
persona_5,217,0.7708398699760437,
persona_5,218,0.7596855759620667,
persona_5,219,0.7684875726699829,
persona_5,220,0.7700003981590271,
persona_5,221,0.7684875726699829,
persona_5,222,0.7630184888839722,
persona_5,223,0.7630184888839722,
persona_5,224,0.7660768032073975,
persona_5,225,0.7630184888839722,
persona_5,226,0.7630184888839722,
persona_5,227,0.767155110836029,라보에이치
persona_5,228,0.7835647463798523,라보에이치
persona_5,229,0.7929791212081909,라보에이치
persona_5,230,0.7777895331382751,라보에이치
persona_5,231,0.7929791212081909,라보에이치
persona_5,232,0.7699249386787415,라보에이치
persona_5,233,0.8202809691429138,라보에이치
persona_5,234,0.8095595836639404,라보에이치
persona_5,235,0.7665442228317261,라보에이치
persona_5,236,0.7956602573394775,라보에이치
persona_5,237,0.7911232113838196,라보에이치
persona_5,238,0.7808749675750732,라보에이치
persona_5,239,0.780832827091217,라보에이치
persona_5,240,0.7911232113838196,라보에이치
persona_5,241,0.7709061503410339,라보에이치
persona_5,242,0.7929791212081909,라보에이치
persona_5,243,0.7929791212081909,라보에이치
persona_5,244,0.7157356142997742,라보에이치
persona_5,245,0.8202809691429138,라보에이치
persona_5,246,0.8202809691429138,라보에이치
persona_5,247,0.8193234801292419,라보에이치
persona_5,248,0.7490615844726562,라보에이치
persona_5,249,0.8202809691429138,라보에이치
persona_5,250,0.8210387825965881,라보에이치
persona_5,251,0.8210387825965881,라보에이치
persona_5,252,0.8210387825965881,라보에이치
persona_5,253,0.8202809691429138,라보에이치
persona_5,254,0.8202809691429138,라보에이치
persona_5,255,0.8272166848182678,롱테이크
persona_5,256,0.7920399308204651,롱테이크
persona_5,257,0.7894585132598877,롱테이크
persona_5,258,0.8272166848182678,롱테이크
persona_5,259,0.7899114489555359,롱테이크
persona_5,260,0.7859570980072021,롱테이크
persona_5,261,0.7894585132598877,롱테이크
persona_5,262,0.7935330867767334,롱테이크
persona_5,263,0.7894343733787537,롱테이크
persona_5,264,0.7894343733787537,롱테이크
persona_5,265,0.8255016803741455,롱테이크
persona_5,266,0.7547737956047058,롱테이크
persona_5,267,0.8264634013175964,롱테이크
persona_5,268,0.8264634013175964,롱테이크
persona_5,269,0.8255016803741455,롱테이크
persona_5,270,0.8255016803741455,롱테이크
persona_5,271,0.8255016803741455,롱테이크
persona_5,272,0.8255016803741455,롱테이크
persona_5,273,0.7935182452201843,롱테이크
persona_5,274,0.8045455813407898,에스쁘아
persona_5,275,0.7510449886322021,에스쁘아
persona_5,276,0.7827666997909546,에스쁘아
persona_5,277,0.7488567233085632,에스쁘아
persona_5,278,0.7308090925216675,에스쁘아
persona_5,279,0.8346774578094482,에스쁘아
persona_5,280,0.7678453922271729,에스쁘아
persona_5,281,0.7789945006370544,에스쁘아
persona_5,282,0.7353142499923706,에스쁘아
persona_5,283,0.7505441308021545,에스쁘아
persona_5,284,0.7474554777145386,에스쁘아
persona_5,285,0.8346774578094482,에스쁘아
persona_5,286,0.8045455813407898,에스쁘아
persona_5,287,0.7526973485946655,에스쁘아
persona_5,288,0.802081823348999,에스쁘아
persona_5,289,0.8045455813407898,에스쁘아
persona_5,290,0.7510449886322021,에스쁘아
persona_5,291,0.8337147235870361,에스쁘아
persona_5,292,0.8346774578094482,에스쁘아
persona_5,293,0.8346774578094482,에스쁘아
persona_5,294,0.8332094550132751,에스쁘아
persona_5,295,0.8053667545318604,에스쁘아
persona_5,296,0.8337147235870361,에스쁘아
persona_5,297,0.8337147235870361,에스쁘아
persona_5,298,0.8045455813407898,에스쁘아
persona_5,299,0.7253523468971252,에스쁘아
persona_5,300,0.7497627139091492,에스쁘아
persona_5,301,0.8332094550132751,에스쁘아
persona_5,302,0.8053667545318604,에스쁘아
persona_5,303,0.8000184893608093,에스쁘아
persona_5,304,0.778519332408905,에스쁘아
persona_5,305,0.8332094550132751,에스쁘아
persona_5,306,0.802081823348999,에스쁘아
persona_5,307,0.7308090925216675,에스쁘아
persona_5,308,0.7474554777145386,에스쁘아
persona_5,309,0.7317370772361755,에스쁘아
persona_5,310,0.8332094550132751,에스쁘아
persona_5,311,0.83139967918396,에스쁘아
persona_5,312,0.8337147235870361,에스쁘아
persona_5,313,0.8047150373458862,에스쁘아
persona_5,314,0.7830905914306641,에스쁘아
persona_5,315,0.7279130816459656,에스쁘아
persona_5,316,0.7479515671730042,에스쁘아
persona_5,317,0.8337147235870361,에스쁘아
persona_5,318,0.7693154811859131,에스쁘아
persona_5,319,0.8045455813407898,에스쁘아
persona_5,320,0.8332094550132751,에스쁘아
persona_5,321,0.7999833822250366,에스쁘아
persona_5,322,0.8214502930641174,에스쁘아
persona_5,323,0.806117832660675,에스쁘아
persona_5,324,0.8346774578094482,에스쁘아
persona_5,325,0.7693154811859131,에스쁘아
persona_5,326,0.7474554777145386,에스쁘아
persona_5,327,0.7311121821403503,에스쁘아
persona_5,328,0.7393792867660522,에스쁘아
persona_5,329,0.7455916404724121,에스쁘아
persona_5,330,0.7305625081062317,에스쁘아
persona_5,331,0.8037394881248474,에스쁘아
persona_5,332,0.7525442838668823,에스쁘아
persona_5,333,0.8337147235870361,에스쁘아
persona_5,334,0.8337147235870361,에스쁘아
persona_5,335,0.7641239762306213,에스쁘아
persona_5,336,0.7462089657783508,에스쁘아
persona_5,337,0.8037394881248474,에스쁘아
persona_5,338,0.8114733695983887,에스쁘아
persona_5,339,0.8346774578094482,에스쁘아
persona_5,340,0.802081823348999,에스쁘아
persona_5,341,0.802081823348999,에스쁘아
persona_5,342,0.802081823348999,에스쁘아
persona_5,343,0.802081823348999,에스쁘아
persona_5,344,0.802081823348999,에스쁘아
persona_5,345,0.8346774578094482,에스쁘아
persona_5,346,0.8337147235870361,에스쁘아
persona_5,347,0.8354257941246033,에스쁘아
persona_5,348,0.8140553832054138,아모레성수
persona_5,349,0.7847042679786682,아모레성수
persona_5,350,0.8726233243942261,아모레성수
persona_5,351,0.7818417549133301,아모레성수
persona_5,352,0.7828928232192993,아모레성수
persona_5,353,0.7882322072982788,아모레성수
persona_5,354,0.7996963858604431,아모레성수
persona_5,355,0.796825110912323,아모레성수
persona_5,356,0.8173593878746033,아모레성수
persona_5,357,0.8213640451431274,아모레성수
persona_5,358,0.7530973553657532,아모레성수
persona_5,359,0.772871196269989,아모레성수
persona_5,360,0.8077278137207031,아모레성수
persona_5,361,0.811620831489563,아모레성수
persona_5,362,0.8056221604347229,아모레성수
persona_5,363,0.8179246187210083,아모레성수
persona_5,364,0.737983226776123,미쟝센
persona_5,365,0.7801522016525269,미쟝센
persona_5,366,0.7270679473876953,미쟝센
persona_5,367,0.7419123649597168,미쟝센
persona_5,368,0.7397462129592896,미쟝센
persona_5,369,0.7720414996147156,미쟝센
persona_5,370,0.7906672954559326,미쟝센
persona_5,371,0.7565687894821167,미쟝센
persona_5,372,0.7724440097808838,미쟝센
persona_5,373,0.7863189578056335,미쟝센
persona_5,374,0.7997076511383057,미쟝센
persona_5,375,0.7864933609962463,미쟝센
persona_5,376,0.7690244913101196,미쟝센
persona_5,377,0.7521787285804749,미쟝센
persona_5,378,0.7885145545005798,미쟝센
persona_5,379,0.7626556158065796,미쟝센
persona_5,380,0.7565687894821167,미쟝센
persona_5,381,0.7792616486549377,미쟝센
persona_5,382,0.7626556158065796,미쟝센
persona_5,383,0.7787427306175232,미쟝센
persona_5,384,0.783748984336853,미쟝센
persona_5,385,0.8195719718933105,미쟝센
persona_5,386,0.8195719718933105,미쟝센
persona_5,387,0.737539529800415,미쟝센
persona_5,388,0.8186159729957581,미쟝센
persona_5,389,0.7711084485054016,미쟝센
persona_5,390,0.7565687894821167,미쟝센
persona_5,391,0.7565687894821167,미쟝센
persona_5,392,0.7565687894821167,미쟝센
persona_5,393,0.7708601355552673,미쟝센
persona_5,394,0.8195719718933105,미쟝센
persona_5,395,0.7163645029067993,미쟝센
persona_5,396,0.7600371241569519,미쟝센
persona_5,397,0.8195719718933105,미쟝센
persona_5,398,0.8195719718933105,미쟝센
persona_5,399,0.7905378341674805,미쟝센
persona_5,400,0.7521787285804749,미쟝센
persona_5,401,0.770348846912384,미쟝센
persona_5,402,0.7544297575950623,미쟝센
persona_5,403,0.7884029746055603,미쟝센
persona_5,404,0.7923611402511597,미쟝센
persona_5,405,0.768164336681366,미쟝센
persona_5,406,0.7565687894821167,미쟝센
persona_5,407,0.7157967686653137,미쟝센
persona_5,408,0.7221082448959351,미쟝센
persona_5,409,0.8186159729957581,미쟝센
persona_5,410,0.8195719718933105,미쟝센
persona_5,411,0.8186159729957581,미쟝센
persona_5,412,0.8195719718933105,미쟝센
persona_5,413,0.8195719718933105,미쟝센
persona_5,414,0.8195719718933105,미쟝센
persona_5,415,0.8203297853469849,미쟝센
persona_5,416,0.7319121956825256,미쟝센
persona_5,417,0.8203297853469849,미쟝센
persona_5,418,0.8195719718933105,미쟝센
persona_5,419,0.8203297853469849,미쟝센
persona_5,420,0.8203297853469849,미쟝센
persona_5,421,0.8195719718933105,미쟝센
persona_5,422,0.7565687894821167,미쟝센
persona_5,423,0.8270271420478821,아모레퍼시픽
persona_5,424,0.8805249333381653,아모레퍼시픽
persona_5,425,0.878563642501831,아모레퍼시픽
persona_5,426,0.8700948357582092,아모레퍼시픽
persona_5,427,0.7530973553657532,아모레퍼시픽
persona_5,428,0.8747748136520386,아모레퍼시픽
persona_5,429,0.878563642501831,아모레퍼시픽
persona_5,430,0.9119316339492798,아모레베이직
persona_5,431,0.9109389781951904,아모레베이직
persona_5,432,0.8805985450744629,아모레베이직
persona_5,433,0.9126099348068237,아모레베이직
persona_5,434,0.8195044994354248,아모레베이직
persona_5,435,0.7907233834266663,아모레베이직
persona_5,436,0.9126099348068237,아모레베이직
persona_5,437,0.9126099348068237,아모레베이직
persona_5,438,0.9109389781951904,아모레베이직
persona_5,439,0.9089574813842773,아모레베이직
persona_5,440,0.9066387414932251,아모레베이직
persona_5,441,0.9126099348068237,아모레베이직
persona_5,442,0.9126099348068237,아모레베이직
persona_5,443,0.8314540386199951,아모레베이직
persona_5,444,0.8119301199913025,한율
persona_5,445,0.7748129963874817,한율
persona_5,446,0.8128825426101685,한율
persona_5,447,0.7793611288070679,한율
persona_5,448,0.8128825426101685,한율
persona_5,449,0.7478973269462585,한율
persona_5,450,0.7834126353263855,한율
persona_5,451,0.8128825426101685,한율
persona_5,452,0.8136444687843323,한율
persona_5,453,0.8128825426101685,한율
persona_5,454,0.8119301199913025,한율
persona_5,455,0.7819588780403137,한율
persona_5,456,0.8136444687843323,한율
persona_5,457,0.7478973269462585,한율
persona_5,458,0.7793611288070679,한율
persona_5,459,0.7760090231895447,한율
persona_5,460,0.8136444687843323,한율
persona_5,461,0.7861877679824829,한율
persona_5,462,0.8128825426101685,한율
persona_5,463,0.8136444687843323,한율
persona_5,464,0.7655127048492432,한율
persona_5,465,0.8136444687843323,한율
persona_5,466,0.7793611288070679,한율
persona_5,467,0.8128825426101685,한율
persona_5,468,0.781332790851593,한율
persona_5,469,0.7478973269462585,한율
persona_5,470,0.7964913845062256,한율
persona_5,471,0.8128825426101685,한율
persona_5,472,0.8136444687843323,한율
persona_5,473,0.7714230418205261,한율
persona_5,474,0.788484513759613,한율
persona_5,475,0.77789705991745,한율
persona_5,476,0.7447973489761353,한율
persona_5,477,0.8136444687843323,한율
persona_5,478,0.8136444687843323,한율
persona_5,479,0.8128825426101685,한율
persona_5,480,0.8136444687843323,한율
persona_5,481,0.7866603136062622,한율
persona_5,482,0.7806109189987183,한율
persona_5,483,0.7798910737037659,한율
persona_5,484,0.7688231468200684,한율
persona_5,485,0.7800670862197876,한율
persona_5,486,0.7714230418205261,한율
persona_5,487,0.7447973489761353,한율
persona_5,488,0.7834126353263855,한율
persona_5,489,0.8128825426101685,한율
persona_5,490,0.7709130048751831,한율
persona_5,491,0.8119301199913025,한율
persona_5,492,0.8128825426101685,한율
persona_5,493,0.8136444687843323,한율
persona_5,494,0.8128825426101685,한율
persona_5,495,0.8136444687843323,한율
persona_5,496,0.8136444687843323,한율
persona_5,497,0.8136444687843323,한율
persona_5,498,0.8128825426101685,한율
persona_5,499,0.7339224219322205,해피바스
persona_5,500,0.7298670411109924,해피바스
persona_5,501,0.7667291760444641,해피바스
persona_5,502,0.7504948377609253,해피바스
persona_5,503,0.7999935746192932,해피바스
persona_5,504,0.7718152403831482,해피바스
persona_5,505,0.7976213097572327,해피바스
persona_5,506,0.8247889280319214,해피바스
persona_5,507,0.7453568577766418,해피바스
persona_5,508,0.7962090373039246,해피바스
persona_5,509,0.7751151919364929,해피바스
persona_5,510,0.7207520604133606,해피바스
persona_5,511,0.7298400402069092,해피바스
persona_5,512,0.7718152403831482,해피바스
persona_5,513,0.7344294190406799,해피바스
persona_5,514,0.7489014863967896,해피바스
persona_5,515,0.7976213097572327,해피바스
persona_5,516,0.7298400402069092,해피바스
persona_5,517,0.7624156475067139,해피바스
persona_5,518,0.7596383094787598,해피바스
persona_5,519,0.7999935746192932,해피바스
persona_5,520,0.7298670411109924,해피바스
persona_5,521,0.8238304257392883,해피바스
persona_5,522,0.7298400402069092,해피바스
persona_5,523,0.825544536113739,해피바스
persona_5,524,0.7596383094787598,해피바스
persona_5,525,0.731769323348999,해피바스
persona_5,526,0.7298400402069092,해피바스
persona_5,527,0.7315365672111511,해피바스
persona_5,528,0.825544536113739,해피바스
persona_5,529,0.7541149854660034,해피바스
persona_5,530,0.7477849125862122,해피바스
persona_5,531,0.7489014863967896,해피바스
persona_5,532,0.825544536113739,해피바스
persona_5,533,0.7573553919792175,해피바스
persona_5,534,0.7718152403831482,해피바스
persona_5,535,0.7705774307250977,해피바스
persona_5,536,0.825544536113739,해피바스
persona_5,537,0.825544536113739,해피바스
persona_5,538,0.7596383094787598,해피바스
persona_5,539,0.7947115302085876,해피바스
persona_5,540,0.825544536113739,해피바스
persona_5,541,0.7506530284881592,해피바스
persona_5,542,0.825544536113739,해피바스
persona_5,543,0.825544536113739,해피바스
persona_5,544,0.7947317957878113,해피바스
persona_5,545,0.780689537525177,해피바스
persona_5,546,0.7596383094787598,해피바스
persona_5,547,0.7492404580116272,해피바스
persona_5,548,0.7610835433006287,해피바스
persona_5,549,0.7890434265136719,해피바스
persona_5,550,0.7890434265136719,해피바스
persona_5,551,0.9126099348068237,온호프
persona_5,552,0.8195649981498718,홀리추얼
persona_5,553,0.7712700963020325,홀리추얼
persona_5,554,0.8195649981498718,홀리추얼
persona_5,555,0.7802027463912964,홀리추얼
persona_5,556,0.7822504639625549,홀리추얼
persona_5,557,0.7876418232917786,홀리추얼
persona_5,558,0.7877607941627502,홀리추얼
persona_5,559,0.7834333777427673,홀리추얼
persona_5,560,0.7878720164299011,홀리추얼
persona_5,561,0.7795591354370117,홀리추얼
persona_5,562,0.8165611624717712,홀리추얼
persona_5,563,0.8165611624717712,홀리추얼
persona_5,564,0.8186312913894653,홀리추얼
persona_5,565,0.7692831754684448,홀리추얼
persona_5,566,0.7890838384628296,홀리추얼
persona_5,567,0.8071646690368652,홀리추얼
persona_5,568,0.8186312913894653,홀리추얼
persona_5,569,0.8195649981498718,홀리추얼
persona_5,570,0.8188066482543945,홀리추얼
persona_5,571,0.8188066482543945,홀리추얼
persona_5,572,0.7542628049850464,홀리추얼
persona_5,573,0.8412207961082458,
persona_5,574,0.825461745262146,
persona_5,575,0.7819329500198364,
persona_5,576,0.7727593779563904,오딧세이
persona_5,577,0.775846540927887,오딧세이
persona_5,578,0.8150158524513245,오딧세이
persona_5,579,0.775846540927887,오딧세이
persona_5,580,0.814063549041748,오딧세이
persona_5,581,0.7727593779563904,오딧세이
persona_5,582,0.814063549041748,오딧세이
persona_5,583,0.8150158524513245,오딧세이
persona_5,584,0.8150158524513245,오딧세이
persona_5,585,0.8157773613929749,오딧세이
persona_5,586,0.8154131174087524,프리메라
persona_5,587,0.7842685580253601,프리메라
persona_5,588,0.7544456720352173,프리메라
persona_5,589,0.7824479937553406,프리메라
persona_5,590,0.8154131174087524,프리메라
persona_5,591,0.784762978553772,프리메라
persona_5,592,0.7625733017921448,프리메라
persona_5,593,0.8043992519378662,프리메라
persona_5,594,0.7317997217178345,프리메라
persona_5,595,0.7113960385322571,프리메라
persona_5,596,0.7861855626106262,프리메라
persona_5,597,0.7562512159347534,프리메라
persona_5,598,0.7385590672492981,프리메라
persona_5,599,0.7738264203071594,프리메라
persona_5,600,0.816338837146759,프리메라
persona_5,601,0.8154131174087524,프리메라
persona_5,602,0.7842984795570374,프리메라
persona_5,603,0.7860080003738403,프리메라
persona_5,604,0.7758100628852844,프리메라
persona_5,605,0.7845247387886047,프리메라
persona_5,606,0.7860080003738403,프리메라
persona_5,607,0.7603098154067993,프리메라
persona_5,608,0.7113631367683411,프리메라
persona_5,609,0.7850108742713928,프리메라
persona_5,610,0.8146247267723083,프리메라
persona_5,611,0.7846924066543579,프리메라
persona_5,612,0.7772688865661621,프리메라
persona_5,613,0.7880392074584961,프리메라
persona_5,614,0.7407860159873962,프리메라
persona_5,615,0.781175434589386,프리메라
persona_5,616,0.7772688865661621,프리메라
persona_5,617,0.7816511392593384,프리메라
persona_5,618,0.7855507135391235,프리메라
persona_5,619,0.788775622844696,프리메라
persona_5,620,0.7846924066543579,프리메라
persona_5,621,0.7521836757659912,프리메라
persona_5,622,0.780511200428009,프리메라
persona_5,623,0.804976761341095,프리메라
persona_5,624,0.7780788540840149,프리메라
persona_5,625,0.813353419303894,프리메라
persona_5,626,0.788775622844696,프리메라
persona_5,627,0.7849649786949158,프리메라
persona_5,628,0.7788410186767578,프리메라
persona_5,629,0.7497870326042175,프리메라
persona_5,630,0.7622789144515991,프리메라
persona_5,631,0.7807934284210205,프리메라
persona_5,632,0.7810084819793701,프리메라
persona_5,633,0.7381470203399658,프리메라
persona_5,634,0.7712389826774597,프리메라
persona_5,635,0.7829883694648743,프리메라
persona_5,636,0.730919599533081,프리메라
persona_5,637,0.7763533592224121,프리메라
persona_5,638,0.7385590672492981,프리메라
persona_5,639,0.7738264203071594,프리메라
persona_5,640,0.777743399143219,프리메라
persona_5,641,0.8155785202980042,프리메라
persona_5,642,0.8155785202980042,프리메라
persona_5,643,0.7681668996810913,프리메라
persona_5,644,0.745181143283844,프리메라
persona_5,645,0.796436071395874,헤라
persona_5,646,0.7904989719390869,헤라
persona_5,647,0.7120873332023621,헤라
persona_5,648,0.7352179288864136,헤라
persona_5,649,0.7518595457077026,헤라
persona_5,650,0.7514883279800415,헤라
persona_5,651,0.7102965116500854,헤라
persona_5,652,0.7463225722312927,헤라
persona_5,653,0.7463225722312927,헤라
persona_5,654,0.7514883279800415,헤라
persona_5,655,0.7122214436531067,헤라
persona_5,656,0.7122214436531067,헤라
persona_5,657,0.796436071395874,헤라
persona_5,658,0.8219224810600281,헤라
persona_5,659,0.8219224810600281,헤라
persona_5,660,0.8219224810600281,헤라
persona_5,661,0.7372866868972778,헤라
persona_5,662,0.8209841251373291,헤라
persona_5,663,0.7453696727752686,헤라
persona_5,664,0.7120873332023621,헤라
persona_5,665,0.7913328409194946,헤라
persona_5,666,0.8209841251373291,헤라
persona_5,667,0.7503312230110168,헤라
persona_5,668,0.7826821804046631,헤라
persona_5,669,0.7941641807556152,헤라
persona_5,670,0.8189054131507874,헤라
persona_5,671,0.8202096223831177,헤라
persona_5,672,0.8202096223831177,헤라
persona_5,673,0.779098629951477,헤라
persona_5,674,0.740436851978302,헤라
persona_5,675,0.8202096223831177,헤라
persona_5,676,0.7756586670875549,헤라
persona_5,677,0.7890802621841431,헤라
persona_5,678,0.7573760747909546,헤라
persona_5,679,0.7903691530227661,헤라
persona_5,680,0.7379278540611267,헤라
persona_5,681,0.7481356263160706,헤라
persona_5,682,0.8202096223831177,헤라
persona_5,683,0.7140639424324036,헤라
persona_5,684,0.782428503036499,헤라
persona_5,685,0.7797815799713135,헤라
persona_5,686,0.7681729793548584,헤라
persona_5,687,0.7352179288864136,헤라
persona_5,688,0.7815842628479004,헤라
persona_5,689,0.7913328409194946,헤라
persona_5,690,0.7952947616577148,헤라
persona_5,691,0.7526691555976868,헤라
persona_5,692,0.7565462589263916,헤라
persona_5,693,0.7941331267356873,헤라
persona_5,694,0.7152577042579651,헤라
persona_5,695,0.7817804217338562,헤라
persona_5,696,0.8211662769317627,헤라
persona_5,697,0.7800511717796326,헤라
persona_5,698,0.7400712966918945,헤라
persona_5,699,0.7696660161018372,헤라
persona_5,700,0.7667370438575745,헤라
persona_5,701,0.7900044918060303,헤라
persona_5,702,0.7912960648536682,헤라
persona_5,703,0.8219224810600281,헤라
persona_5,704,0.8202096223831177,헤라
persona_5,705,0.7442923188209534,헤라
persona_5,706,0.7317060828208923,헤라
persona_5,707,0.737333357334137,헤라
persona_5,708,0.7935107350349426,헤라
persona_5,709,0.7458010315895081,헤라
persona_5,710,0.771224319934845,헤라
persona_5,711,0.7823451161384583,헤라
persona_5,712,0.7522430419921875,헤라
persona_5,713,0.7935107350349426,헤라
persona_5,714,0.7899192571640015,헤라
persona_5,715,0.790145754814148,헤라
persona_5,716,0.7836307883262634,헤라
persona_5,717,0.7756586670875549,헤라
persona_5,718,0.7903691530227661,헤라
persona_5,719,0.7120873332023621,헤라
persona_5,720,0.7762764692306519,헤라
persona_5,721,0.7833167314529419,헤라
persona_5,722,0.7578298449516296,헤라
persona_5,723,0.7935076355934143,헤라
persona_5,724,0.7817858457565308,헤라
persona_5,725,0.7559723258018494,헤라
persona_5,726,0.7890802621841431,헤라
persona_5,727,0.7116722464561462,헤라
persona_5,728,0.7180173993110657,헤라
persona_5,729,0.7468183040618896,헤라
persona_5,730,0.7468183040618896,헤라
persona_5,731,0.8209841251373291,헤라
persona_5,732,0.8209841251373291,헤라
persona_5,733,0.7232230305671692,헤라
persona_5,734,0.7630239129066467,헤라
persona_5,735,0.7563566565513611,헤라
persona_5,736,0.7457842230796814,헤라
persona_5,737,0.7725598216056824,헤라
persona_5,738,0.7389213442802429,비레디
persona_5,739,0.7448158860206604,라네즈
persona_5,740,0.7845649719238281,비레디
persona_5,741,0.7907798290252686,라네즈
persona_5,742,0.7663860321044922,비레디
persona_5,743,0.7726850509643555,라네즈
persona_5,744,0.7858855128288269,비레디
persona_5,745,0.7921326756477356,라네즈
persona_5,746,0.7142462134361267,비레디
persona_5,747,0.7200387716293335,라네즈
persona_5,748,0.8212646842002869,비레디
persona_5,749,0.8277693390846252,라네즈
persona_5,750,0.7142462134361267,비레디
persona_5,751,0.7200387716293335,라네즈
persona_5,752,0.7871381640434265,비레디
persona_5,753,0.7933737635612488,라네즈
persona_5,754,0.7942665815353394,비레디
persona_5,755,0.8005293607711792,라네즈
persona_5,756,0.7610666751861572,비레디
persona_5,757,0.7672536373138428,라네즈
persona_5,758,0.7426661252975464,비레디
persona_5,759,0.7486489415168762,라네즈
persona_5,760,0.771906852722168,비레디
persona_5,761,0.7779431939125061,라네즈
persona_5,762,0.7831951975822449,비레디
persona_5,763,0.7893280982971191,라네즈
persona_5,764,0.8203087449073792,비레디
persona_5,765,0.8268100023269653,라네즈
persona_5,766,0.7942665815353394,비레디
persona_5,767,0.8005293607711792,라네즈
persona_5,768,0.7374553680419922,비레디
persona_5,769,0.7432750463485718,라네즈
persona_5,770,0.7052233815193176,비레디
persona_5,771,0.7110969424247742,라네즈
persona_5,772,0.7541927695274353,비레디
persona_5,773,0.7601678967475891,라네즈
persona_5,774,0.7426661252975464,비레디
persona_5,775,0.7486489415168762,라네즈
persona_5,776,0.7369142770767212,비레디
persona_5,777,0.7427978515625,라네즈
persona_5,778,0.7369142770767212,비레디
persona_5,779,0.7427978515625,라네즈
persona_5,780,0.7369142770767212,비레디
persona_5,781,0.7427978515625,라네즈
persona_5,782,0.8203087449073792,비레디
persona_5,783,0.8268100023269653,라네즈
persona_5,784,0.8203087449073792,비레디
persona_5,785,0.8268100023269653,라네즈
persona_5,786,0.8203087449073792,비레디
persona_5,787,0.8268100023269653,라네즈
persona_5,788,0.8203087449073792,비레디
persona_5,789,0.8268100023269653,라네즈
persona_5,790,0.8203087449073792,비레디
persona_5,791,0.8268100023269653,라네즈
persona_5,792,0.7913897633552551,비레디
persona_5,793,0.797771692276001,라네즈
persona_5,794,0.815356969833374,아이오페
persona_5,795,0.7073184847831726,아이오페
persona_5,796,0.8131346702575684,아이오페
persona_5,797,0.7754248976707458,아이오페
persona_5,798,0.7857459783554077,아이오페
persona_5,799,0.7472477555274963,아이오페
persona_5,800,0.8161175847053528,아이오페
persona_5,801,0.7763188481330872,아이오페
persona_5,802,0.7647062540054321,아이오페
persona_5,803,0.7834789156913757,아이오페
persona_5,804,0.8161175847053528,아이오페
persona_5,805,0.7897239923477173,아이오페
persona_5,806,0.8161175847053528,아이오페
persona_5,807,0.7774837017059326,아이오페
persona_5,808,0.6829448938369751,아이오페
persona_5,809,0.7875218391418457,아이오페
persona_5,810,0.6829448938369751,아이오페
persona_5,811,0.7151661515235901,아이오페
persona_5,812,0.7347204089164734,아이오페
persona_5,813,0.7897239923477173,아이오페
persona_5,814,0.7834789156913757,아이오페
persona_5,815,0.7988782525062561,아이오페
persona_5,816,0.6938790678977966,아이오페
persona_5,817,0.7823880910873413,아이오페
persona_5,818,0.7802342176437378,아이오페
persona_5,819,0.7303624749183655,아이오페
persona_5,820,0.7875218391418457,아이오페
persona_5,821,0.7677304148674011,아이오페
persona_5,822,0.8026337623596191,아이오페
persona_5,823,0.7781521677970886,아이오페
persona_5,824,0.7752534747123718,아이오페
persona_5,825,0.7754248976707458,아이오페
persona_5,826,0.7270262837409973,아이오페
persona_5,827,0.8144038319587708,아이오페
persona_5,828,0.7781521677970886,아이오페
persona_5,829,0.7848052978515625,아이오페
persona_5,830,0.7816685438156128,아이오페
persona_5,831,0.7457559108734131,아이오페
persona_5,832,0.7453663945198059,아이오페
persona_5,833,0.7848403453826904,아이오페
persona_5,834,0.7304295301437378,아이오페
persona_5,835,0.7436515092849731,아이오페
persona_5,836,0.7789883017539978,아이오페
persona_5,837,0.7789883017539978,아이오페
persona_5,838,0.7443423867225647,아이오페
persona_5,839,0.7514857649803162,아이오페
persona_5,840,0.815356969833374,아이오페
persona_5,841,0.8144038319587708,아이오페
persona_5,842,0.7816685438156128,아이오페
persona_5,843,0.8144038319587708,아이오페
persona_5,844,0.7829581499099731,아이오페
persona_5,845,0.8151917457580566,아이오페
persona_5,846,0.8144038319587708,아이오페
persona_5,847,0.7814437747001648,아이오페
persona_5,848,0.6994711756706238,아이오페
persona_5,849,0.7754829525947571,아이오페
persona_5,850,0.7702487111091614,아이오페
persona_5,851,0.7763188481330872,아이오페
persona_5,852,0.7878324389457703,아이오페
persona_5,853,0.7045107483863831,아이오페
persona_5,854,0.6884679198265076,아이오페
persona_5,855,0.7857459783554077,아이오페
persona_5,856,0.8161175847053528,아이오페
persona_5,857,0.8151917457580566,아이오페
persona_5,858,0.674104630947113,아이오페
persona_5,859,0.8131346702575684,아이오페
persona_5,860,0.7885680794715881,아이오페
persona_5,861,0.7714053988456726,아이오페
persona_5,862,0.9066387414932251,에이피뷰티
persona_5,863,0.8418617248535156,에이피뷰티
persona_5,864,0.7987240552902222,에이피뷰티
persona_5,865,0.8693953156471252,에이피뷰티
persona_5,866,0.8774603605270386,에이피뷰티
persona_5,867,0.833466649055481,에이피뷰티
persona_5,868,0.8759891390800476,에이피뷰티
persona_5,869,0.8760861754417419,에이피뷰티
persona_5,870,0.8777421116828918,에이피뷰티
persona_5,871,0.9114470481872559,에이피뷰티
persona_5,872,0.8770740032196045,에이피뷰티
persona_5,873,0.8770740032196045,에이피뷰티
persona_5,874,0.8748681545257568,에이피뷰티
persona_5,875,0.8774603605270386,에이피뷰티
persona_5,876,0.8774603605270386,에이피뷰티
persona_5,877,0.9089574813842773,에이피뷰티
persona_5,878,0.7748003005981445,에이피뷰티
persona_5,879,0.9114470481872559,에이피뷰티
persona_5,880,0.8760861754417419,에이피뷰티
persona_5,881,0.8010269999504089,에이피뷰티
persona_5,882,0.87553471326828,에이피뷰티
persona_5,883,0.8817782998085022,에이피뷰티
persona_5,884,0.8817782998085022,에이피뷰티
persona_5,885,0.8755623698234558,에이피뷰티
persona_5,886,0.8652817010879517,에이피뷰티
persona_5,887,0.8594119548797607,에이피뷰티
persona_5,888,0.9126099348068237,에이피뷰티
persona_5,889,0.8468701839447021,에이피뷰티
persona_5,890,0.8468701839447021,에이피뷰티
persona_5,891,0.8468701839447021,에이피뷰티
persona_5,892,0.8774603605270386,에이피뷰티
persona_5,893,0.8805249333381653,에이피뷰티
persona_5,894,0.9089574813842773,에이피뷰티
persona_5,895,0.9066387414932251,에이피뷰티
persona_5,896,0.7990003228187561,에이피뷰티
persona_5,897,0.7644473910331726,에이피뷰티
persona_5,898,0.8755623698234558,에이피뷰티
persona_5,899,0.7815194129943848,일리윤
persona_5,900,0.7642942667007446,일리윤
persona_5,901,0.7977717518806458,일리윤
persona_5,902,0.7612375020980835,일리윤
persona_5,903,0.7467846274375916,일리윤
persona_5,904,0.7756032943725586,일리윤
persona_5,905,0.7467846274375916,일리윤
persona_5,906,0.7756032943725586,일리윤
persona_5,907,0.7885492444038391,일리윤
persona_5,908,0.786230742931366,일리윤
persona_5,909,0.7612432837486267,일리윤
persona_5,910,0.7818067669868469,일리윤
persona_5,911,0.7896734476089478,일리윤
persona_5,912,0.7371137142181396,일리윤
persona_5,913,0.7649598121643066,일리윤
persona_5,914,0.7685561776161194,일리윤
persona_5,915,0.7741437554359436,일리윤
persona_5,916,0.8103494644165039,일리윤
persona_5,917,0.7839271426200867,일리윤
persona_5,918,0.7828347682952881,일리윤
persona_5,919,0.7815043926239014,일리윤
persona_5,920,0.7604942321777344,일리윤
persona_5,921,0.7431721091270447,일리윤
persona_5,922,0.7756032943725586,일리윤
persona_5,923,0.7807439565658569,일리윤
persona_5,924,0.7623308300971985,일리윤
persona_5,925,0.7318334579467773,일리윤
persona_5,926,0.7254876494407654,일리윤
persona_5,927,0.7837557792663574,일리윤
persona_5,928,0.7381020784378052,일리윤
persona_5,929,0.7756099700927734,일리윤
persona_5,930,0.7591077089309692,일리윤
persona_5,931,0.7407679557800293,일리윤
persona_5,932,0.7847315669059753,일리윤
persona_5,933,0.7649598121643066,일리윤
persona_5,934,0.7807439565658569,일리윤
persona_5,935,0.7649598121643066,일리윤
persona_5,936,0.7839271426200867,일리윤
persona_5,937,0.7847315669059753,일리윤
persona_5,938,0.8093993067741394,일리윤
persona_5,939,0.811112642288208,일리윤
persona_5,940,0.811112642288208,일리윤
persona_5,941,0.7360297441482544,일리윤
persona_5,942,0.811112642288208,일리윤
persona_5,943,0.8093993067741394,일리윤
persona_5,944,0.811112642288208,일리윤
persona_5,945,0.8093993067741394,일리윤
persona_5,946,0.7806837558746338,일리윤
persona_5,947,0.8089020848274231,일리윤
persona_5,948,0.8093993067741394,일리윤
persona_5,949,0.8089020848274231,일리윤
persona_5,950,0.8089020848274231,일리윤
persona_5,951,0.7612375020980835,일리윤
persona_5,952,0.7451542019844055,일리윤
persona_5,953,0.7586552500724792,일리윤
persona_5,954,0.8093993067741394,일리윤
persona_5,955,0.7806837558746338,일리윤
persona_5,956,0.7806837558746338,일리윤
persona_5,957,0.8103494644165039,일리윤
persona_5,958,0.8093993067741394,일리윤
persona_5,959,0.780040442943573,일리윤
persona_5,960,0.7266992926597595,일리윤
persona_5,961,0.7445085644721985,일리윤
persona_5,962,0.7838170528411865,일리윤
persona_5,963,0.8318605422973633,이니스프리
persona_5,964,0.8016573190689087,이니스프리
persona_5,965,0.7682427167892456,이니스프리
persona_5,966,0.8041084408760071,이니스프리
persona_5,967,0.8297342658042908,이니스프리
persona_5,968,0.7989615201950073,이니스프리
persona_5,969,0.8320744633674622,이니스프리
persona_5,970,0.8320744633674622,이니스프리
persona_5,971,0.8297342658042908,이니스프리
persona_5,972,0.8016494512557983,이니스프리
persona_5,973,0.7450942993164062,이니스프리
persona_5,974,0.7876917719841003,이니스프리
persona_5,975,0.7865002751350403,이니스프리
persona_5,976,0.7557565569877625,이니스프리
persona_5,977,0.7937278747558594,이니스프리
persona_5,978,0.7658214569091797,이니스프리
persona_5,979,0.7450942993164062,이니스프리
persona_5,980,0.8320744633674622,이니스프리
persona_5,981,0.8045260906219482,이니스프리
persona_5,982,0.7682427167892456,이니스프리
persona_5,983,0.7574132680892944,이니스프리
persona_5,984,0.8318605422973633,이니스프리
persona_5,985,0.7989631295204163,이니스프리
persona_5,986,0.8328263759613037,이니스프리
persona_5,987,0.7541947364807129,이니스프리
persona_5,988,0.7919517755508423,이니스프리
persona_5,989,0.8311119675636292,이니스프리
persona_5,990,0.7947312593460083,이니스프리
persona_5,991,0.7642993330955505,이니스프리
persona_5,992,0.8297342658042908,이니스프리
persona_5,993,0.7941364049911499,이니스프리
persona_5,994,0.7768427729606628,이니스프리
persona_5,995,0.7835625410079956,이니스프리
persona_5,996,0.8297342658042908,이니스프리
persona_5,997,0.795472264289856,이니스프리
persona_5,998,0.8005887866020203,이니스프리
persona_5,999,0.7261515259742737,이니스프리
persona_5,1000,0.7692168951034546,이니스프리
persona_5,1001,0.7450942993164062,이니스프리
persona_5,1002,0.7557565569877625,이니스프리
persona_5,1003,0.7989631295204163,이니스프리
persona_5,1004,0.8045260906219482,이니스프리
persona_5,1005,0.8320744633674622,이니스프리
persona_5,1006,0.7640782594680786,이니스프리
persona_5,1007,0.7768427729606628,이니스프리
persona_5,1008,0.7672443389892578,이니스프리
persona_5,1009,0.7972277402877808,이니스프리
persona_5,1010,0.7974258065223694,이니스프리
persona_5,1011,0.805698812007904,이니스프리
persona_5,1012,0.7945648431777954,이니스프리
persona_5,1013,0.7989615201950073,이니스프리
persona_5,1014,0.7695443034172058,이니스프리
persona_5,1015,0.7805958390235901,이니스프리
persona_5,1016,0.795472264289856,이니스프리
persona_5,1017,0.7805958390235901,이니스프리
persona_5,1018,0.7805958390235901,이니스프리
persona_5,1019,0.7959202527999878,이니스프리
persona_5,1020,0.8022077679634094,이니스프리
persona_5,1021,0.820495069026947,이니스프리
persona_5,1022,0.8036072254180908,이니스프리
persona_5,1023,0.7859513163566589,이니스프리
persona_5,1024,0.8045260906219482,이니스프리
persona_5,1025,0.7760530114173889,이니스프리
persona_5,1026,0.8328263759613037,이니스프리
persona_5,1027,0.820112407207489,이니스프리
persona_5,1028,0.7791974544525146,이니스프리
persona_5,1029,0.805698812007904,이니스프리
persona_5,1030,0.7952818870544434,이니스프리
persona_5,1031,0.798270583152771,이니스프리
persona_5,1032,0.8036072254180908,이니스프리
persona_5,1033,0.7974258065223694,이니스프리
persona_5,1034,0.8008536100387573,이니스프리
persona_5,1035,0.7696264982223511,이니스프리
persona_5,1036,0.7282268404960632,이니스프리
persona_5,1037,0.8045260906219482,이니스프리
persona_5,1038,0.7592130303382874,이니스프리
persona_5,1039,0.820495069026947,이니스프리
persona_5,1040,0.8037682175636292,이니스프리
persona_5,1041,0.7887601852416992,이니스프리
persona_5,1042,0.8014335632324219,이니스프리
persona_5,1043,0.7834324240684509,이니스프리
persona_5,1044,0.820495069026947,이니스프리
persona_5,1045,0.8089200854301453,이니스프리
persona_5,1046,0.728015661239624,이니스프리
persona_5,1047,0.7541947364807129,이니스프리
persona_5,1048,0.8037682175636292,이니스프리
persona_5,1049,0.7995445132255554,이니스프리
persona_5,1050,0.7697290182113647,이니스프리
persona_5,1051,0.7801461815834045,이니스프리
persona_5,1052,0.7834324240684509,이니스프리
persona_5,1053,0.820495069026947,이니스프리
persona_5,1054,0.7987978458404541,이니스프리
persona_5,1055,0.7658214569091797,이니스프리
persona_5,1056,0.8036072254180908,이니스프리
persona_5,1057,0.8297342658042908,이니스프리
persona_5,1058,0.8014335632324219,이니스프리
persona_5,1059,0.7560520768165588,이니스프리
persona_5,1060,0.7952818870544434,이니스프리
persona_5,1061,0.8014335632324219,이니스프리
persona_5,1062,0.7557565569877625,이니스프리
persona_5,1063,0.7708647847175598,이니스프리
persona_5,1064,0.8046536445617676,이니스프리
persona_5,1065,0.7974258065223694,이니스프리
persona_5,1066,0.8005887866020203,이니스프리
persona_5,1067,0.8005887866020203,이니스프리
persona_5,1068,0.767090380191803,이니스프리
persona_5,1069,0.7936348915100098,이니스프리
persona_5,1070,0.7282268404960632,이니스프리
persona_5,1071,0.7267268896102905,이니스프리
persona_5,1072,0.8037682175636292,이니스프리
persona_5,1073,0.7236387729644775,이니스프리
persona_5,1074,0.7589846849441528,이니스프리
persona_5,1075,0.79908686876297,이니스프리
persona_5,1076,0.7567000985145569,이니스프리
persona_5,1077,0.8089200854301453,이니스프리
persona_5,1078,0.8189134001731873,이니스프리
persona_5,1079,0.7791974544525146,이니스프리
persona_5,1080,0.7974258065223694,이니스프리
persona_5,1081,0.7697290182113647,이니스프리
persona_5,1082,0.7813340425491333,이니스프리
persona_5,1083,0.7752652764320374,이니스프리
persona_5,1084,0.769178569316864,이니스프리
persona_5,1085,0.7995445132255554,이니스프리
persona_5,1086,0.7768427729606628,이니스프리
persona_5,1087,0.8328263759613037,이니스프리
persona_5,1088,0.8046536445617676,이니스프리
persona_5,1089,0.7974258065223694,이니스프리
persona_5,1090,0.8045260906219482,이니스프리
persona_5,1091,0.7411202192306519,이니스프리
persona_5,1092,0.8016494512557983,이니스프리
persona_5,1093,0.7232527136802673,이니스프리
persona_5,1094,0.7682427167892456,이니스프리
persona_5,1095,0.7711836695671082,이니스프리
persona_5,1096,0.7974258065223694,이니스프리
persona_5,1097,0.7805958390235901,이니스프리
persona_5,1098,0.7813340425491333,이니스프리
persona_5,1099,0.7282268404960632,이니스프리
persona_5,1100,0.7966957092285156,이니스프리
persona_5,1101,0.7213940620422363,이니스프리
persona_5,1102,0.7557565569877625,이니스프리
persona_5,1103,0.7490109801292419,이니스프리
persona_5,1104,0.8034266233444214,이니스프리
persona_5,1105,0.8016573190689087,이니스프리
persona_5,1106,0.7813340425491333,이니스프리
persona_5,1107,0.7918797731399536,이니스프리
persona_5,1108,0.7796742916107178,이니스프리
persona_5,1109,0.7634199857711792,이니스프리
persona_5,1110,0.7516963481903076,이니스프리
persona_5,1111,0.8089200854301453,이니스프리
persona_5,1112,0.7959202527999878,이니스프리
persona_5,1113,0.7926250100135803,이니스프리
persona_5,1114,0.8016494512557983,이니스프리
persona_5,1115,0.7834324240684509,이니스프리
persona_5,1116,0.7683640122413635,이니스프리
persona_5,1117,0.8318605422973633,이니스프리
persona_5,1118,0.7328482270240784,이니스프리
persona_5,1119,0.7664787173271179,이니스프리
persona_5,1120,0.728015661239624,이니스프리
persona_5,1121,0.8210870027542114,이니스프리
persona_5,1122,0.7851694822311401,이니스프리
persona_5,1123,0.7995445132255554,이니스프리
persona_5,1124,0.8045260906219482,이니스프리
persona_5,1125,0.8328263759613037,이니스프리
persona_5,1126,0.8320744633674622,이니스프리
persona_5,1127,0.7995445132255554,이니스프리
persona_5,1128,0.7907004952430725,이니스프리
persona_5,1129,0.8311119675636292,이니스프리
persona_5,1130,0.8014441132545471,이니스프리
persona_5,1131,0.7941364049911499,이니스프리
persona_5,1132,0.8016573190689087,이니스프리
persona_5,1133,0.8016573190689087,이니스프리
persona_5,1134,0.8045260906219482,이니스프리
persona_5,1135,0.8101294636726379,이니스프리
persona_5,1136,0.731696367263794,이니스프리
persona_5,1137,0.7629074454307556,이니스프리
persona_5,1138,0.8311119675636292,이니스프리
persona_5,1139,0.8002977967262268,이니스프리
persona_5,1140,0.8045260906219482,이니스프리
persona_5,1141,0.7708647847175598,이니스프리
persona_5,1142,0.8045260906219482,이니스프리
persona_5,1143,0.7627936005592346,이니스프리
persona_5,1144,0.8045260906219482,이니스프리
persona_5,1145,0.7525030374526978,메디안
persona_5,1146,0.8175697922706604,메디안
persona_5,1147,0.8166159987449646,메디안
persona_5,1148,0.7357439994812012,메디안
persona_5,1149,0.8166159987449646,메디안
persona_5,1150,0.8166159987449646,메디안
persona_5,1151,0.8183296918869019,메디안
persona_5,1152,0.8175697922706604,메디안
persona_5,1153,0.8166159987449646,메디안
persona_5,1154,0.8161152601242065,메디안
persona_5,1155,0.8175697922706604,메디안
persona_5,1156,0.7364534139633179,메디안
persona_5,1157,0.8166159987449646,메디안
persona_5,1158,0.8166159987449646,메디안
persona_5,1159,0.8166159987449646,메디안
persona_5,1160,0.8166159987449646,메디안
persona_5,1161,0.6751410961151123,메디안
persona_5,1162,0.8175697922706604,메디안
persona_5,1163,0.6551944613456726,메디안
persona_5,1164,0.8166159987449646,메디안
persona_5,1165,0.8166159987449646,메디안
persona_5,1166,0.8173996210098267,메디안
persona_5,1167,0.8175697922706604,메디안
persona_5,1168,0.8175697922706604,메디안
persona_5,1169,0.8175697922706604,메디안
persona_5,1170,0.6551944613456726,메디안
persona_5,1171,0.6686092615127563,메디안
persona_5,1172,0.8175697922706604,메디안
persona_5,1173,0.7641907930374146,메디안
persona_5,1174,0.8175697922706604,메디안
persona_5,1175,0.8183296918869019,메디안
persona_5,1176,0.795389711856842,메디안
persona_5,1177,0.7389213442802429,비레디
persona_5,1178,0.7448158860206604,라네즈
persona_5,1179,0.7845649719238281,비레디
persona_5,1180,0.7907798290252686,라네즈
persona_5,1181,0.7663860321044922,비레디
persona_5,1182,0.7726850509643555,라네즈
persona_5,1183,0.7858855128288269,비레디
persona_5,1184,0.7921326756477356,라네즈
persona_5,1185,0.7142462134361267,비레디
persona_5,1186,0.7200387716293335,라네즈
persona_5,1187,0.8212646842002869,비레디
persona_5,1188,0.8277693390846252,라네즈
persona_5,1189,0.7142462134361267,비레디
persona_5,1190,0.7200387716293335,라네즈
persona_5,1191,0.7871381640434265,비레디
persona_5,1192,0.7933737635612488,라네즈
persona_5,1193,0.7942665815353394,비레디
persona_5,1194,0.8005293607711792,라네즈
persona_5,1195,0.7610666751861572,비레디
persona_5,1196,0.7672536373138428,라네즈
persona_5,1197,0.7426661252975464,비레디
persona_5,1198,0.7486489415168762,라네즈
persona_5,1199,0.771906852722168,비레디
persona_5,1200,0.7779431939125061,라네즈
persona_5,1201,0.7831951975822449,비레디
persona_5,1202,0.7893280982971191,라네즈
persona_5,1203,0.8203087449073792,비레디
persona_5,1204,0.8268100023269653,라네즈
persona_5,1205,0.7942665815353394,비레디
persona_5,1206,0.8005293607711792,라네즈
persona_5,1207,0.7374553680419922,비레디
persona_5,1208,0.7432750463485718,라네즈
persona_5,1209,0.7052233815193176,비레디
persona_5,1210,0.7110969424247742,라네즈
persona_5,1211,0.7541927695274353,비레디
persona_5,1212,0.7601678967475891,라네즈
persona_5,1213,0.7426661252975464,비레디
persona_5,1214,0.7486489415168762,라네즈
persona_5,1215,0.7369142770767212,비레디
persona_5,1216,0.7427978515625,라네즈
persona_5,1217,0.7369142770767212,비레디
persona_5,1218,0.7427978515625,라네즈
persona_5,1219,0.7369142770767212,비레디
persona_5,1220,0.7427978515625,라네즈
persona_5,1221,0.8203087449073792,비레디
persona_5,1222,0.8268100023269653,라네즈
persona_5,1223,0.8203087449073792,비레디
persona_5,1224,0.8268100023269653,라네즈
persona_5,1225,0.8203087449073792,비레디
persona_5,1226,0.8268100023269653,라네즈
persona_5,1227,0.8203087449073792,비레디
persona_5,1228,0.8268100023269653,라네즈
persona_5,1229,0.8203087449073792,비레디
persona_5,1230,0.8268100023269653,라네즈
persona_5,1231,0.7913897633552551,비레디
persona_5,1232,0.797771692276001,라네즈
persona_5,1233,0.9089574813842773,퍼즐우드
persona_5,1234,0.9109389781951904,퍼즐우드
persona_5,1235,0.9126099348068237,퍼즐우드
persona_5,1236,0.9109389781951904,퍼즐우드
persona_5,1237,0.9109389781951904,퍼즐우드
persona_5,1238,0.9104165434837341,퍼즐우드
persona_5,1239,0.9083535075187683,퍼즐우드
persona_5,1240,0.9109389781951904,퍼즐우드
persona_5,1241,0.9104165434837341,퍼즐우드
persona_5,1242,0.9104165434837341,퍼즐우드
persona_5,1243,0.9104165434837341,퍼즐우드
persona_5,1244,0.9104165434837341,퍼즐우드
persona_5,1245,0.9104165434837341,퍼즐우드
persona_5,1246,0.7973076701164246,퍼즐우드
persona_5,1247,0.9104165434837341,퍼즐우드
persona_5,1248,0.9083535075187683,퍼즐우드
persona_5,1249,0.9083535075187683,퍼즐우드
persona_5,1250,0.9083535075187683,퍼즐우드
persona_5,1251,0.9109389781951904,퍼즐우드
persona_5,1252,0.9104165434837341,퍼즐우드
persona_5,1253,0.9104165434837341,퍼즐우드
persona_5,1254,0.9126099348068237,퍼즐우드
persona_5,1255,0.9104165434837341,퍼즐우드
persona_5,1256,0.9109389781951904,퍼즐우드
persona_5,1257,0.9104165434837341,퍼즐우드
persona_5,1258,0.9083535075187683,퍼즐우드
persona_5,1259,0.9104165434837341,퍼즐우드
persona_5,1260,0.9104165434837341,퍼즐우드
persona_5,1261,0.9104165434837341,퍼즐우드
persona_5,1262,0.9104165434837341,퍼즐우드
persona_5,1263,0.9104165434837341,퍼즐우드
persona_5,1264,0.9104165434837341,퍼즐우드
persona_5,1265,0.9104165434837341,퍼즐우드
persona_5,1266,0.9083535075187683,퍼즐우드
persona_5,1267,0.7916074395179749,퍼즐우드
persona_5,1268,0.9104165434837341,퍼즐우드
persona_5,1269,0.9104165434837341,퍼즐우드
persona_5,1270,0.9109389781951904,퍼즐우드
persona_5,1271,0.9126099348068237,퍼즐우드
persona_5,1272,0.9104165434837341,퍼즐우드
persona_5,1273,0.8391849994659424,퍼즐우드
persona_5,1274,0.7979902029037476,퍼즐우드
persona_5,1275,0.9104165434837341,퍼즐우드
persona_5,1276,0.9104165434837341,퍼즐우드
persona_5,1277,0.9104165434837341,퍼즐우드
persona_5,1278,0.9104165434837341,퍼즐우드
persona_5,1279,0.9109389781951904,퍼즐우드
persona_5,1280,0.9104165434837341,퍼즐우드
persona_5,1281,0.9104165434837341,퍼즐우드
persona_5,1282,0.9109389781951904,퍼즐우드
persona_5,1283,0.9109389781951904,퍼즐우드
persona_5,1284,0.9104165434837341,퍼즐우드
persona_5,1285,0.9109389781951904,퍼즐우드
persona_5,1286,0.9109389781951904,퍼즐우드
persona_5,1287,0.9109389781951904,퍼즐우드
persona_5,1288,0.9104165434837341,퍼즐우드
persona_5,1289,0.9104165434837341,퍼즐우드
persona_5,1290,0.9104165434837341,퍼즐우드
persona_5,1291,0.9104165434837341,퍼즐우드
persona_5,1292,0.9119316339492798,퍼즐우드
persona_5,1293,0.9109389781951904,퍼즐우드
persona_5,1294,0.9109389781951904,퍼즐우드
persona_5,1295,0.9104165434837341,퍼즐우드
persona_5,1296,0.9104165434837341,퍼즐우드
persona_5,1297,0.834596574306488,퍼즐우드
persona_5,1298,0.7855555415153503,마몽드
persona_5,1299,0.7576476335525513,마몽드
persona_5,1300,0.7840557098388672,마몽드
persona_5,1301,0.8225626945495605,마몽드
persona_5,1302,0.7592406868934631,마몽드
persona_5,1303,0.7954618334770203,마몽드
persona_5,1304,0.822377622127533,마몽드
persona_5,1305,0.7884790301322937,마몽드
persona_5,1306,0.7978142499923706,마몽드
persona_5,1307,0.8005437850952148,마몽드
persona_5,1308,0.7937769889831543,마몽드
persona_5,1309,0.7219006419181824,마몽드
persona_5,1310,0.7445699572563171,마몽드
persona_5,1311,0.7884790301322937,마몽드
persona_5,1312,0.7592406868934631,마몽드
persona_5,1313,0.7891636490821838,마몽드
persona_5,1314,0.7592406868934631,마몽드
persona_5,1315,0.7829176783561707,마몽드
persona_5,1316,0.758628785610199,마몽드
persona_5,1317,0.7954618334770203,마몽드
persona_5,1318,0.7837943434715271,마몽드
persona_5,1319,0.8225626945495605,마몽드
persona_5,1320,0.7978142499923706,마몽드
persona_5,1321,0.7821775078773499,마몽드
persona_5,1322,0.7926508188247681,마몽드
persona_5,1323,0.7955302596092224,마몽드
persona_5,1324,0.7859563231468201,마몽드
persona_5,1325,0.792497456073761,마몽드
persona_5,1326,0.7966247797012329,마몽드
persona_5,1327,0.7978142499923706,마몽드
persona_5,1328,0.7954618334770203,마몽드
persona_5,1329,0.7828935384750366,마몽드
persona_5,1330,0.823319137096405,마몽드
persona_5,1331,0.7164512276649475,마몽드
persona_5,1332,0.7859563231468201,마몽드
persona_5,1333,0.819331169128418,마몽드
persona_5,1334,0.819331169128418,마몽드
persona_5,1335,0.7681289911270142,마몽드
persona_5,1336,0.7933061122894287,마몽드
persona_5,1337,0.819331169128418,마몽드
persona_5,1338,0.7955140471458435,마몽드
persona_5,1339,0.7830277681350708,마몽드
persona_5,1340,0.7868930101394653,마몽드
persona_5,1341,0.8225626945495605,마몽드
persona_5,1342,0.7681289911270142,마몽드
persona_5,1343,0.7406150102615356,마몽드
persona_5,1344,0.8225626945495605,마몽드
persona_5,1345,0.767754852771759,마몽드
persona_5,1346,0.7347445487976074,마몽드
persona_5,1347,0.7333333492279053,마몽드
persona_5,1348,0.8225626945495605,마몽드
persona_5,1349,0.823319137096405,마몽드
persona_5,1350,0.823319137096405,마몽드
persona_5,1351,0.8225626945495605,마몽드
persona_5,1352,0.8216055035591125,마몽드
persona_5,1353,0.8216055035591125,마몽드
persona_5,1354,0.8216055035591125,마몽드
persona_5,1355,0.8225626945495605,마몽드
persona_5,1356,0.8225626945495605,마몽드
persona_5,1357,0.7944149374961853,마몽드
persona_5,1358,0.8225626945495605,마몽드
persona_5,1359,0.823319137096405,마몽드
persona_5,1360,0.823319137096405,마몽드
persona_5,1361,0.8225626945495605,마몽드
persona_5,1362,0.8225626945495605,마몽드
persona_5,1363,0.7954618334770203,마몽드
persona_5,1364,0.7019243240356445,오설록
persona_5,1365,0.695023238658905,오설록
persona_5,1366,0.6875019669532776,오설록
persona_5,1367,0.6962857246398926,오설록
persona_5,1368,0.7019243240356445,오설록
persona_5,1369,0.7096562385559082,오설록
persona_5,1370,0.6962857246398926,오설록
persona_5,1371,0.6931008696556091,오설록
persona_5,1372,0.6875019669532776,오설록
persona_5,1373,0.7238075733184814,오설록
persona_5,1374,0.6962857246398926,오설록
persona_5,1375,0.7067044973373413,오설록
persona_5,1376,0.7238075733184814,오설록
persona_5,1377,0.7096562385559082,오설록
persona_5,1378,0.7210672497749329,오설록
persona_5,1379,0.695023238658905,오설록
persona_5,1380,0.695023238658905,오설록
persona_5,1381,0.7048723697662354,오설록
persona_5,1382,0.7238075733184814,오설록
persona_5,1383,0.7238075733184814,오설록
persona_5,1384,0.7238075733184814,오설록
persona_5,1385,0.7024418711662292,오설록
persona_5,1386,0.695023238658905,오설록
persona_5,1387,0.683319091796875,오설록
persona_5,1388,0.695023238658905,오설록
persona_5,1389,0.7128273844718933,오설록
persona_5,1390,0.7128273844718933,오설록
persona_5,1391,0.695023238658905,오설록
persona_5,1392,0.7238075733184814,오설록
persona_5,1393,0.7129308581352234,오설록
persona_5,1394,0.7238075733184814,오설록
persona_5,1395,0.7097569704055786,오설록
persona_5,1396,0.6875019669532776,오설록
persona_5,1397,0.7238075733184814,오설록
persona_5,1398,0.7048723697662354,오설록
persona_5,1399,0.6931008696556091,오설록
persona_5,1400,0.7238075733184814,오설록
persona_5,1401,0.6977546215057373,오설록
persona_5,1402,0.7238075733184814,오설록
persona_5,1403,0.686027467250824,오설록
persona_5,1404,0.686027467250824,오설록
persona_5,1405,0.7238075733184814,오설록
persona_5,1406,0.7128273844718933,오설록
persona_5,1407,0.7129308581352234,오설록
persona_5,1408,0.6977546215057373,오설록
persona_5,1409,0.6977546215057373,오설록
persona_5,1410,0.7128273844718933,오설록
persona_5,1411,0.7238075733184814,오설록
persona_5,1412,0.6860437989234924,오설록
persona_5,1413,0.7132378220558167,오설록
persona_5,1414,0.7238075733184814,오설록
persona_5,1415,0.6977546215057373,오설록
persona_5,1416,0.7238075733184814,오설록
persona_5,1417,0.695023238658905,오설록
persona_5,1418,0.7128273844718933,오설록
persona_5,1419,0.7238075733184814,오설록
persona_5,1420,0.7128273844718933,오설록
persona_5,1421,0.7048596739768982,오설록
persona_5,1422,0.7129308581352234,오설록
persona_5,1423,0.686027467250824,오설록
persona_5,1424,0.7128273844718933,오설록
persona_5,1425,0.7067044973373413,오설록
persona_5,1426,0.7282283306121826,오설록
persona_5,1427,0.7282283306121826,오설록
persona_5,1428,0.7238075733184814,오설록
persona_5,1429,0.7238075733184814,오설록
persona_5,1430,0.6922662854194641,오설록
persona_5,1431,0.6875019669532776,오설록
persona_5,1432,0.6977546215057373,오설록
persona_5,1433,0.6931008696556091,오설록
persona_5,1434,0.6765052080154419,오설록
persona_5,1435,0.6931008696556091,오설록
persona_5,1436,0.6977546215057373,오설록
persona_5,1437,0.6977546215057373,오설록
persona_5,1438,0.7282283306121826,오설록
persona_5,1439,0.6977546215057373,오설록
persona_5,1440,0.6931008696556091,오설록
persona_5,1441,0.6931008696556091,오설록
persona_5,1442,0.6977546215057373,오설록
persona_5,1443,0.6977546215057373,오설록
persona_5,1444,0.7238075733184814,오설록
persona_5,1445,0.7128273844718933,오설록
persona_5,1446,0.6977546215057373,오설록
persona_5,1447,0.6931008696556091,오설록
persona_5,1448,0.7128273844718933,오설록
persona_5,1449,0.6977546215057373,오설록
persona_5,1450,0.7128273844718933,오설록
persona_5,1451,0.7128273844718933,오설록
persona_5,1452,0.7128273844718933,오설록
persona_5,1453,0.6931008696556091,오설록
persona_5,1454,0.7081038355827332,오설록
persona_5,1455,0.6977546215057373,오설록
persona_5,1456,0.6977546215057373,오설록
persona_5,1457,0.695023238658905,오설록
persona_5,1458,0.7020455598831177,오설록
persona_5,1459,0.7043614983558655,오설록
persona_5,1460,0.7388572096824646,오설록
persona_5,1461,0.7238075733184814,오설록
persona_5,1462,0.6875019669532776,오설록
persona_5,1463,0.695023238658905,오설록
persona_5,1464,0.695023238658905,오설록
persona_5,1465,0.695023238658905,오설록
persona_5,1466,0.683319091796875,오설록
persona_5,1467,0.6949169039726257,오설록
persona_5,1468,0.683319091796875,오설록
persona_5,1469,0.7743380069732666,려
persona_5,1470,0.780450165271759,려
persona_5,1471,0.7402070164680481,려
persona_5,1472,0.71012943983078,려
persona_5,1473,0.7830450534820557,려
persona_5,1474,0.7331468462944031,려
persona_5,1475,0.7892920970916748,려
persona_5,1476,0.7669709920883179,려
persona_5,1477,0.7830450534820557,려
persona_5,1478,0.7925403118133545,려
persona_5,1479,0.770679235458374,려
persona_5,1480,0.7830450534820557,려
persona_5,1481,0.7951859831809998,려
persona_5,1482,0.8049318790435791,려
persona_5,1483,0.7822812795639038,려
persona_5,1484,0.7893850803375244,려
persona_5,1485,0.7863718867301941,려
persona_5,1486,0.7823849320411682,려
persona_5,1487,0.8161236643791199,려
persona_5,1488,0.8168846368789673,려
persona_5,1489,0.8161236643791199,려
persona_5,1490,0.8168846368789673,려
persona_5,1491,0.7923852205276489,려
persona_5,1492,0.8161236643791199,려
persona_5,1493,0.8161236643791199,려
persona_5,1494,0.7871798276901245,려
persona_5,1495,0.8168846368789673,려
persona_5,1496,0.8168846368789673,려
persona_5,1497,0.8168846368789673,려
persona_5,1498,0.8168846368789673,려
persona_5,1499,0.8168846368789673,려
persona_5,1500,0.8168846368789673,려
persona_5,1501,0.7365376949310303,려
persona_5,1502,0.8099148273468018,설화수
persona_5,1503,0.7716274857521057,설화수
persona_5,1504,0.8099148273468018,설화수
persona_5,1505,0.7694409489631653,설화수
persona_5,1506,0.7716274857521057,설화수
persona_5,1507,0.8104132413864136,설화수
persona_5,1508,0.7694409489631653,설화수
persona_5,1509,0.8099148273468018,설화수
persona_5,1510,0.7703604698181152,설화수
persona_5,1511,0.6715705394744873,설화수
persona_5,1512,0.7433406114578247,설화수
persona_5,1513,0.8099148273468018,설화수
persona_5,1514,0.7743789553642273,설화수
persona_5,1515,0.7862809896469116,설화수
persona_5,1516,0.7642591595649719,설화수
persona_5,1517,0.7481959462165833,설화수
persona_5,1518,0.7060320377349854,설화수
persona_5,1519,0.7816457748413086,설화수
persona_5,1520,0.7642591595649719,설화수
persona_5,1521,0.7032549381256104,설화수
persona_5,1522,0.8099148273468018,설화수
persona_5,1523,0.7694409489631653,설화수
persona_5,1524,0.8099148273468018,설화수
persona_5,1525,0.7257315516471863,설화수
persona_5,1526,0.7862809896469116,설화수
persona_5,1527,0.8104132413864136,설화수
persona_5,1528,0.8104132413864136,설화수
persona_5,1529,0.7862809896469116,설화수
persona_5,1530,0.7824409604072571,설화수
persona_5,1531,0.7819266319274902,설화수
persona_5,1532,0.7404056787490845,설화수
persona_5,1533,0.7785834074020386,설화수
persona_5,1534,0.7422714829444885,설화수
persona_5,1535,0.7311925292015076,설화수
persona_5,1536,0.8099148273468018,설화수
persona_5,1537,0.7756878137588501,설화수
persona_5,1538,0.7642591595649719,설화수
persona_5,1539,0.7724710702896118,설화수
persona_5,1540,0.8099148273468018,설화수
persona_5,1541,0.754866361618042,설화수
persona_5,1542,0.736814022064209,설화수
persona_5,1543,0.7862809896469116,설화수
persona_5,1544,0.7328062653541565,설화수
persona_5,1545,0.7650033831596375,설화수
persona_5,1546,0.7785834074020386,설화수
persona_5,1547,0.7816457748413086,설화수
persona_5,1548,0.735249400138855,설화수
persona_5,1549,0.7404056787490845,설화수
persona_5,1550,0.6715705394744873,설화수
persona_5,1551,0.7785834074020386,설화수
persona_5,1552,0.780321478843689,설화수
persona_5,1553,0.7424067854881287,설화수
persona_5,1554,0.8099148273468018,설화수
persona_5,1555,0.774452805519104,설화수
persona_5,1556,0.774452805519104,설화수
persona_5,1557,0.7724710702896118,설화수
persona_5,1558,0.7764056324958801,설화수
persona_5,1559,0.7756878137588501,설화수
persona_5,1560,0.7808681130409241,설화수
persona_5,1561,0.7816457748413086,설화수
persona_5,1562,0.7785834074020386,설화수
persona_5,1563,0.7756878137588501,설화수
persona_5,1564,0.7824409604072571,설화수
persona_5,1565,0.780321478843689,설화수
persona_5,1566,0.7328062653541565,설화수
persona_5,1567,0.7824318408966064,설화수
persona_5,1568,0.7764055132865906,설화수
persona_5,1569,0.7719300985336304,설화수
persona_5,1570,0.7719300985336304,설화수
persona_5,1571,0.7745051980018616,설화수
persona_5,1572,0.7527467012405396,설화수
persona_5,1573,0.779404878616333,설화수
persona_5,1574,0.7680144906044006,설화수
persona_5,1575,0.7052986025810242,설화수
persona_5,1576,0.7791174650192261,설화수
persona_5,1577,0.7824322581291199,설화수
persona_5,1578,0.7744526267051697,설화수
persona_5,1579,0.7744526267051697,설화수
persona_5,1580,0.7763266563415527,설화수
persona_6,0,0.8124514222145081,메이크온
persona_6,1,0.8124514222145081,메이크온
persona_6,2,0.8134056925773621,메이크온
persona_6,3,0.8134056925773621,메이크온
persona_6,4,0.8134056925773621,메이크온
persona_6,5,0.8134056925773621,메이크온
persona_6,6,0.8119532465934753,메이크온
persona_6,7,0.6732611656188965,메이크온
persona_6,8,0.8124514222145081,메이크온
persona_6,9,0.7689071297645569,에뛰드
persona_6,10,0.7368595600128174,에뛰드
persona_6,11,0.8146389126777649,에뛰드
persona_6,12,0.8146389126777649,에뛰드
persona_6,13,0.8146389126777649,에뛰드
persona_6,14,0.8144758939743042,에뛰드
persona_6,15,0.76235032081604,에뛰드
persona_6,16,0.7824685573577881,에뛰드
persona_6,17,0.7408892512321472,에뛰드
persona_6,18,0.7068162560462952,에뛰드
persona_6,19,0.8136852979660034,에뛰드
persona_6,20,0.7566941976547241,에뛰드
persona_6,21,0.7364993095397949,에뛰드
persona_6,22,0.8146389126777649,에뛰드
persona_6,23,0.8136852979660034,에뛰드
persona_6,24,0.7635064721107483,에뛰드
persona_6,25,0.7467160224914551,에뛰드
persona_6,26,0.7400470972061157,에뛰드
persona_6,27,0.7228886485099792,에뛰드
persona_6,28,0.7468023896217346,에뛰드
persona_6,29,0.7586095929145813,에뛰드
persona_6,30,0.7438738942146301,에뛰드
persona_6,31,0.7308169603347778,에뛰드
persona_6,32,0.7804583311080933,에뛰드
persona_6,33,0.7629348635673523,에뛰드
persona_6,34,0.6914563775062561,에뛰드
persona_6,35,0.8154006004333496,에뛰드
persona_6,36,0.7178864479064941,에뛰드
persona_6,37,0.7305267453193665,에뛰드
persona_6,38,0.7659107446670532,에뛰드
persona_6,39,0.8144758939743042,에뛰드
persona_6,40,0.7253673672676086,에뛰드
persona_6,41,0.783616304397583,에뛰드
persona_6,42,0.8154006004333496,에뛰드
persona_6,43,0.8144758939743042,에뛰드
persona_6,44,0.8131861090660095,에뛰드
persona_6,45,0.7822586297988892,에뛰드
persona_6,46,0.8136852979660034,에뛰드
persona_6,47,0.7566404342651367,에뛰드
persona_6,48,0.7749462127685547,에뛰드
persona_6,49,0.7396537661552429,에뛰드
persona_6,50,0.8136852979660034,에뛰드
persona_6,51,0.749290943145752,에뛰드
persona_6,52,0.7067014575004578,에뛰드
persona_6,53,0.7673818469047546,에뛰드
persona_6,54,0.7485543489456177,에뛰드
persona_6,55,0.7399024963378906,에뛰드
persona_6,56,0.7366592884063721,에뛰드
persona_6,57,0.7837944626808167,에뛰드
persona_6,58,0.7490569353103638,에뛰드
persona_6,59,0.7824685573577881,에뛰드
persona_6,60,0.7258082032203674,에뛰드
persona_6,61,0.7105382084846497,에뛰드
persona_6,62,0.8136852979660034,에뛰드
persona_6,63,0.7197167277336121,에뛰드
persona_6,64,0.8146389126777649,에뛰드
persona_6,65,0.7307421565055847,에뛰드
persona_6,66,0.7850514650344849,에뛰드
persona_6,67,0.7216385006904602,에뛰드
persona_6,68,0.7418882846832275,에뛰드
persona_6,69,0.8131861090660095,에뛰드
persona_6,70,0.7777262330055237,에뛰드
persona_6,71,0.76889568567276,에뛰드
persona_6,72,0.8136852979660034,에뛰드
persona_6,73,0.7837944626808167,에뛰드
persona_6,74,0.7280389666557312,에뛰드
persona_6,75,0.7391220927238464,에뛰드
persona_6,76,0.7513689994812012,에뛰드
persona_6,77,0.731870710849762,에뛰드
persona_6,78,0.8131861090660095,에뛰드
persona_6,79,0.8131861090660095,에뛰드
persona_6,80,0.7539241909980774,에뛰드
persona_6,81,0.8136852979660034,에뛰드
persona_6,82,0.7512714266777039,에뛰드
persona_6,83,0.752021074295044,에뛰드
persona_6,84,0.8131861090660095,에뛰드
persona_6,85,0.7777706384658813,에뛰드
persona_6,86,0.7764298915863037,에뛰드
persona_6,87,0.8146389126777649,에뛰드
persona_6,88,0.74634850025177,에뛰드
persona_6,89,0.7586095929145813,에뛰드
persona_6,90,0.7057515382766724,에뛰드
persona_6,91,0.7878732681274414,에뛰드
persona_6,92,0.8136852979660034,에뛰드
persona_6,93,0.7419512867927551,에뛰드
persona_6,94,0.7093862891197205,에뛰드
persona_6,95,0.8034811019897461,에뛰드
persona_6,96,0.7627165913581848,에뛰드
persona_6,97,0.7840814590454102,에뛰드
persona_6,98,0.7516233921051025,에뛰드
persona_6,99,0.8146389126777649,에뛰드
persona_6,100,0.7446841597557068,에뛰드
persona_6,101,0.8131861090660095,에뛰드
persona_6,102,0.77491694688797,에뛰드
persona_6,103,0.7754003405570984,에뛰드
persona_6,104,0.8146389126777649,에뛰드
persona_6,105,0.7840814590454102,에뛰드
persona_6,106,0.7061806917190552,에뛰드
persona_6,107,0.8131861090660095,에뛰드
persona_6,108,0.8146389126777649,에뛰드
persona_6,109,0.7274150848388672,에뛰드
persona_6,110,0.7428964972496033,에뛰드
persona_6,111,0.7512714266777039,에뛰드
persona_6,112,0.8154006004333496,에뛰드
persona_6,113,0.7502743005752563,에뛰드
persona_6,114,0.8146389126777649,에뛰드
persona_6,115,0.8131861090660095,에뛰드
persona_6,116,0.8136852979660034,에뛰드
persona_6,117,0.8146389126777649,에뛰드
persona_6,118,0.8136852979660034,에뛰드
persona_6,119,0.7633146047592163,에뛰드
persona_6,120,0.7786079049110413,에뛰드
persona_6,121,0.7072815299034119,에뛰드
persona_6,122,0.8154006004333496,에뛰드
persona_6,123,0.7837944626808167,에뛰드
persona_6,124,0.8154006004333496,에뛰드
persona_6,125,0.8136852979660034,에뛰드
persona_6,126,0.7744745016098022,에뛰드
persona_6,127,0.783616304397583,에뛰드
persona_6,128,0.8124213814735413,에뛰드
persona_6,129,0.7366592884063721,에뛰드
persona_6,130,0.7445632219314575,에뛰드
persona_6,131,0.8136852979660034,에뛰드
persona_6,132,0.7061806917190552,에뛰드
persona_6,133,0.8131861090660095,에뛰드
persona_6,134,0.8136852979660034,에뛰드
persona_6,135,0.8131861090660095,에뛰드
persona_6,136,0.8131861090660095,에뛰드
persona_6,137,0.8131861090660095,에뛰드
persona_6,138,0.8136852979660034,에뛰드
persona_6,139,0.8154006004333496,에뛰드
persona_6,140,0.8146389126777649,에뛰드
persona_6,141,0.8131861090660095,에뛰드
persona_6,142,0.7695505619049072,에뛰드
persona_6,143,0.7671187520027161,에뛰드
persona_6,144,0.7381466031074524,에뛰드
persona_6,145,0.7566941976547241,에뛰드
persona_6,146,0.7516233921051025,에뛰드
persona_6,147,0.7076250314712524,에뛰드
persona_6,148,0.7661302089691162,에뛰드
persona_6,149,0.7194538712501526,에뛰드
persona_6,150,0.7280389666557312,에뛰드
persona_6,151,0.7815415859222412,에뛰드
persona_6,152,0.7727395296096802,에스트라
persona_6,153,0.7700386643409729,에스트라
persona_6,154,0.7646209597587585,에스트라
persona_6,155,0.7774432897567749,에스트라
persona_6,156,0.7796316146850586,에스트라
persona_6,157,0.7787622213363647,에스트라
persona_6,158,0.7747418880462646,에스트라
persona_6,159,0.7747418880462646,에스트라
persona_6,160,0.7372401356697083,에스트라
persona_6,161,0.7794827222824097,에스트라
persona_6,162,0.7419872879981995,에스트라
persona_6,163,0.759020209312439,에스트라
persona_6,164,0.7525188326835632,에스트라
persona_6,165,0.7475295662879944,에스트라
persona_6,166,0.7254278659820557,에스트라
persona_6,167,0.7365648150444031,에스트라
persona_6,168,0.7873541712760925,에스트라
persona_6,169,0.7592514753341675,에스트라
persona_6,170,0.7794827222824097,에스트라
persona_6,171,0.7451637983322144,에스트라
persona_6,172,0.780828595161438,에스트라
persona_6,173,0.7581226229667664,에스트라
persona_6,174,0.7822889685630798,에스트라
persona_6,175,0.7786160707473755,에스트라
persona_6,176,0.740485668182373,에스트라
persona_6,177,0.7805971503257751,에스트라
persona_6,178,0.7746583819389343,에스트라
persona_6,179,0.7695662975311279,에스트라
persona_6,180,0.7609196305274963,에스트라
persona_6,181,0.7376061081886292,에스트라
persona_6,182,0.7746583819389343,에스트라
persona_6,183,0.7750315070152283,에스트라
persona_6,184,0.7724239826202393,에스트라
persona_6,185,0.7696381211280823,에스트라
persona_6,186,0.7384229898452759,에스트라
persona_6,187,0.7487407922744751,에스트라
persona_6,188,0.8075647950172424,에스트라
persona_6,189,0.7326782941818237,에스트라
persona_6,190,0.7505588531494141,에스트라
persona_6,191,0.6933915615081787,에스트라
persona_6,192,0.7863694429397583,에스트라
persona_6,193,0.7568545341491699,에스트라
persona_6,194,0.7802474498748779,에스트라
persona_6,195,0.7813565731048584,에스트라
persona_6,196,0.8107798099517822,에스트라
persona_6,197,0.7752023339271545,에스트라
persona_6,198,0.8107798099517822,에스트라
persona_6,199,0.8095323443412781,에스트라
persona_6,200,0.8115771412849426,에스트라
persona_6,201,0.7787622213363647,에스트라
persona_6,202,0.8095323443412781,에스트라
persona_6,203,0.8107798099517822,에스트라
persona_6,204,0.8102813363075256,에스트라
persona_6,205,0.8117311000823975,에스트라
persona_6,206,0.7630184888839722,
persona_6,207,0.7630184888839722,
persona_6,208,0.7630184888839722,
persona_6,209,0.7700003981590271,
persona_6,210,0.7660768032073975,
persona_6,211,0.7684875726699829,
persona_6,212,0.7684875726699829,
persona_6,213,0.7684875726699829,
persona_6,214,0.7660768032073975,
persona_6,215,0.7715238332748413,
persona_6,216,0.7596855759620667,
persona_6,217,0.7708398699760437,
persona_6,218,0.7596855759620667,
persona_6,219,0.7684875726699829,
persona_6,220,0.7700003981590271,
persona_6,221,0.7684875726699829,
persona_6,222,0.7630184888839722,
persona_6,223,0.7630184888839722,
persona_6,224,0.7660768032073975,
persona_6,225,0.7630184888839722,
persona_6,226,0.7630184888839722,
persona_6,227,0.7670363187789917,라보에이치
persona_6,228,0.783445417881012,라보에이치
persona_6,229,0.7928603887557983,라보에이치
persona_6,230,0.7776705026626587,라보에이치
persona_6,231,0.7928603887557983,라보에이치
persona_6,232,0.7698076963424683,라보에이치
persona_6,233,0.8201618790626526,라보에이치
persona_6,234,0.8094406723976135,라보에이치
persona_6,235,0.7664255499839783,라보에이치
persona_6,236,0.7955407500267029,라보에이치
persona_6,237,0.7910040616989136,라보에이치
persona_6,238,0.7807556986808777,라보에이치
persona_6,239,0.780711829662323,라보에이치
persona_6,240,0.7910040616989136,라보에이치
persona_6,241,0.7707874178886414,라보에이치
persona_6,242,0.7928603887557983,라보에이치
persona_6,243,0.7928603887557983,라보에이치
persona_6,244,0.7156162261962891,라보에이치
persona_6,245,0.8201618790626526,라보에이치
persona_6,246,0.8201618790626526,라보에이치
persona_6,247,0.8192043900489807,라보에이치
persona_6,248,0.7489423155784607,라보에이치
persona_6,249,0.8201618790626526,라보에이치
persona_6,250,0.8209190964698792,라보에이치
persona_6,251,0.8209190964698792,라보에이치
persona_6,252,0.8209190964698792,라보에이치
persona_6,253,0.8201618790626526,라보에이치
persona_6,254,0.8201618790626526,라보에이치
persona_6,255,0.8270120620727539,롱테이크
persona_6,256,0.7918333411216736,롱테이크
persona_6,257,0.7892559766769409,롱테이크
persona_6,258,0.8270120620727539,롱테이크
persona_6,259,0.7897075414657593,롱테이크
persona_6,260,0.7857515811920166,롱테이크
persona_6,261,0.7892559766769409,롱테이크
persona_6,262,0.7933287024497986,롱테이크
persona_6,263,0.7892293930053711,롱테이크
persona_6,264,0.7892293930053711,롱테이크
persona_6,265,0.82529616355896,롱테이크
persona_6,266,0.7545670866966248,롱테이크
persona_6,267,0.8262571692466736,롱테이크
persona_6,268,0.8262571692466736,롱테이크
persona_6,269,0.82529616355896,롱테이크
persona_6,270,0.82529616355896,롱테이크
persona_6,271,0.82529616355896,롱테이크
persona_6,272,0.82529616355896,롱테이크
persona_6,273,0.7933118343353271,롱테이크
persona_6,274,0.8044607043266296,에스쁘아
persona_6,275,0.7509604096412659,에스쁘아
persona_6,276,0.7826799750328064,에스쁘아
persona_6,277,0.7487714886665344,에스쁘아
persona_6,278,0.7307233810424805,에스쁘아
persona_6,279,0.8345930576324463,에스쁘아
persona_6,280,0.7677603363990784,에스쁘아
persona_6,281,0.7789086699485779,에스쁘아
persona_6,282,0.7352297902107239,에스쁘아
persona_6,283,0.750458836555481,에스쁘아
persona_6,284,0.7473698258399963,에스쁘아
persona_6,285,0.8345930576324463,에스쁘아
persona_6,286,0.8044607043266296,에스쁘아
persona_6,287,0.7526128888130188,에스쁘아
persona_6,288,0.8019978404045105,에스쁘아
persona_6,289,0.8044607043266296,에스쁘아
persona_6,290,0.7509604096412659,에스쁘아
persona_6,291,0.8336313366889954,에스쁘아
persona_6,292,0.8345930576324463,에스쁘아
persona_6,293,0.8345930576324463,에스쁘아
persona_6,294,0.8331254720687866,에스쁘아
persona_6,295,0.8052818179130554,에스쁘아
persona_6,296,0.8336313366889954,에스쁘아
persona_6,297,0.8336313366889954,에스쁘아
persona_6,298,0.8044607043266296,에스쁘아
persona_6,299,0.7252667546272278,에스쁘아
persona_6,300,0.749677300453186,에스쁘아
persona_6,301,0.8331254720687866,에스쁘아
persona_6,302,0.8052818179130554,에스쁘아
persona_6,303,0.7999341487884521,에스쁘아
persona_6,304,0.7784335613250732,에스쁘아
persona_6,305,0.8331254720687866,에스쁘아
persona_6,306,0.8019978404045105,에스쁘아
persona_6,307,0.7307233810424805,에스쁘아
persona_6,308,0.7473698258399963,에스쁘아
persona_6,309,0.7316514253616333,에스쁘아
persona_6,310,0.8331254720687866,에스쁘아
persona_6,311,0.8313155174255371,에스쁘아
persona_6,312,0.8336313366889954,에스쁘아
persona_6,313,0.8046309351921082,에스쁘아
persona_6,314,0.7830075621604919,에스쁘아
persona_6,315,0.7278280854225159,에스쁘아
persona_6,316,0.7478656768798828,에스쁘아
persona_6,317,0.8336313366889954,에스쁘아
persona_6,318,0.7692294716835022,에스쁘아
persona_6,319,0.8044607043266296,에스쁘아
persona_6,320,0.8331254720687866,에스쁘아
persona_6,321,0.7998995184898376,에스쁘아
persona_6,322,0.8213678002357483,에스쁘아
persona_6,323,0.8060337901115417,에스쁘아
persona_6,324,0.8345930576324463,에스쁘아
persona_6,325,0.7692294716835022,에스쁘아
persona_6,326,0.7473698258399963,에스쁘아
persona_6,327,0.7310247421264648,에스쁘아
persona_6,328,0.7392963171005249,에스쁘아
persona_6,329,0.7455049157142639,에스쁘아
persona_6,330,0.730476975440979,에스쁘아
persona_6,331,0.803655207157135,에스쁘아
persona_6,332,0.7524598240852356,에스쁘아
persona_6,333,0.8336313366889954,에스쁘아
persona_6,334,0.8336313366889954,에스쁘아
persona_6,335,0.7640380263328552,에스쁘아
persona_6,336,0.7461234331130981,에스쁘아
persona_6,337,0.803655207157135,에스쁘아
persona_6,338,0.8113880157470703,에스쁘아
persona_6,339,0.8345930576324463,에스쁘아
persona_6,340,0.8019978404045105,에스쁘아
persona_6,341,0.8019978404045105,에스쁘아
persona_6,342,0.8019978404045105,에스쁘아
persona_6,343,0.8019978404045105,에스쁘아
persona_6,344,0.8019978404045105,에스쁘아
persona_6,345,0.8345930576324463,에스쁘아
persona_6,346,0.8336313366889954,에스쁘아
persona_6,347,0.8353418111801147,에스쁘아
persona_6,348,0.8140553832054138,아모레성수
persona_6,349,0.7847042679786682,아모레성수
persona_6,350,0.8726233243942261,아모레성수
persona_6,351,0.7818417549133301,아모레성수
persona_6,352,0.7828928232192993,아모레성수
persona_6,353,0.7882322072982788,아모레성수
persona_6,354,0.7996963858604431,아모레성수
persona_6,355,0.796825110912323,아모레성수
persona_6,356,0.8173593878746033,아모레성수
persona_6,357,0.8213640451431274,아모레성수
persona_6,358,0.7530973553657532,아모레성수
persona_6,359,0.772871196269989,아모레성수
persona_6,360,0.8077278137207031,아모레성수
persona_6,361,0.811620831489563,아모레성수
persona_6,362,0.8056221604347229,아모레성수
persona_6,363,0.8179246187210083,아모레성수
persona_6,364,0.738225519657135,미쟝센
persona_6,365,0.7803934216499329,미쟝센
persona_6,366,0.7273139953613281,미쟝센
persona_6,367,0.7421559691429138,미쟝센
persona_6,368,0.7399886250495911,미쟝센
persona_6,369,0.7722831964492798,미쟝센
persona_6,370,0.7909092307090759,미쟝센
persona_6,371,0.7568097710609436,미쟝센
persona_6,372,0.7726867198944092,미쟝센
persona_6,373,0.7865620255470276,미쟝센
persona_6,374,0.7999505400657654,미쟝센
persona_6,375,0.786734402179718,미쟝센
persona_6,376,0.7692661881446838,미쟝센
persona_6,377,0.7524215579032898,미쟝센
persona_6,378,0.7887558937072754,미쟝센
persona_6,379,0.7629002928733826,미쟝센
persona_6,380,0.7568097710609436,미쟝센
persona_6,381,0.7795038819313049,미쟝센
persona_6,382,0.7629002928733826,미쟝센
persona_6,383,0.7789842486381531,미쟝센
persona_6,384,0.7839901447296143,미쟝센
persona_6,385,0.8198165893554688,미쟝센
persona_6,386,0.8198165893554688,미쟝센
persona_6,387,0.7377825975418091,미쟝센
persona_6,388,0.8188601136207581,미쟝센
persona_6,389,0.7713497281074524,미쟝센
persona_6,390,0.7568097710609436,미쟝센
persona_6,391,0.7568097710609436,미쟝센
persona_6,392,0.7568097710609436,미쟝센
persona_6,393,0.7711009979248047,미쟝센
persona_6,394,0.8198165893554688,미쟝센
persona_6,395,0.716609001159668,미쟝센
persona_6,396,0.7602813243865967,미쟝센
persona_6,397,0.8198165893554688,미쟝센
persona_6,398,0.8198165893554688,미쟝센
persona_6,399,0.7907823324203491,미쟝센
persona_6,400,0.7524215579032898,미쟝센
persona_6,401,0.7705905437469482,미쟝센
persona_6,402,0.7546706199645996,미쟝센
persona_6,403,0.7886462807655334,미쟝센
persona_6,404,0.7926030158996582,미쟝센
persona_6,405,0.7684090733528137,미쟝센
persona_6,406,0.7568097710609436,미쟝센
persona_6,407,0.7160400152206421,미쟝센
persona_6,408,0.7223519086837769,미쟝센
persona_6,409,0.8188601136207581,미쟝센
persona_6,410,0.8198165893554688,미쟝센
persona_6,411,0.8188601136207581,미쟝센
persona_6,412,0.8198165893554688,미쟝센
persona_6,413,0.8198165893554688,미쟝센
persona_6,414,0.8198165893554688,미쟝센
persona_6,415,0.8205727338790894,미쟝센
persona_6,416,0.7321570515632629,미쟝센
persona_6,417,0.8205727338790894,미쟝센
persona_6,418,0.8198165893554688,미쟝센
persona_6,419,0.8205727338790894,미쟝센
persona_6,420,0.8205727338790894,미쟝센
persona_6,421,0.8198165893554688,미쟝센
persona_6,422,0.7568097710609436,미쟝센
persona_6,423,0.8270271420478821,아모레퍼시픽
persona_6,424,0.8805249333381653,아모레퍼시픽
persona_6,425,0.878563642501831,아모레퍼시픽
persona_6,426,0.8700948357582092,아모레퍼시픽
persona_6,427,0.7530973553657532,아모레퍼시픽
persona_6,428,0.8747748136520386,아모레퍼시픽
persona_6,429,0.878563642501831,아모레퍼시픽
persona_6,430,0.9119316339492798,아모레베이직
persona_6,431,0.9109389781951904,아모레베이직
persona_6,432,0.8805985450744629,아모레베이직
persona_6,433,0.9126099348068237,아모레베이직
persona_6,434,0.8195044994354248,아모레베이직
persona_6,435,0.7907233834266663,아모레베이직
persona_6,436,0.9126099348068237,아모레베이직
persona_6,437,0.9126099348068237,아모레베이직
persona_6,438,0.9109389781951904,아모레베이직
persona_6,439,0.9089574813842773,아모레베이직
persona_6,440,0.9066387414932251,아모레베이직
persona_6,441,0.9126099348068237,아모레베이직
persona_6,442,0.9126099348068237,아모레베이직
persona_6,443,0.8314540386199951,아모레베이직
persona_6,444,0.8118769526481628,한율
persona_6,445,0.7747613787651062,한율
persona_6,446,0.8128291368484497,한율
persona_6,447,0.7793074250221252,한율
persona_6,448,0.8128291368484497,한율
persona_6,449,0.7478447556495667,한율
persona_6,450,0.7833600044250488,한율
persona_6,451,0.8128291368484497,한율
persona_6,452,0.8135920763015747,한율
persona_6,453,0.8128291368484497,한율
persona_6,454,0.8118769526481628,한율
persona_6,455,0.7819060683250427,한율
persona_6,456,0.8135920763015747,한율
persona_6,457,0.7478447556495667,한율
persona_6,458,0.7793074250221252,한율
persona_6,459,0.7759566903114319,한율
persona_6,460,0.8135920763015747,한율
persona_6,461,0.7861344814300537,한율
persona_6,462,0.8128291368484497,한율
persona_6,463,0.8135920763015747,한율
persona_6,464,0.7654592990875244,한율
persona_6,465,0.8135920763015747,한율
persona_6,466,0.7793074250221252,한율
persona_6,467,0.8128291368484497,한율
persona_6,468,0.7812789082527161,한율
persona_6,469,0.7478447556495667,한율
persona_6,470,0.7964373826980591,한율
persona_6,471,0.8128291368484497,한율
persona_6,472,0.8135920763015747,한율
persona_6,473,0.7713702321052551,한율
persona_6,474,0.7884313464164734,한율
persona_6,475,0.7778451442718506,한율
persona_6,476,0.7447444200515747,한율
persona_6,477,0.8135920763015747,한율
persona_6,478,0.8135920763015747,한율
persona_6,479,0.8128291368484497,한율
persona_6,480,0.8135920763015747,한율
persona_6,481,0.7866061329841614,한율
persona_6,482,0.7805590629577637,한율
persona_6,483,0.7798380851745605,한율
persona_6,484,0.7687700986862183,한율
persona_6,485,0.7800148129463196,한율
persona_6,486,0.7713702321052551,한율
persona_6,487,0.7447444200515747,한율
persona_6,488,0.7833600044250488,한율
persona_6,489,0.8128291368484497,한율
persona_6,490,0.7708603739738464,한율
persona_6,491,0.8118769526481628,한율
persona_6,492,0.8128291368484497,한율
persona_6,493,0.8135920763015747,한율
persona_6,494,0.8128291368484497,한율
persona_6,495,0.8135920763015747,한율
persona_6,496,0.8135920763015747,한율
persona_6,497,0.8135920763015747,한율
persona_6,498,0.8128291368484497,한율
persona_6,499,0.734294593334198,해피바스
persona_6,500,0.7302388548851013,해피바스
persona_6,501,0.7671031355857849,해피바스
persona_6,502,0.7508783340454102,해피바스
persona_6,503,0.8003621697425842,해피바스
persona_6,504,0.7721861004829407,해피바스
persona_6,505,0.7979877591133118,해피바스
persona_6,506,0.8251587748527527,해피바스
persona_6,507,0.7457270622253418,해피바스
persona_6,508,0.7965774536132812,해피바스
persona_6,509,0.7754828333854675,해피바스
persona_6,510,0.7211236953735352,해피바스
persona_6,511,0.7302097678184509,해피바스
persona_6,512,0.7721861004829407,해피바스
persona_6,513,0.734801709651947,해피바스
persona_6,514,0.7492714524269104,해피바스
persona_6,515,0.7979877591133118,해피바스
persona_6,516,0.7302097678184509,해피바스
persona_6,517,0.7627875804901123,해피바스
persona_6,518,0.7600085735321045,해피바스
persona_6,519,0.8003621697425842,해피바스
persona_6,520,0.7302388548851013,해피바스
persona_6,521,0.8242003321647644,해피바스
persona_6,522,0.7302097678184509,해피바스
persona_6,523,0.8259132504463196,해피바스
persona_6,524,0.7600085735321045,해피바스
persona_6,525,0.7321394681930542,해피바스
persona_6,526,0.7302097678184509,해피바스
persona_6,527,0.7319074869155884,해피바스
persona_6,528,0.8259132504463196,해피바스
persona_6,529,0.7544879913330078,해피바스
persona_6,530,0.7481585144996643,해피바스
persona_6,531,0.7492714524269104,해피바스
persona_6,532,0.8259132504463196,해피바스
persona_6,533,0.7577252388000488,해피바스
persona_6,534,0.7721861004829407,해피바스
persona_6,535,0.7709511518478394,해피바스
persona_6,536,0.8259132504463196,해피바스
persona_6,537,0.8259132504463196,해피바스
persona_6,538,0.7600085735321045,해피바스
persona_6,539,0.7950794100761414,해피바스
persona_6,540,0.8259132504463196,해피바스
persona_6,541,0.7510266304016113,해피바스
persona_6,542,0.8259132504463196,해피바스
persona_6,543,0.8259132504463196,해피바스
persona_6,544,0.7950987219810486,해피바스
persona_6,545,0.7810656428337097,해피바스
persona_6,546,0.7600085735321045,해피바스
persona_6,547,0.7496115565299988,해피바스
persona_6,548,0.7614539861679077,해피바스
persona_6,549,0.7894111275672913,해피바스
persona_6,550,0.7894111275672913,해피바스
persona_6,551,0.9126099348068237,온호프
persona_6,552,0.8193944096565247,홀리추얼
persona_6,553,0.7710992097854614,홀리추얼
persona_6,554,0.8193944096565247,홀리추얼
persona_6,555,0.7800318598747253,홀리추얼
persona_6,556,0.7820791006088257,홀리추얼
persona_6,557,0.787470817565918,홀리추얼
persona_6,558,0.7875903248786926,홀리추얼
persona_6,559,0.7832618951797485,홀리추얼
persona_6,560,0.7877014875411987,홀리추얼
persona_6,561,0.7793883681297302,홀리추얼
persona_6,562,0.8163903951644897,홀리추얼
persona_6,563,0.8163903951644897,홀리추얼
persona_6,564,0.8184601068496704,홀리추얼
persona_6,565,0.7691130042076111,홀리추얼
persona_6,566,0.7889133095741272,홀리추얼
persona_6,567,0.8069934844970703,홀리추얼
persona_6,568,0.8184601068496704,홀리추얼
persona_6,569,0.8193944096565247,홀리추얼
persona_6,570,0.8186351656913757,홀리추얼
persona_6,571,0.8186351656913757,홀리추얼
persona_6,572,0.7540924549102783,홀리추얼
persona_6,573,0.8412207961082458,
persona_6,574,0.825461745262146,
persona_6,575,0.7819329500198364,
persona_6,576,0.7726919651031494,오딧세이
persona_6,577,0.7757787704467773,오딧세이
persona_6,578,0.814947247505188,오딧세이
persona_6,579,0.7757787704467773,오딧세이
persona_6,580,0.813994288444519,오딧세이
persona_6,581,0.7726919651031494,오딧세이
persona_6,582,0.813994288444519,오딧세이
persona_6,583,0.814947247505188,오딧세이
persona_6,584,0.814947247505188,오딧세이
persona_6,585,0.8157076239585876,오딧세이
persona_6,586,0.8158340454101562,프리메라
persona_6,587,0.7846914529800415,프리메라
persona_6,588,0.7548698782920837,프리메라
persona_6,589,0.7828704118728638,프리메라
persona_6,590,0.8158340454101562,프리메라
persona_6,591,0.7851839065551758,프리메라
persona_6,592,0.7629912495613098,프리메라
persona_6,593,0.8048195838928223,프리메라
persona_6,594,0.7322239875793457,프리메라
persona_6,595,0.7118223905563354,프리메라
persona_6,596,0.7866039872169495,프리메라
persona_6,597,0.7566737532615662,프리메라
persona_6,598,0.7389832139015198,프리메라
persona_6,599,0.774244487285614,프리메라
persona_6,600,0.8167610168457031,프리메라
persona_6,601,0.8158340454101562,프리메라
persona_6,602,0.7847198843955994,프리메라
persona_6,603,0.7864264845848083,프리메라
persona_6,604,0.7762293815612793,프리메라
persona_6,605,0.7849469184875488,프리메라
persona_6,606,0.7864264845848083,프리메라
persona_6,607,0.7607293128967285,프리메라
persona_6,608,0.711789608001709,프리메라
persona_6,609,0.7854292988777161,프리메라
persona_6,610,0.8150471448898315,프리메라
persona_6,611,0.7851102352142334,프리메라
persona_6,612,0.7776888608932495,프리메라
persona_6,613,0.7884569764137268,프리메라
persona_6,614,0.7412116527557373,프리메라
persona_6,615,0.7815974950790405,프리메라
persona_6,616,0.7776888608932495,프리메라
persona_6,617,0.7820737361907959,프리메라
persona_6,618,0.7859727144241333,프리메라
persona_6,619,0.789193332195282,프리메라
persona_6,620,0.7851102352142334,프리메라
persona_6,621,0.7526096105575562,프리메라
persona_6,622,0.7809370160102844,프리메라
persona_6,623,0.8053961992263794,프리메라
persona_6,624,0.7784983515739441,프리메라
persona_6,625,0.8137749433517456,프리메라
persona_6,626,0.789193332195282,프리메라
persona_6,627,0.7853873372077942,프리메라
persona_6,628,0.779261589050293,프리메라
persona_6,629,0.7502150535583496,프리메라
persona_6,630,0.7626967430114746,프리메라
persona_6,631,0.7812157869338989,프리메라
persona_6,632,0.7814309000968933,프리메라
persona_6,633,0.7385709881782532,프리메라
persona_6,634,0.7716583013534546,프리메라
persona_6,635,0.7834094166755676,프리메라
persona_6,636,0.7313432097434998,프리메라
persona_6,637,0.7767798900604248,프리메라
persona_6,638,0.7389832139015198,프리메라
persona_6,639,0.774244487285614,프리메라
persona_6,640,0.7781694531440735,프리메라
persona_6,641,0.8160006999969482,프리메라
persona_6,642,0.8160006999969482,프리메라
persona_6,643,0.768593430519104,프리메라
persona_6,644,0.7456122636795044,프리메라
persona_6,645,0.7966771721839905,헤라
persona_6,646,0.790740966796875,헤라
persona_6,647,0.7123306393623352,헤라
persona_6,648,0.7354592084884644,헤라
persona_6,649,0.75210040807724,헤라
persona_6,650,0.7517316341400146,헤라
persona_6,651,0.7105392217636108,헤라
persona_6,652,0.7465691566467285,헤라
persona_6,653,0.7465691566467285,헤라
persona_6,654,0.7517316341400146,헤라
persona_6,655,0.7124656438827515,헤라
persona_6,656,0.7124656438827515,헤라
persona_6,657,0.7966771721839905,헤라
persona_6,658,0.8221641778945923,헤라
persona_6,659,0.8221641778945923,헤라
persona_6,660,0.8221641778945923,헤라
persona_6,661,0.7375280261039734,헤라
persona_6,662,0.8212260603904724,헤라
persona_6,663,0.7456166744232178,헤라
persona_6,664,0.7123306393623352,헤라
persona_6,665,0.7915712594985962,헤라
persona_6,666,0.8212260603904724,헤라
persona_6,667,0.7505775690078735,헤라
persona_6,668,0.7829227447509766,헤라
persona_6,669,0.7944043874740601,헤라
persona_6,670,0.8191460371017456,헤라
persona_6,671,0.8204506635665894,헤라
persona_6,672,0.8204506635665894,헤라
persona_6,673,0.7793394923210144,헤라
persona_6,674,0.7406786680221558,헤라
persona_6,675,0.8204506635665894,헤라
persona_6,676,0.7758997678756714,헤라
persona_6,677,0.7893209457397461,헤라
persona_6,678,0.757614016532898,헤라
persona_6,679,0.790610134601593,헤라
persona_6,680,0.738170862197876,헤라
persona_6,681,0.7483799457550049,헤라
persona_6,682,0.8204506635665894,헤라
persona_6,683,0.7143058180809021,헤라
persona_6,684,0.7826666235923767,헤라
persona_6,685,0.7800205945968628,헤라
persona_6,686,0.7684115171432495,헤라
persona_6,687,0.7354592084884644,헤라
persona_6,688,0.7818233370780945,헤라
persona_6,689,0.7915712594985962,헤라
persona_6,690,0.7955334186553955,헤라
persona_6,691,0.7529159188270569,헤라
persona_6,692,0.7567925453186035,헤라
persona_6,693,0.7943720817565918,헤라
persona_6,694,0.7154991030693054,헤라
persona_6,695,0.7820177674293518,헤라
persona_6,696,0.8214073777198792,헤라
persona_6,697,0.7802895903587341,헤라
persona_6,698,0.7403134107589722,헤라
persona_6,699,0.7699036598205566,헤라
persona_6,700,0.7669773101806641,헤라
persona_6,701,0.7902422547340393,헤라
persona_6,702,0.7915346026420593,헤라
persona_6,703,0.8221641778945923,헤라
persona_6,704,0.8204506635665894,헤라
persona_6,705,0.744533360004425,헤라
persona_6,706,0.7319555878639221,헤라
persona_6,707,0.7375758290290833,헤라
persona_6,708,0.7937518954277039,헤라
persona_6,709,0.7460448741912842,헤라
persona_6,710,0.77146315574646,헤라
persona_6,711,0.7825851440429688,헤라
persona_6,712,0.7524803876876831,헤라
persona_6,713,0.7937518954277039,헤라
persona_6,714,0.790160596370697,헤라
persona_6,715,0.7903860807418823,헤라
persona_6,716,0.7838685512542725,헤라
persona_6,717,0.7758997678756714,헤라
persona_6,718,0.790610134601593,헤라
persona_6,719,0.7123306393623352,헤라
persona_6,720,0.7765151262283325,헤라
persona_6,721,0.7835542559623718,헤라
persona_6,722,0.7580676078796387,헤라
persona_6,723,0.7937491536140442,헤라
persona_6,724,0.7820247411727905,헤라
persona_6,725,0.7562101483345032,헤라
persona_6,726,0.7893209457397461,헤라
persona_6,727,0.7119156122207642,헤라
persona_6,728,0.7182589173316956,헤라
persona_6,729,0.7470592856407166,헤라
persona_6,730,0.7470592856407166,헤라
persona_6,731,0.8212260603904724,헤라
persona_6,732,0.8212260603904724,헤라
persona_6,733,0.7234670519828796,헤라
persona_6,734,0.7632700204849243,헤라
persona_6,735,0.7565978765487671,헤라
persona_6,736,0.7460252642631531,헤라
persona_6,737,0.7727984189987183,헤라
persona_6,738,0.7391734719276428,비레디
persona_6,739,0.7450495958328247,라네즈
persona_6,740,0.7848159074783325,비레디
persona_6,741,0.7910134792327881,라네즈
persona_6,742,0.7666422128677368,비레디
persona_6,743,0.7729237079620361,라네즈
persona_6,744,0.7861366868019104,비레디
persona_6,745,0.792367160320282,라네즈
persona_6,746,0.7144989967346191,비레디
persona_6,747,0.7202755808830261,라네즈
persona_6,748,0.8215157985687256,비레디
persona_6,749,0.8280032873153687,라네즈
persona_6,750,0.7144989967346191,비레디
persona_6,751,0.7202755808830261,라네즈
persona_6,752,0.7873892188072205,비레디
persona_6,753,0.7936074137687683,라네즈
persona_6,754,0.7945181727409363,비레디
persona_6,755,0.8007623553276062,라네즈
persona_6,756,0.7613207697868347,비레디
persona_6,757,0.7674897909164429,라네즈
persona_6,758,0.7429195642471313,비레디
persona_6,759,0.748884379863739,라네즈
persona_6,760,0.7721577286720276,비레디
persona_6,761,0.7781742811203003,라네즈
persona_6,762,0.7834445834159851,비레디
persona_6,763,0.7895609140396118,라네즈
persona_6,764,0.8205596208572388,비레디
persona_6,765,0.8270436525344849,라네즈
persona_6,766,0.7945181727409363,비레디
persona_6,767,0.8007623553276062,라네즈
persona_6,768,0.7377063632011414,비레디
persona_6,769,0.7435083389282227,라네즈
persona_6,770,0.705481767654419,비레디
persona_6,771,0.711337149143219,라네즈
persona_6,772,0.7544434070587158,비레디
persona_6,773,0.7604018449783325,라네즈
persona_6,774,0.7429195642471313,비레디
persona_6,775,0.748884379863739,라네즈
persona_6,776,0.7371655702590942,비레디
persona_6,777,0.7430323362350464,라네즈
persona_6,778,0.7371655702590942,비레디
persona_6,779,0.7430323362350464,라네즈
persona_6,780,0.7371655702590942,비레디
persona_6,781,0.7430323362350464,라네즈
persona_6,782,0.8205596208572388,비레디
persona_6,783,0.8270436525344849,라네즈
persona_6,784,0.8205596208572388,비레디
persona_6,785,0.8270436525344849,라네즈
persona_6,786,0.8205596208572388,비레디
persona_6,787,0.8270436525344849,라네즈
persona_6,788,0.8205596208572388,비레디
persona_6,789,0.8270436525344849,라네즈
persona_6,790,0.8205596208572388,비레디
persona_6,791,0.8270436525344849,라네즈
persona_6,792,0.7916437387466431,비레디
persona_6,793,0.7980084419250488,라네즈
persona_6,794,0.8156504034996033,아이오페
persona_6,795,0.7076157927513123,아이오페
persona_6,796,0.8134268522262573,아이오페
persona_6,797,0.7757154703140259,아이오페
persona_6,798,0.7860383987426758,아이오페
persona_6,799,0.7475404739379883,아이오페
persona_6,800,0.816411018371582,아이오페
persona_6,801,0.7766097187995911,아이오페
persona_6,802,0.76500004529953,아이오페
persona_6,803,0.783772349357605,아이오페
persona_6,804,0.816411018371582,아이오페
persona_6,805,0.7900151014328003,아이오페
persona_6,806,0.816411018371582,아이오페
persona_6,807,0.7777758240699768,아이오페
persona_6,808,0.6832488179206848,아이오페
persona_6,809,0.7878140211105347,아이오페
persona_6,810,0.6832488179206848,아이오페
persona_6,811,0.7154587507247925,아이오페
persona_6,812,0.7350281476974487,아이오페
persona_6,813,0.7900151014328003,아이오페
persona_6,814,0.783772349357605,아이오페
persona_6,815,0.7991713881492615,아이오페
persona_6,816,0.6941832304000854,아이오페
persona_6,817,0.7826805114746094,아이오페
persona_6,818,0.7805264592170715,아이오페
persona_6,819,0.7306696772575378,아이오페
persona_6,820,0.7878140211105347,아이오페
persona_6,821,0.7680233716964722,아이오페
persona_6,822,0.8029266595840454,아이오페
persona_6,823,0.7784425616264343,아이오페
persona_6,824,0.7755441665649414,아이오페
persona_6,825,0.7757154703140259,아이오페
persona_6,826,0.7273306846618652,아이오페
persona_6,827,0.8146970272064209,아이오페
persona_6,828,0.7784425616264343,아이오페
persona_6,829,0.785096287727356,아이오페
persona_6,830,0.781959056854248,아이오페
persona_6,831,0.7460562586784363,아이오페
persona_6,832,0.7456632852554321,아이오페
persona_6,833,0.785133421421051,아이오페
persona_6,834,0.730733335018158,아이오페
persona_6,835,0.7439484000205994,아이오페
persona_6,836,0.7792795300483704,아이오페
persona_6,837,0.7792795300483704,아이오페
persona_6,838,0.7446355223655701,아이오페
persona_6,839,0.7517773509025574,아이오페
persona_6,840,0.8156504034996033,아이오페
persona_6,841,0.8146970272064209,아이오페
persona_6,842,0.781959056854248,아이오페
persona_6,843,0.8146970272064209,아이오페
persona_6,844,0.7832505702972412,아이오페
persona_6,845,0.8154844045639038,아이오페
persona_6,846,0.8146970272064209,아이오페
persona_6,847,0.7817371487617493,아이오페
persona_6,848,0.69977205991745,아이오페
persona_6,849,0.7757760286331177,아이오페
persona_6,850,0.7705410718917847,아이오페
persona_6,851,0.7766097187995911,아이오페
persona_6,852,0.7881236672401428,아이오페
persona_6,853,0.7048102021217346,아이오페
persona_6,854,0.6887664198875427,아이오페
persona_6,855,0.7860383987426758,아이오페
persona_6,856,0.816411018371582,아이오페
persona_6,857,0.8154844045639038,아이오페
persona_6,858,0.6744084358215332,아이오페
persona_6,859,0.8134268522262573,아이오페
persona_6,860,0.7888595461845398,아이오페
persona_6,861,0.7716977000236511,아이오페
persona_6,862,0.9066387414932251,에이피뷰티
persona_6,863,0.8418617248535156,에이피뷰티
persona_6,864,0.7987240552902222,에이피뷰티
persona_6,865,0.8693953156471252,에이피뷰티
persona_6,866,0.8774603605270386,에이피뷰티
persona_6,867,0.833466649055481,에이피뷰티
persona_6,868,0.8759891390800476,에이피뷰티
persona_6,869,0.8760861754417419,에이피뷰티
persona_6,870,0.8777421116828918,에이피뷰티
persona_6,871,0.9114470481872559,에이피뷰티
persona_6,872,0.8770740032196045,에이피뷰티
persona_6,873,0.8770740032196045,에이피뷰티
persona_6,874,0.8748681545257568,에이피뷰티
persona_6,875,0.8774603605270386,에이피뷰티
persona_6,876,0.8774603605270386,에이피뷰티
persona_6,877,0.9089574813842773,에이피뷰티
persona_6,878,0.7748003005981445,에이피뷰티
persona_6,879,0.9114470481872559,에이피뷰티
persona_6,880,0.8760861754417419,에이피뷰티
persona_6,881,0.8010269999504089,에이피뷰티
persona_6,882,0.87553471326828,에이피뷰티
persona_6,883,0.8817782998085022,에이피뷰티
persona_6,884,0.8817782998085022,에이피뷰티
persona_6,885,0.8755623698234558,에이피뷰티
persona_6,886,0.8652817010879517,에이피뷰티
persona_6,887,0.8594119548797607,에이피뷰티
persona_6,888,0.9126099348068237,에이피뷰티
persona_6,889,0.8468701839447021,에이피뷰티
persona_6,890,0.8468701839447021,에이피뷰티
persona_6,891,0.8468701839447021,에이피뷰티
persona_6,892,0.8774603605270386,에이피뷰티
persona_6,893,0.8805249333381653,에이피뷰티
persona_6,894,0.9089574813842773,에이피뷰티
persona_6,895,0.9066387414932251,에이피뷰티
persona_6,896,0.7990003228187561,에이피뷰티
persona_6,897,0.7644473910331726,에이피뷰티
persona_6,898,0.8755623698234558,에이피뷰티
persona_6,899,0.781326413154602,일리윤
persona_6,900,0.7641013860702515,일리윤
persona_6,901,0.7975786924362183,일리윤
persona_6,902,0.7610464096069336,일리윤
persona_6,903,0.7465869784355164,일리윤
persona_6,904,0.775411069393158,일리윤
persona_6,905,0.7465869784355164,일리윤
persona_6,906,0.775411069393158,일리윤
persona_6,907,0.7883585691452026,일리윤
persona_6,908,0.7860397696495056,일리윤
persona_6,909,0.7610511183738708,일리윤
persona_6,910,0.7816141843795776,일리윤
persona_6,911,0.7894829511642456,일리윤
persona_6,912,0.7369160652160645,일리윤
persona_6,913,0.7647680640220642,일리윤
persona_6,914,0.7683649659156799,일리윤
persona_6,915,0.7739516496658325,일리윤
persona_6,916,0.8101569414138794,일리윤
persona_6,917,0.7837357521057129,일리윤
persona_6,918,0.7826438546180725,일리윤
persona_6,919,0.781312108039856,일리윤
persona_6,920,0.7603034377098083,일리윤
persona_6,921,0.7429804801940918,일리윤
persona_6,922,0.775411069393158,일리윤
persona_6,923,0.7805519104003906,일리윤
persona_6,924,0.7621394395828247,일리윤
persona_6,925,0.7316407561302185,일리윤
persona_6,926,0.7252911925315857,일리윤
persona_6,927,0.7835628390312195,일리윤
persona_6,928,0.7379061579704285,일리윤
persona_6,929,0.7754169702529907,일리윤
persona_6,930,0.7589161992073059,일리윤
persona_6,931,0.7405737042427063,일리윤
persona_6,932,0.7845403552055359,일리윤
persona_6,933,0.7647680640220642,일리윤
persona_6,934,0.7805519104003906,일리윤
persona_6,935,0.7647680640220642,일리윤
persona_6,936,0.7837357521057129,일리윤
persona_6,937,0.7845403552055359,일리윤
persona_6,938,0.8092064261436462,일리윤
persona_6,939,0.8109196424484253,일리윤
persona_6,940,0.8109196424484253,일리윤
persona_6,941,0.735835075378418,일리윤
persona_6,942,0.8109196424484253,일리윤
persona_6,943,0.8092064261436462,일리윤
persona_6,944,0.8109196424484253,일리윤
persona_6,945,0.8092064261436462,일리윤
persona_6,946,0.7804898023605347,일리윤
persona_6,947,0.808708906173706,일리윤
persona_6,948,0.8092064261436462,일리윤
persona_6,949,0.808708906173706,일리윤
persona_6,950,0.808708906173706,일리윤
persona_6,951,0.7610464096069336,일리윤
persona_6,952,0.7449610233306885,일리윤
persona_6,953,0.7584647536277771,일리윤
persona_6,954,0.8092064261436462,일리윤
persona_6,955,0.7804898023605347,일리윤
persona_6,956,0.7804898023605347,일리윤
persona_6,957,0.8101569414138794,일리윤
persona_6,958,0.8092064261436462,일리윤
persona_6,959,0.7798474431037903,일리윤
persona_6,960,0.7265059947967529,일리윤
persona_6,961,0.7443114519119263,일리윤
persona_6,962,0.7836257219314575,일리윤
persona_6,963,0.83145672082901,이니스프리
persona_6,964,0.8012542724609375,이니스프리
persona_6,965,0.7678390145301819,이니스프리
persona_6,966,0.8037006855010986,이니스프리
persona_6,967,0.8293302655220032,이니스프리
persona_6,968,0.7985565066337585,이니스프리
persona_6,969,0.8316705226898193,이니스프리
persona_6,970,0.8316705226898193,이니스프리
persona_6,971,0.8293302655220032,이니스프리
persona_6,972,0.8012489080429077,이니스프리
persona_6,973,0.7446863055229187,이니스프리
persona_6,974,0.7872917652130127,이니스프리
persona_6,975,0.7860974073410034,이니스프리
persona_6,976,0.7553404569625854,이니스프리
persona_6,977,0.7933253645896912,이니스프리
persona_6,978,0.7654063701629639,이니스프리
persona_6,979,0.7446863055229187,이니스프리
persona_6,980,0.8316705226898193,이니스프리
persona_6,981,0.8041229248046875,이니스프리
persona_6,982,0.7678390145301819,이니스프리
persona_6,983,0.757003128528595,이니스프리
persona_6,984,0.83145672082901,이니스프리
persona_6,985,0.7985592484474182,이니스프리
persona_6,986,0.8324207067489624,이니스프리
persona_6,987,0.7537885904312134,이니스프리
persona_6,988,0.7915486693382263,이니스프리
persona_6,989,0.8307082653045654,이니스프리
persona_6,990,0.7943286895751953,이니스프리
persona_6,991,0.7638840675354004,이니스프리
persona_6,992,0.8293302655220032,이니스프리
persona_6,993,0.7937349081039429,이니스프리
persona_6,994,0.7764384150505066,이니스프리
persona_6,995,0.7831583619117737,이니스프리
persona_6,996,0.8293302655220032,이니스프리
persona_6,997,0.7950716614723206,이니스프리
persona_6,998,0.800183892250061,이니스프리
persona_6,999,0.7257364392280579,이니스프리
persona_6,1000,0.7688032984733582,이니스프리
persona_6,1001,0.7446863055229187,이니스프리
persona_6,1002,0.7553404569625854,이니스프리
persona_6,1003,0.7985592484474182,이니스프리
persona_6,1004,0.8041229248046875,이니스프리
persona_6,1005,0.8316705226898193,이니스프리
persona_6,1006,0.7636750340461731,이니스프리
persona_6,1007,0.7764384150505066,이니스프리
persona_6,1008,0.7668392062187195,이니스프리
persona_6,1009,0.7968225479125977,이니스프리
persona_6,1010,0.7970246076583862,이니스프리
persona_6,1011,0.8052954077720642,이니스프리
persona_6,1012,0.7941617369651794,이니스프리
persona_6,1013,0.7985565066337585,이니스프리
persona_6,1014,0.7691298127174377,이니스프리
persona_6,1015,0.7801914811134338,이니스프리
persona_6,1016,0.7950716614723206,이니스프리
persona_6,1017,0.7801914811134338,이니스프리
persona_6,1018,0.7801914811134338,이니스프리
persona_6,1019,0.7955195903778076,이니스프리
persona_6,1020,0.8018040657043457,이니스프리
persona_6,1021,0.8200916051864624,이니스프리
persona_6,1022,0.8032032251358032,이니스프리
persona_6,1023,0.78554767370224,이니스프리
persona_6,1024,0.8041229248046875,이니스프리
persona_6,1025,0.7756429314613342,이니스프리
persona_6,1026,0.8324207067489624,이니스프리
persona_6,1027,0.8197104930877686,이니스프리
persona_6,1028,0.7787932753562927,이니스프리
persona_6,1029,0.8052954077720642,이니스프리
persona_6,1030,0.7948787808418274,이니스프리
persona_6,1031,0.7978655099868774,이니스프리
persona_6,1032,0.8032032251358032,이니스프리
persona_6,1033,0.7970246076583862,이니스프리
persona_6,1034,0.8004494309425354,이니스프리
persona_6,1035,0.769221842288971,이니스프리
persona_6,1036,0.7278196811676025,이니스프리
persona_6,1037,0.8041229248046875,이니스프리
persona_6,1038,0.758803129196167,이니스프리
persona_6,1039,0.8200916051864624,이니스프리
persona_6,1040,0.8033648729324341,이니스프리
persona_6,1041,0.7883591055870056,이니스프리
persona_6,1042,0.8010315299034119,이니스프리
persona_6,1043,0.7830299735069275,이니스프리
persona_6,1044,0.8200916051864624,이니스프리
persona_6,1045,0.8085138201713562,이니스프리
persona_6,1046,0.727608323097229,이니스프리
persona_6,1047,0.7537885904312134,이니스프리
persona_6,1048,0.8033648729324341,이니스프리
persona_6,1049,0.7991401553153992,이니스프리
persona_6,1050,0.7693250775337219,이니스프리
persona_6,1051,0.7797294855117798,이니스프리
persona_6,1052,0.7830299735069275,이니스프리
persona_6,1053,0.8200916051864624,이니스프리
persona_6,1054,0.7983938455581665,이니스프리
persona_6,1055,0.7654063701629639,이니스프리
persona_6,1056,0.8032032251358032,이니스프리
persona_6,1057,0.8293302655220032,이니스프리
persona_6,1058,0.8010315299034119,이니스프리
persona_6,1059,0.7556438446044922,이니스프리
persona_6,1060,0.7948787808418274,이니스프리
persona_6,1061,0.8010315299034119,이니스프리
persona_6,1062,0.7553404569625854,이니스프리
persona_6,1063,0.7704511880874634,이니스프리
persona_6,1064,0.8042499423027039,이니스프리
persona_6,1065,0.7970246076583862,이니스프리
persona_6,1066,0.800183892250061,이니스프리
persona_6,1067,0.800183892250061,이니스프리
persona_6,1068,0.7666873335838318,이니스프리
persona_6,1069,0.7932323813438416,이니스프리
persona_6,1070,0.7278196811676025,이니스프리
persona_6,1071,0.7263146638870239,이니스프리
persona_6,1072,0.8033648729324341,이니스프리
persona_6,1073,0.7232314944267273,이니스프리
persona_6,1074,0.7585716247558594,이니스프리
persona_6,1075,0.7986811399459839,이니스프리
persona_6,1076,0.7562850713729858,이니스프리
persona_6,1077,0.8085138201713562,이니스프리
persona_6,1078,0.8185099363327026,이니스프리
persona_6,1079,0.7787932753562927,이니스프리
persona_6,1080,0.7970246076583862,이니스프리
persona_6,1081,0.7693250775337219,이니스프리
persona_6,1082,0.7809305787086487,이니스프리
persona_6,1083,0.7748515605926514,이니스프리
persona_6,1084,0.7687617540359497,이니스프리
persona_6,1085,0.7991401553153992,이니스프리
persona_6,1086,0.7764384150505066,이니스프리
persona_6,1087,0.8324207067489624,이니스프리
persona_6,1088,0.8042499423027039,이니스프리
persona_6,1089,0.7970246076583862,이니스프리
persona_6,1090,0.8041229248046875,이니스프리
persona_6,1091,0.7407127022743225,이니스프리
persona_6,1092,0.8012489080429077,이니스프리
persona_6,1093,0.7228447198867798,이니스프리
persona_6,1094,0.7678390145301819,이니스프리
persona_6,1095,0.7707667350769043,이니스프리
persona_6,1096,0.7970246076583862,이니스프리
persona_6,1097,0.7801914811134338,이니스프리
persona_6,1098,0.7809305787086487,이니스프리
persona_6,1099,0.7278196811676025,이니스프리
persona_6,1100,0.7962920069694519,이니스프리
persona_6,1101,0.7209529280662537,이니스프리
persona_6,1102,0.7553404569625854,이니스프리
persona_6,1103,0.7485951781272888,이니스프리
persona_6,1104,0.8030248284339905,이니스프리
persona_6,1105,0.8012542724609375,이니스프리
persona_6,1106,0.7809305787086487,이니스프리
persona_6,1107,0.7914769649505615,이니스프리
persona_6,1108,0.7792733907699585,이니스프리
persona_6,1109,0.7629892826080322,이니스프리
persona_6,1110,0.7512832283973694,이니스프리
persona_6,1111,0.8085138201713562,이니스프리
persona_6,1112,0.7955195903778076,이니스프리
persona_6,1113,0.792224645614624,이니스프리
persona_6,1114,0.8012489080429077,이니스프리
persona_6,1115,0.7830299735069275,이니스프리
persona_6,1116,0.7679476737976074,이니스프리
persona_6,1117,0.83145672082901,이니스프리
persona_6,1118,0.7324379086494446,이니스프리
persona_6,1119,0.7660645246505737,이니스프리
persona_6,1120,0.727608323097229,이니스프리
persona_6,1121,0.8206835985183716,이니스프리
persona_6,1122,0.784766674041748,이니스프리
persona_6,1123,0.7991401553153992,이니스프리
persona_6,1124,0.8041229248046875,이니스프리
persona_6,1125,0.8324207067489624,이니스프리
persona_6,1126,0.8316705226898193,이니스프리
persona_6,1127,0.7991401553153992,이니스프리
persona_6,1128,0.7902971506118774,이니스프리
persona_6,1129,0.8307082653045654,이니스프리
persona_6,1130,0.8010397553443909,이니스프리
persona_6,1131,0.7937349081039429,이니스프리
persona_6,1132,0.8012542724609375,이니스프리
persona_6,1133,0.8012542724609375,이니스프리
persona_6,1134,0.8041229248046875,이니스프리
persona_6,1135,0.8097242116928101,이니스프리
persona_6,1136,0.7312814593315125,이니스프리
persona_6,1137,0.7624948024749756,이니스프리
persona_6,1138,0.8307082653045654,이니스프리
persona_6,1139,0.7998958230018616,이니스프리
persona_6,1140,0.8041229248046875,이니스프리
persona_6,1141,0.7704511880874634,이니스프리
persona_6,1142,0.8041229248046875,이니스프리
persona_6,1143,0.7623886466026306,이니스프리
persona_6,1144,0.8041229248046875,이니스프리
persona_6,1145,0.7522655129432678,메디안
persona_6,1146,0.8173390030860901,메디안
persona_6,1147,0.8163847327232361,메디안
persona_6,1148,0.7355078458786011,메디안
persona_6,1149,0.8163847327232361,메디안
persona_6,1150,0.8163847327232361,메디안
persona_6,1151,0.8180988430976868,메디안
persona_6,1152,0.8173390030860901,메디안
persona_6,1153,0.8163847327232361,메디안
persona_6,1154,0.8158842325210571,메디안
persona_6,1155,0.8173390030860901,메디안
persona_6,1156,0.7362164855003357,메디안
persona_6,1157,0.8163847327232361,메디안
persona_6,1158,0.8163847327232361,메디안
persona_6,1159,0.8163847327232361,메디안
persona_6,1160,0.8163847327232361,메디안
persona_6,1161,0.6749050617218018,메디안
persona_6,1162,0.8173390030860901,메디안
persona_6,1163,0.6549645066261292,메디안
persona_6,1164,0.8163847327232361,메디안
persona_6,1165,0.8163847327232361,메디안
persona_6,1166,0.8171683549880981,메디안
persona_6,1167,0.8173390030860901,메디안
persona_6,1168,0.8173390030860901,메디안
persona_6,1169,0.8173390030860901,메디안
persona_6,1170,0.6549645066261292,메디안
persona_6,1171,0.6683785915374756,메디안
persona_6,1172,0.8173390030860901,메디안
persona_6,1173,0.7639585137367249,메디안
persona_6,1174,0.8173390030860901,메디안
persona_6,1175,0.8180988430976868,메디안
persona_6,1176,0.7951565384864807,메디안
persona_6,1177,0.7391734719276428,비레디
persona_6,1178,0.7450495958328247,라네즈
persona_6,1179,0.7848159074783325,비레디
persona_6,1180,0.7910134792327881,라네즈
persona_6,1181,0.7666422128677368,비레디
persona_6,1182,0.7729237079620361,라네즈
persona_6,1183,0.7861366868019104,비레디
persona_6,1184,0.792367160320282,라네즈
persona_6,1185,0.7144989967346191,비레디
persona_6,1186,0.7202755808830261,라네즈
persona_6,1187,0.8215157985687256,비레디
persona_6,1188,0.8280032873153687,라네즈
persona_6,1189,0.7144989967346191,비레디
persona_6,1190,0.7202755808830261,라네즈
persona_6,1191,0.7873892188072205,비레디
persona_6,1192,0.7936074137687683,라네즈
persona_6,1193,0.7945181727409363,비레디
persona_6,1194,0.8007623553276062,라네즈
persona_6,1195,0.7613207697868347,비레디
persona_6,1196,0.7674897909164429,라네즈
persona_6,1197,0.7429195642471313,비레디
persona_6,1198,0.748884379863739,라네즈
persona_6,1199,0.7721577286720276,비레디
persona_6,1200,0.7781742811203003,라네즈
persona_6,1201,0.7834445834159851,비레디
persona_6,1202,0.7895609140396118,라네즈
persona_6,1203,0.8205596208572388,비레디
persona_6,1204,0.8270436525344849,라네즈
persona_6,1205,0.7945181727409363,비레디
persona_6,1206,0.8007623553276062,라네즈
persona_6,1207,0.7377063632011414,비레디
persona_6,1208,0.7435083389282227,라네즈
persona_6,1209,0.705481767654419,비레디
persona_6,1210,0.711337149143219,라네즈
persona_6,1211,0.7544434070587158,비레디
persona_6,1212,0.7604018449783325,라네즈
persona_6,1213,0.7429195642471313,비레디
persona_6,1214,0.748884379863739,라네즈
persona_6,1215,0.7371655702590942,비레디
persona_6,1216,0.7430323362350464,라네즈
persona_6,1217,0.7371655702590942,비레디
persona_6,1218,0.7430323362350464,라네즈
persona_6,1219,0.7371655702590942,비레디
persona_6,1220,0.7430323362350464,라네즈
persona_6,1221,0.8205596208572388,비레디
persona_6,1222,0.8270436525344849,라네즈
persona_6,1223,0.8205596208572388,비레디
persona_6,1224,0.8270436525344849,라네즈
persona_6,1225,0.8205596208572388,비레디
persona_6,1226,0.8270436525344849,라네즈
persona_6,1227,0.8205596208572388,비레디
persona_6,1228,0.8270436525344849,라네즈
persona_6,1229,0.8205596208572388,비레디
persona_6,1230,0.8270436525344849,라네즈
persona_6,1231,0.7916437387466431,비레디
persona_6,1232,0.7980084419250488,라네즈
persona_6,1233,0.9089574813842773,퍼즐우드
persona_6,1234,0.9109389781951904,퍼즐우드
persona_6,1235,0.9126099348068237,퍼즐우드
persona_6,1236,0.9109389781951904,퍼즐우드
persona_6,1237,0.9109389781951904,퍼즐우드
persona_6,1238,0.9104165434837341,퍼즐우드
persona_6,1239,0.9083535075187683,퍼즐우드
persona_6,1240,0.9109389781951904,퍼즐우드
persona_6,1241,0.9104165434837341,퍼즐우드
persona_6,1242,0.9104165434837341,퍼즐우드
persona_6,1243,0.9104165434837341,퍼즐우드
persona_6,1244,0.9104165434837341,퍼즐우드
persona_6,1245,0.9104165434837341,퍼즐우드
persona_6,1246,0.7973076701164246,퍼즐우드
persona_6,1247,0.9104165434837341,퍼즐우드
persona_6,1248,0.9083535075187683,퍼즐우드
persona_6,1249,0.9083535075187683,퍼즐우드
persona_6,1250,0.9083535075187683,퍼즐우드
persona_6,1251,0.9109389781951904,퍼즐우드
persona_6,1252,0.9104165434837341,퍼즐우드
persona_6,1253,0.9104165434837341,퍼즐우드
persona_6,1254,0.9126099348068237,퍼즐우드
persona_6,1255,0.9104165434837341,퍼즐우드
persona_6,1256,0.9109389781951904,퍼즐우드
persona_6,1257,0.9104165434837341,퍼즐우드
persona_6,1258,0.9083535075187683,퍼즐우드
persona_6,1259,0.9104165434837341,퍼즐우드
persona_6,1260,0.9104165434837341,퍼즐우드
persona_6,1261,0.9104165434837341,퍼즐우드
persona_6,1262,0.9104165434837341,퍼즐우드
persona_6,1263,0.9104165434837341,퍼즐우드
persona_6,1264,0.9104165434837341,퍼즐우드
persona_6,1265,0.9104165434837341,퍼즐우드
persona_6,1266,0.9083535075187683,퍼즐우드
persona_6,1267,0.7916074395179749,퍼즐우드
persona_6,1268,0.9104165434837341,퍼즐우드
persona_6,1269,0.9104165434837341,퍼즐우드
persona_6,1270,0.9109389781951904,퍼즐우드
persona_6,1271,0.9126099348068237,퍼즐우드
persona_6,1272,0.9104165434837341,퍼즐우드
persona_6,1273,0.8391849994659424,퍼즐우드
persona_6,1274,0.7979902029037476,퍼즐우드
persona_6,1275,0.9104165434837341,퍼즐우드
persona_6,1276,0.9104165434837341,퍼즐우드
persona_6,1277,0.9104165434837341,퍼즐우드
persona_6,1278,0.9104165434837341,퍼즐우드
persona_6,1279,0.9109389781951904,퍼즐우드
persona_6,1280,0.9104165434837341,퍼즐우드
persona_6,1281,0.9104165434837341,퍼즐우드
persona_6,1282,0.9109389781951904,퍼즐우드
persona_6,1283,0.9109389781951904,퍼즐우드
persona_6,1284,0.9104165434837341,퍼즐우드
persona_6,1285,0.9109389781951904,퍼즐우드
persona_6,1286,0.9109389781951904,퍼즐우드
persona_6,1287,0.9109389781951904,퍼즐우드
persona_6,1288,0.9104165434837341,퍼즐우드
persona_6,1289,0.9104165434837341,퍼즐우드
persona_6,1290,0.9104165434837341,퍼즐우드
persona_6,1291,0.9104165434837341,퍼즐우드
persona_6,1292,0.9119316339492798,퍼즐우드
persona_6,1293,0.9109389781951904,퍼즐우드
persona_6,1294,0.9109389781951904,퍼즐우드
persona_6,1295,0.9104165434837341,퍼즐우드
persona_6,1296,0.9104165434837341,퍼즐우드
persona_6,1297,0.834596574306488,퍼즐우드
persona_6,1298,0.785760760307312,마몽드
persona_6,1299,0.7578548789024353,마몽드
persona_6,1300,0.7842629551887512,마몽드
persona_6,1301,0.8227702975273132,마몽드
persona_6,1302,0.759449303150177,마몽드
persona_6,1303,0.7956669330596924,마몽드
persona_6,1304,0.8225848078727722,마몽드
persona_6,1305,0.7886841297149658,마몽드
persona_6,1306,0.7980197072029114,마몽드
persona_6,1307,0.8007505536079407,마몽드
persona_6,1308,0.7939817905426025,마몽드
persona_6,1309,0.7221141457557678,마몽드
persona_6,1310,0.7447782754898071,마몽드
persona_6,1311,0.7886841297149658,마몽드
persona_6,1312,0.759449303150177,마몽드
persona_6,1313,0.7893717288970947,마몽드
persona_6,1314,0.759449303150177,마몽드
persona_6,1315,0.7831243276596069,마몽드
persona_6,1316,0.7588326334953308,마몽드
persona_6,1317,0.7956669330596924,마몽드
persona_6,1318,0.7840008735656738,마몽드
persona_6,1319,0.8227702975273132,마몽드
persona_6,1320,0.7980197072029114,마몽드
persona_6,1321,0.7823818325996399,마몽드
persona_6,1322,0.792856752872467,마몽드
persona_6,1323,0.7957356572151184,마몽드
persona_6,1324,0.7861617207527161,마몽드
persona_6,1325,0.7927053570747375,마몽드
persona_6,1326,0.7968297600746155,마몽드
persona_6,1327,0.7980197072029114,마몽드
persona_6,1328,0.7956669330596924,마몽드
persona_6,1329,0.7831004858016968,마몽드
persona_6,1330,0.823526918888092,마몽드
persona_6,1331,0.7166573405265808,마몽드
persona_6,1332,0.7861617207527161,마몽드
persona_6,1333,0.8195385932922363,마몽드
persona_6,1334,0.8195385932922363,마몽드
persona_6,1335,0.7683405876159668,마몽드
persona_6,1336,0.7935118079185486,마몽드
persona_6,1337,0.8195385932922363,마몽드
persona_6,1338,0.7957187294960022,마몽드
persona_6,1339,0.783234715461731,마몽드
persona_6,1340,0.7870988845825195,마몽드
persona_6,1341,0.8227702975273132,마몽드
persona_6,1342,0.7683405876159668,마몽드
persona_6,1343,0.740821361541748,마몽드
persona_6,1344,0.8227702975273132,마몽드
persona_6,1345,0.7679668664932251,마몽드
persona_6,1346,0.7349535226821899,마몽드
persona_6,1347,0.733542799949646,마몽드
persona_6,1348,0.8227702975273132,마몽드
persona_6,1349,0.823526918888092,마몽드
persona_6,1350,0.823526918888092,마몽드
persona_6,1351,0.8227702975273132,마몽드
persona_6,1352,0.8218133449554443,마몽드
persona_6,1353,0.8218133449554443,마몽드
persona_6,1354,0.8218133449554443,마몽드
persona_6,1355,0.8227702975273132,마몽드
persona_6,1356,0.8227702975273132,마몽드
persona_6,1357,0.7946187257766724,마몽드
persona_6,1358,0.8227702975273132,마몽드
persona_6,1359,0.823526918888092,마몽드
persona_6,1360,0.823526918888092,마몽드
persona_6,1361,0.8227702975273132,마몽드
persona_6,1362,0.8227702975273132,마몽드
persona_6,1363,0.7956669330596924,마몽드
persona_6,1364,0.7015951871871948,오설록
persona_6,1365,0.6946943402290344,오설록
persona_6,1366,0.6871738433837891,오설록
persona_6,1367,0.6959564089775085,오설록
persona_6,1368,0.7015951871871948,오설록
persona_6,1369,0.7093266844749451,오설록
persona_6,1370,0.6959564089775085,오설록
persona_6,1371,0.6927719116210938,오설록
persona_6,1372,0.6871738433837891,오설록
persona_6,1373,0.7234768271446228,오설록
persona_6,1374,0.6959564089775085,오설록
persona_6,1375,0.7063766121864319,오설록
persona_6,1376,0.7234768271446228,오설록
persona_6,1377,0.7093266844749451,오설록
persona_6,1378,0.7207372188568115,오설록
persona_6,1379,0.6946943402290344,오설록
persona_6,1380,0.6946943402290344,오설록
persona_6,1381,0.7045438885688782,오설록
persona_6,1382,0.7234768271446228,오설록
persona_6,1383,0.7234768271446228,오설록
persona_6,1384,0.7234768271446228,오설록
persona_6,1385,0.702111005783081,오설록
persona_6,1386,0.6946943402290344,오설록
persona_6,1387,0.682990550994873,오설록
persona_6,1388,0.6946943402290344,오설록
persona_6,1389,0.7124999165534973,오설록
persona_6,1390,0.7124999165534973,오설록
persona_6,1391,0.6946943402290344,오설록
persona_6,1392,0.7234768271446228,오설록
persona_6,1393,0.7126055955886841,오설록
persona_6,1394,0.7234768271446228,오설록
persona_6,1395,0.7094285488128662,오설록
persona_6,1396,0.6871738433837891,오설록
persona_6,1397,0.7234768271446228,오설록
persona_6,1398,0.7045438885688782,오설록
persona_6,1399,0.6927719116210938,오설록
persona_6,1400,0.7234768271446228,오설록
persona_6,1401,0.6974289417266846,오설록
persona_6,1402,0.7234768271446228,오설록
persona_6,1403,0.6856987476348877,오설록
persona_6,1404,0.6856987476348877,오설록
persona_6,1405,0.7234768271446228,오설록
persona_6,1406,0.7124999165534973,오설록
persona_6,1407,0.7126055955886841,오설록
persona_6,1408,0.6974289417266846,오설록
persona_6,1409,0.6974289417266846,오설록
persona_6,1410,0.7124999165534973,오설록
persona_6,1411,0.7234768271446228,오설록
persona_6,1412,0.6857172846794128,오설록
persona_6,1413,0.71291184425354,오설록
persona_6,1414,0.7234768271446228,오설록
persona_6,1415,0.6974289417266846,오설록
persona_6,1416,0.7234768271446228,오설록
persona_6,1417,0.6946943402290344,오설록
persona_6,1418,0.7124999165534973,오설록
persona_6,1419,0.7234768271446228,오설록
persona_6,1420,0.7124999165534973,오설록
persona_6,1421,0.7045316100120544,오설록
persona_6,1422,0.7126055955886841,오설록
persona_6,1423,0.6856987476348877,오설록
persona_6,1424,0.7124999165534973,오설록
persona_6,1425,0.7063766121864319,오설록
persona_6,1426,0.7278997898101807,오설록
persona_6,1427,0.7278997898101807,오설록
persona_6,1428,0.7234768271446228,오설록
persona_6,1429,0.7234768271446228,오설록
persona_6,1430,0.6919384598731995,오설록
persona_6,1431,0.6871738433837891,오설록
persona_6,1432,0.6974289417266846,오설록
persona_6,1433,0.6927719116210938,오설록
persona_6,1434,0.676177442073822,오설록
persona_6,1435,0.6927719116210938,오설록
persona_6,1436,0.6974289417266846,오설록
persona_6,1437,0.6974289417266846,오설록
persona_6,1438,0.7278997898101807,오설록
persona_6,1439,0.6974289417266846,오설록
persona_6,1440,0.6927719116210938,오설록
persona_6,1441,0.6927719116210938,오설록
persona_6,1442,0.6974289417266846,오설록
persona_6,1443,0.6974289417266846,오설록
persona_6,1444,0.7234768271446228,오설록
persona_6,1445,0.7124999165534973,오설록
persona_6,1446,0.6974289417266846,오설록
persona_6,1447,0.6927719116210938,오설록
persona_6,1448,0.7124999165534973,오설록
persona_6,1449,0.6974289417266846,오설록
persona_6,1450,0.7124999165534973,오설록
persona_6,1451,0.7124999165534973,오설록
persona_6,1452,0.7124999165534973,오설록
persona_6,1453,0.6927719116210938,오설록
persona_6,1454,0.7077780365943909,오설록
persona_6,1455,0.6974289417266846,오설록
persona_6,1456,0.6974289417266846,오설록
persona_6,1457,0.6946943402290344,오설록
persona_6,1458,0.701716959476471,오설록
persona_6,1459,0.7040322422981262,오설록
persona_6,1460,0.7385263442993164,오설록
persona_6,1461,0.7234768271446228,오설록
persona_6,1462,0.6871738433837891,오설록
persona_6,1463,0.6946943402290344,오설록
persona_6,1464,0.6946943402290344,오설록
persona_6,1465,0.6946943402290344,오설록
persona_6,1466,0.682990550994873,오설록
persona_6,1467,0.6945871114730835,오설록
persona_6,1468,0.682990550994873,오설록
persona_6,1469,0.7744883894920349,려
persona_6,1470,0.7805978059768677,려
persona_6,1471,0.7403559684753418,려
persona_6,1472,0.7102823853492737,려
persona_6,1473,0.783194899559021,려
persona_6,1474,0.7332963347434998,려
persona_6,1475,0.78943932056427,려
persona_6,1476,0.7671203017234802,려
persona_6,1477,0.783194899559021,려
persona_6,1478,0.7926892042160034,려
persona_6,1479,0.7708266377449036,려
persona_6,1480,0.783194899559021,려
persona_6,1481,0.7953330874443054,려
persona_6,1482,0.8050793409347534,려
persona_6,1483,0.7824306488037109,려
persona_6,1484,0.7895317077636719,려
persona_6,1485,0.7865215539932251,려
persona_6,1486,0.7825313806533813,려
persona_6,1487,0.8162732124328613,려
persona_6,1488,0.8170333504676819,려
persona_6,1489,0.8162732124328613,려
persona_6,1490,0.8170333504676819,려
persona_6,1491,0.7925337553024292,려
persona_6,1492,0.8162732124328613,려
persona_6,1493,0.8162732124328613,려
persona_6,1494,0.7873271107673645,려
persona_6,1495,0.8170333504676819,려
persona_6,1496,0.8170333504676819,려
persona_6,1497,0.8170333504676819,려
persona_6,1498,0.8170333504676819,려
persona_6,1499,0.8170333504676819,려
persona_6,1500,0.8170333504676819,려
persona_6,1501,0.7366871237754822,려
persona_6,1502,0.8102481961250305,설화수
persona_6,1503,0.7719605565071106,설화수
persona_6,1504,0.8102481961250305,설화수
persona_6,1505,0.7697721719741821,설화수
persona_6,1506,0.7719605565071106,설화수
persona_6,1507,0.8107464909553528,설화수
persona_6,1508,0.7697721719741821,설화수
persona_6,1509,0.8102481961250305,설화수
persona_6,1510,0.7706915140151978,설화수
persona_6,1511,0.6719009876251221,설화수
persona_6,1512,0.7436708211898804,설화수
persona_6,1513,0.8102481961250305,설화수
persona_6,1514,0.7747102379798889,설화수
persona_6,1515,0.7866134643554688,설화수
persona_6,1516,0.7645906209945679,설화수
persona_6,1517,0.7485296726226807,설화수
persona_6,1518,0.7063691020011902,설화수
persona_6,1519,0.7819832563400269,설화수
persona_6,1520,0.7645906209945679,설화수
persona_6,1521,0.7035918235778809,설화수
persona_6,1522,0.8102481961250305,설화수
persona_6,1523,0.7697721719741821,설화수
persona_6,1524,0.8102481961250305,설화수
persona_6,1525,0.7260658740997314,설화수
persona_6,1526,0.7866134643554688,설화수
persona_6,1527,0.8107464909553528,설화수
persona_6,1528,0.8107464909553528,설화수
persona_6,1529,0.7866134643554688,설화수
persona_6,1530,0.7827783823013306,설화수
persona_6,1531,0.782258152961731,설화수
persona_6,1532,0.7407361268997192,설화수
persona_6,1533,0.7789151668548584,설화수
persona_6,1534,0.7426045536994934,설화수
persona_6,1535,0.7315279245376587,설화수
persona_6,1536,0.8102481961250305,설화수
persona_6,1537,0.7760193943977356,설화수
persona_6,1538,0.7645906209945679,설화수
persona_6,1539,0.7728026509284973,설화수
persona_6,1540,0.8102481961250305,설화수
persona_6,1541,0.7551975846290588,설화수
persona_6,1542,0.7371470928192139,설화수
persona_6,1543,0.7866134643554688,설화수
persona_6,1544,0.7331416010856628,설화수
persona_6,1545,0.7653355598449707,설화수
persona_6,1546,0.7789151668548584,설화수
persona_6,1547,0.7819832563400269,설화수
persona_6,1548,0.7355882525444031,설화수
persona_6,1549,0.7407361268997192,설화수
persona_6,1550,0.6719009876251221,설화수
persona_6,1551,0.7789151668548584,설화수
persona_6,1552,0.7806525230407715,설화수
persona_6,1553,0.742739737033844,설화수
persona_6,1554,0.8102481961250305,설화수
persona_6,1555,0.7747855186462402,설화수
persona_6,1556,0.7747855186462402,설화수
persona_6,1557,0.7728026509284973,설화수
persona_6,1558,0.7767384052276611,설화수
persona_6,1559,0.7760193943977356,설화수
persona_6,1560,0.781204879283905,설화수
persona_6,1561,0.7819832563400269,설화수
persona_6,1562,0.7789151668548584,설화수
persona_6,1563,0.7760193943977356,설화수
persona_6,1564,0.7827783823013306,설화수
persona_6,1565,0.7806525230407715,설화수
persona_6,1566,0.7331416010856628,설화수
persona_6,1567,0.7827635407447815,설화수
persona_6,1568,0.7767379283905029,설화수
persona_6,1569,0.7722620368003845,설화수
persona_6,1570,0.7722620368003845,설화수
persona_6,1571,0.7748387455940247,설화수
persona_6,1572,0.7530794739723206,설화수
persona_6,1573,0.7797358632087708,설화수
persona_6,1574,0.7683460712432861,설화수
persona_6,1575,0.7056338787078857,설화수
persona_6,1576,0.7794499397277832,설화수
persona_6,1577,0.7827643156051636,설화수
persona_6,1578,0.7747852206230164,설화수
persona_6,1579,0.7747852206230164,설화수
persona_6,1580,0.7766603231430054,설화수
persona_7,0,0.8123591542243958,메이크온
persona_7,1,0.8123591542243958,메이크온
persona_7,2,0.8133135437965393,메이크온
persona_7,3,0.8133135437965393,메이크온
persona_7,4,0.8133135437965393,메이크온
persona_7,5,0.8133135437965393,메이크온
persona_7,6,0.811860978603363,메이크온
persona_7,7,0.6731691956520081,메이크온
persona_7,8,0.8123591542243958,메이크온
persona_7,9,0.7690088748931885,에뛰드
persona_7,10,0.7369609475135803,에뛰드
persona_7,11,0.814740777015686,에뛰드
persona_7,12,0.814740777015686,에뛰드
persona_7,13,0.814740777015686,에뛰드
persona_7,14,0.8145767450332642,에뛰드
persona_7,15,0.7624514698982239,에뛰드
persona_7,16,0.7825689911842346,에뛰드
persona_7,17,0.7409916520118713,에뛰드
persona_7,18,0.7069216370582581,에뛰드
persona_7,19,0.8137871623039246,에뛰드
persona_7,20,0.7567955851554871,에뛰드
persona_7,21,0.7365996837615967,에뛰드
persona_7,22,0.814740777015686,에뛰드
persona_7,23,0.8137871623039246,에뛰드
persona_7,24,0.7636093497276306,에뛰드
persona_7,25,0.7468186616897583,에뛰드
persona_7,26,0.7401506304740906,에뛰드
persona_7,27,0.7229897379875183,에뛰드
persona_7,28,0.7469049692153931,에뛰드
persona_7,29,0.7587094306945801,에뛰드
persona_7,30,0.7439748644828796,에뛰드
persona_7,31,0.7309178709983826,에뛰드
persona_7,32,0.7805594801902771,에뛰드
persona_7,33,0.763037383556366,에뛰드
persona_7,34,0.6915567517280579,에뛰드
persona_7,35,0.8155018091201782,에뛰드
persona_7,36,0.7179890871047974,에뛰드
persona_7,37,0.7306298613548279,에뛰드
persona_7,38,0.7660093307495117,에뛰드
persona_7,39,0.8145767450332642,에뛰드
persona_7,40,0.7254682183265686,에뛰드
persona_7,41,0.7837170362472534,에뛰드
persona_7,42,0.8155018091201782,에뛰드
persona_7,43,0.8145767450332642,에뛰드
persona_7,44,0.8132879734039307,에뛰드
persona_7,45,0.7823597192764282,에뛰드
persona_7,46,0.8137871623039246,에뛰드
persona_7,47,0.7567429542541504,에뛰드
persona_7,48,0.7750473618507385,에뛰드
persona_7,49,0.7397565245628357,에뛰드
persona_7,50,0.8137871623039246,에뛰드
persona_7,51,0.7493933439254761,에뛰드
persona_7,52,0.7068033814430237,에뛰드
persona_7,53,0.7674815058708191,에뛰드
persona_7,54,0.748656153678894,에뛰드
persona_7,55,0.7400038838386536,에뛰드
persona_7,56,0.7367612719535828,에뛰드
persona_7,57,0.7838943600654602,에뛰드
persona_7,58,0.7491572499275208,에뛰드
persona_7,59,0.7825689911842346,에뛰드
persona_7,60,0.7259091734886169,에뛰드
persona_7,61,0.7106397151947021,에뛰드
persona_7,62,0.8137871623039246,에뛰드
persona_7,63,0.7198169827461243,에뛰드
persona_7,64,0.814740777015686,에뛰드
persona_7,65,0.7308443784713745,에뛰드
persona_7,66,0.7851506471633911,에뛰드
persona_7,67,0.721738874912262,에뛰드
persona_7,68,0.7419907450675964,에뛰드
persona_7,69,0.8132879734039307,에뛰드
persona_7,70,0.7778254747390747,에뛰드
persona_7,71,0.7689950466156006,에뛰드
persona_7,72,0.8137871623039246,에뛰드
persona_7,73,0.7838943600654602,에뛰드
persona_7,74,0.7281394004821777,에뛰드
persona_7,75,0.7392248511314392,에뛰드
persona_7,76,0.7514735460281372,에뛰드
persona_7,77,0.7319726347923279,에뛰드
persona_7,78,0.8132879734039307,에뛰드
persona_7,79,0.8132879734039307,에뛰드
persona_7,80,0.7540275454521179,에뛰드
persona_7,81,0.8137871623039246,에뛰드
persona_7,82,0.7513750791549683,에뛰드
persona_7,83,0.7521249651908875,에뛰드
persona_7,84,0.8132879734039307,에뛰드
persona_7,85,0.7778698801994324,에뛰드
persona_7,86,0.7765293717384338,에뛰드
persona_7,87,0.814740777015686,에뛰드
persona_7,88,0.7464520335197449,에뛰드
persona_7,89,0.7587094306945801,에뛰드
persona_7,90,0.705853283405304,에뛰드
persona_7,91,0.7879720330238342,에뛰드
persona_7,92,0.8137871623039246,에뛰드
persona_7,93,0.7420547008514404,에뛰드
persona_7,94,0.7094869613647461,에뛰드
persona_7,95,0.8035804629325867,에뛰드
persona_7,96,0.7628160119056702,에뛰드
persona_7,97,0.7841818332672119,에뛰드
persona_7,98,0.751722514629364,에뛰드
persona_7,99,0.814740777015686,에뛰드
persona_7,100,0.7447836995124817,에뛰드
persona_7,101,0.8132879734039307,에뛰드
persona_7,102,0.7750162482261658,에뛰드
persona_7,103,0.7755001783370972,에뛰드
persona_7,104,0.814740777015686,에뛰드
persona_7,105,0.7841818332672119,에뛰드
persona_7,106,0.7062828540802002,에뛰드
persona_7,107,0.8132879734039307,에뛰드
persona_7,108,0.814740777015686,에뛰드
persona_7,109,0.7275177240371704,에뛰드
persona_7,110,0.7430001497268677,에뛰드
persona_7,111,0.7513750791549683,에뛰드
persona_7,112,0.8155018091201782,에뛰드
persona_7,113,0.7503758072853088,에뛰드
persona_7,114,0.814740777015686,에뛰드
persona_7,115,0.8132879734039307,에뛰드
persona_7,116,0.8137871623039246,에뛰드
persona_7,117,0.814740777015686,에뛰드
persona_7,118,0.8137871623039246,에뛰드
persona_7,119,0.7634170651435852,에뛰드
persona_7,120,0.7787079811096191,에뛰드
persona_7,121,0.707382082939148,에뛰드
persona_7,122,0.8155018091201782,에뛰드
persona_7,123,0.7838943600654602,에뛰드
persona_7,124,0.8155018091201782,에뛰드
persona_7,125,0.8137871623039246,에뛰드
persona_7,126,0.7745758295059204,에뛰드
persona_7,127,0.7837170362472534,에뛰드
persona_7,128,0.8125224709510803,에뛰드
persona_7,129,0.7367612719535828,에뛰드
persona_7,130,0.7446634769439697,에뛰드
persona_7,131,0.8137871623039246,에뛰드
persona_7,132,0.7062828540802002,에뛰드
persona_7,133,0.8132879734039307,에뛰드
persona_7,134,0.8137871623039246,에뛰드
persona_7,135,0.8132879734039307,에뛰드
persona_7,136,0.8132879734039307,에뛰드
persona_7,137,0.8132879734039307,에뛰드
persona_7,138,0.8137871623039246,에뛰드
persona_7,139,0.8155018091201782,에뛰드
persona_7,140,0.814740777015686,에뛰드
persona_7,141,0.8132879734039307,에뛰드
persona_7,142,0.7696517705917358,에뛰드
persona_7,143,0.7672197818756104,에뛰드
persona_7,144,0.7382502555847168,에뛰드
persona_7,145,0.7567955851554871,에뛰드
persona_7,146,0.751722514629364,에뛰드
persona_7,147,0.7077271342277527,에뛰드
persona_7,148,0.7662310004234314,에뛰드
persona_7,149,0.7195559144020081,에뛰드
persona_7,150,0.7281394004821777,에뛰드
persona_7,151,0.7816424369812012,에뛰드
persona_7,152,0.7726258039474487,에스트라
persona_7,153,0.7699230909347534,에스트라
persona_7,154,0.7645071744918823,에스트라
persona_7,155,0.7773287296295166,에스트라
persona_7,156,0.7795179486274719,에스트라
persona_7,157,0.7786475419998169,에스트라
persona_7,158,0.7746270298957825,에스트라
persona_7,159,0.7746270298957825,에스트라
persona_7,160,0.7371209263801575,에스트라
persona_7,161,0.7793680429458618,에스트라
persona_7,162,0.7418712377548218,에스트라
persona_7,163,0.7589059472084045,에스트라
persona_7,164,0.752402663230896,에스트라
persona_7,165,0.747413694858551,에스트라
persona_7,166,0.7253108024597168,에스트라
persona_7,167,0.736446738243103,에스트라
persona_7,168,0.7872393727302551,에스트라
persona_7,169,0.7591357827186584,에스트라
persona_7,170,0.7793680429458618,에스트라
persona_7,171,0.745048463344574,에스트라
persona_7,172,0.7807138562202454,에스트라
persona_7,173,0.7580078840255737,에스트라
persona_7,174,0.7821756601333618,에스트라
persona_7,175,0.7785015106201172,에스트라
persona_7,176,0.7403700947761536,에스트라
persona_7,177,0.7804826498031616,에스트라
persona_7,178,0.7745445966720581,에스트라
persona_7,179,0.7694513201713562,에스트라
persona_7,180,0.7608049511909485,에스트라
persona_7,181,0.7374911904335022,에스트라
persona_7,182,0.7745445966720581,에스트라
persona_7,183,0.7749157547950745,에스트라
persona_7,184,0.7723100185394287,에스트라
persona_7,185,0.7695223093032837,에스트라
persona_7,186,0.7383075952529907,에스트라
persona_7,187,0.7486252784729004,에스트라
persona_7,188,0.8074498176574707,에스트라
persona_7,189,0.732562243938446,에스트라
persona_7,190,0.7504425048828125,에스트라
persona_7,191,0.6932753920555115,에스트라
persona_7,192,0.7862557768821716,에스트라
persona_7,193,0.7567397356033325,에스트라
persona_7,194,0.7801312804222107,에스트라
persona_7,195,0.781241238117218,에스트라
persona_7,196,0.8106653690338135,에스트라
persona_7,197,0.7750847339630127,에스트라
persona_7,198,0.8106653690338135,에스트라
persona_7,199,0.809418261051178,에스트라
persona_7,200,0.8114619851112366,에스트라
persona_7,201,0.7786475419998169,에스트라
persona_7,202,0.809418261051178,에스트라
persona_7,203,0.8106653690338135,에스트라
persona_7,204,0.810167133808136,에스트라
persona_7,205,0.8116167783737183,에스트라
persona_7,206,0.7630184888839722,
persona_7,207,0.7630184888839722,
persona_7,208,0.7630184888839722,
persona_7,209,0.7700003981590271,
persona_7,210,0.7660768032073975,
persona_7,211,0.7684875726699829,
persona_7,212,0.7684875726699829,
persona_7,213,0.7684875726699829,
persona_7,214,0.7660768032073975,
persona_7,215,0.7715238332748413,
persona_7,216,0.7596855759620667,
persona_7,217,0.7708398699760437,
persona_7,218,0.7596855759620667,
persona_7,219,0.7684875726699829,
persona_7,220,0.7700003981590271,
persona_7,221,0.7684875726699829,
persona_7,222,0.7630184888839722,
persona_7,223,0.7630184888839722,
persona_7,224,0.7660768032073975,
persona_7,225,0.7630184888839722,
persona_7,226,0.7630184888839722,
persona_7,227,0.7671943306922913,라보에이치
persona_7,228,0.7836025357246399,라보에이치
persona_7,229,0.7930166125297546,라보에이치
persona_7,230,0.7778276801109314,라보에이치
persona_7,231,0.7930166125297546,라보에이치
persona_7,232,0.769963264465332,라보에이치
persona_7,233,0.8203195333480835,라보에이치
persona_7,234,0.8095985651016235,라보에이치
persona_7,235,0.7665820717811584,라보에이치
persona_7,236,0.7956982254981995,라보에이치
persona_7,237,0.791161298751831,라보에이치
persona_7,238,0.780914843082428,라보에이치
persona_7,239,0.7808717489242554,라보에이치
persona_7,240,0.791161298751831,라보에이치
persona_7,241,0.7709449529647827,라보에이치
persona_7,242,0.7930166125297546,라보에이치
persona_7,243,0.7930166125297546,라보에이치
persona_7,244,0.7157732844352722,라보에이치
persona_7,245,0.8203195333480835,라보에이치
persona_7,246,0.8203195333480835,라보에이치
persona_7,247,0.8193628787994385,라보에이치
persona_7,248,0.749101996421814,라보에이치
persona_7,249,0.8203195333480835,라보에이치
persona_7,250,0.8210771679878235,라보에이치
persona_7,251,0.8210771679878235,라보에이치
persona_7,252,0.8210771679878235,라보에이치
persona_7,253,0.8203195333480835,라보에이치
persona_7,254,0.8203195333480835,라보에이치
persona_7,255,0.8271044492721558,롱테이크
persona_7,256,0.7919262051582336,롱테이크
persona_7,257,0.7893484830856323,롱테이크
persona_7,258,0.8271044492721558,롱테이크
persona_7,259,0.7898008227348328,롱테이크
persona_7,260,0.7858437895774841,롱테이크
persona_7,261,0.7893484830856323,롱테이크
persona_7,262,0.7934205532073975,롱테이크
persona_7,263,0.7893215417861938,롱테이크
persona_7,264,0.7893215417861938,롱테이크
persona_7,265,0.8253887891769409,롱테이크
persona_7,266,0.7546613812446594,롱테이크
persona_7,267,0.826350212097168,롱테이크
persona_7,268,0.826350212097168,롱테이크
persona_7,269,0.8253887891769409,롱테이크
persona_7,270,0.8253887891769409,롱테이크
persona_7,271,0.8253887891769409,롱테이크
persona_7,272,0.8253887891769409,롱테이크
persona_7,273,0.793404757976532,롱테이크
persona_7,274,0.8047423362731934,에스쁘아
persona_7,275,0.7512409090995789,에스쁘아
persona_7,276,0.7829663753509521,에스쁘아
persona_7,277,0.7490526437759399,에스쁘아
persona_7,278,0.7310082912445068,에스쁘아
persona_7,279,0.8348722457885742,에스쁘아
persona_7,280,0.7680431604385376,에스쁘아
persona_7,281,0.7791951894760132,에스쁘아
persona_7,282,0.7355085611343384,에스쁘아
persona_7,283,0.750739574432373,에스쁘아
persona_7,284,0.7476519346237183,에스쁘아
persona_7,285,0.8348722457885742,에스쁘아
persona_7,286,0.8047423362731934,에스쁘아
persona_7,287,0.7528931498527527,에스쁘아
persona_7,288,0.8022791743278503,에스쁘아
persona_7,289,0.8047423362731934,에스쁘아
persona_7,290,0.7512409090995789,에스쁘아
persona_7,291,0.8339094519615173,에스쁘아
persona_7,292,0.8348722457885742,에스쁘아
persona_7,293,0.8348722457885742,에스쁘아
persona_7,294,0.833404004573822,에스쁘아
persona_7,295,0.8055635690689087,에스쁘아
persona_7,296,0.8339094519615173,에스쁘아
persona_7,297,0.8339094519615173,에스쁘아
persona_7,298,0.8047423362731934,에스쁘아
persona_7,299,0.7255493402481079,에스쁘아
persona_7,300,0.7499597668647766,에스쁘아
persona_7,301,0.833404004573822,에스쁘아
persona_7,302,0.8055635690689087,에스쁘아
persona_7,303,0.8002155423164368,에스쁘아
persona_7,304,0.7787166833877563,에스쁘아
persona_7,305,0.833404004573822,에스쁘아
persona_7,306,0.8022791743278503,에스쁘아
persona_7,307,0.7310082912445068,에스쁘아
persona_7,308,0.7476519346237183,에스쁘아
persona_7,309,0.7319332361221313,에스쁘아
persona_7,310,0.833404004573822,에스쁘아
persona_7,311,0.8315944671630859,에스쁘아
persona_7,312,0.8339094519615173,에스쁘아
persona_7,313,0.8049092888832092,에스쁘아
persona_7,314,0.7832843661308289,에스쁘아
persona_7,315,0.7281090021133423,에스쁘아
persona_7,316,0.7481479048728943,에스쁘아
persona_7,317,0.8339094519615173,에스쁘아
persona_7,318,0.769516110420227,에스쁘아
persona_7,319,0.8047423362731934,에스쁘아
persona_7,320,0.833404004573822,에스쁘아
persona_7,321,0.8001781105995178,에스쁘아
persona_7,322,0.821644127368927,에스쁘아
persona_7,323,0.8063125610351562,에스쁘아
persona_7,324,0.8348722457885742,에스쁘아
persona_7,325,0.769516110420227,에스쁘아
persona_7,326,0.7476519346237183,에스쁘아
persona_7,327,0.7313107848167419,에스쁘아
persona_7,328,0.7395738363265991,에스쁘아
persona_7,329,0.7457913756370544,에스쁘아
persona_7,330,0.7307576537132263,에스쁘아
persona_7,331,0.8039366602897644,에스쁘아
persona_7,332,0.7527400255203247,에스쁘아
persona_7,333,0.8339094519615173,에스쁘아
persona_7,334,0.8339094519615173,에스쁘아
persona_7,335,0.764322817325592,에스쁘아
persona_7,336,0.7464049458503723,에스쁘아
persona_7,337,0.8039366602897644,에스쁘아
persona_7,338,0.8116686344146729,에스쁘아
persona_7,339,0.8348722457885742,에스쁘아
persona_7,340,0.8022791743278503,에스쁘아
persona_7,341,0.8022791743278503,에스쁘아
persona_7,342,0.8022791743278503,에스쁘아
persona_7,343,0.8022791743278503,에스쁘아
persona_7,344,0.8022791743278503,에스쁘아
persona_7,345,0.8348722457885742,에스쁘아
persona_7,346,0.8339094519615173,에스쁘아
persona_7,347,0.8356198072433472,에스쁘아
persona_7,348,0.8140553832054138,아모레성수
persona_7,349,0.7847042679786682,아모레성수
persona_7,350,0.8726233243942261,아모레성수
persona_7,351,0.7818417549133301,아모레성수
persona_7,352,0.7828928232192993,아모레성수
persona_7,353,0.7882322072982788,아모레성수
persona_7,354,0.7996963858604431,아모레성수
persona_7,355,0.796825110912323,아모레성수
persona_7,356,0.8173593878746033,아모레성수
persona_7,357,0.8213640451431274,아모레성수
persona_7,358,0.7530973553657532,아모레성수
persona_7,359,0.772871196269989,아모레성수
persona_7,360,0.8077278137207031,아모레성수
persona_7,361,0.811620831489563,아모레성수
persona_7,362,0.8056221604347229,아모레성수
persona_7,363,0.8179246187210083,아모레성수
persona_7,364,0.7381529808044434,미쟝센
persona_7,365,0.7803210616111755,미쟝센
persona_7,366,0.727239727973938,미쟝센
persona_7,367,0.742081880569458,미쟝센
persona_7,368,0.7399155497550964,미쟝센
persona_7,369,0.7722104787826538,미쟝센
persona_7,370,0.7908360362052917,미쟝센
persona_7,371,0.756737232208252,미쟝센
persona_7,372,0.7726142406463623,미쟝센
persona_7,373,0.7864881753921509,미쟝센
persona_7,374,0.7998771667480469,미쟝센
persona_7,375,0.7866620421409607,미쟝센
persona_7,376,0.7691929936408997,미쟝센
persona_7,377,0.752348005771637,미쟝센
persona_7,378,0.7886834740638733,미쟝센
persona_7,379,0.7628255486488342,미쟝센
persona_7,380,0.756737232208252,미쟝센
persona_7,381,0.7794302701950073,미쟝센
persona_7,382,0.7628255486488342,미쟝센
persona_7,383,0.7789109349250793,미쟝센
persona_7,384,0.7839166522026062,미쟝센
persona_7,385,0.8197424411773682,미쟝센
persona_7,386,0.8197424411773682,미쟝센
persona_7,387,0.7377099990844727,미쟝센
persona_7,388,0.8187865018844604,미쟝센
persona_7,389,0.7712767124176025,미쟝센
persona_7,390,0.756737232208252,미쟝센
persona_7,391,0.756737232208252,미쟝센
persona_7,392,0.756737232208252,미쟝센
persona_7,393,0.7710288763046265,미쟝센
persona_7,394,0.8197424411773682,미쟝센
persona_7,395,0.7165341377258301,미쟝센
persona_7,396,0.7602077722549438,미쟝센
persona_7,397,0.8197424411773682,미쟝센
persona_7,398,0.8197424411773682,미쟝센
persona_7,399,0.7907091379165649,미쟝센
persona_7,400,0.752348005771637,미쟝센
persona_7,401,0.7705168724060059,미쟝센
persona_7,402,0.7545987367630005,미쟝센
persona_7,403,0.7885721921920776,미쟝센
persona_7,404,0.7925295829772949,미쟝센
persona_7,405,0.7683351635932922,미쟝센
persona_7,406,0.756737232208252,미쟝센
persona_7,407,0.7159663438796997,미쟝센
persona_7,408,0.722278892993927,미쟝센
persona_7,409,0.8187865018844604,미쟝센
persona_7,410,0.8197424411773682,미쟝센
persona_7,411,0.8187865018844604,미쟝센
persona_7,412,0.8197424411773682,미쟝센
persona_7,413,0.8197424411773682,미쟝센
persona_7,414,0.8197424411773682,미쟝센
persona_7,415,0.8204991817474365,미쟝센
persona_7,416,0.7320827841758728,미쟝센
persona_7,417,0.8204991817474365,미쟝센
persona_7,418,0.8197424411773682,미쟝센
persona_7,419,0.8204991817474365,미쟝센
persona_7,420,0.8204991817474365,미쟝센
persona_7,421,0.8197424411773682,미쟝센
persona_7,422,0.756737232208252,미쟝센
persona_7,423,0.8270271420478821,아모레퍼시픽
persona_7,424,0.8805249333381653,아모레퍼시픽
persona_7,425,0.878563642501831,아모레퍼시픽
persona_7,426,0.8700948357582092,아모레퍼시픽
persona_7,427,0.7530973553657532,아모레퍼시픽
persona_7,428,0.8747748136520386,아모레퍼시픽
persona_7,429,0.878563642501831,아모레퍼시픽
persona_7,430,0.9119316339492798,아모레베이직
persona_7,431,0.9109389781951904,아모레베이직
persona_7,432,0.8805985450744629,아모레베이직
persona_7,433,0.9126099348068237,아모레베이직
persona_7,434,0.8195044994354248,아모레베이직
persona_7,435,0.7907233834266663,아모레베이직
persona_7,436,0.9126099348068237,아모레베이직
persona_7,437,0.9126099348068237,아모레베이직
persona_7,438,0.9109389781951904,아모레베이직
persona_7,439,0.9089574813842773,아모레베이직
persona_7,440,0.9066387414932251,아모레베이직
persona_7,441,0.9126099348068237,아모레베이직
persona_7,442,0.9126099348068237,아모레베이직
persona_7,443,0.8314540386199951,아모레베이직
persona_7,444,0.8119051456451416,한율
persona_7,445,0.7747873663902283,한율
persona_7,446,0.8128572106361389,한율
persona_7,447,0.7793354988098145,한율
persona_7,448,0.8128572106361389,한율
persona_7,449,0.747871458530426,한율
persona_7,450,0.7833864688873291,한율
persona_7,451,0.8128572106361389,한율
persona_7,452,0.8136189579963684,한율
persona_7,453,0.8128572106361389,한율
persona_7,454,0.8119051456451416,한율
persona_7,455,0.7819334268569946,한율
persona_7,456,0.8136189579963684,한율
persona_7,457,0.747871458530426,한율
persona_7,458,0.7793354988098145,한율
persona_7,459,0.7759828567504883,한율
persona_7,460,0.8136189579963684,한율
persona_7,461,0.7861613035202026,한율
persona_7,462,0.8128572106361389,한율
persona_7,463,0.8136189579963684,한율
persona_7,464,0.7654876112937927,한율
persona_7,465,0.8136189579963684,한율
persona_7,466,0.7793354988098145,한율
persona_7,467,0.8128572106361389,한율
persona_7,468,0.7813067436218262,한율
persona_7,469,0.747871458530426,한율
persona_7,470,0.7964643239974976,한율
persona_7,471,0.8128572106361389,한율
persona_7,472,0.8136189579963684,한율
persona_7,473,0.7713975310325623,한율
persona_7,474,0.7884592413902283,한율
persona_7,475,0.7778711318969727,한율
persona_7,476,0.7447702288627625,한율
persona_7,477,0.8136189579963684,한율
persona_7,478,0.8136189579963684,한율
persona_7,479,0.8128572106361389,한율
persona_7,480,0.8136189579963684,한율
persona_7,481,0.7866344451904297,한율
persona_7,482,0.7805852293968201,한율
persona_7,483,0.7798654437065125,한율
persona_7,484,0.7687984108924866,한율
persona_7,485,0.7800408005714417,한율
persona_7,486,0.7713975310325623,한율
persona_7,487,0.7447702288627625,한율
persona_7,488,0.7833864688873291,한율
persona_7,489,0.8128572106361389,한율
persona_7,490,0.770887017250061,한율
persona_7,491,0.8119051456451416,한율
persona_7,492,0.8128572106361389,한율
persona_7,493,0.8136189579963684,한율
persona_7,494,0.8128572106361389,한율
persona_7,495,0.8136189579963684,한율
persona_7,496,0.8136189579963684,한율
persona_7,497,0.8136189579963684,한율
persona_7,498,0.8128572106361389,한율
persona_7,499,0.7342556118965149,해피바스
persona_7,500,0.7302010655403137,해피바스
persona_7,501,0.7670648097991943,해피바스
persona_7,502,0.7508392333984375,해피바스
persona_7,503,0.8003249168395996,해피바스
persona_7,504,0.7721484303474426,해피바스
persona_7,505,0.7979516983032227,해피바스
persona_7,506,0.8251211047172546,해피바스
persona_7,507,0.7456896305084229,해피바스
persona_7,508,0.7965402603149414,해피바스
persona_7,509,0.7754461169242859,해피바스
persona_7,510,0.7210851311683655,해피바스
persona_7,511,0.7301720976829529,해피바스
persona_7,512,0.7721484303474426,해피바스
persona_7,513,0.7347643971443176,해피바스
persona_7,514,0.7492341995239258,해피바스
persona_7,515,0.7979516983032227,해피바스
persona_7,516,0.7301720976829529,해피바스
persona_7,517,0.7627490162849426,해피바스
persona_7,518,0.7599707245826721,해피바스
persona_7,519,0.8003249168395996,해피바스
persona_7,520,0.7302010655403137,해피바스
persona_7,521,0.8241633176803589,해피바스
persona_7,522,0.7301720976829529,해피바스
persona_7,523,0.8258765339851379,해피바스
persona_7,524,0.7599707245826721,해피바스
persona_7,525,0.7321021556854248,해피바스
persona_7,526,0.7301720976829529,해피바스
persona_7,527,0.7318702936172485,해피바스
persona_7,528,0.8258765339851379,해피바스
persona_7,529,0.754449725151062,해피바스
persona_7,530,0.7481204271316528,해피바스
persona_7,531,0.7492341995239258,해피바스
persona_7,532,0.8258765339851379,해피바스
persona_7,533,0.757687509059906,해피바스
persona_7,534,0.7721484303474426,해피바스
persona_7,535,0.770912766456604,해피바스
persona_7,536,0.8258765339851379,해피바스
persona_7,537,0.8258765339851379,해피바스
persona_7,538,0.7599707245826721,해피바스
persona_7,539,0.7950422167778015,해피바스
persona_7,540,0.8258765339851379,해피바스
persona_7,541,0.7509889006614685,해피바스
persona_7,542,0.8258765339851379,해피바스
persona_7,543,0.8258765339851379,해피바스
persona_7,544,0.7950621247291565,해피바스
persona_7,545,0.7810277342796326,해피바스
persona_7,546,0.7599707245826721,해피바스
persona_7,547,0.7495741844177246,해피바스
persona_7,548,0.7614150047302246,해피바스
persona_7,549,0.7893730401992798,해피바스
persona_7,550,0.7893730401992798,해피바스
persona_7,551,0.9126099348068237,온호프
persona_7,552,0.8194782733917236,홀리추얼
persona_7,553,0.7711823582649231,홀리추얼
persona_7,554,0.8194782733917236,홀리추얼
persona_7,555,0.7801152467727661,홀리추얼
persona_7,556,0.7821625471115112,홀리추얼
persona_7,557,0.7875550985336304,홀리추얼
persona_7,558,0.7876732349395752,홀리추얼
persona_7,559,0.78334641456604,홀리추얼
persona_7,560,0.787784993648529,홀리추얼
persona_7,561,0.7794714570045471,홀리추얼
persona_7,562,0.8164740800857544,홀리추얼
persona_7,563,0.8164740800857544,홀리추얼
persona_7,564,0.8185445070266724,홀리추얼
persona_7,565,0.7691957354545593,홀리추얼
persona_7,566,0.7889968156814575,홀리추얼
persona_7,567,0.8070776462554932,홀리추얼
persona_7,568,0.8185445070266724,홀리추얼
persona_7,569,0.8194782733917236,홀리추얼
persona_7,570,0.8187195062637329,홀리추얼
persona_7,571,0.8187195062637329,홀리추얼
persona_7,572,0.7541759014129639,홀리추얼
persona_7,573,0.8412207961082458,
persona_7,574,0.825461745262146,
persona_7,575,0.7819329500198364,
persona_7,576,0.7726691365242004,오딧세이
persona_7,577,0.7757558226585388,오딧세이
persona_7,578,0.8149240016937256,오딧세이
persona_7,579,0.7757558226585388,오딧세이
persona_7,580,0.8139714002609253,오딧세이
persona_7,581,0.7726691365242004,오딧세이
persona_7,582,0.8139714002609253,오딧세이
persona_7,583,0.8149240016937256,오딧세이
persona_7,584,0.8149240016937256,오딧세이
persona_7,585,0.8156845569610596,오딧세이
persona_7,586,0.8156272172927856,프리메라
persona_7,587,0.7844840288162231,프리메라
persona_7,588,0.7546631097793579,프리메라
persona_7,589,0.7826628684997559,프리메라
persona_7,590,0.8156272172927856,프리메라
persona_7,591,0.7849778532981873,프리메라
persona_7,592,0.7627865076065063,프리메라
persona_7,593,0.8046129941940308,프리메라
persona_7,594,0.7320171594619751,프리메라
persona_7,595,0.7116137742996216,프리메라
persona_7,596,0.786399245262146,프리메라
persona_7,597,0.7564668655395508,프리메라
persona_7,598,0.7387754321098328,프리메라
persona_7,599,0.7740400433540344,프리메라
persona_7,600,0.81655353307724,프리메라
persona_7,601,0.8156272172927856,프리메라
persona_7,602,0.7845135927200317,프리메라
persona_7,603,0.786221444606781,프리메라
persona_7,604,0.776024580001831,프리메라
persona_7,605,0.7847398519515991,프리메라
persona_7,606,0.786221444606781,프리메라
persona_7,607,0.7605242133140564,프리메라
persona_7,608,0.7115815877914429,프리메라
persona_7,609,0.7852243185043335,프리메라
persona_7,610,0.8148406147956848,프리메라
persona_7,611,0.7849045991897583,프리메라
persona_7,612,0.7774836421012878,프리메라
persona_7,613,0.7882527112960815,프리메라
persona_7,614,0.7410030961036682,프리메라
persona_7,615,0.7813901305198669,프리메라
persona_7,616,0.7774836421012878,프리메라
persona_7,617,0.7818666100502014,프리메라
persona_7,618,0.7857657670974731,프리메라
persona_7,619,0.7889891862869263,프리메라
persona_7,620,0.7849045991897583,프리메라
persona_7,621,0.7524019479751587,프리메라
persona_7,622,0.7807289958000183,프리메라
persona_7,623,0.8051899671554565,프리메라
persona_7,624,0.7782934904098511,프리메라
persona_7,625,0.8135683536529541,프리메라
persona_7,626,0.7889891862869263,프리메라
persona_7,627,0.7851802706718445,프리메라
persona_7,628,0.7790550589561462,프리메라
persona_7,629,0.7500050663948059,프리메라
persona_7,630,0.7624924778938293,프리메라
persona_7,631,0.7810086607933044,프리메라
persona_7,632,0.7812232971191406,프리메라
persona_7,633,0.7383629679679871,프리메라
persona_7,634,0.7714534997940063,프리메라
persona_7,635,0.7832026481628418,프리메라
persona_7,636,0.7311359643936157,프리메라
persona_7,637,0.7765708565711975,프리메라
persona_7,638,0.7387754321098328,프리메라
persona_7,639,0.7740400433540344,프리메라
persona_7,640,0.7779607772827148,프리메라
persona_7,641,0.8157939314842224,프리메라
persona_7,642,0.8157939314842224,프리메라
persona_7,643,0.7683853507041931,프리메라
persona_7,644,0.7454009056091309,프리메라
persona_7,645,0.7966590523719788,헤라
persona_7,646,0.7907242774963379,헤라
persona_7,647,0.7123132944107056,헤라
persona_7,648,0.7354423403739929,헤라
persona_7,649,0.7520835995674133,헤라
persona_7,650,0.7517136931419373,헤라
persona_7,651,0.7105214595794678,헤라
persona_7,652,0.746552050113678,헤라
persona_7,653,0.746552050113678,헤라
persona_7,654,0.7517136931419373,헤라
persona_7,655,0.7124479413032532,헤라
persona_7,656,0.7124479413032532,헤라
persona_7,657,0.7966590523719788,헤라
persona_7,658,0.8221461176872253,헤라
persona_7,659,0.8221461176872253,헤라
persona_7,660,0.8221461176872253,헤라
persona_7,661,0.7375110387802124,헤라
persona_7,662,0.8212072849273682,헤라
persona_7,663,0.7455988526344299,헤라
persona_7,664,0.7123132944107056,헤라
persona_7,665,0.7915550470352173,헤라
persona_7,666,0.8212072849273682,헤라
persona_7,667,0.7505596876144409,헤라
persona_7,668,0.782904863357544,헤라
persona_7,669,0.7943865656852722,헤라
persona_7,670,0.8191282153129578,헤라
persona_7,671,0.8204340934753418,헤라
persona_7,672,0.8204340934753418,헤라
persona_7,673,0.7793232202529907,헤라
persona_7,674,0.7406615614891052,헤라
persona_7,675,0.8204340934753418,헤라
persona_7,676,0.7758830189704895,헤라
persona_7,677,0.7893038988113403,헤라
persona_7,678,0.7575975656509399,헤라
persona_7,679,0.7905930280685425,헤라
persona_7,680,0.7381529211997986,헤라
persona_7,681,0.7483623027801514,헤라
persona_7,682,0.8204340934753418,헤라
persona_7,683,0.7142893075942993,헤라
persona_7,684,0.7826508283615112,헤라
persona_7,685,0.780003011226654,헤라
persona_7,686,0.7683942317962646,헤라
persona_7,687,0.7354423403739929,헤라
persona_7,688,0.781805694103241,헤라
persona_7,689,0.7915550470352173,헤라
persona_7,690,0.7955161333084106,헤라
persona_7,691,0.7528987526893616,헤라
persona_7,692,0.7567740082740784,헤라
persona_7,693,0.7943543791770935,헤라
persona_7,694,0.715482234954834,헤라
persona_7,695,0.7820016741752625,헤라
persona_7,696,0.8213903903961182,헤라
persona_7,697,0.7802732586860657,헤라
persona_7,698,0.7402967214584351,헤라
persona_7,699,0.7698872089385986,헤라
persona_7,700,0.7669613361358643,헤라
persona_7,701,0.7902261018753052,헤라
persona_7,702,0.7915173172950745,헤라
persona_7,703,0.8221461176872253,헤라
persona_7,704,0.8204340934753418,헤라
persona_7,705,0.7445167899131775,헤라
persona_7,706,0.7319366931915283,헤라
persona_7,707,0.7375587224960327,헤라
persona_7,708,0.7937352061271667,헤라
persona_7,709,0.7460271120071411,헤라
persona_7,710,0.7714465260505676,헤라
persona_7,711,0.7825695872306824,헤라
persona_7,712,0.7524645328521729,헤라
persona_7,713,0.7937352061271667,헤라
persona_7,714,0.7901430726051331,헤라
persona_7,715,0.790368378162384,헤라
persona_7,716,0.7838526964187622,헤라
persona_7,717,0.7758830189704895,헤라
persona_7,718,0.7905930280685425,헤라
persona_7,719,0.7123132944107056,헤라
persona_7,720,0.7764979004859924,헤라
persona_7,721,0.7835390567779541,헤라
persona_7,722,0.7580510973930359,헤라
persona_7,723,0.7937329411506653,헤라
persona_7,724,0.7820081114768982,헤라
persona_7,725,0.7561937570571899,헤라
persona_7,726,0.7893038988113403,헤라
persona_7,727,0.7118974924087524,헤라
persona_7,728,0.7182419896125793,헤라
persona_7,729,0.7470413446426392,헤라
persona_7,730,0.7470413446426392,헤라
persona_7,731,0.8212072849273682,헤라
persona_7,732,0.8212072849273682,헤라
persona_7,733,0.7234500050544739,헤라
persona_7,734,0.7632522583007812,헤라
persona_7,735,0.7565808892250061,헤라
persona_7,736,0.7460087537765503,헤라
persona_7,737,0.7727814316749573,헤라
persona_7,738,0.7390772700309753,비레디
persona_7,739,0.7450891733169556,라네즈
persona_7,740,0.7847200036048889,비레디
persona_7,741,0.7910535931587219,라네즈
persona_7,742,0.76654452085495,비레디
persona_7,743,0.7729630470275879,라네즈
persona_7,744,0.786040723323822,비레디
persona_7,745,0.7924058437347412,라네즈
persona_7,746,0.7144016623497009,비레디
persona_7,747,0.7203134298324585,라네즈
persona_7,748,0.8214199542999268,비레디
persona_7,749,0.8280432820320129,라네즈
persona_7,750,0.7144016623497009,비레디
persona_7,751,0.7203134298324585,라네즈
persona_7,752,0.7872933149337769,비레디
persona_7,753,0.7936477661132812,라네즈
persona_7,754,0.794422447681427,비레디
persona_7,755,0.8008010387420654,라네즈
persona_7,756,0.7612239122390747,비레디
persona_7,757,0.7675291299819946,라네즈
persona_7,758,0.7428233027458191,비레디
persona_7,759,0.748924195766449,라네즈
persona_7,760,0.7720619440078735,비레디
persona_7,761,0.7782131433486938,라네즈
persona_7,762,0.7833486199378967,비레디
persona_7,763,0.7895991206169128,라네즈
persona_7,764,0.820464015007019,비레디
persona_7,765,0.8270836472511292,라네즈
persona_7,766,0.794422447681427,비레디
persona_7,767,0.8008010387420654,라네즈
persona_7,768,0.7376102805137634,비레디
persona_7,769,0.7435472011566162,라네즈
persona_7,770,0.7053836584091187,비레디
persona_7,771,0.7113773822784424,라네즈
persona_7,772,0.7543476819992065,비레디
persona_7,773,0.7604420781135559,라네즈
persona_7,774,0.7428233027458191,비레디
persona_7,775,0.748924195766449,라네즈
persona_7,776,0.7370702624320984,비레디
persona_7,777,0.7430716753005981,라네즈
persona_7,778,0.7370702624320984,비레디
persona_7,779,0.7430716753005981,라네즈
persona_7,780,0.7370702624320984,비레디
persona_7,781,0.7430716753005981,라네즈
persona_7,782,0.820464015007019,비레디
persona_7,783,0.8270836472511292,라네즈
persona_7,784,0.820464015007019,비레디
persona_7,785,0.8270836472511292,라네즈
persona_7,786,0.820464015007019,비레디
persona_7,787,0.8270836472511292,라네즈
persona_7,788,0.820464015007019,비레디
persona_7,789,0.8270836472511292,라네즈
persona_7,790,0.820464015007019,비레디
persona_7,791,0.8270836472511292,라네즈
persona_7,792,0.7915471792221069,비레디
persona_7,793,0.7980470657348633,라네즈
persona_7,794,0.8155791163444519,아이오페
persona_7,795,0.7075434327125549,아이오페
persona_7,796,0.8133554458618164,아이오페
persona_7,797,0.7756456732749939,아이오페
persona_7,798,0.7859672904014587,아이오페
persona_7,799,0.7474697232246399,아이오페
persona_7,800,0.8163403868675232,아이오페
persona_7,801,0.7765393853187561,아이오페
persona_7,802,0.7649297714233398,아이오페
persona_7,803,0.7837020754814148,아이오페
persona_7,804,0.8163403868675232,아이오페
persona_7,805,0.789945125579834,아이오페
persona_7,806,0.8163403868675232,아이오페
persona_7,807,0.7777054905891418,아이오페
persona_7,808,0.6831749677658081,아이오페
persona_7,809,0.7877426147460938,아이오페
persona_7,810,0.6831749677658081,아이오페
persona_7,811,0.7153878808021545,아이오페
persona_7,812,0.7349534630775452,아이오페
persona_7,813,0.789945125579834,아이오페
persona_7,814,0.7837020754814148,아이오페
persona_7,815,0.7991007566452026,아이오페
persona_7,816,0.6941098570823669,아이오페
persona_7,817,0.7826095819473267,아이오페
persona_7,818,0.7804560661315918,아이오페
persona_7,819,0.7305951118469238,아이오페
persona_7,820,0.7877426147460938,아이오페
persona_7,821,0.7679522037506104,아이오페
persona_7,822,0.8028557300567627,아이오페
persona_7,823,0.778372049331665,아이오페
persona_7,824,0.7754736542701721,아이오페
persona_7,825,0.7756456732749939,아이오페
persona_7,826,0.7272559404373169,아이오페
persona_7,827,0.8146254420280457,아이오페
persona_7,828,0.778372049331665,아이오페
persona_7,829,0.785026490688324,아이오페
persona_7,830,0.7818882465362549,아이오페
persona_7,831,0.7459830641746521,아이오페
persona_7,832,0.7455905079841614,아이오페
persona_7,833,0.7850623726844788,아이오페
persona_7,834,0.7306598424911499,아이오페
persona_7,835,0.7438765168190002,아이오페
persona_7,836,0.779209315776825,아이오페
persona_7,837,0.779209315776825,아이오페
persona_7,838,0.744564950466156,아이오페
persona_7,839,0.7517067790031433,아이오페
persona_7,840,0.8155791163444519,아이오페
persona_7,841,0.8146254420280457,아이오페
persona_7,842,0.7818882465362549,아이오페
persona_7,843,0.8146254420280457,아이오페
persona_7,844,0.783180296421051,아이오페
persona_7,845,0.8154134750366211,아이오페
persona_7,846,0.8146254420280457,아이오페
persona_7,847,0.7816659212112427,아이오페
persona_7,848,0.6996985673904419,아이오페
persona_7,849,0.7757049798965454,아이오페
persona_7,850,0.7704704403877258,아이오페
persona_7,851,0.7765393853187561,아이오페
persona_7,852,0.7880535125732422,아이오페
persona_7,853,0.7047367691993713,아이오페
persona_7,854,0.6886945962905884,아이오페
persona_7,855,0.7859672904014587,아이오페
persona_7,856,0.8163403868675232,아이오페
persona_7,857,0.8154134750366211,아이오페
persona_7,858,0.6743350028991699,아이오페
persona_7,859,0.8133554458618164,아이오페
persona_7,860,0.7887892723083496,아이오페
persona_7,861,0.7716268301010132,아이오페
persona_7,862,0.9066387414932251,에이피뷰티
persona_7,863,0.8418617248535156,에이피뷰티
persona_7,864,0.7987240552902222,에이피뷰티
persona_7,865,0.8693953156471252,에이피뷰티
persona_7,866,0.8774603605270386,에이피뷰티
persona_7,867,0.833466649055481,에이피뷰티
persona_7,868,0.8759891390800476,에이피뷰티
persona_7,869,0.8760861754417419,에이피뷰티
persona_7,870,0.8777421116828918,에이피뷰티
persona_7,871,0.9114470481872559,에이피뷰티
persona_7,872,0.8770740032196045,에이피뷰티
persona_7,873,0.8770740032196045,에이피뷰티
persona_7,874,0.8748681545257568,에이피뷰티
persona_7,875,0.8774603605270386,에이피뷰티
persona_7,876,0.8774603605270386,에이피뷰티
persona_7,877,0.9089574813842773,에이피뷰티
persona_7,878,0.7748003005981445,에이피뷰티
persona_7,879,0.9114470481872559,에이피뷰티
persona_7,880,0.8760861754417419,에이피뷰티
persona_7,881,0.8010269999504089,에이피뷰티
persona_7,882,0.87553471326828,에이피뷰티
persona_7,883,0.8817782998085022,에이피뷰티
persona_7,884,0.8817782998085022,에이피뷰티
persona_7,885,0.8755623698234558,에이피뷰티
persona_7,886,0.8652817010879517,에이피뷰티
persona_7,887,0.8594119548797607,에이피뷰티
persona_7,888,0.9126099348068237,에이피뷰티
persona_7,889,0.8468701839447021,에이피뷰티
persona_7,890,0.8468701839447021,에이피뷰티
persona_7,891,0.8468701839447021,에이피뷰티
persona_7,892,0.8774603605270386,에이피뷰티
persona_7,893,0.8805249333381653,에이피뷰티
persona_7,894,0.9089574813842773,에이피뷰티
persona_7,895,0.9066387414932251,에이피뷰티
persona_7,896,0.7990003228187561,에이피뷰티
persona_7,897,0.7644473910331726,에이피뷰티
persona_7,898,0.8755623698234558,에이피뷰티
persona_7,899,0.7814502716064453,일리윤
persona_7,900,0.764225959777832,일리윤
persona_7,901,0.7977026104927063,일리윤
persona_7,902,0.7611700296401978,일리윤
persona_7,903,0.7467145323753357,일리윤
persona_7,904,0.7755358815193176,일리윤
persona_7,905,0.7467145323753357,일리윤
persona_7,906,0.7755358815193176,일리윤
persona_7,907,0.788482129573822,일리윤
persona_7,908,0.7861629724502563,일리윤
persona_7,909,0.7611759305000305,일리윤
persona_7,910,0.781738817691803,일리윤
persona_7,911,0.7896066308021545,일리윤
persona_7,912,0.737043023109436,일리윤
persona_7,913,0.764891505241394,일리윤
persona_7,914,0.7684876918792725,일리윤
persona_7,915,0.7740757465362549,일리윤
persona_7,916,0.8102803230285645,일리윤
persona_7,917,0.7838587760925293,일리윤
persona_7,918,0.7827673554420471,일리윤
persona_7,919,0.7814360857009888,일리윤
persona_7,920,0.7604272365570068,일리윤
persona_7,921,0.7431045770645142,일리윤
persona_7,922,0.7755358815193176,일리윤
persona_7,923,0.7806753516197205,일리윤
persona_7,924,0.7622643709182739,일리윤
persona_7,925,0.7317642569541931,일리윤
persona_7,926,0.7254183292388916,일리윤
persona_7,927,0.7836870551109314,일리윤
persona_7,928,0.7380332350730896,일리윤
persona_7,929,0.775540828704834,일리윤
persona_7,930,0.7590398192405701,일리윤
persona_7,931,0.740699052810669,일리윤
persona_7,932,0.7846627831459045,일리윤
persona_7,933,0.764891505241394,일리윤
persona_7,934,0.7806753516197205,일리윤
persona_7,935,0.764891505241394,일리윤
persona_7,936,0.7838587760925293,일리윤
persona_7,937,0.7846627831459045,일리윤
persona_7,938,0.809330403804779,일리윤
persona_7,939,0.8110443353652954,일리윤
persona_7,940,0.8110443353652954,일리윤
persona_7,941,0.7359596490859985,일리윤
persona_7,942,0.8110443353652954,일리윤
persona_7,943,0.809330403804779,일리윤
persona_7,944,0.8110443353652954,일리윤
persona_7,945,0.809330403804779,일리윤
persona_7,946,0.7806153893470764,일리윤
persona_7,947,0.8088328242301941,일리윤
persona_7,948,0.809330403804779,일리윤
persona_7,949,0.8088328242301941,일리윤
persona_7,950,0.8088328242301941,일리윤
persona_7,951,0.7611700296401978,일리윤
persona_7,952,0.7450854182243347,일리윤
persona_7,953,0.7585881948471069,일리윤
persona_7,954,0.809330403804779,일리윤
persona_7,955,0.7806153893470764,일리윤
persona_7,956,0.7806153893470764,일리윤
persona_7,957,0.8102803230285645,일리윤
persona_7,958,0.809330403804779,일리윤
persona_7,959,0.7799717783927917,일리윤
persona_7,960,0.7266310453414917,일리윤
persona_7,961,0.7444385886192322,일리윤
persona_7,962,0.783749520778656,일리윤
persona_7,963,0.8318098783493042,이니스프리
persona_7,964,0.8016067147254944,이니스프리
persona_7,965,0.7681930661201477,이니스프리
persona_7,966,0.8040571808815002,이니스프리
persona_7,967,0.8296819925308228,이니스프리
persona_7,968,0.7989097833633423,이니스프리
persona_7,969,0.8320237398147583,이니스프리
persona_7,970,0.8320237398147583,이니스프리
persona_7,971,0.8296819925308228,이니스프리
persona_7,972,0.801598072052002,이니스프리
persona_7,973,0.7450432777404785,이니스프리
persona_7,974,0.7876409292221069,이니스프리
persona_7,975,0.7864497900009155,이니스프리
persona_7,976,0.7557026743888855,이니스프리
persona_7,977,0.7936771512031555,이니스프리
persona_7,978,0.7657679915428162,이니스프리
persona_7,979,0.7450432777404785,이니스프리
persona_7,980,0.8320237398147583,이니스프리
persona_7,981,0.8044754266738892,이니스프리
persona_7,982,0.7681930661201477,이니스프리
persona_7,983,0.7573614120483398,이니스프리
persona_7,984,0.8318098783493042,이니스프리
persona_7,985,0.7989123463630676,이니스프리
persona_7,986,0.83277428150177,이니스프리
persona_7,987,0.7541435956954956,이니스프리
persona_7,988,0.7919010519981384,이니스프리
persona_7,989,0.8310617804527283,이니스프리
persona_7,990,0.7946796417236328,이니스프리
persona_7,991,0.7642459273338318,이니스프리
persona_7,992,0.8296819925308228,이니스프리
persona_7,993,0.7940849661827087,이니스프리
persona_7,994,0.7767910361289978,이니스프리
persona_7,995,0.7835116982460022,이니스프리
persona_7,996,0.8296819925308228,이니스프리
persona_7,997,0.7954217791557312,이니스프리
persona_7,998,0.800536572933197,이니스프리
persona_7,999,0.7260981798171997,이니스프리
persona_7,1000,0.7691643834114075,이니스프리
persona_7,1001,0.7450432777404785,이니스프리
persona_7,1002,0.7557026743888855,이니스프리
persona_7,1003,0.7989123463630676,이니스프리
persona_7,1004,0.8044754266738892,이니스프리
persona_7,1005,0.8320237398147583,이니스프리
persona_7,1006,0.7640278339385986,이니스프리
persona_7,1007,0.7767910361289978,이니스프리
persona_7,1008,0.7671939730644226,이니스프리
persona_7,1009,0.7971770763397217,이니스프리
persona_7,1010,0.7973739504814148,이니스프리
persona_7,1011,0.8056475520133972,이니스프리
persona_7,1012,0.7945142984390259,이니스프리
persona_7,1013,0.7989097833633423,이니스프리
persona_7,1014,0.7694904208183289,이니스프리
persona_7,1015,0.780544102191925,이니스프리
persona_7,1016,0.7954217791557312,이니스프리
persona_7,1017,0.780544102191925,이니스프리
persona_7,1018,0.780544102191925,이니스프리
persona_7,1019,0.795869767665863,이니스프리
persona_7,1020,0.8021557331085205,이니스프리
persona_7,1021,0.8204432129859924,이니스프리
persona_7,1022,0.8035549521446228,이니스프리
persona_7,1023,0.7859009504318237,이니스프리
persona_7,1024,0.8044754266738892,이니스프리
persona_7,1025,0.7760015726089478,이니스프리
persona_7,1026,0.83277428150177,이니스프리
persona_7,1027,0.8200620412826538,이니스프리
persona_7,1028,0.7791453003883362,이니스프리
persona_7,1029,0.8056475520133972,이니스프리
persona_7,1030,0.7952312231063843,이니스프리
persona_7,1031,0.7982181310653687,이니스프리
persona_7,1032,0.8035549521446228,이니스프리
persona_7,1033,0.7973739504814148,이니스프리
persona_7,1034,0.8008022308349609,이니스프리
persona_7,1035,0.7695755362510681,이니스프리
persona_7,1036,0.728175163269043,이니스프리
persona_7,1037,0.8044754266738892,이니스프리
persona_7,1038,0.7591629028320312,이니스프리
persona_7,1039,0.8204432129859924,이니스프리
persona_7,1040,0.8037168383598328,이니스프리
persona_7,1041,0.7887088060379028,이니스프리
persona_7,1042,0.8013814091682434,이니스프리
persona_7,1043,0.7833808064460754,이니스프리
persona_7,1044,0.8204432129859924,이니스프리
persona_7,1045,0.8088685274124146,이니스프리
persona_7,1046,0.7279633283615112,이니스프리
persona_7,1047,0.7541435956954956,이니스프리
persona_7,1048,0.8037168383598328,이니스프리
persona_7,1049,0.7994932532310486,이니스프리
persona_7,1050,0.769676685333252,이니스프리
persona_7,1051,0.780093252658844,이니스프리
persona_7,1052,0.7833808064460754,이니스프리
persona_7,1053,0.8204432129859924,이니스프리
persona_7,1054,0.7987470626831055,이니스프리
persona_7,1055,0.7657679915428162,이니스프리
persona_7,1056,0.8035549521446228,이니스프리
persona_7,1057,0.8296819925308228,이니스프리
persona_7,1058,0.8013814091682434,이니스프리
persona_7,1059,0.7559996843338013,이니스프리
persona_7,1060,0.7952312231063843,이니스프리
persona_7,1061,0.8013814091682434,이니스프리
persona_7,1062,0.7557026743888855,이니스프리
persona_7,1063,0.7708120942115784,이니스프리
persona_7,1064,0.8046015501022339,이니스프리
persona_7,1065,0.7973739504814148,이니스프리
persona_7,1066,0.800536572933197,이니스프리
persona_7,1067,0.800536572933197,이니스프리
persona_7,1068,0.7670388221740723,이니스프리
persona_7,1069,0.7935841083526611,이니스프리
persona_7,1070,0.728175163269043,이니스프리
persona_7,1071,0.7266747355461121,이니스프리
persona_7,1072,0.8037168383598328,이니스프리
persona_7,1073,0.7235873341560364,이니스프리
persona_7,1074,0.7589325308799744,이니스프리
persona_7,1075,0.7990359663963318,이니스프리
persona_7,1076,0.7566459774971008,이니스프리
persona_7,1077,0.8088685274124146,이니스프리
persona_7,1078,0.8188619017601013,이니스프리
persona_7,1079,0.7791453003883362,이니스프리
persona_7,1080,0.7973739504814148,이니스프리
persona_7,1081,0.769676685333252,이니스프리
persona_7,1082,0.7812824845314026,이니스프리
persona_7,1083,0.7752125859260559,이니스프리
persona_7,1084,0.7691254019737244,이니스프리
persona_7,1085,0.7994932532310486,이니스프리
persona_7,1086,0.7767910361289978,이니스프리
persona_7,1087,0.83277428150177,이니스프리
persona_7,1088,0.8046015501022339,이니스프리
persona_7,1089,0.7973739504814148,이니스프리
persona_7,1090,0.8044754266738892,이니스프리
persona_7,1091,0.7410687208175659,이니스프리
persona_7,1092,0.801598072052002,이니스프리
persona_7,1093,0.7232012152671814,이니스프리
persona_7,1094,0.7681930661201477,이니스프리
persona_7,1095,0.7711317539215088,이니스프리
persona_7,1096,0.7973739504814148,이니스프리
persona_7,1097,0.780544102191925,이니스프리
persona_7,1098,0.7812824845314026,이니스프리
persona_7,1099,0.728175163269043,이니스프리
persona_7,1100,0.7966444492340088,이니스프리
persona_7,1101,0.7213367819786072,이니스프리
persona_7,1102,0.7557026743888855,이니스프리
persona_7,1103,0.748957633972168,이니스프리
persona_7,1104,0.8033744096755981,이니스프리
persona_7,1105,0.8016067147254944,이니스프리
persona_7,1106,0.7812824845314026,이니스프리
persona_7,1107,0.791828989982605,이니스프리
persona_7,1108,0.77962327003479,이니스프리
persona_7,1109,0.7633665800094604,이니스프리
persona_7,1110,0.7516433000564575,이니스프리
persona_7,1111,0.8088685274124146,이니스프리
persona_7,1112,0.795869767665863,이니스프리
persona_7,1113,0.7925735116004944,이니스프리
persona_7,1114,0.801598072052002,이니스프리
persona_7,1115,0.7833808064460754,이니스프리
persona_7,1116,0.7683113217353821,이니스프리
persona_7,1117,0.8318098783493042,이니스프리
persona_7,1118,0.7327969670295715,이니스프리
persona_7,1119,0.766424834728241,이니스프리
persona_7,1120,0.7279633283615112,이니스프리
persona_7,1121,0.8210355639457703,이니스프리
persona_7,1122,0.7851194739341736,이니스프리
persona_7,1123,0.7994932532310486,이니스프리
persona_7,1124,0.8044754266738892,이니스프리
persona_7,1125,0.83277428150177,이니스프리
persona_7,1126,0.8320237398147583,이니스프리
persona_7,1127,0.7994932532310486,이니스프리
persona_7,1128,0.7906500101089478,이니스프리
persona_7,1129,0.8310617804527283,이니스프리
persona_7,1130,0.8013930320739746,이니스프리
persona_7,1131,0.7940849661827087,이니스프리
persona_7,1132,0.8016067147254944,이니스프리
persona_7,1133,0.8016067147254944,이니스프리
persona_7,1134,0.8044754266738892,이니스프리
persona_7,1135,0.8100787401199341,이니스프리
persona_7,1136,0.731642484664917,이니스프리
persona_7,1137,0.7628552317619324,이니스프리
persona_7,1138,0.8310617804527283,이니스프리
persona_7,1139,0.8002455830574036,이니스프리
persona_7,1140,0.8044754266738892,이니스프리
persona_7,1141,0.7708120942115784,이니스프리
persona_7,1142,0.8044754266738892,이니스프리
persona_7,1143,0.7627413272857666,이니스프리
persona_7,1144,0.8044754266738892,이니스프리
persona_7,1145,0.7524552941322327,메디안
persona_7,1146,0.817525327205658,메디안
persona_7,1147,0.8165701031684875,메디안
persona_7,1148,0.7356973886489868,메디안
persona_7,1149,0.8165701031684875,메디안
persona_7,1150,0.8165701031684875,메디안
persona_7,1151,0.8182836174964905,메디안
persona_7,1152,0.817525327205658,메디안
persona_7,1153,0.8165701031684875,메디안
persona_7,1154,0.8160691261291504,메디안
persona_7,1155,0.817525327205658,메디안
persona_7,1156,0.7364058494567871,메디안
persona_7,1157,0.8165701031684875,메디안
persona_7,1158,0.8165701031684875,메디안
persona_7,1159,0.8165701031684875,메디안
persona_7,1160,0.8165701031684875,메디안
persona_7,1161,0.6750938892364502,메디안
persona_7,1162,0.817525327205658,메디안
persona_7,1163,0.655149519443512,메디안
persona_7,1164,0.8165701031684875,메디안
persona_7,1165,0.8165701031684875,메디안
persona_7,1166,0.8173537850379944,메디안
persona_7,1167,0.817525327205658,메디안
persona_7,1168,0.817525327205658,메디안
persona_7,1169,0.817525327205658,메디안
persona_7,1170,0.655149519443512,메디안
persona_7,1171,0.6685641407966614,메디안
persona_7,1172,0.817525327205658,메디안
persona_7,1173,0.7641449570655823,메디안
persona_7,1174,0.817525327205658,메디안
persona_7,1175,0.8182836174964905,메디안
persona_7,1176,0.7953432202339172,메디안
persona_7,1177,0.7390772700309753,비레디
persona_7,1178,0.7450891733169556,라네즈
persona_7,1179,0.7847200036048889,비레디
persona_7,1180,0.7910535931587219,라네즈
persona_7,1181,0.76654452085495,비레디
persona_7,1182,0.7729630470275879,라네즈
persona_7,1183,0.786040723323822,비레디
persona_7,1184,0.7924058437347412,라네즈
persona_7,1185,0.7144016623497009,비레디
persona_7,1186,0.7203134298324585,라네즈
persona_7,1187,0.8214199542999268,비레디
persona_7,1188,0.8280432820320129,라네즈
persona_7,1189,0.7144016623497009,비레디
persona_7,1190,0.7203134298324585,라네즈
persona_7,1191,0.7872933149337769,비레디
persona_7,1192,0.7936477661132812,라네즈
persona_7,1193,0.794422447681427,비레디
persona_7,1194,0.8008010387420654,라네즈
persona_7,1195,0.7612239122390747,비레디
persona_7,1196,0.7675291299819946,라네즈
persona_7,1197,0.7428233027458191,비레디
persona_7,1198,0.748924195766449,라네즈
persona_7,1199,0.7720619440078735,비레디
persona_7,1200,0.7782131433486938,라네즈
persona_7,1201,0.7833486199378967,비레디
persona_7,1202,0.7895991206169128,라네즈
persona_7,1203,0.820464015007019,비레디
persona_7,1204,0.8270836472511292,라네즈
persona_7,1205,0.794422447681427,비레디
persona_7,1206,0.8008010387420654,라네즈
persona_7,1207,0.7376102805137634,비레디
persona_7,1208,0.7435472011566162,라네즈
persona_7,1209,0.7053836584091187,비레디
persona_7,1210,0.7113773822784424,라네즈
persona_7,1211,0.7543476819992065,비레디
persona_7,1212,0.7604420781135559,라네즈
persona_7,1213,0.7428233027458191,비레디
persona_7,1214,0.748924195766449,라네즈
persona_7,1215,0.7370702624320984,비레디
persona_7,1216,0.7430716753005981,라네즈
persona_7,1217,0.7370702624320984,비레디
persona_7,1218,0.7430716753005981,라네즈
persona_7,1219,0.7370702624320984,비레디
persona_7,1220,0.7430716753005981,라네즈
persona_7,1221,0.820464015007019,비레디
persona_7,1222,0.8270836472511292,라네즈
persona_7,1223,0.820464015007019,비레디
persona_7,1224,0.8270836472511292,라네즈
persona_7,1225,0.820464015007019,비레디
persona_7,1226,0.8270836472511292,라네즈
persona_7,1227,0.820464015007019,비레디
persona_7,1228,0.8270836472511292,라네즈
persona_7,1229,0.820464015007019,비레디
persona_7,1230,0.8270836472511292,라네즈
persona_7,1231,0.7915471792221069,비레디
persona_7,1232,0.7980470657348633,라네즈
persona_7,1233,0.9089574813842773,퍼즐우드
persona_7,1234,0.9109389781951904,퍼즐우드
persona_7,1235,0.9126099348068237,퍼즐우드
persona_7,1236,0.9109389781951904,퍼즐우드
persona_7,1237,0.9109389781951904,퍼즐우드
persona_7,1238,0.9104165434837341,퍼즐우드
persona_7,1239,0.9083535075187683,퍼즐우드
persona_7,1240,0.9109389781951904,퍼즐우드
persona_7,1241,0.9104165434837341,퍼즐우드
persona_7,1242,0.9104165434837341,퍼즐우드
persona_7,1243,0.9104165434837341,퍼즐우드
persona_7,1244,0.9104165434837341,퍼즐우드
persona_7,1245,0.9104165434837341,퍼즐우드
persona_7,1246,0.7973076701164246,퍼즐우드
persona_7,1247,0.9104165434837341,퍼즐우드
persona_7,1248,0.9083535075187683,퍼즐우드
persona_7,1249,0.9083535075187683,퍼즐우드
persona_7,1250,0.9083535075187683,퍼즐우드
persona_7,1251,0.9109389781951904,퍼즐우드
persona_7,1252,0.9104165434837341,퍼즐우드
persona_7,1253,0.9104165434837341,퍼즐우드
persona_7,1254,0.9126099348068237,퍼즐우드
persona_7,1255,0.9104165434837341,퍼즐우드
persona_7,1256,0.9109389781951904,퍼즐우드
persona_7,1257,0.9104165434837341,퍼즐우드
persona_7,1258,0.9083535075187683,퍼즐우드
persona_7,1259,0.9104165434837341,퍼즐우드
persona_7,1260,0.9104165434837341,퍼즐우드
persona_7,1261,0.9104165434837341,퍼즐우드
persona_7,1262,0.9104165434837341,퍼즐우드
persona_7,1263,0.9104165434837341,퍼즐우드
persona_7,1264,0.9104165434837341,퍼즐우드
persona_7,1265,0.9104165434837341,퍼즐우드
persona_7,1266,0.9083535075187683,퍼즐우드
persona_7,1267,0.7916074395179749,퍼즐우드
persona_7,1268,0.9104165434837341,퍼즐우드
persona_7,1269,0.9104165434837341,퍼즐우드
persona_7,1270,0.9109389781951904,퍼즐우드
persona_7,1271,0.9126099348068237,퍼즐우드
persona_7,1272,0.9104165434837341,퍼즐우드
persona_7,1273,0.8391849994659424,퍼즐우드
persona_7,1274,0.7979902029037476,퍼즐우드
persona_7,1275,0.9104165434837341,퍼즐우드
persona_7,1276,0.9104165434837341,퍼즐우드
persona_7,1277,0.9104165434837341,퍼즐우드
persona_7,1278,0.9104165434837341,퍼즐우드
persona_7,1279,0.9109389781951904,퍼즐우드
persona_7,1280,0.9104165434837341,퍼즐우드
persona_7,1281,0.9104165434837341,퍼즐우드
persona_7,1282,0.9109389781951904,퍼즐우드
persona_7,1283,0.9109389781951904,퍼즐우드
persona_7,1284,0.9104165434837341,퍼즐우드
persona_7,1285,0.9109389781951904,퍼즐우드
persona_7,1286,0.9109389781951904,퍼즐우드
persona_7,1287,0.9109389781951904,퍼즐우드
persona_7,1288,0.9104165434837341,퍼즐우드
persona_7,1289,0.9104165434837341,퍼즐우드
persona_7,1290,0.9104165434837341,퍼즐우드
persona_7,1291,0.9104165434837341,퍼즐우드
persona_7,1292,0.9119316339492798,퍼즐우드
persona_7,1293,0.9109389781951904,퍼즐우드
persona_7,1294,0.9109389781951904,퍼즐우드
persona_7,1295,0.9104165434837341,퍼즐우드
persona_7,1296,0.9104165434837341,퍼즐우드
persona_7,1297,0.834596574306488,퍼즐우드
persona_7,1298,0.7856279015541077,마몽드
persona_7,1299,0.7577199935913086,마몽드
persona_7,1300,0.7841280698776245,마몽드
persona_7,1301,0.8226360082626343,마몽드
persona_7,1302,0.7593148946762085,마몽드
persona_7,1303,0.7955341935157776,마몽드
persona_7,1304,0.8224498629570007,마몽드
persona_7,1305,0.7885513305664062,마몽드
persona_7,1306,0.797885537147522,마몽드
persona_7,1307,0.800616443157196,마몽드
persona_7,1308,0.7938493490219116,마몽드
persona_7,1309,0.7219759225845337,마몽드
persona_7,1310,0.744644045829773,마몽드
persona_7,1311,0.7885513305664062,마몽드
persona_7,1312,0.7593148946762085,마몽드
persona_7,1313,0.7892377972602844,마몽드
persona_7,1314,0.7593148946762085,마몽드
persona_7,1315,0.7829901576042175,마몽드
persona_7,1316,0.7587006688117981,마몽드
persona_7,1317,0.7955341935157776,마몽드
persona_7,1318,0.783866822719574,마몽드
persona_7,1319,0.8226360082626343,마몽드
persona_7,1320,0.797885537147522,마몽드
persona_7,1321,0.782249391078949,마몽드
persona_7,1322,0.7927234172821045,마몽드
persona_7,1323,0.7956028580665588,마몽드
persona_7,1324,0.7860276103019714,마몽드
persona_7,1325,0.7925705313682556,마몽드
persona_7,1326,0.7966967225074768,마몽드
persona_7,1327,0.797885537147522,마몽드
persona_7,1328,0.7955341935157776,마몽드
persona_7,1329,0.7829657793045044,마몽드
persona_7,1330,0.823392927646637,마몽드
persona_7,1331,0.7165230512619019,마몽드
persona_7,1332,0.7860276103019714,마몽드
persona_7,1333,0.8194045424461365,마몽드
persona_7,1334,0.8194045424461365,마몽드
persona_7,1335,0.7682033777236938,마몽드
persona_7,1336,0.7933781147003174,마몽드
persona_7,1337,0.8194045424461365,마몽드
persona_7,1338,0.7955865263938904,마몽드
persona_7,1339,0.7831005454063416,마몽드
persona_7,1340,0.7869656085968018,마몽드
persona_7,1341,0.8226360082626343,마몽드
persona_7,1342,0.7682033777236938,마몽드
persona_7,1343,0.7406861782073975,마몽드
persona_7,1344,0.8226360082626343,마몽드
persona_7,1345,0.7678297162055969,마몽드
persona_7,1346,0.7348176836967468,마몽드
persona_7,1347,0.7334069013595581,마몽드
persona_7,1348,0.8226360082626343,마몽드
persona_7,1349,0.823392927646637,마몽드
persona_7,1350,0.823392927646637,마몽드
persona_7,1351,0.8226360082626343,마몽드
persona_7,1352,0.8216798901557922,마몽드
persona_7,1353,0.8216798901557922,마몽드
persona_7,1354,0.8216798901557922,마몽드
persona_7,1355,0.8226360082626343,마몽드
persona_7,1356,0.8226360082626343,마몽드
persona_7,1357,0.7944872379302979,마몽드
persona_7,1358,0.8226360082626343,마몽드
persona_7,1359,0.823392927646637,마몽드
persona_7,1360,0.823392927646637,마몽드
persona_7,1361,0.8226360082626343,마몽드
persona_7,1362,0.8226360082626343,마몽드
persona_7,1363,0.7955341935157776,마몽드
persona_7,1364,0.7017641663551331,오설록
persona_7,1365,0.6948628425598145,오설록
persona_7,1366,0.6873427629470825,오설록
persona_7,1367,0.6961260437965393,오설록
persona_7,1368,0.7017641663551331,오설록
persona_7,1369,0.7094961404800415,오설록
persona_7,1370,0.6961260437965393,오설록
persona_7,1371,0.6929421424865723,오설록
persona_7,1372,0.6873427629470825,오설록
persona_7,1373,0.7236465811729431,오설록
persona_7,1374,0.6961260437965393,오설록
persona_7,1375,0.7065449357032776,오설록
persona_7,1376,0.7236465811729431,오설록
persona_7,1377,0.7094961404800415,오설록
persona_7,1378,0.7209071516990662,오설록
persona_7,1379,0.6948628425598145,오설록
persona_7,1380,0.6948628425598145,오설록
persona_7,1381,0.7047125101089478,오설록
persona_7,1382,0.7236465811729431,오설록
persona_7,1383,0.7236465811729431,오설록
persona_7,1384,0.7236465811729431,오설록
persona_7,1385,0.7022812962532043,오설록
persona_7,1386,0.6948628425598145,오설록
persona_7,1387,0.6831598281860352,오설록
persona_7,1388,0.6948628425598145,오설록
persona_7,1389,0.7126680612564087,오설록
persona_7,1390,0.7126680612564087,오설록
persona_7,1391,0.6948628425598145,오설록
persona_7,1392,0.7236465811729431,오설록
persona_7,1393,0.7127741575241089,오설록
persona_7,1394,0.7236465811729431,오설록
persona_7,1395,0.7095979452133179,오설록
persona_7,1396,0.6873427629470825,오설록
persona_7,1397,0.7236465811729431,오설록
persona_7,1398,0.7047125101089478,오설록
persona_7,1399,0.6929421424865723,오설록
persona_7,1400,0.7236465811729431,오설록
persona_7,1401,0.697597861289978,오설록
persona_7,1402,0.7236465811729431,오설록
persona_7,1403,0.6858676671981812,오설록
persona_7,1404,0.6858676671981812,오설록
persona_7,1405,0.7236465811729431,오설록
persona_7,1406,0.7126680612564087,오설록
persona_7,1407,0.7127741575241089,오설록
persona_7,1408,0.697597861289978,오설록
persona_7,1409,0.697597861289978,오설록
persona_7,1410,0.7126680612564087,오설록
persona_7,1411,0.7236465811729431,오설록
persona_7,1412,0.685884952545166,오설록
persona_7,1413,0.7130802869796753,오설록
persona_7,1414,0.7236465811729431,오설록
persona_7,1415,0.697597861289978,오설록
persona_7,1416,0.7236465811729431,오설록
persona_7,1417,0.6948628425598145,오설록
persona_7,1418,0.7126680612564087,오설록
persona_7,1419,0.7236465811729431,오설록
persona_7,1420,0.7126680612564087,오설록
persona_7,1421,0.7046998739242554,오설록
persona_7,1422,0.7127741575241089,오설록
persona_7,1423,0.6858676671981812,오설록
persona_7,1424,0.7126680612564087,오설록
persona_7,1425,0.7065449357032776,오설록
persona_7,1426,0.7280697822570801,오설록
persona_7,1427,0.7280697822570801,오설록
persona_7,1428,0.7236465811729431,오설록
persona_7,1429,0.7236465811729431,오설록
persona_7,1430,0.6921064853668213,오설록
persona_7,1431,0.6873427629470825,오설록
persona_7,1432,0.697597861289978,오설록
persona_7,1433,0.6929421424865723,오설록
persona_7,1434,0.6763466596603394,오설록
persona_7,1435,0.6929421424865723,오설록
persona_7,1436,0.697597861289978,오설록
persona_7,1437,0.697597861289978,오설록
persona_7,1438,0.7280697822570801,오설록
persona_7,1439,0.697597861289978,오설록
persona_7,1440,0.6929421424865723,오설록
persona_7,1441,0.6929421424865723,오설록
persona_7,1442,0.697597861289978,오설록
persona_7,1443,0.697597861289978,오설록
persona_7,1444,0.7236465811729431,오설록
persona_7,1445,0.7126680612564087,오설록
persona_7,1446,0.697597861289978,오설록
persona_7,1447,0.6929421424865723,오설록
persona_7,1448,0.7126680612564087,오설록
persona_7,1449,0.697597861289978,오설록
persona_7,1450,0.7126680612564087,오설록
persona_7,1451,0.7126680612564087,오설록
persona_7,1452,0.7126680612564087,오설록
persona_7,1453,0.6929421424865723,오설록
persona_7,1454,0.7079456448554993,오설록
persona_7,1455,0.697597861289978,오설록
persona_7,1456,0.697597861289978,오설록
persona_7,1457,0.6948628425598145,오설록
persona_7,1458,0.7018858790397644,오설록
persona_7,1459,0.7042014002799988,오설록
persona_7,1460,0.7386962175369263,오설록
persona_7,1461,0.7236465811729431,오설록
persona_7,1462,0.6873427629470825,오설록
persona_7,1463,0.6948628425598145,오설록
persona_7,1464,0.6948628425598145,오설록
persona_7,1465,0.6948628425598145,오설록
persona_7,1466,0.6831598281860352,오설록
persona_7,1467,0.6947571039199829,오설록
persona_7,1468,0.6831598281860352,오설록
persona_7,1469,0.7743025422096252,려
persona_7,1470,0.7804155945777893,려
persona_7,1471,0.7401720285415649,려
persona_7,1472,0.7100943326950073,려
persona_7,1473,0.7830104231834412,려
persona_7,1474,0.7331111431121826,려
persona_7,1475,0.7892574071884155,려
persona_7,1476,0.7669360637664795,려
persona_7,1477,0.7830104231834412,려
persona_7,1478,0.7925054430961609,려
persona_7,1479,0.7706443071365356,려
persona_7,1480,0.7830104231834412,려
persona_7,1481,0.7951513528823853,려
persona_7,1482,0.8048969507217407,려
persona_7,1483,0.7822462916374207,려
persona_7,1484,0.7893503904342651,려
persona_7,1485,0.786336362361908,려
persona_7,1486,0.7823503017425537,려
persona_7,1487,0.8160889744758606,려
persona_7,1488,0.816849410533905,려
persona_7,1489,0.8160889744758606,려
persona_7,1490,0.816849410533905,려
persona_7,1491,0.7923496961593628,려
persona_7,1492,0.8160889744758606,려
persona_7,1493,0.8160889744758606,려
persona_7,1494,0.7871452569961548,려
persona_7,1495,0.816849410533905,려
persona_7,1496,0.816849410533905,려
persona_7,1497,0.816849410533905,려
persona_7,1498,0.816849410533905,려
persona_7,1499,0.816849410533905,려
persona_7,1500,0.816849410533905,려
persona_7,1501,0.7365030646324158,려
persona_7,1502,0.8099681735038757,설화수
persona_7,1503,0.7716802954673767,설화수
persona_7,1504,0.8099681735038757,설화수
persona_7,1505,0.769494354724884,설화수
persona_7,1506,0.7716802954673767,설화수
persona_7,1507,0.810466468334198,설화수
persona_7,1508,0.769494354724884,설화수
persona_7,1509,0.8099681735038757,설화수
persona_7,1510,0.7704133987426758,설화수
persona_7,1511,0.671623170375824,설화수
persona_7,1512,0.7433931231498718,설화수
persona_7,1513,0.8099681735038757,설화수
persona_7,1514,0.7744324803352356,설화수
persona_7,1515,0.7863333225250244,설화수
persona_7,1516,0.764312207698822,설화수
persona_7,1517,0.748248815536499,설화수
persona_7,1518,0.7060867547988892,설화수
persona_7,1519,0.781700849533081,설화수
persona_7,1520,0.764312207698822,설화수
persona_7,1521,0.7033098340034485,설화수
persona_7,1522,0.8099681735038757,설화수
persona_7,1523,0.769494354724884,설화수
persona_7,1524,0.8099681735038757,설화수
persona_7,1525,0.7257838845252991,설화수
persona_7,1526,0.7863333225250244,설화수
persona_7,1527,0.810466468334198,설화수
persona_7,1528,0.810466468334198,설화수
persona_7,1529,0.7863333225250244,설화수
persona_7,1530,0.7824962139129639,설화수
persona_7,1531,0.7819802165031433,설화수
persona_7,1532,0.7404581308364868,설화수
persona_7,1533,0.7786369323730469,설화수
persona_7,1534,0.7423243522644043,설화수
persona_7,1535,0.7312474846839905,설화수
persona_7,1536,0.8099681735038757,설화수
persona_7,1537,0.7757418155670166,설화수
persona_7,1538,0.764312207698822,설화수
persona_7,1539,0.7725238800048828,설화수
persona_7,1540,0.8099681735038757,설화수
persona_7,1541,0.7549194693565369,설화수
persona_7,1542,0.7368671894073486,설화수
persona_7,1543,0.7863333225250244,설화수
persona_7,1544,0.7328610420227051,설화수
persona_7,1545,0.7650566101074219,설화수
persona_7,1546,0.7786369323730469,설화수
persona_7,1547,0.781700849533081,설화수
persona_7,1548,0.7353041172027588,설화수
persona_7,1549,0.7404581308364868,설화수
persona_7,1550,0.671623170375824,설화수
persona_7,1551,0.7786369323730469,설화수
persona_7,1552,0.7803730964660645,설화수
persona_7,1553,0.7424600124359131,설화수
persona_7,1554,0.8099681735038757,설화수
persona_7,1555,0.7745052576065063,설화수
persona_7,1556,0.7745052576065063,설화수
persona_7,1557,0.7725238800048828,설화수
persona_7,1558,0.7764589786529541,설화수
persona_7,1559,0.7757418155670166,설화수
persona_7,1560,0.7809227108955383,설화수
persona_7,1561,0.781700849533081,설화수
persona_7,1562,0.7786369323730469,설화수
persona_7,1563,0.7757418155670166,설화수
persona_7,1564,0.7824962139129639,설화수
persona_7,1565,0.7803730964660645,설화수
persona_7,1566,0.7328610420227051,설화수
persona_7,1567,0.7824850678443909,설화수
persona_7,1568,0.7764585018157959,설화수
persona_7,1569,0.7719830274581909,설화수
persona_7,1570,0.7719830274581909,설화수
persona_7,1571,0.774558424949646,설화수
persona_7,1572,0.7527997493743896,설화수
persona_7,1573,0.7794576287269592,설화수
persona_7,1574,0.7680674195289612,설화수
persona_7,1575,0.7053520679473877,설화수
persona_7,1576,0.7791705131530762,설화수
persona_7,1577,0.7824852466583252,설화수
persona_7,1578,0.774505615234375,설화수
persona_7,1579,0.774505615234375,설화수
persona_7,1580,0.7763798832893372,설화수
persona_8,0,0.8122968077659607,메이크온
persona_8,1,0.8122968077659607,메이크온
persona_8,2,0.813250720500946,메이크온
persona_8,3,0.813250720500946,메이크온
persona_8,4,0.813250720500946,메이크온
persona_8,5,0.813250720500946,메이크온
persona_8,6,0.8117991089820862,메이크온
persona_8,7,0.673108696937561,메이크온
persona_8,8,0.8122968077659607,메이크온
persona_8,9,0.7690906524658203,에뛰드
persona_8,10,0.7370450496673584,에뛰드
persona_8,11,0.814822793006897,에뛰드
persona_8,12,0.814822793006897,에뛰드
persona_8,13,0.814822793006897,에뛰드
persona_8,14,0.8146589994430542,에뛰드
persona_8,15,0.7625330090522766,에뛰드
persona_8,16,0.7826529145240784,에뛰드
persona_8,17,0.741074800491333,에뛰드
persona_8,18,0.7070074081420898,에뛰드
persona_8,19,0.8138697743415833,에뛰드
persona_8,20,0.7568784356117249,에뛰드
persona_8,21,0.7366831302642822,에뛰드
persona_8,22,0.814822793006897,에뛰드
persona_8,23,0.8138697743415833,에뛰드
persona_8,24,0.7636939287185669,에뛰드
persona_8,25,0.746904194355011,에뛰드
persona_8,26,0.7402353286743164,에뛰드
persona_8,27,0.7230724692344666,에뛰드
persona_8,28,0.7469889521598816,에뛰드
persona_8,29,0.7587928175926208,에뛰드
persona_8,30,0.7440594434738159,에뛰드
persona_8,31,0.7310002446174622,에뛰드
persona_8,32,0.780642569065094,에뛰드
persona_8,33,0.7631234526634216,에뛰드
persona_8,34,0.6916384696960449,에뛰드
persona_8,35,0.815584123134613,에뛰드
persona_8,36,0.7180729508399963,에뛰드
persona_8,37,0.7307162880897522,에뛰드
persona_8,38,0.7660925388336182,에뛰드
persona_8,39,0.8146589994430542,에뛰드
persona_8,40,0.7255510091781616,에뛰드
persona_8,41,0.7837989926338196,에뛰드
persona_8,42,0.815584123134613,에뛰드
persona_8,43,0.8146589994430542,에뛰드
persona_8,44,0.8133702874183655,에뛰드
persona_8,45,0.7824414968490601,에뛰드
persona_8,46,0.8138697743415833,에뛰드
persona_8,47,0.7568265795707703,에뛰드
persona_8,48,0.7751303315162659,에뛰드
persona_8,49,0.7398396134376526,에뛰드
persona_8,50,0.8138697743415833,에뛰드
persona_8,51,0.7494791150093079,에뛰드
persona_8,52,0.706886887550354,에뛰드
persona_8,53,0.7675637006759644,에뛰드
persona_8,54,0.7487409710884094,에뛰드
persona_8,55,0.7400876879692078,에뛰드
persona_8,56,0.7368444204330444,에뛰드
persona_8,57,0.7839766144752502,에뛰드
persona_8,58,0.7492411732673645,에뛰드
persona_8,59,0.7826529145240784,에뛰드
persona_8,60,0.725992739200592,에뛰드
persona_8,61,0.7107239961624146,에뛰드
persona_8,62,0.8138697743415833,에뛰드
persona_8,63,0.7198998332023621,에뛰드
persona_8,64,0.814822793006897,에뛰드
persona_8,65,0.7309290170669556,에뛰드
persona_8,66,0.7852325439453125,에뛰드
persona_8,67,0.7218204736709595,에뛰드
persona_8,68,0.7420749068260193,에뛰드
persona_8,69,0.8133702874183655,에뛰드
persona_8,70,0.7779073715209961,에뛰드
persona_8,71,0.7690770030021667,에뛰드
persona_8,72,0.8138697743415833,에뛰드
persona_8,73,0.7839766144752502,에뛰드
persona_8,74,0.7282232642173767,에뛰드
persona_8,75,0.739309549331665,에뛰드
persona_8,76,0.7515590786933899,에뛰드
persona_8,77,0.7320575714111328,에뛰드
persona_8,78,0.8133702874183655,에뛰드
persona_8,79,0.8133702874183655,에뛰드
persona_8,80,0.7541123032569885,에뛰드
persona_8,81,0.8138697743415833,에뛰드
persona_8,82,0.7514597773551941,에뛰드
persona_8,83,0.7522094249725342,에뛰드
persona_8,84,0.8133702874183655,에뛰드
persona_8,85,0.7779521346092224,에뛰드
persona_8,86,0.7766111493110657,에뛰드
persona_8,87,0.814822793006897,에뛰드
persona_8,88,0.746536910533905,에뛰드
persona_8,89,0.7587928175926208,에뛰드
persona_8,90,0.7059361934661865,에뛰드
persona_8,91,0.7880536317825317,에뛰드
persona_8,92,0.8138697743415833,에뛰드
persona_8,93,0.7421388626098633,에뛰드
persona_8,94,0.7095704078674316,에뛰드
persona_8,95,0.8036631345748901,에뛰드
persona_8,96,0.7628982663154602,에뛰드
persona_8,97,0.78426593542099,에뛰드
persona_8,98,0.7518050670623779,에뛰드
persona_8,99,0.814822793006897,에뛰드
persona_8,100,0.7448673844337463,에뛰드
persona_8,101,0.8133702874183655,에뛰드
persona_8,102,0.7750982642173767,에뛰드
persona_8,103,0.7755832672119141,에뛰드
persona_8,104,0.814822793006897,에뛰드
persona_8,105,0.78426593542099,에뛰드
persona_8,106,0.7063660025596619,에뛰드
persona_8,107,0.8133702874183655,에뛰드
persona_8,108,0.814822793006897,에뛰드
persona_8,109,0.7276008725166321,에뛰드
persona_8,110,0.7430846691131592,에뛰드
persona_8,111,0.7514597773551941,에뛰드
persona_8,112,0.815584123134613,에뛰드
persona_8,113,0.7504590153694153,에뛰드
persona_8,114,0.814822793006897,에뛰드
persona_8,115,0.8133702874183655,에뛰드
persona_8,116,0.8138697743415833,에뛰드
persona_8,117,0.814822793006897,에뛰드
persona_8,118,0.8138697743415833,에뛰드
persona_8,119,0.763501763343811,에뛰드
persona_8,120,0.7787915468215942,에뛰드
persona_8,121,0.7074657082557678,에뛰드
persona_8,122,0.815584123134613,에뛰드
persona_8,123,0.7839766144752502,에뛰드
persona_8,124,0.815584123134613,에뛰드
persona_8,125,0.8138697743415833,에뛰드
persona_8,126,0.7746585607528687,에뛰드
persona_8,127,0.7837989926338196,에뛰드
persona_8,128,0.8126038312911987,에뛰드
persona_8,129,0.7368444204330444,에뛰드
persona_8,130,0.7447479963302612,에뛰드
persona_8,131,0.8138697743415833,에뛰드
persona_8,132,0.7063660025596619,에뛰드
persona_8,133,0.8133702874183655,에뛰드
persona_8,134,0.8138697743415833,에뛰드
persona_8,135,0.8133702874183655,에뛰드
persona_8,136,0.8133702874183655,에뛰드
persona_8,137,0.8133702874183655,에뛰드
persona_8,138,0.8138697743415833,에뛰드
persona_8,139,0.815584123134613,에뛰드
persona_8,140,0.814822793006897,에뛰드
persona_8,141,0.8133702874183655,에뛰드
persona_8,142,0.76973557472229,에뛰드
persona_8,143,0.7673020958900452,에뛰드
persona_8,144,0.7383351922035217,에뛰드
persona_8,145,0.7568784356117249,에뛰드
persona_8,146,0.7518050670623779,에뛰드
persona_8,147,0.7078114151954651,에뛰드
persona_8,148,0.7663138508796692,에뛰드
persona_8,149,0.7196406126022339,에뛰드
persona_8,150,0.7282232642173767,에뛰드
persona_8,151,0.7817244529724121,에뛰드
persona_8,152,0.7726050615310669,에스트라
persona_8,153,0.769901692867279,에스트라
persona_8,154,0.764487087726593,에스트라
persona_8,155,0.7773067951202393,에스트라
persona_8,156,0.7794970870018005,에스트라
persona_8,157,0.7786266207695007,에스트라
persona_8,158,0.7746081352233887,에스트라
persona_8,159,0.7746081352233887,에스트라
persona_8,160,0.7371000647544861,에스트라
persona_8,161,0.7793468832969666,에스트라
persona_8,162,0.7418510913848877,에스트라
persona_8,163,0.7588862180709839,에스트라
persona_8,164,0.7523828148841858,에스트라
persona_8,165,0.7473935484886169,에스트라
persona_8,166,0.7252891063690186,에스트라
persona_8,167,0.7364258766174316,에스트라
persona_8,168,0.7872188687324524,에스트라
persona_8,169,0.7591146230697632,에스트라
persona_8,170,0.7793468832969666,에스트라
persona_8,171,0.7450270652770996,에스트라
persona_8,172,0.7806928157806396,에스트라
persona_8,173,0.7579870820045471,에스트라
persona_8,174,0.7821556925773621,에스트라
persona_8,175,0.7784803509712219,에스트라
persona_8,176,0.7403486967086792,에스트라
persona_8,177,0.7804641127586365,에스트라
persona_8,178,0.7745248675346375,에스트라
persona_8,179,0.7694294452667236,에스트라
persona_8,180,0.7607846260070801,에스트라
persona_8,181,0.7374688386917114,에스트라
persona_8,182,0.7745248675346375,에스트라
persona_8,183,0.7748955488204956,에스트라
persona_8,184,0.7722901701927185,에스트라
persona_8,185,0.7695004343986511,에스트라
persona_8,186,0.7382864356040955,에스트라
persona_8,187,0.7486050128936768,에스트라
persona_8,188,0.8074288368225098,에스트라
persona_8,189,0.7325403690338135,에스트라
persona_8,190,0.7504205107688904,에스트라
persona_8,191,0.6932544112205505,에스트라
persona_8,192,0.7862359285354614,에스트라
persona_8,193,0.7567185759544373,에스트라
persona_8,194,0.7801111340522766,에스트라
persona_8,195,0.7812203168869019,에스트라
persona_8,196,0.8106442093849182,에스트라
persona_8,197,0.7750645279884338,에스트라
persona_8,198,0.8106442093849182,에스트라
persona_8,199,0.8093972206115723,에스트라
persona_8,200,0.8114402294158936,에스트라
persona_8,201,0.7786266207695007,에스트라
persona_8,202,0.8093972206115723,에스트라
persona_8,203,0.8106442093849182,에스트라
persona_8,204,0.8101457357406616,에스트라
persona_8,205,0.8115965723991394,에스트라
persona_8,206,0.7630184888839722,
persona_8,207,0.7630184888839722,
persona_8,208,0.7630184888839722,
persona_8,209,0.7700003981590271,
persona_8,210,0.7660768032073975,
persona_8,211,0.7684875726699829,
persona_8,212,0.7684875726699829,
persona_8,213,0.7684875726699829,
persona_8,214,0.7660768032073975,
persona_8,215,0.7715238332748413,
persona_8,216,0.7596855759620667,
persona_8,217,0.7708398699760437,
persona_8,218,0.7596855759620667,
persona_8,219,0.7684875726699829,
persona_8,220,0.7700003981590271,
persona_8,221,0.7684875726699829,
persona_8,222,0.7630184888839722,
persona_8,223,0.7630184888839722,
persona_8,224,0.7660768032073975,
persona_8,225,0.7630184888839722,
persona_8,226,0.7630184888839722,
persona_8,227,0.7672881484031677,라보에이치
persona_8,228,0.783697247505188,라보에이치
persona_8,229,0.7931116819381714,라보에이치
persona_8,230,0.7779222726821899,라보에이치
persona_8,231,0.7931116819381714,라보에이치
persona_8,232,0.7700570821762085,라보에이치
persona_8,233,0.8204137682914734,라보에이치
persona_8,234,0.8096927404403687,라보에이치
persona_8,235,0.766677737236023,라보에이치
persona_8,236,0.7957926988601685,라보에이치
persona_8,237,0.7912557721138,라보에이치
persona_8,238,0.7810091376304626,라보에이치
persona_8,239,0.7809667587280273,라보에이치
persona_8,240,0.7912557721138,라보에이치
persona_8,241,0.7710379958152771,라보에이치
persona_8,242,0.7931116819381714,라보에이치
persona_8,243,0.7931116819381714,라보에이치
persona_8,244,0.7158678770065308,라보에이치
persona_8,245,0.8204137682914734,라보에이치
persona_8,246,0.8204137682914734,라보에이치
persona_8,247,0.8194565176963806,라보에이치
persona_8,248,0.7491960525512695,라보에이치
persona_8,249,0.8204137682914734,라보에이치
persona_8,250,0.8211717009544373,라보에이치
persona_8,251,0.8211717009544373,라보에이치
persona_8,252,0.8211717009544373,라보에이치
persona_8,253,0.8204137682914734,라보에이치
persona_8,254,0.8204137682914734,라보에이치
persona_8,255,0.8272042870521545,롱테이크
persona_8,256,0.7920275330543518,롱테이크
persona_8,257,0.789447546005249,롱테이크
persona_8,258,0.8272042870521545,롱테이크
persona_8,259,0.7898996472358704,롱테이크
persona_8,260,0.7859451770782471,롱테이크
persona_8,261,0.789447546005249,롱테이크
persona_8,262,0.7935213446617126,롱테이크
persona_8,263,0.7894222140312195,롱테이크
persona_8,264,0.7894222140312195,롱테이크
persona_8,265,0.8254902958869934,롱테이크
persona_8,266,0.7547619342803955,롱테이크
persona_8,267,0.8264509439468384,롱테이크
persona_8,268,0.8264509439468384,롱테이크
persona_8,269,0.8254902958869934,롱테이크
persona_8,270,0.8254902958869934,롱테이크
persona_8,271,0.8254902958869934,롱테이크
persona_8,272,0.8254902958869934,롱테이크
persona_8,273,0.7935059666633606,롱테이크
persona_8,274,0.8048105239868164,에스쁘아
persona_8,275,0.7513079643249512,에스쁘아
persona_8,276,0.7830378413200378,에스쁘아
persona_8,277,0.74912029504776,에스쁘아
persona_8,278,0.731078028678894,에스쁘아
persona_8,279,0.8349406719207764,에스쁘아
persona_8,280,0.7681119441986084,에스쁘아
persona_8,281,0.7792650461196899,에스쁘아
persona_8,282,0.7355769276618958,에스쁘아
persona_8,283,0.7508078217506409,에스쁘아
persona_8,284,0.7477213740348816,에스쁘아
persona_8,285,0.8349406719207764,에스쁘아
persona_8,286,0.8048105239868164,에스쁘아
persona_8,287,0.7529602646827698,에스쁘아
persona_8,288,0.8023474812507629,에스쁘아
persona_8,289,0.8048105239868164,에스쁘아
persona_8,290,0.7513079643249512,에스쁘아
persona_8,291,0.8339784145355225,에스쁘아
persona_8,292,0.8349406719207764,에스쁘아
persona_8,293,0.8349406719207764,에스쁘아
persona_8,294,0.8334726095199585,에스쁘아
persona_8,295,0.8056318759918213,에스쁘아
persona_8,296,0.8339784145355225,에스쁘아
persona_8,297,0.8339784145355225,에스쁘아
persona_8,298,0.8048105239868164,에스쁘아
persona_8,299,0.7256180047988892,에스쁘아
persona_8,300,0.7500281929969788,에스쁘아
persona_8,301,0.8334726095199585,에스쁘아
persona_8,302,0.8056318759918213,에스쁘아
persona_8,303,0.8002839684486389,에스쁘아
persona_8,304,0.7787879109382629,에스쁘아
persona_8,305,0.8334726095199585,에스쁘아
persona_8,306,0.8023474812507629,에스쁘아
persona_8,307,0.731078028678894,에스쁘아
persona_8,308,0.7477213740348816,에스쁘아
persona_8,309,0.732002854347229,에스쁘아
persona_8,310,0.8334726095199585,에스쁘아
persona_8,311,0.8316627740859985,에스쁘아
persona_8,312,0.8339784145355225,에스쁘아
persona_8,313,0.8049776554107666,에스쁘아
persona_8,314,0.7833514213562012,에스쁘아
persona_8,315,0.7281780242919922,에스쁘아
persona_8,316,0.7482171058654785,에스쁘아
persona_8,317,0.8339784145355225,에스쁘아
persona_8,318,0.7695862650871277,에스쁘아
persona_8,319,0.8048105239868164,에스쁘아
persona_8,320,0.8334726095199585,에스쁘아
persona_8,321,0.8002467751502991,에스쁘아
persona_8,322,0.8217113614082336,에스쁘아
persona_8,323,0.8063804507255554,에스쁘아
persona_8,324,0.8349406719207764,에스쁘아
persona_8,325,0.7695862650871277,에스쁘아
persona_8,326,0.7477213740348816,에스쁘아
persona_8,327,0.7313804626464844,에스쁘아
persona_8,328,0.7396414875984192,에스쁘아
persona_8,329,0.7458608150482178,에스쁘아
persona_8,330,0.7308272123336792,에스쁘아
persona_8,331,0.8040048480033875,에스쁘아
persona_8,332,0.7528075575828552,에스쁘아
persona_8,333,0.8339784145355225,에스쁘아
persona_8,334,0.8339784145355225,에스쁘아
persona_8,335,0.764393150806427,에스쁘아
persona_8,336,0.7464724779129028,에스쁘아
persona_8,337,0.8040048480033875,에스쁘아
persona_8,338,0.8117358684539795,에스쁘아
persona_8,339,0.8349406719207764,에스쁘아
persona_8,340,0.8023474812507629,에스쁘아
persona_8,341,0.8023474812507629,에스쁘아
persona_8,342,0.8023474812507629,에스쁘아
persona_8,343,0.8023474812507629,에스쁘아
persona_8,344,0.8023474812507629,에스쁘아
persona_8,345,0.8349406719207764,에스쁘아
persona_8,346,0.8339784145355225,에스쁘아
persona_8,347,0.8356888890266418,에스쁘아
persona_8,348,0.8140553832054138,아모레성수
persona_8,349,0.7847042679786682,아모레성수
persona_8,350,0.8726233243942261,아모레성수
persona_8,351,0.7818417549133301,아모레성수
persona_8,352,0.7828928232192993,아모레성수
persona_8,353,0.7882322072982788,아모레성수
persona_8,354,0.7996963858604431,아모레성수
persona_8,355,0.796825110912323,아모레성수
persona_8,356,0.8173593878746033,아모레성수
persona_8,357,0.8213640451431274,아모레성수
persona_8,358,0.7530973553657532,아모레성수
persona_8,359,0.772871196269989,아모레성수
persona_8,360,0.8077278137207031,아모레성수
persona_8,361,0.811620831489563,아모레성수
persona_8,362,0.8056221604347229,아모레성수
persona_8,363,0.8179246187210083,아모레성수
persona_8,364,0.7381044030189514,미쟝센
persona_8,365,0.7802720069885254,미쟝센
persona_8,366,0.7271896600723267,미쟝센
persona_8,367,0.7420337796211243,미쟝센
persona_8,368,0.7398675084114075,미쟝센
persona_8,369,0.772162675857544,미쟝센
persona_8,370,0.7907882332801819,미쟝센
persona_8,371,0.7566893100738525,미쟝센
persona_8,372,0.7725657820701599,미쟝센
persona_8,373,0.7864404916763306,미쟝센
persona_8,374,0.7998291254043579,미쟝센
persona_8,375,0.7866138815879822,미쟝센
persona_8,376,0.7691459059715271,미쟝센
persona_8,377,0.7523003220558167,미쟝센
persona_8,378,0.7886350154876709,미쟝센
persona_8,379,0.7627773284912109,미쟝센
persona_8,380,0.7566893100738525,미쟝센
persona_8,381,0.7793833017349243,미쟝센
persona_8,382,0.7627773284912109,미쟝센
persona_8,383,0.7788630723953247,미쟝센
persona_8,384,0.7838694453239441,미쟝센
persona_8,385,0.8196932077407837,미쟝센
persona_8,386,0.8196932077407837,미쟝센
persona_8,387,0.737661600112915,미쟝센
persona_8,388,0.8187376260757446,미쟝센
persona_8,389,0.7712289690971375,미쟝센
persona_8,390,0.7566893100738525,미쟝센
persona_8,391,0.7566893100738525,미쟝센
persona_8,392,0.7566893100738525,미쟝센
persona_8,393,0.770980715751648,미쟝센
persona_8,394,0.8196932077407837,미쟝센
persona_8,395,0.7164859175682068,미쟝센
persona_8,396,0.7601596713066101,미쟝센
persona_8,397,0.8196932077407837,미쟝센
persona_8,398,0.8196932077407837,미쟝센
persona_8,399,0.7906599640846252,미쟝센
persona_8,400,0.7523003220558167,미쟝센
persona_8,401,0.7704695463180542,미쟝센
persona_8,402,0.7545503973960876,미쟝센
persona_8,403,0.7885245680809021,미쟝센
persona_8,404,0.792482316493988,미쟝센
persona_8,405,0.7682859897613525,미쟝센
persona_8,406,0.7566893100738525,미쟝센
persona_8,407,0.7159178853034973,미쟝센
persona_8,408,0.7222312092781067,미쟝센
persona_8,409,0.8187376260757446,미쟝센
persona_8,410,0.8196932077407837,미쟝센
persona_8,411,0.8187376260757446,미쟝센
persona_8,412,0.8196932077407837,미쟝센
persona_8,413,0.8196932077407837,미쟝센
persona_8,414,0.8196932077407837,미쟝센
persona_8,415,0.8204513192176819,미쟝센
persona_8,416,0.732033908367157,미쟝센
persona_8,417,0.8204513192176819,미쟝센
persona_8,418,0.8196932077407837,미쟝센
persona_8,419,0.8204513192176819,미쟝센
persona_8,420,0.8204513192176819,미쟝센
persona_8,421,0.8196932077407837,미쟝센
persona_8,422,0.7566893100738525,미쟝센
persona_8,423,0.8270271420478821,아모레퍼시픽
persona_8,424,0.8805249333381653,아모레퍼시픽
persona_8,425,0.878563642501831,아모레퍼시픽
persona_8,426,0.8700948357582092,아모레퍼시픽
persona_8,427,0.7530973553657532,아모레퍼시픽
persona_8,428,0.8747748136520386,아모레퍼시픽
persona_8,429,0.878563642501831,아모레퍼시픽
persona_8,430,0.9119316339492798,아모레베이직
persona_8,431,0.9109389781951904,아모레베이직
persona_8,432,0.8805985450744629,아모레베이직
persona_8,433,0.9126099348068237,아모레베이직
persona_8,434,0.8195044994354248,아모레베이직
persona_8,435,0.7907233834266663,아모레베이직
persona_8,436,0.9126099348068237,아모레베이직
persona_8,437,0.9126099348068237,아모레베이직
persona_8,438,0.9109389781951904,아모레베이직
persona_8,439,0.9089574813842773,아모레베이직
persona_8,440,0.9066387414932251,아모레베이직
persona_8,441,0.9126099348068237,아모레베이직
persona_8,442,0.9126099348068237,아모레베이직
persona_8,443,0.8314540386199951,아모레베이직
persona_8,444,0.8119123578071594,한율
persona_8,445,0.7747952342033386,한율
persona_8,446,0.8128649592399597,한율
persona_8,447,0.7793427109718323,한율
persona_8,448,0.8128649592399597,한율
persona_8,449,0.747880220413208,한율
persona_8,450,0.7833948731422424,한율
persona_8,451,0.8128649592399597,한율
persona_8,452,0.8136274218559265,한율
persona_8,453,0.8128649592399597,한율
persona_8,454,0.8119123578071594,한율
persona_8,455,0.7819419503211975,한율
persona_8,456,0.8136274218559265,한율
persona_8,457,0.747880220413208,한율
persona_8,458,0.7793427109718323,한율
persona_8,459,0.7759914994239807,한율
persona_8,460,0.8136274218559265,한율
persona_8,461,0.7861698269844055,한율
persona_8,462,0.8128649592399597,한율
persona_8,463,0.8136274218559265,한율
persona_8,464,0.765495240688324,한율
persona_8,465,0.8136274218559265,한율
persona_8,466,0.7793427109718323,한율
persona_8,467,0.8128649592399597,한율
persona_8,468,0.7813147306442261,한율
persona_8,469,0.747880220413208,한율
persona_8,470,0.7964727878570557,한율
persona_8,471,0.8128649592399597,한율
persona_8,472,0.8136274218559265,한율
persona_8,473,0.7714053988456726,한율
persona_8,474,0.7884659767150879,한율
persona_8,475,0.7778791189193726,한율
persona_8,476,0.7447786927223206,한율
persona_8,477,0.8136274218559265,한율
persona_8,478,0.8136274218559265,한율
persona_8,479,0.8128649592399597,한율
persona_8,480,0.8136274218559265,한율
persona_8,481,0.7866416573524475,한율
persona_8,482,0.7805930376052856,한율
persona_8,483,0.7798740863800049,한율
persona_8,484,0.7688048481941223,한율
persona_8,485,0.7800493240356445,한율
persona_8,486,0.7714053988456726,한율
persona_8,487,0.7447786927223206,한율
persona_8,488,0.7833948731422424,한율
persona_8,489,0.8128649592399597,한율
persona_8,490,0.7708953619003296,한율
persona_8,491,0.8119123578071594,한율
persona_8,492,0.8128649592399597,한율
persona_8,493,0.8136274218559265,한율
persona_8,494,0.8128649592399597,한율
persona_8,495,0.8136274218559265,한율
persona_8,496,0.8136274218559265,한율
persona_8,497,0.8136274218559265,한율
persona_8,498,0.8128649592399597,한율
persona_8,499,0.7342284321784973,해피바스
persona_8,500,0.7301732897758484,해피바스
persona_8,501,0.7670355439186096,해피바스
persona_8,502,0.7508110404014587,해피바스
persona_8,503,0.8002966046333313,해피바스
persona_8,504,0.7721202969551086,해피바스
persona_8,505,0.7979238629341125,해피바스
persona_8,506,0.8250933289527893,해피바스
persona_8,507,0.7456613779067993,해피바스
persona_8,508,0.7965120077133179,해피바스
persona_8,509,0.7754186987876892,해피바스
persona_8,510,0.7210572361946106,해피바스
persona_8,511,0.7301443219184875,해피바스
persona_8,512,0.7721202969551086,해피바스
persona_8,513,0.7347357273101807,해피바스
persona_8,514,0.7492061853408813,해피바스
persona_8,515,0.7979238629341125,해피바스
persona_8,516,0.7301443219184875,해피바스
persona_8,517,0.7627210021018982,해피바스
persona_8,518,0.7599436044692993,해피바스
persona_8,519,0.8002966046333313,해피바스
persona_8,520,0.7301732897758484,해피바스
persona_8,521,0.8241348266601562,해피바스
persona_8,522,0.7301443219184875,해피바스
persona_8,523,0.8258475065231323,해피바스
persona_8,524,0.7599436044692993,해피바스
persona_8,525,0.7320743799209595,해피바스
persona_8,526,0.7301443219184875,해피바스
persona_8,527,0.7318416833877563,해피바스
persona_8,528,0.8258475065231323,해피바스
persona_8,529,0.7544212937355042,해피바스
persona_8,530,0.7480931282043457,해피바스
persona_8,531,0.7492061853408813,해피바스
persona_8,532,0.8258475065231323,해피바스
persona_8,533,0.7576603293418884,해피바스
persona_8,534,0.7721202969551086,해피바스
persona_8,535,0.7708837389945984,해피바스
persona_8,536,0.8258475065231323,해피바스
persona_8,537,0.8258475065231323,해피바스
persona_8,538,0.7599436044692993,해피바스
persona_8,539,0.7950152158737183,해피바스
persona_8,540,0.8258475065231323,해피바스
persona_8,541,0.7509602308273315,해피바스
persona_8,542,0.8258475065231323,해피바스
persona_8,543,0.8258475065231323,해피바스
persona_8,544,0.7950347661972046,해피바스
persona_8,545,0.7809988856315613,해피바스
persona_8,546,0.7599436044692993,해피바스
persona_8,547,0.7495456337928772,해피바스
persona_8,548,0.7613874077796936,해피바스
persona_8,549,0.7893463373184204,해피바스
persona_8,550,0.7893463373184204,해피바스
persona_8,551,0.9126099348068237,온호프
persona_8,552,0.8194953799247742,홀리추얼
persona_8,553,0.7711997628211975,홀리추얼
persona_8,554,0.8194953799247742,홀리추얼
persona_8,555,0.7801321744918823,홀리추얼
persona_8,556,0.7821794748306274,홀리추얼
persona_8,557,0.7875722646713257,홀리추얼
persona_8,558,0.7876909375190735,홀리추얼
persona_8,559,0.7833629846572876,홀리추얼
persona_8,560,0.7878026962280273,홀리추얼
persona_8,561,0.7794889211654663,홀리추얼
persona_8,562,0.8164913654327393,홀리추얼
persona_8,563,0.8164913654327393,홀리추얼
persona_8,564,0.8185616135597229,홀리추얼
persona_8,565,0.7692133784294128,홀리추얼
persona_8,566,0.7890134453773499,홀리추얼
persona_8,567,0.807094931602478,홀리추얼
persona_8,568,0.8185616135597229,홀리추얼
persona_8,569,0.8194953799247742,홀리추얼
persona_8,570,0.8187367916107178,홀리추얼
persona_8,571,0.8187367916107178,홀리추얼
persona_8,572,0.7541937828063965,홀리추얼
persona_8,573,0.8412207961082458,
persona_8,574,0.825461745262146,
persona_8,575,0.7819329500198364,
persona_8,576,0.7726554870605469,오딧세이
persona_8,577,0.7757423520088196,오딧세이
persona_8,578,0.8149108290672302,오딧세이
persona_8,579,0.7757423520088196,오딧세이
persona_8,580,0.8139580488204956,오딧세이
persona_8,581,0.7726554870605469,오딧세이
persona_8,582,0.8139580488204956,오딧세이
persona_8,583,0.8149108290672302,오딧세이
persona_8,584,0.8149108290672302,오딧세이
persona_8,585,0.8156710863113403,오딧세이
persona_8,586,0.8155282735824585,프리메라
persona_8,587,0.78438401222229,프리메라
persona_8,588,0.754562258720398,프리메라
persona_8,589,0.7825638651847839,프리메라
persona_8,590,0.8155282735824585,프리메라
persona_8,591,0.784878134727478,프리메라
persona_8,592,0.7626873254776001,프리메라
persona_8,593,0.8045139908790588,프리메라
persona_8,594,0.7319163680076599,프리메라
persona_8,595,0.7115139961242676,프리메라
persona_8,596,0.7863006591796875,프리메라
persona_8,597,0.7563666105270386,프리메라
persona_8,598,0.738675594329834,프리메라
persona_8,599,0.7739406824111938,프리메라
persona_8,600,0.8164547085762024,프리메라
persona_8,601,0.8155282735824585,프리메라
persona_8,602,0.7844134569168091,프리메라
persona_8,603,0.7861228585243225,프리메라
persona_8,604,0.7759246230125427,프리메라
persona_8,605,0.7846407294273376,프리메라
persona_8,606,0.7861228585243225,프리메라
persona_8,607,0.7604246139526367,프리메라
persona_8,608,0.7114811539649963,프리메라
persona_8,609,0.7851247191429138,프리메라
persona_8,610,0.8147401213645935,프리메라
persona_8,611,0.7848055958747864,프리메라
persona_8,612,0.7773836255073547,프리메라
persona_8,613,0.7881537675857544,프리메라
persona_8,614,0.7409034967422485,프리메라
persona_8,615,0.7812913060188293,프리메라
persona_8,616,0.7773836255073547,프리메라
persona_8,617,0.7817670702934265,프리메라
persona_8,618,0.7856658101081848,프리메라
persona_8,619,0.7888901233673096,프리메라
persona_8,620,0.7848055958747864,프리메라
persona_8,621,0.7523006200790405,프리메라
persona_8,622,0.7806281447410583,프리메라
persona_8,623,0.8050909638404846,프리메라
persona_8,624,0.778193473815918,프리메라
persona_8,625,0.8134682774543762,프리메라
persona_8,626,0.7888901233673096,프리메라
persona_8,627,0.78508061170578,프리메라
persona_8,628,0.7789562344551086,프리메라
persona_8,629,0.7499045133590698,프리메라
persona_8,630,0.7623933553695679,프리메라
persona_8,631,0.78090900182724,프리메라
persona_8,632,0.7811242938041687,프리메라
persona_8,633,0.7382644414901733,프리메라
persona_8,634,0.7713534235954285,프리메라
persona_8,635,0.7831037640571594,프리메라
persona_8,636,0.7310362458229065,프리메라
persona_8,637,0.7764707803726196,프리메라
persona_8,638,0.738675594329834,프리메라
persona_8,639,0.7739406824111938,프리메라
persona_8,640,0.7778606414794922,프리메라
persona_8,641,0.8156940340995789,프리메라
persona_8,642,0.8156940340995789,프리메라
persona_8,643,0.768284022808075,프리메라
persona_8,644,0.7453000545501709,프리메라
persona_8,645,0.7966116666793823,헤라
persona_8,646,0.7906764149665833,헤라
persona_8,647,0.7122645974159241,헤라
persona_8,648,0.7353951930999756,헤라
persona_8,649,0.7520355582237244,헤라
persona_8,650,0.7516648769378662,헤라
persona_8,651,0.7104729413986206,헤라
persona_8,652,0.7465022802352905,헤라
persona_8,653,0.7465022802352905,헤라
persona_8,654,0.7516648769378662,헤라
persona_8,655,0.712398886680603,헤라
persona_8,656,0.712398886680603,헤라
persona_8,657,0.7966116666793823,헤라
persona_8,658,0.8220993280410767,헤라
persona_8,659,0.8220993280410767,헤라
persona_8,660,0.8220993280410767,헤라
persona_8,661,0.7374635934829712,헤라
persona_8,662,0.8211603760719299,헤라
persona_8,663,0.7455498576164246,헤라
persona_8,664,0.7122645974159241,헤라
persona_8,665,0.7915071249008179,헤라
persona_8,666,0.8211603760719299,헤라
persona_8,667,0.7505103945732117,헤라
persona_8,668,0.7828570008277893,헤라
persona_8,669,0.7943395376205444,헤라
persona_8,670,0.8190808296203613,헤라
persona_8,671,0.8203849792480469,헤라
persona_8,672,0.8203849792480469,헤라
persona_8,673,0.7792739272117615,헤라
persona_8,674,0.7406134605407715,헤라
persona_8,675,0.8203849792480469,헤라
persona_8,676,0.7758340239524841,헤라
persona_8,677,0.7892551422119141,헤라
persona_8,678,0.7575505971908569,헤라
persona_8,679,0.7905439138412476,헤라
persona_8,680,0.7381046414375305,헤라
persona_8,681,0.7483130097389221,헤라
persona_8,682,0.8203849792480469,헤라
persona_8,683,0.714241087436676,헤라
persona_8,684,0.7826027870178223,헤라
persona_8,685,0.779956579208374,헤라
persona_8,686,0.7683477997779846,헤라
persona_8,687,0.7353951930999756,헤라
persona_8,688,0.78175950050354,헤라
persona_8,689,0.7915071249008179,헤라
persona_8,690,0.7954691052436829,헤라
persona_8,691,0.7528489828109741,헤라
persona_8,692,0.7567261457443237,헤라
persona_8,693,0.7943075299263,헤라
persona_8,694,0.7154349684715271,헤라
persona_8,695,0.7819545269012451,헤라
persona_8,696,0.8213410973548889,헤라
persona_8,697,0.7802259922027588,헤라
persona_8,698,0.7402483224868774,헤라
persona_8,699,0.7698402404785156,헤라
persona_8,700,0.7669129371643066,헤라
persona_8,701,0.7901785969734192,헤라
persona_8,702,0.7914709448814392,헤라
persona_8,703,0.8220993280410767,헤라
persona_8,704,0.8203849792480469,헤라
persona_8,705,0.7444677948951721,헤라
persona_8,706,0.7318887114524841,헤라
persona_8,707,0.7375099658966064,헤라
persona_8,708,0.7936854958534241,헤라
persona_8,709,0.7459781169891357,헤라
persona_8,710,0.7713995575904846,헤라
persona_8,711,0.7825201153755188,헤라
persona_8,712,0.7524171471595764,헤라
persona_8,713,0.7936854958534241,헤라
persona_8,714,0.790095865726471,헤라
persona_8,715,0.7903204560279846,헤라
persona_8,716,0.783804714679718,헤라
persona_8,717,0.7758340239524841,헤라
persona_8,718,0.7905439138412476,헤라
persona_8,719,0.7122645974159241,헤라
persona_8,720,0.7764512300491333,헤라
persona_8,721,0.7834909558296204,헤라
persona_8,722,0.7580041289329529,헤라
persona_8,723,0.7936838269233704,헤라
persona_8,724,0.7819611430168152,헤라
persona_8,725,0.7561465501785278,헤라
persona_8,726,0.7892551422119141,헤라
persona_8,727,0.7118492722511292,헤라
persona_8,728,0.7181935906410217,헤라
persona_8,729,0.7469938397407532,헤라
persona_8,730,0.7469938397407532,헤라
persona_8,731,0.8211603760719299,헤라
persona_8,732,0.8211603760719299,헤라
persona_8,733,0.7234011888504028,헤라
persona_8,734,0.7632033824920654,헤라
persona_8,735,0.7565312385559082,헤라
persona_8,736,0.7459600567817688,헤라
persona_8,737,0.7727344632148743,헤라
persona_8,738,0.7390205264091492,비레디
persona_8,739,0.7450729608535767,라네즈
persona_8,740,0.7846644520759583,비레디
persona_8,741,0.7910370826721191,라네즈
persona_8,742,0.7664868831634521,비레디
persona_8,743,0.7729464173316956,라네즈
persona_8,744,0.7859848141670227,비레디
persona_8,745,0.7923893928527832,라네즈
persona_8,746,0.7143444418907166,비레디
persona_8,747,0.7202976942062378,라네즈
persona_8,748,0.8213639259338379,비레디
persona_8,749,0.8280268311500549,라네즈
persona_8,750,0.7143444418907166,비레디
persona_8,751,0.7202976942062378,라네즈
persona_8,752,0.7872375249862671,비레디
persona_8,753,0.7936310768127441,라네즈
persona_8,754,0.7943660020828247,비레디
persona_8,755,0.8007851839065552,라네즈
persona_8,756,0.7611668705940247,비레디
persona_8,757,0.7675122618675232,라네즈
persona_8,758,0.7427665591239929,비레디
persona_8,759,0.7489073872566223,라네즈
persona_8,760,0.772005558013916,비레디
persona_8,761,0.7781972289085388,라네즈
persona_8,762,0.7832930684089661,비레디
persona_8,763,0.7895816564559937,라네즈
persona_8,764,0.8204077482223511,비레디
persona_8,765,0.8270672559738159,라네즈
persona_8,766,0.7943660020828247,비레디
persona_8,767,0.8007851839065552,라네즈
persona_8,768,0.7375534176826477,비레디
persona_8,769,0.7435308694839478,라네즈
persona_8,770,0.705325186252594,비레디
persona_8,771,0.7113592624664307,라네즈
persona_8,772,0.7542920708656311,비레디
persona_8,773,0.760425329208374,라네즈
persona_8,774,0.7427665591239929,비레디
persona_8,775,0.7489073872566223,라네즈
persona_8,776,0.7370132803916931,비레디
persona_8,777,0.7430552840232849,라네즈
persona_8,778,0.7370132803916931,비레디
persona_8,779,0.7430552840232849,라네즈
persona_8,780,0.7370132803916931,비레디
persona_8,781,0.7430552840232849,라네즈
persona_8,782,0.8204077482223511,비레디
persona_8,783,0.8270672559738159,라네즈
persona_8,784,0.8204077482223511,비레디
persona_8,785,0.8270672559738159,라네즈
persona_8,786,0.8204077482223511,비레디
persona_8,787,0.8270672559738159,라네즈
persona_8,788,0.8204077482223511,비레디
persona_8,789,0.8270672559738159,라네즈
persona_8,790,0.8204077482223511,비레디
persona_8,791,0.8270672559738159,라네즈
persona_8,792,0.7914900183677673,비레디
persona_8,793,0.798030436038971,라네즈
persona_8,794,0.8155478239059448,아이오페
persona_8,795,0.7075106501579285,아이오페
persona_8,796,0.8133231997489929,아이오페
persona_8,797,0.7756134867668152,아이오페
persona_8,798,0.7859346270561218,아이오페
persona_8,799,0.7474371790885925,아이오페
persona_8,800,0.8163089156150818,아이오페
persona_8,801,0.7765076160430908,아이오페
persona_8,802,0.7648981213569641,아이오페
persona_8,803,0.7836704254150391,아이오페
persona_8,804,0.8163089156150818,아이오페
persona_8,805,0.7899129986763,아이오페
persona_8,806,0.8163089156150818,아이오페
persona_8,807,0.7776737213134766,아이오페
persona_8,808,0.6831433176994324,아이오페
persona_8,809,0.7877103686332703,아이오페
persona_8,810,0.6831433176994324,아이오페
persona_8,811,0.7153557538986206,아이오페
persona_8,812,0.7349199652671814,아이오페
persona_8,813,0.7899129986763,아이오페
persona_8,814,0.7836704254150391,아이오페
persona_8,815,0.7990676164627075,아이오페
persona_8,816,0.6940764784812927,아이오페
persona_8,817,0.7825769782066345,아이오페
persona_8,818,0.7804235816001892,아이오페
persona_8,819,0.7305618524551392,아이오페
persona_8,820,0.7877103686332703,아이오페
persona_8,821,0.7679203748703003,아이오페
persona_8,822,0.802823007106781,아이오페
persona_8,823,0.7783405780792236,아이오페
persona_8,824,0.7754417061805725,아이오페
persona_8,825,0.7756134867668152,아이오페
persona_8,826,0.7272233963012695,아이오페
persona_8,827,0.8145943880081177,아이오페
persona_8,828,0.7783405780792236,아이오페
persona_8,829,0.7849939465522766,아이오페
persona_8,830,0.781856894493103,아이오페
persona_8,831,0.7459496855735779,아이오페
persona_8,832,0.745557963848114,아이오페
persona_8,833,0.7850306630134583,아이오페
persona_8,834,0.7306264042854309,아이오페
persona_8,835,0.7438451051712036,아이오페
persona_8,836,0.7791770696640015,아이오페
persona_8,837,0.7791770696640015,아이오페
persona_8,838,0.7445324659347534,아이오페
persona_8,839,0.751674234867096,아이오페
persona_8,840,0.8155478239059448,아이오페
persona_8,841,0.8145943880081177,아이오페
persona_8,842,0.781856894493103,아이오페
persona_8,843,0.8145943880081177,아이오페
persona_8,844,0.7831473350524902,아이오페
persona_8,845,0.815383791923523,아이오페
persona_8,846,0.8145943880081177,아이오페
persona_8,847,0.781635046005249,아이오페
persona_8,848,0.6996661424636841,아이오페
persona_8,849,0.7756747603416443,아이오페
persona_8,850,0.7704382538795471,아이오페
persona_8,851,0.7765076160430908,아이오페
persona_8,852,0.788021445274353,아이오페
persona_8,853,0.7047044634819031,아이오페
persona_8,854,0.6886610984802246,아이오페
persona_8,855,0.7859346270561218,아이오페
persona_8,856,0.8163089156150818,아이오페
persona_8,857,0.815383791923523,아이오페
persona_8,858,0.6743024587631226,아이오페
persona_8,859,0.8133231997489929,아이오페
persona_8,860,0.7887575626373291,아이오페
persona_8,861,0.7715942859649658,아이오페
persona_8,862,0.9066387414932251,에이피뷰티
persona_8,863,0.8418617248535156,에이피뷰티
persona_8,864,0.7987240552902222,에이피뷰티
persona_8,865,0.8693953156471252,에이피뷰티
persona_8,866,0.8774603605270386,에이피뷰티
persona_8,867,0.833466649055481,에이피뷰티
persona_8,868,0.8759891390800476,에이피뷰티
persona_8,869,0.8760861754417419,에이피뷰티
persona_8,870,0.8777421116828918,에이피뷰티
persona_8,871,0.9114470481872559,에이피뷰티
persona_8,872,0.8770740032196045,에이피뷰티
persona_8,873,0.8770740032196045,에이피뷰티
persona_8,874,0.8748681545257568,에이피뷰티
persona_8,875,0.8774603605270386,에이피뷰티
persona_8,876,0.8774603605270386,에이피뷰티
persona_8,877,0.9089574813842773,에이피뷰티
persona_8,878,0.7748003005981445,에이피뷰티
persona_8,879,0.9114470481872559,에이피뷰티
persona_8,880,0.8760861754417419,에이피뷰티
persona_8,881,0.8010269999504089,에이피뷰티
persona_8,882,0.87553471326828,에이피뷰티
persona_8,883,0.8817782998085022,에이피뷰티
persona_8,884,0.8817782998085022,에이피뷰티
persona_8,885,0.8755623698234558,에이피뷰티
persona_8,886,0.8652817010879517,에이피뷰티
persona_8,887,0.8594119548797607,에이피뷰티
persona_8,888,0.9126099348068237,에이피뷰티
persona_8,889,0.8468701839447021,에이피뷰티
persona_8,890,0.8468701839447021,에이피뷰티
persona_8,891,0.8468701839447021,에이피뷰티
persona_8,892,0.8774603605270386,에이피뷰티
persona_8,893,0.8805249333381653,에이피뷰티
persona_8,894,0.9089574813842773,에이피뷰티
persona_8,895,0.9066387414932251,에이피뷰티
persona_8,896,0.7990003228187561,에이피뷰티
persona_8,897,0.7644473910331726,에이피뷰티
persona_8,898,0.8755623698234558,에이피뷰티
persona_8,899,0.7814608216285706,일리윤
persona_8,900,0.7642372250556946,일리윤
persona_8,901,0.7977153062820435,일리윤
persona_8,902,0.7611808776855469,일리윤
persona_8,903,0.7467259168624878,일리윤
persona_8,904,0.7755457758903503,일리윤
persona_8,905,0.7467259168624878,일리윤
persona_8,906,0.7755457758903503,일리윤
persona_8,907,0.7884925007820129,일리윤
persona_8,908,0.786173403263092,일리윤
persona_8,909,0.7611858248710632,일리윤
persona_8,910,0.7817501425743103,일리윤
persona_8,911,0.7896167635917664,일리윤
persona_8,912,0.7370554804801941,일리윤
persona_8,913,0.7649018168449402,일리윤
persona_8,914,0.7684988379478455,일리윤
persona_8,915,0.7740868330001831,일리윤
persona_8,916,0.8102922439575195,일리윤
persona_8,917,0.7838699817657471,일리윤
persona_8,918,0.7827779650688171,일리윤
persona_8,919,0.7814472317695618,일리윤
persona_8,920,0.7604376673698425,일리윤
persona_8,921,0.7431151270866394,일리윤
persona_8,922,0.7755457758903503,일리윤
persona_8,923,0.7806866765022278,일리윤
persona_8,924,0.762274980545044,일리윤
persona_8,925,0.7317765951156616,일리윤
persona_8,926,0.7254295945167542,일리윤
persona_8,927,0.7836984992027283,일리윤
persona_8,928,0.7380441427230835,일리윤
persona_8,929,0.7755516767501831,일리윤
persona_8,930,0.7590499520301819,일리윤
persona_8,931,0.7407103776931763,일리윤
persona_8,932,0.7846744060516357,일리윤
persona_8,933,0.7649018168449402,일리윤
persona_8,934,0.7806866765022278,일리윤
persona_8,935,0.7649018168449402,일리윤
persona_8,936,0.7838699817657471,일리윤
persona_8,937,0.7846744060516357,일리윤
persona_8,938,0.8093411922454834,일리윤
persona_8,939,0.8110555410385132,일리윤
persona_8,940,0.8110555410385132,일리윤
persona_8,941,0.7359707951545715,일리윤
persona_8,942,0.8110555410385132,일리윤
persona_8,943,0.8093411922454834,일리윤
persona_8,944,0.8110555410385132,일리윤
persona_8,945,0.8093411922454834,일리윤
persona_8,946,0.780626118183136,일리윤
persona_8,947,0.8088436722755432,일리윤
persona_8,948,0.8093411922454834,일리윤
persona_8,949,0.8088436722755432,일리윤
persona_8,950,0.8088436722755432,일리윤
persona_8,951,0.7611808776855469,일리윤
persona_8,952,0.745096743106842,일리윤
persona_8,953,0.7585985064506531,일리윤
persona_8,954,0.8093411922454834,일리윤
persona_8,955,0.780626118183136,일리윤
persona_8,956,0.780626118183136,일리윤
persona_8,957,0.8102922439575195,일리윤
persona_8,958,0.8093411922454834,일리윤
persona_8,959,0.77998286485672,일리윤
persona_8,960,0.7266427278518677,일리윤
persona_8,961,0.7444496750831604,일리윤
persona_8,962,0.783759593963623,일리윤
persona_8,963,0.8319224119186401,이니스프리
persona_8,964,0.801720142364502,이니스프리
persona_8,965,0.768304705619812,이니스프리
persona_8,966,0.8041713833808899,이니스프리
persona_8,967,0.8297954797744751,이니스프리
persona_8,968,0.7990225553512573,이니스프리
persona_8,969,0.8321366310119629,이니스프리
persona_8,970,0.8321366310119629,이니스프리
persona_8,971,0.8297954797744751,이니스프리
persona_8,972,0.8017115592956543,이니스프리
persona_8,973,0.7451569437980652,이니스프리
persona_8,974,0.7877545356750488,이니스프리
persona_8,975,0.7865630984306335,이니스프리
persona_8,976,0.7558197975158691,이니스프리
persona_8,977,0.7937889099121094,이니스프리
persona_8,978,0.7658843398094177,이니스프리
persona_8,979,0.7451569437980652,이니스프리
persona_8,980,0.8321366310119629,이니스프리
persona_8,981,0.8045879602432251,이니스프리
persona_8,982,0.768304705619812,이니스프리
persona_8,983,0.7574771046638489,이니스프리
persona_8,984,0.8319224119186401,이니스프리
persona_8,985,0.799025297164917,이니스프리
persona_8,986,0.8328878879547119,이니스프리
persona_8,987,0.7542559504508972,이니스프리
persona_8,988,0.7920145392417908,이니스프리
persona_8,989,0.8311739563941956,이니스프리
persona_8,990,0.7947931289672852,이니스프리
persona_8,991,0.764362096786499,이니스프리
persona_8,992,0.8297954797744751,이니스프리
persona_8,993,0.7941988706588745,이니스프리
persona_8,994,0.7769028544425964,이니스프리
persona_8,995,0.7836241126060486,이니스프리
persona_8,996,0.8297954797744751,이니스프리
persona_8,997,0.7955349683761597,이니스프리
persona_8,998,0.800650417804718,이니스프리
persona_8,999,0.7262150049209595,이니스프리
persona_8,1000,0.7692797780036926,이니스프리
persona_8,1001,0.7451569437980652,이니스프리
persona_8,1002,0.7558197975158691,이니스프리
persona_8,1003,0.799025297164917,이니스프리
persona_8,1004,0.8045879602432251,이니스프리
persona_8,1005,0.8321366310119629,이니스프리
persona_8,1006,0.7641406059265137,이니스프리
persona_8,1007,0.7769028544425964,이니스프리
persona_8,1008,0.767305850982666,이니스프리
persona_8,1009,0.7972906231880188,이니스프리
persona_8,1010,0.7974867224693298,이니스프리
persona_8,1011,0.8057599067687988,이니스프리
persona_8,1012,0.7946267127990723,이니스프리
persona_8,1013,0.7990225553512573,이니스프리
persona_8,1014,0.769607663154602,이니스프리
persona_8,1015,0.7806559801101685,이니스프리
persona_8,1016,0.7955349683761597,이니스프리
persona_8,1017,0.7806559801101685,이니스프리
persona_8,1018,0.7806559801101685,이니스프리
persona_8,1019,0.7959832549095154,이니스프리
persona_8,1020,0.8022692799568176,이니스프리
persona_8,1021,0.8205559253692627,이니스프리
persona_8,1022,0.8036684393882751,이니스프리
persona_8,1023,0.7860133647918701,이니스프리
persona_8,1024,0.8045879602432251,이니스프리
persona_8,1025,0.7761170268058777,이니스프리
persona_8,1026,0.8328878879547119,이니스프리
persona_8,1027,0.8201746344566345,이니스프리
persona_8,1028,0.7792575359344482,이니스프리
persona_8,1029,0.8057599067687988,이니스프리
persona_8,1030,0.7953439950942993,이니스프리
persona_8,1031,0.7983316779136658,이니스프리
persona_8,1032,0.8036684393882751,이니스프리
persona_8,1033,0.7974867224693298,이니스프리
persona_8,1034,0.8009154796600342,이니스프리
persona_8,1035,0.7696880102157593,이니스프리
persona_8,1036,0.728289008140564,이니스프리
persona_8,1037,0.8045879602432251,이니스프리
persona_8,1038,0.7592786550521851,이니스프리
persona_8,1039,0.8205559253692627,이니스프리
persona_8,1040,0.8038293719291687,이니스프리
persona_8,1041,0.7888216972351074,이니스프리
persona_8,1042,0.8014944195747375,이니스프리
persona_8,1043,0.7834940552711487,이니스프리
persona_8,1044,0.8205559253692627,이니스프리
persona_8,1045,0.8089830875396729,이니스프리
persona_8,1046,0.7280780076980591,이니스프리
persona_8,1047,0.7542559504508972,이니스프리
persona_8,1048,0.8038293719291687,이니스프리
persona_8,1049,0.799606204032898,이니스프리
persona_8,1050,0.7697902917861938,이니스프리
persona_8,1051,0.7802088856697083,이니스프리
persona_8,1052,0.7834940552711487,이니스프리
persona_8,1053,0.8205559253692627,이니스프리
persona_8,1054,0.7988595962524414,이니스프리
persona_8,1055,0.7658843398094177,이니스프리
persona_8,1056,0.8036684393882751,이니스프리
persona_8,1057,0.8297954797744751,이니스프리
persona_8,1058,0.8014944195747375,이니스프리
persona_8,1059,0.7561150193214417,이니스프리
persona_8,1060,0.7953439950942993,이니스프리
persona_8,1061,0.8014944195747375,이니스프리
persona_8,1062,0.7558197975158691,이니스프리
persona_8,1063,0.7709288597106934,이니스프리
persona_8,1064,0.8047152161598206,이니스프리
persona_8,1065,0.7974867224693298,이니스프리
persona_8,1066,0.800650417804718,이니스프리
persona_8,1067,0.800650417804718,이니스프리
persona_8,1068,0.7671514749526978,이니스프리
persona_8,1069,0.7936978936195374,이니스프리
persona_8,1070,0.728289008140564,이니스프리
persona_8,1071,0.7267898917198181,이니스프리
persona_8,1072,0.8038293719291687,이니스프리
persona_8,1073,0.7237018346786499,이니스프리
persona_8,1074,0.7590485215187073,이니스프리
persona_8,1075,0.7991493940353394,이니스프리
persona_8,1076,0.7567635774612427,이니스프리
persona_8,1077,0.8089830875396729,이니스프리
persona_8,1078,0.8189743757247925,이니스프리
persona_8,1079,0.7792575359344482,이니스프리
persona_8,1080,0.7974867224693298,이니스프리
persona_8,1081,0.7697902917861938,이니스프리
persona_8,1082,0.7813949584960938,이니스프리
persona_8,1083,0.7753291130065918,이니스프리
persona_8,1084,0.769241452217102,이니스프리
persona_8,1085,0.799606204032898,이니스프리
persona_8,1086,0.7769028544425964,이니스프리
persona_8,1087,0.8328878879547119,이니스프리
persona_8,1088,0.8047152161598206,이니스프리
persona_8,1089,0.7974867224693298,이니스프리
persona_8,1090,0.8045879602432251,이니스프리
persona_8,1091,0.7411825656890869,이니스프리
persona_8,1092,0.8017115592956543,이니스프리
persona_8,1093,0.7233145236968994,이니스프리
persona_8,1094,0.768304705619812,이니스프리
persona_8,1095,0.7712470889091492,이니스프리
persona_8,1096,0.7974867224693298,이니스프리
persona_8,1097,0.7806559801101685,이니스프리
persona_8,1098,0.7813949584960938,이니스프리
persona_8,1099,0.728289008140564,이니스프리
persona_8,1100,0.7967574000358582,이니스프리
persona_8,1101,0.7214605212211609,이니스프리
persona_8,1102,0.7558197975158691,이니스프리
persona_8,1103,0.7490742206573486,이니스프리
persona_8,1104,0.8034877777099609,이니스프리
persona_8,1105,0.801720142364502,이니스프리
persona_8,1106,0.7813949584960938,이니스프리
persona_8,1107,0.7919408082962036,이니스프리
persona_8,1108,0.779736340045929,이니스프리
persona_8,1109,0.7634863257408142,이니스프리
persona_8,1110,0.7517589330673218,이니스프리
persona_8,1111,0.8089830875396729,이니스프리
persona_8,1112,0.7959832549095154,이니스프리
persona_8,1113,0.7926868200302124,이니스프리
persona_8,1114,0.8017115592956543,이니스프리
persona_8,1115,0.7834940552711487,이니스프리
persona_8,1116,0.7684272527694702,이니스프리
persona_8,1117,0.8319224119186401,이니스프리
persona_8,1118,0.7329118847846985,이니스프리
persona_8,1119,0.7665420174598694,이니스프리
persona_8,1120,0.7280780076980591,이니스프리
persona_8,1121,0.8211479783058167,이니스프리
persona_8,1122,0.7852325439453125,이니스프리
persona_8,1123,0.799606204032898,이니스프리
persona_8,1124,0.8045879602432251,이니스프리
persona_8,1125,0.8328878879547119,이니스프리
persona_8,1126,0.8321366310119629,이니스프리
persona_8,1127,0.799606204032898,이니스프리
persona_8,1128,0.7907617688179016,이니스프리
persona_8,1129,0.8311739563941956,이니스프리
persona_8,1130,0.8015050888061523,이니스프리
persona_8,1131,0.7941988706588745,이니스프리
persona_8,1132,0.801720142364502,이니스프리
persona_8,1133,0.801720142364502,이니스프리
persona_8,1134,0.8045879602432251,이니스프리
persona_8,1135,0.8101924657821655,이니스프리
persona_8,1136,0.7317596673965454,이니스프리
persona_8,1137,0.7629703879356384,이니스프리
persona_8,1138,0.8311739563941956,이니스프리
persona_8,1139,0.8003585338592529,이니스프리
persona_8,1140,0.8045879602432251,이니스프리
persona_8,1141,0.7709288597106934,이니스프리
persona_8,1142,0.8045879602432251,이니스프리
persona_8,1143,0.7628551721572876,이니스프리
persona_8,1144,0.8045879602432251,이니스프리
persona_8,1145,0.7525129914283752,메디안
persona_8,1146,0.8175812363624573,메디안
persona_8,1147,0.816627025604248,메디안
persona_8,1148,0.7357540130615234,메디안
persona_8,1149,0.816627025604248,메디안
persona_8,1150,0.816627025604248,메디안
persona_8,1151,0.8183402419090271,메디안
persona_8,1152,0.8175812363624573,메디안
persona_8,1153,0.816627025604248,메디안
persona_8,1154,0.8161264061927795,메디안
persona_8,1155,0.8175812363624573,메디안
persona_8,1156,0.7364630103111267,메디안
persona_8,1157,0.816627025604248,메디안
persona_8,1158,0.816627025604248,메디안
persona_8,1159,0.816627025604248,메디안
persona_8,1160,0.816627025604248,메디안
persona_8,1161,0.6751509308815002,메디안
persona_8,1162,0.8175812363624573,메디안
persona_8,1163,0.655205488204956,메디안
persona_8,1164,0.816627025604248,메디안
persona_8,1165,0.816627025604248,메디안
persona_8,1166,0.8174101114273071,메디안
persona_8,1167,0.8175812363624573,메디안
persona_8,1168,0.8175812363624573,메디안
persona_8,1169,0.8175812363624573,메디안
persona_8,1170,0.655205488204956,메디안
persona_8,1171,0.668620765209198,메디안
persona_8,1172,0.8175812363624573,메디안
persona_8,1173,0.7642014026641846,메디안
persona_8,1174,0.8175812363624573,메디안
persona_8,1175,0.8183402419090271,메디안
persona_8,1176,0.7954005599021912,메디안
persona_8,1177,0.7390205264091492,비레디
persona_8,1178,0.7450729608535767,라네즈
persona_8,1179,0.7846644520759583,비레디
persona_8,1180,0.7910370826721191,라네즈
persona_8,1181,0.7664868831634521,비레디
persona_8,1182,0.7729464173316956,라네즈
persona_8,1183,0.7859848141670227,비레디
persona_8,1184,0.7923893928527832,라네즈
persona_8,1185,0.7143444418907166,비레디
persona_8,1186,0.7202976942062378,라네즈
persona_8,1187,0.8213639259338379,비레디
persona_8,1188,0.8280268311500549,라네즈
persona_8,1189,0.7143444418907166,비레디
persona_8,1190,0.7202976942062378,라네즈
persona_8,1191,0.7872375249862671,비레디
persona_8,1192,0.7936310768127441,라네즈
persona_8,1193,0.7943660020828247,비레디
persona_8,1194,0.8007851839065552,라네즈
persona_8,1195,0.7611668705940247,비레디
persona_8,1196,0.7675122618675232,라네즈
persona_8,1197,0.7427665591239929,비레디
persona_8,1198,0.7489073872566223,라네즈
persona_8,1199,0.772005558013916,비레디
persona_8,1200,0.7781972289085388,라네즈
persona_8,1201,0.7832930684089661,비레디
persona_8,1202,0.7895816564559937,라네즈
persona_8,1203,0.8204077482223511,비레디
persona_8,1204,0.8270672559738159,라네즈
persona_8,1205,0.7943660020828247,비레디
persona_8,1206,0.8007851839065552,라네즈
persona_8,1207,0.7375534176826477,비레디
persona_8,1208,0.7435308694839478,라네즈
persona_8,1209,0.705325186252594,비레디
persona_8,1210,0.7113592624664307,라네즈
persona_8,1211,0.7542920708656311,비레디
persona_8,1212,0.760425329208374,라네즈
persona_8,1213,0.7427665591239929,비레디
persona_8,1214,0.7489073872566223,라네즈
persona_8,1215,0.7370132803916931,비레디
persona_8,1216,0.7430552840232849,라네즈
persona_8,1217,0.7370132803916931,비레디
persona_8,1218,0.7430552840232849,라네즈
persona_8,1219,0.7370132803916931,비레디
persona_8,1220,0.7430552840232849,라네즈
persona_8,1221,0.8204077482223511,비레디
persona_8,1222,0.8270672559738159,라네즈
persona_8,1223,0.8204077482223511,비레디
persona_8,1224,0.8270672559738159,라네즈
persona_8,1225,0.8204077482223511,비레디
persona_8,1226,0.8270672559738159,라네즈
persona_8,1227,0.8204077482223511,비레디
persona_8,1228,0.8270672559738159,라네즈
persona_8,1229,0.8204077482223511,비레디
persona_8,1230,0.8270672559738159,라네즈
persona_8,1231,0.7914900183677673,비레디
persona_8,1232,0.798030436038971,라네즈
persona_8,1233,0.9089574813842773,퍼즐우드
persona_8,1234,0.9109389781951904,퍼즐우드
persona_8,1235,0.9126099348068237,퍼즐우드
persona_8,1236,0.9109389781951904,퍼즐우드
persona_8,1237,0.9109389781951904,퍼즐우드
persona_8,1238,0.9104165434837341,퍼즐우드
persona_8,1239,0.9083535075187683,퍼즐우드
persona_8,1240,0.9109389781951904,퍼즐우드
persona_8,1241,0.9104165434837341,퍼즐우드
persona_8,1242,0.9104165434837341,퍼즐우드
persona_8,1243,0.9104165434837341,퍼즐우드
persona_8,1244,0.9104165434837341,퍼즐우드
persona_8,1245,0.9104165434837341,퍼즐우드
persona_8,1246,0.7973076701164246,퍼즐우드
persona_8,1247,0.9104165434837341,퍼즐우드
persona_8,1248,0.9083535075187683,퍼즐우드
persona_8,1249,0.9083535075187683,퍼즐우드
persona_8,1250,0.9083535075187683,퍼즐우드
persona_8,1251,0.9109389781951904,퍼즐우드
persona_8,1252,0.9104165434837341,퍼즐우드
persona_8,1253,0.9104165434837341,퍼즐우드
persona_8,1254,0.9126099348068237,퍼즐우드
persona_8,1255,0.9104165434837341,퍼즐우드
persona_8,1256,0.9109389781951904,퍼즐우드
persona_8,1257,0.9104165434837341,퍼즐우드
persona_8,1258,0.9083535075187683,퍼즐우드
persona_8,1259,0.9104165434837341,퍼즐우드
persona_8,1260,0.9104165434837341,퍼즐우드
persona_8,1261,0.9104165434837341,퍼즐우드
persona_8,1262,0.9104165434837341,퍼즐우드
persona_8,1263,0.9104165434837341,퍼즐우드
persona_8,1264,0.9104165434837341,퍼즐우드
persona_8,1265,0.9104165434837341,퍼즐우드
persona_8,1266,0.9083535075187683,퍼즐우드
persona_8,1267,0.7916074395179749,퍼즐우드
persona_8,1268,0.9104165434837341,퍼즐우드
persona_8,1269,0.9104165434837341,퍼즐우드
persona_8,1270,0.9109389781951904,퍼즐우드
persona_8,1271,0.9126099348068237,퍼즐우드
persona_8,1272,0.9104165434837341,퍼즐우드
persona_8,1273,0.8391849994659424,퍼즐우드
persona_8,1274,0.7979902029037476,퍼즐우드
persona_8,1275,0.9104165434837341,퍼즐우드
persona_8,1276,0.9104165434837341,퍼즐우드
persona_8,1277,0.9104165434837341,퍼즐우드
persona_8,1278,0.9104165434837341,퍼즐우드
persona_8,1279,0.9109389781951904,퍼즐우드
persona_8,1280,0.9104165434837341,퍼즐우드
persona_8,1281,0.9104165434837341,퍼즐우드
persona_8,1282,0.9109389781951904,퍼즐우드
persona_8,1283,0.9109389781951904,퍼즐우드
persona_8,1284,0.9104165434837341,퍼즐우드
persona_8,1285,0.9109389781951904,퍼즐우드
persona_8,1286,0.9109389781951904,퍼즐우드
persona_8,1287,0.9109389781951904,퍼즐우드
persona_8,1288,0.9104165434837341,퍼즐우드
persona_8,1289,0.9104165434837341,퍼즐우드
persona_8,1290,0.9104165434837341,퍼즐우드
persona_8,1291,0.9104165434837341,퍼즐우드
persona_8,1292,0.9119316339492798,퍼즐우드
persona_8,1293,0.9109389781951904,퍼즐우드
persona_8,1294,0.9109389781951904,퍼즐우드
persona_8,1295,0.9104165434837341,퍼즐우드
persona_8,1296,0.9104165434837341,퍼즐우드
persona_8,1297,0.834596574306488,퍼즐우드
persona_8,1298,0.7856311202049255,마몽드
persona_8,1299,0.7577244639396667,마몽드
persona_8,1300,0.7841323614120483,마몽드
persona_8,1301,0.8226401209831238,마몽드
persona_8,1302,0.7593188881874084,마몽드
persona_8,1303,0.7955369353294373,마몽드
persona_8,1304,0.8224538564682007,마몽드
persona_8,1305,0.788554847240448,마몽드
persona_8,1306,0.7978891730308533,마몽드
persona_8,1307,0.8006206154823303,마몽드
persona_8,1308,0.7938518524169922,마몽드
persona_8,1309,0.7219792604446411,마몽드
persona_8,1310,0.7446476817131042,마몽드
persona_8,1311,0.788554847240448,마몽드
persona_8,1312,0.7593188881874084,마몽드
persona_8,1313,0.7892418503761292,마몽드
persona_8,1314,0.7593188881874084,마몽드
persona_8,1315,0.7829931378364563,마몽드
persona_8,1316,0.7587042450904846,마몽드
persona_8,1317,0.7955369353294373,마몽드
persona_8,1318,0.7838701009750366,마몽드
persona_8,1319,0.8226401209831238,마몽드
persona_8,1320,0.7978891730308533,마몽드
persona_8,1321,0.782252848148346,마몽드
persona_8,1322,0.7927265167236328,마몽드
persona_8,1323,0.7956061363220215,마몽드
persona_8,1324,0.7860314846038818,마몽드
persona_8,1325,0.7925753593444824,마몽드
persona_8,1326,0.796699583530426,마몽드
persona_8,1327,0.7978891730308533,마몽드
persona_8,1328,0.7955369353294373,마몽드
persona_8,1329,0.7829694151878357,마몽드
persona_8,1330,0.8233970403671265,마몽드
persona_8,1331,0.7165272831916809,마몽드
persona_8,1332,0.7860314846038818,마몽드
persona_8,1333,0.8194084763526917,마몽드
persona_8,1334,0.8194084763526917,마몽드
persona_8,1335,0.7682070732116699,마몽드
persona_8,1336,0.7933809161186218,마몽드
persona_8,1337,0.8194084763526917,마몽드
persona_8,1338,0.7955889701843262,마몽드
persona_8,1339,0.7831038236618042,마몽드
persona_8,1340,0.7869689464569092,마몽드
persona_8,1341,0.8226401209831238,마몽드
persona_8,1342,0.7682070732116699,마몽드
persona_8,1343,0.7406903505325317,마몽드
persona_8,1344,0.8226401209831238,마몽드
persona_8,1345,0.76783287525177,마몽드
persona_8,1346,0.7348220348358154,마몽드
persona_8,1347,0.7334108352661133,마몽드
persona_8,1348,0.8226401209831238,마몽드
persona_8,1349,0.8233970403671265,마몽드
persona_8,1350,0.8233970403671265,마몽드
persona_8,1351,0.8226401209831238,마몽드
persona_8,1352,0.8216837644577026,마몽드
persona_8,1353,0.8216837644577026,마몽드
persona_8,1354,0.8216837644577026,마몽드
persona_8,1355,0.8226401209831238,마몽드
persona_8,1356,0.8226401209831238,마몽드
persona_8,1357,0.7944899797439575,마몽드
persona_8,1358,0.8226401209831238,마몽드
persona_8,1359,0.8233970403671265,마몽드
persona_8,1360,0.8233970403671265,마몽드
persona_8,1361,0.8226401209831238,마몽드
persona_8,1362,0.8226401209831238,마몽드
persona_8,1363,0.7955369353294373,마몽드
persona_8,1364,0.7018887996673584,오설록
persona_8,1365,0.6949877738952637,오설록
persona_8,1366,0.6874678134918213,오설록
persona_8,1367,0.6962503790855408,오설록
persona_8,1368,0.7018887996673584,오설록
persona_8,1369,0.7096205353736877,오설록
persona_8,1370,0.6962503790855408,오설록
persona_8,1371,0.6930666565895081,오설록
persona_8,1372,0.6874678134918213,오설록
persona_8,1373,0.7237723469734192,오설록
persona_8,1374,0.6962503790855408,오설록
persona_8,1375,0.7066708207130432,오설록
persona_8,1376,0.7237723469734192,오설록
persona_8,1377,0.7096205353736877,오설록
persona_8,1378,0.7210320830345154,오설록
persona_8,1379,0.6949877738952637,오설록
persona_8,1380,0.6949877738952637,오설록
persona_8,1381,0.7048373222351074,오설록
persona_8,1382,0.7237723469734192,오설록
persona_8,1383,0.7237723469734192,오설록
persona_8,1384,0.7237723469734192,오설록
persona_8,1385,0.7024065256118774,오설록
persona_8,1386,0.6949877738952637,오설록
persona_8,1387,0.6832852363586426,오설록
persona_8,1388,0.6949877738952637,오설록
persona_8,1389,0.7127928137779236,오설록
persona_8,1390,0.7127928137779236,오설록
persona_8,1391,0.6949877738952637,오설록
persona_8,1392,0.7237723469734192,오설록
persona_8,1393,0.7128974795341492,오설록
persona_8,1394,0.7237723469734192,오설록
persona_8,1395,0.7097230553627014,오설록
persona_8,1396,0.6874678134918213,오설록
persona_8,1397,0.7237723469734192,오설록
persona_8,1398,0.7048373222351074,오설록
persona_8,1399,0.6930666565895081,오설록
persona_8,1400,0.7237723469734192,오설록
persona_8,1401,0.6977203488349915,오설록
persona_8,1402,0.7237723469734192,오설록
persona_8,1403,0.6859923601150513,오설록
persona_8,1404,0.6859923601150513,오설록
persona_8,1405,0.7237723469734192,오설록
persona_8,1406,0.7127928137779236,오설록
persona_8,1407,0.7128974795341492,오설록
persona_8,1408,0.6977203488349915,오설록
persona_8,1409,0.6977203488349915,오설록
persona_8,1410,0.7127928137779236,오설록
persona_8,1411,0.7237723469734192,오설록
persona_8,1412,0.6860092878341675,오설록
persona_8,1413,0.713203489780426,오설록
persona_8,1414,0.7237723469734192,오설록
persona_8,1415,0.6977203488349915,오설록
persona_8,1416,0.7237723469734192,오설록
persona_8,1417,0.6949877738952637,오설록
persona_8,1418,0.7127928137779236,오설록
persona_8,1419,0.7237723469734192,오설록
persona_8,1420,0.7127928137779236,오설록
persona_8,1421,0.7048243284225464,오설록
persona_8,1422,0.7128974795341492,오설록
persona_8,1423,0.6859923601150513,오설록
persona_8,1424,0.7127928137779236,오설록
persona_8,1425,0.7066708207130432,오설록
persona_8,1426,0.7281956076622009,오설록
persona_8,1427,0.7281956076622009,오설록
persona_8,1428,0.7237723469734192,오설록
persona_8,1429,0.7237723469734192,오설록
persona_8,1430,0.6922320127487183,오설록
persona_8,1431,0.6874678134918213,오설록
persona_8,1432,0.6977203488349915,오설록
persona_8,1433,0.6930666565895081,오설록
persona_8,1434,0.6764711141586304,오설록
persona_8,1435,0.6930666565895081,오설록
persona_8,1436,0.6977203488349915,오설록
persona_8,1437,0.6977203488349915,오설록
persona_8,1438,0.7281956076622009,오설록
persona_8,1439,0.6977203488349915,오설록
persona_8,1440,0.6930666565895081,오설록
persona_8,1441,0.6930666565895081,오설록
persona_8,1442,0.6977203488349915,오설록
persona_8,1443,0.6977203488349915,오설록
persona_8,1444,0.7237723469734192,오설록
persona_8,1445,0.7127928137779236,오설록
persona_8,1446,0.6977203488349915,오설록
persona_8,1447,0.6930666565895081,오설록
persona_8,1448,0.7127928137779236,오설록
persona_8,1449,0.6977203488349915,오설록
persona_8,1450,0.7127928137779236,오설록
persona_8,1451,0.7127928137779236,오설록
persona_8,1452,0.7127928137779236,오설록
persona_8,1453,0.6930666565895081,오설록
persona_8,1454,0.7080690264701843,오설록
persona_8,1455,0.6977203488349915,오설록
persona_8,1456,0.6977203488349915,오설록
persona_8,1457,0.6949877738952637,오설록
persona_8,1458,0.7020103335380554,오설록
persona_8,1459,0.7043258547782898,오설록
persona_8,1460,0.7388220429420471,오설록
persona_8,1461,0.7237723469734192,오설록
persona_8,1462,0.6874678134918213,오설록
persona_8,1463,0.6949877738952637,오설록
persona_8,1464,0.6949877738952637,오설록
persona_8,1465,0.6949877738952637,오설록
persona_8,1466,0.6832852363586426,오설록
persona_8,1467,0.6948820948600769,오설록
persona_8,1468,0.6832852363586426,오설록
persona_8,1469,0.7743043899536133,려
persona_8,1470,0.7804170250892639,려
persona_8,1471,0.7401725053787231,려
persona_8,1472,0.7100951075553894,려
persona_8,1473,0.7830119132995605,려
persona_8,1474,0.7331128716468811,려
persona_8,1475,0.7892584204673767,려
persona_8,1476,0.7669376730918884,려
persona_8,1477,0.7830119132995605,려
persona_8,1478,0.7925058007240295,려
persona_8,1479,0.770646333694458,려
persona_8,1480,0.7830119132995605,려
persona_8,1481,0.7951529622077942,려
persona_8,1482,0.8048986196517944,려
persona_8,1483,0.7822473645210266,려
persona_8,1484,0.7893519401550293,려
persona_8,1485,0.7863379716873169,려
persona_8,1486,0.7823519706726074,려
persona_8,1487,0.8160907626152039,려
persona_8,1488,0.8168496489524841,려
persona_8,1489,0.8160907626152039,려
persona_8,1490,0.8168496489524841,려
persona_8,1491,0.7923510670661926,려
persona_8,1492,0.8160907626152039,려
persona_8,1493,0.8160907626152039,려
persona_8,1494,0.787146270275116,려
persona_8,1495,0.8168496489524841,려
persona_8,1496,0.8168496489524841,려
persona_8,1497,0.8168496489524841,려
persona_8,1498,0.8168496489524841,려
persona_8,1499,0.8168496489524841,려
persona_8,1500,0.8168496489524841,려
persona_8,1501,0.7365046143531799,려
persona_8,1502,0.8099405169487,설화수
persona_8,1503,0.7716528177261353,설화수
persona_8,1504,0.8099405169487,설화수
persona_8,1505,0.7694666981697083,설화수
persona_8,1506,0.7716528177261353,설화수
persona_8,1507,0.8104385733604431,설화수
persona_8,1508,0.7694666981697083,설화수
persona_8,1509,0.8099405169487,설화수
persona_8,1510,0.7703863978385925,설화수
persona_8,1511,0.6715956926345825,설화수
persona_8,1512,0.7433661222457886,설화수
persona_8,1513,0.8099405169487,설화수
persona_8,1514,0.7744055390357971,설화수
persona_8,1515,0.7863070368766785,설화수
persona_8,1516,0.764285147190094,설화수
persona_8,1517,0.7482216954231262,설화수
persona_8,1518,0.7060592174530029,설화수
persona_8,1519,0.7816722393035889,설화수
persona_8,1520,0.764285147190094,설화수
persona_8,1521,0.703281581401825,설화수
persona_8,1522,0.8099405169487,설화수
persona_8,1523,0.7694666981697083,설화수
persona_8,1524,0.8099405169487,설화수
persona_8,1525,0.7257570624351501,설화수
persona_8,1526,0.7863070368766785,설화수
persona_8,1527,0.8104385733604431,설화수
persona_8,1528,0.8104385733604431,설화수
persona_8,1529,0.7863070368766785,설화수
persona_8,1530,0.7824675440788269,설화수
persona_8,1531,0.7819529175758362,설화수
persona_8,1532,0.7404314875602722,설화수
persona_8,1533,0.7786090970039368,설화수
persona_8,1534,0.7422968149185181,설화수
persona_8,1535,0.7312204241752625,설화수
persona_8,1536,0.8099405169487,설화수
persona_8,1537,0.7757138013839722,설화수
persona_8,1538,0.764285147190094,설화수
persona_8,1539,0.7724974751472473,설화수
persona_8,1540,0.8099405169487,설화수
persona_8,1541,0.7548922300338745,설화수
persona_8,1542,0.7368404269218445,설화수
persona_8,1543,0.7863070368766785,설화수
persona_8,1544,0.7328342199325562,설화수
persona_8,1545,0.7650293707847595,설화수
persona_8,1546,0.7786090970039368,설화수
persona_8,1547,0.7816722393035889,설화수
persona_8,1548,0.7352774143218994,설화수
persona_8,1549,0.7404314875602722,설화수
persona_8,1550,0.6715956926345825,설화수
persona_8,1551,0.7786090970039368,설화수
persona_8,1552,0.7803462743759155,설화수
persona_8,1553,0.7424322962760925,설화수
persona_8,1554,0.8099405169487,설화수
persona_8,1555,0.7744780778884888,설화수
persona_8,1556,0.7744780778884888,설화수
persona_8,1557,0.7724974751472473,설화수
persona_8,1558,0.7764319777488708,설화수
persona_8,1559,0.7757138013839722,설화수
persona_8,1560,0.78089439868927,설화수
persona_8,1561,0.7816722393035889,설화수
persona_8,1562,0.7786090970039368,설화수
persona_8,1563,0.7757138013839722,설화수
persona_8,1564,0.7824675440788269,설화수
persona_8,1565,0.7803462743759155,설화수
persona_8,1566,0.7328342199325562,설화수
persona_8,1567,0.7824579477310181,설화수
persona_8,1568,0.7764315605163574,설화수
persona_8,1569,0.7719561457633972,설화수
persona_8,1570,0.7719561457633972,설화수
persona_8,1571,0.7745314240455627,설화수
persona_8,1572,0.7527728080749512,설화수
persona_8,1573,0.7794308066368103,설화수
persona_8,1574,0.7680404782295227,설화수
persona_8,1575,0.7053249478340149,설화수
persona_8,1576,0.7791435718536377,설화수
persona_8,1577,0.7824583649635315,설화수
persona_8,1578,0.7744787335395813,설화수
persona_8,1579,0.7744787335395813,설화수
persona_8,1580,0.7763528227806091,설화수
