상품명,brand,URL,price_original,category,subcategory
메이크온 시너지 마스크,메이크온,https://www.amoremall.com/kr/ko/product/detail?onlineProdSn=64345,4000.0,스킨케어,마스크팩
가볍게 마시는 히알루론산,메이크온,https://www.amoremall.com/kr/ko/product/detail?onlineProdSn=64863,35000.0,건기식,기능성식품
스킨 라이트 테라피 III,메이크온,https://www.amoremall.com/kr/ko/product/detail?onlineProdSn=64314,350000.0,디바이스,스킨기기
스킨 라이트 테라피 3S,메이크온,https://www.amoremall.com/kr/ko/product/detail?onlineProdSn=24733,473333.0,디바이스,스킨기기
젬 소노 테라피 릴리프,메이크온,https://www.amoremall.com/kr/ko/product/detail?onlineProdSn=21343,325000.0,디바이스,스킨기기
히알루로닉 스파 캡슐 24개입,메이크온,https://www.amoremall.com/kr/ko/product/detail?onlineProdSn=56301,90000.0,건기식,기능성식품
마그네타이트 바디롤러,메이크온,https://www.amoremall.com/kr/ko/product/detail?onlineProdSn=38492,180000.0,바디,바디케어
,메이크온,https://www.amoremall.com/kr/ko/product/detail?onlineProdSn=67302,1899000.0,기타,미분류
페이셜 부스팅 스파,메이크온,https://www.amoremall.com/kr/ko/product/detail?onlineProdSn=49262,450000.0,기타,미분류
수분가득 콜라겐 시트 마스크 25ml,에뛰드,https://www.amoremall.com/kr/ko/product/detail?onlineProdSn=59901,2477.0,스킨케어,마스크팩
드로잉 아이 브로우 0.25g,에뛰드,https://www.amoremall.com/kr/ko/product/detail?onlineProdSn=53224,4000.0,메이크업,아이브로우
진저슈가 립케어 2종 기획세트,에뛰드,https://www.amoremall.com/kr/ko/product/detail?onlineProdSn=67468,19000.0,메이크업,립제품
왓츠 인 마이 아이즈,에뛰드,https://www.amoremall.com/kr/ko/product/detail?onlineProdSn=64004,6000.0,메이크업,아이섀도우
디어 달링 워터젤 틴트,에뛰드,https://www.amoremall.com/kr/ko/product/detail?onlineProdSn=62614,8000.0,메이크업,립틴트
왓츠 인 마이 아이즈 카페 더블,에뛰드,https://www.amoremall.com/kr/ko/product/detail?onlineProdSn=66617,8000.0,메이크업,아이섀도우
수분가득 콜라겐 딥시트 마스크 37ml,에뛰드,https://www.amoremall.com/kr/ko/product/detail?onlineProdSn=59902,3465.0,스킨케어,마스크팩
순정 디렉터 수분 선크림 기획세트 SPF50+/PA++++,에뛰드,https://www.amoremall.com/kr/ko/product/detail?onlineProdSn=58930,25000.0,선케어,선크림
닥터 마스카라 픽서 포 래쉬  6g,에뛰드,https://www.amoremall.com/kr/ko/product/detail?onlineProdSn=58927,8000.0,메이크업,마스카라
프루프 10 젤 방수 펜슬 0.3 g,에뛰드,https://www.amoremall.com/kr/ko/product/detail?onlineProdSn=53287,8000.0,메이크업,아이라이너
순정 디렉터 선크림,에뛰드,https://www.amoremall.com/kr/ko/product/detail?onlineProdSn=65684,25000.0,선케어,선크림
뽀오얀 미소 발효 립&아이 리무버 250ml,에뛰드,https://www.amoremall.com/kr/ko/product/detail?onlineProdSn=59263,15000.0,클렌징,리무버
님프 광채볼류머 투명한 물광 24g,에뛰드,https://www.amoremall.com/kr/ko/product/detail?onlineProdSn=61744,20000.0,건기식,기능성식품
청순거짓 브라우카라 대용량 기획세트,에뛰드,https://www.amoremall.com/kr/ko/product/detail?onlineProdSn=60224,9000.0,기타,미분류
컬 픽스 마스카라,에뛰드,https://www.amoremall.com/kr/ko/product/detail?onlineProdSn=61748,16000.0,메이크업,마스카라
블링블링 아이스틱 1.4g,에뛰드,https://www.amoremall.com/kr/ko/product/detail?onlineProdSn=53248,6500.0,건기식,기능성식품
라인 픽스 브러쉬 라이너 0.5g,에뛰드,https://www.amoremall.com/kr/ko/product/detail?onlineProdSn=59634,14000.0,메이크업,아이라이너
팡팡 헤어 섀도우 3.5g,에뛰드,https://www.amoremall.com/kr/ko/product/detail?onlineProdSn=56329,16000.0,메이크업,아이섀도우
픽싱틴트 4g,에뛰드,https://www.amoremall.com/kr/ko/product/detail?onlineProdSn=53296,12000.0,메이크업,립틴트
진저슈가 립밤스틱 3.7g,에뛰드,https://www.amoremall.com/kr/ko/product/detail?onlineProdSn=55140,8000.0,건기식,기능성식품
진저슈가 에센셜 립밤 15ml,에뛰드,https://www.amoremall.com/kr/ko/product/detail?onlineProdSn=55141,7500.0,스킨케어,크림
그림자쉐딩 재창조 & 재창조 쉐딩스틱 기획세트,에뛰드,https://www.amoremall.com/kr/ko/product/detail?onlineProdSn=61732,20000.0,기타,미분류
슈팅빔 하이라이터 3g,에뛰드,https://www.amoremall.com/kr/ko/product/detail?onlineProdSn=66916,14000.0,건기식,기능성식품
순정 디렉터 톤업 수정 선크림 기획 세트 SPF50+/PA++++,에뛰드,https://www.amoremall.com/kr/ko/product/detail?onlineProdSn=61235,25000.0,선케어,선크림
베어 엣지 슬림 브로우 0.1g,에뛰드,https://www.amoremall.com/kr/ko/product/detail?onlineProdSn=53246,8000.0,메이크업,아이브로우
플레이 101 스틱 컨투어 듀오,에뛰드,https://www.amoremall.com/kr/ko/product/detail?onlineProdSn=54849,13000.0,기타,미분류
컬픽스 마스카라 올인원 3종 세트,에뛰드,https://www.amoremall.com/kr/ko/product/detail?onlineProdSn=65465,35000.0,메이크업,마스카라
"6,400원",에뛰드,https://www.amoremall.com/kr/ko/product/detail?onlineProdSn=66100,8000.0,기타,미분류
아이돌 리얼 래쉬 픽서 8ml,에뛰드,https://www.amoremall.com/kr/ko/product/detail?onlineProdSn=55144,8000.0,메이크업,마스카라
베이킹 파우더 모공 클렌징 폼 듀오세트,에뛰드,https://www.amoremall.com/kr/ko/product/detail?onlineProdSn=59995,12000.0,기타,미분류
포근 픽싱틴트 4g,에뛰드,https://www.amoremall.com/kr/ko/product/detail?onlineProdSn=66096,16000.0,메이크업,립틴트
순정 약산성 클렌징 밀크 200ml,에뛰드,https://www.amoremall.com/kr/ko/product/detail?onlineProdSn=64512,19000.0,기타,미분류
리얼아트 클렌징 오일 모이스처 2종 세트,에뛰드,https://www.amoremall.com/kr/ko/product/detail?onlineProdSn=67125,27000.0,기타,미분류
디어달링 마커틴트,에뛰드,https://www.amoremall.com/kr/ko/product/detail?onlineProdSn=61743,11000.0,메이크업,립틴트
님프 듀이 베이스프렙 30ml,에뛰드,https://www.amoremall.com/kr/ko/product/detail?onlineProdSn=66610,20000.0,기타,미분류
뽀용 아이 메이커,에뛰드,https://www.amoremall.com/kr/ko/product/detail?onlineProdSn=66097,24000.0,기타,미분류
재창조 메이커 1g,에뛰드,https://www.amoremall.com/kr/ko/product/detail?onlineProdSn=59993,14000.0,건기식,기능성식품
오 마이 래쉬 쌩얼 카라 7ml,에뛰드,https://www.amoremall.com/kr/ko/product/detail?onlineProdSn=53657,9000.0,기타,미분류
파워 래쉬 속눈썹 영양제 6g,에뛰드,https://www.amoremall.com/kr/ko/product/detail?onlineProdSn=53656,23000.0,건기식,기능성식품
재창조 메이커 오버립,에뛰드,https://www.amoremall.com/kr/ko/product/detail?onlineProdSn=61488,14000.0,기타,미분류
순정 약산성 5.5 폼 클렌저 150ml,에뛰드,https://www.amoremall.com/kr/ko/product/detail?onlineProdSn=58268,12000.0,기타,미분류
진저슈가 오버나이트 립마스크 23g,에뛰드,https://www.amoremall.com/kr/ko/product/detail?onlineProdSn=55142,11000.0,스킨케어,마스크팩
수분가득 콜라겐 아이크림 28ml,에뛰드,https://www.amoremall.com/kr/ko/product/detail?onlineProdSn=53252,23000.0,스킨케어,크림
컬러 래스팅 글로우 스틱 3.2g,에뛰드,https://www.amoremall.com/kr/ko/product/detail?onlineProdSn=62608,16000.0,건기식,기능성식품
빅 커버 스킨 핏 컨실러 7g,에뛰드,https://www.amoremall.com/kr/ko/product/detail?onlineProdSn=59269,13000.0,건기식,기능성식품
닥터 마스카라 픽서 6g,에뛰드,https://www.amoremall.com/kr/ko/product/detail?onlineProdSn=67466,8000.0,메이크업,마스카라
뽀오얀 미소 발효 클렌징오일 150ml,에뛰드,https://www.amoremall.com/kr/ko/product/detail?onlineProdSn=59264,19000.0,기타,미분류
베이킹 파우더 B.B 딥 클렌징폼 160g,에뛰드,https://www.amoremall.com/kr/ko/product/detail?onlineProdSn=54907,9000.0,건기식,기능성식품
순정 디렉터 무기자차 선크림 기획세트 SPF50+/PA++++,에뛰드,https://www.amoremall.com/kr/ko/product/detail?onlineProdSn=58928,25000.0,선케어,선크림
피지쏙 파우더 5g,에뛰드,https://www.amoremall.com/kr/ko/product/detail?onlineProdSn=58259,10000.0,건기식,기능성식품
오마이래쉬 마스카라 1호 탑코트 12g,에뛰드,https://www.amoremall.com/kr/ko/product/detail?onlineProdSn=54841,6000.0,메이크업,마스카라
플레이 멀티 아이즈,에뛰드,https://www.amoremall.com/kr/ko/product/detail?onlineProdSn=66101,22000.0,메이크업,아이섀도우
피지쏙 젤리 파우더 8g,에뛰드,https://www.amoremall.com/kr/ko/product/detail?onlineProdSn=65614,15000.0,건기식,기능성식품
원더포어 프레쉬너 2종 세트,에뛰드,https://www.amoremall.com/kr/ko/product/detail?onlineProdSn=62024,18000.0,기타,미분류
더블 래스팅 비건 커버 파운데이션 SPF32/PA++ 30 g,에뛰드,https://www.amoremall.com/kr/ko/product/detail?onlineProdSn=60597,29000.0,선케어,선크림
순정 판텐소사이드10 시카밤 50ml,에뛰드,https://www.amoremall.com/kr/ko/product/detail?onlineProdSn=60162,25000.0,스킨케어,크림
래쉬 업 콤브 마스카라 8g,에뛰드,https://www.amoremall.com/kr/ko/product/detail?onlineProdSn=59904,16000.0,메이크업,마스카라
글로우 픽싱 틴트 3.8g,에뛰드,https://www.amoremall.com/kr/ko/product/detail?onlineProdSn=58921,14000.0,메이크업,립틴트
러블리쿠키 블러셔,에뛰드,https://www.amoremall.com/kr/ko/product/detail?onlineProdSn=54857,9000.0,기타,미분류
마스카라 전용 리무버 80ml,에뛰드,https://www.amoremall.com/kr/ko/product/detail?onlineProdSn=54845,8407.0,메이크업,마스카라
립 앤 아이 리무버 250ml,에뛰드,https://www.amoremall.com/kr/ko/product/detail?onlineProdSn=53655,13000.0,클렌징,리무버
오버 글로이 틴트,에뛰드,https://www.amoremall.com/kr/ko/product/detail?onlineProdSn=61167,14000.0,메이크업,립틴트
뽀오얀 미소 발효 클렌징폼 150ml,에뛰드,https://www.amoremall.com/kr/ko/product/detail?onlineProdSn=59265,9000.0,기타,미분류
하트 팝 블러셔 4g,에뛰드,https://www.amoremall.com/kr/ko/product/detail?onlineProdSn=58923,13000.0,건기식,기능성식품
순정 2x 베리어 보습 크림 60ml,에뛰드,https://www.amoremall.com/kr/ko/product/detail?onlineProdSn=58429,17000.0,스킨케어,크림
순정 약산성 6.5 휩 클렌저 150ml,에뛰드,https://www.amoremall.com/kr/ko/product/detail?onlineProdSn=58265,15000.0,기타,미분류
순정 약산성 5.5 진정 토너 350ml,에뛰드,https://www.amoremall.com/kr/ko/product/detail?onlineProdSn=58263,27000.0,기타,미분류
애교살 메이커,에뛰드,https://www.amoremall.com/kr/ko/product/detail?onlineProdSn=54858,12000.0,기타,미분류
페이스 브라이트너,에뛰드,https://www.amoremall.com/kr/ko/product/detail?onlineProdSn=66099,18000.0,기타,미분류
디어달링 오일틴트 4.2g,에뛰드,https://www.amoremall.com/kr/ko/product/detail?onlineProdSn=60593,11000.0,메이크업,립틴트
그림자 쉐딩 브러쉬,에뛰드,https://www.amoremall.com/kr/ko/product/detail?onlineProdSn=59997,5000.0,기타,미분류
진저슈가 멜팅 밤 2.3g,에뛰드,https://www.amoremall.com/kr/ko/product/detail?onlineProdSn=59799,13000.0,스킨케어,크림
럭키 립햄치크 1.5g,에뛰드,https://www.amoremall.com/kr/ko/product/detail?onlineProdSn=66544,11000.0,건기식,기능성식품
홀리데이 에디션,에뛰드,https://www.amoremall.com/kr/ko/product/detail?onlineProdSn=63003,12000.0,기타,미분류
순정 10무 수분 에멀전 130ml,에뛰드,https://www.amoremall.com/kr/ko/product/detail?onlineProdSn=59899,17000.0,기타,미분류
순정 수분 베리어 크림 75ml,에뛰드,https://www.amoremall.com/kr/ko/product/detail?onlineProdSn=58262,22000.0,스킨케어,크림
그림자 쉐딩 브러쉬 1개입,에뛰드,https://www.amoremall.com/kr/ko/product/detail?onlineProdSn=56105,12000.0,기타,미분류
2X 쌩얼 라이너 0.5g,에뛰드,https://www.amoremall.com/kr/ko/product/detail?onlineProdSn=53711,14000.0,메이크업,아이라이너
AC 클린업 핑크스팟 15ml,에뛰드,https://www.amoremall.com/kr/ko/product/detail?onlineProdSn=66982,14000.0,기타,미분류
마이 래쉬 세럼 18g,에뛰드,https://www.amoremall.com/kr/ko/product/detail?onlineProdSn=65665,15000.0,스킨케어,세럼
소프트 픽스 메이크업 픽서 50ml,에뛰드,https://www.amoremall.com/kr/ko/product/detail?onlineProdSn=65664,15000.0,메이크업,마스카라
그림자 쉐딩 브러쉬,에뛰드,https://www.amoremall.com/kr/ko/product/detail?onlineProdSn=59998,7000.0,기타,미분류
피지쏙 팩트 9.5g,에뛰드,https://www.amoremall.com/kr/ko/product/detail?onlineProdSn=58931,14000.0,스킨케어,마스크팩
시크릿 빔 파우더 팩트 15g,에뛰드,https://www.amoremall.com/kr/ko/product/detail?onlineProdSn=58255,13000.0,스킨케어,마스크팩
립 앤 아이 리무버 100ml,에뛰드,https://www.amoremall.com/kr/ko/product/detail?onlineProdSn=53229,7000.0,클렌징,리무버
리얼아트 클렌징 오일 모이스처 185ml,에뛰드,https://www.amoremall.com/kr/ko/product/detail?onlineProdSn=67126,18000.0,기타,미분류
클라우드 필터 쿠션 기획세트 SPF42/PA+++,에뛰드,https://www.amoremall.com/kr/ko/product/detail?onlineProdSn=64300,34000.0,선케어,선크림
님프 광채 볼류머 + 컨실러 2종 기획세트,에뛰드,https://www.amoremall.com/kr/ko/product/detail?onlineProdSn=63346,33000.0,기타,미분류
재창조 메이커 애교살 라이너,에뛰드,https://www.amoremall.com/kr/ko/product/detail?onlineProdSn=61489,16000.0,메이크업,아이라이너
베이킹 파우더 사각사각 모공 스크럽 200g,에뛰드,https://www.amoremall.com/kr/ko/product/detail?onlineProdSn=59266,11000.0,건기식,기능성식품
반짝눈물 라이너,에뛰드,https://www.amoremall.com/kr/ko/product/detail?onlineProdSn=54856,10000.0,메이크업,아이라이너
수분가득 콜라겐 크림 75ml,에뛰드,https://www.amoremall.com/kr/ko/product/detail?onlineProdSn=53257,25000.0,스킨케어,크림
수분가득 콜라겐 에멀전 180ml,에뛰드,https://www.amoremall.com/kr/ko/product/detail?onlineProdSn=53255,21000.0,기타,미분류
수분가득 콜라겐 2종 세트,에뛰드,https://www.amoremall.com/kr/ko/product/detail?onlineProdSn=53249,42000.0,기타,미분류
클라우드 필터 쿠션 기획세트 SPF42/PA+++,에뛰드,https://www.amoremall.com/kr/ko/product/detail?onlineProdSn=66545,34000.0,선케어,선크림
클라우드 필터 쿠션 SPF42/PA+++ 15g,에뛰드,https://www.amoremall.com/kr/ko/product/detail?onlineProdSn=66126,15000.0,선케어,선크림
그림자 쉐딩,에뛰드,https://www.amoremall.com/kr/ko/product/detail?onlineProdSn=65568,20000.0,기타,미분류
오버 글로이 틴트 기획세트,에뛰드,https://www.amoremall.com/kr/ko/product/detail?onlineProdSn=65428,14000.0,메이크업,립틴트
슈가컬러링 젤리밤 9g,에뛰드,https://www.amoremall.com/kr/ko/product/detail?onlineProdSn=64500,12000.0,스킨케어,크림
오버 글로이 글로스 2.8g,에뛰드,https://www.amoremall.com/kr/ko/product/detail?onlineProdSn=64315,14000.0,건기식,기능성식품
프루티 립앤치크 블러밤 2.3g,에뛰드,https://www.amoremall.com/kr/ko/product/detail?onlineProdSn=64312,14000.0,스킨케어,크림
마이 베스트 톤 아이즈 2구,에뛰드,https://www.amoremall.com/kr/ko/product/detail?onlineProdSn=61021,8000.0,메이크업,아이섀도우
수분가득 콜라겐 클렌징 폼 150g,에뛰드,https://www.amoremall.com/kr/ko/product/detail?onlineProdSn=53259,10000.0,건기식,기능성식품
룩 앳 마이 아이즈,에뛰드,https://www.amoremall.com/kr/ko/product/detail?onlineProdSn=63650,6500.0,메이크업,아이섀도우
뉴이어 컬렉션,에뛰드,https://www.amoremall.com/kr/ko/product/detail?onlineProdSn=63618,6500.0,기타,미분류
컬러래스팅 글로우 스틱,에뛰드,https://www.amoremall.com/kr/ko/product/detail?onlineProdSn=62847,16000.0,기타,미분류
더블래스팅 커버 컨실러 팔레트,에뛰드,https://www.amoremall.com/kr/ko/product/detail?onlineProdSn=62226,22000.0,기타,미분류
디어달링 필오프 립스테인,에뛰드,https://www.amoremall.com/kr/ko/product/detail?onlineProdSn=67881,12000.0,기타,미분류
컬픽스 스키니 마스카라 1+1 기획세트,에뛰드,https://www.amoremall.com/kr/ko/product/detail?onlineProdSn=67469,14000.0,메이크업,마스카라
팡팡 헤어카라 픽서 10ml,에뛰드,https://www.amoremall.com/kr/ko/product/detail?onlineProdSn=67465,15000.0,메이크업,마스카라
진저슈가 립세럼 13g,에뛰드,https://www.amoremall.com/kr/ko/product/detail?onlineProdSn=67435,14000.0,스킨케어,세럼
님프 광채 볼류머 듀오 기획세트,에뛰드,https://www.amoremall.com/kr/ko/product/detail?onlineProdSn=67387,34000.0,기타,미분류
AC 클린업 클렌징 폼 150ml,에뛰드,https://www.amoremall.com/kr/ko/product/detail?onlineProdSn=66981,9000.0,기타,미분류
피지쏙 젤리 파우더 퍼프 2P,에뛰드,https://www.amoremall.com/kr/ko/product/detail?onlineProdSn=66980,3000.0,기타,미분류
카페인더 딥 에디션,에뛰드,https://www.amoremall.com/kr/ko/product/detail?onlineProdSn=66636,8000.0,기타,미분류
올데이 맑은 BB 크림 SPF36/PA+++ 35ml,에뛰드,https://www.amoremall.com/kr/ko/product/detail?onlineProdSn=66615,22000.0,선케어,선크림
순정 약산성 클렌징 밀크 200ml,에뛰드,https://www.amoremall.com/kr/ko/product/detail?onlineProdSn=66081,38000.0,기타,미분류
플레이 멀티 아이즈 마루 너만을 오로지 사랑해,에뛰드,https://www.amoremall.com/kr/ko/product/detail?onlineProdSn=65566,22000.0,메이크업,아이섀도우
벌룬 인 치크 6g,에뛰드,https://www.amoremall.com/kr/ko/product/detail?onlineProdSn=64469,13000.0,건기식,기능성식품
컬픽스 마스카라 1호 블랙  & 마스카라 픽서 퍼펙트래쉬,에뛰드,https://www.amoremall.com/kr/ko/product/detail?onlineProdSn=64342,24000.0,메이크업,마스카라
사르르 당충전 컬렉션,에뛰드,https://www.amoremall.com/kr/ko/product/detail?onlineProdSn=64310,14000.0,기타,미분류
클라우드 필터 쿠션 SPF42/PA+++ 15g,에뛰드,https://www.amoremall.com/kr/ko/product/detail?onlineProdSn=63942,26000.0,선케어,선크림
밀키베리 에디션,에뛰드,https://www.amoremall.com/kr/ko/product/detail?onlineProdSn=63795,11000.0,기타,미분류
오버 글로이 틴트,에뛰드,https://www.amoremall.com/kr/ko/product/detail?onlineProdSn=63652,14000.0,메이크업,립틴트
오버글로이 틴트,에뛰드,https://www.amoremall.com/kr/ko/product/detail?onlineProdSn=62846,14000.0,메이크업,립틴트
하트팝 블러셔,에뛰드,https://www.amoremall.com/kr/ko/product/detail?onlineProdSn=62844,13000.0,기타,미분류
낫배드 컬렉션,에뛰드,https://www.amoremall.com/kr/ko/product/detail?onlineProdSn=62832,13000.0,기타,미분류
하트팝 듀오 블러셔,에뛰드,https://www.amoremall.com/kr/ko/product/detail?onlineProdSn=62606,19000.0,기타,미분류
님프 광채 볼류머 투명한 물광,에뛰드,https://www.amoremall.com/kr/ko/product/detail?onlineProdSn=62036,40000.0,기타,미분류
마이 베스트 톤 아이즈,에뛰드,https://www.amoremall.com/kr/ko/product/detail?onlineProdSn=61501,8000.0,메이크업,아이섀도우
하트팝 블러셔,에뛰드,https://www.amoremall.com/kr/ko/product/detail?onlineProdSn=61500,13000.0,기타,미분류
순정판텐소사이드10시카밤 50ml *2,에뛰드,https://www.amoremall.com/kr/ko/product/detail?onlineProdSn=60201,50000.0,스킨케어,크림
순정 판텐소사이드 마스크 25ml,에뛰드,https://www.amoremall.com/kr/ko/product/detail?onlineProdSn=59996,2000.0,스킨케어,마스크팩
0.2 테라피 에어 마스크 20ml,에뛰드,https://www.amoremall.com/kr/ko/product/detail?onlineProdSn=59994,1500.0,스킨케어,마스크팩
뽀오얀 미소 발효 립&아이 리무버 250ml,에뛰드,https://www.amoremall.com/kr/ko/product/detail?onlineProdSn=59621,30000.0,클렌징,리무버
뽀오얀 클렌징 오일 + 뽀오얀 클렌징 폼,에뛰드,https://www.amoremall.com/kr/ko/product/detail?onlineProdSn=59620,28000.0,기타,미분류
오마이래쉬 마스카라 1호 탑코트 12g *2,에뛰드,https://www.amoremall.com/kr/ko/product/detail?onlineProdSn=56293,12000.0,메이크업,마스카라
마스카라 전용 리무버 80ml *2,에뛰드,https://www.amoremall.com/kr/ko/product/detail?onlineProdSn=56292,17000.0,메이크업,마스카라
파워 래쉬 속눈썹 영양제 6g*2,에뛰드,https://www.amoremall.com/kr/ko/product/detail?onlineProdSn=56191,46000.0,건기식,기능성식품
제로피지 드라잉 파우더 4g,에뛰드,https://www.amoremall.com/kr/ko/product/detail?onlineProdSn=54847,7419.0,건기식,기능성식품
수분가득 콜라겐 토너 200ml,에뛰드,https://www.amoremall.com/kr/ko/product/detail?onlineProdSn=53260,21000.0,기타,미분류
아토베리어365 크림 80ml,에스트라,https://www.amoremall.com/kr/ko/product/detail?onlineProdSn=60892,33000.0,스킨케어,크림
아토베리어365 크림 80ml or 로션150ml,에스트라,https://www.amoremall.com/kr/ko/product/detail?onlineProdSn=58233,33000.0,스킨케어,크림
아토베리어365크림미스트 120ml,에스트라,https://www.amoremall.com/kr/ko/product/detail?onlineProdSn=59609,23000.0,스킨케어,크림
아토베리어365 세라-히알 속수분 앰플 30ml,에스트라,https://www.amoremall.com/kr/ko/product/detail?onlineProdSn=62897,33000.0,스킨케어,앰플
아토베리어365 바디로션 400ml,에스트라,https://www.amoremall.com/kr/ko/product/detail?onlineProdSn=50201,33000.0,바디,바디케어
아토베리어365 하이드로 에센스 200ml,에스트라,https://www.amoremall.com/kr/ko/product/detail?onlineProdSn=48427,32000.0,스킨케어,에센스
아토베리어365 버블클렌저 150ml,에스트라,https://www.amoremall.com/kr/ko/product/detail?onlineProdSn=48426,20000.0,기타,미분류
아토베리어365 로션 150ml,에스트라,https://www.amoremall.com/kr/ko/product/detail?onlineProdSn=21745,33000.0,기타,미분류
더마UV365 무기자차 선크림 or 톤업 선크림 or 비타C광채 수분 선크림 SPF 50+/ PA++++ 40ml,에스트라,https://www.amoremall.com/kr/ko/product/detail?onlineProdSn=57227,31000.0,선케어,선크림
리제덤365 모공탄력 캡슐세럼 30ml,에스트라,https://www.amoremall.com/kr/ko/product/detail?onlineProdSn=59197,48000.0,스킨케어,세럼
테라크네365 클리어 딥 클렌징 폼 200g,에스트라,https://www.amoremall.com/kr/ko/product/detail?onlineProdSn=48589,23000.0,건기식,기능성식품
아토베리어365 바디크림 250ml,에스트라,https://www.amoremall.com/kr/ko/product/detail?onlineProdSn=50199,30000.0,스킨케어,크림
아토베리어 365 하이드로 수딩크림 60ml,에스트라,https://www.amoremall.com/kr/ko/product/detail?onlineProdSn=50007,33000.0,스킨케어,크림
에이시카365 흔적진정세럼pH4.5 40ml,에스트라,https://www.amoremall.com/kr/ko/product/detail?onlineProdSn=63996,38000.0,스킨케어,세럼
에이시카 365 수분토너pH4.5 200ml,에스트라,https://www.amoremall.com/kr/ko/product/detail?onlineProdSn=63997,28000.0,기타,미분류
NEW 테라크네365 나이아신아마이드5% 흔적 바디 미스트 200ml,에스트라,https://www.amoremall.com/kr/ko/product/detail?onlineProdSn=64895,28000.0,바디,바디케어
테라크네365 수딩 액티브 모이스처라이저 60ml,에스트라,https://www.amoremall.com/kr/ko/product/detail?onlineProdSn=57282,33000.0,기타,미분류
에이시카365 리페어 크림pH4.5 60ml,에스트라,https://www.amoremall.com/kr/ko/product/detail?onlineProdSn=63995,30000.0,스킨케어,크림
테라크네365 액티브 세럼 30ml,에스트라,https://www.amoremall.com/kr/ko/product/detail?onlineProdSn=57617,42000.0,스킨케어,세럼
에이시카365 쿨링팩패드pH4.5 110ml,에스트라,https://www.amoremall.com/kr/ko/product/detail?onlineProdSn=64008,28000.0,스킨케어,마스크팩
테라크네365 하이드로 액티브 토너 200ml,에스트라,https://www.amoremall.com/kr/ko/product/detail?onlineProdSn=57280,30000.0,기타,미분류
NEW 리제덤365 레티노이드 아이세럼 15ml,에스트라,https://www.amoremall.com/kr/ko/product/detail?onlineProdSn=62583,35000.0,스킨케어,세럼
리제덤365 밀도탄력 캡슐크림 50ml,에스트라,https://www.amoremall.com/kr/ko/product/detail?onlineProdSn=59198,45000.0,스킨케어,크림
NEW 더마UV365 비타C 광채수분 선크림 SPF50+ PA++++ 40ml,에스트라,https://www.amoremall.com/kr/ko/product/detail?onlineProdSn=64009,31000.0,선케어,선크림
더마UV365 레드진정 톤업 선크림 SPF 50+/ PA++++ 40ML,에스트라,https://www.amoremall.com/kr/ko/product/detail?onlineProdSn=57229,31000.0,선케어,선크림
아토베리어365 크림 150ml*2개 대용량 홀리데이 에디션,에스트라,https://www.amoremall.com/kr/ko/product/detail?onlineProdSn=67623,110000.0,스킨케어,크림
아토베리어365 크림 150ml 홀리데이 에디션,에스트라,https://www.amoremall.com/kr/ko/product/detail?onlineProdSn=67622,55000.0,스킨케어,크림
리제덤365 모공탄력 캡슐세럼 30ml*2개 + 월리 우프 무드등,에스트라,https://www.amoremall.com/kr/ko/product/detail?onlineProdSn=67577,76800.0,스킨케어,세럼
아토베리어365 크림 80ml*3개 + 월리 우프 무드등,에스트라,https://www.amoremall.com/kr/ko/product/detail?onlineProdSn=67576,81180.0,스킨케어,크림
에이시카365 흔적진정세럼pH4.5 40ml 더블 세트,에스트라,https://www.amoremall.com/kr/ko/product/detail?onlineProdSn=67393,76000.0,스킨케어,세럼
아토베리어365 로션 150ml 더블 세트,에스트라,https://www.amoremall.com/kr/ko/product/detail?onlineProdSn=67392,66000.0,기타,미분류
아토베리어365 크림 80ml+세라-히알 속수분 앰플 30ml 더블 세트,에스트라,https://www.amoremall.com/kr/ko/product/detail?onlineProdSn=67390,66000.0,스킨케어,앰플
아토베리어365 크림 80ml 더블 세트,에스트라,https://www.amoremall.com/kr/ko/product/detail?onlineProdSn=67388,66000.0,스킨케어,크림
테라크네365 액티브 세럼 30ml*2,에스트라,https://www.amoremall.com/kr/ko/product/detail?onlineProdSn=66605,84000.0,스킨케어,세럼
테라크네 365 바디미스트 200ml,에스트라,https://www.amoremall.com/kr/ko/product/detail?onlineProdSn=65885,56000.0,바디,바디케어
에이시카365 쿨링팩 패드pH4.5 110ml,에스트라,https://www.amoremall.com/kr/ko/product/detail?onlineProdSn=64804,56000.0,스킨케어,마스크팩
NEW 더마UV365 비타C 광채수분 선크림 40mlX2개 SPF50+ PA++++,에스트라,https://www.amoremall.com/kr/ko/product/detail?onlineProdSn=64385,62000.0,선케어,선크림
에이시카365 수분토너pH4.5 200ml*2,에스트라,https://www.amoremall.com/kr/ko/product/detail?onlineProdSn=64007,56000.0,기타,미분류
에이시카365 리페어 크림pH4.5 60ml*2,에스트라,https://www.amoremall.com/kr/ko/product/detail?onlineProdSn=64006,60000.0,스킨케어,크림
에이시카 365 수분토너pH4.5+에이시카 365 흔적진정세럼pH4.5,에스트라,https://www.amoremall.com/kr/ko/product/detail?onlineProdSn=63998,66000.0,스킨케어,세럼
리제덤365 밀도탄력 캡슐크림 50ml*2개,에스트라,https://www.amoremall.com/kr/ko/product/detail?onlineProdSn=63835,90000.0,스킨케어,크림
리제덤365 레티노이드 아이세럼 15ml*2개,에스트라,https://www.amoremall.com/kr/ko/product/detail?onlineProdSn=63101,70000.0,스킨케어,세럼
아토베리어365 세라-히알 속수분 앰플 30ml*2개,에스트라,https://www.amoremall.com/kr/ko/product/detail?onlineProdSn=62898,66000.0,스킨케어,앰플
아토베리어365 크림 80ml+리제덤365 모공탄력 캡슐세럼 30ml,에스트라,https://www.amoremall.com/kr/ko/product/detail?onlineProdSn=62518,81000.0,스킨케어,세럼
아토베리어365 바디크림 250mlX2개,에스트라,https://www.amoremall.com/kr/ko/product/detail?onlineProdSn=62261,60000.0,스킨케어,크림
리제덤365 모공탄력 캡슐세럼 30ml + 캡슐크림 50ml,에스트라,https://www.amoremall.com/kr/ko/product/detail?onlineProdSn=62183,93000.0,스킨케어,세럼
아토베리어365 크림미스트 120mlX2개,에스트라,https://www.amoremall.com/kr/ko/product/detail?onlineProdSn=61610,46000.0,스킨케어,크림
더마UV365 장벽수분 무기자차 선크림 40mlX2개 SPF50+ PA++++,에스트라,https://www.amoremall.com/kr/ko/product/detail?onlineProdSn=61596,62000.0,선케어,선크림
테라크네365 클리어 딥 클렌징 폼 200gX2개,에스트라,https://www.amoremall.com/kr/ko/product/detail?onlineProdSn=61307,46000.0,건기식,기능성식품
아토베리어365 하이드로 에센스 200ml,에스트라,https://www.amoremall.com/kr/ko/product/detail?onlineProdSn=61256,64000.0,스킨케어,에센스
더마UV365 레드진정 톤업 선크림 40mlX2개 SPF50+ PA++++,에스트라,https://www.amoremall.com/kr/ko/product/detail?onlineProdSn=61132,62000.0,선케어,선크림
아토베리어365 버블클렌저 150mlX2개,에스트라,https://www.amoremall.com/kr/ko/product/detail?onlineProdSn=60382,40000.0,기타,미분류
아토베리어365바디로션 400mlX2개,에스트라,https://www.amoremall.com/kr/ko/product/detail?onlineProdSn=59632,66000.0,바디,바디케어
아토베리어365 하이드로 수딩크림 60mlX2개,에스트라,https://www.amoremall.com/kr/ko/product/detail?onlineProdSn=59238,66000.0,스킨케어,크림
수면양말 1EA,,,7000.0,기타,미분류
인형 파우치,,,14000.0,기타,미분류
APBADAs스티커 1EA,,,2500.0,기타,미분류
APBADAs X KBP 스트링 파우치,,,8000.0,기타,미분류
APBADAs 아모레까뮈 지비츠,,,6000.0,기타,미분류
APBADAs 돌풍이 마우스패드 1EA,,,3500.0,기타,미분류
APBADAs 아모레까뮈 인형파우치 1EA,,,14000.0,기타,미분류
APBADAs 돌풍이 캐릭터인형 L,,,25000.0,기타,미분류
앞바다즈 인형키링 8종,,,15000.0,기타,미분류
돌풍이/돌풍E 캐릭터 인형,,,27000.0,기타,미분류
무릎담요,,,29000.0,기타,미분류
APBADAs X KBP 랩탑 파우치 1EA,,,49000.0,기타,미분류
무릎담요,,,58000.0,기타,미분류
APBADAs 돌풍E 캐릭터인형 L,,,25000.0,기타,미분류
APBADAs 인형 키링 아모레까뮈 1EA,,,15000.0,기타,미분류
APBADAs 아모레까뮈 캐릭터인형 1EA,,,23000.0,기타,미분류
캐릭터 지비츠,,,15000.0,기타,미분류
스노우 메이커,,,19000.0,기타,미분류
APBADAs 인형 6종,,,21000.0,기타,미분류
APBADAs캐릭터실리콘참 8EA,,,21000.0,기타,미분류
APBADAs스마트톡 1EA,,,13000.0,기타,미분류
모발강화클리닉 샴푸 430ml,라보에이치,https://www.amoremall.com/kr/ko/product/detail?onlineProdSn=64586,20000.0,기타,미분류
모발강화클리닉 트리트먼트 200ml,라보에이치,https://www.amoremall.com/kr/ko/product/detail?onlineProdSn=64587,20000.0,기타,미분류
두피강화 클리닉 샴푸 탈모증상완화 400ml,라보에이치,https://www.amoremall.com/kr/ko/product/detail?onlineProdSn=33872,24000.0,기타,미분류
모발강화클리닉 에센스 75ml,라보에이치,https://www.amoremall.com/kr/ko/product/detail?onlineProdSn=64588,20000.0,스킨케어,에센스
두피강화클리닉 샴푸 탈모증상완화 리필팩 400ml,라보에이치,https://www.amoremall.com/kr/ko/product/detail?onlineProdSn=62991,24000.0,스킨케어,마스크팩
두피강화 클리닉 캡슐 트리트먼트 탈모증상완화 220ml,라보에이치,https://www.amoremall.com/kr/ko/product/detail?onlineProdSn=33879,17000.0,기타,미분류
프리미엄 샴푸 브러쉬 1입,라보에이치,https://www.amoremall.com/kr/ko/product/detail?onlineProdSn=46662,6900.0,기타,미분류
두피강화 클리닉 앰플 토닉 탈모증상완화 100ml,라보에이치,https://www.amoremall.com/kr/ko/product/detail?onlineProdSn=59404,24000.0,스킨케어,앰플
두피강화 클리닉 헤어라인 앰플 탈모증상완화 15ml,라보에이치,https://www.amoremall.com/kr/ko/product/detail?onlineProdSn=61308,24000.0,스킨케어,앰플
탈모증상완화 샴푸 두피강화 블랑쉬앤우디/페어앤프리지아 400ml,라보에이치,https://www.amoremall.com/kr/ko/product/detail?onlineProdSn=50318,24000.0,기타,미분류
댄드러프클리닉 샴푸 탈모증상완화 400ml,라보에이치,https://www.amoremall.com/kr/ko/product/detail?onlineProdSn=62957,27000.0,기타,미분류
두피강화클리닉 쿨링&노세범 샴푸 400ml,라보에이치,https://www.amoremall.com/kr/ko/product/detail?onlineProdSn=33875,24000.0,기타,미분류
두피강화클리닉 쿨링&노세범 샴푸 리필팩 400ml,라보에이치,https://www.amoremall.com/kr/ko/product/detail?onlineProdSn=62989,24000.0,스킨케어,마스크팩
탈모증상완화 샴푸 민감더마 400ml,라보에이치,https://www.amoremall.com/kr/ko/product/detail?onlineProdSn=33877,24000.0,기타,미분류
댄드러프클리닉 워터스케일러 탈모증상완화 250ml,라보에이치,https://www.amoremall.com/kr/ko/product/detail?onlineProdSn=62959,24000.0,기타,미분류
두피강화클리닉 샴푸 탈모증상완화 종이리필 400ml,라보에이치,https://www.amoremall.com/kr/ko/product/detail?onlineProdSn=62990,24000.0,기타,미분류
댄드러프클리닉 샴푸 탈모증상완화 리필팩 400ml,라보에이치,https://www.amoremall.com/kr/ko/product/detail?onlineProdSn=62958,26716.0,스킨케어,마스크팩
두피강화클리닉 스케일러 탈모증상완화 208g,라보에이치,https://www.amoremall.com/kr/ko/product/detail?onlineProdSn=60002,20000.0,건기식,기능성식품
두피강화클리닉 샴푸 탈모증상완화 리필팩,라보에이치,https://www.amoremall.com/kr/ko/product/detail?onlineProdSn=67139,47258.0,스킨케어,마스크팩
두피강화 클리닉 샴푸 탈모증상완화,라보에이치,https://www.amoremall.com/kr/ko/product/detail?onlineProdSn=67135,47429.0,기타,미분류
댄드러프클리닉 샴푸 탈모증상완화,라보에이치,https://www.amoremall.com/kr/ko/product/detail?onlineProdSn=67134,53750.0,기타,미분류
두피강화클리닉 쿨링&노세범 샴푸,라보에이치,https://www.amoremall.com/kr/ko/product/detail?onlineProdSn=67133,47681.0,기타,미분류
탈모증상완화 샴푸 두피강화 블랑쉬앤우디,라보에이치,https://www.amoremall.com/kr/ko/product/detail?onlineProdSn=67132,47639.0,기타,미분류
두피강화 클리닉 앰플 토닉 탈모증상완화,라보에이치,https://www.amoremall.com/kr/ko/product/detail?onlineProdSn=64790,47647.0,스킨케어,앰플
두피강화 클리닉 헤어라인 앰플 탈모증상완화,라보에이치,https://www.amoremall.com/kr/ko/product/detail?onlineProdSn=64788,47656.0,스킨케어,앰플
두피강화 클리닉 캡슐 탈모증상완화 트리트먼트,라보에이치,https://www.amoremall.com/kr/ko/product/detail?onlineProdSn=64786,33548.0,건기식,기능성식품
탈모증상완화 샴푸 두피강화 페어앤프리지아,라보에이치,https://www.amoremall.com/kr/ko/product/detail?onlineProdSn=64440,47639.0,기타,미분류
두피강화 클리닉 샴푸 탈모증상완화,라보에이치,https://www.amoremall.com/kr/ko/product/detail?onlineProdSn=64439,47576.0,기타,미분류
솔리드 퍼퓸 디스커버리 3종 키트,롱테이크,https://www.amoremall.com/kr/ko/product/detail?onlineProdSn=65621,18000.0,기타,미분류
NEW 헤어 오일  40ml,롱테이크,https://www.amoremall.com/kr/ko/product/detail?onlineProdSn=62833,23864.0,기타,미분류
샴푸  300ml,롱테이크,https://www.amoremall.com/kr/ko/product/detail?onlineProdSn=52104,23864.0,기타,미분류
샌달우드 인텐시브 3종 트라이얼 키트,롱테이크,https://www.amoremall.com/kr/ko/product/detail?onlineProdSn=52110,10638.0,기타,미분류
핸드크림  50ml,롱테이크,https://www.amoremall.com/kr/ko/product/detail?onlineProdSn=54275,18000.0,스킨케어,크림
바디로션  200ml,롱테이크,https://www.amoremall.com/kr/ko/product/detail?onlineProdSn=54274,23864.0,바디,바디케어
바디워시  300ml,롱테이크,https://www.amoremall.com/kr/ko/product/detail?onlineProdSn=54273,23864.0,바디,바디케어
NEW 솔리드 퍼퓸  30ml,롱테이크,https://www.amoremall.com/kr/ko/product/detail?onlineProdSn=64580,35955.0,기타,미분류
NEW 트리트먼트  200ml,롱테이크,https://www.amoremall.com/kr/ko/product/detail?onlineProdSn=62834,23864.0,기타,미분류
코어본딩 헤어마스크  200ml,롱테이크,https://www.amoremall.com/kr/ko/product/detail?onlineProdSn=67636,24000.0,스킨케어,마스크팩
샌달우드 오드퍼퓸 SET,롱테이크,https://www.amoremall.com/kr/ko/product/detail?onlineProdSn=67346,56364.0,기타,미분류
샌달우드 샴푸&헤어오일 SET,롱테이크,https://www.amoremall.com/kr/ko/product/detail?onlineProdSn=67345,47500.0,기타,미분류
블랙티앤피그 소프트닝 헤어 오일,롱테이크,https://www.amoremall.com/kr/ko/product/detail?onlineProdSn=64412,47907.0,기타,미분류
샌달우드 인텐시브 헤어 오일,롱테이크,https://www.amoremall.com/kr/ko/product/detail?onlineProdSn=63611,47907.0,기타,미분류
블랙티앤피그 소프트닝 바디워시+바디로션,롱테이크,https://www.amoremall.com/kr/ko/product/detail?onlineProdSn=60755,47619.0,바디,바디케어
샌달우드 인텐시브 바디워시+바디로션,롱테이크,https://www.amoremall.com/kr/ko/product/detail?onlineProdSn=60754,47619.0,바디,바디케어
블랙티앤피그 소프트닝 샴푸+트리트먼트,롱테이크,https://www.amoremall.com/kr/ko/product/detail?onlineProdSn=60752,47619.0,기타,미분류
샌달우드 인텐시브 샴푸+트리트먼트,롱테이크,https://www.amoremall.com/kr/ko/product/detail?onlineProdSn=60751,47619.0,기타,미분류
오드 퍼퓸  20ml,롱테이크,https://www.amoremall.com/kr/ko/product/detail?onlineProdSn=59739,44681.0,기타,미분류
비벨벳 커버쿠션 기획세트 SPF42/PA++,에스쁘아,https://www.amoremall.com/kr/ko/product/detail?onlineProdSn=65333,40000.0,선케어,선크림
노웨어 립스틱 바밍글로우 3g,에스쁘아,https://www.amoremall.com/kr/ko/product/detail?onlineProdSn=60808,24000.0,메이크업,립스틱
더 브로우 밸런스 펜슬 0.1g,에스쁘아,https://www.amoremall.com/kr/ko/product/detail?onlineProdSn=53360,16000.0,메이크업,아이브로우
꾸뛰르 립 틴트 글레이즈 4g,에스쁘아,https://www.amoremall.com/kr/ko/product/detail?onlineProdSn=63667,22000.0,메이크업,립틴트
비글로우 볼륨쿠션 에어 퍼프 1ea,에스쁘아,https://www.amoremall.com/kr/ko/product/detail?onlineProdSn=62434,2000.0,기타,미분류
리얼 아이 애교살 스틱,에스쁘아,https://www.amoremall.com/kr/ko/product/detail?onlineProdSn=53359,17000.0,기타,미분류
비글로우 파운데이션 SPF27/PA++ 30g,에스쁘아,https://www.amoremall.com/kr/ko/product/detail?onlineProdSn=63661,42000.0,선케어,선크림
아이 오프닝 펜슬 0.3g,에스쁘아,https://www.amoremall.com/kr/ko/product/detail?onlineProdSn=64501,18000.0,메이크업,아이라이너
스트로빙 하이라이터 8g,에스쁘아,https://www.amoremall.com/kr/ko/product/detail?onlineProdSn=66542,30000.0,건기식,기능성식품
꾸뛰르 립 틴트 피팅 블러 4g,에스쁘아,https://www.amoremall.com/kr/ko/product/detail?onlineProdSn=64316,22000.0,메이크업,립틴트
노웨어 립스틱 볼륨 매트,에스쁘아,https://www.amoremall.com/kr/ko/product/detail?onlineProdSn=61549,24000.0,메이크업,립스틱
프로테일러 비내추럴 쿠션 SPF50+/PA++++,에스쁘아,https://www.amoremall.com/kr/ko/product/detail?onlineProdSn=64502,40000.0,선케어,선크림
더브로우 컬러 픽싱 카라 3g,에스쁘아,https://www.amoremall.com/kr/ko/product/detail?onlineProdSn=58296,16000.0,메이크업,아이브로우
워터 스플래쉬 선크림 세라마이드 기획세트 SPF50+/PA++++,에스쁘아,https://www.amoremall.com/kr/ko/product/detail?onlineProdSn=66113,22000.0,선케어,선크림
비글로우 볼륨 쿠션 SPF42/PA+++,에스쁘아,https://www.amoremall.com/kr/ko/product/detail?onlineProdSn=62231,40000.0,선케어,선크림
베어 글로우 립밤 3g,에스쁘아,https://www.amoremall.com/kr/ko/product/detail?onlineProdSn=66110,24000.0,스킨케어,크림
스키니 픽스 블렌더,에스쁘아,https://www.amoremall.com/kr/ko/product/detail?onlineProdSn=58946,10000.0,기타,미분류
노웨어 립스틱 바밍 글로우,에스쁘아,https://www.amoremall.com/kr/ko/product/detail?onlineProdSn=65334,24000.0,메이크업,립스틱
블러리 치크,에스쁘아,https://www.amoremall.com/kr/ko/product/detail?onlineProdSn=65332,22000.0,기타,미분류
비벨벳 파운데이션 SPF22/PA++,에스쁘아,https://www.amoremall.com/kr/ko/product/detail?onlineProdSn=64506,42000.0,선케어,선크림
더브로우 이지쉐이핑 펜슬,에스쁘아,https://www.amoremall.com/kr/ko/product/detail?onlineProdSn=62010,18000.0,메이크업,아이브로우
플럼피즈 오버립 펜슬,에스쁘아,https://www.amoremall.com/kr/ko/product/detail?onlineProdSn=63016,20000.0,메이크업,아이라이너
비벨벳 커버 쿠션 SPF42/PA++,에스쁘아,https://www.amoremall.com/kr/ko/product/detail?onlineProdSn=63665,40000.0,선케어,선크림
비글로우 스틱 파운데이션 SPF50+/PA++++ 11g,에스쁘아,https://www.amoremall.com/kr/ko/product/detail?onlineProdSn=62240,32000.0,선케어,선크림
노머징 마스카라 워터프루프 XP 9g,에스쁘아,https://www.amoremall.com/kr/ko/product/detail?onlineProdSn=53316,23000.0,메이크업,마스카라
갤럭시 에디션,에스쁘아,https://www.amoremall.com/kr/ko/product/detail?onlineProdSn=66893,24000.0,기타,미분류
워터스플래쉬 선크림  SPF50+/PA++++,에스쁘아,https://www.amoremall.com/kr/ko/product/detail?onlineProdSn=66268,22000.0,선케어,선크림
비글로우 볼륨 쿠션 글리밍 캘리 3종 기획세트 SPF42/PA+++,에스쁘아,https://www.amoremall.com/kr/ko/product/detail?onlineProdSn=64911,31000.0,선케어,선크림
노머징 브러쉬 라이너 1g,에스쁘아,https://www.amoremall.com/kr/ko/product/detail?onlineProdSn=60944,17000.0,메이크업,아이라이너
디즈니 에디션,에스쁘아,https://www.amoremall.com/kr/ko/product/detail?onlineProdSn=65318,22000.0,기타,미분류
워터 스플래쉬 프레쉬 시카 선크림 SPF50+/PA++++,에스쁘아,https://www.amoremall.com/kr/ko/product/detail?onlineProdSn=57633,22000.0,선케어,선크림
트루 글로우 파운데이션 브러쉬 1ea,에스쁘아,https://www.amoremall.com/kr/ko/product/detail?onlineProdSn=64250,24000.0,기타,미분류
비글로우 스틱 쉐딩 9g,에스쁘아,https://www.amoremall.com/kr/ko/product/detail?onlineProdSn=62254,30000.0,건기식,기능성식품
비글로우 볼륨 쿠션 SPF42/PA+++ 13g,에스쁘아,https://www.amoremall.com/kr/ko/product/detail?onlineProdSn=62232,19000.0,선케어,선크림
플럼피즈 립글로스,에스쁘아,https://www.amoremall.com/kr/ko/product/detail?onlineProdSn=63015,22000.0,기타,미분류
파워컬링레드뷰러,에스쁘아,https://www.amoremall.com/kr/ko/product/detail?onlineProdSn=58230,15000.0,기타,미분류
톤페어링 컨투어 팔레트,에스쁘아,https://www.amoremall.com/kr/ko/product/detail?onlineProdSn=64491,25000.0,기타,미분류
워터 스플래쉬 선크림 톤업 래스팅 SPF50+/PA++++ 50ml,에스쁘아,https://www.amoremall.com/kr/ko/product/detail?onlineProdSn=64096,22000.0,선케어,선크림
톤페어링 리퀴드 치크 8ml,에스쁘아,https://www.amoremall.com/kr/ko/product/detail?onlineProdSn=62814,22000.0,기타,미분류
비벨벳 커버 쿠션 13g,에스쁘아,https://www.amoremall.com/kr/ko/product/detail?onlineProdSn=63666,19000.0,건기식,기능성식품
이지 블렌딩 컨실러 10g,에스쁘아,https://www.amoremall.com/kr/ko/product/detail?onlineProdSn=63664,26000.0,건기식,기능성식품
비글로우 스틱 래디언스,에스쁘아,https://www.amoremall.com/kr/ko/product/detail?onlineProdSn=62239,30000.0,기타,미분류
톤페어링 치크 9.6g,에스쁘아,https://www.amoremall.com/kr/ko/product/detail?onlineProdSn=61223,26000.0,건기식,기능성식품
비벨벳 커버쿠션 기획세트 SPF42/PA++,에스쁘아,https://www.amoremall.com/kr/ko/product/detail?onlineProdSn=66888,31000.0,선케어,선크림
플럼피즈 에디션,에스쁘아,https://www.amoremall.com/kr/ko/product/detail?onlineProdSn=63018,20000.0,기타,미분류
듀라이크 젤로 글로우라이저 40ml,에스쁘아,https://www.amoremall.com/kr/ko/product/detail?onlineProdSn=61545,32000.0,기타,미분류
프레쉬 세팅 픽서 100ml,에스쁘아,https://www.amoremall.com/kr/ko/product/detail?onlineProdSn=60946,22000.0,메이크업,마스카라
워터 스플래쉬 선 세럼 SPF50+/PA+++ 50ml,에스쁘아,https://www.amoremall.com/kr/ko/product/detail?onlineProdSn=60945,25000.0,선케어,선크림
듀얼 스머징 립 브러쉬,에스쁘아,https://www.amoremall.com/kr/ko/product/detail?onlineProdSn=62271,20000.0,기타,미분류
톤페어링 하이라이터 9.6g,에스쁘아,https://www.amoremall.com/kr/ko/product/detail?onlineProdSn=61224,30000.0,건기식,기능성식품
프레쉬 세팅 파우더 9g,에스쁘아,https://www.amoremall.com/kr/ko/product/detail?onlineProdSn=60947,25000.0,건기식,기능성식품
비벨벳 피팅 스펀지 1ea,에스쁘아,https://www.amoremall.com/kr/ko/product/detail?onlineProdSn=60585,14000.0,기타,미분류
프로테일러 비글로우 쉬어 파우더 8g,에스쁘아,https://www.amoremall.com/kr/ko/product/detail?onlineProdSn=57156,28000.0,건기식,기능성식품
비벨벳 세범컷 쿨링 쿠션 15.8g,에스쁘아,https://www.amoremall.com/kr/ko/product/detail?onlineProdSn=66106,29000.0,건기식,기능성식품
프로테일러 비내추럴 쿠션 SPF50+/PA++++ 14g,에스쁘아,https://www.amoremall.com/kr/ko/product/detail?onlineProdSn=64504,19000.0,선케어,선크림
듀라이크 젤로 톤업 쿠션 SPF50+/PA+++,에스쁘아,https://www.amoremall.com/kr/ko/product/detail?onlineProdSn=61544,29000.0,선케어,선크림
더브로우 컬러 픽싱 카라 쿨그레이 3g,에스쁘아,https://www.amoremall.com/kr/ko/product/detail?onlineProdSn=60482,16000.0,메이크업,아이브로우
리얼 아이 팔레트,에스쁘아,https://www.amoremall.com/kr/ko/product/detail?onlineProdSn=53306,32000.0,기타,미분류
플럼피즈 볼륨 밤,에스쁘아,https://www.amoremall.com/kr/ko/product/detail?onlineProdSn=63017,22000.0,기타,미분류
꾸뛰르 립 틴트 글레이즈 5.5g,에스쁘아,https://www.amoremall.com/kr/ko/product/detail?onlineProdSn=60477,22000.0,메이크업,립틴트
꾸뛰르 립 틴트  4g,에스쁘아,https://www.amoremall.com/kr/ko/product/detail?onlineProdSn=67375,22000.0,메이크업,립틴트
워터스플래쉬 선크림 톤업 래스팅 SPF50+/PA++++,에스쁘아,https://www.amoremall.com/kr/ko/product/detail?onlineProdSn=65331,22000.0,선케어,선크림
워터 스플래쉬 선크림 세라마이드 SPF50+/PA++++ 60ml,에스쁘아,https://www.amoremall.com/kr/ko/product/detail?onlineProdSn=65330,22000.0,선케어,선크림
비글로우 볼륨쿠션 에어 퍼프,에스쁘아,https://www.amoremall.com/kr/ko/product/detail?onlineProdSn=63783,20000.0,기타,미분류
비글로우 볼륨 쿠션 23호 베이지 SPF42/PA+++,에스쁘아,https://www.amoremall.com/kr/ko/product/detail?onlineProdSn=63781,59000.0,선케어,선크림
비글로우 볼륨 쿠션 22호 페탈 SPF42/PA+++,에스쁘아,https://www.amoremall.com/kr/ko/product/detail?onlineProdSn=63780,59000.0,선케어,선크림
비글로우 볼륨 쿠션 21호 아이보리 SPF42/PA+++,에스쁘아,https://www.amoremall.com/kr/ko/product/detail?onlineProdSn=63779,59000.0,선케어,선크림
비글로우 볼륨 쿠션 20호 바닐라 SPF42/PA+++,에스쁘아,https://www.amoremall.com/kr/ko/product/detail?onlineProdSn=63778,59000.0,선케어,선크림
비글로우 볼륨 쿠션 13호 포슬린 SPF42/PA+++,에스쁘아,https://www.amoremall.com/kr/ko/product/detail?onlineProdSn=63777,59000.0,선케어,선크림
비글로우 볼륨쿠션 에어 퍼프,에스쁘아,https://www.amoremall.com/kr/ko/product/detail?onlineProdSn=62618,10000.0,기타,미분류
허쉬드 체리 에디션,에스쁘아,https://www.amoremall.com/kr/ko/product/detail?onlineProdSn=60490,16000.0,기타,미분류
수퍼 소프트 페이스 브러쉬 1EA,에스쁘아,https://www.amoremall.com/kr/ko/product/detail?onlineProdSn=53304,25000.0,기타,미분류
01 아이브로우 브러쉬,아모레성수,https://www.amoremall.com/kr/ko/product/detail?onlineProdSn=61110,15000.0,메이크업,아이브로우
12 블러셔 브러쉬,아모레성수,https://www.amoremall.com/kr/ko/product/detail?onlineProdSn=61121,20000.0,기타,미분류
아모레 성수 토너 210ml,아모레성수,https://www.amoremall.com/kr/ko/product/detail?onlineProdSn=31511,18000.0,기타,미분류
15 립 브러쉬,아모레성수,https://www.amoremall.com/kr/ko/product/detail?onlineProdSn=61124,13000.0,기타,미분류
14 컨투어링 브러쉬,아모레성수,https://www.amoremall.com/kr/ko/product/detail?onlineProdSn=61123,20000.0,기타,미분류
11 하이라이트 브러쉬,아모레성수,https://www.amoremall.com/kr/ko/product/detail?onlineProdSn=61120,18000.0,기타,미분류
03 언더섀도우 브러쉬,아모레성수,https://www.amoremall.com/kr/ko/product/detail?onlineProdSn=61112,13000.0,메이크업,아이섀도우
10 파운데이션 브러쉬,아모레성수,https://www.amoremall.com/kr/ko/product/detail?onlineProdSn=61119,26000.0,기타,미분류
09 컨실러 브러쉬,아모레성수,https://www.amoremall.com/kr/ko/product/detail?onlineProdSn=61118,13000.0,기타,미분류
07 아이섀도우 브러쉬,아모레성수,https://www.amoremall.com/kr/ko/product/detail?onlineProdSn=61116,15000.0,메이크업,아이섀도우
,아모레성수,https://www.amoremall.com/kr/ko/product/detail?onlineProdSn=61113,13000.0,기타,미분류
13 파우더 브러쉬,아모레성수,https://www.amoremall.com/kr/ko/product/detail?onlineProdSn=61122,23000.0,기타,미분류
08 아이섀도우 블렌딩 브러쉬,아모레성수,https://www.amoremall.com/kr/ko/product/detail?onlineProdSn=61117,15000.0,메이크업,아이섀도우
06 아이섀도우 브러쉬,아모레성수,https://www.amoremall.com/kr/ko/product/detail?onlineProdSn=61115,16000.0,메이크업,아이섀도우
05 아이섀도우 브러쉬,아모레성수,https://www.amoremall.com/kr/ko/product/detail?onlineProdSn=61114,14000.0,메이크업,아이섀도우
02 아이섀도우 홀 브러쉬,아모레성수,https://www.amoremall.com/kr/ko/product/detail?onlineProdSn=61111,13000.0,메이크업,아이섀도우
올뉴 쉽고 빠른 거품 염색 80g,미쟝센,https://www.amoremall.com/kr/ko/product/detail?onlineProdSn=61090,15797.0,건기식,기능성식품
퍼펙트 세럼 80ml,미쟝센,https://www.amoremall.com/kr/ko/product/detail?onlineProdSn=20510,14833.0,스킨케어,세럼
파워 스윙 왁스 9 80g,미쟝센,https://www.amoremall.com/kr/ko/product/detail?onlineProdSn=24739,10000.0,건기식,기능성식품
NEW 헬로크림 더블커버  120g,미쟝센,https://www.amoremall.com/kr/ko/product/detail?onlineProdSn=65011,15867.0,스킨케어,크림
헤어앤스칼프 부스터 샴푸 800g,미쟝센,https://www.amoremall.com/kr/ko/product/detail?onlineProdSn=62827,5833.0,건기식,기능성식품
살롱10 단백질 에센스 팩  990ml,미쟝센,https://www.amoremall.com/kr/ko/product/detail?onlineProdSn=47884,21868.0,스킨케어,마스크팩
컬링 에센스 2X 내추럴/볼륨 150ml,미쟝센,https://www.amoremall.com/kr/ko/product/detail?onlineProdSn=18633,10000.0,스킨케어,에센스
퍼펙트 오리지널 세럼 샴푸 680ml,미쟝센,https://www.amoremall.com/kr/ko/product/detail?onlineProdSn=19505,14833.0,스킨케어,세럼
살롱10 단백질 샴푸  990ml,미쟝센,https://www.amoremall.com/kr/ko/product/detail?onlineProdSn=47883,21868.0,기타,미분류
퍼펙트 베이스업 에센스 200ml,미쟝센,https://www.amoremall.com/kr/ko/product/detail?onlineProdSn=27143,14833.0,스킨케어,에센스
펄샤이닝 리페어 샴푸/트리트먼트 1000ml,미쟝센,https://www.amoremall.com/kr/ko/product/detail?onlineProdSn=56394,10000.0,기타,미분류
스타일케어 헤어스프레이 300ml,미쟝센,https://www.amoremall.com/kr/ko/product/detail?onlineProdSn=57283,10000.0,기타,미분류
퍼펙트 세럼 홈 케어 트리트먼트 900ml,미쟝센,https://www.amoremall.com/kr/ko/product/detail?onlineProdSn=58467,26731.0,스킨케어,세럼
살롱10 프로페셔널 시카 프로틴 트리트먼트 215ml,미쟝센,https://www.amoremall.com/kr/ko/product/detail?onlineProdSn=62553,16951.0,기타,미분류
퍼펙트 엉킴제로 노워시 트리트먼트 150ml,미쟝센,https://www.amoremall.com/kr/ko/product/detail?onlineProdSn=20020,14833.0,기타,미분류
올뉴 샤이닝에센스 100g,미쟝센,https://www.amoremall.com/kr/ko/product/detail?onlineProdSn=59159,8939.0,스킨케어,에센스
퍼펙트 오리지널 세럼 컨디셔너 680ml,미쟝센,https://www.amoremall.com/kr/ko/product/detail?onlineProdSn=16887,14833.0,스킨케어,세럼
살롱10 프로페셔널 시카 프로틴 샴푸 480ml,미쟝센,https://www.amoremall.com/kr/ko/product/detail?onlineProdSn=66705,15000.0,기타,미분류
NEW 헬로버블 100g,미쟝센,https://www.amoremall.com/kr/ko/product/detail?onlineProdSn=62112,15968.0,건기식,기능성식품
퍼펙트 매직 스트레이트 세럼 샴푸 530ml,미쟝센,https://www.amoremall.com/kr/ko/product/detail?onlineProdSn=62759,15000.0,스킨케어,세럼
퍼펙트 매직 스트레이트 세럼 80ml,미쟝센,https://www.amoremall.com/kr/ko/product/detail?onlineProdSn=62761,15000.0,스킨케어,세럼
볼륨케어 퍼플 콜라겐 샴푸,미쟝센,https://www.amoremall.com/kr/ko/product/detail?onlineProdSn=60855,12951.0,기타,미분류
스칼프케어 그린 시카 샴푸,미쟝센,https://www.amoremall.com/kr/ko/product/detail?onlineProdSn=60857,12951.0,기타,미분류
올뉴 쉽고 빠른 크림염색 80g,미쟝센,https://www.amoremall.com/kr/ko/product/detail?onlineProdSn=61836,17761.0,스킨케어,크림
퍼펙트 세럼 트리트먼트,미쟝센,https://www.amoremall.com/kr/ko/product/detail?onlineProdSn=19600,8429.0,스킨케어,세럼
퍼펙트 매직 스트레이트 세럼 트리트먼트 230ml,미쟝센,https://www.amoremall.com/kr/ko/product/detail?onlineProdSn=62760,15000.0,스킨케어,세럼
데미지케어 레드 프로틴 컨디셔너 680ml,미쟝센,https://www.amoremall.com/kr/ko/product/detail?onlineProdSn=60852,12951.0,기타,미분류
퍼펙트 슈퍼리치 세럼 컨디셔너 680ml,미쟝센,https://www.amoremall.com/kr/ko/product/detail?onlineProdSn=19938,14833.0,스킨케어,세럼
퍼펙트 슈퍼리치 세럼 샴푸 680ml,미쟝센,https://www.amoremall.com/kr/ko/product/detail?onlineProdSn=19712,14833.0,스킨케어,세럼
데미지케어 레드 프로틴 헤어크림에센스 140ml,미쟝센,https://www.amoremall.com/kr/ko/product/detail?onlineProdSn=60854,12951.0,스킨케어,에센스
데미지케어 레드 프로틴 샴푸,미쟝센,https://www.amoremall.com/kr/ko/product/detail?onlineProdSn=60851,13000.0,기타,미분류
이너플렉스 모발강화제 145g,미쟝센,https://www.amoremall.com/kr/ko/product/detail?onlineProdSn=58261,24875.0,건기식,기능성식품
헤어앤스칼프 너리싱 부스터 트리트먼트 300g,미쟝센,https://www.amoremall.com/kr/ko/product/detail?onlineProdSn=62828,5833.0,건기식,기능성식품
볼륨케어 퍼플 콜라겐 트리트먼트,미쟝센,https://www.amoremall.com/kr/ko/product/detail?onlineProdSn=60856,7468.0,기타,미분류
데미지케어 레드 프로틴 트리트먼트,미쟝센,https://www.amoremall.com/kr/ko/product/detail?onlineProdSn=60853,7468.0,기타,미분류
이너플렉스 모발강화 샴푸/트리트먼트,미쟝센,https://www.amoremall.com/kr/ko/product/detail?onlineProdSn=58260,24875.0,기타,미분류
퍼펙트 노 워시 워터 트리트먼트 215ml,미쟝센,https://www.amoremall.com/kr/ko/product/detail?onlineProdSn=58989,15867.0,기타,미분류
살롱10 단백질 트리트먼트 250ml,미쟝센,https://www.amoremall.com/kr/ko/product/detail?onlineProdSn=61785,12796.0,기타,미분류
쿨링케어 블루멘톨 샴푸 680ml,미쟝센,https://www.amoremall.com/kr/ko/product/detail?onlineProdSn=64452,12951.0,기타,미분류
컬링 매트 볼륨 헤어픽서 200ml,미쟝센,https://www.amoremall.com/kr/ko/product/detail?onlineProdSn=57861,14875.0,메이크업,마스카라
헬로버블 퍼퓸보색 핑크 샴푸 400ml,미쟝센,https://www.amoremall.com/kr/ko/product/detail?onlineProdSn=56397,14828.0,기타,미분류
NEW 헬로블리치 프라이머 버블 100g,미쟝센,https://www.amoremall.com/kr/ko/product/detail?onlineProdSn=53569,15968.0,건기식,기능성식품
퍼펙트 스타일링 세럼 컨디셔너 680ml,미쟝센,https://www.amoremall.com/kr/ko/product/detail?onlineProdSn=31341,14833.0,스킨케어,세럼
NEW 헬로크림 125g,미쟝센,https://www.amoremall.com/kr/ko/product/detail?onlineProdSn=62117,15968.0,스킨케어,크림
헬로 젤리팡팡 8g,미쟝센,https://www.amoremall.com/kr/ko/product/detail?onlineProdSn=65450,17821.0,건기식,기능성식품
살롱10 단백질 트리트먼트,미쟝센,https://www.amoremall.com/kr/ko/product/detail?onlineProdSn=67803,25500.0,기타,미분류
살롱10 시카 프로틴 샴푸,미쟝센,https://www.amoremall.com/kr/ko/product/detail?onlineProdSn=67501,30000.0,기타,미분류
퍼펙트 세럼 트리트먼트,미쟝센,https://www.amoremall.com/kr/ko/product/detail?onlineProdSn=67144,29825.0,스킨케어,세럼
퍼펙트 베이스업 헤어 에센스,미쟝센,https://www.amoremall.com/kr/ko/product/detail?onlineProdSn=67143,29630.0,스킨케어,에센스
컬링 에센스 2X 내추럴,미쟝센,https://www.amoremall.com/kr/ko/product/detail?onlineProdSn=67142,19833.0,스킨케어,에센스
컬링 에센스 2X 볼륨,미쟝센,https://www.amoremall.com/kr/ko/product/detail?onlineProdSn=67141,19833.0,스킨케어,에센스
퍼펙트 세럼 홈 케어 트리트먼트,미쟝센,https://www.amoremall.com/kr/ko/product/detail?onlineProdSn=67026,53333.0,스킨케어,세럼
퍼펙트 아르간 캡슐 리페어 헤어 마스크 180g,미쟝센,https://www.amoremall.com/kr/ko/product/detail?onlineProdSn=66998,14875.0,스킨케어,마스크팩
퍼펙트 매직 스트레이트 세럼 샴푸,미쟝센,https://www.amoremall.com/kr/ko/product/detail?onlineProdSn=66941,29762.0,스킨케어,세럼
퍼펙트 매직 스트레이트 세럼,미쟝센,https://www.amoremall.com/kr/ko/product/detail?onlineProdSn=66534,29873.0,스킨케어,세럼
퍼펙트 매직 스트레이트 세럼 트리트먼트,미쟝센,https://www.amoremall.com/kr/ko/product/detail?onlineProdSn=66532,29762.0,스킨케어,세럼
살롱10 프로페셔널 시카 프로틴 트리트먼트,미쟝센,https://www.amoremall.com/kr/ko/product/detail?onlineProdSn=63798,33671.0,기타,미분류
컬링 매트 볼륨 헤어픽서,미쟝센,https://www.amoremall.com/kr/ko/product/detail?onlineProdSn=62876,29688.0,메이크업,마스카라
퍼펙트 스타일링 세럼 샴푸 680ml,미쟝센,https://www.amoremall.com/kr/ko/product/detail?onlineProdSn=31340,14833.0,스킨케어,세럼
트리트먼트 엔자임 클렌징 폼 120g,아모레퍼시픽,https://www.amoremall.com/kr/ko/product/detail?onlineProdSn=19565,42000.0,건기식,기능성식품
모이스춰 플럼핑 넥타 크림 50ml,아모레퍼시픽,https://www.amoremall.com/kr/ko/product/detail?onlineProdSn=14973,150000.0,스킨케어,크림
타임 레스폰스 스킨 리뉴얼 미스트 200ml,아모레퍼시픽,https://www.amoremall.com/kr/ko/product/detail?onlineProdSn=19019,120000.0,기타,미분류
타임 레스폰스 스킨 리저브 플루이드 160ml,아모레퍼시픽,https://www.amoremall.com/kr/ko/product/detail?onlineProdSn=18844,220000.0,기타,미분류
,아모레퍼시픽,https://www.amoremall.com/kr/ko/product/detail?onlineProdSn=32261,80000.0,스킨케어,미분류
보태니컬 수딩 토너 200ml,아모레퍼시픽,https://www.amoremall.com/kr/ko/product/detail?onlineProdSn=32260,90000.0,기타,미분류
타임 레스폰스 스킨 리저브 토너 200ml,아모레퍼시픽,https://www.amoremall.com/kr/ko/product/detail?onlineProdSn=16855,200000.0,기타,미분류
듀얼 코튼 면봉 150매,아모레베이직,https://www.amoremall.com/kr/ko/product/detail?onlineProdSn=59332,3000.0,기타,미분류
프리티 눈썹칼 2입,아모레베이직,https://www.amoremall.com/kr/ko/product/detail?onlineProdSn=64179,3500.0,기타,미분류
순면 5겹 화장솜 50매 / 120매,아모레베이직,https://www.amoremall.com/kr/ko/product/detail?onlineProdSn=59331,2677.0,기타,미분류
그린티 오일 컨트롤 페이퍼 70매,아모레베이직,https://www.amoremall.com/kr/ko/product/detail?onlineProdSn=64180,3500.0,기타,미분류
토너 아껴주는 1/2 스킨팩 화장솜 400매,아모레베이직,https://www.amoremall.com/kr/ko/product/detail?onlineProdSn=59330,10500.0,스킨케어,마스크팩
물광 메이크업 씨앗 스펀지 2ea,아모레베이직,https://www.amoremall.com/kr/ko/product/detail?onlineProdSn=59334,4500.0,기타,미분류
애프터 마스카라 히팅 속눈썹 고데기,아모레베이직,https://www.amoremall.com/kr/ko/product/detail?onlineProdSn=64178,28000.0,메이크업,마스카라
소프트 엠보싱 원형 화장솜 100매,아모레베이직,https://www.amoremall.com/kr/ko/product/detail?onlineProdSn=59329,5500.0,기타,미분류
컴팩트 아이래쉬 컬러,아모레베이직,https://www.amoremall.com/kr/ko/product/detail?onlineProdSn=64177,8500.0,스킨케어,마스크팩
아모레베이직 X 벤자민무어 더 에센셜 배쓰밤 2입세트,아모레베이직,https://www.amoremall.com/kr/ko/product/detail?onlineProdSn=66122,15000.0,스킨케어,크림
아모레베이직 X 벤자민무어 더 에센셜 세라믹 바디 괄사,아모레베이직,https://www.amoremall.com/kr/ko/product/detail?onlineProdSn=66208,25000.0,바디,바디케어
프로페셔널 아티스트 브러쉬 8종 키트,아모레베이직,https://www.amoremall.com/kr/ko/product/detail?onlineProdSn=67491,80000.0,기타,미분류
아모레베이직 미피 솔리드 퍼퓸 2종+실리콘키링,아모레베이직,https://www.amoremall.com/kr/ko/product/detail?onlineProdSn=67368,20000.0,기타,미분류
데일리 메이크업 조각 스펀지 20ea / 60ea,아모레베이직,https://www.amoremall.com/kr/ko/product/detail?onlineProdSn=59333,3271.0,기타,미분류
자연을 닮은 립밤,한율,https://www.amoremall.com/kr/ko/product/detail?onlineProdSn=19729,15000.0,기타,미분류
흰감국 광채 선크림 SPF50+/PA++++ 70ml,한율,https://www.amoremall.com/kr/ko/product/detail?onlineProdSn=18417,40000.0,선케어,선크림
부들밤 말끔피지 모공팩 기획세트,한율,https://www.amoremall.com/kr/ko/product/detail?onlineProdSn=52582,27000.0,스킨케어,마스크팩
어린쑥 수분진정 토너 150ml,한율,https://www.amoremall.com/kr/ko/product/detail?onlineProdSn=17949,27000.0,기타,미분류
랩핑 마스크 기획세트 4매,한율,https://www.amoremall.com/kr/ko/product/detail?onlineProdSn=61586,16000.0,스킨케어,마스크팩
어린쑥 수분진정 플루이드 125ml,한율,https://www.amoremall.com/kr/ko/product/detail?onlineProdSn=18694,32000.0,기타,미분류
자연을 닮은 핸드크림 50ml,한율,https://www.amoremall.com/kr/ko/product/detail?onlineProdSn=17876,9000.0,스킨케어,크림
빨간쌀 보습탄력 2종 세트,한율,https://www.amoremall.com/kr/ko/product/detail?onlineProdSn=59290,83000.0,기타,미분류
어린쑥 매끈결 클렌징 오일 기획세트,한율,https://www.amoremall.com/kr/ko/product/detail?onlineProdSn=19356,28000.0,기타,미분류
부들밤 깔끔각질 모공팩 기획세트,한율,https://www.amoremall.com/kr/ko/product/detail?onlineProdSn=52583,27000.0,스킨케어,마스크팩
달빛유자 패드 60매,한율,https://www.amoremall.com/kr/ko/product/detail?onlineProdSn=60766,28871.0,기타,미분류
백화고 클렌징 마사지 크림 200ml,한율,https://www.amoremall.com/kr/ko/product/detail?onlineProdSn=34892,42000.0,스킨케어,크림
어린쑥 속수분 쑥히알 패드 기획세트,한율,https://www.amoremall.com/kr/ko/product/detail?onlineProdSn=66329,28871.0,기타,미분류
송담 탄력 에멀젼 125ml,한율,https://www.amoremall.com/kr/ko/product/detail?onlineProdSn=40256,40000.0,기타,미분류
송담 탄력 스킨 150ml,한율,https://www.amoremall.com/kr/ko/product/detail?onlineProdSn=40255,35000.0,기타,미분류
빨간쌀 보습탄력 크림 55ml,한율,https://www.amoremall.com/kr/ko/product/detail?onlineProdSn=59289,49000.0,스킨케어,크림
보들은행잎 모공탄탄 펩타이드 패드 60매,한율,https://www.amoremall.com/kr/ko/product/detail?onlineProdSn=65830,28871.0,기타,미분류
어린쑥 수분진정 선크림 SPF50+/PA++++ 50ml,한율,https://www.amoremall.com/kr/ko/product/detail?onlineProdSn=58749,27000.0,선케어,선크림
극진 2종 기획 세트,한율,https://www.amoremall.com/kr/ko/product/detail?onlineProdSn=20611,155000.0,기타,미분류
어린쑥 속수분 쑥히알 크림 기획세트,한율,https://www.amoremall.com/kr/ko/product/detail?onlineProdSn=66331,24000.0,스킨케어,크림
백화고 기미탄력 아이크림 25ml,한율,https://www.amoremall.com/kr/ko/product/detail?onlineProdSn=17006,69000.0,스킨케어,크림
빨간쌀 보습탄력 에센스 크림 2종세트,한율,https://www.amoremall.com/kr/ko/product/detail?onlineProdSn=63640,89000.0,스킨케어,에센스
빨간쌀 보습탄력 에센스 150ml,한율,https://www.amoremall.com/kr/ko/product/detail?onlineProdSn=59287,40000.0,스킨케어,에센스
어린쑥 수분진정 2종 세트,한율,https://www.amoremall.com/kr/ko/product/detail?onlineProdSn=37467,59000.0,건기식,기능성식품
백화고 기미탄력 비비 크림 SPF40/PA++ 40ml,한율,https://www.amoremall.com/kr/ko/product/detail?onlineProdSn=61304,48000.0,선케어,선크림
빨간쌀 보습탄력 에멀젼 125ml,한율,https://www.amoremall.com/kr/ko/product/detail?onlineProdSn=59288,43000.0,기타,미분류
달빛유자 수면팩 100ml,한율,https://www.amoremall.com/kr/ko/product/detail?onlineProdSn=60604,48000.0,스킨케어,마스크팩
보들은행잎 모공핏 세럼 기획세트,한율,https://www.amoremall.com/kr/ko/product/detail?onlineProdSn=67327,39000.0,스킨케어,세럼
보들은행잎 모공핏 마스크 기획세트 4매,한율,https://www.amoremall.com/kr/ko/product/detail?onlineProdSn=61919,16000.0,스킨케어,마스크팩
어린쑥 수분진정크림 리필 캡슐 30ml *2,한율,https://www.amoremall.com/kr/ko/product/detail?onlineProdSn=58365,32000.0,스킨케어,크림
백화고 기미탄력 크림 기획세트 60ml,한율,https://www.amoremall.com/kr/ko/product/detail?onlineProdSn=60492,90000.0,스킨케어,크림
달빛유자C 세럼 30ml,한율,https://www.amoremall.com/kr/ko/product/detail?onlineProdSn=44699,37000.0,스킨케어,세럼
극진 스킨 125ml,한율,https://www.amoremall.com/kr/ko/product/detail?onlineProdSn=14816,73000.0,기타,미분류
어린쑥 속수분 쑥히알 세럼 기획세트,한율,https://www.amoremall.com/kr/ko/product/detail?onlineProdSn=67326,35000.0,스킨케어,세럼
백화고 기미탄력 듀얼샷 앰플 기획세트,한율,https://www.amoremall.com/kr/ko/product/detail?onlineProdSn=64876,99000.0,스킨케어,앰플
어린쑥 클렌징 팩밤 기획세트,한율,https://www.amoremall.com/kr/ko/product/detail?onlineProdSn=64887,29000.0,스킨케어,마스크팩
극진 크림 대용량 단품 기획세트,한율,https://www.amoremall.com/kr/ko/product/detail?onlineProdSn=63641,197000.0,스킨케어,크림
극진 에센스 기획세트 60ml,한율,https://www.amoremall.com/kr/ko/product/detail?onlineProdSn=20526,187000.0,스킨케어,에센스
극진 아이크림 기획세트 30ml,한율,https://www.amoremall.com/kr/ko/product/detail?onlineProdSn=17686,132000.0,스킨케어,크림
극진 크림 클렌징폼 200ml,한율,https://www.amoremall.com/kr/ko/product/detail?onlineProdSn=64207,39000.0,스킨케어,크림
달빛유자 수면팩 리필세트 40ml*2,한율,https://www.amoremall.com/kr/ko/product/detail?onlineProdSn=55406,29000.0,스킨케어,마스크팩
달빛유자C 세럼 50ml,한율,https://www.amoremall.com/kr/ko/product/detail?onlineProdSn=48364,61000.0,스킨케어,세럼
빨간쌀 보습탄력 크림 리필세트 30ml *2,한율,https://www.amoremall.com/kr/ko/product/detail?onlineProdSn=59759,42000.0,스킨케어,크림
극진 에멀젼 125ml,한율,https://www.amoremall.com/kr/ko/product/detail?onlineProdSn=19048,82000.0,기타,미분류
극진 크림 세트 50ml,한율,https://www.amoremall.com/kr/ko/product/detail?onlineProdSn=16739,197000.0,스킨케어,크림
송담 탄력 2종 기획세트,한율,https://www.amoremall.com/kr/ko/product/detail?onlineProdSn=67658,75000.0,기타,미분류
어린쑥 트러블 미스트 120ml,한율,https://www.amoremall.com/kr/ko/product/detail?onlineProdSn=67329,25000.0,기타,미분류
달빛유자 수면팩 기획세트,한율,https://www.amoremall.com/kr/ko/product/detail?onlineProdSn=67328,34000.0,스킨케어,마스크팩
어린쑥 수분진정 패드 기획세트,한율,https://www.amoremall.com/kr/ko/product/detail?onlineProdSn=67282,28871.0,건기식,기능성식품
어린쑥 클렌징 흡착 팩폼 기획세트,한율,https://www.amoremall.com/kr/ko/product/detail?onlineProdSn=67281,27887.0,스킨케어,마스크팩
어린쑥 수분진정 크림 기획세트,한율,https://www.amoremall.com/kr/ko/product/detail?onlineProdSn=67280,38000.0,스킨케어,크림
달빛유자 클렌징 필링 젤밤 기획세트,한율,https://www.amoremall.com/kr/ko/product/detail?onlineProdSn=67180,29000.0,스킨케어,크림
달빛유자 클렌징 톤업 팩폼 기획세트,한율,https://www.amoremall.com/kr/ko/product/detail?onlineProdSn=67179,27887.0,스킨케어,마스크팩
흰감국 광채 선크림 듀오 구성,한율,https://www.amoremall.com/kr/ko/product/detail?onlineProdSn=61772,80000.0,선케어,선크림
부들밤 모공수축 패드 기획세트,한율,https://www.amoremall.com/kr/ko/product/detail?onlineProdSn=58782,28871.0,스킨케어,크림
모이스처 퍼퓸 바디워시 760g,해피바스,https://www.amoremall.com/kr/ko/product/detail?onlineProdSn=52917,9833.0,바디,바디케어
오리지널 컬렉션 바디워시 910g,해피바스,https://www.amoremall.com/kr/ko/product/detail?onlineProdSn=51433,9889.0,바디,바디케어
정말 촉촉/순한 바디밀크 400g,해피바스,https://www.amoremall.com/kr/ko/product/detail?onlineProdSn=20149,7867.0,바디,바디케어
PH 4.5 약산성 여성청결제 300ml,해피바스,https://www.amoremall.com/kr/ko/product/detail?onlineProdSn=19650,11867.0,기타,미분류
제로퍼센트 저자극 버블핸드워시 500ml,해피바스,https://www.amoremall.com/kr/ko/product/detail?onlineProdSn=52309,12899.0,기타,미분류
오리지널 컬렉션 바디로션 500g,해피바스,https://www.amoremall.com/kr/ko/product/detail?onlineProdSn=53240,9884.0,바디,바디케어
마이크로 클린 솝베리 버블 클렌징폼 300ml,해피바스,https://www.amoremall.com/kr/ko/product/detail?onlineProdSn=19465,15614.0,기타,미분류
오리지널컬렉션 솝라벤더 비누 4입,해피바스,https://www.amoremall.com/kr/ko/product/detail?onlineProdSn=54608,11900.0,기타,미분류
오리지널 컬렉션 샤워 젤리 75g,해피바스,https://www.amoremall.com/kr/ko/product/detail?onlineProdSn=67220,10879.0,건기식,기능성식품
필쏘굿 풋샴푸 500ml,해피바스,https://www.amoremall.com/kr/ko/product/detail?onlineProdSn=64576,6860.0,기타,미분류
오리지널 컬렉션 바디오일 250ml,해피바스,https://www.amoremall.com/kr/ko/product/detail?onlineProdSn=53946,9889.0,바디,바디케어
주스스무디 옐로우 바디워시 820g,해피바스,https://www.amoremall.com/kr/ko/product/detail?onlineProdSn=19942,14623.0,바디,바디케어
리얼가든 바디워시 900g,해피바스,https://www.amoremall.com/kr/ko/product/detail?onlineProdSn=62454,6860.0,바디,바디케어
스킨유 이노센트 샤워젤 500g,해피바스,https://www.amoremall.com/kr/ko/product/detail?onlineProdSn=52328,19882.0,건기식,기능성식품
정말 촉촉/순한 바디워시 900g,해피바스,https://www.amoremall.com/kr/ko/product/detail?onlineProdSn=19009,7841.0,바디,바디케어
퍼퓸부티크 오일 바디로션 350g,해피바스,https://www.amoremall.com/kr/ko/product/detail?onlineProdSn=63099,15732.0,바디,바디케어
마이크로 클린 딥 버블 클렌징폼 300ml,해피바스,https://www.amoremall.com/kr/ko/product/detail?onlineProdSn=61477,15614.0,기타,미분류
딥클린 바디워시 900g,해피바스,https://www.amoremall.com/kr/ko/product/detail?onlineProdSn=61382,12857.0,바디,바디케어
크림 인 바디로션 400g,해피바스,https://www.amoremall.com/kr/ko/product/detail?onlineProdSn=62819,9884.0,스킨케어,크림
마이크로 클린 딥 클렌징폼 150g,해피바스,https://www.amoremall.com/kr/ko/product/detail?onlineProdSn=20468,11695.0,건기식,기능성식품
퍼퓸부티크 오일 바디워시 500ml,해피바스,https://www.amoremall.com/kr/ko/product/detail?onlineProdSn=63100,15732.0,바디,바디케어
오리지널 컬렉션 바디워시 910g,해피바스,https://www.amoremall.com/kr/ko/product/detail?onlineProdSn=67127,9889.0,바디,바디케어
제로퍼센트 항균 바솝,해피바스,https://www.amoremall.com/kr/ko/product/detail?onlineProdSn=52312,13800.0,기타,미분류
블로썸 바디워시 900g,해피바스,https://www.amoremall.com/kr/ko/product/detail?onlineProdSn=60556,8784.0,바디,바디케어
오리지널 컬렉션 올리브 비누 4입,해피바스,https://www.amoremall.com/kr/ko/product/detail?onlineProdSn=54609,11900.0,기타,미분류
화이트 클레이 모공 클렌징폼 150g,해피바스,https://www.amoremall.com/kr/ko/product/detail?onlineProdSn=27540,11800.0,건기식,기능성식품
크림 인 바디워시 900g,해피바스,https://www.amoremall.com/kr/ko/product/detail?onlineProdSn=62818,9884.0,스킨케어,크림
스마일 바디워시 900g,해피바스,https://www.amoremall.com/kr/ko/product/detail?onlineProdSn=59236,13529.0,바디,바디케어
오리지널 컬렉션 머스크 바디워시 910g,해피바스,https://www.amoremall.com/kr/ko/product/detail?onlineProdSn=54316,9889.0,바디,바디케어
오리지널 컬렉션 클린코튼 비누 4입,해피바스,https://www.amoremall.com/kr/ko/product/detail?onlineProdSn=54611,11900.0,기타,미분류
유황 소금 보들 바디워시 600g,해피바스,https://www.amoremall.com/kr/ko/product/detail?onlineProdSn=60891,12857.0,바디,바디케어
마일드 클렌징폼 200g,해피바스,https://www.amoremall.com/kr/ko/product/detail?onlineProdSn=36430,6806.0,건기식,기능성식품
스킨유 이노센트 로션 350g,해피바스,https://www.amoremall.com/kr/ko/product/detail?onlineProdSn=54890,19882.0,건기식,기능성식품
오리지널 컬렉션 베이비파우더 비누 4입,해피바스,https://www.amoremall.com/kr/ko/product/detail?onlineProdSn=54606,11900.0,기타,미분류
티트리 아크네 클렌징폼 150g,해피바스,https://www.amoremall.com/kr/ko/product/detail?onlineProdSn=27541,11800.0,건기식,기능성식품
오리지널 컬렉션 바디로션 500g,해피바스,https://www.amoremall.com/kr/ko/product/detail?onlineProdSn=67128,9889.0,바디,바디케어
스킨유 이노센트 딥 머스크 바디오일&괄사 증정 기획 130ml,해피바스,https://www.amoremall.com/kr/ko/product/detail?onlineProdSn=64527,22874.0,바디,바디케어
두보레 장미 에센스 비누 4입,해피바스,https://www.amoremall.com/kr/ko/product/detail?onlineProdSn=17937,7899.0,스킨케어,에센스
두보레 후리지아 에센스 비누 4입,해피바스,https://www.amoremall.com/kr/ko/product/detail?onlineProdSn=59633,7899.0,스킨케어,에센스
마이크로 클린 솝베리 클렌징폼 150g,해피바스,https://www.amoremall.com/kr/ko/product/detail?onlineProdSn=27442,11695.0,건기식,기능성식품
스킨유 프래그런스 핸드크림 50ml,해피바스,https://www.amoremall.com/kr/ko/product/detail?onlineProdSn=57832,11978.0,스킨케어,크림
두보레 백합 에센스 비누 4입,해피바스,https://www.amoremall.com/kr/ko/product/detail?onlineProdSn=59233,7899.0,스킨케어,에센스
히알루론 클렌징 폼 200g,해피바스,https://www.amoremall.com/kr/ko/product/detail?onlineProdSn=63464,4900.0,건기식,기능성식품
오리지널 컬렉션 체리블로섬 비누 4입,해피바스,https://www.amoremall.com/kr/ko/product/detail?onlineProdSn=54610,11900.0,기타,미분류
오리지널 컬렉션 오리지널 비누 4입,해피바스,https://www.amoremall.com/kr/ko/product/detail?onlineProdSn=54607,11900.0,기타,미분류
스킨유 이노센트 딥머스크 앰플 미스트 150ml,해피바스,https://www.amoremall.com/kr/ko/product/detail?onlineProdSn=65907,19895.0,스킨케어,앰플
퍼퓸부티크 바디&헤어 미스트 200ml,해피바스,https://www.amoremall.com/kr/ko/product/detail?onlineProdSn=64256,17865.0,바디,바디케어
퍼펙트 딥 씨솔트 클렌징폼 150g,해피바스,https://www.amoremall.com/kr/ko/product/detail?onlineProdSn=27436,11800.0,건기식,기능성식품
스킨유 이노센트 스크럽 450g,해피바스,https://www.amoremall.com/kr/ko/product/detail?onlineProdSn=58237,23690.0,건기식,기능성식품
제로퍼센트 저자극 버블핸드워시 + 필쏘굿 풋샴푸,해피바스,https://www.amoremall.com/kr/ko/product/detail?onlineProdSn=67034,19714.0,기타,미분류
필쏘굿 시카 진정 수분 선크림 80ml,해피바스,https://www.amoremall.com/kr/ko/product/detail?onlineProdSn=65589,10879.0,선케어,선크림
필쏘굿 시카 진정 선 미스트 80ml,해피바스,https://www.amoremall.com/kr/ko/product/detail?onlineProdSn=65588,12824.0,기타,미분류
쏘 캄 트래블 3종 세트,온호프,https://www.amoremall.com/kr/ko/product/detail?onlineProdSn=60444,32500.0,기타,미분류
홀리추얼 래디언스 리설페이싱 필 12매,홀리추얼,https://www.amoremall.com/kr/ko/product/detail?onlineProdSn=31333,48000.0,기타,미분류
홀리추얼 코어 리프트 액티베이팅 세럼 140ml,홀리추얼,https://www.amoremall.com/kr/ko/product/detail?onlineProdSn=31334,105000.0,스킨케어,세럼
홀리추얼 울트라 너리싱 어드밴스드 크림,홀리추얼,https://www.amoremall.com/kr/ko/product/detail?onlineProdSn=62681,220000.0,스킨케어,크림
홀리추얼 엘리멘탈 스무딩 로션 110ml,홀리추얼,https://www.amoremall.com/kr/ko/product/detail?onlineProdSn=47255,55000.0,기타,미분류
홀리추얼 릴랙스드 풋 트리트먼트 크림 130ml,홀리추얼,https://www.amoremall.com/kr/ko/product/detail?onlineProdSn=63957,35000.0,스킨케어,크림
홀리추얼 리디파이닝 클렌징 밀크 200ml,홀리추얼,https://www.amoremall.com/kr/ko/product/detail?onlineProdSn=64817,46000.0,기타,미분류
홀리추얼 마이크로 밸런싱 에센스 150ml,홀리추얼,https://www.amoremall.com/kr/ko/product/detail?onlineProdSn=39994,52000.0,스킨케어,에센스
홀리추얼 컨센트레이트 시그니처 크림 라이트 80ml,홀리추얼,https://www.amoremall.com/kr/ko/product/detail?onlineProdSn=39995,98000.0,스킨케어,크림
홀리추얼 피토 리쥬브네이팅 컨센트레이트 30ml,홀리추얼,https://www.amoremall.com/kr/ko/product/detail?onlineProdSn=47176,70000.0,기타,미분류
홀리추얼 울트라 너리싱 어드밴스드 에멀전 120ml,홀리추얼,https://www.amoremall.com/kr/ko/product/detail?onlineProdSn=66972,82000.0,기타,미분류
홀리추얼 뉴트리 엘릭서 미스트 홀리데이 기획 세트,홀리추얼,https://www.amoremall.com/kr/ko/product/detail?onlineProdSn=67603,58000.0,기타,미분류
홀리추얼  릴랙스드 풋 트리트먼트 크림 듀오 SET,홀리추얼,https://www.amoremall.com/kr/ko/product/detail?onlineProdSn=67391,70000.0,스킨케어,크림
홀리추얼  리디파이닝 클렌징 밀크 듀오 SET,홀리추얼,https://www.amoremall.com/kr/ko/product/detail?onlineProdSn=67389,92000.0,기타,미분류
홀리추얼  코어 리프트 액티베이팅 세럼 기획세트 140ml,홀리추얼,https://www.amoremall.com/kr/ko/product/detail?onlineProdSn=67386,105000.0,스킨케어,세럼
홀리추얼 울트라 너리싱 어드밴스드 토너 150ml,홀리추얼,https://www.amoremall.com/kr/ko/product/detail?onlineProdSn=66971,78000.0,기타,미분류
홀리추얼  뉴트리 엘릭서 바디 프라그랑스 미스트 100ml,홀리추얼,https://www.amoremall.com/kr/ko/product/detail?onlineProdSn=66671,58000.0,바디,바디케어
홀리추얼 프로 리프팅 앤 퍼밍 프로그램,홀리추얼,https://www.amoremall.com/kr/ko/product/detail?onlineProdSn=64297,150000.0,기타,미분류
홀리추얼 리디파이닝 앰플 4주 프로그램,홀리추얼,https://www.amoremall.com/kr/ko/product/detail?onlineProdSn=63393,280000.0,스킨케어,앰플
홀리추얼 클린테라피 파우더 마스크,홀리추얼,https://www.amoremall.com/kr/ko/product/detail?onlineProdSn=61714,125000.0,스킨케어,마스크팩
홀리추얼 파워 리뉴얼 키트,홀리추얼,https://www.amoremall.com/kr/ko/product/detail?onlineProdSn=48594,140000.0,기타,미분류
홀리추얼 울트라 너리싱 어드밴스드 토너 + 에멀전,홀리추얼,https://www.amoremall.com/kr/ko/product/detail?onlineProdSn=67250,160000.0,기타,미분류
퍼즐우드 비건 디퓨저 200ml,,https://www.amoremall.com/kr/ko/product/detail?onlineProdSn=55073,33000.0,기타,미분류
퍼즐우드 비건 핸드크림 50ml,,https://www.amoremall.com/kr/ko/product/detail?onlineProdSn=55077,21000.0,스킨케어,크림
퍼즐우드 비건 인센스 스틱 20g,,https://www.amoremall.com/kr/ko/product/detail?onlineProdSn=59484,21000.0,건기식,기능성식품
로맨틱 에멀전 130ml,오딧세이,https://www.amoremall.com/kr/ko/product/detail?onlineProdSn=59820,29429.0,기타,미분류
로맨틱 스킨 리파이너 130ml,오딧세이,https://www.amoremall.com/kr/ko/product/detail?onlineProdSn=59819,29429.0,기타,미분류
챕터파이브 생츄어리 2종 세트,오딧세이,https://www.amoremall.com/kr/ko/product/detail?onlineProdSn=60523,82000.0,기타,미분류
블랙 스킨 리파이너 130ml,오딧세이,https://www.amoremall.com/kr/ko/product/detail?onlineProdSn=59823,39270.0,기타,미분류
MMY 콜라보레이션 토트백,오딧세이,https://www.amoremall.com/kr/ko/product/detail?onlineProdSn=67782,30000.0,기타,미분류
블랙 에멀전 130ml,오딧세이,https://www.amoremall.com/kr/ko/product/detail?onlineProdSn=59824,39270.0,기타,미분류
MMY 콜라보레이션 크로스백,오딧세이,https://www.amoremall.com/kr/ko/product/detail?onlineProdSn=67781,20000.0,기타,미분류
챕터파이브 라이트하우스 2종 세트,오딧세이,https://www.amoremall.com/kr/ko/product/detail?onlineProdSn=60522,82000.0,기타,미분류
블랙 스페셜 2종 신년기획세트,오딧세이,https://www.amoremall.com/kr/ko/product/detail?onlineProdSn=59825,79790.0,기타,미분류
로맨틱 스페셜 2종 세트 신년기획세트,오딧세이,https://www.amoremall.com/kr/ko/product/detail?onlineProdSn=59822,59790.0,기타,미분류
NEW 나이아시카 수딩 글로우 워터리 크림30ml,프리메라,https://www.amoremall.com/kr/ko/product/detail?onlineProdSn=63601,27581.0,스킨케어,크림
마일드 앤 퍼펙트 클렌징 오일 투 폼 200ml,프리메라,https://www.amoremall.com/kr/ko/product/detail?onlineProdSn=54433,26000.0,기타,미분류
NEW 비타티놀 바운시 리프트 세럼 30g*2입,프리메라,https://www.amoremall.com/kr/ko/product/detail?onlineProdSn=66137,63000.0,스킨케어,세럼
후리 앤 후리 200ml,프리메라,https://www.amoremall.com/kr/ko/product/detail?onlineProdSn=18956,31000.0,기타,미분류
마일드 포어 필링 패드 60매 기획세트,프리메라,https://www.amoremall.com/kr/ko/product/detail?onlineProdSn=64394,39000.0,기타,미분류
나이아시카 수딩글로우 워터리 크림 30ml,프리메라,https://www.amoremall.com/kr/ko/product/detail?onlineProdSn=63713,22640.0,스킨케어,크림
워터리 에센스 250ml,프리메라,https://www.amoremall.com/kr/ko/product/detail?onlineProdSn=49308,34000.0,스킨케어,에센스
알파인 베리 워터리 크림 100ml,프리메라,https://www.amoremall.com/kr/ko/product/detail?onlineProdSn=50191,62000.0,스킨케어,크림
비타티놀 세럼 메가샷 마스크 34g 1입,프리메라,https://www.amoremall.com/kr/ko/product/detail?onlineProdSn=62715,7000.0,스킨케어,마스크팩
레티놀 볼륨 립 세럼 12g,프리메라,https://www.amoremall.com/kr/ko/product/detail?onlineProdSn=60637,29000.0,스킨케어,세럼
마일드 앤 퍼펙트 클렌징 오일 투 폼 300ml,프리메라,https://www.amoremall.com/kr/ko/product/detail?onlineProdSn=63011,34000.0,기타,미분류
인리치드 클렌징 티슈 60매 300g,프리메라,https://www.amoremall.com/kr/ko/product/detail?onlineProdSn=67261,27000.0,건기식,기능성식품
비타티놀 세럼 메가샷 마스크 34g*5입,프리메라,https://www.amoremall.com/kr/ko/product/detail?onlineProdSn=62716,35000.0,스킨케어,마스크팩
오가니언스 BR 소프트 필링 투 폼 클렌저 120ml,프리메라,https://www.amoremall.com/kr/ko/product/detail?onlineProdSn=57667,20000.0,기타,미분류
오가니언스 배리어 리페어 2종 기획세트,프리메라,https://www.amoremall.com/kr/ko/product/detail?onlineProdSn=57462,72000.0,기타,미분류
비타티놀 인텐스 바운시 리프트 마스크 크림,프리메라,https://www.amoremall.com/kr/ko/product/detail?onlineProdSn=67168,29000.0,스킨케어,마스크팩
씨드 앤 스프라우트 에너지마스크로터스기획세트 20ml*30매,프리메라,https://www.amoremall.com/kr/ko/product/detail?onlineProdSn=57874,55000.0,스킨케어,마스크팩
마일드 앤 퍼펙트 페이셜 필링 150ml,프리메라,https://www.amoremall.com/kr/ko/product/detail?onlineProdSn=21472,30000.0,기타,미분류
알파인베리 워터리 크림 75ml,프리메라,https://www.amoremall.com/kr/ko/product/detail?onlineProdSn=21365,49000.0,스킨케어,크림
바하 버블 필링 클렌저 200ml,프리메라,https://www.amoremall.com/kr/ko/product/detail?onlineProdSn=45627,22000.0,기타,미분류
후리 앤 후리 소프트 폼 150ml,프리메라,https://www.amoremall.com/kr/ko/product/detail?onlineProdSn=19409,31000.0,기타,미분류
NEW 인리치드 바디 오일 투 폼 클렌저 390ml,프리메라,https://www.amoremall.com/kr/ko/product/detail?onlineProdSn=67493,38000.0,바디,바디케어
NEW 나이아시카 워터리 크림 쿠션 15g,프리메라,https://www.amoremall.com/kr/ko/product/detail?onlineProdSn=63642,33000.0,스킨케어,크림
오가니언스 BR 컴포트 아미노 리치 폼 150ml,프리메라,https://www.amoremall.com/kr/ko/product/detail?onlineProdSn=58670,23000.0,기타,미분류
맨오가니언스 2종 기획세트,프리메라,https://www.amoremall.com/kr/ko/product/detail?onlineProdSn=62230,72000.0,기타,미분류
하이드로 글로우 트리트먼트 에센스 150ml,프리메라,https://www.amoremall.com/kr/ko/product/detail?onlineProdSn=55481,38000.0,스킨케어,에센스
오가니언스 베리어 리페어 카밍 에센스 토너 160ml,프리메라,https://www.amoremall.com/kr/ko/product/detail?onlineProdSn=57272,35000.0,스킨케어,에센스
오가니언스 베리어 리페어 씨드펩타이드 리저브 크림 50ml,프리메라,https://www.amoremall.com/kr/ko/product/detail?onlineProdSn=59285,43000.0,스킨케어,크림
레티놀 볼륨 립 세럼 튜브 7g,프리메라,https://www.amoremall.com/kr/ko/product/detail?onlineProdSn=63259,18000.0,스킨케어,세럼
오가니언스 베리어 리페어 씨드 펩타이드 리저브 세럼 30ml,프리메라,https://www.amoremall.com/kr/ko/product/detail?onlineProdSn=59284,45000.0,스킨케어,세럼
오가니언스 베리어 리페어 하이드레이션 크림 에멀젼 160ml,프리메라,https://www.amoremall.com/kr/ko/product/detail?onlineProdSn=57273,37000.0,스킨케어,크림
리페어링 세라캡슐 UV프로텍터 40ml,프리메라,https://www.amoremall.com/kr/ko/product/detail?onlineProdSn=57069,34000.0,기타,미분류
더 핸드크림 미스트 20ml,프리메라,https://www.amoremall.com/kr/ko/product/detail?onlineProdSn=60306,28000.0,스킨케어,크림
알파인 베리 워터리 크림 50ml,프리메라,https://www.amoremall.com/kr/ko/product/detail?onlineProdSn=19757,41000.0,스킨케어,크림
알파인 베리 워터리 크림 150ml,프리메라,https://www.amoremall.com/kr/ko/product/detail?onlineProdSn=63714,84000.0,스킨케어,크림
NEW 비타티놀 바운시 리프트 세럼 30g 1입,프리메라,https://www.amoremall.com/kr/ko/product/detail?onlineProdSn=66135,39000.0,스킨케어,세럼
씨드 앤 스프라우트 에너지 마스크_로터스 5매 20ml,프리메라,https://www.amoremall.com/kr/ko/product/detail?onlineProdSn=17777,15000.0,스킨케어,마스크팩
알파인 베리 워터리 수딩 젤크림 100ml,프리메라,https://www.amoremall.com/kr/ko/product/detail?onlineProdSn=50192,62000.0,스킨케어,크림
알파인 베리 워터리 수딩젤 크림 75ml,프리메라,https://www.amoremall.com/kr/ko/product/detail?onlineProdSn=47513,49000.0,스킨케어,크림
마일드 앤 퍼펙트 포어 필링 패드 60매,프리메라,https://www.amoremall.com/kr/ko/product/detail?onlineProdSn=62972,29000.0,기타,미분류
알파인베리 워터리 수딩젤 크림 50ml,프리메라,https://www.amoremall.com/kr/ko/product/detail?onlineProdSn=21364,41000.0,스킨케어,크림
리페어링 세라캡슐 UV프로텍터 톤업 프라이밍 40ml,프리메라,https://www.amoremall.com/kr/ko/product/detail?onlineProdSn=60913,34000.0,기타,미분류
알파인베리 워터리 크림 100ml*2입 + 월리 우프 무드등,프리메라,https://www.amoremall.com/kr/ko/product/detail?onlineProdSn=67574,96720.0,스킨케어,크림
비타티놀 바운시 리프트 세럼 30g 4입 + 월리 우프 무드등,프리메라,https://www.amoremall.com/kr/ko/product/detail?onlineProdSn=67573,103320.0,스킨케어,세럼
워터리 에센스 250ml 더블 세트,프리메라,https://www.amoremall.com/kr/ko/product/detail?onlineProdSn=67403,68000.0,스킨케어,에센스
마일드 앤 퍼펙트 클렌징 오일 투 폼 200ml 더블 기프트 세트,프리메라,https://www.amoremall.com/kr/ko/product/detail?onlineProdSn=67400,52000.0,기타,미분류
비타티놀 인텐스 바운시 리프트 마스크 크림 30ml+리필 30ml 더블 세트,프리메라,https://www.amoremall.com/kr/ko/product/detail?onlineProdSn=67398,66000.0,스킨케어,마스크팩
비타티놀 세럼 메가샷 마스크세트 34g*5매 X 4개 세트,프리메라,https://www.amoremall.com/kr/ko/product/detail?onlineProdSn=67395,140000.0,스킨케어,마스크팩
마일드 앤 퍼펙트 페이셜 필링 250ml,프리메라,https://www.amoremall.com/kr/ko/product/detail?onlineProdSn=67384,42000.0,기타,미분류
비타티놀 인텐스 바운시 리프트 마스크 크림 30ml,프리메라,https://www.amoremall.com/kr/ko/product/detail?onlineProdSn=67155,37000.0,스킨케어,마스크팩
마일드 앤 퍼펙트 포어 필링 패드 60매*2,프리메라,https://www.amoremall.com/kr/ko/product/detail?onlineProdSn=66897,58000.0,기타,미분류
후리 앤 후리 소프트폼 150ml*2,프리메라,https://www.amoremall.com/kr/ko/product/detail?onlineProdSn=66895,62000.0,기타,미분류
비타티놀 세럼 메가샷 마스크세트 34g*5매X2개,프리메라,https://www.amoremall.com/kr/ko/product/detail?onlineProdSn=66707,70000.0,스킨케어,마스크팩
오가니언스 BR 소프트 필링 투 폼 클렌저 120ml,프리메라,https://www.amoremall.com/kr/ko/product/detail?onlineProdSn=66272,40000.0,기타,미분류
마일드 앤 퍼펙트 페이셜 필링 150ml*2,프리메라,https://www.amoremall.com/kr/ko/product/detail?onlineProdSn=64905,60000.0,기타,미분류
나이아시카 수딩글로우 워터리 크림,프리메라,https://www.amoremall.com/kr/ko/product/detail?onlineProdSn=63716,55101.0,스킨케어,크림
나이아시카 수딩글로우 워터리 크림,프리메라,https://www.amoremall.com/kr/ko/product/detail?onlineProdSn=63715,50154.0,스킨케어,크림
후리 앤 후리 200ml*2,프리메라,https://www.amoremall.com/kr/ko/product/detail?onlineProdSn=61910,62000.0,기타,미분류
마일드 앤 퍼펙트 클렌징 오일 투 폼 200ml + 오가니언스 BR 소프트 필링 투 폼 클렌저 120ml,프리메라,https://www.amoremall.com/kr/ko/product/detail?onlineProdSn=57901,46000.0,기타,미분류
UV프로텍터 톤업 SPF50+/PA++++ 50ml,헤라,https://www.amoremall.com/kr/ko/product/detail?onlineProdSn=50165,45000.0,선케어,선크림
NEW 블랙 쿠션 파운데이션 SPF34/PA++,헤라,https://www.amoremall.com/kr/ko/product/detail?onlineProdSn=61257,74000.0,선케어,선크림
NEW 블랙 쿠션 파운데이션 SPF34/PA++ 15g,헤라,https://www.amoremall.com/kr/ko/product/detail?onlineProdSn=61258,38000.0,선케어,선크림
센슈얼 누드 글로스 5g,헤라,https://www.amoremall.com/kr/ko/product/detail?onlineProdSn=31573,40000.0,건기식,기능성식품
리프레싱 클렌징 폼 160g,헤라,https://www.amoremall.com/kr/ko/product/detail?onlineProdSn=61126,35000.0,건기식,기능성식품
실키 스테이 24H 롱웨어 파운데이션 SPF20/PA++ 30g,헤라,https://www.amoremall.com/kr/ko/product/detail?onlineProdSn=51475,70000.0,선케어,선크림
블랙 쿠션 파운데이션 퍼프 2ea,헤라,https://www.amoremall.com/kr/ko/product/detail?onlineProdSn=61259,8000.0,기타,미분류
센슈얼 누드 밤 3.5g,헤라,https://www.amoremall.com/kr/ko/product/detail?onlineProdSn=55828,40000.0,스킨케어,크림
센슈얼 틴티드 샤인스틱 3.5g,헤라,https://www.amoremall.com/kr/ko/product/detail?onlineProdSn=64020,45000.0,건기식,기능성식품
NEW 리플렉션 스킨 글로우 파운데이션 SPF15/PA++ 30g,헤라,https://www.amoremall.com/kr/ko/product/detail?onlineProdSn=59738,72000.0,선케어,선크림
NEW 리플렉션 스킨 글로우 쿠션 파운데이션 SPF40/PA++ 15g,헤라,https://www.amoremall.com/kr/ko/product/detail?onlineProdSn=54992,60000.0,선케어,선크림
NEW 리플렉션 스킨 글로우 쿠션 파운데이션 SPF40/PA++ 15g,헤라,https://www.amoremall.com/kr/ko/product/detail?onlineProdSn=54993,44000.0,선케어,선크림
UV프로텍터 멀티디펜스 SPF50+/PA++++ 50ml,헤라,https://www.amoremall.com/kr/ko/product/detail?onlineProdSn=18312,45000.0,선케어,선크림
옴므 베이직 스페셜 기획세트 2종,헤라,https://www.amoremall.com/kr/ko/product/detail?onlineProdSn=19625,88000.0,기타,미분류
에이지 어웨이 에스테틱 2종 세트,헤라,https://www.amoremall.com/kr/ko/product/detail?onlineProdSn=60407,125000.0,기타,미분류
센슈얼 파우더 매트 리퀴드 5g,헤라,https://www.amoremall.com/kr/ko/product/detail?onlineProdSn=28716,45000.0,건기식,기능성식품
NEW 옴므 블랙 액티브 세트 2종,헤라,https://www.amoremall.com/kr/ko/product/detail?onlineProdSn=65427,116000.0,기타,미분류
루즈 클래시 3.5g,헤라,https://www.amoremall.com/kr/ko/product/detail?onlineProdSn=60557,50000.0,건기식,기능성식품
NEW 블랙 쿠션 파운데이션 SPF34/PA++ 15g,헤라,https://www.amoremall.com/kr/ko/product/detail?onlineProdSn=61252,52000.0,선케어,선크림
옴므 올인원 스킨 하이드로 트리트먼트 150ml,헤라,https://www.amoremall.com/kr/ko/product/detail?onlineProdSn=47595,48000.0,기타,미분류
시그니아 워터 에멀젼 기프트 세트 2종,헤라,https://www.amoremall.com/kr/ko/product/detail?onlineProdSn=57600,185000.0,기타,미분류
블러쉬 5.5g,헤라,https://www.amoremall.com/kr/ko/product/detail?onlineProdSn=62029,50000.0,건기식,기능성식품
UV프로텍터 익스트림포스 레포츠 SPF50+/PA++++ 70ml,헤라,https://www.amoremall.com/kr/ko/product/detail?onlineProdSn=60900,45000.0,선케어,선크림
UV프로텍터 멀티디펜스 프레쉬 SPF50+/PA++++ 50ml,헤라,https://www.amoremall.com/kr/ko/product/detail?onlineProdSn=56400,45000.0,선케어,선크림
NEW 옴므 블루 에센스 기획 2종 세트,헤라,https://www.amoremall.com/kr/ko/product/detail?onlineProdSn=66717,96000.0,스킨케어,에센스
리치 컬링 마스카라,헤라,https://www.amoremall.com/kr/ko/product/detail?onlineProdSn=16715,42000.0,메이크업,마스카라
브로우 디자이너 오토펜슬,헤라,https://www.amoremall.com/kr/ko/product/detail?onlineProdSn=20732,30000.0,메이크업,아이브로우
NEW 코렉팅 베이스 UV 프로텍터 SPF50+/PA++++ 35ml,헤라,https://www.amoremall.com/kr/ko/product/detail?onlineProdSn=66903,58000.0,선케어,선크림
센슈얼 파우더 매트 립스틱 3g,헤라,https://www.amoremall.com/kr/ko/product/detail?onlineProdSn=54577,45000.0,메이크업,립스틱
브로우 디자이너 오토펜슬,헤라,https://www.amoremall.com/kr/ko/product/detail?onlineProdSn=21892,20000.0,메이크업,아이브로우
에이지 어웨이 에스테틱 BX 아이크림 25ml,헤라,https://www.amoremall.com/kr/ko/product/detail?onlineProdSn=60463,110000.0,스킨케어,크림
지일 오 데 퍼퓸 40ml,헤라,https://www.amoremall.com/kr/ko/product/detail?onlineProdSn=21576,70000.0,기타,미분류
옴므 에센스 인 스킨 125ml,헤라,https://www.amoremall.com/kr/ko/product/detail?onlineProdSn=18847,46000.0,스킨케어,에센스
에이지 어웨이 에스테틱 BX83 리포솜 40ml,헤라,https://www.amoremall.com/kr/ko/product/detail?onlineProdSn=60461,130000.0,기타,미분류
NEW 쿼드 아이 컬러 섀도우 9g,헤라,https://www.amoremall.com/kr/ko/product/detail?onlineProdSn=56708,69000.0,메이크업,아이섀도우
NEW 에어리 파우더 프라이머 8.5g,헤라,https://www.amoremall.com/kr/ko/product/detail?onlineProdSn=36070,60000.0,건기식,기능성식품
파워부스팅 스페셜세트 2종,헤라,https://www.amoremall.com/kr/ko/product/detail?onlineProdSn=56154,134000.0,기타,미분류
NEW 립 세럼 11g,헤라,https://www.amoremall.com/kr/ko/product/detail?onlineProdSn=66441,40000.0,스킨케어,세럼
옴므 에센스 인 에멀젼 110ml,헤라,https://www.amoremall.com/kr/ko/product/detail?onlineProdSn=21450,42000.0,스킨케어,에센스
메이크업픽서 80ml,헤라,https://www.amoremall.com/kr/ko/product/detail?onlineProdSn=59800,40000.0,메이크업,마스카라
딥 클렌징 오일 225ml,헤라,https://www.amoremall.com/kr/ko/product/detail?onlineProdSn=61125,50000.0,기타,미분류
센슈얼 피팅 글로우틴트 5g,헤라,https://www.amoremall.com/kr/ko/product/detail?onlineProdSn=58779,45000.0,메이크업,립틴트
컴피 리바이탈라이징 세럼 미스트 90ml,헤라,https://www.amoremall.com/kr/ko/product/detail?onlineProdSn=60831,82000.0,스킨케어,세럼
에이지 어웨이 에스테틱 BX 워터 150ml,헤라,https://www.amoremall.com/kr/ko/product/detail?onlineProdSn=60459,60000.0,기타,미분류
에이지 어웨이 에스테틱 BX 크림 50ml,헤라,https://www.amoremall.com/kr/ko/product/detail?onlineProdSn=60462,130000.0,스킨케어,크림
이지 스타일링 아이라이너 0.5g,헤라,https://www.amoremall.com/kr/ko/product/detail?onlineProdSn=14934,32000.0,메이크업,아이라이너
크리미 커버 컨실러 7.5g,헤라,https://www.amoremall.com/kr/ko/product/detail?onlineProdSn=59328,45000.0,건기식,기능성식품
하이드로 리플렉팅 마이크로 크림 50ml,헤라,https://www.amoremall.com/kr/ko/product/detail?onlineProdSn=57586,72000.0,스킨케어,크림
소프트 피니시 루스 파우더 15g,헤라,https://www.amoremall.com/kr/ko/product/detail?onlineProdSn=53560,60000.0,건기식,기능성식품
에이지 어웨이 에스테틱 BX 에멀젼 120ml,헤라,https://www.amoremall.com/kr/ko/product/detail?onlineProdSn=60460,65000.0,기타,미분류
하이드로 리플렉팅 2종 세트,헤라,https://www.amoremall.com/kr/ko/product/detail?onlineProdSn=57587,113000.0,기타,미분류
파워부스팅 페이스 트리트먼트 110ml,헤라,https://www.amoremall.com/kr/ko/product/detail?onlineProdSn=56157,75000.0,기타,미분류
센슈얼 립앤치크 7g,헤라,https://www.amoremall.com/kr/ko/product/detail?onlineProdSn=61690,44615.0,건기식,기능성식품
하이드로 리플렉팅 플루이드 140ml,헤라,https://www.amoremall.com/kr/ko/product/detail?onlineProdSn=57584,58000.0,기타,미분류
하이드로 리플렉팅 토너 170ml,헤라,https://www.amoremall.com/kr/ko/product/detail?onlineProdSn=57583,55000.0,기타,미분류
시그니아 에센셜 밸런싱 에멀젼 150ml,헤라,https://www.amoremall.com/kr/ko/product/detail?onlineProdSn=18518,90000.0,기타,미분류
리쥬브네이트 앰플 크림 50ml,헤라,https://www.amoremall.com/kr/ko/product/detail?onlineProdSn=62769,108000.0,스킨케어,앰플
아이 디자이너 펜슬,헤라,https://www.amoremall.com/kr/ko/product/detail?onlineProdSn=19486,32000.0,메이크업,아이라이너
벨벳 나이트 퍼퓸드 샤워젤 250g,헤라,https://www.amoremall.com/kr/ko/product/detail?onlineProdSn=27194,47000.0,건기식,기능성식품
UV 프로텍터 액티브 선 밤 SPF 50+/PA++++ 10g,헤라,https://www.amoremall.com/kr/ko/product/detail?onlineProdSn=57792,38000.0,선케어,선크림
NEW 헬씨 글로우 듀이 밤 10g,헤라,https://www.amoremall.com/kr/ko/product/detail?onlineProdSn=62556,43000.0,스킨케어,크림
하이드로-듀 플럼핑 앰플 50ml,헤라,https://www.amoremall.com/kr/ko/product/detail?onlineProdSn=51567,62000.0,스킨케어,앰플
리치 컬링 워터프루프 마스카라 6g,헤라,https://www.amoremall.com/kr/ko/product/detail?onlineProdSn=64964,42000.0,메이크업,마스카라
지일 블루밍 퍼퓸드 바디로션 230ml,헤라,https://www.amoremall.com/kr/ko/product/detail?onlineProdSn=49270,50000.0,바디,바디케어
NEW 부스팅 베이스 UV 프로텍터 SPF15 35ml,헤라,https://www.amoremall.com/kr/ko/product/detail?onlineProdSn=66904,58000.0,선케어,선크림
메이크업 리무버 125ml,헤라,https://www.amoremall.com/kr/ko/product/detail?onlineProdSn=61127,38000.0,클렌징,리무버
하이드로-듀 플럼핑 크림 50ml,헤라,https://www.amoremall.com/kr/ko/product/detail?onlineProdSn=51568,62000.0,스킨케어,크림
NEW 리프레싱 토닉 클렌징워터 200ml,헤라,https://www.amoremall.com/kr/ko/product/detail?onlineProdSn=64321,45000.0,기타,미분류
NEW 시그니아 일루미네이팅 세럼 30ml,헤라,https://www.amoremall.com/kr/ko/product/detail?onlineProdSn=63655,200000.0,스킨케어,세럼
파워부스팅 토너 150ml,헤라,https://www.amoremall.com/kr/ko/product/detail?onlineProdSn=56155,65000.0,기타,미분류
NEW 레티놀 3X 리프팅 세럼 25ml,헤라,https://www.amoremall.com/kr/ko/product/detail?onlineProdSn=64395,110000.0,스킨케어,세럼
벨벳 나이트 오 데 퍼퓸 40ml,헤라,https://www.amoremall.com/kr/ko/product/detail?onlineProdSn=63010,70000.0,기타,미분류
스킨 틴트 컴피 스프레더 SPF50/ PA++++ 15g,헤라,https://www.amoremall.com/kr/ko/product/detail?onlineProdSn=60832,70000.0,선케어,선크림
파워부스팅 모이스춰라이저 110ml,헤라,https://www.amoremall.com/kr/ko/product/detail?onlineProdSn=56156,69000.0,기타,미분류
옴므 블랙 액티브 어드밴스드 에멀전 110ml,헤라,https://www.amoremall.com/kr/ko/product/detail?onlineProdSn=66978,58000.0,기타,미분류
옴므 블랙 액티브 어드밴스드 토너 125ml,헤라,https://www.amoremall.com/kr/ko/product/detail?onlineProdSn=66977,58000.0,기타,미분류
하이드로-듀 플럼핑 워터 드롭 50ml,헤라,https://www.amoremall.com/kr/ko/product/detail?onlineProdSn=51566,62000.0,기타,미분류
NEW 옴므 블루 에센스 인 에멀전 110ml,헤라,https://www.amoremall.com/kr/ko/product/detail?onlineProdSn=66716,48000.0,스킨케어,에센스
NEW 옴므 블루 에센스 인 토너 125ml,헤라,https://www.amoremall.com/kr/ko/product/detail?onlineProdSn=66715,48000.0,스킨케어,에센스
페르소프 오 데 퍼퓸 40ml,헤라,https://www.amoremall.com/kr/ko/product/detail?onlineProdSn=63878,70000.0,기타,미분류
NEW 블랙 쿠션 파운데이션 00P1 SPF34/PA++ 15g,헤라,https://www.amoremall.com/kr/ko/product/detail?onlineProdSn=67802,51471.0,선케어,선크림
UV 프로텍터 톤업 2개 + 월리 뽀모도로 타이머 & 포스트카드,헤라,https://www.amoremall.com/kr/ko/product/detail?onlineProdSn=67569,81000.0,기타,미분류
블랙쿠션 23N1 듀오 + 리필 + 월리 우프 무드등,헤라,https://www.amoremall.com/kr/ko/product/detail?onlineProdSn=67568,100800.0,기타,미분류
블랙쿠션 21N1 듀오 + 리필 + 월리 우프 무드등,헤라,https://www.amoremall.com/kr/ko/product/detail?onlineProdSn=67567,100800.0,기타,미분류
실키스테이 24H 롱웨어 파운데이션 23N1 기획세트,헤라,https://www.amoremall.com/kr/ko/product/detail?onlineProdSn=67407,70000.0,기타,미분류
실키스테이 24H 롱웨어 파운데이션 21N1 기획세트,헤라,https://www.amoremall.com/kr/ko/product/detail?onlineProdSn=67406,70000.0,기타,미분류
글로우쿠션 리필 21N1 + 쿠션 케이스 #1 메탈릭레더,헤라,https://www.amoremall.com/kr/ko/product/detail?onlineProdSn=67259,69000.0,기타,미분류
블러쉬 스틱 7.7g,헤라,https://www.amoremall.com/kr/ko/product/detail?onlineProdSn=67252,48000.0,건기식,기능성식품
NEW 컴피 컨디셔닝 에센스 150g,헤라,https://www.amoremall.com/kr/ko/product/detail?onlineProdSn=67160,60000.0,스킨케어,에센스
지일 블루밍 퍼퓸드 샤워 젤 250g,헤라,https://www.amoremall.com/kr/ko/product/detail?onlineProdSn=49269,47000.0,건기식,기능성식품
벨벳 나이트 퍼퓸드 바디 로션 230ml,헤라,https://www.amoremall.com/kr/ko/product/detail?onlineProdSn=20593,50000.0,바디,바디케어
웨이크업 생기 립밤 3g,비레디,https://www.amoremall.com/kr/ko/product/detail?onlineProdSn=29001,12744.0,스킨케어,크림
웨이크업 생기 립밤 3g,라네즈,https://www.amoremall.com/kr/ko/product/detail?onlineProdSn=29001,12744.0,스킨케어,크림
트루톤 로션  40ml,비레디,https://www.amoremall.com/kr/ko/product/detail?onlineProdSn=66573,32000.0,기타,미분류
트루톤 로션  40ml,라네즈,https://www.amoremall.com/kr/ko/product/detail?onlineProdSn=66573,32000.0,기타,미분류
블루 수분 선크림 1+1 기획세트 SPF50+PA++++,비레디,https://www.amoremall.com/kr/ko/product/detail?onlineProdSn=65559,25000.0,선케어,선크림
블루 수분 선크림 1+1 기획세트 SPF50+PA++++,라네즈,https://www.amoremall.com/kr/ko/product/detail?onlineProdSn=65559,25000.0,선케어,선크림
블루 파운데이션 SPF27/PA++ 35ml,비레디,https://www.amoremall.com/kr/ko/product/detail?onlineProdSn=56132,29000.0,선케어,선크림
블루 파운데이션 SPF27/PA++ 35ml,라네즈,https://www.amoremall.com/kr/ko/product/detail?onlineProdSn=56132,29000.0,선케어,선크림
블루쿠션 SPF34/PA++ 15g,비레디,https://www.amoremall.com/kr/ko/product/detail?onlineProdSn=63934,24900.0,선케어,선크림
블루쿠션 SPF34/PA++ 15g,라네즈,https://www.amoremall.com/kr/ko/product/detail?onlineProdSn=63934,24900.0,선케어,선크림
무드업 듀얼 아이섀도우 브러쉬,비레디,https://www.amoremall.com/kr/ko/product/detail?onlineProdSn=35006,10000.0,메이크업,아이섀도우
무드업 듀얼 아이섀도우 브러쉬,라네즈,https://www.amoremall.com/kr/ko/product/detail?onlineProdSn=35006,10000.0,메이크업,아이섀도우
블루쿠션 SPF34/PA++ 15g,비레디,https://www.amoremall.com/kr/ko/product/detail?onlineProdSn=62820,32895.0,선케어,선크림
블루쿠션 SPF34/PA++ 15g,라네즈,https://www.amoremall.com/kr/ko/product/detail?onlineProdSn=62820,32895.0,선케어,선크림
시카페인 트러블리셋 세럼 40ml,비레디,https://www.amoremall.com/kr/ko/product/detail?onlineProdSn=60517,38000.0,스킨케어,세럼
시카페인 트러블리셋 세럼 40ml,라네즈,https://www.amoremall.com/kr/ko/product/detail?onlineProdSn=60517,38000.0,스킨케어,세럼
블루 수분 선크림 SPF50+/PA++++ 50ml,비레디,https://www.amoremall.com/kr/ko/product/detail?onlineProdSn=57466,25000.0,선케어,선크림
블루 수분 선크림 SPF50+/PA++++ 50ml,라네즈,https://www.amoremall.com/kr/ko/product/detail?onlineProdSn=57466,25000.0,선케어,선크림
프라이드업 아이브로우 0.6G,비레디,https://www.amoremall.com/kr/ko/product/detail?onlineProdSn=32460,12900.0,메이크업,아이브로우
프라이드업 아이브로우 0.6G,라네즈,https://www.amoremall.com/kr/ko/product/detail?onlineProdSn=32460,12900.0,메이크업,아이브로우
블루 세범 파우더 7g,비레디,https://www.amoremall.com/kr/ko/product/detail?onlineProdSn=57744,15000.0,건기식,기능성식품
블루 세범 파우더 7g,라네즈,https://www.amoremall.com/kr/ko/product/detail?onlineProdSn=57744,15000.0,건기식,기능성식품
시카페인 트러블리셋 토너 250ml,비레디,https://www.amoremall.com/kr/ko/product/detail?onlineProdSn=60519,25000.0,기타,미분류
시카페인 트러블리셋 토너 250ml,라네즈,https://www.amoremall.com/kr/ko/product/detail?onlineProdSn=60519,25000.0,기타,미분류
시카페인 트러블리셋 크림 70ml,비레디,https://www.amoremall.com/kr/ko/product/detail?onlineProdSn=60518,34000.0,스킨케어,크림
시카페인 트러블리셋 크림 70ml,라네즈,https://www.amoremall.com/kr/ko/product/detail?onlineProdSn=60518,34000.0,스킨케어,크림
블루 파운데이션 퍼프,비레디,https://www.amoremall.com/kr/ko/product/detail?onlineProdSn=56386,8000.0,기타,미분류
블루 파운데이션 퍼프,라네즈,https://www.amoremall.com/kr/ko/product/detail?onlineProdSn=56386,8000.0,기타,미분류
하이드로 스웻프루프 선크림 SPF50+/PA++++ 50ml,비레디,https://www.amoremall.com/kr/ko/product/detail?onlineProdSn=64846,25000.0,선케어,선크림
하이드로 스웻프루프 선크림 SPF50+/PA++++ 50ml,라네즈,https://www.amoremall.com/kr/ko/product/detail?onlineProdSn=64846,25000.0,선케어,선크림
에어리 헤어 페이스트 80g,비레디,https://www.amoremall.com/kr/ko/product/detail?onlineProdSn=57746,16500.0,건기식,기능성식품
에어리 헤어 페이스트 80g,라네즈,https://www.amoremall.com/kr/ko/product/detail?onlineProdSn=57746,16500.0,건기식,기능성식품
4.4,비레디,https://www.amoremall.com/kr/ko/product/detail?onlineProdSn=62272,20000.0,기타,미분류
4.4,라네즈,https://www.amoremall.com/kr/ko/product/detail?onlineProdSn=62272,20000.0,기타,미분류
시카페인 트러블리셋 클렌징폼 150g,비레디,https://www.amoremall.com/kr/ko/product/detail?onlineProdSn=60520,19500.0,건기식,기능성식품
시카페인 트러블리셋 클렌징폼 150g,라네즈,https://www.amoremall.com/kr/ko/product/detail?onlineProdSn=60520,19500.0,건기식,기능성식품
무드업 음영 아이팔레트 7g,비레디,https://www.amoremall.com/kr/ko/product/detail?onlineProdSn=57745,20000.0,건기식,기능성식품
무드업 음영 아이팔레트 7g,라네즈,https://www.amoremall.com/kr/ko/product/detail?onlineProdSn=57745,20000.0,건기식,기능성식품
생기 립밤 3g,비레디,https://www.amoremall.com/kr/ko/product/detail?onlineProdSn=67696,25790.0,스킨케어,크림
생기 립밤 3g,라네즈,https://www.amoremall.com/kr/ko/product/detail?onlineProdSn=67696,25790.0,스킨케어,크림
생기 립밤 3g,비레디,https://www.amoremall.com/kr/ko/product/detail?onlineProdSn=67695,25790.0,스킨케어,크림
생기 립밤 3g,라네즈,https://www.amoremall.com/kr/ko/product/detail?onlineProdSn=67695,25790.0,스킨케어,크림
생기 립밤 3g,비레디,https://www.amoremall.com/kr/ko/product/detail?onlineProdSn=67693,25790.0,스킨케어,크림
생기 립밤 3g,라네즈,https://www.amoremall.com/kr/ko/product/detail?onlineProdSn=67693,25790.0,스킨케어,크림
블루 파운데이션 3호,비레디,https://www.amoremall.com/kr/ko/product/detail?onlineProdSn=65558,37000.0,기타,미분류
블루 파운데이션 3호,라네즈,https://www.amoremall.com/kr/ko/product/detail?onlineProdSn=65558,37000.0,기타,미분류
블루 파운데이션 2호,비레디,https://www.amoremall.com/kr/ko/product/detail?onlineProdSn=65551,37000.0,기타,미분류
블루 파운데이션 2호,라네즈,https://www.amoremall.com/kr/ko/product/detail?onlineProdSn=65551,37000.0,기타,미분류
블루쿠션 3호 제프리,비레디,https://www.amoremall.com/kr/ko/product/detail?onlineProdSn=65549,57800.0,기타,미분류
블루쿠션 3호 제프리,라네즈,https://www.amoremall.com/kr/ko/product/detail?onlineProdSn=65549,57800.0,기타,미분류
블루쿠션 2호 라이언,비레디,https://www.amoremall.com/kr/ko/product/detail?onlineProdSn=65547,57800.0,기타,미분류
블루쿠션 2호 라이언,라네즈,https://www.amoremall.com/kr/ko/product/detail?onlineProdSn=65547,57800.0,기타,미분류
시카페인 트러블리셋 2종,비레디,https://www.amoremall.com/kr/ko/product/detail?onlineProdSn=62394,71286.0,기타,미분류
시카페인 트러블리셋 2종,라네즈,https://www.amoremall.com/kr/ko/product/detail?onlineProdSn=62394,71286.0,기타,미분류
블루 수분 선크림 SPF50+/PA++++,비레디,https://www.amoremall.com/kr/ko/product/detail?onlineProdSn=62302,50000.0,선케어,선크림
블루 수분 선크림 SPF50+/PA++++,라네즈,https://www.amoremall.com/kr/ko/product/detail?onlineProdSn=62302,50000.0,선케어,선크림
슈퍼바이탈 기초 2종 세트,아이오페,https://www.amoremall.com/kr/ko/product/detail?onlineProdSn=21456,139000.0,기타,미분류
비타민C 엑스퍼트25% 토닝앰플 23ml,아이오페,https://www.amoremall.com/kr/ko/product/detail?onlineProdSn=57204,55000.0,스킨케어,앰플
바이오 컨디셔닝 에센스 하이드로 인핸싱 마스크 5매,아이오페,https://www.amoremall.com/kr/ko/product/detail?onlineProdSn=46025,15000.0,스킨케어,마스크팩
맨 올데이 퍼펙트 올인원 120ml,아이오페,https://www.amoremall.com/kr/ko/product/detail?onlineProdSn=19691,38000.0,기타,미분류
슈퍼바이탈 크림 세트 50ml,아이오페,https://www.amoremall.com/kr/ko/product/detail?onlineProdSn=22205,130000.0,스킨케어,크림
바이오 컨디셔닝 에센스 168ml,아이오페,https://www.amoremall.com/kr/ko/product/detail?onlineProdSn=46016,60000.0,스킨케어,에센스
XMD 스템3 스페셜 2종 세트,아이오페,https://www.amoremall.com/kr/ko/product/detail?onlineProdSn=65869,95000.0,기타,미분류
맨 프로 레티놀 올인원 기획세트 120ml,아이오페,https://www.amoremall.com/kr/ko/product/detail?onlineProdSn=51660,38000.0,기타,미분류
슈퍼바이탈 아이크림 25ml,아이오페,https://www.amoremall.com/kr/ko/product/detail?onlineProdSn=15999,85000.0,스킨케어,크림
골든 글로우 페이스 오일 40ml,아이오페,https://www.amoremall.com/kr/ko/product/detail?onlineProdSn=19777,42000.0,기타,미분류
레티놀 세럼 인 겔 마스크,아이오페,https://www.amoremall.com/kr/ko/product/detail?onlineProdSn=64386,51833.0,스킨케어,마스크팩
XMD 스템3 클리니컬 리커버리 크림 50ml,아이오페,https://www.amoremall.com/kr/ko/product/detail?onlineProdSn=65868,80000.0,스킨케어,크림
맨 바이오 안티에이징 2종 세트,아이오페,https://www.amoremall.com/kr/ko/product/detail?onlineProdSn=19045,78000.0,기타,미분류
바이오 컨디셔닝 에센스 폼 클렌저 180ml,아이오페,https://www.amoremall.com/kr/ko/product/detail?onlineProdSn=60765,30000.0,스킨케어,에센스
에어쿠션 5.5세대 커버 SPF50/PA+++ 15g,아이오페,https://www.amoremall.com/kr/ko/product/detail?onlineProdSn=58764,22000.0,선케어,선크림
UV 쉴드 선 프로텍터 SPF50+/PA++++ 50ml,아이오페,https://www.amoremall.com/kr/ko/product/detail?onlineProdSn=46079,38000.0,선케어,선크림
에어쿠션 5.5세대 커버 SPF50/PA+++ 15g,아이오페,https://www.amoremall.com/kr/ko/product/detail?onlineProdSn=58763,28000.0,선케어,선크림
맨 퍼펙트 올인원 클렌저 125g,아이오페,https://www.amoremall.com/kr/ko/product/detail?onlineProdSn=21020,18000.0,건기식,기능성식품
레티놀 엑스퍼트 0.1% 링클 코렉터 기획세트 30ml,아이오페,https://www.amoremall.com/kr/ko/product/detail?onlineProdSn=59744,89477.0,기타,미분류
XMD 스템3 클리니컬 리커버리 세럼 50ml,아이오페,https://www.amoremall.com/kr/ko/product/detail?onlineProdSn=65867,95000.0,스킨케어,세럼
슈퍼바이탈 오일 블렌딩 세럼 40ml,아이오페,https://www.amoremall.com/kr/ko/product/detail?onlineProdSn=18621,135000.0,스킨케어,세럼
히아루로닉 크림 100ml,아이오페,https://www.amoremall.com/kr/ko/product/detail?onlineProdSn=24032,55000.0,스킨케어,크림
레티놀 엑스퍼트 0.5% 얼티밋 컨센트레이트 15ml,아이오페,https://www.amoremall.com/kr/ko/product/detail?onlineProdSn=65668,149128.0,기타,미분류
PDRN 카페인샷 50ml,아이오페,https://www.amoremall.com/kr/ko/product/detail?onlineProdSn=56429,80000.0,기타,미분류
PDRN 카페인샷 30ml,아이오페,https://www.amoremall.com/kr/ko/product/detail?onlineProdSn=53894,50000.0,기타,미분류
레티놀 엑스퍼트 0.3% 링클 코렉터 20ml,아이오페,https://www.amoremall.com/kr/ko/product/detail?onlineProdSn=62488,125000.0,기타,미분류
UV 쉴드 톤업 선 SPF50+/PA++++ 50ml,아이오페,https://www.amoremall.com/kr/ko/product/detail?onlineProdSn=46086,38000.0,선케어,선크림
브라이트닝 기미 에센스 45ml,아이오페,https://www.amoremall.com/kr/ko/product/detail?onlineProdSn=63221,70000.0,스킨케어,에센스
프로 필링 소프트젤 100ml,아이오페,https://www.amoremall.com/kr/ko/product/detail?onlineProdSn=59422,30000.0,기타,미분류
슈퍼바이탈 소프너 150ml,아이오페,https://www.amoremall.com/kr/ko/product/detail?onlineProdSn=19046,67000.0,기타,미분류
맨 올데이 퍼펙트 톤업 올인원 SPF15 120ml,아이오페,https://www.amoremall.com/kr/ko/product/detail?onlineProdSn=20828,38000.0,선케어,선크림
맨 안티에이징 에멀젼 EX 120ml,아이오페,https://www.amoremall.com/kr/ko/product/detail?onlineProdSn=16864,36000.0,기타,미분류
슈퍼바이탈 쿠션 이엑스 SPF 50+/PA+++ 16g,아이오페,https://www.amoremall.com/kr/ko/product/detail?onlineProdSn=21891,28000.0,선케어,선크림
하이드로 리프트 크림,아이오페,https://www.amoremall.com/kr/ko/product/detail?onlineProdSn=59012,60000.0,스킨케어,크림
슈퍼바이탈 에멀젼 150ml,아이오페,https://www.amoremall.com/kr/ko/product/detail?onlineProdSn=15571,72000.0,기타,미분류
바이오 컨디셔닝 클렌징 오일 인 젤 150ml,아이오페,https://www.amoremall.com/kr/ko/product/detail?onlineProdSn=60925,32000.0,기타,미분류
하이드로 리프트 에멀젼 150ml,아이오페,https://www.amoremall.com/kr/ko/product/detail?onlineProdSn=59009,40000.0,기타,미분류
UV 쉴드 선 앰플 SPF 50+/PA+++ 40ml,아이오페,https://www.amoremall.com/kr/ko/product/detail?onlineProdSn=61567,40000.0,선케어,선크림
맨 컴파운드 선 스크린 SPF 50+/PA++++ 50ml,아이오페,https://www.amoremall.com/kr/ko/product/detail?onlineProdSn=52299,28000.0,선케어,선크림
XMD 스템3 클리니컬 리커버리 세럼 30ml,아이오페,https://www.amoremall.com/kr/ko/product/detail?onlineProdSn=65866,63000.0,스킨케어,세럼
레티놀 엑스퍼트 0.1% 링클 코렉터 기획세트 20ml,아이오페,https://www.amoremall.com/kr/ko/product/detail?onlineProdSn=64317,62640.0,기타,미분류
UV 쉴드 선 스틱 SPF50+/PA++++ 20g,아이오페,https://www.amoremall.com/kr/ko/product/detail?onlineProdSn=57781,30000.0,선케어,선크림
XMD 스템3 클리니컬 리커버리 소프너 130ml,아이오페,https://www.amoremall.com/kr/ko/product/detail?onlineProdSn=65864,47000.0,기타,미분류
XMD 스템3 클리니컬 리커버리 에멀전 130ml,아이오페,https://www.amoremall.com/kr/ko/product/detail?onlineProdSn=65865,48000.0,기타,미분류
슈퍼바이탈 쿠션 이엑스 SPF 50+/PA+++,아이오페,https://www.amoremall.com/kr/ko/product/detail?onlineProdSn=19909,58000.0,선케어,선크림
맨 바이오 컨디셔닝 에센스 145ml,아이오페,https://www.amoremall.com/kr/ko/product/detail?onlineProdSn=18677,42000.0,스킨케어,에센스
하이드로 리프트 2종 세트,아이오페,https://www.amoremall.com/kr/ko/product/detail?onlineProdSn=59010,78000.0,기타,미분류
슈퍼바이탈 3종 세트,아이오페,https://www.amoremall.com/kr/ko/product/detail?onlineProdSn=47987,116000.0,기타,미분류
하이드로 리프트 소프너 150ml,아이오페,https://www.amoremall.com/kr/ko/product/detail?onlineProdSn=59008,38000.0,기타,미분류
슈퍼바이탈 2종 세트,아이오페,https://www.amoremall.com/kr/ko/product/detail?onlineProdSn=64318,78000.0,기타,미분류
레티놀 레티젝션 세럼 30ml,아이오페,https://www.amoremall.com/kr/ko/product/detail?onlineProdSn=66540,58663.0,스킨케어,세럼
스킨 부스터 앰플 필 패드 8매입,아이오페,https://www.amoremall.com/kr/ko/product/detail?onlineProdSn=61187,40000.0,스킨케어,앰플
하이드로 리프트 세럼,아이오페,https://www.amoremall.com/kr/ko/product/detail?onlineProdSn=59011,58000.0,스킨케어,세럼
슈퍼바이탈 넥앤데콜테 크림 40ml,아이오페,https://www.amoremall.com/kr/ko/product/detail?onlineProdSn=67621,50000.0,스킨케어,크림
레티놀 0.1% 기획세트 + 월리 우프 무드등,아이오페,https://www.amoremall.com/kr/ko/product/detail?onlineProdSn=67591,73636.0,기타,미분류
레티놀 레티젝션 세럼 50ml 기획세트 + 월리 우프 무드등,아이오페,https://www.amoremall.com/kr/ko/product/detail?onlineProdSn=67587,71280.0,스킨케어,세럼
브라이트닝 기미 에센스 기획세트 45ml,아이오페,https://www.amoremall.com/kr/ko/product/detail?onlineProdSn=67401,70000.0,스킨케어,에센스
맨 올데이 퍼펙트 올인원 기획세트 120ml,아이오페,https://www.amoremall.com/kr/ko/product/detail?onlineProdSn=67399,38000.0,기타,미분류
XMD 스템3 클리니컬 리커버리 세럼 기획세트 50ml,아이오페,https://www.amoremall.com/kr/ko/product/detail?onlineProdSn=67397,95000.0,스킨케어,세럼
비타민C 엑스퍼트25% 토닝앰플 기획세트 23ml,아이오페,https://www.amoremall.com/kr/ko/product/detail?onlineProdSn=67396,55000.0,스킨케어,앰플
멀티 비타민 10% 얼티밋 토닝 겔 마스크,아이오페,https://www.amoremall.com/kr/ko/product/detail?onlineProdSn=66992,35000.0,스킨케어,마스크팩
레티놀 레티젝션 세럼 50ml,아이오페,https://www.amoremall.com/kr/ko/product/detail?onlineProdSn=66535,88000.0,스킨케어,세럼
레티놀 세럼 인 겔 마스크,아이오페,https://www.amoremall.com/kr/ko/product/detail?onlineProdSn=65562,112500.0,스킨케어,마스크팩
스킨 부스터 앰플 필 패드 기획세트,아이오페,https://www.amoremall.com/kr/ko/product/detail?onlineProdSn=64746,25000.0,스킨케어,앰플
비타민C 엑스퍼트 40% 마스크 컨센트레이트 15g,아이오페,https://www.amoremall.com/kr/ko/product/detail?onlineProdSn=64140,59000.0,스킨케어,마스크팩
바이오 컨디셔닝 에센스 하이드로 인핸싱 마스크 10매,아이오페,https://www.amoremall.com/kr/ko/product/detail?onlineProdSn=60801,30000.0,스킨케어,마스크팩
레티놀 슈퍼 바운스 세럼 50ml,아이오페,https://www.amoremall.com/kr/ko/product/detail?onlineProdSn=60013,83000.0,스킨케어,세럼
바이오 컨디셔닝 에센스 기획세트 84ml,아이오페,https://www.amoremall.com/kr/ko/product/detail?onlineProdSn=58347,30000.0,스킨케어,에센스
에이피 프라임 리저브 리트리니티 메쉬 파운데이션 스펀지 2개입,에이피뷰티,https://www.amoremall.com/kr/ko/product/detail?onlineProdSn=62939,14000.0,기타,미분류
마이크로파인 인텐시브 크림 투 폼 클렌저 150g,에이피뷰티,https://www.amoremall.com/kr/ko/product/detail?onlineProdSn=64627,53000.0,스킨케어,크림
프라임 리저브 리트리니티 메쉬 파운데이션 12g,에이피뷰티,https://www.amoremall.com/kr/ko/product/detail?onlineProdSn=63214,34000.0,건기식,기능성식품
NEW 에이오 리부트 앤 리뉴 에센스 80ml,에이피뷰티,https://www.amoremall.com/kr/ko/product/detail?onlineProdSn=64632,89000.0,스킨케어,에센스
리쥬브네이팅 부스터 샷 엠디 세럼 30ml,에이피뷰티,https://www.amoremall.com/kr/ko/product/detail?onlineProdSn=66734,132000.0,스킨케어,세럼
에이피 리파이닝 파우더 투 폼 클렌저 55g,에이피뷰티,https://www.amoremall.com/kr/ko/product/detail?onlineProdSn=61432,79000.0,건기식,기능성식품
에이오 트리플 디펜스 에어리 선 세럼 40ml,에이피뷰티,https://www.amoremall.com/kr/ko/product/detail?onlineProdSn=63154,89000.0,스킨케어,세럼
에이피 에이오 리부트 앤 리뉴 에센스 150ml,에이피뷰티,https://www.amoremall.com/kr/ko/product/detail?onlineProdSn=60764,152000.0,스킨케어,에센스
에이피 얼티밋 오일 투 밀크 클렌저 200ml,에이피뷰티,https://www.amoremall.com/kr/ko/product/detail?onlineProdSn=63993,72000.0,기타,미분류
프라임 리저브 리트리니 메쉬 파운데이션 케이스,에이피뷰티,https://www.amoremall.com/kr/ko/product/detail?onlineProdSn=63489,34000.0,기타,미분류
퍼밍 앤 래디언스 플럼핑 에멀전 150ml,에이피뷰티,https://www.amoremall.com/kr/ko/product/detail?onlineProdSn=66731,110000.0,기타,미분류
퍼밍 앤 래디언스 플럼핑 로션 150ml,에이피뷰티,https://www.amoremall.com/kr/ko/product/detail?onlineProdSn=66730,110000.0,기타,미분류
에이피 에이오 리부트 앤 리뉴 더블 컨센트레이트 40ml,에이피뷰티,https://www.amoremall.com/kr/ko/product/detail?onlineProdSn=62851,198000.0,기타,미분류
에이피 듀얼 리페어 리프트 크림 30ml,에이피뷰티,https://www.amoremall.com/kr/ko/product/detail?onlineProdSn=62995,260000.0,스킨케어,크림
에이피 프라임 리저브 리트리니티 세럼 30ml,에이피뷰티,https://www.amoremall.com/kr/ko/product/detail?onlineProdSn=61493,670000.0,스킨케어,세럼
에이피 리프트 앤 펌 듀얼 아이 트리트먼트,에이피뷰티,https://www.amoremall.com/kr/ko/product/detail?onlineProdSn=61425,229000.0,기타,미분류
듀얼 리페어 리프트 크림 마스크 5매 23g*5,에이피뷰티,https://www.amoremall.com/kr/ko/product/detail?onlineProdSn=63908,170000.0,스킨케어,마스크팩
에이피 에이오 리부트 앤 리뉴 크림,에이피뷰티,https://www.amoremall.com/kr/ko/product/detail?onlineProdSn=62794,210000.0,스킨케어,크림
에이피 프라임 리저브 리트리니티 에센스 로션 150ml,에이피뷰티,https://www.amoremall.com/kr/ko/product/detail?onlineProdSn=61429,259000.0,스킨케어,에센스
에이피 리프트 앤 리뉴 더블 샷 프로그램 1ea,에이피뷰티,https://www.amoremall.com/kr/ko/product/detail?onlineProdSn=61424,170000.0,기타,미분류
리서페이싱 앤 리페어 에센스 150ml,에이피뷰티,https://www.amoremall.com/kr/ko/product/detail?onlineProdSn=66337,179000.0,스킨케어,에센스
에이피 프라임 리저브 리트리니티 크림 50ml,에이피뷰티,https://www.amoremall.com/kr/ko/product/detail?onlineProdSn=61495,550000.0,스킨케어,크림
에이피 프라임 리저브 리트리니티 크림 50ml,에이피뷰티,https://www.amoremall.com/kr/ko/product/detail?onlineProdSn=61494,610000.0,스킨케어,크림
에이피 프라임 리저브 리트리니티 아이 앤 익스프레션 크림 20ml,에이피뷰티,https://www.amoremall.com/kr/ko/product/detail?onlineProdSn=61430,330000.0,스킨케어,크림
에이피 듀얼 리페어 리프트 리퀴드 크림 120ml,에이피뷰티,https://www.amoremall.com/kr/ko/product/detail?onlineProdSn=61422,245000.0,스킨케어,크림
에이피 듀얼 리페어 리프트 크림 50 ml,에이피뷰티,https://www.amoremall.com/kr/ko/product/detail?onlineProdSn=61420,415000.0,스킨케어,크림
퍼밍 앤 래디언스 플럼핑 듀오,에이피뷰티,https://www.amoremall.com/kr/ko/product/detail?onlineProdSn=67773,192000.0,기타,미분류
프라임 리저브 리트리니티 메쉬 파운데이션 22N + 에이오 트리플 디펜스 에어리 선 세럼 40ml,에이피뷰티,https://www.amoremall.com/kr/ko/product/detail?onlineProdSn=67654,198000.0,스킨케어,세럼
프라임 리저브 리트리니티 메쉬 파운데이션 21N + 에이오 트리플 디펜스 에어리 선 세럼 40ml,에이피뷰티,https://www.amoremall.com/kr/ko/product/detail?onlineProdSn=67652,198000.0,스킨케어,세럼
프라임 리저브 리트리니티 메쉬 파운데이션 17C + 에이오 트리플 디펜스 에어리 선 세럼 40ml,에이피뷰티,https://www.amoremall.com/kr/ko/product/detail?onlineProdSn=67648,198000.0,스킨케어,세럼
리쥬브네이팅 부스터 샷 엠디 세럼 30ml,에이피뷰티,https://www.amoremall.com/kr/ko/product/detail?onlineProdSn=67382,132000.0,스킨케어,세럼
리쥬브네이팅 트리트먼트 엠디 크림 50ml,에이피뷰티,https://www.amoremall.com/kr/ko/product/detail?onlineProdSn=66735,132000.0,스킨케어,크림
프라임 리저브 리트리니티 메쉬 파운데이션 22N+블랙 케이스,에이피뷰티,https://www.amoremall.com/kr/ko/product/detail?onlineProdSn=63217,109000.0,기타,미분류
프라임 리저브 리트리니티 메쉬 파운데이션 21N+ 블랙 케이스,에이피뷰티,https://www.amoremall.com/kr/ko/product/detail?onlineProdSn=63216,109000.0,기타,미분류
프라임 리저브 리트리니티 메쉬 파운데이션 17C+ 블랙 케이스 12g,에이피뷰티,https://www.amoremall.com/kr/ko/product/detail?onlineProdSn=63215,109000.0,건기식,기능성식품
에이피 리프트 앤 리뉴 더블 샷 프로그램 3ea,에이피뷰티,https://www.amoremall.com/kr/ko/product/detail?onlineProdSn=61492,445000.0,기타,미분류
에이피 프라임 리저브 리트리니티 아이 앤 익스프레션 크림 20ml,에이피뷰티,https://www.amoremall.com/kr/ko/product/detail?onlineProdSn=61431,300000.0,스킨케어,크림
NEW  세라마이드 아토 로션 564ml,일리윤,https://www.amoremall.com/kr/ko/product/detail?onlineProdSn=38800,26143.0,기타,미분류
울트라 리페어 로션 528ml,일리윤,https://www.amoremall.com/kr/ko/product/detail?onlineProdSn=42237,24848.0,기타,미분류
히알루론 모이스춰 수분크림 100ml,일리윤,https://www.amoremall.com/kr/ko/product/detail?onlineProdSn=20447,13692.0,스킨케어,크림
세라마이드 아토 집중 크림 230ml,일리윤,https://www.amoremall.com/kr/ko/product/detail?onlineProdSn=65577,21594.0,스킨케어,크림
세라마이드 아토 6.0 탑투토워시 500ml,일리윤,https://www.amoremall.com/kr/ko/product/detail?onlineProdSn=46647,9855.0,기타,미분류
세라마이드 아토 로션 350ml,일리윤,https://www.amoremall.com/kr/ko/product/detail?onlineProdSn=17792,16857.0,기타,미분류
세라마이드 아토 6.0 탑투토워시 500ml,일리윤,https://www.amoremall.com/kr/ko/product/detail?onlineProdSn=19673,13750.0,기타,미분류
울트라 리페어 로션 350ml,일리윤,https://www.amoremall.com/kr/ko/product/detail?onlineProdSn=19469,17879.0,기타,미분류
세라마이드 아토 집중 크림 500ml,일리윤,https://www.amoremall.com/kr/ko/product/detail?onlineProdSn=19239,33418.0,스킨케어,크림
프레쉬 모이스춰 바디워시 500ml,일리윤,https://www.amoremall.com/kr/ko/product/detail?onlineProdSn=20431,13750.0,바디,바디케어
레드이치 케어크림 330ml,일리윤,https://www.amoremall.com/kr/ko/product/detail?onlineProdSn=50363,25921.0,스킨케어,크림
저자극 이지워시 선크림 SPF50+/PA++++ 150ml,일리윤,https://www.amoremall.com/kr/ko/product/detail?onlineProdSn=44987,29701.0,선케어,선크림
울트라 리페어 딥 모이스춰 워시 500ml,일리윤,https://www.amoremall.com/kr/ko/product/detail?onlineProdSn=17900,13824.0,기타,미분류
세라마이드 아토 6.0 탑투토워시 1000ml,일리윤,https://www.amoremall.com/kr/ko/product/detail?onlineProdSn=46646,23803.0,기타,미분류
세라마이드 아토 속보습 스킨 250ml,일리윤,https://www.amoremall.com/kr/ko/product/detail?onlineProdSn=45693,23000.0,기타,미분류
레드이치 케어크림 75ml,일리윤,https://www.amoremall.com/kr/ko/product/detail?onlineProdSn=60415,6824.0,스킨케어,크림
레드이치 케어오일 200ml,일리윤,https://www.amoremall.com/kr/ko/product/detail?onlineProdSn=58881,23974.0,기타,미분류
세라마이드 아토 여행용 키트,일리윤,https://www.amoremall.com/kr/ko/product/detail?onlineProdSn=48416,10854.0,기타,미분류
프로바이오틱스 스킨 배리어 약산성 여성청결제 300ml,일리윤,https://www.amoremall.com/kr/ko/product/detail?onlineProdSn=43618,23803.0,기타,미분류
프레쉬 모이스춰 립앤아이 리무버 300ml,일리윤,https://www.amoremall.com/kr/ko/product/detail?onlineProdSn=36790,22923.0,클렌징,리무버
레드이치 큐어밤 60ml,일리윤,https://www.amoremall.com/kr/ko/product/detail?onlineProdSn=50716,11923.0,스킨케어,크림
세라마이드 아토 버블워시 앤 샴푸 900ml,일리윤,https://www.amoremall.com/kr/ko/product/detail?onlineProdSn=58177,34627.0,기타,미분류
레드이치 케어크림 128ml,일리윤,https://www.amoremall.com/kr/ko/product/detail?onlineProdSn=59521,11974.0,스킨케어,크림
프레쉬 모이스춰 로션 350ml,일리윤,https://www.amoremall.com/kr/ko/product/detail?onlineProdSn=52678,17812.0,기타,미분류
울트라 리페어 인텐시브 케어 크림 200ml,일리윤,https://www.amoremall.com/kr/ko/product/detail?onlineProdSn=20012,17821.0,스킨케어,크림
젠틀 딥 립앤아이 리무버 140ml,일리윤,https://www.amoremall.com/kr/ko/product/detail?onlineProdSn=64638,10972.0,클렌징,리무버
세라마이드 아토 수딩 젤 175ml,일리윤,https://www.amoremall.com/kr/ko/product/detail?onlineProdSn=24772,17838.0,기타,미분류
세라마이드 아토 5.0 젠틀스킨클렌져 400ml,일리윤,https://www.amoremall.com/kr/ko/product/detail?onlineProdSn=64641,14789.0,기타,미분류
무기자차 장벽 선크림 SPF50+/PA++++ 50ml,일리윤,https://www.amoremall.com/kr/ko/product/detail?onlineProdSn=65992,22838.0,선케어,선크림
데일리 무기자차 선스틱 SPF50+/PA++++ 20g,일리윤,https://www.amoremall.com/kr/ko/product/detail?onlineProdSn=64816,19857.0,선케어,선크림
세라마이드 아토 로션 508ml,일리윤,https://www.amoremall.com/kr/ko/product/detail?onlineProdSn=67625,18500.0,기타,미분류
튼살크림 330ml,일리윤,https://www.amoremall.com/kr/ko/product/detail?onlineProdSn=64457,40000.0,스킨케어,크림
시카 아크네 클리어 필링 스크럽 200g,일리윤,https://www.amoremall.com/kr/ko/product/detail?onlineProdSn=62158,18000.0,건기식,기능성식품
시카 아크네 클리어 바디 워시 400ml,일리윤,https://www.amoremall.com/kr/ko/product/detail?onlineProdSn=62156,19000.0,바디,바디케어
젠틀 딥 클렌징 오일 250ml,일리윤,https://www.amoremall.com/kr/ko/product/detail?onlineProdSn=64637,23924.0,기타,미분류
시카 트러블 클리어 바디 미스트 200ml,일리윤,https://www.amoremall.com/kr/ko/product/detail?onlineProdSn=62157,24000.0,바디,바디케어
젠틀 딥 페이셜 클렌저 250ml,일리윤,https://www.amoremall.com/kr/ko/product/detail?onlineProdSn=64635,21000.0,기타,미분류
프로바이오틱스 스킨 배리어 젠틀 클렌저 300ml,일리윤,https://www.amoremall.com/kr/ko/product/detail?onlineProdSn=59720,16875.0,기타,미분류
세라마이드 아토 버블워시 앤 샴푸 400ml,일리윤,https://www.amoremall.com/kr/ko/product/detail?onlineProdSn=35119,16667.0,기타,미분류
히알루론 모이스춰 수분크림,일리윤,https://www.amoremall.com/kr/ko/product/detail?onlineProdSn=67509,41250.0,스킨케어,크림
세라마이드 아토 탑투토워시 본품+리필 SET,일리윤,https://www.amoremall.com/kr/ko/product/detail?onlineProdSn=67344,23662.0,기타,미분류
세라마이드 아토 로션 2입 SET,일리윤,https://www.amoremall.com/kr/ko/product/detail?onlineProdSn=67343,51781.0,기타,미분류
인텐시브 세라마이드 비건 립 마스크 7g,일리윤,https://www.amoremall.com/kr/ko/product/detail?onlineProdSn=67199,13906.0,스킨케어,마스크팩
울트라 리페어 인텐시브 케어 크림,일리윤,https://www.amoremall.com/kr/ko/product/detail?onlineProdSn=67186,35584.0,스킨케어,크림
울트라 리페어 로션,일리윤,https://www.amoremall.com/kr/ko/product/detail?onlineProdSn=67185,35625.0,기타,미분류
울트라 리페어 딥 모이스춰 워시,일리윤,https://www.amoremall.com/kr/ko/product/detail?onlineProdSn=67184,27576.0,기타,미분류
울트라 리페어 로션,일리윤,https://www.amoremall.com/kr/ko/product/detail?onlineProdSn=67183,49688.0,기타,미분류
데일리 무기자차 선스틱 SPF50+/PA++++,일리윤,https://www.amoremall.com/kr/ko/product/detail?onlineProdSn=67149,40000.0,선케어,선크림
레드이치 케어크림,일리윤,https://www.amoremall.com/kr/ko/product/detail?onlineProdSn=67148,51892.0,스킨케어,크림
레드이치 고보습 워시,일리윤,https://www.amoremall.com/kr/ko/product/detail?onlineProdSn=67147,41842.0,기타,미분류
레드이치 케어오일,일리윤,https://www.amoremall.com/kr/ko/product/detail?onlineProdSn=67146,47895.0,기타,미분류
레드이치 케어크림,일리윤,https://www.amoremall.com/kr/ko/product/detail?onlineProdSn=67145,23784.0,스킨케어,크림
세라마이드 아토 집중 크림 230ml,일리윤,https://www.amoremall.com/kr/ko/product/detail?onlineProdSn=67035,65455.0,스킨케어,크림
레드이치 크림 + 고보습 워시,일리윤,https://www.amoremall.com/kr/ko/product/detail?onlineProdSn=67033,46849.0,스킨케어,크림
세라마이드 아토 집중크림 230ml,일리윤,https://www.amoremall.com/kr/ko/product/detail?onlineProdSn=66943,43582.0,스킨케어,크림
세라마이드 아토 로션,일리윤,https://www.amoremall.com/kr/ko/product/detail?onlineProdSn=66708,42941.0,기타,미분류
무기자차 장벽 선크림 SPF50+/PA++++,일리윤,https://www.amoremall.com/kr/ko/product/detail?onlineProdSn=66124,45833.0,선케어,선크림
저자극 이지워시 선크림 SPF50+/PA++++,일리윤,https://www.amoremall.com/kr/ko/product/detail?onlineProdSn=66105,59714.0,선케어,선크림
세라마이드 아토 수딩 젤,일리윤,https://www.amoremall.com/kr/ko/product/detail?onlineProdSn=66083,35556.0,기타,미분류
프레쉬 모이스춰 바디워시,일리윤,https://www.amoremall.com/kr/ko/product/detail?onlineProdSn=64647,27742.0,바디,바디케어
세라마이드 아토 로션 564ml,일리윤,https://www.amoremall.com/kr/ko/product/detail?onlineProdSn=64450,51781.0,기타,미분류
레드이치 고보습 워시 470g,일리윤,https://www.amoremall.com/kr/ko/product/detail?onlineProdSn=62934,20921.0,건기식,기능성식품
세라마이드 무향 비건 립밤 3.2g,일리윤,https://www.amoremall.com/kr/ko/product/detail?onlineProdSn=44677,11905.0,스킨케어,크림
세라마이드 무향 비건 핸드크림 50ml,일리윤,https://www.amoremall.com/kr/ko/product/detail?onlineProdSn=41664,10870.0,스킨케어,크림
레티놀 PDRN 앰플 겔 마스크 1매,이니스프리,https://www.amoremall.com/kr/ko/product/detail?onlineProdSn=64490,4000.0,스킨케어,마스크팩
한란 핸드 크림 50ml,이니스프리,https://www.amoremall.com/kr/ko/product/detail?onlineProdSn=60063,7000.0,스킨케어,크림
그린티 아미노 수분 클렌징 폼 150g,이니스프리,https://www.amoremall.com/kr/ko/product/detail?onlineProdSn=57038,13000.0,건기식,기능성식품
NEW 세럼/앰플 겔 마스크,이니스프리,https://www.amoremall.com/kr/ko/product/detail?onlineProdSn=64484,4000.0,스킨케어,마스크팩
비타C 그린티 엔자임 세럼 겔 마스크 1매,이니스프리,https://www.amoremall.com/kr/ko/product/detail?onlineProdSn=64488,4000.0,스킨케어,마스크팩
마이 퍼퓸드 핸드크림 30ml,이니스프리,https://www.amoremall.com/kr/ko/product/detail?onlineProdSn=60007,6000.0,스킨케어,크림
고급 종이 면봉 150P,이니스프리,https://www.amoremall.com/kr/ko/product/detail?onlineProdSn=60069,2500.0,기타,미분류
New 납작 아이브로우 펜슬,이니스프리,https://www.amoremall.com/kr/ko/product/detail?onlineProdSn=58419,5500.0,메이크업,아이브로우
레티놀 시카 리페어 앰플 겔 마스크 1매,이니스프리,https://www.amoremall.com/kr/ko/product/detail?onlineProdSn=64489,4000.0,스킨케어,마스크팩
그린티 아미노 수분 클렌징 오일 150ml,이니스프리,https://www.amoremall.com/kr/ko/product/detail?onlineProdSn=59777,24000.0,기타,미분류
노세범 미네랄 파우더 5g,이니스프리,https://www.amoremall.com/kr/ko/product/detail?onlineProdSn=57032,9000.0,건기식,기능성식품
그린티 아미노 수분 클렌징 워터 320ml,이니스프리,https://www.amoremall.com/kr/ko/product/detail?onlineProdSn=57039,18000.0,기타,미분류
블랙티 유스 인핸싱 앰플 마스크 28ml,이니스프리,https://www.amoremall.com/kr/ko/product/detail?onlineProdSn=57999,5000.0,스킨케어,마스크팩
유채꿀 립밤  3.5g,이니스프리,https://www.amoremall.com/kr/ko/product/detail?onlineProdSn=66584,10000.0,스킨케어,크림
그린티 세라마이드 밀크 에센스 160ml,이니스프리,https://www.amoremall.com/kr/ko/product/detail?onlineProdSn=66908,22000.0,스킨케어,에센스
듀이 틴트 립밤 3.2g,이니스프리,https://www.amoremall.com/kr/ko/product/detail?onlineProdSn=57909,18000.0,메이크업,립틴트
노세범 모이스처 파우더 5g,이니스프리,https://www.amoremall.com/kr/ko/product/detail?onlineProdSn=60230,9000.0,건기식,기능성식품
비타C 그린티 엔자임세럼 기획세트,이니스프리,https://www.amoremall.com/kr/ko/product/detail?onlineProdSn=65460,56000.0,스킨케어,세럼
그린티 씨드 히알루론산 크림 50ml,이니스프리,https://www.amoremall.com/kr/ko/product/detail?onlineProdSn=57040,27000.0,스킨케어,크림
화산송이 모공 바하 클렌징 폼 150g,이니스프리,https://www.amoremall.com/kr/ko/product/detail?onlineProdSn=57013,13000.0,건기식,기능성식품
노세범 미네랄 팩트 8.5g,이니스프리,https://www.amoremall.com/kr/ko/product/detail?onlineProdSn=57031,15000.0,스킨케어,마스크팩
레티놀 PDRN 앰플 겔 마스크 6매,이니스프리,https://www.amoremall.com/kr/ko/product/detail?onlineProdSn=66076,20000.0,스킨케어,마스크팩
스페셜케어마스크 풋 20ml,이니스프리,https://www.amoremall.com/kr/ko/product/detail?onlineProdSn=60065,3500.0,스킨케어,마스크팩
그린티 데일리 수딩 마스크 30매,이니스프리,https://www.amoremall.com/kr/ko/product/detail?onlineProdSn=66071,25000.0,스킨케어,마스크팩
화산송이 모공 바하 클렌징폼  250g,이니스프리,https://www.amoremall.com/kr/ko/product/detail?onlineProdSn=57011,19000.0,건기식,기능성식품
올리브 비타민 E 리얼 오일 미스트 75ml,이니스프리,https://www.amoremall.com/kr/ko/product/detail?onlineProdSn=64133,15000.0,기타,미분류
눈썹 수정칼 2P,이니스프리,https://www.amoremall.com/kr/ko/product/detail?onlineProdSn=60077,3000.0,건기식,기능성식품
그린티 씨드 히알루론산 세럼 대용량 130ml,이니스프리,https://www.amoremall.com/kr/ko/product/detail?onlineProdSn=61238,45000.0,스킨케어,세럼
퍼펙트 9 인텐시브 아이크림 30ml,이니스프리,https://www.amoremall.com/kr/ko/product/detail?onlineProdSn=57573,45000.0,스킨케어,크림
올리브 비타민 E 리얼 클렌징 티슈 30매,이니스프리,https://www.amoremall.com/kr/ko/product/detail?onlineProdSn=60233,9000.0,기타,미분류
마이 퍼퓸드 핸드크림 80ml,이니스프리,https://www.amoremall.com/kr/ko/product/detail?onlineProdSn=60006,12000.0,스킨케어,크림
그린티 히알루론산 스킨 170ml,이니스프리,https://www.amoremall.com/kr/ko/product/detail?onlineProdSn=57036,19000.0,기타,미분류
노세범 블러 프라이머 25ml,이니스프리,https://www.amoremall.com/kr/ko/product/detail?onlineProdSn=57030,15000.0,기타,미분류
블랙티 유스 인핸싱 앰플 대용량 단품 세트,이니스프리,https://www.amoremall.com/kr/ko/product/detail?onlineProdSn=57019,59000.0,스킨케어,앰플
그린티 씨드 히알루론산 크림  80ml,이니스프리,https://www.amoremall.com/kr/ko/product/detail?onlineProdSn=65994,38000.0,스킨케어,크림
블랙티 유스 인핸싱 오일 30ml,이니스프리,https://www.amoremall.com/kr/ko/product/detail?onlineProdSn=57568,40000.0,기타,미분류
파우더 퍼프 1ea,이니스프리,https://www.amoremall.com/kr/ko/product/detail?onlineProdSn=60076,3000.0,기타,미분류
퍼펙트 9 인텐시브 크림 60ml,이니스프리,https://www.amoremall.com/kr/ko/product/detail?onlineProdSn=57572,51000.0,스킨케어,크림
노세범 AC 파우더 5g,이니스프리,https://www.amoremall.com/kr/ko/product/detail?onlineProdSn=57034,12000.0,건기식,기능성식품
유채꿀 립밤  3.5g,이니스프리,https://www.amoremall.com/kr/ko/product/detail?onlineProdSn=58602,10000.0,스킨케어,크림
스페셜케어마스크 핸드 20ml,이니스프리,https://www.amoremall.com/kr/ko/product/detail?onlineProdSn=60064,3500.0,스킨케어,마스크팩
블랙티 유스 인핸싱 크림 50ml,이니스프리,https://www.amoremall.com/kr/ko/product/detail?onlineProdSn=57018,36000.0,스킨케어,크림
화산송이 한지 기름종이 50매,이니스프리,https://www.amoremall.com/kr/ko/product/detail?onlineProdSn=60068,4000.0,기타,미분류
비자 트러블 클렌징폼 150g,이니스프리,https://www.amoremall.com/kr/ko/product/detail?onlineProdSn=57567,12000.0,건기식,기능성식품
그린티 히알루론산 로션 170ml,이니스프리,https://www.amoremall.com/kr/ko/product/detail?onlineProdSn=57037,21000.0,기타,미분류
비타C 그린티 엔자임 잡티 토닝 패드 60매/170ml,이니스프리,https://www.amoremall.com/kr/ko/product/detail?onlineProdSn=60928,28000.0,기타,미분류
라이트 피팅 메이크업 베이스 SPF23/PA++ 30ml,이니스프리,https://www.amoremall.com/kr/ko/product/detail?onlineProdSn=60229,26000.0,선케어,선크림
그린티 히알루론산 미스트 150ml,이니스프리,https://www.amoremall.com/kr/ko/product/detail?onlineProdSn=59568,17000.0,기타,미분류
레티놀 시카 흔적 장벽 크림 50ml,이니스프리,https://www.amoremall.com/kr/ko/product/detail?onlineProdSn=59116,35000.0,스킨케어,크림
그린티 세라마이드 밀크 에센스 리필 160ml,이니스프리,https://www.amoremall.com/kr/ko/product/detail?onlineProdSn=66910,18000.0,스킨케어,에센스
한란 아이 크림 30ml,이니스프리,https://www.amoremall.com/kr/ko/product/detail?onlineProdSn=60062,30000.0,스킨케어,크림
파워프루프 라이너  0.6g,이니스프리,https://www.amoremall.com/kr/ko/product/detail?onlineProdSn=64662,12000.0,메이크업,아이라이너
올리브 비타민 E 리얼 스킨 170ml,이니스프리,https://www.amoremall.com/kr/ko/product/detail?onlineProdSn=60231,18000.0,기타,미분류
그린티 씨드 히알루론산 세럼 80ml,이니스프리,https://www.amoremall.com/kr/ko/product/detail?onlineProdSn=57041,31000.0,스킨케어,세럼
레티놀 그린티 PDRN 스킨부스터 토너 170ml,이니스프리,https://www.amoremall.com/kr/ko/product/detail?onlineProdSn=63621,25000.0,기타,미분류
올리브 비타민 E 리얼 로션 170ml,이니스프리,https://www.amoremall.com/kr/ko/product/detail?onlineProdSn=60232,20000.0,기타,미분류
그린티 씨드 히알루론산 세럼 리필 80ml,이니스프리,https://www.amoremall.com/kr/ko/product/detail?onlineProdSn=57561,25000.0,스킨케어,세럼
그린티 히알루론산 진정수분 선세럼 AD SPF50/PA++++ 50ml,이니스프리,https://www.amoremall.com/kr/ko/product/detail?onlineProdSn=65993,25000.0,선케어,선크림
수퍼 화산송이 쿨민초 모공팩 100ml,이니스프리,https://www.amoremall.com/kr/ko/product/detail?onlineProdSn=64656,18000.0,스킨케어,마스크팩
비타C 잡티 톤업 선스크린 SPF50+/PA++++ 50ml,이니스프리,https://www.amoremall.com/kr/ko/product/detail?onlineProdSn=64465,26000.0,선케어,선크림
레티놀 그린티 PDRN 스킨부스터 앰플 25ml,이니스프리,https://www.amoremall.com/kr/ko/product/detail?onlineProdSn=62227,40000.0,스킨케어,앰플
올리브 비타민e 리얼 크림 50ml,이니스프리,https://www.amoremall.com/kr/ko/product/detail?onlineProdSn=60941,27000.0,스킨케어,크림
그린티 히알루론산 글로우 아이&페이스볼 10ml,이니스프리,https://www.amoremall.com/kr/ko/product/detail?onlineProdSn=60573,23000.0,기타,미분류
그린티 씨드 히알루론산 스킨케어 세트,이니스프리,https://www.amoremall.com/kr/ko/product/detail?onlineProdSn=59083,40000.0,건기식,기능성식품
애플씨드 립 앤 아이 메이크업 리무버 100ml,이니스프리,https://www.amoremall.com/kr/ko/product/detail?onlineProdSn=57935,9000.0,클렌징,리무버
블랙티 유스 인핸싱 로션 170ml,이니스프리,https://www.amoremall.com/kr/ko/product/detail?onlineProdSn=57024,29000.0,기타,미분류
비타C 엔자임 잡티 토닝 크림 50ml,이니스프리,https://www.amoremall.com/kr/ko/product/detail?onlineProdSn=63833,32000.0,스킨케어,크림
한란인리치드크림 50ml,이니스프리,https://www.amoremall.com/kr/ko/product/detail?onlineProdSn=60086,30000.0,스킨케어,크림
국화 여성 청결제 200ml,이니스프리,https://www.amoremall.com/kr/ko/product/detail?onlineProdSn=57998,12000.0,기타,미분류
왕벚꽃 글로우 스킨핏 톤업크림 SPF50 / PA++++ 50ml,이니스프리,https://www.amoremall.com/kr/ko/product/detail?onlineProdSn=57938,27000.0,선케어,선크림
애플씨드 클렌징 크림 150ml,이니스프리,https://www.amoremall.com/kr/ko/product/detail?onlineProdSn=57937,12000.0,스킨케어,크림
레티놀 그린티 PDRN 스킨부스터 앰플 40ml,이니스프리,https://www.amoremall.com/kr/ko/product/detail?onlineProdSn=63620,57000.0,스킨케어,앰플
레티놀 시카 흔적 패드 60매/170ml,이니스프리,https://www.amoremall.com/kr/ko/product/detail?onlineProdSn=62620,28000.0,기타,미분류
노세범 파우더 쿠션 SPF35/PA++ 14g,이니스프리,https://www.amoremall.com/kr/ko/product/detail?onlineProdSn=57016,26000.0,선케어,선크림
그린티 씨드 히알루론산 크림  50ml,이니스프리,https://www.amoremall.com/kr/ko/product/detail?onlineProdSn=62821,27000.0,스킨케어,크림
포레스트 포맨 쉐이빙 & 클렌징 폼 150g,이니스프리,https://www.amoremall.com/kr/ko/product/detail?onlineProdSn=58396,13000.0,건기식,기능성식품
수퍼 화산송이 모공 마스크 100ml,이니스프리,https://www.amoremall.com/kr/ko/product/detail?onlineProdSn=57042,18000.0,스킨케어,마스크팩
비타C 엔자임 잡티 토닝 크림 리필 50ml,이니스프리,https://www.amoremall.com/kr/ko/product/detail?onlineProdSn=66075,23000.0,스킨케어,크림
청보리 마일드 필링젤 120ml,이니스프리,https://www.amoremall.com/kr/ko/product/detail?onlineProdSn=61715,13000.0,기타,미분류
아일넘버 바디로션 씨즈더모먼트 300ml,이니스프리,https://www.amoremall.com/kr/ko/product/detail?onlineProdSn=59211,24000.0,바디,바디케어
마이퍼퓸드바디 코튼플라워 바디로션 330ml,이니스프리,https://www.amoremall.com/kr/ko/product/detail?onlineProdSn=58394,17000.0,바디,바디케어
포레스트 센서티브 올인원 에센스 100ml,이니스프리,https://www.amoremall.com/kr/ko/product/detail?onlineProdSn=57944,29000.0,스킨케어,에센스
톤업 노세범 선스크린 EX SPF50+/PA++++ 60ml,이니스프리,https://www.amoremall.com/kr/ko/product/detail?onlineProdSn=57939,24000.0,선케어,선크림
노세범 파우더 쿠션 리필 SPF35/PA++ 14g,이니스프리,https://www.amoremall.com/kr/ko/product/detail?onlineProdSn=57044,18000.0,선케어,선크림
그린티 아미노 수분 클렌징폼  250g,이니스프리,https://www.amoremall.com/kr/ko/product/detail?onlineProdSn=63288,19000.0,건기식,기능성식품
콜라겐 그린티 세라마이드 탄력장벽 크림 리필 50ml,이니스프리,https://www.amoremall.com/kr/ko/product/detail?onlineProdSn=60390,28000.0,스킨케어,크림
링클 사이언스 스팟 트리트먼트 40ml,이니스프리,https://www.amoremall.com/kr/ko/product/detail?onlineProdSn=60389,37000.0,기타,미분류
한란로션 170ml,이니스프리,https://www.amoremall.com/kr/ko/product/detail?onlineProdSn=60084,25000.0,기타,미분류
심플라벨 워터프루프 펜슬라이너 0.1g,이니스프리,https://www.amoremall.com/kr/ko/product/detail?onlineProdSn=59215,12000.0,메이크업,아이라이너
마이퍼퓸드바디 그린텐저린 바디로션 330ml,이니스프리,https://www.amoremall.com/kr/ko/product/detail?onlineProdSn=58393,17000.0,바디,바디케어
포레스트 안티에이징 올인원 에센스 100ml,이니스프리,https://www.amoremall.com/kr/ko/product/detail?onlineProdSn=57945,29000.0,스킨케어,에센스
비타C 그린티 엔자임 잡티 토닝 세럼 30ml,이니스프리,https://www.amoremall.com/kr/ko/product/detail?onlineProdSn=57930,38000.0,스킨케어,세럼
듀이 트리트먼트 립밤 3.2g,이니스프리,https://www.amoremall.com/kr/ko/product/detail?onlineProdSn=57908,18000.0,스킨케어,크림
유브이 액티브 포어리스 선스크린 SPF50+/PA++++ 50ml,이니스프리,https://www.amoremall.com/kr/ko/product/detail?onlineProdSn=57777,28000.0,선케어,선크림
레티놀 시카 앰플 포커싱 패치 1개입 9매,이니스프리,https://www.amoremall.com/kr/ko/product/detail?onlineProdSn=57028,12000.0,스킨케어,앰플
알로에 리바이탈라이징 수딩젤 300ml,이니스프리,https://www.amoremall.com/kr/ko/product/detail?onlineProdSn=62114,10000.0,기타,미분류
라이트 피팅 컨실러 다크서클 커버 7g,이니스프리,https://www.amoremall.com/kr/ko/product/detail?onlineProdSn=60392,13000.0,건기식,기능성식품
한란인리치드에센스 50ml,이니스프리,https://www.amoremall.com/kr/ko/product/detail?onlineProdSn=60085,33000.0,스킨케어,에센스
아일넘버 바디워시 씨즈더모먼트 300ml,이니스프리,https://www.amoremall.com/kr/ko/product/detail?onlineProdSn=59212,22000.0,바디,바디케어
스키니 꼼꼼카라 3.5g,이니스프리,https://www.amoremall.com/kr/ko/product/detail?onlineProdSn=58914,12000.0,건기식,기능성식품
파워프루프 브러시 라이너 0.6g,이니스프리,https://www.amoremall.com/kr/ko/product/detail?onlineProdSn=58397,12000.0,메이크업,아이라이너
히알루론 수분 선크림 SPF50+/PA++++ 50ml,이니스프리,https://www.amoremall.com/kr/ko/product/detail?onlineProdSn=57940,28000.0,선케어,선크림
애플씨드 클렌징 오일 150ml,이니스프리,https://www.amoremall.com/kr/ko/product/detail?onlineProdSn=57936,21000.0,기타,미분류
레티놀 시카 흔적 앰플 30ml,이니스프리,https://www.amoremall.com/kr/ko/product/detail?onlineProdSn=57027,40000.0,스킨케어,앰플
블랙티 유스 인핸싱 앰플 30ml,이니스프리,https://www.amoremall.com/kr/ko/product/detail?onlineProdSn=57022,40000.0,스킨케어,앰플
블랙티 유스 인핸싱 트리트먼트 에센스 145ml,이니스프리,https://www.amoremall.com/kr/ko/product/detail?onlineProdSn=57017,45000.0,스킨케어,에센스
블랙티 유스 인핸싱 트리트먼트 에센스 75ml,이니스프리,https://www.amoremall.com/kr/ko/product/detail?onlineProdSn=57014,29000.0,스킨케어,에센스
노세범 선쿠션 이엑스 SPF50+/PA++++ 14g,이니스프리,https://www.amoremall.com/kr/ko/product/detail?onlineProdSn=61694,24000.0,선케어,선크림
하우스 스펀지 6p,이니스프리,https://www.amoremall.com/kr/ko/product/detail?onlineProdSn=60072,4000.0,기타,미분류
콜라겐 그린티 세라마이드 탄력 장벽 크림 50ml,이니스프리,https://www.amoremall.com/kr/ko/product/detail?onlineProdSn=60005,39000.0,스킨케어,크림
포어 블러 파우더 11g,이니스프리,https://www.amoremall.com/kr/ko/product/detail?onlineProdSn=59924,18000.0,건기식,기능성식품
에어리매트 틴트 3.8g,이니스프리,https://www.amoremall.com/kr/ko/product/detail?onlineProdSn=59572,17000.0,메이크업,립틴트
라이트 피팅 파운데이션 SPF20/PA++ 30ml,이니스프리,https://www.amoremall.com/kr/ko/product/detail?onlineProdSn=58915,29000.0,선케어,선크림
스키니 꼼꼼카라 Zero 3.5g,이니스프리,https://www.amoremall.com/kr/ko/product/detail?onlineProdSn=58910,13000.0,건기식,기능성식품
인텐시브 롱래스팅 선스크린 EX SPF50+/PA++++ 60ml,이니스프리,https://www.amoremall.com/kr/ko/product/detail?onlineProdSn=57934,24000.0,선케어,선크림
비자 트러블 로션 100ml,이니스프리,https://www.amoremall.com/kr/ko/product/detail?onlineProdSn=57564,16000.0,기타,미분류
블랙티 유스 인핸싱 스킨 170ml,이니스프리,https://www.amoremall.com/kr/ko/product/detail?onlineProdSn=57023,25000.0,기타,미분류
그린티 스킨 포맨 150ml,이니스프리,https://www.amoremall.com/kr/ko/product/detail?onlineProdSn=66014,22000.0,기타,미분류
한란스킨 170ml,이니스프리,https://www.amoremall.com/kr/ko/product/detail?onlineProdSn=60083,23000.0,기타,미분류
마이퍼퓸드바디 코튼플라워바디클렌저 330ml,이니스프리,https://www.amoremall.com/kr/ko/product/detail?onlineProdSn=58918,15000.0,바디,바디케어
퍼펙트 9 인텐시브 세럼 50ml,이니스프리,https://www.amoremall.com/kr/ko/product/detail?onlineProdSn=57571,61000.0,스킨케어,세럼
퍼펙트 9 인텐시브 스킨 200ml,이니스프리,https://www.amoremall.com/kr/ko/product/detail?onlineProdSn=57569,36000.0,기타,미분류
비자 시카 밤 EX 40ml,이니스프리,https://www.amoremall.com/kr/ko/product/detail?onlineProdSn=57565,26000.0,스킨케어,크림
비자 트러블 토너 170ml,이니스프리,https://www.amoremall.com/kr/ko/product/detail?onlineProdSn=57563,19000.0,기타,미분류
레티놀 시카 앰플 듀오 SET,이니스프리,https://www.amoremall.com/kr/ko/product/detail?onlineProdSn=66269,114000.0,스킨케어,앰플
히알루론 수분 선크림 SPF50+/PA++++ 50ml,이니스프리,https://www.amoremall.com/kr/ko/product/detail?onlineProdSn=66235,28000.0,선케어,선크림
그린티 로션 포맨 150ml,이니스프리,https://www.amoremall.com/kr/ko/product/detail?onlineProdSn=66016,22000.0,기타,미분류
왕벚꽃 글로우 톤업 크림 50ml,이니스프리,https://www.amoremall.com/kr/ko/product/detail?onlineProdSn=63928,22000.0,스킨케어,크림
스키니 브로우카라 4g,이니스프리,https://www.amoremall.com/kr/ko/product/detail?onlineProdSn=63828,8000.0,메이크업,아이브로우
화산송이 모공 바하 클렌징 오일 150ml,이니스프리,https://www.amoremall.com/kr/ko/product/detail?onlineProdSn=61724,28000.0,기타,미분류
인텐시브 레져 선스틱 SPF50+/PA++++ 18g,이니스프리,https://www.amoremall.com/kr/ko/product/detail?onlineProdSn=61206,24000.0,선케어,선크림
올리브 비타민 E 리얼 클렌징폼 150g,이니스프리,https://www.amoremall.com/kr/ko/product/detail?onlineProdSn=60393,14000.0,건기식,기능성식품
실키 파우더 블러쉬 6.2g,이니스프리,https://www.amoremall.com/kr/ko/product/detail?onlineProdSn=60075,15000.0,건기식,기능성식품
애플씨드 버블 클렌저 150ml,이니스프리,https://www.amoremall.com/kr/ko/product/detail?onlineProdSn=59134,18000.0,기타,미분류
화산송이 파하 모공 매끈결 토너 170ml,이니스프리,https://www.amoremall.com/kr/ko/product/detail?onlineProdSn=58978,20000.0,기타,미분류
마이퍼퓸드바디 워터릴리바디클렌저 330ml,이니스프리,https://www.amoremall.com/kr/ko/product/detail?onlineProdSn=58917,15000.0,바디,바디케어
라이트 글로우 쿠션 SPF26/PA++ 14g,이니스프리,https://www.amoremall.com/kr/ko/product/detail?onlineProdSn=58912,26000.0,선케어,선크림
비자 시카 밤 EX 대용량 70ml,이니스프리,https://www.amoremall.com/kr/ko/product/detail?onlineProdSn=57566,38000.0,스킨케어,크림
퍼펙트 9 인텐시브 스킨케어 세트  퍼펙트 9 인텐시브 스킨 200ml+ 퍼펙트 9 인텐시브 로션 160ml &  세럼 5ml + 크림 10ml + 아이크림 5ml,이니스프리,https://www.amoremall.com/kr/ko/product/detail?onlineProdSn=57560,74000.0,스킨케어,세럼
유채꿀 립밤 3.5g,이니스프리,https://www.amoremall.com/kr/ko/product/detail?onlineProdSn=60040,10000.0,스킨케어,크림
포어 블러 팩트 12.5g,이니스프리,https://www.amoremall.com/kr/ko/product/detail?onlineProdSn=59923,18000.0,스킨케어,마스크팩
아일 넘버 바디앤핸드워시 웜앤퍼지스 300ml,이니스프리,https://www.amoremall.com/kr/ko/product/detail?onlineProdSn=59841,22000.0,바디,바디케어
아일넘버 핸드크림 씨즈더모먼트 50ml,이니스프리,https://www.amoremall.com/kr/ko/product/detail?onlineProdSn=59210,15000.0,스킨케어,크림
마이퍼퓸드바디 그린텐저린바디클렌저 330ml,이니스프리,https://www.amoremall.com/kr/ko/product/detail?onlineProdSn=58916,15000.0,바디,바디케어
포레스트 프레시 스킨 180ml,이니스프리,https://www.amoremall.com/kr/ko/product/detail?onlineProdSn=57942,22000.0,기타,미분류
포레스트 프레시 로션 140ml,이니스프리,https://www.amoremall.com/kr/ko/product/detail?onlineProdSn=57941,25000.0,기타,미분류
블랙티 유스 인핸싱 스킨 케어 세트  블랙티 유스 인핸싱 스킨 170ml + 블랙티 유스 인핸싱 로션 170ml&  스킨 15ml + 로션 15ml + 앰플 12ml,이니스프리,https://www.amoremall.com/kr/ko/product/detail?onlineProdSn=57574,54000.0,스킨케어,앰플
퍼펙트 9 인텐시브 로션 160ml,이니스프리,https://www.amoremall.com/kr/ko/product/detail?onlineProdSn=57570,38000.0,기타,미분류
톤업 노세범 선스크린 EX SPF50+/PA++++ 60ml,이니스프리,https://www.amoremall.com/kr/ko/product/detail?onlineProdSn=66237,24000.0,선케어,선크림
비타C 엔자임 잡티 토닝 크림  80ml,이니스프리,https://www.amoremall.com/kr/ko/product/detail?onlineProdSn=66073,45000.0,스킨케어,크림
화산송이 모공 듀얼 마스크 110ml,이니스프리,https://www.amoremall.com/kr/ko/product/detail?onlineProdSn=64131,25000.0,스킨케어,마스크팩
올리브 비타민E 리얼 클렌징 오일 150ml,이니스프리,https://www.amoremall.com/kr/ko/product/detail?onlineProdSn=60942,27000.0,기타,미분류
마이퍼퓸드바디 워터릴리 바디로션 330ml,이니스프리,https://www.amoremall.com/kr/ko/product/detail?onlineProdSn=60223,17000.0,바디,바디케어
스컬프팅 파우더 쉐이딩 6.8g,이니스프리,https://www.amoremall.com/kr/ko/product/detail?onlineProdSn=60074,15000.0,건기식,기능성식품
포레스트 프레시 스킨 로션 2종 세트,이니스프리,https://www.amoremall.com/kr/ko/product/detail?onlineProdSn=59571,47000.0,기타,미분류
심플라벨 래스팅 펜슬 브로우 0.15g,이니스프리,https://www.amoremall.com/kr/ko/product/detail?onlineProdSn=59216,13000.0,메이크업,아이브로우
심플라벨 마스카라 7.5g,이니스프리,https://www.amoremall.com/kr/ko/product/detail?onlineProdSn=59214,21000.0,메이크업,마스카라
라이트 글로우 쿠션 리필 SPF26/PA++ 14g,이니스프리,https://www.amoremall.com/kr/ko/product/detail?onlineProdSn=58913,18000.0,선케어,선크림
포레스트 포어 케어 올인원 에센스 100ml,이니스프리,https://www.amoremall.com/kr/ko/product/detail?onlineProdSn=57943,29000.0,스킨케어,에센스
청보리 마일드 필링 토너 250ml,이니스프리,https://www.amoremall.com/kr/ko/product/detail?onlineProdSn=53145,17000.0,기타,미분류
레티놀 PDRN 앰플 기획세트 40ml,이니스프리,https://www.amoremall.com/kr/ko/product/detail?onlineProdSn=67461,57000.0,스킨케어,앰플
레티놀 시카 앰플 기획세트 50ml,이니스프리,https://www.amoremall.com/kr/ko/product/detail?onlineProdSn=67460,57000.0,스킨케어,앰플
그린티 씨드 히알루론산 크림 기획세트,이니스프리,https://www.amoremall.com/kr/ko/product/detail?onlineProdSn=67459,90000.0,스킨케어,크림
마이 퍼퓸드 핸드크림 세트,이니스프리,https://www.amoremall.com/kr/ko/product/detail?onlineProdSn=67458,24000.0,스킨케어,크림
레티놀 PDRN 앰플 기획세트 40ml,이니스프리,https://www.amoremall.com/kr/ko/product/detail?onlineProdSn=67385,57000.0,스킨케어,앰플
그린티 밀크 에센스 160ml 더블 기획세트,이니스프리,https://www.amoremall.com/kr/ko/product/detail?onlineProdSn=67383,44000.0,스킨케어,에센스
이니스프리 클렌징 폼,이니스프리,https://www.amoremall.com/kr/ko/product/detail?onlineProdSn=67372,13000.0,기타,미분류
스페셜 케어 마스크  20ml,이니스프리,https://www.amoremall.com/kr/ko/product/detail?onlineProdSn=67137,3500.0,스킨케어,마스크팩
그린티 세라마이드 크림 80ml,이니스프리,https://www.amoremall.com/kr/ko/product/detail?onlineProdSn=66914,38000.0,스킨케어,크림
그린티 세라마이드 크림 50ml,이니스프리,https://www.amoremall.com/kr/ko/product/detail?onlineProdSn=66912,27000.0,스킨케어,크림
그린티 세라마이드 크림 50ml,이니스프리,https://www.amoremall.com/kr/ko/product/detail?onlineProdSn=66911,27000.0,스킨케어,크림
그린티 씨드 히알루론산 크림 50ml,이니스프리,https://www.amoremall.com/kr/ko/product/detail?onlineProdSn=65449,27000.0,스킨케어,크림
톤업 워터링 선스크린 SPF50+/PA++++ 60ml,이니스프리,https://www.amoremall.com/kr/ko/product/detail?onlineProdSn=61207,24000.0,선케어,선크림
스마트 블렌더  1p,이니스프리,https://www.amoremall.com/kr/ko/product/detail?onlineProdSn=60078,7500.0,기타,미분류
쉬어 글로이 하이라이터 5.5g,이니스프리,https://www.amoremall.com/kr/ko/product/detail?onlineProdSn=60073,18000.0,건기식,기능성식품
일반 화장솜 80매,이니스프리,https://www.amoremall.com/kr/ko/product/detail?onlineProdSn=60070,1500.0,기타,미분류
그린펫클럽 꼼꼼 워터리스 발세정제  150ml,이니스프리,https://www.amoremall.com/kr/ko/product/detail?onlineProdSn=59958,28000.0,기타,미분류
아일 넘버 핸드크림 웜앤퍼지스 50ml,이니스프리,https://www.amoremall.com/kr/ko/product/detail?onlineProdSn=59898,15000.0,스킨케어,크림
파워프루프 펜 라이너 0.6g,이니스프리,https://www.amoremall.com/kr/ko/product/detail?onlineProdSn=58398,12000.0,메이크업,아이라이너
왕벚꽃 글로우 젤리 크림 50ml,이니스프리,https://www.amoremall.com/kr/ko/product/detail?onlineProdSn=58395,22000.0,스킨케어,크림
스퀴즈 에너지 마스크 1매 22ml,이니스프리,https://www.amoremall.com/kr/ko/product/detail?onlineProdSn=58001,2000.0,스킨케어,마스크팩
레티놀 시카 흔적 앰플 50ml,이니스프리,https://www.amoremall.com/kr/ko/product/detail?onlineProdSn=57026,57000.0,스킨케어,앰플
그린프로폴리스 치약 100g*3,메디안,https://www.amoremall.com/kr/ko/product/detail?onlineProdSn=57073,14900.0,건기식,기능성식품
이지클린 센서티브 칫솔 4입,메디안,https://www.amoremall.com/kr/ko/product/detail?onlineProdSn=60711,6900.0,기타,미분류
소금의 명작 치약,메디안,https://www.amoremall.com/kr/ko/product/detail?onlineProdSn=65573,10818.0,기타,미분류
후레쉬 치약 3입  120g*3,메디안,https://www.amoremall.com/kr/ko/product/detail?onlineProdSn=60497,8750.0,건기식,기능성식품
잇몸과학 치약 3입,메디안,https://www.amoremall.com/kr/ko/product/detail?onlineProdSn=26562,13900.0,기타,미분류
NEW 치석케어칫솔 4입,메디안,https://www.amoremall.com/kr/ko/product/detail?onlineProdSn=57084,12900.0,기타,미분류
대나무숯 담은 칫솔 미세모 4입,메디안,https://www.amoremall.com/kr/ko/product/detail?onlineProdSn=47911,9900.0,기타,미분류
듀얼이펙션 칫솔 4입 미세모,메디안,https://www.amoremall.com/kr/ko/product/detail?onlineProdSn=55386,7900.0,기타,미분류
닥터메디안 멀티케어 치약,메디안,https://www.amoremall.com/kr/ko/product/detail?onlineProdSn=62799,4900.0,기타,미분류
송천염 치약,메디안,https://www.amoremall.com/kr/ko/product/detail?onlineProdSn=50064,9754.0,기타,미분류
젠티스트 치약 핑크 2입,메디안,https://www.amoremall.com/kr/ko/product/detail?onlineProdSn=60893,19577.0,기타,미분류
구취과학 치약 프리징쿨 3입  120g*3,메디안,https://www.amoremall.com/kr/ko/product/detail?onlineProdSn=47960,13860.0,건기식,기능성식품
그래핀 칫솔 4+1입,메디안,https://www.amoremall.com/kr/ko/product/detail?onlineProdSn=63220,9803.0,기타,미분류
녹차의 명작 치약,메디안,https://www.amoremall.com/kr/ko/product/detail?onlineProdSn=65574,10818.0,기타,미분류
미백과학 치약 플럼민트향,메디안,https://www.amoremall.com/kr/ko/product/detail?onlineProdSn=62292,7000.0,기타,미분류
닥터메디안 칫솔 5+5입,메디안,https://www.amoremall.com/kr/ko/product/detail?onlineProdSn=65572,6806.0,기타,미분류
365DAYS step3 충치 불소 어린이 펌핑 치약 300g,메디안,https://www.amoremall.com/kr/ko/product/detail?onlineProdSn=61799,18784.0,건기식,기능성식품
플렉스 이펙션 칫솔 4입,메디안,https://www.amoremall.com/kr/ko/product/detail?onlineProdSn=54982,9900.0,기타,미분류
키즈 365DAYS step3 칫솔 12입,메디안,https://www.amoremall.com/kr/ko/product/detail?onlineProdSn=27182,18784.0,기타,미분류
잇몸과학 칫솔 4입,메디안,https://www.amoremall.com/kr/ko/product/detail?onlineProdSn=47913,13900.0,기타,미분류
골드와이드 칫솔 10입,메디안,https://www.amoremall.com/kr/ko/product/detail?onlineProdSn=47962,13692.0,기타,미분류
365DAYS 고밀도 초극세모 딥클린 칫솔 16입,메디안,https://www.amoremall.com/kr/ko/product/detail?onlineProdSn=61800,18784.0,기타,미분류
성인용 365DAYS 칫솔 12입,메디안,https://www.amoremall.com/kr/ko/product/detail?onlineProdSn=57431,18784.0,기타,미분류
소금의 명작 칫솔 4입,메디안,https://www.amoremall.com/kr/ko/product/detail?onlineProdSn=65576,10818.0,기타,미분류
그린프로폴리스 잇몸케어 칫솔 4+1입,메디안,https://www.amoremall.com/kr/ko/product/detail?onlineProdSn=57279,14900.0,기타,미분류
키즈 365DAYS step3 칫솔 6입,메디안,https://www.amoremall.com/kr/ko/product/detail?onlineProdSn=65571,9392.0,기타,미분류
키즈 365DAYS step2 칫솔 12입,메디안,https://www.amoremall.com/kr/ko/product/detail?onlineProdSn=47906,18784.0,기타,미분류
송천염 미세모 칫솔 4입,메디안,https://www.amoremall.com/kr/ko/product/detail?onlineProdSn=54981,9900.0,기타,미분류
젠티스트 치약 핑크 100g,메디안,https://www.amoremall.com/kr/ko/product/detail?onlineProdSn=56469,9875.0,건기식,기능성식품
녹차의 명작 칫솔 4입,메디안,https://www.amoremall.com/kr/ko/product/detail?onlineProdSn=65575,10818.0,기타,미분류
젠티스트 치약 핑크 4입+쇼핑백 증정,메디안,https://www.amoremall.com/kr/ko/product/detail?onlineProdSn=67032,39155.0,건기식,기능성식품
치석케어 치약 오리지널/구취/화이트/잇몸,메디안,https://www.amoremall.com/kr/ko/product/detail?onlineProdSn=21522,12900.0,기타,미분류
웨이크업 생기 립밤 3g,비레디,https://www.amoremall.com/kr/ko/product/detail?onlineProdSn=29001,12744.0,스킨케어,크림
웨이크업 생기 립밤 3g,라네즈,https://www.amoremall.com/kr/ko/product/detail?onlineProdSn=29001,12744.0,스킨케어,크림
트루톤 로션  40ml,비레디,https://www.amoremall.com/kr/ko/product/detail?onlineProdSn=66573,32000.0,기타,미분류
트루톤 로션  40ml,라네즈,https://www.amoremall.com/kr/ko/product/detail?onlineProdSn=66573,32000.0,기타,미분류
블루 수분 선크림 1+1 기획세트 SPF50+PA++++,비레디,https://www.amoremall.com/kr/ko/product/detail?onlineProdSn=65559,25000.0,선케어,선크림
블루 수분 선크림 1+1 기획세트 SPF50+PA++++,라네즈,https://www.amoremall.com/kr/ko/product/detail?onlineProdSn=65559,25000.0,선케어,선크림
블루 파운데이션 SPF27/PA++ 35ml,비레디,https://www.amoremall.com/kr/ko/product/detail?onlineProdSn=56132,29000.0,선케어,선크림
블루 파운데이션 SPF27/PA++ 35ml,라네즈,https://www.amoremall.com/kr/ko/product/detail?onlineProdSn=56132,29000.0,선케어,선크림
블루쿠션 SPF34/PA++ 15g,비레디,https://www.amoremall.com/kr/ko/product/detail?onlineProdSn=63934,24900.0,선케어,선크림
블루쿠션 SPF34/PA++ 15g,라네즈,https://www.amoremall.com/kr/ko/product/detail?onlineProdSn=63934,24900.0,선케어,선크림
무드업 듀얼 아이섀도우 브러쉬,비레디,https://www.amoremall.com/kr/ko/product/detail?onlineProdSn=35006,10000.0,메이크업,아이섀도우
무드업 듀얼 아이섀도우 브러쉬,라네즈,https://www.amoremall.com/kr/ko/product/detail?onlineProdSn=35006,10000.0,메이크업,아이섀도우
블루쿠션 SPF34/PA++ 15g,비레디,https://www.amoremall.com/kr/ko/product/detail?onlineProdSn=62820,32895.0,선케어,선크림
블루쿠션 SPF34/PA++ 15g,라네즈,https://www.amoremall.com/kr/ko/product/detail?onlineProdSn=62820,32895.0,선케어,선크림
시카페인 트러블리셋 세럼 40ml,비레디,https://www.amoremall.com/kr/ko/product/detail?onlineProdSn=60517,38000.0,스킨케어,세럼
시카페인 트러블리셋 세럼 40ml,라네즈,https://www.amoremall.com/kr/ko/product/detail?onlineProdSn=60517,38000.0,스킨케어,세럼
블루 수분 선크림 SPF50+/PA++++ 50ml,비레디,https://www.amoremall.com/kr/ko/product/detail?onlineProdSn=57466,25000.0,선케어,선크림
블루 수분 선크림 SPF50+/PA++++ 50ml,라네즈,https://www.amoremall.com/kr/ko/product/detail?onlineProdSn=57466,25000.0,선케어,선크림
프라이드업 아이브로우 0.6G,비레디,https://www.amoremall.com/kr/ko/product/detail?onlineProdSn=32460,12900.0,메이크업,아이브로우
프라이드업 아이브로우 0.6G,라네즈,https://www.amoremall.com/kr/ko/product/detail?onlineProdSn=32460,12900.0,메이크업,아이브로우
블루 세범 파우더 7g,비레디,https://www.amoremall.com/kr/ko/product/detail?onlineProdSn=57744,15000.0,건기식,기능성식품
블루 세범 파우더 7g,라네즈,https://www.amoremall.com/kr/ko/product/detail?onlineProdSn=57744,15000.0,건기식,기능성식품
시카페인 트러블리셋 토너 250ml,비레디,https://www.amoremall.com/kr/ko/product/detail?onlineProdSn=60519,25000.0,기타,미분류
시카페인 트러블리셋 토너 250ml,라네즈,https://www.amoremall.com/kr/ko/product/detail?onlineProdSn=60519,25000.0,기타,미분류
시카페인 트러블리셋 크림 70ml,비레디,https://www.amoremall.com/kr/ko/product/detail?onlineProdSn=60518,34000.0,스킨케어,크림
시카페인 트러블리셋 크림 70ml,라네즈,https://www.amoremall.com/kr/ko/product/detail?onlineProdSn=60518,34000.0,스킨케어,크림
블루 파운데이션 퍼프,비레디,https://www.amoremall.com/kr/ko/product/detail?onlineProdSn=56386,8000.0,기타,미분류
블루 파운데이션 퍼프,라네즈,https://www.amoremall.com/kr/ko/product/detail?onlineProdSn=56386,8000.0,기타,미분류
하이드로 스웻프루프 선크림 SPF50+/PA++++ 50ml,비레디,https://www.amoremall.com/kr/ko/product/detail?onlineProdSn=64846,25000.0,선케어,선크림
하이드로 스웻프루프 선크림 SPF50+/PA++++ 50ml,라네즈,https://www.amoremall.com/kr/ko/product/detail?onlineProdSn=64846,25000.0,선케어,선크림
에어리 헤어 페이스트 80g,비레디,https://www.amoremall.com/kr/ko/product/detail?onlineProdSn=57746,16500.0,건기식,기능성식품
에어리 헤어 페이스트 80g,라네즈,https://www.amoremall.com/kr/ko/product/detail?onlineProdSn=57746,16500.0,건기식,기능성식품
4.4,비레디,https://www.amoremall.com/kr/ko/product/detail?onlineProdSn=62272,20000.0,기타,미분류
4.4,라네즈,https://www.amoremall.com/kr/ko/product/detail?onlineProdSn=62272,20000.0,기타,미분류
시카페인 트러블리셋 클렌징폼 150g,비레디,https://www.amoremall.com/kr/ko/product/detail?onlineProdSn=60520,19500.0,건기식,기능성식품
시카페인 트러블리셋 클렌징폼 150g,라네즈,https://www.amoremall.com/kr/ko/product/detail?onlineProdSn=60520,19500.0,건기식,기능성식품
무드업 음영 아이팔레트 7g,비레디,https://www.amoremall.com/kr/ko/product/detail?onlineProdSn=57745,20000.0,건기식,기능성식품
무드업 음영 아이팔레트 7g,라네즈,https://www.amoremall.com/kr/ko/product/detail?onlineProdSn=57745,20000.0,건기식,기능성식품
생기 립밤 3g,비레디,https://www.amoremall.com/kr/ko/product/detail?onlineProdSn=67696,25790.0,스킨케어,크림
생기 립밤 3g,라네즈,https://www.amoremall.com/kr/ko/product/detail?onlineProdSn=67696,25790.0,스킨케어,크림
생기 립밤 3g,비레디,https://www.amoremall.com/kr/ko/product/detail?onlineProdSn=67695,25790.0,스킨케어,크림
생기 립밤 3g,라네즈,https://www.amoremall.com/kr/ko/product/detail?onlineProdSn=67695,25790.0,스킨케어,크림
생기 립밤 3g,비레디,https://www.amoremall.com/kr/ko/product/detail?onlineProdSn=67693,25790.0,스킨케어,크림
생기 립밤 3g,라네즈,https://www.amoremall.com/kr/ko/product/detail?onlineProdSn=67693,25790.0,스킨케어,크림
블루 파운데이션 3호,비레디,https://www.amoremall.com/kr/ko/product/detail?onlineProdSn=65558,37000.0,기타,미분류
블루 파운데이션 3호,라네즈,https://www.amoremall.com/kr/ko/product/detail?onlineProdSn=65558,37000.0,기타,미분류
블루 파운데이션 2호,비레디,https://www.amoremall.com/kr/ko/product/detail?onlineProdSn=65551,37000.0,기타,미분류
블루 파운데이션 2호,라네즈,https://www.amoremall.com/kr/ko/product/detail?onlineProdSn=65551,37000.0,기타,미분류
블루쿠션 3호 제프리,비레디,https://www.amoremall.com/kr/ko/product/detail?onlineProdSn=65549,57800.0,기타,미분류
블루쿠션 3호 제프리,라네즈,https://www.amoremall.com/kr/ko/product/detail?onlineProdSn=65549,57800.0,기타,미분류
블루쿠션 2호 라이언,비레디,https://www.amoremall.com/kr/ko/product/detail?onlineProdSn=65547,57800.0,기타,미분류
블루쿠션 2호 라이언,라네즈,https://www.amoremall.com/kr/ko/product/detail?onlineProdSn=65547,57800.0,기타,미분류
시카페인 트러블리셋 2종,비레디,https://www.amoremall.com/kr/ko/product/detail?onlineProdSn=62394,71286.0,기타,미분류
시카페인 트러블리셋 2종,라네즈,https://www.amoremall.com/kr/ko/product/detail?onlineProdSn=62394,71286.0,기타,미분류
블루 수분 선크림 SPF50+/PA++++,비레디,https://www.amoremall.com/kr/ko/product/detail?onlineProdSn=62302,50000.0,선케어,선크림
블루 수분 선크림 SPF50+/PA++++,라네즈,https://www.amoremall.com/kr/ko/product/detail?onlineProdSn=62302,50000.0,선케어,선크림
메타그린 칼로리컷 젤리 다이어트 기능성 젤리 혈당탄수화물컷,퍼즐우드,https://www.amoremall.com/kr/ko/product/detail?onlineProdSn=61196,25000.0,기타,미분류
메타그린 부스터샷 7일,퍼즐우드,https://www.amoremall.com/kr/ko/product/detail?onlineProdSn=64246,28000.0,기타,미분류
메타그린 슬림업 다이어트 비건 기능성,퍼즐우드,https://www.amoremall.com/kr/ko/product/detail?onlineProdSn=36142,36000.0,기타,미분류
메타그린 클린티 10입,퍼즐우드,https://www.amoremall.com/kr/ko/product/detail?onlineProdSn=64198,25000.0,기타,미분류
녹차에서 온 유산균,퍼즐우드,https://www.amoremall.com/kr/ko/product/detail?onlineProdSn=33827,28000.0,기타,미분류
슈퍼콜라겐 28입,퍼즐우드,https://www.amoremall.com/kr/ko/product/detail?onlineProdSn=64165,75000.0,기타,미분류
멀티비타민미네랄,퍼즐우드,https://www.amoremall.com/kr/ko/product/detail?onlineProdSn=14931,35000.0,기타,미분류
메타그린 효소 14입,퍼즐우드,https://www.amoremall.com/kr/ko/product/detail?onlineProdSn=64882,23000.0,기타,미분류
슈퍼레티놀 30포,퍼즐우드,https://www.amoremall.com/kr/ko/product/detail?onlineProdSn=64166,28000.0,기타,미분류
액티브 멀티팩,퍼즐우드,https://www.amoremall.com/kr/ko/product/detail?onlineProdSn=18819,60000.0,스킨케어,마스크팩
오메가케어 30일,퍼즐우드,https://www.amoremall.com/kr/ko/product/detail?onlineProdSn=21406,50000.0,기타,미분류
메타그린 슬림업,퍼즐우드,https://www.amoremall.com/kr/ko/product/detail?onlineProdSn=64888,65000.0,기타,미분류
슈퍼콜라겐 골드,퍼즐우드,https://www.amoremall.com/kr/ko/product/detail?onlineProdSn=62889,380000.0,기타,미분류
굿슬립 가바 365  식약처 인정 수면기능성,퍼즐우드,https://www.amoremall.com/kr/ko/product/detail?onlineProdSn=53654,37000.0,건기식,기능성식품
슈퍼콜라겐 프리미엄,퍼즐우드,https://www.amoremall.com/kr/ko/product/detail?onlineProdSn=54659,115000.0,기타,미분류
슈퍼에센셜,퍼즐우드,https://www.amoremall.com/kr/ko/product/detail?onlineProdSn=63950,27800.0,기타,미분류
트루아이,퍼즐우드,https://www.amoremall.com/kr/ko/product/detail?onlineProdSn=20371,60000.0,기타,미분류
슈퍼에센셜,퍼즐우드,https://www.amoremall.com/kr/ko/product/detail?onlineProdSn=63893,99000.0,기타,미분류
메타그린 골드 플러스,퍼즐우드,https://www.amoremall.com/kr/ko/product/detail?onlineProdSn=61550,65000.0,기타,미분류
명작수 골드,퍼즐우드,https://www.amoremall.com/kr/ko/product/detail?onlineProdSn=44190,560000.0,기타,미분류
명작수 골드,퍼즐우드,https://www.amoremall.com/kr/ko/product/detail?onlineProdSn=21476,320000.0,기타,미분류
메타그린 골드 플러스 패밀리 기획세트,퍼즐우드,https://www.amoremall.com/kr/ko/product/detail?onlineProdSn=64796,300000.0,기타,미분류
슈퍼콜라겐 골드,퍼즐우드,https://www.amoremall.com/kr/ko/product/detail?onlineProdSn=58944,140000.0,기타,미분류
NEW 슈퍼시카 B5,퍼즐우드,https://www.amoremall.com/kr/ko/product/detail?onlineProdSn=66411,28000.0,기타,미분류
액티브멀티팩 기획세트,퍼즐우드,https://www.amoremall.com/kr/ko/product/detail?onlineProdSn=64798,280000.0,스킨케어,마스크팩
리버프라임,퍼즐우드,https://www.amoremall.com/kr/ko/product/detail?onlineProdSn=19178,55000.0,기타,미분류
조이스텝 골드,퍼즐우드,https://www.amoremall.com/kr/ko/product/detail?onlineProdSn=14998,65000.0,기타,미분류
올인원 멀티팩,퍼즐우드,https://www.amoremall.com/kr/ko/product/detail?onlineProdSn=66695,270000.0,스킨케어,마스크팩
트루아이 기획세트,퍼즐우드,https://www.amoremall.com/kr/ko/product/detail?onlineProdSn=64801,280000.0,기타,미분류
조이스텝 골드,퍼즐우드,https://www.amoremall.com/kr/ko/product/detail?onlineProdSn=63889,180000.0,기타,미분류
슈퍼콜라겐 플래티넘,퍼즐우드,https://www.amoremall.com/kr/ko/product/detail?onlineProdSn=63758,360000.0,기타,미분류
슈퍼콜라겐 플래티넘,퍼즐우드,https://www.amoremall.com/kr/ko/product/detail?onlineProdSn=52559,180000.0,기타,미분류
슈퍼콜라겐 골드,퍼즐우드,https://www.amoremall.com/kr/ko/product/detail?onlineProdSn=50054,280000.0,기타,미분류
비타클렌즈,퍼즐우드,https://www.amoremall.com/kr/ko/product/detail?onlineProdSn=67297,50000.0,기타,미분류
굿슬립 가바 365,퍼즐우드,https://www.amoremall.com/kr/ko/product/detail?onlineProdSn=63416,20000.0,기타,미분류
올인원 멀티팩,퍼즐우드,https://www.amoremall.com/kr/ko/product/detail?onlineProdSn=66541,150000.0,스킨케어,마스크팩
슈퍼레티놀 30포,퍼즐우드,https://www.amoremall.com/kr/ko/product/detail?onlineProdSn=67749,28000.0,기타,미분류
메타그린 부스터샷 7일,퍼즐우드,https://www.amoremall.com/kr/ko/product/detail?onlineProdSn=67748,28000.0,기타,미분류
메타그린 슬림업 다이어트 비건 기능성,퍼즐우드,https://www.amoremall.com/kr/ko/product/detail?onlineProdSn=67747,36000.0,기타,미분류
슈퍼콜라겐 14입,퍼즐우드,https://www.amoremall.com/kr/ko/product/detail?onlineProdSn=67586,40000.0,기타,미분류
슈퍼콜라겐 28입X2개 + 월리 우프 무드등,퍼즐우드,https://www.amoremall.com/kr/ko/product/detail?onlineProdSn=67575,97500.0,기타,미분류
메타그린 슬림업 30일X3개 + 월리 뽀모도로 타이머 & 포스트카드,퍼즐우드,https://www.amoremall.com/kr/ko/product/detail?onlineProdSn=67572,75600.0,기타,미분류
슈퍼레티놀 기획세트,퍼즐우드,https://www.amoremall.com/kr/ko/product/detail?onlineProdSn=67342,84000.0,기타,미분류
슈퍼에센셜 기획세트,퍼즐우드,https://www.amoremall.com/kr/ko/product/detail?onlineProdSn=67341,99000.0,기타,미분류
리버프라임 105일,퍼즐우드,https://www.amoremall.com/kr/ko/product/detail?onlineProdSn=66797,165000.0,기타,미분류
오메가케어 3입세트,퍼즐우드,https://www.amoremall.com/kr/ko/product/detail?onlineProdSn=66693,150000.0,기타,미분류
NEW 슈퍼시카 B5,퍼즐우드,https://www.amoremall.com/kr/ko/product/detail?onlineProdSn=66599,84000.0,기타,미분류
메타그린 슬림업,퍼즐우드,https://www.amoremall.com/kr/ko/product/detail?onlineProdSn=66539,108000.0,기타,미분류
메타그린 슬림업,퍼즐우드,https://www.amoremall.com/kr/ko/product/detail?onlineProdSn=66538,72000.0,기타,미분류
메타그린 부스터샷 7일,퍼즐우드,https://www.amoremall.com/kr/ko/product/detail?onlineProdSn=66537,84000.0,기타,미분류
메타그린 부스터샷 7일,퍼즐우드,https://www.amoremall.com/kr/ko/product/detail?onlineProdSn=66536,56000.0,기타,미분류
메타그린 효소,퍼즐우드,https://www.amoremall.com/kr/ko/product/detail?onlineProdSn=65893,92000.0,기타,미분류
메타그린 부스터샷 7일,퍼즐우드,https://www.amoremall.com/kr/ko/product/detail?onlineProdSn=64336,224000.0,기타,미분류
메타그린 부스터샷 7일,퍼즐우드,https://www.amoremall.com/kr/ko/product/detail?onlineProdSn=64247,112000.0,기타,미분류
메타그린 클린티 10입,퍼즐우드,https://www.amoremall.com/kr/ko/product/detail?onlineProdSn=64220,75000.0,기타,미분류
슈퍼레티놀 30포,퍼즐우드,https://www.amoremall.com/kr/ko/product/detail?onlineProdSn=64168,84000.0,기타,미분류
슈퍼콜라겐 28입,퍼즐우드,https://www.amoremall.com/kr/ko/product/detail?onlineProdSn=64167,225000.0,기타,미분류
슈퍼에센셜 28입,퍼즐우드,https://www.amoremall.com/kr/ko/product/detail?onlineProdSn=63949,297000.0,기타,미분류
메타그린 슬림업,퍼즐우드,https://www.amoremall.com/kr/ko/product/detail?onlineProdSn=63402,202000.0,기타,미분류
메타그린 골드 플러스 패밀리기획,퍼즐우드,https://www.amoremall.com/kr/ko/product/detail?onlineProdSn=61552,180000.0,기타,미분류
메타그린 칼로리컷 젤리,퍼즐우드,https://www.amoremall.com/kr/ko/product/detail?onlineProdSn=61198,75000.0,기타,미분류
녹차에서 온 유산균,퍼즐우드,https://www.amoremall.com/kr/ko/product/detail?onlineProdSn=59085,84000.0,기타,미분류
메타그린 슬림업,퍼즐우드,https://www.amoremall.com/kr/ko/product/detail?onlineProdSn=58980,101000.0,기타,미분류
프로바이오틱스 골드,퍼즐우드,https://www.amoremall.com/kr/ko/product/detail?onlineProdSn=48313,165000.0,기타,미분류
프로바이오틱스&이뮨,퍼즐우드,https://www.amoremall.com/kr/ko/product/detail?onlineProdSn=20702,55000.0,기타,미분류
BEST 플로라 글로우 로즈 리퀴드 마스크 80ml,마몽드,https://www.amoremall.com/kr/ko/product/detail?onlineProdSn=60774,30000.0,스킨케어,마스크팩
프로바이오틱스 세라마이드 앰플 마스크팩 23ml,마몽드,https://www.amoremall.com/kr/ko/product/detail?onlineProdSn=60863,2500.0,스킨케어,마스크팩
BEST 어메이징 딥 민트 클렌징밤 90ml,마몽드,https://www.amoremall.com/kr/ko/product/detail?onlineProdSn=60197,26786.0,스킨케어,크림
프로바이오틱스 세라마이드 2종 세트,마몽드,https://www.amoremall.com/kr/ko/product/detail?onlineProdSn=63633,49661.0,기타,미분류
에이지 컨트롤 카멜리아 앰플 마스크팩 23ml,마몽드,https://www.amoremall.com/kr/ko/product/detail?onlineProdSn=62813,2500.0,스킨케어,마스크팩
에이지 컨트롤 카멜리아 크림 50ml,마몽드,https://www.amoremall.com/kr/ko/product/detail?onlineProdSn=62812,47727.0,스킨케어,크림
어메이징 딥 민트 클렌징 티슈 70매,마몽드,https://www.amoremall.com/kr/ko/product/detail?onlineProdSn=61605,15873.0,기타,미분류
프로바이오틱스 세라마이드 에멀젼 150ml,마몽드,https://www.amoremall.com/kr/ko/product/detail?onlineProdSn=60887,26000.0,기타,미분류
프로바이오틱스 세라마이드 인텐스 크림 60ml,마몽드,https://www.amoremall.com/kr/ko/product/detail?onlineProdSn=60888,35781.0,스킨케어,크림
플로라 글로우 로즈 워터 토너 500ml 500ml,마몽드,https://www.amoremall.com/kr/ko/product/detail?onlineProdSn=64188,24844.0,기타,미분류
BEST 카밍 샷 아줄렌 흔적 수분 앰플 50ml,마몽드,https://www.amoremall.com/kr/ko/product/detail?onlineProdSn=64181,23944.0,스킨케어,앰플
4.8,마몽드,https://www.amoremall.com/kr/ko/product/detail?onlineProdSn=64186,26812.0,기타,미분류
세라마이드 아미노 폼 120g,마몽드,https://www.amoremall.com/kr/ko/product/detail?onlineProdSn=60864,15873.0,건기식,기능성식품
맨 리차징 로션 150ml,마몽드,https://www.amoremall.com/kr/ko/product/detail?onlineProdSn=64185,20000.0,기타,미분류
카밍 샷 아줄렌 앰플 마스크팩 23ml,마몽드,https://www.amoremall.com/kr/ko/product/detail?onlineProdSn=62168,2500.0,스킨케어,마스크팩
프로바이오틱스 세라마이드 스킨소프너 200ml,마몽드,https://www.amoremall.com/kr/ko/product/detail?onlineProdSn=60886,23846.0,기타,미분류
플로라 글로우 로즈 앰플 마스크팩 23ml,마몽드,https://www.amoremall.com/kr/ko/product/detail?onlineProdSn=63076,2500.0,스킨케어,마스크팩
맨 리차징 토너 180ml,마몽드,https://www.amoremall.com/kr/ko/product/detail?onlineProdSn=64184,19000.0,기타,미분류
에이지 컨트롤 카멜리아 에멀젼 125ml,마몽드,https://www.amoremall.com/kr/ko/product/detail?onlineProdSn=62810,37536.0,기타,미분류
에이지 컨트롤 카멜리아 세럼 50ml,마몽드,https://www.amoremall.com/kr/ko/product/detail?onlineProdSn=62811,48955.0,스킨케어,세럼
어메이징 딥 민트 클렌징밤 180ml,마몽드,https://www.amoremall.com/kr/ko/product/detail?onlineProdSn=63634,35000.0,스킨케어,크림
맨 리차징 2종 세트,마몽드,https://www.amoremall.com/kr/ko/product/detail?onlineProdSn=64660,38730.0,기타,미분류
카밍 샷 아줄렌 크림 60ml,마몽드,https://www.amoremall.com/kr/ko/product/detail?onlineProdSn=64183,28676.0,스킨케어,크림
어메이징 딥 민트 클렌징폼 120ml,마몽드,https://www.amoremall.com/kr/ko/product/detail?onlineProdSn=60787,16949.0,기타,미분류
에이지 컨트롤 카멜리아 에센스 워터 150ml,마몽드,https://www.amoremall.com/kr/ko/product/detail?onlineProdSn=62809,36769.0,스킨케어,에센스
플로라 글로우 로즈 워터 토너 300ml,마몽드,https://www.amoremall.com/kr/ko/product/detail?onlineProdSn=64187,19857.0,기타,미분류
카밍 샷 아줄렌 선크림 SPF50+PA++++ 35ml,마몽드,https://www.amoremall.com/kr/ko/product/detail?onlineProdSn=61461,15938.0,선케어,선크림
포어 슈링커 바쿠치올 레티놀 토너 200ml,마몽드,https://www.amoremall.com/kr/ko/product/detail?onlineProdSn=63156,23906.0,기타,미분류
플로라 글로우 로즈 스무딩 크림 50ml,마몽드,https://www.amoremall.com/kr/ko/product/detail?onlineProdSn=60844,36567.0,스킨케어,크림
포어 슈링커 바쿠치올 크림 60ml,마몽드,https://www.amoremall.com/kr/ko/product/detail?onlineProdSn=59709,37500.0,스킨케어,크림
포어 슈링커 바쿠치올 세럼 50ml,마몽드,https://www.amoremall.com/kr/ko/product/detail?onlineProdSn=66282,38906.0,스킨케어,세럼
어메이징 딥 민트차콜릿 클렌징밤 90ml,마몽드,https://www.amoremall.com/kr/ko/product/detail?onlineProdSn=66460,27000.0,스킨케어,크림
에이지 컨트롤 카멜리아 2종 세트,마몽드,https://www.amoremall.com/kr/ko/product/detail?onlineProdSn=63663,75000.0,기타,미분류
어메이징 딥 민트차콜릿 팩클렌저 135g,마몽드,https://www.amoremall.com/kr/ko/product/detail?onlineProdSn=66459,22714.0,스킨케어,마스크팩
플로라 글로우 로즈 틴티드 선세럼 35ml,마몽드,https://www.amoremall.com/kr/ko/product/detail?onlineProdSn=64329,25000.0,스킨케어,세럼
좋아요,마몽드,https://www.amoremall.com/kr/ko/product/detail?onlineProdSn=67746,26000.0,기타,미분류
좋아요,마몽드,https://www.amoremall.com/kr/ko/product/detail?onlineProdSn=67745,50000.0,기타,미분류
플로라글로우 로즈 볼마스크 3.5ml,마몽드,https://www.amoremall.com/kr/ko/product/detail?onlineProdSn=67462,24853.0,스킨케어,마스크팩
에이지컨트롤 카멜리아 크림 50ml X2개,마몽드,https://www.amoremall.com/kr/ko/product/detail?onlineProdSn=67351,95968.0,스킨케어,크림
사은품,마몽드,https://www.amoremall.com/kr/ko/product/detail?onlineProdSn=67350,53175.0,기타,미분류
카밍 샷 아줄렌 흔적 수분 앰플 50ml X2개,마몽드,https://www.amoremall.com/kr/ko/product/detail?onlineProdSn=67349,47826.0,스킨케어,앰플
어메이징 딥 민트 클렌징밤 90ml X2개,마몽드,https://www.amoremall.com/kr/ko/product/detail?onlineProdSn=67348,53462.0,스킨케어,크림
플로라글로우 로즈 리퀴드 마스크 80ml X2개,마몽드,https://www.amoremall.com/kr/ko/product/detail?onlineProdSn=67347,59667.0,스킨케어,마스크팩
플로라글로우 로즈 하이드로겔 마스크,마몽드,https://www.amoremall.com/kr/ko/product/detail?onlineProdSn=67319,36000.0,스킨케어,마스크팩
플로라글로우 로즈 볼마스크 3.5ml,마몽드,https://www.amoremall.com/kr/ko/product/detail?onlineProdSn=66948,12500.0,스킨케어,마스크팩
NEW 플로라글로우 로즈 슬리핑 마스크 80g,마몽드,https://www.amoremall.com/kr/ko/product/detail?onlineProdSn=66947,23971.0,스킨케어,마스크팩
플로라글로우 로즈 하이드로겔 마스크,마몽드,https://www.amoremall.com/kr/ko/product/detail?onlineProdSn=66946,6000.0,스킨케어,마스크팩
플로라 글로우 로즈 볼마스크 3.5ml,마몽드,https://www.amoremall.com/kr/ko/product/detail?onlineProdSn=66945,2500.0,스킨케어,마스크팩
NEW 오리지널 레시피 허니 모델링팩  66g,마몽드,https://www.amoremall.com/kr/ko/product/detail?onlineProdSn=66842,6932.0,스킨케어,마스크팩
NEW 카밍샷 아줄렌 모델링팩  66g,마몽드,https://www.amoremall.com/kr/ko/product/detail?onlineProdSn=66837,6932.0,스킨케어,마스크팩
프로바이오틱스 세라마이드 앰플 마스크팩,마몽드,https://www.amoremall.com/kr/ko/product/detail?onlineProdSn=66687,50000.0,스킨케어,마스크팩
카밍 샷 아줄렌 앰플 마스크팩,마몽드,https://www.amoremall.com/kr/ko/product/detail?onlineProdSn=66686,50000.0,스킨케어,마스크팩
에이지 컨트롤 카멜리아 앰플 마스크팩,마몽드,https://www.amoremall.com/kr/ko/product/detail?onlineProdSn=66685,50000.0,스킨케어,마스크팩
플로라글로우 로즈 앰플 마스크팩,마몽드,https://www.amoremall.com/kr/ko/product/detail?onlineProdSn=66683,50000.0,스킨케어,마스크팩
프로바이오틱스 세라마이드 에멀젼,마몽드,https://www.amoremall.com/kr/ko/product/detail?onlineProdSn=66682,51587.0,기타,미분류
프로바이오틱스 세라마이드 스킨소프너,마몽드,https://www.amoremall.com/kr/ko/product/detail?onlineProdSn=66681,47460.0,기타,미분류
맨 리차징 토너,마몽드,https://www.amoremall.com/kr/ko/product/detail?onlineProdSn=66678,37500.0,기타,미분류
에이지 컨트롤 카멜리아 크림,마몽드,https://www.amoremall.com/kr/ko/product/detail?onlineProdSn=66676,95753.0,스킨케어,크림
에이지 컨트롤 카멜리아 세럼,마몽드,https://www.amoremall.com/kr/ko/product/detail?onlineProdSn=66675,97692.0,스킨케어,세럼
카밍 샷 아줄렌 토너 300ml,마몽드,https://www.amoremall.com/kr/ko/product/detail?onlineProdSn=64182,19853.0,기타,미분류
플로라글로우 로즈 앰플 마스크팩,마몽드,https://www.amoremall.com/kr/ko/product/detail?onlineProdSn=63077,25000.0,스킨케어,마스크팩
에이지 컨트롤 카멜리아 앰플 마스크팩,마몽드,https://www.amoremall.com/kr/ko/product/detail?onlineProdSn=62845,25000.0,스킨케어,마스크팩
카밍 샷 아줄렌 앰플 마스크팩,마몽드,https://www.amoremall.com/kr/ko/product/detail?onlineProdSn=61850,25000.0,스킨케어,마스크팩
프로바이오틱스 세라마이드 앰플 마스크팩,마몽드,https://www.amoremall.com/kr/ko/product/detail?onlineProdSn=61770,25000.0,스킨케어,마스크팩
어메이징 딥 민트 클렌징폼,마몽드,https://www.amoremall.com/kr/ko/product/detail?onlineProdSn=60795,33729.0,기타,미분류
포어 슈링커 바쿠치올 세럼 50ml,마몽드,https://www.amoremall.com/kr/ko/product/detail?onlineProdSn=60701,38906.0,스킨케어,세럼
"22,400원",오설록,https://www.amoremall.com/kr/ko/product/detail?onlineProdSn=58962,32.0,기타,미분류
"11,700원",오설록,https://www.amoremall.com/kr/ko/product/detail?onlineProdSn=63136,11.0,기타,미분류
"13,300원",오설록,https://www.amoremall.com/kr/ko/product/detail?onlineProdSn=66052,5.0,기타,미분류
"5,400원",오설록,https://www.amoremall.com/kr/ko/product/detail?onlineProdSn=60830,11.0,기타,미분류
"22,500원",오설록,https://www.amoremall.com/kr/ko/product/detail?onlineProdSn=61654,26.0,기타,미분류
"21,850원",오설록,https://www.amoremall.com/kr/ko/product/detail?onlineProdSn=56053,5.0,기타,미분류
"5,700원",오설록,https://www.amoremall.com/kr/ko/product/detail?onlineProdSn=52994,5.0,기타,미분류
"12,600원",오설록,https://www.amoremall.com/kr/ko/product/detail?onlineProdSn=64109,10.0,기타,미분류
"13,300원",오설록,https://www.amoremall.com/kr/ko/product/detail?onlineProdSn=53004,5.0,기타,미분류
"9,900원",오설록,https://www.amoremall.com/kr/ko/product/detail?onlineProdSn=53002,11.0,기타,미분류
"5,700원",오설록,https://www.amoremall.com/kr/ko/product/detail?onlineProdSn=52996,5.0,기타,미분류
"10,450원",오설록,https://www.amoremall.com/kr/ko/product/detail?onlineProdSn=55800,5.0,기타,미분류
"9,900원",오설록,https://www.amoremall.com/kr/ko/product/detail?onlineProdSn=52998,11.0,기타,미분류
"21,600원",오설록,https://www.amoremall.com/kr/ko/product/detail?onlineProdSn=53009,11.0,기타,미분류
"26,250원",오설록,https://www.amoremall.com/kr/ko/product/detail?onlineProdSn=63155,26.0,기타,미분류
"11,000원",오설록,https://www.amoremall.com/kr/ko/product/detail?onlineProdSn=66955,,기타,미분류
"11,700원",오설록,https://www.amoremall.com/kr/ko/product/detail?onlineProdSn=63137,11.0,기타,미분류
"27,000원",오설록,https://www.amoremall.com/kr/ko/product/detail?onlineProdSn=60867,26.0,기타,미분류
"9,900원",오설록,https://www.amoremall.com/kr/ko/product/detail?onlineProdSn=53006,11.0,기타,미분류
"9,900원",오설록,https://www.amoremall.com/kr/ko/product/detail?onlineProdSn=53005,11.0,기타,미분류
"9,500원",오설록,https://www.amoremall.com/kr/ko/product/detail?onlineProdSn=53003,5.0,기타,미분류
"23,750원",오설록,https://www.amoremall.com/kr/ko/product/detail?onlineProdSn=60179,5.0,기타,미분류
"11,700원",오설록,https://www.amoremall.com/kr/ko/product/detail?onlineProdSn=53014,11.0,기타,미분류
"15,300원",오설록,https://www.amoremall.com/kr/ko/product/detail?onlineProdSn=53021,11.0,기타,미분류
"11,000원",오설록,https://www.amoremall.com/kr/ko/product/detail?onlineProdSn=66951,,기타,미분류
"24,000원",오설록,https://www.amoremall.com/kr/ko/product/detail?onlineProdSn=65117,26.0,기타,미분류
"24,300원",오설록,https://www.amoremall.com/kr/ko/product/detail?onlineProdSn=53017,11.0,기타,미분류
"11,000원",오설록,https://www.amoremall.com/kr/ko/product/detail?onlineProdSn=66952,,기타,미분류
"9,900원",오설록,https://www.amoremall.com/kr/ko/product/detail?onlineProdSn=63799,11.0,기타,미분류
"8,550원",오설록,https://www.amoremall.com/kr/ko/product/detail?onlineProdSn=54932,11.0,기타,미분류
"9,900원",오설록,https://www.amoremall.com/kr/ko/product/detail?onlineProdSn=53001,11.0,기타,미분류
"45,900원",오설록,https://www.amoremall.com/kr/ko/product/detail?onlineProdSn=64129,16.0,기타,미분류
"13,300원",오설록,https://www.amoremall.com/kr/ko/product/detail?onlineProdSn=52999,5.0,기타,미분류
"9,900원",오설록,https://www.amoremall.com/kr/ko/product/detail?onlineProdSn=63072,10.0,기타,미분류
"27,000원",오설록,https://www.amoremall.com/kr/ko/product/detail?onlineProdSn=53024,11.0,기타,미분류
"12,350원",오설록,https://www.amoremall.com/kr/ko/product/detail?onlineProdSn=53012,5.0,기타,미분류
"9,900원",오설록,https://www.amoremall.com/kr/ko/product/detail?onlineProdSn=64381,11.0,기타,미분류
"14,850원",오설록,https://www.amoremall.com/kr/ko/product/detail?onlineProdSn=57696,11.0,기타,미분류
"9,900원",오설록,https://www.amoremall.com/kr/ko/product/detail?onlineProdSn=53016,11.0,기타,미분류
"17,550원",오설록,https://www.amoremall.com/kr/ko/product/detail?onlineProdSn=65874,37.0,기타,미분류
"17,550원",오설록,https://www.amoremall.com/kr/ko/product/detail?onlineProdSn=65872,37.0,기타,미분류
"9,900원",오설록,https://www.amoremall.com/kr/ko/product/detail?onlineProdSn=63070,11.0,기타,미분류
"24,300원",오설록,https://www.amoremall.com/kr/ko/product/detail?onlineProdSn=56056,11.0,기타,미분류
"8,550원",오설록,https://www.amoremall.com/kr/ko/product/detail?onlineProdSn=57423,11.0,기타,미분류
"14,850원",오설록,https://www.amoremall.com/kr/ko/product/detail?onlineProdSn=53070,11.0,기타,미분류
"14,850원",오설록,https://www.amoremall.com/kr/ko/product/detail?onlineProdSn=60176,11.0,기타,미분류
"24,300원",오설록,https://www.amoremall.com/kr/ko/product/detail?onlineProdSn=56039,11.0,기타,미분류
"9,900원",오설록,https://www.amoremall.com/kr/ko/product/detail?onlineProdSn=53046,11.0,기타,미분류
"66,300원",오설록,https://www.amoremall.com/kr/ko/product/detail?onlineProdSn=53040,16.0,기타,미분류
"54,400원",오설록,https://www.amoremall.com/kr/ko/product/detail?onlineProdSn=66860,16.0,기타,미분류
"9,900원",오설록,https://www.amoremall.com/kr/ko/product/detail?onlineProdSn=63829,11.0,기타,미분류
"14,850원",오설록,https://www.amoremall.com/kr/ko/product/detail?onlineProdSn=53073,11.0,기타,미분류
"9,000원",오설록,https://www.amoremall.com/kr/ko/product/detail?onlineProdSn=53008,10.0,기타,미분류
"11,000원",오설록,https://www.amoremall.com/kr/ko/product/detail?onlineProdSn=66950,,기타,미분류
"24,300원",오설록,https://www.amoremall.com/kr/ko/product/detail?onlineProdSn=53028,11.0,기타,미분류
"9,900원",오설록,https://www.amoremall.com/kr/ko/product/detail?onlineProdSn=63071,11.0,기타,미분류
"24,300원",오설록,https://www.amoremall.com/kr/ko/product/detail?onlineProdSn=56046,11.0,기타,미분류
"38,000원",오설록,https://www.amoremall.com/kr/ko/product/detail?onlineProdSn=53048,5.0,기타,미분류
"8,000원",오설록,https://www.amoremall.com/kr/ko/product/detail?onlineProdSn=66033,,기타,미분류
"17,550원",오설록,https://www.amoremall.com/kr/ko/product/detail?onlineProdSn=65873,37.0,기타,미분류
"24,300원",오설록,https://www.amoremall.com/kr/ko/product/detail?onlineProdSn=63670,11.0,기타,미분류
"10,450원",오설록,https://www.amoremall.com/kr/ko/product/detail?onlineProdSn=60369,5.0,기타,미분류
"7,200원",오설록,https://www.amoremall.com/kr/ko/product/detail?onlineProdSn=58552,11.0,기타,미분류
"7,200원",오설록,https://www.amoremall.com/kr/ko/product/detail?onlineProdSn=55799,11.0,기타,미분류
"9,900원",오설록,https://www.amoremall.com/kr/ko/product/detail?onlineProdSn=62344,11.0,기타,미분류
"9,900원",오설록,https://www.amoremall.com/kr/ko/product/detail?onlineProdSn=60868,11.0,기타,미분류
"16,650원",오설록,https://www.amoremall.com/kr/ko/product/detail?onlineProdSn=56050,11.0,기타,미분류
"13,300원",오설록,https://www.amoremall.com/kr/ko/product/detail?onlineProdSn=64886,5.0,기타,미분류
"14,250원",오설록,https://www.amoremall.com/kr/ko/product/detail?onlineProdSn=56036,5.0,기타,미분류
"12,375원",오설록,https://www.amoremall.com/kr/ko/product/detail?onlineProdSn=65909,26.0,기타,미분류
"93,500원",오설록,https://www.amoremall.com/kr/ko/product/detail?onlineProdSn=63851,16.0,기타,미분류
"12,600원",오설록,https://www.amoremall.com/kr/ko/product/detail?onlineProdSn=61652,11.0,기타,미분류
"14,850원",오설록,https://www.amoremall.com/kr/ko/product/detail?onlineProdSn=58551,11.0,기타,미분류
"14,850원",오설록,https://www.amoremall.com/kr/ko/product/detail?onlineProdSn=56051,11.0,기타,미분류
"7,200원",오설록,https://www.amoremall.com/kr/ko/product/detail?onlineProdSn=53817,11.0,기타,미분류
"14,850원",오설록,https://www.amoremall.com/kr/ko/product/detail?onlineProdSn=53041,11.0,기타,미분류
"12,375원",오설록,https://www.amoremall.com/kr/ko/product/detail?onlineProdSn=65911,26.0,기타,미분류
"12,375원",오설록,https://www.amoremall.com/kr/ko/product/detail?onlineProdSn=65910,26.0,기타,미분류
"14,850원",오설록,https://www.amoremall.com/kr/ko/product/detail?onlineProdSn=57697,11.0,기타,미분류
"14,850원",오설록,https://www.amoremall.com/kr/ko/product/detail?onlineProdSn=53121,11.0,기타,미분류
"9,900원",오설록,https://www.amoremall.com/kr/ko/product/detail?onlineProdSn=64401,10.0,기타,미분류
"24,300원",오설록,https://www.amoremall.com/kr/ko/product/detail?onlineProdSn=63850,11.0,기타,미분류
"14,850원",오설록,https://www.amoremall.com/kr/ko/product/detail?onlineProdSn=63849,10.0,기타,미분류
"12,600원",오설록,https://www.amoremall.com/kr/ko/product/detail?onlineProdSn=61651,10.0,기타,미분류
"24,300원",오설록,https://www.amoremall.com/kr/ko/product/detail?onlineProdSn=60368,10.0,기타,미분류
"14,850원",오설록,https://www.amoremall.com/kr/ko/product/detail?onlineProdSn=60367,11.0,기타,미분류
"24,300원",오설록,https://www.amoremall.com/kr/ko/product/detail?onlineProdSn=56055,11.0,기타,미분류
"24,300원",오설록,https://www.amoremall.com/kr/ko/product/detail?onlineProdSn=56042,11.0,기타,미분류
"24,300원",오설록,https://www.amoremall.com/kr/ko/product/detail?onlineProdSn=63394,11.0,기타,미분류
"12,600원",오설록,https://www.amoremall.com/kr/ko/product/detail?onlineProdSn=61653,10.0,기타,미분류
"127,500원",오설록,https://www.amoremall.com/kr/ko/product/detail?onlineProdSn=60866,16.0,기타,미분류
"14,850원",오설록,https://www.amoremall.com/kr/ko/product/detail?onlineProdSn=53042,10.0,기타,미분류
"14,850원",오설록,https://www.amoremall.com/kr/ko/product/detail?onlineProdSn=53038,11.0,기타,미분류
"11,700원",오설록,https://www.amoremall.com/kr/ko/product/detail?onlineProdSn=67768,10.0,기타,미분류
"37,800원",오설록,https://www.amoremall.com/kr/ko/product/detail?onlineProdSn=67764,10.0,기타,미분류
"39,000원",오설록,https://www.amoremall.com/kr/ko/product/detail?onlineProdSn=67754,25.0,기타,미분류
"30,000원",오설록,https://www.amoremall.com/kr/ko/product/detail?onlineProdSn=67394,26.0,기타,미분류
"9,500원",오설록,https://www.amoremall.com/kr/ko/product/detail?onlineProdSn=67357,5.0,기타,미분류
"13,300원",오설록,https://www.amoremall.com/kr/ko/product/detail?onlineProdSn=67355,5.0,기타,미분류
"11,700원",오설록,https://www.amoremall.com/kr/ko/product/detail?onlineProdSn=67354,11.0,기타,미분류
"11,700원",오설록,https://www.amoremall.com/kr/ko/product/detail?onlineProdSn=67353,10.0,기타,미분류
"11,000원",오설록,https://www.amoremall.com/kr/ko/product/detail?onlineProdSn=66983,,기타,미분류
"15,200원",오설록,https://www.amoremall.com/kr/ko/product/detail?onlineProdSn=58150,21.0,기타,미분류
"19,800원",오설록,https://www.amoremall.com/kr/ko/product/detail?onlineProdSn=53400,11.0,기타,미분류
"15,200원",오설록,https://www.amoremall.com/kr/ko/product/detail?onlineProdSn=53399,21.0,기타,미분류
함빛/청아/흑운/민감 샴푸&컨디셔너 480ml,려,https://www.amoremall.com/kr/ko/product/detail?onlineProdSn=60188,13692.0,기타,미분류
루트젠 탈모증상전문케어 두피 에센스 80ml,려,https://www.amoremall.com/kr/ko/product/detail?onlineProdSn=57538,19882.0,스킨케어,에센스
두피 편한 검은콩 염색 120g,려,https://www.amoremall.com/kr/ko/product/detail?onlineProdSn=62509,12857.0,건기식,기능성식품
자양윤모 9ex 탈모증상전문케어 샴푸 400ml,려,https://www.amoremall.com/kr/ko/product/detail?onlineProdSn=46403,16780.0,기타,미분류
루트젠 여성 맞춤 탈모증상전문케어 샴푸 515ml,려,https://www.amoremall.com/kr/ko/product/detail?onlineProdSn=57269,22874.0,기타,미분류
헤어쿠션  7g,려,https://www.amoremall.com/kr/ko/product/detail?onlineProdSn=60173,29701.0,건기식,기능성식품
루트젠 여성 맞춤 탈모증상전문케어 샴푸 리필팩 400ml,려,https://www.amoremall.com/kr/ko/product/detail?onlineProdSn=62979,17671.0,스킨케어,마스크팩
댄트롤 비듬샴푸 박하/멘톨/애플 820ml,려,https://www.amoremall.com/kr/ko/product/detail?onlineProdSn=56099,12417.0,기타,미분류
루트젠 남성 맞춤 탈모증상전문케어 샴푸 515ml,려,https://www.amoremall.com/kr/ko/product/detail?onlineProdSn=57537,22874.0,기타,미분류
진생보 두피모발영양 샴푸/컨디셔너 400ml,려,https://www.amoremall.com/kr/ko/product/detail?onlineProdSn=19678,16780.0,기타,미분류
자양윤모 9이엑스 탈모증상전문케어 모근강화 트리트먼트 330ml,려,https://www.amoremall.com/kr/ko/product/detail?onlineProdSn=46409,16780.0,기타,미분류
루트젠 여성 맞춤 탈모증상전문케어 트리트먼트 515ml,려,https://www.amoremall.com/kr/ko/product/detail?onlineProdSn=57271,22874.0,기타,미분류
명품 에이치비엑스 탈모증상완화 앰플 샴푸 500ml,려,https://www.amoremall.com/kr/ko/product/detail?onlineProdSn=55383,33000.0,스킨케어,앰플
루트젠 두피코어강화 아쿠아필 두피토닉 100ml,려,https://www.amoremall.com/kr/ko/product/detail?onlineProdSn=65841,16747.0,기타,미분류
루트젠 두피코어강화 두피청정샴푸 515ml,려,https://www.amoremall.com/kr/ko/product/detail?onlineProdSn=65840,18778.0,기타,미분류
함빛 극손상 앤 영양 트리트먼트 300ml,려,https://www.amoremall.com/kr/ko/product/detail?onlineProdSn=60189,13692.0,기타,미분류
자양윤모 탈모전문케어 경주달밤/여수하늘 트리트먼트 200ml,려,https://www.amoremall.com/kr/ko/product/detail?onlineProdSn=54584,14623.0,기타,미분류
루트젠 탈모증상전문케어 헤어볼륨필러 150ml,려,https://www.amoremall.com/kr/ko/product/detail?onlineProdSn=62675,19900.0,기타,미분류
루트젠 두피코어강화 두피 청정샴푸,려,https://www.amoremall.com/kr/ko/product/detail?onlineProdSn=67131,37667.0,건기식,기능성식품
자양윤모 9이엑스 탈모증상전문케어 모근강화 트리트먼트,려,https://www.amoremall.com/kr/ko/product/detail?onlineProdSn=67130,33774.0,기타,미분류
자양윤모 탈모증상전문케어 샴푸 지성두피용,려,https://www.amoremall.com/kr/ko/product/detail?onlineProdSn=67129,33725.0,기타,미분류
루트젠 남성 맞춤 탈모증상전문케어 샴푸,려,https://www.amoremall.com/kr/ko/product/detail?onlineProdSn=66993,67952.0,기타,미분류
루트젠 탈모케어 트리플샷 두피리페어 세럼 60ml,려,https://www.amoremall.com/kr/ko/product/detail?onlineProdSn=66973,19882.0,스킨케어,세럼
루트젠 두피코어강화 아쿠아필 두피토닉,려,https://www.amoremall.com/kr/ko/product/detail?onlineProdSn=66965,33605.0,기타,미분류
루트젠 탈모증상전문케어 두피 에센스,려,https://www.amoremall.com/kr/ko/product/detail?onlineProdSn=66964,39667.0,스킨케어,에센스
진생보 두피모발영양 샴푸 400ml,려,https://www.amoremall.com/kr/ko/product/detail?onlineProdSn=64438,33774.0,기타,미분류
루트젠 여성 맞춤 탈모증상전문케어 샴푸,려,https://www.amoremall.com/kr/ko/product/detail?onlineProdSn=64411,67821.0,기타,미분류
루트젠 여성 맞춤 탈모증상전문케어 샴푸,려,https://www.amoremall.com/kr/ko/product/detail?onlineProdSn=64013,45349.0,기타,미분류
루트젠 여성 맞춤 탈모증상전문케어 샴푸+두피에센스,려,https://www.amoremall.com/kr/ko/product/detail?onlineProdSn=63825,42727.0,스킨케어,에센스
루트젠 여성 맞춤 탈모증상전문케어 샴푸+리필,려,https://www.amoremall.com/kr/ko/product/detail?onlineProdSn=62980,40658.0,기타,미분류
루트젠 탈모증상전문케어 여성 샴푸+남성 샴푸,려,https://www.amoremall.com/kr/ko/product/detail?onlineProdSn=59515,45556.0,기타,미분류
루트젠 여성 맞춤 탈모증상전문케어 샴푸+트리트먼트,려,https://www.amoremall.com/kr/ko/product/detail?onlineProdSn=57624,45556.0,기타,미분류
우아채 영양새치염색  120g,려,https://www.amoremall.com/kr/ko/product/detail?onlineProdSn=19929,11900.0,건기식,기능성식품
자음2종 세트,설화수,https://www.amoremall.com/kr/ko/product/detail?onlineProdSn=63917,150000.0,기타,미분류
순행클렌징폼 200ml,설화수,https://www.amoremall.com/kr/ko/product/detail?onlineProdSn=56822,42000.0,기타,미분류
탄력3종 세트,설화수,https://www.amoremall.com/kr/ko/product/detail?onlineProdSn=63919,215000.0,기타,미분류
탄력크림 단품세트 75ml,설화수,https://www.amoremall.com/kr/ko/product/detail?onlineProdSn=63921,135000.0,스킨케어,크림
순행클렌징오일 200ml,설화수,https://www.amoremall.com/kr/ko/product/detail?onlineProdSn=56898,47000.0,기타,미분류
본윤 데일리 루틴,설화수,https://www.amoremall.com/kr/ko/product/detail?onlineProdSn=56947,125000.0,기타,미분류
탄력크림 단품세트 75ml,설화수,https://www.amoremall.com/kr/ko/product/detail?onlineProdSn=65121,135000.0,스킨케어,크림
자음생2종 세트,설화수,https://www.amoremall.com/kr/ko/product/detail?onlineProdSn=62165,225000.0,기타,미분류
윤조에센스 6세대 단품세트 90ml,설화수,https://www.amoremall.com/kr/ko/product/detail?onlineProdSn=62214,140000.0,스킨케어,에센스
,설화수,https://www.amoremall.com/kr/ko/product/detail?onlineProdSn=63920,229000.0,기타,미분류
자음유액 EX 125ml,설화수,https://www.amoremall.com/kr/ko/product/detail?onlineProdSn=63913,78000.0,기타,미분류
윤조에센스 6세대,설화수,https://www.amoremall.com/kr/ko/product/detail?onlineProdSn=56785,55000.0,스킨케어,에센스
자음수 EX 150ml,설화수,https://www.amoremall.com/kr/ko/product/detail?onlineProdSn=63912,72000.0,기타,미분류
상백톤업선크림 SPF50+/PA++++ 50ml,설화수,https://www.amoremall.com/kr/ko/product/detail?onlineProdSn=60648,90000.0,선케어,선크림
옥용팩 120ml,설화수,https://www.amoremall.com/kr/ko/product/detail?onlineProdSn=56901,53000.0,스킨케어,마스크팩
자음생아이크림 15ml,설화수,https://www.amoremall.com/kr/ko/product/detail?onlineProdSn=62171,130000.0,스킨케어,크림
퍼펙팅 쿠션 SPF50+/PA+++ 15g,설화수,https://www.amoremall.com/kr/ko/product/detail?onlineProdSn=59931,41000.0,선케어,선크림
퍼펙팅 쿠션 에어리 SPF50+/PA+++,설화수,https://www.amoremall.com/kr/ko/product/detail?onlineProdSn=59933,89000.0,선케어,선크림
여윤팩 120ml,설화수,https://www.amoremall.com/kr/ko/product/detail?onlineProdSn=56900,65000.0,스킨케어,마스크팩
퍼펙팅 쿠션 에어리 SPF50+/PA+++ 15g,설화수,https://www.amoremall.com/kr/ko/product/detail?onlineProdSn=59935,41000.0,선케어,선크림
퍼펙팅 립컬러,설화수,https://www.amoremall.com/kr/ko/product/detail?onlineProdSn=60834,45000.0,기타,미분류
탄력크림 EX 75ml,설화수,https://www.amoremall.com/kr/ko/product/detail?onlineProdSn=63916,135000.0,스킨케어,크림
윤조마스크 5매,설화수,https://www.amoremall.com/kr/ko/product/detail?onlineProdSn=19789,60000.0,스킨케어,마스크팩
윤조립밤 3g,설화수,https://www.amoremall.com/kr/ko/product/detail?onlineProdSn=60819,45000.0,스킨케어,크림
상백선크림 SPF50+/PA++++ 50ml,설화수,https://www.amoremall.com/kr/ko/product/detail?onlineProdSn=60647,90000.0,선케어,선크림
퍼펙팅 트윈 케이크,설화수,https://www.amoremall.com/kr/ko/product/detail?onlineProdSn=63001,75000.0,기타,미분류
진설수유액 2종 세트,설화수,https://www.amoremall.com/kr/ko/product/detail?onlineProdSn=60982,310000.0,기타,미분류
본윤선크림 SPF50+/PA++++ 50ml,설화수,https://www.amoremall.com/kr/ko/product/detail?onlineProdSn=14935,40000.0,선케어,선크림
퍼펙팅 쿠션 SPF50+/PA+++,설화수,https://www.amoremall.com/kr/ko/product/detail?onlineProdSn=59929,89000.0,선케어,선크림
자음생크림 리치 단품세트 50ml,설화수,https://www.amoremall.com/kr/ko/product/detail?onlineProdSn=64217,270000.0,스킨케어,크림
자음생유액 125ml,설화수,https://www.amoremall.com/kr/ko/product/detail?onlineProdSn=62164,115000.0,기타,미분류
탄력크림 EX 50ml,설화수,https://www.amoremall.com/kr/ko/product/detail?onlineProdSn=63914,100000.0,스킨케어,크림
NEW 자음생클렌징폼 150g,설화수,https://www.amoremall.com/kr/ko/product/detail?onlineProdSn=66233,68000.0,건기식,기능성식품
자음생앰플 20g,설화수,https://www.amoremall.com/kr/ko/product/detail?onlineProdSn=62172,150000.0,스킨케어,앰플
자음생캡슐세럼 단품세트,설화수,https://www.amoremall.com/kr/ko/product/detail?onlineProdSn=62213,235000.0,스킨케어,세럼
자음생캡슐세럼 50ml,설화수,https://www.amoremall.com/kr/ko/product/detail?onlineProdSn=62174,235000.0,스킨케어,세럼
백삼팩 120ml,설화수,https://www.amoremall.com/kr/ko/product/detail?onlineProdSn=58563,72000.0,스킨케어,마스크팩
자음생수 150ml,설화수,https://www.amoremall.com/kr/ko/product/detail?onlineProdSn=62163,110000.0,기타,미분류
자음생마스크EX 5매,설화수,https://www.amoremall.com/kr/ko/product/detail?onlineProdSn=20214,120000.0,스킨케어,마스크팩
본윤에센스 140ml,설화수,https://www.amoremall.com/kr/ko/product/detail?onlineProdSn=18880,73000.0,스킨케어,에센스
시그니처 진생 페이셜 솝 1입 120g,설화수,https://www.amoremall.com/kr/ko/product/detail?onlineProdSn=62617,33000.0,건기식,기능성식품
상백선플루이드 SPF50+/PA+++ 50ml,설화수,https://www.amoremall.com/kr/ko/product/detail?onlineProdSn=60646,60000.0,선케어,선크림
퍼펙팅 파우더 20g,설화수,https://www.amoremall.com/kr/ko/product/detail?onlineProdSn=17001,65000.0,건기식,기능성식품
본윤유액 90ml,설화수,https://www.amoremall.com/kr/ko/product/detail?onlineProdSn=18291,52000.0,기타,미분류
자음생크림 단품세트 50ml,설화수,https://www.amoremall.com/kr/ko/product/detail?onlineProdSn=64254,270000.0,스킨케어,크림
퍼펙팅 쿠션 에어리 SPF50+/PA+++,설화수,https://www.amoremall.com/kr/ko/product/detail?onlineProdSn=59934,59000.0,선케어,선크림
시그니처 진생 페이셜 솝 2입 120g*2,설화수,https://www.amoremall.com/kr/ko/product/detail?onlineProdSn=60651,58000.0,건기식,기능성식품
진설유액 125ml,설화수,https://www.amoremall.com/kr/ko/product/detail?onlineProdSn=60991,165000.0,기타,미분류
,설화수,https://www.amoremall.com/kr/ko/product/detail?onlineProdSn=59221,270000.0,스킨케어,크림
자음생세럼 브라이트닝 50ml,설화수,https://www.amoremall.com/kr/ko/product/detail?onlineProdSn=52630,220000.0,스킨케어,세럼
진설크림 60ml,설화수,https://www.amoremall.com/kr/ko/product/detail?onlineProdSn=59217,520000.0,스킨케어,크림
진설클렌징폼 150g,설화수,https://www.amoremall.com/kr/ko/product/detail?onlineProdSn=64744,90000.0,건기식,기능성식품
퍼펙팅 스킨커버,설화수,https://www.amoremall.com/kr/ko/product/detail?onlineProdSn=63002,75000.0,기타,미분류
자음생캡슐세럼 30ml,설화수,https://www.amoremall.com/kr/ko/product/detail?onlineProdSn=62175,155000.0,스킨케어,세럼
자음생크림 30ml,설화수,https://www.amoremall.com/kr/ko/product/detail?onlineProdSn=62166,168000.0,스킨케어,크림
진설수 150ml,설화수,https://www.amoremall.com/kr/ko/product/detail?onlineProdSn=60990,145000.0,기타,미분류
자음생크림 리치 30ml,설화수,https://www.amoremall.com/kr/ko/product/detail?onlineProdSn=62169,168000.0,스킨케어,크림
진설세럼 50ml,설화수,https://www.amoremall.com/kr/ko/product/detail?onlineProdSn=59222,450000.0,스킨케어,세럼
퍼펙팅 쿠션 에어리 트리플  SPF50+/PA+++,설화수,https://www.amoremall.com/kr/ko/product/detail?onlineProdSn=63604,117000.0,선케어,선크림
퍼펙팅 쿠션 트리플  SPF50+/PA+++,설화수,https://www.amoremall.com/kr/ko/product/detail?onlineProdSn=63603,117000.0,선케어,선크림
자음생크림 리치 50ml,설화수,https://www.amoremall.com/kr/ko/product/detail?onlineProdSn=62170,270000.0,스킨케어,크림
자음생크림 50ml,설화수,https://www.amoremall.com/kr/ko/product/detail?onlineProdSn=62167,270000.0,스킨케어,크림
퍼펙팅 쿠션 SPF50+/PA+++,설화수,https://www.amoremall.com/kr/ko/product/detail?onlineProdSn=59930,59000.0,선케어,선크림
진설크림 60ml,설화수,https://www.amoremall.com/kr/ko/product/detail?onlineProdSn=59219,470000.0,스킨케어,크림
자음생앰플 브라이트닝 20g,설화수,https://www.amoremall.com/kr/ko/product/detail?onlineProdSn=52628,140000.0,스킨케어,앰플
진설크림 리치 60ml,설화수,https://www.amoremall.com/kr/ko/product/detail?onlineProdSn=64215,520000.0,스킨케어,크림
자음생세럼 브라이트닝 30ml,설화수,https://www.amoremall.com/kr/ko/product/detail?onlineProdSn=52631,145000.0,스킨케어,세럼
퍼펙팅 틴티드 크림 35ml,설화수,https://www.amoremall.com/kr/ko/product/detail?onlineProdSn=67733,80000.0,스킨케어,크림
퍼펙팅 베일 프라이머 35ml,설화수,https://www.amoremall.com/kr/ko/product/detail?onlineProdSn=67732,75000.0,기타,미분류
자음생크림 리치 30ml + 월리 우프 무드등,설화수,https://www.amoremall.com/kr/ko/product/detail?onlineProdSn=67571,151200.0,스킨케어,크림
윤조에센스 90ml 세트 + 월리 우프 무드등,설화수,https://www.amoremall.com/kr/ko/product/detail?onlineProdSn=67570,126000.0,스킨케어,에센스
자음생크림 리치 50ml 단품기획세트,설화수,https://www.amoremall.com/kr/ko/product/detail?onlineProdSn=67359,270000.0,스킨케어,크림
윤조에센스 6세대 90ml 단품기획세트,설화수,https://www.amoremall.com/kr/ko/product/detail?onlineProdSn=67358,140000.0,스킨케어,에센스
퍼펙팅 트윈 케이크 11g,설화수,https://www.amoremall.com/kr/ko/product/detail?onlineProdSn=66995,55000.0,건기식,기능성식품
윤조에센스 6세대 기프트박스 30ml,설화수,https://www.amoremall.com/kr/ko/product/detail?onlineProdSn=64958,55000.0,스킨케어,에센스
진설크림 리치 60ml,설화수,https://www.amoremall.com/kr/ko/product/detail?onlineProdSn=64216,470000.0,스킨케어,크림
진설세럼 30ml,설화수,https://www.amoremall.com/kr/ko/product/detail?onlineProdSn=59223,300000.0,스킨케어,세럼
진설크림 30ml,설화수,https://www.amoremall.com/kr/ko/product/detail?onlineProdSn=59218,290000.0,스킨케어,크림
퍼펙팅 파운데이션 SPF17/PA+ 35ml,설화수,https://www.amoremall.com/kr/ko/product/detail?onlineProdSn=35097,70000.0,선케어,선크림
