persona_id,product_index,similarity,brand,product_name,category,subcategory
persona_1,0,0.6634821891784668,메이크온,메이크온 시너지 마스크,스킨케어,마스크팩
persona_1,1,0.6549463272094727,메이크온,가볍게 마시는 히알루론산,건기식,기능성식품
persona_1,2,0.6579741835594177,메이크온,스킨 라이트 테라피 III,디바이스,스킨기기
persona_1,3,0.6701971292495728,메이크온,스킨 라이트 테라피 3S,디바이스,스킨기기
persona_1,4,0.6642011404037476,메이크온,젬 소노 테라피 릴리프,디바이스,스킨기기
persona_1,5,0.6523102521896362,메이크온,히알루로닉 스파 캡슐 24개입,건기식,기능성식품
persona_1,6,0.6520634293556213,메이크온,마그네타이트 바디롤러,바디,바디케어
persona_1,7,0.6669431924819946,메이크온,,기타,미분류
persona_1,8,0.6599615812301636,메이크온,페이셜 부스팅 스파,기타,미분류
persona_1,9,0.6555389165878296,에뛰드,수분가득 콜라겐 시트 마스크 25ml,스킨케어,마스크팩
persona_1,10,0.6575720310211182,에뛰드,드로잉 아이 브로우 0.25g,메이크업,아이브로우
persona_1,11,0.6633738279342651,에뛰드,진저슈가 립케어 2종 기획세트,메이크업,립제품
persona_1,12,0.665320098400116,에뛰드,왓츠 인 마이 아이즈,메이크업,아이섀도우
persona_1,13,0.6570000648498535,에뛰드,디어 달링 워터젤 틴트,메이크업,립틴트
persona_1,14,0.6583809852600098,에뛰드,왓츠 인 마이 아이즈 카페 더블,메이크업,아이섀도우
persona_1,15,0.6373952627182007,에뛰드,수분가득 콜라겐 딥시트 마스크 37ml,스킨케어,마스크팩
persona_1,16,0.66356360912323,에뛰드,순정 디렉터 수분 선크림 기획세트 SPF50+/PA++++,선케어,선크림
persona_1,17,0.6401631832122803,에뛰드,닥터 마스카라 픽서 포 래쉬  6g,메이크업,마스카라
persona_1,18,0.6350380778312683,에뛰드,프루프 10 젤 방수 펜슬 0.3 g,메이크업,아이라이너
persona_1,19,0.6604949831962585,에뛰드,순정 디렉터 선크림,선케어,선크림
persona_1,20,0.6286656856536865,에뛰드,뽀오얀 미소 발효 립&아이 리무버 250ml,클렌징,리무버
persona_1,21,0.6459203958511353,에뛰드,님프 광채볼류머 투명한 물광 24g,건기식,기능성식품
persona_1,22,0.6576889157295227,에뛰드,청순거짓 브라우카라 대용량 기획세트,기타,미분류
persona_1,23,0.6621496081352234,에뛰드,컬 픽스 마스카라,메이크업,마스카라
persona_1,24,0.6431768536567688,에뛰드,블링블링 아이스틱 1.4g,건기식,기능성식품
persona_1,25,0.6488829255104065,에뛰드,라인 픽스 브러쉬 라이너 0.5g,메이크업,아이라이너
persona_1,26,0.6475532054901123,에뛰드,팡팡 헤어 섀도우 3.5g,메이크업,아이섀도우
persona_1,27,0.634164571762085,에뛰드,픽싱틴트 4g,메이크업,립틴트
persona_1,28,0.6297173500061035,에뛰드,진저슈가 립밤스틱 3.7g,건기식,기능성식품
persona_1,29,0.6292853355407715,에뛰드,진저슈가 에센셜 립밤 15ml,스킨케어,크림
persona_1,30,0.6545140743255615,에뛰드,그림자쉐딩 재창조 & 재창조 쉐딩스틱 기획세트,기타,미분류
persona_1,31,0.6291145086288452,에뛰드,슈팅빔 하이라이터 3g,건기식,기능성식품
persona_1,32,0.6643720865249634,에뛰드,순정 디렉터 톤업 수정 선크림 기획 세트 SPF50+/PA++++,선케어,선크림
persona_1,33,0.6493111252784729,에뛰드,베어 엣지 슬림 브로우 0.1g,메이크업,아이브로우
persona_1,34,0.6300938129425049,에뛰드,플레이 101 스틱 컨투어 듀오,기타,미분류
persona_1,35,0.6559518575668335,에뛰드,컬픽스 마스카라 올인원 3종 세트,메이크업,마스카라
persona_1,36,0.6540443897247314,에뛰드,"6,400원",기타,미분류
persona_1,37,0.6153603196144104,에뛰드,아이돌 리얼 래쉬 픽서 8ml,메이크업,마스카라
persona_1,38,0.6587086319923401,에뛰드,베이킹 파우더 모공 클렌징 폼 듀오세트,기타,미분류
persona_1,39,0.6369776129722595,에뛰드,포근 픽싱틴트 4g,메이크업,립틴트
persona_1,40,0.6363963484764099,에뛰드,순정 약산성 클렌징 밀크 200ml,기타,미분류
persona_1,41,0.6592090129852295,에뛰드,리얼아트 클렌징 오일 모이스처 2종 세트,기타,미분류
persona_1,42,0.6552858948707581,에뛰드,디어달링 마커틴트,메이크업,립틴트
persona_1,43,0.6483243107795715,에뛰드,님프 듀이 베이스프렙 30ml,기타,미분류
persona_1,44,0.6558926105499268,에뛰드,뽀용 아이 메이커,기타,미분류
persona_1,45,0.6364288330078125,에뛰드,재창조 메이커 1g,건기식,기능성식품
persona_1,46,0.6393038630485535,에뛰드,오 마이 래쉬 쌩얼 카라 7ml,기타,미분류
persona_1,47,0.6365739703178406,에뛰드,파워 래쉬 속눈썹 영양제 6g,건기식,기능성식품
persona_1,48,0.6539047360420227,에뛰드,재창조 메이커 오버립,기타,미분류
persona_1,49,0.6424548029899597,에뛰드,순정 약산성 5.5 폼 클렌저 150ml,기타,미분류
persona_1,50,0.6282914876937866,에뛰드,진저슈가 오버나이트 립마스크 23g,스킨케어,마스크팩
persona_1,51,0.6377699971199036,에뛰드,수분가득 콜라겐 아이크림 28ml,스킨케어,크림
persona_1,52,0.6446245908737183,에뛰드,컬러 래스팅 글로우 스틱 3.2g,건기식,기능성식품
persona_1,53,0.6273224949836731,에뛰드,빅 커버 스킨 핏 컨실러 7g,건기식,기능성식품
persona_1,54,0.6390857696533203,에뛰드,닥터 마스카라 픽서 6g,메이크업,마스카라
persona_1,55,0.6489229202270508,에뛰드,뽀오얀 미소 발효 클렌징오일 150ml,기타,미분류
persona_1,56,0.6401606798171997,에뛰드,베이킹 파우더 B.B 딥 클렌징폼 160g,건기식,기능성식품
persona_1,57,0.66356360912323,에뛰드,순정 디렉터 무기자차 선크림 기획세트 SPF50+/PA++++,선케어,선크림
persona_1,58,0.6425896286964417,에뛰드,피지쏙 파우더 5g,건기식,기능성식품
persona_1,59,0.6221828460693359,에뛰드,오마이래쉬 마스카라 1호 탑코트 12g,메이크업,마스카라
persona_1,60,0.6508515477180481,에뛰드,플레이 멀티 아이즈,메이크업,아이섀도우
persona_1,61,0.6113256216049194,에뛰드,피지쏙 젤리 파우더 8g,건기식,기능성식품
persona_1,62,0.6578226685523987,에뛰드,원더포어 프레쉬너 2종 세트,기타,미분류
persona_1,63,0.6422690749168396,에뛰드,더블 래스팅 비건 커버 파운데이션 SPF32/PA++ 30 g,선케어,선크림
persona_1,64,0.6511430740356445,에뛰드,순정 판텐소사이드10 시카밤 50ml,스킨케어,크림
persona_1,65,0.6115726232528687,에뛰드,래쉬 업 콤브 마스카라 8g,메이크업,마스카라
persona_1,66,0.6234797239303589,에뛰드,글로우 픽싱 틴트 3.8g,메이크업,립틴트
persona_1,67,0.6568267345428467,에뛰드,러블리쿠키 블러셔,기타,미분류
persona_1,68,0.625482439994812,에뛰드,마스카라 전용 리무버 80ml,메이크업,마스카라
persona_1,69,0.6276291608810425,에뛰드,립 앤 아이 리무버 250ml,클렌징,리무버
persona_1,70,0.6539047360420227,에뛰드,오버 글로이 틴트,메이크업,립틴트
persona_1,71,0.6448546648025513,에뛰드,뽀오얀 미소 발효 클렌징폼 150ml,기타,미분류
persona_1,72,0.631117045879364,에뛰드,하트 팝 블러셔 4g,건기식,기능성식품
persona_1,73,0.6221585273742676,에뛰드,순정 2x 베리어 보습 크림 60ml,스킨케어,크림
persona_1,74,0.6439340114593506,에뛰드,순정 약산성 6.5 휩 클렌저 150ml,기타,미분류
persona_1,75,0.6310902833938599,에뛰드,순정 약산성 5.5 진정 토너 350ml,기타,미분류
persona_1,76,0.6560038924217224,에뛰드,애교살 메이커,기타,미분류
persona_1,77,0.6572153568267822,에뛰드,페이스 브라이트너,기타,미분류
persona_1,78,0.6408897638320923,에뛰드,디어달링 오일틴트 4.2g,메이크업,립틴트
persona_1,79,0.6661644577980042,에뛰드,그림자 쉐딩 브러쉬,기타,미분류
persona_1,80,0.6336856484413147,에뛰드,진저슈가 멜팅 밤 2.3g,스킨케어,크림
persona_1,81,0.6398721933364868,에뛰드,럭키 립햄치크 1.5g,건기식,기능성식품
persona_1,82,0.6560038924217224,에뛰드,홀리데이 에디션,기타,미분류
persona_1,83,0.6348397731781006,에뛰드,순정 10무 수분 에멀전 130ml,기타,미분류
persona_1,84,0.6487616300582886,에뛰드,순정 수분 베리어 크림 75ml,스킨케어,크림
persona_1,85,0.6571005582809448,에뛰드,그림자 쉐딩 브러쉬 1개입,기타,미분류
persona_1,86,0.6483083963394165,에뛰드,2X 쌩얼 라이너 0.5g,메이크업,아이라이너
persona_1,87,0.6223724484443665,에뛰드,AC 클린업 핑크스팟 15ml,기타,미분류
persona_1,88,0.6276217699050903,에뛰드,마이 래쉬 세럼 18g,스킨케어,세럼
persona_1,89,0.6505486965179443,에뛰드,소프트 픽스 메이크업 픽서 50ml,메이크업,마스카라
persona_1,90,0.6625045537948608,에뛰드,그림자 쉐딩 브러쉬,기타,미분류
persona_1,91,0.6369529962539673,에뛰드,피지쏙 팩트 9.5g,스킨케어,마스크팩
persona_1,92,0.6161015033721924,에뛰드,시크릿 빔 파우더 팩트 15g,스킨케어,마스크팩
persona_1,93,0.6599377393722534,에뛰드,립 앤 아이 리무버 100ml,클렌징,리무버
persona_1,94,0.6382734179496765,에뛰드,리얼아트 클렌징 오일 모이스처 185ml,기타,미분류
persona_1,95,0.6546474695205688,에뛰드,클라우드 필터 쿠션 기획세트 SPF42/PA+++,선케어,선크림
persona_1,96,0.645133376121521,에뛰드,님프 광채 볼류머 + 컨실러 2종 기획세트,기타,미분류
persona_1,97,0.6629186272621155,에뛰드,재창조 메이커 애교살 라이너,메이크업,아이라이너
persona_1,98,0.6287125945091248,에뛰드,베이킹 파우더 사각사각 모공 스크럽 200g,건기식,기능성식품
persona_1,99,0.658025860786438,에뛰드,반짝눈물 라이너,메이크업,아이라이너
persona_1,100,0.6581765413284302,에뛰드,수분가득 콜라겐 크림 75ml,스킨케어,크림
persona_1,101,0.636684000492096,에뛰드,수분가득 콜라겐 에멀전 180ml,기타,미분류
persona_1,102,0.6564323902130127,에뛰드,수분가득 콜라겐 2종 세트,기타,미분류
persona_1,103,0.6546474695205688,에뛰드,클라우드 필터 쿠션 기획세트 SPF42/PA+++,선케어,선크림
persona_1,104,0.6212874054908752,에뛰드,클라우드 필터 쿠션 SPF42/PA+++ 15g,선케어,선크림
persona_1,105,0.6660754084587097,에뛰드,그림자 쉐딩,기타,미분류
persona_1,106,0.6547433137893677,에뛰드,오버 글로이 틴트 기획세트,메이크업,립틴트
persona_1,107,0.6245530247688293,에뛰드,슈가컬러링 젤리밤 9g,스킨케어,크림
persona_1,108,0.6200627684593201,에뛰드,오버 글로이 글로스 2.8g,건기식,기능성식품
persona_1,109,0.6357188820838928,에뛰드,프루티 립앤치크 블러밤 2.3g,스킨케어,크림
persona_1,110,0.658074140548706,에뛰드,마이 베스트 톤 아이즈 2구,메이크업,아이섀도우
persona_1,111,0.6461978554725647,에뛰드,수분가득 콜라겐 클렌징 폼 150g,건기식,기능성식품
persona_1,112,0.6587936878204346,에뛰드,룩 앳 마이 아이즈,메이크업,아이섀도우
persona_1,113,0.6580328941345215,에뛰드,뉴이어 컬렉션,기타,미분류
persona_1,114,0.6621496081352234,에뛰드,컬러래스팅 글로우 스틱,기타,미분류
persona_1,115,0.6515814661979675,에뛰드,더블래스팅 커버 컨실러 팔레트,기타,미분류
persona_1,116,0.6561775207519531,에뛰드,디어달링 필오프 립스테인,기타,미분류
persona_1,117,0.6523813009262085,에뛰드,컬픽스 스키니 마스카라 1+1 기획세트,메이크업,마스카라
persona_1,118,0.6390852928161621,에뛰드,팡팡 헤어카라 픽서 10ml,메이크업,마스카라
persona_1,119,0.5988795757293701,에뛰드,진저슈가 립세럼 13g,스킨케어,세럼
persona_1,120,0.6541218161582947,에뛰드,님프 광채 볼류머 듀오 기획세트,기타,미분류
persona_1,121,0.6448546648025513,에뛰드,AC 클린업 클렌징 폼 150ml,기타,미분류
persona_1,122,0.6654987335205078,에뛰드,피지쏙 젤리 파우더 퍼프 2P,기타,미분류
persona_1,123,0.6560588479042053,에뛰드,카페인더 딥 에디션,기타,미분류
persona_1,124,0.6408470869064331,에뛰드,올데이 맑은 BB 크림 SPF36/PA+++ 35ml,선케어,선크림
persona_1,125,0.63349449634552,에뛰드,순정 약산성 클렌징 밀크 200ml,기타,미분류
persona_1,126,0.6529845595359802,에뛰드,플레이 멀티 아이즈 마루 너만을 오로지 사랑해,메이크업,아이섀도우
persona_1,127,0.6360058188438416,에뛰드,벌룬 인 치크 6g,건기식,기능성식품
persona_1,128,0.6471144556999207,에뛰드,컬픽스 마스카라 1호 블랙  & 마스카라 픽서 퍼펙트래쉬,메이크업,마스카라
persona_1,129,0.6539047360420227,에뛰드,사르르 당충전 컬렉션,기타,미분류
persona_1,130,0.6196023225784302,에뛰드,클라우드 필터 쿠션 SPF42/PA+++ 15g,선케어,선크림
persona_1,131,0.6552858948707581,에뛰드,밀키베리 에디션,기타,미분류
persona_1,132,0.6539047360420227,에뛰드,오버 글로이 틴트,메이크업,립틴트
persona_1,133,0.653755247592926,에뛰드,오버글로이 틴트,메이크업,립틴트
persona_1,134,0.6494995355606079,에뛰드,하트팝 블러셔,기타,미분류
persona_1,135,0.6494995355606079,에뛰드,낫배드 컬렉션,기타,미분류
persona_1,136,0.6627371907234192,에뛰드,하트팝 듀오 블러셔,기타,미분류
persona_1,137,0.6609157919883728,에뛰드,님프 광채 볼류머 투명한 물광,기타,미분류
persona_1,138,0.6570000648498535,에뛰드,마이 베스트 톤 아이즈,메이크업,아이섀도우
persona_1,139,0.6494995355606079,에뛰드,하트팝 블러셔,기타,미분류
persona_1,140,0.6423578262329102,에뛰드,순정판텐소사이드10시카밤 50ml *2,스킨케어,크림
persona_1,141,0.6578033566474915,에뛰드,순정 판텐소사이드 마스크 25ml,스킨케어,마스크팩
persona_1,142,0.6338693499565125,에뛰드,0.2 테라피 에어 마스크 20ml,스킨케어,마스크팩
persona_1,143,0.6257855296134949,에뛰드,뽀오얀 미소 발효 립&아이 리무버 250ml,클렌징,리무버
persona_1,144,0.6440274715423584,에뛰드,뽀오얀 클렌징 오일 + 뽀오얀 클렌징 폼,기타,미분류
persona_1,145,0.6030440330505371,에뛰드,오마이래쉬 마스카라 1호 탑코트 12g *2,메이크업,마스카라
persona_1,146,0.6203348636627197,에뛰드,마스카라 전용 리무버 80ml *2,메이크업,마스카라
persona_1,147,0.6269304156303406,에뛰드,파워 래쉬 속눈썹 영양제 6g*2,건기식,기능성식품
persona_1,148,0.6446765661239624,에뛰드,제로피지 드라잉 파우더 4g,건기식,기능성식품
persona_1,149,0.6292077898979187,에뛰드,수분가득 콜라겐 토너 200ml,기타,미분류
persona_1,150,0.6246328949928284,에스트라,아토베리어365 크림 80ml,스킨케어,크림
persona_1,151,0.6331692337989807,에스트라,아토베리어365 크림 80ml or 로션150ml,스킨케어,크림
persona_1,152,0.6280669569969177,에스트라,아토베리어365크림미스트 120ml,스킨케어,크림
persona_1,153,0.6413209438323975,에스트라,아토베리어365 세라-히알 속수분 앰플 30ml,스킨케어,앰플
persona_1,154,0.6249626874923706,에스트라,아토베리어365 바디로션 400ml,바디,바디케어
persona_1,155,0.6381325721740723,에스트라,아토베리어365 하이드로 에센스 200ml,스킨케어,에센스
persona_1,156,0.6514565348625183,에스트라,아토베리어365 버블클렌저 150ml,기타,미분류
persona_1,157,0.6459450721740723,에스트라,아토베리어365 로션 150ml,기타,미분류
persona_1,158,0.6511438488960266,에스트라,더마UV365 무기자차 선크림 or 톤업 선크림 or 비타C광채 수분 선크림 SPF 50+/ PA++++ 40ml,선케어,선크림
persona_1,159,0.6445479393005371,에스트라,리제덤365 모공탄력 캡슐세럼 30ml,스킨케어,세럼
persona_1,160,0.625542938709259,에스트라,테라크네365 클리어 딥 클렌징 폼 200g,건기식,기능성식품
persona_1,161,0.6302831768989563,에스트라,아토베리어365 바디크림 250ml,스킨케어,크림
persona_1,162,0.6406202912330627,에스트라,아토베리어 365 하이드로 수딩크림 60ml,스킨케어,크림
persona_1,163,0.6297634243965149,에스트라,에이시카365 흔적진정세럼pH4.5 40ml,스킨케어,세럼
persona_1,164,0.6359146237373352,에스트라,에이시카 365 수분토너pH4.5 200ml,기타,미분류
persona_1,165,0.6344191431999207,에스트라,NEW 테라크네365 나이아신아마이드5% 흔적 바디 미스트 200ml,바디,바디케어
persona_1,166,0.6421387195587158,에스트라,테라크네365 수딩 액티브 모이스처라이저 60ml,기타,미분류
persona_1,167,0.6458278298377991,에스트라,에이시카365 리페어 크림pH4.5 60ml,스킨케어,크림
persona_1,168,0.6409165859222412,에스트라,테라크네365 액티브 세럼 30ml,스킨케어,세럼
persona_1,169,0.6284955143928528,에스트라,에이시카365 쿨링팩패드pH4.5 110ml,스킨케어,마스크팩
persona_1,170,0.6370880007743835,에스트라,테라크네365 하이드로 액티브 토너 200ml,기타,미분류
persona_1,171,0.6282256841659546,에스트라,NEW 리제덤365 레티노이드 아이세럼 15ml,스킨케어,세럼
persona_1,172,0.6473283767700195,에스트라,리제덤365 밀도탄력 캡슐크림 50ml,스킨케어,크림
persona_1,173,0.6252315640449524,에스트라,NEW 더마UV365 비타C 광채수분 선크림 SPF50+ PA++++ 40ml,선케어,선크림
persona_1,174,0.64339679479599,에스트라,더마UV365 레드진정 톤업 선크림 SPF 50+/ PA++++ 40ML,선케어,선크림
persona_1,175,0.6344830989837646,에스트라,아토베리어365 크림 150ml*2개 대용량 홀리데이 에디션,스킨케어,크림
persona_1,176,0.6373728513717651,에스트라,아토베리어365 크림 150ml 홀리데이 에디션,스킨케어,크림
persona_1,177,0.6353983283042908,에스트라,리제덤365 모공탄력 캡슐세럼 30ml*2개 + 월리 우프 무드등,스킨케어,세럼
persona_1,178,0.6130642890930176,에스트라,아토베리어365 크림 80ml*3개 + 월리 우프 무드등,스킨케어,크림
persona_1,179,0.6250777244567871,에스트라,에이시카365 흔적진정세럼pH4.5 40ml 더블 세트,스킨케어,세럼
persona_1,180,0.6375346779823303,에스트라,아토베리어365 로션 150ml 더블 세트,기타,미분류
persona_1,181,0.6413173079490662,에스트라,아토베리어365 크림 80ml+세라-히알 속수분 앰플 30ml 더블 세트,스킨케어,앰플
persona_1,182,0.6169777512550354,에스트라,아토베리어365 크림 80ml 더블 세트,스킨케어,크림
persona_1,183,0.6354309916496277,에스트라,테라크네365 액티브 세럼 30ml*2,스킨케어,세럼
persona_1,184,0.635402500629425,에스트라,테라크네 365 바디미스트 200ml,바디,바디케어
persona_1,185,0.6323933005332947,에스트라,에이시카365 쿨링팩 패드pH4.5 110ml,스킨케어,마스크팩
persona_1,186,0.6536153554916382,에스트라,NEW 더마UV365 비타C 광채수분 선크림 40mlX2개 SPF50+ PA++++,선케어,선크림
persona_1,187,0.6340015530586243,에스트라,에이시카365 수분토너pH4.5 200ml*2,기타,미분류
persona_1,188,0.6403670310974121,에스트라,에이시카365 리페어 크림pH4.5 60ml*2,스킨케어,크림
persona_1,189,0.657094419002533,에스트라,에이시카 365 수분토너pH4.5+에이시카 365 흔적진정세럼pH4.5,스킨케어,세럼
persona_1,190,0.6423150897026062,에스트라,리제덤365 밀도탄력 캡슐크림 50ml*2개,스킨케어,크림
persona_1,191,0.6245882511138916,에스트라,리제덤365 레티노이드 아이세럼 15ml*2개,스킨케어,세럼
persona_1,192,0.6400389671325684,에스트라,아토베리어365 세라-히알 속수분 앰플 30ml*2개,스킨케어,앰플
persona_1,193,0.64356929063797,에스트라,아토베리어365 크림 80ml+리제덤365 모공탄력 캡슐세럼 30ml,스킨케어,세럼
persona_1,194,0.6596410870552063,에스트라,아토베리어365 바디크림 250mlX2개,스킨케어,크림
persona_1,195,0.6442500352859497,에스트라,리제덤365 모공탄력 캡슐세럼 30ml + 캡슐크림 50ml,스킨케어,세럼
persona_1,196,0.6587549448013306,에스트라,아토베리어365 크림미스트 120mlX2개,스킨케어,크림
persona_1,197,0.6529366374015808,에스트라,더마UV365 장벽수분 무기자차 선크림 40mlX2개 SPF50+ PA++++,선케어,선크림
persona_1,198,0.6613600254058838,에스트라,테라크네365 클리어 딥 클렌징 폼 200gX2개,건기식,기능성식품
persona_1,199,0.6366919875144958,에스트라,아토베리어365 하이드로 에센스 200ml,스킨케어,에센스
persona_1,200,0.6529366374015808,에스트라,더마UV365 레드진정 톤업 선크림 40mlX2개 SPF50+ PA++++,선케어,선크림
persona_1,201,0.6593173742294312,에스트라,아토베리어365 버블클렌저 150mlX2개,기타,미분류
persona_1,202,0.656406044960022,에스트라,아토베리어365바디로션 400mlX2개,바디,바디케어
persona_1,203,0.6569342017173767,에스트라,아토베리어365 하이드로 수딩크림 60mlX2개,스킨케어,크림
persona_1,204,0.6085816621780396,,수면양말 1EA,기타,미분류
persona_1,205,0.5846410393714905,,인형 파우치,기타,미분류
persona_1,206,0.6054883599281311,,APBADAs스티커 1EA,기타,미분류
persona_1,207,0.6038284301757812,,APBADAs X KBP 스트링 파우치,기타,미분류
persona_1,208,0.61420077085495,,APBADAs 아모레까뮈 지비츠,기타,미분류
persona_1,209,0.602885365486145,,APBADAs 돌풍이 마우스패드 1EA,기타,미분류
persona_1,210,0.5913442373275757,,APBADAs 아모레까뮈 인형파우치 1EA,기타,미분류
persona_1,211,0.6016650199890137,,APBADAs 돌풍이 캐릭터인형 L,기타,미분류
persona_1,212,0.6025840640068054,,앞바다즈 인형키링 8종,기타,미분류
persona_1,213,0.5988767147064209,,돌풍이/돌풍E 캐릭터 인형,기타,미분류
persona_1,214,0.5951794385910034,,무릎담요,기타,미분류
persona_1,215,0.6055920124053955,,APBADAs X KBP 랩탑 파우치 1EA,기타,미분류
persona_1,216,0.5817711353302002,,무릎담요,기타,미분류
persona_1,217,0.6016650199890137,,APBADAs 돌풍E 캐릭터인형 L,기타,미분류
persona_1,218,0.6104327440261841,,APBADAs 인형 키링 아모레까뮈 1EA,기타,미분류
persona_1,219,0.5935724973678589,,APBADAs 아모레까뮈 캐릭터인형 1EA,기타,미분류
persona_1,220,0.599534273147583,,캐릭터 지비츠,기타,미분류
persona_1,221,0.600393533706665,,스노우 메이커,기타,미분류
persona_1,222,0.5880024433135986,,APBADAs 인형 6종,기타,미분류
persona_1,223,0.586136519908905,,APBADAs캐릭터실리콘참 8EA,기타,미분류
persona_1,224,0.576677143573761,,APBADAs스마트톡 1EA,기타,미분류
persona_1,225,0.6366711258888245,라보에이치,모발강화클리닉 샴푸 430ml,기타,미분류
persona_1,226,0.6364978551864624,라보에이치,모발강화클리닉 트리트먼트 200ml,기타,미분류
persona_1,227,0.6278827786445618,라보에이치,두피강화 클리닉 샴푸 탈모증상완화 400ml,기타,미분류
persona_1,228,0.6581456065177917,라보에이치,모발강화클리닉 에센스 75ml,스킨케어,에센스
persona_1,229,0.6278827786445618,라보에이치,두피강화클리닉 샴푸 탈모증상완화 리필팩 400ml,스킨케어,마스크팩
persona_1,230,0.6258971095085144,라보에이치,두피강화 클리닉 캡슐 트리트먼트 탈모증상완화 220ml,기타,미분류
persona_1,231,0.6635269522666931,라보에이치,프리미엄 샴푸 브러쉬 1입,기타,미분류
persona_1,232,0.6525696516036987,라보에이치,두피강화 클리닉 앰플 토닉 탈모증상완화 100ml,스킨케어,앰플
persona_1,233,0.6285498738288879,라보에이치,두피강화 클리닉 헤어라인 앰플 탈모증상완화 15ml,스킨케어,앰플
persona_1,234,0.6300484538078308,라보에이치,탈모증상완화 샴푸 두피강화 블랑쉬앤우디/페어앤프리지아 400ml,기타,미분류
persona_1,235,0.629249095916748,라보에이치,댄드러프클리닉 샴푸 탈모증상완화 400ml,기타,미분류
persona_1,236,0.6223553419113159,라보에이치,두피강화클리닉 쿨링&노세범 샴푸 400ml,기타,미분류
persona_1,237,0.6227442026138306,라보에이치,두피강화클리닉 쿨링&노세범 샴푸 리필팩 400ml,스킨케어,마스크팩
persona_1,238,0.6278780698776245,라보에이치,탈모증상완화 샴푸 민감더마 400ml,기타,미분류
persona_1,239,0.6286258697509766,라보에이치,댄드러프클리닉 워터스케일러 탈모증상완화 250ml,기타,미분류
persona_1,240,0.6278827786445618,라보에이치,두피강화클리닉 샴푸 탈모증상완화 종이리필 400ml,기타,미분류
persona_1,241,0.6406359672546387,라보에이치,댄드러프클리닉 샴푸 탈모증상완화 리필팩 400ml,스킨케어,마스크팩
persona_1,242,0.6087000966072083,라보에이치,두피강화클리닉 스케일러 탈모증상완화 208g,건기식,기능성식품
persona_1,243,0.6694360375404358,라보에이치,두피강화클리닉 샴푸 탈모증상완화 리필팩,스킨케어,마스크팩
persona_1,244,0.6697209477424622,라보에이치,두피강화 클리닉 샴푸 탈모증상완화,기타,미분류
persona_1,245,0.6646564602851868,라보에이치,댄드러프클리닉 샴푸 탈모증상완화,기타,미분류
persona_1,246,0.657673716545105,라보에이치,두피강화클리닉 쿨링&노세범 샴푸,기타,미분류
persona_1,247,0.6699903011322021,라보에이치,탈모증상완화 샴푸 두피강화 블랑쉬앤우디,기타,미분류
persona_1,248,0.6703419089317322,라보에이치,두피강화 클리닉 앰플 토닉 탈모증상완화,스킨케어,앰플
persona_1,249,0.6703636646270752,라보에이치,두피강화 클리닉 헤어라인 앰플 탈모증상완화,스킨케어,앰플
persona_1,250,0.6688060760498047,라보에이치,두피강화 클리닉 캡슐 탈모증상완화 트리트먼트,건기식,기능성식품
persona_1,251,0.6699903011322021,라보에이치,탈모증상완화 샴푸 두피강화 페어앤프리지아,기타,미분류
persona_1,252,0.6700053215026855,라보에이치,두피강화 클리닉 샴푸 탈모증상완화,기타,미분류
persona_1,253,0.6586011052131653,롱테이크,솔리드 퍼퓸 디스커버리 3종 키트,기타,미분류
persona_1,254,0.6301217675209045,롱테이크,NEW 헤어 오일  40ml,기타,미분류
persona_1,255,0.6496131420135498,롱테이크,샴푸  300ml,기타,미분류
persona_1,256,0.6671535968780518,롱테이크,샌달우드 인텐시브 3종 트라이얼 키트,기타,미분류
persona_1,257,0.6507918834686279,롱테이크,핸드크림  50ml,스킨케어,크림
persona_1,258,0.6397295594215393,롱테이크,바디로션  200ml,바디,바디케어
persona_1,259,0.6496131420135498,롱테이크,바디워시  300ml,바디,바디케어
persona_1,260,0.6453661918640137,롱테이크,NEW 솔리드 퍼퓸  30ml,기타,미분류
persona_1,261,0.6390330791473389,롱테이크,NEW 트리트먼트  200ml,기타,미분류
persona_1,262,0.6302295923233032,롱테이크,코어본딩 헤어마스크  200ml,스킨케어,마스크팩
persona_1,263,0.6681394577026367,롱테이크,샌달우드 오드퍼퓸 SET,기타,미분류
persona_1,264,0.6551629304885864,롱테이크,샌달우드 샴푸&헤어오일 SET,기타,미분류
persona_1,265,0.6685664653778076,롱테이크,블랙티앤피그 소프트닝 헤어 오일,기타,미분류
persona_1,266,0.6685664653778076,롱테이크,샌달우드 인텐시브 헤어 오일,기타,미분류
persona_1,267,0.6698948740959167,롱테이크,블랙티앤피그 소프트닝 바디워시+바디로션,바디,바디케어
persona_1,268,0.6698948740959167,롱테이크,샌달우드 인텐시브 바디워시+바디로션,바디,바디케어
persona_1,269,0.6698948740959167,롱테이크,블랙티앤피그 소프트닝 샴푸+트리트먼트,기타,미분류
persona_1,270,0.6698948740959167,롱테이크,샌달우드 인텐시브 샴푸+트리트먼트,기타,미분류
persona_1,271,0.6362544894218445,롱테이크,오드 퍼퓸  20ml,기타,미분류
persona_1,272,0.662317156791687,에스쁘아,비벨벳 커버쿠션 기획세트 SPF42/PA++,선케어,선크림
persona_1,273,0.6279845237731934,에스쁘아,노웨어 립스틱 바밍글로우 3g,메이크업,립스틱
persona_1,274,0.6575756072998047,에스쁘아,더 브로우 밸런스 펜슬 0.1g,메이크업,아이브로우
persona_1,275,0.634222149848938,에스쁘아,꾸뛰르 립 틴트 글레이즈 4g,메이크업,립틴트
persona_1,276,0.6733401417732239,에스쁘아,비글로우 볼륨쿠션 에어 퍼프 1ea,기타,미분류
persona_1,277,0.6593284010887146,에스쁘아,리얼 아이 애교살 스틱,기타,미분류
persona_1,278,0.639233410358429,에스쁘아,비글로우 파운데이션 SPF27/PA++ 30g,선케어,선크림
persona_1,279,0.6519859433174133,에스쁘아,아이 오프닝 펜슬 0.3g,메이크업,아이라이너
persona_1,280,0.604876697063446,에스쁘아,스트로빙 하이라이터 8g,건기식,기능성식품
persona_1,281,0.6341215968132019,에스쁘아,꾸뛰르 립 틴트 피팅 블러 4g,메이크업,립틴트
persona_1,282,0.6565386652946472,에스쁘아,노웨어 립스틱 볼륨 매트,메이크업,립스틱
persona_1,283,0.662317156791687,에스쁘아,프로테일러 비내추럴 쿠션 SPF50+/PA++++,선케어,선크림
persona_1,284,0.6403241157531738,에스쁘아,더브로우 컬러 픽싱 카라 3g,메이크업,아이브로우
persona_1,285,0.6537642478942871,에스쁘아,워터 스플래쉬 선크림 세라마이드 기획세트 SPF50+/PA++++,선케어,선크림
persona_1,286,0.662317156791687,에스쁘아,비글로우 볼륨 쿠션 SPF42/PA+++,선케어,선크림
persona_1,287,0.6279845237731934,에스쁘아,베어 글로우 립밤 3g,스킨케어,크림
persona_1,288,0.6578648090362549,에스쁘아,스키니 픽스 블렌더,기타,미분류
persona_1,289,0.6565386652946472,에스쁘아,노웨어 립스틱 바밍 글로우,메이크업,립스틱
persona_1,290,0.6511681079864502,에스쁘아,블러리 치크,기타,미분류
persona_1,291,0.6586172580718994,에스쁘아,비벨벳 파운데이션 SPF22/PA++,선케어,선크림
persona_1,292,0.6571641564369202,에스쁘아,더브로우 이지쉐이핑 펜슬,메이크업,아이브로우
persona_1,293,0.6659830808639526,에스쁘아,플럼피즈 오버립 펜슬,메이크업,아이라이너
persona_1,294,0.662317156791687,에스쁘아,비벨벳 커버 쿠션 SPF42/PA++,선케어,선크림
persona_1,295,0.6110455989837646,에스쁘아,비글로우 스틱 파운데이션 SPF50+/PA++++ 11g,선케어,선크림
persona_1,296,0.6315375566482544,에스쁘아,노머징 마스카라 워터프루프 XP 9g,메이크업,마스카라
persona_1,297,0.6558542847633362,에스쁘아,갤럭시 에디션,기타,미분류
persona_1,298,0.652783215045929,에스쁘아,워터스플래쉬 선크림  SPF50+/PA++++,선케어,선크림
persona_1,299,0.6585471630096436,에스쁘아,비글로우 볼륨 쿠션 글리밍 캘리 3종 기획세트 SPF42/PA+++,선케어,선크림
persona_1,300,0.6439346075057983,에스쁘아,노머징 브러쉬 라이너 1g,메이크업,아이라이너
persona_1,301,0.6511681079864502,에스쁘아,디즈니 에디션,기타,미분류
persona_1,302,0.6537642478942871,에스쁘아,워터 스플래쉬 프레쉬 시카 선크림 SPF50+/PA++++,선케어,선크림
persona_1,303,0.6611387729644775,에스쁘아,트루 글로우 파운데이션 브러쉬 1ea,기타,미분류
persona_1,304,0.6295174360275269,에스쁘아,비글로우 스틱 쉐딩 9g,건기식,기능성식품
persona_1,305,0.614296555519104,에스쁘아,비글로우 볼륨 쿠션 SPF42/PA+++ 13g,선케어,선크림
persona_1,306,0.6511681079864502,에스쁘아,플럼피즈 립글로스,기타,미분류
persona_1,307,0.6631760001182556,에스쁘아,파워컬링레드뷰러,기타,미분류
persona_1,308,0.6604949831962585,에스쁘아,톤페어링 컨투어 팔레트,기타,미분류
persona_1,309,0.6478883624076843,에스쁘아,워터 스플래쉬 선크림 톤업 래스팅 SPF50+/PA++++ 50ml,선케어,선크림
persona_1,310,0.614987850189209,에스쁘아,톤페어링 리퀴드 치크 8ml,기타,미분류
persona_1,311,0.6120599508285522,에스쁘아,비벨벳 커버 쿠션 13g,건기식,기능성식품
persona_1,312,0.6246123313903809,에스쁘아,이지 블렌딩 컨실러 10g,건기식,기능성식품
persona_1,313,0.6594837307929993,에스쁘아,비글로우 스틱 래디언스,기타,미분류
persona_1,314,0.6354824900627136,에스쁘아,톤페어링 치크 9.6g,건기식,기능성식품
persona_1,315,0.6578527688980103,에스쁘아,비벨벳 커버쿠션 기획세트 SPF42/PA++,선케어,선크림
persona_1,316,0.6660754084587097,에스쁘아,플럼피즈 에디션,기타,미분류
persona_1,317,0.6246581077575684,에스쁘아,듀라이크 젤로 글로우라이저 40ml,기타,미분류
persona_1,318,0.6502848267555237,에스쁘아,프레쉬 세팅 픽서 100ml,메이크업,마스카라
persona_1,319,0.6541270017623901,에스쁘아,워터 스플래쉬 선 세럼 SPF50+/PA+++ 50ml,선케어,선크림
persona_1,320,0.6666147112846375,에스쁘아,듀얼 스머징 립 브러쉬,기타,미분류
persona_1,321,0.6393659114837646,에스쁘아,톤페어링 하이라이터 9.6g,건기식,기능성식품
persona_1,322,0.6310519576072693,에스쁘아,프레쉬 세팅 파우더 9g,건기식,기능성식품
persona_1,323,0.6598325371742249,에스쁘아,비벨벳 피팅 스펀지 1ea,기타,미분류
persona_1,324,0.603448748588562,에스쁘아,프로테일러 비글로우 쉬어 파우더 8g,건기식,기능성식품
persona_1,325,0.6180779933929443,에스쁘아,비벨벳 세범컷 쿨링 쿠션 15.8g,건기식,기능성식품
persona_1,326,0.6160338521003723,에스쁘아,프로테일러 비내추럴 쿠션 SPF50+/PA++++ 14g,선케어,선크림
persona_1,327,0.6600967645645142,에스쁘아,듀라이크 젤로 톤업 쿠션 SPF50+/PA+++,선케어,선크림
persona_1,328,0.6407290101051331,에스쁘아,더브로우 컬러 픽싱 카라 쿨그레이 3g,메이크업,아이브로우
persona_1,329,0.6601038575172424,에스쁘아,리얼 아이 팔레트,기타,미분류
persona_1,330,0.6508515477180481,에스쁘아,플럼피즈 볼륨 밤,기타,미분류
persona_1,331,0.639949381351471,에스쁘아,꾸뛰르 립 틴트 글레이즈 5.5g,메이크업,립틴트
persona_1,332,0.6330743432044983,에스쁘아,꾸뛰르 립 틴트  4g,메이크업,립틴트
persona_1,333,0.6532936096191406,에스쁘아,워터스플래쉬 선크림 톤업 래스팅 SPF50+/PA++++,선케어,선크림
persona_1,334,0.6419757008552551,에스쁘아,워터 스플래쉬 선크림 세라마이드 SPF50+/PA++++ 60ml,선케어,선크림
persona_1,335,0.6666147112846375,에스쁘아,비글로우 볼륨쿠션 에어 퍼프,기타,미분류
persona_1,336,0.6625796556472778,에스쁘아,비글로우 볼륨 쿠션 23호 베이지 SPF42/PA+++,선케어,선크림
persona_1,337,0.6625796556472778,에스쁘아,비글로우 볼륨 쿠션 22호 페탈 SPF42/PA+++,선케어,선크림
persona_1,338,0.6625796556472778,에스쁘아,비글로우 볼륨 쿠션 21호 아이보리 SPF42/PA+++,선케어,선크림
persona_1,339,0.6625796556472778,에스쁘아,비글로우 볼륨 쿠션 20호 바닐라 SPF42/PA+++,선케어,선크림
persona_1,340,0.6625796556472778,에스쁘아,비글로우 볼륨 쿠션 13호 포슬린 SPF42/PA+++,선케어,선크림
persona_1,341,0.6583461165428162,에스쁘아,비글로우 볼륨쿠션 에어 퍼프,기타,미분류
persona_1,342,0.6621496081352234,에스쁘아,허쉬드 체리 에디션,기타,미분류
persona_1,343,0.6624119877815247,에스쁘아,수퍼 소프트 페이스 브러쉬 1EA,기타,미분류
persona_1,344,0.6496582627296448,아모레성수,01 아이브로우 브러쉬,메이크업,아이브로우
persona_1,345,0.6393418908119202,아모레성수,12 블러셔 브러쉬,기타,미분류
persona_1,346,0.6360693573951721,아모레성수,아모레 성수 토너 210ml,기타,미분류
persona_1,347,0.6190442442893982,아모레성수,15 립 브러쉬,기타,미분류
persona_1,348,0.6285092830657959,아모레성수,14 컨투어링 브러쉬,기타,미분류
persona_1,349,0.6289767622947693,아모레성수,11 하이라이트 브러쉬,기타,미분류
persona_1,350,0.6310529112815857,아모레성수,03 언더섀도우 브러쉬,메이크업,아이섀도우
persona_1,351,0.6327648758888245,아모레성수,10 파운데이션 브러쉬,기타,미분류
persona_1,352,0.637588381767273,아모레성수,09 컨실러 브러쉬,기타,미분류
persona_1,353,0.6374779939651489,아모레성수,07 아이섀도우 브러쉬,메이크업,아이섀도우
persona_1,354,0.6513425707817078,아모레성수,,기타,미분류
persona_1,355,0.6161125898361206,아모레성수,13 파우더 브러쉬,기타,미분류
persona_1,356,0.6246914863586426,아모레성수,08 아이섀도우 블렌딩 브러쉬,메이크업,아이섀도우
persona_1,357,0.6494573354721069,아모레성수,06 아이섀도우 브러쉬,메이크업,아이섀도우
persona_1,358,0.6417669057846069,아모레성수,05 아이섀도우 브러쉬,메이크업,아이섀도우
persona_1,359,0.6291528940200806,아모레성수,02 아이섀도우 홀 브러쉬,메이크업,아이섀도우
persona_1,360,0.6269391775131226,미쟝센,올뉴 쉽고 빠른 거품 염색 80g,건기식,기능성식품
persona_1,361,0.630795419216156,미쟝센,퍼펙트 세럼 80ml,스킨케어,세럼
persona_1,362,0.629623532295227,미쟝센,파워 스윙 왁스 9 80g,건기식,기능성식품
persona_1,363,0.6324079632759094,미쟝센,NEW 헬로크림 더블커버  120g,스킨케어,크림
persona_1,364,0.621610701084137,미쟝센,헤어앤스칼프 부스터 샴푸 800g,건기식,기능성식품
persona_1,365,0.6533533334732056,미쟝센,살롱10 단백질 에센스 팩  990ml,스킨케어,마스크팩
persona_1,366,0.6497360467910767,미쟝센,컬링 에센스 2X 내추럴/볼륨 150ml,스킨케어,에센스
persona_1,367,0.6414556503295898,미쟝센,퍼펙트 오리지널 세럼 샴푸 680ml,스킨케어,세럼
persona_1,368,0.6525763869285583,미쟝센,살롱10 단백질 샴푸  990ml,기타,미분류
persona_1,369,0.6423971056938171,미쟝센,퍼펙트 베이스업 에센스 200ml,스킨케어,에센스
persona_1,370,0.6382870078086853,미쟝센,펄샤이닝 리페어 샴푸/트리트먼트 1000ml,기타,미분류
persona_1,371,0.6452811360359192,미쟝센,스타일케어 헤어스프레이 300ml,기타,미분류
persona_1,372,0.6356785893440247,미쟝센,퍼펙트 세럼 홈 케어 트리트먼트 900ml,스킨케어,세럼
persona_1,373,0.6366883516311646,미쟝센,살롱10 프로페셔널 시카 프로틴 트리트먼트 215ml,기타,미분류
persona_1,374,0.6529690623283386,미쟝센,퍼펙트 엉킴제로 노워시 트리트먼트 150ml,기타,미분류
persona_1,375,0.6604538559913635,미쟝센,올뉴 샤이닝에센스 100g,스킨케어,에센스
persona_1,376,0.6414556503295898,미쟝센,퍼펙트 오리지널 세럼 컨디셔너 680ml,스킨케어,세럼
persona_1,377,0.6408372521400452,미쟝센,살롱10 프로페셔널 시카 프로틴 샴푸 480ml,기타,미분류
persona_1,378,0.6609623432159424,미쟝센,NEW 헬로버블 100g,건기식,기능성식품
persona_1,379,0.6409596800804138,미쟝센,퍼펙트 매직 스트레이트 세럼 샴푸 530ml,스킨케어,세럼
persona_1,380,0.6290742754936218,미쟝센,퍼펙트 매직 스트레이트 세럼 80ml,스킨케어,세럼
persona_1,381,0.6681291460990906,미쟝센,볼륨케어 퍼플 콜라겐 샴푸,기타,미분류
persona_1,382,0.6681291460990906,미쟝센,스칼프케어 그린 시카 샴푸,기타,미분류
persona_1,383,0.6345335841178894,미쟝센,올뉴 쉽고 빠른 크림염색 80g,스킨케어,크림
persona_1,384,0.6671876907348633,미쟝센,퍼펙트 세럼 트리트먼트,스킨케어,세럼
persona_1,385,0.6365933418273926,미쟝센,퍼펙트 매직 스트레이트 세럼 트리트먼트 230ml,스킨케어,세럼
persona_1,386,0.6425873637199402,미쟝센,데미지케어 레드 프로틴 컨디셔너 680ml,기타,미분류
persona_1,387,0.6414556503295898,미쟝센,퍼펙트 슈퍼리치 세럼 컨디셔너 680ml,스킨케어,세럼
persona_1,388,0.6414556503295898,미쟝센,퍼펙트 슈퍼리치 세럼 샴푸 680ml,스킨케어,세럼
persona_1,389,0.6344960331916809,미쟝센,데미지케어 레드 프로틴 헤어크림에센스 140ml,스킨케어,에센스
persona_1,390,0.6500633358955383,미쟝센,데미지케어 레드 프로틴 샴푸,기타,미분류
persona_1,391,0.6452965140342712,미쟝센,이너플렉스 모발강화제 145g,건기식,기능성식품
persona_1,392,0.651101291179657,미쟝센,헤어앤스칼프 너리싱 부스터 트리트먼트 300g,건기식,기능성식품
persona_1,393,0.6674177646636963,미쟝센,볼륨케어 퍼플 콜라겐 트리트먼트,기타,미분류
persona_1,394,0.6674177646636963,미쟝센,데미지케어 레드 프로틴 트리트먼트,기타,미분류
persona_1,395,0.670665442943573,미쟝센,이너플렉스 모발강화 샴푸/트리트먼트,기타,미분류
persona_1,396,0.6351542472839355,미쟝센,퍼펙트 노 워시 워터 트리트먼트 215ml,기타,미분류
persona_1,397,0.6353832483291626,미쟝센,살롱10 단백질 트리트먼트 250ml,기타,미분류
persona_1,398,0.6416268944740295,미쟝센,쿨링케어 블루멘톨 샴푸 680ml,기타,미분류
persona_1,399,0.6417754292488098,미쟝센,컬링 매트 볼륨 헤어픽서 200ml,메이크업,마스카라
persona_1,400,0.6398276090621948,미쟝센,헬로버블 퍼퓸보색 핑크 샴푸 400ml,기타,미분류
persona_1,401,0.6626031994819641,미쟝센,NEW 헬로블리치 프라이머 버블 100g,건기식,기능성식품
persona_1,402,0.6414556503295898,미쟝센,퍼펙트 스타일링 세럼 컨디셔너 680ml,스킨케어,세럼
persona_1,403,0.6362660527229309,미쟝센,NEW 헬로크림 125g,스킨케어,크림
persona_1,404,0.616519033908844,미쟝센,헬로 젤리팡팡 8g,건기식,기능성식품
persona_1,405,0.6626492738723755,미쟝센,살롱10 단백질 트리트먼트,기타,미분류
persona_1,406,0.6603339314460754,미쟝센,살롱10 시카 프로틴 샴푸,기타,미분류
persona_1,407,0.6683143973350525,미쟝센,퍼펙트 세럼 트리트먼트,스킨케어,세럼
persona_1,408,0.6692591905593872,미쟝센,퍼펙트 베이스업 헤어 에센스,스킨케어,에센스
persona_1,409,0.6599159836769104,미쟝센,컬링 에센스 2X 내추럴,스킨케어,에센스
persona_1,410,0.6599159836769104,미쟝센,컬링 에센스 2X 볼륨,스킨케어,에센스
persona_1,411,0.6708710193634033,미쟝센,퍼펙트 세럼 홈 케어 트리트먼트,스킨케어,세럼
persona_1,412,0.6466372609138489,미쟝센,퍼펙트 아르간 캡슐 리페어 헤어 마스크 180g,스킨케어,마스크팩
persona_1,413,0.6708434224128723,미쟝센,퍼펙트 매직 스트레이트 세럼 샴푸,스킨케어,세럼
persona_1,414,0.6688715815544128,미쟝센,퍼펙트 매직 스트레이트 세럼,스킨케어,세럼
persona_1,415,0.6708434224128723,미쟝센,퍼펙트 매직 스트레이트 세럼 트리트먼트,스킨케어,세럼
persona_1,416,0.6671597361564636,미쟝센,살롱10 프로페셔널 시카 프로틴 트리트먼트,기타,미분류
persona_1,417,0.6706563234329224,미쟝센,컬링 매트 볼륨 헤어픽서,메이크업,마스카라
persona_1,418,0.6414556503295898,미쟝센,퍼펙트 스타일링 세럼 샴푸 680ml,스킨케어,세럼
persona_1,419,0.630424976348877,아모레퍼시픽,트리트먼트 엔자임 클렌징 폼 120g,건기식,기능성식품
persona_1,420,0.6492539644241333,아모레퍼시픽,모이스춰 플럼핑 넥타 크림 50ml,스킨케어,크림
persona_1,421,0.6324174404144287,아모레퍼시픽,타임 레스폰스 스킨 리뉴얼 미스트 200ml,기타,미분류
persona_1,422,0.6364837884902954,아모레퍼시픽,타임 레스폰스 스킨 리저브 플루이드 160ml,기타,미분류
persona_1,423,0.6530322432518005,아모레퍼시픽,,스킨케어,미분류
persona_1,424,0.6312596797943115,아모레퍼시픽,보태니컬 수딩 토너 200ml,기타,미분류
persona_1,425,0.6328966021537781,아모레퍼시픽,타임 레스폰스 스킨 리저브 토너 200ml,기타,미분류
persona_1,426,0.6645904183387756,아모레베이직,듀얼 코튼 면봉 150매,기타,미분류
persona_1,427,0.6586910486221313,아모레베이직,프리티 눈썹칼 2입,기타,미분류
persona_1,428,0.6717050671577454,아모레베이직,순면 5겹 화장솜 50매 / 120매,기타,미분류
persona_1,429,0.660139799118042,아모레베이직,그린티 오일 컨트롤 페이퍼 70매,기타,미분류
persona_1,430,0.6361902356147766,아모레베이직,토너 아껴주는 1/2 스킨팩 화장솜 400매,스킨케어,마스크팩
persona_1,431,0.6547805666923523,아모레베이직,물광 메이크업 씨앗 스펀지 2ea,기타,미분류
persona_1,432,0.6575838923454285,아모레베이직,애프터 마스카라 히팅 속눈썹 고데기,메이크업,마스카라
persona_1,433,0.6630315184593201,아모레베이직,소프트 엠보싱 원형 화장솜 100매,기타,미분류
persona_1,434,0.6568631529808044,아모레베이직,컴팩트 아이래쉬 컬러,스킨케어,마스크팩
persona_1,435,0.6641181111335754,아모레베이직,아모레베이직 X 벤자민무어 더 에센셜 배쓰밤 2입세트,스킨케어,크림
persona_1,436,0.6637181043624878,아모레베이직,아모레베이직 X 벤자민무어 더 에센셜 세라믹 바디 괄사,바디,바디케어
persona_1,437,0.6532712578773499,아모레베이직,프로페셔널 아티스트 브러쉬 8종 키트,기타,미분류
persona_1,438,0.667607307434082,아모레베이직,아모레베이직 미피 솔리드 퍼퓸 2종+실리콘키링,기타,미분류
persona_1,439,0.6712936162948608,아모레베이직,데일리 메이크업 조각 스펀지 20ea / 60ea,기타,미분류
persona_1,440,0.6612499356269836,한율,자연을 닮은 립밤,기타,미분류
persona_1,441,0.6447885632514954,한율,흰감국 광채 선크림 SPF50+/PA++++ 70ml,선케어,선크림
persona_1,442,0.6581758260726929,한율,부들밤 말끔피지 모공팩 기획세트,스킨케어,마스크팩
persona_1,443,0.6458447575569153,한율,어린쑥 수분진정 토너 150ml,기타,미분류
persona_1,444,0.6629186272621155,한율,랩핑 마스크 기획세트 4매,스킨케어,마스크팩
persona_1,445,0.638957679271698,한율,어린쑥 수분진정 플루이드 125ml,기타,미분류
persona_1,446,0.648432731628418,한율,자연을 닮은 핸드크림 50ml,스킨케어,크림
persona_1,447,0.662016749382019,한율,빨간쌀 보습탄력 2종 세트,기타,미분류
persona_1,448,0.6575838923454285,한율,어린쑥 매끈결 클렌징 오일 기획세트,기타,미분류
persona_1,449,0.6581758260726929,한율,부들밤 깔끔각질 모공팩 기획세트,스킨케어,마스크팩
persona_1,450,0.6661093235015869,한율,달빛유자 패드 60매,기타,미분류
persona_1,451,0.6369854211807251,한율,백화고 클렌징 마사지 크림 200ml,스킨케어,크림
persona_1,452,0.66779625415802,한율,어린쑥 속수분 쑥히알 패드 기획세트,기타,미분류
persona_1,453,0.6388513445854187,한율,송담 탄력 에멀젼 125ml,기타,미분류
persona_1,454,0.6447116136550903,한율,송담 탄력 스킨 150ml,기타,미분류
persona_1,455,0.6480720043182373,한율,빨간쌀 보습탄력 크림 55ml,스킨케어,크림
persona_1,456,0.66779625415802,한율,보들은행잎 모공탄탄 펩타이드 패드 60매,기타,미분류
persona_1,457,0.653857409954071,한율,어린쑥 수분진정 선크림 SPF50+/PA++++ 50ml,선케어,선크림
persona_1,458,0.658822238445282,한율,극진 2종 기획 세트,기타,미분류
persona_1,459,0.6575644612312317,한율,어린쑥 속수분 쑥히알 크림 기획세트,스킨케어,크림
persona_1,460,0.6539427042007446,한율,백화고 기미탄력 아이크림 25ml,스킨케어,크림
persona_1,461,0.6602902412414551,한율,빨간쌀 보습탄력 에센스 크림 2종세트,스킨케어,에센스
persona_1,462,0.6490293145179749,한율,빨간쌀 보습탄력 에센스 150ml,스킨케어,에센스
persona_1,463,0.6599042415618896,한율,어린쑥 수분진정 2종 세트,건기식,기능성식품
persona_1,464,0.6286032795906067,한율,백화고 기미탄력 비비 크림 SPF40/PA++ 40ml,선케어,선크림
persona_1,465,0.6372973322868347,한율,빨간쌀 보습탄력 에멀젼 125ml,기타,미분류
persona_1,466,0.6552759408950806,한율,달빛유자 수면팩 100ml,스킨케어,마스크팩
persona_1,467,0.648742139339447,한율,보들은행잎 모공핏 세럼 기획세트,스킨케어,세럼
persona_1,468,0.6640786528587341,한율,보들은행잎 모공핏 마스크 기획세트 4매,스킨케어,마스크팩
persona_1,469,0.638386607170105,한율,어린쑥 수분진정크림 리필 캡슐 30ml *2,스킨케어,크림
persona_1,470,0.6392263770103455,한율,백화고 기미탄력 크림 기획세트 60ml,스킨케어,크림
persona_1,471,0.6403260231018066,한율,달빛유자C 세럼 30ml,스킨케어,세럼
persona_1,472,0.6370817422866821,한율,극진 스킨 125ml,기타,미분류
persona_1,473,0.6559518575668335,한율,어린쑥 속수분 쑥히알 세럼 기획세트,스킨케어,세럼
persona_1,474,0.6672912240028381,한율,백화고 기미탄력 듀얼샷 앰플 기획세트,스킨케어,앰플
persona_1,475,0.6581959128379822,한율,어린쑥 클렌징 팩밤 기획세트,스킨케어,마스크팩
persona_1,476,0.6623861789703369,한율,극진 크림 대용량 단품 기획세트,스킨케어,크림
persona_1,477,0.6476650238037109,한율,극진 에센스 기획세트 60ml,스킨케어,에센스
persona_1,478,0.6454660892486572,한율,극진 아이크림 기획세트 30ml,스킨케어,크림
persona_1,479,0.6303771138191223,한율,극진 크림 클렌징폼 200ml,스킨케어,크림
persona_1,480,0.6187853217124939,한율,달빛유자 수면팩 리필세트 40ml*2,스킨케어,마스크팩
persona_1,481,0.6460198163986206,한율,달빛유자C 세럼 50ml,스킨케어,세럼
persona_1,482,0.6363999247550964,한율,빨간쌀 보습탄력 크림 리필세트 30ml *2,스킨케어,크림
persona_1,483,0.6319276690483093,한율,극진 에멀젼 125ml,기타,미분류
persona_1,484,0.6537923812866211,한율,극진 크림 세트 50ml,스킨케어,크림
persona_1,485,0.6599451899528503,한율,송담 탄력 2종 기획세트,기타,미분류
persona_1,486,0.6340593695640564,한율,어린쑥 트러블 미스트 120ml,기타,미분류
persona_1,487,0.6531504392623901,한율,달빛유자 수면팩 기획세트,스킨케어,마스크팩
persona_1,488,0.6668057441711426,한율,어린쑥 수분진정 패드 기획세트,건기식,기능성식품
persona_1,489,0.6693817377090454,한율,어린쑥 클렌징 흡착 팩폼 기획세트,스킨케어,마스크팩
persona_1,490,0.6550357341766357,한율,어린쑥 수분진정 크림 기획세트,스킨케어,크림
persona_1,491,0.6592163443565369,한율,달빛유자 클렌징 필링 젤밤 기획세트,스킨케어,크림
persona_1,492,0.6693817377090454,한율,달빛유자 클렌징 톤업 팩폼 기획세트,스킨케어,마스크팩
persona_1,493,0.6532712578773499,한율,흰감국 광채 선크림 듀오 구성,선케어,선크림
persona_1,494,0.6668057441711426,한율,부들밤 모공수축 패드 기획세트,스킨케어,크림
persona_1,495,0.6445191502571106,해피바스,모이스처 퍼퓸 바디워시 760g,바디,바디케어
persona_1,496,0.6319257616996765,해피바스,오리지널 컬렉션 바디워시 910g,바디,바디케어
persona_1,497,0.6313735246658325,해피바스,정말 촉촉/순한 바디밀크 400g,바디,바디케어
persona_1,498,0.6428347229957581,해피바스,PH 4.5 약산성 여성청결제 300ml,기타,미분류
persona_1,499,0.644909143447876,해피바스,제로퍼센트 저자극 버블핸드워시 500ml,기타,미분류
persona_1,500,0.644218385219574,해피바스,오리지널 컬렉션 바디로션 500g,바디,바디케어
persona_1,501,0.6526089906692505,해피바스,마이크로 클린 솝베리 버블 클렌징폼 300ml,기타,미분류
persona_1,502,0.6610459089279175,해피바스,오리지널컬렉션 솝라벤더 비누 4입,기타,미분류
persona_1,503,0.6559361219406128,해피바스,오리지널 컬렉션 샤워 젤리 75g,건기식,기능성식품
persona_1,504,0.6435167789459229,해피바스,필쏘굿 풋샴푸 500ml,기타,미분류
persona_1,505,0.636825442314148,해피바스,오리지널 컬렉션 바디오일 250ml,바디,바디케어
persona_1,506,0.6251490712165833,해피바스,주스스무디 옐로우 바디워시 820g,바디,바디케어
persona_1,507,0.6268826723098755,해피바스,리얼가든 바디워시 900g,바디,바디케어
persona_1,508,0.6358736753463745,해피바스,스킨유 이노센트 샤워젤 500g,건기식,기능성식품
persona_1,509,0.6270399689674377,해피바스,정말 촉촉/순한 바디워시 900g,바디,바디케어
persona_1,510,0.6372981667518616,해피바스,퍼퓸부티크 오일 바디로션 350g,바디,바디케어
persona_1,511,0.6526089906692505,해피바스,마이크로 클린 딥 버블 클렌징폼 300ml,기타,미분류
persona_1,512,0.6299223303794861,해피바스,딥클린 바디워시 900g,바디,바디케어
persona_1,513,0.6315793991088867,해피바스,크림 인 바디로션 400g,스킨케어,크림
persona_1,514,0.6473554372787476,해피바스,마이크로 클린 딥 클렌징폼 150g,건기식,기능성식품
persona_1,515,0.6479825377464294,해피바스,퍼퓸부티크 오일 바디워시 500ml,바디,바디케어
persona_1,516,0.6319257616996765,해피바스,오리지널 컬렉션 바디워시 910g,바디,바디케어
persona_1,517,0.6466982364654541,해피바스,제로퍼센트 항균 바솝,기타,미분류
persona_1,518,0.6267952919006348,해피바스,블로썸 바디워시 900g,바디,바디케어
persona_1,519,0.6620762348175049,해피바스,오리지널 컬렉션 올리브 비누 4입,기타,미분류
persona_1,520,0.6450496912002563,해피바스,화이트 클레이 모공 클렌징폼 150g,건기식,기능성식품
persona_1,521,0.6274145245552063,해피바스,크림 인 바디워시 900g,스킨케어,크림
persona_1,522,0.6269892454147339,해피바스,스마일 바디워시 900g,바디,바디케어
persona_1,523,0.6319445371627808,해피바스,오리지널 컬렉션 머스크 바디워시 910g,바디,바디케어
persona_1,524,0.6620762348175049,해피바스,오리지널 컬렉션 클린코튼 비누 4입,기타,미분류
persona_1,525,0.6385592222213745,해피바스,유황 소금 보들 바디워시 600g,바디,바디케어
persona_1,526,0.6350762844085693,해피바스,마일드 클렌징폼 200g,건기식,기능성식품
persona_1,527,0.6307559609413147,해피바스,스킨유 이노센트 로션 350g,건기식,기능성식품
persona_1,528,0.6620762348175049,해피바스,오리지널 컬렉션 베이비파우더 비누 4입,기타,미분류
persona_1,529,0.6451223492622375,해피바스,티트리 아크네 클렌징폼 150g,건기식,기능성식품
persona_1,530,0.6439979672431946,해피바스,오리지널 컬렉션 바디로션 500g,바디,바디케어
persona_1,531,0.6335636973381042,해피바스,스킨유 이노센트 딥 머스크 바디오일&괄사 증정 기획 130ml,바디,바디케어
persona_1,532,0.6685595512390137,해피바스,두보레 장미 에센스 비누 4입,스킨케어,에센스
persona_1,533,0.6685595512390137,해피바스,두보레 후리지아 에센스 비누 4입,스킨케어,에센스
persona_1,534,0.6473554372787476,해피바스,마이크로 클린 솝베리 클렌징폼 150g,건기식,기능성식품
persona_1,535,0.6515929102897644,해피바스,스킨유 프래그런스 핸드크림 50ml,스킨케어,크림
persona_1,536,0.6685595512390137,해피바스,두보레 백합 에센스 비누 4입,스킨케어,에센스
persona_1,537,0.635010302066803,해피바스,히알루론 클렌징 폼 200g,건기식,기능성식품
persona_1,538,0.6620762348175049,해피바스,오리지널 컬렉션 체리블로섬 비누 4입,기타,미분류
persona_1,539,0.6620762348175049,해피바스,오리지널 컬렉션 오리지널 비누 4입,기타,미분류
persona_1,540,0.6480279564857483,해피바스,스킨유 이노센트 딥머스크 앰플 미스트 150ml,스킨케어,앰플
persona_1,541,0.6369956731796265,해피바스,퍼퓸부티크 바디&헤어 미스트 200ml,바디,바디케어
persona_1,542,0.6450496912002563,해피바스,퍼펙트 딥 씨솔트 클렌징폼 150g,건기식,기능성식품
persona_1,543,0.6383213400840759,해피바스,스킨유 이노센트 스크럽 450g,건기식,기능성식품
persona_1,544,0.6526857018470764,해피바스,제로퍼센트 저자극 버블핸드워시 + 필쏘굿 풋샴푸,기타,미분류
persona_1,545,0.6276973485946655,해피바스,필쏘굿 시카 진정 수분 선크림 80ml,선케어,선크림
persona_1,546,0.6321717500686646,해피바스,필쏘굿 시카 진정 선 미스트 80ml,기타,미분류
persona_1,547,0.662883996963501,온호프,쏘 캄 트래블 3종 세트,기타,미분류
persona_1,548,0.6614659428596497,홀리추얼,홀리추얼 래디언스 리설페이싱 필 12매,기타,미분류
persona_1,549,0.6265518069267273,홀리추얼,홀리추얼 코어 리프트 액티베이팅 세럼 140ml,스킨케어,세럼
persona_1,550,0.6581805348396301,홀리추얼,홀리추얼 울트라 너리싱 어드밴스드 크림,스킨케어,크림
persona_1,551,0.6275099515914917,홀리추얼,홀리추얼 엘리멘탈 스무딩 로션 110ml,기타,미분류
persona_1,552,0.6281225085258484,홀리추얼,홀리추얼 릴랙스드 풋 트리트먼트 크림 130ml,스킨케어,크림
persona_1,553,0.6383348107337952,홀리추얼,홀리추얼 리디파이닝 클렌징 밀크 200ml,기타,미분류
persona_1,554,0.6443473696708679,홀리추얼,홀리추얼 마이크로 밸런싱 에센스 150ml,스킨케어,에센스
persona_1,555,0.617485523223877,홀리추얼,홀리추얼 컨센트레이트 시그니처 크림 라이트 80ml,스킨케어,크림
persona_1,556,0.6467587947845459,홀리추얼,홀리추얼 피토 리쥬브네이팅 컨센트레이트 30ml,기타,미분류
persona_1,557,0.6263048648834229,홀리추얼,홀리추얼 울트라 너리싱 어드밴스드 에멀전 120ml,기타,미분류
persona_1,558,0.6587219834327698,홀리추얼,홀리추얼 뉴트리 엘릭서 미스트 홀리데이 기획 세트,기타,미분류
persona_1,559,0.6628527045249939,홀리추얼,홀리추얼  릴랙스드 풋 트리트먼트 크림 듀오 SET,스킨케어,크림
persona_1,560,0.667555034160614,홀리추얼,홀리추얼  리디파이닝 클렌징 밀크 듀오 SET,기타,미분류
persona_1,561,0.6270672082901001,홀리추얼,홀리추얼  코어 리프트 액티베이팅 세럼 기획세트 140ml,스킨케어,세럼
persona_1,562,0.6419324278831482,홀리추얼,홀리추얼 울트라 너리싱 어드밴스드 토너 150ml,기타,미분류
persona_1,563,0.6540928483009338,홀리추얼,홀리추얼  뉴트리 엘릭서 바디 프라그랑스 미스트 100ml,바디,바디케어
persona_1,564,0.6609026789665222,홀리추얼,홀리추얼 프로 리프팅 앤 퍼밍 프로그램,기타,미분류
persona_1,565,0.6620582342147827,홀리추얼,홀리추얼 리디파이닝 앰플 4주 프로그램,스킨케어,앰플
persona_1,566,0.6593431234359741,홀리추얼,홀리추얼 클린테라피 파우더 마스크,스킨케어,마스크팩
persona_1,567,0.6502166390419006,홀리추얼,홀리추얼 파워 리뉴얼 키트,기타,미분류
persona_1,568,0.649164617061615,홀리추얼,홀리추얼 울트라 너리싱 어드밴스드 토너 + 에멀전,기타,미분류
persona_1,569,0.6058837175369263,,퍼즐우드 비건 디퓨저 200ml,기타,미분류
persona_1,570,0.6194959282875061,,퍼즐우드 비건 핸드크림 50ml,스킨케어,크림
persona_1,571,0.5882205367088318,,퍼즐우드 비건 인센스 스틱 20g,건기식,기능성식품
persona_1,572,0.6379880905151367,오딧세이,로맨틱 에멀전 130ml,기타,미분류
persona_1,573,0.6392240524291992,오딧세이,로맨틱 스킨 리파이너 130ml,기타,미분류
persona_1,574,0.6538748145103455,오딧세이,챕터파이브 생츄어리 2종 세트,기타,미분류
persona_1,575,0.6320330500602722,오딧세이,블랙 스킨 리파이너 130ml,기타,미분류
persona_1,576,0.6594837307929993,오딧세이,MMY 콜라보레이션 토트백,기타,미분류
persona_1,577,0.6309468746185303,오딧세이,블랙 에멀전 130ml,기타,미분류
persona_1,578,0.6659830808639526,오딧세이,MMY 콜라보레이션 크로스백,기타,미분류
persona_1,579,0.6538748145103455,오딧세이,챕터파이브 라이트하우스 2종 세트,기타,미분류
persona_1,580,0.6642535328865051,오딧세이,블랙 스페셜 2종 신년기획세트,기타,미분류
persona_1,581,0.6692172884941101,오딧세이,로맨틱 스페셜 2종 세트 신년기획세트,기타,미분류
persona_1,582,0.6709845662117004,프리메라,NEW 나이아시카 수딩 글로우 워터리 크림30ml,스킨케어,크림
persona_1,583,0.6320415735244751,프리메라,마일드 앤 퍼펙트 클렌징 오일 투 폼 200ml,기타,미분류
persona_1,584,0.6305618286132812,프리메라,NEW 비타티놀 바운시 리프트 세럼 30g*2입,스킨케어,세럼
persona_1,585,0.6351152062416077,프리메라,후리 앤 후리 200ml,기타,미분류
persona_1,586,0.6496016383171082,프리메라,마일드 포어 필링 패드 60매 기획세트,기타,미분류
persona_1,587,0.6483889818191528,프리메라,나이아시카 수딩글로우 워터리 크림 30ml,스킨케어,크림
persona_1,588,0.6263583898544312,프리메라,워터리 에센스 250ml,스킨케어,에센스
persona_1,589,0.6517950892448425,프리메라,알파인 베리 워터리 크림 100ml,스킨케어,크림
persona_1,590,0.6338573098182678,프리메라,비타티놀 세럼 메가샷 마스크 34g 1입,스킨케어,마스크팩
persona_1,591,0.6182408928871155,프리메라,레티놀 볼륨 립 세럼 12g,스킨케어,세럼
persona_1,592,0.6348625421524048,프리메라,마일드 앤 퍼펙트 클렌징 오일 투 폼 300ml,기타,미분류
persona_1,593,0.6356926560401917,프리메라,인리치드 클렌징 티슈 60매 300g,건기식,기능성식품
persona_1,594,0.6180704832077026,프리메라,비타티놀 세럼 메가샷 마스크 34g*5입,스킨케어,마스크팩
persona_1,595,0.6351487636566162,프리메라,오가니언스 BR 소프트 필링 투 폼 클렌저 120ml,기타,미분류
persona_1,596,0.6630728244781494,프리메라,오가니언스 배리어 리페어 2종 기획세트,기타,미분류
persona_1,597,0.659742534160614,프리메라,비타티놀 인텐스 바운시 리프트 마스크 크림,스킨케어,마스크팩
persona_1,598,0.6321150064468384,프리메라,씨드 앤 스프라우트 에너지마스크로터스기획세트 20ml*30매,스킨케어,마스크팩
persona_1,599,0.6459047794342041,프리메라,마일드 앤 퍼펙트 페이셜 필링 150ml,기타,미분류
persona_1,600,0.6556428074836731,프리메라,알파인베리 워터리 크림 75ml,스킨케어,크림
persona_1,601,0.6269627213478088,프리메라,바하 버블 필링 클렌저 200ml,기타,미분류
persona_1,602,0.6433916687965393,프리메라,후리 앤 후리 소프트 폼 150ml,기타,미분류
persona_1,603,0.6159366369247437,프리메라,NEW 인리치드 바디 오일 투 폼 클렌저 390ml,바디,바디케어
persona_1,604,0.6234167814254761,프리메라,NEW 나이아시카 워터리 크림 쿠션 15g,스킨케어,크림
persona_1,605,0.6434612274169922,프리메라,오가니언스 BR 컴포트 아미노 리치 폼 150ml,기타,미분류
persona_1,606,0.6609654426574707,프리메라,맨오가니언스 2종 기획세트,기타,미분류
persona_1,607,0.645278811454773,프리메라,하이드로 글로우 트리트먼트 에센스 150ml,스킨케어,에센스
persona_1,608,0.6365615129470825,프리메라,오가니언스 베리어 리페어 카밍 에센스 토너 160ml,스킨케어,에센스
persona_1,609,0.6460790038108826,프리메라,오가니언스 베리어 리페어 씨드펩타이드 리저브 크림 50ml,스킨케어,크림
persona_1,610,0.6322954297065735,프리메라,레티놀 볼륨 립 세럼 튜브 7g,스킨케어,세럼
persona_1,611,0.6448872685432434,프리메라,오가니언스 베리어 리페어 씨드 펩타이드 리저브 세럼 30ml,스킨케어,세럼
persona_1,612,0.6392192840576172,프리메라,오가니언스 베리어 리페어 하이드레이션 크림 에멀젼 160ml,스킨케어,크림
persona_1,613,0.6184582710266113,프리메라,리페어링 세라캡슐 UV프로텍터 40ml,기타,미분류
persona_1,614,0.6345881223678589,프리메라,더 핸드크림 미스트 20ml,스킨케어,크림
persona_1,615,0.6450306177139282,프리메라,알파인 베리 워터리 크림 50ml,스킨케어,크림
persona_1,616,0.6459330320358276,프리메라,알파인 베리 워터리 크림 150ml,스킨케어,크림
persona_1,617,0.6297940611839294,프리메라,NEW 비타티놀 바운시 리프트 세럼 30g 1입,스킨케어,세럼
persona_1,618,0.6388107538223267,프리메라,씨드 앤 스프라우트 에너지 마스크_로터스 5매 20ml,스킨케어,마스크팩
persona_1,619,0.6512107849121094,프리메라,알파인 베리 워터리 수딩 젤크림 100ml,스킨케어,크림
persona_1,620,0.6559334397315979,프리메라,알파인 베리 워터리 수딩젤 크림 75ml,스킨케어,크림
persona_1,621,0.6598901748657227,프리메라,마일드 앤 퍼펙트 포어 필링 패드 60매,기타,미분류
persona_1,622,0.6450306177139282,프리메라,알파인베리 워터리 수딩젤 크림 50ml,스킨케어,크림
persona_1,623,0.6186748147010803,프리메라,리페어링 세라캡슐 UV프로텍터 톤업 프라이밍 40ml,기타,미분류
persona_1,624,0.6454599499702454,프리메라,알파인베리 워터리 크림 100ml*2입 + 월리 우프 무드등,스킨케어,크림
persona_1,625,0.6358553171157837,프리메라,비타티놀 바운시 리프트 세럼 30g 4입 + 월리 우프 무드등,스킨케어,세럼
persona_1,626,0.6292055249214172,프리메라,워터리 에센스 250ml 더블 세트,스킨케어,에센스
persona_1,627,0.6334068179130554,프리메라,마일드 앤 퍼펙트 클렌징 오일 투 폼 200ml 더블 기프트 세트,기타,미분류
persona_1,628,0.6411319375038147,프리메라,비타티놀 인텐스 바운시 리프트 마스크 크림 30ml+리필 30ml 더블 세트,스킨케어,마스크팩
persona_1,629,0.6240181922912598,프리메라,비타티놀 세럼 메가샷 마스크세트 34g*5매 X 4개 세트,스킨케어,마스크팩
persona_1,630,0.6325910091400146,프리메라,마일드 앤 퍼펙트 페이셜 필링 250ml,기타,미분류
persona_1,631,0.6430492401123047,프리메라,비타티놀 인텐스 바운시 리프트 마스크 크림 30ml,스킨케어,마스크팩
persona_1,632,0.6600494384765625,프리메라,마일드 앤 퍼펙트 포어 필링 패드 60매*2,기타,미분류
persona_1,633,0.6367998123168945,프리메라,후리 앤 후리 소프트폼 150ml*2,기타,미분류
persona_1,634,0.6305441856384277,프리메라,비타티놀 세럼 메가샷 마스크세트 34g*5매X2개,스킨케어,마스크팩
persona_1,635,0.6316349506378174,프리메라,오가니언스 BR 소프트 필링 투 폼 클렌저 120ml,기타,미분류
persona_1,636,0.6410428285598755,프리메라,마일드 앤 퍼펙트 페이셜 필링 150ml*2,기타,미분류
persona_1,637,0.6662904024124146,프리메라,나이아시카 수딩글로우 워터리 크림,스킨케어,크림
persona_1,638,0.6675309538841248,프리메라,나이아시카 수딩글로우 워터리 크림,스킨케어,크림
persona_1,639,0.6253955960273743,프리메라,후리 앤 후리 200ml*2,기타,미분류
persona_1,640,0.6134799122810364,프리메라,마일드 앤 퍼펙트 클렌징 오일 투 폼 200ml + 오가니언스 BR 소프트 필링 투 폼 클렌저 120ml,기타,미분류
persona_1,641,0.6493502855300903,헤라,UV프로텍터 톤업 SPF50+/PA++++ 50ml,선케어,선크림
persona_1,642,0.6576327085494995,헤라,NEW 블랙 쿠션 파운데이션 SPF34/PA++,선케어,선크림
persona_1,643,0.6257142424583435,헤라,NEW 블랙 쿠션 파운데이션 SPF34/PA++ 15g,선케어,선크림
persona_1,644,0.6427989602088928,헤라,센슈얼 누드 글로스 5g,건기식,기능성식품
persona_1,645,0.6376075148582458,헤라,리프레싱 클렌징 폼 160g,건기식,기능성식품
persona_1,646,0.6450262665748596,헤라,실키 스테이 24H 롱웨어 파운데이션 SPF20/PA++ 30g,선케어,선크림
persona_1,647,0.6506589651107788,헤라,블랙 쿠션 파운데이션 퍼프 2ea,기타,미분류
persona_1,648,0.6423426866531372,헤라,센슈얼 누드 밤 3.5g,스킨케어,크림
persona_1,649,0.6424272656440735,헤라,센슈얼 틴티드 샤인스틱 3.5g,건기식,기능성식품
persona_1,650,0.6461742520332336,헤라,NEW 리플렉션 스킨 글로우 파운데이션 SPF15/PA++ 30g,선케어,선크림
persona_1,651,0.6303431391716003,헤라,NEW 리플렉션 스킨 글로우 쿠션 파운데이션 SPF40/PA++ 15g,선케어,선크림
persona_1,652,0.6257433891296387,헤라,NEW 리플렉션 스킨 글로우 쿠션 파운데이션 SPF40/PA++ 15g,선케어,선크림
persona_1,653,0.6493502855300903,헤라,UV프로텍터 멀티디펜스 SPF50+/PA++++ 50ml,선케어,선크림
persona_1,654,0.6513334512710571,헤라,옴므 베이직 스페셜 기획세트 2종,기타,미분류
persona_1,655,0.660276472568512,헤라,에이지 어웨이 에스테틱 2종 세트,기타,미분류
persona_1,656,0.6426917910575867,헤라,센슈얼 파우더 매트 리퀴드 5g,건기식,기능성식품
persona_1,657,0.6621693968772888,헤라,NEW 옴므 블랙 액티브 세트 2종,기타,미분류
persona_1,658,0.6437723636627197,헤라,루즈 클래시 3.5g,건기식,기능성식품
persona_1,659,0.6234748959541321,헤라,NEW 블랙 쿠션 파운데이션 SPF34/PA++ 15g,선케어,선크림
persona_1,660,0.6468587517738342,헤라,옴므 올인원 스킨 하이드로 트리트먼트 150ml,기타,미분류
persona_1,661,0.6611483097076416,헤라,시그니아 워터 에멀젼 기프트 세트 2종,기타,미분류
persona_1,662,0.642517626285553,헤라,블러쉬 5.5g,건기식,기능성식품
persona_1,663,0.6463355422019958,헤라,UV프로텍터 익스트림포스 레포츠 SPF50+/PA++++ 70ml,선케어,선크림
persona_1,664,0.6496643424034119,헤라,UV프로텍터 멀티디펜스 프레쉬 SPF50+/PA++++ 50ml,선케어,선크림
persona_1,665,0.6616998314857483,헤라,NEW 옴므 블루 에센스 기획 2종 세트,스킨케어,에센스
persona_1,666,0.6556352972984314,헤라,리치 컬링 마스카라,메이크업,마스카라
persona_1,667,0.6594837307929993,헤라,브로우 디자이너 오토펜슬,메이크업,아이브로우
persona_1,668,0.644754946231842,헤라,NEW 코렉팅 베이스 UV 프로텍터 SPF50+/PA++++ 35ml,선케어,선크림
persona_1,669,0.6365900635719299,헤라,센슈얼 파우더 매트 립스틱 3g,메이크업,립스틱
persona_1,670,0.6659830808639526,헤라,브로우 디자이너 오토펜슬,메이크업,아이브로우
persona_1,671,0.6497039794921875,헤라,에이지 어웨이 에스테틱 BX 아이크림 25ml,스킨케어,크림
persona_1,672,0.6311101317405701,헤라,지일 오 데 퍼퓸 40ml,기타,미분류
persona_1,673,0.6394686698913574,헤라,옴므 에센스 인 스킨 125ml,스킨케어,에센스
persona_1,674,0.6196519136428833,헤라,에이지 어웨이 에스테틱 BX83 리포솜 40ml,기타,미분류
persona_1,675,0.626069962978363,헤라,NEW 쿼드 아이 컬러 섀도우 9g,메이크업,아이섀도우
persona_1,676,0.632174551486969,헤라,NEW 에어리 파우더 프라이머 8.5g,건기식,기능성식품
persona_1,677,0.6593056917190552,헤라,파워부스팅 스페셜세트 2종,기타,미분류
persona_1,678,0.6084231734275818,헤라,NEW 립 세럼 11g,스킨케어,세럼
persona_1,679,0.6243460774421692,헤라,옴므 에센스 인 에멀젼 110ml,스킨케어,에센스
persona_1,680,0.6271597743034363,헤라,메이크업픽서 80ml,메이크업,마스카라
persona_1,681,0.6353727579116821,헤라,딥 클렌징 오일 225ml,기타,미분류
persona_1,682,0.6414750218391418,헤라,센슈얼 피팅 글로우틴트 5g,메이크업,립틴트
persona_1,683,0.6372684836387634,헤라,컴피 리바이탈라이징 세럼 미스트 90ml,스킨케어,세럼
persona_1,684,0.6479501724243164,헤라,에이지 어웨이 에스테틱 BX 워터 150ml,기타,미분류
persona_1,685,0.6419355869293213,헤라,에이지 어웨이 에스테틱 BX 크림 50ml,스킨케어,크림
persona_1,686,0.6566164493560791,헤라,이지 스타일링 아이라이너 0.5g,메이크업,아이라이너
persona_1,687,0.6499599814414978,헤라,크리미 커버 컨실러 7.5g,건기식,기능성식품
persona_1,688,0.6528768539428711,헤라,하이드로 리플렉팅 마이크로 크림 50ml,스킨케어,크림
persona_1,689,0.623839259147644,헤라,소프트 피니시 루스 파우더 15g,건기식,기능성식품
persona_1,690,0.6252137422561646,헤라,에이지 어웨이 에스테틱 BX 에멀젼 120ml,기타,미분류
persona_1,691,0.6559353470802307,헤라,하이드로 리플렉팅 2종 세트,기타,미분류
persona_1,692,0.628751277923584,헤라,파워부스팅 페이스 트리트먼트 110ml,기타,미분류
persona_1,693,0.6329054832458496,헤라,센슈얼 립앤치크 7g,건기식,기능성식품
persona_1,694,0.6288949847221375,헤라,하이드로 리플렉팅 플루이드 140ml,기타,미분류
persona_1,695,0.63609379529953,헤라,하이드로 리플렉팅 토너 170ml,기타,미분류
persona_1,696,0.6425572633743286,헤라,시그니아 에센셜 밸런싱 에멀젼 150ml,기타,미분류
persona_1,697,0.6480421423912048,헤라,리쥬브네이트 앰플 크림 50ml,스킨케어,앰플
persona_1,698,0.6601038575172424,헤라,아이 디자이너 펜슬,메이크업,아이라이너
persona_1,699,0.6329646110534668,헤라,벨벳 나이트 퍼퓸드 샤워젤 250g,건기식,기능성식품
persona_1,700,0.629634439945221,헤라,UV 프로텍터 액티브 선 밤 SPF 50+/PA++++ 10g,선케어,선크림
persona_1,701,0.6224887371063232,헤라,NEW 헬씨 글로우 듀이 밤 10g,스킨케어,크림
persona_1,702,0.6472477316856384,헤라,하이드로-듀 플럼핑 앰플 50ml,스킨케어,앰플
persona_1,703,0.6381711959838867,헤라,리치 컬링 워터프루프 마스카라 6g,메이크업,마스카라
persona_1,704,0.637657642364502,헤라,지일 블루밍 퍼퓸드 바디로션 230ml,바디,바디케어
persona_1,705,0.6416183114051819,헤라,NEW 부스팅 베이스 UV 프로텍터 SPF15 35ml,선케어,선크림
persona_1,706,0.6319332122802734,헤라,메이크업 리무버 125ml,클렌징,리무버
persona_1,707,0.6472477316856384,헤라,하이드로-듀 플럼핑 크림 50ml,스킨케어,크림
persona_1,708,0.6410595774650574,헤라,NEW 리프레싱 토닉 클렌징워터 200ml,기타,미분류
persona_1,709,0.646004855632782,헤라,NEW 시그니아 일루미네이팅 세럼 30ml,스킨케어,세럼
persona_1,710,0.6429451704025269,헤라,파워부스팅 토너 150ml,기타,미분류
persona_1,711,0.6497039794921875,헤라,NEW 레티놀 3X 리프팅 세럼 25ml,스킨케어,세럼
persona_1,712,0.6309082508087158,헤라,벨벳 나이트 오 데 퍼퓸 40ml,기타,미분류
persona_1,713,0.6269283890724182,헤라,스킨 틴트 컴피 스프레더 SPF50/ PA++++ 15g,선케어,선크림
persona_1,714,0.6274330615997314,헤라,파워부스팅 모이스춰라이저 110ml,기타,미분류
persona_1,715,0.6208038926124573,헤라,옴므 블랙 액티브 어드밴스드 에멀전 110ml,기타,미분류
persona_1,716,0.6342320442199707,헤라,옴므 블랙 액티브 어드밴스드 토너 125ml,기타,미분류
persona_1,717,0.6481421589851379,헤라,하이드로-듀 플럼핑 워터 드롭 50ml,기타,미분류
persona_1,718,0.6251336932182312,헤라,NEW 옴므 블루 에센스 인 에멀전 110ml,스킨케어,에센스
persona_1,719,0.6367704272270203,헤라,NEW 옴므 블루 에센스 인 토너 125ml,스킨케어,에센스
persona_1,720,0.6311101317405701,헤라,페르소프 오 데 퍼퓸 40ml,기타,미분류
persona_1,721,0.6324115991592407,헤라,NEW 블랙 쿠션 파운데이션 00P1 SPF34/PA++ 15g,선케어,선크림
persona_1,722,0.6370525360107422,헤라,UV 프로텍터 톤업 2개 + 월리 뽀모도로 타이머 & 포스트카드,기타,미분류
persona_1,723,0.64592444896698,헤라,블랙쿠션 23N1 듀오 + 리필 + 월리 우프 무드등,기타,미분류
persona_1,724,0.64592444896698,헤라,블랙쿠션 21N1 듀오 + 리필 + 월리 우프 무드등,기타,미분류
persona_1,725,0.6625716090202332,헤라,실키스테이 24H 롱웨어 파운데이션 23N1 기획세트,기타,미분류
persona_1,726,0.6625716090202332,헤라,실키스테이 24H 롱웨어 파운데이션 21N1 기획세트,기타,미분류
persona_1,727,0.6469069719314575,헤라,글로우쿠션 리필 21N1 + 쿠션 케이스 #1 메탈릭레더,기타,미분류
persona_1,728,0.6358858942985535,헤라,블러쉬 스틱 7.7g,건기식,기능성식품
persona_1,729,0.6464013457298279,헤라,NEW 컴피 컨디셔닝 에센스 150g,스킨케어,에센스
persona_1,730,0.6329793334007263,헤라,지일 블루밍 퍼퓸드 샤워 젤 250g,건기식,기능성식품
persona_1,731,0.6369648575782776,헤라,벨벳 나이트 퍼퓸드 바디 로션 230ml,바디,바디케어
persona_1,732,0.6424197554588318,비레디,웨이크업 생기 립밤 3g,스킨케어,크림
persona_1,733,0.6424197554588318,라네즈,웨이크업 생기 립밤 3g,스킨케어,크림
persona_1,734,0.6226193308830261,비레디,트루톤 로션  40ml,기타,미분류
persona_1,735,0.6226193308830261,라네즈,트루톤 로션  40ml,기타,미분류
persona_1,736,0.6605619788169861,비레디,블루 수분 선크림 1+1 기획세트 SPF50+PA++++,선케어,선크림
persona_1,737,0.6605619788169861,라네즈,블루 수분 선크림 1+1 기획세트 SPF50+PA++++,선케어,선크림
persona_1,738,0.642599880695343,비레디,블루 파운데이션 SPF27/PA++ 35ml,선케어,선크림
persona_1,739,0.642599880695343,라네즈,블루 파운데이션 SPF27/PA++ 35ml,선케어,선크림
persona_1,740,0.6293029189109802,비레디,블루쿠션 SPF34/PA++ 15g,선케어,선크림
persona_1,741,0.6293029189109802,라네즈,블루쿠션 SPF34/PA++ 15g,선케어,선크림
persona_1,742,0.6583461165428162,비레디,무드업 듀얼 아이섀도우 브러쉬,메이크업,아이섀도우
persona_1,743,0.6583461165428162,라네즈,무드업 듀얼 아이섀도우 브러쉬,메이크업,아이섀도우
persona_1,744,0.6266138553619385,비레디,블루쿠션 SPF34/PA++ 15g,선케어,선크림
persona_1,745,0.6266138553619385,라네즈,블루쿠션 SPF34/PA++ 15g,선케어,선크림
persona_1,746,0.6209248900413513,비레디,시카페인 트러블리셋 세럼 40ml,스킨케어,세럼
persona_1,747,0.6209248900413513,라네즈,시카페인 트러블리셋 세럼 40ml,스킨케어,세럼
persona_1,748,0.6536634564399719,비레디,블루 수분 선크림 SPF50+/PA++++ 50ml,선케어,선크림
persona_1,749,0.6536634564399719,라네즈,블루 수분 선크림 SPF50+/PA++++ 50ml,선케어,선크림
persona_1,750,0.654047429561615,비레디,프라이드업 아이브로우 0.6G,메이크업,아이브로우
persona_1,751,0.654047429561615,라네즈,프라이드업 아이브로우 0.6G,메이크업,아이브로우
persona_1,752,0.6355269551277161,비레디,블루 세범 파우더 7g,건기식,기능성식품
persona_1,753,0.6355269551277161,라네즈,블루 세범 파우더 7g,건기식,기능성식품
persona_1,754,0.6301932334899902,비레디,시카페인 트러블리셋 토너 250ml,기타,미분류
persona_1,755,0.6301932334899902,라네즈,시카페인 트러블리셋 토너 250ml,기타,미분류
persona_1,756,0.6386582851409912,비레디,시카페인 트러블리셋 크림 70ml,스킨케어,크림
persona_1,757,0.6386582851409912,라네즈,시카페인 트러블리셋 크림 70ml,스킨케어,크림
persona_1,758,0.6560588479042053,비레디,블루 파운데이션 퍼프,기타,미분류
persona_1,759,0.6560588479042053,라네즈,블루 파운데이션 퍼프,기타,미분류
persona_1,760,0.6536634564399719,비레디,하이드로 스웻프루프 선크림 SPF50+/PA++++ 50ml,선케어,선크림
persona_1,761,0.6536634564399719,라네즈,하이드로 스웻프루프 선크림 SPF50+/PA++++ 50ml,선케어,선크림
persona_1,762,0.6234917640686035,비레디,에어리 헤어 페이스트 80g,건기식,기능성식품
persona_1,763,0.6234917640686035,라네즈,에어리 헤어 페이스트 80g,건기식,기능성식품
persona_1,764,0.6643913984298706,비레디,4.4,기타,미분류
persona_1,765,0.6643913984298706,라네즈,4.4,기타,미분류
persona_1,766,0.645833432674408,비레디,시카페인 트러블리셋 클렌징폼 150g,건기식,기능성식품
persona_1,767,0.645833432674408,라네즈,시카페인 트러블리셋 클렌징폼 150g,건기식,기능성식품
persona_1,768,0.635569155216217,비레디,무드업 음영 아이팔레트 7g,건기식,기능성식품
persona_1,769,0.635569155216217,라네즈,무드업 음영 아이팔레트 7g,건기식,기능성식품
persona_1,770,0.6400443911552429,비레디,생기 립밤 3g,스킨케어,크림
persona_1,771,0.6400443911552429,라네즈,생기 립밤 3g,스킨케어,크림
persona_1,772,0.6400443911552429,비레디,생기 립밤 3g,스킨케어,크림
persona_1,773,0.6400443911552429,라네즈,생기 립밤 3g,스킨케어,크림
persona_1,774,0.6400443911552429,비레디,생기 립밤 3g,스킨케어,크림
persona_1,775,0.6400443911552429,라네즈,생기 립밤 3g,스킨케어,크림
persona_1,776,0.6603706479072571,비레디,블루 파운데이션 3호,기타,미분류
persona_1,777,0.6603706479072571,라네즈,블루 파운데이션 3호,기타,미분류
persona_1,778,0.6603706479072571,비레디,블루 파운데이션 2호,기타,미분류
persona_1,779,0.6603706479072571,라네즈,블루 파운데이션 2호,기타,미분류
persona_1,780,0.6652149558067322,비레디,블루쿠션 3호 제프리,기타,미분류
persona_1,781,0.6652149558067322,라네즈,블루쿠션 3호 제프리,기타,미분류
persona_1,782,0.6652149558067322,비레디,블루쿠션 2호 라이언,기타,미분류
persona_1,783,0.6652149558067322,라네즈,블루쿠션 2호 라이언,기타,미분류
persona_1,784,0.6679620146751404,비레디,시카페인 트러블리셋 2종,기타,미분류
persona_1,785,0.6679620146751404,라네즈,시카페인 트러블리셋 2종,기타,미분류
persona_1,786,0.6647023558616638,비레디,블루 수분 선크림 SPF50+/PA++++,선케어,선크림
persona_1,787,0.6647023558616638,라네즈,블루 수분 선크림 SPF50+/PA++++,선케어,선크림
persona_1,788,0.6593844294548035,아이오페,슈퍼바이탈 기초 2종 세트,기타,미분류
persona_1,789,0.6435863971710205,아이오페,비타민C 엑스퍼트25% 토닝앰플 23ml,스킨케어,앰플
persona_1,790,0.6641181111335754,아이오페,바이오 컨디셔닝 에센스 하이드로 인핸싱 마스크 5매,스킨케어,마스크팩
persona_1,791,0.6295424699783325,아이오페,맨 올데이 퍼펙트 올인원 120ml,기타,미분류
persona_1,792,0.642257571220398,아이오페,슈퍼바이탈 크림 세트 50ml,스킨케어,크림
persona_1,793,0.6400931477546692,아이오페,바이오 컨디셔닝 에센스 168ml,스킨케어,에센스
persona_1,794,0.6545411348342896,아이오페,XMD 스템3 스페셜 2종 세트,기타,미분류
persona_1,795,0.6286478638648987,아이오페,맨 프로 레티놀 올인원 기획세트 120ml,기타,미분류
persona_1,796,0.6476642489433289,아이오페,슈퍼바이탈 아이크림 25ml,스킨케어,크림
persona_1,797,0.6209316849708557,아이오페,골든 글로우 페이스 오일 40ml,기타,미분류
persona_1,798,0.6710651516914368,아이오페,레티놀 세럼 인 겔 마스크,스킨케어,마스크팩
persona_1,799,0.6462791562080383,아이오페,XMD 스템3 클리니컬 리커버리 크림 50ml,스킨케어,크림
persona_1,800,0.654754638671875,아이오페,맨 바이오 안티에이징 2종 세트,기타,미분류
persona_1,801,0.6434641480445862,아이오페,바이오 컨디셔닝 에센스 폼 클렌저 180ml,스킨케어,에센스
persona_1,802,0.6228926181793213,아이오페,에어쿠션 5.5세대 커버 SPF50/PA+++ 15g,선케어,선크림
persona_1,803,0.6489442586898804,아이오페,UV 쉴드 선 프로텍터 SPF50+/PA++++ 50ml,선케어,선크림
persona_1,804,0.623430609703064,아이오페,에어쿠션 5.5세대 커버 SPF50/PA+++ 15g,선케어,선크림
persona_1,805,0.632882297039032,아이오페,맨 퍼펙트 올인원 클렌저 125g,건기식,기능성식품
persona_1,806,0.6509735584259033,아이오페,레티놀 엑스퍼트 0.1% 링클 코렉터 기획세트 30ml,기타,미분류
persona_1,807,0.6475890278816223,아이오페,XMD 스템3 클리니컬 리커버리 세럼 50ml,스킨케어,세럼
persona_1,808,0.6241512894630432,아이오페,슈퍼바이탈 오일 블렌딩 세럼 40ml,스킨케어,세럼
persona_1,809,0.656004011631012,아이오페,히아루로닉 크림 100ml,스킨케어,크림
persona_1,810,0.6369463205337524,아이오페,레티놀 엑스퍼트 0.5% 얼티밋 컨센트레이트 15ml,기타,미분류
persona_1,811,0.6450388431549072,아이오페,PDRN 카페인샷 50ml,기타,미분류
persona_1,812,0.6445091366767883,아이오페,PDRN 카페인샷 30ml,기타,미분류
persona_1,813,0.6462140679359436,아이오페,레티놀 엑스퍼트 0.3% 링클 코렉터 20ml,기타,미분류
persona_1,814,0.6489442586898804,아이오페,UV 쉴드 톤업 선 SPF50+/PA++++ 50ml,선케어,선크림
persona_1,815,0.6394447088241577,아이오페,브라이트닝 기미 에센스 45ml,스킨케어,에센스
persona_1,816,0.6569006443023682,아이오페,프로 필링 소프트젤 100ml,기타,미분류
persona_1,817,0.6443270444869995,아이오페,슈퍼바이탈 소프너 150ml,기타,미분류
persona_1,818,0.6293561458587646,아이오페,맨 올데이 퍼펙트 톤업 올인원 SPF15 120ml,선케어,선크림
persona_1,819,0.634577751159668,아이오페,맨 안티에이징 에멀젼 EX 120ml,기타,미분류
persona_1,820,0.628779947757721,아이오페,슈퍼바이탈 쿠션 이엑스 SPF 50+/PA+++ 16g,선케어,선크림
persona_1,821,0.6596410870552063,아이오페,하이드로 리프트 크림,스킨케어,크림
persona_1,822,0.6477274894714355,아이오페,슈퍼바이탈 에멀젼 150ml,기타,미분류
persona_1,823,0.6480697989463806,아이오페,바이오 컨디셔닝 클렌징 오일 인 젤 150ml,기타,미분류
persona_1,824,0.6490293145179749,아이오페,하이드로 리프트 에멀젼 150ml,기타,미분류
persona_1,825,0.6290460824966431,아이오페,UV 쉴드 선 앰플 SPF 50+/PA+++ 40ml,선케어,선크림
persona_1,826,0.6378505825996399,아이오페,맨 컴파운드 선 스크린 SPF 50+/PA++++ 50ml,선케어,선크림
persona_1,827,0.6409897804260254,아이오페,XMD 스템3 클리니컬 리커버리 세럼 30ml,스킨케어,세럼
persona_1,828,0.6431605219841003,아이오페,레티놀 엑스퍼트 0.1% 링클 코렉터 기획세트 20ml,기타,미분류
persona_1,829,0.6294263601303101,아이오페,UV 쉴드 선 스틱 SPF50+/PA++++ 20g,선케어,선크림
persona_1,830,0.6369799375534058,아이오페,XMD 스템3 클리니컬 리커버리 소프너 130ml,기타,미분류
persona_1,831,0.6337261199951172,아이오페,XMD 스템3 클리니컬 리커버리 에멀전 130ml,기타,미분류
persona_1,832,0.6414798498153687,아이오페,슈퍼바이탈 쿠션 이엑스 SPF 50+/PA+++,선케어,선크림
persona_1,833,0.6428293585777283,아이오페,맨 바이오 컨디셔닝 에센스 145ml,스킨케어,에센스
persona_1,834,0.6538833975791931,아이오페,하이드로 리프트 2종 세트,기타,미분류
persona_1,835,0.659640371799469,아이오페,슈퍼바이탈 3종 세트,기타,미분류
persona_1,836,0.6455814242362976,아이오페,하이드로 리프트 소프너 150ml,기타,미분류
persona_1,837,0.6530640721321106,아이오페,슈퍼바이탈 2종 세트,기타,미분류
persona_1,838,0.6486681699752808,아이오페,레티놀 레티젝션 세럼 30ml,스킨케어,세럼
persona_1,839,0.6615351438522339,아이오페,스킨 부스터 앰플 필 패드 8매입,스킨케어,앰플
persona_1,840,0.6563494801521301,아이오페,하이드로 리프트 세럼,스킨케어,세럼
persona_1,841,0.6261052489280701,아이오페,슈퍼바이탈 넥앤데콜테 크림 40ml,스킨케어,크림
persona_1,842,0.6486351490020752,아이오페,레티놀 0.1% 기획세트 + 월리 우프 무드등,기타,미분류
persona_1,843,0.6379791498184204,아이오페,레티놀 레티젝션 세럼 50ml 기획세트 + 월리 우프 무드등,스킨케어,세럼
persona_1,844,0.640040934085846,아이오페,브라이트닝 기미 에센스 기획세트 45ml,스킨케어,에센스
persona_1,845,0.6286478638648987,아이오페,맨 올데이 퍼펙트 올인원 기획세트 120ml,기타,미분류
persona_1,846,0.648248016834259,아이오페,XMD 스템3 클리니컬 리커버리 세럼 기획세트 50ml,스킨케어,세럼
persona_1,847,0.6386345028877258,아이오페,비타민C 엑스퍼트25% 토닝앰플 기획세트 23ml,스킨케어,앰플
persona_1,848,0.6364437341690063,아이오페,멀티 비타민 10% 얼티밋 토닝 겔 마스크,스킨케어,마스크팩
persona_1,849,0.6424872279167175,아이오페,레티놀 레티젝션 세럼 50ml,스킨케어,세럼
persona_1,850,0.6639467477798462,아이오페,레티놀 세럼 인 겔 마스크,스킨케어,마스크팩
persona_1,851,0.6629546284675598,아이오페,스킨 부스터 앰플 필 패드 기획세트,스킨케어,앰플
persona_1,852,0.6178643703460693,아이오페,비타민C 엑스퍼트 40% 마스크 컨센트레이트 15g,스킨케어,마스크팩
persona_1,853,0.6624948978424072,아이오페,바이오 컨디셔닝 에센스 하이드로 인핸싱 마스크 10매,스킨케어,마스크팩
persona_1,854,0.6510773301124573,아이오페,레티놀 슈퍼 바운스 세럼 50ml,스킨케어,세럼
persona_1,855,0.6467917561531067,아이오페,바이오 컨디셔닝 에센스 기획세트 84ml,스킨케어,에센스
persona_1,856,0.6572542786598206,에이피뷰티,에이피 프라임 리저브 리트리니티 메쉬 파운데이션 스펀지 2개입,기타,미분류
persona_1,857,0.6433130502700806,에이피뷰티,마이크로파인 인텐시브 크림 투 폼 클렌저 150g,스킨케어,크림
persona_1,858,0.6084891557693481,에이피뷰티,프라임 리저브 리트리니티 메쉬 파운데이션 12g,건기식,기능성식품
persona_1,859,0.6250211596488953,에이피뷰티,NEW 에이오 리부트 앤 리뉴 에센스 80ml,스킨케어,에센스
persona_1,860,0.6462468504905701,에이피뷰티,리쥬브네이팅 부스터 샷 엠디 세럼 30ml,스킨케어,세럼
persona_1,861,0.6477035880088806,에이피뷰티,에이피 리파이닝 파우더 투 폼 클렌저 55g,건기식,기능성식품
persona_1,862,0.6258420944213867,에이피뷰티,에이오 트리플 디펜스 에어리 선 세럼 40ml,스킨케어,세럼
persona_1,863,0.6452012658119202,에이피뷰티,에이피 에이오 리부트 앤 리뉴 에센스 150ml,스킨케어,에센스
persona_1,864,0.6395237445831299,에이피뷰티,에이피 얼티밋 오일 투 밀크 클렌저 200ml,기타,미분류
persona_1,865,0.6540636420249939,에이피뷰티,프라임 리저브 리트리니 메쉬 파운데이션 케이스,기타,미분류
persona_1,866,0.6428824663162231,에이피뷰티,퍼밍 앤 래디언스 플럼핑 에멀전 150ml,기타,미분류
persona_1,867,0.6428824663162231,에이피뷰티,퍼밍 앤 래디언스 플럼핑 로션 150ml,기타,미분류
persona_1,868,0.6307119727134705,에이피뷰티,에이피 에이오 리부트 앤 리뉴 더블 컨센트레이트 40ml,기타,미분류
persona_1,869,0.6431477069854736,에이피뷰티,에이피 듀얼 리페어 리프트 크림 30ml,스킨케어,크림
persona_1,870,0.6439647078514099,에이피뷰티,에이피 프라임 리저브 리트리니티 세럼 30ml,스킨케어,세럼
persona_1,871,0.6624594926834106,에이피뷰티,에이피 리프트 앤 펌 듀얼 아이 트리트먼트,기타,미분류
persona_1,872,0.6329017877578735,에이피뷰티,듀얼 리페어 리프트 크림 마스크 5매 23g*5,스킨케어,마스크팩
persona_1,873,0.6598353385925293,에이피뷰티,에이피 에이오 리부트 앤 리뉴 크림,스킨케어,크림
persona_1,874,0.64844810962677,에이피뷰티,에이피 프라임 리저브 리트리니티 에센스 로션 150ml,스킨케어,에센스
persona_1,875,0.6612302660942078,에이피뷰티,에이피 리프트 앤 리뉴 더블 샷 프로그램 1ea,기타,미분류
persona_1,876,0.6480193734169006,에이피뷰티,리서페이싱 앤 리페어 에센스 150ml,스킨케어,에센스
persona_1,877,0.6463168859481812,에이피뷰티,에이피 프라임 리저브 리트리니티 크림 50ml,스킨케어,크림
persona_1,878,0.6484405398368835,에이피뷰티,에이피 프라임 리저브 리트리니티 크림 50ml,스킨케어,크림
persona_1,879,0.6390429139137268,에이피뷰티,에이피 프라임 리저브 리트리니티 아이 앤 익스프레션 크림 20ml,스킨케어,크림
persona_1,880,0.6338500380516052,에이피뷰티,에이피 듀얼 리페어 리프트 리퀴드 크림 120ml,스킨케어,크림
persona_1,881,0.6403791308403015,에이피뷰티,에이피 듀얼 리페어 리프트 크림 50 ml,스킨케어,크림
persona_1,882,0.6629895567893982,에이피뷰티,퍼밍 앤 래디언스 플럼핑 듀오,기타,미분류
persona_1,883,0.626090943813324,에이피뷰티,프라임 리저브 리트리니티 메쉬 파운데이션 22N + 에이오 트리플 디펜스 에어리 선 세럼 40ml,스킨케어,세럼
persona_1,884,0.626090943813324,에이피뷰티,프라임 리저브 리트리니티 메쉬 파운데이션 21N + 에이오 트리플 디펜스 에어리 선 세럼 40ml,스킨케어,세럼
persona_1,885,0.626090943813324,에이피뷰티,프라임 리저브 리트리니티 메쉬 파운데이션 17C + 에이오 트리플 디펜스 에어리 선 세럼 40ml,스킨케어,세럼
persona_1,886,0.6462468504905701,에이피뷰티,리쥬브네이팅 부스터 샷 엠디 세럼 30ml,스킨케어,세럼
persona_1,887,0.6490232348442078,에이피뷰티,리쥬브네이팅 트리트먼트 엠디 크림 50ml,스킨케어,크림
persona_1,888,0.661081075668335,에이피뷰티,프라임 리저브 리트리니티 메쉬 파운데이션 22N+블랙 케이스,기타,미분류
persona_1,889,0.6620021462440491,에이피뷰티,프라임 리저브 리트리니티 메쉬 파운데이션 21N+ 블랙 케이스,기타,미분류
persona_1,890,0.6180903315544128,에이피뷰티,프라임 리저브 리트리니티 메쉬 파운데이션 17C+ 블랙 케이스 12g,건기식,기능성식품
persona_1,891,0.6526570916175842,에이피뷰티,에이피 리프트 앤 리뉴 더블 샷 프로그램 3ea,기타,미분류
persona_1,892,0.6377559900283813,에이피뷰티,에이피 프라임 리저브 리트리니티 아이 앤 익스프레션 크림 20ml,스킨케어,크림
persona_1,893,0.6652727127075195,일리윤,NEW  세라마이드 아토 로션 564ml,기타,미분류
persona_1,894,0.6482354998588562,일리윤,울트라 리페어 로션 528ml,기타,미분류
persona_1,895,0.6599328517913818,일리윤,히알루론 모이스춰 수분크림 100ml,스킨케어,크림
persona_1,896,0.6382418870925903,일리윤,세라마이드 아토 집중 크림 230ml,스킨케어,크림
persona_1,897,0.646632730960846,일리윤,세라마이드 아토 6.0 탑투토워시 500ml,기타,미분류
persona_1,898,0.6429855823516846,일리윤,세라마이드 아토 로션 350ml,기타,미분류
persona_1,899,0.6447830200195312,일리윤,세라마이드 아토 6.0 탑투토워시 500ml,기타,미분류
persona_1,900,0.6452999711036682,일리윤,울트라 리페어 로션 350ml,기타,미분류
persona_1,901,0.6457228064537048,일리윤,세라마이드 아토 집중 크림 500ml,스킨케어,크림
persona_1,902,0.6448065042495728,일리윤,프레쉬 모이스춰 바디워시 500ml,바디,바디케어
persona_1,903,0.6407866477966309,일리윤,레드이치 케어크림 330ml,스킨케어,크림
persona_1,904,0.6548070311546326,일리윤,저자극 이지워시 선크림 SPF50+/PA++++ 150ml,선케어,선크림
persona_1,905,0.6439581513404846,일리윤,울트라 리페어 딥 모이스춰 워시 500ml,기타,미분류
persona_1,906,0.6307622194290161,일리윤,세라마이드 아토 6.0 탑투토워시 1000ml,기타,미분류
persona_1,907,0.6281040906906128,일리윤,세라마이드 아토 속보습 스킨 250ml,기타,미분류
persona_1,908,0.6560840606689453,일리윤,레드이치 케어크림 75ml,스킨케어,크림
persona_1,909,0.6365278959274292,일리윤,레드이치 케어오일 200ml,기타,미분류
persona_1,910,0.6677004098892212,일리윤,세라마이드 아토 여행용 키트,기타,미분류
persona_1,911,0.6417457461357117,일리윤,프로바이오틱스 스킨 배리어 약산성 여성청결제 300ml,기타,미분류
persona_1,912,0.6484875679016113,일리윤,프레쉬 모이스춰 립앤아이 리무버 300ml,클렌징,리무버
persona_1,913,0.6477369070053101,일리윤,레드이치 큐어밤 60ml,스킨케어,크림
persona_1,914,0.6334162354469299,일리윤,세라마이드 아토 버블워시 앤 샴푸 900ml,기타,미분류
persona_1,915,0.624411404132843,일리윤,레드이치 케어크림 128ml,스킨케어,크림
persona_1,916,0.645226001739502,일리윤,프레쉬 모이스춰 로션 350ml,기타,미분류
persona_1,917,0.6443225741386414,일리윤,울트라 리페어 인텐시브 케어 크림 200ml,스킨케어,크림
persona_1,918,0.6263107061386108,일리윤,젠틀 딥 립앤아이 리무버 140ml,클렌징,리무버
persona_1,919,0.6405217051506042,일리윤,세라마이드 아토 수딩 젤 175ml,기타,미분류
persona_1,920,0.637920081615448,일리윤,세라마이드 아토 5.0 젠틀스킨클렌져 400ml,기타,미분류
persona_1,921,0.6562466025352478,일리윤,무기자차 장벽 선크림 SPF50+/PA++++ 50ml,선케어,선크림
persona_1,922,0.6384639739990234,일리윤,데일리 무기자차 선스틱 SPF50+/PA++++ 20g,선케어,선크림
persona_1,923,0.646734893321991,일리윤,세라마이드 아토 로션 508ml,기타,미분류
persona_1,924,0.6356147527694702,일리윤,튼살크림 330ml,스킨케어,크림
persona_1,925,0.6267786026000977,일리윤,시카 아크네 클리어 필링 스크럽 200g,건기식,기능성식품
persona_1,926,0.6358950734138489,일리윤,시카 아크네 클리어 바디 워시 400ml,바디,바디케어
persona_1,927,0.6355583071708679,일리윤,젠틀 딥 클렌징 오일 250ml,기타,미분류
persona_1,928,0.6309473514556885,일리윤,시카 트러블 클리어 바디 미스트 200ml,바디,바디케어
persona_1,929,0.6307267546653748,일리윤,젠틀 딥 페이셜 클렌저 250ml,기타,미분류
persona_1,930,0.6507481336593628,일리윤,프로바이오틱스 스킨 배리어 젠틀 클렌저 300ml,기타,미분류
persona_1,931,0.6345729827880859,일리윤,세라마이드 아토 버블워시 앤 샴푸 400ml,기타,미분류
persona_1,932,0.6619464159011841,일리윤,히알루론 모이스춰 수분크림,스킨케어,크림
persona_1,933,0.6695826649665833,일리윤,세라마이드 아토 탑투토워시 본품+리필 SET,기타,미분류
persona_1,934,0.6681939959526062,일리윤,세라마이드 아토 로션 2입 SET,기타,미분류
persona_1,935,0.6336236596107483,일리윤,인텐시브 세라마이드 비건 립 마스크 7g,스킨케어,마스크팩
persona_1,936,0.6692582368850708,일리윤,울트라 리페어 인텐시브 케어 크림,스킨케어,크림
persona_1,937,0.6659023761749268,일리윤,울트라 리페어 로션,기타,미분류
persona_1,938,0.6700243353843689,일리윤,울트라 리페어 딥 모이스춰 워시,기타,미분류
persona_1,939,0.6681571006774902,일리윤,울트라 리페어 로션,기타,미분류
persona_1,940,0.662317156791687,일리윤,데일리 무기자차 선스틱 SPF50+/PA++++,선케어,선크림
persona_1,941,0.6682201027870178,일리윤,레드이치 케어크림,스킨케어,크림
persona_1,942,0.6653771996498108,일리윤,레드이치 고보습 워시,기타,미분류
persona_1,943,0.6682170629501343,일리윤,레드이치 케어오일,기타,미분류
persona_1,944,0.6661748290061951,일리윤,레드이치 케어크림,스킨케어,크림
persona_1,945,0.6384286284446716,일리윤,세라마이드 아토 집중 크림 230ml,스킨케어,크림
persona_1,946,0.6551579236984253,일리윤,레드이치 크림 + 고보습 워시,스킨케어,크림
persona_1,947,0.6387070417404175,일리윤,세라마이드 아토 집중크림 230ml,스킨케어,크림
persona_1,948,0.6653610467910767,일리윤,세라마이드 아토 로션,기타,미분류
persona_1,949,0.6712099313735962,일리윤,무기자차 장벽 선크림 SPF50+/PA++++,선케어,선크림
persona_1,950,0.6714484691619873,일리윤,저자극 이지워시 선크림 SPF50+/PA++++,선케어,선크림
persona_1,951,0.6686452031135559,일리윤,세라마이드 아토 수딩 젤,기타,미분류
persona_1,952,0.6669871211051941,일리윤,프레쉬 모이스춰 바디워시,바디,바디케어
persona_1,953,0.6614118218421936,일리윤,세라마이드 아토 로션 564ml,기타,미분류
persona_1,954,0.6384519934654236,일리윤,레드이치 고보습 워시 470g,건기식,기능성식품
persona_1,955,0.6491271257400513,일리윤,세라마이드 무향 비건 립밤 3.2g,스킨케어,크림
persona_1,956,0.6515858769416809,일리윤,세라마이드 무향 비건 핸드크림 50ml,스킨케어,크림
persona_1,957,0.6651743054389954,이니스프리,레티놀 PDRN 앰플 겔 마스크 1매,스킨케어,마스크팩
persona_1,958,0.6515664458274841,이니스프리,한란 핸드 크림 50ml,스킨케어,크림
persona_1,959,0.6369071006774902,이니스프리,그린티 아미노 수분 클렌징 폼 150g,건기식,기능성식품
persona_1,960,0.6654524803161621,이니스프리,NEW 세럼/앰플 겔 마스크,스킨케어,마스크팩
persona_1,961,0.6656012535095215,이니스프리,비타C 그린티 엔자임 세럼 겔 마스크 1매,스킨케어,마스크팩
persona_1,962,0.6486433148384094,이니스프리,마이 퍼퓸드 핸드크림 30ml,스킨케어,크림
persona_1,963,0.6666533350944519,이니스프리,고급 종이 면봉 150P,기타,미분류
persona_1,964,0.6616359949111938,이니스프리,New 납작 아이브로우 펜슬,메이크업,아이브로우
persona_1,965,0.6656012535095215,이니스프리,레티놀 시카 리페어 앰플 겔 마스크 1매,스킨케어,마스크팩
persona_1,966,0.6427090167999268,이니스프리,그린티 아미노 수분 클렌징 오일 150ml,기타,미분류
persona_1,967,0.6440247893333435,이니스프리,노세범 미네랄 파우더 5g,건기식,기능성식품
persona_1,968,0.6360622048377991,이니스프리,그린티 아미노 수분 클렌징 워터 320ml,기타,미분류
persona_1,969,0.6524959206581116,이니스프리,블랙티 유스 인핸싱 앰플 마스크 28ml,스킨케어,마스크팩
persona_1,970,0.644454836845398,이니스프리,유채꿀 립밤  3.5g,스킨케어,크림
persona_1,971,0.6342658996582031,이니스프리,그린티 세라마이드 밀크 에센스 160ml,스킨케어,에센스
persona_1,972,0.6370645761489868,이니스프리,듀이 틴트 립밤 3.2g,메이크업,립틴트
persona_1,973,0.6440247893333435,이니스프리,노세범 모이스처 파우더 5g,건기식,기능성식품
persona_1,974,0.6616089940071106,이니스프리,비타C 그린티 엔자임세럼 기획세트,스킨케어,세럼
persona_1,975,0.6520615816116333,이니스프리,그린티 씨드 히알루론산 크림 50ml,스킨케어,크림
persona_1,976,0.6369071006774902,이니스프리,화산송이 모공 바하 클렌징 폼 150g,건기식,기능성식품
persona_1,977,0.6349729895591736,이니스프리,노세범 미네랄 팩트 8.5g,스킨케어,마스크팩
persona_1,978,0.6681007742881775,이니스프리,레티놀 PDRN 앰플 겔 마스크 6매,스킨케어,마스크팩
persona_1,979,0.6349508166313171,이니스프리,스페셜케어마스크 풋 20ml,스킨케어,마스크팩
persona_1,980,0.6624119877815247,이니스프리,그린티 데일리 수딩 마스크 30매,스킨케어,마스크팩
persona_1,981,0.6383288502693176,이니스프리,화산송이 모공 바하 클렌징폼  250g,건기식,기능성식품
persona_1,982,0.6568188667297363,이니스프리,올리브 비타민 E 리얼 오일 미스트 75ml,기타,미분류
persona_1,983,0.6638875603675842,이니스프리,눈썹 수정칼 2P,건기식,기능성식품
persona_1,984,0.6350741982460022,이니스프리,그린티 씨드 히알루론산 세럼 대용량 130ml,스킨케어,세럼
persona_1,985,0.634904682636261,이니스프리,퍼펙트 9 인텐시브 아이크림 30ml,스킨케어,크림
persona_1,986,0.6596668362617493,이니스프리,올리브 비타민 E 리얼 클렌징 티슈 30매,기타,미분류
persona_1,987,0.6245321035385132,이니스프리,마이 퍼퓸드 핸드크림 80ml,스킨케어,크림
persona_1,988,0.6350022554397583,이니스프리,그린티 히알루론산 스킨 170ml,기타,미분류
persona_1,989,0.6532562971115112,이니스프리,노세범 블러 프라이머 25ml,기타,미분류
persona_1,990,0.6618947386741638,이니스프리,블랙티 유스 인핸싱 앰플 대용량 단품 세트,스킨케어,앰플
persona_1,991,0.6232070326805115,이니스프리,그린티 씨드 히알루론산 크림  80ml,스킨케어,크림
persona_1,992,0.6442580819129944,이니스프리,블랙티 유스 인핸싱 오일 30ml,기타,미분류
persona_1,993,0.6687546968460083,이니스프리,파우더 퍼프 1ea,기타,미분류
persona_1,994,0.6324750185012817,이니스프리,퍼펙트 9 인텐시브 크림 60ml,스킨케어,크림
persona_1,995,0.6406886577606201,이니스프리,노세범 AC 파우더 5g,건기식,기능성식품
persona_1,996,0.644454836845398,이니스프리,유채꿀 립밤  3.5g,스킨케어,크림
persona_1,997,0.6349508166313171,이니스프리,스페셜케어마스크 핸드 20ml,스킨케어,마스크팩
persona_1,998,0.6511810421943665,이니스프리,블랙티 유스 인핸싱 크림 50ml,스킨케어,크림
persona_1,999,0.6640871167182922,이니스프리,화산송이 한지 기름종이 50매,기타,미분류
persona_1,1000,0.644561767578125,이니스프리,비자 트러블 클렌징폼 150g,건기식,기능성식품
persona_1,1001,0.6291650533676147,이니스프리,그린티 히알루론산 로션 170ml,기타,미분류
persona_1,1002,0.632388174533844,이니스프리,비타C 그린티 엔자임 잡티 토닝 패드 60매/170ml,기타,미분류
persona_1,1003,0.6426297426223755,이니스프리,라이트 피팅 메이크업 베이스 SPF23/PA++ 30ml,선케어,선크림
persona_1,1004,0.6476549506187439,이니스프리,그린티 히알루론산 미스트 150ml,기타,미분류
persona_1,1005,0.6463979482650757,이니스프리,레티놀 시카 흔적 장벽 크림 50ml,스킨케어,크림
persona_1,1006,0.6378092169761658,이니스프리,그린티 세라마이드 밀크 에센스 리필 160ml,스킨케어,에센스
persona_1,1007,0.6421434879302979,이니스프리,한란 아이 크림 30ml,스킨케어,크림
persona_1,1008,0.6465467810630798,이니스프리,파워프루프 라이너  0.6g,메이크업,아이라이너
persona_1,1009,0.6311561465263367,이니스프리,올리브 비타민 E 리얼 스킨 170ml,기타,미분류
persona_1,1010,0.6267603039741516,이니스프리,그린티 씨드 히알루론산 세럼 80ml,스킨케어,세럼
persona_1,1011,0.6328915953636169,이니스프리,레티놀 그린티 PDRN 스킨부스터 토너 170ml,기타,미분류
persona_1,1012,0.637425422668457,이니스프리,올리브 비타민 E 리얼 로션 170ml,기타,미분류
persona_1,1013,0.6322776675224304,이니스프리,그린티 씨드 히알루론산 세럼 리필 80ml,스킨케어,세럼
persona_1,1014,0.6549394726753235,이니스프리,그린티 히알루론산 진정수분 선세럼 AD SPF50/PA++++ 50ml,선케어,선크림
persona_1,1015,0.6547785401344299,이니스프리,수퍼 화산송이 쿨민초 모공팩 100ml,스킨케어,마스크팩
persona_1,1016,0.6496787667274475,이니스프리,비타C 잡티 톤업 선스크린 SPF50+/PA++++ 50ml,선케어,선크림
persona_1,1017,0.651786208152771,이니스프리,레티놀 그린티 PDRN 스킨부스터 앰플 25ml,스킨케어,앰플
persona_1,1018,0.6520615816116333,이니스프리,올리브 비타민e 리얼 크림 50ml,스킨케어,크림
persona_1,1019,0.6258612275123596,이니스프리,그린티 히알루론산 글로우 아이&페이스볼 10ml,기타,미분류
persona_1,1020,0.6609157919883728,이니스프리,그린티 씨드 히알루론산 스킨케어 세트,건기식,기능성식품
persona_1,1021,0.6523779034614563,이니스프리,애플씨드 립 앤 아이 메이크업 리무버 100ml,클렌징,리무버
persona_1,1022,0.6317575573921204,이니스프리,블랙티 유스 인핸싱 로션 170ml,기타,미분류
persona_1,1023,0.6537052392959595,이니스프리,비타C 엔자임 잡티 토닝 크림 50ml,스킨케어,크림
persona_1,1024,0.6491304636001587,이니스프리,한란인리치드크림 50ml,스킨케어,크림
persona_1,1025,0.6337281465530396,이니스프리,국화 여성 청결제 200ml,기타,미분류
persona_1,1026,0.6544062495231628,이니스프리,왕벚꽃 글로우 스킨핏 톤업크림 SPF50 / PA++++ 50ml,선케어,선크림
persona_1,1027,0.6470170021057129,이니스프리,애플씨드 클렌징 크림 150ml,스킨케어,크림
persona_1,1028,0.6263159513473511,이니스프리,레티놀 그린티 PDRN 스킨부스터 앰플 40ml,스킨케어,앰플
persona_1,1029,0.6317512392997742,이니스프리,레티놀 시카 흔적 패드 60매/170ml,기타,미분류
persona_1,1030,0.6059144735336304,이니스프리,노세범 파우더 쿠션 SPF35/PA++ 14g,선케어,선크림
persona_1,1031,0.6520615816116333,이니스프리,그린티 씨드 히알루론산 크림  50ml,스킨케어,크림
persona_1,1032,0.6319126486778259,이니스프리,포레스트 포맨 쉐이빙 & 클렌징 폼 150g,건기식,기능성식품
persona_1,1033,0.6547785401344299,이니스프리,수퍼 화산송이 모공 마스크 100ml,스킨케어,마스크팩
persona_1,1034,0.6475111246109009,이니스프리,비타C 엔자임 잡티 토닝 크림 리필 50ml,스킨케어,크림
persona_1,1035,0.6238383054733276,이니스프리,청보리 마일드 필링젤 120ml,기타,미분류
persona_1,1036,0.6400839686393738,이니스프리,아일넘버 바디로션 씨즈더모먼트 300ml,바디,바디케어
persona_1,1037,0.6379221677780151,이니스프리,마이퍼퓸드바디 코튼플라워 바디로션 330ml,바디,바디케어
persona_1,1038,0.6562850475311279,이니스프리,포레스트 센서티브 올인원 에센스 100ml,스킨케어,에센스
persona_1,1039,0.6445978283882141,이니스프리,톤업 노세범 선스크린 EX SPF50+/PA++++ 60ml,선케어,선크림
persona_1,1040,0.6134661436080933,이니스프리,노세범 파우더 쿠션 리필 SPF35/PA++ 14g,선케어,선크림
persona_1,1041,0.6383288502693176,이니스프리,그린티 아미노 수분 클렌징폼  250g,건기식,기능성식품
persona_1,1042,0.650335967540741,이니스프리,콜라겐 그린티 세라마이드 탄력장벽 크림 리필 50ml,스킨케어,크림
persona_1,1043,0.6276812553405762,이니스프리,링클 사이언스 스팟 트리트먼트 40ml,기타,미분류
persona_1,1044,0.6313270926475525,이니스프리,한란로션 170ml,기타,미분류
persona_1,1045,0.6503848433494568,이니스프리,심플라벨 워터프루프 펜슬라이너 0.1g,메이크업,아이라이너
persona_1,1046,0.6379221677780151,이니스프리,마이퍼퓸드바디 그린텐저린 바디로션 330ml,바디,바디케어
persona_1,1047,0.6562850475311279,이니스프리,포레스트 안티에이징 올인원 에센스 100ml,스킨케어,에센스
persona_1,1048,0.6379554867744446,이니스프리,비타C 그린티 엔자임 잡티 토닝 세럼 30ml,스킨케어,세럼
persona_1,1049,0.6370645761489868,이니스프리,듀이 트리트먼트 립밤 3.2g,스킨케어,크림
persona_1,1050,0.652337908744812,이니스프리,유브이 액티브 포어리스 선스크린 SPF50+/PA++++ 50ml,선케어,선크림
persona_1,1051,0.659002959728241,이니스프리,레티놀 시카 앰플 포커싱 패치 1개입 9매,스킨케어,앰플
persona_1,1052,0.6464921236038208,이니스프리,알로에 리바이탈라이징 수딩젤 300ml,기타,미분류
persona_1,1053,0.6273224949836731,이니스프리,라이트 피팅 컨실러 다크서클 커버 7g,건기식,기능성식품
persona_1,1054,0.6469839811325073,이니스프리,한란인리치드에센스 50ml,스킨케어,에센스
persona_1,1055,0.6381450891494751,이니스프리,아일넘버 바디워시 씨즈더모먼트 300ml,바디,바디케어
persona_1,1056,0.6392075419425964,이니스프리,스키니 꼼꼼카라 3.5g,건기식,기능성식품
persona_1,1057,0.6473813652992249,이니스프리,파워프루프 브러시 라이너 0.6g,메이크업,아이라이너
persona_1,1058,0.6518353819847107,이니스프리,히알루론 수분 선크림 SPF50+/PA++++ 50ml,선케어,선크림
persona_1,1059,0.6432406902313232,이니스프리,애플씨드 클렌징 오일 150ml,기타,미분류
persona_1,1060,0.6442580819129944,이니스프리,레티놀 시카 흔적 앰플 30ml,스킨케어,앰플
persona_1,1061,0.6442580819129944,이니스프리,블랙티 유스 인핸싱 앰플 30ml,스킨케어,앰플
persona_1,1062,0.6437599062919617,이니스프리,블랙티 유스 인핸싱 트리트먼트 에센스 145ml,스킨케어,에센스
persona_1,1063,0.6543888449668884,이니스프리,블랙티 유스 인핸싱 트리트먼트 에센스 75ml,스킨케어,에센스
persona_1,1064,0.6078563332557678,이니스프리,노세범 선쿠션 이엑스 SPF50+/PA++++ 14g,선케어,선크림
persona_1,1065,0.6426348090171814,이니스프리,하우스 스펀지 6p,기타,미분류
persona_1,1066,0.6454127430915833,이니스프리,콜라겐 그린티 세라마이드 탄력 장벽 크림 50ml,스킨케어,크림
persona_1,1067,0.6103085875511169,이니스프리,포어 블러 파우더 11g,건기식,기능성식품
persona_1,1068,0.6298841238021851,이니스프리,에어리매트 틴트 3.8g,메이크업,립틴트
persona_1,1069,0.6413100361824036,이니스프리,라이트 피팅 파운데이션 SPF20/PA++ 30ml,선케어,선크림
persona_1,1070,0.6347978711128235,이니스프리,스키니 꼼꼼카라 Zero 3.5g,건기식,기능성식품
persona_1,1071,0.6445978283882141,이니스프리,인텐시브 롱래스팅 선스크린 EX SPF50+/PA++++ 60ml,선케어,선크림
persona_1,1072,0.6580151915550232,이니스프리,비자 트러블 로션 100ml,기타,미분류
persona_1,1073,0.6333367228507996,이니스프리,블랙티 유스 인핸싱 스킨 170ml,기타,미분류
persona_1,1074,0.6412587761878967,이니스프리,그린티 스킨 포맨 150ml,기타,미분류
persona_1,1075,0.628807783126831,이니스프리,한란스킨 170ml,기타,미분류
persona_1,1076,0.6392552256584167,이니스프리,마이퍼퓸드바디 코튼플라워바디클렌저 330ml,바디,바디케어
persona_1,1077,0.6379323601722717,이니스프리,퍼펙트 9 인텐시브 세럼 50ml,스킨케어,세럼
persona_1,1078,0.6322045922279358,이니스프리,퍼펙트 9 인텐시브 스킨 200ml,기타,미분류
persona_1,1079,0.6250338554382324,이니스프리,비자 시카 밤 EX 40ml,스킨케어,크림
persona_1,1080,0.6350022554397583,이니스프리,비자 트러블 토너 170ml,기타,미분류
persona_1,1081,0.6574429273605347,이니스프리,레티놀 시카 앰플 듀오 SET,스킨케어,앰플
persona_1,1082,0.6518353819847107,이니스프리,히알루론 수분 선크림 SPF50+/PA++++ 50ml,선케어,선크림
persona_1,1083,0.6412587761878967,이니스프리,그린티 로션 포맨 150ml,기타,미분류
persona_1,1084,0.6450732946395874,이니스프리,왕벚꽃 글로우 톤업 크림 50ml,스킨케어,크림
persona_1,1085,0.6336923241615295,이니스프리,스키니 브로우카라 4g,메이크업,아이브로우
persona_1,1086,0.6425684094429016,이니스프리,화산송이 모공 바하 클렌징 오일 150ml,기타,미분류
persona_1,1087,0.6279357671737671,이니스프리,인텐시브 레져 선스틱 SPF50+/PA++++ 18g,선케어,선크림
persona_1,1088,0.6392908692359924,이니스프리,올리브 비타민 E 리얼 클렌징폼 150g,건기식,기능성식품
persona_1,1089,0.6507516503334045,이니스프리,실키 파우더 블러쉬 6.2g,건기식,기능성식품
persona_1,1090,0.6471156477928162,이니스프리,애플씨드 버블 클렌저 150ml,기타,미분류
persona_1,1091,0.637425422668457,이니스프리,화산송이 파하 모공 매끈결 토너 170ml,기타,미분류
persona_1,1092,0.6392552256584167,이니스프리,마이퍼퓸드바디 워터릴리바디클렌저 330ml,바디,바디케어
persona_1,1093,0.6059144735336304,이니스프리,라이트 글로우 쿠션 SPF26/PA++ 14g,선케어,선크림
persona_1,1094,0.6385279893875122,이니스프리,비자 시카 밤 EX 대용량 70ml,스킨케어,크림
persona_1,1095,0.5995577573776245,이니스프리,퍼펙트 9 인텐시브 스킨케어 세트  퍼펙트 9 인텐시브 스킨 200ml+ 퍼펙트 9 인텐시브 로션 160ml &  세럼 5ml + 크림 10ml + 아이크림 5ml,스킨케어,세럼
persona_1,1096,0.644454836845398,이니스프리,유채꿀 립밤 3.5g,스킨케어,크림
persona_1,1097,0.62938392162323,이니스프리,포어 블러 팩트 12.5g,스킨케어,마스크팩
persona_1,1098,0.6383476853370667,이니스프리,아일 넘버 바디앤핸드워시 웜앤퍼지스 300ml,바디,바디케어
persona_1,1099,0.649861216545105,이니스프리,아일넘버 핸드크림 씨즈더모먼트 50ml,스킨케어,크림
persona_1,1100,0.6392552256584167,이니스프리,마이퍼퓸드바디 그린텐저린바디클렌저 330ml,바디,바디케어
persona_1,1101,0.6349407434463501,이니스프리,포레스트 프레시 스킨 180ml,기타,미분류
persona_1,1102,0.6316431164741516,이니스프리,포레스트 프레시 로션 140ml,기타,미분류
persona_1,1103,0.6098147630691528,이니스프리,블랙티 유스 인핸싱 스킨 케어 세트  블랙티 유스 인핸싱 스킨 170ml + 블랙티 유스 인핸싱 로션 170ml&  스킨 15ml + 로션 15ml + 앰플 12ml,스킨케어,앰플
persona_1,1104,0.6266559958457947,이니스프리,퍼펙트 9 인텐시브 로션 160ml,기타,미분류
persona_1,1105,0.6445978283882141,이니스프리,톤업 노세범 선스크린 EX SPF50+/PA++++ 60ml,선케어,선크림
persona_1,1106,0.6294109225273132,이니스프리,비타C 엔자임 잡티 토닝 크림  80ml,스킨케어,크림
persona_1,1107,0.630680501461029,이니스프리,화산송이 모공 듀얼 마스크 110ml,스킨케어,마스크팩
persona_1,1108,0.6450926661491394,이니스프리,올리브 비타민E 리얼 클렌징 오일 150ml,기타,미분류
persona_1,1109,0.6379221677780151,이니스프리,마이퍼퓸드바디 워터릴리 바디로션 330ml,바디,바디케어
persona_1,1110,0.6396782994270325,이니스프리,스컬프팅 파우더 쉐이딩 6.8g,건기식,기능성식품
persona_1,1111,0.6653090119361877,이니스프리,포레스트 프레시 스킨 로션 2종 세트,기타,미분류
persona_1,1112,0.6349404454231262,이니스프리,심플라벨 래스팅 펜슬 브로우 0.15g,메이크업,아이브로우
persona_1,1113,0.6408998966217041,이니스프리,심플라벨 마스카라 7.5g,메이크업,마스카라
persona_1,1114,0.6134661436080933,이니스프리,라이트 글로우 쿠션 리필 SPF26/PA++ 14g,선케어,선크림
persona_1,1115,0.6556499004364014,이니스프리,포레스트 포어 케어 올인원 에센스 100ml,스킨케어,에센스
persona_1,1116,0.6345654726028442,이니스프리,청보리 마일드 필링 토너 250ml,기타,미분류
persona_1,1117,0.6263256072998047,이니스프리,레티놀 PDRN 앰플 기획세트 40ml,스킨케어,앰플
persona_1,1118,0.6473490595817566,이니스프리,레티놀 시카 앰플 기획세트 50ml,스킨케어,앰플
persona_1,1119,0.6532465815544128,이니스프리,그린티 씨드 히알루론산 크림 기획세트,스킨케어,크림
persona_1,1120,0.6565386652946472,이니스프리,마이 퍼퓸드 핸드크림 세트,스킨케어,크림
persona_1,1121,0.6263256072998047,이니스프리,레티놀 PDRN 앰플 기획세트 40ml,스킨케어,앰플
persona_1,1122,0.6345176696777344,이니스프리,그린티 밀크 에센스 160ml 더블 기획세트,스킨케어,에센스
persona_1,1123,0.6494193077087402,이니스프리,이니스프리 클렌징 폼,기타,미분류
persona_1,1124,0.6364494562149048,이니스프리,스페셜 케어 마스크  20ml,스킨케어,마스크팩
persona_1,1125,0.6226714849472046,이니스프리,그린티 세라마이드 크림 80ml,스킨케어,크림
persona_1,1126,0.6515085101127625,이니스프리,그린티 세라마이드 크림 50ml,스킨케어,크림
persona_1,1127,0.6515085101127625,이니스프리,그린티 세라마이드 크림 50ml,스킨케어,크림
persona_1,1128,0.6520615816116333,이니스프리,그린티 씨드 히알루론산 크림 50ml,스킨케어,크림
persona_1,1129,0.6440885663032532,이니스프리,톤업 워터링 선스크린 SPF50+/PA++++ 60ml,선케어,선크림
persona_1,1130,0.6348300576210022,이니스프리,스마트 블렌더  1p,기타,미분류
persona_1,1131,0.6458317637443542,이니스프리,쉬어 글로이 하이라이터 5.5g,건기식,기능성식품
persona_1,1132,0.6671883463859558,이니스프리,일반 화장솜 80매,기타,미분류
persona_1,1133,0.643355667591095,이니스프리,그린펫클럽 꼼꼼 워터리스 발세정제  150ml,기타,미분류
persona_1,1134,0.6505486965179443,이니스프리,아일 넘버 핸드크림 웜앤퍼지스 50ml,스킨케어,크림
persona_1,1135,0.6473813652992249,이니스프리,파워프루프 펜 라이너 0.6g,메이크업,아이라이너
persona_1,1136,0.6450732946395874,이니스프리,왕벚꽃 글로우 젤리 크림 50ml,스킨케어,크림
persona_1,1137,0.6412338018417358,이니스프리,스퀴즈 에너지 마스크 1매 22ml,스킨케어,마스크팩
persona_1,1138,0.6473490595817566,이니스프리,레티놀 시카 흔적 앰플 50ml,스킨케어,앰플
persona_1,1139,0.6646274924278259,메디안,그린프로폴리스 치약 100g*3,건기식,기능성식품
persona_1,1140,0.6635269522666931,메디안,이지클린 센서티브 칫솔 4입,기타,미분류
persona_1,1141,0.6665657758712769,메디안,소금의 명작 치약,기타,미분류
persona_1,1142,0.6282131671905518,메디안,후레쉬 치약 3입  120g*3,건기식,기능성식품
persona_1,1143,0.6542103886604309,메디안,잇몸과학 치약 3입,기타,미분류
persona_1,1144,0.6564458012580872,메디안,NEW 치석케어칫솔 4입,기타,미분류
persona_1,1145,0.6670812964439392,메디안,대나무숯 담은 칫솔 미세모 4입,기타,미분류
persona_1,1146,0.6560892462730408,메디안,듀얼이펙션 칫솔 4입 미세모,기타,미분류
persona_1,1147,0.6610074639320374,메디안,닥터메디안 멀티케어 치약,기타,미분류
persona_1,1148,0.6696902513504028,메디안,송천염 치약,기타,미분류
persona_1,1149,0.6600586175918579,메디안,젠티스트 치약 핑크 2입,기타,미분류
persona_1,1150,0.6350583434104919,메디안,구취과학 치약 프리징쿨 3입  120g*3,건기식,기능성식품
persona_1,1151,0.6628790497779846,메디안,그래핀 칫솔 4+1입,기타,미분류
persona_1,1152,0.6665657758712769,메디안,녹차의 명작 치약,기타,미분류
persona_1,1153,0.6625045537948608,메디안,미백과학 치약 플럼민트향,기타,미분류
persona_1,1154,0.6662201285362244,메디안,닥터메디안 칫솔 5+5입,기타,미분류
persona_1,1155,0.6526320576667786,메디안,365DAYS step3 충치 불소 어린이 펌핑 치약 300g,건기식,기능성식품
persona_1,1156,0.6661437749862671,메디안,플렉스 이펙션 칫솔 4입,기타,미분류
persona_1,1157,0.6615437269210815,메디안,키즈 365DAYS step3 칫솔 12입,기타,미분류
persona_1,1158,0.6542103886604309,메디안,잇몸과학 칫솔 4입,기타,미분류
persona_1,1159,0.6683368682861328,메디안,골드와이드 칫솔 10입,기타,미분류
persona_1,1160,0.6670821309089661,메디안,365DAYS 고밀도 초극세모 딥클린 칫솔 16입,기타,미분류
persona_1,1161,0.6661233305931091,메디안,성인용 365DAYS 칫솔 12입,기타,미분류
persona_1,1162,0.6672763228416443,메디안,소금의 명작 칫솔 4입,기타,미분류
persona_1,1163,0.6606717705726624,메디안,그린프로폴리스 잇몸케어 칫솔 4+1입,기타,미분류
persona_1,1164,0.6595479846000671,메디안,키즈 365DAYS step3 칫솔 6입,기타,미분류
persona_1,1165,0.6503837704658508,메디안,키즈 365DAYS step2 칫솔 12입,기타,미분류
persona_1,1166,0.6661437749862671,메디안,송천염 미세모 칫솔 4입,기타,미분류
persona_1,1167,0.6609387397766113,메디안,젠티스트 치약 핑크 100g,건기식,기능성식품
persona_1,1168,0.6672763228416443,메디안,녹차의 명작 칫솔 4입,기타,미분류
persona_1,1169,0.6667105555534363,메디안,젠티스트 치약 핑크 4입+쇼핑백 증정,건기식,기능성식품
persona_1,1170,0.6594683527946472,메디안,치석케어 치약 오리지널/구취/화이트/잇몸,기타,미분류
persona_1,1171,0.6424197554588318,비레디,웨이크업 생기 립밤 3g,스킨케어,크림
persona_1,1172,0.6424197554588318,라네즈,웨이크업 생기 립밤 3g,스킨케어,크림
persona_1,1173,0.6226193308830261,비레디,트루톤 로션  40ml,기타,미분류
persona_1,1174,0.6226193308830261,라네즈,트루톤 로션  40ml,기타,미분류
persona_1,1175,0.6605619788169861,비레디,블루 수분 선크림 1+1 기획세트 SPF50+PA++++,선케어,선크림
persona_1,1176,0.6605619788169861,라네즈,블루 수분 선크림 1+1 기획세트 SPF50+PA++++,선케어,선크림
persona_1,1177,0.642599880695343,비레디,블루 파운데이션 SPF27/PA++ 35ml,선케어,선크림
persona_1,1178,0.642599880695343,라네즈,블루 파운데이션 SPF27/PA++ 35ml,선케어,선크림
persona_1,1179,0.6293029189109802,비레디,블루쿠션 SPF34/PA++ 15g,선케어,선크림
persona_1,1180,0.6293029189109802,라네즈,블루쿠션 SPF34/PA++ 15g,선케어,선크림
persona_1,1181,0.6583461165428162,비레디,무드업 듀얼 아이섀도우 브러쉬,메이크업,아이섀도우
persona_1,1182,0.6583461165428162,라네즈,무드업 듀얼 아이섀도우 브러쉬,메이크업,아이섀도우
persona_1,1183,0.6266138553619385,비레디,블루쿠션 SPF34/PA++ 15g,선케어,선크림
persona_1,1184,0.6266138553619385,라네즈,블루쿠션 SPF34/PA++ 15g,선케어,선크림
persona_1,1185,0.6209248900413513,비레디,시카페인 트러블리셋 세럼 40ml,스킨케어,세럼
persona_1,1186,0.6209248900413513,라네즈,시카페인 트러블리셋 세럼 40ml,스킨케어,세럼
persona_1,1187,0.6536634564399719,비레디,블루 수분 선크림 SPF50+/PA++++ 50ml,선케어,선크림
persona_1,1188,0.6536634564399719,라네즈,블루 수분 선크림 SPF50+/PA++++ 50ml,선케어,선크림
persona_1,1189,0.654047429561615,비레디,프라이드업 아이브로우 0.6G,메이크업,아이브로우
persona_1,1190,0.654047429561615,라네즈,프라이드업 아이브로우 0.6G,메이크업,아이브로우
persona_1,1191,0.6355269551277161,비레디,블루 세범 파우더 7g,건기식,기능성식품
persona_1,1192,0.6355269551277161,라네즈,블루 세범 파우더 7g,건기식,기능성식품
persona_1,1193,0.6301932334899902,비레디,시카페인 트러블리셋 토너 250ml,기타,미분류
persona_1,1194,0.6301932334899902,라네즈,시카페인 트러블리셋 토너 250ml,기타,미분류
persona_1,1195,0.6386582851409912,비레디,시카페인 트러블리셋 크림 70ml,스킨케어,크림
persona_1,1196,0.6386582851409912,라네즈,시카페인 트러블리셋 크림 70ml,스킨케어,크림
persona_1,1197,0.6560588479042053,비레디,블루 파운데이션 퍼프,기타,미분류
persona_1,1198,0.6560588479042053,라네즈,블루 파운데이션 퍼프,기타,미분류
persona_1,1199,0.6536634564399719,비레디,하이드로 스웻프루프 선크림 SPF50+/PA++++ 50ml,선케어,선크림
persona_1,1200,0.6536634564399719,라네즈,하이드로 스웻프루프 선크림 SPF50+/PA++++ 50ml,선케어,선크림
persona_1,1201,0.6234917640686035,비레디,에어리 헤어 페이스트 80g,건기식,기능성식품
persona_1,1202,0.6234917640686035,라네즈,에어리 헤어 페이스트 80g,건기식,기능성식품
persona_1,1203,0.6643913984298706,비레디,4.4,기타,미분류
persona_1,1204,0.6643913984298706,라네즈,4.4,기타,미분류
persona_1,1205,0.645833432674408,비레디,시카페인 트러블리셋 클렌징폼 150g,건기식,기능성식품
persona_1,1206,0.645833432674408,라네즈,시카페인 트러블리셋 클렌징폼 150g,건기식,기능성식품
persona_1,1207,0.635569155216217,비레디,무드업 음영 아이팔레트 7g,건기식,기능성식품
persona_1,1208,0.635569155216217,라네즈,무드업 음영 아이팔레트 7g,건기식,기능성식품
persona_1,1209,0.6400443911552429,비레디,생기 립밤 3g,스킨케어,크림
persona_1,1210,0.6400443911552429,라네즈,생기 립밤 3g,스킨케어,크림
persona_1,1211,0.6400443911552429,비레디,생기 립밤 3g,스킨케어,크림
persona_1,1212,0.6400443911552429,라네즈,생기 립밤 3g,스킨케어,크림
persona_1,1213,0.6400443911552429,비레디,생기 립밤 3g,스킨케어,크림
persona_1,1214,0.6400443911552429,라네즈,생기 립밤 3g,스킨케어,크림
persona_1,1215,0.6603706479072571,비레디,블루 파운데이션 3호,기타,미분류
persona_1,1216,0.6603706479072571,라네즈,블루 파운데이션 3호,기타,미분류
persona_1,1217,0.6603706479072571,비레디,블루 파운데이션 2호,기타,미분류
persona_1,1218,0.6603706479072571,라네즈,블루 파운데이션 2호,기타,미분류
persona_1,1219,0.6652149558067322,비레디,블루쿠션 3호 제프리,기타,미분류
persona_1,1220,0.6652149558067322,라네즈,블루쿠션 3호 제프리,기타,미분류
persona_1,1221,0.6652149558067322,비레디,블루쿠션 2호 라이언,기타,미분류
persona_1,1222,0.6652149558067322,라네즈,블루쿠션 2호 라이언,기타,미분류
persona_1,1223,0.6679620146751404,비레디,시카페인 트러블리셋 2종,기타,미분류
persona_1,1224,0.6679620146751404,라네즈,시카페인 트러블리셋 2종,기타,미분류
persona_1,1225,0.6647023558616638,비레디,블루 수분 선크림 SPF50+/PA++++,선케어,선크림
persona_1,1226,0.6647023558616638,라네즈,블루 수분 선크림 SPF50+/PA++++,선케어,선크림
persona_1,1227,0.6632420420646667,퍼즐우드,메타그린 칼로리컷 젤리 다이어트 기능성 젤리 혈당탄수화물컷,기타,미분류
persona_1,1228,0.6560817360877991,퍼즐우드,메타그린 부스터샷 7일,기타,미분류
persona_1,1229,0.661922037601471,퍼즐우드,메타그린 슬림업 다이어트 비건 기능성,기타,미분류
persona_1,1230,0.6604949831962585,퍼즐우드,메타그린 클린티 10입,기타,미분류
persona_1,1231,0.6560817360877991,퍼즐우드,녹차에서 온 유산균,기타,미분류
persona_1,1232,0.6595885157585144,퍼즐우드,슈퍼콜라겐 28입,기타,미분류
persona_1,1233,0.6580924391746521,퍼즐우드,멀티비타민미네랄,기타,미분류
persona_1,1234,0.6542059779167175,퍼즐우드,메타그린 효소 14입,기타,미분류
persona_1,1235,0.6562725901603699,퍼즐우드,슈퍼레티놀 30포,기타,미분류
persona_1,1236,0.6593537926673889,퍼즐우드,액티브 멀티팩,스킨케어,마스크팩
persona_1,1237,0.661260724067688,퍼즐우드,오메가케어 30일,기타,미분류
persona_1,1238,0.6540606021881104,퍼즐우드,메타그린 슬림업,기타,미분류
persona_1,1239,0.6587375998497009,퍼즐우드,슈퍼콜라겐 골드,기타,미분류
persona_1,1240,0.6484591364860535,퍼즐우드,굿슬립 가바 365  식약처 인정 수면기능성,건기식,기능성식품
persona_1,1241,0.6553316116333008,퍼즐우드,슈퍼콜라겐 프리미엄,기타,미분류
persona_1,1242,0.6615009903907776,퍼즐우드,슈퍼에센셜,기타,미분류
persona_1,1243,0.6613892316818237,퍼즐우드,트루아이,기타,미분류
persona_1,1244,0.6669393181800842,퍼즐우드,슈퍼에센셜,기타,미분류
persona_1,1245,0.6535055637359619,퍼즐우드,메타그린 골드 플러스,기타,미분류
persona_1,1246,0.6619014143943787,퍼즐우드,명작수 골드,기타,미분류
persona_1,1247,0.661602795124054,퍼즐우드,명작수 골드,기타,미분류
persona_1,1248,0.6571614742279053,퍼즐우드,메타그린 골드 플러스 패밀리 기획세트,기타,미분류
persona_1,1249,0.6496094465255737,퍼즐우드,슈퍼콜라겐 골드,기타,미분류
persona_1,1250,0.6560817360877991,퍼즐우드,NEW 슈퍼시카 B5,기타,미분류
persona_1,1251,0.6598393321037292,퍼즐우드,액티브멀티팩 기획세트,스킨케어,마스크팩
persona_1,1252,0.6612393260002136,퍼즐우드,리버프라임,기타,미분류
persona_1,1253,0.6540606021881104,퍼즐우드,조이스텝 골드,기타,미분류
persona_1,1254,0.660197377204895,퍼즐우드,올인원 멀티팩,스킨케어,마스크팩
persona_1,1255,0.6598393321037292,퍼즐우드,트루아이 기획세트,기타,미분류
persona_1,1256,0.6520634293556213,퍼즐우드,조이스텝 골드,기타,미분류
persona_1,1257,0.6619287133216858,퍼즐우드,슈퍼콜라겐 플래티넘,기타,미분류
persona_1,1258,0.6520634293556213,퍼즐우드,슈퍼콜라겐 플래티넘,기타,미분류
persona_1,1259,0.6598393321037292,퍼즐우드,슈퍼콜라겐 골드,기타,미분류
persona_1,1260,0.663339376449585,퍼즐우드,비타클렌즈,기타,미분류
persona_1,1261,0.6560541391372681,퍼즐우드,굿슬립 가바 365,기타,미분류
persona_1,1262,0.65869140625,퍼즐우드,올인원 멀티팩,스킨케어,마스크팩
persona_1,1263,0.6562725901603699,퍼즐우드,슈퍼레티놀 30포,기타,미분류
persona_1,1264,0.6560817360877991,퍼즐우드,메타그린 부스터샷 7일,기타,미분류
persona_1,1265,0.661922037601471,퍼즐우드,메타그린 슬림업 다이어트 비건 기능성,기타,미분류
persona_1,1266,0.6594323515892029,퍼즐우드,슈퍼콜라겐 14입,기타,미분류
persona_1,1267,0.6517894864082336,퍼즐우드,슈퍼콜라겐 28입X2개 + 월리 우프 무드등,기타,미분류
persona_1,1268,0.6431483030319214,퍼즐우드,메타그린 슬림업 30일X3개 + 월리 뽀모도로 타이머 & 포스트카드,기타,미분류
persona_1,1269,0.6558588743209839,퍼즐우드,슈퍼레티놀 기획세트,기타,미분류
persona_1,1270,0.6650853157043457,퍼즐우드,슈퍼에센셜 기획세트,기타,미분류
persona_1,1271,0.6607043743133545,퍼즐우드,리버프라임 105일,기타,미분류
persona_1,1272,0.65869140625,퍼즐우드,오메가케어 3입세트,기타,미분류
persona_1,1273,0.6556433439254761,퍼즐우드,NEW 슈퍼시카 B5,기타,미분류
persona_1,1274,0.6584115028381348,퍼즐우드,메타그린 슬림업,기타,미분류
persona_1,1275,0.6609067916870117,퍼즐우드,메타그린 슬림업,기타,미분류
persona_1,1276,0.6556433439254761,퍼즐우드,메타그린 부스터샷 7일,기타,미분류
persona_1,1277,0.6607715487480164,퍼즐우드,메타그린 부스터샷 7일,기타,미분류
persona_1,1278,0.6649245619773865,퍼즐우드,메타그린 효소,기타,미분류
persona_1,1279,0.6601037979125977,퍼즐우드,메타그린 부스터샷 7일,기타,미분류
persona_1,1280,0.6588115692138672,퍼즐우드,메타그린 부스터샷 7일,기타,미분류
persona_1,1281,0.659292459487915,퍼즐우드,메타그린 클린티 10입,기타,미분류
persona_1,1282,0.6558588743209839,퍼즐우드,슈퍼레티놀 30포,기타,미분류
persona_1,1283,0.6585451364517212,퍼즐우드,슈퍼콜라겐 28입,기타,미분류
persona_1,1284,0.6634505391120911,퍼즐우드,슈퍼에센셜 28입,기타,미분류
persona_1,1285,0.6632936596870422,퍼즐우드,메타그린 슬림업,기타,미분류
persona_1,1286,0.6523460149765015,퍼즐우드,메타그린 골드 플러스 패밀리기획,기타,미분류
persona_1,1287,0.659292459487915,퍼즐우드,메타그린 칼로리컷 젤리,기타,미분류
persona_1,1288,0.6556433439254761,퍼즐우드,녹차에서 온 유산균,기타,미분류
persona_1,1289,0.6601530313491821,퍼즐우드,메타그린 슬림업,기타,미분류
persona_1,1290,0.6607043743133545,퍼즐우드,프로바이오틱스 골드,기타,미분류
persona_1,1291,0.649885356426239,퍼즐우드,프로바이오틱스&이뮨,기타,미분류
persona_1,1292,0.6288776397705078,마몽드,BEST 플로라 글로우 로즈 리퀴드 마스크 80ml,스킨케어,마스크팩
persona_1,1293,0.6419632434844971,마몽드,프로바이오틱스 세라마이드 앰플 마스크팩 23ml,스킨케어,마스크팩
persona_1,1294,0.65011066198349,마몽드,BEST 어메이징 딥 민트 클렌징밤 90ml,스킨케어,크림
persona_1,1295,0.6703178286552429,마몽드,프로바이오틱스 세라마이드 2종 세트,기타,미분류
persona_1,1296,0.6423056721687317,마몽드,에이지 컨트롤 카멜리아 앰플 마스크팩 23ml,스킨케어,마스크팩
persona_1,1297,0.6517208814620972,마몽드,에이지 컨트롤 카멜리아 크림 50ml,스킨케어,크림
persona_1,1298,0.6680797338485718,마몽드,어메이징 딥 민트 클렌징 티슈 70매,기타,미분류
persona_1,1299,0.6446245312690735,마몽드,프로바이오틱스 세라마이드 에멀젼 150ml,기타,미분류
persona_1,1300,0.6460408568382263,마몽드,프로바이오틱스 세라마이드 인텐스 크림 60ml,스킨케어,크림
persona_1,1301,0.6382442116737366,마몽드,플로라 글로우 로즈 워터 토너 500ml 500ml,기타,미분류
persona_1,1302,0.6549703478813171,마몽드,BEST 카밍 샷 아줄렌 흔적 수분 앰플 50ml,스킨케어,앰플
persona_1,1303,0.6569905877113342,마몽드,4.8,기타,미분류
persona_1,1304,0.6318950057029724,마몽드,세라마이드 아미노 폼 120g,건기식,기능성식품
persona_1,1305,0.6520843505859375,마몽드,맨 리차징 로션 150ml,기타,미분류
persona_1,1306,0.6423056721687317,마몽드,카밍 샷 아줄렌 앰플 마스크팩 23ml,스킨케어,마스크팩
persona_1,1307,0.6377840638160706,마몽드,프로바이오틱스 세라마이드 스킨소프너 200ml,기타,미분류
persona_1,1308,0.6423056721687317,마몽드,플로라 글로우 로즈 앰플 마스크팩 23ml,스킨케어,마스크팩
persona_1,1309,0.6423423290252686,마몽드,맨 리차징 토너 180ml,기타,미분류
persona_1,1310,0.6410661935806274,마몽드,에이지 컨트롤 카멜리아 에멀젼 125ml,기타,미분류
persona_1,1311,0.6514020562171936,마몽드,에이지 컨트롤 카멜리아 세럼 50ml,스킨케어,세럼
persona_1,1312,0.6408140063285828,마몽드,어메이징 딥 민트 클렌징밤 180ml,스킨케어,크림
persona_1,1313,0.6629177331924438,마몽드,맨 리차징 2종 세트,기타,미분류
persona_1,1314,0.6469064354896545,마몽드,카밍 샷 아줄렌 크림 60ml,스킨케어,크림
persona_1,1315,0.6388062238693237,마몽드,어메이징 딥 민트 클렌징폼 120ml,기타,미분류
persona_1,1316,0.6481728553771973,마몽드,에이지 컨트롤 카멜리아 에센스 워터 150ml,스킨케어,에센스
persona_1,1317,0.6486749053001404,마몽드,플로라 글로우 로즈 워터 토너 300ml,기타,미분류
persona_1,1318,0.6492878198623657,마몽드,카밍 샷 아줄렌 선크림 SPF50+PA++++ 35ml,선케어,선크림
persona_1,1319,0.6370818018913269,마몽드,포어 슈링커 바쿠치올 레티놀 토너 200ml,기타,미분류
persona_1,1320,0.6526326537132263,마몽드,플로라 글로우 로즈 스무딩 크림 50ml,스킨케어,크림
persona_1,1321,0.6486758589744568,마몽드,포어 슈링커 바쿠치올 크림 60ml,스킨케어,크림
persona_1,1322,0.6506738066673279,마몽드,포어 슈링커 바쿠치올 세럼 50ml,스킨케어,세럼
persona_1,1323,0.641692578792572,마몽드,어메이징 딥 민트차콜릿 클렌징밤 90ml,스킨케어,크림
persona_1,1324,0.6609028577804565,마몽드,에이지 컨트롤 카멜리아 2종 세트,기타,미분류
persona_1,1325,0.6326802968978882,마몽드,어메이징 딥 민트차콜릿 팩클렌저 135g,스킨케어,마스크팩
persona_1,1326,0.642386257648468,마몽드,플로라 글로우 로즈 틴티드 선세럼 35ml,스킨케어,세럼
persona_1,1327,0.6568833589553833,마몽드,좋아요,기타,미분류
persona_1,1328,0.663339376449585,마몽드,좋아요,기타,미분류
persona_1,1329,0.6516178846359253,마몽드,플로라글로우 로즈 볼마스크 3.5ml,스킨케어,마스크팩
persona_1,1330,0.6470580101013184,마몽드,에이지컨트롤 카멜리아 크림 50ml X2개,스킨케어,크림
persona_1,1331,0.6712204217910767,마몽드,사은품,기타,미분류
persona_1,1332,0.6510424613952637,마몽드,카밍 샷 아줄렌 흔적 수분 앰플 50ml X2개,스킨케어,앰플
persona_1,1333,0.6425856351852417,마몽드,어메이징 딥 민트 클렌징밤 90ml X2개,스킨케어,크림
persona_1,1334,0.626244843006134,마몽드,플로라글로우 로즈 리퀴드 마스크 80ml X2개,스킨케어,마스크팩
persona_1,1335,0.6607851386070251,마몽드,플로라글로우 로즈 하이드로겔 마스크,스킨케어,마스크팩
persona_1,1336,0.6423662900924683,마몽드,플로라글로우 로즈 볼마스크 3.5ml,스킨케어,마스크팩
persona_1,1337,0.6270228624343872,마몽드,NEW 플로라글로우 로즈 슬리핑 마스크 80g,스킨케어,마스크팩
persona_1,1338,0.665320098400116,마몽드,플로라글로우 로즈 하이드로겔 마스크,스킨케어,마스크팩
persona_1,1339,0.649578332901001,마몽드,플로라 글로우 로즈 볼마스크 3.5ml,스킨케어,마스크팩
persona_1,1340,0.6373035907745361,마몽드,NEW 오리지널 레시피 허니 모델링팩  66g,스킨케어,마스크팩
persona_1,1341,0.6367521286010742,마몽드,NEW 카밍샷 아줄렌 모델링팩  66g,스킨케어,마스크팩
persona_1,1342,0.6621339917182922,마몽드,프로바이오틱스 세라마이드 앰플 마스크팩,스킨케어,마스크팩
persona_1,1343,0.6632719039916992,마몽드,카밍 샷 아줄렌 앰플 마스크팩,스킨케어,마스크팩
persona_1,1344,0.6632719039916992,마몽드,에이지 컨트롤 카멜리아 앰플 마스크팩,스킨케어,마스크팩
persona_1,1345,0.6621339917182922,마몽드,플로라글로우 로즈 앰플 마스크팩,스킨케어,마스크팩
persona_1,1346,0.6680324673652649,마몽드,프로바이오틱스 세라마이드 에멀젼,기타,미분류
persona_1,1347,0.6663485169410706,마몽드,프로바이오틱스 세라마이드 스킨소프너,기타,미분류
persona_1,1348,0.6615795493125916,마몽드,맨 리차징 토너,기타,미분류
persona_1,1349,0.6694110035896301,마몽드,에이지 컨트롤 카멜리아 크림,스킨케어,크림
persona_1,1350,0.6683887243270874,마몽드,에이지 컨트롤 카멜리아 세럼,스킨케어,세럼
persona_1,1351,0.649150013923645,마몽드,카밍 샷 아줄렌 토너 300ml,기타,미분류
persona_1,1352,0.6612908244132996,마몽드,플로라글로우 로즈 앰플 마스크팩,스킨케어,마스크팩
persona_1,1353,0.6624119877815247,마몽드,에이지 컨트롤 카멜리아 앰플 마스크팩,스킨케어,마스크팩
persona_1,1354,0.6624119877815247,마몽드,카밍 샷 아줄렌 앰플 마스크팩,스킨케어,마스크팩
persona_1,1355,0.6612908244132996,마몽드,프로바이오틱스 세라마이드 앰플 마스크팩,스킨케어,마스크팩
persona_1,1356,0.6680575609207153,마몽드,어메이징 딥 민트 클렌징폼,기타,미분류
persona_1,1357,0.6506738066673279,마몽드,포어 슈링커 바쿠치올 세럼 50ml,스킨케어,세럼
persona_1,1358,0.6573217511177063,오설록,"22,400원",기타,미분류
persona_1,1359,0.6396124958992004,오설록,"11,700원",기타,미분류
persona_1,1360,0.6438186764717102,오설록,"13,300원",기타,미분류
persona_1,1361,0.6627784967422485,오설록,"5,400원",기타,미분류
persona_1,1362,0.6592782139778137,오설록,"22,500원",기타,미분류
persona_1,1363,0.6604673266410828,오설록,"21,850원",기타,미분류
persona_1,1364,0.6687152981758118,오설록,"5,700원",기타,미분류
persona_1,1365,0.6487932801246643,오설록,"12,600원",기타,미분류
persona_1,1366,0.6438186764717102,오설록,"13,300원",기타,미분류
persona_1,1367,0.6587495803833008,오설록,"9,900원",기타,미분류
persona_1,1368,0.6687152981758118,오설록,"5,700원",기타,미분류
persona_1,1369,0.6551588773727417,오설록,"10,450원",기타,미분류
persona_1,1370,0.6587495803833008,오설록,"9,900원",기타,미분류
persona_1,1371,0.6531893610954285,오설록,"21,600원",기타,미분류
persona_1,1372,0.6607003808021545,오설록,"26,250원",기타,미분류
persona_1,1373,0.6408748030662537,오설록,"11,000원",기타,미분류
persona_1,1374,0.6396124958992004,오설록,"11,700원",기타,미분류
persona_1,1375,0.6545305252075195,오설록,"27,000원",기타,미분류
persona_1,1376,0.6587495803833008,오설록,"9,900원",기타,미분류
persona_1,1377,0.6587495803833008,오설록,"9,900원",기타,미분류
persona_1,1378,0.6675665974617004,오설록,"9,500원",기타,미분류
persona_1,1379,0.659824013710022,오설록,"23,750원",기타,미분류
persona_1,1380,0.6396124958992004,오설록,"11,700원",기타,미분류
persona_1,1381,0.6453969478607178,오설록,"15,300원",기타,미분류
persona_1,1382,0.6408748030662537,오설록,"11,000원",기타,미분류
persona_1,1383,0.6639460325241089,오설록,"24,000원",기타,미분류
persona_1,1384,0.6578654646873474,오설록,"24,300원",기타,미분류
persona_1,1385,0.6408748030662537,오설록,"11,000원",기타,미분류
persona_1,1386,0.6587495803833008,오설록,"9,900원",기타,미분류
persona_1,1387,0.6396697759628296,오설록,"8,550원",기타,미분류
persona_1,1388,0.6587495803833008,오설록,"9,900원",기타,미분류
persona_1,1389,0.6549297571182251,오설록,"45,900원",기타,미분류
persona_1,1390,0.6438186764717102,오설록,"13,300원",기타,미분류
persona_1,1391,0.6597400307655334,오설록,"9,900원",기타,미분류
persona_1,1392,0.6484072804450989,오설록,"27,000원",기타,미분류
persona_1,1393,0.6558614373207092,오설록,"12,350원",기타,미분류
persona_1,1394,0.6587495803833008,오설록,"9,900원",기타,미분류
persona_1,1395,0.6404915452003479,오설록,"14,850원",기타,미분류
persona_1,1396,0.6587495803833008,오설록,"9,900원",기타,미분류
persona_1,1397,0.6650844216346741,오설록,"17,550원",기타,미분류
persona_1,1398,0.6650844216346741,오설록,"17,550원",기타,미분류
persona_1,1399,0.6587495803833008,오설록,"9,900원",기타,미분류
persona_1,1400,0.6578654646873474,오설록,"24,300원",기타,미분류
persona_1,1401,0.6396697759628296,오설록,"8,550원",기타,미분류
persona_1,1402,0.6404915452003479,오설록,"14,850원",기타,미분류
persona_1,1403,0.6404915452003479,오설록,"14,850원",기타,미분류
persona_1,1404,0.6578654646873474,오설록,"24,300원",기타,미분류
persona_1,1405,0.6587495803833008,오설록,"9,900원",기타,미분류
persona_1,1406,0.6498484015464783,오설록,"66,300원",기타,미분류
persona_1,1407,0.6659212112426758,오설록,"54,400원",기타,미분류
persona_1,1408,0.6587495803833008,오설록,"9,900원",기타,미분류
persona_1,1409,0.6404915452003479,오설록,"14,850원",기타,미분류
persona_1,1410,0.6597400307655334,오설록,"9,000원",기타,미분류
persona_1,1411,0.6408748030662537,오설록,"11,000원",기타,미분류
persona_1,1412,0.6578654646873474,오설록,"24,300원",기타,미분류
persona_1,1413,0.6587495803833008,오설록,"9,900원",기타,미분류
persona_1,1414,0.6578654646873474,오설록,"24,300원",기타,미분류
persona_1,1415,0.6482040882110596,오설록,"38,000원",기타,미분류
persona_1,1416,0.6425042152404785,오설록,"8,000원",기타,미분류
persona_1,1417,0.6650844216346741,오설록,"17,550원",기타,미분류
persona_1,1418,0.6578654646873474,오설록,"24,300원",기타,미분류
persona_1,1419,0.6551588773727417,오설록,"10,450원",기타,미분류
persona_1,1420,0.6561861038208008,오설록,"7,200원",기타,미분류
persona_1,1421,0.6561861038208008,오설록,"7,200원",기타,미분류
persona_1,1422,0.6587495803833008,오설록,"9,900원",기타,미분류
persona_1,1423,0.6587495803833008,오설록,"9,900원",기타,미분류
persona_1,1424,0.6551557779312134,오설록,"16,650원",기타,미분류
persona_1,1425,0.6438186764717102,오설록,"13,300원",기타,미분류
persona_1,1426,0.6469730734825134,오설록,"14,250원",기타,미분류
persona_1,1427,0.6571313142776489,오설록,"12,375원",기타,미분류
persona_1,1428,0.6589223146438599,오설록,"93,500원",기타,미분류
persona_1,1429,0.6433264017105103,오설록,"12,600원",기타,미분류
persona_1,1430,0.6404915452003479,오설록,"14,850원",기타,미분류
persona_1,1431,0.6404915452003479,오설록,"14,850원",기타,미분류
persona_1,1432,0.6561861038208008,오설록,"7,200원",기타,미분류
persona_1,1433,0.6404915452003479,오설록,"14,850원",기타,미분류
persona_1,1434,0.6571313142776489,오설록,"12,375원",기타,미분류
persona_1,1435,0.6571313142776489,오설록,"12,375원",기타,미분류
persona_1,1436,0.6404915452003479,오설록,"14,850원",기타,미분류
persona_1,1437,0.6404915452003479,오설록,"14,850원",기타,미분류
persona_1,1438,0.6597400307655334,오설록,"9,900원",기타,미분류
persona_1,1439,0.6578654646873474,오설록,"24,300원",기타,미분류
persona_1,1440,0.6442261934280396,오설록,"14,850원",기타,미분류
persona_1,1441,0.6487932801246643,오설록,"12,600원",기타,미분류
persona_1,1442,0.6603973507881165,오설록,"24,300원",기타,미분류
persona_1,1443,0.6404915452003479,오설록,"14,850원",기타,미분류
persona_1,1444,0.6578654646873474,오설록,"24,300원",기타,미분류
persona_1,1445,0.6578654646873474,오설록,"24,300원",기타,미분류
persona_1,1446,0.6578654646873474,오설록,"24,300원",기타,미분류
persona_1,1447,0.6487932801246643,오설록,"12,600원",기타,미분류
persona_1,1448,0.6415637731552124,오설록,"127,500원",기타,미분류
persona_1,1449,0.6442261934280396,오설록,"14,850원",기타,미분류
persona_1,1450,0.6404915452003479,오설록,"14,850원",기타,미분류
persona_1,1451,0.6419700980186462,오설록,"11,700원",기타,미분류
persona_1,1452,0.6525994539260864,오설록,"37,800원",기타,미분류
persona_1,1453,0.6625208258628845,오설록,"39,000원",기타,미분류
persona_1,1454,0.6614679098129272,오설록,"30,000원",기타,미분류
persona_1,1455,0.6675665974617004,오설록,"9,500원",기타,미분류
persona_1,1456,0.6438186764717102,오설록,"13,300원",기타,미분류
persona_1,1457,0.6396124958992004,오설록,"11,700원",기타,미분류
persona_1,1458,0.6419700980186462,오설록,"11,700원",기타,미분류
persona_1,1459,0.6408748030662537,오설록,"11,000원",기타,미분류
persona_1,1460,0.6473450660705566,오설록,"15,200원",기타,미분류
persona_1,1461,0.6622340083122253,오설록,"19,800원",기타,미분류
persona_1,1462,0.6473450660705566,오설록,"15,200원",기타,미분류
persona_1,1463,0.6489191055297852,려,함빛/청아/흑운/민감 샴푸&컨디셔너 480ml,기타,미분류
persona_1,1464,0.6210775971412659,려,루트젠 탈모증상전문케어 두피 에센스 80ml,스킨케어,에센스
persona_1,1465,0.6347711086273193,려,두피 편한 검은콩 염색 120g,건기식,기능성식품
persona_1,1466,0.6131715774536133,려,자양윤모 9ex 탈모증상전문케어 샴푸 400ml,기타,미분류
persona_1,1467,0.6581140160560608,려,루트젠 여성 맞춤 탈모증상전문케어 샴푸 515ml,기타,미분류
persona_1,1468,0.6380507946014404,려,헤어쿠션  7g,건기식,기능성식품
persona_1,1469,0.6402220726013184,려,루트젠 여성 맞춤 탈모증상전문케어 샴푸 리필팩 400ml,스킨케어,마스크팩
persona_1,1470,0.6426597833633423,려,댄트롤 비듬샴푸 박하/멘톨/애플 820ml,기타,미분류
persona_1,1471,0.6581140160560608,려,루트젠 남성 맞춤 탈모증상전문케어 샴푸 515ml,기타,미분류
persona_1,1472,0.6400694847106934,려,진생보 두피모발영양 샴푸/컨디셔너 400ml,기타,미분류
persona_1,1473,0.641895592212677,려,자양윤모 9이엑스 탈모증상전문케어 모근강화 트리트먼트 330ml,기타,미분류
persona_1,1474,0.6581140160560608,려,루트젠 여성 맞춤 탈모증상전문케어 트리트먼트 515ml,기타,미분류
persona_1,1475,0.6368372440338135,려,명품 에이치비엑스 탈모증상완화 앰플 샴푸 500ml,스킨케어,앰플
persona_1,1476,0.6631850004196167,려,루트젠 두피코어강화 아쿠아필 두피토닉 100ml,기타,미분류
persona_1,1477,0.6588551998138428,려,루트젠 두피코어강화 두피청정샴푸 515ml,기타,미분류
persona_1,1478,0.6493788361549377,려,함빛 극손상 앤 영양 트리트먼트 300ml,기타,미분류
persona_1,1479,0.6445614099502563,려,자양윤모 탈모전문케어 경주달밤/여수하늘 트리트먼트 200ml,기타,미분류
persona_1,1480,0.6523642539978027,려,루트젠 탈모증상전문케어 헤어볼륨필러 150ml,기타,미분류
persona_1,1481,0.668067216873169,려,루트젠 두피코어강화 두피 청정샴푸,건기식,기능성식품
persona_1,1482,0.6690071225166321,려,자양윤모 9이엑스 탈모증상전문케어 모근강화 트리트먼트,기타,미분류
persona_1,1483,0.6679065227508545,려,자양윤모 탈모증상전문케어 샴푸 지성두피용,기타,미분류
persona_1,1484,0.6683840751647949,려,루트젠 남성 맞춤 탈모증상전문케어 샴푸,기타,미분류
persona_1,1485,0.6403967142105103,려,루트젠 탈모케어 트리플샷 두피리페어 세럼 60ml,스킨케어,세럼
persona_1,1486,0.6662134528160095,려,루트젠 두피코어강화 아쿠아필 두피토닉,기타,미분류
persona_1,1487,0.6662790179252625,려,루트젠 탈모증상전문케어 두피 에센스,스킨케어,에센스
persona_1,1488,0.6352540850639343,려,진생보 두피모발영양 샴푸 400ml,기타,미분류
persona_1,1489,0.6687117218971252,려,루트젠 여성 맞춤 탈모증상전문케어 샴푸,기타,미분류
persona_1,1490,0.668637752532959,려,루트젠 여성 맞춤 탈모증상전문케어 샴푸,기타,미분류
persona_1,1491,0.6663891077041626,려,루트젠 여성 맞춤 탈모증상전문케어 샴푸+두피에센스,스킨케어,에센스
persona_1,1492,0.6664478778839111,려,루트젠 여성 맞춤 탈모증상전문케어 샴푸+리필,기타,미분류
persona_1,1493,0.6694002747535706,려,루트젠 탈모증상전문케어 여성 샴푸+남성 샴푸,기타,미분류
persona_1,1494,0.6694002747535706,려,루트젠 여성 맞춤 탈모증상전문케어 샴푸+트리트먼트,기타,미분류
persona_1,1495,0.6227733492851257,려,우아채 영양새치염색  120g,건기식,기능성식품
persona_1,1496,0.65869140625,설화수,자음2종 세트,기타,미분류
persona_1,1497,0.6354607939720154,설화수,순행클렌징폼 200ml,기타,미분류
persona_1,1498,0.6588535308837891,설화수,탄력3종 세트,기타,미분류
persona_1,1499,0.6516159772872925,설화수,탄력크림 단품세트 75ml,스킨케어,크림
persona_1,1500,0.6395260691642761,설화수,순행클렌징오일 200ml,기타,미분류
persona_1,1501,0.6586662530899048,설화수,본윤 데일리 루틴,기타,미분류
persona_1,1502,0.6516159772872925,설화수,탄력크림 단품세트 75ml,스킨케어,크림
persona_1,1503,0.6585451364517212,설화수,자음생2종 세트,기타,미분류
persona_1,1504,0.634800136089325,설화수,윤조에센스 6세대 단품세트 90ml,스킨케어,에센스
persona_1,1505,0.6611508131027222,설화수,,기타,미분류
persona_1,1506,0.6331065893173218,설화수,자음유액 EX 125ml,기타,미분류
persona_1,1507,0.6590517163276672,설화수,윤조에센스 6세대,스킨케어,에센스
persona_1,1508,0.6477274894714355,설화수,자음수 EX 150ml,기타,미분류
persona_1,1509,0.649116575717926,설화수,상백톤업선크림 SPF50+/PA++++ 50ml,선케어,선크림
persona_1,1510,0.633287787437439,설화수,옥용팩 120ml,스킨케어,마스크팩
persona_1,1511,0.6220453381538391,설화수,자음생아이크림 15ml,스킨케어,크림
persona_1,1512,0.6197530031204224,설화수,퍼펙팅 쿠션 SPF50+/PA+++ 15g,선케어,선크림
persona_1,1513,0.6607201099395752,설화수,퍼펙팅 쿠션 에어리 SPF50+/PA+++,선케어,선크림
persona_1,1514,0.6252627372741699,설화수,여윤팩 120ml,스킨케어,마스크팩
persona_1,1515,0.6199578642845154,설화수,퍼펙팅 쿠션 에어리 SPF50+/PA+++ 15g,선케어,선크림
persona_1,1516,0.6583852171897888,설화수,퍼펙팅 립컬러,기타,미분류
persona_1,1517,0.6516159772872925,설화수,탄력크림 EX 75ml,스킨케어,크림
persona_1,1518,0.6593537926673889,설화수,윤조마스크 5매,스킨케어,마스크팩
persona_1,1519,0.6345396041870117,설화수,윤조립밤 3g,스킨케어,크림
persona_1,1520,0.649116575717926,설화수,상백선크림 SPF50+/PA++++ 50ml,선케어,선크림
persona_1,1521,0.659292459487915,설화수,퍼펙팅 트윈 케이크,기타,미분류
persona_1,1522,0.6588836312294006,설화수,진설수유액 2종 세트,기타,미분류
persona_1,1523,0.6525015234947205,설화수,본윤선크림 SPF50+/PA++++ 50ml,선케어,선크림
persona_1,1524,0.6606255173683167,설화수,퍼펙팅 쿠션 SPF50+/PA+++,선케어,선크림
persona_1,1525,0.6499108672142029,설화수,자음생크림 리치 단품세트 50ml,스킨케어,크림
persona_1,1526,0.6302826404571533,설화수,자음생유액 125ml,기타,미분류
persona_1,1527,0.6485812664031982,설화수,탄력크림 EX 50ml,스킨케어,크림
persona_1,1528,0.6435848474502563,설화수,NEW 자음생클렌징폼 150g,건기식,기능성식품
persona_1,1529,0.6251091957092285,설화수,자음생앰플 20g,스킨케어,앰플
persona_1,1530,0.6622970104217529,설화수,자음생캡슐세럼 단품세트,스킨케어,세럼
persona_1,1531,0.6474897265434265,설화수,자음생캡슐세럼 50ml,스킨케어,세럼
persona_1,1532,0.6333478689193726,설화수,백삼팩 120ml,스킨케어,마스크팩
persona_1,1533,0.6432721614837646,설화수,자음생수 150ml,기타,미분류
persona_1,1534,0.6528641581535339,설화수,자음생마스크EX 5매,스킨케어,마스크팩
persona_1,1535,0.6307803392410278,설화수,본윤에센스 140ml,스킨케어,에센스
persona_1,1536,0.6252689361572266,설화수,시그니처 진생 페이셜 솝 1입 120g,건기식,기능성식품
persona_1,1537,0.6521170735359192,설화수,상백선플루이드 SPF50+/PA+++ 50ml,선케어,선크림
persona_1,1538,0.6261318922042847,설화수,퍼펙팅 파우더 20g,건기식,기능성식품
persona_1,1539,0.6393449306488037,설화수,본윤유액 90ml,기타,미분류
persona_1,1540,0.6484788656234741,설화수,자음생크림 단품세트 50ml,스킨케어,크림
persona_1,1541,0.6621221303939819,설화수,퍼펙팅 쿠션 에어리 SPF50+/PA+++,선케어,선크림
persona_1,1542,0.6183717250823975,설화수,시그니처 진생 페이셜 솝 2입 120g*2,건기식,기능성식품
persona_1,1543,0.6376699209213257,설화수,진설유액 125ml,기타,미분류
persona_1,1544,0.6618730425834656,설화수,,스킨케어,크림
persona_1,1545,0.6444262266159058,설화수,자음생세럼 브라이트닝 50ml,스킨케어,세럼
persona_1,1546,0.6396960616111755,설화수,진설크림 60ml,스킨케어,크림
persona_1,1547,0.639112651348114,설화수,진설클렌징폼 150g,건기식,기능성식품
persona_1,1548,0.6595885157585144,설화수,퍼펙팅 스킨커버,기타,미분류
persona_1,1549,0.6433302760124207,설화수,자음생캡슐세럼 30ml,스킨케어,세럼
persona_1,1550,0.6414933800697327,설화수,자음생크림 30ml,스킨케어,크림
persona_1,1551,0.6444889307022095,설화수,진설수 150ml,기타,미분류
persona_1,1552,0.6412148475646973,설화수,자음생크림 리치 30ml,스킨케어,크림
persona_1,1553,0.6461257338523865,설화수,진설세럼 50ml,스킨케어,세럼
persona_1,1554,0.6622837781906128,설화수,퍼펙팅 쿠션 에어리 트리플  SPF50+/PA+++,선케어,선크림
persona_1,1555,0.6620174646377563,설화수,퍼펙팅 쿠션 트리플  SPF50+/PA+++,선케어,선크림
persona_1,1556,0.6484788656234741,설화수,자음생크림 리치 50ml,스킨케어,크림
persona_1,1557,0.6486546397209167,설화수,자음생크림 50ml,스킨케어,크림
persona_1,1558,0.6615198850631714,설화수,퍼펙팅 쿠션 SPF50+/PA+++,선케어,선크림
persona_1,1559,0.6443183422088623,설화수,진설크림 60ml,스킨케어,크림
persona_1,1560,0.6180288195610046,설화수,자음생앰플 브라이트닝 20g,스킨케어,앰플
persona_1,1561,0.6392807364463806,설화수,진설크림 리치 60ml,스킨케어,크림
persona_1,1562,0.64545077085495,설화수,자음생세럼 브라이트닝 30ml,스킨케어,세럼
persona_1,1563,0.6409760117530823,설화수,퍼펙팅 틴티드 크림 35ml,스킨케어,크림
persona_1,1564,0.6444641351699829,설화수,퍼펙팅 베일 프라이머 35ml,기타,미분류
persona_1,1565,0.6358219981193542,설화수,자음생크림 리치 30ml + 월리 우프 무드등,스킨케어,크림
persona_1,1566,0.6242883801460266,설화수,윤조에센스 90ml 세트 + 월리 우프 무드등,스킨케어,에센스
persona_1,1567,0.6450589299201965,설화수,자음생크림 리치 50ml 단품기획세트,스킨케어,크림
persona_1,1568,0.6292077302932739,설화수,윤조에센스 6세대 90ml 단품기획세트,스킨케어,에센스
persona_1,1569,0.6117218136787415,설화수,퍼펙팅 트윈 케이크 11g,건기식,기능성식품
persona_1,1570,0.6455029249191284,설화수,윤조에센스 6세대 기프트박스 30ml,스킨케어,에센스
persona_1,1571,0.6437430381774902,설화수,진설크림 리치 60ml,스킨케어,크림
persona_1,1572,0.638745129108429,설화수,진설세럼 30ml,스킨케어,세럼
persona_1,1573,0.6385539770126343,설화수,진설크림 30ml,스킨케어,크림
persona_1,1574,0.6495943665504456,설화수,퍼펙팅 파운데이션 SPF17/PA+ 35ml,선케어,선크림
persona_2,0,0.6585446000099182,메이크온,메이크온 시너지 마스크,스킨케어,마스크팩
persona_2,1,0.6499823927879333,메이크온,가볍게 마시는 히알루론산,건기식,기능성식품
persona_2,2,0.6526958346366882,메이크온,스킨 라이트 테라피 III,디바이스,스킨기기
persona_2,3,0.6654412746429443,메이크온,스킨 라이트 테라피 3S,디바이스,스킨기기
persona_2,4,0.659440815448761,메이크온,젬 소노 테라피 릴리프,디바이스,스킨기기
persona_2,5,0.6473976373672485,메이크온,히알루로닉 스파 캡슐 24개입,건기식,기능성식품
persona_2,6,0.6488065719604492,메이크온,마그네타이트 바디롤러,바디,바디케어
persona_2,7,0.6643118262290955,메이크온,,기타,미분류
persona_2,8,0.6547207832336426,메이크온,페이셜 부스팅 스파,기타,미분류
persona_2,9,0.6516260504722595,에뛰드,수분가득 콜라겐 시트 마스크 25ml,스킨케어,마스크팩
persona_2,10,0.6531826853752136,에뛰드,드로잉 아이 브로우 0.25g,메이크업,아이브로우
persona_2,11,0.6588855981826782,에뛰드,진저슈가 립케어 2종 기획세트,메이크업,립제품
persona_2,12,0.6604831218719482,에뛰드,왓츠 인 마이 아이즈,메이크업,아이섀도우
persona_2,13,0.65225750207901,에뛰드,디어 달링 워터젤 틴트,메이크업,립틴트
persona_2,14,0.6532955765724182,에뛰드,왓츠 인 마이 아이즈 카페 더블,메이크업,아이섀도우
persona_2,15,0.6335696578025818,에뛰드,수분가득 콜라겐 딥시트 마스크 37ml,스킨케어,마스크팩
persona_2,16,0.6587993502616882,에뛰드,순정 디렉터 수분 선크림 기획세트 SPF50+/PA++++,선케어,선크림
persona_2,17,0.6347226500511169,에뛰드,닥터 마스카라 픽서 포 래쉬  6g,메이크업,마스카라
persona_2,18,0.633303701877594,에뛰드,프루프 10 젤 방수 펜슬 0.3 g,메이크업,아이라이너
persona_2,19,0.6562036275863647,에뛰드,순정 디렉터 선크림,선케어,선크림
persona_2,20,0.6248177289962769,에뛰드,뽀오얀 미소 발효 립&아이 리무버 250ml,클렌징,리무버
persona_2,21,0.6388311386108398,에뛰드,님프 광채볼류머 투명한 물광 24g,건기식,기능성식품
persona_2,22,0.6526390314102173,에뛰드,청순거짓 브라우카라 대용량 기획세트,기타,미분류
persona_2,23,0.6573758125305176,에뛰드,컬 픽스 마스카라,메이크업,마스카라
persona_2,24,0.6363919377326965,에뛰드,블링블링 아이스틱 1.4g,건기식,기능성식품
persona_2,25,0.6441214084625244,에뛰드,라인 픽스 브러쉬 라이너 0.5g,메이크업,아이라이너
persona_2,26,0.6413339376449585,에뛰드,팡팡 헤어 섀도우 3.5g,메이크업,아이섀도우
persona_2,27,0.6281896829605103,에뛰드,픽싱틴트 4g,메이크업,립틴트
persona_2,28,0.6245219707489014,에뛰드,진저슈가 립밤스틱 3.7g,건기식,기능성식품
persona_2,29,0.6256765127182007,에뛰드,진저슈가 에센셜 립밤 15ml,스킨케어,크림
persona_2,30,0.6501515507698059,에뛰드,그림자쉐딩 재창조 & 재창조 쉐딩스틱 기획세트,기타,미분류
persona_2,31,0.6231646537780762,에뛰드,슈팅빔 하이라이터 3g,건기식,기능성식품
persona_2,32,0.6594545841217041,에뛰드,순정 디렉터 톤업 수정 선크림 기획 세트 SPF50+/PA++++,선케어,선크림
persona_2,33,0.6456904411315918,에뛰드,베어 엣지 슬림 브로우 0.1g,메이크업,아이브로우
persona_2,34,0.6262639760971069,에뛰드,플레이 101 스틱 컨투어 듀오,기타,미분류
persona_2,35,0.6504880785942078,에뛰드,컬픽스 마스카라 올인원 3종 세트,메이크업,마스카라
persona_2,36,0.6494241952896118,에뛰드,"6,400원",기타,미분류
persona_2,37,0.612475574016571,에뛰드,아이돌 리얼 래쉬 픽서 8ml,메이크업,마스카라
persona_2,38,0.6535348296165466,에뛰드,베이킹 파우더 모공 클렌징 폼 듀오세트,기타,미분류
persona_2,39,0.6303515434265137,에뛰드,포근 픽싱틴트 4g,메이크업,립틴트
persona_2,40,0.6329534649848938,에뛰드,순정 약산성 클렌징 밀크 200ml,기타,미분류
persona_2,41,0.6545318961143494,에뛰드,리얼아트 클렌징 오일 모이스처 2종 세트,기타,미분류
persona_2,42,0.6516304016113281,에뛰드,디어달링 마커틴트,메이크업,립틴트
persona_2,43,0.6457807421684265,에뛰드,님프 듀이 베이스프렙 30ml,기타,미분류
persona_2,44,0.6512622237205505,에뛰드,뽀용 아이 메이커,기타,미분류
persona_2,45,0.6343564391136169,에뛰드,재창조 메이커 1g,건기식,기능성식품
persona_2,46,0.6346879601478577,에뛰드,오 마이 래쉬 쌩얼 카라 7ml,기타,미분류
persona_2,47,0.6317620277404785,에뛰드,파워 래쉬 속눈썹 영양제 6g,건기식,기능성식품
persona_2,48,0.6488955020904541,에뛰드,재창조 메이커 오버립,기타,미분류
persona_2,49,0.637400209903717,에뛰드,순정 약산성 5.5 폼 클렌저 150ml,기타,미분류
persona_2,50,0.6256987452507019,에뛰드,진저슈가 오버나이트 립마스크 23g,스킨케어,마스크팩
persona_2,51,0.6350847482681274,에뛰드,수분가득 콜라겐 아이크림 28ml,스킨케어,크림
persona_2,52,0.6386221647262573,에뛰드,컬러 래스팅 글로우 스틱 3.2g,건기식,기능성식품
persona_2,53,0.6227993369102478,에뛰드,빅 커버 스킨 핏 컨실러 7g,건기식,기능성식품
persona_2,54,0.6342008113861084,에뛰드,닥터 마스카라 픽서 6g,메이크업,마스카라
persona_2,55,0.6437140703201294,에뛰드,뽀오얀 미소 발효 클렌징오일 150ml,기타,미분류
persona_2,56,0.6341744065284729,에뛰드,베이킹 파우더 B.B 딥 클렌징폼 160g,건기식,기능성식품
persona_2,57,0.6587993502616882,에뛰드,순정 디렉터 무기자차 선크림 기획세트 SPF50+/PA++++,선케어,선크림
persona_2,58,0.6397190093994141,에뛰드,피지쏙 파우더 5g,건기식,기능성식품
persona_2,59,0.6202152967453003,에뛰드,오마이래쉬 마스카라 1호 탑코트 12g,메이크업,마스카라
persona_2,60,0.6469622850418091,에뛰드,플레이 멀티 아이즈,메이크업,아이섀도우
persona_2,61,0.6076741218566895,에뛰드,피지쏙 젤리 파우더 8g,건기식,기능성식품
persona_2,62,0.6535243988037109,에뛰드,원더포어 프레쉬너 2종 세트,기타,미분류
persona_2,63,0.6389326453208923,에뛰드,더블 래스팅 비건 커버 파운데이션 SPF32/PA++ 30 g,선케어,선크림
persona_2,64,0.6472182273864746,에뛰드,순정 판텐소사이드10 시카밤 50ml,스킨케어,크림
persona_2,65,0.6082363128662109,에뛰드,래쉬 업 콤브 마스카라 8g,메이크업,마스카라
persona_2,66,0.6176472902297974,에뛰드,글로우 픽싱 틴트 3.8g,메이크업,립틴트
persona_2,67,0.6525593400001526,에뛰드,러블리쿠키 블러셔,기타,미분류
persona_2,68,0.6223811507225037,에뛰드,마스카라 전용 리무버 80ml,메이크업,마스카라
persona_2,69,0.6245088577270508,에뛰드,립 앤 아이 리무버 250ml,클렌징,리무버
persona_2,70,0.6488955020904541,에뛰드,오버 글로이 틴트,메이크업,립틴트
persona_2,71,0.6392019987106323,에뛰드,뽀오얀 미소 발효 클렌징폼 150ml,기타,미분류
persona_2,72,0.62410569190979,에뛰드,하트 팝 블러셔 4g,건기식,기능성식품
persona_2,73,0.6214020252227783,에뛰드,순정 2x 베리어 보습 크림 60ml,스킨케어,크림
persona_2,74,0.637366533279419,에뛰드,순정 약산성 6.5 휩 클렌저 150ml,기타,미분류
persona_2,75,0.6273477077484131,에뛰드,순정 약산성 5.5 진정 토너 350ml,기타,미분류
persona_2,76,0.6519193053245544,에뛰드,애교살 메이커,기타,미분류
persona_2,77,0.653668224811554,에뛰드,페이스 브라이트너,기타,미분류
persona_2,78,0.6359708905220032,에뛰드,디어달링 오일틴트 4.2g,메이크업,립틴트
persona_2,79,0.6614410281181335,에뛰드,그림자 쉐딩 브러쉬,기타,미분류
persona_2,80,0.63236403465271,에뛰드,진저슈가 멜팅 밤 2.3g,스킨케어,크림
persona_2,81,0.6377387642860413,에뛰드,럭키 립햄치크 1.5g,건기식,기능성식품
persona_2,82,0.6519193053245544,에뛰드,홀리데이 에디션,기타,미분류
persona_2,83,0.6316432356834412,에뛰드,순정 10무 수분 에멀전 130ml,기타,미분류
persona_2,84,0.6439998745918274,에뛰드,순정 수분 베리어 크림 75ml,스킨케어,크림
persona_2,85,0.6522649526596069,에뛰드,그림자 쉐딩 브러쉬 1개입,기타,미분류
persona_2,86,0.6439101696014404,에뛰드,2X 쌩얼 라이너 0.5g,메이크업,아이라이너
persona_2,87,0.6187384724617004,에뛰드,AC 클린업 핑크스팟 15ml,기타,미분류
persona_2,88,0.6239469051361084,에뛰드,마이 래쉬 세럼 18g,스킨케어,세럼
persona_2,89,0.645376443862915,에뛰드,소프트 픽스 메이크업 픽서 50ml,메이크업,마스카라
persona_2,90,0.6575039029121399,에뛰드,그림자 쉐딩 브러쉬,기타,미분류
persona_2,91,0.6331077814102173,에뛰드,피지쏙 팩트 9.5g,스킨케어,마스크팩
persona_2,92,0.6123543381690979,에뛰드,시크릿 빔 파우더 팩트 15g,스킨케어,마스크팩
persona_2,93,0.655636727809906,에뛰드,립 앤 아이 리무버 100ml,클렌징,리무버
persona_2,94,0.6349805593490601,에뛰드,리얼아트 클렌징 오일 모이스처 185ml,기타,미분류
persona_2,95,0.6496025919914246,에뛰드,클라우드 필터 쿠션 기획세트 SPF42/PA+++,선케어,선크림
persona_2,96,0.6408393979072571,에뛰드,님프 광채 볼류머 + 컨실러 2종 기획세트,기타,미분류
persona_2,97,0.6578607559204102,에뛰드,재창조 메이커 애교살 라이너,메이크업,아이라이너
persona_2,98,0.6253485083580017,에뛰드,베이킹 파우더 사각사각 모공 스크럽 200g,건기식,기능성식품
persona_2,99,0.6542447805404663,에뛰드,반짝눈물 라이너,메이크업,아이라이너
persona_2,100,0.6532996296882629,에뛰드,수분가득 콜라겐 크림 75ml,스킨케어,크림
persona_2,101,0.633755624294281,에뛰드,수분가득 콜라겐 에멀전 180ml,기타,미분류
persona_2,102,0.65167635679245,에뛰드,수분가득 콜라겐 2종 세트,기타,미분류
persona_2,103,0.6496025919914246,에뛰드,클라우드 필터 쿠션 기획세트 SPF42/PA+++,선케어,선크림
persona_2,104,0.6167762875556946,에뛰드,클라우드 필터 쿠션 SPF42/PA+++ 15g,선케어,선크림
persona_2,105,0.6624062657356262,에뛰드,그림자 쉐딩,기타,미분류
persona_2,106,0.6494365930557251,에뛰드,오버 글로이 틴트 기획세트,메이크업,립틴트
persona_2,107,0.6215929985046387,에뛰드,슈가컬러링 젤리밤 9g,스킨케어,크림
persona_2,108,0.6180171370506287,에뛰드,오버 글로이 글로스 2.8g,건기식,기능성식품
persona_2,109,0.6339666843414307,에뛰드,프루티 립앤치크 블러밤 2.3g,스킨케어,크림
persona_2,110,0.6531327962875366,에뛰드,마이 베스트 톤 아이즈 2구,메이크업,아이섀도우
persona_2,111,0.6408479809761047,에뛰드,수분가득 콜라겐 클렌징 폼 150g,건기식,기능성식품
persona_2,112,0.6541315913200378,에뛰드,룩 앳 마이 아이즈,메이크업,아이섀도우
persona_2,113,0.6541647911071777,에뛰드,뉴이어 컬렉션,기타,미분류
persona_2,114,0.6573758125305176,에뛰드,컬러래스팅 글로우 스틱,기타,미분류
persona_2,115,0.647407054901123,에뛰드,더블래스팅 커버 컨실러 팔레트,기타,미분류
persona_2,116,0.6516199111938477,에뛰드,디어달링 필오프 립스테인,기타,미분류
persona_2,117,0.6477622985839844,에뛰드,컬픽스 스키니 마스카라 1+1 기획세트,메이크업,마스카라
persona_2,118,0.6364885568618774,에뛰드,팡팡 헤어카라 픽서 10ml,메이크업,마스카라
persona_2,119,0.5964547991752625,에뛰드,진저슈가 립세럼 13g,스킨케어,세럼
persona_2,120,0.6489286422729492,에뛰드,님프 광채 볼류머 듀오 기획세트,기타,미분류
persona_2,121,0.6392019987106323,에뛰드,AC 클린업 클렌징 폼 150ml,기타,미분류
persona_2,122,0.6605603098869324,에뛰드,피지쏙 젤리 파우더 퍼프 2P,기타,미분류
persona_2,123,0.6516016721725464,에뛰드,카페인더 딥 에디션,기타,미분류
persona_2,124,0.6366984248161316,에뛰드,올데이 맑은 BB 크림 SPF36/PA+++ 35ml,선케어,선크림
persona_2,125,0.6297990679740906,에뛰드,순정 약산성 클렌징 밀크 200ml,기타,미분류
persona_2,126,0.6482887268066406,에뛰드,플레이 멀티 아이즈 마루 너만을 오로지 사랑해,메이크업,아이섀도우
persona_2,127,0.63093101978302,에뛰드,벌룬 인 치크 6g,건기식,기능성식품
persona_2,128,0.6417502164840698,에뛰드,컬픽스 마스카라 1호 블랙  & 마스카라 픽서 퍼펙트래쉬,메이크업,마스카라
persona_2,129,0.6488955020904541,에뛰드,사르르 당충전 컬렉션,기타,미분류
persona_2,130,0.6163593530654907,에뛰드,클라우드 필터 쿠션 SPF42/PA+++ 15g,선케어,선크림
persona_2,131,0.6516304016113281,에뛰드,밀키베리 에디션,기타,미분류
persona_2,132,0.6488955020904541,에뛰드,오버 글로이 틴트,메이크업,립틴트
persona_2,133,0.6492466330528259,에뛰드,오버글로이 틴트,메이크업,립틴트
persona_2,134,0.64531409740448,에뛰드,하트팝 블러셔,기타,미분류
persona_2,135,0.64531409740448,에뛰드,낫배드 컬렉션,기타,미분류
persona_2,136,0.6585261821746826,에뛰드,하트팝 듀오 블러셔,기타,미분류
persona_2,137,0.6553457379341125,에뛰드,님프 광채 볼류머 투명한 물광,기타,미분류
persona_2,138,0.65225750207901,에뛰드,마이 베스트 톤 아이즈,메이크업,아이섀도우
persona_2,139,0.64531409740448,에뛰드,하트팝 블러셔,기타,미분류
persona_2,140,0.6399157643318176,에뛰드,순정판텐소사이드10시카밤 50ml *2,스킨케어,크림
persona_2,141,0.6545711755752563,에뛰드,순정 판텐소사이드 마스크 25ml,스킨케어,마스크팩
persona_2,142,0.6307938694953918,에뛰드,0.2 테라피 에어 마스크 20ml,스킨케어,마스크팩
persona_2,143,0.6223291754722595,에뛰드,뽀오얀 미소 발효 립&아이 리무버 250ml,클렌징,리무버
persona_2,144,0.6395038962364197,에뛰드,뽀오얀 클렌징 오일 + 뽀오얀 클렌징 폼,기타,미분류
persona_2,145,0.6019967794418335,에뛰드,오마이래쉬 마스카라 1호 탑코트 12g *2,메이크업,마스카라
persona_2,146,0.6180771589279175,에뛰드,마스카라 전용 리무버 80ml *2,메이크업,마스카라
persona_2,147,0.622795045375824,에뛰드,파워 래쉬 속눈썹 영양제 6g*2,건기식,기능성식품
persona_2,148,0.6376418471336365,에뛰드,제로피지 드라잉 파우더 4g,건기식,기능성식품
persona_2,149,0.6267616748809814,에뛰드,수분가득 콜라겐 토너 200ml,기타,미분류
persona_2,150,0.6224431395530701,에스트라,아토베리어365 크림 80ml,스킨케어,크림
persona_2,151,0.6306615471839905,에스트라,아토베리어365 크림 80ml or 로션150ml,스킨케어,크림
persona_2,152,0.6258706450462341,에스트라,아토베리어365크림미스트 120ml,스킨케어,크림
persona_2,153,0.6388869881629944,에스트라,아토베리어365 세라-히알 속수분 앰플 30ml,스킨케어,앰플
persona_2,154,0.6201574802398682,에스트라,아토베리어365 바디로션 400ml,바디,바디케어
persona_2,155,0.6346776485443115,에스트라,아토베리어365 하이드로 에센스 200ml,스킨케어,에센스
persona_2,156,0.6470307111740112,에스트라,아토베리어365 버블클렌저 150ml,기타,미분류
persona_2,157,0.64177006483078,에스트라,아토베리어365 로션 150ml,기타,미분류
persona_2,158,0.6486144065856934,에스트라,더마UV365 무기자차 선크림 or 톤업 선크림 or 비타C광채 수분 선크림 SPF 50+/ PA++++ 40ml,선케어,선크림
persona_2,159,0.6417826414108276,에스트라,리제덤365 모공탄력 캡슐세럼 30ml,스킨케어,세럼
persona_2,160,0.6222408413887024,에스트라,테라크네365 클리어 딥 클렌징 폼 200g,건기식,기능성식품
persona_2,161,0.6277739405632019,에스트라,아토베리어365 바디크림 250ml,스킨케어,크림
persona_2,162,0.6380244493484497,에스트라,아토베리어 365 하이드로 수딩크림 60ml,스킨케어,크림
persona_2,163,0.626308262348175,에스트라,에이시카365 흔적진정세럼pH4.5 40ml,스킨케어,세럼
persona_2,164,0.6335878968238831,에스트라,에이시카 365 수분토너pH4.5 200ml,기타,미분류
persona_2,165,0.6309521198272705,에스트라,NEW 테라크네365 나이아신아마이드5% 흔적 바디 미스트 200ml,바디,바디케어
persona_2,166,0.6383368372917175,에스트라,테라크네365 수딩 액티브 모이스처라이저 60ml,기타,미분류
persona_2,167,0.6418197154998779,에스트라,에이시카365 리페어 크림pH4.5 60ml,스킨케어,크림
persona_2,168,0.6382794380187988,에스트라,테라크네365 액티브 세럼 30ml,스킨케어,세럼
persona_2,169,0.6272860765457153,에스트라,에이시카365 쿨링팩패드pH4.5 110ml,스킨케어,마스크팩
persona_2,170,0.6330363154411316,에스트라,테라크네365 하이드로 액티브 토너 200ml,기타,미분류
persona_2,171,0.6243866086006165,에스트라,NEW 리제덤365 레티노이드 아이세럼 15ml,스킨케어,세럼
persona_2,172,0.6428725719451904,에스트라,리제덤365 밀도탄력 캡슐크림 50ml,스킨케어,크림
persona_2,173,0.620211660861969,에스트라,NEW 더마UV365 비타C 광채수분 선크림 SPF50+ PA++++ 40ml,선케어,선크림
persona_2,174,0.6404386758804321,에스트라,더마UV365 레드진정 톤업 선크림 SPF 50+/ PA++++ 40ML,선케어,선크림
persona_2,175,0.6295373439788818,에스트라,아토베리어365 크림 150ml*2개 대용량 홀리데이 에디션,스킨케어,크림
persona_2,176,0.6317855715751648,에스트라,아토베리어365 크림 150ml 홀리데이 에디션,스킨케어,크림
persona_2,177,0.6322522759437561,에스트라,리제덤365 모공탄력 캡슐세럼 30ml*2개 + 월리 우프 무드등,스킨케어,세럼
persona_2,178,0.6097910404205322,에스트라,아토베리어365 크림 80ml*3개 + 월리 우프 무드등,스킨케어,크림
persona_2,179,0.6207109093666077,에스트라,에이시카365 흔적진정세럼pH4.5 40ml 더블 세트,스킨케어,세럼
persona_2,180,0.6324598789215088,에스트라,아토베리어365 로션 150ml 더블 세트,기타,미분류
persona_2,181,0.6381838321685791,에스트라,아토베리어365 크림 80ml+세라-히알 속수분 앰플 30ml 더블 세트,스킨케어,앰플
persona_2,182,0.6141385436058044,에스트라,아토베리어365 크림 80ml 더블 세트,스킨케어,크림
persona_2,183,0.6334596276283264,에스트라,테라크네365 액티브 세럼 30ml*2,스킨케어,세럼
persona_2,184,0.6329756379127502,에스트라,테라크네 365 바디미스트 200ml,바디,바디케어
persona_2,185,0.6300622224807739,에스트라,에이시카365 쿨링팩 패드pH4.5 110ml,스킨케어,마스크팩
persona_2,186,0.648875892162323,에스트라,NEW 더마UV365 비타C 광채수분 선크림 40mlX2개 SPF50+ PA++++,선케어,선크림
persona_2,187,0.6314161419868469,에스트라,에이시카365 수분토너pH4.5 200ml*2,기타,미분류
persona_2,188,0.637028157711029,에스트라,에이시카365 리페어 크림pH4.5 60ml*2,스킨케어,크림
persona_2,189,0.6531710028648376,에스트라,에이시카 365 수분토너pH4.5+에이시카 365 흔적진정세럼pH4.5,스킨케어,세럼
persona_2,190,0.6382176280021667,에스트라,리제덤365 밀도탄력 캡슐크림 50ml*2개,스킨케어,크림
persona_2,191,0.6211007833480835,에스트라,리제덤365 레티노이드 아이세럼 15ml*2개,스킨케어,세럼
persona_2,192,0.6374648809432983,에스트라,아토베리어365 세라-히알 속수분 앰플 30ml*2개,스킨케어,앰플
persona_2,193,0.6404273509979248,에스트라,아토베리어365 크림 80ml+리제덤365 모공탄력 캡슐세럼 30ml,스킨케어,세럼
persona_2,194,0.6547701358795166,에스트라,아토베리어365 바디크림 250mlX2개,스킨케어,크림
persona_2,195,0.6410738229751587,에스트라,리제덤365 모공탄력 캡슐세럼 30ml + 캡슐크림 50ml,스킨케어,세럼
persona_2,196,0.6540884375572205,에스트라,아토베리어365 크림미스트 120mlX2개,스킨케어,크림
persona_2,197,0.6483516693115234,에스트라,더마UV365 장벽수분 무기자차 선크림 40mlX2개 SPF50+ PA++++,선케어,선크림
persona_2,198,0.6560267806053162,에스트라,테라크네365 클리어 딥 클렌징 폼 200gX2개,건기식,기능성식품
persona_2,199,0.6330832242965698,에스트라,아토베리어365 하이드로 에센스 200ml,스킨케어,에센스
persona_2,200,0.6483516693115234,에스트라,더마UV365 레드진정 톤업 선크림 40mlX2개 SPF50+ PA++++,선케어,선크림
persona_2,201,0.6542425155639648,에스트라,아토베리어365 버블클렌저 150mlX2개,기타,미분류
persona_2,202,0.6526678204536438,에스트라,아토베리어365바디로션 400mlX2개,바디,바디케어
persona_2,203,0.6524045467376709,에스트라,아토베리어365 하이드로 수딩크림 60mlX2개,스킨케어,크림
persona_2,204,0.6030794978141785,,수면양말 1EA,기타,미분류
persona_2,205,0.5795696377754211,,인형 파우치,기타,미분류
persona_2,206,0.6025086045265198,,APBADAs스티커 1EA,기타,미분류
persona_2,207,0.5983033180236816,,APBADAs X KBP 스트링 파우치,기타,미분류
persona_2,208,0.6091558933258057,,APBADAs 아모레까뮈 지비츠,기타,미분류
persona_2,209,0.5967810153961182,,APBADAs 돌풍이 마우스패드 1EA,기타,미분류
persona_2,210,0.585303544998169,,APBADAs 아모레까뮈 인형파우치 1EA,기타,미분류
persona_2,211,0.5969520807266235,,APBADAs 돌풍이 캐릭터인형 L,기타,미분류
persona_2,212,0.5954350233078003,,앞바다즈 인형키링 8종,기타,미분류
persona_2,213,0.5949598550796509,,돌풍이/돌풍E 캐릭터 인형,기타,미분류
persona_2,214,0.5923693180084229,,무릎담요,기타,미분류
persona_2,215,0.6000982522964478,,APBADAs X KBP 랩탑 파우치 1EA,기타,미분류
persona_2,216,0.5782368779182434,,무릎담요,기타,미분류
persona_2,217,0.5969520807266235,,APBADAs 돌풍E 캐릭터인형 L,기타,미분류
persona_2,218,0.6025564670562744,,APBADAs 인형 키링 아모레까뮈 1EA,기타,미분류
persona_2,219,0.5895082354545593,,APBADAs 아모레까뮈 캐릭터인형 1EA,기타,미분류
persona_2,220,0.5929027199745178,,캐릭터 지비츠,기타,미분류
persona_2,221,0.5965551137924194,,스노우 메이커,기타,미분류
persona_2,222,0.585533618927002,,APBADAs 인형 6종,기타,미분류
persona_2,223,0.5842268466949463,,APBADAs캐릭터실리콘참 8EA,기타,미분류
persona_2,224,0.5725234150886536,,APBADAs스마트톡 1EA,기타,미분류
persona_2,225,0.6343477368354797,라보에이치,모발강화클리닉 샴푸 430ml,기타,미분류
persona_2,226,0.6339130997657776,라보에이치,모발강화클리닉 트리트먼트 200ml,기타,미분류
persona_2,227,0.6217448115348816,라보에이치,두피강화 클리닉 샴푸 탈모증상완화 400ml,기타,미분류
persona_2,228,0.6538265347480774,라보에이치,모발강화클리닉 에센스 75ml,스킨케어,에센스
persona_2,229,0.6217448115348816,라보에이치,두피강화클리닉 샴푸 탈모증상완화 리필팩 400ml,스킨케어,마스크팩
persona_2,230,0.6225278973579407,라보에이치,두피강화 클리닉 캡슐 트리트먼트 탈모증상완화 220ml,기타,미분류
persona_2,231,0.6589107513427734,라보에이치,프리미엄 샴푸 브러쉬 1입,기타,미분류
persona_2,232,0.6484122276306152,라보에이치,두피강화 클리닉 앰플 토닉 탈모증상완화 100ml,스킨케어,앰플
persona_2,233,0.6247236132621765,라보에이치,두피강화 클리닉 헤어라인 앰플 탈모증상완화 15ml,스킨케어,앰플
persona_2,234,0.6240043640136719,라보에이치,탈모증상완화 샴푸 두피강화 블랑쉬앤우디/페어앤프리지아 400ml,기타,미분류
persona_2,235,0.6237818002700806,라보에이치,댄드러프클리닉 샴푸 탈모증상완화 400ml,기타,미분류
persona_2,236,0.616710901260376,라보에이치,두피강화클리닉 쿨링&노세범 샴푸 400ml,기타,미분류
persona_2,237,0.6166362762451172,라보에이치,두피강화클리닉 쿨링&노세범 샴푸 리필팩 400ml,스킨케어,마스크팩
persona_2,238,0.6220903992652893,라보에이치,탈모증상완화 샴푸 민감더마 400ml,기타,미분류
persona_2,239,0.6258518695831299,라보에이치,댄드러프클리닉 워터스케일러 탈모증상완화 250ml,기타,미분류
persona_2,240,0.6217448115348816,라보에이치,두피강화클리닉 샴푸 탈모증상완화 종이리필 400ml,기타,미분류
persona_2,241,0.6345050930976868,라보에이치,댄드러프클리닉 샴푸 탈모증상완화 리필팩 400ml,스킨케어,마스크팩
persona_2,242,0.6050797700881958,라보에이치,두피강화클리닉 스케일러 탈모증상완화 208g,건기식,기능성식품
persona_2,243,0.6644858717918396,라보에이치,두피강화클리닉 샴푸 탈모증상완화 리필팩,스킨케어,마스크팩
persona_2,244,0.6646910309791565,라보에이치,두피강화 클리닉 샴푸 탈모증상완화,기타,미분류
persona_2,245,0.6594510674476624,라보에이치,댄드러프클리닉 샴푸 탈모증상완화,기타,미분류
persona_2,246,0.652859091758728,라보에이치,두피강화클리닉 쿨링&노세범 샴푸,기타,미분류
persona_2,247,0.6650729179382324,라보에이치,탈모증상완화 샴푸 두피강화 블랑쉬앤우디,기타,미분류
persona_2,248,0.6649426221847534,라보에이치,두피강화 클리닉 앰플 토닉 탈모증상완화,스킨케어,앰플
persona_2,249,0.6651389598846436,라보에이치,두피강화 클리닉 헤어라인 앰플 탈모증상완화,스킨케어,앰플
persona_2,250,0.6637606620788574,라보에이치,두피강화 클리닉 캡슐 탈모증상완화 트리트먼트,건기식,기능성식품
persona_2,251,0.6650729179382324,라보에이치,탈모증상완화 샴푸 두피강화 페어앤프리지아,기타,미분류
persona_2,252,0.6647671461105347,라보에이치,두피강화 클리닉 샴푸 탈모증상완화,기타,미분류
persona_2,253,0.6541234254837036,롱테이크,솔리드 퍼퓸 디스커버리 3종 키트,기타,미분류
persona_2,254,0.6258530616760254,롱테이크,NEW 헤어 오일  40ml,기타,미분류
persona_2,255,0.6470583081245422,롱테이크,샴푸  300ml,기타,미분류
persona_2,256,0.6625284552574158,롱테이크,샌달우드 인텐시브 3종 트라이얼 키트,기타,미분류
persona_2,257,0.6480077505111694,롱테이크,핸드크림  50ml,스킨케어,크림
persona_2,258,0.6375494599342346,롱테이크,바디로션  200ml,바디,바디케어
persona_2,259,0.6470583081245422,롱테이크,바디워시  300ml,바디,바디케어
persona_2,260,0.6424552202224731,롱테이크,NEW 솔리드 퍼퓸  30ml,기타,미분류
persona_2,261,0.6361889839172363,롱테이크,NEW 트리트먼트  200ml,기타,미분류
persona_2,262,0.6273324489593506,롱테이크,코어본딩 헤어마스크  200ml,스킨케어,마스크팩
persona_2,263,0.662798285484314,롱테이크,샌달우드 오드퍼퓸 SET,기타,미분류
persona_2,264,0.6503906846046448,롱테이크,샌달우드 샴푸&헤어오일 SET,기타,미분류
persona_2,265,0.6636447906494141,롱테이크,블랙티앤피그 소프트닝 헤어 오일,기타,미분류
persona_2,266,0.6636447906494141,롱테이크,샌달우드 인텐시브 헤어 오일,기타,미분류
persona_2,267,0.6650417447090149,롱테이크,블랙티앤피그 소프트닝 바디워시+바디로션,바디,바디케어
persona_2,268,0.6650417447090149,롱테이크,샌달우드 인텐시브 바디워시+바디로션,바디,바디케어
persona_2,269,0.6650417447090149,롱테이크,블랙티앤피그 소프트닝 샴푸+트리트먼트,기타,미분류
persona_2,270,0.6650417447090149,롱테이크,샌달우드 인텐시브 샴푸+트리트먼트,기타,미분류
persona_2,271,0.6326804757118225,롱테이크,오드 퍼퓸  20ml,기타,미분류
persona_2,272,0.6571134328842163,에스쁘아,비벨벳 커버쿠션 기획세트 SPF42/PA++,선케어,선크림
persona_2,273,0.6221513152122498,에스쁘아,노웨어 립스틱 바밍글로우 3g,메이크업,립스틱
persona_2,274,0.6534777283668518,에스쁘아,더 브로우 밸런스 펜슬 0.1g,메이크업,아이브로우
persona_2,275,0.627433717250824,에스쁘아,꾸뛰르 립 틴트 글레이즈 4g,메이크업,립틴트
persona_2,276,0.6702246069908142,에스쁘아,비글로우 볼륨쿠션 에어 퍼프 1ea,기타,미분류
persona_2,277,0.6544212102890015,에스쁘아,리얼 아이 애교살 스틱,기타,미분류
persona_2,278,0.6361573338508606,에스쁘아,비글로우 파운데이션 SPF27/PA++ 30g,선케어,선크림
persona_2,279,0.6490497589111328,에스쁘아,아이 오프닝 펜슬 0.3g,메이크업,아이라이너
persona_2,280,0.6020275950431824,에스쁘아,스트로빙 하이라이터 8g,건기식,기능성식품
persona_2,281,0.6270996332168579,에스쁘아,꾸뛰르 립 틴트 피팅 블러 4g,메이크업,립틴트
persona_2,282,0.6516205072402954,에스쁘아,노웨어 립스틱 볼륨 매트,메이크업,립스틱
persona_2,283,0.6571134328842163,에스쁘아,프로테일러 비내추럴 쿠션 SPF50+/PA++++,선케어,선크림
persona_2,284,0.6339401006698608,에스쁘아,더브로우 컬러 픽싱 카라 3g,메이크업,아이브로우
persona_2,285,0.649413526058197,에스쁘아,워터 스플래쉬 선크림 세라마이드 기획세트 SPF50+/PA++++,선케어,선크림
persona_2,286,0.6571134328842163,에스쁘아,비글로우 볼륨 쿠션 SPF42/PA+++,선케어,선크림
persona_2,287,0.6221513152122498,에스쁘아,베어 글로우 립밤 3g,스킨케어,크림
persona_2,288,0.6536148190498352,에스쁘아,스키니 픽스 블렌더,기타,미분류
persona_2,289,0.6516205072402954,에스쁘아,노웨어 립스틱 바밍 글로우,메이크업,립스틱
persona_2,290,0.6477652192115784,에스쁘아,블러리 치크,기타,미분류
persona_2,291,0.6543328762054443,에스쁘아,비벨벳 파운데이션 SPF22/PA++,선케어,선크림
persona_2,292,0.6531398892402649,에스쁘아,더브로우 이지쉐이핑 펜슬,메이크업,아이브로우
persona_2,293,0.6618303656578064,에스쁘아,플럼피즈 오버립 펜슬,메이크업,아이라이너
persona_2,294,0.6571134328842163,에스쁘아,비벨벳 커버 쿠션 SPF42/PA++,선케어,선크림
persona_2,295,0.6083217263221741,에스쁘아,비글로우 스틱 파운데이션 SPF50+/PA++++ 11g,선케어,선크림
persona_2,296,0.6283842325210571,에스쁘아,노머징 마스카라 워터프루프 XP 9g,메이크업,마스카라
persona_2,297,0.6517078876495361,에스쁘아,갤럭시 에디션,기타,미분류
persona_2,298,0.6491467356681824,에스쁘아,워터스플래쉬 선크림  SPF50+/PA++++,선케어,선크림
persona_2,299,0.6536307334899902,에스쁘아,비글로우 볼륨 쿠션 글리밍 캘리 3종 기획세트 SPF42/PA+++,선케어,선크림
persona_2,300,0.6418236494064331,에스쁘아,노머징 브러쉬 라이너 1g,메이크업,아이라이너
persona_2,301,0.6477652192115784,에스쁘아,디즈니 에디션,기타,미분류
persona_2,302,0.649413526058197,에스쁘아,워터 스플래쉬 프레쉬 시카 선크림 SPF50+/PA++++,선케어,선크림
persona_2,303,0.6572788953781128,에스쁘아,트루 글로우 파운데이션 브러쉬 1ea,기타,미분류
persona_2,304,0.6259836554527283,에스쁘아,비글로우 스틱 쉐딩 9g,건기식,기능성식품
persona_2,305,0.6114727258682251,에스쁘아,비글로우 볼륨 쿠션 SPF42/PA+++ 13g,선케어,선크림
persona_2,306,0.6477652192115784,에스쁘아,플럼피즈 립글로스,기타,미분류
persona_2,307,0.658843457698822,에스쁘아,파워컬링레드뷰러,기타,미분류
persona_2,308,0.6562036275863647,에스쁘아,톤페어링 컨투어 팔레트,기타,미분류
persona_2,309,0.6436647176742554,에스쁘아,워터 스플래쉬 선크림 톤업 래스팅 SPF50+/PA++++ 50ml,선케어,선크림
persona_2,310,0.6128448247909546,에스쁘아,톤페어링 리퀴드 치크 8ml,기타,미분류
persona_2,311,0.6097645163536072,에스쁘아,비벨벳 커버 쿠션 13g,건기식,기능성식품
persona_2,312,0.6237707138061523,에스쁘아,이지 블렌딩 컨실러 10g,건기식,기능성식품
persona_2,313,0.6545946598052979,에스쁘아,비글로우 스틱 래디언스,기타,미분류
persona_2,314,0.6324230432510376,에스쁘아,톤페어링 치크 9.6g,건기식,기능성식품
persona_2,315,0.6534755229949951,에스쁘아,비벨벳 커버쿠션 기획세트 SPF42/PA++,선케어,선크림
persona_2,316,0.6624062657356262,에스쁘아,플럼피즈 에디션,기타,미분류
persona_2,317,0.620206892490387,에스쁘아,듀라이크 젤로 글로우라이저 40ml,기타,미분류
persona_2,318,0.6471533179283142,에스쁘아,프레쉬 세팅 픽서 100ml,메이크업,마스카라
persona_2,319,0.6496307253837585,에스쁘아,워터 스플래쉬 선 세럼 SPF50+/PA+++ 50ml,선케어,선크림
persona_2,320,0.6621716022491455,에스쁘아,듀얼 스머징 립 브러쉬,기타,미분류
persona_2,321,0.635053277015686,에스쁘아,톤페어링 하이라이터 9.6g,건기식,기능성식품
persona_2,322,0.6278671026229858,에스쁘아,프레쉬 세팅 파우더 9g,건기식,기능성식품
persona_2,323,0.6559447050094604,에스쁘아,비벨벳 피팅 스펀지 1ea,기타,미분류
persona_2,324,0.6005032062530518,에스쁘아,프로테일러 비글로우 쉬어 파우더 8g,건기식,기능성식품
persona_2,325,0.6139976978302002,에스쁘아,비벨벳 세범컷 쿨링 쿠션 15.8g,건기식,기능성식품
persona_2,326,0.6118392944335938,에스쁘아,프로테일러 비내추럴 쿠션 SPF50+/PA++++ 14g,선케어,선크림
persona_2,327,0.6555725932121277,에스쁘아,듀라이크 젤로 톤업 쿠션 SPF50+/PA+++,선케어,선크림
persona_2,328,0.6340192556381226,에스쁘아,더브로우 컬러 픽싱 카라 쿨그레이 3g,메이크업,아이브로우
persona_2,329,0.655164361000061,에스쁘아,리얼 아이 팔레트,기타,미분류
persona_2,330,0.6469622850418091,에스쁘아,플럼피즈 볼륨 밤,기타,미분류
persona_2,331,0.6362287998199463,에스쁘아,꾸뛰르 립 틴트 글레이즈 5.5g,메이크업,립틴트
persona_2,332,0.626587986946106,에스쁘아,꾸뛰르 립 틴트  4g,메이크업,립틴트
persona_2,333,0.6491170525550842,에스쁘아,워터스플래쉬 선크림 톤업 래스팅 SPF50+/PA++++,선케어,선크림
persona_2,334,0.6379424929618835,에스쁘아,워터 스플래쉬 선크림 세라마이드 SPF50+/PA++++ 60ml,선케어,선크림
persona_2,335,0.6621716022491455,에스쁘아,비글로우 볼륨쿠션 에어 퍼프,기타,미분류
persona_2,336,0.6568744778633118,에스쁘아,비글로우 볼륨 쿠션 23호 베이지 SPF42/PA+++,선케어,선크림
persona_2,337,0.6568744778633118,에스쁘아,비글로우 볼륨 쿠션 22호 페탈 SPF42/PA+++,선케어,선크림
persona_2,338,0.6568744778633118,에스쁘아,비글로우 볼륨 쿠션 21호 아이보리 SPF42/PA+++,선케어,선크림
persona_2,339,0.6568744778633118,에스쁘아,비글로우 볼륨 쿠션 20호 바닐라 SPF42/PA+++,선케어,선크림
persona_2,340,0.6568744778633118,에스쁘아,비글로우 볼륨 쿠션 13호 포슬린 SPF42/PA+++,선케어,선크림
persona_2,341,0.6538386344909668,에스쁘아,비글로우 볼륨쿠션 에어 퍼프,기타,미분류
persona_2,342,0.6573758125305176,에스쁘아,허쉬드 체리 에디션,기타,미분류
persona_2,343,0.6576458811759949,에스쁘아,수퍼 소프트 페이스 브러쉬 1EA,기타,미분류
persona_2,344,0.6453714370727539,아모레성수,01 아이브로우 브러쉬,메이크업,아이브로우
persona_2,345,0.6360787749290466,아모레성수,12 블러셔 브러쉬,기타,미분류
persona_2,346,0.6349692344665527,아모레성수,아모레 성수 토너 210ml,기타,미분류
persona_2,347,0.6144617199897766,아모레성수,15 립 브러쉬,기타,미분류
persona_2,348,0.6234104037284851,아모레성수,14 컨투어링 브러쉬,기타,미분류
persona_2,349,0.6260427236557007,아모레성수,11 하이라이트 브러쉬,기타,미분류
persona_2,350,0.6278463006019592,아모레성수,03 언더섀도우 브러쉬,메이크업,아이섀도우
persona_2,351,0.630784809589386,아모레성수,10 파운데이션 브러쉬,기타,미분류
persona_2,352,0.6339942812919617,아모레성수,09 컨실러 브러쉬,기타,미분류
persona_2,353,0.6325733065605164,아모레성수,07 아이섀도우 브러쉬,메이크업,아이섀도우
persona_2,354,0.6480481624603271,아모레성수,,기타,미분류
persona_2,355,0.6128793954849243,아모레성수,13 파우더 브러쉬,기타,미분류
persona_2,356,0.6207594871520996,아모레성수,08 아이섀도우 블렌딩 브러쉬,메이크업,아이섀도우
persona_2,357,0.6444115042686462,아모레성수,06 아이섀도우 브러쉬,메이크업,아이섀도우
persona_2,358,0.6371545791625977,아모레성수,05 아이섀도우 브러쉬,메이크업,아이섀도우
persona_2,359,0.6267299056053162,아모레성수,02 아이섀도우 홀 브러쉬,메이크업,아이섀도우
persona_2,360,0.6227339506149292,미쟝센,올뉴 쉽고 빠른 거품 염색 80g,건기식,기능성식품
persona_2,361,0.6281135082244873,미쟝센,퍼펙트 세럼 80ml,스킨케어,세럼
persona_2,362,0.6259368062019348,미쟝센,파워 스윙 왁스 9 80g,건기식,기능성식품
persona_2,363,0.628433108329773,미쟝센,NEW 헬로크림 더블커버  120g,스킨케어,크림
persona_2,364,0.618693470954895,미쟝센,헤어앤스칼프 부스터 샴푸 800g,건기식,기능성식품
persona_2,365,0.6501026749610901,미쟝센,살롱10 단백질 에센스 팩  990ml,스킨케어,마스크팩
persona_2,366,0.6445022225379944,미쟝센,컬링 에센스 2X 내추럴/볼륨 150ml,스킨케어,에센스
persona_2,367,0.6371868848800659,미쟝센,퍼펙트 오리지널 세럼 샴푸 680ml,스킨케어,세럼
persona_2,368,0.6496489644050598,미쟝센,살롱10 단백질 샴푸  990ml,기타,미분류
persona_2,369,0.6389565467834473,미쟝센,퍼펙트 베이스업 에센스 200ml,스킨케어,에센스
persona_2,370,0.6357277631759644,미쟝센,펄샤이닝 리페어 샴푸/트리트먼트 1000ml,기타,미분류
persona_2,371,0.6421482563018799,미쟝센,스타일케어 헤어스프레이 300ml,기타,미분류
persona_2,372,0.6314800381660461,미쟝센,퍼펙트 세럼 홈 케어 트리트먼트 900ml,스킨케어,세럼
persona_2,373,0.6327059268951416,미쟝센,살롱10 프로페셔널 시카 프로틴 트리트먼트 215ml,기타,미분류
persona_2,374,0.6476098299026489,미쟝센,퍼펙트 엉킴제로 노워시 트리트먼트 150ml,기타,미분류
persona_2,375,0.6578550338745117,미쟝센,올뉴 샤이닝에센스 100g,스킨케어,에센스
persona_2,376,0.6371868848800659,미쟝센,퍼펙트 오리지널 세럼 컨디셔너 680ml,스킨케어,세럼
persona_2,377,0.633865475654602,미쟝센,살롱10 프로페셔널 시카 프로틴 샴푸 480ml,기타,미분류
persona_2,378,0.6574922204017639,미쟝센,NEW 헬로버블 100g,건기식,기능성식품
persona_2,379,0.6346096992492676,미쟝센,퍼펙트 매직 스트레이트 세럼 샴푸 530ml,스킨케어,세럼
persona_2,380,0.6248742341995239,미쟝센,퍼펙트 매직 스트레이트 세럼 80ml,스킨케어,세럼
persona_2,381,0.6637490391731262,미쟝센,볼륨케어 퍼플 콜라겐 샴푸,기타,미분류
persona_2,382,0.6637490391731262,미쟝센,스칼프케어 그린 시카 샴푸,기타,미분류
persona_2,383,0.6307669281959534,미쟝센,올뉴 쉽고 빠른 크림염색 80g,스킨케어,크림
persona_2,384,0.6628808379173279,미쟝센,퍼펙트 세럼 트리트먼트,스킨케어,세럼
persona_2,385,0.6333993673324585,미쟝센,퍼펙트 매직 스트레이트 세럼 트리트먼트 230ml,스킨케어,세럼
persona_2,386,0.6385395526885986,미쟝센,데미지케어 레드 프로틴 컨디셔너 680ml,기타,미분류
persona_2,387,0.6371868848800659,미쟝센,퍼펙트 슈퍼리치 세럼 컨디셔너 680ml,스킨케어,세럼
persona_2,388,0.6371868848800659,미쟝센,퍼펙트 슈퍼리치 세럼 샴푸 680ml,스킨케어,세럼
persona_2,389,0.6295744180679321,미쟝센,데미지케어 레드 프로틴 헤어크림에센스 140ml,스킨케어,에센스
persona_2,390,0.6451396346092224,미쟝센,데미지케어 레드 프로틴 샴푸,기타,미분류
persona_2,391,0.6395075917243958,미쟝센,이너플렉스 모발강화제 145g,건기식,기능성식품
persona_2,392,0.6466719508171082,미쟝센,헤어앤스칼프 너리싱 부스터 트리트먼트 300g,건기식,기능성식품
persona_2,393,0.6621850728988647,미쟝센,볼륨케어 퍼플 콜라겐 트리트먼트,기타,미분류
persona_2,394,0.6621850728988647,미쟝센,데미지케어 레드 프로틴 트리트먼트,기타,미분류
persona_2,395,0.6665520668029785,미쟝센,이너플렉스 모발강화 샴푸/트리트먼트,기타,미분류
persona_2,396,0.6310498714447021,미쟝센,퍼펙트 노 워시 워터 트리트먼트 215ml,기타,미분류
persona_2,397,0.6325036883354187,미쟝센,살롱10 단백질 트리트먼트 250ml,기타,미분류
persona_2,398,0.6379466652870178,미쟝센,쿨링케어 블루멘톨 샴푸 680ml,기타,미분류
persona_2,399,0.6378822922706604,미쟝센,컬링 매트 볼륨 헤어픽서 200ml,메이크업,마스카라
persona_2,400,0.6334784626960754,미쟝센,헬로버블 퍼퓸보색 핑크 샴푸 400ml,기타,미분류
persona_2,401,0.6584638953208923,미쟝센,NEW 헬로블리치 프라이머 버블 100g,건기식,기능성식품
persona_2,402,0.6371868848800659,미쟝센,퍼펙트 스타일링 세럼 컨디셔너 680ml,스킨케어,세럼
persona_2,403,0.634414792060852,미쟝센,NEW 헬로크림 125g,스킨케어,크림
persona_2,404,0.6141910552978516,미쟝센,헬로 젤리팡팡 8g,건기식,기능성식품
persona_2,405,0.6582120060920715,미쟝센,살롱10 단백질 트리트먼트,기타,미분류
persona_2,406,0.6551648378372192,미쟝센,살롱10 시카 프로틴 샴푸,기타,미분류
persona_2,407,0.6637491583824158,미쟝센,퍼펙트 세럼 트리트먼트,스킨케어,세럼
persona_2,408,0.6644623279571533,미쟝센,퍼펙트 베이스업 헤어 에센스,스킨케어,에센스
persona_2,409,0.655074417591095,미쟝센,컬링 에센스 2X 내추럴,스킨케어,에센스
persona_2,410,0.655074417591095,미쟝센,컬링 에센스 2X 볼륨,스킨케어,에센스
persona_2,411,0.6654813289642334,미쟝센,퍼펙트 세럼 홈 케어 트리트먼트,스킨케어,세럼
persona_2,412,0.6414972543716431,미쟝센,퍼펙트 아르간 캡슐 리페어 헤어 마스크 180g,스킨케어,마스크팩
persona_2,413,0.6655861139297485,미쟝센,퍼펙트 매직 스트레이트 세럼 샴푸,스킨케어,세럼
persona_2,414,0.6638451218605042,미쟝센,퍼펙트 매직 스트레이트 세럼,스킨케어,세럼
persona_2,415,0.6655861139297485,미쟝센,퍼펙트 매직 스트레이트 세럼 트리트먼트,스킨케어,세럼
persona_2,416,0.6618173122406006,미쟝센,살롱10 프로페셔널 시카 프로틴 트리트먼트,기타,미분류
persona_2,417,0.665315568447113,미쟝센,컬링 매트 볼륨 헤어픽서,메이크업,마스카라
persona_2,418,0.6371868848800659,미쟝센,퍼펙트 스타일링 세럼 샴푸 680ml,스킨케어,세럼
persona_2,419,0.6266320943832397,아모레퍼시픽,트리트먼트 엔자임 클렌징 폼 120g,건기식,기능성식품
persona_2,420,0.6442311406135559,아모레퍼시픽,모이스춰 플럼핑 넥타 크림 50ml,스킨케어,크림
persona_2,421,0.6286707520484924,아모레퍼시픽,타임 레스폰스 스킨 리뉴얼 미스트 200ml,기타,미분류
persona_2,422,0.6313391923904419,아모레퍼시픽,타임 레스폰스 스킨 리저브 플루이드 160ml,기타,미분류
persona_2,423,0.6501752138137817,아모레퍼시픽,,스킨케어,미분류
persona_2,424,0.627866804599762,아모레퍼시픽,보태니컬 수딩 토너 200ml,기타,미분류
persona_2,425,0.6296043395996094,아모레퍼시픽,타임 레스폰스 스킨 리저브 토너 200ml,기타,미분류
persona_2,426,0.6598383784294128,아모레베이직,듀얼 코튼 면봉 150매,기타,미분류
persona_2,427,0.6536974310874939,아모레베이직,프리티 눈썹칼 2입,기타,미분류
persona_2,428,0.6674064993858337,아모레베이직,순면 5겹 화장솜 50매 / 120매,기타,미분류
persona_2,429,0.654638946056366,아모레베이직,그린티 오일 컨트롤 페이퍼 70매,기타,미분류
persona_2,430,0.6332758069038391,아모레베이직,토너 아껴주는 1/2 스킨팩 화장솜 400매,스킨케어,마스크팩
persona_2,431,0.6531935930252075,아모레베이직,물광 메이크업 씨앗 스펀지 2ea,기타,미분류
persona_2,432,0.653014600276947,아모레베이직,애프터 마스카라 히팅 속눈썹 고데기,메이크업,마스카라
persona_2,433,0.6574814319610596,아모레베이직,소프트 엠보싱 원형 화장솜 100매,기타,미분류
persona_2,434,0.6521504521369934,아모레베이직,컴팩트 아이래쉬 컬러,스킨케어,마스크팩
persona_2,435,0.6576680541038513,아모레베이직,아모레베이직 X 벤자민무어 더 에센셜 배쓰밤 2입세트,스킨케어,크림
persona_2,436,0.6584749817848206,아모레베이직,아모레베이직 X 벤자민무어 더 에센셜 세라믹 바디 괄사,바디,바디케어
persona_2,437,0.6485666036605835,아모레베이직,프로페셔널 아티스트 브러쉬 8종 키트,기타,미분류
persona_2,438,0.6629646420478821,아모레베이직,아모레베이직 미피 솔리드 퍼퓸 2종+실리콘키링,기타,미분류
persona_2,439,0.666822075843811,아모레베이직,데일리 메이크업 조각 스펀지 20ea / 60ea,기타,미분류
persona_2,440,0.6556651592254639,한율,자연을 닮은 립밤,기타,미분류
persona_2,441,0.6402836441993713,한율,흰감국 광채 선크림 SPF50+/PA++++ 70ml,선케어,선크림
persona_2,442,0.6538388729095459,한율,부들밤 말끔피지 모공팩 기획세트,스킨케어,마스크팩
persona_2,443,0.6410890817642212,한율,어린쑥 수분진정 토너 150ml,기타,미분류
persona_2,444,0.6578607559204102,한율,랩핑 마스크 기획세트 4매,스킨케어,마스크팩
persona_2,445,0.6367232799530029,한율,어린쑥 수분진정 플루이드 125ml,기타,미분류
persona_2,446,0.6441277861595154,한율,자연을 닮은 핸드크림 50ml,스킨케어,크림
persona_2,447,0.6572758555412292,한율,빨간쌀 보습탄력 2종 세트,기타,미분류
persona_2,448,0.653014600276947,한율,어린쑥 매끈결 클렌징 오일 기획세트,기타,미분류
persona_2,449,0.6538388729095459,한율,부들밤 깔끔각질 모공팩 기획세트,스킨케어,마스크팩
persona_2,450,0.6613693237304688,한율,달빛유자 패드 60매,기타,미분류
persona_2,451,0.6334171891212463,한율,백화고 클렌징 마사지 크림 200ml,스킨케어,크림
persona_2,452,0.6625176072120667,한율,어린쑥 속수분 쑥히알 패드 기획세트,기타,미분류
persona_2,453,0.6363664865493774,한율,송담 탄력 에멀젼 125ml,기타,미분류
persona_2,454,0.6393958926200867,한율,송담 탄력 스킨 150ml,기타,미분류
persona_2,455,0.6451953649520874,한율,빨간쌀 보습탄력 크림 55ml,스킨케어,크림
persona_2,456,0.6625176072120667,한율,보들은행잎 모공탄탄 펩타이드 패드 60매,기타,미분류
persona_2,457,0.6497719883918762,한율,어린쑥 수분진정 선크림 SPF50+/PA++++ 50ml,선케어,선크림
persona_2,458,0.6540924906730652,한율,극진 2종 기획 세트,기타,미분류
persona_2,459,0.6524533033370972,한율,어린쑥 속수분 쑥히알 크림 기획세트,스킨케어,크림
persona_2,460,0.6505258083343506,한율,백화고 기미탄력 아이크림 25ml,스킨케어,크림
persona_2,461,0.6556268334388733,한율,빨간쌀 보습탄력 에센스 크림 2종세트,스킨케어,에센스
persona_2,462,0.6434518098831177,한율,빨간쌀 보습탄력 에센스 150ml,스킨케어,에센스
persona_2,463,0.6544342637062073,한율,어린쑥 수분진정 2종 세트,건기식,기능성식품
persona_2,464,0.6238673329353333,한율,백화고 기미탄력 비비 크림 SPF40/PA++ 40ml,선케어,선크림
persona_2,465,0.635170578956604,한율,빨간쌀 보습탄력 에멀젼 125ml,기타,미분류
persona_2,466,0.652202308177948,한율,달빛유자 수면팩 100ml,스킨케어,마스크팩
persona_2,467,0.6438084840774536,한율,보들은행잎 모공핏 세럼 기획세트,스킨케어,세럼
persona_2,468,0.6588149666786194,한율,보들은행잎 모공핏 마스크 기획세트 4매,스킨케어,마스크팩
persona_2,469,0.6358246207237244,한율,어린쑥 수분진정크림 리필 캡슐 30ml *2,스킨케어,크림
persona_2,470,0.6347845792770386,한율,백화고 기미탄력 크림 기획세트 60ml,스킨케어,크림
persona_2,471,0.6374676823616028,한율,달빛유자C 세럼 30ml,스킨케어,세럼
persona_2,472,0.6356154680252075,한율,극진 스킨 125ml,기타,미분류
persona_2,473,0.6504880785942078,한율,어린쑥 속수분 쑥히알 세럼 기획세트,스킨케어,세럼
persona_2,474,0.6628454923629761,한율,백화고 기미탄력 듀얼샷 앰플 기획세트,스킨케어,앰플
persona_2,475,0.6537268161773682,한율,어린쑥 클렌징 팩밤 기획세트,스킨케어,마스크팩
persona_2,476,0.657961368560791,한율,극진 크림 대용량 단품 기획세트,스킨케어,크림
persona_2,477,0.6441485285758972,한율,극진 에센스 기획세트 60ml,스킨케어,에센스
persona_2,478,0.6428455114364624,한율,극진 아이크림 기획세트 30ml,스킨케어,크림
persona_2,479,0.6270056962966919,한율,극진 크림 클렌징폼 200ml,스킨케어,크림
persona_2,480,0.6157419681549072,한율,달빛유자 수면팩 리필세트 40ml*2,스킨케어,마스크팩
persona_2,481,0.6425138115882874,한율,달빛유자C 세럼 50ml,스킨케어,세럼
persona_2,482,0.6341760158538818,한율,빨간쌀 보습탄력 크림 리필세트 30ml *2,스킨케어,크림
persona_2,483,0.6309954524040222,한율,극진 에멀젼 125ml,기타,미분류
persona_2,484,0.6503921151161194,한율,극진 크림 세트 50ml,스킨케어,크림
persona_2,485,0.6545319557189941,한율,송담 탄력 2종 기획세트,기타,미분류
persona_2,486,0.6306260228157043,한율,어린쑥 트러블 미스트 120ml,기타,미분류
persona_2,487,0.6484335660934448,한율,달빛유자 수면팩 기획세트,스킨케어,마스크팩
persona_2,488,0.6617535352706909,한율,어린쑥 수분진정 패드 기획세트,건기식,기능성식품
persona_2,489,0.6641836762428284,한율,어린쑥 클렌징 흡착 팩폼 기획세트,스킨케어,마스크팩
persona_2,490,0.6501057147979736,한율,어린쑥 수분진정 크림 기획세트,스킨케어,크림
persona_2,491,0.6545605659484863,한율,달빛유자 클렌징 필링 젤밤 기획세트,스킨케어,크림
persona_2,492,0.6641836762428284,한율,달빛유자 클렌징 톤업 팩폼 기획세트,스킨케어,마스크팩
persona_2,493,0.6485666036605835,한율,흰감국 광채 선크림 듀오 구성,선케어,선크림
persona_2,494,0.6617535352706909,한율,부들밤 모공수축 패드 기획세트,스킨케어,크림
persona_2,495,0.6371589303016663,해피바스,모이스처 퍼퓸 바디워시 760g,바디,바디케어
persona_2,496,0.6271910667419434,해피바스,오리지널 컬렉션 바디워시 910g,바디,바디케어
persona_2,497,0.6243280172348022,해피바스,정말 촉촉/순한 바디밀크 400g,바디,바디케어
persona_2,498,0.6373229622840881,해피바스,PH 4.5 약산성 여성청결제 300ml,기타,미분류
persona_2,499,0.6406728625297546,해피바스,제로퍼센트 저자극 버블핸드워시 500ml,기타,미분류
persona_2,500,0.6394622921943665,해피바스,오리지널 컬렉션 바디로션 500g,바디,바디케어
persona_2,501,0.6479930877685547,해피바스,마이크로 클린 솝베리 버블 클렌징폼 300ml,기타,미분류
persona_2,502,0.6567660570144653,해피바스,오리지널컬렉션 솝라벤더 비누 4입,기타,미분류
persona_2,503,0.6502127647399902,해피바스,오리지널 컬렉션 샤워 젤리 75g,건기식,기능성식품
persona_2,504,0.6403518319129944,해피바스,필쏘굿 풋샴푸 500ml,기타,미분류
persona_2,505,0.6340974569320679,해피바스,오리지널 컬렉션 바디오일 250ml,바디,바디케어
persona_2,506,0.6226176619529724,해피바스,주스스무디 옐로우 바디워시 820g,바디,바디케어
persona_2,507,0.62364661693573,해피바스,리얼가든 바디워시 900g,바디,바디케어
persona_2,508,0.6316342353820801,해피바스,스킨유 이노센트 샤워젤 500g,건기식,기능성식품
persona_2,509,0.6227389574050903,해피바스,정말 촉촉/순한 바디워시 900g,바디,바디케어
persona_2,510,0.6329872012138367,해피바스,퍼퓸부티크 오일 바디로션 350g,바디,바디케어
persona_2,511,0.6479930877685547,해피바스,마이크로 클린 딥 버블 클렌징폼 300ml,기타,미분류
persona_2,512,0.6263609528541565,해피바스,딥클린 바디워시 900g,바디,바디케어
persona_2,513,0.6246798038482666,해피바스,크림 인 바디로션 400g,스킨케어,크림
persona_2,514,0.6417055130004883,해피바스,마이크로 클린 딥 클렌징폼 150g,건기식,기능성식품
persona_2,515,0.6437035202980042,해피바스,퍼퓸부티크 오일 바디워시 500ml,바디,바디케어
persona_2,516,0.6271910667419434,해피바스,오리지널 컬렉션 바디워시 910g,바디,바디케어
persona_2,517,0.642652690410614,해피바스,제로퍼센트 항균 바솝,기타,미분류
persona_2,518,0.6226631999015808,해피바스,블로썸 바디워시 900g,바디,바디케어
persona_2,519,0.657637357711792,해피바스,오리지널 컬렉션 올리브 비누 4입,기타,미분류
persona_2,520,0.6402504444122314,해피바스,화이트 클레이 모공 클렌징폼 150g,건기식,기능성식품
persona_2,521,0.6228585243225098,해피바스,크림 인 바디워시 900g,스킨케어,크림
persona_2,522,0.6234644651412964,해피바스,스마일 바디워시 900g,바디,바디케어
persona_2,523,0.6268710494041443,해피바스,오리지널 컬렉션 머스크 바디워시 910g,바디,바디케어
persona_2,524,0.657637357711792,해피바스,오리지널 컬렉션 클린코튼 비누 4입,기타,미분류
persona_2,525,0.6336723566055298,해피바스,유황 소금 보들 바디워시 600g,바디,바디케어
persona_2,526,0.6323912739753723,해피바스,마일드 클렌징폼 200g,건기식,기능성식품
persona_2,527,0.6267609596252441,해피바스,스킨유 이노센트 로션 350g,건기식,기능성식품
persona_2,528,0.657637357711792,해피바스,오리지널 컬렉션 베이비파우더 비누 4입,기타,미분류
persona_2,529,0.6406010389328003,해피바스,티트리 아크네 클렌징폼 150g,건기식,기능성식품
persona_2,530,0.6395939588546753,해피바스,오리지널 컬렉션 바디로션 500g,바디,바디케어
persona_2,531,0.6296089291572571,해피바스,스킨유 이노센트 딥 머스크 바디오일&괄사 증정 기획 130ml,바디,바디케어
persona_2,532,0.6631694436073303,해피바스,두보레 장미 에센스 비누 4입,스킨케어,에센스
persona_2,533,0.6631694436073303,해피바스,두보레 후리지아 에센스 비누 4입,스킨케어,에센스
persona_2,534,0.6417055130004883,해피바스,마이크로 클린 솝베리 클렌징폼 150g,건기식,기능성식품
persona_2,535,0.6473121643066406,해피바스,스킨유 프래그런스 핸드크림 50ml,스킨케어,크림
persona_2,536,0.6631694436073303,해피바스,두보레 백합 에센스 비누 4입,스킨케어,에센스
persona_2,537,0.6317289471626282,해피바스,히알루론 클렌징 폼 200g,건기식,기능성식품
persona_2,538,0.657637357711792,해피바스,오리지널 컬렉션 체리블로섬 비누 4입,기타,미분류
persona_2,539,0.657637357711792,해피바스,오리지널 컬렉션 오리지널 비누 4입,기타,미분류
persona_2,540,0.6425030827522278,해피바스,스킨유 이노센트 딥머스크 앰플 미스트 150ml,스킨케어,앰플
persona_2,541,0.6339280605316162,해피바스,퍼퓸부티크 바디&헤어 미스트 200ml,바디,바디케어
persona_2,542,0.6402504444122314,해피바스,퍼펙트 딥 씨솔트 클렌징폼 150g,건기식,기능성식품
persona_2,543,0.6320135593414307,해피바스,스킨유 이노센트 스크럽 450g,건기식,기능성식품
persona_2,544,0.647064745426178,해피바스,제로퍼센트 저자극 버블핸드워시 + 필쏘굿 풋샴푸,기타,미분류
persona_2,545,0.6240314245223999,해피바스,필쏘굿 시카 진정 수분 선크림 80ml,선케어,선크림
persona_2,546,0.6284765005111694,해피바스,필쏘굿 시카 진정 선 미스트 80ml,기타,미분류
persona_2,547,0.6580513715744019,온호프,쏘 캄 트래블 3종 세트,기타,미분류
persona_2,548,0.6563929319381714,홀리추얼,홀리추얼 래디언스 리설페이싱 필 12매,기타,미분류
persona_2,549,0.621182382106781,홀리추얼,홀리추얼 코어 리프트 액티베이팅 세럼 140ml,스킨케어,세럼
persona_2,550,0.6534927487373352,홀리추얼,홀리추얼 울트라 너리싱 어드밴스드 크림,스킨케어,크림
persona_2,551,0.6248619556427002,홀리추얼,홀리추얼 엘리멘탈 스무딩 로션 110ml,기타,미분류
persona_2,552,0.624363899230957,홀리추얼,홀리추얼 릴랙스드 풋 트리트먼트 크림 130ml,스킨케어,크림
persona_2,553,0.6346088647842407,홀리추얼,홀리추얼 리디파이닝 클렌징 밀크 200ml,기타,미분류
persona_2,554,0.6389518976211548,홀리추얼,홀리추얼 마이크로 밸런싱 에센스 150ml,스킨케어,에센스
persona_2,555,0.6143158674240112,홀리추얼,홀리추얼 컨센트레이트 시그니처 크림 라이트 80ml,스킨케어,크림
persona_2,556,0.6432717442512512,홀리추얼,홀리추얼 피토 리쥬브네이팅 컨센트레이트 30ml,기타,미분류
persona_2,557,0.6229866743087769,홀리추얼,홀리추얼 울트라 너리싱 어드밴스드 에멀전 120ml,기타,미분류
persona_2,558,0.6530380249023438,홀리추얼,홀리추얼 뉴트리 엘릭서 미스트 홀리데이 기획 세트,기타,미분류
persona_2,559,0.6569834351539612,홀리추얼,홀리추얼  릴랙스드 풋 트리트먼트 크림 듀오 SET,스킨케어,크림
persona_2,560,0.6626503467559814,홀리추얼,홀리추얼  리디파이닝 클렌징 밀크 듀오 SET,기타,미분류
persona_2,561,0.621576726436615,홀리추얼,홀리추얼  코어 리프트 액티베이팅 세럼 기획세트 140ml,스킨케어,세럼
persona_2,562,0.6366003155708313,홀리추얼,홀리추얼 울트라 너리싱 어드밴스드 토너 150ml,기타,미분류
persona_2,563,0.6495782136917114,홀리추얼,홀리추얼  뉴트리 엘릭서 바디 프라그랑스 미스트 100ml,바디,바디케어
persona_2,564,0.6547132730484009,홀리추얼,홀리추얼 프로 리프팅 앤 퍼밍 프로그램,기타,미분류
persona_2,565,0.6571902632713318,홀리추얼,홀리추얼 리디파이닝 앰플 4주 프로그램,스킨케어,앰플
persona_2,566,0.6553808450698853,홀리추얼,홀리추얼 클린테라피 파우더 마스크,스킨케어,마스크팩
persona_2,567,0.6450559496879578,홀리추얼,홀리추얼 파워 리뉴얼 키트,기타,미분류
persona_2,568,0.6439440846443176,홀리추얼,홀리추얼 울트라 너리싱 어드밴스드 토너 + 에멀전,기타,미분류
persona_2,569,0.6034724712371826,,퍼즐우드 비건 디퓨저 200ml,기타,미분류
persona_2,570,0.6167139410972595,,퍼즐우드 비건 핸드크림 50ml,스킨케어,크림
persona_2,571,0.5853958129882812,,퍼즐우드 비건 인센스 스틱 20g,건기식,기능성식품
persona_2,572,0.6358237266540527,오딧세이,로맨틱 에멀전 130ml,기타,미분류
persona_2,573,0.6365691423416138,오딧세이,로맨틱 스킨 리파이너 130ml,기타,미분류
persona_2,574,0.650062620639801,오딧세이,챕터파이브 생츄어리 2종 세트,기타,미분류
persona_2,575,0.6293412446975708,오딧세이,블랙 스킨 리파이너 130ml,기타,미분류
persona_2,576,0.6545946598052979,오딧세이,MMY 콜라보레이션 토트백,기타,미분류
persona_2,577,0.6287634968757629,오딧세이,블랙 에멀전 130ml,기타,미분류
persona_2,578,0.6618303656578064,오딧세이,MMY 콜라보레이션 크로스백,기타,미분류
persona_2,579,0.650062620639801,오딧세이,챕터파이브 라이트하우스 2종 세트,기타,미분류
persona_2,580,0.6595298051834106,오딧세이,블랙 스페셜 2종 신년기획세트,기타,미분류
persona_2,581,0.6639055609703064,오딧세이,로맨틱 스페셜 2종 세트 신년기획세트,기타,미분류
persona_2,582,0.6656352281570435,프리메라,NEW 나이아시카 수딩 글로우 워터리 크림30ml,스킨케어,크림
persona_2,583,0.6284589171409607,프리메라,마일드 앤 퍼펙트 클렌징 오일 투 폼 200ml,기타,미분류
persona_2,584,0.6275405883789062,프리메라,NEW 비타티놀 바운시 리프트 세럼 30g*2입,스킨케어,세럼
persona_2,585,0.6320262551307678,프리메라,후리 앤 후리 200ml,기타,미분류
persona_2,586,0.6442931890487671,프리메라,마일드 포어 필링 패드 60매 기획세트,기타,미분류
persona_2,587,0.645496666431427,프리메라,나이아시카 수딩글로우 워터리 크림 30ml,스킨케어,크림
persona_2,588,0.6241264343261719,프리메라,워터리 에센스 250ml,스킨케어,에센스
persona_2,589,0.6485347151756287,프리메라,알파인 베리 워터리 크림 100ml,스킨케어,크림
persona_2,590,0.6284622550010681,프리메라,비타티놀 세럼 메가샷 마스크 34g 1입,스킨케어,마스크팩
persona_2,591,0.6164329051971436,프리메라,레티놀 볼륨 립 세럼 12g,스킨케어,세럼
persona_2,592,0.6300857663154602,프리메라,마일드 앤 퍼펙트 클렌징 오일 투 폼 300ml,기타,미분류
persona_2,593,0.6314722299575806,프리메라,인리치드 클렌징 티슈 60매 300g,건기식,기능성식품
persona_2,594,0.6129547953605652,프리메라,비타티놀 세럼 메가샷 마스크 34g*5입,스킨케어,마스크팩
persona_2,595,0.6309515833854675,프리메라,오가니언스 BR 소프트 필링 투 폼 클렌저 120ml,기타,미분류
persona_2,596,0.6580190062522888,프리메라,오가니언스 배리어 리페어 2종 기획세트,기타,미분류
persona_2,597,0.6549199819564819,프리메라,비타티놀 인텐스 바운시 리프트 마스크 크림,스킨케어,마스크팩
persona_2,598,0.6278322339057922,프리메라,씨드 앤 스프라우트 에너지마스크로터스기획세트 20ml*30매,스킨케어,마스크팩
persona_2,599,0.6398425102233887,프리메라,마일드 앤 퍼펙트 페이셜 필링 150ml,기타,미분류
persona_2,600,0.6508815288543701,프리메라,알파인베리 워터리 크림 75ml,스킨케어,크림
persona_2,601,0.6237976551055908,프리메라,바하 버블 필링 클렌저 200ml,기타,미분류
persona_2,602,0.6379414796829224,프리메라,후리 앤 후리 소프트 폼 150ml,기타,미분류
persona_2,603,0.6101898550987244,프리메라,NEW 인리치드 바디 오일 투 폼 클렌저 390ml,바디,바디케어
persona_2,604,0.6200433373451233,프리메라,NEW 나이아시카 워터리 크림 쿠션 15g,스킨케어,크림
persona_2,605,0.6380769610404968,프리메라,오가니언스 BR 컴포트 아미노 리치 폼 150ml,기타,미분류
persona_2,606,0.6563747525215149,프리메라,맨오가니언스 2종 기획세트,기타,미분류
persona_2,607,0.6398537158966064,프리메라,하이드로 글로우 트리트먼트 에센스 150ml,스킨케어,에센스
persona_2,608,0.6306551098823547,프리메라,오가니언스 베리어 리페어 카밍 에센스 토너 160ml,스킨케어,에센스
persona_2,609,0.6413914561271667,프리메라,오가니언스 베리어 리페어 씨드펩타이드 리저브 크림 50ml,스킨케어,크림
persona_2,610,0.6282282471656799,프리메라,레티놀 볼륨 립 세럼 튜브 7g,스킨케어,세럼
persona_2,611,0.640522837638855,프리메라,오가니언스 베리어 리페어 씨드 펩타이드 리저브 세럼 30ml,스킨케어,세럼
persona_2,612,0.6331701278686523,프리메라,오가니언스 베리어 리페어 하이드레이션 크림 에멀젼 160ml,스킨케어,크림
persona_2,613,0.614059329032898,프리메라,리페어링 세라캡슐 UV프로텍터 40ml,기타,미분류
persona_2,614,0.6313177347183228,프리메라,더 핸드크림 미스트 20ml,스킨케어,크림
persona_2,615,0.6412026286125183,프리메라,알파인 베리 워터리 크림 50ml,스킨케어,크림
persona_2,616,0.6406034827232361,프리메라,알파인 베리 워터리 크림 150ml,스킨케어,크림
persona_2,617,0.6260526776313782,프리메라,NEW 비타티놀 바운시 리프트 세럼 30g 1입,스킨케어,세럼
persona_2,618,0.6335970163345337,프리메라,씨드 앤 스프라우트 에너지 마스크_로터스 5매 20ml,스킨케어,마스크팩
persona_2,619,0.6477475762367249,프리메라,알파인 베리 워터리 수딩 젤크림 100ml,스킨케어,크림
persona_2,620,0.6506387591362,프리메라,알파인 베리 워터리 수딩젤 크림 75ml,스킨케어,크림
persona_2,621,0.654885470867157,프리메라,마일드 앤 퍼펙트 포어 필링 패드 60매,기타,미분류
persona_2,622,0.6412026286125183,프리메라,알파인베리 워터리 수딩젤 크림 50ml,스킨케어,크림
persona_2,623,0.6137415766716003,프리메라,리페어링 세라캡슐 UV프로텍터 톤업 프라이밍 40ml,기타,미분류
persona_2,624,0.6415942907333374,프리메라,알파인베리 워터리 크림 100ml*2입 + 월리 우프 무드등,스킨케어,크림
persona_2,625,0.6317629218101501,프리메라,비타티놀 바운시 리프트 세럼 30g 4입 + 월리 우프 무드등,스킨케어,세럼
persona_2,626,0.6268054246902466,프리메라,워터리 에센스 250ml 더블 세트,스킨케어,에센스
persona_2,627,0.6289367079734802,프리메라,마일드 앤 퍼펙트 클렌징 오일 투 폼 200ml 더블 기프트 세트,기타,미분류
persona_2,628,0.6374449133872986,프리메라,비타티놀 인텐스 바운시 리프트 마스크 크림 30ml+리필 30ml 더블 세트,스킨케어,마스크팩
persona_2,629,0.6186460852622986,프리메라,비타티놀 세럼 메가샷 마스크세트 34g*5매 X 4개 세트,스킨케어,마스크팩
persona_2,630,0.6294133067131042,프리메라,마일드 앤 퍼펙트 페이셜 필링 250ml,기타,미분류
persona_2,631,0.6388987302780151,프리메라,비타티놀 인텐스 바운시 리프트 마스크 크림 30ml,스킨케어,마스크팩
persona_2,632,0.6559086441993713,프리메라,마일드 앤 퍼펙트 포어 필링 패드 60매*2,기타,미분류
persona_2,633,0.6329509615898132,프리메라,후리 앤 후리 소프트폼 150ml*2,기타,미분류
persona_2,634,0.6253213882446289,프리메라,비타티놀 세럼 메가샷 마스크세트 34g*5매X2개,스킨케어,마스크팩
persona_2,635,0.6267445087432861,프리메라,오가니언스 BR 소프트 필링 투 폼 클렌저 120ml,기타,미분류
persona_2,636,0.6361944675445557,프리메라,마일드 앤 퍼펙트 페이셜 필링 150ml*2,기타,미분류
persona_2,637,0.6611911654472351,프리메라,나이아시카 수딩글로우 워터리 크림,스킨케어,크림
persona_2,638,0.6626236438751221,프리메라,나이아시카 수딩글로우 워터리 크림,스킨케어,크림
persona_2,639,0.6234785914421082,프리메라,후리 앤 후리 200ml*2,기타,미분류
persona_2,640,0.6090161800384521,프리메라,마일드 앤 퍼펙트 클렌징 오일 투 폼 200ml + 오가니언스 BR 소프트 필링 투 폼 클렌저 120ml,기타,미분류
persona_2,641,0.6447423100471497,헤라,UV프로텍터 톤업 SPF50+/PA++++ 50ml,선케어,선크림
persona_2,642,0.6527643203735352,헤라,NEW 블랙 쿠션 파운데이션 SPF34/PA++,선케어,선크림
persona_2,643,0.6215571761131287,헤라,NEW 블랙 쿠션 파운데이션 SPF34/PA++ 15g,선케어,선크림
persona_2,644,0.6389015316963196,헤라,센슈얼 누드 글로스 5g,건기식,기능성식품
persona_2,645,0.6321733593940735,헤라,리프레싱 클렌징 폼 160g,건기식,기능성식품
persona_2,646,0.6408066749572754,헤라,실키 스테이 24H 롱웨어 파운데이션 SPF20/PA++ 30g,선케어,선크림
persona_2,647,0.6497821807861328,헤라,블랙 쿠션 파운데이션 퍼프 2ea,기타,미분류
persona_2,648,0.6357523202896118,헤라,센슈얼 누드 밤 3.5g,스킨케어,크림
persona_2,649,0.6358035802841187,헤라,센슈얼 틴티드 샤인스틱 3.5g,건기식,기능성식품
persona_2,650,0.6424144506454468,헤라,NEW 리플렉션 스킨 글로우 파운데이션 SPF15/PA++ 30g,선케어,선크림
persona_2,651,0.625802755355835,헤라,NEW 리플렉션 스킨 글로우 쿠션 파운데이션 SPF40/PA++ 15g,선케어,선크림
persona_2,652,0.6207400560379028,헤라,NEW 리플렉션 스킨 글로우 쿠션 파운데이션 SPF40/PA++ 15g,선케어,선크림
persona_2,653,0.6447423100471497,헤라,UV프로텍터 멀티디펜스 SPF50+/PA++++ 50ml,선케어,선크림
persona_2,654,0.6464112997055054,헤라,옴므 베이직 스페셜 기획세트 2종,기타,미분류
persona_2,655,0.656108558177948,헤라,에이지 어웨이 에스테틱 2종 세트,기타,미분류
persona_2,656,0.6382208466529846,헤라,센슈얼 파우더 매트 리퀴드 5g,건기식,기능성식품
persona_2,657,0.6571750044822693,헤라,NEW 옴므 블랙 액티브 세트 2종,기타,미분류
persona_2,658,0.6380015015602112,헤라,루즈 클래시 3.5g,건기식,기능성식품
persona_2,659,0.6194682121276855,헤라,NEW 블랙 쿠션 파운데이션 SPF34/PA++ 15g,선케어,선크림
persona_2,660,0.6412758231163025,헤라,옴므 올인원 스킨 하이드로 트리트먼트 150ml,기타,미분류
persona_2,661,0.6564932465553284,헤라,시그니아 워터 에멀젼 기프트 세트 2종,기타,미분류
persona_2,662,0.6393794417381287,헤라,블러쉬 5.5g,건기식,기능성식품
persona_2,663,0.6417266130447388,헤라,UV프로텍터 익스트림포스 레포츠 SPF50+/PA++++ 70ml,선케어,선크림
persona_2,664,0.6447641253471375,헤라,UV프로텍터 멀티디펜스 프레쉬 SPF50+/PA++++ 50ml,선케어,선크림
persona_2,665,0.6562950015068054,헤라,NEW 옴므 블루 에센스 기획 2종 세트,스킨케어,에센스
persona_2,666,0.6512107849121094,헤라,리치 컬링 마스카라,메이크업,마스카라
persona_2,667,0.6545946598052979,헤라,브로우 디자이너 오토펜슬,메이크업,아이브로우
persona_2,668,0.6397531032562256,헤라,NEW 코렉팅 베이스 UV 프로텍터 SPF50+/PA++++ 35ml,선케어,선크림
persona_2,669,0.6298470497131348,헤라,센슈얼 파우더 매트 립스틱 3g,메이크업,립스틱
persona_2,670,0.6618303656578064,헤라,브로우 디자이너 오토펜슬,메이크업,아이브로우
persona_2,671,0.645904004573822,헤라,에이지 어웨이 에스테틱 BX 아이크림 25ml,스킨케어,크림
persona_2,672,0.6261275410652161,헤라,지일 오 데 퍼퓸 40ml,기타,미분류
persona_2,673,0.6370336413383484,헤라,옴므 에센스 인 스킨 125ml,스킨케어,에센스
persona_2,674,0.6148790717124939,헤라,에이지 어웨이 에스테틱 BX83 리포솜 40ml,기타,미분류
persona_2,675,0.6225453615188599,헤라,NEW 쿼드 아이 컬러 섀도우 9g,메이크업,아이섀도우
persona_2,676,0.6277928352355957,헤라,NEW 에어리 파우더 프라이머 8.5g,건기식,기능성식품
persona_2,677,0.6545038819313049,헤라,파워부스팅 스페셜세트 2종,기타,미분류
persona_2,678,0.6059309840202332,헤라,NEW 립 세럼 11g,스킨케어,세럼
persona_2,679,0.6222428679466248,헤라,옴므 에센스 인 에멀젼 110ml,스킨케어,에센스
persona_2,680,0.6245922446250916,헤라,메이크업픽서 80ml,메이크업,마스카라
persona_2,681,0.6329434514045715,헤라,딥 클렌징 오일 225ml,기타,미분류
persona_2,682,0.6373547911643982,헤라,센슈얼 피팅 글로우틴트 5g,메이크업,립틴트
persona_2,683,0.6349321007728577,헤라,컴피 리바이탈라이징 세럼 미스트 90ml,스킨케어,세럼
persona_2,684,0.641948401927948,헤라,에이지 어웨이 에스테틱 BX 워터 150ml,기타,미분류
persona_2,685,0.6374274492263794,헤라,에이지 어웨이 에스테틱 BX 크림 50ml,스킨케어,크림
persona_2,686,0.6523911356925964,헤라,이지 스타일링 아이라이너 0.5g,메이크업,아이라이너
persona_2,687,0.6445122957229614,헤라,크리미 커버 컨실러 7.5g,건기식,기능성식품
persona_2,688,0.6485963463783264,헤라,하이드로 리플렉팅 마이크로 크림 50ml,스킨케어,크림
persona_2,689,0.6198937296867371,헤라,소프트 피니시 루스 파우더 15g,건기식,기능성식품
persona_2,690,0.621261715888977,헤라,에이지 어웨이 에스테틱 BX 에멀젼 120ml,기타,미분류
persona_2,691,0.6514539122581482,헤라,하이드로 리플렉팅 2종 세트,기타,미분류
persona_2,692,0.6264599561691284,헤라,파워부스팅 페이스 트리트먼트 110ml,기타,미분류
persona_2,693,0.6292184591293335,헤라,센슈얼 립앤치크 7g,건기식,기능성식품
persona_2,694,0.6239149570465088,헤라,하이드로 리플렉팅 플루이드 140ml,기타,미분류
persona_2,695,0.6314282417297363,헤라,하이드로 리플렉팅 토너 170ml,기타,미분류
persona_2,696,0.6370715498924255,헤라,시그니아 에센셜 밸런싱 에멀젼 150ml,기타,미분류
persona_2,697,0.6441289186477661,헤라,리쥬브네이트 앰플 크림 50ml,스킨케어,앰플
persona_2,698,0.655164361000061,헤라,아이 디자이너 펜슬,메이크업,아이라이너
persona_2,699,0.6292116045951843,헤라,벨벳 나이트 퍼퓸드 샤워젤 250g,건기식,기능성식품
persona_2,700,0.6282281875610352,헤라,UV 프로텍터 액티브 선 밤 SPF 50+/PA++++ 10g,선케어,선크림
persona_2,701,0.6202163696289062,헤라,NEW 헬씨 글로우 듀이 밤 10g,스킨케어,크림
persona_2,702,0.6442773342132568,헤라,하이드로-듀 플럼핑 앰플 50ml,스킨케어,앰플
persona_2,703,0.633092999458313,헤라,리치 컬링 워터프루프 마스카라 6g,메이크업,마스카라
persona_2,704,0.6351460814476013,헤라,지일 블루밍 퍼퓸드 바디로션 230ml,바디,바디케어
persona_2,705,0.6366565823554993,헤라,NEW 부스팅 베이스 UV 프로텍터 SPF15 35ml,선케어,선크림
persona_2,706,0.6302624940872192,헤라,메이크업 리무버 125ml,클렌징,리무버
persona_2,707,0.6442773342132568,헤라,하이드로-듀 플럼핑 크림 50ml,스킨케어,크림
persona_2,708,0.6367513537406921,헤라,NEW 리프레싱 토닉 클렌징워터 200ml,기타,미분류
persona_2,709,0.6433987021446228,헤라,NEW 시그니아 일루미네이팅 세럼 30ml,스킨케어,세럼
persona_2,710,0.6385422945022583,헤라,파워부스팅 토너 150ml,기타,미분류
persona_2,711,0.645904004573822,헤라,NEW 레티놀 3X 리프팅 세럼 25ml,스킨케어,세럼
persona_2,712,0.6256813406944275,헤라,벨벳 나이트 오 데 퍼퓸 40ml,기타,미분류
persona_2,713,0.6224932670593262,헤라,스킨 틴트 컴피 스프레더 SPF50/ PA++++ 15g,선케어,선크림
persona_2,714,0.6264359354972839,헤라,파워부스팅 모이스춰라이저 110ml,기타,미분류
persona_2,715,0.6181251406669617,헤라,옴므 블랙 액티브 어드밴스드 에멀전 110ml,기타,미분류
persona_2,716,0.6313587427139282,헤라,옴므 블랙 액티브 어드밴스드 토너 125ml,기타,미분류
persona_2,717,0.6448380351066589,헤라,하이드로-듀 플럼핑 워터 드롭 50ml,기타,미분류
persona_2,718,0.6226170063018799,헤라,NEW 옴므 블루 에센스 인 에멀전 110ml,스킨케어,에센스
persona_2,719,0.6339706182479858,헤라,NEW 옴므 블루 에센스 인 토너 125ml,스킨케어,에센스
persona_2,720,0.6261275410652161,헤라,페르소프 오 데 퍼퓸 40ml,기타,미분류
persona_2,721,0.6280655860900879,헤라,NEW 블랙 쿠션 파운데이션 00P1 SPF34/PA++ 15g,선케어,선크림
persona_2,722,0.6323437690734863,헤라,UV 프로텍터 톤업 2개 + 월리 뽀모도로 타이머 & 포스트카드,기타,미분류
persona_2,723,0.6412231922149658,헤라,블랙쿠션 23N1 듀오 + 리필 + 월리 우프 무드등,기타,미분류
persona_2,724,0.6412231922149658,헤라,블랙쿠션 21N1 듀오 + 리필 + 월리 우프 무드등,기타,미분류
persona_2,725,0.6568895578384399,헤라,실키스테이 24H 롱웨어 파운데이션 23N1 기획세트,기타,미분류
persona_2,726,0.6568895578384399,헤라,실키스테이 24H 롱웨어 파운데이션 21N1 기획세트,기타,미분류
persona_2,727,0.6426308155059814,헤라,글로우쿠션 리필 21N1 + 쿠션 케이스 #1 메탈릭레더,기타,미분류
persona_2,728,0.6321113109588623,헤라,블러쉬 스틱 7.7g,건기식,기능성식품
persona_2,729,0.6404946446418762,헤라,NEW 컴피 컨디셔닝 에센스 150g,스킨케어,에센스
persona_2,730,0.6289079785346985,헤라,지일 블루밍 퍼퓸드 샤워 젤 250g,건기식,기능성식품
persona_2,731,0.6341822147369385,헤라,벨벳 나이트 퍼퓸드 바디 로션 230ml,바디,바디케어
persona_2,732,0.6366406679153442,비레디,웨이크업 생기 립밤 3g,스킨케어,크림
persona_2,733,0.6366406679153442,라네즈,웨이크업 생기 립밤 3g,스킨케어,크림
persona_2,734,0.6186167597770691,비레디,트루톤 로션  40ml,기타,미분류
persona_2,735,0.6186167597770691,라네즈,트루톤 로션  40ml,기타,미분류
persona_2,736,0.6564675569534302,비레디,블루 수분 선크림 1+1 기획세트 SPF50+PA++++,선케어,선크림
persona_2,737,0.6564675569534302,라네즈,블루 수분 선크림 1+1 기획세트 SPF50+PA++++,선케어,선크림
persona_2,738,0.6387339234352112,비레디,블루 파운데이션 SPF27/PA++ 35ml,선케어,선크림
persona_2,739,0.6387339234352112,라네즈,블루 파운데이션 SPF27/PA++ 35ml,선케어,선크림
persona_2,740,0.6265220642089844,비레디,블루쿠션 SPF34/PA++ 15g,선케어,선크림
persona_2,741,0.6265220642089844,라네즈,블루쿠션 SPF34/PA++ 15g,선케어,선크림
persona_2,742,0.6538386344909668,비레디,무드업 듀얼 아이섀도우 브러쉬,메이크업,아이섀도우
persona_2,743,0.6538386344909668,라네즈,무드업 듀얼 아이섀도우 브러쉬,메이크업,아이섀도우
persona_2,744,0.6235374212265015,비레디,블루쿠션 SPF34/PA++ 15g,선케어,선크림
persona_2,745,0.6235374212265015,라네즈,블루쿠션 SPF34/PA++ 15g,선케어,선크림
persona_2,746,0.6166411638259888,비레디,시카페인 트러블리셋 세럼 40ml,스킨케어,세럼
persona_2,747,0.6166411638259888,라네즈,시카페인 트러블리셋 세럼 40ml,스킨케어,세럼
persona_2,748,0.64936763048172,비레디,블루 수분 선크림 SPF50+/PA++++ 50ml,선케어,선크림
persona_2,749,0.64936763048172,라네즈,블루 수분 선크림 SPF50+/PA++++ 50ml,선케어,선크림
persona_2,750,0.6501116752624512,비레디,프라이드업 아이브로우 0.6G,메이크업,아이브로우
persona_2,751,0.6501116752624512,라네즈,프라이드업 아이브로우 0.6G,메이크업,아이브로우
persona_2,752,0.6308504939079285,비레디,블루 세범 파우더 7g,건기식,기능성식품
persona_2,753,0.6308504939079285,라네즈,블루 세범 파우더 7g,건기식,기능성식품
persona_2,754,0.6276131272315979,비레디,시카페인 트러블리셋 토너 250ml,기타,미분류
persona_2,755,0.6276131272315979,라네즈,시카페인 트러블리셋 토너 250ml,기타,미분류
persona_2,756,0.6349796056747437,비레디,시카페인 트러블리셋 크림 70ml,스킨케어,크림
persona_2,757,0.6349796056747437,라네즈,시카페인 트러블리셋 크림 70ml,스킨케어,크림
persona_2,758,0.6516016721725464,비레디,블루 파운데이션 퍼프,기타,미분류
persona_2,759,0.6516016721725464,라네즈,블루 파운데이션 퍼프,기타,미분류
persona_2,760,0.64936763048172,비레디,하이드로 스웻프루프 선크림 SPF50+/PA++++ 50ml,선케어,선크림
persona_2,761,0.64936763048172,라네즈,하이드로 스웻프루프 선크림 SPF50+/PA++++ 50ml,선케어,선크림
persona_2,762,0.6200856566429138,비레디,에어리 헤어 페이스트 80g,건기식,기능성식품
persona_2,763,0.6200856566429138,라네즈,에어리 헤어 페이스트 80g,건기식,기능성식품
persona_2,764,0.6562513113021851,비레디,4.4,기타,미분류
persona_2,765,0.6562513113021851,라네즈,4.4,기타,미분류
persona_2,766,0.6404358148574829,비레디,시카페인 트러블리셋 클렌징폼 150g,건기식,기능성식품
persona_2,767,0.6404358148574829,라네즈,시카페인 트러블리셋 클렌징폼 150g,건기식,기능성식품
persona_2,768,0.6319577097892761,비레디,무드업 음영 아이팔레트 7g,건기식,기능성식품
persona_2,769,0.6319577097892761,라네즈,무드업 음영 아이팔레트 7g,건기식,기능성식품
persona_2,770,0.6349689364433289,비레디,생기 립밤 3g,스킨케어,크림
persona_2,771,0.6349689364433289,라네즈,생기 립밤 3g,스킨케어,크림
persona_2,772,0.6349689364433289,비레디,생기 립밤 3g,스킨케어,크림
persona_2,773,0.6349689364433289,라네즈,생기 립밤 3g,스킨케어,크림
persona_2,774,0.6349689364433289,비레디,생기 립밤 3g,스킨케어,크림
persona_2,775,0.6349689364433289,라네즈,생기 립밤 3g,스킨케어,크림
persona_2,776,0.6551744937896729,비레디,블루 파운데이션 3호,기타,미분류
persona_2,777,0.6551744937896729,라네즈,블루 파운데이션 3호,기타,미분류
persona_2,778,0.6551744937896729,비레디,블루 파운데이션 2호,기타,미분류
persona_2,779,0.6551744937896729,라네즈,블루 파운데이션 2호,기타,미분류
persona_2,780,0.6605207324028015,비레디,블루쿠션 3호 제프리,기타,미분류
persona_2,781,0.6605207324028015,라네즈,블루쿠션 3호 제프리,기타,미분류
persona_2,782,0.6605207324028015,비레디,블루쿠션 2호 라이언,기타,미분류
persona_2,783,0.6605207324028015,라네즈,블루쿠션 2호 라이언,기타,미분류
persona_2,784,0.6631476283073425,비레디,시카페인 트러블리셋 2종,기타,미분류
persona_2,785,0.6631476283073425,라네즈,시카페인 트러블리셋 2종,기타,미분류
persona_2,786,0.6596603393554688,비레디,블루 수분 선크림 SPF50+/PA++++,선케어,선크림
persona_2,787,0.6596603393554688,라네즈,블루 수분 선크림 SPF50+/PA++++,선케어,선크림
persona_2,788,0.6545211672782898,아이오페,슈퍼바이탈 기초 2종 세트,기타,미분류
persona_2,789,0.6409515738487244,아이오페,비타민C 엑스퍼트25% 토닝앰플 23ml,스킨케어,앰플
persona_2,790,0.6576680541038513,아이오페,바이오 컨디셔닝 에센스 하이드로 인핸싱 마스크 5매,스킨케어,마스크팩
persona_2,791,0.6255810260772705,아이오페,맨 올데이 퍼펙트 올인원 120ml,기타,미분류
persona_2,792,0.6382929682731628,아이오페,슈퍼바이탈 크림 세트 50ml,스킨케어,크림
persona_2,793,0.6356298327445984,아이오페,바이오 컨디셔닝 에센스 168ml,스킨케어,에센스
persona_2,794,0.6493699550628662,아이오페,XMD 스템3 스페셜 2종 세트,기타,미분류
persona_2,795,0.6244723796844482,아이오페,맨 프로 레티놀 올인원 기획세트 120ml,기타,미분류
persona_2,796,0.6444963812828064,아이오페,슈퍼바이탈 아이크림 25ml,스킨케어,크림
persona_2,797,0.6164729595184326,아이오페,골든 글로우 페이스 오일 40ml,기타,미분류
persona_2,798,0.6657882928848267,아이오페,레티놀 세럼 인 겔 마스크,스킨케어,마스크팩
persona_2,799,0.6419911980628967,아이오페,XMD 스템3 클리니컬 리커버리 크림 50ml,스킨케어,크림
persona_2,800,0.6501210927963257,아이오페,맨 바이오 안티에이징 2종 세트,기타,미분류
persona_2,801,0.6387066841125488,아이오페,바이오 컨디셔닝 에센스 폼 클렌저 180ml,스킨케어,에센스
persona_2,802,0.6193676590919495,아이오페,에어쿠션 5.5세대 커버 SPF50/PA+++ 15g,선케어,선크림
persona_2,803,0.6443374752998352,아이오페,UV 쉴드 선 프로텍터 SPF50+/PA++++ 50ml,선케어,선크림
persona_2,804,0.6198318004608154,아이오페,에어쿠션 5.5세대 커버 SPF50/PA+++ 15g,선케어,선크림
persona_2,805,0.6310597658157349,아이오페,맨 퍼펙트 올인원 클렌저 125g,건기식,기능성식품
persona_2,806,0.6475904583930969,아이오페,레티놀 엑스퍼트 0.1% 링클 코렉터 기획세트 30ml,기타,미분류
persona_2,807,0.6428860425949097,아이오페,XMD 스템3 클리니컬 리커버리 세럼 50ml,스킨케어,세럼
persona_2,808,0.6194111704826355,아이오페,슈퍼바이탈 오일 블렌딩 세럼 40ml,스킨케어,세럼
persona_2,809,0.6524496674537659,아이오페,히아루로닉 크림 100ml,스킨케어,크림
persona_2,810,0.6333652138710022,아이오페,레티놀 엑스퍼트 0.5% 얼티밋 컨센트레이트 15ml,기타,미분류
persona_2,811,0.6417109966278076,아이오페,PDRN 카페인샷 50ml,기타,미분류
persona_2,812,0.6417497992515564,아이오페,PDRN 카페인샷 30ml,기타,미분류
persona_2,813,0.6437407732009888,아이오페,레티놀 엑스퍼트 0.3% 링클 코렉터 20ml,기타,미분류
persona_2,814,0.6443374752998352,아이오페,UV 쉴드 톤업 선 SPF50+/PA++++ 50ml,선케어,선크림
persona_2,815,0.6349263787269592,아이오페,브라이트닝 기미 에센스 45ml,스킨케어,에센스
persona_2,816,0.6528909802436829,아이오페,프로 필링 소프트젤 100ml,기타,미분류
persona_2,817,0.6397889852523804,아이오페,슈퍼바이탈 소프너 150ml,기타,미분류
persona_2,818,0.6249707937240601,아이오페,맨 올데이 퍼펙트 톤업 올인원 SPF15 120ml,선케어,선크림
persona_2,819,0.630482017993927,아이오페,맨 안티에이징 에멀젼 EX 120ml,기타,미분류
persona_2,820,0.6264461278915405,아이오페,슈퍼바이탈 쿠션 이엑스 SPF 50+/PA+++ 16g,선케어,선크림
persona_2,821,0.6547701358795166,아이오페,하이드로 리프트 크림,스킨케어,크림
persona_2,822,0.6431796550750732,아이오페,슈퍼바이탈 에멀젼 150ml,기타,미분류
persona_2,823,0.6420597434043884,아이오페,바이오 컨디셔닝 클렌징 오일 인 젤 150ml,기타,미분류
persona_2,824,0.6434518098831177,아이오페,하이드로 리프트 에멀젼 150ml,기타,미분류
persona_2,825,0.6262714862823486,아이오페,UV 쉴드 선 앰플 SPF 50+/PA+++ 40ml,선케어,선크림
persona_2,826,0.6360430717468262,아이오페,맨 컴파운드 선 스크린 SPF 50+/PA++++ 50ml,선케어,선크림
persona_2,827,0.6380709409713745,아이오페,XMD 스템3 클리니컬 리커버리 세럼 30ml,스킨케어,세럼
persona_2,828,0.6393877863883972,아이오페,레티놀 엑스퍼트 0.1% 링클 코렉터 기획세트 20ml,기타,미분류
persona_2,829,0.6249585151672363,아이오페,UV 쉴드 선 스틱 SPF50+/PA++++ 20g,선케어,선크림
persona_2,830,0.6335113048553467,아이오페,XMD 스템3 클리니컬 리커버리 소프너 130ml,기타,미분류
persona_2,831,0.6304315328598022,아이오페,XMD 스템3 클리니컬 리커버리 에멀전 130ml,기타,미분류
persona_2,832,0.6387255787849426,아이오페,슈퍼바이탈 쿠션 이엑스 SPF 50+/PA+++,선케어,선크림
persona_2,833,0.636258065700531,아이오페,맨 바이오 컨디셔닝 에센스 145ml,스킨케어,에센스
persona_2,834,0.6494305729866028,아이오페,하이드로 리프트 2종 세트,기타,미분류
persona_2,835,0.6552885174751282,아이오페,슈퍼바이탈 3종 세트,기타,미분류
persona_2,836,0.6405040621757507,아이오페,하이드로 리프트 소프너 150ml,기타,미분류
persona_2,837,0.6488965749740601,아이오페,슈퍼바이탈 2종 세트,기타,미분류
persona_2,838,0.645789384841919,아이오페,레티놀 레티젝션 세럼 30ml,스킨케어,세럼
persona_2,839,0.6557941436767578,아이오페,스킨 부스터 앰플 필 패드 8매입,스킨케어,앰플
persona_2,840,0.6515696048736572,아이오페,하이드로 리프트 세럼,스킨케어,세럼
persona_2,841,0.6214293837547302,아이오페,슈퍼바이탈 넥앤데콜테 크림 40ml,스킨케어,크림
persona_2,842,0.643994152545929,아이오페,레티놀 0.1% 기획세트 + 월리 우프 무드등,기타,미분류
persona_2,843,0.6331771612167358,아이오페,레티놀 레티젝션 세럼 50ml 기획세트 + 월리 우프 무드등,스킨케어,세럼
persona_2,844,0.6351984739303589,아이오페,브라이트닝 기미 에센스 기획세트 45ml,스킨케어,에센스
persona_2,845,0.6244723796844482,아이오페,맨 올데이 퍼펙트 올인원 기획세트 120ml,기타,미분류
persona_2,846,0.6433278918266296,아이오페,XMD 스템3 클리니컬 리커버리 세럼 기획세트 50ml,스킨케어,세럼
persona_2,847,0.6355900764465332,아이오페,비타민C 엑스퍼트25% 토닝앰플 기획세트 23ml,스킨케어,앰플
persona_2,848,0.6319752335548401,아이오페,멀티 비타민 10% 얼티밋 토닝 겔 마스크,스킨케어,마스크팩
persona_2,849,0.6386004686355591,아이오페,레티놀 레티젝션 세럼 50ml,스킨케어,세럼
persona_2,850,0.6598045229911804,아이오페,레티놀 세럼 인 겔 마스크,스킨케어,마스크팩
persona_2,851,0.6580236554145813,아이오페,스킨 부스터 앰플 필 패드 기획세트,스킨케어,앰플
persona_2,852,0.6132037043571472,아이오페,비타민C 엑스퍼트 40% 마스크 컨센트레이트 15g,스킨케어,마스크팩
persona_2,853,0.6567878723144531,아이오페,바이오 컨디셔닝 에센스 하이드로 인핸싱 마스크 10매,스킨케어,마스크팩
persona_2,854,0.6467680335044861,아이오페,레티놀 슈퍼 바운스 세럼 50ml,스킨케어,세럼
persona_2,855,0.6409006714820862,아이오페,바이오 컨디셔닝 에센스 기획세트 84ml,스킨케어,에센스
persona_2,856,0.6513161063194275,에이피뷰티,에이피 프라임 리저브 리트리니티 메쉬 파운데이션 스펀지 2개입,기타,미분류
persona_2,857,0.6367664337158203,에이피뷰티,마이크로파인 인텐시브 크림 투 폼 클렌저 150g,스킨케어,크림
persona_2,858,0.6061002016067505,에이피뷰티,프라임 리저브 리트리니티 메쉬 파운데이션 12g,건기식,기능성식품
persona_2,859,0.6213960647583008,에이피뷰티,NEW 에이오 리부트 앤 리뉴 에센스 80ml,스킨케어,에센스
persona_2,860,0.6431279182434082,에이피뷰티,리쥬브네이팅 부스터 샷 엠디 세럼 30ml,스킨케어,세럼
persona_2,861,0.6438434720039368,에이피뷰티,에이피 리파이닝 파우더 투 폼 클렌저 55g,건기식,기능성식품
persona_2,862,0.6210342645645142,에이피뷰티,에이오 트리플 디펜스 에어리 선 세럼 40ml,스킨케어,세럼
persona_2,863,0.6392355561256409,에이피뷰티,에이피 에이오 리부트 앤 리뉴 에센스 150ml,스킨케어,에센스
persona_2,864,0.6354790925979614,에이피뷰티,에이피 얼티밋 오일 투 밀크 클렌저 200ml,기타,미분류
persona_2,865,0.6487031579017639,에이피뷰티,프라임 리저브 리트리니 메쉬 파운데이션 케이스,기타,미분류
persona_2,866,0.63773512840271,에이피뷰티,퍼밍 앤 래디언스 플럼핑 에멀전 150ml,기타,미분류
persona_2,867,0.63773512840271,에이피뷰티,퍼밍 앤 래디언스 플럼핑 로션 150ml,기타,미분류
persona_2,868,0.6260773539543152,에이피뷰티,에이피 에이오 리부트 앤 리뉴 더블 컨센트레이트 40ml,기타,미분류
persona_2,869,0.6400649547576904,에이피뷰티,에이피 듀얼 리페어 리프트 크림 30ml,스킨케어,크림
persona_2,870,0.640613853931427,에이피뷰티,에이피 프라임 리저브 리트리니티 세럼 30ml,스킨케어,세럼
persona_2,871,0.6574747562408447,에이피뷰티,에이피 리프트 앤 펌 듀얼 아이 트리트먼트,기타,미분류
persona_2,872,0.6292882561683655,에이피뷰티,듀얼 리페어 리프트 크림 마스크 5매 23g*5,스킨케어,마스크팩
persona_2,873,0.6553277969360352,에이피뷰티,에이피 에이오 리부트 앤 리뉴 크림,스킨케어,크림
persona_2,874,0.6427192687988281,에이피뷰티,에이피 프라임 리저브 리트리니티 에센스 로션 150ml,스킨케어,에센스
persona_2,875,0.6571537256240845,에이피뷰티,에이피 리프트 앤 리뉴 더블 샷 프로그램 1ea,기타,미분류
persona_2,876,0.6427114009857178,에이피뷰티,리서페이싱 앤 리페어 에센스 150ml,스킨케어,에센스
persona_2,877,0.6413780450820923,에이피뷰티,에이피 프라임 리저브 리트리니티 크림 50ml,스킨케어,크림
persona_2,878,0.6438601016998291,에이피뷰티,에이피 프라임 리저브 리트리니티 크림 50ml,스킨케어,크림
persona_2,879,0.634779691696167,에이피뷰티,에이피 프라임 리저브 리트리니티 아이 앤 익스프레션 크림 20ml,스킨케어,크림
persona_2,880,0.6296214461326599,에이피뷰티,에이피 듀얼 리페어 리프트 리퀴드 크림 120ml,스킨케어,크림
persona_2,881,0.6353102326393127,에이피뷰티,에이피 듀얼 리페어 리프트 크림 50 ml,스킨케어,크림
persona_2,882,0.6581868529319763,에이피뷰티,퍼밍 앤 래디언스 플럼핑 듀오,기타,미분류
persona_2,883,0.6208693385124207,에이피뷰티,프라임 리저브 리트리니티 메쉬 파운데이션 22N + 에이오 트리플 디펜스 에어리 선 세럼 40ml,스킨케어,세럼
persona_2,884,0.6208693385124207,에이피뷰티,프라임 리저브 리트리니티 메쉬 파운데이션 21N + 에이오 트리플 디펜스 에어리 선 세럼 40ml,스킨케어,세럼
persona_2,885,0.6208693385124207,에이피뷰티,프라임 리저브 리트리니티 메쉬 파운데이션 17C + 에이오 트리플 디펜스 에어리 선 세럼 40ml,스킨케어,세럼
persona_2,886,0.6431279182434082,에이피뷰티,리쥬브네이팅 부스터 샷 엠디 세럼 30ml,스킨케어,세럼
persona_2,887,0.6448363661766052,에이피뷰티,리쥬브네이팅 트리트먼트 엠디 크림 50ml,스킨케어,크림
persona_2,888,0.6563189625740051,에이피뷰티,프라임 리저브 리트리니티 메쉬 파운데이션 22N+블랙 케이스,기타,미분류
persona_2,889,0.6571266055107117,에이피뷰티,프라임 리저브 리트리니티 메쉬 파운데이션 21N+ 블랙 케이스,기타,미분류
persona_2,890,0.6157342195510864,에이피뷰티,프라임 리저브 리트리니티 메쉬 파운데이션 17C+ 블랙 케이스 12g,건기식,기능성식품
persona_2,891,0.6462259292602539,에이피뷰티,에이피 리프트 앤 리뉴 더블 샷 프로그램 3ea,기타,미분류
persona_2,892,0.6328210830688477,에이피뷰티,에이피 프라임 리저브 리트리니티 아이 앤 익스프레션 크림 20ml,스킨케어,크림
persona_2,893,0.6583011150360107,일리윤,NEW  세라마이드 아토 로션 564ml,기타,미분류
persona_2,894,0.644424557685852,일리윤,울트라 리페어 로션 528ml,기타,미분류
persona_2,895,0.6561025977134705,일리윤,히알루론 모이스춰 수분크림 100ml,스킨케어,크림
persona_2,896,0.6356252431869507,일리윤,세라마이드 아토 집중 크림 230ml,스킨케어,크림
persona_2,897,0.6417216062545776,일리윤,세라마이드 아토 6.0 탑투토워시 500ml,기타,미분류
persona_2,898,0.6392382383346558,일리윤,세라마이드 아토 로션 350ml,기타,미분류
persona_2,899,0.6399615406990051,일리윤,세라마이드 아토 6.0 탑투토워시 500ml,기타,미분류
persona_2,900,0.6415703296661377,일리윤,울트라 리페어 로션 350ml,기타,미분류
persona_2,901,0.6413422226905823,일리윤,세라마이드 아토 집중 크림 500ml,스킨케어,크림
persona_2,902,0.6410670280456543,일리윤,프레쉬 모이스춰 바디워시 500ml,바디,바디케어
persona_2,903,0.6394076347351074,일리윤,레드이치 케어크림 330ml,스킨케어,크림
persona_2,904,0.6493233442306519,일리윤,저자극 이지워시 선크림 SPF50+/PA++++ 150ml,선케어,선크림
persona_2,905,0.6392477750778198,일리윤,울트라 리페어 딥 모이스춰 워시 500ml,기타,미분류
persona_2,906,0.626711905002594,일리윤,세라마이드 아토 6.0 탑투토워시 1000ml,기타,미분류
persona_2,907,0.6254490613937378,일리윤,세라마이드 아토 속보습 스킨 250ml,기타,미분류
persona_2,908,0.6515801548957825,일리윤,레드이치 케어크림 75ml,스킨케어,크림
persona_2,909,0.6331079006195068,일리윤,레드이치 케어오일 200ml,기타,미분류
persona_2,910,0.6628569960594177,일리윤,세라마이드 아토 여행용 키트,기타,미분류
persona_2,911,0.6376685500144958,일리윤,프로바이오틱스 스킨 배리어 약산성 여성청결제 300ml,기타,미분류
persona_2,912,0.6447697877883911,일리윤,프레쉬 모이스춰 립앤아이 리무버 300ml,클렌징,리무버
persona_2,913,0.6443636417388916,일리윤,레드이치 큐어밤 60ml,스킨케어,크림
persona_2,914,0.6291297078132629,일리윤,세라마이드 아토 버블워시 앤 샴푸 900ml,기타,미분류
persona_2,915,0.6211540699005127,일리윤,레드이치 케어크림 128ml,스킨케어,크림
persona_2,916,0.6415900588035583,일리윤,프레쉬 모이스춰 로션 350ml,기타,미분류
persona_2,917,0.6404938101768494,일리윤,울트라 리페어 인텐시브 케어 크림 200ml,스킨케어,크림
persona_2,918,0.6212292909622192,일리윤,젠틀 딥 립앤아이 리무버 140ml,클렌징,리무버
persona_2,919,0.6363077759742737,일리윤,세라마이드 아토 수딩 젤 175ml,기타,미분류
persona_2,920,0.6321631669998169,일리윤,세라마이드 아토 5.0 젠틀스킨클렌져 400ml,기타,미분류
persona_2,921,0.6521362662315369,일리윤,무기자차 장벽 선크림 SPF50+/PA++++ 50ml,선케어,선크림
persona_2,922,0.6348373293876648,일리윤,데일리 무기자차 선스틱 SPF50+/PA++++ 20g,선케어,선크림
persona_2,923,0.643058717250824,일리윤,세라마이드 아토 로션 508ml,기타,미분류
persona_2,924,0.6341886520385742,일리윤,튼살크림 330ml,스킨케어,크림
persona_2,925,0.6233468651771545,일리윤,시카 아크네 클리어 필링 스크럽 200g,건기식,기능성식품
persona_2,926,0.6297590732574463,일리윤,시카 아크네 클리어 바디 워시 400ml,바디,바디케어
persona_2,927,0.6325575709342957,일리윤,젠틀 딥 클렌징 오일 250ml,기타,미분류
persona_2,928,0.6269763112068176,일리윤,시카 트러블 클리어 바디 미스트 200ml,바디,바디케어
persona_2,929,0.6285507678985596,일리윤,젠틀 딥 페이셜 클렌저 250ml,기타,미분류
persona_2,930,0.6466077566146851,일리윤,프로바이오틱스 스킨 배리어 젠틀 클렌저 300ml,기타,미분류
persona_2,931,0.6282179355621338,일리윤,세라마이드 아토 버블워시 앤 샴푸 400ml,기타,미분류
persona_2,932,0.6579076647758484,일리윤,히알루론 모이스춰 수분크림,스킨케어,크림
persona_2,933,0.6644983291625977,일리윤,세라마이드 아토 탑투토워시 본품+리필 SET,기타,미분류
persona_2,934,0.6626853942871094,일리윤,세라마이드 아토 로션 2입 SET,기타,미분류
persona_2,935,0.6289049386978149,일리윤,인텐시브 세라마이드 비건 립 마스크 7g,스킨케어,마스크팩
persona_2,936,0.6634557843208313,일리윤,울트라 리페어 인텐시브 케어 크림,스킨케어,크림
persona_2,937,0.6613585948944092,일리윤,울트라 리페어 로션,기타,미분류
persona_2,938,0.6648481488227844,일리윤,울트라 리페어 딥 모이스춰 워시,기타,미분류
persona_2,939,0.6632846593856812,일리윤,울트라 리페어 로션,기타,미분류
persona_2,940,0.6571134328842163,일리윤,데일리 무기자차 선스틱 SPF50+/PA++++,선케어,선크림
persona_2,941,0.6636949777603149,일리윤,레드이치 케어크림,스킨케어,크림
persona_2,942,0.660778284072876,일리윤,레드이치 고보습 워시,기타,미분류
persona_2,943,0.6638569831848145,일리윤,레드이치 케어오일,기타,미분류
persona_2,944,0.6617563962936401,일리윤,레드이치 케어크림,스킨케어,크림
persona_2,945,0.6363765597343445,일리윤,세라마이드 아토 집중 크림 230ml,스킨케어,크림
persona_2,946,0.6503974795341492,일리윤,레드이치 크림 + 고보습 워시,스킨케어,크림
persona_2,947,0.6366192698478699,일리윤,세라마이드 아토 집중크림 230ml,스킨케어,크림
persona_2,948,0.6611246466636658,일리윤,세라마이드 아토 로션,기타,미분류
persona_2,949,0.6664496064186096,일리윤,무기자차 장벽 선크림 SPF50+/PA++++,선케어,선크림
persona_2,950,0.6663926839828491,일리윤,저자극 이지워시 선크림 SPF50+/PA++++,선케어,선크림
persona_2,951,0.6637111902236938,일리윤,세라마이드 아토 수딩 젤,기타,미분류
persona_2,952,0.6626096367835999,일리윤,프레쉬 모이스춰 바디워시,바디,바디케어
persona_2,953,0.6540036201477051,일리윤,세라마이드 아토 로션 564ml,기타,미분류
persona_2,954,0.6326971054077148,일리윤,레드이치 고보습 워시 470g,건기식,기능성식품
persona_2,955,0.643436074256897,일리윤,세라마이드 무향 비건 립밤 3.2g,스킨케어,크림
persona_2,956,0.6476227641105652,일리윤,세라마이드 무향 비건 핸드크림 50ml,스킨케어,크림
persona_2,957,0.6594936847686768,이니스프리,레티놀 PDRN 앰플 겔 마스크 1매,스킨케어,마스크팩
persona_2,958,0.6471667289733887,이니스프리,한란 핸드 크림 50ml,스킨케어,크림
persona_2,959,0.6310876607894897,이니스프리,그린티 아미노 수분 클렌징 폼 150g,건기식,기능성식품
persona_2,960,0.6603741645812988,이니스프리,NEW 세럼/앰플 겔 마스크,스킨케어,마스크팩
persona_2,961,0.6597123146057129,이니스프리,비타C 그린티 엔자임 세럼 겔 마스크 1매,스킨케어,마스크팩
persona_2,962,0.6458526253700256,이니스프리,마이 퍼퓸드 핸드크림 30ml,스킨케어,크림
persona_2,963,0.6623466610908508,이니스프리,고급 종이 면봉 150P,기타,미분류
persona_2,964,0.6562942862510681,이니스프리,New 납작 아이브로우 펜슬,메이크업,아이브로우
persona_2,965,0.6597123146057129,이니스프리,레티놀 시카 리페어 앰플 겔 마스크 1매,스킨케어,마스크팩
persona_2,966,0.6370464563369751,이니스프리,그린티 아미노 수분 클렌징 오일 150ml,기타,미분류
persona_2,967,0.6403180360794067,이니스프리,노세범 미네랄 파우더 5g,건기식,기능성식품
persona_2,968,0.630439281463623,이니스프리,그린티 아미노 수분 클렌징 워터 320ml,기타,미분류
persona_2,969,0.64881831407547,이니스프리,블랙티 유스 인핸싱 앰플 마스크 28ml,스킨케어,마스크팩
persona_2,970,0.6393828392028809,이니스프리,유채꿀 립밤  3.5g,스킨케어,크림
persona_2,971,0.6297137141227722,이니스프리,그린티 세라마이드 밀크 에센스 160ml,스킨케어,에센스
persona_2,972,0.632290780544281,이니스프리,듀이 틴트 립밤 3.2g,메이크업,립틴트
persona_2,973,0.6403180360794067,이니스프리,노세범 모이스처 파우더 5g,건기식,기능성식품
persona_2,974,0.6562714576721191,이니스프리,비타C 그린티 엔자임세럼 기획세트,스킨케어,세럼
persona_2,975,0.6480163931846619,이니스프리,그린티 씨드 히알루론산 크림 50ml,스킨케어,크림
persona_2,976,0.6310876607894897,이니스프리,화산송이 모공 바하 클렌징 폼 150g,건기식,기능성식품
persona_2,977,0.6303538680076599,이니스프리,노세범 미네랄 팩트 8.5g,스킨케어,마스크팩
persona_2,978,0.6633113622665405,이니스프리,레티놀 PDRN 앰플 겔 마스크 6매,스킨케어,마스크팩
persona_2,979,0.6314377784729004,이니스프리,스페셜케어마스크 풋 20ml,스킨케어,마스크팩
persona_2,980,0.6576458811759949,이니스프리,그린티 데일리 수딩 마스크 30매,스킨케어,마스크팩
persona_2,981,0.6348883509635925,이니스프리,화산송이 모공 바하 클렌징폼  250g,건기식,기능성식품
persona_2,982,0.6503533720970154,이니스프리,올리브 비타민 E 리얼 오일 미스트 75ml,기타,미분류
persona_2,983,0.6594648361206055,이니스프리,눈썹 수정칼 2P,건기식,기능성식품
persona_2,984,0.6311078667640686,이니스프리,그린티 씨드 히알루론산 세럼 대용량 130ml,스킨케어,세럼
persona_2,985,0.6315797567367554,이니스프리,퍼펙트 9 인텐시브 아이크림 30ml,스킨케어,크림
persona_2,986,0.6540755033493042,이니스프리,올리브 비타민 E 리얼 클렌징 티슈 30매,기타,미분류
persona_2,987,0.6213550567626953,이니스프리,마이 퍼퓸드 핸드크림 80ml,스킨케어,크림
persona_2,988,0.6309926509857178,이니스프리,그린티 히알루론산 스킨 170ml,기타,미분류
persona_2,989,0.6487241387367249,이니스프리,노세범 블러 프라이머 25ml,기타,미분류
persona_2,990,0.6558588147163391,이니스프리,블랙티 유스 인핸싱 앰플 대용량 단품 세트,스킨케어,앰플
persona_2,991,0.6197832226753235,이니스프리,그린티 씨드 히알루론산 크림  80ml,스킨케어,크림
persona_2,992,0.6406931281089783,이니스프리,블랙티 유스 인핸싱 오일 30ml,기타,미분류
persona_2,993,0.6658098697662354,이니스프리,파우더 퍼프 1ea,기타,미분류
persona_2,994,0.6287314295768738,이니스프리,퍼펙트 9 인텐시브 크림 60ml,스킨케어,크림
persona_2,995,0.6372038125991821,이니스프리,노세범 AC 파우더 5g,건기식,기능성식품
persona_2,996,0.6393828392028809,이니스프리,유채꿀 립밤  3.5g,스킨케어,크림
persona_2,997,0.6314377784729004,이니스프리,스페셜케어마스크 핸드 20ml,스킨케어,마스크팩
persona_2,998,0.6466766595840454,이니스프리,블랙티 유스 인핸싱 크림 50ml,스킨케어,크림
persona_2,999,0.6587955951690674,이니스프리,화산송이 한지 기름종이 50매,기타,미분류
persona_2,1000,0.6391568183898926,이니스프리,비자 트러블 클렌징폼 150g,건기식,기능성식품
persona_2,1001,0.6257225871086121,이니스프리,그린티 히알루론산 로션 170ml,기타,미분류
persona_2,1002,0.6279258728027344,이니스프리,비타C 그린티 엔자임 잡티 토닝 패드 60매/170ml,기타,미분류
persona_2,1003,0.6398361325263977,이니스프리,라이트 피팅 메이크업 베이스 SPF23/PA++ 30ml,선케어,선크림
persona_2,1004,0.6424883604049683,이니스프리,그린티 히알루론산 미스트 150ml,기타,미분류
persona_2,1005,0.6415364146232605,이니스프리,레티놀 시카 흔적 장벽 크림 50ml,스킨케어,크림
persona_2,1006,0.6329218745231628,이니스프리,그린티 세라마이드 밀크 에센스 리필 160ml,스킨케어,에센스
persona_2,1007,0.638952910900116,이니스프리,한란 아이 크림 30ml,스킨케어,크림
persona_2,1008,0.6421914100646973,이니스프리,파워프루프 라이너  0.6g,메이크업,아이라이너
persona_2,1009,0.6266883015632629,이니스프리,올리브 비타민 E 리얼 스킨 170ml,기타,미분류
persona_2,1010,0.6235159635543823,이니스프리,그린티 씨드 히알루론산 세럼 80ml,스킨케어,세럼
persona_2,1011,0.6281877756118774,이니스프리,레티놀 그린티 PDRN 스킨부스터 토너 170ml,기타,미분류
persona_2,1012,0.6327789425849915,이니스프리,올리브 비타민 E 리얼 로션 170ml,기타,미분류
persona_2,1013,0.6287463307380676,이니스프리,그린티 씨드 히알루론산 세럼 리필 80ml,스킨케어,세럼
persona_2,1014,0.6503026485443115,이니스프리,그린티 히알루론산 진정수분 선세럼 AD SPF50/PA++++ 50ml,선케어,선크림
persona_2,1015,0.6512001752853394,이니스프리,수퍼 화산송이 쿨민초 모공팩 100ml,스킨케어,마스크팩
persona_2,1016,0.6457175016403198,이니스프리,비타C 잡티 톤업 선스크린 SPF50+/PA++++ 50ml,선케어,선크림
persona_2,1017,0.6471490859985352,이니스프리,레티놀 그린티 PDRN 스킨부스터 앰플 25ml,스킨케어,앰플
persona_2,1018,0.6480163931846619,이니스프리,올리브 비타민e 리얼 크림 50ml,스킨케어,크림
persona_2,1019,0.6245585083961487,이니스프리,그린티 히알루론산 글로우 아이&페이스볼 10ml,기타,미분류
persona_2,1020,0.6553457379341125,이니스프리,그린티 씨드 히알루론산 스킨케어 세트,건기식,기능성식품
persona_2,1021,0.6478553414344788,이니스프리,애플씨드 립 앤 아이 메이크업 리무버 100ml,클렌징,리무버
persona_2,1022,0.6273943185806274,이니스프리,블랙티 유스 인핸싱 로션 170ml,기타,미분류
persona_2,1023,0.6489133834838867,이니스프리,비타C 엔자임 잡티 토닝 크림 50ml,스킨케어,크림
persona_2,1024,0.645568311214447,이니스프리,한란인리치드크림 50ml,스킨케어,크림
persona_2,1025,0.6303029656410217,이니스프리,국화 여성 청결제 200ml,기타,미분류
persona_2,1026,0.6501163244247437,이니스프리,왕벚꽃 글로우 스킨핏 톤업크림 SPF50 / PA++++ 50ml,선케어,선크림
persona_2,1027,0.6417927742004395,이니스프리,애플씨드 클렌징 크림 150ml,스킨케어,크림
persona_2,1028,0.6216945648193359,이니스프리,레티놀 그린티 PDRN 스킨부스터 앰플 40ml,스킨케어,앰플
persona_2,1029,0.6274734735488892,이니스프리,레티놀 시카 흔적 패드 60매/170ml,기타,미분류
persona_2,1030,0.6021734476089478,이니스프리,노세범 파우더 쿠션 SPF35/PA++ 14g,선케어,선크림
persona_2,1031,0.6480163931846619,이니스프리,그린티 씨드 히알루론산 크림  50ml,스킨케어,크림
persona_2,1032,0.6263919472694397,이니스프리,포레스트 포맨 쉐이빙 & 클렌징 폼 150g,건기식,기능성식품
persona_2,1033,0.6512001752853394,이니스프리,수퍼 화산송이 모공 마스크 100ml,스킨케어,마스크팩
persona_2,1034,0.6431615352630615,이니스프리,비타C 엔자임 잡티 토닝 크림 리필 50ml,스킨케어,크림
persona_2,1035,0.6201097965240479,이니스프리,청보리 마일드 필링젤 120ml,기타,미분류
persona_2,1036,0.6362738013267517,이니스프리,아일넘버 바디로션 씨즈더모먼트 300ml,바디,바디케어
persona_2,1037,0.6358133554458618,이니스프리,마이퍼퓸드바디 코튼플라워 바디로션 330ml,바디,바디케어
persona_2,1038,0.6526072025299072,이니스프리,포레스트 센서티브 올인원 에센스 100ml,스킨케어,에센스
persona_2,1039,0.6399512887001038,이니스프리,톤업 노세범 선스크린 EX SPF50+/PA++++ 60ml,선케어,선크림
persona_2,1040,0.6092406511306763,이니스프리,노세범 파우더 쿠션 리필 SPF35/PA++ 14g,선케어,선크림
persona_2,1041,0.6348883509635925,이니스프리,그린티 아미노 수분 클렌징폼  250g,건기식,기능성식품
persona_2,1042,0.6459395885467529,이니스프리,콜라겐 그린티 세라마이드 탄력장벽 크림 리필 50ml,스킨케어,크림
persona_2,1043,0.6225806474685669,이니스프리,링클 사이언스 스팟 트리트먼트 40ml,기타,미분류
persona_2,1044,0.6283523440361023,이니스프리,한란로션 170ml,기타,미분류
persona_2,1045,0.6469029784202576,이니스프리,심플라벨 워터프루프 펜슬라이너 0.1g,메이크업,아이라이너
persona_2,1046,0.6358133554458618,이니스프리,마이퍼퓸드바디 그린텐저린 바디로션 330ml,바디,바디케어
persona_2,1047,0.6526072025299072,이니스프리,포레스트 안티에이징 올인원 에센스 100ml,스킨케어,에센스
persona_2,1048,0.6342235207557678,이니스프리,비타C 그린티 엔자임 잡티 토닝 세럼 30ml,스킨케어,세럼
persona_2,1049,0.632290780544281,이니스프리,듀이 트리트먼트 립밤 3.2g,스킨케어,크림
persona_2,1050,0.6481401324272156,이니스프리,유브이 액티브 포어리스 선스크린 SPF50+/PA++++ 50ml,선케어,선크림
persona_2,1051,0.653656542301178,이니스프리,레티놀 시카 앰플 포커싱 패치 1개입 9매,스킨케어,앰플
persona_2,1052,0.6428913474082947,이니스프리,알로에 리바이탈라이징 수딩젤 300ml,기타,미분류
persona_2,1053,0.6227993369102478,이니스프리,라이트 피팅 컨실러 다크서클 커버 7g,건기식,기능성식품
persona_2,1054,0.6444030404090881,이니스프리,한란인리치드에센스 50ml,스킨케어,에센스
persona_2,1055,0.6349064707756042,이니스프리,아일넘버 바디워시 씨즈더모먼트 300ml,바디,바디케어
persona_2,1056,0.6338024735450745,이니스프리,스키니 꼼꼼카라 3.5g,건기식,기능성식품
persona_2,1057,0.6424175500869751,이니스프리,파워프루프 브러시 라이너 0.6g,메이크업,아이라이너
persona_2,1058,0.6478334069252014,이니스프리,히알루론 수분 선크림 SPF50+/PA++++ 50ml,선케어,선크림
persona_2,1059,0.6389752626419067,이니스프리,애플씨드 클렌징 오일 150ml,기타,미분류
persona_2,1060,0.6406931281089783,이니스프리,레티놀 시카 흔적 앰플 30ml,스킨케어,앰플
persona_2,1061,0.6406931281089783,이니스프리,블랙티 유스 인핸싱 앰플 30ml,스킨케어,앰플
persona_2,1062,0.6364607214927673,이니스프리,블랙티 유스 인핸싱 트리트먼트 에센스 145ml,스킨케어,에센스
persona_2,1063,0.6491799354553223,이니스프리,블랙티 유스 인핸싱 트리트먼트 에센스 75ml,스킨케어,에센스
persona_2,1064,0.6034342050552368,이니스프리,노세범 선쿠션 이엑스 SPF50+/PA++++ 14g,선케어,선크림
persona_2,1065,0.6363850831985474,이니스프리,하우스 스펀지 6p,기타,미분류
persona_2,1066,0.6405925154685974,이니스프리,콜라겐 그린티 세라마이드 탄력 장벽 크림 50ml,스킨케어,크림
persona_2,1067,0.6085183024406433,이니스프리,포어 블러 파우더 11g,건기식,기능성식품
persona_2,1068,0.625030517578125,이니스프리,에어리매트 틴트 3.8g,메이크업,립틴트
persona_2,1069,0.6383271813392639,이니스프리,라이트 피팅 파운데이션 SPF20/PA++ 30ml,선케어,선크림
persona_2,1070,0.6288495659828186,이니스프리,스키니 꼼꼼카라 Zero 3.5g,건기식,기능성식품
persona_2,1071,0.6399512887001038,이니스프리,인텐시브 롱래스팅 선스크린 EX SPF50+/PA++++ 60ml,선케어,선크림
persona_2,1072,0.6542431116104126,이니스프리,비자 트러블 로션 100ml,기타,미분류
persona_2,1073,0.6288828253746033,이니스프리,블랙티 유스 인핸싱 스킨 170ml,기타,미분류
persona_2,1074,0.6366356015205383,이니스프리,그린티 스킨 포맨 150ml,기타,미분류
persona_2,1075,0.6260573267936707,이니스프리,한란스킨 170ml,기타,미분류
persona_2,1076,0.6368396878242493,이니스프리,마이퍼퓸드바디 코튼플라워바디클렌저 330ml,바디,바디케어
persona_2,1077,0.6339858770370483,이니스프리,퍼펙트 9 인텐시브 세럼 50ml,스킨케어,세럼
persona_2,1078,0.628484308719635,이니스프리,퍼펙트 9 인텐시브 스킨 200ml,기타,미분류
persona_2,1079,0.6210643649101257,이니스프리,비자 시카 밤 EX 40ml,스킨케어,크림
persona_2,1080,0.6309926509857178,이니스프리,비자 트러블 토너 170ml,기타,미분류
persona_2,1081,0.652388334274292,이니스프리,레티놀 시카 앰플 듀오 SET,스킨케어,앰플
persona_2,1082,0.6478334069252014,이니스프리,히알루론 수분 선크림 SPF50+/PA++++ 50ml,선케어,선크림
persona_2,1083,0.6366356015205383,이니스프리,그린티 로션 포맨 150ml,기타,미분류
persona_2,1084,0.6412549614906311,이니스프리,왕벚꽃 글로우 톤업 크림 50ml,스킨케어,크림
persona_2,1085,0.6272950768470764,이니스프리,스키니 브로우카라 4g,메이크업,아이브로우
persona_2,1086,0.6373427510261536,이니스프리,화산송이 모공 바하 클렌징 오일 150ml,기타,미분류
persona_2,1087,0.6243127584457397,이니스프리,인텐시브 레져 선스틱 SPF50+/PA++++ 18g,선케어,선크림
persona_2,1088,0.6330966353416443,이니스프리,올리브 비타민 E 리얼 클렌징폼 150g,건기식,기능성식품
persona_2,1089,0.6447331309318542,이니스프리,실키 파우더 블러쉬 6.2g,건기식,기능성식품
persona_2,1090,0.6423502564430237,이니스프리,애플씨드 버블 클렌저 150ml,기타,미분류
persona_2,1091,0.6327789425849915,이니스프리,화산송이 파하 모공 매끈결 토너 170ml,기타,미분류
persona_2,1092,0.6368396878242493,이니스프리,마이퍼퓸드바디 워터릴리바디클렌저 330ml,바디,바디케어
persona_2,1093,0.6021734476089478,이니스프리,라이트 글로우 쿠션 SPF26/PA++ 14g,선케어,선크림
persona_2,1094,0.634367823600769,이니스프리,비자 시카 밤 EX 대용량 70ml,스킨케어,크림
persona_2,1095,0.5989106297492981,이니스프리,퍼펙트 9 인텐시브 스킨케어 세트  퍼펙트 9 인텐시브 스킨 200ml+ 퍼펙트 9 인텐시브 로션 160ml &  세럼 5ml + 크림 10ml + 아이크림 5ml,스킨케어,세럼
persona_2,1096,0.6393828392028809,이니스프리,유채꿀 립밤 3.5g,스킨케어,크림
persona_2,1097,0.6271079182624817,이니스프리,포어 블러 팩트 12.5g,스킨케어,마스크팩
persona_2,1098,0.6347463726997375,이니스프리,아일 넘버 바디앤핸드워시 웜앤퍼지스 300ml,바디,바디케어
persona_2,1099,0.6450055241584778,이니스프리,아일넘버 핸드크림 씨즈더모먼트 50ml,스킨케어,크림
persona_2,1100,0.6368396878242493,이니스프리,마이퍼퓸드바디 그린텐저린바디클렌저 330ml,바디,바디케어
persona_2,1101,0.6316706538200378,이니스프리,포레스트 프레시 스킨 180ml,기타,미분류
persona_2,1102,0.6270341873168945,이니스프리,포레스트 프레시 로션 140ml,기타,미분류
persona_2,1103,0.6049364805221558,이니스프리,블랙티 유스 인핸싱 스킨 케어 세트  블랙티 유스 인핸싱 스킨 170ml + 블랙티 유스 인핸싱 로션 170ml&  스킨 15ml + 로션 15ml + 앰플 12ml,스킨케어,앰플
persona_2,1104,0.6223329305648804,이니스프리,퍼펙트 9 인텐시브 로션 160ml,기타,미분류
persona_2,1105,0.6399512887001038,이니스프리,톤업 노세범 선스크린 EX SPF50+/PA++++ 60ml,선케어,선크림
persona_2,1106,0.6251552104949951,이니스프리,비타C 엔자임 잡티 토닝 크림  80ml,스킨케어,크림
persona_2,1107,0.6287130117416382,이니스프리,화산송이 모공 듀얼 마스크 110ml,스킨케어,마스크팩
persona_2,1108,0.6397604942321777,이니스프리,올리브 비타민E 리얼 클렌징 오일 150ml,기타,미분류
persona_2,1109,0.6358133554458618,이니스프리,마이퍼퓸드바디 워터릴리 바디로션 330ml,바디,바디케어
persona_2,1110,0.6337498426437378,이니스프리,스컬프팅 파우더 쉐이딩 6.8g,건기식,기능성식품
persona_2,1111,0.6597708463668823,이니스프리,포레스트 프레시 스킨 로션 2종 세트,기타,미분류
persona_2,1112,0.630998432636261,이니스프리,심플라벨 래스팅 펜슬 브로우 0.15g,메이크업,아이브로우
persona_2,1113,0.6378106474876404,이니스프리,심플라벨 마스카라 7.5g,메이크업,마스카라
persona_2,1114,0.6092406511306763,이니스프리,라이트 글로우 쿠션 리필 SPF26/PA++ 14g,선케어,선크림
persona_2,1115,0.6517685651779175,이니스프리,포레스트 포어 케어 올인원 에센스 100ml,스킨케어,에센스
persona_2,1116,0.6315270066261292,이니스프리,청보리 마일드 필링 토너 250ml,기타,미분류
persona_2,1117,0.621940553188324,이니스프리,레티놀 PDRN 앰플 기획세트 40ml,스킨케어,앰플
persona_2,1118,0.6432846188545227,이니스프리,레티놀 시카 앰플 기획세트 50ml,스킨케어,앰플
persona_2,1119,0.6481385231018066,이니스프리,그린티 씨드 히알루론산 크림 기획세트,스킨케어,크림
persona_2,1120,0.6516205072402954,이니스프리,마이 퍼퓸드 핸드크림 세트,스킨케어,크림
persona_2,1121,0.621940553188324,이니스프리,레티놀 PDRN 앰플 기획세트 40ml,스킨케어,앰플
persona_2,1122,0.6283854842185974,이니스프리,그린티 밀크 에센스 160ml 더블 기획세트,스킨케어,에센스
persona_2,1123,0.6447636485099792,이니스프리,이니스프리 클렌징 폼,기타,미분류
persona_2,1124,0.632479190826416,이니스프리,스페셜 케어 마스크  20ml,스킨케어,마스크팩
persona_2,1125,0.6195768117904663,이니스프리,그린티 세라마이드 크림 80ml,스킨케어,크림
persona_2,1126,0.6477922201156616,이니스프리,그린티 세라마이드 크림 50ml,스킨케어,크림
persona_2,1127,0.6477922201156616,이니스프리,그린티 세라마이드 크림 50ml,스킨케어,크림
persona_2,1128,0.6480163931846619,이니스프리,그린티 씨드 히알루론산 크림 50ml,스킨케어,크림
persona_2,1129,0.6396124362945557,이니스프리,톤업 워터링 선스크린 SPF50+/PA++++ 60ml,선케어,선크림
persona_2,1130,0.6316616535186768,이니스프리,스마트 블렌더  1p,기타,미분류
persona_2,1131,0.642488420009613,이니스프리,쉬어 글로이 하이라이터 5.5g,건기식,기능성식품
persona_2,1132,0.6618399024009705,이니스프리,일반 화장솜 80매,기타,미분류
persona_2,1133,0.6383506655693054,이니스프리,그린펫클럽 꼼꼼 워터리스 발세정제  150ml,기타,미분류
persona_2,1134,0.645376443862915,이니스프리,아일 넘버 핸드크림 웜앤퍼지스 50ml,스킨케어,크림
persona_2,1135,0.6424175500869751,이니스프리,파워프루프 펜 라이너 0.6g,메이크업,아이라이너
persona_2,1136,0.6412549614906311,이니스프리,왕벚꽃 글로우 젤리 크림 50ml,스킨케어,크림
persona_2,1137,0.6387826204299927,이니스프리,스퀴즈 에너지 마스크 1매 22ml,스킨케어,마스크팩
persona_2,1138,0.6432846188545227,이니스프리,레티놀 시카 흔적 앰플 50ml,스킨케어,앰플
persona_2,1139,0.6612570881843567,메디안,그린프로폴리스 치약 100g*3,건기식,기능성식품
persona_2,1140,0.6589107513427734,메디안,이지클린 센서티브 칫솔 4입,기타,미분류
persona_2,1141,0.6621865034103394,메디안,소금의 명작 치약,기타,미분류
persona_2,1142,0.625204861164093,메디안,후레쉬 치약 3입  120g*3,건기식,기능성식품
persona_2,1143,0.6498542428016663,메디안,잇몸과학 치약 3입,기타,미분류
persona_2,1144,0.6525610089302063,메디안,NEW 치석케어칫솔 4입,기타,미분류
persona_2,1145,0.6631727814674377,메디안,대나무숯 담은 칫솔 미세모 4입,기타,미분류
persona_2,1146,0.6513709425926208,메디안,듀얼이펙션 칫솔 4입 미세모,기타,미분류
persona_2,1147,0.6563712358474731,메디안,닥터메디안 멀티케어 치약,기타,미분류
persona_2,1148,0.6655955910682678,메디안,송천염 치약,기타,미분류
persona_2,1149,0.6550000905990601,메디안,젠티스트 치약 핑크 2입,기타,미분류
persona_2,1150,0.6315082311630249,메디안,구취과학 치약 프리징쿨 3입  120g*3,건기식,기능성식품
persona_2,1151,0.6589595675468445,메디안,그래핀 칫솔 4+1입,기타,미분류
persona_2,1152,0.6621865034103394,메디안,녹차의 명작 치약,기타,미분류
persona_2,1153,0.6575039029121399,메디안,미백과학 치약 플럼민트향,기타,미분류
persona_2,1154,0.6618046760559082,메디안,닥터메디안 칫솔 5+5입,기타,미분류
persona_2,1155,0.6505845189094543,메디안,365DAYS step3 충치 불소 어린이 펌핑 치약 300g,건기식,기능성식품
persona_2,1156,0.6624142527580261,메디안,플렉스 이펙션 칫솔 4입,기타,미분류
persona_2,1157,0.6599662899971008,메디안,키즈 365DAYS step3 칫솔 12입,기타,미분류
persona_2,1158,0.6498542428016663,메디안,잇몸과학 칫솔 4입,기타,미분류
persona_2,1159,0.6636672616004944,메디안,골드와이드 칫솔 10입,기타,미분류
persona_2,1160,0.6613300442695618,메디안,365DAYS 고밀도 초극세모 딥클린 칫솔 16입,기타,미분류
persona_2,1161,0.6607181429862976,메디안,성인용 365DAYS 칫솔 12입,기타,미분류
persona_2,1162,0.6626219749450684,메디안,소금의 명작 칫솔 4입,기타,미분류
persona_2,1163,0.655399739742279,메디안,그린프로폴리스 잇몸케어 칫솔 4+1입,기타,미분류
persona_2,1164,0.6582205295562744,메디안,키즈 365DAYS step3 칫솔 6입,기타,미분류
persona_2,1165,0.6483140587806702,메디안,키즈 365DAYS step2 칫솔 12입,기타,미분류
persona_2,1166,0.6624142527580261,메디안,송천염 미세모 칫솔 4입,기타,미분류
persona_2,1167,0.6577364206314087,메디안,젠티스트 치약 핑크 100g,건기식,기능성식품
persona_2,1168,0.6626219749450684,메디안,녹차의 명작 칫솔 4입,기타,미분류
persona_2,1169,0.6616578102111816,메디안,젠티스트 치약 핑크 4입+쇼핑백 증정,건기식,기능성식품
persona_2,1170,0.6550740003585815,메디안,치석케어 치약 오리지널/구취/화이트/잇몸,기타,미분류
persona_2,1171,0.6366406679153442,비레디,웨이크업 생기 립밤 3g,스킨케어,크림
persona_2,1172,0.6366406679153442,라네즈,웨이크업 생기 립밤 3g,스킨케어,크림
persona_2,1173,0.6186167597770691,비레디,트루톤 로션  40ml,기타,미분류
persona_2,1174,0.6186167597770691,라네즈,트루톤 로션  40ml,기타,미분류
persona_2,1175,0.6564675569534302,비레디,블루 수분 선크림 1+1 기획세트 SPF50+PA++++,선케어,선크림
persona_2,1176,0.6564675569534302,라네즈,블루 수분 선크림 1+1 기획세트 SPF50+PA++++,선케어,선크림
persona_2,1177,0.6387339234352112,비레디,블루 파운데이션 SPF27/PA++ 35ml,선케어,선크림
persona_2,1178,0.6387339234352112,라네즈,블루 파운데이션 SPF27/PA++ 35ml,선케어,선크림
persona_2,1179,0.6265220642089844,비레디,블루쿠션 SPF34/PA++ 15g,선케어,선크림
persona_2,1180,0.6265220642089844,라네즈,블루쿠션 SPF34/PA++ 15g,선케어,선크림
persona_2,1181,0.6538386344909668,비레디,무드업 듀얼 아이섀도우 브러쉬,메이크업,아이섀도우
persona_2,1182,0.6538386344909668,라네즈,무드업 듀얼 아이섀도우 브러쉬,메이크업,아이섀도우
persona_2,1183,0.6235374212265015,비레디,블루쿠션 SPF34/PA++ 15g,선케어,선크림
persona_2,1184,0.6235374212265015,라네즈,블루쿠션 SPF34/PA++ 15g,선케어,선크림
persona_2,1185,0.6166411638259888,비레디,시카페인 트러블리셋 세럼 40ml,스킨케어,세럼
persona_2,1186,0.6166411638259888,라네즈,시카페인 트러블리셋 세럼 40ml,스킨케어,세럼
persona_2,1187,0.64936763048172,비레디,블루 수분 선크림 SPF50+/PA++++ 50ml,선케어,선크림
persona_2,1188,0.64936763048172,라네즈,블루 수분 선크림 SPF50+/PA++++ 50ml,선케어,선크림
persona_2,1189,0.6501116752624512,비레디,프라이드업 아이브로우 0.6G,메이크업,아이브로우
persona_2,1190,0.6501116752624512,라네즈,프라이드업 아이브로우 0.6G,메이크업,아이브로우
persona_2,1191,0.6308504939079285,비레디,블루 세범 파우더 7g,건기식,기능성식품
persona_2,1192,0.6308504939079285,라네즈,블루 세범 파우더 7g,건기식,기능성식품
persona_2,1193,0.6276131272315979,비레디,시카페인 트러블리셋 토너 250ml,기타,미분류
persona_2,1194,0.6276131272315979,라네즈,시카페인 트러블리셋 토너 250ml,기타,미분류
persona_2,1195,0.6349796056747437,비레디,시카페인 트러블리셋 크림 70ml,스킨케어,크림
persona_2,1196,0.6349796056747437,라네즈,시카페인 트러블리셋 크림 70ml,스킨케어,크림
persona_2,1197,0.6516016721725464,비레디,블루 파운데이션 퍼프,기타,미분류
persona_2,1198,0.6516016721725464,라네즈,블루 파운데이션 퍼프,기타,미분류
persona_2,1199,0.64936763048172,비레디,하이드로 스웻프루프 선크림 SPF50+/PA++++ 50ml,선케어,선크림
persona_2,1200,0.64936763048172,라네즈,하이드로 스웻프루프 선크림 SPF50+/PA++++ 50ml,선케어,선크림
persona_2,1201,0.6200856566429138,비레디,에어리 헤어 페이스트 80g,건기식,기능성식품
persona_2,1202,0.6200856566429138,라네즈,에어리 헤어 페이스트 80g,건기식,기능성식품
persona_2,1203,0.6562513113021851,비레디,4.4,기타,미분류
persona_2,1204,0.6562513113021851,라네즈,4.4,기타,미분류
persona_2,1205,0.6404358148574829,비레디,시카페인 트러블리셋 클렌징폼 150g,건기식,기능성식품
persona_2,1206,0.6404358148574829,라네즈,시카페인 트러블리셋 클렌징폼 150g,건기식,기능성식품
persona_2,1207,0.6319577097892761,비레디,무드업 음영 아이팔레트 7g,건기식,기능성식품
persona_2,1208,0.6319577097892761,라네즈,무드업 음영 아이팔레트 7g,건기식,기능성식품
persona_2,1209,0.6349689364433289,비레디,생기 립밤 3g,스킨케어,크림
persona_2,1210,0.6349689364433289,라네즈,생기 립밤 3g,스킨케어,크림
persona_2,1211,0.6349689364433289,비레디,생기 립밤 3g,스킨케어,크림
persona_2,1212,0.6349689364433289,라네즈,생기 립밤 3g,스킨케어,크림
persona_2,1213,0.6349689364433289,비레디,생기 립밤 3g,스킨케어,크림
persona_2,1214,0.6349689364433289,라네즈,생기 립밤 3g,스킨케어,크림
persona_2,1215,0.6551744937896729,비레디,블루 파운데이션 3호,기타,미분류
persona_2,1216,0.6551744937896729,라네즈,블루 파운데이션 3호,기타,미분류
persona_2,1217,0.6551744937896729,비레디,블루 파운데이션 2호,기타,미분류
persona_2,1218,0.6551744937896729,라네즈,블루 파운데이션 2호,기타,미분류
persona_2,1219,0.6605207324028015,비레디,블루쿠션 3호 제프리,기타,미분류
persona_2,1220,0.6605207324028015,라네즈,블루쿠션 3호 제프리,기타,미분류
persona_2,1221,0.6605207324028015,비레디,블루쿠션 2호 라이언,기타,미분류
persona_2,1222,0.6605207324028015,라네즈,블루쿠션 2호 라이언,기타,미분류
persona_2,1223,0.6631476283073425,비레디,시카페인 트러블리셋 2종,기타,미분류
persona_2,1224,0.6631476283073425,라네즈,시카페인 트러블리셋 2종,기타,미분류
persona_2,1225,0.6596603393554688,비레디,블루 수분 선크림 SPF50+/PA++++,선케어,선크림
persona_2,1226,0.6596603393554688,라네즈,블루 수분 선크림 SPF50+/PA++++,선케어,선크림
persona_2,1227,0.6581369638442993,퍼즐우드,메타그린 칼로리컷 젤리 다이어트 기능성 젤리 혈당탄수화물컷,기타,미분류
persona_2,1228,0.6519712805747986,퍼즐우드,메타그린 부스터샷 7일,기타,미분류
persona_2,1229,0.6566237807273865,퍼즐우드,메타그린 슬림업 다이어트 비건 기능성,기타,미분류
persona_2,1230,0.6562036275863647,퍼즐우드,메타그린 클린티 10입,기타,미분류
persona_2,1231,0.6519712805747986,퍼즐우드,녹차에서 온 유산균,기타,미분류
persona_2,1232,0.6549753546714783,퍼즐우드,슈퍼콜라겐 28입,기타,미분류
persona_2,1233,0.6543776392936707,퍼즐우드,멀티비타민미네랄,기타,미분류
persona_2,1234,0.65022212266922,퍼즐우드,메타그린 효소 14입,기타,미분류
persona_2,1235,0.6526365876197815,퍼즐우드,슈퍼레티놀 30포,기타,미분류
persona_2,1236,0.6549612879753113,퍼즐우드,액티브 멀티팩,스킨케어,마스크팩
persona_2,1237,0.6568025946617126,퍼즐우드,오메가케어 30일,기타,미분류
persona_2,1238,0.6502291560173035,퍼즐우드,메타그린 슬림업,기타,미분류
persona_2,1239,0.654567301273346,퍼즐우드,슈퍼콜라겐 골드,기타,미분류
persona_2,1240,0.643212080001831,퍼즐우드,굿슬립 가바 365  식약처 인정 수면기능성,건기식,기능성식품
persona_2,1241,0.6515082120895386,퍼즐우드,슈퍼콜라겐 프리미엄,기타,미분류
persona_2,1242,0.6585046052932739,퍼즐우드,슈퍼에센셜,기타,미분류
persona_2,1243,0.6577318906784058,퍼즐우드,트루아이,기타,미분류
persona_2,1244,0.6641979813575745,퍼즐우드,슈퍼에센셜,기타,미분류
persona_2,1245,0.6491855978965759,퍼즐우드,메타그린 골드 플러스,기타,미분류
persona_2,1246,0.6573673486709595,퍼즐우드,명작수 골드,기타,미분류
persona_2,1247,0.6571768522262573,퍼즐우드,명작수 골드,기타,미분류
persona_2,1248,0.651741623878479,퍼즐우드,메타그린 골드 플러스 패밀리 기획세트,기타,미분류
persona_2,1249,0.6452347636222839,퍼즐우드,슈퍼콜라겐 골드,기타,미분류
persona_2,1250,0.6519712805747986,퍼즐우드,NEW 슈퍼시카 B5,기타,미분류
persona_2,1251,0.6559208631515503,퍼즐우드,액티브멀티팩 기획세트,스킨케어,마스크팩
persona_2,1252,0.6573262810707092,퍼즐우드,리버프라임,기타,미분류
persona_2,1253,0.6502291560173035,퍼즐우드,조이스텝 골드,기타,미분류
persona_2,1254,0.6563684940338135,퍼즐우드,올인원 멀티팩,스킨케어,마스크팩
persona_2,1255,0.6559208631515503,퍼즐우드,트루아이 기획세트,기타,미분류
persona_2,1256,0.6488065719604492,퍼즐우드,조이스텝 골드,기타,미분류
persona_2,1257,0.6576067805290222,퍼즐우드,슈퍼콜라겐 플래티넘,기타,미분류
persona_2,1258,0.6488065719604492,퍼즐우드,슈퍼콜라겐 플래티넘,기타,미분류
persona_2,1259,0.6559208631515503,퍼즐우드,슈퍼콜라겐 골드,기타,미분류
persona_2,1260,0.6596154570579529,퍼즐우드,비타클렌즈,기타,미분류
persona_2,1261,0.6532153487205505,퍼즐우드,굿슬립 가바 365,기타,미분류
persona_2,1262,0.6536542177200317,퍼즐우드,올인원 멀티팩,스킨케어,마스크팩
persona_2,1263,0.6526365876197815,퍼즐우드,슈퍼레티놀 30포,기타,미분류
persona_2,1264,0.6519712805747986,퍼즐우드,메타그린 부스터샷 7일,기타,미분류
persona_2,1265,0.6566237807273865,퍼즐우드,메타그린 슬림업 다이어트 비건 기능성,기타,미분류
persona_2,1266,0.6548460125923157,퍼즐우드,슈퍼콜라겐 14입,기타,미분류
persona_2,1267,0.647573709487915,퍼즐우드,슈퍼콜라겐 28입X2개 + 월리 우프 무드등,기타,미분류
persona_2,1268,0.638127863407135,퍼즐우드,메타그린 슬림업 30일X3개 + 월리 뽀모도로 타이머 & 포스트카드,기타,미분류
persona_2,1269,0.6518201231956482,퍼즐우드,슈퍼레티놀 기획세트,기타,미분류
persona_2,1270,0.6616328358650208,퍼즐우드,슈퍼에센셜 기획세트,기타,미분류
persona_2,1271,0.6567239165306091,퍼즐우드,리버프라임 105일,기타,미분류
persona_2,1272,0.6536542177200317,퍼즐우드,오메가케어 3입세트,기타,미분류
persona_2,1273,0.6511314511299133,퍼즐우드,NEW 슈퍼시카 B5,기타,미분류
persona_2,1274,0.6546441912651062,퍼즐우드,메타그린 슬림업,기타,미분류
persona_2,1275,0.6567971110343933,퍼즐우드,메타그린 슬림업,기타,미분류
persona_2,1276,0.6511314511299133,퍼즐우드,메타그린 부스터샷 7일,기타,미분류
persona_2,1277,0.655727744102478,퍼즐우드,메타그린 부스터샷 7일,기타,미분류
persona_2,1278,0.6611297130584717,퍼즐우드,메타그린 효소,기타,미분류
persona_2,1279,0.6557030081748962,퍼즐우드,메타그린 부스터샷 7일,기타,미분류
persona_2,1280,0.6550253629684448,퍼즐우드,메타그린 부스터샷 7일,기타,미분류
persona_2,1281,0.6541746854782104,퍼즐우드,메타그린 클린티 10입,기타,미분류
persona_2,1282,0.6518201231956482,퍼즐우드,슈퍼레티놀 30포,기타,미분류
persona_2,1283,0.6548657417297363,퍼즐우드,슈퍼콜라겐 28입,기타,미분류
persona_2,1284,0.6593242883682251,퍼즐우드,슈퍼에센셜 28입,기타,미분류
persona_2,1285,0.6592365503311157,퍼즐우드,메타그린 슬림업,기타,미분류
persona_2,1286,0.648340106010437,퍼즐우드,메타그린 골드 플러스 패밀리기획,기타,미분류
persona_2,1287,0.6541746854782104,퍼즐우드,메타그린 칼로리컷 젤리,기타,미분류
persona_2,1288,0.6511314511299133,퍼즐우드,녹차에서 온 유산균,기타,미분류
persona_2,1289,0.6564149856567383,퍼즐우드,메타그린 슬림업,기타,미분류
persona_2,1290,0.6567239165306091,퍼즐우드,프로바이오틱스 골드,기타,미분류
persona_2,1291,0.6459407806396484,퍼즐우드,프로바이오틱스&이뮨,기타,미분류
persona_2,1292,0.6246004700660706,마몽드,BEST 플로라 글로우 로즈 리퀴드 마스크 80ml,스킨케어,마스크팩
persona_2,1293,0.639324426651001,마몽드,프로바이오틱스 세라마이드 앰플 마스크팩 23ml,스킨케어,마스크팩
persona_2,1294,0.6467882990837097,마몽드,BEST 어메이징 딥 민트 클렌징밤 90ml,스킨케어,크림
persona_2,1295,0.6654077172279358,마몽드,프로바이오틱스 세라마이드 2종 세트,기타,미분류
persona_2,1296,0.6394191384315491,마몽드,에이지 컨트롤 카멜리아 앰플 마스크팩 23ml,스킨케어,마스크팩
persona_2,1297,0.6474472880363464,마몽드,에이지 컨트롤 카멜리아 크림 50ml,스킨케어,크림
persona_2,1298,0.6628151535987854,마몽드,어메이징 딥 민트 클렌징 티슈 70매,기타,미분류
persona_2,1299,0.6401699185371399,마몽드,프로바이오틱스 세라마이드 에멀젼 150ml,기타,미분류
persona_2,1300,0.6413846015930176,마몽드,프로바이오틱스 세라마이드 인텐스 크림 60ml,스킨케어,크림
persona_2,1301,0.6333709359169006,마몽드,플로라 글로우 로즈 워터 토너 500ml 500ml,기타,미분류
persona_2,1302,0.6500416398048401,마몽드,BEST 카밍 샷 아줄렌 흔적 수분 앰플 50ml,스킨케어,앰플
persona_2,1303,0.6521294713020325,마몽드,4.8,기타,미분류
persona_2,1304,0.6281760931015015,마몽드,세라마이드 아미노 폼 120g,건기식,기능성식품
persona_2,1305,0.6472276449203491,마몽드,맨 리차징 로션 150ml,기타,미분류
persona_2,1306,0.6394191384315491,마몽드,카밍 샷 아줄렌 앰플 마스크팩 23ml,스킨케어,마스크팩
persona_2,1307,0.6346592903137207,마몽드,프로바이오틱스 세라마이드 스킨소프너 200ml,기타,미분류
persona_2,1308,0.6394191384315491,마몽드,플로라 글로우 로즈 앰플 마스크팩 23ml,스킨케어,마스크팩
persona_2,1309,0.6387841105461121,마몽드,맨 리차징 토너 180ml,기타,미분류
persona_2,1310,0.6385817527770996,마몽드,에이지 컨트롤 카멜리아 에멀젼 125ml,기타,미분류
persona_2,1311,0.6468685269355774,마몽드,에이지 컨트롤 카멜리아 세럼 50ml,스킨케어,세럼
persona_2,1312,0.6363866329193115,마몽드,어메이징 딥 민트 클렌징밤 180ml,스킨케어,크림
persona_2,1313,0.6582126617431641,마몽드,맨 리차징 2종 세트,기타,미분류
persona_2,1314,0.6423248052597046,마몽드,카밍 샷 아줄렌 크림 60ml,스킨케어,크림
persona_2,1315,0.6347928643226624,마몽드,어메이징 딥 민트 클렌징폼 120ml,기타,미분류
persona_2,1316,0.6421465277671814,마몽드,에이지 컨트롤 카멜리아 에센스 워터 150ml,스킨케어,에센스
persona_2,1317,0.6446952223777771,마몽드,플로라 글로우 로즈 워터 토너 300ml,기타,미분류
persona_2,1318,0.6446146965026855,마몽드,카밍 샷 아줄렌 선크림 SPF50+PA++++ 35ml,선케어,선크림
persona_2,1319,0.6329954862594604,마몽드,포어 슈링커 바쿠치올 레티놀 토너 200ml,기타,미분류
persona_2,1320,0.6479572653770447,마몽드,플로라 글로우 로즈 스무딩 크림 50ml,스킨케어,크림
persona_2,1321,0.6438375115394592,마몽드,포어 슈링커 바쿠치올 크림 60ml,스킨케어,크림
persona_2,1322,0.6462084650993347,마몽드,포어 슈링커 바쿠치올 세럼 50ml,스킨케어,세럼
persona_2,1323,0.638817548751831,마몽드,어메이징 딥 민트차콜릿 클렌징밤 90ml,스킨케어,크림
persona_2,1324,0.6552748084068298,마몽드,에이지 컨트롤 카멜리아 2종 세트,기타,미분류
persona_2,1325,0.6290885210037231,마몽드,어메이징 딥 민트차콜릿 팩클렌저 135g,스킨케어,마스크팩
persona_2,1326,0.6379982829093933,마몽드,플로라 글로우 로즈 틴티드 선세럼 35ml,스킨케어,세럼
persona_2,1327,0.6544358134269714,마몽드,좋아요,기타,미분류
persona_2,1328,0.6596154570579529,마몽드,좋아요,기타,미분류
persona_2,1329,0.646930456161499,마몽드,플로라글로우 로즈 볼마스크 3.5ml,스킨케어,마스크팩
persona_2,1330,0.642426073551178,마몽드,에이지컨트롤 카멜리아 크림 50ml X2개,스킨케어,크림
persona_2,1331,0.6674039363861084,마몽드,사은품,기타,미분류
persona_2,1332,0.6461979746818542,마몽드,카밍 샷 아줄렌 흔적 수분 앰플 50ml X2개,스킨케어,앰플
persona_2,1333,0.6390443444252014,마몽드,어메이징 딥 민트 클렌징밤 90ml X2개,스킨케어,크림
persona_2,1334,0.62254399061203,마몽드,플로라글로우 로즈 리퀴드 마스크 80ml X2개,스킨케어,마스크팩
persona_2,1335,0.6556902527809143,마몽드,플로라글로우 로즈 하이드로겔 마스크,스킨케어,마스크팩
persona_2,1336,0.6386288404464722,마몽드,플로라글로우 로즈 볼마스크 3.5ml,스킨케어,마스크팩
persona_2,1337,0.6230188608169556,마몽드,NEW 플로라글로우 로즈 슬리핑 마스크 80g,스킨케어,마스크팩
persona_2,1338,0.6604831218719482,마몽드,플로라글로우 로즈 하이드로겔 마스크,스킨케어,마스크팩
persona_2,1339,0.6447884440422058,마몽드,플로라 글로우 로즈 볼마스크 3.5ml,스킨케어,마스크팩
persona_2,1340,0.6327506899833679,마몽드,NEW 오리지널 레시피 허니 모델링팩  66g,스킨케어,마스크팩
persona_2,1341,0.632460355758667,마몽드,NEW 카밍샷 아줄렌 모델링팩  66g,스킨케어,마스크팩
persona_2,1342,0.6568992733955383,마몽드,프로바이오틱스 세라마이드 앰플 마스크팩,스킨케어,마스크팩
persona_2,1343,0.6578406095504761,마몽드,카밍 샷 아줄렌 앰플 마스크팩,스킨케어,마스크팩
persona_2,1344,0.6578406095504761,마몽드,에이지 컨트롤 카멜리아 앰플 마스크팩,스킨케어,마스크팩
persona_2,1345,0.6568992733955383,마몽드,플로라글로우 로즈 앰플 마스크팩,스킨케어,마스크팩
persona_2,1346,0.6631590127944946,마몽드,프로바이오틱스 세라마이드 에멀젼,기타,미분류
persona_2,1347,0.6617010235786438,마몽드,프로바이오틱스 세라마이드 스킨소프너,기타,미분류
persona_2,1348,0.6564046740531921,마몽드,맨 리차징 토너,기타,미분류
persona_2,1349,0.6645215749740601,마몽드,에이지 컨트롤 카멜리아 크림,스킨케어,크림
persona_2,1350,0.6631726026535034,마몽드,에이지 컨트롤 카멜리아 세럼,스킨케어,세럼
persona_2,1351,0.6454617381095886,마몽드,카밍 샷 아줄렌 토너 300ml,기타,미분류
persona_2,1352,0.6567140817642212,마몽드,플로라글로우 로즈 앰플 마스크팩,스킨케어,마스크팩
persona_2,1353,0.6576458811759949,마몽드,에이지 컨트롤 카멜리아 앰플 마스크팩,스킨케어,마스크팩
persona_2,1354,0.6576458811759949,마몽드,카밍 샷 아줄렌 앰플 마스크팩,스킨케어,마스크팩
persona_2,1355,0.6567140817642212,마몽드,프로바이오틱스 세라마이드 앰플 마스크팩,스킨케어,마스크팩
persona_2,1356,0.6636680364608765,마몽드,어메이징 딥 민트 클렌징폼,기타,미분류
persona_2,1357,0.6462084650993347,마몽드,포어 슈링커 바쿠치올 세럼 50ml,스킨케어,세럼
persona_2,1358,0.6553168892860413,오설록,"22,400원",기타,미분류
persona_2,1359,0.637844979763031,오설록,"11,700원",기타,미분류
persona_2,1360,0.6414972543716431,오설록,"13,300원",기타,미분류
persona_2,1361,0.6598846316337585,오설록,"5,400원",기타,미분류
persona_2,1362,0.6568308472633362,오설록,"22,500원",기타,미분류
persona_2,1363,0.6575026512145996,오설록,"21,850원",기타,미분류
persona_2,1364,0.6656545400619507,오설록,"5,700원",기타,미분류
persona_2,1365,0.6469311714172363,오설록,"12,600원",기타,미분류
persona_2,1366,0.6414972543716431,오설록,"13,300원",기타,미분류
persona_2,1367,0.6563490033149719,오설록,"9,900원",기타,미분류
persona_2,1368,0.6656545400619507,오설록,"5,700원",기타,미분류
persona_2,1369,0.6538553833961487,오설록,"10,450원",기타,미분류
persona_2,1370,0.6563490033149719,오설록,"9,900원",기타,미분류
persona_2,1371,0.6505482196807861,오설록,"21,600원",기타,미분류
persona_2,1372,0.657027542591095,오설록,"26,250원",기타,미분류
persona_2,1373,0.6393913626670837,오설록,"11,000원",기타,미분류
persona_2,1374,0.637844979763031,오설록,"11,700원",기타,미분류
persona_2,1375,0.6529592275619507,오설록,"27,000원",기타,미분류
persona_2,1376,0.6563490033149719,오설록,"9,900원",기타,미분류
persona_2,1377,0.6563490033149719,오설록,"9,900원",기타,미분류
persona_2,1378,0.6648626923561096,오설록,"9,500원",기타,미분류
persona_2,1379,0.657619833946228,오설록,"23,750원",기타,미분류
persona_2,1380,0.637844979763031,오설록,"11,700원",기타,미분류
persona_2,1381,0.6424816846847534,오설록,"15,300원",기타,미분류
persona_2,1382,0.6393913626670837,오설록,"11,000원",기타,미분류
persona_2,1383,0.6575992107391357,오설록,"24,000원",기타,미분류
persona_2,1384,0.6513946652412415,오설록,"24,300원",기타,미분류
persona_2,1385,0.6393913626670837,오설록,"11,000원",기타,미분류
persona_2,1386,0.6563490033149719,오설록,"9,900원",기타,미분류
persona_2,1387,0.6377277374267578,오설록,"8,550원",기타,미분류
persona_2,1388,0.6563490033149719,오설록,"9,900원",기타,미분류
persona_2,1389,0.6512523293495178,오설록,"45,900원",기타,미분류
persona_2,1390,0.6414972543716431,오설록,"13,300원",기타,미분류
persona_2,1391,0.6574611067771912,오설록,"9,900원",기타,미분류
persona_2,1392,0.6476057767868042,오설록,"27,000원",기타,미분류
persona_2,1393,0.6536298394203186,오설록,"12,350원",기타,미분류
persona_2,1394,0.6563490033149719,오설록,"9,900원",기타,미분류
persona_2,1395,0.636807918548584,오설록,"14,850원",기타,미분류
persona_2,1396,0.6563490033149719,오설록,"9,900원",기타,미분류
persona_2,1397,0.66243976354599,오설록,"17,550원",기타,미분류
persona_2,1398,0.66243976354599,오설록,"17,550원",기타,미분류
persona_2,1399,0.6563490033149719,오설록,"9,900원",기타,미분류
persona_2,1400,0.6513946652412415,오설록,"24,300원",기타,미분류
persona_2,1401,0.6377277374267578,오설록,"8,550원",기타,미분류
persona_2,1402,0.636807918548584,오설록,"14,850원",기타,미분류
persona_2,1403,0.636807918548584,오설록,"14,850원",기타,미분류
persona_2,1404,0.6513946652412415,오설록,"24,300원",기타,미분류
persona_2,1405,0.6563490033149719,오설록,"9,900원",기타,미분류
persona_2,1406,0.6463910937309265,오설록,"66,300원",기타,미분류
persona_2,1407,0.6616866588592529,오설록,"54,400원",기타,미분류
persona_2,1408,0.6563490033149719,오설록,"9,900원",기타,미분류
persona_2,1409,0.636807918548584,오설록,"14,850원",기타,미분류
persona_2,1410,0.6574611067771912,오설록,"9,000원",기타,미분류
persona_2,1411,0.6393913626670837,오설록,"11,000원",기타,미분류
persona_2,1412,0.6513946652412415,오설록,"24,300원",기타,미분류
persona_2,1413,0.6563490033149719,오설록,"9,900원",기타,미분류
persona_2,1414,0.6513946652412415,오설록,"24,300원",기타,미분류
persona_2,1415,0.6456019878387451,오설록,"38,000원",기타,미분류
persona_2,1416,0.6408755779266357,오설록,"8,000원",기타,미분류
persona_2,1417,0.66243976354599,오설록,"17,550원",기타,미분류
persona_2,1418,0.6513946652412415,오설록,"24,300원",기타,미분류
persona_2,1419,0.6538553833961487,오설록,"10,450원",기타,미분류
persona_2,1420,0.6533063650131226,오설록,"7,200원",기타,미분류
persona_2,1421,0.6533063650131226,오설록,"7,200원",기타,미분류
persona_2,1422,0.6563490033149719,오설록,"9,900원",기타,미분류
persona_2,1423,0.6563490033149719,오설록,"9,900원",기타,미분류
persona_2,1424,0.6510566473007202,오설록,"16,650원",기타,미분류
persona_2,1425,0.6414972543716431,오설록,"13,300원",기타,미분류
persona_2,1426,0.6429778337478638,오설록,"14,250원",기타,미분류
persona_2,1427,0.654625654220581,오설록,"12,375원",기타,미분류
persona_2,1428,0.6573219895362854,오설록,"93,500원",기타,미분류
persona_2,1429,0.6414230465888977,오설록,"12,600원",기타,미분류
persona_2,1430,0.636807918548584,오설록,"14,850원",기타,미분류
persona_2,1431,0.636807918548584,오설록,"14,850원",기타,미분류
persona_2,1432,0.6533063650131226,오설록,"7,200원",기타,미분류
persona_2,1433,0.636807918548584,오설록,"14,850원",기타,미분류
persona_2,1434,0.654625654220581,오설록,"12,375원",기타,미분류
persona_2,1435,0.654625654220581,오설록,"12,375원",기타,미분류
persona_2,1436,0.636807918548584,오설록,"14,850원",기타,미분류
persona_2,1437,0.636807918548584,오설록,"14,850원",기타,미분류
persona_2,1438,0.6574611067771912,오설록,"9,900원",기타,미분류
persona_2,1439,0.6513946652412415,오설록,"24,300원",기타,미분류
persona_2,1440,0.6406141519546509,오설록,"14,850원",기타,미분류
persona_2,1441,0.6469311714172363,오설록,"12,600원",기타,미분류
persona_2,1442,0.6539590954780579,오설록,"24,300원",기타,미분류
persona_2,1443,0.636807918548584,오설록,"14,850원",기타,미분류
persona_2,1444,0.6513946652412415,오설록,"24,300원",기타,미분류
persona_2,1445,0.6513946652412415,오설록,"24,300원",기타,미분류
persona_2,1446,0.6513946652412415,오설록,"24,300원",기타,미분류
persona_2,1447,0.6469311714172363,오설록,"12,600원",기타,미분류
persona_2,1448,0.6392499208450317,오설록,"127,500원",기타,미분류
persona_2,1449,0.6406141519546509,오설록,"14,850원",기타,미분류
persona_2,1450,0.636807918548584,오설록,"14,850원",기타,미분류
persona_2,1451,0.6401963233947754,오설록,"11,700원",기타,미분류
persona_2,1452,0.6503638029098511,오설록,"37,800원",기타,미분류
persona_2,1453,0.6599850058555603,오설록,"39,000원",기타,미분류
persona_2,1454,0.6587292551994324,오설록,"30,000원",기타,미분류
persona_2,1455,0.6648626923561096,오설록,"9,500원",기타,미분류
persona_2,1456,0.6414972543716431,오설록,"13,300원",기타,미분류
persona_2,1457,0.637844979763031,오설록,"11,700원",기타,미분류
persona_2,1458,0.6401963233947754,오설록,"11,700원",기타,미분류
persona_2,1459,0.6393913626670837,오설록,"11,000원",기타,미분류
persona_2,1460,0.6444233655929565,오설록,"15,200원",기타,미분류
persona_2,1461,0.6587470769882202,오설록,"19,800원",기타,미분류
persona_2,1462,0.6444233655929565,오설록,"15,200원",기타,미분류
persona_2,1463,0.6432154774665833,려,함빛/청아/흑운/민감 샴푸&컨디셔너 480ml,기타,미분류
persona_2,1464,0.6178600788116455,려,루트젠 탈모증상전문케어 두피 에센스 80ml,스킨케어,에센스
persona_2,1465,0.6309954524040222,려,두피 편한 검은콩 염색 120g,건기식,기능성식품
persona_2,1466,0.6095407009124756,려,자양윤모 9ex 탈모증상전문케어 샴푸 400ml,기타,미분류
persona_2,1467,0.6529262065887451,려,루트젠 여성 맞춤 탈모증상전문케어 샴푸 515ml,기타,미분류
persona_2,1468,0.635164201259613,려,헤어쿠션  7g,건기식,기능성식품
persona_2,1469,0.6335338950157166,려,루트젠 여성 맞춤 탈모증상전문케어 샴푸 리필팩 400ml,스킨케어,마스크팩
persona_2,1470,0.6396650075912476,려,댄트롤 비듬샴푸 박하/멘톨/애플 820ml,기타,미분류
persona_2,1471,0.6529262065887451,려,루트젠 남성 맞춤 탈모증상전문케어 샴푸 515ml,기타,미분류
persona_2,1472,0.6346148252487183,려,진생보 두피모발영양 샴푸/컨디셔너 400ml,기타,미분류
persona_2,1473,0.6396340727806091,려,자양윤모 9이엑스 탈모증상전문케어 모근강화 트리트먼트 330ml,기타,미분류
persona_2,1474,0.6529262065887451,려,루트젠 여성 맞춤 탈모증상전문케어 트리트먼트 515ml,기타,미분류
persona_2,1475,0.6327242851257324,려,명품 에이치비엑스 탈모증상완화 앰플 샴푸 500ml,스킨케어,앰플
persona_2,1476,0.6594948768615723,려,루트젠 두피코어강화 아쿠아필 두피토닉 100ml,기타,미분류
persona_2,1477,0.654781699180603,려,루트젠 두피코어강화 두피청정샴푸 515ml,기타,미분류
persona_2,1478,0.6448847055435181,려,함빛 극손상 앤 영양 트리트먼트 300ml,기타,미분류
persona_2,1479,0.640710175037384,려,자양윤모 탈모전문케어 경주달밤/여수하늘 트리트먼트 200ml,기타,미분류
persona_2,1480,0.647572934627533,려,루트젠 탈모증상전문케어 헤어볼륨필러 150ml,기타,미분류
persona_2,1481,0.6630441546440125,려,루트젠 두피코어강화 두피 청정샴푸,건기식,기능성식품
persona_2,1482,0.6637044548988342,려,자양윤모 9이엑스 탈모증상전문케어 모근강화 트리트먼트,기타,미분류
persona_2,1483,0.6635805368423462,려,자양윤모 탈모증상전문케어 샴푸 지성두피용,기타,미분류
persona_2,1484,0.6632358431816101,려,루트젠 남성 맞춤 탈모증상전문케어 샴푸,기타,미분류
persona_2,1485,0.6360379457473755,려,루트젠 탈모케어 트리플샷 두피리페어 세럼 60ml,스킨케어,세럼
persona_2,1486,0.6610451936721802,려,루트젠 두피코어강화 아쿠아필 두피토닉,기타,미분류
persona_2,1487,0.6614965796470642,려,루트젠 탈모증상전문케어 두피 에센스,스킨케어,에센스
persona_2,1488,0.629016101360321,려,진생보 두피모발영양 샴푸 400ml,기타,미분류
persona_2,1489,0.6635898351669312,려,루트젠 여성 맞춤 탈모증상전문케어 샴푸,기타,미분류
persona_2,1490,0.6631159782409668,려,루트젠 여성 맞춤 탈모증상전문케어 샴푸,기타,미분류
persona_2,1491,0.6617876887321472,려,루트젠 여성 맞춤 탈모증상전문케어 샴푸+두피에센스,스킨케어,에센스
persona_2,1492,0.6614786982536316,려,루트젠 여성 맞춤 탈모증상전문케어 샴푸+리필,기타,미분류
persona_2,1493,0.6640300750732422,려,루트젠 탈모증상전문케어 여성 샴푸+남성 샴푸,기타,미분류
persona_2,1494,0.6640300750732422,려,루트젠 여성 맞춤 탈모증상전문케어 샴푸+트리트먼트,기타,미분류
persona_2,1495,0.6199161410331726,려,우아채 영양새치염색  120g,건기식,기능성식품
persona_2,1496,0.6536542177200317,설화수,자음2종 세트,기타,미분류
persona_2,1497,0.6333981156349182,설화수,순행클렌징폼 200ml,기타,미분류
persona_2,1498,0.6547396779060364,설화수,탄력3종 세트,기타,미분류
persona_2,1499,0.6469362378120422,설화수,탄력크림 단품세트 75ml,스킨케어,크림
persona_2,1500,0.637169599533081,설화수,순행클렌징오일 200ml,기타,미분류
persona_2,1501,0.6549932956695557,설화수,본윤 데일리 루틴,기타,미분류
persona_2,1502,0.6469362378120422,설화수,탄력크림 단품세트 75ml,스킨케어,크림
persona_2,1503,0.6548657417297363,설화수,자음생2종 세트,기타,미분류
persona_2,1504,0.6317524313926697,설화수,윤조에센스 6세대 단품세트 90ml,스킨케어,에센스
persona_2,1505,0.6585130095481873,설화수,,기타,미분류
persona_2,1506,0.6317198276519775,설화수,자음유액 EX 125ml,기타,미분류
persona_2,1507,0.6543880701065063,설화수,윤조에센스 6세대,스킨케어,에센스
persona_2,1508,0.6431796550750732,설화수,자음수 EX 150ml,기타,미분류
persona_2,1509,0.6452823877334595,설화수,상백톤업선크림 SPF50+/PA++++ 50ml,선케어,선크림
persona_2,1510,0.6302115321159363,설화수,옥용팩 120ml,스킨케어,마스크팩
persona_2,1511,0.6198666095733643,설화수,자음생아이크림 15ml,스킨케어,크림
persona_2,1512,0.6166641712188721,설화수,퍼펙팅 쿠션 SPF50+/PA+++ 15g,선케어,선크림
persona_2,1513,0.6564939022064209,설화수,퍼펙팅 쿠션 에어리 SPF50+/PA+++,선케어,선크림
persona_2,1514,0.6229242086410522,설화수,여윤팩 120ml,스킨케어,마스크팩
persona_2,1515,0.6165527105331421,설화수,퍼펙팅 쿠션 에어리 SPF50+/PA+++ 15g,선케어,선크림
persona_2,1516,0.653521716594696,설화수,퍼펙팅 립컬러,기타,미분류
persona_2,1517,0.6469362378120422,설화수,탄력크림 EX 75ml,스킨케어,크림
persona_2,1518,0.6549612879753113,설화수,윤조마스크 5매,스킨케어,마스크팩
persona_2,1519,0.6290683746337891,설화수,윤조립밤 3g,스킨케어,크림
persona_2,1520,0.6452823877334595,설화수,상백선크림 SPF50+/PA++++ 50ml,선케어,선크림
persona_2,1521,0.6541746854782104,설화수,퍼펙팅 트윈 케이크,기타,미분류
persona_2,1522,0.6543853878974915,설화수,진설수유액 2종 세트,기타,미분류
persona_2,1523,0.648250162601471,설화수,본윤선크림 SPF50+/PA++++ 50ml,선케어,선크림
persona_2,1524,0.6566740870475769,설화수,퍼펙팅 쿠션 SPF50+/PA+++,선케어,선크림
persona_2,1525,0.6459299921989441,설화수,자음생크림 리치 단품세트 50ml,스킨케어,크림
persona_2,1526,0.6293312311172485,설화수,자음생유액 125ml,기타,미분류
persona_2,1527,0.6453756093978882,설화수,탄력크림 EX 50ml,스킨케어,크림
persona_2,1528,0.6390026807785034,설화수,NEW 자음생클렌징폼 150g,건기식,기능성식품
persona_2,1529,0.6217530965805054,설화수,자음생앰플 20g,스킨케어,앰플
persona_2,1530,0.6581857204437256,설화수,자음생캡슐세럼 단품세트,스킨케어,세럼
persona_2,1531,0.6444070935249329,설화수,자음생캡슐세럼 50ml,스킨케어,세럼
persona_2,1532,0.6308383941650391,설화수,백삼팩 120ml,스킨케어,마스크팩
persona_2,1533,0.6396604776382446,설화수,자음생수 150ml,기타,미분류
persona_2,1534,0.6489318609237671,설화수,자음생마스크EX 5매,스킨케어,마스크팩
persona_2,1535,0.6273691654205322,설화수,본윤에센스 140ml,스킨케어,에센스
persona_2,1536,0.621746301651001,설화수,시그니처 진생 페이셜 솝 1입 120g,건기식,기능성식품
persona_2,1537,0.6480138897895813,설화수,상백선플루이드 SPF50+/PA+++ 50ml,선케어,선크림
persona_2,1538,0.6231456995010376,설화수,퍼펙팅 파우더 20g,건기식,기능성식품
persona_2,1539,0.6375702619552612,설화수,본윤유액 90ml,기타,미분류
persona_2,1540,0.6449492573738098,설화수,자음생크림 단품세트 50ml,스킨케어,크림
persona_2,1541,0.6568295359611511,설화수,퍼펙팅 쿠션 에어리 SPF50+/PA+++,선케어,선크림
persona_2,1542,0.615516185760498,설화수,시그니처 진생 페이셜 솝 2입 120g*2,건기식,기능성식품
persona_2,1543,0.6367127299308777,설화수,진설유액 125ml,기타,미분류
persona_2,1544,0.658992350101471,설화수,,스킨케어,크림
persona_2,1545,0.6410456299781799,설화수,자음생세럼 브라이트닝 50ml,스킨케어,세럼
persona_2,1546,0.6364589929580688,설화수,진설크림 60ml,스킨케어,크림
persona_2,1547,0.6345949172973633,설화수,진설클렌징폼 150g,건기식,기능성식품
persona_2,1548,0.6549753546714783,설화수,퍼펙팅 스킨커버,기타,미분류
persona_2,1549,0.6415876746177673,설화수,자음생캡슐세럼 30ml,스킨케어,세럼
persona_2,1550,0.6400859951972961,설화수,자음생크림 30ml,스킨케어,크림
persona_2,1551,0.6401717662811279,설화수,진설수 150ml,기타,미분류
persona_2,1552,0.639237105846405,설화수,자음생크림 리치 30ml,스킨케어,크림
persona_2,1553,0.6426229476928711,설화수,진설세럼 50ml,스킨케어,세럼
persona_2,1554,0.657902717590332,설화수,퍼펙팅 쿠션 에어리 트리플  SPF50+/PA+++,선케어,선크림
persona_2,1555,0.6578617095947266,설화수,퍼펙팅 쿠션 트리플  SPF50+/PA+++,선케어,선크림
persona_2,1556,0.6449492573738098,설화수,자음생크림 리치 50ml,스킨케어,크림
persona_2,1557,0.6456491351127625,설화수,자음생크림 50ml,스킨케어,크림
persona_2,1558,0.6565371155738831,설화수,퍼펙팅 쿠션 SPF50+/PA+++,선케어,선크림
persona_2,1559,0.6409726142883301,설화수,진설크림 60ml,스킨케어,크림
persona_2,1560,0.6146839261054993,설화수,자음생앰플 브라이트닝 20g,스킨케어,앰플
persona_2,1561,0.6354813575744629,설화수,진설크림 리치 60ml,스킨케어,크림
persona_2,1562,0.6428625583648682,설화수,자음생세럼 브라이트닝 30ml,스킨케어,세럼
persona_2,1563,0.6372774839401245,설화수,퍼펙팅 틴티드 크림 35ml,스킨케어,크림
persona_2,1564,0.6402601003646851,설화수,퍼펙팅 베일 프라이머 35ml,기타,미분류
persona_2,1565,0.6325700879096985,설화수,자음생크림 리치 30ml + 월리 우프 무드등,스킨케어,크림
persona_2,1566,0.6217568516731262,설화수,윤조에센스 90ml 세트 + 월리 우프 무드등,스킨케어,에센스
persona_2,1567,0.641366183757782,설화수,자음생크림 리치 50ml 단품기획세트,스킨케어,크림
persona_2,1568,0.6265709400177002,설화수,윤조에센스 6세대 90ml 단품기획세트,스킨케어,에센스
persona_2,1569,0.6091703176498413,설화수,퍼펙팅 트윈 케이크 11g,건기식,기능성식품
persona_2,1570,0.6422596573829651,설화수,윤조에센스 6세대 기프트박스 30ml,스킨케어,에센스
persona_2,1571,0.6398308277130127,설화수,진설크림 리치 60ml,스킨케어,크림
persona_2,1572,0.6364810466766357,설화수,진설세럼 30ml,스킨케어,세럼
persona_2,1573,0.6367716193199158,설화수,진설크림 30ml,스킨케어,크림
persona_2,1574,0.6451287865638733,설화수,퍼펙팅 파운데이션 SPF17/PA+ 35ml,선케어,선크림
persona_3,0,0.6551273465156555,메이크온,메이크온 시너지 마스크,스킨케어,마스크팩
persona_3,1,0.6466888785362244,메이크온,가볍게 마시는 히알루론산,건기식,기능성식품
persona_3,2,0.6489115953445435,메이크온,스킨 라이트 테라피 III,디바이스,스킨기기
persona_3,3,0.6614920496940613,메이크온,스킨 라이트 테라피 3S,디바이스,스킨기기
persona_3,4,0.6554469466209412,메이크온,젬 소노 테라피 릴리프,디바이스,스킨기기
persona_3,5,0.6437751650810242,메이크온,히알루로닉 스파 캡슐 24개입,건기식,기능성식품
persona_3,6,0.6462273001670837,메이크온,마그네타이트 바디롤러,바디,바디케어
persona_3,7,0.661754846572876,메이크온,,기타,미분류
persona_3,8,0.6514205932617188,메이크온,페이셜 부스팅 스파,기타,미분류
persona_3,9,0.6492977738380432,에뛰드,수분가득 콜라겐 시트 마스크 25ml,스킨케어,마스크팩
persona_3,10,0.651677668094635,에뛰드,드로잉 아이 브로우 0.25g,메이크업,아이브로우
persona_3,11,0.6555237770080566,에뛰드,진저슈가 립케어 2종 기획세트,메이크업,립제품
persona_3,12,0.6567140817642212,에뛰드,왓츠 인 마이 아이즈,메이크업,아이섀도우
persona_3,13,0.6483615636825562,에뛰드,디어 달링 워터젤 틴트,메이크업,립틴트
persona_3,14,0.6493394374847412,에뛰드,왓츠 인 마이 아이즈 카페 더블,메이크업,아이섀도우
persona_3,15,0.6307924389839172,에뛰드,수분가득 콜라겐 딥시트 마스크 37ml,스킨케어,마스크팩
persona_3,16,0.6553882956504822,에뛰드,순정 디렉터 수분 선크림 기획세트 SPF50+/PA++++,선케어,선크림
persona_3,17,0.6360864043235779,에뛰드,닥터 마스카라 픽서 포 래쉬  6g,메이크업,마스카라
persona_3,18,0.6320339441299438,에뛰드,프루프 10 젤 방수 펜슬 0.3 g,메이크업,아이라이너
persona_3,19,0.6530947685241699,에뛰드,순정 디렉터 선크림,선케어,선크림
persona_3,20,0.6184636950492859,에뛰드,뽀오얀 미소 발효 립&아이 리무버 250ml,클렌징,리무버
persona_3,21,0.6381552219390869,에뛰드,님프 광채볼류머 투명한 물광 24g,건기식,기능성식품
persona_3,22,0.6487430930137634,에뛰드,청순거짓 브라우카라 대용량 기획세트,기타,미분류
persona_3,23,0.6538482904434204,에뛰드,컬 픽스 마스카라,메이크업,마스카라
persona_3,24,0.6370216608047485,에뛰드,블링블링 아이스틱 1.4g,건기식,기능성식품
persona_3,25,0.6445198059082031,에뛰드,라인 픽스 브러쉬 라이너 0.5g,메이크업,아이라이너
persona_3,26,0.6389684677124023,에뛰드,팡팡 헤어 섀도우 3.5g,메이크업,아이섀도우
persona_3,27,0.6274625658988953,에뛰드,픽싱틴트 4g,메이크업,립틴트
persona_3,28,0.6208384037017822,에뛰드,진저슈가 립밤스틱 3.7g,건기식,기능성식품
persona_3,29,0.6199874877929688,에뛰드,진저슈가 에센셜 립밤 15ml,스킨케어,크림
persona_3,30,0.6459293961524963,에뛰드,그림자쉐딩 재창조 & 재창조 쉐딩스틱 기획세트,기타,미분류
persona_3,31,0.6173081398010254,에뛰드,슈팅빔 하이라이터 3g,건기식,기능성식품
persona_3,32,0.6561523079872131,에뛰드,순정 디렉터 톤업 수정 선크림 기획 세트 SPF50+/PA++++,선케어,선크림
persona_3,33,0.6420053243637085,에뛰드,베어 엣지 슬림 브로우 0.1g,메이크업,아이브로우
persona_3,34,0.6239124536514282,에뛰드,플레이 101 스틱 컨투어 듀오,기타,미분류
persona_3,35,0.6468344926834106,에뛰드,컬픽스 마스카라 올인원 3종 세트,메이크업,마스카라
persona_3,36,0.6527177095413208,에뛰드,"6,400원",기타,미분류
persona_3,37,0.6076726317405701,에뛰드,아이돌 리얼 래쉬 픽서 8ml,메이크업,마스카라
persona_3,38,0.6497491598129272,에뛰드,베이킹 파우더 모공 클렌징 폼 듀오세트,기타,미분류
persona_3,39,0.629134476184845,에뛰드,포근 픽싱틴트 4g,메이크업,립틴트
persona_3,40,0.6272355914115906,에뛰드,순정 약산성 클렌징 밀크 200ml,기타,미분류
persona_3,41,0.6501613855361938,에뛰드,리얼아트 클렌징 오일 모이스처 2종 세트,기타,미분류
persona_3,42,0.6491677165031433,에뛰드,디어달링 마커틴트,메이크업,립틴트
persona_3,43,0.6387167572975159,에뛰드,님프 듀이 베이스프렙 30ml,기타,미분류
persona_3,44,0.6476163864135742,에뛰드,뽀용 아이 메이커,기타,미분류
persona_3,45,0.6307100057601929,에뛰드,재창조 메이커 1g,건기식,기능성식품
persona_3,46,0.6325610876083374,에뛰드,오 마이 래쉬 쌩얼 카라 7ml,기타,미분류
persona_3,47,0.6331973075866699,에뛰드,파워 래쉬 속눈썹 영양제 6g,건기식,기능성식품
persona_3,48,0.6457051038742065,에뛰드,재창조 메이커 오버립,기타,미분류
persona_3,49,0.6372790336608887,에뛰드,순정 약산성 5.5 폼 클렌저 150ml,기타,미분류
persona_3,50,0.6228691339492798,에뛰드,진저슈가 오버나이트 립마스크 23g,스킨케어,마스크팩
persona_3,51,0.6322504878044128,에뛰드,수분가득 콜라겐 아이크림 28ml,스킨케어,크림
persona_3,52,0.6325360536575317,에뛰드,컬러 래스팅 글로우 스틱 3.2g,건기식,기능성식품
persona_3,53,0.622592568397522,에뛰드,빅 커버 스킨 핏 컨실러 7g,건기식,기능성식품
persona_3,54,0.6357401609420776,에뛰드,닥터 마스카라 픽서 6g,메이크업,마스카라
persona_3,55,0.6376194953918457,에뛰드,뽀오얀 미소 발효 클렌징오일 150ml,기타,미분류
persona_3,56,0.6300854682922363,에뛰드,베이킹 파우더 B.B 딥 클렌징폼 160g,건기식,기능성식품
persona_3,57,0.6553882956504822,에뛰드,순정 디렉터 무기자차 선크림 기획세트 SPF50+/PA++++,선케어,선크림
persona_3,58,0.6452010869979858,에뛰드,피지쏙 파우더 5g,건기식,기능성식품
persona_3,59,0.6175232529640198,에뛰드,오마이래쉬 마스카라 1호 탑코트 12g,메이크업,마스카라
persona_3,60,0.6438899040222168,에뛰드,플레이 멀티 아이즈,메이크업,아이섀도우
persona_3,61,0.6051211953163147,에뛰드,피지쏙 젤리 파우더 8g,건기식,기능성식품
persona_3,62,0.6499546766281128,에뛰드,원더포어 프레쉬너 2종 세트,기타,미분류
persona_3,63,0.6351454854011536,에뛰드,더블 래스팅 비건 커버 파운데이션 SPF32/PA++ 30 g,선케어,선크림
persona_3,64,0.6410539150238037,에뛰드,순정 판텐소사이드10 시카밤 50ml,스킨케어,크림
persona_3,65,0.605672299861908,에뛰드,래쉬 업 콤브 마스카라 8g,메이크업,마스카라
persona_3,66,0.6130958199501038,에뛰드,글로우 픽싱 틴트 3.8g,메이크업,립틴트
persona_3,67,0.64928138256073,에뛰드,러블리쿠키 블러셔,기타,미분류
persona_3,68,0.6165900826454163,에뛰드,마스카라 전용 리무버 80ml,메이크업,마스카라
persona_3,69,0.6181673407554626,에뛰드,립 앤 아이 리무버 250ml,클렌징,리무버
persona_3,70,0.6457051038742065,에뛰드,오버 글로이 틴트,메이크업,립틴트
persona_3,71,0.6325281262397766,에뛰드,뽀오얀 미소 발효 클렌징폼 150ml,기타,미분류
persona_3,72,0.6224492788314819,에뛰드,하트 팝 블러셔 4g,건기식,기능성식품
persona_3,73,0.6124216318130493,에뛰드,순정 2x 베리어 보습 크림 60ml,스킨케어,크림
persona_3,74,0.63592129945755,에뛰드,순정 약산성 6.5 휩 클렌저 150ml,기타,미분류
persona_3,75,0.6282150745391846,에뛰드,순정 약산성 5.5 진정 토너 350ml,기타,미분류
persona_3,76,0.6488170027732849,에뛰드,애교살 메이커,기타,미분류
persona_3,77,0.6507228016853333,에뛰드,페이스 브라이트너,기타,미분류
persona_3,78,0.6334302425384521,에뛰드,디어달링 오일틴트 4.2g,메이크업,립틴트
persona_3,79,0.658808708190918,에뛰드,그림자 쉐딩 브러쉬,기타,미분류
persona_3,80,0.6248371601104736,에뛰드,진저슈가 멜팅 밤 2.3g,스킨케어,크림
persona_3,81,0.6389210820198059,에뛰드,럭키 립햄치크 1.5g,건기식,기능성식품
persona_3,82,0.6488170027732849,에뛰드,홀리데이 에디션,기타,미분류
persona_3,83,0.6256532073020935,에뛰드,순정 10무 수분 에멀전 130ml,기타,미분류
persona_3,84,0.6383240222930908,에뛰드,순정 수분 베리어 크림 75ml,스킨케어,크림
persona_3,85,0.6485419273376465,에뛰드,그림자 쉐딩 브러쉬 1개입,기타,미분류
persona_3,86,0.6445401310920715,에뛰드,2X 쌩얼 라이너 0.5g,메이크업,아이라이너
persona_3,87,0.6131561994552612,에뛰드,AC 클린업 핑크스팟 15ml,기타,미분류
persona_3,88,0.6217186450958252,에뛰드,마이 래쉬 세럼 18g,스킨케어,세럼
persona_3,89,0.6388349533081055,에뛰드,소프트 픽스 메이크업 픽서 50ml,메이크업,마스카라
persona_3,90,0.6535292267799377,에뛰드,그림자 쉐딩 브러쉬,기타,미분류
persona_3,91,0.6322686076164246,에뛰드,피지쏙 팩트 9.5g,스킨케어,마스크팩
persona_3,92,0.6080646514892578,에뛰드,시크릿 빔 파우더 팩트 15g,스킨케어,마스크팩
persona_3,93,0.6493765711784363,에뛰드,립 앤 아이 리무버 100ml,클렌징,리무버
persona_3,94,0.6310136914253235,에뛰드,리얼아트 클렌징 오일 모이스처 185ml,기타,미분류
persona_3,95,0.6452171206474304,에뛰드,클라우드 필터 쿠션 기획세트 SPF42/PA+++,선케어,선크림
persona_3,96,0.6386048793792725,에뛰드,님프 광채 볼류머 + 컨실러 2종 기획세트,기타,미분류
persona_3,97,0.6541011929512024,에뛰드,재창조 메이커 애교살 라이너,메이크업,아이라이너
persona_3,98,0.6209448575973511,에뛰드,베이킹 파우더 사각사각 모공 스크럽 200g,건기식,기능성식품
persona_3,99,0.6515577435493469,에뛰드,반짝눈물 라이너,메이크업,아이라이너
persona_3,100,0.6476658582687378,에뛰드,수분가득 콜라겐 크림 75ml,스킨케어,크림
persona_3,101,0.6293581128120422,에뛰드,수분가득 콜라겐 에멀전 180ml,기타,미분류
persona_3,102,0.6490635275840759,에뛰드,수분가득 콜라겐 2종 세트,기타,미분류
persona_3,103,0.6452171206474304,에뛰드,클라우드 필터 쿠션 기획세트 SPF42/PA+++,선케어,선크림
persona_3,104,0.6127470135688782,에뛰드,클라우드 필터 쿠션 SPF42/PA+++ 15g,선케어,선크림
persona_3,105,0.6588864922523499,에뛰드,그림자 쉐딩,기타,미분류
persona_3,106,0.6460185050964355,에뛰드,오버 글로이 틴트 기획세트,메이크업,립틴트
persona_3,107,0.6191638112068176,에뛰드,슈가컬러링 젤리밤 9g,스킨케어,크림
persona_3,108,0.612949788570404,에뛰드,오버 글로이 글로스 2.8g,건기식,기능성식품
persona_3,109,0.6268373131752014,에뛰드,프루티 립앤치크 블러밤 2.3g,스킨케어,크림
persona_3,110,0.6491453647613525,에뛰드,마이 베스트 톤 아이즈 2구,메이크업,아이섀도우
persona_3,111,0.6361591815948486,에뛰드,수분가득 콜라겐 클렌징 폼 150g,건기식,기능성식품
persona_3,112,0.6515439748764038,에뛰드,룩 앳 마이 아이즈,메이크업,아이섀도우
persona_3,113,0.6521821618080139,에뛰드,뉴이어 컬렉션,기타,미분류
persona_3,114,0.6538482904434204,에뛰드,컬러래스팅 글로우 스틱,기타,미분류
persona_3,115,0.6441032290458679,에뛰드,더블래스팅 커버 컨실러 팔레트,기타,미분류
persona_3,116,0.6481268405914307,에뛰드,디어달링 필오프 립스테인,기타,미분류
persona_3,117,0.6444477438926697,에뛰드,컬픽스 스키니 마스카라 1+1 기획세트,메이크업,마스카라
persona_3,118,0.6327309608459473,에뛰드,팡팡 헤어카라 픽서 10ml,메이크업,마스카라
persona_3,119,0.5947482585906982,에뛰드,진저슈가 립세럼 13g,스킨케어,세럼
persona_3,120,0.6444646120071411,에뛰드,님프 광채 볼류머 듀오 기획세트,기타,미분류
persona_3,121,0.6325281262397766,에뛰드,AC 클린업 클렌징 폼 150ml,기타,미분류
persona_3,122,0.6556688547134399,에뛰드,피지쏙 젤리 파우더 퍼프 2P,기타,미분류
persona_3,123,0.647925615310669,에뛰드,카페인더 딥 에디션,기타,미분류
persona_3,124,0.6333674788475037,에뛰드,올데이 맑은 BB 크림 SPF36/PA+++ 35ml,선케어,선크림
persona_3,125,0.6246081590652466,에뛰드,순정 약산성 클렌징 밀크 200ml,기타,미분류
persona_3,126,0.6449199318885803,에뛰드,플레이 멀티 아이즈 마루 너만을 오로지 사랑해,메이크업,아이섀도우
persona_3,127,0.6325077414512634,에뛰드,벌룬 인 치크 6g,건기식,기능성식품
persona_3,128,0.6378888487815857,에뛰드,컬픽스 마스카라 1호 블랙  & 마스카라 픽서 퍼펙트래쉬,메이크업,마스카라
persona_3,129,0.6457051038742065,에뛰드,사르르 당충전 컬렉션,기타,미분류
persona_3,130,0.6127799153327942,에뛰드,클라우드 필터 쿠션 SPF42/PA+++ 15g,선케어,선크림
persona_3,131,0.6491677165031433,에뛰드,밀키베리 에디션,기타,미분류
persona_3,132,0.6457051038742065,에뛰드,오버 글로이 틴트,메이크업,립틴트
persona_3,133,0.6464472413063049,에뛰드,오버글로이 틴트,메이크업,립틴트
persona_3,134,0.6421228647232056,에뛰드,하트팝 블러셔,기타,미분류
persona_3,135,0.6421228647232056,에뛰드,낫배드 컬렉션,기타,미분류
persona_3,136,0.6553798913955688,에뛰드,하트팝 듀오 블러셔,기타,미분류
persona_3,137,0.6518190503120422,에뛰드,님프 광채 볼류머 투명한 물광,기타,미분류
persona_3,138,0.6483615636825562,에뛰드,마이 베스트 톤 아이즈,메이크업,아이섀도우
persona_3,139,0.6421228647232056,에뛰드,하트팝 블러셔,기타,미분류
persona_3,140,0.6330965757369995,에뛰드,순정판텐소사이드10시카밤 50ml *2,스킨케어,크림
persona_3,141,0.6518116593360901,에뛰드,순정 판텐소사이드 마스크 25ml,스킨케어,마스크팩
persona_3,142,0.6256649494171143,에뛰드,0.2 테라피 에어 마스크 20ml,스킨케어,마스크팩
persona_3,143,0.6158089637756348,에뛰드,뽀오얀 미소 발효 립&아이 리무버 250ml,클렌징,리무버
persona_3,144,0.6368914842605591,에뛰드,뽀오얀 클렌징 오일 + 뽀오얀 클렌징 폼,기타,미분류
persona_3,145,0.5975624322891235,에뛰드,오마이래쉬 마스카라 1호 탑코트 12g *2,메이크업,마스카라
persona_3,146,0.6113125681877136,에뛰드,마스카라 전용 리무버 80ml *2,메이크업,마스카라
persona_3,147,0.622960090637207,에뛰드,파워 래쉬 속눈썹 영양제 6g*2,건기식,기능성식품
persona_3,148,0.6355394721031189,에뛰드,제로피지 드라잉 파우더 4g,건기식,기능성식품
persona_3,149,0.6214325428009033,에뛰드,수분가득 콜라겐 토너 200ml,기타,미분류
persona_3,150,0.617861270904541,에스트라,아토베리어365 크림 80ml,스킨케어,크림
persona_3,151,0.6252738237380981,에스트라,아토베리어365 크림 80ml or 로션150ml,스킨케어,크림
persona_3,152,0.6206176280975342,에스트라,아토베리어365크림미스트 120ml,스킨케어,크림
persona_3,153,0.6330665349960327,에스트라,아토베리어365 세라-히알 속수분 앰플 30ml,스킨케어,앰플
persona_3,154,0.6168035268783569,에스트라,아토베리어365 바디로션 400ml,바디,바디케어
persona_3,155,0.6284840703010559,에스트라,아토베리어365 하이드로 에센스 200ml,스킨케어,에센스
persona_3,156,0.6408382058143616,에스트라,아토베리어365 버블클렌저 150ml,기타,미분류
persona_3,157,0.636333703994751,에스트라,아토베리어365 로션 150ml,기타,미분류
persona_3,158,0.6443772912025452,에스트라,더마UV365 무기자차 선크림 or 톤업 선크림 or 비타C광채 수분 선크림 SPF 50+/ PA++++ 40ml,선케어,선크림
persona_3,159,0.6355631351470947,에스트라,리제덤365 모공탄력 캡슐세럼 30ml,스킨케어,세럼
persona_3,160,0.6173585057258606,에스트라,테라크네365 클리어 딥 클렌징 폼 200g,건기식,기능성식품
persona_3,161,0.6217797994613647,에스트라,아토베리어365 바디크림 250ml,스킨케어,크림
persona_3,162,0.6362667083740234,에스트라,아토베리어 365 하이드로 수딩크림 60ml,스킨케어,크림
persona_3,163,0.6268119215965271,에스트라,에이시카365 흔적진정세럼pH4.5 40ml,스킨케어,세럼
persona_3,164,0.6330052614212036,에스트라,에이시카 365 수분토너pH4.5 200ml,기타,미분류
persona_3,165,0.6257754564285278,에스트라,NEW 테라크네365 나이아신아마이드5% 흔적 바디 미스트 200ml,바디,바디케어
persona_3,166,0.6337568759918213,에스트라,테라크네365 수딩 액티브 모이스처라이저 60ml,기타,미분류
persona_3,167,0.6404389142990112,에스트라,에이시카365 리페어 크림pH4.5 60ml,스킨케어,크림
persona_3,168,0.6324138045310974,에스트라,테라크네365 액티브 세럼 30ml,스킨케어,세럼
persona_3,169,0.6273524165153503,에스트라,에이시카365 쿨링팩패드pH4.5 110ml,스킨케어,마스크팩
persona_3,170,0.626611053943634,에스트라,테라크네365 하이드로 액티브 토너 200ml,기타,미분류
persona_3,171,0.6185646653175354,에스트라,NEW 리제덤365 레티노이드 아이세럼 15ml,스킨케어,세럼
persona_3,172,0.6367862224578857,에스트라,리제덤365 밀도탄력 캡슐크림 50ml,스킨케어,크림
persona_3,173,0.6162975430488586,에스트라,NEW 더마UV365 비타C 광채수분 선크림 SPF50+ PA++++ 40ml,선케어,선크림
persona_3,174,0.6384226679801941,에스트라,더마UV365 레드진정 톤업 선크림 SPF 50+/ PA++++ 40ML,선케어,선크림
persona_3,175,0.6238989233970642,에스트라,아토베리어365 크림 150ml*2개 대용량 홀리데이 에디션,스킨케어,크림
persona_3,176,0.6256431341171265,에스트라,아토베리어365 크림 150ml 홀리데이 에디션,스킨케어,크림
persona_3,177,0.6264173984527588,에스트라,리제덤365 모공탄력 캡슐세럼 30ml*2개 + 월리 우프 무드등,스킨케어,세럼
persona_3,178,0.6051222681999207,에스트라,아토베리어365 크림 80ml*3개 + 월리 우프 무드등,스킨케어,크림
persona_3,179,0.6210631132125854,에스트라,에이시카365 흔적진정세럼pH4.5 40ml 더블 세트,스킨케어,세럼
persona_3,180,0.6266588568687439,에스트라,아토베리어365 로션 150ml 더블 세트,기타,미분류
persona_3,181,0.6321842074394226,에스트라,아토베리어365 크림 80ml+세라-히알 속수분 앰플 30ml 더블 세트,스킨케어,앰플
persona_3,182,0.6090986728668213,에스트라,아토베리어365 크림 80ml 더블 세트,스킨케어,크림
persona_3,183,0.6252803206443787,에스트라,테라크네365 액티브 세럼 30ml*2,스킨케어,세럼
persona_3,184,0.6307826638221741,에스트라,테라크네 365 바디미스트 200ml,바디,바디케어
persona_3,185,0.6299372911453247,에스트라,에이시카365 쿨링팩 패드pH4.5 110ml,스킨케어,마스크팩
persona_3,186,0.6459622383117676,에스트라,NEW 더마UV365 비타C 광채수분 선크림 40mlX2개 SPF50+ PA++++,선케어,선크림
persona_3,187,0.628747284412384,에스트라,에이시카365 수분토너pH4.5 200ml*2,기타,미분류
persona_3,188,0.6344308257102966,에스트라,에이시카365 리페어 크림pH4.5 60ml*2,스킨케어,크림
persona_3,189,0.6555768847465515,에스트라,에이시카 365 수분토너pH4.5+에이시카 365 흔적진정세럼pH4.5,스킨케어,세럼
persona_3,190,0.6319397687911987,에스트라,리제덤365 밀도탄력 캡슐크림 50ml*2개,스킨케어,크림
persona_3,191,0.6151428818702698,에스트라,리제덤365 레티노이드 아이세럼 15ml*2개,스킨케어,세럼
persona_3,192,0.6317452192306519,에스트라,아토베리어365 세라-히알 속수분 앰플 30ml*2개,스킨케어,앰플
persona_3,193,0.6336519122123718,에스트라,아토베리어365 크림 80ml+리제덤365 모공탄력 캡슐세럼 30ml,스킨케어,세럼
persona_3,194,0.651544451713562,에스트라,아토베리어365 바디크림 250mlX2개,스킨케어,크림
persona_3,195,0.6342175602912903,에스트라,리제덤365 모공탄력 캡슐세럼 30ml + 캡슐크림 50ml,스킨케어,세럼
persona_3,196,0.6514295935630798,에스트라,아토베리어365 크림미스트 120mlX2개,스킨케어,크림
persona_3,197,0.6454293131828308,에스트라,더마UV365 장벽수분 무기자차 선크림 40mlX2개 SPF50+ PA++++,선케어,선크림
persona_3,198,0.6530559659004211,에스트라,테라크네365 클리어 딥 클렌징 폼 200gX2개,건기식,기능성식품
persona_3,199,0.6272099614143372,에스트라,아토베리어365 하이드로 에센스 200ml,스킨케어,에센스
persona_3,200,0.6454293131828308,에스트라,더마UV365 레드진정 톤업 선크림 40mlX2개 SPF50+ PA++++,선케어,선크림
persona_3,201,0.6510292291641235,에스트라,아토베리어365 버블클렌저 150mlX2개,기타,미분류
persona_3,202,0.6502430438995361,에스트라,아토베리어365바디로션 400mlX2개,바디,바디케어
persona_3,203,0.6493366956710815,에스트라,아토베리어365 하이드로 수딩크림 60mlX2개,스킨케어,크림
persona_3,204,0.6007662415504456,,수면양말 1EA,기타,미분류
persona_3,205,0.5789591670036316,,인형 파우치,기타,미분류
persona_3,206,0.6014190316200256,,APBADAs스티커 1EA,기타,미분류
persona_3,207,0.5951414704322815,,APBADAs X KBP 스트링 파우치,기타,미분류
persona_3,208,0.6072880625724792,,APBADAs 아모레까뮈 지비츠,기타,미분류
persona_3,209,0.594298243522644,,APBADAs 돌풍이 마우스패드 1EA,기타,미분류
persona_3,210,0.5834211111068726,,APBADAs 아모레까뮈 인형파우치 1EA,기타,미분류
persona_3,211,0.5950787663459778,,APBADAs 돌풍이 캐릭터인형 L,기타,미분류
persona_3,212,0.5936734676361084,,앞바다즈 인형키링 8종,기타,미분류
persona_3,213,0.5908645391464233,,돌풍이/돌풍E 캐릭터 인형,기타,미분류
persona_3,214,0.5904447436332703,,무릎담요,기타,미분류
persona_3,215,0.5972736477851868,,APBADAs X KBP 랩탑 파우치 1EA,기타,미분류
persona_3,216,0.5786237120628357,,무릎담요,기타,미분류
persona_3,217,0.5950787663459778,,APBADAs 돌풍E 캐릭터인형 L,기타,미분류
persona_3,218,0.5998424887657166,,APBADAs 인형 키링 아모레까뮈 1EA,기타,미분류
persona_3,219,0.5861501693725586,,APBADAs 아모레까뮈 캐릭터인형 1EA,기타,미분류
persona_3,220,0.5918211936950684,,캐릭터 지비츠,기타,미분류
persona_3,221,0.5959176421165466,,스노우 메이커,기타,미분류
persona_3,222,0.5847082138061523,,APBADAs 인형 6종,기타,미분류
persona_3,223,0.5840654373168945,,APBADAs캐릭터실리콘참 8EA,기타,미분류
persona_3,224,0.5708531737327576,,APBADAs스마트톡 1EA,기타,미분류
persona_3,225,0.6324113607406616,라보에이치,모발강화클리닉 샴푸 430ml,기타,미분류
persona_3,226,0.6280468106269836,라보에이치,모발강화클리닉 트리트먼트 200ml,기타,미분류
persona_3,227,0.6172353625297546,라보에이치,두피강화 클리닉 샴푸 탈모증상완화 400ml,기타,미분류
persona_3,228,0.6480199694633484,라보에이치,모발강화클리닉 에센스 75ml,스킨케어,에센스
persona_3,229,0.6172353625297546,라보에이치,두피강화클리닉 샴푸 탈모증상완화 리필팩 400ml,스킨케어,마스크팩
persona_3,230,0.6180428266525269,라보에이치,두피강화 클리닉 캡슐 트리트먼트 탈모증상완화 220ml,기타,미분류
persona_3,231,0.655255138874054,라보에이치,프리미엄 샴푸 브러쉬 1입,기타,미분류
persona_3,232,0.6422030925750732,라보에이치,두피강화 클리닉 앰플 토닉 탈모증상완화 100ml,스킨케어,앰플
persona_3,233,0.6184622049331665,라보에이치,두피강화 클리닉 헤어라인 앰플 탈모증상완화 15ml,스킨케어,앰플
persona_3,234,0.6196515560150146,라보에이치,탈모증상완화 샴푸 두피강화 블랑쉬앤우디/페어앤프리지아 400ml,기타,미분류
persona_3,235,0.6192256212234497,라보에이치,댄드러프클리닉 샴푸 탈모증상완화 400ml,기타,미분류
persona_3,236,0.6124222874641418,라보에이치,두피강화클리닉 쿨링&노세범 샴푸 400ml,기타,미분류
persona_3,237,0.6121386885643005,라보에이치,두피강화클리닉 쿨링&노세범 샴푸 리필팩 400ml,스킨케어,마스크팩
persona_3,238,0.6177024245262146,라보에이치,탈모증상완화 샴푸 민감더마 400ml,기타,미분류
persona_3,239,0.6196110844612122,라보에이치,댄드러프클리닉 워터스케일러 탈모증상완화 250ml,기타,미분류
persona_3,240,0.6172353625297546,라보에이치,두피강화클리닉 샴푸 탈모증상완화 종이리필 400ml,기타,미분류
persona_3,241,0.6300361752510071,라보에이치,댄드러프클리닉 샴푸 탈모증상완화 리필팩 400ml,스킨케어,마스크팩
persona_3,242,0.6033080220222473,라보에이치,두피강화클리닉 스케일러 탈모증상완화 208g,건기식,기능성식품
persona_3,243,0.660675048828125,라보에이치,두피강화클리닉 샴푸 탈모증상완화 리필팩,스킨케어,마스크팩
persona_3,244,0.6608493328094482,라보에이치,두피강화 클리닉 샴푸 탈모증상완화,기타,미분류
persona_3,245,0.6558269262313843,라보에이치,댄드러프클리닉 샴푸 탈모증상완화,기타,미분류
persona_3,246,0.649311363697052,라보에이치,두피강화클리닉 쿨링&노세범 샴푸,기타,미분류
persona_3,247,0.6616681218147278,라보에이치,탈모증상완화 샴푸 두피강화 블랑쉬앤우디,기타,미분류
persona_3,248,0.6610403060913086,라보에이치,두피강화 클리닉 앰플 토닉 탈모증상완화,스킨케어,앰플
persona_3,249,0.6616893410682678,라보에이치,두피강화 클리닉 헤어라인 앰플 탈모증상완화,스킨케어,앰플
persona_3,250,0.6601318120956421,라보에이치,두피강화 클리닉 캡슐 탈모증상완화 트리트먼트,건기식,기능성식품
persona_3,251,0.6616681218147278,라보에이치,탈모증상완화 샴푸 두피강화 페어앤프리지아,기타,미분류
persona_3,252,0.6610524654388428,라보에이치,두피강화 클리닉 샴푸 탈모증상완화,기타,미분류
persona_3,253,0.6504838466644287,롱테이크,솔리드 퍼퓸 디스커버리 3종 키트,기타,미분류
persona_3,254,0.6221448183059692,롱테이크,NEW 헤어 오일  40ml,기타,미분류
persona_3,255,0.6393624544143677,롱테이크,샴푸  300ml,기타,미분류
persona_3,256,0.6590596437454224,롱테이크,샌달우드 인텐시브 3종 트라이얼 키트,기타,미분류
persona_3,257,0.6423855423927307,롱테이크,핸드크림  50ml,스킨케어,크림
persona_3,258,0.6322092413902283,롱테이크,바디로션  200ml,바디,바디케어
persona_3,259,0.6393624544143677,롱테이크,바디워시  300ml,바디,바디케어
persona_3,260,0.6354057788848877,롱테이크,NEW 솔리드 퍼퓸  30ml,기타,미분류
persona_3,261,0.630419135093689,롱테이크,NEW 트리트먼트  200ml,기타,미분류
persona_3,262,0.6215822696685791,롱테이크,코어본딩 헤어마스크  200ml,스킨케어,마스크팩
persona_3,263,0.6593596339225769,롱테이크,샌달우드 오드퍼퓸 SET,기타,미분류
persona_3,264,0.6474196314811707,롱테이크,샌달우드 샴푸&헤어오일 SET,기타,미분류
persona_3,265,0.6596828103065491,롱테이크,블랙티앤피그 소프트닝 헤어 오일,기타,미분류
persona_3,266,0.6596828103065491,롱테이크,샌달우드 인텐시브 헤어 오일,기타,미분류
persona_3,267,0.6615908145904541,롱테이크,블랙티앤피그 소프트닝 바디워시+바디로션,바디,바디케어
persona_3,268,0.6615908145904541,롱테이크,샌달우드 인텐시브 바디워시+바디로션,바디,바디케어
persona_3,269,0.6615908145904541,롱테이크,블랙티앤피그 소프트닝 샴푸+트리트먼트,기타,미분류
persona_3,270,0.6615908145904541,롱테이크,샌달우드 인텐시브 샴푸+트리트먼트,기타,미분류
persona_3,271,0.6265802383422852,롱테이크,오드 퍼퓸  20ml,기타,미분류
persona_3,272,0.6537327766418457,에스쁘아,비벨벳 커버쿠션 기획세트 SPF42/PA++,선케어,선크림
persona_3,273,0.6158510446548462,에스쁘아,노웨어 립스틱 바밍글로우 3g,메이크업,립스틱
persona_3,274,0.6500728130340576,에스쁘아,더 브로우 밸런스 펜슬 0.1g,메이크업,아이브로우
persona_3,275,0.6261706352233887,에스쁘아,꾸뛰르 립 틴트 글레이즈 4g,메이크업,립틴트
persona_3,276,0.6652132868766785,에스쁘아,비글로우 볼륨쿠션 에어 퍼프 1ea,기타,미분류
persona_3,277,0.6511014699935913,에스쁘아,리얼 아이 애교살 스틱,기타,미분류
persona_3,278,0.6325332522392273,에스쁘아,비글로우 파운데이션 SPF27/PA++ 30g,선케어,선크림
persona_3,279,0.6439045667648315,에스쁘아,아이 오프닝 펜슬 0.3g,메이크업,아이라이너
persona_3,280,0.5996631383895874,에스쁘아,스트로빙 하이라이터 8g,건기식,기능성식품
persona_3,281,0.625774085521698,에스쁘아,꾸뛰르 립 틴트 피팅 블러 4g,메이크업,립틴트
persona_3,282,0.647731363773346,에스쁘아,노웨어 립스틱 볼륨 매트,메이크업,립스틱
persona_3,283,0.6537327766418457,에스쁘아,프로테일러 비내추럴 쿠션 SPF50+/PA++++,선케어,선크림
persona_3,284,0.6274372339248657,에스쁘아,더브로우 컬러 픽싱 카라 3g,메이크업,아이브로우
persona_3,285,0.6461118459701538,에스쁘아,워터 스플래쉬 선크림 세라마이드 기획세트 SPF50+/PA++++,선케어,선크림
persona_3,286,0.6537327766418457,에스쁘아,비글로우 볼륨 쿠션 SPF42/PA+++,선케어,선크림
persona_3,287,0.6158510446548462,에스쁘아,베어 글로우 립밤 3g,스킨케어,크림
persona_3,288,0.6505268216133118,에스쁘아,스키니 픽스 블렌더,기타,미분류
persona_3,289,0.647731363773346,에스쁘아,노웨어 립스틱 바밍 글로우,메이크업,립스틱
persona_3,290,0.6450657248497009,에스쁘아,블러리 치크,기타,미분류
persona_3,291,0.6518850922584534,에스쁘아,비벨벳 파운데이션 SPF22/PA++,선케어,선크림
persona_3,292,0.6497947573661804,에스쁘아,더브로우 이지쉐이핑 펜슬,메이크업,아이브로우
persona_3,293,0.6578968167304993,에스쁘아,플럼피즈 오버립 펜슬,메이크업,아이라이너
persona_3,294,0.6537327766418457,에스쁘아,비벨벳 커버 쿠션 SPF42/PA++,선케어,선크림
persona_3,295,0.6076933741569519,에스쁘아,비글로우 스틱 파운데이션 SPF50+/PA++++ 11g,선케어,선크림
persona_3,296,0.6251348257064819,에스쁘아,노머징 마스카라 워터프루프 XP 9g,메이크업,마스카라
persona_3,297,0.6484401822090149,에스쁘아,갤럭시 에디션,기타,미분류
persona_3,298,0.6459776163101196,에스쁘아,워터스플래쉬 선크림  SPF50+/PA++++,선케어,선크림
persona_3,299,0.6496915817260742,에스쁘아,비글로우 볼륨 쿠션 글리밍 캘리 3종 기획세트 SPF42/PA+++,선케어,선크림
persona_3,300,0.6378800868988037,에스쁘아,노머징 브러쉬 라이너 1g,메이크업,아이라이너
persona_3,301,0.6450657248497009,에스쁘아,디즈니 에디션,기타,미분류
persona_3,302,0.6461118459701538,에스쁘아,워터 스플래쉬 프레쉬 시카 선크림 SPF50+/PA++++,선케어,선크림
persona_3,303,0.6531530022621155,에스쁘아,트루 글로우 파운데이션 브러쉬 1ea,기타,미분류
persona_3,304,0.6228929162025452,에스쁘아,비글로우 스틱 쉐딩 9g,건기식,기능성식품
persona_3,305,0.6095402240753174,에스쁘아,비글로우 볼륨 쿠션 SPF42/PA+++ 13g,선케어,선크림
persona_3,306,0.6450657248497009,에스쁘아,플럼피즈 립글로스,기타,미분류
persona_3,307,0.6564610600471497,에스쁘아,파워컬링레드뷰러,기타,미분류
persona_3,308,0.6530947685241699,에스쁘아,톤페어링 컨투어 팔레트,기타,미분류
persona_3,309,0.637644350528717,에스쁘아,워터 스플래쉬 선크림 톤업 래스팅 SPF50+/PA++++ 50ml,선케어,선크림
persona_3,310,0.6086083054542542,에스쁘아,톤페어링 리퀴드 치크 8ml,기타,미분류
persona_3,311,0.6078823208808899,에스쁘아,비벨벳 커버 쿠션 13g,건기식,기능성식품
persona_3,312,0.6228354573249817,에스쁘아,이지 블렌딩 컨실러 10g,건기식,기능성식품
persona_3,313,0.6507185697555542,에스쁘아,비글로우 스틱 래디언스,기타,미분류
persona_3,314,0.6325023770332336,에스쁘아,톤페어링 치크 9.6g,건기식,기능성식품
persona_3,315,0.6494237780570984,에스쁘아,비벨벳 커버쿠션 기획세트 SPF42/PA++,선케어,선크림
persona_3,316,0.6588864922523499,에스쁘아,플럼피즈 에디션,기타,미분류
persona_3,317,0.6165993809700012,에스쁘아,듀라이크 젤로 글로우라이저 40ml,기타,미분류
persona_3,318,0.6417169570922852,에스쁘아,프레쉬 세팅 픽서 100ml,메이크업,마스카라
persona_3,319,0.6434358358383179,에스쁘아,워터 스플래쉬 선 세럼 SPF50+/PA+++ 50ml,선케어,선크림
persona_3,320,0.6580124497413635,에스쁘아,듀얼 스머징 립 브러쉬,기타,미분류
persona_3,321,0.6346601247787476,에스쁘아,톤페어링 하이라이터 9.6g,건기식,기능성식품
persona_3,322,0.6253896355628967,에스쁘아,프레쉬 세팅 파우더 9g,건기식,기능성식품
persona_3,323,0.6524288058280945,에스쁘아,비벨벳 피팅 스펀지 1ea,기타,미분류
persona_3,324,0.5983808040618896,에스쁘아,프로테일러 비글로우 쉬어 파우더 8g,건기식,기능성식품
persona_3,325,0.6109413504600525,에스쁘아,비벨벳 세범컷 쿨링 쿠션 15.8g,건기식,기능성식품
persona_3,326,0.6093540191650391,에스쁘아,프로테일러 비내추럴 쿠션 SPF50+/PA++++ 14g,선케어,선크림
persona_3,327,0.6513808369636536,에스쁘아,듀라이크 젤로 톤업 쿠션 SPF50+/PA+++,선케어,선크림
persona_3,328,0.6275106072425842,에스쁘아,더브로우 컬러 픽싱 카라 쿨그레이 3g,메이크업,아이브로우
persona_3,329,0.6513895392417908,에스쁘아,리얼 아이 팔레트,기타,미분류
persona_3,330,0.6438899040222168,에스쁘아,플럼피즈 볼륨 밤,기타,미분류
persona_3,331,0.6407272219657898,에스쁘아,꾸뛰르 립 틴트 글레이즈 5.5g,메이크업,립틴트
persona_3,332,0.6254922747612,에스쁘아,꾸뛰르 립 틴트  4g,메이크업,립틴트
persona_3,333,0.6458451747894287,에스쁘아,워터스플래쉬 선크림 톤업 래스팅 SPF50+/PA++++,선케어,선크림
persona_3,334,0.6332545280456543,에스쁘아,워터 스플래쉬 선크림 세라마이드 SPF50+/PA++++ 60ml,선케어,선크림
persona_3,335,0.6580124497413635,에스쁘아,비글로우 볼륨쿠션 에어 퍼프,기타,미분류
persona_3,336,0.652621865272522,에스쁘아,비글로우 볼륨 쿠션 23호 베이지 SPF42/PA+++,선케어,선크림
persona_3,337,0.652621865272522,에스쁘아,비글로우 볼륨 쿠션 22호 페탈 SPF42/PA+++,선케어,선크림
persona_3,338,0.652621865272522,에스쁘아,비글로우 볼륨 쿠션 21호 아이보리 SPF42/PA+++,선케어,선크림
persona_3,339,0.652621865272522,에스쁘아,비글로우 볼륨 쿠션 20호 바닐라 SPF42/PA+++,선케어,선크림
persona_3,340,0.652621865272522,에스쁘아,비글로우 볼륨 쿠션 13호 포슬린 SPF42/PA+++,선케어,선크림
persona_3,341,0.650515615940094,에스쁘아,비글로우 볼륨쿠션 에어 퍼프,기타,미분류
persona_3,342,0.6538482904434204,에스쁘아,허쉬드 체리 에디션,기타,미분류
persona_3,343,0.6541880965232849,에스쁘아,수퍼 소프트 페이스 브러쉬 1EA,기타,미분류
persona_3,344,0.6439332962036133,아모레성수,01 아이브로우 브러쉬,메이크업,아이브로우
persona_3,345,0.6350119113922119,아모레성수,12 블러셔 브러쉬,기타,미분류
persona_3,346,0.6313508749008179,아모레성수,아모레 성수 토너 210ml,기타,미분류
persona_3,347,0.6125627160072327,아모레성수,15 립 브러쉬,기타,미분류
persona_3,348,0.6225153207778931,아모레성수,14 컨투어링 브러쉬,기타,미분류
persona_3,349,0.6264401078224182,아모레성수,11 하이라이트 브러쉬,기타,미분류
persona_3,350,0.6227058172225952,아모레성수,03 언더섀도우 브러쉬,메이크업,아이섀도우
persona_3,351,0.6311336755752563,아모레성수,10 파운데이션 브러쉬,기타,미분류
persona_3,352,0.6341952681541443,아모레성수,09 컨실러 브러쉬,기타,미분류
persona_3,353,0.633773148059845,아모레성수,07 아이섀도우 브러쉬,메이크업,아이섀도우
persona_3,354,0.6455526351928711,아모레성수,,기타,미분류
persona_3,355,0.6130598783493042,아모레성수,13 파우더 브러쉬,기타,미분류
persona_3,356,0.6205456256866455,아모레성수,08 아이섀도우 블렌딩 브러쉬,메이크업,아이섀도우
persona_3,357,0.6477062106132507,아모레성수,06 아이섀도우 브러쉬,메이크업,아이섀도우
persona_3,358,0.639645516872406,아모레성수,05 아이섀도우 브러쉬,메이크업,아이섀도우
persona_3,359,0.6230624318122864,아모레성수,02 아이섀도우 홀 브러쉬,메이크업,아이섀도우
persona_3,360,0.6183509826660156,미쟝센,올뉴 쉽고 빠른 거품 염색 80g,건기식,기능성식품
persona_3,361,0.6226425766944885,미쟝센,퍼펙트 세럼 80ml,스킨케어,세럼
persona_3,362,0.6231009364128113,미쟝센,파워 스윙 왁스 9 80g,건기식,기능성식품
persona_3,363,0.6235063076019287,미쟝센,NEW 헬로크림 더블커버  120g,스킨케어,크림
persona_3,364,0.614314079284668,미쟝센,헤어앤스칼프 부스터 샴푸 800g,건기식,기능성식품
persona_3,365,0.6474922299385071,미쟝센,살롱10 단백질 에센스 팩  990ml,스킨케어,마스크팩
persona_3,366,0.6383780837059021,미쟝센,컬링 에센스 2X 내추럴/볼륨 150ml,스킨케어,에센스
persona_3,367,0.6362529993057251,미쟝센,퍼펙트 오리지널 세럼 샴푸 680ml,스킨케어,세럼
persona_3,368,0.6472488045692444,미쟝센,살롱10 단백질 샴푸  990ml,기타,미분류
persona_3,369,0.6327478289604187,미쟝센,퍼펙트 베이스업 에센스 200ml,스킨케어,에센스
persona_3,370,0.6322413086891174,미쟝센,펄샤이닝 리페어 샴푸/트리트먼트 1000ml,기타,미분류
persona_3,371,0.6342925429344177,미쟝센,스타일케어 헤어스프레이 300ml,기타,미분류
persona_3,372,0.6261640191078186,미쟝센,퍼펙트 세럼 홈 케어 트리트먼트 900ml,스킨케어,세럼
persona_3,373,0.629624605178833,미쟝센,살롱10 프로페셔널 시카 프로틴 트리트먼트 215ml,기타,미분류
persona_3,374,0.6408961415290833,미쟝센,퍼펙트 엉킴제로 노워시 트리트먼트 150ml,기타,미분류
persona_3,375,0.6546237468719482,미쟝센,올뉴 샤이닝에센스 100g,스킨케어,에센스
persona_3,376,0.6362529993057251,미쟝센,퍼펙트 오리지널 세럼 컨디셔너 680ml,스킨케어,세럼
persona_3,377,0.6320885419845581,미쟝센,살롱10 프로페셔널 시카 프로틴 샴푸 480ml,기타,미분류
persona_3,378,0.6541868448257446,미쟝센,NEW 헬로버블 100g,건기식,기능성식품
persona_3,379,0.630061149597168,미쟝센,퍼펙트 매직 스트레이트 세럼 샴푸 530ml,스킨케어,세럼
persona_3,380,0.6192067265510559,미쟝센,퍼펙트 매직 스트레이트 세럼 80ml,스킨케어,세럼
persona_3,381,0.6594274044036865,미쟝센,볼륨케어 퍼플 콜라겐 샴푸,기타,미분류
persona_3,382,0.6594274044036865,미쟝센,스칼프케어 그린 시카 샴푸,기타,미분류
persona_3,383,0.6267485022544861,미쟝센,올뉴 쉽고 빠른 크림염색 80g,스킨케어,크림
persona_3,384,0.6590129733085632,미쟝센,퍼펙트 세럼 트리트먼트,스킨케어,세럼
persona_3,385,0.6285985112190247,미쟝센,퍼펙트 매직 스트레이트 세럼 트리트먼트 230ml,스킨케어,세럼
persona_3,386,0.6376572847366333,미쟝센,데미지케어 레드 프로틴 컨디셔너 680ml,기타,미분류
persona_3,387,0.6362529993057251,미쟝센,퍼펙트 슈퍼리치 세럼 컨디셔너 680ml,스킨케어,세럼
persona_3,388,0.6362529993057251,미쟝센,퍼펙트 슈퍼리치 세럼 샴푸 680ml,스킨케어,세럼
persona_3,389,0.6229904890060425,미쟝센,데미지케어 레드 프로틴 헤어크림에센스 140ml,스킨케어,에센스
persona_3,390,0.6412728428840637,미쟝센,데미지케어 레드 프로틴 샴푸,기타,미분류
persona_3,391,0.638267457485199,미쟝센,이너플렉스 모발강화제 145g,건기식,기능성식품
persona_3,392,0.639627993106842,미쟝센,헤어앤스칼프 너리싱 부스터 트리트먼트 300g,건기식,기능성식품
persona_3,393,0.6583131551742554,미쟝센,볼륨케어 퍼플 콜라겐 트리트먼트,기타,미분류
persona_3,394,0.6583131551742554,미쟝센,데미지케어 레드 프로틴 트리트먼트,기타,미분류
persona_3,395,0.662645161151886,미쟝센,이너플렉스 모발강화 샴푸/트리트먼트,기타,미분류
persona_3,396,0.6273078322410583,미쟝센,퍼펙트 노 워시 워터 트리트먼트 215ml,기타,미분류
persona_3,397,0.6262266635894775,미쟝센,살롱10 단백질 트리트먼트 250ml,기타,미분류
persona_3,398,0.637287437915802,미쟝센,쿨링케어 블루멘톨 샴푸 680ml,기타,미분류
persona_3,399,0.6315456032752991,미쟝센,컬링 매트 볼륨 헤어픽서 200ml,메이크업,마스카라
persona_3,400,0.6288554072380066,미쟝센,헬로버블 퍼퓸보색 핑크 샴푸 400ml,기타,미분류
persona_3,401,0.6549137234687805,미쟝센,NEW 헬로블리치 프라이머 버블 100g,건기식,기능성식품
persona_3,402,0.6362529993057251,미쟝센,퍼펙트 스타일링 세럼 컨디셔너 680ml,스킨케어,세럼
persona_3,403,0.6321583986282349,미쟝센,NEW 헬로크림 125g,스킨케어,크림
persona_3,404,0.6115462779998779,미쟝센,헬로 젤리팡팡 8g,건기식,기능성식품
persona_3,405,0.6548483371734619,미쟝센,살롱10 단백질 트리트먼트,기타,미분류
persona_3,406,0.6510491967201233,미쟝센,살롱10 시카 프로틴 샴푸,기타,미분류
persona_3,407,0.6595135927200317,미쟝센,퍼펙트 세럼 트리트먼트,스킨케어,세럼
persona_3,408,0.6604154109954834,미쟝센,퍼펙트 베이스업 헤어 에센스,스킨케어,에센스
persona_3,409,0.6499254107475281,미쟝센,컬링 에센스 2X 내추럴,스킨케어,에센스
persona_3,410,0.6499254107475281,미쟝센,컬링 에센스 2X 볼륨,스킨케어,에센스
persona_3,411,0.6611456871032715,미쟝센,퍼펙트 세럼 홈 케어 트리트먼트,스킨케어,세럼
persona_3,412,0.6385107636451721,미쟝센,퍼펙트 아르간 캡슐 리페어 헤어 마스크 180g,스킨케어,마스크팩
persona_3,413,0.6615667939186096,미쟝센,퍼펙트 매직 스트레이트 세럼 샴푸,스킨케어,세럼
persona_3,414,0.6592390537261963,미쟝센,퍼펙트 매직 스트레이트 세럼,스킨케어,세럼
persona_3,415,0.6615667939186096,미쟝센,퍼펙트 매직 스트레이트 세럼 트리트먼트,스킨케어,세럼
persona_3,416,0.6580639481544495,미쟝센,살롱10 프로페셔널 시카 프로틴 트리트먼트,기타,미분류
persona_3,417,0.6611533164978027,미쟝센,컬링 매트 볼륨 헤어픽서,메이크업,마스카라
persona_3,418,0.6362529993057251,미쟝센,퍼펙트 스타일링 세럼 샴푸 680ml,스킨케어,세럼
persona_3,419,0.6227230429649353,아모레퍼시픽,트리트먼트 엔자임 클렌징 폼 120g,건기식,기능성식품
persona_3,420,0.6379802227020264,아모레퍼시픽,모이스춰 플럼핑 넥타 크림 50ml,스킨케어,크림
persona_3,421,0.6227172017097473,아모레퍼시픽,타임 레스폰스 스킨 리뉴얼 미스트 200ml,기타,미분류
persona_3,422,0.6269186735153198,아모레퍼시픽,타임 레스폰스 스킨 리저브 플루이드 160ml,기타,미분류
persona_3,423,0.64797443151474,아모레퍼시픽,,스킨케어,미분류
persona_3,424,0.6219139099121094,아모레퍼시픽,보태니컬 수딩 토너 200ml,기타,미분류
persona_3,425,0.6237214803695679,아모레퍼시픽,타임 레스폰스 스킨 리저브 토너 200ml,기타,미분류
persona_3,426,0.6550519466400146,아모레베이직,듀얼 코튼 면봉 150매,기타,미분류
persona_3,427,0.6500144600868225,아모레베이직,프리티 눈썹칼 2입,기타,미분류
persona_3,428,0.6635779142379761,아모레베이직,순면 5겹 화장솜 50매 / 120매,기타,미분류
persona_3,429,0.6505901217460632,아모레베이직,그린티 오일 컨트롤 페이퍼 70매,기타,미분류
persona_3,430,0.6306142807006836,아모레베이직,토너 아껴주는 1/2 스킨팩 화장솜 400매,스킨케어,마스크팩
persona_3,431,0.6458150744438171,아모레베이직,물광 메이크업 씨앗 스펀지 2ea,기타,미분류
persona_3,432,0.6495130062103271,아모레베이직,애프터 마스카라 히팅 속눈썹 고데기,메이크업,마스카라
persona_3,433,0.653782069683075,아모레베이직,소프트 엠보싱 원형 화장솜 100매,기타,미분류
persona_3,434,0.6491193175315857,아모레베이직,컴팩트 아이래쉬 컬러,스킨케어,마스크팩
persona_3,435,0.6537876129150391,아모레베이직,아모레베이직 X 벤자민무어 더 에센셜 배쓰밤 2입세트,스킨케어,크림
persona_3,436,0.655022144317627,아모레베이직,아모레베이직 X 벤자민무어 더 에센셜 세라믹 바디 괄사,바디,바디케어
persona_3,437,0.6449416875839233,아모레베이직,프로페셔널 아티스트 브러쉬 8종 키트,기타,미분류
persona_3,438,0.6586996912956238,아모레베이직,아모레베이직 미피 솔리드 퍼퓸 2종+실리콘키링,기타,미분류
persona_3,439,0.6628473997116089,아모레베이직,데일리 메이크업 조각 스펀지 20ea / 60ea,기타,미분류
persona_3,440,0.6521112322807312,한율,자연을 닮은 립밤,기타,미분류
persona_3,441,0.6340556144714355,한율,흰감국 광채 선크림 SPF50+/PA++++ 70ml,선케어,선크림
persona_3,442,0.6495926380157471,한율,부들밤 말끔피지 모공팩 기획세트,스킨케어,마스크팩
persona_3,443,0.634687066078186,한율,어린쑥 수분진정 토너 150ml,기타,미분류
persona_3,444,0.6541011929512024,한율,랩핑 마스크 기획세트 4매,스킨케어,마스크팩
persona_3,445,0.6333022713661194,한율,어린쑥 수분진정 플루이드 125ml,기타,미분류
persona_3,446,0.637536883354187,한율,자연을 닮은 핸드크림 50ml,스킨케어,크림
persona_3,447,0.6529713869094849,한율,빨간쌀 보습탄력 2종 세트,기타,미분류
persona_3,448,0.6495130062103271,한율,어린쑥 매끈결 클렌징 오일 기획세트,기타,미분류
persona_3,449,0.6495926380157471,한율,부들밤 깔끔각질 모공팩 기획세트,스킨케어,마스크팩
persona_3,450,0.6570994853973389,한율,달빛유자 패드 60매,기타,미분류
persona_3,451,0.6281725764274597,한율,백화고 클렌징 마사지 크림 200ml,스킨케어,크림
persona_3,452,0.6579486131668091,한율,어린쑥 속수분 쑥히알 패드 기획세트,기타,미분류
persona_3,453,0.6332201957702637,한율,송담 탄력 에멀젼 125ml,기타,미분류
persona_3,454,0.6332930326461792,한율,송담 탄력 스킨 150ml,기타,미분류
persona_3,455,0.6422839164733887,한율,빨간쌀 보습탄력 크림 55ml,스킨케어,크림
persona_3,456,0.6579486131668091,한율,보들은행잎 모공탄탄 펩타이드 패드 60매,기타,미분류
persona_3,457,0.6430348753929138,한율,어린쑥 수분진정 선크림 SPF50+/PA++++ 50ml,선케어,선크림
persona_3,458,0.6512601375579834,한율,극진 2종 기획 세트,기타,미분류
persona_3,459,0.6484655141830444,한율,어린쑥 속수분 쑥히알 크림 기획세트,스킨케어,크림
persona_3,460,0.6489473581314087,한율,백화고 기미탄력 아이크림 25ml,스킨케어,크림
persona_3,461,0.6516109108924866,한율,빨간쌀 보습탄력 에센스 크림 2종세트,스킨케어,에센스
persona_3,462,0.6372267007827759,한율,빨간쌀 보습탄력 에센스 150ml,스킨케어,에센스
persona_3,463,0.6502556204795837,한율,어린쑥 수분진정 2종 세트,건기식,기능성식품
persona_3,464,0.6208069920539856,한율,백화고 기미탄력 비비 크림 SPF40/PA++ 40ml,선케어,선크림
persona_3,465,0.6323086619377136,한율,빨간쌀 보습탄력 에멀젼 125ml,기타,미분류
persona_3,466,0.6472098231315613,한율,달빛유자 수면팩 100ml,스킨케어,마스크팩
persona_3,467,0.6398875117301941,한율,보들은행잎 모공핏 세럼 기획세트,스킨케어,세럼
persona_3,468,0.6549617052078247,한율,보들은행잎 모공핏 마스크 기획세트 4매,스킨케어,마스크팩
persona_3,469,0.627508819103241,한율,어린쑥 수분진정크림 리필 캡슐 30ml *2,스킨케어,크림
persona_3,470,0.6297191977500916,한율,백화고 기미탄력 크림 기획세트 60ml,스킨케어,크림
persona_3,471,0.6309892535209656,한율,달빛유자C 세럼 30ml,스킨케어,세럼
persona_3,472,0.6327317953109741,한율,극진 스킨 125ml,기타,미분류
persona_3,473,0.6468344926834106,한율,어린쑥 속수분 쑥히알 세럼 기획세트,스킨케어,세럼
persona_3,474,0.6588011384010315,한율,백화고 기미탄력 듀얼샷 앰플 기획세트,스킨케어,앰플
persona_3,475,0.6495826244354248,한율,어린쑥 클렌징 팩밤 기획세트,스킨케어,마스크팩
persona_3,476,0.6526262760162354,한율,극진 크림 대용량 단품 기획세트,스킨케어,크림
persona_3,477,0.6391493082046509,한율,극진 에센스 기획세트 60ml,스킨케어,에센스
persona_3,478,0.6354902386665344,한율,극진 아이크림 기획세트 30ml,스킨케어,크림
persona_3,479,0.6210572719573975,한율,극진 크림 클렌징폼 200ml,스킨케어,크림
persona_3,480,0.6105270981788635,한율,달빛유자 수면팩 리필세트 40ml*2,스킨케어,마스크팩
persona_3,481,0.6369129419326782,한율,달빛유자C 세럼 50ml,스킨케어,세럼
persona_3,482,0.6267499923706055,한율,빨간쌀 보습탄력 크림 리필세트 30ml *2,스킨케어,크림
persona_3,483,0.6284778714179993,한율,극진 에멀젼 125ml,기타,미분류
persona_3,484,0.6429361701011658,한율,극진 크림 세트 50ml,스킨케어,크림
persona_3,485,0.6512651443481445,한율,송담 탄력 2종 기획세트,기타,미분류
persona_3,486,0.6248317956924438,한율,어린쑥 트러블 미스트 120ml,기타,미분류
persona_3,487,0.6443099975585938,한율,달빛유자 수면팩 기획세트,스킨케어,마스크팩
persona_3,488,0.6572517156600952,한율,어린쑥 수분진정 패드 기획세트,건기식,기능성식품
persona_3,489,0.6599608659744263,한율,어린쑥 클렌징 흡착 팩폼 기획세트,스킨케어,마스크팩
persona_3,490,0.6473337411880493,한율,어린쑥 수분진정 크림 기획세트,스킨케어,크림
persona_3,491,0.6503112316131592,한율,달빛유자 클렌징 필링 젤밤 기획세트,스킨케어,크림
persona_3,492,0.6599608659744263,한율,달빛유자 클렌징 톤업 팩폼 기획세트,스킨케어,마스크팩
persona_3,493,0.6449416875839233,한율,흰감국 광채 선크림 듀오 구성,선케어,선크림
persona_3,494,0.6572517156600952,한율,부들밤 모공수축 패드 기획세트,스킨케어,크림
persona_3,495,0.6365078687667847,해피바스,모이스처 퍼퓸 바디워시 760g,바디,바디케어
persona_3,496,0.6247790455818176,해피바스,오리지널 컬렉션 바디워시 910g,바디,바디케어
persona_3,497,0.6217400431632996,해피바스,정말 촉촉/순한 바디밀크 400g,바디,바디케어
persona_3,498,0.632615864276886,해피바스,PH 4.5 약산성 여성청결제 300ml,기타,미분류
persona_3,499,0.636518120765686,해피바스,제로퍼센트 저자극 버블핸드워시 500ml,기타,미분류
persona_3,500,0.6377084255218506,해피바스,오리지널 컬렉션 바디로션 500g,바디,바디케어
persona_3,501,0.6395466327667236,해피바스,마이크로 클린 솝베리 버블 클렌징폼 300ml,기타,미분류
persona_3,502,0.6523041129112244,해피바스,오리지널컬렉션 솝라벤더 비누 4입,기타,미분류
persona_3,503,0.6457346081733704,해피바스,오리지널 컬렉션 샤워 젤리 75g,건기식,기능성식품
persona_3,504,0.6376729011535645,해피바스,필쏘굿 풋샴푸 500ml,기타,미분류
persona_3,505,0.6277990937232971,해피바스,오리지널 컬렉션 바디오일 250ml,바디,바디케어
persona_3,506,0.6193495988845825,해피바스,주스스무디 옐로우 바디워시 820g,바디,바디케어
persona_3,507,0.6215664744377136,해피바스,리얼가든 바디워시 900g,바디,바디케어
persona_3,508,0.6294471025466919,해피바스,스킨유 이노센트 샤워젤 500g,건기식,기능성식품
persona_3,509,0.6197944283485413,해피바스,정말 촉촉/순한 바디워시 900g,바디,바디케어
persona_3,510,0.6284233927726746,해피바스,퍼퓸부티크 오일 바디로션 350g,바디,바디케어
persona_3,511,0.6395466327667236,해피바스,마이크로 클린 딥 버블 클렌징폼 300ml,기타,미분류
persona_3,512,0.6234198212623596,해피바스,딥클린 바디워시 900g,바디,바디케어
persona_3,513,0.6219157576560974,해피바스,크림 인 바디로션 400g,스킨케어,크림
persona_3,514,0.6365616917610168,해피바스,마이크로 클린 딥 클렌징폼 150g,건기식,기능성식품
persona_3,515,0.6394250392913818,해피바스,퍼퓸부티크 오일 바디워시 500ml,바디,바디케어
persona_3,516,0.6247790455818176,해피바스,오리지널 컬렉션 바디워시 910g,바디,바디케어
persona_3,517,0.6394368410110474,해피바스,제로퍼센트 항균 바솝,기타,미분류
persona_3,518,0.6201053261756897,해피바스,블로썸 바디워시 900g,바디,바디케어
persona_3,519,0.6530894637107849,해피바스,오리지널 컬렉션 올리브 비누 4입,기타,미분류
persona_3,520,0.6353761553764343,해피바스,화이트 클레이 모공 클렌징폼 150g,건기식,기능성식품
persona_3,521,0.6198586225509644,해피바스,크림 인 바디워시 900g,스킨케어,크림
persona_3,522,0.6209710240364075,해피바스,스마일 바디워시 900g,바디,바디케어
persona_3,523,0.6242939829826355,해피바스,오리지널 컬렉션 머스크 바디워시 910g,바디,바디케어
persona_3,524,0.6530894637107849,해피바스,오리지널 컬렉션 클린코튼 비누 4입,기타,미분류
persona_3,525,0.631686270236969,해피바스,유황 소금 보들 바디워시 600g,바디,바디케어
persona_3,526,0.628223717212677,해피바스,마일드 클렌징폼 200g,건기식,기능성식품
persona_3,527,0.6221953630447388,해피바스,스킨유 이노센트 로션 350g,건기식,기능성식품
persona_3,528,0.6530894637107849,해피바스,오리지널 컬렉션 베이비파우더 비누 4입,기타,미분류
persona_3,529,0.6357329487800598,해피바스,티트리 아크네 클렌징폼 150g,건기식,기능성식품
persona_3,530,0.6379036903381348,해피바스,오리지널 컬렉션 바디로션 500g,바디,바디케어
persona_3,531,0.6230373978614807,해피바스,스킨유 이노센트 딥 머스크 바디오일&괄사 증정 기획 130ml,바디,바디케어
persona_3,532,0.6592084765434265,해피바스,두보레 장미 에센스 비누 4입,스킨케어,에센스
persona_3,533,0.6592084765434265,해피바스,두보레 후리지아 에센스 비누 4입,스킨케어,에센스
persona_3,534,0.6365616917610168,해피바스,마이크로 클린 솝베리 클렌징폼 150g,건기식,기능성식품
persona_3,535,0.6401631236076355,해피바스,스킨유 프래그런스 핸드크림 50ml,스킨케어,크림
persona_3,536,0.6592084765434265,해피바스,두보레 백합 에센스 비누 4입,스킨케어,에센스
persona_3,537,0.626936674118042,해피바스,히알루론 클렌징 폼 200g,건기식,기능성식품
persona_3,538,0.6530894637107849,해피바스,오리지널 컬렉션 체리블로섬 비누 4입,기타,미분류
persona_3,539,0.6530894637107849,해피바스,오리지널 컬렉션 오리지널 비누 4입,기타,미분류
persona_3,540,0.635757565498352,해피바스,스킨유 이노센트 딥머스크 앰플 미스트 150ml,스킨케어,앰플
persona_3,541,0.627966582775116,해피바스,퍼퓸부티크 바디&헤어 미스트 200ml,바디,바디케어
persona_3,542,0.6353761553764343,해피바스,퍼펙트 딥 씨솔트 클렌징폼 150g,건기식,기능성식품
persona_3,543,0.6296346187591553,해피바스,스킨유 이노센트 스크럽 450g,건기식,기능성식품
persona_3,544,0.6425571441650391,해피바스,제로퍼센트 저자극 버블핸드워시 + 필쏘굿 풋샴푸,기타,미분류
persona_3,545,0.6180714964866638,해피바스,필쏘굿 시카 진정 수분 선크림 80ml,선케어,선크림
persona_3,546,0.6225824952125549,해피바스,필쏘굿 시카 진정 선 미스트 80ml,기타,미분류
persona_3,547,0.6541885733604431,온호프,쏘 캄 트래블 3종 세트,기타,미분류
persona_3,548,0.6530484557151794,홀리추얼,홀리추얼 래디언스 리설페이싱 필 12매,기타,미분류
persona_3,549,0.6156529188156128,홀리추얼,홀리추얼 코어 리프트 액티베이팅 세럼 140ml,스킨케어,세럼
persona_3,550,0.6496757864952087,홀리추얼,홀리추얼 울트라 너리싱 어드밴스드 크림,스킨케어,크림
persona_3,551,0.6215605139732361,홀리추얼,홀리추얼 엘리멘탈 스무딩 로션 110ml,기타,미분류
persona_3,552,0.6182839274406433,홀리추얼,홀리추얼 릴랙스드 풋 트리트먼트 크림 130ml,스킨케어,크림
persona_3,553,0.629205048084259,홀리추얼,홀리추얼 리디파이닝 클렌징 밀크 200ml,기타,미분류
persona_3,554,0.6327840089797974,홀리추얼,홀리추얼 마이크로 밸런싱 에센스 150ml,스킨케어,에센스
persona_3,555,0.6094686985015869,홀리추얼,홀리추얼 컨센트레이트 시그니처 크림 라이트 80ml,스킨케어,크림
persona_3,556,0.6363640427589417,홀리추얼,홀리추얼 피토 리쥬브네이팅 컨센트레이트 30ml,기타,미분류
persona_3,557,0.6171133518218994,홀리추얼,홀리추얼 울트라 너리싱 어드밴스드 에멀전 120ml,기타,미분류
persona_3,558,0.6500810980796814,홀리추얼,홀리추얼 뉴트리 엘릭서 미스트 홀리데이 기획 세트,기타,미분류
persona_3,559,0.6528376936912537,홀리추얼,홀리추얼  릴랙스드 풋 트리트먼트 크림 듀오 SET,스킨케어,크림
persona_3,560,0.6589030623435974,홀리추얼,홀리추얼  리디파이닝 클렌징 밀크 듀오 SET,기타,미분류
persona_3,561,0.6161074042320251,홀리추얼,홀리추얼  코어 리프트 액티베이팅 세럼 기획세트 140ml,스킨케어,세럼
persona_3,562,0.630553662776947,홀리추얼,홀리추얼 울트라 너리싱 어드밴스드 토너 150ml,기타,미분류
persona_3,563,0.6443204283714294,홀리추얼,홀리추얼  뉴트리 엘릭서 바디 프라그랑스 미스트 100ml,바디,바디케어
persona_3,564,0.6512023210525513,홀리추얼,홀리추얼 프로 리프팅 앤 퍼밍 프로그램,기타,미분류
persona_3,565,0.6532918810844421,홀리추얼,홀리추얼 리디파이닝 앰플 4주 프로그램,스킨케어,앰플
persona_3,566,0.6525822877883911,홀리추얼,홀리추얼 클린테라피 파우더 마스크,스킨케어,마스크팩
persona_3,567,0.6419405937194824,홀리추얼,홀리추얼 파워 리뉴얼 키트,기타,미분류
persona_3,568,0.6415191292762756,홀리추얼,홀리추얼 울트라 너리싱 어드밴스드 토너 + 에멀전,기타,미분류
persona_3,569,0.5982900261878967,,퍼즐우드 비건 디퓨저 200ml,기타,미분류
persona_3,570,0.6108052134513855,,퍼즐우드 비건 핸드크림 50ml,스킨케어,크림
persona_3,571,0.5815468430519104,,퍼즐우드 비건 인센스 스틱 20g,건기식,기능성식품
persona_3,572,0.6298921704292297,오딧세이,로맨틱 에멀전 130ml,기타,미분류
persona_3,573,0.6301978826522827,오딧세이,로맨틱 스킨 리파이너 130ml,기타,미분류
persona_3,574,0.6468667387962341,오딧세이,챕터파이브 생츄어리 2종 세트,기타,미분류
persona_3,575,0.6229652166366577,오딧세이,블랙 스킨 리파이너 130ml,기타,미분류
persona_3,576,0.6507185697555542,오딧세이,MMY 콜라보레이션 토트백,기타,미분류
persona_3,577,0.6228601932525635,오딧세이,블랙 에멀전 130ml,기타,미분류
persona_3,578,0.6578968167304993,오딧세이,MMY 콜라보레이션 크로스백,기타,미분류
persona_3,579,0.6468667387962341,오딧세이,챕터파이브 라이트하우스 2종 세트,기타,미분류
persona_3,580,0.6556301712989807,오딧세이,블랙 스페셜 2종 신년기획세트,기타,미분류
persona_3,581,0.6600661873817444,오딧세이,로맨틱 스페셜 2종 세트 신년기획세트,기타,미분류
persona_3,582,0.6612325310707092,프리메라,NEW 나이아시카 수딩 글로우 워터리 크림30ml,스킨케어,크림
persona_3,583,0.6227084398269653,프리메라,마일드 앤 퍼펙트 클렌징 오일 투 폼 200ml,기타,미분류
persona_3,584,0.6230192184448242,프리메라,NEW 비타티놀 바운시 리프트 세럼 30g*2입,스킨케어,세럼
persona_3,585,0.625708281993866,프리메라,후리 앤 후리 200ml,기타,미분류
persona_3,586,0.6402478814125061,프리메라,마일드 포어 필링 패드 60매 기획세트,기타,미분류
persona_3,587,0.6385927200317383,프리메라,나이아시카 수딩글로우 워터리 크림 30ml,스킨케어,크림
persona_3,588,0.6180691719055176,프리메라,워터리 에센스 250ml,스킨케어,에센스
persona_3,589,0.6432175040245056,프리메라,알파인 베리 워터리 크림 100ml,스킨케어,크림
persona_3,590,0.6258555054664612,프리메라,비타티놀 세럼 메가샷 마스크 34g 1입,스킨케어,마스크팩
persona_3,591,0.6134933233261108,프리메라,레티놀 볼륨 립 세럼 12g,스킨케어,세럼
persona_3,592,0.6216164827346802,프리메라,마일드 앤 퍼펙트 클렌징 오일 투 폼 300ml,기타,미분류
persona_3,593,0.6244230270385742,프리메라,인리치드 클렌징 티슈 60매 300g,건기식,기능성식품
persona_3,594,0.6110196113586426,프리메라,비타티놀 세럼 메가샷 마스크 34g*5입,스킨케어,마스크팩
persona_3,595,0.6245124340057373,프리메라,오가니언스 BR 소프트 필링 투 폼 클렌저 120ml,기타,미분류
persona_3,596,0.6541988849639893,프리메라,오가니언스 배리어 리페어 2종 기획세트,기타,미분류
persona_3,597,0.6506410837173462,프리메라,비타티놀 인텐스 바운시 리프트 마스크 크림,스킨케어,마스크팩
persona_3,598,0.6221317052841187,프리메라,씨드 앤 스프라우트 에너지마스크로터스기획세트 20ml*30매,스킨케어,마스크팩
persona_3,599,0.6329469084739685,프리메라,마일드 앤 퍼펙트 페이셜 필링 150ml,기타,미분류
persona_3,600,0.645423948764801,프리메라,알파인베리 워터리 크림 75ml,스킨케어,크림
persona_3,601,0.6182726621627808,프리메라,바하 버블 필링 클렌저 200ml,기타,미분류
persona_3,602,0.6311987042427063,프리메라,후리 앤 후리 소프트 폼 150ml,기타,미분류
persona_3,603,0.6080285906791687,프리메라,NEW 인리치드 바디 오일 투 폼 클렌저 390ml,바디,바디케어
persona_3,604,0.6164758801460266,프리메라,NEW 나이아시카 워터리 크림 쿠션 15g,스킨케어,크림
persona_3,605,0.6312912106513977,프리메라,오가니언스 BR 컴포트 아미노 리치 폼 150ml,기타,미분류
persona_3,606,0.6528447866439819,프리메라,맨오가니언스 2종 기획세트,기타,미분류
persona_3,607,0.6343375444412231,프리메라,하이드로 글로우 트리트먼트 에센스 150ml,스킨케어,에센스
persona_3,608,0.6264846324920654,프리메라,오가니언스 베리어 리페어 카밍 에센스 토너 160ml,스킨케어,에센스
persona_3,609,0.6353582739830017,프리메라,오가니언스 베리어 리페어 씨드펩타이드 리저브 크림 50ml,스킨케어,크림
persona_3,610,0.6284492015838623,프리메라,레티놀 볼륨 립 세럼 튜브 7g,스킨케어,세럼
persona_3,611,0.6342669129371643,프리메라,오가니언스 베리어 리페어 씨드 펩타이드 리저브 세럼 30ml,스킨케어,세럼
persona_3,612,0.6286593675613403,프리메라,오가니언스 베리어 리페어 하이드레이션 크림 에멀젼 160ml,스킨케어,크림
persona_3,613,0.6103519797325134,프리메라,리페어링 세라캡슐 UV프로텍터 40ml,기타,미분류
persona_3,614,0.6258075833320618,프리메라,더 핸드크림 미스트 20ml,스킨케어,크림
persona_3,615,0.6353549361228943,프리메라,알파인 베리 워터리 크림 50ml,스킨케어,크림
persona_3,616,0.6341173648834229,프리메라,알파인 베리 워터리 크림 150ml,스킨케어,크림
persona_3,617,0.6215959787368774,프리메라,NEW 비타티놀 바운시 리프트 세럼 30g 1입,스킨케어,세럼
persona_3,618,0.6273666024208069,프리메라,씨드 앤 스프라우트 에너지 마스크_로터스 5매 20ml,스킨케어,마스크팩
persona_3,619,0.6423539519309998,프리메라,알파인 베리 워터리 수딩 젤크림 100ml,스킨케어,크림
persona_3,620,0.6449840068817139,프리메라,알파인 베리 워터리 수딩젤 크림 75ml,스킨케어,크림
persona_3,621,0.6506189107894897,프리메라,마일드 앤 퍼펙트 포어 필링 패드 60매,기타,미분류
persona_3,622,0.6353549361228943,프리메라,알파인베리 워터리 수딩젤 크림 50ml,스킨케어,크림
persona_3,623,0.609754741191864,프리메라,리페어링 세라캡슐 UV프로텍터 톤업 프라이밍 40ml,기타,미분류
persona_3,624,0.6364799737930298,프리메라,알파인베리 워터리 크림 100ml*2입 + 월리 우프 무드등,스킨케어,크림
persona_3,625,0.6273409724235535,프리메라,비타티놀 바운시 리프트 세럼 30g 4입 + 월리 우프 무드등,스킨케어,세럼
persona_3,626,0.621671199798584,프리메라,워터리 에센스 250ml 더블 세트,스킨케어,에센스
persona_3,627,0.6230080723762512,프리메라,마일드 앤 퍼펙트 클렌징 오일 투 폼 200ml 더블 기프트 세트,기타,미분류
persona_3,628,0.6311601996421814,프리메라,비타티놀 인텐스 바운시 리프트 마스크 크림 30ml+리필 30ml 더블 세트,스킨케어,마스크팩
persona_3,629,0.6169151663780212,프리메라,비타티놀 세럼 메가샷 마스크세트 34g*5매 X 4개 세트,스킨케어,마스크팩
persona_3,630,0.6238539218902588,프리메라,마일드 앤 퍼펙트 페이셜 필링 250ml,기타,미분류
persona_3,631,0.6320315003395081,프리메라,비타티놀 인텐스 바운시 리프트 마스크 크림 30ml,스킨케어,마스크팩
persona_3,632,0.6513910293579102,프리메라,마일드 앤 퍼펙트 포어 필링 패드 60매*2,기타,미분류
persona_3,633,0.6257514357566833,프리메라,후리 앤 후리 소프트폼 150ml*2,기타,미분류
persona_3,634,0.6230364441871643,프리메라,비타티놀 세럼 메가샷 마스크세트 34g*5매X2개,스킨케어,마스크팩
persona_3,635,0.6206079721450806,프리메라,오가니언스 BR 소프트 필링 투 폼 클렌저 120ml,기타,미분류
persona_3,636,0.628469705581665,프리메라,마일드 앤 퍼펙트 페이셜 필링 150ml*2,기타,미분류
persona_3,637,0.6576952934265137,프리메라,나이아시카 수딩글로우 워터리 크림,스킨케어,크림
persona_3,638,0.6585450172424316,프리메라,나이아시카 수딩글로우 워터리 크림,스킨케어,크림
persona_3,639,0.6168226599693298,프리메라,후리 앤 후리 200ml*2,기타,미분류
persona_3,640,0.603112518787384,프리메라,마일드 앤 퍼펙트 클렌징 오일 투 폼 200ml + 오가니언스 BR 소프트 필링 투 폼 클렌저 120ml,기타,미분류
persona_3,641,0.6387473344802856,헤라,UV프로텍터 톤업 SPF50+/PA++++ 50ml,선케어,선크림
persona_3,642,0.6492440700531006,헤라,NEW 블랙 쿠션 파운데이션 SPF34/PA++,선케어,선크림
persona_3,643,0.6185985207557678,헤라,NEW 블랙 쿠션 파운데이션 SPF34/PA++ 15g,선케어,선크림
persona_3,644,0.6442240476608276,헤라,센슈얼 누드 글로스 5g,건기식,기능성식품
persona_3,645,0.6293994784355164,헤라,리프레싱 클렌징 폼 160g,건기식,기능성식품
persona_3,646,0.6360855102539062,헤라,실키 스테이 24H 롱웨어 파운데이션 SPF20/PA++ 30g,선케어,선크림
persona_3,647,0.6422732472419739,헤라,블랙 쿠션 파운데이션 퍼프 2ea,기타,미분류
persona_3,648,0.633603036403656,헤라,센슈얼 누드 밤 3.5g,스킨케어,크림
persona_3,649,0.6336816549301147,헤라,센슈얼 틴티드 샤인스틱 3.5g,건기식,기능성식품
persona_3,650,0.6378179788589478,헤라,NEW 리플렉션 스킨 글로우 파운데이션 SPF15/PA++ 30g,선케어,선크림
persona_3,651,0.6218355298042297,헤라,NEW 리플렉션 스킨 글로우 쿠션 파운데이션 SPF40/PA++ 15g,선케어,선크림
persona_3,652,0.617024302482605,헤라,NEW 리플렉션 스킨 글로우 쿠션 파운데이션 SPF40/PA++ 15g,선케어,선크림
persona_3,653,0.6387473344802856,헤라,UV프로텍터 멀티디펜스 SPF50+/PA++++ 50ml,선케어,선크림
persona_3,654,0.6434288024902344,헤라,옴므 베이직 스페셜 기획세트 2종,기타,미분류
persona_3,655,0.6532437801361084,헤라,에이지 어웨이 에스테틱 2종 세트,기타,미분류
persona_3,656,0.6431717872619629,헤라,센슈얼 파우더 매트 리퀴드 5g,건기식,기능성식품
persona_3,657,0.6535512804985046,헤라,NEW 옴므 블랙 액티브 세트 2종,기타,미분류
persona_3,658,0.6368361711502075,헤라,루즈 클래시 3.5g,건기식,기능성식품
persona_3,659,0.6157564520835876,헤라,NEW 블랙 쿠션 파운데이션 SPF34/PA++ 15g,선케어,선크림
persona_3,660,0.6352083086967468,헤라,옴므 올인원 스킨 하이드로 트리트먼트 150ml,기타,미분류
persona_3,661,0.6533046364784241,헤라,시그니아 워터 에멀젼 기프트 세트 2종,기타,미분류
persona_3,662,0.6454031467437744,헤라,블러쉬 5.5g,건기식,기능성식품
persona_3,663,0.635732114315033,헤라,UV프로텍터 익스트림포스 레포츠 SPF50+/PA++++ 70ml,선케어,선크림
persona_3,664,0.6386896967887878,헤라,UV프로텍터 멀티디펜스 프레쉬 SPF50+/PA++++ 50ml,선케어,선크림
persona_3,665,0.653418779373169,헤라,NEW 옴므 블루 에센스 기획 2종 세트,스킨케어,에센스
persona_3,666,0.6488198637962341,헤라,리치 컬링 마스카라,메이크업,마스카라
persona_3,667,0.6507185697555542,헤라,브로우 디자이너 오토펜슬,메이크업,아이브로우
persona_3,668,0.6368513703346252,헤라,NEW 코렉팅 베이스 UV 프로텍터 SPF50+/PA++++ 35ml,선케어,선크림
persona_3,669,0.623918354511261,헤라,센슈얼 파우더 매트 립스틱 3g,메이크업,립스틱
persona_3,670,0.6578968167304993,헤라,브로우 디자이너 오토펜슬,메이크업,아이브로우
persona_3,671,0.644171416759491,헤라,에이지 어웨이 에스테틱 BX 아이크림 25ml,스킨케어,크림
persona_3,672,0.6222504377365112,헤라,지일 오 데 퍼퓸 40ml,기타,미분류
persona_3,673,0.6341556906700134,헤라,옴므 에센스 인 스킨 125ml,스킨케어,에센스
persona_3,674,0.6111714839935303,헤라,에이지 어웨이 에스테틱 BX83 리포솜 40ml,기타,미분류
persona_3,675,0.6201664209365845,헤라,NEW 쿼드 아이 컬러 섀도우 9g,메이크업,아이섀도우
persona_3,676,0.6273723840713501,헤라,NEW 에어리 파우더 프라이머 8.5g,건기식,기능성식품
persona_3,677,0.650712788105011,헤라,파워부스팅 스페셜세트 2종,기타,미분류
persona_3,678,0.6055942177772522,헤라,NEW 립 세럼 11g,스킨케어,세럼
persona_3,679,0.6194155812263489,헤라,옴므 에센스 인 에멀젼 110ml,스킨케어,에센스
persona_3,680,0.6200678944587708,헤라,메이크업픽서 80ml,메이크업,마스카라
persona_3,681,0.6300771236419678,헤라,딥 클렌징 오일 225ml,기타,미분류
persona_3,682,0.6425243616104126,헤라,센슈얼 피팅 글로우틴트 5g,메이크업,립틴트
persona_3,683,0.6290121078491211,헤라,컴피 리바이탈라이징 세럼 미스트 90ml,스킨케어,세럼
persona_3,684,0.6355431079864502,헤라,에이지 어웨이 에스테틱 BX 워터 150ml,기타,미분류
persona_3,685,0.6309331059455872,헤라,에이지 어웨이 에스테틱 BX 크림 50ml,스킨케어,크림
persona_3,686,0.6523769497871399,헤라,이지 스타일링 아이라이너 0.5g,메이크업,아이라이너
persona_3,687,0.64593905210495,헤라,크리미 커버 컨실러 7.5g,건기식,기능성식품
persona_3,688,0.6421482563018799,헤라,하이드로 리플렉팅 마이크로 크림 50ml,스킨케어,크림
persona_3,689,0.6158789396286011,헤라,소프트 피니시 루스 파우더 15g,건기식,기능성식품
persona_3,690,0.6162511110305786,헤라,에이지 어웨이 에스테틱 BX 에멀젼 120ml,기타,미분류
persona_3,691,0.6477527618408203,헤라,하이드로 리플렉팅 2종 세트,기타,미분류
persona_3,692,0.6232872009277344,헤라,파워부스팅 페이스 트리트먼트 110ml,기타,미분류
persona_3,693,0.6294708847999573,헤라,센슈얼 립앤치크 7g,건기식,기능성식품
persona_3,694,0.6186035871505737,헤라,하이드로 리플렉팅 플루이드 140ml,기타,미분류
persona_3,695,0.6292446851730347,헤라,하이드로 리플렉팅 토너 170ml,기타,미분류
persona_3,696,0.6307193040847778,헤라,시그니아 에센셜 밸런싱 에멀젼 150ml,기타,미분류
persona_3,697,0.6377767324447632,헤라,리쥬브네이트 앰플 크림 50ml,스킨케어,앰플
persona_3,698,0.6513895392417908,헤라,아이 디자이너 펜슬,메이크업,아이라이너
persona_3,699,0.6251263618469238,헤라,벨벳 나이트 퍼퓸드 샤워젤 250g,건기식,기능성식품
persona_3,700,0.6274383068084717,헤라,UV 프로텍터 액티브 선 밤 SPF 50+/PA++++ 10g,선케어,선크림
persona_3,701,0.6194585561752319,헤라,NEW 헬씨 글로우 듀이 밤 10g,스킨케어,크림
persona_3,702,0.63864666223526,헤라,하이드로-듀 플럼핑 앰플 50ml,스킨케어,앰플
persona_3,703,0.6353597044944763,헤라,리치 컬링 워터프루프 마스카라 6g,메이크업,마스카라
persona_3,704,0.631222665309906,헤라,지일 블루밍 퍼퓸드 바디로션 230ml,바디,바디케어
persona_3,705,0.6336426734924316,헤라,NEW 부스팅 베이스 UV 프로텍터 SPF15 35ml,선케어,선크림
persona_3,706,0.628241240978241,헤라,메이크업 리무버 125ml,클렌징,리무버
persona_3,707,0.63864666223526,헤라,하이드로-듀 플럼핑 크림 50ml,스킨케어,크림
persona_3,708,0.6309553384780884,헤라,NEW 리프레싱 토닉 클렌징워터 200ml,기타,미분류
persona_3,709,0.6368201971054077,헤라,NEW 시그니아 일루미네이팅 세럼 30ml,스킨케어,세럼
persona_3,710,0.6336976289749146,헤라,파워부스팅 토너 150ml,기타,미분류
persona_3,711,0.644171416759491,헤라,NEW 레티놀 3X 리프팅 세럼 25ml,스킨케어,세럼
persona_3,712,0.6217393279075623,헤라,벨벳 나이트 오 데 퍼퓸 40ml,기타,미분류
persona_3,713,0.6184003949165344,헤라,스킨 틴트 컴피 스프레더 SPF50/ PA++++ 15g,선케어,선크림
persona_3,714,0.6239376664161682,헤라,파워부스팅 모이스춰라이저 110ml,기타,미분류
persona_3,715,0.6153723001480103,헤라,옴므 블랙 액티브 어드밴스드 에멀전 110ml,기타,미분류
persona_3,716,0.6287585496902466,헤라,옴므 블랙 액티브 어드밴스드 토너 125ml,기타,미분류
persona_3,717,0.6391875743865967,헤라,하이드로-듀 플럼핑 워터 드롭 50ml,기타,미분류
persona_3,718,0.6195334792137146,헤라,NEW 옴므 블루 에센스 인 에멀전 110ml,스킨케어,에센스
persona_3,719,0.6309561729431152,헤라,NEW 옴므 블루 에센스 인 토너 125ml,스킨케어,에센스
persona_3,720,0.6222504377365112,헤라,페르소프 오 데 퍼퓸 40ml,기타,미분류
persona_3,721,0.6235259771347046,헤라,NEW 블랙 쿠션 파운데이션 00P1 SPF34/PA++ 15g,선케어,선크림
persona_3,722,0.6302064657211304,헤라,UV 프로텍터 톤업 2개 + 월리 뽀모도로 타이머 & 포스트카드,기타,미분류
persona_3,723,0.6385928392410278,헤라,블랙쿠션 23N1 듀오 + 리필 + 월리 우프 무드등,기타,미분류
persona_3,724,0.6385928392410278,헤라,블랙쿠션 21N1 듀오 + 리필 + 월리 우프 무드등,기타,미분류
persona_3,725,0.652738094329834,헤라,실키스테이 24H 롱웨어 파운데이션 23N1 기획세트,기타,미분류
persona_3,726,0.652738094329834,헤라,실키스테이 24H 롱웨어 파운데이션 21N1 기획세트,기타,미분류
persona_3,727,0.6413658261299133,헤라,글로우쿠션 리필 21N1 + 쿠션 케이스 #1 메탈릭레더,기타,미분류
persona_3,728,0.6323150992393494,헤라,블러쉬 스틱 7.7g,건기식,기능성식품
persona_3,729,0.6357267498970032,헤라,NEW 컴피 컨디셔닝 에센스 150g,스킨케어,에센스
persona_3,730,0.6248923540115356,헤라,지일 블루밍 퍼퓸드 샤워 젤 250g,건기식,기능성식품
persona_3,731,0.6302357316017151,헤라,벨벳 나이트 퍼퓸드 바디 로션 230ml,바디,바디케어
persona_3,732,0.6300041079521179,비레디,웨이크업 생기 립밤 3g,스킨케어,크림
persona_3,733,0.6300041079521179,라네즈,웨이크업 생기 립밤 3g,스킨케어,크림
persona_3,734,0.6153404116630554,비레디,트루톤 로션  40ml,기타,미분류
persona_3,735,0.6153404116630554,라네즈,트루톤 로션  40ml,기타,미분류
persona_3,736,0.6529718041419983,비레디,블루 수분 선크림 1+1 기획세트 SPF50+PA++++,선케어,선크림
persona_3,737,0.6529718041419983,라네즈,블루 수분 선크림 1+1 기획세트 SPF50+PA++++,선케어,선크림
persona_3,738,0.6349384784698486,비레디,블루 파운데이션 SPF27/PA++ 35ml,선케어,선크림
persona_3,739,0.6349384784698486,라네즈,블루 파운데이션 SPF27/PA++ 35ml,선케어,선크림
persona_3,740,0.6226176619529724,비레디,블루쿠션 SPF34/PA++ 15g,선케어,선크림
persona_3,741,0.6226176619529724,라네즈,블루쿠션 SPF34/PA++ 15g,선케어,선크림
persona_3,742,0.650515615940094,비레디,무드업 듀얼 아이섀도우 브러쉬,메이크업,아이섀도우
persona_3,743,0.650515615940094,라네즈,무드업 듀얼 아이섀도우 브러쉬,메이크업,아이섀도우
persona_3,744,0.6195372343063354,비레디,블루쿠션 SPF34/PA++ 15g,선케어,선크림
persona_3,745,0.6195372343063354,라네즈,블루쿠션 SPF34/PA++ 15g,선케어,선크림
persona_3,746,0.6140598654747009,비레디,시카페인 트러블리셋 세럼 40ml,스킨케어,세럼
persona_3,747,0.6140598654747009,라네즈,시카페인 트러블리셋 세럼 40ml,스킨케어,세럼
persona_3,748,0.6431633234024048,비레디,블루 수분 선크림 SPF50+/PA++++ 50ml,선케어,선크림
persona_3,749,0.6431633234024048,라네즈,블루 수분 선크림 SPF50+/PA++++ 50ml,선케어,선크림
persona_3,750,0.646903932094574,비레디,프라이드업 아이브로우 0.6G,메이크업,아이브로우
persona_3,751,0.646903932094574,라네즈,프라이드업 아이브로우 0.6G,메이크업,아이브로우
persona_3,752,0.6308540105819702,비레디,블루 세범 파우더 7g,건기식,기능성식품
persona_3,753,0.6308540105819702,라네즈,블루 세범 파우더 7g,건기식,기능성식품
persona_3,754,0.6218892931938171,비레디,시카페인 트러블리셋 토너 250ml,기타,미분류
persona_3,755,0.6218892931938171,라네즈,시카페인 트러블리셋 토너 250ml,기타,미분류
persona_3,756,0.6283289790153503,비레디,시카페인 트러블리셋 크림 70ml,스킨케어,크림
persona_3,757,0.6283289790153503,라네즈,시카페인 트러블리셋 크림 70ml,스킨케어,크림
persona_3,758,0.647925615310669,비레디,블루 파운데이션 퍼프,기타,미분류
persona_3,759,0.647925615310669,라네즈,블루 파운데이션 퍼프,기타,미분류
persona_3,760,0.6431633234024048,비레디,하이드로 스웻프루프 선크림 SPF50+/PA++++ 50ml,선케어,선크림
persona_3,761,0.6431633234024048,라네즈,하이드로 스웻프루프 선크림 SPF50+/PA++++ 50ml,선케어,선크림
persona_3,762,0.6162509322166443,비레디,에어리 헤어 페이스트 80g,건기식,기능성식품
persona_3,763,0.6162509322166443,라네즈,에어리 헤어 페이스트 80g,건기식,기능성식품
persona_3,764,0.6551511883735657,비레디,4.4,기타,미분류
persona_3,765,0.6551511883735657,라네즈,4.4,기타,미분류
persona_3,766,0.6352395415306091,비레디,시카페인 트러블리셋 클렌징폼 150g,건기식,기능성식품
persona_3,767,0.6352395415306091,라네즈,시카페인 트러블리셋 클렌징폼 150g,건기식,기능성식품
persona_3,768,0.631783664226532,비레디,무드업 음영 아이팔레트 7g,건기식,기능성식품
persona_3,769,0.631783664226532,라네즈,무드업 음영 아이팔레트 7g,건기식,기능성식품
persona_3,770,0.6287770867347717,비레디,생기 립밤 3g,스킨케어,크림
persona_3,771,0.6287770867347717,라네즈,생기 립밤 3g,스킨케어,크림
persona_3,772,0.6287770867347717,비레디,생기 립밤 3g,스킨케어,크림
persona_3,773,0.6287770867347717,라네즈,생기 립밤 3g,스킨케어,크림
persona_3,774,0.6287770867347717,비레디,생기 립밤 3g,스킨케어,크림
persona_3,775,0.6287770867347717,라네즈,생기 립밤 3g,스킨케어,크림
persona_3,776,0.6511703133583069,비레디,블루 파운데이션 3호,기타,미분류
persona_3,777,0.6511703133583069,라네즈,블루 파운데이션 3호,기타,미분류
persona_3,778,0.6511703133583069,비레디,블루 파운데이션 2호,기타,미분류
persona_3,779,0.6511703133583069,라네즈,블루 파운데이션 2호,기타,미분류
persona_3,780,0.6570852398872375,비레디,블루쿠션 3호 제프리,기타,미분류
persona_3,781,0.6570852398872375,라네즈,블루쿠션 3호 제프리,기타,미분류
persona_3,782,0.6570852398872375,비레디,블루쿠션 2호 라이언,기타,미분류
persona_3,783,0.6570852398872375,라네즈,블루쿠션 2호 라이언,기타,미분류
persona_3,784,0.6592588424682617,비레디,시카페인 트러블리셋 2종,기타,미분류
persona_3,785,0.6592588424682617,라네즈,시카페인 트러블리셋 2종,기타,미분류
persona_3,786,0.6571474671363831,비레디,블루 수분 선크림 SPF50+/PA++++,선케어,선크림
persona_3,787,0.6571474671363831,라네즈,블루 수분 선크림 SPF50+/PA++++,선케어,선크림
persona_3,788,0.6504393219947815,아이오페,슈퍼바이탈 기초 2종 세트,기타,미분류
persona_3,789,0.6378755569458008,아이오페,비타민C 엑스퍼트25% 토닝앰플 23ml,스킨케어,앰플
persona_3,790,0.6537876129150391,아이오페,바이오 컨디셔닝 에센스 하이드로 인핸싱 마스크 5매,스킨케어,마스크팩
persona_3,791,0.620354175567627,아이오페,맨 올데이 퍼펙트 올인원 120ml,기타,미분류
persona_3,792,0.6319715976715088,아이오페,슈퍼바이탈 크림 세트 50ml,스킨케어,크림
persona_3,793,0.633841872215271,아이오페,바이오 컨디셔닝 에센스 168ml,스킨케어,에센스
persona_3,794,0.647487461566925,아이오페,XMD 스템3 스페셜 2종 세트,기타,미분류
persona_3,795,0.6191943287849426,아이오페,맨 프로 레티놀 올인원 기획세트 120ml,기타,미분류
persona_3,796,0.6429813504219055,아이오페,슈퍼바이탈 아이크림 25ml,스킨케어,크림
persona_3,797,0.6136323809623718,아이오페,골든 글로우 페이스 오일 40ml,기타,미분류
persona_3,798,0.6617841720581055,아이오페,레티놀 세럼 인 겔 마스크,스킨케어,마스크팩
persona_3,799,0.6355981230735779,아이오페,XMD 스템3 클리니컬 리커버리 크림 50ml,스킨케어,크림
persona_3,800,0.6467170119285583,아이오페,맨 바이오 안티에이징 2종 세트,기타,미분류
persona_3,801,0.6331337690353394,아이오페,바이오 컨디셔닝 에센스 폼 클렌저 180ml,스킨케어,에센스
persona_3,802,0.6205625534057617,아이오페,에어쿠션 5.5세대 커버 SPF50/PA+++ 15g,선케어,선크림
persona_3,803,0.6388074159622192,아이오페,UV 쉴드 선 프로텍터 SPF50+/PA++++ 50ml,선케어,선크림
persona_3,804,0.6209967732429504,아이오페,에어쿠션 5.5세대 커버 SPF50/PA+++ 15g,선케어,선크림
persona_3,805,0.6289255619049072,아이오페,맨 퍼펙트 올인원 클렌저 125g,건기식,기능성식품
persona_3,806,0.6405162811279297,아이오페,레티놀 엑스퍼트 0.1% 링클 코렉터 기획세트 30ml,기타,미분류
persona_3,807,0.6376253962516785,아이오페,XMD 스템3 클리니컬 리커버리 세럼 50ml,스킨케어,세럼
persona_3,808,0.6164587140083313,아이오페,슈퍼바이탈 오일 블렌딩 세럼 40ml,스킨케어,세럼
persona_3,809,0.6472959518432617,아이오페,히아루로닉 크림 100ml,스킨케어,크림
persona_3,810,0.6292006969451904,아이오페,레티놀 엑스퍼트 0.5% 얼티밋 컨센트레이트 15ml,기타,미분류
persona_3,811,0.6357229351997375,아이오페,PDRN 카페인샷 50ml,기타,미분류
persona_3,812,0.6360114812850952,아이오페,PDRN 카페인샷 30ml,기타,미분류
persona_3,813,0.6369686722755432,아이오페,레티놀 엑스퍼트 0.3% 링클 코렉터 20ml,기타,미분류
persona_3,814,0.6388074159622192,아이오페,UV 쉴드 톤업 선 SPF50+/PA++++ 50ml,선케어,선크림
persona_3,815,0.6312355995178223,아이오페,브라이트닝 기미 에센스 45ml,스킨케어,에센스
persona_3,816,0.6468222141265869,아이오페,프로 필링 소프트젤 100ml,기타,미분류
persona_3,817,0.6341810822486877,아이오페,슈퍼바이탈 소프너 150ml,기타,미분류
persona_3,818,0.6196524500846863,아이오페,맨 올데이 퍼펙트 톤업 올인원 SPF15 120ml,선케어,선크림
persona_3,819,0.6247531771659851,아이오페,맨 안티에이징 에멀젼 EX 120ml,기타,미분류
persona_3,820,0.624160647392273,아이오페,슈퍼바이탈 쿠션 이엑스 SPF 50+/PA+++ 16g,선케어,선크림
persona_3,821,0.651544451713562,아이오페,하이드로 리프트 크림,스킨케어,크림
persona_3,822,0.6374091506004333,아이오페,슈퍼바이탈 에멀젼 150ml,기타,미분류
persona_3,823,0.6352571249008179,아이오페,바이오 컨디셔닝 클렌징 오일 인 젤 150ml,기타,미분류
persona_3,824,0.6372267007827759,아이오페,하이드로 리프트 에멀젼 150ml,기타,미분류
persona_3,825,0.6230096817016602,아이오페,UV 쉴드 선 앰플 SPF 50+/PA+++ 40ml,선케어,선크림
persona_3,826,0.6313818693161011,아이오페,맨 컴파운드 선 스크린 SPF 50+/PA++++ 50ml,선케어,선크림
persona_3,827,0.6311742067337036,아이오페,XMD 스템3 클리니컬 리커버리 세럼 30ml,스킨케어,세럼
persona_3,828,0.6332605481147766,아이오페,레티놀 엑스퍼트 0.1% 링클 코렉터 기획세트 20ml,기타,미분류
persona_3,829,0.6200426816940308,아이오페,UV 쉴드 선 스틱 SPF50+/PA++++ 20g,선케어,선크림
persona_3,830,0.627371609210968,아이오페,XMD 스템3 클리니컬 리커버리 소프너 130ml,기타,미분류
persona_3,831,0.6245707869529724,아이오페,XMD 스템3 클리니컬 리커버리 에멀전 130ml,기타,미분류
persona_3,832,0.6374415755271912,아이오페,슈퍼바이탈 쿠션 이엑스 SPF 50+/PA+++,선케어,선크림
persona_3,833,0.6350278854370117,아이오페,맨 바이오 컨디셔닝 에센스 145ml,스킨케어,에센스
persona_3,834,0.646109938621521,아이오페,하이드로 리프트 2종 세트,기타,미분류
persona_3,835,0.6519582271575928,아이오페,슈퍼바이탈 3종 세트,기타,미분류
persona_3,836,0.6351456046104431,아이오페,하이드로 리프트 소프너 150ml,기타,미분류
persona_3,837,0.6458057761192322,아이오페,슈퍼바이탈 2종 세트,기타,미분류
persona_3,838,0.6385414004325867,아이오페,레티놀 레티젝션 세럼 30ml,스킨케어,세럼
persona_3,839,0.6523087620735168,아이오페,스킨 부스터 앰플 필 패드 8매입,스킨케어,앰플
persona_3,840,0.6488761305809021,아이오페,하이드로 리프트 세럼,스킨케어,세럼
persona_3,841,0.6186990141868591,아이오페,슈퍼바이탈 넥앤데콜테 크림 40ml,스킨케어,크림
persona_3,842,0.6410239338874817,아이오페,레티놀 0.1% 기획세트 + 월리 우프 무드등,기타,미분류
persona_3,843,0.6266563534736633,아이오페,레티놀 레티젝션 세럼 50ml 기획세트 + 월리 우프 무드등,스킨케어,세럼
persona_3,844,0.6312873959541321,아이오페,브라이트닝 기미 에센스 기획세트 45ml,스킨케어,에센스
persona_3,845,0.6191943287849426,아이오페,맨 올데이 퍼펙트 올인원 기획세트 120ml,기타,미분류
persona_3,846,0.6381060481071472,아이오페,XMD 스템3 클리니컬 리커버리 세럼 기획세트 50ml,스킨케어,세럼
persona_3,847,0.6322766542434692,아이오페,비타민C 엑스퍼트25% 토닝앰플 기획세트 23ml,스킨케어,앰플
persona_3,848,0.6309656500816345,아이오페,멀티 비타민 10% 얼티밋 토닝 겔 마스크,스킨케어,마스크팩
persona_3,849,0.6329498887062073,아이오페,레티놀 레티젝션 세럼 50ml,스킨케어,세럼
persona_3,850,0.6561223268508911,아이오페,레티놀 세럼 인 겔 마스크,스킨케어,마스크팩
persona_3,851,0.6545664072036743,아이오페,스킨 부스터 앰플 필 패드 기획세트,스킨케어,앰플
persona_3,852,0.6104695200920105,아이오페,비타민C 엑스퍼트 40% 마스크 컨센트레이트 15g,스킨케어,마스크팩
persona_3,853,0.6525636315345764,아이오페,바이오 컨디셔닝 에센스 하이드로 인핸싱 마스크 10매,스킨케어,마스크팩
persona_3,854,0.6398715972900391,아이오페,레티놀 슈퍼 바운스 세럼 50ml,스킨케어,세럼
persona_3,855,0.6367717385292053,아이오페,바이오 컨디셔닝 에센스 기획세트 84ml,스킨케어,에센스
persona_3,856,0.647834300994873,에이피뷰티,에이피 프라임 리저브 리트리니티 메쉬 파운데이션 스펀지 2개입,기타,미분류
persona_3,857,0.6319831013679504,에이피뷰티,마이크로파인 인텐시브 크림 투 폼 클렌저 150g,스킨케어,크림
persona_3,858,0.603156566619873,에이피뷰티,프라임 리저브 리트리니티 메쉬 파운데이션 12g,건기식,기능성식품
persona_3,859,0.6156010627746582,에이피뷰티,NEW 에이오 리부트 앤 리뉴 에센스 80ml,스킨케어,에센스
persona_3,860,0.635636031627655,에이피뷰티,리쥬브네이팅 부스터 샷 엠디 세럼 30ml,스킨케어,세럼
persona_3,861,0.6420790553092957,에이피뷰티,에이피 리파이닝 파우더 투 폼 클렌저 55g,건기식,기능성식품
persona_3,862,0.6172497272491455,에이피뷰티,에이오 트리플 디펜스 에어리 선 세럼 40ml,스킨케어,세럼
persona_3,863,0.6323332190513611,에이피뷰티,에이피 에이오 리부트 앤 리뉴 에센스 150ml,스킨케어,에센스
persona_3,864,0.6294153332710266,에이피뷰티,에이피 얼티밋 오일 투 밀크 클렌저 200ml,기타,미분류
persona_3,865,0.6442162990570068,에이피뷰티,프라임 리저브 리트리니 메쉬 파운데이션 케이스,기타,미분류
persona_3,866,0.6318513751029968,에이피뷰티,퍼밍 앤 래디언스 플럼핑 에멀전 150ml,기타,미분류
persona_3,867,0.6318513751029968,에이피뷰티,퍼밍 앤 래디언스 플럼핑 로션 150ml,기타,미분류
persona_3,868,0.6218268871307373,에이피뷰티,에이피 에이오 리부트 앤 리뉴 더블 컨센트레이트 40ml,기타,미분류
persona_3,869,0.6330862641334534,에이피뷰티,에이피 듀얼 리페어 리프트 크림 30ml,스킨케어,크림
persona_3,870,0.6336948275566101,에이피뷰티,에이피 프라임 리저브 리트리니티 세럼 30ml,스킨케어,세럼
persona_3,871,0.6532758474349976,에이피뷰티,에이피 리프트 앤 펌 듀얼 아이 트리트먼트,기타,미분류
persona_3,872,0.6313890814781189,에이피뷰티,듀얼 리페어 리프트 크림 마스크 5매 23g*5,스킨케어,마스크팩
persona_3,873,0.6519473195075989,에이피뷰티,에이피 에이오 리부트 앤 리뉴 크림,스킨케어,크림
persona_3,874,0.6359081864356995,에이피뷰티,에이피 프라임 리저브 리트리니티 에센스 로션 150ml,스킨케어,에센스
persona_3,875,0.653965175151825,에이피뷰티,에이피 리프트 앤 리뉴 더블 샷 프로그램 1ea,기타,미분류
persona_3,876,0.636309802532196,에이피뷰티,리서페이싱 앤 리페어 에센스 150ml,스킨케어,에센스
persona_3,877,0.6347148418426514,에이피뷰티,에이피 프라임 리저브 리트리니티 크림 50ml,스킨케어,크림
persona_3,878,0.6372882723808289,에이피뷰티,에이피 프라임 리저브 리트리니티 크림 50ml,스킨케어,크림
persona_3,879,0.628863513469696,에이피뷰티,에이피 프라임 리저브 리트리니티 아이 앤 익스프레션 크림 20ml,스킨케어,크림
persona_3,880,0.6235085725784302,에이피뷰티,에이피 듀얼 리페어 리프트 리퀴드 크림 120ml,스킨케어,크림
persona_3,881,0.6295431852340698,에이피뷰티,에이피 듀얼 리페어 리프트 크림 50 ml,스킨케어,크림
persona_3,882,0.6544119119644165,에이피뷰티,퍼밍 앤 래디언스 플럼핑 듀오,기타,미분류
persona_3,883,0.6170030832290649,에이피뷰티,프라임 리저브 리트리니티 메쉬 파운데이션 22N + 에이오 트리플 디펜스 에어리 선 세럼 40ml,스킨케어,세럼
persona_3,884,0.6170030832290649,에이피뷰티,프라임 리저브 리트리니티 메쉬 파운데이션 21N + 에이오 트리플 디펜스 에어리 선 세럼 40ml,스킨케어,세럼
persona_3,885,0.6170030832290649,에이피뷰티,프라임 리저브 리트리니티 메쉬 파운데이션 17C + 에이오 트리플 디펜스 에어리 선 세럼 40ml,스킨케어,세럼
persona_3,886,0.635636031627655,에이피뷰티,리쥬브네이팅 부스터 샷 엠디 세럼 30ml,스킨케어,세럼
persona_3,887,0.6377435326576233,에이피뷰티,리쥬브네이팅 트리트먼트 엠디 크림 50ml,스킨케어,크림
persona_3,888,0.65264892578125,에이피뷰티,프라임 리저브 리트리니티 메쉬 파운데이션 22N+블랙 케이스,기타,미분류
persona_3,889,0.6534687876701355,에이피뷰티,프라임 리저브 리트리니티 메쉬 파운데이션 21N+ 블랙 케이스,기타,미분류
persona_3,890,0.6131259202957153,에이피뷰티,프라임 리저브 리트리니티 메쉬 파운데이션 17C+ 블랙 케이스 12g,건기식,기능성식품
persona_3,891,0.6388130187988281,에이피뷰티,에이피 리프트 앤 리뉴 더블 샷 프로그램 3ea,기타,미분류
persona_3,892,0.626810610294342,에이피뷰티,에이피 프라임 리저브 리트리니티 아이 앤 익스프레션 크림 20ml,스킨케어,크림
persona_3,893,0.6557890772819519,일리윤,NEW  세라마이드 아토 로션 564ml,기타,미분류
persona_3,894,0.6410301327705383,일리윤,울트라 리페어 로션 528ml,기타,미분류
persona_3,895,0.6502511501312256,일리윤,히알루론 모이스춰 수분크림 100ml,스킨케어,크림
persona_3,896,0.6306992769241333,일리윤,세라마이드 아토 집중 크림 230ml,스킨케어,크림
persona_3,897,0.6423202157020569,일리윤,세라마이드 아토 6.0 탑투토워시 500ml,기타,미분류
persona_3,898,0.6344872117042542,일리윤,세라마이드 아토 로션 350ml,기타,미분류
persona_3,899,0.6405534148216248,일리윤,세라마이드 아토 6.0 탑투토워시 500ml,기타,미분류
persona_3,900,0.6365498900413513,일리윤,울트라 리페어 로션 350ml,기타,미분류
persona_3,901,0.6372218728065491,일리윤,세라마이드 아토 집중 크림 500ml,스킨케어,크림
persona_3,902,0.636965811252594,일리윤,프레쉬 모이스춰 바디워시 500ml,바디,바디케어
persona_3,903,0.6365127563476562,일리윤,레드이치 케어크림 330ml,스킨케어,크림
persona_3,904,0.6425756216049194,일리윤,저자극 이지워시 선크림 SPF50+/PA++++ 150ml,선케어,선크림
persona_3,905,0.6350815296173096,일리윤,울트라 리페어 딥 모이스춰 워시 500ml,기타,미분류
persona_3,906,0.6275926828384399,일리윤,세라마이드 아토 6.0 탑투토워시 1000ml,기타,미분류
persona_3,907,0.6190701127052307,일리윤,세라마이드 아토 속보습 스킨 250ml,기타,미분류
persona_3,908,0.6462447643280029,일리윤,레드이치 케어크림 75ml,스킨케어,크림
persona_3,909,0.6268696188926697,일리윤,레드이치 케어오일 200ml,기타,미분류
persona_3,910,0.6590483784675598,일리윤,세라마이드 아토 여행용 키트,기타,미분류
persona_3,911,0.6287522315979004,일리윤,프로바이오틱스 스킨 배리어 약산성 여성청결제 300ml,기타,미분류
persona_3,912,0.6361080408096313,일리윤,프레쉬 모이스춰 립앤아이 리무버 300ml,클렌징,리무버
persona_3,913,0.6390700936317444,일리윤,레드이치 큐어밤 60ml,스킨케어,크림
persona_3,914,0.6241006255149841,일리윤,세라마이드 아토 버블워시 앤 샴푸 900ml,기타,미분류
persona_3,915,0.6176155209541321,일리윤,레드이치 케어크림 128ml,스킨케어,크림
persona_3,916,0.636226236820221,일리윤,프레쉬 모이스춰 로션 350ml,기타,미분류
persona_3,917,0.6340587139129639,일리윤,울트라 리페어 인텐시브 케어 크림 200ml,스킨케어,크림
persona_3,918,0.6144973039627075,일리윤,젠틀 딥 립앤아이 리무버 140ml,클렌징,리무버
persona_3,919,0.6330686807632446,일리윤,세라마이드 아토 수딩 젤 175ml,기타,미분류
persona_3,920,0.6348772048950195,일리윤,세라마이드 아토 5.0 젠틀스킨클렌져 400ml,기타,미분류
persona_3,921,0.6456221342086792,일리윤,무기자차 장벽 선크림 SPF50+/PA++++ 50ml,선케어,선크림
persona_3,922,0.6307169795036316,일리윤,데일리 무기자차 선스틱 SPF50+/PA++++ 20g,선케어,선크림
persona_3,923,0.6396625638008118,일리윤,세라마이드 아토 로션 508ml,기타,미분류
persona_3,924,0.6320875287055969,일리윤,튼살크림 330ml,스킨케어,크림
persona_3,925,0.618828535079956,일리윤,시카 아크네 클리어 필링 스크럽 200g,건기식,기능성식품
persona_3,926,0.6256763339042664,일리윤,시카 아크네 클리어 바디 워시 400ml,바디,바디케어
persona_3,927,0.6259308457374573,일리윤,젠틀 딥 클렌징 오일 250ml,기타,미분류
persona_3,928,0.6207550168037415,일리윤,시카 트러블 클리어 바디 미스트 200ml,바디,바디케어
persona_3,929,0.6228195428848267,일리윤,젠틀 딥 페이셜 클렌저 250ml,기타,미분류
persona_3,930,0.6381459832191467,일리윤,프로바이오틱스 스킨 배리어 젠틀 클렌저 300ml,기타,미분류
persona_3,931,0.6238868236541748,일리윤,세라마이드 아토 버블워시 앤 샴푸 400ml,기타,미분류
persona_3,932,0.6542741060256958,일리윤,히알루론 모이스춰 수분크림,스킨케어,크림
persona_3,933,0.6608315110206604,일리윤,세라마이드 아토 탑투토워시 본품+리필 SET,기타,미분류
persona_3,934,0.6583969593048096,일리윤,세라마이드 아토 로션 2입 SET,기타,미분류
persona_3,935,0.6290323138237,일리윤,인텐시브 세라마이드 비건 립 마스크 7g,스킨케어,마스크팩
persona_3,936,0.6598002910614014,일리윤,울트라 리페어 인텐시브 케어 크림,스킨케어,크림
persona_3,937,0.6581171751022339,일리윤,울트라 리페어 로션,기타,미분류
persona_3,938,0.6609680652618408,일리윤,울트라 리페어 딥 모이스춰 워시,기타,미분류
persona_3,939,0.659798800945282,일리윤,울트라 리페어 로션,기타,미분류
persona_3,940,0.6537327766418457,일리윤,데일리 무기자차 선스틱 SPF50+/PA++++,선케어,선크림
persona_3,941,0.6602299809455872,일리윤,레드이치 케어크림,스킨케어,크림
persona_3,942,0.6578311920166016,일리윤,레드이치 고보습 워시,기타,미분류
persona_3,943,0.6606150269508362,일리윤,레드이치 케어오일,기타,미분류
persona_3,944,0.6584050059318542,일리윤,레드이치 케어크림,스킨케어,크림
persona_3,945,0.631888210773468,일리윤,세라마이드 아토 집중 크림 230ml,스킨케어,크림
persona_3,946,0.647459089756012,일리윤,레드이치 크림 + 고보습 워시,스킨케어,크림
persona_3,947,0.6317592263221741,일리윤,세라마이드 아토 집중크림 230ml,스킨케어,크림
persona_3,948,0.6581929326057434,일리윤,세라마이드 아토 로션,기타,미분류
persona_3,949,0.6628065705299377,일리윤,무기자차 장벽 선크림 SPF50+/PA++++,선케어,선크림
persona_3,950,0.6624075174331665,일리윤,저자극 이지워시 선크림 SPF50+/PA++++,선케어,선크림
persona_3,951,0.6600500345230103,일리윤,세라마이드 아토 수딩 젤,기타,미분류
persona_3,952,0.6588696837425232,일리윤,프레쉬 모이스춰 바디워시,바디,바디케어
persona_3,953,0.6515844464302063,일리윤,세라마이드 아토 로션 564ml,기타,미분류
persona_3,954,0.6320915818214417,일리윤,레드이치 고보습 워시 470g,건기식,기능성식품
persona_3,955,0.6364039182662964,일리윤,세라마이드 무향 비건 립밤 3.2g,스킨케어,크림
persona_3,956,0.6411164999008179,일리윤,세라마이드 무향 비건 핸드크림 50ml,스킨케어,크림
persona_3,957,0.6557880640029907,이니스프리,레티놀 PDRN 앰플 겔 마스크 1매,스킨케어,마스크팩
persona_3,958,0.6404325366020203,이니스프리,한란 핸드 크림 50ml,스킨케어,크림
persona_3,959,0.6260136961936951,이니스프리,그린티 아미노 수분 클렌징 폼 150g,건기식,기능성식품
persona_3,960,0.6562564969062805,이니스프리,NEW 세럼/앰플 겔 마스크,스킨케어,마스크팩
persona_3,961,0.656010627746582,이니스프리,비타C 그린티 엔자임 세럼 겔 마스크 1매,스킨케어,마스크팩
persona_3,962,0.6390892863273621,이니스프리,마이 퍼퓸드 핸드크림 30ml,스킨케어,크림
persona_3,963,0.6586940884590149,이니스프리,고급 종이 면봉 150P,기타,미분류
persona_3,964,0.6526800990104675,이니스프리,New 납작 아이브로우 펜슬,메이크업,아이브로우
persona_3,965,0.656010627746582,이니스프리,레티놀 시카 리페어 앰플 겔 마스크 1매,스킨케어,마스크팩
persona_3,966,0.6303586363792419,이니스프리,그린티 아미노 수분 클렌징 오일 150ml,기타,미분류
persona_3,967,0.6452363133430481,이니스프리,노세범 미네랄 파우더 5g,건기식,기능성식품
persona_3,968,0.6266366839408875,이니스프리,그린티 아미노 수분 클렌징 워터 320ml,기타,미분류
persona_3,969,0.6463740468025208,이니스프리,블랙티 유스 인핸싱 앰플 마스크 28ml,스킨케어,마스크팩
persona_3,970,0.6374832987785339,이니스프리,유채꿀 립밤  3.5g,스킨케어,크림
persona_3,971,0.6258400082588196,이니스프리,그린티 세라마이드 밀크 에센스 160ml,스킨케어,에센스
persona_3,972,0.6265650987625122,이니스프리,듀이 틴트 립밤 3.2g,메이크업,립틴트
persona_3,973,0.6452363133430481,이니스프리,노세범 모이스처 파우더 5g,건기식,기능성식품
persona_3,974,0.652747631072998,이니스프리,비타C 그린티 엔자임세럼 기획세트,스킨케어,세럼
persona_3,975,0.6411792039871216,이니스프리,그린티 씨드 히알루론산 크림 50ml,스킨케어,크림
persona_3,976,0.6260136961936951,이니스프리,화산송이 모공 바하 클렌징 폼 150g,건기식,기능성식품
persona_3,977,0.629676342010498,이니스프리,노세범 미네랄 팩트 8.5g,스킨케어,마스크팩
persona_3,978,0.6590442657470703,이니스프리,레티놀 PDRN 앰플 겔 마스크 6매,스킨케어,마스크팩
persona_3,979,0.6257790327072144,이니스프리,스페셜케어마스크 풋 20ml,스킨케어,마스크팩
persona_3,980,0.6541880965232849,이니스프리,그린티 데일리 수딩 마스크 30매,스킨케어,마스크팩
persona_3,981,0.6308499574661255,이니스프리,화산송이 모공 바하 클렌징폼  250g,건기식,기능성식품
persona_3,982,0.6441863775253296,이니스프리,올리브 비타민 E 리얼 오일 미스트 75ml,기타,미분류
persona_3,983,0.6549480557441711,이니스프리,눈썹 수정칼 2P,건기식,기능성식품
persona_3,984,0.6251741647720337,이니스프리,그린티 씨드 히알루론산 세럼 대용량 130ml,스킨케어,세럼
persona_3,985,0.6265945434570312,이니스프리,퍼펙트 9 인텐시브 아이크림 30ml,스킨케어,크림
persona_3,986,0.6501131653785706,이니스프리,올리브 비타민 E 리얼 클렌징 티슈 30매,기타,미분류
persona_3,987,0.6159669160842896,이니스프리,마이 퍼퓸드 핸드크림 80ml,스킨케어,크림
persona_3,988,0.6288700103759766,이니스프리,그린티 히알루론산 스킨 170ml,기타,미분류
persona_3,989,0.6466165781021118,이니스프리,노세범 블러 프라이머 25ml,기타,미분류
persona_3,990,0.6515587568283081,이니스프리,블랙티 유스 인핸싱 앰플 대용량 단품 세트,스킨케어,앰플
persona_3,991,0.6150716543197632,이니스프리,그린티 씨드 히알루론산 크림  80ml,스킨케어,크림
persona_3,992,0.6339653730392456,이니스프리,블랙티 유스 인핸싱 오일 30ml,기타,미분류
persona_3,993,0.661433219909668,이니스프리,파우더 퍼프 1ea,기타,미분류
persona_3,994,0.6248277425765991,이니스프리,퍼펙트 9 인텐시브 크림 60ml,스킨케어,크림
persona_3,995,0.6424277424812317,이니스프리,노세범 AC 파우더 5g,건기식,기능성식품
persona_3,996,0.6374832987785339,이니스프리,유채꿀 립밤  3.5g,스킨케어,크림
persona_3,997,0.6257790327072144,이니스프리,스페셜케어마스크 핸드 20ml,스킨케어,마스크팩
persona_3,998,0.6405137181282043,이니스프리,블랙티 유스 인핸싱 크림 50ml,스킨케어,크림
persona_3,999,0.6551291346549988,이니스프리,화산송이 한지 기름종이 50매,기타,미분류
persona_3,1000,0.6343139410018921,이니스프리,비자 트러블 클렌징폼 150g,건기식,기능성식품
persona_3,1001,0.6238591074943542,이니스프리,그린티 히알루론산 로션 170ml,기타,미분류
persona_3,1002,0.625690758228302,이니스프리,비타C 그린티 엔자임 잡티 토닝 패드 60매/170ml,기타,미분류
persona_3,1003,0.6336864829063416,이니스프리,라이트 피팅 메이크업 베이스 SPF23/PA++ 30ml,선케어,선크림
persona_3,1004,0.6364544034004211,이니스프리,그린티 히알루론산 미스트 150ml,기타,미분류
persona_3,1005,0.6350449919700623,이니스프리,레티놀 시카 흔적 장벽 크림 50ml,스킨케어,크림
persona_3,1006,0.6289449334144592,이니스프리,그린티 세라마이드 밀크 에센스 리필 160ml,스킨케어,에센스
persona_3,1007,0.6319953799247742,이니스프리,한란 아이 크림 30ml,스킨케어,크림
persona_3,1008,0.6438583135604858,이니스프리,파워프루프 라이너  0.6g,메이크업,아이라이너
persona_3,1009,0.6242722868919373,이니스프리,올리브 비타민 E 리얼 스킨 170ml,기타,미분류
persona_3,1010,0.617603600025177,이니스프리,그린티 씨드 히알루론산 세럼 80ml,스킨케어,세럼
persona_3,1011,0.6257199048995972,이니스프리,레티놀 그린티 PDRN 스킨부스터 토너 170ml,기타,미분류
persona_3,1012,0.6299442648887634,이니스프리,올리브 비타민 E 리얼 로션 170ml,기타,미분류
persona_3,1013,0.6231244206428528,이니스프리,그린티 씨드 히알루론산 세럼 리필 80ml,스킨케어,세럼
persona_3,1014,0.6441588997840881,이니스프리,그린티 히알루론산 진정수분 선세럼 AD SPF50/PA++++ 50ml,선케어,선크림
persona_3,1015,0.6456842422485352,이니스프리,수퍼 화산송이 쿨민초 모공팩 100ml,스킨케어,마스크팩
persona_3,1016,0.6395182609558105,이니스프리,비타C 잡티 톤업 선스크린 SPF50+/PA++++ 50ml,선케어,선크림
persona_3,1017,0.6449869871139526,이니스프리,레티놀 그린티 PDRN 스킨부스터 앰플 25ml,스킨케어,앰플
persona_3,1018,0.6411792039871216,이니스프리,올리브 비타민e 리얼 크림 50ml,스킨케어,크림
persona_3,1019,0.6203352808952332,이니스프리,그린티 히알루론산 글로우 아이&페이스볼 10ml,기타,미분류
persona_3,1020,0.6518190503120422,이니스프리,그린티 씨드 히알루론산 스킨케어 세트,건기식,기능성식품
persona_3,1021,0.6417282223701477,이니스프리,애플씨드 립 앤 아이 메이크업 리무버 100ml,클렌징,리무버
persona_3,1022,0.6245301365852356,이니스프리,블랙티 유스 인핸싱 로션 170ml,기타,미분류
persona_3,1023,0.6420308947563171,이니스프리,비타C 엔자임 잡티 토닝 크림 50ml,스킨케어,크림
persona_3,1024,0.6394969820976257,이니스프리,한란인리치드크림 50ml,스킨케어,크림
persona_3,1025,0.6242894530296326,이니스프리,국화 여성 청결제 200ml,기타,미분류
persona_3,1026,0.6433826684951782,이니스프리,왕벚꽃 글로우 스킨핏 톤업크림 SPF50 / PA++++ 50ml,선케어,선크림
persona_3,1027,0.635589063167572,이니스프리,애플씨드 클렌징 크림 150ml,스킨케어,크림
persona_3,1028,0.6183597445487976,이니스프리,레티놀 그린티 PDRN 스킨부스터 앰플 40ml,스킨케어,앰플
persona_3,1029,0.6251385807991028,이니스프리,레티놀 시카 흔적 패드 60매/170ml,기타,미분류
persona_3,1030,0.5997279286384583,이니스프리,노세범 파우더 쿠션 SPF35/PA++ 14g,선케어,선크림
persona_3,1031,0.6411792039871216,이니스프리,그린티 씨드 히알루론산 크림  50ml,스킨케어,크림
persona_3,1032,0.6214010119438171,이니스프리,포레스트 포맨 쉐이빙 & 클렌징 폼 150g,건기식,기능성식품
persona_3,1033,0.6456842422485352,이니스프리,수퍼 화산송이 모공 마스크 100ml,스킨케어,마스크팩
persona_3,1034,0.6363797187805176,이니스프리,비타C 엔자임 잡티 토닝 크림 리필 50ml,스킨케어,크림
persona_3,1035,0.6139286756515503,이니스프리,청보리 마일드 필링젤 120ml,기타,미분류
persona_3,1036,0.6279176473617554,이니스프리,아일넘버 바디로션 씨즈더모먼트 300ml,바디,바디케어
persona_3,1037,0.6327425837516785,이니스프리,마이퍼퓸드바디 코튼플라워 바디로션 330ml,바디,바디케어
persona_3,1038,0.6463972330093384,이니스프리,포레스트 센서티브 올인원 에센스 100ml,스킨케어,에센스
persona_3,1039,0.6347230672836304,이니스프리,톤업 노세범 선스크린 EX SPF50+/PA++++ 60ml,선케어,선크림
persona_3,1040,0.6067211031913757,이니스프리,노세범 파우더 쿠션 리필 SPF35/PA++ 14g,선케어,선크림
persona_3,1041,0.6308499574661255,이니스프리,그린티 아미노 수분 클렌징폼  250g,건기식,기능성식품
persona_3,1042,0.6396867036819458,이니스프리,콜라겐 그린티 세라마이드 탄력장벽 크림 리필 50ml,스킨케어,크림
persona_3,1043,0.6187646985054016,이니스프리,링클 사이언스 스팟 트리트먼트 40ml,기타,미분류
persona_3,1044,0.6269442439079285,이니스프리,한란로션 170ml,기타,미분류
persona_3,1045,0.6438043117523193,이니스프리,심플라벨 워터프루프 펜슬라이너 0.1g,메이크업,아이라이너
persona_3,1046,0.6327425837516785,이니스프리,마이퍼퓸드바디 그린텐저린 바디로션 330ml,바디,바디케어
persona_3,1047,0.6463972330093384,이니스프리,포레스트 안티에이징 올인원 에센스 100ml,스킨케어,에센스
persona_3,1048,0.6285704374313354,이니스프리,비타C 그린티 엔자임 잡티 토닝 세럼 30ml,스킨케어,세럼
persona_3,1049,0.6265650987625122,이니스프리,듀이 트리트먼트 립밤 3.2g,스킨케어,크림
persona_3,1050,0.6420425772666931,이니스프리,유브이 액티브 포어리스 선스크린 SPF50+/PA++++ 50ml,선케어,선크림
persona_3,1051,0.6498741507530212,이니스프리,레티놀 시카 앰플 포커싱 패치 1개입 9매,스킨케어,앰플
persona_3,1052,0.634739875793457,이니스프리,알로에 리바이탈라이징 수딩젤 300ml,기타,미분류
persona_3,1053,0.622592568397522,이니스프리,라이트 피팅 컨실러 다크서클 커버 7g,건기식,기능성식품
persona_3,1054,0.6390472650527954,이니스프리,한란인리치드에센스 50ml,스킨케어,에센스
persona_3,1055,0.6269794702529907,이니스프리,아일넘버 바디워시 씨즈더모먼트 300ml,바디,바디케어
persona_3,1056,0.6315953135490417,이니스프리,스키니 꼼꼼카라 3.5g,건기식,기능성식품
persona_3,1057,0.6438658833503723,이니스프리,파워프루프 브러시 라이너 0.6g,메이크업,아이라이너
persona_3,1058,0.6417344808578491,이니스프리,히알루론 수분 선크림 SPF50+/PA++++ 50ml,선케어,선크림
persona_3,1059,0.6332924962043762,이니스프리,애플씨드 클렌징 오일 150ml,기타,미분류
persona_3,1060,0.6339653730392456,이니스프리,레티놀 시카 흔적 앰플 30ml,스킨케어,앰플
persona_3,1061,0.6339653730392456,이니스프리,블랙티 유스 인핸싱 앰플 30ml,스킨케어,앰플
persona_3,1062,0.6347118616104126,이니스프리,블랙티 유스 인핸싱 트리트먼트 에센스 145ml,스킨케어,에센스
persona_3,1063,0.6428138017654419,이니스프리,블랙티 유스 인핸싱 트리트먼트 에센스 75ml,스킨케어,에센스
persona_3,1064,0.6006779074668884,이니스프리,노세범 선쿠션 이엑스 SPF50+/PA++++ 14g,선케어,선크림
persona_3,1065,0.6410340666770935,이니스프리,하우스 스펀지 6p,기타,미분류
persona_3,1066,0.6339954733848572,이니스프리,콜라겐 그린티 세라마이드 탄력 장벽 크림 50ml,스킨케어,크림
persona_3,1067,0.6081545948982239,이니스프리,포어 블러 파우더 11g,건기식,기능성식품
persona_3,1068,0.6208518743515015,이니스프리,에어리매트 틴트 3.8g,메이크업,립틴트
persona_3,1069,0.6317025423049927,이니스프리,라이트 피팅 파운데이션 SPF20/PA++ 30ml,선케어,선크림
persona_3,1070,0.626198410987854,이니스프리,스키니 꼼꼼카라 Zero 3.5g,건기식,기능성식품
persona_3,1071,0.6347230672836304,이니스프리,인텐시브 롱래스팅 선스크린 EX SPF50+/PA++++ 60ml,선케어,선크림
persona_3,1072,0.6485692858695984,이니스프리,비자 트러블 로션 100ml,기타,미분류
persona_3,1073,0.6264902949333191,이니스프리,블랙티 유스 인핸싱 스킨 170ml,기타,미분류
persona_3,1074,0.6307410001754761,이니스프리,그린티 스킨 포맨 150ml,기타,미분류
persona_3,1075,0.6242310404777527,이니스프리,한란스킨 170ml,기타,미분류
persona_3,1076,0.6338707208633423,이니스프리,마이퍼퓸드바디 코튼플라워바디클렌저 330ml,바디,바디케어
persona_3,1077,0.6290574073791504,이니스프리,퍼펙트 9 인텐시브 세럼 50ml,스킨케어,세럼
persona_3,1078,0.6241294145584106,이니스프리,퍼펙트 9 인텐시브 스킨 200ml,기타,미분류
persona_3,1079,0.617684006690979,이니스프리,비자 시카 밤 EX 40ml,스킨케어,크림
persona_3,1080,0.6288700103759766,이니스프리,비자 트러블 토너 170ml,기타,미분류
persona_3,1081,0.6486559510231018,이니스프리,레티놀 시카 앰플 듀오 SET,스킨케어,앰플
persona_3,1082,0.6417344808578491,이니스프리,히알루론 수분 선크림 SPF50+/PA++++ 50ml,선케어,선크림
persona_3,1083,0.6307410001754761,이니스프리,그린티 로션 포맨 150ml,기타,미분류
persona_3,1084,0.6350216269493103,이니스프리,왕벚꽃 글로우 톤업 크림 50ml,스킨케어,크림
persona_3,1085,0.6259132027626038,이니스프리,스키니 브로우카라 4g,메이크업,아이브로우
persona_3,1086,0.6313065886497498,이니스프리,화산송이 모공 바하 클렌징 오일 150ml,기타,미분류
persona_3,1087,0.6220611333847046,이니스프리,인텐시브 레져 선스틱 SPF50+/PA++++ 18g,선케어,선크림
persona_3,1088,0.6283856630325317,이니스프리,올리브 비타민 E 리얼 클렌징폼 150g,건기식,기능성식품
persona_3,1089,0.6447066068649292,이니스프리,실키 파우더 블러쉬 6.2g,건기식,기능성식품
persona_3,1090,0.6363537907600403,이니스프리,애플씨드 버블 클렌저 150ml,기타,미분류
persona_3,1091,0.6299442648887634,이니스프리,화산송이 파하 모공 매끈결 토너 170ml,기타,미분류
persona_3,1092,0.6338707208633423,이니스프리,마이퍼퓸드바디 워터릴리바디클렌저 330ml,바디,바디케어
persona_3,1093,0.5997279286384583,이니스프리,라이트 글로우 쿠션 SPF26/PA++ 14g,선케어,선크림
persona_3,1094,0.628653347492218,이니스프리,비자 시카 밤 EX 대용량 70ml,스킨케어,크림
persona_3,1095,0.5962080359458923,이니스프리,퍼펙트 9 인텐시브 스킨케어 세트  퍼펙트 9 인텐시브 스킨 200ml+ 퍼펙트 9 인텐시브 로션 160ml &  세럼 5ml + 크림 10ml + 아이크림 5ml,스킨케어,세럼
persona_3,1096,0.6374832987785339,이니스프리,유채꿀 립밤 3.5g,스킨케어,크림
persona_3,1097,0.6278385519981384,이니스프리,포어 블러 팩트 12.5g,스킨케어,마스크팩
persona_3,1098,0.6267501711845398,이니스프리,아일 넘버 바디앤핸드워시 웜앤퍼지스 300ml,바디,바디케어
persona_3,1099,0.6386081576347351,이니스프리,아일넘버 핸드크림 씨즈더모먼트 50ml,스킨케어,크림
persona_3,1100,0.6338707208633423,이니스프리,마이퍼퓸드바디 그린텐저린바디클렌저 330ml,바디,바디케어
persona_3,1101,0.6271069645881653,이니스프리,포레스트 프레시 스킨 180ml,기타,미분류
persona_3,1102,0.6211046576499939,이니스프리,포레스트 프레시 로션 140ml,기타,미분류
persona_3,1103,0.6010897159576416,이니스프리,블랙티 유스 인핸싱 스킨 케어 세트  블랙티 유스 인핸싱 스킨 170ml + 블랙티 유스 인핸싱 로션 170ml&  스킨 15ml + 로션 15ml + 앰플 12ml,스킨케어,앰플
persona_3,1104,0.6200859546661377,이니스프리,퍼펙트 9 인텐시브 로션 160ml,기타,미분류
persona_3,1105,0.6347230672836304,이니스프리,톤업 노세범 선스크린 EX SPF50+/PA++++ 60ml,선케어,선크림
persona_3,1106,0.6197073459625244,이니스프리,비타C 엔자임 잡티 토닝 크림  80ml,스킨케어,크림
persona_3,1107,0.6253111958503723,이니스프리,화산송이 모공 듀얼 마스크 110ml,스킨케어,마스크팩
persona_3,1108,0.6330832839012146,이니스프리,올리브 비타민E 리얼 클렌징 오일 150ml,기타,미분류
persona_3,1109,0.6327425837516785,이니스프리,마이퍼퓸드바디 워터릴리 바디로션 330ml,바디,바디케어
persona_3,1110,0.6334477663040161,이니스프리,스컬프팅 파우더 쉐이딩 6.8g,건기식,기능성식품
persona_3,1111,0.6562496423721313,이니스프리,포레스트 프레시 스킨 로션 2종 세트,기타,미분류
persona_3,1112,0.6270903944969177,이니스프리,심플라벨 래스팅 펜슬 브로우 0.15g,메이크업,아이브로우
persona_3,1113,0.6399733424186707,이니스프리,심플라벨 마스카라 7.5g,메이크업,마스카라
persona_3,1114,0.6067211031913757,이니스프리,라이트 글로우 쿠션 리필 SPF26/PA++ 14g,선케어,선크림
persona_3,1115,0.6454706192016602,이니스프리,포레스트 포어 케어 올인원 에센스 100ml,스킨케어,에센스
persona_3,1116,0.6254399418830872,이니스프리,청보리 마일드 필링 토너 250ml,기타,미분류
persona_3,1117,0.6186615824699402,이니스프리,레티놀 PDRN 앰플 기획세트 40ml,스킨케어,앰플
persona_3,1118,0.6370738744735718,이니스프리,레티놀 시카 앰플 기획세트 50ml,스킨케어,앰플
persona_3,1119,0.6444261074066162,이니스프리,그린티 씨드 히알루론산 크림 기획세트,스킨케어,크림
persona_3,1120,0.647731363773346,이니스프리,마이 퍼퓸드 핸드크림 세트,스킨케어,크림
persona_3,1121,0.6186615824699402,이니스프리,레티놀 PDRN 앰플 기획세트 40ml,스킨케어,앰플
persona_3,1122,0.6243511438369751,이니스프리,그린티 밀크 에센스 160ml 더블 기획세트,스킨케어,에센스
persona_3,1123,0.6411413550376892,이니스프리,이니스프리 클렌징 폼,기타,미분류
persona_3,1124,0.6264448165893555,이니스프리,스페셜 케어 마스크  20ml,스킨케어,마스크팩
persona_3,1125,0.6150851845741272,이니스프리,그린티 세라마이드 크림 80ml,스킨케어,크림
persona_3,1126,0.6411275267601013,이니스프리,그린티 세라마이드 크림 50ml,스킨케어,크림
persona_3,1127,0.6411275267601013,이니스프리,그린티 세라마이드 크림 50ml,스킨케어,크림
persona_3,1128,0.6411792039871216,이니스프리,그린티 씨드 히알루론산 크림 50ml,스킨케어,크림
persona_3,1129,0.6343892812728882,이니스프리,톤업 워터링 선스크린 SPF50+/PA++++ 60ml,선케어,선크림
persona_3,1130,0.6301823258399963,이니스프리,스마트 블렌더  1p,기타,미분류
persona_3,1131,0.6468033790588379,이니스프리,쉬어 글로이 하이라이터 5.5g,건기식,기능성식품
persona_3,1132,0.6573534607887268,이니스프리,일반 화장솜 80매,기타,미분류
persona_3,1133,0.6323947906494141,이니스프리,그린펫클럽 꼼꼼 워터리스 발세정제  150ml,기타,미분류
persona_3,1134,0.6388349533081055,이니스프리,아일 넘버 핸드크림 웜앤퍼지스 50ml,스킨케어,크림
persona_3,1135,0.6438658833503723,이니스프리,파워프루프 펜 라이너 0.6g,메이크업,아이라이너
persona_3,1136,0.6350216269493103,이니스프리,왕벚꽃 글로우 젤리 크림 50ml,스킨케어,크림
persona_3,1137,0.6332306861877441,이니스프리,스퀴즈 에너지 마스크 1매 22ml,스킨케어,마스크팩
persona_3,1138,0.6370738744735718,이니스프리,레티놀 시카 흔적 앰플 50ml,스킨케어,앰플
persona_3,1139,0.6560400128364563,메디안,그린프로폴리스 치약 100g*3,건기식,기능성식품
persona_3,1140,0.655255138874054,메디안,이지클린 센서티브 칫솔 4입,기타,미분류
persona_3,1141,0.6586894392967224,메디안,소금의 명작 치약,기타,미분류
persona_3,1142,0.6193698644638062,메디안,후레쉬 치약 3입  120g*3,건기식,기능성식품
persona_3,1143,0.646116316318512,메디안,잇몸과학 치약 3입,기타,미분류
persona_3,1144,0.6489210724830627,메디안,NEW 치석케어칫솔 4입,기타,미분류
persona_3,1145,0.659296989440918,메디안,대나무숯 담은 칫솔 미세모 4입,기타,미분류
persona_3,1146,0.6471741795539856,메디안,듀얼이펙션 칫솔 4입 미세모,기타,미분류
persona_3,1147,0.6529537439346313,메디안,닥터메디안 멀티케어 치약,기타,미분류
persona_3,1148,0.6623742580413818,메디안,송천염 치약,기타,미분류
persona_3,1149,0.6519418358802795,메디안,젠티스트 치약 핑크 2입,기타,미분류
persona_3,1150,0.6254175305366516,메디안,구취과학 치약 프리징쿨 3입  120g*3,건기식,기능성식품
persona_3,1151,0.6550183892250061,메디안,그래핀 칫솔 4+1입,기타,미분류
persona_3,1152,0.6586894392967224,메디안,녹차의 명작 치약,기타,미분류
persona_3,1153,0.6535292267799377,메디안,미백과학 치약 플럼민트향,기타,미분류
persona_3,1154,0.6588352918624878,메디안,닥터메디안 칫솔 5+5입,기타,미분류
persona_3,1155,0.6403733491897583,메디안,365DAYS step3 충치 불소 어린이 펌핑 치약 300g,건기식,기능성식품
persona_3,1156,0.6586255431175232,메디안,플렉스 이펙션 칫솔 4입,기타,미분류
persona_3,1157,0.6516473293304443,메디안,키즈 365DAYS step3 칫솔 12입,기타,미분류
persona_3,1158,0.646116316318512,메디안,잇몸과학 칫솔 4입,기타,미분류
persona_3,1159,0.6602898836135864,메디안,골드와이드 칫솔 10입,기타,미분류
persona_3,1160,0.6576515436172485,메디안,365DAYS 고밀도 초극세모 딥클린 칫솔 16입,기타,미분류
persona_3,1161,0.6570658087730408,메디안,성인용 365DAYS 칫솔 12입,기타,미분류
persona_3,1162,0.6589027643203735,메디안,소금의 명작 칫솔 4입,기타,미분류
persona_3,1163,0.6511900424957275,메디안,그린프로폴리스 잇몸케어 칫솔 4+1입,기타,미분류
persona_3,1164,0.6495769619941711,메디안,키즈 365DAYS step3 칫솔 6입,기타,미분류
persona_3,1165,0.643114447593689,메디안,키즈 365DAYS step2 칫솔 12입,기타,미분류
persona_3,1166,0.6586255431175232,메디안,송천염 미세모 칫솔 4입,기타,미분류
persona_3,1167,0.6543295383453369,메디안,젠티스트 치약 핑크 100g,건기식,기능성식품
persona_3,1168,0.6589027643203735,메디안,녹차의 명작 칫솔 4입,기타,미분류
persona_3,1169,0.6571340560913086,메디안,젠티스트 치약 핑크 4입+쇼핑백 증정,건기식,기능성식품
persona_3,1170,0.6509956121444702,메디안,치석케어 치약 오리지널/구취/화이트/잇몸,기타,미분류
persona_3,1171,0.6300041079521179,비레디,웨이크업 생기 립밤 3g,스킨케어,크림
persona_3,1172,0.6300041079521179,라네즈,웨이크업 생기 립밤 3g,스킨케어,크림
persona_3,1173,0.6153404116630554,비레디,트루톤 로션  40ml,기타,미분류
persona_3,1174,0.6153404116630554,라네즈,트루톤 로션  40ml,기타,미분류
persona_3,1175,0.6529718041419983,비레디,블루 수분 선크림 1+1 기획세트 SPF50+PA++++,선케어,선크림
persona_3,1176,0.6529718041419983,라네즈,블루 수분 선크림 1+1 기획세트 SPF50+PA++++,선케어,선크림
persona_3,1177,0.6349384784698486,비레디,블루 파운데이션 SPF27/PA++ 35ml,선케어,선크림
persona_3,1178,0.6349384784698486,라네즈,블루 파운데이션 SPF27/PA++ 35ml,선케어,선크림
persona_3,1179,0.6226176619529724,비레디,블루쿠션 SPF34/PA++ 15g,선케어,선크림
persona_3,1180,0.6226176619529724,라네즈,블루쿠션 SPF34/PA++ 15g,선케어,선크림
persona_3,1181,0.650515615940094,비레디,무드업 듀얼 아이섀도우 브러쉬,메이크업,아이섀도우
persona_3,1182,0.650515615940094,라네즈,무드업 듀얼 아이섀도우 브러쉬,메이크업,아이섀도우
persona_3,1183,0.6195372343063354,비레디,블루쿠션 SPF34/PA++ 15g,선케어,선크림
persona_3,1184,0.6195372343063354,라네즈,블루쿠션 SPF34/PA++ 15g,선케어,선크림
persona_3,1185,0.6140598654747009,비레디,시카페인 트러블리셋 세럼 40ml,스킨케어,세럼
persona_3,1186,0.6140598654747009,라네즈,시카페인 트러블리셋 세럼 40ml,스킨케어,세럼
persona_3,1187,0.6431633234024048,비레디,블루 수분 선크림 SPF50+/PA++++ 50ml,선케어,선크림
persona_3,1188,0.6431633234024048,라네즈,블루 수분 선크림 SPF50+/PA++++ 50ml,선케어,선크림
persona_3,1189,0.646903932094574,비레디,프라이드업 아이브로우 0.6G,메이크업,아이브로우
persona_3,1190,0.646903932094574,라네즈,프라이드업 아이브로우 0.6G,메이크업,아이브로우
persona_3,1191,0.6308540105819702,비레디,블루 세범 파우더 7g,건기식,기능성식품
persona_3,1192,0.6308540105819702,라네즈,블루 세범 파우더 7g,건기식,기능성식품
persona_3,1193,0.6218892931938171,비레디,시카페인 트러블리셋 토너 250ml,기타,미분류
persona_3,1194,0.6218892931938171,라네즈,시카페인 트러블리셋 토너 250ml,기타,미분류
persona_3,1195,0.6283289790153503,비레디,시카페인 트러블리셋 크림 70ml,스킨케어,크림
persona_3,1196,0.6283289790153503,라네즈,시카페인 트러블리셋 크림 70ml,스킨케어,크림
persona_3,1197,0.647925615310669,비레디,블루 파운데이션 퍼프,기타,미분류
persona_3,1198,0.647925615310669,라네즈,블루 파운데이션 퍼프,기타,미분류
persona_3,1199,0.6431633234024048,비레디,하이드로 스웻프루프 선크림 SPF50+/PA++++ 50ml,선케어,선크림
persona_3,1200,0.6431633234024048,라네즈,하이드로 스웻프루프 선크림 SPF50+/PA++++ 50ml,선케어,선크림
persona_3,1201,0.6162509322166443,비레디,에어리 헤어 페이스트 80g,건기식,기능성식품
persona_3,1202,0.6162509322166443,라네즈,에어리 헤어 페이스트 80g,건기식,기능성식품
persona_3,1203,0.6551511883735657,비레디,4.4,기타,미분류
persona_3,1204,0.6551511883735657,라네즈,4.4,기타,미분류
persona_3,1205,0.6352395415306091,비레디,시카페인 트러블리셋 클렌징폼 150g,건기식,기능성식품
persona_3,1206,0.6352395415306091,라네즈,시카페인 트러블리셋 클렌징폼 150g,건기식,기능성식품
persona_3,1207,0.631783664226532,비레디,무드업 음영 아이팔레트 7g,건기식,기능성식품
persona_3,1208,0.631783664226532,라네즈,무드업 음영 아이팔레트 7g,건기식,기능성식품
persona_3,1209,0.6287770867347717,비레디,생기 립밤 3g,스킨케어,크림
persona_3,1210,0.6287770867347717,라네즈,생기 립밤 3g,스킨케어,크림
persona_3,1211,0.6287770867347717,비레디,생기 립밤 3g,스킨케어,크림
persona_3,1212,0.6287770867347717,라네즈,생기 립밤 3g,스킨케어,크림
persona_3,1213,0.6287770867347717,비레디,생기 립밤 3g,스킨케어,크림
persona_3,1214,0.6287770867347717,라네즈,생기 립밤 3g,스킨케어,크림
persona_3,1215,0.6511703133583069,비레디,블루 파운데이션 3호,기타,미분류
persona_3,1216,0.6511703133583069,라네즈,블루 파운데이션 3호,기타,미분류
persona_3,1217,0.6511703133583069,비레디,블루 파운데이션 2호,기타,미분류
persona_3,1218,0.6511703133583069,라네즈,블루 파운데이션 2호,기타,미분류
persona_3,1219,0.6570852398872375,비레디,블루쿠션 3호 제프리,기타,미분류
persona_3,1220,0.6570852398872375,라네즈,블루쿠션 3호 제프리,기타,미분류
persona_3,1221,0.6570852398872375,비레디,블루쿠션 2호 라이언,기타,미분류
persona_3,1222,0.6570852398872375,라네즈,블루쿠션 2호 라이언,기타,미분류
persona_3,1223,0.6592588424682617,비레디,시카페인 트러블리셋 2종,기타,미분류
persona_3,1224,0.6592588424682617,라네즈,시카페인 트러블리셋 2종,기타,미분류
persona_3,1225,0.6571474671363831,비레디,블루 수분 선크림 SPF50+/PA++++,선케어,선크림
persona_3,1226,0.6571474671363831,라네즈,블루 수분 선크림 SPF50+/PA++++,선케어,선크림
persona_3,1227,0.6546857953071594,퍼즐우드,메타그린 칼로리컷 젤리 다이어트 기능성 젤리 혈당탄수화물컷,기타,미분류
persona_3,1228,0.6487988233566284,퍼즐우드,메타그린 부스터샷 7일,기타,미분류
persona_3,1229,0.6533859372138977,퍼즐우드,메타그린 슬림업 다이어트 비건 기능성,기타,미분류
persona_3,1230,0.6530947685241699,퍼즐우드,메타그린 클린티 10입,기타,미분류
persona_3,1231,0.6487988233566284,퍼즐우드,녹차에서 온 유산균,기타,미분류
persona_3,1232,0.6523062586784363,퍼즐우드,슈퍼콜라겐 28입,기타,미분류
persona_3,1233,0.6522010564804077,퍼즐우드,멀티비타민미네랄,기타,미분류
persona_3,1234,0.6465064287185669,퍼즐우드,메타그린 효소 14입,기타,미분류
persona_3,1235,0.6498406529426575,퍼즐우드,슈퍼레티놀 30포,기타,미분류
persona_3,1236,0.6521447896957397,퍼즐우드,액티브 멀티팩,스킨케어,마스크팩
persona_3,1237,0.6547945737838745,퍼즐우드,오메가케어 30일,기타,미분류
persona_3,1238,0.6486160755157471,퍼즐우드,메타그린 슬림업,기타,미분류
persona_3,1239,0.6518617868423462,퍼즐우드,슈퍼콜라겐 골드,기타,미분류
persona_3,1240,0.6429435014724731,퍼즐우드,굿슬립 가바 365  식약처 인정 수면기능성,건기식,기능성식품
persona_3,1241,0.6488889455795288,퍼즐우드,슈퍼콜라겐 프리미엄,기타,미분류
persona_3,1242,0.6562148332595825,퍼즐우드,슈퍼에센셜,기타,미분류
persona_3,1243,0.6556521058082581,퍼즐우드,트루아이,기타,미분류
persona_3,1244,0.6616082787513733,퍼즐우드,슈퍼에센셜,기타,미분류
persona_3,1245,0.647224485874176,퍼즐우드,메타그린 골드 플러스,기타,미분류
persona_3,1246,0.6541883945465088,퍼즐우드,명작수 골드,기타,미분류
persona_3,1247,0.6536374092102051,퍼즐우드,명작수 골드,기타,미분류
persona_3,1248,0.6478256583213806,퍼즐우드,메타그린 골드 플러스 패밀리 기획세트,기타,미분류
persona_3,1249,0.6427489519119263,퍼즐우드,슈퍼콜라겐 골드,기타,미분류
persona_3,1250,0.6487988233566284,퍼즐우드,NEW 슈퍼시카 B5,기타,미분류
persona_3,1251,0.6527547836303711,퍼즐우드,액티브멀티팩 기획세트,스킨케어,마스크팩
persona_3,1252,0.6553881168365479,퍼즐우드,리버프라임,기타,미분류
persona_3,1253,0.6486160755157471,퍼즐우드,조이스텝 골드,기타,미분류
persona_3,1254,0.6527189612388611,퍼즐우드,올인원 멀티팩,스킨케어,마스크팩
persona_3,1255,0.6527547836303711,퍼즐우드,트루아이 기획세트,기타,미분류
persona_3,1256,0.6462273001670837,퍼즐우드,조이스텝 골드,기타,미분류
persona_3,1257,0.6545039415359497,퍼즐우드,슈퍼콜라겐 플래티넘,기타,미분류
persona_3,1258,0.6462273001670837,퍼즐우드,슈퍼콜라겐 플래티넘,기타,미분류
persona_3,1259,0.6527547836303711,퍼즐우드,슈퍼콜라겐 골드,기타,미분류
persona_3,1260,0.6583424210548401,퍼즐우드,비타클렌즈,기타,미분류
persona_3,1261,0.6538152098655701,퍼즐우드,굿슬립 가바 365,기타,미분류
persona_3,1262,0.6509106755256653,퍼즐우드,올인원 멀티팩,스킨케어,마스크팩
persona_3,1263,0.6498406529426575,퍼즐우드,슈퍼레티놀 30포,기타,미분류
persona_3,1264,0.6487988233566284,퍼즐우드,메타그린 부스터샷 7일,기타,미분류
persona_3,1265,0.6533859372138977,퍼즐우드,메타그린 슬림업 다이어트 비건 기능성,기타,미분류
persona_3,1266,0.652035653591156,퍼즐우드,슈퍼콜라겐 14입,기타,미분류
persona_3,1267,0.6449759006500244,퍼즐우드,슈퍼콜라겐 28입X2개 + 월리 우프 무드등,기타,미분류
persona_3,1268,0.6363207697868347,퍼즐우드,메타그린 슬림업 30일X3개 + 월리 뽀모도로 타이머 & 포스트카드,기타,미분류
persona_3,1269,0.6485211253166199,퍼즐우드,슈퍼레티놀 기획세트,기타,미분류
persona_3,1270,0.6583244800567627,퍼즐우드,슈퍼에센셜 기획세트,기타,미분류
persona_3,1271,0.654238224029541,퍼즐우드,리버프라임 105일,기타,미분류
persona_3,1272,0.6509106755256653,퍼즐우드,오메가케어 3입세트,기타,미분류
persona_3,1273,0.6474385261535645,퍼즐우드,NEW 슈퍼시카 B5,기타,미분류
persona_3,1274,0.6519026756286621,퍼즐우드,메타그린 슬림업,기타,미분류
persona_3,1275,0.6536424160003662,퍼즐우드,메타그린 슬림업,기타,미분류
persona_3,1276,0.6474385261535645,퍼즐우드,메타그린 부스터샷 7일,기타,미분류
persona_3,1277,0.6524413824081421,퍼즐우드,메타그린 부스터샷 7일,기타,미분류
persona_3,1278,0.6580931544303894,퍼즐우드,메타그린 효소,기타,미분류
persona_3,1279,0.6523393392562866,퍼즐우드,메타그린 부스터샷 7일,기타,미분류
persona_3,1280,0.6516902446746826,퍼즐우드,메타그린 부스터샷 7일,기타,미분류
persona_3,1281,0.6511303186416626,퍼즐우드,메타그린 클린티 10입,기타,미분류
persona_3,1282,0.6485211253166199,퍼즐우드,슈퍼레티놀 30포,기타,미분류
persona_3,1283,0.6521883010864258,퍼즐우드,슈퍼콜라겐 28입,기타,미분류
persona_3,1284,0.6557509303092957,퍼즐우드,슈퍼에센셜 28입,기타,미분류
persona_3,1285,0.6562903523445129,퍼즐우드,메타그린 슬림업,기타,미분류
persona_3,1286,0.6451382040977478,퍼즐우드,메타그린 골드 플러스 패밀리기획,기타,미분류
persona_3,1287,0.6511303186416626,퍼즐우드,메타그린 칼로리컷 젤리,기타,미분류
persona_3,1288,0.6474385261535645,퍼즐우드,녹차에서 온 유산균,기타,미분류
persona_3,1289,0.6531383395195007,퍼즐우드,메타그린 슬림업,기타,미분류
persona_3,1290,0.654238224029541,퍼즐우드,프로바이오틱스 골드,기타,미분류
persona_3,1291,0.6439490914344788,퍼즐우드,프로바이오틱스&이뮨,기타,미분류
persona_3,1292,0.6185119152069092,마몽드,BEST 플로라 글로우 로즈 리퀴드 마스크 80ml,스킨케어,마스크팩
persona_3,1293,0.6350409388542175,마몽드,프로바이오틱스 세라마이드 앰플 마스크팩 23ml,스킨케어,마스크팩
persona_3,1294,0.6403404474258423,마몽드,BEST 어메이징 딥 민트 클렌징밤 90ml,스킨케어,크림
persona_3,1295,0.6616672277450562,마몽드,프로바이오틱스 세라마이드 2종 세트,기타,미분류
persona_3,1296,0.6350550651550293,마몽드,에이지 컨트롤 카멜리아 앰플 마스크팩 23ml,스킨케어,마스크팩
persona_3,1297,0.6405549049377441,마몽드,에이지 컨트롤 카멜리아 크림 50ml,스킨케어,크림
persona_3,1298,0.658246636390686,마몽드,어메이징 딥 민트 클렌징 티슈 70매,기타,미분류
persona_3,1299,0.6341723799705505,마몽드,프로바이오틱스 세라마이드 에멀젼 150ml,기타,미분류
persona_3,1300,0.6359222531318665,마몽드,프로바이오틱스 세라마이드 인텐스 크림 60ml,스킨케어,크림
persona_3,1301,0.6299694776535034,마몽드,플로라 글로우 로즈 워터 토너 500ml 500ml,기타,미분류
persona_3,1302,0.6431452631950378,마몽드,BEST 카밍 샷 아줄렌 흔적 수분 앰플 50ml,스킨케어,앰플
persona_3,1303,0.6507381200790405,마몽드,4.8,기타,미분류
persona_3,1304,0.6228444576263428,마몽드,세라마이드 아미노 폼 120g,건기식,기능성식품
persona_3,1305,0.6406413912773132,마몽드,맨 리차징 로션 150ml,기타,미분류
persona_3,1306,0.6350550651550293,마몽드,카밍 샷 아줄렌 앰플 마스크팩 23ml,스킨케어,마스크팩
persona_3,1307,0.628677248954773,마몽드,프로바이오틱스 세라마이드 스킨소프너 200ml,기타,미분류
persona_3,1308,0.6350550651550293,마몽드,플로라 글로우 로즈 앰플 마스크팩 23ml,스킨케어,마스크팩
persona_3,1309,0.6340604424476624,마몽드,맨 리차징 토너 180ml,기타,미분류
persona_3,1310,0.6351269483566284,마몽드,에이지 컨트롤 카멜리아 에멀젼 125ml,기타,미분류
persona_3,1311,0.6397541761398315,마몽드,에이지 컨트롤 카멜리아 세럼 50ml,스킨케어,세럼
persona_3,1312,0.6313125491142273,마몽드,어메이징 딥 민트 클렌징밤 180ml,스킨케어,크림
persona_3,1313,0.6547298431396484,마몽드,맨 리차징 2종 세트,기타,미분류
persona_3,1314,0.636935293674469,마몽드,카밍 샷 아줄렌 크림 60ml,스킨케어,크림
persona_3,1315,0.6281962394714355,마몽드,어메이징 딥 민트 클렌징폼 120ml,기타,미분류
persona_3,1316,0.635546863079071,마몽드,에이지 컨트롤 카멜리아 에센스 워터 150ml,스킨케어,에센스
persona_3,1317,0.6369385123252869,마몽드,플로라 글로우 로즈 워터 토너 300ml,기타,미분류
persona_3,1318,0.6406323313713074,마몽드,카밍 샷 아줄렌 선크림 SPF50+PA++++ 35ml,선케어,선크림
persona_3,1319,0.6267474889755249,마몽드,포어 슈링커 바쿠치올 레티놀 토너 200ml,기타,미분류
persona_3,1320,0.6413602232933044,마몽드,플로라 글로우 로즈 스무딩 크림 50ml,스킨케어,크림
persona_3,1321,0.6389757394790649,마몽드,포어 슈링커 바쿠치올 크림 60ml,스킨케어,크림
persona_3,1322,0.6395225524902344,마몽드,포어 슈링커 바쿠치올 세럼 50ml,스킨케어,세럼
persona_3,1323,0.6323544383049011,마몽드,어메이징 딥 민트차콜릿 클렌징밤 90ml,스킨케어,크림
persona_3,1324,0.6519355177879333,마몽드,에이지 컨트롤 카멜리아 2종 세트,기타,미분류
persona_3,1325,0.6273379921913147,마몽드,어메이징 딥 민트차콜릿 팩클렌저 135g,스킨케어,마스크팩
persona_3,1326,0.6344161033630371,마몽드,플로라 글로우 로즈 틴티드 선세럼 35ml,스킨케어,세럼
persona_3,1327,0.6522993445396423,마몽드,좋아요,기타,미분류
persona_3,1328,0.6583424210548401,마몽드,좋아요,기타,미분류
persona_3,1329,0.6418273448944092,마몽드,플로라글로우 로즈 볼마스크 3.5ml,스킨케어,마스크팩
persona_3,1330,0.6358525156974792,마몽드,에이지컨트롤 카멜리아 크림 50ml X2개,스킨케어,크림
persona_3,1331,0.6647061109542847,마몽드,사은품,기타,미분류
persona_3,1332,0.639659583568573,마몽드,카밍 샷 아줄렌 흔적 수분 앰플 50ml X2개,스킨케어,앰플
persona_3,1333,0.6325939893722534,마몽드,어메이징 딥 민트 클렌징밤 90ml X2개,스킨케어,크림
persona_3,1334,0.6163814663887024,마몽드,플로라글로우 로즈 리퀴드 마스크 80ml X2개,스킨케어,마스크팩
persona_3,1335,0.6525278091430664,마몽드,플로라글로우 로즈 하이드로겔 마스크,스킨케어,마스크팩
persona_3,1336,0.6350706219673157,마몽드,플로라글로우 로즈 볼마스크 3.5ml,스킨케어,마스크팩
persona_3,1337,0.6182417273521423,마몽드,NEW 플로라글로우 로즈 슬리핑 마스크 80g,스킨케어,마스크팩
persona_3,1338,0.6567140817642212,마몽드,플로라글로우 로즈 하이드로겔 마스크,스킨케어,마스크팩
persona_3,1339,0.6398548483848572,마몽드,플로라 글로우 로즈 볼마스크 3.5ml,스킨케어,마스크팩
persona_3,1340,0.631787121295929,마몽드,NEW 오리지널 레시피 허니 모델링팩  66g,스킨케어,마스크팩
persona_3,1341,0.6315277814865112,마몽드,NEW 카밍샷 아줄렌 모델링팩  66g,스킨케어,마스크팩
persona_3,1342,0.654290497303009,마몽드,프로바이오틱스 세라마이드 앰플 마스크팩,스킨케어,마스크팩
persona_3,1343,0.6551587581634521,마몽드,카밍 샷 아줄렌 앰플 마스크팩,스킨케어,마스크팩
persona_3,1344,0.6551587581634521,마몽드,에이지 컨트롤 카멜리아 앰플 마스크팩,스킨케어,마스크팩
persona_3,1345,0.654290497303009,마몽드,플로라글로우 로즈 앰플 마스크팩,스킨케어,마스크팩
persona_3,1346,0.6594608426094055,마몽드,프로바이오틱스 세라마이드 에멀젼,기타,미분류
persona_3,1347,0.6583542227745056,마몽드,프로바이오틱스 세라마이드 스킨소프너,기타,미분류
persona_3,1348,0.653283417224884,마몽드,맨 리차징 토너,기타,미분류
persona_3,1349,0.6609950065612793,마몽드,에이지 컨트롤 카멜리아 크림,스킨케어,크림
persona_3,1350,0.659525990486145,마몽드,에이지 컨트롤 카멜리아 세럼,스킨케어,세럼
persona_3,1351,0.6373149156570435,마몽드,카밍 샷 아줄렌 토너 300ml,기타,미분류
persona_3,1352,0.6533679962158203,마몽드,플로라글로우 로즈 앰플 마스크팩,스킨케어,마스크팩
persona_3,1353,0.6541880965232849,마몽드,에이지 컨트롤 카멜리아 앰플 마스크팩,스킨케어,마스크팩
persona_3,1354,0.6541880965232849,마몽드,카밍 샷 아줄렌 앰플 마스크팩,스킨케어,마스크팩
persona_3,1355,0.6533679962158203,마몽드,프로바이오틱스 세라마이드 앰플 마스크팩,스킨케어,마스크팩
persona_3,1356,0.6598873734474182,마몽드,어메이징 딥 민트 클렌징폼,기타,미분류
persona_3,1357,0.6395225524902344,마몽드,포어 슈링커 바쿠치올 세럼 50ml,스킨케어,세럼
persona_3,1358,0.6538921594619751,오설록,"22,400원",기타,미분류
persona_3,1359,0.6377459168434143,오설록,"11,700원",기타,미분류
persona_3,1360,0.6433302760124207,오설록,"13,300원",기타,미분류
persona_3,1361,0.6650228500366211,오설록,"5,400원",기타,미분류
persona_3,1362,0.6567904353141785,오설록,"22,500원",기타,미분류
persona_3,1363,0.6581528186798096,오설록,"21,850원",기타,미분류
persona_3,1364,0.6713369488716125,오설록,"5,700원",기타,미분류
persona_3,1365,0.6466962695121765,오설록,"12,600원",기타,미분류
persona_3,1366,0.6433302760124207,오설록,"13,300원",기타,미분류
persona_3,1367,0.65511554479599,오설록,"9,900원",기타,미분류
persona_3,1368,0.6713369488716125,오설록,"5,700원",기타,미분류
persona_3,1369,0.6560521125793457,오설록,"10,450원",기타,미분류
persona_3,1370,0.65511554479599,오설록,"9,900원",기타,미분류
persona_3,1371,0.649608314037323,오설록,"21,600원",기타,미분류
persona_3,1372,0.6590536832809448,오설록,"26,250원",기타,미분류
persona_3,1373,0.6388681530952454,오설록,"11,000원",기타,미분류
persona_3,1374,0.6377459168434143,오설록,"11,700원",기타,미분류
persona_3,1375,0.6510693430900574,오설록,"27,000원",기타,미분류
persona_3,1376,0.65511554479599,오설록,"9,900원",기타,미분류
persona_3,1377,0.65511554479599,오설록,"9,900원",기타,미분류
persona_3,1378,0.6654459238052368,오설록,"9,500원",기타,미분류
persona_3,1379,0.6577419638633728,오설록,"23,750원",기타,미분류
persona_3,1380,0.6377459168434143,오설록,"11,700원",기타,미분류
persona_3,1381,0.6413582563400269,오설록,"15,300원",기타,미분류
persona_3,1382,0.6388681530952454,오설록,"11,000원",기타,미분류
persona_3,1383,0.6588435769081116,오설록,"24,000원",기타,미분류
persona_3,1384,0.6525596380233765,오설록,"24,300원",기타,미분류
persona_3,1385,0.6388681530952454,오설록,"11,000원",기타,미분류
persona_3,1386,0.65511554479599,오설록,"9,900원",기타,미분류
persona_3,1387,0.6361111402511597,오설록,"8,550원",기타,미분류
persona_3,1388,0.65511554479599,오설록,"9,900원",기타,미분류
persona_3,1389,0.6514928340911865,오설록,"45,900원",기타,미분류
persona_3,1390,0.6433302760124207,오설록,"13,300원",기타,미분류
persona_3,1391,0.6565030217170715,오설록,"9,900원",기타,미분류
persona_3,1392,0.6453632116317749,오설록,"27,000원",기타,미분류
persona_3,1393,0.6549787521362305,오설록,"12,350원",기타,미분류
persona_3,1394,0.65511554479599,오설록,"9,900원",기타,미분류
persona_3,1395,0.6363310813903809,오설록,"14,850원",기타,미분류
persona_3,1396,0.65511554479599,오설록,"9,900원",기타,미분류
persona_3,1397,0.6618690490722656,오설록,"17,550원",기타,미분류
persona_3,1398,0.6618690490722656,오설록,"17,550원",기타,미분류
persona_3,1399,0.65511554479599,오설록,"9,900원",기타,미분류
persona_3,1400,0.6525596380233765,오설록,"24,300원",기타,미분류
persona_3,1401,0.6361111402511597,오설록,"8,550원",기타,미분류
persona_3,1402,0.6363310813903809,오설록,"14,850원",기타,미분류
persona_3,1403,0.6363310813903809,오설록,"14,850원",기타,미분류
persona_3,1404,0.6525596380233765,오설록,"24,300원",기타,미분류
persona_3,1405,0.65511554479599,오설록,"9,900원",기타,미분류
persona_3,1406,0.6477227210998535,오설록,"66,300원",기타,미분류
persona_3,1407,0.6608017086982727,오설록,"54,400원",기타,미분류
persona_3,1408,0.65511554479599,오설록,"9,900원",기타,미분류
persona_3,1409,0.6363310813903809,오설록,"14,850원",기타,미분류
persona_3,1410,0.6565030217170715,오설록,"9,000원",기타,미분류
persona_3,1411,0.6388681530952454,오설록,"11,000원",기타,미분류
persona_3,1412,0.6525596380233765,오설록,"24,300원",기타,미분류
persona_3,1413,0.65511554479599,오설록,"9,900원",기타,미분류
persona_3,1414,0.6525596380233765,오설록,"24,300원",기타,미분류
persona_3,1415,0.6486389636993408,오설록,"38,000원",기타,미분류
persona_3,1416,0.6384826302528381,오설록,"8,000원",기타,미분류
persona_3,1417,0.6618690490722656,오설록,"17,550원",기타,미분류
persona_3,1418,0.6525596380233765,오설록,"24,300원",기타,미분류
persona_3,1419,0.6560521125793457,오설록,"10,450원",기타,미분류
persona_3,1420,0.6538602709770203,오설록,"7,200원",기타,미분류
persona_3,1421,0.6538602709770203,오설록,"7,200원",기타,미분류
persona_3,1422,0.65511554479599,오설록,"9,900원",기타,미분류
persona_3,1423,0.65511554479599,오설록,"9,900원",기타,미분류
persona_3,1424,0.6499125361442566,오설록,"16,650원",기타,미분류
persona_3,1425,0.6433302760124207,오설록,"13,300원",기타,미분류
persona_3,1426,0.6440578103065491,오설록,"14,250원",기타,미분류
persona_3,1427,0.6548638939857483,오설록,"12,375원",기타,미분류
persona_3,1428,0.6566533446311951,오설록,"93,500원",기타,미분류
persona_3,1429,0.6410295963287354,오설록,"12,600원",기타,미분류
persona_3,1430,0.6363310813903809,오설록,"14,850원",기타,미분류
persona_3,1431,0.6363310813903809,오설록,"14,850원",기타,미분류
persona_3,1432,0.6538602709770203,오설록,"7,200원",기타,미분류
persona_3,1433,0.6363310813903809,오설록,"14,850원",기타,미분류
persona_3,1434,0.6548638939857483,오설록,"12,375원",기타,미분류
persona_3,1435,0.6548638939857483,오설록,"12,375원",기타,미분류
persona_3,1436,0.6363310813903809,오설록,"14,850원",기타,미분류
persona_3,1437,0.6363310813903809,오설록,"14,850원",기타,미분류
persona_3,1438,0.6565030217170715,오설록,"9,900원",기타,미분류
persona_3,1439,0.6525596380233765,오설록,"24,300원",기타,미분류
persona_3,1440,0.6403331160545349,오설록,"14,850원",기타,미분류
persona_3,1441,0.6466962695121765,오설록,"12,600원",기타,미분류
persona_3,1442,0.655274510383606,오설록,"24,300원",기타,미분류
persona_3,1443,0.6363310813903809,오설록,"14,850원",기타,미분류
persona_3,1444,0.6525596380233765,오설록,"24,300원",기타,미분류
persona_3,1445,0.6525596380233765,오설록,"24,300원",기타,미분류
persona_3,1446,0.6525596380233765,오설록,"24,300원",기타,미분류
persona_3,1447,0.6466962695121765,오설록,"12,600원",기타,미분류
persona_3,1448,0.6384923458099365,오설록,"127,500원",기타,미분류
persona_3,1449,0.6403331160545349,오설록,"14,850원",기타,미분류
persona_3,1450,0.6363310813903809,오설록,"14,850원",기타,미분류
persona_3,1451,0.6405077576637268,오설록,"11,700원",기타,미분류
persona_3,1452,0.6515357494354248,오설록,"37,800원",기타,미분류
persona_3,1453,0.6595211625099182,오설록,"39,000원",기타,미분류
persona_3,1454,0.657413899898529,오설록,"30,000원",기타,미분류
persona_3,1455,0.6654459238052368,오설록,"9,500원",기타,미분류
persona_3,1456,0.6433302760124207,오설록,"13,300원",기타,미분류
persona_3,1457,0.6377459168434143,오설록,"11,700원",기타,미분류
persona_3,1458,0.6405077576637268,오설록,"11,700원",기타,미분류
persona_3,1459,0.6388681530952454,오설록,"11,000원",기타,미분류
persona_3,1460,0.6427990198135376,오설록,"15,200원",기타,미분류
persona_3,1461,0.6561586260795593,오설록,"19,800원",기타,미분류
persona_3,1462,0.6427990198135376,오설록,"15,200원",기타,미분류
persona_3,1463,0.641732394695282,려,함빛/청아/흑운/민감 샴푸&컨디셔너 480ml,기타,미분류
persona_3,1464,0.6122084259986877,려,루트젠 탈모증상전문케어 두피 에센스 80ml,스킨케어,에센스
persona_3,1465,0.6260364651679993,려,두피 편한 검은콩 염색 120g,건기식,기능성식품
persona_3,1466,0.6062439680099487,려,자양윤모 9ex 탈모증상전문케어 샴푸 400ml,기타,미분류
persona_3,1467,0.6503337025642395,려,루트젠 여성 맞춤 탈모증상전문케어 샴푸 515ml,기타,미분류
persona_3,1468,0.6356684565544128,려,헤어쿠션  7g,건기식,기능성식품
persona_3,1469,0.6289558410644531,려,루트젠 여성 맞춤 탈모증상전문케어 샴푸 리필팩 400ml,스킨케어,마스크팩
persona_3,1470,0.6354528069496155,려,댄트롤 비듬샴푸 박하/멘톨/애플 820ml,기타,미분류
persona_3,1471,0.6503337025642395,려,루트젠 남성 맞춤 탈모증상전문케어 샴푸 515ml,기타,미분류
persona_3,1472,0.6303396821022034,려,진생보 두피모발영양 샴푸/컨디셔너 400ml,기타,미분류
persona_3,1473,0.6359565258026123,려,자양윤모 9이엑스 탈모증상전문케어 모근강화 트리트먼트 330ml,기타,미분류
persona_3,1474,0.6503337025642395,려,루트젠 여성 맞춤 탈모증상전문케어 트리트먼트 515ml,기타,미분류
persona_3,1475,0.6292091012001038,려,명품 에이치비엑스 탈모증상완화 앰플 샴푸 500ml,스킨케어,앰플
persona_3,1476,0.6534619927406311,려,루트젠 두피코어강화 아쿠아필 두피토닉 100ml,기타,미분류
persona_3,1477,0.652762770652771,려,루트젠 두피코어강화 두피청정샴푸 515ml,기타,미분류
persona_3,1478,0.6363036632537842,려,함빛 극손상 앤 영양 트리트먼트 300ml,기타,미분류
persona_3,1479,0.6346614360809326,려,자양윤모 탈모전문케어 경주달밤/여수하늘 트리트먼트 200ml,기타,미분류
persona_3,1480,0.6406782865524292,려,루트젠 탈모증상전문케어 헤어볼륨필러 150ml,기타,미분류
persona_3,1481,0.6595500111579895,려,루트젠 두피코어강화 두피 청정샴푸,건기식,기능성식품
persona_3,1482,0.659850537776947,려,자양윤모 9이엑스 탈모증상전문케어 모근강화 트리트먼트,기타,미분류
persona_3,1483,0.6599133014678955,려,자양윤모 탈모증상전문케어 샴푸 지성두피용,기타,미분류
persona_3,1484,0.6591982245445251,려,루트젠 남성 맞춤 탈모증상전문케어 샴푸,기타,미분류
persona_3,1485,0.630505383014679,려,루트젠 탈모케어 트리플샷 두피리페어 세럼 60ml,스킨케어,세럼
persona_3,1486,0.6577390432357788,려,루트젠 두피코어강화 아쿠아필 두피토닉,기타,미분류
persona_3,1487,0.6573102474212646,려,루트젠 탈모증상전문케어 두피 에센스,스킨케어,에센스
persona_3,1488,0.6246248483657837,려,진생보 두피모발영양 샴푸 400ml,기타,미분류
persona_3,1489,0.6596145629882812,려,루트젠 여성 맞춤 탈모증상전문케어 샴푸,기타,미분류
persona_3,1490,0.6594473719596863,려,루트젠 여성 맞춤 탈모증상전문케어 샴푸,기타,미분류
persona_3,1491,0.6584004759788513,려,루트젠 여성 맞춤 탈모증상전문케어 샴푸+두피에센스,스킨케어,에센스
persona_3,1492,0.6577628254890442,려,루트젠 여성 맞춤 탈모증상전문케어 샴푸+리필,기타,미분류
persona_3,1493,0.6603084802627563,려,루트젠 탈모증상전문케어 여성 샴푸+남성 샴푸,기타,미분류
persona_3,1494,0.6603084802627563,려,루트젠 여성 맞춤 탈모증상전문케어 샴푸+트리트먼트,기타,미분류
persona_3,1495,0.6151995658874512,려,우아채 영양새치염색  120g,건기식,기능성식품
persona_3,1496,0.6509106755256653,설화수,자음2종 세트,기타,미분류
persona_3,1497,0.6289441585540771,설화수,순행클렌징폼 200ml,기타,미분류
persona_3,1498,0.6520310640335083,설화수,탄력3종 세트,기타,미분류
persona_3,1499,0.641959547996521,설화수,탄력크림 단품세트 75ml,스킨케어,크림
persona_3,1500,0.6320828795433044,설화수,순행클렌징오일 200ml,기타,미분류
persona_3,1501,0.6524282693862915,설화수,본윤 데일리 루틴,기타,미분류
persona_3,1502,0.641959547996521,설화수,탄력크림 단품세트 75ml,스킨케어,크림
persona_3,1503,0.6521883010864258,설화수,자음생2종 세트,기타,미분류
persona_3,1504,0.6260296702384949,설화수,윤조에센스 6세대 단품세트 90ml,스킨케어,에센스
persona_3,1505,0.6557947397232056,설화수,,기타,미분류
persona_3,1506,0.6292224526405334,설화수,자음유액 EX 125ml,기타,미분류
persona_3,1507,0.6517521739006042,설화수,윤조에센스 6세대,스킨케어,에센스
persona_3,1508,0.6374091506004333,설화수,자음수 EX 150ml,기타,미분류
persona_3,1509,0.6391745805740356,설화수,상백톤업선크림 SPF50+/PA++++ 50ml,선케어,선크림
persona_3,1510,0.6252316236495972,설화수,옥용팩 120ml,스킨케어,마스크팩
persona_3,1511,0.6148316860198975,설화수,자음생아이크림 15ml,스킨케어,크림
persona_3,1512,0.6135431528091431,설화수,퍼펙팅 쿠션 SPF50+/PA+++ 15g,선케어,선크림
persona_3,1513,0.6525876522064209,설화수,퍼펙팅 쿠션 에어리 SPF50+/PA+++,선케어,선크림
persona_3,1514,0.6190070509910583,설화수,여윤팩 120ml,스킨케어,마스크팩
persona_3,1515,0.6134068965911865,설화수,퍼펙팅 쿠션 에어리 SPF50+/PA+++ 15g,선케어,선크림
persona_3,1516,0.6508946418762207,설화수,퍼펙팅 립컬러,기타,미분류
persona_3,1517,0.641959547996521,설화수,탄력크림 EX 75ml,스킨케어,크림
persona_3,1518,0.6521447896957397,설화수,윤조마스크 5매,스킨케어,마스크팩
persona_3,1519,0.6240491271018982,설화수,윤조립밤 3g,스킨케어,크림
persona_3,1520,0.6391745805740356,설화수,상백선크림 SPF50+/PA++++ 50ml,선케어,선크림
persona_3,1521,0.6511303186416626,설화수,퍼펙팅 트윈 케이크,기타,미분류
persona_3,1522,0.650435745716095,설화수,진설수유액 2종 세트,기타,미분류
persona_3,1523,0.6422255039215088,설화수,본윤선크림 SPF50+/PA++++ 50ml,선케어,선크림
persona_3,1524,0.6528053283691406,설화수,퍼펙팅 쿠션 SPF50+/PA+++,선케어,선크림
persona_3,1525,0.6391679048538208,설화수,자음생크림 리치 단품세트 50ml,스킨케어,크림
persona_3,1526,0.6271812319755554,설화수,자음생유액 125ml,기타,미분류
persona_3,1527,0.6397578716278076,설화수,탄력크림 EX 50ml,스킨케어,크림
persona_3,1528,0.6355236172676086,설화수,NEW 자음생클렌징폼 150g,건기식,기능성식품
persona_3,1529,0.6183486580848694,설화수,자음생앰플 20g,스킨케어,앰플
persona_3,1530,0.6558975577354431,설화수,자음생캡슐세럼 단품세트,스킨케어,세럼
persona_3,1531,0.6389945149421692,설화수,자음생캡슐세럼 50ml,스킨케어,세럼
persona_3,1532,0.6259149312973022,설화수,백삼팩 120ml,스킨케어,마스크팩
persona_3,1533,0.6347653269767761,설화수,자음생수 150ml,기타,미분류
persona_3,1534,0.6461639404296875,설화수,자음생마스크EX 5매,스킨케어,마스크팩
persona_3,1535,0.6220319867134094,설화수,본윤에센스 140ml,스킨케어,에센스
persona_3,1536,0.6176084876060486,설화수,시그니처 진생 페이셜 솝 1입 120g,건기식,기능성식품
persona_3,1537,0.6420515179634094,설화수,상백선플루이드 SPF50+/PA+++ 50ml,선케어,선크림
persona_3,1538,0.6199451088905334,설화수,퍼펙팅 파우더 20g,건기식,기능성식품
persona_3,1539,0.6324396729469299,설화수,본윤유액 90ml,기타,미분류
persona_3,1540,0.6385051608085632,설화수,자음생크림 단품세트 50ml,스킨케어,크림
persona_3,1541,0.652639627456665,설화수,퍼펙팅 쿠션 에어리 SPF50+/PA+++,선케어,선크림
persona_3,1542,0.610244870185852,설화수,시그니처 진생 페이셜 솝 2입 120g*2,건기식,기능성식품
persona_3,1543,0.6347349286079407,설화수,진설유액 125ml,기타,미분류
persona_3,1544,0.656125545501709,설화수,,스킨케어,크림
persona_3,1545,0.6348289251327515,설화수,자음생세럼 브라이트닝 50ml,스킨케어,세럼
persona_3,1546,0.6322345733642578,설화수,진설크림 60ml,스킨케어,크림
persona_3,1547,0.6305201649665833,설화수,진설클렌징폼 150g,건기식,기능성식품
persona_3,1548,0.6523062586784363,설화수,퍼펙팅 스킨커버,기타,미분류
persona_3,1549,0.6363392472267151,설화수,자음생캡슐세럼 30ml,스킨케어,세럼
persona_3,1550,0.6346051096916199,설화수,자음생크림 30ml,스킨케어,크림
persona_3,1551,0.634981632232666,설화수,진설수 150ml,기타,미분류
persona_3,1552,0.6333075761795044,설화수,자음생크림 리치 30ml,스킨케어,크림
persona_3,1553,0.6368504166603088,설화수,진설세럼 50ml,스킨케어,세럼
persona_3,1554,0.6540257334709167,설화수,퍼펙팅 쿠션 에어리 트리플  SPF50+/PA+++,선케어,선크림
persona_3,1555,0.6540688276290894,설화수,퍼펙팅 쿠션 트리플  SPF50+/PA+++,선케어,선크림
persona_3,1556,0.6385051608085632,설화수,자음생크림 리치 50ml,스킨케어,크림
persona_3,1557,0.6395475268363953,설화수,자음생크림 50ml,스킨케어,크림
persona_3,1558,0.6524211764335632,설화수,퍼펙팅 쿠션 SPF50+/PA+++,선케어,선크림
persona_3,1559,0.6365966796875,설화수,진설크림 60ml,스킨케어,크림
persona_3,1560,0.6108072996139526,설화수,자음생앰플 브라이트닝 20g,스킨케어,앰플
persona_3,1561,0.630789577960968,설화수,진설크림 리치 60ml,스킨케어,크림
persona_3,1562,0.6365664601325989,설화수,자음생세럼 브라이트닝 30ml,스킨케어,세럼
persona_3,1563,0.6338921189308167,설화수,퍼펙팅 틴티드 크림 35ml,스킨케어,크림
persona_3,1564,0.636991560459137,설화수,퍼펙팅 베일 프라이머 35ml,기타,미분류
persona_3,1565,0.6258680820465088,설화수,자음생크림 리치 30ml + 월리 우프 무드등,스킨케어,크림
persona_3,1566,0.6165095567703247,설화수,윤조에센스 90ml 세트 + 월리 우프 무드등,스킨케어,에센스
persona_3,1567,0.6348586082458496,설화수,자음생크림 리치 50ml 단품기획세트,스킨케어,크림
persona_3,1568,0.6210334300994873,설화수,윤조에센스 6세대 90ml 단품기획세트,스킨케어,에센스
persona_3,1569,0.6089771389961243,설화수,퍼펙팅 트윈 케이크 11g,건기식,기능성식품
persona_3,1570,0.6358936429023743,설화수,윤조에센스 6세대 기프트박스 30ml,스킨케어,에센스
persona_3,1571,0.635016143321991,설화수,진설크림 리치 60ml,스킨케어,크림
persona_3,1572,0.6305376887321472,설화수,진설세럼 30ml,스킨케어,세럼
persona_3,1573,0.6303932666778564,설화수,진설크림 30ml,스킨케어,크림
persona_3,1574,0.6412221193313599,설화수,퍼펙팅 파운데이션 SPF17/PA+ 35ml,선케어,선크림
persona_4,0,0.6500475406646729,메이크온,메이크온 시너지 마스크,스킨케어,마스크팩
persona_4,1,0.6390318274497986,메이크온,가볍게 마시는 히알루론산,건기식,기능성식품
persona_4,2,0.6420689821243286,메이크온,스킨 라이트 테라피 III,디바이스,스킨기기
persona_4,3,0.6559505462646484,메이크온,스킨 라이트 테라피 3S,디바이스,스킨기기
persona_4,4,0.6492793560028076,메이크온,젬 소노 테라피 릴리프,디바이스,스킨기기
persona_4,5,0.6378902792930603,메이크온,히알루로닉 스파 캡슐 24개입,건기식,기능성식품
persona_4,6,0.6389873027801514,메이크온,마그네타이트 바디롤러,바디,바디케어
persona_4,7,0.6563127636909485,메이크온,,기타,미분류
persona_4,8,0.6446953415870667,메이크온,페이셜 부스팅 스파,기타,미분류
persona_4,9,0.6422219276428223,에뛰드,수분가득 콜라겐 시트 마스크 25ml,스킨케어,마스크팩
persona_4,10,0.6445733308792114,에뛰드,드로잉 아이 브로우 0.25g,메이크업,아이브로우
persona_4,11,0.6506922245025635,에뛰드,진저슈가 립케어 2종 기획세트,메이크업,립제품
persona_4,12,0.6522735953330994,에뛰드,왓츠 인 마이 아이즈,메이크업,아이섀도우
persona_4,13,0.6425845623016357,에뛰드,디어 달링 워터젤 틴트,메이크업,립틴트
persona_4,14,0.6435995697975159,에뛰드,왓츠 인 마이 아이즈 카페 더블,메이크업,아이섀도우
persona_4,15,0.624309778213501,에뛰드,수분가득 콜라겐 딥시트 마스크 37ml,스킨케어,마스크팩
persona_4,16,0.6497274041175842,에뛰드,순정 디렉터 수분 선크림 기획세트 SPF50+/PA++++,선케어,선크림
persona_4,17,0.6271459460258484,에뛰드,닥터 마스카라 픽서 포 래쉬  6g,메이크업,마스카라
persona_4,18,0.6244316101074219,에뛰드,프루프 10 젤 방수 펜슬 0.3 g,메이크업,아이라이너
persona_4,19,0.6463378071784973,에뛰드,순정 디렉터 선크림,선케어,선크림
persona_4,20,0.6159306168556213,에뛰드,뽀오얀 미소 발효 립&아이 리무버 250ml,클렌징,리무버
persona_4,21,0.6318217515945435,에뛰드,님프 광채볼류머 투명한 물광 24g,건기식,기능성식품
persona_4,22,0.6437258124351501,에뛰드,청순거짓 브라우카라 대용량 기획세트,기타,미분류
persona_4,23,0.6485493779182434,에뛰드,컬 픽스 마스카라,메이크업,마스카라
persona_4,24,0.6276040077209473,에뛰드,블링블링 아이스틱 1.4g,건기식,기능성식품
persona_4,25,0.6377682089805603,에뛰드,라인 픽스 브러쉬 라이너 0.5g,메이크업,아이라이너
persona_4,26,0.6365768313407898,에뛰드,팡팡 헤어 섀도우 3.5g,메이크업,아이섀도우
persona_4,27,0.6208059787750244,에뛰드,픽싱틴트 4g,메이크업,립틴트
persona_4,28,0.6184301972389221,에뛰드,진저슈가 립밤스틱 3.7g,건기식,기능성식품
persona_4,29,0.6176190972328186,에뛰드,진저슈가 에센셜 립밤 15ml,스킨케어,크림
persona_4,30,0.6432512998580933,에뛰드,그림자쉐딩 재창조 & 재창조 쉐딩스틱 기획세트,기타,미분류
persona_4,31,0.6206146478652954,에뛰드,슈팅빔 하이라이터 3g,건기식,기능성식품
persona_4,32,0.6505351066589355,에뛰드,순정 디렉터 톤업 수정 선크림 기획 세트 SPF50+/PA++++,선케어,선크림
persona_4,33,0.637457013130188,에뛰드,베어 엣지 슬림 브로우 0.1g,메이크업,아이브로우
persona_4,34,0.618584156036377,에뛰드,플레이 101 스틱 컨투어 듀오,기타,미분류
persona_4,35,0.6392314434051514,에뛰드,컬픽스 마스카라 올인원 3종 세트,메이크업,마스카라
persona_4,36,0.6401883363723755,에뛰드,"6,400원",기타,미분류
persona_4,37,0.603556752204895,에뛰드,아이돌 리얼 래쉬 픽서 8ml,메이크업,마스카라
persona_4,38,0.6454517245292664,에뛰드,베이킹 파우더 모공 클렌징 폼 듀오세트,기타,미분류
persona_4,39,0.6219682693481445,에뛰드,포근 픽싱틴트 4g,메이크업,립틴트
persona_4,40,0.6236600279808044,에뛰드,순정 약산성 클렌징 밀크 200ml,기타,미분류
persona_4,41,0.6440880298614502,에뛰드,리얼아트 클렌징 오일 모이스처 2종 세트,기타,미분류
persona_4,42,0.6433812379837036,에뛰드,디어달링 마커틴트,메이크업,립틴트
persona_4,43,0.637837827205658,에뛰드,님프 듀이 베이스프렙 30ml,기타,미분류
persona_4,44,0.6425120830535889,에뛰드,뽀용 아이 메이커,기타,미분류
persona_4,45,0.6271556615829468,에뛰드,재창조 메이커 1g,건기식,기능성식품
persona_4,46,0.6285997033119202,에뛰드,오 마이 래쉬 쌩얼 카라 7ml,기타,미분류
persona_4,47,0.6237679719924927,에뛰드,파워 래쉬 속눈썹 영양제 6g,건기식,기능성식품
persona_4,48,0.6411378979682922,에뛰드,재창조 메이커 오버립,기타,미분류
persona_4,49,0.6303741335868835,에뛰드,순정 약산성 5.5 폼 클렌저 150ml,기타,미분류
persona_4,50,0.6180989742279053,에뛰드,진저슈가 오버나이트 립마스크 23g,스킨케어,마스크팩
persona_4,51,0.6248401403427124,에뛰드,수분가득 콜라겐 아이크림 28ml,스킨케어,크림
persona_4,52,0.6330093741416931,에뛰드,컬러 래스팅 글로우 스틱 3.2g,건기식,기능성식품
persona_4,53,0.6171534657478333,에뛰드,빅 커버 스킨 핏 컨실러 7g,건기식,기능성식품
persona_4,54,0.6266123652458191,에뛰드,닥터 마스카라 픽서 6g,메이크업,마스카라
persona_4,55,0.6351620554924011,에뛰드,뽀오얀 미소 발효 클렌징오일 150ml,기타,미분류
persona_4,56,0.6238529682159424,에뛰드,베이킹 파우더 B.B 딥 클렌징폼 160g,건기식,기능성식품
persona_4,57,0.6497274041175842,에뛰드,순정 디렉터 무기자차 선크림 기획세트 SPF50+/PA++++,선케어,선크림
persona_4,58,0.6306825876235962,에뛰드,피지쏙 파우더 5g,건기식,기능성식품
persona_4,59,0.6146713495254517,에뛰드,오마이래쉬 마스카라 1호 탑코트 12g,메이크업,마스카라
persona_4,60,0.6385589241981506,에뛰드,플레이 멀티 아이즈,메이크업,아이섀도우
persona_4,61,0.5995826125144958,에뛰드,피지쏙 젤리 파우더 8g,건기식,기능성식품
persona_4,62,0.6440443396568298,에뛰드,원더포어 프레쉬너 2종 세트,기타,미분류
persona_4,63,0.6302534341812134,에뛰드,더블 래스팅 비건 커버 파운데이션 SPF32/PA++ 30 g,선케어,선크림
persona_4,64,0.6389474272727966,에뛰드,순정 판텐소사이드10 시카밤 50ml,스킨케어,크림
persona_4,65,0.5997787117958069,에뛰드,래쉬 업 콤브 마스카라 8g,메이크업,마스카라
persona_4,66,0.6132825016975403,에뛰드,글로우 픽싱 틴트 3.8g,메이크업,립틴트
persona_4,67,0.6440348625183105,에뛰드,러블리쿠키 블러셔,기타,미분류
persona_4,68,0.6128966212272644,에뛰드,마스카라 전용 리무버 80ml,메이크업,마스카라
persona_4,69,0.6149297952651978,에뛰드,립 앤 아이 리무버 250ml,클렌징,리무버
persona_4,70,0.6411378979682922,에뛰드,오버 글로이 틴트,메이크업,립틴트
persona_4,71,0.6303048133850098,에뛰드,뽀오얀 미소 발효 클렌징폼 150ml,기타,미분류
persona_4,72,0.6153618693351746,에뛰드,하트 팝 블러셔 4g,건기식,기능성식품
persona_4,73,0.6138381958007812,에뛰드,순정 2x 베리어 보습 크림 60ml,스킨케어,크림
persona_4,74,0.6310659646987915,에뛰드,순정 약산성 6.5 휩 클렌저 150ml,기타,미분류
persona_4,75,0.6154674291610718,에뛰드,순정 약산성 5.5 진정 토너 350ml,기타,미분류
persona_4,76,0.6441136598587036,에뛰드,애교살 메이커,기타,미분류
persona_4,77,0.6445661187171936,에뛰드,페이스 브라이트너,기타,미분류
persona_4,78,0.6270235776901245,에뛰드,디어달링 오일틴트 4.2g,메이크업,립틴트
persona_4,79,0.6529300212860107,에뛰드,그림자 쉐딩 브러쉬,기타,미분류
persona_4,80,0.6229446530342102,에뛰드,진저슈가 멜팅 밤 2.3g,스킨케어,크림
persona_4,81,0.630311906337738,에뛰드,럭키 립햄치크 1.5g,건기식,기능성식품
persona_4,82,0.6441136598587036,에뛰드,홀리데이 에디션,기타,미분류
persona_4,83,0.6220074892044067,에뛰드,순정 10무 수분 에멀전 130ml,기타,미분류
persona_4,84,0.6359333992004395,에뛰드,순정 수분 베리어 크림 75ml,스킨케어,크림
persona_4,85,0.6441040635108948,에뛰드,그림자 쉐딩 브러쉬 1개입,기타,미분류
persona_4,86,0.6376246809959412,에뛰드,2X 쌩얼 라이너 0.5g,메이크업,아이라이너
persona_4,87,0.6112172603607178,에뛰드,AC 클린업 핑크스팟 15ml,기타,미분류
persona_4,88,0.6134783029556274,에뛰드,마이 래쉬 세럼 18g,스킨케어,세럼
persona_4,89,0.6382227540016174,에뛰드,소프트 픽스 메이크업 픽서 50ml,메이크업,마스카라
persona_4,90,0.6485565304756165,에뛰드,그림자 쉐딩 브러쉬,기타,미분류
persona_4,91,0.6261916756629944,에뛰드,피지쏙 팩트 9.5g,스킨케어,마스크팩
persona_4,92,0.6034389138221741,에뛰드,시크릿 빔 파우더 팩트 15g,스킨케어,마스크팩
persona_4,93,0.6459357142448425,에뛰드,립 앤 아이 리무버 100ml,클렌징,리무버
persona_4,94,0.6216151714324951,에뛰드,리얼아트 클렌징 오일 모이스처 185ml,기타,미분류
persona_4,95,0.6417568325996399,에뛰드,클라우드 필터 쿠션 기획세트 SPF42/PA+++,선케어,선크림
persona_4,96,0.631795346736908,에뛰드,님프 광채 볼류머 + 컨실러 2종 기획세트,기타,미분류
persona_4,97,0.6489035487174988,에뛰드,재창조 메이커 애교살 라이너,메이크업,아이라이너
persona_4,98,0.6154763698577881,에뛰드,베이킹 파우더 사각사각 모공 스크럽 200g,건기식,기능성식품
persona_4,99,0.6451495885848999,에뛰드,반짝눈물 라이너,메이크업,아이라이너
persona_4,100,0.6445494890213013,에뛰드,수분가득 콜라겐 크림 75ml,스킨케어,크림
persona_4,101,0.6235759258270264,에뛰드,수분가득 콜라겐 에멀전 180ml,기타,미분류
persona_4,102,0.6426743865013123,에뛰드,수분가득 콜라겐 2종 세트,기타,미분류
persona_4,103,0.6417568325996399,에뛰드,클라우드 필터 쿠션 기획세트 SPF42/PA+++,선케어,선크림
persona_4,104,0.6083691120147705,에뛰드,클라우드 필터 쿠션 SPF42/PA+++ 15g,선케어,선크림
persona_4,105,0.6544406414031982,에뛰드,그림자 쉐딩,기타,미분류
persona_4,106,0.641552746295929,에뛰드,오버 글로이 틴트 기획세트,메이크업,립틴트
persona_4,107,0.6146030426025391,에뛰드,슈가컬러링 젤리밤 9g,스킨케어,크림
persona_4,108,0.6095889210700989,에뛰드,오버 글로이 글로스 2.8g,건기식,기능성식품
persona_4,109,0.6259070634841919,에뛰드,프루티 립앤치크 블러밤 2.3g,스킨케어,크림
persona_4,110,0.6433825492858887,에뛰드,마이 베스트 톤 아이즈 2구,메이크업,아이섀도우
persona_4,111,0.6312904357910156,에뛰드,수분가득 콜라겐 클렌징 폼 150g,건기식,기능성식품
persona_4,112,0.6442689299583435,에뛰드,룩 앳 마이 아이즈,메이크업,아이섀도우
persona_4,113,0.6447227001190186,에뛰드,뉴이어 컬렉션,기타,미분류
persona_4,114,0.6485493779182434,에뛰드,컬러래스팅 글로우 스틱,기타,미분류
persona_4,115,0.6388622522354126,에뛰드,더블래스팅 커버 컨실러 팔레트,기타,미분류
persona_4,116,0.6435887217521667,에뛰드,디어달링 필오프 립스테인,기타,미분류
persona_4,117,0.6406518816947937,에뛰드,컬픽스 스키니 마스카라 1+1 기획세트,메이크업,마스카라
persona_4,118,0.6284435391426086,에뛰드,팡팡 헤어카라 픽서 10ml,메이크업,마스카라
persona_4,119,0.5904689431190491,에뛰드,진저슈가 립세럼 13g,스킨케어,세럼
persona_4,120,0.6401811242103577,에뛰드,님프 광채 볼류머 듀오 기획세트,기타,미분류
persona_4,121,0.6303048133850098,에뛰드,AC 클린업 클렌징 폼 150ml,기타,미분류
persona_4,122,0.6522790193557739,에뛰드,피지쏙 젤리 파우더 퍼프 2P,기타,미분류
persona_4,123,0.6420704126358032,에뛰드,카페인더 딥 에디션,기타,미분류
persona_4,124,0.6251744627952576,에뛰드,올데이 맑은 BB 크림 SPF36/PA+++ 35ml,선케어,선크림
persona_4,125,0.6183760166168213,에뛰드,순정 약산성 클렌징 밀크 200ml,기타,미분류
persona_4,126,0.639909565448761,에뛰드,플레이 멀티 아이즈 마루 너만을 오로지 사랑해,메이크업,아이섀도우
persona_4,127,0.6238440871238708,에뛰드,벌룬 인 치크 6g,건기식,기능성식품
persona_4,128,0.6342785358428955,에뛰드,컬픽스 마스카라 1호 블랙  & 마스카라 픽서 퍼펙트래쉬,메이크업,마스카라
persona_4,129,0.6411378979682922,에뛰드,사르르 당충전 컬렉션,기타,미분류
persona_4,130,0.6071779727935791,에뛰드,클라우드 필터 쿠션 SPF42/PA+++ 15g,선케어,선크림
persona_4,131,0.6433812379837036,에뛰드,밀키베리 에디션,기타,미분류
persona_4,132,0.6411378979682922,에뛰드,오버 글로이 틴트,메이크업,립틴트
persona_4,133,0.6417056322097778,에뛰드,오버글로이 틴트,메이크업,립틴트
persona_4,134,0.6364863514900208,에뛰드,하트팝 블러셔,기타,미분류
persona_4,135,0.6364863514900208,에뛰드,낫배드 컬렉션,기타,미분류
persona_4,136,0.6504397392272949,에뛰드,하트팝 듀오 블러셔,기타,미분류
persona_4,137,0.6463627219200134,에뛰드,님프 광채 볼류머 투명한 물광,기타,미분류
persona_4,138,0.6425845623016357,에뛰드,마이 베스트 톤 아이즈,메이크업,아이섀도우
persona_4,139,0.6364863514900208,에뛰드,하트팝 블러셔,기타,미분류
persona_4,140,0.6319342851638794,에뛰드,순정판텐소사이드10시카밤 50ml *2,스킨케어,크림
persona_4,141,0.6463088989257812,에뛰드,순정 판텐소사이드 마스크 25ml,스킨케어,마스크팩
persona_4,142,0.6256774663925171,에뛰드,0.2 테라피 에어 마스크 20ml,스킨케어,마스크팩
persona_4,143,0.6135109663009644,에뛰드,뽀오얀 미소 발효 립&아이 리무버 250ml,클렌징,리무버
persona_4,144,0.6311686038970947,에뛰드,뽀오얀 클렌징 오일 + 뽀오얀 클렌징 폼,기타,미분류
persona_4,145,0.5955468416213989,에뛰드,오마이래쉬 마스카라 1호 탑코트 12g *2,메이크업,마스카라
persona_4,146,0.6077165007591248,에뛰드,마스카라 전용 리무버 80ml *2,메이크업,마스카라
persona_4,147,0.615031361579895,에뛰드,파워 래쉬 속눈썹 영양제 6g*2,건기식,기능성식품
persona_4,148,0.6287372708320618,에뛰드,제로피지 드라잉 파우더 4g,건기식,기능성식품
persona_4,149,0.6163790225982666,에뛰드,수분가득 콜라겐 토너 200ml,기타,미분류
persona_4,150,0.6120572090148926,에스트라,아토베리어365 크림 80ml,스킨케어,크림
persona_4,151,0.6194261908531189,에스트라,아토베리어365 크림 80ml or 로션150ml,스킨케어,크림
persona_4,152,0.6191518902778625,에스트라,아토베리어365크림미스트 120ml,스킨케어,크림
persona_4,153,0.6292378902435303,에스트라,아토베리어365 세라-히알 속수분 앰플 30ml,스킨케어,앰플
persona_4,154,0.609525203704834,에스트라,아토베리어365 바디로션 400ml,바디,바디케어
persona_4,155,0.6245020627975464,에스트라,아토베리어365 하이드로 에센스 200ml,스킨케어,에센스
persona_4,156,0.6386255025863647,에스트라,아토베리어365 버블클렌저 150ml,기타,미분류
persona_4,157,0.6319190859794617,에스트라,아토베리어365 로션 150ml,기타,미분류
persona_4,158,0.640856921672821,에스트라,더마UV365 무기자차 선크림 or 톤업 선크림 or 비타C광채 수분 선크림 SPF 50+/ PA++++ 40ml,선케어,선크림
persona_4,159,0.6331785321235657,에스트라,리제덤365 모공탄력 캡슐세럼 30ml,스킨케어,세럼
persona_4,160,0.611236035823822,에스트라,테라크네365 클리어 딥 클렌징 폼 200g,건기식,기능성식품
persona_4,161,0.6188007593154907,에스트라,아토베리어365 바디크림 250ml,스킨케어,크림
persona_4,162,0.6273880004882812,에스트라,아토베리어 365 하이드로 수딩크림 60ml,스킨케어,크림
persona_4,163,0.6170651316642761,에스트라,에이시카365 흔적진정세럼pH4.5 40ml,스킨케어,세럼
persona_4,164,0.6227894425392151,에스트라,에이시카 365 수분토너pH4.5 200ml,기타,미분류
persona_4,165,0.6227462291717529,에스트라,NEW 테라크네365 나이아신아마이드5% 흔적 바디 미스트 200ml,바디,바디케어
persona_4,166,0.6285150647163391,에스트라,테라크네365 수딩 액티브 모이스처라이저 60ml,기타,미분류
persona_4,167,0.6346470713615417,에스트라,에이시카365 리페어 크림pH4.5 60ml,스킨케어,크림
persona_4,168,0.6297652721405029,에스트라,테라크네365 액티브 세럼 30ml,스킨케어,세럼
persona_4,169,0.6196644306182861,에스트라,에이시카365 쿨링팩패드pH4.5 110ml,스킨케어,마스크팩
persona_4,170,0.623829185962677,에스트라,테라크네365 하이드로 액티브 토너 200ml,기타,미분류
persona_4,171,0.6140557527542114,에스트라,NEW 리제덤365 레티노이드 아이세럼 15ml,스킨케어,세럼
persona_4,172,0.6340668201446533,에스트라,리제덤365 밀도탄력 캡슐크림 50ml,스킨케어,크림
persona_4,173,0.6118654608726501,에스트라,NEW 더마UV365 비타C 광채수분 선크림 SPF50+ PA++++ 40ml,선케어,선크림
persona_4,174,0.634479284286499,에스트라,더마UV365 레드진정 톤업 선크림 SPF 50+/ PA++++ 40ML,선케어,선크림
persona_4,175,0.620606005191803,에스트라,아토베리어365 크림 150ml*2개 대용량 홀리데이 에디션,스킨케어,크림
persona_4,176,0.6224575638771057,에스트라,아토베리어365 크림 150ml 홀리데이 에디션,스킨케어,크림
persona_4,177,0.6242910623550415,에스트라,리제덤365 모공탄력 캡슐세럼 30ml*2개 + 월리 우프 무드등,스킨케어,세럼
persona_4,178,0.6001846194267273,에스트라,아토베리어365 크림 80ml*3개 + 월리 우프 무드등,스킨케어,크림
persona_4,179,0.6138144731521606,에스트라,에이시카365 흔적진정세럼pH4.5 40ml 더블 세트,스킨케어,세럼
persona_4,180,0.6234628558158875,에스트라,아토베리어365 로션 150ml 더블 세트,기타,미분류
persona_4,181,0.6293885707855225,에스트라,아토베리어365 크림 80ml+세라-히알 속수분 앰플 30ml 더블 세트,스킨케어,앰플
persona_4,182,0.6044240593910217,에스트라,아토베리어365 크림 80ml 더블 세트,스킨케어,크림
persona_4,183,0.6241983771324158,에스트라,테라크네365 액티브 세럼 30ml*2,스킨케어,세럼
persona_4,184,0.622260332107544,에스트라,테라크네 365 바디미스트 200ml,바디,바디케어
persona_4,185,0.6229170560836792,에스트라,에이시카365 쿨링팩 패드pH4.5 110ml,스킨케어,마스크팩
persona_4,186,0.6396234631538391,에스트라,NEW 더마UV365 비타C 광채수분 선크림 40mlX2개 SPF50+ PA++++,선케어,선크림
persona_4,187,0.6214274168014526,에스트라,에이시카365 수분토너pH4.5 200ml*2,기타,미분류
persona_4,188,0.6289283037185669,에스트라,에이시카365 리페어 크림pH4.5 60ml*2,스킨케어,크림
persona_4,189,0.6434928178787231,에스트라,에이시카 365 수분토너pH4.5+에이시카 365 흔적진정세럼pH4.5,스킨케어,세럼
persona_4,190,0.6299431324005127,에스트라,리제덤365 밀도탄력 캡슐크림 50ml*2개,스킨케어,크림
persona_4,191,0.611707329750061,에스트라,리제덤365 레티노이드 아이세럼 15ml*2개,스킨케어,세럼
persona_4,192,0.6282880306243896,에스트라,아토베리어365 세라-히알 속수분 앰플 30ml*2개,스킨케어,앰플
persona_4,193,0.6311669945716858,에스트라,아토베리어365 크림 80ml+리제덤365 모공탄력 캡슐세럼 30ml,스킨케어,세럼
persona_4,194,0.6466303467750549,에스트라,아토베리어365 바디크림 250mlX2개,스킨케어,크림
persona_4,195,0.6324965953826904,에스트라,리제덤365 모공탄력 캡슐세럼 30ml + 캡슐크림 50ml,스킨케어,세럼
persona_4,196,0.6442157030105591,에스트라,아토베리어365 크림미스트 120mlX2개,스킨케어,크림
persona_4,197,0.6389594674110413,에스트라,더마UV365 장벽수분 무기자차 선크림 40mlX2개 SPF50+ PA++++,선케어,선크림
persona_4,198,0.6459096074104309,에스트라,테라크네365 클리어 딥 클렌징 폼 200gX2개,건기식,기능성식품
persona_4,199,0.6231066584587097,에스트라,아토베리어365 하이드로 에센스 200ml,스킨케어,에센스
persona_4,200,0.6389594674110413,에스트라,더마UV365 레드진정 톤업 선크림 40mlX2개 SPF50+ PA++++,선케어,선크림
persona_4,201,0.6454046964645386,에스트라,아토베리어365 버블클렌저 150mlX2개,기타,미분류
persona_4,202,0.6437767148017883,에스트라,아토베리어365바디로션 400mlX2개,바디,바디케어
persona_4,203,0.6430522203445435,에스트라,아토베리어365 하이드로 수딩크림 60mlX2개,스킨케어,크림
persona_4,204,0.5973578691482544,,수면양말 1EA,기타,미분류
persona_4,205,0.5761712193489075,,인형 파우치,기타,미분류
persona_4,206,0.5946327447891235,,APBADAs스티커 1EA,기타,미분류
persona_4,207,0.589328944683075,,APBADAs X KBP 스트링 파우치,기타,미분류
persona_4,208,0.6038708686828613,,APBADAs 아모레까뮈 지비츠,기타,미분류
persona_4,209,0.5876731276512146,,APBADAs 돌풍이 마우스패드 1EA,기타,미분류
persona_4,210,0.5807468295097351,,APBADAs 아모레까뮈 인형파우치 1EA,기타,미분류
persona_4,211,0.5881584286689758,,APBADAs 돌풍이 캐릭터인형 L,기타,미분류
persona_4,212,0.5897514224052429,,앞바다즈 인형키링 8종,기타,미분류
persona_4,213,0.5864847898483276,,돌풍이/돌풍E 캐릭터 인형,기타,미분류
persona_4,214,0.58493572473526,,무릎담요,기타,미분류
persona_4,215,0.5908147692680359,,APBADAs X KBP 랩탑 파우치 1EA,기타,미분류
persona_4,216,0.5734513401985168,,무릎담요,기타,미분류
persona_4,217,0.5881584286689758,,APBADAs 돌풍E 캐릭터인형 L,기타,미분류
persona_4,218,0.5960871577262878,,APBADAs 인형 키링 아모레까뮈 1EA,기타,미분류
persona_4,219,0.5797067284584045,,APBADAs 아모레까뮈 캐릭터인형 1EA,기타,미분류
persona_4,220,0.5879325866699219,,캐릭터 지비츠,기타,미분류
persona_4,221,0.5927488803863525,,스노우 메이커,기타,미분류
persona_4,222,0.5770630836486816,,APBADAs 인형 6종,기타,미분류
persona_4,223,0.5763668417930603,,APBADAs캐릭터실리콘참 8EA,기타,미분류
persona_4,224,0.5665861368179321,,APBADAs스마트톡 1EA,기타,미분류
persona_4,225,0.6258304715156555,라보에이치,모발강화클리닉 샴푸 430ml,기타,미분류
persona_4,226,0.6247670650482178,라보에이치,모발강화클리닉 트리트먼트 200ml,기타,미분류
persona_4,227,0.6120215654373169,라보에이치,두피강화 클리닉 샴푸 탈모증상완화 400ml,기타,미분류
persona_4,228,0.646277666091919,라보에이치,모발강화클리닉 에센스 75ml,스킨케어,에센스
persona_4,229,0.6120215654373169,라보에이치,두피강화클리닉 샴푸 탈모증상완화 리필팩 400ml,스킨케어,마스크팩
persona_4,230,0.6160526275634766,라보에이치,두피강화 클리닉 캡슐 트리트먼트 탈모증상완화 220ml,기타,미분류
persona_4,231,0.6497437357902527,라보에이치,프리미엄 샴푸 브러쉬 1입,기타,미분류
persona_4,232,0.6389245986938477,라보에이치,두피강화 클리닉 앰플 토닉 탈모증상완화 100ml,스킨케어,앰플
persona_4,233,0.6160572171211243,라보에이치,두피강화 클리닉 헤어라인 앰플 탈모증상완화 15ml,스킨케어,앰플
persona_4,234,0.6146265864372253,라보에이치,탈모증상완화 샴푸 두피강화 블랑쉬앤우디/페어앤프리지아 400ml,기타,미분류
persona_4,235,0.6130321621894836,라보에이치,댄드러프클리닉 샴푸 탈모증상완화 400ml,기타,미분류
persona_4,236,0.6076730489730835,라보에이치,두피강화클리닉 쿨링&노세범 샴푸 400ml,기타,미분류
persona_4,237,0.6076824069023132,라보에이치,두피강화클리닉 쿨링&노세범 샴푸 리필팩 400ml,스킨케어,마스크팩
persona_4,238,0.6124511361122131,라보에이치,탈모증상완화 샴푸 민감더마 400ml,기타,미분류
persona_4,239,0.6164063811302185,라보에이치,댄드러프클리닉 워터스케일러 탈모증상완화 250ml,기타,미분류
persona_4,240,0.6120215654373169,라보에이치,두피강화클리닉 샴푸 탈모증상완화 종이리필 400ml,기타,미분류
persona_4,241,0.6242331266403198,라보에이치,댄드러프클리닉 샴푸 탈모증상완화 리필팩 400ml,스킨케어,마스크팩
persona_4,242,0.5974486470222473,라보에이치,두피강화클리닉 스케일러 탈모증상완화 208g,건기식,기능성식품
persona_4,243,0.6553196907043457,라보에이치,두피강화클리닉 샴푸 탈모증상완화 리필팩,스킨케어,마스크팩
persona_4,244,0.6554046273231506,라보에이치,두피강화 클리닉 샴푸 탈모증상완화,기타,미분류
persona_4,245,0.6504773497581482,라보에이치,댄드러프클리닉 샴푸 탈모증상완화,기타,미분류
persona_4,246,0.6449258923530579,라보에이치,두피강화클리닉 쿨링&노세범 샴푸,기타,미분류
persona_4,247,0.6558550596237183,라보에이치,탈모증상완화 샴푸 두피강화 블랑쉬앤우디,기타,미분류
persona_4,248,0.6554854512214661,라보에이치,두피강화 클리닉 앰플 토닉 탈모증상완화,스킨케어,앰플
persona_4,249,0.6558136343955994,라보에이치,두피강화 클리닉 헤어라인 앰플 탈모증상완화,스킨케어,앰플
persona_4,250,0.6543282866477966,라보에이치,두피강화 클리닉 캡슐 탈모증상완화 트리트먼트,건기식,기능성식품
persona_4,251,0.6558550596237183,라보에이치,탈모증상완화 샴푸 두피강화 페어앤프리지아,기타,미분류
persona_4,252,0.6550543308258057,라보에이치,두피강화 클리닉 샴푸 탈모증상완화,기타,미분류
persona_4,253,0.6446024775505066,롱테이크,솔리드 퍼퓸 디스커버리 3종 키트,기타,미분류
persona_4,254,0.6175801157951355,롱테이크,NEW 헤어 오일  40ml,기타,미분류
persona_4,255,0.6378827691078186,롱테이크,샴푸  300ml,기타,미분류
persona_4,256,0.6534318923950195,롱테이크,샌달우드 인텐시브 3종 트라이얼 키트,기타,미분류
persona_4,257,0.640672504901886,롱테이크,핸드크림  50ml,스킨케어,크림
persona_4,258,0.6275814771652222,롱테이크,바디로션  200ml,바디,바디케어
persona_4,259,0.6378827691078186,롱테이크,바디워시  300ml,바디,바디케어
persona_4,260,0.6337994933128357,롱테이크,NEW 솔리드 퍼퓸  30ml,기타,미분류
persona_4,261,0.625924289226532,롱테이크,NEW 트리트먼트  200ml,기타,미분류
persona_4,262,0.6178421378135681,롱테이크,코어본딩 헤어마스크  200ml,스킨케어,마스크팩
persona_4,263,0.653732419013977,롱테이크,샌달우드 오드퍼퓸 SET,기타,미분류
persona_4,264,0.6414048671722412,롱테이크,샌달우드 샴푸&헤어오일 SET,기타,미분류
persona_4,265,0.6542966961860657,롱테이크,블랙티앤피그 소프트닝 헤어 오일,기타,미분류
persona_4,266,0.6542966961860657,롱테이크,샌달우드 인텐시브 헤어 오일,기타,미분류
persona_4,267,0.6558875441551208,롱테이크,블랙티앤피그 소프트닝 바디워시+바디로션,바디,바디케어
persona_4,268,0.6558875441551208,롱테이크,샌달우드 인텐시브 바디워시+바디로션,바디,바디케어
persona_4,269,0.6558875441551208,롱테이크,블랙티앤피그 소프트닝 샴푸+트리트먼트,기타,미분류
persona_4,270,0.6558875441551208,롱테이크,샌달우드 인텐시브 샴푸+트리트먼트,기타,미분류
persona_4,271,0.6262858510017395,롱테이크,오드 퍼퓸  20ml,기타,미분류
persona_4,272,0.6491066217422485,에스쁘아,비벨벳 커버쿠션 기획세트 SPF42/PA++,선케어,선크림
persona_4,273,0.6185145974159241,에스쁘아,노웨어 립스틱 바밍글로우 3g,메이크업,립스틱
persona_4,274,0.6462609767913818,에스쁘아,더 브로우 밸런스 펜슬 0.1g,메이크업,아이브로우
persona_4,275,0.619111955165863,에스쁘아,꾸뛰르 립 틴트 글레이즈 4g,메이크업,립틴트
persona_4,276,0.6652424931526184,에스쁘아,비글로우 볼륨쿠션 에어 퍼프 1ea,기타,미분류
persona_4,277,0.6456890106201172,에스쁘아,리얼 아이 애교살 스틱,기타,미분류
persona_4,278,0.6278266906738281,에스쁘아,비글로우 파운데이션 SPF27/PA++ 30g,선케어,선크림
persona_4,279,0.6415590643882751,에스쁘아,아이 오프닝 펜슬 0.3g,메이크업,아이라이너
persona_4,280,0.594272792339325,에스쁘아,스트로빙 하이라이터 8g,건기식,기능성식품
persona_4,281,0.6188393831253052,에스쁘아,꾸뛰르 립 틴트 피팅 블러 4g,메이크업,립틴트
persona_4,282,0.6427220702171326,에스쁘아,노웨어 립스틱 볼륨 매트,메이크업,립스틱
persona_4,283,0.6491066217422485,에스쁘아,프로테일러 비내추럴 쿠션 SPF50+/PA++++,선케어,선크림
persona_4,284,0.6301942467689514,에스쁘아,더브로우 컬러 픽싱 카라 3g,메이크업,아이브로우
persona_4,285,0.6418740153312683,에스쁘아,워터 스플래쉬 선크림 세라마이드 기획세트 SPF50+/PA++++,선케어,선크림
persona_4,286,0.6491066217422485,에스쁘아,비글로우 볼륨 쿠션 SPF42/PA+++,선케어,선크림
persona_4,287,0.6185145974159241,에스쁘아,베어 글로우 립밤 3g,스킨케어,크림
persona_4,288,0.6443089842796326,에스쁘아,스키니 픽스 블렌더,기타,미분류
persona_4,289,0.6427220702171326,에스쁘아,노웨어 립스틱 바밍 글로우,메이크업,립스틱
persona_4,290,0.6395657658576965,에스쁘아,블러리 치크,기타,미분류
persona_4,291,0.6463385820388794,에스쁘아,비벨벳 파운데이션 SPF22/PA++,선케어,선크림
persona_4,292,0.6438015103340149,에스쁘아,더브로우 이지쉐이핑 펜슬,메이크업,아이브로우
persona_4,293,0.6536457538604736,에스쁘아,플럼피즈 오버립 펜슬,메이크업,아이라이너
persona_4,294,0.6491066217422485,에스쁘아,비벨벳 커버 쿠션 SPF42/PA++,선케어,선크림
persona_4,295,0.6006194949150085,에스쁘아,비글로우 스틱 파운데이션 SPF50+/PA++++ 11g,선케어,선크림
persona_4,296,0.6193857192993164,에스쁘아,노머징 마스카라 워터프루프 XP 9g,메이크업,마스카라
persona_4,297,0.6431692242622375,에스쁘아,갤럭시 에디션,기타,미분류
persona_4,298,0.6416066884994507,에스쁘아,워터스플래쉬 선크림  SPF50+/PA++++,선케어,선크림
persona_4,299,0.6449505686759949,에스쁘아,비글로우 볼륨 쿠션 글리밍 캘리 3종 기획세트 SPF42/PA+++,선케어,선크림
persona_4,300,0.6336697340011597,에스쁘아,노머징 브러쉬 라이너 1g,메이크업,아이라이너
persona_4,301,0.6395657658576965,에스쁘아,디즈니 에디션,기타,미분류
persona_4,302,0.6418740153312683,에스쁘아,워터 스플래쉬 프레쉬 시카 선크림 SPF50+/PA++++,선케어,선크림
persona_4,303,0.651403546333313,에스쁘아,트루 글로우 파운데이션 브러쉬 1ea,기타,미분류
persona_4,304,0.6185101270675659,에스쁘아,비글로우 스틱 쉐딩 9g,건기식,기능성식품
persona_4,305,0.6047278046607971,에스쁘아,비글로우 볼륨 쿠션 SPF42/PA+++ 13g,선케어,선크림
persona_4,306,0.6395657658576965,에스쁘아,플럼피즈 립글로스,기타,미분류
persona_4,307,0.6510298848152161,에스쁘아,파워컬링레드뷰러,기타,미분류
persona_4,308,0.6463378071784973,에스쁘아,톤페어링 컨투어 팔레트,기타,미분류
persona_4,309,0.6362674832344055,에스쁘아,워터 스플래쉬 선크림 톤업 래스팅 SPF50+/PA++++ 50ml,선케어,선크림
persona_4,310,0.604540228843689,에스쁘아,톤페어링 리퀴드 치크 8ml,기타,미분류
persona_4,311,0.6030775308609009,에스쁘아,비벨벳 커버 쿠션 13g,건기식,기능성식품
persona_4,312,0.613961935043335,에스쁘아,이지 블렌딩 컨실러 10g,건기식,기능성식품
persona_4,313,0.6466026306152344,에스쁘아,비글로우 스틱 래디언스,기타,미분류
persona_4,314,0.6237563490867615,에스쁘아,톤페어링 치크 9.6g,건기식,기능성식품
persona_4,315,0.6445808410644531,에스쁘아,비벨벳 커버쿠션 기획세트 SPF42/PA++,선케어,선크림
persona_4,316,0.6544406414031982,에스쁘아,플럼피즈 에디션,기타,미분류
persona_4,317,0.6121866703033447,에스쁘아,듀라이크 젤로 글로우라이저 40ml,기타,미분류
persona_4,318,0.6379244327545166,에스쁘아,프레쉬 세팅 픽서 100ml,메이크업,마스카라
persona_4,319,0.6412639021873474,에스쁘아,워터 스플래쉬 선 세럼 SPF50+/PA+++ 50ml,선케어,선크림
persona_4,320,0.653836727142334,에스쁘아,듀얼 스머징 립 브러쉬,기타,미분류
persona_4,321,0.6276107430458069,에스쁘아,톤페어링 하이라이터 9.6g,건기식,기능성식품
persona_4,322,0.6192196011543274,에스쁘아,프레쉬 세팅 파우더 9g,건기식,기능성식품
persona_4,323,0.6511945724487305,에스쁘아,비벨벳 피팅 스펀지 1ea,기타,미분류
persona_4,324,0.5915180444717407,에스쁘아,프로테일러 비글로우 쉬어 파우더 8g,건기식,기능성식품
persona_4,325,0.6049553751945496,에스쁘아,비벨벳 세범컷 쿨링 쿠션 15.8g,건기식,기능성식품
persona_4,326,0.6046366095542908,에스쁘아,프로테일러 비내추럴 쿠션 SPF50+/PA++++ 14g,선케어,선크림
persona_4,327,0.6462884545326233,에스쁘아,듀라이크 젤로 톤업 쿠션 SPF50+/PA+++,선케어,선크림
persona_4,328,0.6303139925003052,에스쁘아,더브로우 컬러 픽싱 카라 쿨그레이 3g,메이크업,아이브로우
persona_4,329,0.6458575129508972,에스쁘아,리얼 아이 팔레트,기타,미분류
persona_4,330,0.6385589241981506,에스쁘아,플럼피즈 볼륨 밤,기타,미분류
persona_4,331,0.6281534433364868,에스쁘아,꾸뛰르 립 틴트 글레이즈 5.5g,메이크업,립틴트
persona_4,332,0.6183202862739563,에스쁘아,꾸뛰르 립 틴트  4g,메이크업,립틴트
persona_4,333,0.6414778828620911,에스쁘아,워터스플래쉬 선크림 톤업 래스팅 SPF50+/PA++++,선케어,선크림
persona_4,334,0.6298214197158813,에스쁘아,워터 스플래쉬 선크림 세라마이드 SPF50+/PA++++ 60ml,선케어,선크림
persona_4,335,0.653836727142334,에스쁘아,비글로우 볼륨쿠션 에어 퍼프,기타,미분류
persona_4,336,0.6492441892623901,에스쁘아,비글로우 볼륨 쿠션 23호 베이지 SPF42/PA+++,선케어,선크림
persona_4,337,0.6492441892623901,에스쁘아,비글로우 볼륨 쿠션 22호 페탈 SPF42/PA+++,선케어,선크림
persona_4,338,0.6492441892623901,에스쁘아,비글로우 볼륨 쿠션 21호 아이보리 SPF42/PA+++,선케어,선크림
persona_4,339,0.6492441892623901,에스쁘아,비글로우 볼륨 쿠션 20호 바닐라 SPF42/PA+++,선케어,선크림
persona_4,340,0.6492441892623901,에스쁘아,비글로우 볼륨 쿠션 13호 포슬린 SPF42/PA+++,선케어,선크림
persona_4,341,0.6443883776664734,에스쁘아,비글로우 볼륨쿠션 에어 퍼프,기타,미분류
persona_4,342,0.6485493779182434,에스쁘아,허쉬드 체리 에디션,기타,미분류
persona_4,343,0.6475574970245361,에스쁘아,수퍼 소프트 페이스 브러쉬 1EA,기타,미분류
persona_4,344,0.6404352188110352,아모레성수,01 아이브로우 브러쉬,메이크업,아이브로우
persona_4,345,0.6301332712173462,아모레성수,12 블러셔 브러쉬,기타,미분류
persona_4,346,0.6253811120986938,아모레성수,아모레 성수 토너 210ml,기타,미분류
persona_4,347,0.6058547496795654,아모레성수,15 립 브러쉬,기타,미분류
persona_4,348,0.6161004900932312,아모레성수,14 컨투어링 브러쉬,기타,미분류
persona_4,349,0.6177831292152405,아모레성수,11 하이라이트 브러쉬,기타,미분류
persona_4,350,0.6213446259498596,아모레성수,03 언더섀도우 브러쉬,메이크업,아이섀도우
persona_4,351,0.6218453049659729,아모레성수,10 파운데이션 브러쉬,기타,미분류
persona_4,352,0.6260128021240234,아모레성수,09 컨실러 브러쉬,기타,미분류
persona_4,353,0.62696772813797,아모레성수,07 아이섀도우 브러쉬,메이크업,아이섀도우
persona_4,354,0.6400657892227173,아모레성수,,기타,미분류
persona_4,355,0.6042409539222717,아모레성수,13 파우더 브러쉬,기타,미분류
persona_4,356,0.6145409345626831,아모레성수,08 아이섀도우 블렌딩 브러쉬,메이크업,아이섀도우
persona_4,357,0.637667179107666,아모레성수,06 아이섀도우 브러쉬,메이크업,아이섀도우
persona_4,358,0.6318644285202026,아모레성수,05 아이섀도우 브러쉬,메이크업,아이섀도우
persona_4,359,0.618929922580719,아모레성수,02 아이섀도우 홀 브러쉬,메이크업,아이섀도우
persona_4,360,0.611962080001831,미쟝센,올뉴 쉽고 빠른 거품 염색 80g,건기식,기능성식품
persona_4,361,0.6183673143386841,미쟝센,퍼펙트 세럼 80ml,스킨케어,세럼
persona_4,362,0.6156165599822998,미쟝센,파워 스윙 왁스 9 80g,건기식,기능성식품
persona_4,363,0.6215226650238037,미쟝센,NEW 헬로크림 더블커버  120g,스킨케어,크림
persona_4,364,0.6066320538520813,미쟝센,헤어앤스칼프 부스터 샴푸 800g,건기식,기능성식품
persona_4,365,0.6419576406478882,미쟝센,살롱10 단백질 에센스 팩  990ml,스킨케어,마스크팩
persona_4,366,0.635177731513977,미쟝센,컬링 에센스 2X 내추럴/볼륨 150ml,스킨케어,에센스
persona_4,367,0.6273664832115173,미쟝센,퍼펙트 오리지널 세럼 샴푸 680ml,스킨케어,세럼
persona_4,368,0.6415873765945435,미쟝센,살롱10 단백질 샴푸  990ml,기타,미분류
persona_4,369,0.6287562251091003,미쟝센,퍼펙트 베이스업 에센스 200ml,스킨케어,에센스
persona_4,370,0.6262323260307312,미쟝센,펄샤이닝 리페어 샴푸/트리트먼트 1000ml,기타,미분류
persona_4,371,0.6329789161682129,미쟝센,스타일케어 헤어스프레이 300ml,기타,미분류
persona_4,372,0.6207374334335327,미쟝센,퍼펙트 세럼 홈 케어 트리트먼트 900ml,스킨케어,세럼
persona_4,373,0.6219671964645386,미쟝센,살롱10 프로페셔널 시카 프로틴 트리트먼트 215ml,기타,미분류
persona_4,374,0.6382591724395752,미쟝센,퍼펙트 엉킴제로 노워시 트리트먼트 150ml,기타,미분류
persona_4,375,0.6473010778427124,미쟝센,올뉴 샤이닝에센스 100g,스킨케어,에센스
persona_4,376,0.6273664832115173,미쟝센,퍼펙트 오리지널 세럼 컨디셔너 680ml,스킨케어,세럼
persona_4,377,0.6262359023094177,미쟝센,살롱10 프로페셔널 시카 프로틴 샴푸 480ml,기타,미분류
persona_4,378,0.6466974020004272,미쟝센,NEW 헬로버블 100g,건기식,기능성식품
persona_4,379,0.6255619525909424,미쟝센,퍼펙트 매직 스트레이트 세럼 샴푸 530ml,스킨케어,세럼
persona_4,380,0.615704357624054,미쟝센,퍼펙트 매직 스트레이트 세럼 80ml,스킨케어,세럼
persona_4,381,0.6542773842811584,미쟝센,볼륨케어 퍼플 콜라겐 샴푸,기타,미분류
persona_4,382,0.6542773842811584,미쟝센,스칼프케어 그린 시카 샴푸,기타,미분류
persona_4,383,0.6203754544258118,미쟝센,올뉴 쉽고 빠른 크림염색 80g,스킨케어,크림
persona_4,384,0.6540799736976624,미쟝센,퍼펙트 세럼 트리트먼트,스킨케어,세럼
persona_4,385,0.6233192086219788,미쟝센,퍼펙트 매직 스트레이트 세럼 트리트먼트 230ml,스킨케어,세럼
persona_4,386,0.628783106803894,미쟝센,데미지케어 레드 프로틴 컨디셔너 680ml,기타,미분류
persona_4,387,0.6273664832115173,미쟝센,퍼펙트 슈퍼리치 세럼 컨디셔너 680ml,스킨케어,세럼
persona_4,388,0.6273664832115173,미쟝센,퍼펙트 슈퍼리치 세럼 샴푸 680ml,스킨케어,세럼
persona_4,389,0.6211000084877014,미쟝센,데미지케어 레드 프로틴 헤어크림에센스 140ml,스킨케어,에센스
persona_4,390,0.6359409689903259,미쟝센,데미지케어 레드 프로틴 샴푸,기타,미분류
persona_4,391,0.628203272819519,미쟝센,이너플렉스 모발강화제 145g,건기식,기능성식품
persona_4,392,0.6374516487121582,미쟝센,헤어앤스칼프 너리싱 부스터 트리트먼트 300g,건기식,기능성식품
persona_4,393,0.6530684232711792,미쟝센,볼륨케어 퍼플 콜라겐 트리트먼트,기타,미분류
persona_4,394,0.6530684232711792,미쟝센,데미지케어 레드 프로틴 트리트먼트,기타,미분류
persona_4,395,0.6575902104377747,미쟝센,이너플렉스 모발강화 샴푸/트리트먼트,기타,미분류
persona_4,396,0.6203231811523438,미쟝센,퍼펙트 노 워시 워터 트리트먼트 215ml,기타,미분류
persona_4,397,0.6225851774215698,미쟝센,살롱10 단백질 트리트먼트 250ml,기타,미분류
persona_4,398,0.6283456087112427,미쟝센,쿨링케어 블루멘톨 샴푸 680ml,기타,미분류
persona_4,399,0.6274993419647217,미쟝센,컬링 매트 볼륨 헤어픽서 200ml,메이크업,마스카라
persona_4,400,0.6232833862304688,미쟝센,헬로버블 퍼퓸보색 핑크 샴푸 400ml,기타,미분류
persona_4,401,0.6475502848625183,미쟝센,NEW 헬로블리치 프라이머 버블 100g,건기식,기능성식품
persona_4,402,0.6273664832115173,미쟝센,퍼펙트 스타일링 세럼 컨디셔너 680ml,스킨케어,세럼
persona_4,403,0.6242728233337402,미쟝센,NEW 헬로크림 125g,스킨케어,크림
persona_4,404,0.6052205562591553,미쟝센,헬로 젤리팡팡 8g,건기식,기능성식품
persona_4,405,0.6486720442771912,미쟝센,살롱10 단백질 트리트먼트,기타,미분류
persona_4,406,0.6470381617546082,미쟝센,살롱10 시카 프로틴 샴푸,기타,미분류
persona_4,407,0.6543459892272949,미쟝센,퍼펙트 세럼 트리트먼트,스킨케어,세럼
persona_4,408,0.6555861234664917,미쟝센,퍼펙트 베이스업 헤어 에센스,스킨케어,에센스
persona_4,409,0.6473841071128845,미쟝센,컬링 에센스 2X 내추럴,스킨케어,에센스
persona_4,410,0.6473841071128845,미쟝센,컬링 에센스 2X 볼륨,스킨케어,에센스
persona_4,411,0.6559733152389526,미쟝센,퍼펙트 세럼 홈 케어 트리트먼트,스킨케어,세럼
persona_4,412,0.6322848200798035,미쟝센,퍼펙트 아르간 캡슐 리페어 헤어 마스크 180g,스킨케어,마스크팩
persona_4,413,0.6563482880592346,미쟝센,퍼펙트 매직 스트레이트 세럼 샴푸,스킨케어,세럼
persona_4,414,0.6539556980133057,미쟝센,퍼펙트 매직 스트레이트 세럼,스킨케어,세럼
persona_4,415,0.6563482880592346,미쟝센,퍼펙트 매직 스트레이트 세럼 트리트먼트,스킨케어,세럼
persona_4,416,0.6528934240341187,미쟝센,살롱10 프로페셔널 시카 프로틴 트리트먼트,기타,미분류
persona_4,417,0.6561892032623291,미쟝센,컬링 매트 볼륨 헤어픽서,메이크업,마스카라
persona_4,418,0.6273664832115173,미쟝센,퍼펙트 스타일링 세럼 샴푸 680ml,스킨케어,세럼
persona_4,419,0.6199876070022583,아모레퍼시픽,트리트먼트 엔자임 클렌징 폼 120g,건기식,기능성식품
persona_4,420,0.63679438829422,아모레퍼시픽,모이스춰 플럼핑 넥타 크림 50ml,스킨케어,크림
persona_4,421,0.6193369030952454,아모레퍼시픽,타임 레스폰스 스킨 리뉴얼 미스트 200ml,기타,미분류
persona_4,422,0.6216130256652832,아모레퍼시픽,타임 레스폰스 스킨 리저브 플루이드 160ml,기타,미분류
persona_4,423,0.6405036449432373,아모레퍼시픽,,스킨케어,미분류
persona_4,424,0.6177791357040405,아모레퍼시픽,보태니컬 수딩 토너 200ml,기타,미분류
persona_4,425,0.6199055314064026,아모레퍼시픽,타임 레스폰스 스킨 리저브 토너 200ml,기타,미분류
persona_4,426,0.6515910029411316,아모레베이직,듀얼 코튼 면봉 150매,기타,미분류
persona_4,427,0.6434729099273682,아모레베이직,프리티 눈썹칼 2입,기타,미분류
persona_4,428,0.6590713858604431,아모레베이직,순면 5겹 화장솜 50매 / 120매,기타,미분류
persona_4,429,0.6441755294799805,아모레베이직,그린티 오일 컨트롤 페이퍼 70매,기타,미분류
persona_4,430,0.62604159116745,아모레베이직,토너 아껴주는 1/2 스킨팩 화장솜 400매,스킨케어,마스크팩
persona_4,431,0.6452908515930176,아모레베이직,물광 메이크업 씨앗 스펀지 2ea,기타,미분류
persona_4,432,0.6431248188018799,아모레베이직,애프터 마스카라 히팅 속눈썹 고데기,메이크업,마스카라
persona_4,433,0.6482139825820923,아모레베이직,소프트 엠보싱 원형 화장솜 100매,기타,미분류
persona_4,434,0.642052948474884,아모레베이직,컴팩트 아이래쉬 컬러,스킨케어,마스크팩
persona_4,435,0.6492059230804443,아모레베이직,아모레베이직 X 벤자민무어 더 에센셜 배쓰밤 2입세트,스킨케어,크림
persona_4,436,0.648701012134552,아모레베이직,아모레베이직 X 벤자민무어 더 에센셜 세라믹 바디 괄사,바디,바디케어
persona_4,437,0.6378576755523682,아모레베이직,프로페셔널 아티스트 브러쉬 8종 키트,기타,미분류
persona_4,438,0.654566764831543,아모레베이직,아모레베이직 미피 솔리드 퍼퓸 2종+실리콘키링,기타,미분류
persona_4,439,0.6620576977729797,아모레베이직,데일리 메이크업 조각 스펀지 20ea / 60ea,기타,미분류
persona_4,440,0.6472100615501404,한율,자연을 닮은 립밤,기타,미분류
persona_4,441,0.6302461624145508,한율,흰감국 광채 선크림 SPF50+/PA++++ 70ml,선케어,선크림
persona_4,442,0.6434234976768494,한율,부들밤 말끔피지 모공팩 기획세트,스킨케어,마스크팩
persona_4,443,0.6313706040382385,한율,어린쑥 수분진정 토너 150ml,기타,미분류
persona_4,444,0.6489035487174988,한율,랩핑 마스크 기획세트 4매,스킨케어,마스크팩
persona_4,445,0.6263732314109802,한율,어린쑥 수분진정 플루이드 125ml,기타,미분류
persona_4,446,0.6367374658584595,한율,자연을 닮은 핸드크림 50ml,스킨케어,크림
persona_4,447,0.6476510167121887,한율,빨간쌀 보습탄력 2종 세트,기타,미분류
persona_4,448,0.6431248188018799,한율,어린쑥 매끈결 클렌징 오일 기획세트,기타,미분류
persona_4,449,0.6434234976768494,한율,부들밤 깔끔각질 모공팩 기획세트,스킨케어,마스크팩
persona_4,450,0.6523510217666626,한율,달빛유자 패드 60매,기타,미분류
persona_4,451,0.6233566999435425,한율,백화고 클렌징 마사지 크림 200ml,스킨케어,크림
persona_4,452,0.6532993912696838,한율,어린쑥 속수분 쑥히알 패드 기획세트,기타,미분류
persona_4,453,0.6262584328651428,한율,송담 탄력 에멀젼 125ml,기타,미분류
persona_4,454,0.6288567781448364,한율,송담 탄력 스킨 150ml,기타,미분류
persona_4,455,0.6363471150398254,한율,빨간쌀 보습탄력 크림 55ml,스킨케어,크림
persona_4,456,0.6532993912696838,한율,보들은행잎 모공탄탄 펩타이드 패드 60매,기타,미분류
persona_4,457,0.6411911845207214,한율,어린쑥 수분진정 선크림 SPF50+/PA++++ 50ml,선케어,선크림
persona_4,458,0.6445038914680481,한율,극진 2종 기획 세트,기타,미분류
persona_4,459,0.6435050368309021,한율,어린쑥 속수분 쑥히알 크림 기획세트,스킨케어,크림
persona_4,460,0.6409524083137512,한율,백화고 기미탄력 아이크림 25ml,스킨케어,크림
persona_4,461,0.6460255980491638,한율,빨간쌀 보습탄력 에센스 크림 2종세트,스킨케어,에센스
persona_4,462,0.6343450546264648,한율,빨간쌀 보습탄력 에센스 150ml,스킨케어,에센스
persona_4,463,0.6458292603492737,한율,어린쑥 수분진정 2종 세트,건기식,기능성식품
persona_4,464,0.6159861087799072,한율,백화고 기미탄력 비비 크림 SPF40/PA++ 40ml,선케어,선크림
persona_4,465,0.6251116991043091,한율,빨간쌀 보습탄력 에멀젼 125ml,기타,미분류
persona_4,466,0.6426684260368347,한율,달빛유자 수면팩 100ml,스킨케어,마스크팩
persona_4,467,0.6339902281761169,한율,보들은행잎 모공핏 세럼 기획세트,스킨케어,세럼
persona_4,468,0.6498035192489624,한율,보들은행잎 모공핏 마스크 기획세트 4매,스킨케어,마스크팩
persona_4,469,0.6263260245323181,한율,어린쑥 수분진정크림 리필 캡슐 30ml *2,스킨케어,크림
persona_4,470,0.6258772611618042,한율,백화고 기미탄력 크림 기획세트 60ml,스킨케어,크림
persona_4,471,0.6287888884544373,한율,달빛유자C 세럼 30ml,스킨케어,세럼
persona_4,472,0.6255488991737366,한율,극진 스킨 125ml,기타,미분류
persona_4,473,0.6392314434051514,한율,어린쑥 속수분 쑥히알 세럼 기획세트,스킨케어,세럼
persona_4,474,0.6537644863128662,한율,백화고 기미탄력 듀얼샷 앰플 기획세트,스킨케어,앰플
persona_4,475,0.6437035799026489,한율,어린쑥 클렌징 팩밤 기획세트,스킨케어,마스크팩
persona_4,476,0.650054931640625,한율,극진 크림 대용량 단품 기획세트,스킨케어,크림
persona_4,477,0.6351516842842102,한율,극진 에센스 기획세트 60ml,스킨케어,에센스
persona_4,478,0.6341313719749451,한율,극진 아이크림 기획세트 30ml,스킨케어,크림
persona_4,479,0.6166542768478394,한율,극진 크림 클렌징폼 200ml,스킨케어,크림
persona_4,480,0.6066063642501831,한율,달빛유자 수면팩 리필세트 40ml*2,스킨케어,마스크팩
persona_4,481,0.6349501013755798,한율,달빛유자C 세럼 50ml,스킨케어,세럼
persona_4,482,0.62485671043396,한율,빨간쌀 보습탄력 크림 리필세트 30ml *2,스킨케어,크림
persona_4,483,0.6209180355072021,한율,극진 에멀젼 125ml,기타,미분류
persona_4,484,0.6436172723770142,한율,극진 크림 세트 50ml,스킨케어,크림
persona_4,485,0.6457346677780151,한율,송담 탄력 2종 기획세트,기타,미분류
persona_4,486,0.6235889792442322,한율,어린쑥 트러블 미스트 120ml,기타,미분류
persona_4,487,0.639853835105896,한율,달빛유자 수면팩 기획세트,스킨케어,마스크팩
persona_4,488,0.6525832414627075,한율,어린쑥 수분진정 패드 기획세트,건기식,기능성식품
persona_4,489,0.654364824295044,한율,어린쑥 클렌징 흡착 팩폼 기획세트,스킨케어,마스크팩
persona_4,490,0.6389564871788025,한율,어린쑥 수분진정 크림 기획세트,스킨케어,크림
persona_4,491,0.6444653272628784,한율,달빛유자 클렌징 필링 젤밤 기획세트,스킨케어,크림
persona_4,492,0.654364824295044,한율,달빛유자 클렌징 톤업 팩폼 기획세트,스킨케어,마스크팩
persona_4,493,0.6378576755523682,한율,흰감국 광채 선크림 듀오 구성,선케어,선크림
persona_4,494,0.6525832414627075,한율,부들밤 모공수축 패드 기획세트,스킨케어,크림
persona_4,495,0.6325634717941284,해피바스,모이스처 퍼퓸 바디워시 760g,바디,바디케어
persona_4,496,0.6180370450019836,해피바스,오리지널 컬렉션 바디워시 910g,바디,바디케어
persona_4,497,0.6137081980705261,해피바스,정말 촉촉/순한 바디밀크 400g,바디,바디케어
persona_4,498,0.6273331642150879,해피바스,PH 4.5 약산성 여성청결제 300ml,기타,미분류
persona_4,499,0.6307598948478699,해피바스,제로퍼센트 저자극 버블핸드워시 500ml,기타,미분류
persona_4,500,0.6291460990905762,해피바스,오리지널 컬렉션 바디로션 500g,바디,바디케어
persona_4,501,0.6384788751602173,해피바스,마이크로 클린 솝베리 버블 클렌징폼 300ml,기타,미분류
persona_4,502,0.6472766995429993,해피바스,오리지널컬렉션 솝라벤더 비누 4입,기타,미분류
persona_4,503,0.6417921185493469,해피바스,오리지널 컬렉션 샤워 젤리 75g,건기식,기능성식품
persona_4,504,0.6311479210853577,해피바스,필쏘굿 풋샴푸 500ml,기타,미분류
persona_4,505,0.6239247918128967,해피바스,오리지널 컬렉션 바디오일 250ml,바디,바디케어
persona_4,506,0.6137871146202087,해피바스,주스스무디 옐로우 바디워시 820g,바디,바디케어
persona_4,507,0.6135028004646301,해피바스,리얼가든 바디워시 900g,바디,바디케어
persona_4,508,0.6225450038909912,해피바스,스킨유 이노센트 샤워젤 500g,건기식,기능성식품
persona_4,509,0.6127108931541443,해피바스,정말 촉촉/순한 바디워시 900g,바디,바디케어
persona_4,510,0.6191858053207397,해피바스,퍼퓸부티크 오일 바디로션 350g,바디,바디케어
persona_4,511,0.6384788751602173,해피바스,마이크로 클린 딥 버블 클렌징폼 300ml,기타,미분류
persona_4,512,0.6159626245498657,해피바스,딥클린 바디워시 900g,바디,바디케어
persona_4,513,0.6137958765029907,해피바스,크림 인 바디로션 400g,스킨케어,크림
persona_4,514,0.6318995356559753,해피바스,마이크로 클린 딥 클렌징폼 150g,건기식,기능성식품
persona_4,515,0.6337115168571472,해피바스,퍼퓸부티크 오일 바디워시 500ml,바디,바디케어
persona_4,516,0.6180370450019836,해피바스,오리지널 컬렉션 바디워시 910g,바디,바디케어
persona_4,517,0.6333704590797424,해피바스,제로퍼센트 항균 바솝,기타,미분류
persona_4,518,0.6127490401268005,해피바스,블로썸 바디워시 900g,바디,바디케어
persona_4,519,0.6481059193611145,해피바스,오리지널 컬렉션 올리브 비누 4입,기타,미분류
persona_4,520,0.6293501257896423,해피바스,화이트 클레이 모공 클렌징폼 150g,건기식,기능성식품
persona_4,521,0.6122961044311523,해피바스,크림 인 바디워시 900g,스킨케어,크림
persona_4,522,0.6132854223251343,해피바스,스마일 바디워시 900g,바디,바디케어
persona_4,523,0.6176941394805908,해피바스,오리지널 컬렉션 머스크 바디워시 910g,바디,바디케어
persona_4,524,0.6481059193611145,해피바스,오리지널 컬렉션 클린코튼 비누 4입,기타,미분류
persona_4,525,0.6241217255592346,해피바스,유황 소금 보들 바디워시 600g,바디,바디케어
persona_4,526,0.6218574047088623,해피바스,마일드 클렌징폼 200g,건기식,기능성식품
persona_4,527,0.6141032576560974,해피바스,스킨유 이노센트 로션 350g,건기식,기능성식품
persona_4,528,0.6481059193611145,해피바스,오리지널 컬렉션 베이비파우더 비누 4입,기타,미분류
persona_4,529,0.629750669002533,해피바스,티트리 아크네 클렌징폼 150g,건기식,기능성식품
persona_4,530,0.6292391419410706,해피바스,오리지널 컬렉션 바디로션 500g,바디,바디케어
persona_4,531,0.6195260286331177,해피바스,스킨유 이노센트 딥 머스크 바디오일&괄사 증정 기획 130ml,바디,바디케어
persona_4,532,0.6535506248474121,해피바스,두보레 장미 에센스 비누 4입,스킨케어,에센스
persona_4,533,0.6535506248474121,해피바스,두보레 후리지아 에센스 비누 4입,스킨케어,에센스
persona_4,534,0.6318995356559753,해피바스,마이크로 클린 솝베리 클렌징폼 150g,건기식,기능성식품
persona_4,535,0.6393414735794067,해피바스,스킨유 프래그런스 핸드크림 50ml,스킨케어,크림
persona_4,536,0.6535506248474121,해피바스,두보레 백합 에센스 비누 4입,스킨케어,에센스
persona_4,537,0.6213626861572266,해피바스,히알루론 클렌징 폼 200g,건기식,기능성식품
persona_4,538,0.6481059193611145,해피바스,오리지널 컬렉션 체리블로섬 비누 4입,기타,미분류
persona_4,539,0.6481059193611145,해피바스,오리지널 컬렉션 오리지널 비누 4입,기타,미분류
persona_4,540,0.6341736316680908,해피바스,스킨유 이노센트 딥머스크 앰플 미스트 150ml,스킨케어,앰플
persona_4,541,0.6243072152137756,해피바스,퍼퓸부티크 바디&헤어 미스트 200ml,바디,바디케어
persona_4,542,0.6293501257896423,해피바스,퍼펙트 딥 씨솔트 클렌징폼 150g,건기식,기능성식품
persona_4,543,0.6214052438735962,해피바스,스킨유 이노센트 스크럽 450g,건기식,기능성식품
persona_4,544,0.6402430534362793,해피바스,제로퍼센트 저자극 버블핸드워시 + 필쏘굿 풋샴푸,기타,미분류
persona_4,545,0.6139752268791199,해피바스,필쏘굿 시카 진정 수분 선크림 80ml,선케어,선크림
persona_4,546,0.618553876876831,해피바스,필쏘굿 시카 진정 선 미스트 80ml,기타,미분류
persona_4,547,0.6472786068916321,온호프,쏘 캄 트래블 3종 세트,기타,미분류
persona_4,548,0.6469665765762329,홀리추얼,홀리추얼 래디언스 리설페이싱 필 12매,기타,미분류
persona_4,549,0.6127064824104309,홀리추얼,홀리추얼 코어 리프트 액티베이팅 세럼 140ml,스킨케어,세럼
persona_4,550,0.6447262167930603,홀리추얼,홀리추얼 울트라 너리싱 어드밴스드 크림,스킨케어,크림
persona_4,551,0.6167726516723633,홀리추얼,홀리추얼 엘리멘탈 스무딩 로션 110ml,기타,미분류
persona_4,552,0.6131231188774109,홀리추얼,홀리추얼 릴랙스드 풋 트리트먼트 크림 130ml,스킨케어,크림
persona_4,553,0.6239896416664124,홀리추얼,홀리추얼 리디파이닝 클렌징 밀크 200ml,기타,미분류
persona_4,554,0.6301442980766296,홀리추얼,홀리추얼 마이크로 밸런싱 에센스 150ml,스킨케어,에센스
persona_4,555,0.6044926047325134,홀리추얼,홀리추얼 컨센트레이트 시그니처 크림 라이트 80ml,스킨케어,크림
persona_4,556,0.634229838848114,홀리추얼,홀리추얼 피토 리쥬브네이팅 컨센트레이트 30ml,기타,미분류
persona_4,557,0.616001546382904,홀리추얼,홀리추얼 울트라 너리싱 어드밴스드 에멀전 120ml,기타,미분류
persona_4,558,0.6446370482444763,홀리추얼,홀리추얼 뉴트리 엘릭서 미스트 홀리데이 기획 세트,기타,미분류
persona_4,559,0.647337794303894,홀리추얼,홀리추얼  릴랙스드 풋 트리트먼트 크림 듀오 SET,스킨케어,크림
persona_4,560,0.6528282761573792,홀리추얼,홀리추얼  리디파이닝 클렌징 밀크 듀오 SET,기타,미분류
persona_4,561,0.6131383776664734,홀리추얼,홀리추얼  코어 리프트 액티베이팅 세럼 기획세트 140ml,스킨케어,세럼
persona_4,562,0.6276599168777466,홀리추얼,홀리추얼 울트라 너리싱 어드밴스드 토너 150ml,기타,미분류
persona_4,563,0.6404508352279663,홀리추얼,홀리추얼  뉴트리 엘릭서 바디 프라그랑스 미스트 100ml,바디,바디케어
persona_4,564,0.6458538770675659,홀리추얼,홀리추얼 프로 리프팅 앤 퍼밍 프로그램,기타,미분류
persona_4,565,0.6474751830101013,홀리추얼,홀리추얼 리디파이닝 앰플 4주 프로그램,스킨케어,앰플
persona_4,566,0.645527720451355,홀리추얼,홀리추얼 클린테라피 파우더 마스크,스킨케어,마스크팩
persona_4,567,0.6369568705558777,홀리추얼,홀리추얼 파워 리뉴얼 키트,기타,미분류
persona_4,568,0.6359173059463501,홀리추얼,홀리추얼 울트라 너리싱 어드밴스드 토너 + 에멀전,기타,미분류
persona_4,569,0.592401921749115,,퍼즐우드 비건 디퓨저 200ml,기타,미분류
persona_4,570,0.6081418395042419,,퍼즐우드 비건 핸드크림 50ml,스킨케어,크림
persona_4,571,0.5782599449157715,,퍼즐우드 비건 인센스 스틱 20g,건기식,기능성식품
persona_4,572,0.6258764863014221,오딧세이,로맨틱 에멀전 130ml,기타,미분류
persona_4,573,0.6264018416404724,오딧세이,로맨틱 스킨 리파이너 130ml,기타,미분류
persona_4,574,0.6404813528060913,오딧세이,챕터파이브 생츄어리 2종 세트,기타,미분류
persona_4,575,0.6194735765457153,오딧세이,블랙 스킨 리파이너 130ml,기타,미분류
persona_4,576,0.6466026306152344,오딧세이,MMY 콜라보레이션 토트백,기타,미분류
persona_4,577,0.6191129684448242,오딧세이,블랙 에멀전 130ml,기타,미분류
persona_4,578,0.6536457538604736,오딧세이,MMY 콜라보레이션 크로스백,기타,미분류
persona_4,579,0.6404813528060913,오딧세이,챕터파이브 라이트하우스 2종 세트,기타,미분류
persona_4,580,0.6499112844467163,오딧세이,블랙 스페셜 2종 신년기획세트,기타,미분류
persona_4,581,0.6548832058906555,오딧세이,로맨틱 스페셜 2종 세트 신년기획세트,기타,미분류
persona_4,582,0.6560092568397522,프리메라,NEW 나이아시카 수딩 글로우 워터리 크림30ml,스킨케어,크림
persona_4,583,0.6186138987541199,프리메라,마일드 앤 퍼펙트 클렌징 오일 투 폼 200ml,기타,미분류
persona_4,584,0.618941068649292,프리메라,NEW 비타티놀 바운시 리프트 세럼 30g*2입,스킨케어,세럼
persona_4,585,0.6216045022010803,프리메라,후리 앤 후리 200ml,기타,미분류
persona_4,586,0.6345218420028687,프리메라,마일드 포어 필링 패드 60매 기획세트,기타,미분류
persona_4,587,0.6368886828422546,프리메라,나이아시카 수딩글로우 워터리 크림 30ml,스킨케어,크림
persona_4,588,0.6149618029594421,프리메라,워터리 에센스 250ml,스킨케어,에센스
persona_4,589,0.63850337266922,프리메라,알파인 베리 워터리 크림 100ml,스킨케어,크림
persona_4,590,0.6218476891517639,프리메라,비타티놀 세럼 메가샷 마스크 34g 1입,스킨케어,마스크팩
persona_4,591,0.6094738245010376,프리메라,레티놀 볼륨 립 세럼 12g,스킨케어,세럼
persona_4,592,0.6217671036720276,프리메라,마일드 앤 퍼펙트 클렌징 오일 투 폼 300ml,기타,미분류
persona_4,593,0.6221206784248352,프리메라,인리치드 클렌징 티슈 60매 300g,건기식,기능성식품
persona_4,594,0.6043404340744019,프리메라,비타티놀 세럼 메가샷 마스크 34g*5입,스킨케어,마스크팩
persona_4,595,0.624983549118042,프리메라,오가니언스 BR 소프트 필링 투 폼 클렌저 120ml,기타,미분류
persona_4,596,0.648711085319519,프리메라,오가니언스 배리어 리페어 2종 기획세트,기타,미분류
persona_4,597,0.6448606252670288,프리메라,비타티놀 인텐스 바운시 리프트 마스크 크림,스킨케어,마스크팩
persona_4,598,0.6211399435997009,프리메라,씨드 앤 스프라우트 에너지마스크로터스기획세트 20ml*30매,스킨케어,마스크팩
persona_4,599,0.631351113319397,프리메라,마일드 앤 퍼펙트 페이셜 필링 150ml,기타,미분류
persona_4,600,0.64229816198349,프리메라,알파인베리 워터리 크림 75ml,스킨케어,크림
persona_4,601,0.6143993735313416,프리메라,바하 버블 필링 클렌저 200ml,기타,미분류
persona_4,602,0.6283871531486511,프리메라,후리 앤 후리 소프트 폼 150ml,기타,미분류
persona_4,603,0.6000344157218933,프리메라,NEW 인리치드 바디 오일 투 폼 클렌저 390ml,바디,바디케어
persona_4,604,0.6100273728370667,프리메라,NEW 나이아시카 워터리 크림 쿠션 15g,스킨케어,크림
persona_4,605,0.6283212304115295,프리메라,오가니언스 BR 컴포트 아미노 리치 폼 150ml,기타,미분류
persona_4,606,0.647271454334259,프리메라,맨오가니언스 2종 기획세트,기타,미분류
persona_4,607,0.6292881965637207,프리메라,하이드로 글로우 트리트먼트 에센스 150ml,스킨케어,에센스
persona_4,608,0.6191675662994385,프리메라,오가니언스 베리어 리페어 카밍 에센스 토너 160ml,스킨케어,에센스
persona_4,609,0.6337109804153442,프리메라,오가니언스 베리어 리페어 씨드펩타이드 리저브 크림 50ml,스킨케어,크림
persona_4,610,0.6223638653755188,프리메라,레티놀 볼륨 립 세럼 튜브 7g,스킨케어,세럼
persona_4,611,0.6308733224868774,프리메라,오가니언스 베리어 리페어 씨드 펩타이드 리저브 세럼 30ml,스킨케어,세럼
persona_4,612,0.6228833198547363,프리메라,오가니언스 베리어 리페어 하이드레이션 크림 에멀젼 160ml,스킨케어,크림
persona_4,613,0.6067417860031128,프리메라,리페어링 세라캡슐 UV프로텍터 40ml,기타,미분류
persona_4,614,0.6247432827949524,프리메라,더 핸드크림 미스트 20ml,스킨케어,크림
persona_4,615,0.6326735019683838,프리메라,알파인 베리 워터리 크림 50ml,스킨케어,크림
persona_4,616,0.6313745975494385,프리메라,알파인 베리 워터리 크림 150ml,스킨케어,크림
persona_4,617,0.6171498894691467,프리메라,NEW 비타티놀 바운시 리프트 세럼 30g 1입,스킨케어,세럼
persona_4,618,0.627851128578186,프리메라,씨드 앤 스프라우트 에너지 마스크_로터스 5매 20ml,스킨케어,마스크팩
persona_4,619,0.6377226710319519,프리메라,알파인 베리 워터리 수딩 젤크림 100ml,스킨케어,크림
persona_4,620,0.641968309879303,프리메라,알파인 베리 워터리 수딩젤 크림 75ml,스킨케어,크림
persona_4,621,0.6449478268623352,프리메라,마일드 앤 퍼펙트 포어 필링 패드 60매,기타,미분류
persona_4,622,0.6326735019683838,프리메라,알파인베리 워터리 수딩젤 크림 50ml,스킨케어,크림
persona_4,623,0.6062881350517273,프리메라,리페어링 세라캡슐 UV프로텍터 톤업 프라이밍 40ml,기타,미분류
persona_4,624,0.6325876116752625,프리메라,알파인베리 워터리 크림 100ml*2입 + 월리 우프 무드등,스킨케어,크림
persona_4,625,0.6232768893241882,프리메라,비타티놀 바운시 리프트 세럼 30g 4입 + 월리 우프 무드등,스킨케어,세럼
persona_4,626,0.6166441440582275,프리메라,워터리 에센스 250ml 더블 세트,스킨케어,에센스
persona_4,627,0.6193663477897644,프리메라,마일드 앤 퍼펙트 클렌징 오일 투 폼 200ml 더블 기프트 세트,기타,미분류
persona_4,628,0.6289750933647156,프리메라,비타티놀 인텐스 바운시 리프트 마스크 크림 30ml+리필 30ml 더블 세트,스킨케어,마스크팩
persona_4,629,0.612206757068634,프리메라,비타티놀 세럼 메가샷 마스크세트 34g*5매 X 4개 세트,스킨케어,마스크팩
persona_4,630,0.6193697452545166,프리메라,마일드 앤 퍼펙트 페이셜 필링 250ml,기타,미분류
persona_4,631,0.6299377679824829,프리메라,비타티놀 인텐스 바운시 리프트 마스크 크림 30ml,스킨케어,마스크팩
persona_4,632,0.6482930183410645,프리메라,마일드 앤 퍼펙트 포어 필링 패드 60매*2,기타,미분류
persona_4,633,0.6228054165840149,프리메라,후리 앤 후리 소프트폼 150ml*2,기타,미분류
persona_4,634,0.6177370548248291,프리메라,비타티놀 세럼 메가샷 마스크세트 34g*5매X2개,스킨케어,마스크팩
persona_4,635,0.6202040314674377,프리메라,오가니언스 BR 소프트 필링 투 폼 클렌저 120ml,기타,미분류
persona_4,636,0.6267905831336975,프리메라,마일드 앤 퍼펙트 페이셜 필링 150ml*2,기타,미분류
persona_4,637,0.6524357199668884,프리메라,나이아시카 수딩글로우 워터리 크림,스킨케어,크림
persona_4,638,0.6533362865447998,프리메라,나이아시카 수딩글로우 워터리 크림,스킨케어,크림
persona_4,639,0.6127174496650696,프리메라,후리 앤 후리 200ml*2,기타,미분류
persona_4,640,0.6009263396263123,프리메라,마일드 앤 퍼펙트 클렌징 오일 투 폼 200ml + 오가니언스 BR 소프트 필링 투 폼 클렌저 120ml,기타,미분류
persona_4,641,0.6358535885810852,헤라,UV프로텍터 톤업 SPF50+/PA++++ 50ml,선케어,선크림
persona_4,642,0.6448289155960083,헤라,NEW 블랙 쿠션 파운데이션 SPF34/PA++,선케어,선크림
persona_4,643,0.6109784245491028,헤라,NEW 블랙 쿠션 파운데이션 SPF34/PA++ 15g,선케어,선크림
persona_4,644,0.630043625831604,헤라,센슈얼 누드 글로스 5g,건기식,기능성식품
persona_4,645,0.6206108331680298,헤라,리프레싱 클렌징 폼 160g,건기식,기능성식품
persona_4,646,0.632051944732666,헤라,실키 스테이 24H 롱웨어 파운데이션 SPF20/PA++ 30g,선케어,선크림
persona_4,647,0.6417824625968933,헤라,블랙 쿠션 파운데이션 퍼프 2ea,기타,미분류
persona_4,648,0.6310390830039978,헤라,센슈얼 누드 밤 3.5g,스킨케어,크림
persona_4,649,0.6294172406196594,헤라,센슈얼 틴티드 샤인스틱 3.5g,건기식,기능성식품
persona_4,650,0.6339495778083801,헤라,NEW 리플렉션 스킨 글로우 파운데이션 SPF15/PA++ 30g,선케어,선크림
persona_4,651,0.6171724796295166,헤라,NEW 리플렉션 스킨 글로우 쿠션 파운데이션 SPF40/PA++ 15g,선케어,선크림
persona_4,652,0.6118453741073608,헤라,NEW 리플렉션 스킨 글로우 쿠션 파운데이션 SPF40/PA++ 15g,선케어,선크림
persona_4,653,0.6358535885810852,헤라,UV프로텍터 멀티디펜스 SPF50+/PA++++ 50ml,선케어,선크림
persona_4,654,0.6374848484992981,헤라,옴므 베이직 스페셜 기획세트 2종,기타,미분류
persona_4,655,0.6462008953094482,헤라,에이지 어웨이 에스테틱 2종 세트,기타,미분류
persona_4,656,0.6280667185783386,헤라,센슈얼 파우더 매트 리퀴드 5g,건기식,기능성식품
persona_4,657,0.647287905216217,헤라,NEW 옴므 블랙 액티브 세트 2종,기타,미분류
persona_4,658,0.6335778832435608,헤라,루즈 클래시 3.5g,건기식,기능성식품
persona_4,659,0.6107721924781799,헤라,NEW 블랙 쿠션 파운데이션 SPF34/PA++ 15g,선케어,선크림
persona_4,660,0.6319350004196167,헤라,옴므 올인원 스킨 하이드로 트리트먼트 150ml,기타,미분류
persona_4,661,0.6469168663024902,헤라,시그니아 워터 에멀젼 기프트 세트 2종,기타,미분류
persona_4,662,0.6316719055175781,헤라,블러쉬 5.5g,건기식,기능성식품
persona_4,663,0.6305782794952393,헤라,UV프로텍터 익스트림포스 레포츠 SPF50+/PA++++ 70ml,선케어,선크림
persona_4,664,0.6358804106712341,헤라,UV프로텍터 멀티디펜스 프레쉬 SPF50+/PA++++ 50ml,선케어,선크림
persona_4,665,0.6472031474113464,헤라,NEW 옴므 블루 에센스 기획 2종 세트,스킨케어,에센스
persona_4,666,0.6423423290252686,헤라,리치 컬링 마스카라,메이크업,마스카라
persona_4,667,0.6466026306152344,헤라,브로우 디자이너 오토펜슬,메이크업,아이브로우
persona_4,668,0.6284536123275757,헤라,NEW 코렉팅 베이스 UV 프로텍터 SPF50+/PA++++ 35ml,선케어,선크림
persona_4,669,0.6246307492256165,헤라,센슈얼 파우더 매트 립스틱 3g,메이크업,립스틱
persona_4,670,0.6536457538604736,헤라,브로우 디자이너 오토펜슬,메이크업,아이브로우
persona_4,671,0.6366432905197144,헤라,에이지 어웨이 에스테틱 BX 아이크림 25ml,스킨케어,크림
persona_4,672,0.6177116632461548,헤라,지일 오 데 퍼퓸 40ml,기타,미분류
persona_4,673,0.6263273358345032,헤라,옴므 에센스 인 스킨 125ml,스킨케어,에센스
persona_4,674,0.606708288192749,헤라,에이지 어웨이 에스테틱 BX83 리포솜 40ml,기타,미분류
persona_4,675,0.6142876148223877,헤라,NEW 쿼드 아이 컬러 섀도우 9g,메이크업,아이섀도우
persona_4,676,0.6199952960014343,헤라,NEW 에어리 파우더 프라이머 8.5g,건기식,기능성식품
persona_4,677,0.6450254321098328,헤라,파워부스팅 스페셜세트 2종,기타,미분류
persona_4,678,0.5984241366386414,헤라,NEW 립 세럼 11g,스킨케어,세럼
persona_4,679,0.6144943833351135,헤라,옴므 에센스 인 에멀젼 110ml,스킨케어,에센스
persona_4,680,0.6153193116188049,헤라,메이크업픽서 80ml,메이크업,마스카라
persona_4,681,0.6222719550132751,헤라,딥 클렌징 오일 225ml,기타,미분류
persona_4,682,0.6273226737976074,헤라,센슈얼 피팅 글로우틴트 5g,메이크업,립틴트
persona_4,683,0.6252660155296326,헤라,컴피 리바이탈라이징 세럼 미스트 90ml,스킨케어,세럼
persona_4,684,0.6333948373794556,헤라,에이지 어웨이 에스테틱 BX 워터 150ml,기타,미분류
persona_4,685,0.6295033693313599,헤라,에이지 어웨이 에스테틱 BX 크림 50ml,스킨케어,크림
persona_4,686,0.6441669464111328,헤라,이지 스타일링 아이라이너 0.5g,메이크업,아이라이너
persona_4,687,0.6371252536773682,헤라,크리미 커버 컨실러 7.5g,건기식,기능성식품
persona_4,688,0.6406903862953186,헤라,하이드로 리플렉팅 마이크로 크림 50ml,스킨케어,크림
persona_4,689,0.6114183068275452,헤라,소프트 피니시 루스 파우더 15g,건기식,기능성식품
persona_4,690,0.6132630109786987,헤라,에이지 어웨이 에스테틱 BX 에멀젼 120ml,기타,미분류
persona_4,691,0.6421350836753845,헤라,하이드로 리플렉팅 2종 세트,기타,미분류
persona_4,692,0.6192123293876648,헤라,파워부스팅 페이스 트리트먼트 110ml,기타,미분류
persona_4,693,0.6231653094291687,헤라,센슈얼 립앤치크 7g,건기식,기능성식품
persona_4,694,0.6162792444229126,헤라,하이드로 리플렉팅 플루이드 140ml,기타,미분류
persona_4,695,0.6211053133010864,헤라,하이드로 리플렉팅 토너 170ml,기타,미분류
persona_4,696,0.6277764439582825,헤라,시그니아 에센셜 밸런싱 에멀젼 150ml,기타,미분류
persona_4,697,0.6365353465080261,헤라,리쥬브네이트 앰플 크림 50ml,스킨케어,앰플
persona_4,698,0.6458575129508972,헤라,아이 디자이너 펜슬,메이크업,아이라이너
persona_4,699,0.6190999150276184,헤라,벨벳 나이트 퍼퓸드 샤워젤 250g,건기식,기능성식품
persona_4,700,0.6200155019760132,헤라,UV 프로텍터 액티브 선 밤 SPF 50+/PA++++ 10g,선케어,선크림
persona_4,701,0.61090087890625,헤라,NEW 헬씨 글로우 듀이 밤 10g,스킨케어,크림
persona_4,702,0.6360834240913391,헤라,하이드로-듀 플럼핑 앰플 50ml,스킨케어,앰플
persona_4,703,0.6257588863372803,헤라,리치 컬링 워터프루프 마스카라 6g,메이크업,마스카라
persona_4,704,0.6245568990707397,헤라,지일 블루밍 퍼퓸드 바디로션 230ml,바디,바디케어
persona_4,705,0.6253002882003784,헤라,NEW 부스팅 베이스 UV 프로텍터 SPF15 35ml,선케어,선크림
persona_4,706,0.6192743182182312,헤라,메이크업 리무버 125ml,클렌징,리무버
persona_4,707,0.6360834240913391,헤라,하이드로-듀 플럼핑 크림 50ml,스킨케어,크림
persona_4,708,0.6255998611450195,헤라,NEW 리프레싱 토닉 클렌징워터 200ml,기타,미분류
persona_4,709,0.6348627209663391,헤라,NEW 시그니아 일루미네이팅 세럼 30ml,스킨케어,세럼
persona_4,710,0.6284679770469666,헤라,파워부스팅 토너 150ml,기타,미분류
persona_4,711,0.6366432905197144,헤라,NEW 레티놀 3X 리프팅 세럼 25ml,스킨케어,세럼
persona_4,712,0.6172795295715332,헤라,벨벳 나이트 오 데 퍼퓸 40ml,기타,미분류
persona_4,713,0.6131319403648376,헤라,스킨 틴트 컴피 스프레더 SPF50/ PA++++ 15g,선케어,선크림
persona_4,714,0.6186286807060242,헤라,파워부스팅 모이스춰라이저 110ml,기타,미분류
persona_4,715,0.6111730337142944,헤라,옴므 블랙 액티브 어드밴스드 에멀전 110ml,기타,미분류
persona_4,716,0.621815025806427,헤라,옴므 블랙 액티브 어드밴스드 토너 125ml,기타,미분류
persona_4,717,0.636653482913971,헤라,하이드로-듀 플럼핑 워터 드롭 50ml,기타,미분류
persona_4,718,0.6150267720222473,헤라,NEW 옴므 블루 에센스 인 에멀전 110ml,스킨케어,에센스
persona_4,719,0.6238628625869751,헤라,NEW 옴므 블루 에센스 인 토너 125ml,스킨케어,에센스
persona_4,720,0.6177116632461548,헤라,페르소프 오 데 퍼퓸 40ml,기타,미분류
persona_4,721,0.618848443031311,헤라,NEW 블랙 쿠션 파운데이션 00P1 SPF34/PA++ 15g,선케어,선크림
persona_4,722,0.6246402263641357,헤라,UV 프로텍터 톤업 2개 + 월리 뽀모도로 타이머 & 포스트카드,기타,미분류
persona_4,723,0.6340987086296082,헤라,블랙쿠션 23N1 듀오 + 리필 + 월리 우프 무드등,기타,미분류
persona_4,724,0.6340987086296082,헤라,블랙쿠션 21N1 듀오 + 리필 + 월리 우프 무드등,기타,미분류
persona_4,725,0.6471273303031921,헤라,실키스테이 24H 롱웨어 파운데이션 23N1 기획세트,기타,미분류
persona_4,726,0.6471273303031921,헤라,실키스테이 24H 롱웨어 파운데이션 21N1 기획세트,기타,미분류
persona_4,727,0.6358273029327393,헤라,글로우쿠션 리필 21N1 + 쿠션 케이스 #1 메탈릭레더,기타,미분류
persona_4,728,0.6253650188446045,헤라,블러쉬 스틱 7.7g,건기식,기능성식품
persona_4,729,0.6317652463912964,헤라,NEW 컴피 컨디셔닝 에센스 150g,스킨케어,에센스
persona_4,730,0.6189562082290649,헤라,지일 블루밍 퍼퓸드 샤워 젤 250g,건기식,기능성식품
persona_4,731,0.6235944628715515,헤라,벨벳 나이트 퍼퓸드 바디 로션 230ml,바디,바디케어
persona_4,732,0.6329601407051086,비레디,웨이크업 생기 립밤 3g,스킨케어,크림
persona_4,733,0.6329601407051086,라네즈,웨이크업 생기 립밤 3g,스킨케어,크림
persona_4,734,0.610834538936615,비레디,트루톤 로션  40ml,기타,미분류
persona_4,735,0.610834538936615,라네즈,트루톤 로션  40ml,기타,미분류
persona_4,736,0.6468906998634338,비레디,블루 수분 선크림 1+1 기획세트 SPF50+PA++++,선케어,선크림
persona_4,737,0.6468906998634338,라네즈,블루 수분 선크림 1+1 기획세트 SPF50+PA++++,선케어,선크림
persona_4,738,0.6263160109519958,비레디,블루 파운데이션 SPF27/PA++ 35ml,선케어,선크림
persona_4,739,0.6263160109519958,라네즈,블루 파운데이션 SPF27/PA++ 35ml,선케어,선크림
persona_4,740,0.6167963743209839,비레디,블루쿠션 SPF34/PA++ 15g,선케어,선크림
persona_4,741,0.6167963743209839,라네즈,블루쿠션 SPF34/PA++ 15g,선케어,선크림
persona_4,742,0.6443883776664734,비레디,무드업 듀얼 아이섀도우 브러쉬,메이크업,아이섀도우
persona_4,743,0.6443883776664734,라네즈,무드업 듀얼 아이섀도우 브러쉬,메이크업,아이섀도우
persona_4,744,0.6141843795776367,비레디,블루쿠션 SPF34/PA++ 15g,선케어,선크림
persona_4,745,0.6141843795776367,라네즈,블루쿠션 SPF34/PA++ 15g,선케어,선크림
persona_4,746,0.6074394583702087,비레디,시카페인 트러블리셋 세럼 40ml,스킨케어,세럼
persona_4,747,0.6074394583702087,라네즈,시카페인 트러블리셋 세럼 40ml,스킨케어,세럼
persona_4,748,0.6410486102104187,비레디,블루 수분 선크림 SPF50+/PA++++ 50ml,선케어,선크림
persona_4,749,0.6410486102104187,라네즈,블루 수분 선크림 SPF50+/PA++++ 50ml,선케어,선크림
persona_4,750,0.640269935131073,비레디,프라이드업 아이브로우 0.6G,메이크업,아이브로우
persona_4,751,0.640269935131073,라네즈,프라이드업 아이브로우 0.6G,메이크업,아이브로우
persona_4,752,0.6255726218223572,비레디,블루 세범 파우더 7g,건기식,기능성식품
persona_4,753,0.6255726218223572,라네즈,블루 세범 파우더 7g,건기식,기능성식품
persona_4,754,0.6175782084465027,비레디,시카페인 트러블리셋 토너 250ml,기타,미분류
persona_4,755,0.6175782084465027,라네즈,시카페인 트러블리셋 토너 250ml,기타,미분류
persona_4,756,0.6252542734146118,비레디,시카페인 트러블리셋 크림 70ml,스킨케어,크림
persona_4,757,0.6252542734146118,라네즈,시카페인 트러블리셋 크림 70ml,스킨케어,크림
persona_4,758,0.6420704126358032,비레디,블루 파운데이션 퍼프,기타,미분류
persona_4,759,0.6420704126358032,라네즈,블루 파운데이션 퍼프,기타,미분류
persona_4,760,0.6410486102104187,비레디,하이드로 스웻프루프 선크림 SPF50+/PA++++ 50ml,선케어,선크림
persona_4,761,0.6410486102104187,라네즈,하이드로 스웻프루프 선크림 SPF50+/PA++++ 50ml,선케어,선크림
persona_4,762,0.6097445487976074,비레디,에어리 헤어 페이스트 80g,건기식,기능성식품
persona_4,763,0.6097445487976074,라네즈,에어리 헤어 페이스트 80g,건기식,기능성식품
persona_4,764,0.6500298976898193,비레디,4.4,기타,미분류
persona_4,765,0.6500298976898193,라네즈,4.4,기타,미분류
persona_4,766,0.632445216178894,비레디,시카페인 트러블리셋 클렌징폼 150g,건기식,기능성식품
persona_4,767,0.632445216178894,라네즈,시카페인 트러블리셋 클렌징폼 150g,건기식,기능성식품
persona_4,768,0.6267929673194885,비레디,무드업 음영 아이팔레트 7g,건기식,기능성식품
persona_4,769,0.6267929673194885,라네즈,무드업 음영 아이팔레트 7g,건기식,기능성식품
persona_4,770,0.631284773349762,비레디,생기 립밤 3g,스킨케어,크림
persona_4,771,0.631284773349762,라네즈,생기 립밤 3g,스킨케어,크림
persona_4,772,0.631284773349762,비레디,생기 립밤 3g,스킨케어,크림
persona_4,773,0.631284773349762,라네즈,생기 립밤 3g,스킨케어,크림
persona_4,774,0.631284773349762,비레디,생기 립밤 3g,스킨케어,크림
persona_4,775,0.631284773349762,라네즈,생기 립밤 3g,스킨케어,크림
persona_4,776,0.6453577876091003,비레디,블루 파운데이션 3호,기타,미분류
persona_4,777,0.6453577876091003,라네즈,블루 파운데이션 3호,기타,미분류
persona_4,778,0.6453577876091003,비레디,블루 파운데이션 2호,기타,미분류
persona_4,779,0.6453577876091003,라네즈,블루 파운데이션 2호,기타,미분류
persona_4,780,0.6518006920814514,비레디,블루쿠션 3호 제프리,기타,미분류
persona_4,781,0.6518006920814514,라네즈,블루쿠션 3호 제프리,기타,미분류
persona_4,782,0.6518006920814514,비레디,블루쿠션 2호 라이언,기타,미분류
persona_4,783,0.6518006920814514,라네즈,블루쿠션 2호 라이언,기타,미분류
persona_4,784,0.6540198922157288,비레디,시카페인 트러블리셋 2종,기타,미분류
persona_4,785,0.6540198922157288,라네즈,시카페인 트러블리셋 2종,기타,미분류
persona_4,786,0.6517918705940247,비레디,블루 수분 선크림 SPF50+/PA++++,선케어,선크림
persona_4,787,0.6517918705940247,라네즈,블루 수분 선크림 SPF50+/PA++++,선케어,선크림
persona_4,788,0.6452524065971375,아이오페,슈퍼바이탈 기초 2종 세트,기타,미분류
persona_4,789,0.6341273784637451,아이오페,비타민C 엑스퍼트25% 토닝앰플 23ml,스킨케어,앰플
persona_4,790,0.6492059230804443,아이오페,바이오 컨디셔닝 에센스 하이드로 인핸싱 마스크 5매,스킨케어,마스크팩
persona_4,791,0.617333173751831,아이오페,맨 올데이 퍼펙트 올인원 120ml,기타,미분류
persona_4,792,0.6304928660392761,아이오페,슈퍼바이탈 크림 세트 50ml,스킨케어,크림
persona_4,793,0.6272203326225281,아이오페,바이오 컨디셔닝 에센스 168ml,스킨케어,에센스
persona_4,794,0.6397663354873657,아이오페,XMD 스템3 스페셜 2종 세트,기타,미분류
persona_4,795,0.6162218451499939,아이오페,맨 프로 레티놀 올인원 기획세트 120ml,기타,미분류
persona_4,796,0.6343556046485901,아이오페,슈퍼바이탈 아이크림 25ml,스킨케어,크림
persona_4,797,0.6084768772125244,아이오페,골든 글로우 페이스 오일 40ml,기타,미분류
persona_4,798,0.656404435634613,아이오페,레티놀 세럼 인 겔 마스크,스킨케어,마스크팩
persona_4,799,0.6330891251564026,아이오페,XMD 스템3 클리니컬 리커버리 크림 50ml,스킨케어,크림
persona_4,800,0.6409952640533447,아이오페,맨 바이오 안티에이징 2종 세트,기타,미분류
persona_4,801,0.6295862793922424,아이오페,바이오 컨디셔닝 에센스 폼 클렌저 180ml,스킨케어,에센스
persona_4,802,0.6105486750602722,아이오페,에어쿠션 5.5세대 커버 SPF50/PA+++ 15g,선케어,선크림
persona_4,803,0.635009229183197,아이오페,UV 쉴드 선 프로텍터 SPF50+/PA++++ 50ml,선케어,선크림
persona_4,804,0.6103224754333496,아이오페,에어쿠션 5.5세대 커버 SPF50/PA+++ 15g,선케어,선크림
persona_4,805,0.6211882829666138,아이오페,맨 퍼펙트 올인원 클렌저 125g,건기식,기능성식품
persona_4,806,0.6407487988471985,아이오페,레티놀 엑스퍼트 0.1% 링클 코렉터 기획세트 30ml,기타,미분류
persona_4,807,0.6348901987075806,아이오페,XMD 스템3 클리니컬 리커버리 세럼 50ml,스킨케어,세럼
persona_4,808,0.6110669374465942,아이오페,슈퍼바이탈 오일 블렌딩 세럼 40ml,스킨케어,세럼
persona_4,809,0.6426505446434021,아이오페,히아루로닉 크림 100ml,스킨케어,크림
persona_4,810,0.6267311573028564,아이오페,레티놀 엑스퍼트 0.5% 얼티밋 컨센트레이트 15ml,기타,미분류
persona_4,811,0.6331946849822998,아이오페,PDRN 카페인샷 50ml,기타,미분류
persona_4,812,0.6336649656295776,아이오페,PDRN 카페인샷 30ml,기타,미분류
persona_4,813,0.6387181282043457,아이오페,레티놀 엑스퍼트 0.3% 링클 코렉터 20ml,기타,미분류
persona_4,814,0.635009229183197,아이오페,UV 쉴드 톤업 선 SPF50+/PA++++ 50ml,선케어,선크림
persona_4,815,0.6255695819854736,아이오페,브라이트닝 기미 에센스 45ml,스킨케어,에센스
persona_4,816,0.6439201235771179,아이오페,프로 필링 소프트젤 100ml,기타,미분류
persona_4,817,0.631090521812439,아이오페,슈퍼바이탈 소프너 150ml,기타,미분류
persona_4,818,0.6167892217636108,아이오페,맨 올데이 퍼펙트 톤업 올인원 SPF15 120ml,선케어,선크림
persona_4,819,0.6235167980194092,아이오페,맨 안티에이징 에멀젼 EX 120ml,기타,미분류
persona_4,820,0.6180272102355957,아이오페,슈퍼바이탈 쿠션 이엑스 SPF 50+/PA+++ 16g,선케어,선크림
persona_4,821,0.6466303467750549,아이오페,하이드로 리프트 크림,스킨케어,크림
persona_4,822,0.6340979933738708,아이오페,슈퍼바이탈 에멀젼 150ml,기타,미분류
persona_4,823,0.632642388343811,아이오페,바이오 컨디셔닝 클렌징 오일 인 젤 150ml,기타,미분류
persona_4,824,0.6343450546264648,아이오페,하이드로 리프트 에멀젼 150ml,기타,미분류
persona_4,825,0.6203343868255615,아이오페,UV 쉴드 선 앰플 SPF 50+/PA+++ 40ml,선케어,선크림
persona_4,826,0.6298424601554871,아이오페,맨 컴파운드 선 스크린 SPF 50+/PA++++ 50ml,선케어,선크림
persona_4,827,0.6297703981399536,아이오페,XMD 스템3 클리니컬 리커버리 세럼 30ml,스킨케어,세럼
persona_4,828,0.634757399559021,아이오페,레티놀 엑스퍼트 0.1% 링클 코렉터 기획세트 20ml,기타,미분류
persona_4,829,0.6196550726890564,아이오페,UV 쉴드 선 스틱 SPF50+/PA++++ 20g,선케어,선크림
persona_4,830,0.6233774423599243,아이오페,XMD 스템3 클리니컬 리커버리 소프너 130ml,기타,미분류
persona_4,831,0.6204193830490112,아이오페,XMD 스템3 클리니컬 리커버리 에멀전 130ml,기타,미분류
persona_4,832,0.6335754990577698,아이오페,슈퍼바이탈 쿠션 이엑스 SPF 50+/PA+++,선케어,선크림
persona_4,833,0.6254909634590149,아이오페,맨 바이오 컨디셔닝 에센스 145ml,스킨케어,에센스
persona_4,834,0.6403665542602539,아이오페,하이드로 리프트 2종 세트,기타,미분류
persona_4,835,0.6455293893814087,아이오페,슈퍼바이탈 3종 세트,기타,미분류
persona_4,836,0.630090057849884,아이오페,하이드로 리프트 소프너 150ml,기타,미분류
persona_4,837,0.6399758458137512,아이오페,슈퍼바이탈 2종 세트,기타,미분류
persona_4,838,0.6368442177772522,아이오페,레티놀 레티젝션 세럼 30ml,스킨케어,세럼
persona_4,839,0.6469205617904663,아이오페,스킨 부스터 앰플 필 패드 8매입,스킨케어,앰플
persona_4,840,0.6431652307510376,아이오페,하이드로 리프트 세럼,스킨케어,세럼
persona_4,841,0.6138538718223572,아이오페,슈퍼바이탈 넥앤데콜테 크림 40ml,스킨케어,크림
persona_4,842,0.6387300491333008,아이오페,레티놀 0.1% 기획세트 + 월리 우프 무드등,기타,미분류
persona_4,843,0.6259604096412659,아이오페,레티놀 레티젝션 세럼 50ml 기획세트 + 월리 우프 무드등,스킨케어,세럼
persona_4,844,0.6256545186042786,아이오페,브라이트닝 기미 에센스 기획세트 45ml,스킨케어,에센스
persona_4,845,0.6162218451499939,아이오페,맨 올데이 퍼펙트 올인원 기획세트 120ml,기타,미분류
persona_4,846,0.6354228258132935,아이오페,XMD 스템3 클리니컬 리커버리 세럼 기획세트 50ml,스킨케어,세럼
persona_4,847,0.6287299990653992,아이오페,비타민C 엑스퍼트25% 토닝앰플 기획세트 23ml,스킨케어,앰플
persona_4,848,0.6236998438835144,아이오페,멀티 비타민 10% 얼티밋 토닝 겔 마스크,스킨케어,마스크팩
persona_4,849,0.6311872005462646,아이오페,레티놀 레티젝션 세럼 50ml,스킨케어,세럼
persona_4,850,0.650091290473938,아이오페,레티놀 세럼 인 겔 마스크,스킨케어,마스크팩
persona_4,851,0.6479825973510742,아이오페,스킨 부스터 앰플 필 패드 기획세트,스킨케어,앰플
persona_4,852,0.6070612668991089,아이오페,비타민C 엑스퍼트 40% 마스크 컨센트레이트 15g,스킨케어,마스크팩
persona_4,853,0.6488395929336548,아이오페,바이오 컨디셔닝 에센스 하이드로 인핸싱 마스크 10매,스킨케어,마스크팩
persona_4,854,0.6387631893157959,아이오페,레티놀 슈퍼 바운스 세럼 50ml,스킨케어,세럼
persona_4,855,0.6318260431289673,아이오페,바이오 컨디셔닝 에센스 기획세트 84ml,스킨케어,에센스
persona_4,856,0.6438025832176208,에이피뷰티,에이피 프라임 리저브 리트리니티 메쉬 파운데이션 스펀지 2개입,기타,미분류
persona_4,857,0.6277903318405151,에이피뷰티,마이크로파인 인텐시브 크림 투 폼 클렌저 150g,스킨케어,크림
persona_4,858,0.6003942489624023,에이피뷰티,프라임 리저브 리트리니티 메쉬 파운데이션 12g,건기식,기능성식품
persona_4,859,0.6114835143089294,에이피뷰티,NEW 에이오 리부트 앤 리뉴 에센스 80ml,스킨케어,에센스
persona_4,860,0.6343054175376892,에이피뷰티,리쥬브네이팅 부스터 샷 엠디 세럼 30ml,스킨케어,세럼
persona_4,861,0.6353987455368042,에이피뷰티,에이피 리파이닝 파우더 투 폼 클렌저 55g,건기식,기능성식품
persona_4,862,0.6128503084182739,에이피뷰티,에이오 트리플 디펜스 에어리 선 세럼 40ml,스킨케어,세럼
persona_4,863,0.6298456192016602,에이피뷰티,에이피 에이오 리부트 앤 리뉴 에센스 150ml,스킨케어,에센스
persona_4,864,0.6254990696907043,에이피뷰티,에이피 얼티밋 오일 투 밀크 클렌저 200ml,기타,미분류
persona_4,865,0.6400619149208069,에이피뷰티,프라임 리저브 리트리니 메쉬 파운데이션 케이스,기타,미분류
persona_4,866,0.6287381649017334,에이피뷰티,퍼밍 앤 래디언스 플럼핑 에멀전 150ml,기타,미분류
persona_4,867,0.6287381649017334,에이피뷰티,퍼밍 앤 래디언스 플럼핑 로션 150ml,기타,미분류
persona_4,868,0.6186521053314209,에이피뷰티,에이피 에이오 리부트 앤 리뉴 더블 컨센트레이트 40ml,기타,미분류
persona_4,869,0.6314424872398376,에이피뷰티,에이피 듀얼 리페어 리프트 크림 30ml,스킨케어,크림
persona_4,870,0.6322582364082336,에이피뷰티,에이피 프라임 리저브 리트리니티 세럼 30ml,스킨케어,세럼
persona_4,871,0.6481282114982605,에이피뷰티,에이피 리프트 앤 펌 듀얼 아이 트리트먼트,기타,미분류
persona_4,872,0.6215881109237671,에이피뷰티,듀얼 리페어 리프트 크림 마스크 5매 23g*5,스킨케어,마스크팩
persona_4,873,0.6457246541976929,에이피뷰티,에이피 에이오 리부트 앤 리뉴 크림,스킨케어,크림
persona_4,874,0.6333062648773193,에이피뷰티,에이피 프라임 리저브 리트리니티 에센스 로션 150ml,스킨케어,에센스
persona_4,875,0.6508697271347046,에이피뷰티,에이피 리프트 앤 리뉴 더블 샷 프로그램 1ea,기타,미분류
persona_4,876,0.6332188844680786,에이피뷰티,리서페이싱 앤 리페어 에센스 150ml,스킨케어,에센스
persona_4,877,0.63347327709198,에이피뷰티,에이피 프라임 리저브 리트리니티 크림 50ml,스킨케어,크림
persona_4,878,0.6361638903617859,에이피뷰티,에이피 프라임 리저브 리트리니티 크림 50ml,스킨케어,크림
persona_4,879,0.6278268098831177,에이피뷰티,에이피 프라임 리저브 리트리니티 아이 앤 익스프레션 크림 20ml,스킨케어,크림
persona_4,880,0.6223350167274475,에이피뷰티,에이피 듀얼 리페어 리프트 리퀴드 크림 120ml,스킨케어,크림
persona_4,881,0.6283668875694275,에이피뷰티,에이피 듀얼 리페어 리프트 크림 50 ml,스킨케어,크림
persona_4,882,0.6496850848197937,에이피뷰티,퍼밍 앤 래디언스 플럼핑 듀오,기타,미분류
persona_4,883,0.6143898963928223,에이피뷰티,프라임 리저브 리트리니티 메쉬 파운데이션 22N + 에이오 트리플 디펜스 에어리 선 세럼 40ml,스킨케어,세럼
persona_4,884,0.6143898963928223,에이피뷰티,프라임 리저브 리트리니티 메쉬 파운데이션 21N + 에이오 트리플 디펜스 에어리 선 세럼 40ml,스킨케어,세럼
persona_4,885,0.6143898963928223,에이피뷰티,프라임 리저브 리트리니티 메쉬 파운데이션 17C + 에이오 트리플 디펜스 에어리 선 세럼 40ml,스킨케어,세럼
persona_4,886,0.6343054175376892,에이피뷰티,리쥬브네이팅 부스터 샷 엠디 세럼 30ml,스킨케어,세럼
persona_4,887,0.6368772983551025,에이피뷰티,리쥬브네이팅 트리트먼트 엠디 크림 50ml,스킨케어,크림
persona_4,888,0.6473504304885864,에이피뷰티,프라임 리저브 리트리니티 메쉬 파운데이션 22N+블랙 케이스,기타,미분류
persona_4,889,0.6482821702957153,에이피뷰티,프라임 리저브 리트리니티 메쉬 파운데이션 21N+ 블랙 케이스,기타,미분류
persona_4,890,0.6093884706497192,에이피뷰티,프라임 리저브 리트리니티 메쉬 파운데이션 17C+ 블랙 케이스 12g,건기식,기능성식품
persona_4,891,0.6429976224899292,에이피뷰티,에이피 리프트 앤 리뉴 더블 샷 프로그램 3ea,기타,미분류
persona_4,892,0.6271169185638428,에이피뷰티,에이피 프라임 리저브 리트리니티 아이 앤 익스프레션 크림 20ml,스킨케어,크림
persona_4,893,0.6486471891403198,일리윤,NEW  세라마이드 아토 로션 564ml,기타,미분류
persona_4,894,0.6357200741767883,일리윤,울트라 리페어 로션 528ml,기타,미분류
persona_4,895,0.6459094882011414,일리윤,히알루론 모이스춰 수분크림 100ml,스킨케어,크림
persona_4,896,0.6245598196983337,일리윤,세라마이드 아토 집중 크림 230ml,스킨케어,크림
persona_4,897,0.6340083479881287,일리윤,세라마이드 아토 6.0 탑투토워시 500ml,기타,미분류
persona_4,898,0.626201868057251,일리윤,세라마이드 아토 로션 350ml,기타,미분류
persona_4,899,0.63242506980896,일리윤,세라마이드 아토 6.0 탑투토워시 500ml,기타,미분류
persona_4,900,0.628675639629364,일리윤,울트라 리페어 로션 350ml,기타,미분류
persona_4,901,0.631540834903717,일리윤,세라마이드 아토 집중 크림 500ml,스킨케어,크림
persona_4,902,0.6314713358879089,일리윤,프레쉬 모이스춰 바디워시 500ml,바디,바디케어
persona_4,903,0.6281846761703491,일리윤,레드이치 케어크림 330ml,스킨케어,크림
persona_4,904,0.640220046043396,일리윤,저자극 이지워시 선크림 SPF50+/PA++++ 150ml,선케어,선크림
persona_4,905,0.629406750202179,일리윤,울트라 리페어 딥 모이스춰 워시 500ml,기타,미분류
persona_4,906,0.6179951429367065,일리윤,세라마이드 아토 6.0 탑투토워시 1000ml,기타,미분류
persona_4,907,0.6150538921356201,일리윤,세라마이드 아토 속보습 스킨 250ml,기타,미분류
persona_4,908,0.6436294913291931,일리윤,레드이치 케어크림 75ml,스킨케어,크림
persona_4,909,0.6228986382484436,일리윤,레드이치 케어오일 200ml,기타,미분류
persona_4,910,0.6535850763320923,일리윤,세라마이드 아토 여행용 키트,기타,미분류
persona_4,911,0.6277576684951782,일리윤,프로바이오틱스 스킨 배리어 약산성 여성청결제 300ml,기타,미분류
persona_4,912,0.6352415084838867,일리윤,프레쉬 모이스춰 립앤아이 리무버 300ml,클렌징,리무버
persona_4,913,0.635789692401886,일리윤,레드이치 큐어밤 60ml,스킨케어,크림
persona_4,914,0.6186810731887817,일리윤,세라마이드 아토 버블워시 앤 샴푸 900ml,기타,미분류
persona_4,915,0.6116113066673279,일리윤,레드이치 케어크림 128ml,스킨케어,크림
persona_4,916,0.628303587436676,일리윤,프레쉬 모이스춰 로션 350ml,기타,미분류
persona_4,917,0.6298215985298157,일리윤,울트라 리페어 인텐시브 케어 크림 200ml,스킨케어,크림
persona_4,918,0.6125904321670532,일리윤,젠틀 딥 립앤아이 리무버 140ml,클렌징,리무버
persona_4,919,0.6251381039619446,일리윤,세라마이드 아토 수딩 젤 175ml,기타,미분류
persona_4,920,0.6230759620666504,일리윤,세라마이드 아토 5.0 젠틀스킨클렌져 400ml,기타,미분류
persona_4,921,0.6441572904586792,일리윤,무기자차 장벽 선크림 SPF50+/PA++++ 50ml,선케어,선크림
persona_4,922,0.6289506554603577,일리윤,데일리 무기자차 선스틱 SPF50+/PA++++ 20g,선케어,선크림
persona_4,923,0.6352529525756836,일리윤,세라마이드 아토 로션 508ml,기타,미분류
persona_4,924,0.6234627962112427,일리윤,튼살크림 330ml,스킨케어,크림
persona_4,925,0.6129240989685059,일리윤,시카 아크네 클리어 필링 스크럽 200g,건기식,기능성식품
persona_4,926,0.6203160285949707,일리윤,시카 아크네 클리어 바디 워시 400ml,바디,바디케어
persona_4,927,0.622412383556366,일리윤,젠틀 딥 클렌징 오일 250ml,기타,미분류
persona_4,928,0.6173485517501831,일리윤,시카 트러블 클리어 바디 미스트 200ml,바디,바디케어
persona_4,929,0.6180321574211121,일리윤,젠틀 딥 페이셜 클렌저 250ml,기타,미분류
persona_4,930,0.6368464827537537,일리윤,프로바이오틱스 스킨 배리어 젠틀 클렌저 300ml,기타,미분류
persona_4,931,0.6179547905921936,일리윤,세라마이드 아토 버블워시 앤 샴푸 400ml,기타,미분류
persona_4,932,0.6491113901138306,일리윤,히알루론 모이스춰 수분크림,스킨케어,크림
persona_4,933,0.6545683145523071,일리윤,세라마이드 아토 탑투토워시 본품+리필 SET,기타,미분류
persona_4,934,0.6534209847450256,일리윤,세라마이드 아토 로션 2입 SET,기타,미분류
persona_4,935,0.623367190361023,일리윤,인텐시브 세라마이드 비건 립 마스크 7g,스킨케어,마스크팩
persona_4,936,0.6540165543556213,일리윤,울트라 리페어 인텐시브 케어 크림,스킨케어,크림
persona_4,937,0.6512895822525024,일리윤,울트라 리페어 로션,기타,미분류
persona_4,938,0.6549471020698547,일리윤,울트라 리페어 딥 모이스춰 워시,기타,미분류
persona_4,939,0.6544937491416931,일리윤,울트라 리페어 로션,기타,미분류
persona_4,940,0.6491066217422485,일리윤,데일리 무기자차 선스틱 SPF50+/PA++++,선케어,선크림
persona_4,941,0.6546689867973328,일리윤,레드이치 케어크림,스킨케어,크림
persona_4,942,0.6514250636100769,일리윤,레드이치 고보습 워시,기타,미분류
persona_4,943,0.6547645926475525,일리윤,레드이치 케어오일,기타,미분류
persona_4,944,0.6525158286094666,일리윤,레드이치 케어크림,스킨케어,크림
persona_4,945,0.6251096725463867,일리윤,세라마이드 아토 집중 크림 230ml,스킨케어,크림
persona_4,946,0.6423917412757874,일리윤,레드이치 크림 + 고보습 워시,스킨케어,크림
persona_4,947,0.6255807876586914,일리윤,세라마이드 아토 집중크림 230ml,스킨케어,크림
persona_4,948,0.6520751714706421,일리윤,세라마이드 아토 로션,기타,미분류
persona_4,949,0.6573728919029236,일리윤,무기자차 장벽 선크림 SPF50+/PA++++,선케어,선크림
persona_4,950,0.6585084199905396,일리윤,저자극 이지워시 선크림 SPF50+/PA++++,선케어,선크림
persona_4,951,0.6544905304908752,일리윤,세라마이드 아토 수딩 젤,기타,미분류
persona_4,952,0.653295636177063,일리윤,프레쉬 모이스춰 바디워시,바디,바디케어
persona_4,953,0.6443894505500793,일리윤,세라마이드 아토 로션 564ml,기타,미분류
persona_4,954,0.6237871050834656,일리윤,레드이치 고보습 워시 470g,건기식,기능성식품
persona_4,955,0.6374775171279907,일리윤,세라마이드 무향 비건 립밤 3.2g,스킨케어,크림
persona_4,956,0.6397672295570374,일리윤,세라마이드 무향 비건 핸드크림 50ml,스킨케어,크림
persona_4,957,0.6509533524513245,이니스프리,레티놀 PDRN 앰플 겔 마스크 1매,스킨케어,마스크팩
persona_4,958,0.6396781802177429,이니스프리,한란 핸드 크림 50ml,스킨케어,크림
persona_4,959,0.6221238374710083,이니스프리,그린티 아미노 수분 클렌징 폼 150g,건기식,기능성식품
persona_4,960,0.6529483795166016,이니스프리,NEW 세럼/앰플 겔 마스크,스킨케어,마스크팩
persona_4,961,0.6512961387634277,이니스프리,비타C 그린티 엔자임 세럼 겔 마스크 1매,스킨케어,마스크팩
persona_4,962,0.637957751750946,이니스프리,마이 퍼퓸드 핸드크림 30ml,스킨케어,크림
persona_4,963,0.6523870229721069,이니스프리,고급 종이 면봉 150P,기타,미분류
persona_4,964,0.6470926403999329,이니스프리,New 납작 아이브로우 펜슬,메이크업,아이브로우
persona_4,965,0.6512961387634277,이니스프리,레티놀 시카 리페어 앰플 겔 마스크 1매,스킨케어,마스크팩
persona_4,966,0.6281238198280334,이니스프리,그린티 아미노 수분 클렌징 오일 150ml,기타,미분류
persona_4,967,0.6315272450447083,이니스프리,노세범 미네랄 파우더 5g,건기식,기능성식품
persona_4,968,0.6213103532791138,이니스프리,그린티 아미노 수분 클렌징 워터 320ml,기타,미분류
persona_4,969,0.6390198469161987,이니스프리,블랙티 유스 인핸싱 앰플 마스크 28ml,스킨케어,마스크팩
persona_4,970,0.6342445015907288,이니스프리,유채꿀 립밤  3.5g,스킨케어,크림
persona_4,971,0.6201540231704712,이니스프리,그린티 세라마이드 밀크 에센스 160ml,스킨케어,에센스
persona_4,972,0.6262841820716858,이니스프리,듀이 틴트 립밤 3.2g,메이크업,립틴트
persona_4,973,0.6315272450447083,이니스프리,노세범 모이스처 파우더 5g,건기식,기능성식품
persona_4,974,0.6471825838088989,이니스프리,비타C 그린티 엔자임세럼 기획세트,스킨케어,세럼
persona_4,975,0.6393697261810303,이니스프리,그린티 씨드 히알루론산 크림 50ml,스킨케어,크림
persona_4,976,0.6221238374710083,이니스프리,화산송이 모공 바하 클렌징 폼 150g,건기식,기능성식품
persona_4,977,0.6223615407943726,이니스프리,노세범 미네랄 팩트 8.5g,스킨케어,마스크팩
persona_4,978,0.6549652218818665,이니스프리,레티놀 PDRN 앰플 겔 마스크 6매,스킨케어,마스크팩
persona_4,979,0.6246305108070374,이니스프리,스페셜케어마스크 풋 20ml,스킨케어,마스크팩
persona_4,980,0.6475574970245361,이니스프리,그린티 데일리 수딩 마스크 30매,스킨케어,마스크팩
persona_4,981,0.6255233287811279,이니스프리,화산송이 모공 바하 클렌징폼  250g,건기식,기능성식품
persona_4,982,0.6426248550415039,이니스프리,올리브 비타민 E 리얼 오일 미스트 75ml,기타,미분류
persona_4,983,0.651350736618042,이니스프리,눈썹 수정칼 2P,건기식,기능성식품
persona_4,984,0.6202221512794495,이니스프리,그린티 씨드 히알루론산 세럼 대용량 130ml,스킨케어,세럼
persona_4,985,0.6216536164283752,이니스프리,퍼펙트 9 인텐시브 아이크림 30ml,스킨케어,크림
persona_4,986,0.645289421081543,이니스프리,올리브 비타민 E 리얼 클렌징 티슈 30매,기타,미분류
persona_4,987,0.6126418709754944,이니스프리,마이 퍼퓸드 핸드크림 80ml,스킨케어,크림
persona_4,988,0.6215200424194336,이니스프리,그린티 히알루론산 스킨 170ml,기타,미분류
persona_4,989,0.6400889158248901,이니스프리,노세범 블러 프라이머 25ml,기타,미분류
persona_4,990,0.6473580002784729,이니스프리,블랙티 유스 인핸싱 앰플 대용량 단품 세트,스킨케어,앰플
persona_4,991,0.6086933016777039,이니스프리,그린티 씨드 히알루론산 크림  80ml,스킨케어,크림
persona_4,992,0.6321041584014893,이니스프리,블랙티 유스 인핸싱 오일 30ml,기타,미분류
persona_4,993,0.6607229709625244,이니스프리,파우더 퍼프 1ea,기타,미분류
persona_4,994,0.6202841997146606,이니스프리,퍼펙트 9 인텐시브 크림 60ml,스킨케어,크림
persona_4,995,0.6291607022285461,이니스프리,노세범 AC 파우더 5g,건기식,기능성식품
persona_4,996,0.6342445015907288,이니스프리,유채꿀 립밤  3.5g,스킨케어,크림
persona_4,997,0.6246305108070374,이니스프리,스페셜케어마스크 핸드 20ml,스킨케어,마스크팩
persona_4,998,0.6387196183204651,이니스프리,블랙티 유스 인핸싱 크림 50ml,스킨케어,크림
persona_4,999,0.6501831412315369,이니스프리,화산송이 한지 기름종이 50매,기타,미분류
persona_4,1000,0.6309099793434143,이니스프리,비자 트러블 클렌징폼 150g,건기식,기능성식품
persona_4,1001,0.6152202486991882,이니스프리,그린티 히알루론산 로션 170ml,기타,미분류
persona_4,1002,0.6172712445259094,이니스프리,비타C 그린티 엔자임 잡티 토닝 패드 60매/170ml,기타,미분류
persona_4,1003,0.631189227104187,이니스프리,라이트 피팅 메이크업 베이스 SPF23/PA++ 30ml,선케어,선크림
persona_4,1004,0.6337872743606567,이니스프리,그린티 히알루론산 미스트 150ml,기타,미분류
persona_4,1005,0.6320089101791382,이니스프리,레티놀 시카 흔적 장벽 크림 50ml,스킨케어,크림
persona_4,1006,0.6228026747703552,이니스프리,그린티 세라마이드 밀크 에센스 리필 160ml,스킨케어,에센스
persona_4,1007,0.6311869621276855,이니스프리,한란 아이 크림 30ml,스킨케어,크림
persona_4,1008,0.6360020041465759,이니스프리,파워프루프 라이너  0.6g,메이크업,아이라이너
persona_4,1009,0.6165386438369751,이니스프리,올리브 비타민 E 리얼 스킨 170ml,기타,미분류
persona_4,1010,0.6133210062980652,이니스프리,그린티 씨드 히알루론산 세럼 80ml,스킨케어,세럼
persona_4,1011,0.6176808476448059,이니스프리,레티놀 그린티 PDRN 스킨부스터 토너 170ml,기타,미분류
persona_4,1012,0.6231222748756409,이니스프리,올리브 비타민 E 리얼 로션 170ml,기타,미분류
persona_4,1013,0.6183180809020996,이니스프리,그린티 씨드 히알루론산 세럼 리필 80ml,스킨케어,세럼
persona_4,1014,0.6418647170066833,이니스프리,그린티 히알루론산 진정수분 선세럼 AD SPF50/PA++++ 50ml,선케어,선크림
persona_4,1015,0.6414273977279663,이니스프리,수퍼 화산송이 쿨민초 모공팩 100ml,스킨케어,마스크팩
persona_4,1016,0.6378424763679504,이니스프리,비타C 잡티 톤업 선스크린 SPF50+/PA++++ 50ml,선케어,선크림
persona_4,1017,0.6378138065338135,이니스프리,레티놀 그린티 PDRN 스킨부스터 앰플 25ml,스킨케어,앰플
persona_4,1018,0.6393697261810303,이니스프리,올리브 비타민e 리얼 크림 50ml,스킨케어,크림
persona_4,1019,0.6156272888183594,이니스프리,그린티 히알루론산 글로우 아이&페이스볼 10ml,기타,미분류
persona_4,1020,0.6463627219200134,이니스프리,그린티 씨드 히알루론산 스킨케어 세트,건기식,기능성식품
persona_4,1021,0.6384417414665222,이니스프리,애플씨드 립 앤 아이 메이크업 리무버 100ml,클렌징,리무버
persona_4,1022,0.6167868971824646,이니스프리,블랙티 유스 인핸싱 로션 170ml,기타,미분류
persona_4,1023,0.6408114433288574,이니스프리,비타C 엔자임 잡티 토닝 크림 50ml,스킨케어,크림
persona_4,1024,0.6390607953071594,이니스프리,한란인리치드크림 50ml,스킨케어,크림
persona_4,1025,0.6213376522064209,이니스프리,국화 여성 청결제 200ml,기타,미분류
persona_4,1026,0.6414838433265686,이니스프리,왕벚꽃 글로우 스킨핏 톤업크림 SPF50 / PA++++ 50ml,선케어,선크림
persona_4,1027,0.6337621212005615,이니스프리,애플씨드 클렌징 크림 150ml,스킨케어,크림
persona_4,1028,0.6140480637550354,이니스프리,레티놀 그린티 PDRN 스킨부스터 앰플 40ml,스킨케어,앰플
persona_4,1029,0.6167521476745605,이니스프리,레티놀 시카 흔적 패드 60매/170ml,기타,미분류
persona_4,1030,0.5942450761795044,이니스프리,노세범 파우더 쿠션 SPF35/PA++ 14g,선케어,선크림
persona_4,1031,0.6393697261810303,이니스프리,그린티 씨드 히알루론산 크림  50ml,스킨케어,크림
persona_4,1032,0.6177165508270264,이니스프리,포레스트 포맨 쉐이빙 & 클렌징 폼 150g,건기식,기능성식품
persona_4,1033,0.6414273977279663,이니스프리,수퍼 화산송이 모공 마스크 100ml,스킨케어,마스크팩
persona_4,1034,0.6346883773803711,이니스프리,비타C 엔자임 잡티 토닝 크림 리필 50ml,스킨케어,크림
persona_4,1035,0.6138187050819397,이니스프리,청보리 마일드 필링젤 120ml,기타,미분류
persona_4,1036,0.627488374710083,이니스프리,아일넘버 바디로션 씨즈더모먼트 300ml,바디,바디케어
persona_4,1037,0.6247433423995972,이니스프리,마이퍼퓸드바디 코튼플라워 바디로션 330ml,바디,바디케어
persona_4,1038,0.6422011256217957,이니스프리,포레스트 센서티브 올인원 에센스 100ml,스킨케어,에센스
persona_4,1039,0.6316807270050049,이니스프리,톤업 노세범 선스크린 EX SPF50+/PA++++ 60ml,선케어,선크림
persona_4,1040,0.6013058423995972,이니스프리,노세범 파우더 쿠션 리필 SPF35/PA++ 14g,선케어,선크림
persona_4,1041,0.6255233287811279,이니스프리,그린티 아미노 수분 클렌징폼  250g,건기식,기능성식품
persona_4,1042,0.6376360654830933,이니스프리,콜라겐 그린티 세라마이드 탄력장벽 크림 리필 50ml,스킨케어,크림
persona_4,1043,0.6141761541366577,이니스프리,링클 사이언스 스팟 트리트먼트 40ml,기타,미분류
persona_4,1044,0.6181860566139221,이니스프리,한란로션 170ml,기타,미분류
persona_4,1045,0.6411596536636353,이니스프리,심플라벨 워터프루프 펜슬라이너 0.1g,메이크업,아이라이너
persona_4,1046,0.6247433423995972,이니스프리,마이퍼퓸드바디 그린텐저린 바디로션 330ml,바디,바디케어
persona_4,1047,0.6422011256217957,이니스프리,포레스트 안티에이징 올인원 에센스 100ml,스킨케어,에센스
persona_4,1048,0.62434321641922,이니스프리,비타C 그린티 엔자임 잡티 토닝 세럼 30ml,스킨케어,세럼
persona_4,1049,0.6262841820716858,이니스프리,듀이 트리트먼트 립밤 3.2g,스킨케어,크림
persona_4,1050,0.6397820115089417,이니스프리,유브이 액티브 포어리스 선스크린 SPF50+/PA++++ 50ml,선케어,선크림
persona_4,1051,0.6456888318061829,이니스프리,레티놀 시카 앰플 포커싱 패치 1개입 9매,스킨케어,앰플
persona_4,1052,0.6335396766662598,이니스프리,알로에 리바이탈라이징 수딩젤 300ml,기타,미분류
persona_4,1053,0.6171534657478333,이니스프리,라이트 피팅 컨실러 다크서클 커버 7g,건기식,기능성식품
persona_4,1054,0.6362237334251404,이니스프리,한란인리치드에센스 50ml,스킨케어,에센스
persona_4,1055,0.6262107491493225,이니스프리,아일넘버 바디워시 씨즈더모먼트 300ml,바디,바디케어
persona_4,1056,0.6303063035011292,이니스프리,스키니 꼼꼼카라 3.5g,건기식,기능성식품
persona_4,1057,0.6361284255981445,이니스프리,파워프루프 브러시 라이너 0.6g,메이크업,아이라이너
persona_4,1058,0.6395213603973389,이니스프리,히알루론 수분 선크림 SPF50+/PA++++ 50ml,선케어,선크림
persona_4,1059,0.6293613910675049,이니스프리,애플씨드 클렌징 오일 150ml,기타,미분류
persona_4,1060,0.6321041584014893,이니스프리,레티놀 시카 흔적 앰플 30ml,스킨케어,앰플
persona_4,1061,0.6321041584014893,이니스프리,블랙티 유스 인핸싱 앰플 30ml,스킨케어,앰플
persona_4,1062,0.6248306632041931,이니스프리,블랙티 유스 인핸싱 트리트먼트 에센스 145ml,스킨케어,에센스
persona_4,1063,0.6401731967926025,이니스프리,블랙티 유스 인핸싱 트리트먼트 에센스 75ml,스킨케어,에센스
persona_4,1064,0.5959098935127258,이니스프리,노세범 선쿠션 이엑스 SPF50+/PA++++ 14g,선케어,선크림
persona_4,1065,0.6300587058067322,이니스프리,하우스 스펀지 6p,기타,미분류
persona_4,1066,0.6322957277297974,이니스프리,콜라겐 그린티 세라마이드 탄력 장벽 크림 50ml,스킨케어,크림
persona_4,1067,0.6008424162864685,이니스프리,포어 블러 파우더 11g,건기식,기능성식품
persona_4,1068,0.6197093725204468,이니스프리,에어리매트 틴트 3.8g,메이크업,립틴트
persona_4,1069,0.6292662620544434,이니스프리,라이트 피팅 파운데이션 SPF20/PA++ 30ml,선케어,선크림
persona_4,1070,0.6240755319595337,이니스프리,스키니 꼼꼼카라 Zero 3.5g,건기식,기능성식품
persona_4,1071,0.6316807270050049,이니스프리,인텐시브 롱래스팅 선스크린 EX SPF50+/PA++++ 60ml,선케어,선크림
persona_4,1072,0.6447436809539795,이니스프리,비자 트러블 로션 100ml,기타,미분류
persona_4,1073,0.6183711886405945,이니스프리,블랙티 유스 인핸싱 스킨 170ml,기타,미분류
persona_4,1074,0.6279666423797607,이니스프리,그린티 스킨 포맨 150ml,기타,미분류
persona_4,1075,0.6158009767532349,이니스프리,한란스킨 170ml,기타,미분류
persona_4,1076,0.6263362765312195,이니스프리,마이퍼퓸드바디 코튼플라워바디클렌저 330ml,바디,바디케어
persona_4,1077,0.6256573796272278,이니스프리,퍼펙트 9 인텐시브 세럼 50ml,스킨케어,세럼
persona_4,1078,0.6181373000144958,이니스프리,퍼펙트 9 인텐시브 스킨 200ml,기타,미분류
persona_4,1079,0.6129395961761475,이니스프리,비자 시카 밤 EX 40ml,스킨케어,크림
persona_4,1080,0.6215200424194336,이니스프리,비자 트러블 토너 170ml,기타,미분류
persona_4,1081,0.6425651907920837,이니스프리,레티놀 시카 앰플 듀오 SET,스킨케어,앰플
persona_4,1082,0.6395213603973389,이니스프리,히알루론 수분 선크림 SPF50+/PA++++ 50ml,선케어,선크림
persona_4,1083,0.6279666423797607,이니스프리,그린티 로션 포맨 150ml,기타,미분류
persona_4,1084,0.6338310241699219,이니스프리,왕벚꽃 글로우 톤업 크림 50ml,스킨케어,크림
persona_4,1085,0.6183142066001892,이니스프리,스키니 브로우카라 4g,메이크업,아이브로우
persona_4,1086,0.6277233958244324,이니스프리,화산송이 모공 바하 클렌징 오일 150ml,기타,미분류
persona_4,1087,0.613663375377655,이니스프리,인텐시브 레져 선스틱 SPF50+/PA++++ 18g,선케어,선크림
persona_4,1088,0.6251201629638672,이니스프리,올리브 비타민 E 리얼 클렌징폼 150g,건기식,기능성식품
persona_4,1089,0.6374460458755493,이니스프리,실키 파우더 블러쉬 6.2g,건기식,기능성식품
persona_4,1090,0.6331992745399475,이니스프리,애플씨드 버블 클렌저 150ml,기타,미분류
persona_4,1091,0.6231222748756409,이니스프리,화산송이 파하 모공 매끈결 토너 170ml,기타,미분류
persona_4,1092,0.6263362765312195,이니스프리,마이퍼퓸드바디 워터릴리바디클렌저 330ml,바디,바디케어
persona_4,1093,0.5942450761795044,이니스프리,라이트 글로우 쿠션 SPF26/PA++ 14g,선케어,선크림
persona_4,1094,0.6228702068328857,이니스프리,비자 시카 밤 EX 대용량 70ml,스킨케어,크림
persona_4,1095,0.5899703502655029,이니스프리,퍼펙트 9 인텐시브 스킨케어 세트  퍼펙트 9 인텐시브 스킨 200ml+ 퍼펙트 9 인텐시브 로션 160ml &  세럼 5ml + 크림 10ml + 아이크림 5ml,스킨케어,세럼
persona_4,1096,0.6342445015907288,이니스프리,유채꿀 립밤 3.5g,스킨케어,크림
persona_4,1097,0.6205559372901917,이니스프리,포어 블러 팩트 12.5g,스킨케어,마스크팩
persona_4,1098,0.6259624361991882,이니스프리,아일 넘버 바디앤핸드워시 웜앤퍼지스 300ml,바디,바디케어
persona_4,1099,0.637969970703125,이니스프리,아일넘버 핸드크림 씨즈더모먼트 50ml,스킨케어,크림
persona_4,1100,0.6263362765312195,이니스프리,마이퍼퓸드바디 그린텐저린바디클렌저 330ml,바디,바디케어
persona_4,1101,0.6224788427352905,이니스프리,포레스트 프레시 스킨 180ml,기타,미분류
persona_4,1102,0.6182911992073059,이니스프리,포레스트 프레시 로션 140ml,기타,미분류
persona_4,1103,0.5954389572143555,이니스프리,블랙티 유스 인핸싱 스킨 케어 세트  블랙티 유스 인핸싱 스킨 170ml + 블랙티 유스 인핸싱 로션 170ml&  스킨 15ml + 로션 15ml + 앰플 12ml,스킨케어,앰플
persona_4,1104,0.6112450361251831,이니스프리,퍼펙트 9 인텐시브 로션 160ml,기타,미분류
persona_4,1105,0.6316807270050049,이니스프리,톤업 노세범 선스크린 EX SPF50+/PA++++ 60ml,선케어,선크림
persona_4,1106,0.6142635941505432,이니스프리,비타C 엔자임 잡티 토닝 크림  80ml,스킨케어,크림
persona_4,1107,0.6204701066017151,이니스프리,화산송이 모공 듀얼 마스크 110ml,스킨케어,마스크팩
persona_4,1108,0.6299160718917847,이니스프리,올리브 비타민E 리얼 클렌징 오일 150ml,기타,미분류
persona_4,1109,0.6247433423995972,이니스프리,마이퍼퓸드바디 워터릴리 바디로션 330ml,바디,바디케어
persona_4,1110,0.6267147064208984,이니스프리,스컬프팅 파우더 쉐이딩 6.8g,건기식,기능성식품
persona_4,1111,0.6502167582511902,이니스프리,포레스트 프레시 스킨 로션 2종 세트,기타,미분류
persona_4,1112,0.6219128370285034,이니스프리,심플라벨 래스팅 펜슬 브로우 0.15g,메이크업,아이브로우
persona_4,1113,0.6312158703804016,이니스프리,심플라벨 마스카라 7.5g,메이크업,마스카라
persona_4,1114,0.6013058423995972,이니스프리,라이트 글로우 쿠션 리필 SPF26/PA++ 14g,선케어,선크림
persona_4,1115,0.6413684487342834,이니스프리,포레스트 포어 케어 올인원 에센스 100ml,스킨케어,에센스
persona_4,1116,0.6218646764755249,이니스프리,청보리 마일드 필링 토너 250ml,기타,미분류
persona_4,1117,0.6142810583114624,이니스프리,레티놀 PDRN 앰플 기획세트 40ml,스킨케어,앰플
persona_4,1118,0.6358119249343872,이니스프리,레티놀 시카 앰플 기획세트 50ml,스킨케어,앰플
persona_4,1119,0.6385629773139954,이니스프리,그린티 씨드 히알루론산 크림 기획세트,스킨케어,크림
persona_4,1120,0.6427220702171326,이니스프리,마이 퍼퓸드 핸드크림 세트,스킨케어,크림
persona_4,1121,0.6142810583114624,이니스프리,레티놀 PDRN 앰플 기획세트 40ml,스킨케어,앰플
persona_4,1122,0.618705153465271,이니스프리,그린티 밀크 에센스 160ml 더블 기획세트,스킨케어,에센스
persona_4,1123,0.6356950998306274,이니스프리,이니스프리 클렌징 폼,기타,미분류
persona_4,1124,0.6254058480262756,이니스프리,스페셜 케어 마스크  20ml,스킨케어,마스크팩
persona_4,1125,0.6086542010307312,이니스프리,그린티 세라마이드 크림 80ml,스킨케어,크림
persona_4,1126,0.6392984390258789,이니스프리,그린티 세라마이드 크림 50ml,스킨케어,크림
persona_4,1127,0.6392984390258789,이니스프리,그린티 세라마이드 크림 50ml,스킨케어,크림
persona_4,1128,0.6393697261810303,이니스프리,그린티 씨드 히알루론산 크림 50ml,스킨케어,크림
persona_4,1129,0.6314088702201843,이니스프리,톤업 워터링 선스크린 SPF50+/PA++++ 60ml,선케어,선크림
persona_4,1130,0.6240949034690857,이니스프리,스마트 블렌더  1p,기타,미분류
persona_4,1131,0.6334501504898071,이니스프리,쉬어 글로이 하이라이터 5.5g,건기식,기능성식품
persona_4,1132,0.6533024311065674,이니스프리,일반 화장솜 80매,기타,미분류
persona_4,1133,0.6287180185317993,이니스프리,그린펫클럽 꼼꼼 워터리스 발세정제  150ml,기타,미분류
persona_4,1134,0.6382227540016174,이니스프리,아일 넘버 핸드크림 웜앤퍼지스 50ml,스킨케어,크림
persona_4,1135,0.6361284255981445,이니스프리,파워프루프 펜 라이너 0.6g,메이크업,아이라이너
persona_4,1136,0.6338310241699219,이니스프리,왕벚꽃 글로우 젤리 크림 50ml,스킨케어,크림
persona_4,1137,0.6314895153045654,이니스프리,스퀴즈 에너지 마스크 1매 22ml,스킨케어,마스크팩
persona_4,1138,0.6358119249343872,이니스프리,레티놀 시카 흔적 앰플 50ml,스킨케어,앰플
persona_4,1139,0.6525188684463501,메디안,그린프로폴리스 치약 100g*3,건기식,기능성식품
persona_4,1140,0.6497437357902527,메디안,이지클린 센서티브 칫솔 4입,기타,미분류
persona_4,1141,0.6531280875205994,메디안,소금의 명작 치약,기타,미분류
persona_4,1142,0.6200845837593079,메디안,후레쉬 치약 3입  120g*3,건기식,기능성식품
persona_4,1143,0.6408112645149231,메디안,잇몸과학 치약 3입,기타,미분류
persona_4,1144,0.6424906253814697,메디안,NEW 치석케어칫솔 4입,기타,미분류
persona_4,1145,0.6543102860450745,메디안,대나무숯 담은 칫솔 미세모 4입,기타,미분류
persona_4,1146,0.640866756439209,메디안,듀얼이펙션 칫솔 4입 미세모,기타,미분류
persona_4,1147,0.6475135087966919,메디안,닥터메디안 멀티케어 치약,기타,미분류
persona_4,1148,0.6564896106719971,메디안,송천염 치약,기타,미분류
persona_4,1149,0.6471697092056274,메디안,젠티스트 치약 핑크 2입,기타,미분류
persona_4,1150,0.6259247660636902,메디안,구취과학 치약 프리징쿨 3입  120g*3,건기식,기능성식품
persona_4,1151,0.6497118473052979,메디안,그래핀 칫솔 4+1입,기타,미분류
persona_4,1152,0.6531280875205994,메디안,녹차의 명작 치약,기타,미분류
persona_4,1153,0.6485565304756165,메디안,미백과학 치약 플럼민트향,기타,미분류
persona_4,1154,0.6527758836746216,메디안,닥터메디안 칫솔 5+5입,기타,미분류
persona_4,1155,0.6429222226142883,메디안,365DAYS step3 충치 불소 어린이 펌핑 치약 300g,건기식,기능성식품
persona_4,1156,0.653603732585907,메디안,플렉스 이펙션 칫솔 4입,기타,미분류
persona_4,1157,0.6524741053581238,메디안,키즈 365DAYS step3 칫솔 12입,기타,미분류
persona_4,1158,0.6408112645149231,메디안,잇몸과학 칫솔 4입,기타,미분류
persona_4,1159,0.6542688012123108,메디안,골드와이드 칫솔 10입,기타,미분류
persona_4,1160,0.6519577503204346,메디안,365DAYS 고밀도 초극세모 딥클린 칫솔 16입,기타,미분류
persona_4,1161,0.6513703465461731,메디안,성인용 365DAYS 칫솔 12입,기타,미분류
persona_4,1162,0.6534153819084167,메디안,소금의 명작 칫솔 4입,기타,미분류
persona_4,1163,0.6466151475906372,메디안,그린프로폴리스 잇몸케어 칫솔 4+1입,기타,미분류
persona_4,1164,0.6507101058959961,메디안,키즈 365DAYS step3 칫솔 6입,기타,미분류
persona_4,1165,0.6404343247413635,메디안,키즈 365DAYS step2 칫솔 12입,기타,미분류
persona_4,1166,0.653603732585907,메디안,송천염 미세모 칫솔 4입,기타,미분류
persona_4,1167,0.6467699408531189,메디안,젠티스트 치약 핑크 100g,건기식,기능성식품
persona_4,1168,0.6534153819084167,메디안,녹차의 명작 칫솔 4입,기타,미분류
persona_4,1169,0.6525933742523193,메디안,젠티스트 치약 핑크 4입+쇼핑백 증정,건기식,기능성식품
persona_4,1170,0.6448764204978943,메디안,치석케어 치약 오리지널/구취/화이트/잇몸,기타,미분류
persona_4,1171,0.6329601407051086,비레디,웨이크업 생기 립밤 3g,스킨케어,크림
persona_4,1172,0.6329601407051086,라네즈,웨이크업 생기 립밤 3g,스킨케어,크림
persona_4,1173,0.610834538936615,비레디,트루톤 로션  40ml,기타,미분류
persona_4,1174,0.610834538936615,라네즈,트루톤 로션  40ml,기타,미분류
persona_4,1175,0.6468906998634338,비레디,블루 수분 선크림 1+1 기획세트 SPF50+PA++++,선케어,선크림
persona_4,1176,0.6468906998634338,라네즈,블루 수분 선크림 1+1 기획세트 SPF50+PA++++,선케어,선크림
persona_4,1177,0.6263160109519958,비레디,블루 파운데이션 SPF27/PA++ 35ml,선케어,선크림
persona_4,1178,0.6263160109519958,라네즈,블루 파운데이션 SPF27/PA++ 35ml,선케어,선크림
persona_4,1179,0.6167963743209839,비레디,블루쿠션 SPF34/PA++ 15g,선케어,선크림
persona_4,1180,0.6167963743209839,라네즈,블루쿠션 SPF34/PA++ 15g,선케어,선크림
persona_4,1181,0.6443883776664734,비레디,무드업 듀얼 아이섀도우 브러쉬,메이크업,아이섀도우
persona_4,1182,0.6443883776664734,라네즈,무드업 듀얼 아이섀도우 브러쉬,메이크업,아이섀도우
persona_4,1183,0.6141843795776367,비레디,블루쿠션 SPF34/PA++ 15g,선케어,선크림
persona_4,1184,0.6141843795776367,라네즈,블루쿠션 SPF34/PA++ 15g,선케어,선크림
persona_4,1185,0.6074394583702087,비레디,시카페인 트러블리셋 세럼 40ml,스킨케어,세럼
persona_4,1186,0.6074394583702087,라네즈,시카페인 트러블리셋 세럼 40ml,스킨케어,세럼
persona_4,1187,0.6410486102104187,비레디,블루 수분 선크림 SPF50+/PA++++ 50ml,선케어,선크림
persona_4,1188,0.6410486102104187,라네즈,블루 수분 선크림 SPF50+/PA++++ 50ml,선케어,선크림
persona_4,1189,0.640269935131073,비레디,프라이드업 아이브로우 0.6G,메이크업,아이브로우
persona_4,1190,0.640269935131073,라네즈,프라이드업 아이브로우 0.6G,메이크업,아이브로우
persona_4,1191,0.6255726218223572,비레디,블루 세범 파우더 7g,건기식,기능성식품
persona_4,1192,0.6255726218223572,라네즈,블루 세범 파우더 7g,건기식,기능성식품
persona_4,1193,0.6175782084465027,비레디,시카페인 트러블리셋 토너 250ml,기타,미분류
persona_4,1194,0.6175782084465027,라네즈,시카페인 트러블리셋 토너 250ml,기타,미분류
persona_4,1195,0.6252542734146118,비레디,시카페인 트러블리셋 크림 70ml,스킨케어,크림
persona_4,1196,0.6252542734146118,라네즈,시카페인 트러블리셋 크림 70ml,스킨케어,크림
persona_4,1197,0.6420704126358032,비레디,블루 파운데이션 퍼프,기타,미분류
persona_4,1198,0.6420704126358032,라네즈,블루 파운데이션 퍼프,기타,미분류
persona_4,1199,0.6410486102104187,비레디,하이드로 스웻프루프 선크림 SPF50+/PA++++ 50ml,선케어,선크림
persona_4,1200,0.6410486102104187,라네즈,하이드로 스웻프루프 선크림 SPF50+/PA++++ 50ml,선케어,선크림
persona_4,1201,0.6097445487976074,비레디,에어리 헤어 페이스트 80g,건기식,기능성식품
persona_4,1202,0.6097445487976074,라네즈,에어리 헤어 페이스트 80g,건기식,기능성식품
persona_4,1203,0.6500298976898193,비레디,4.4,기타,미분류
persona_4,1204,0.6500298976898193,라네즈,4.4,기타,미분류
persona_4,1205,0.632445216178894,비레디,시카페인 트러블리셋 클렌징폼 150g,건기식,기능성식품
persona_4,1206,0.632445216178894,라네즈,시카페인 트러블리셋 클렌징폼 150g,건기식,기능성식품
persona_4,1207,0.6267929673194885,비레디,무드업 음영 아이팔레트 7g,건기식,기능성식품
persona_4,1208,0.6267929673194885,라네즈,무드업 음영 아이팔레트 7g,건기식,기능성식품
persona_4,1209,0.631284773349762,비레디,생기 립밤 3g,스킨케어,크림
persona_4,1210,0.631284773349762,라네즈,생기 립밤 3g,스킨케어,크림
persona_4,1211,0.631284773349762,비레디,생기 립밤 3g,스킨케어,크림
persona_4,1212,0.631284773349762,라네즈,생기 립밤 3g,스킨케어,크림
persona_4,1213,0.631284773349762,비레디,생기 립밤 3g,스킨케어,크림
persona_4,1214,0.631284773349762,라네즈,생기 립밤 3g,스킨케어,크림
persona_4,1215,0.6453577876091003,비레디,블루 파운데이션 3호,기타,미분류
persona_4,1216,0.6453577876091003,라네즈,블루 파운데이션 3호,기타,미분류
persona_4,1217,0.6453577876091003,비레디,블루 파운데이션 2호,기타,미분류
persona_4,1218,0.6453577876091003,라네즈,블루 파운데이션 2호,기타,미분류
persona_4,1219,0.6518006920814514,비레디,블루쿠션 3호 제프리,기타,미분류
persona_4,1220,0.6518006920814514,라네즈,블루쿠션 3호 제프리,기타,미분류
persona_4,1221,0.6518006920814514,비레디,블루쿠션 2호 라이언,기타,미분류
persona_4,1222,0.6518006920814514,라네즈,블루쿠션 2호 라이언,기타,미분류
persona_4,1223,0.6540198922157288,비레디,시카페인 트러블리셋 2종,기타,미분류
persona_4,1224,0.6540198922157288,라네즈,시카페인 트러블리셋 2종,기타,미분류
persona_4,1225,0.6517918705940247,비레디,블루 수분 선크림 SPF50+/PA++++,선케어,선크림
persona_4,1226,0.6517918705940247,라네즈,블루 수분 선크림 SPF50+/PA++++,선케어,선크림
persona_4,1227,0.6482002139091492,퍼즐우드,메타그린 칼로리컷 젤리 다이어트 기능성 젤리 혈당탄수화물컷,기타,미분류
persona_4,1228,0.6423227787017822,퍼즐우드,메타그린 부스터샷 7일,기타,미분류
persona_4,1229,0.6473098397254944,퍼즐우드,메타그린 슬림업 다이어트 비건 기능성,기타,미분류
persona_4,1230,0.6463378071784973,퍼즐우드,메타그린 클린티 10입,기타,미분류
persona_4,1231,0.6423227787017822,퍼즐우드,녹차에서 온 유산균,기타,미분류
persona_4,1232,0.6465343832969666,퍼즐우드,슈퍼콜라겐 28입,기타,미분류
persona_4,1233,0.6441320180892944,퍼즐우드,멀티비타민미네랄,기타,미분류
persona_4,1234,0.6402419805526733,퍼즐우드,메타그린 효소 14입,기타,미분류
persona_4,1235,0.6432076692581177,퍼즐우드,슈퍼레티놀 30포,기타,미분류
persona_4,1236,0.6470288634300232,퍼즐우드,액티브 멀티팩,스킨케어,마스크팩
persona_4,1237,0.648339033126831,퍼즐우드,오메가케어 30일,기타,미분류
persona_4,1238,0.6398501396179199,퍼즐우드,메타그린 슬림업,기타,미분류
persona_4,1239,0.6445468664169312,퍼즐우드,슈퍼콜라겐 골드,기타,미분류
persona_4,1240,0.633605420589447,퍼즐우드,굿슬립 가바 365  식약처 인정 수면기능성,건기식,기능성식품
persona_4,1241,0.642257571220398,퍼즐우드,슈퍼콜라겐 프리미엄,기타,미분류
persona_4,1242,0.6487041711807251,퍼즐우드,슈퍼에센셜,기타,미분류
persona_4,1243,0.6502096652984619,퍼즐우드,트루아이,기타,미분류
persona_4,1244,0.6560131311416626,퍼즐우드,슈퍼에센셜,기타,미분류
persona_4,1245,0.6385371088981628,퍼즐우드,메타그린 골드 플러스,기타,미분류
persona_4,1246,0.648634135723114,퍼즐우드,명작수 골드,기타,미분류
persona_4,1247,0.6481668949127197,퍼즐우드,명작수 골드,기타,미분류
persona_4,1248,0.6433595418930054,퍼즐우드,메타그린 골드 플러스 패밀리 기획세트,기타,미분류
persona_4,1249,0.6374706625938416,퍼즐우드,슈퍼콜라겐 골드,기타,미분류
persona_4,1250,0.6423227787017822,퍼즐우드,NEW 슈퍼시카 B5,기타,미분류
persona_4,1251,0.6466237306594849,퍼즐우드,액티브멀티팩 기획세트,스킨케어,마스크팩
persona_4,1252,0.648472785949707,퍼즐우드,리버프라임,기타,미분류
persona_4,1253,0.6398501396179199,퍼즐우드,조이스텝 골드,기타,미분류
persona_4,1254,0.6468009948730469,퍼즐우드,올인원 멀티팩,스킨케어,마스크팩
persona_4,1255,0.6466237306594849,퍼즐우드,트루아이 기획세트,기타,미분류
persona_4,1256,0.6389873027801514,퍼즐우드,조이스텝 골드,기타,미분류
persona_4,1257,0.6489309072494507,퍼즐우드,슈퍼콜라겐 플래티넘,기타,미분류
persona_4,1258,0.6389873027801514,퍼즐우드,슈퍼콜라겐 플래티넘,기타,미분류
persona_4,1259,0.6466237306594849,퍼즐우드,슈퍼콜라겐 골드,기타,미분류
persona_4,1260,0.6515633463859558,퍼즐우드,비타클렌즈,기타,미분류
persona_4,1261,0.6453750729560852,퍼즐우드,굿슬립 가바 365,기타,미분류
persona_4,1262,0.6451550126075745,퍼즐우드,올인원 멀티팩,스킨케어,마스크팩
persona_4,1263,0.6432076692581177,퍼즐우드,슈퍼레티놀 30포,기타,미분류
persona_4,1264,0.6423227787017822,퍼즐우드,메타그린 부스터샷 7일,기타,미분류
persona_4,1265,0.6473098397254944,퍼즐우드,메타그린 슬림업 다이어트 비건 기능성,기타,미분류
persona_4,1266,0.6462295651435852,퍼즐우드,슈퍼콜라겐 14입,기타,미분류
persona_4,1267,0.6389481425285339,퍼즐우드,슈퍼콜라겐 28입X2개 + 월리 우프 무드등,기타,미분류
persona_4,1268,0.6316896677017212,퍼즐우드,메타그린 슬림업 30일X3개 + 월리 뽀모도로 타이머 & 포스트카드,기타,미분류
persona_4,1269,0.6430209279060364,퍼즐우드,슈퍼레티놀 기획세트,기타,미분류
persona_4,1270,0.6530173420906067,퍼즐우드,슈퍼에센셜 기획세트,기타,미분류
persona_4,1271,0.6476361751556396,퍼즐우드,리버프라임 105일,기타,미분류
persona_4,1272,0.6451550126075745,퍼즐우드,오메가케어 3입세트,기타,미분류
persona_4,1273,0.6420983076095581,퍼즐우드,NEW 슈퍼시카 B5,기타,미분류
persona_4,1274,0.6459584832191467,퍼즐우드,메타그린 슬림업,기타,미분류
persona_4,1275,0.647915780544281,퍼즐우드,메타그린 슬림업,기타,미분류
persona_4,1276,0.6420983076095581,퍼즐우드,메타그린 부스터샷 7일,기타,미분류
persona_4,1277,0.6467994451522827,퍼즐우드,메타그린 부스터샷 7일,기타,미분류
persona_4,1278,0.6517201662063599,퍼즐우드,메타그린 효소,기타,미분류
persona_4,1279,0.6462287902832031,퍼즐우드,메타그린 부스터샷 7일,기타,미분류
persona_4,1280,0.6456946730613708,퍼즐우드,메타그린 부스터샷 7일,기타,미분류
persona_4,1281,0.645523190498352,퍼즐우드,메타그린 클린티 10입,기타,미분류
persona_4,1282,0.6430209279060364,퍼즐우드,슈퍼레티놀 30포,기타,미분류
persona_4,1283,0.6455551385879517,퍼즐우드,슈퍼콜라겐 28입,기타,미분류
persona_4,1284,0.6505334377288818,퍼즐우드,슈퍼에센셜 28입,기타,미분류
persona_4,1285,0.6509914994239807,퍼즐우드,메타그린 슬림업,기타,미분류
persona_4,1286,0.6381111741065979,퍼즐우드,메타그린 골드 플러스 패밀리기획,기타,미분류
persona_4,1287,0.645523190498352,퍼즐우드,메타그린 칼로리컷 젤리,기타,미분류
persona_4,1288,0.6420983076095581,퍼즐우드,녹차에서 온 유산균,기타,미분류
persona_4,1289,0.6474799513816833,퍼즐우드,메타그린 슬림업,기타,미분류
persona_4,1290,0.6476361751556396,퍼즐우드,프로바이오틱스 골드,기타,미분류
persona_4,1291,0.6379002928733826,퍼즐우드,프로바이오틱스&이뮨,기타,미분류
persona_4,1292,0.6154894828796387,마몽드,BEST 플로라 글로우 로즈 리퀴드 마스크 80ml,스킨케어,마스크팩
persona_4,1293,0.6298035979270935,마몽드,프로바이오틱스 세라마이드 앰플 마스크팩 23ml,스킨케어,마스크팩
persona_4,1294,0.6369928121566772,마몽드,BEST 어메이징 딥 민트 클렌징밤 90ml,스킨케어,크림
persona_4,1295,0.6566991209983826,마몽드,프로바이오틱스 세라마이드 2종 세트,기타,미분류
persona_4,1296,0.6298303008079529,마몽드,에이지 컨트롤 카멜리아 앰플 마스크팩 23ml,스킨케어,마스크팩
persona_4,1297,0.6395218968391418,마몽드,에이지 컨트롤 카멜리아 크림 50ml,스킨케어,크림
persona_4,1298,0.6529726982116699,마몽드,어메이징 딥 민트 클렌징 티슈 70매,기타,미분류
persona_4,1299,0.631022572517395,마몽드,프로바이오틱스 세라마이드 에멀젼 150ml,기타,미분류
persona_4,1300,0.6323129534721375,마몽드,프로바이오틱스 세라마이드 인텐스 크림 60ml,스킨케어,크림
persona_4,1301,0.6232964396476746,마몽드,플로라 글로우 로즈 워터 토너 500ml 500ml,기타,미분류
persona_4,1302,0.6422945857048035,마몽드,BEST 카밍 샷 아줄렌 흔적 수분 앰플 50ml,스킨케어,앰플
persona_4,1303,0.6447352170944214,마몽드,4.8,기타,미분류
persona_4,1304,0.6211096048355103,마몽드,세라마이드 아미노 폼 120g,건기식,기능성식품
persona_4,1305,0.638663649559021,마몽드,맨 리차징 로션 150ml,기타,미분류
persona_4,1306,0.6298303008079529,마몽드,카밍 샷 아줄렌 앰플 마스크팩 23ml,스킨케어,마스크팩
persona_4,1307,0.6243798136711121,마몽드,프로바이오틱스 세라마이드 스킨소프너 200ml,기타,미분류
persona_4,1308,0.6298303008079529,마몽드,플로라 글로우 로즈 앰플 마스크팩 23ml,스킨케어,마스크팩
persona_4,1309,0.6296869516372681,마몽드,맨 리차징 토너 180ml,기타,미분류
persona_4,1310,0.6281201839447021,마몽드,에이지 컨트롤 카멜리아 에멀젼 125ml,기타,미분류
persona_4,1311,0.6390073895454407,마몽드,에이지 컨트롤 카멜리아 세럼 50ml,스킨케어,세럼
persona_4,1312,0.6250550150871277,마몽드,어메이징 딥 민트 클렌징밤 180ml,스킨케어,크림
persona_4,1313,0.6486433148384094,마몽드,맨 리차징 2종 세트,기타,미분류
persona_4,1314,0.6332118511199951,마몽드,카밍 샷 아줄렌 크림 60ml,스킨케어,크림
persona_4,1315,0.6276663541793823,마몽드,어메이징 딥 민트 클렌징폼 120ml,기타,미분류
persona_4,1316,0.6325790882110596,마몽드,에이지 컨트롤 카멜리아 에센스 워터 150ml,스킨케어,에센스
persona_4,1317,0.6354861259460449,마몽드,플로라 글로우 로즈 워터 토너 300ml,기타,미분류
persona_4,1318,0.6322948932647705,마몽드,카밍 샷 아줄렌 선크림 SPF50+PA++++ 35ml,선케어,선크림
persona_4,1319,0.6229479908943176,마몽드,포어 슈링커 바쿠치올 레티놀 토너 200ml,기타,미분류
persona_4,1320,0.6399701237678528,마몽드,플로라 글로우 로즈 스무딩 크림 50ml,스킨케어,크림
persona_4,1321,0.6346026062965393,마몽드,포어 슈링커 바쿠치올 크림 60ml,스킨케어,크림
persona_4,1322,0.6382054686546326,마몽드,포어 슈링커 바쿠치올 세럼 50ml,스킨케어,세럼
persona_4,1323,0.6287174224853516,마몽드,어메이징 딥 민트차콜릿 클렌징밤 90ml,스킨케어,크림
persona_4,1324,0.6464335322380066,마몽드,에이지 컨트롤 카멜리아 2종 세트,기타,미분류
persona_4,1325,0.6199245452880859,마몽드,어메이징 딥 민트차콜릿 팩클렌저 135g,스킨케어,마스크팩
persona_4,1326,0.6254354119300842,마몽드,플로라 글로우 로즈 틴티드 선세럼 35ml,스킨케어,세럼
persona_4,1327,0.6457904577255249,마몽드,좋아요,기타,미분류
persona_4,1328,0.6515633463859558,마몽드,좋아요,기타,미분류
persona_4,1329,0.6408501863479614,마몽드,플로라글로우 로즈 볼마스크 3.5ml,스킨케어,마스크팩
persona_4,1330,0.6345502138137817,마몽드,에이지컨트롤 카멜리아 크림 50ml X2개,스킨케어,크림
persona_4,1331,0.6591590642929077,마몽드,사은품,기타,미분류
persona_4,1332,0.6385207176208496,마몽드,카밍 샷 아줄렌 흔적 수분 앰플 50ml X2개,스킨케어,앰플
persona_4,1333,0.6295584440231323,마몽드,어메이징 딥 민트 클렌징밤 90ml X2개,스킨케어,크림
persona_4,1334,0.6124136447906494,마몽드,플로라글로우 로즈 리퀴드 마스크 80ml X2개,스킨케어,마스크팩
persona_4,1335,0.6464380621910095,마몽드,플로라글로우 로즈 하이드로겔 마스크,스킨케어,마스크팩
persona_4,1336,0.63225257396698,마몽드,플로라글로우 로즈 볼마스크 3.5ml,스킨케어,마스크팩
persona_4,1337,0.6122575402259827,마몽드,NEW 플로라글로우 로즈 슬리핑 마스크 80g,스킨케어,마스크팩
persona_4,1338,0.6522735953330994,마몽드,플로라글로우 로즈 하이드로겔 마스크,스킨케어,마스크팩
persona_4,1339,0.6383072137832642,마몽드,플로라 글로우 로즈 볼마스크 3.5ml,스킨케어,마스크팩
persona_4,1340,0.6240012645721436,마몽드,NEW 오리지널 레시피 허니 모델링팩  66g,스킨케어,마스크팩
persona_4,1341,0.6236324310302734,마몽드,NEW 카밍샷 아줄렌 모델링팩  66g,스킨케어,마스크팩
persona_4,1342,0.648082435131073,마몽드,프로바이오틱스 세라마이드 앰플 마스크팩,스킨케어,마스크팩
persona_4,1343,0.6489796042442322,마몽드,카밍 샷 아줄렌 앰플 마스크팩,스킨케어,마스크팩
persona_4,1344,0.6489796042442322,마몽드,에이지 컨트롤 카멜리아 앰플 마스크팩,스킨케어,마스크팩
persona_4,1345,0.648082435131073,마몽드,플로라글로우 로즈 앰플 마스크팩,스킨케어,마스크팩
persona_4,1346,0.6541470289230347,마몽드,프로바이오틱스 세라마이드 에멀젼,기타,미분류
persona_4,1347,0.6528617739677429,마몽드,프로바이오틱스 세라마이드 스킨소프너,기타,미분류
persona_4,1348,0.6466752290725708,마몽드,맨 리차징 토너,기타,미분류
persona_4,1349,0.6550440788269043,마몽드,에이지 컨트롤 카멜리아 크림,스킨케어,크림
persona_4,1350,0.6533344388008118,마몽드,에이지 컨트롤 카멜리아 세럼,스킨케어,세럼
persona_4,1351,0.6361960172653198,마몽드,카밍 샷 아줄렌 토너 300ml,기타,미분류
persona_4,1352,0.6467043161392212,마몽드,플로라글로우 로즈 앰플 마스크팩,스킨케어,마스크팩
persona_4,1353,0.6475574970245361,마몽드,에이지 컨트롤 카멜리아 앰플 마스크팩,스킨케어,마스크팩
persona_4,1354,0.6475574970245361,마몽드,카밍 샷 아줄렌 앰플 마스크팩,스킨케어,마스크팩
persona_4,1355,0.6467043161392212,마몽드,프로바이오틱스 세라마이드 앰플 마스크팩,스킨케어,마스크팩
persona_4,1356,0.654682457447052,마몽드,어메이징 딥 민트 클렌징폼,기타,미분류
persona_4,1357,0.6382054686546326,마몽드,포어 슈링커 바쿠치올 세럼 50ml,스킨케어,세럼
persona_4,1358,0.6482924818992615,오설록,"22,400원",기타,미분류
persona_4,1359,0.6305128931999207,오설록,"11,700원",기타,미분류
persona_4,1360,0.6338871121406555,오설록,"13,300원",기타,미분류
persona_4,1361,0.6518516540527344,오설록,"5,400원",기타,미분류
persona_4,1362,0.6498683094978333,오설록,"22,500원",기타,미분류
persona_4,1363,0.6510714888572693,오설록,"21,850원",기타,미분류
persona_4,1364,0.6575891375541687,오설록,"5,700원",기타,미분류
persona_4,1365,0.6404368281364441,오설록,"12,600원",기타,미분류
persona_4,1366,0.6338871121406555,오설록,"13,300원",기타,미분류
persona_4,1367,0.6481162309646606,오설록,"9,900원",기타,미분류
persona_4,1368,0.6575891375541687,오설록,"5,700원",기타,미분류
persona_4,1369,0.6455766558647156,오설록,"10,450원",기타,미분류
persona_4,1370,0.6481162309646606,오설록,"9,900원",기타,미분류
persona_4,1371,0.6441094875335693,오설록,"21,600원",기타,미분류
persona_4,1372,0.6489364504814148,오설록,"26,250원",기타,미분류
persona_4,1373,0.6324840784072876,오설록,"11,000원",기타,미분류
persona_4,1374,0.6305128931999207,오설록,"11,700원",기타,미분류
persona_4,1375,0.6449848413467407,오설록,"27,000원",기타,미분류
persona_4,1376,0.6481162309646606,오설록,"9,900원",기타,미분류
persona_4,1377,0.6481162309646606,오설록,"9,900원",기타,미분류
persona_4,1378,0.6563977599143982,오설록,"9,500원",기타,미분류
persona_4,1379,0.6493813991546631,오설록,"23,750원",기타,미분류
persona_4,1380,0.6305128931999207,오설록,"11,700원",기타,미분류
persona_4,1381,0.6342254877090454,오설록,"15,300원",기타,미분류
persona_4,1382,0.6324840784072876,오설록,"11,000원",기타,미분류
persona_4,1383,0.6502311825752258,오설록,"24,000원",기타,미분류
persona_4,1384,0.6446394324302673,오설록,"24,300원",기타,미분류
persona_4,1385,0.6324840784072876,오설록,"11,000원",기타,미분류
persona_4,1386,0.6481162309646606,오설록,"9,900원",기타,미분류
persona_4,1387,0.6296157240867615,오설록,"8,550원",기타,미분류
persona_4,1388,0.6481162309646606,오설록,"9,900원",기타,미분류
persona_4,1389,0.6428924202919006,오설록,"45,900원",기타,미분류
persona_4,1390,0.6338871121406555,오설록,"13,300원",기타,미분류
persona_4,1391,0.6490163803100586,오설록,"9,900원",기타,미분류
persona_4,1392,0.6399613618850708,오설록,"27,000원",기타,미분류
persona_4,1393,0.6472746133804321,오설록,"12,350원",기타,미분류
persona_4,1394,0.6481162309646606,오설록,"9,900원",기타,미분류
persona_4,1395,0.6295610666275024,오설록,"14,850원",기타,미분류
persona_4,1396,0.6481162309646606,오설록,"9,900원",기타,미분류
persona_4,1397,0.6530421376228333,오설록,"17,550원",기타,미분류
persona_4,1398,0.6530421376228333,오설록,"17,550원",기타,미분류
persona_4,1399,0.6481162309646606,오설록,"9,900원",기타,미분류
persona_4,1400,0.6446394324302673,오설록,"24,300원",기타,미분류
persona_4,1401,0.6296157240867615,오설록,"8,550원",기타,미분류
persona_4,1402,0.6295610666275024,오설록,"14,850원",기타,미분류
persona_4,1403,0.6295610666275024,오설록,"14,850원",기타,미분류
persona_4,1404,0.6446394324302673,오설록,"24,300원",기타,미분류
persona_4,1405,0.6481162309646606,오설록,"9,900원",기타,미분류
persona_4,1406,0.6375169157981873,오설록,"66,300원",기타,미분류
persona_4,1407,0.6517046689987183,오설록,"54,400원",기타,미분류
persona_4,1408,0.6481162309646606,오설록,"9,900원",기타,미분류
persona_4,1409,0.6295610666275024,오설록,"14,850원",기타,미분류
persona_4,1410,0.6490163803100586,오설록,"9,000원",기타,미분류
persona_4,1411,0.6324840784072876,오설록,"11,000원",기타,미분류
persona_4,1412,0.6446394324302673,오설록,"24,300원",기타,미분류
persona_4,1413,0.6481162309646606,오설록,"9,900원",기타,미분류
persona_4,1414,0.6446394324302673,오설록,"24,300원",기타,미분류
persona_4,1415,0.6373777389526367,오설록,"38,000원",기타,미분류
persona_4,1416,0.6330407857894897,오설록,"8,000원",기타,미분류
persona_4,1417,0.6530421376228333,오설록,"17,550원",기타,미분류
persona_4,1418,0.6446394324302673,오설록,"24,300원",기타,미분류
persona_4,1419,0.6455766558647156,오설록,"10,450원",기타,미분류
persona_4,1420,0.6464723944664001,오설록,"7,200원",기타,미분류
persona_4,1421,0.6464723944664001,오설록,"7,200원",기타,미분류
persona_4,1422,0.6481162309646606,오설록,"9,900원",기타,미분류
persona_4,1423,0.6481162309646606,오설록,"9,900원",기타,미분류
persona_4,1424,0.6407087445259094,오설록,"16,650원",기타,미분류
persona_4,1425,0.6338871121406555,오설록,"13,300원",기타,미분류
persona_4,1426,0.6356542110443115,오설록,"14,250원",기타,미분류
persona_4,1427,0.6480518579483032,오설록,"12,375원",기타,미분류
persona_4,1428,0.6483999490737915,오설록,"93,500원",기타,미분류
persona_4,1429,0.6350831389427185,오설록,"12,600원",기타,미분류
persona_4,1430,0.6295610666275024,오설록,"14,850원",기타,미분류
persona_4,1431,0.6295610666275024,오설록,"14,850원",기타,미분류
persona_4,1432,0.6464723944664001,오설록,"7,200원",기타,미분류
persona_4,1433,0.6295610666275024,오설록,"14,850원",기타,미분류
persona_4,1434,0.6480518579483032,오설록,"12,375원",기타,미분류
persona_4,1435,0.6480518579483032,오설록,"12,375원",기타,미분류
persona_4,1436,0.6295610666275024,오설록,"14,850원",기타,미분류
persona_4,1437,0.6295610666275024,오설록,"14,850원",기타,미분류
persona_4,1438,0.6490163803100586,오설록,"9,900원",기타,미분류
persona_4,1439,0.6446394324302673,오설록,"24,300원",기타,미분류
persona_4,1440,0.6331008076667786,오설록,"14,850원",기타,미분류
persona_4,1441,0.6404368281364441,오설록,"12,600원",기타,미분류
persona_4,1442,0.6470579504966736,오설록,"24,300원",기타,미분류
persona_4,1443,0.6295610666275024,오설록,"14,850원",기타,미분류
persona_4,1444,0.6446394324302673,오설록,"24,300원",기타,미분류
persona_4,1445,0.6446394324302673,오설록,"24,300원",기타,미분류
persona_4,1446,0.6446394324302673,오설록,"24,300원",기타,미분류
persona_4,1447,0.6404368281364441,오설록,"12,600원",기타,미분류
persona_4,1448,0.6305568814277649,오설록,"127,500원",기타,미분류
persona_4,1449,0.6331008076667786,오설록,"14,850원",기타,미분류
persona_4,1450,0.6295610666275024,오설록,"14,850원",기타,미분류
persona_4,1451,0.6326305866241455,오설록,"11,700원",기타,미분류
persona_4,1452,0.641944408416748,오설록,"37,800원",기타,미분류
persona_4,1453,0.6514145731925964,오설록,"39,000원",기타,미분류
persona_4,1454,0.65133136510849,오설록,"30,000원",기타,미분류
persona_4,1455,0.6563977599143982,오설록,"9,500원",기타,미분류
persona_4,1456,0.6338871121406555,오설록,"13,300원",기타,미분류
persona_4,1457,0.6305128931999207,오설록,"11,700원",기타,미분류
persona_4,1458,0.6326305866241455,오설록,"11,700원",기타,미분류
persona_4,1459,0.6324840784072876,오설록,"11,000원",기타,미분류
persona_4,1460,0.6362887620925903,오설록,"15,200원",기타,미분류
persona_4,1461,0.6511568427085876,오설록,"19,800원",기타,미분류
persona_4,1462,0.6362887620925903,오설록,"15,200원",기타,미분류
persona_4,1463,0.6338664889335632,려,함빛/청아/흑운/민감 샴푸&컨디셔너 480ml,기타,미분류
persona_4,1464,0.6091874241828918,려,루트젠 탈모증상전문케어 두피 에센스 80ml,스킨케어,에센스
persona_4,1465,0.6243025064468384,려,두피 편한 검은콩 염색 120g,건기식,기능성식품
persona_4,1466,0.6023851633071899,려,자양윤모 9ex 탈모증상전문케어 샴푸 400ml,기타,미분류
persona_4,1467,0.6437976956367493,려,루트젠 여성 맞춤 탈모증상전문케어 샴푸 515ml,기타,미분류
persona_4,1468,0.6301776766777039,려,헤어쿠션  7g,건기식,기능성식품
persona_4,1469,0.6231362819671631,려,루트젠 여성 맞춤 탈모증상전문케어 샴푸 리필팩 400ml,스킨케어,마스크팩
persona_4,1470,0.629924476146698,려,댄트롤 비듬샴푸 박하/멘톨/애플 820ml,기타,미분류
persona_4,1471,0.6437976956367493,려,루트젠 남성 맞춤 탈모증상전문케어 샴푸 515ml,기타,미분류
persona_4,1472,0.6243983507156372,려,진생보 두피모발영양 샴푸/컨디셔너 400ml,기타,미분류
persona_4,1473,0.62775719165802,려,자양윤모 9이엑스 탈모증상전문케어 모근강화 트리트먼트 330ml,기타,미분류
persona_4,1474,0.6437976956367493,려,루트젠 여성 맞춤 탈모증상전문케어 트리트먼트 515ml,기타,미분류
persona_4,1475,0.6223359704017639,려,명품 에이치비엑스 탈모증상완화 앰플 샴푸 500ml,스킨케어,앰플
persona_4,1476,0.6492968201637268,려,루트젠 두피코어강화 아쿠아필 두피토닉 100ml,기타,미분류
persona_4,1477,0.6464453339576721,려,루트젠 두피코어강화 두피청정샴푸 515ml,기타,미분류
persona_4,1478,0.6351276636123657,려,함빛 극손상 앤 영양 트리트먼트 300ml,기타,미분류
persona_4,1479,0.6307730674743652,려,자양윤모 탈모전문케어 경주달밤/여수하늘 트리트먼트 200ml,기타,미분류
persona_4,1480,0.6394770741462708,려,루트젠 탈모증상전문케어 헤어볼륨필러 150ml,기타,미분류
persona_4,1481,0.6538273692131042,려,루트젠 두피코어강화 두피 청정샴푸,건기식,기능성식품
persona_4,1482,0.6544578075408936,려,자양윤모 9이엑스 탈모증상전문케어 모근강화 트리트먼트,기타,미분류
persona_4,1483,0.6544266939163208,려,자양윤모 탈모증상전문케어 샴푸 지성두피용,기타,미분류
persona_4,1484,0.6539260745048523,려,루트젠 남성 맞춤 탈모증상전문케어 샴푸,기타,미분류
persona_4,1485,0.6282711029052734,려,루트젠 탈모케어 트리플샷 두피리페어 세럼 60ml,스킨케어,세럼
persona_4,1486,0.6523225903511047,려,루트젠 두피코어강화 아쿠아필 두피토닉,기타,미분류
persona_4,1487,0.6521205306053162,려,루트젠 탈모증상전문케어 두피 에센스,스킨케어,에센스
persona_4,1488,0.6187130808830261,려,진생보 두피모발영양 샴푸 400ml,기타,미분류
persona_4,1489,0.6544753909111023,려,루트젠 여성 맞춤 탈모증상전문케어 샴푸,기타,미분류
persona_4,1490,0.6532694101333618,려,루트젠 여성 맞춤 탈모증상전문케어 샴푸,기타,미분류
persona_4,1491,0.6525672078132629,려,루트젠 여성 맞춤 탈모증상전문케어 샴푸+두피에센스,스킨케어,에센스
persona_4,1492,0.6523312926292419,려,루트젠 여성 맞춤 탈모증상전문케어 샴푸+리필,기타,미분류
persona_4,1493,0.6543747782707214,려,루트젠 탈모증상전문케어 여성 샴푸+남성 샴푸,기타,미분류
persona_4,1494,0.6543747782707214,려,루트젠 여성 맞춤 탈모증상전문케어 샴푸+트리트먼트,기타,미분류
persona_4,1495,0.6132845878601074,려,우아채 영양새치염색  120g,건기식,기능성식품
persona_4,1496,0.6451550126075745,설화수,자음2종 세트,기타,미분류
persona_4,1497,0.623822808265686,설화수,순행클렌징폼 200ml,기타,미분류
persona_4,1498,0.6457251310348511,설화수,탄력3종 세트,기타,미분류
persona_4,1499,0.638643205165863,설화수,탄력크림 단품세트 75ml,스킨케어,크림
persona_4,1500,0.62745201587677,설화수,순행클렌징오일 200ml,기타,미분류
persona_4,1501,0.6452921032905579,설화수,본윤 데일리 루틴,기타,미분류
persona_4,1502,0.638643205165863,설화수,탄력크림 단품세트 75ml,스킨케어,크림
persona_4,1503,0.6455551385879517,설화수,자음생2종 세트,기타,미분류
persona_4,1504,0.6233332753181458,설화수,윤조에센스 6세대 단품세트 90ml,스킨케어,에센스
persona_4,1505,0.6501601934432983,설화수,,기타,미분류
persona_4,1506,0.6220356225967407,설화수,자음유액 EX 125ml,기타,미분류
persona_4,1507,0.6451223492622375,설화수,윤조에센스 6세대,스킨케어,에센스
persona_4,1508,0.6340979933738708,설화수,자음수 EX 150ml,기타,미분류
persona_4,1509,0.6374403834342957,설화수,상백톤업선크림 SPF50+/PA++++ 50ml,선케어,선크림
persona_4,1510,0.6243448257446289,설화수,옥용팩 120ml,스킨케어,마스크팩
persona_4,1511,0.6116962432861328,설화수,자음생아이크림 15ml,스킨케어,크림
persona_4,1512,0.606968104839325,설화수,퍼펙팅 쿠션 SPF50+/PA+++ 15g,선케어,선크림
persona_4,1513,0.6478478312492371,설화수,퍼펙팅 쿠션 에어리 SPF50+/PA+++,선케어,선크림
persona_4,1514,0.6157260537147522,설화수,여윤팩 120ml,스킨케어,마스크팩
persona_4,1515,0.6068552732467651,설화수,퍼펙팅 쿠션 에어리 SPF50+/PA+++ 15g,선케어,선크림
persona_4,1516,0.6433220505714417,설화수,퍼펙팅 립컬러,기타,미분류
persona_4,1517,0.638643205165863,설화수,탄력크림 EX 75ml,스킨케어,크림
persona_4,1518,0.6470288634300232,설화수,윤조마스크 5매,스킨케어,마스크팩
persona_4,1519,0.6246896386146545,설화수,윤조립밤 3g,스킨케어,크림
persona_4,1520,0.6374403834342957,설화수,상백선크림 SPF50+/PA++++ 50ml,선케어,선크림
persona_4,1521,0.645523190498352,설화수,퍼펙팅 트윈 케이크,기타,미분류
persona_4,1522,0.6449990272521973,설화수,진설수유액 2종 세트,기타,미분류
persona_4,1523,0.6406928300857544,설화수,본윤선크림 SPF50+/PA++++ 50ml,선케어,선크림
persona_4,1524,0.6481194496154785,설화수,퍼펙팅 쿠션 SPF50+/PA+++,선케어,선크림
persona_4,1525,0.6378611922264099,설화수,자음생크림 리치 단품세트 50ml,스킨케어,크림
persona_4,1526,0.6194424033164978,설화수,자음생유액 125ml,기타,미분류
persona_4,1527,0.6372566223144531,설화수,탄력크림 EX 50ml,스킨케어,크림
persona_4,1528,0.6295391321182251,설화수,NEW 자음생클렌징폼 150g,건기식,기능성식품
persona_4,1529,0.6166138648986816,설화수,자음생앰플 20g,스킨케어,앰플
persona_4,1530,0.6487498879432678,설화수,자음생캡슐세럼 단품세트,스킨케어,세럼
persona_4,1531,0.6367626786231995,설화수,자음생캡슐세럼 50ml,스킨케어,세럼
persona_4,1532,0.6246125102043152,설화수,백삼팩 120ml,스킨케어,마스크팩
persona_4,1533,0.6311295032501221,설화수,자음생수 150ml,기타,미분류
persona_4,1534,0.6407800316810608,설화수,자음생마스크EX 5매,스킨케어,마스크팩
persona_4,1535,0.6192721128463745,설화수,본윤에센스 140ml,스킨케어,에센스
persona_4,1536,0.6143586039543152,설화수,시그니처 진생 페이셜 솝 1입 120g,건기식,기능성식품
persona_4,1537,0.6411668062210083,설화수,상백선플루이드 SPF50+/PA+++ 50ml,선케어,선크림
persona_4,1538,0.6161919832229614,설화수,퍼펙팅 파우더 20g,건기식,기능성식품
persona_4,1539,0.6291818022727966,설화수,본윤유액 90ml,기타,미분류
persona_4,1540,0.6370694637298584,설화수,자음생크림 단품세트 50ml,스킨케어,크림
persona_4,1541,0.6491288542747498,설화수,퍼펙팅 쿠션 에어리 SPF50+/PA+++,선케어,선크림
persona_4,1542,0.6088858842849731,설화수,시그니처 진생 페이셜 솝 2입 120g*2,건기식,기능성식품
persona_4,1543,0.626866340637207,설화수,진설유액 125ml,기타,미분류
persona_4,1544,0.6501309871673584,설화수,,스킨케어,크림
persona_4,1545,0.6338280439376831,설화수,자음생세럼 브라이트닝 50ml,스킨케어,세럼
persona_4,1546,0.6286981701850891,설화수,진설크림 60ml,스킨케어,크림
persona_4,1547,0.6253847479820251,설화수,진설클렌징폼 150g,건기식,기능성식품
persona_4,1548,0.6465343832969666,설화수,퍼펙팅 스킨커버,기타,미분류
persona_4,1549,0.633452296257019,설화수,자음생캡슐세럼 30ml,스킨케어,세럼
persona_4,1550,0.6320180296897888,설화수,자음생크림 30ml,스킨케어,크림
persona_4,1551,0.6312294602394104,설화수,진설수 150ml,기타,미분류
persona_4,1552,0.6308667659759521,설화수,자음생크림 리치 30ml,스킨케어,크림
persona_4,1553,0.6347488164901733,설화수,진설세럼 50ml,스킨케어,세럼
persona_4,1554,0.6495211720466614,설화수,퍼펙팅 쿠션 에어리 트리플  SPF50+/PA+++,선케어,선크림
persona_4,1555,0.6494984030723572,설화수,퍼펙팅 쿠션 트리플  SPF50+/PA+++,선케어,선크림
persona_4,1556,0.6370694637298584,설화수,자음생크림 리치 50ml,스킨케어,크림
persona_4,1557,0.6380465030670166,설화수,자음생크림 50ml,스킨케어,크림
persona_4,1558,0.6489676833152771,설화수,퍼펙팅 쿠션 SPF50+/PA+++,선케어,선크림
persona_4,1559,0.6327710151672363,설화수,진설크림 60ml,스킨케어,크림
persona_4,1560,0.6095720529556274,설화수,자음생앰플 브라이트닝 20g,스킨케어,앰플
persona_4,1561,0.6273897886276245,설화수,진설크림 리치 60ml,스킨케어,크림
persona_4,1562,0.6343645453453064,설화수,자음생세럼 브라이트닝 30ml,스킨케어,세럼
persona_4,1563,0.6245013475418091,설화수,퍼펙팅 틴티드 크림 35ml,스킨케어,크림
persona_4,1564,0.6287155747413635,설화수,퍼펙팅 베일 프라이머 35ml,기타,미분류
persona_4,1565,0.6235722899436951,설화수,자음생크림 리치 30ml + 월리 우프 무드등,스킨케어,크림
persona_4,1566,0.6128416061401367,설화수,윤조에센스 90ml 세트 + 월리 우프 무드등,스킨케어,에센스
persona_4,1567,0.6333510875701904,설화수,자음생크림 리치 50ml 단품기획세트,스킨케어,크림
persona_4,1568,0.6182255148887634,설화수,윤조에센스 6세대 90ml 단품기획세트,스킨케어,에센스
persona_4,1569,0.6012778282165527,설화수,퍼펙팅 트윈 케이크 11g,건기식,기능성식품
persona_4,1570,0.6334035992622375,설화수,윤조에센스 6세대 기프트박스 30ml,스킨케어,에센스
persona_4,1571,0.6312916278839111,설화수,진설크림 리치 60ml,스킨케어,크림
persona_4,1572,0.6290879845619202,설화수,진설세럼 30ml,스킨케어,세럼
persona_4,1573,0.6284777522087097,설화수,진설크림 30ml,스킨케어,크림
persona_4,1574,0.6329585909843445,설화수,퍼펙팅 파운데이션 SPF17/PA+ 35ml,선케어,선크림
persona_5,0,0.6476948857307434,메이크온,메이크온 시너지 마스크,스킨케어,마스크팩
persona_5,1,0.638390839099884,메이크온,가볍게 마시는 히알루론산,건기식,기능성식품
persona_5,2,0.6408580541610718,메이크온,스킨 라이트 테라피 III,디바이스,스킨기기
persona_5,3,0.6536936163902283,메이크온,스킨 라이트 테라피 3S,디바이스,스킨기기
persona_5,4,0.6469365954399109,메이크온,젬 소노 테라피 릴리프,디바이스,스킨기기
persona_5,5,0.6343390941619873,메이크온,히알루로닉 스파 캡슐 24개입,건기식,기능성식품
persona_5,6,0.6361583471298218,메이크온,마그네타이트 바디롤러,바디,바디케어
persona_5,7,0.6532378792762756,메이크온,,기타,미분류
persona_5,8,0.6416903138160706,메이크온,페이셜 부스팅 스파,기타,미분류
persona_5,9,0.63967365026474,에뛰드,수분가득 콜라겐 시트 마스크 25ml,스킨케어,마스크팩
persona_5,10,0.6402512192726135,에뛰드,드로잉 아이 브로우 0.25g,메이크업,아이브로우
persona_5,11,0.6469780802726746,에뛰드,진저슈가 립케어 2종 기획세트,메이크업,립제품
persona_5,12,0.6490662693977356,에뛰드,왓츠 인 마이 아이즈,메이크업,아이섀도우
persona_5,13,0.6396549344062805,에뛰드,디어 달링 워터젤 틴트,메이크업,립틴트
persona_5,14,0.6405993700027466,에뛰드,왓츠 인 마이 아이즈 카페 더블,메이크업,아이섀도우
persona_5,15,0.622873067855835,에뛰드,수분가득 콜라겐 딥시트 마스크 37ml,스킨케어,마스크팩
persona_5,16,0.6447696089744568,에뛰드,순정 디렉터 수분 선크림 기획세트 SPF50+/PA++++,선케어,선크림
persona_5,17,0.6222423315048218,에뛰드,닥터 마스카라 픽서 포 래쉬  6g,메이크업,마스카라
persona_5,18,0.6193779110908508,에뛰드,프루프 10 젤 방수 펜슬 0.3 g,메이크업,아이라이너
persona_5,19,0.6435542106628418,에뛰드,순정 디렉터 선크림,선케어,선크림
persona_5,20,0.6128329038619995,에뛰드,뽀오얀 미소 발효 립&아이 리무버 250ml,클렌징,리무버
persona_5,21,0.6265771985054016,에뛰드,님프 광채볼류머 투명한 물광 24g,건기식,기능성식품
persona_5,22,0.6403594613075256,에뛰드,청순거짓 브라우카라 대용량 기획세트,기타,미분류
persona_5,23,0.6458023190498352,에뛰드,컬 픽스 마스카라,메이크업,마스카라
persona_5,24,0.6224043965339661,에뛰드,블링블링 아이스틱 1.4g,건기식,기능성식품
persona_5,25,0.631938099861145,에뛰드,라인 픽스 브러쉬 라이너 0.5g,메이크업,아이라이너
persona_5,26,0.632275402545929,에뛰드,팡팡 헤어 섀도우 3.5g,메이크업,아이섀도우
persona_5,27,0.6184914112091064,에뛰드,픽싱틴트 4g,메이크업,립틴트
persona_5,28,0.613459587097168,에뛰드,진저슈가 립밤스틱 3.7g,건기식,기능성식품
persona_5,29,0.6132096648216248,에뛰드,진저슈가 에센셜 립밤 15ml,스킨케어,크림
persona_5,30,0.6380535364151001,에뛰드,그림자쉐딩 재창조 & 재창조 쉐딩스틱 기획세트,기타,미분류
persona_5,31,0.6162198185920715,에뛰드,슈팅빔 하이라이터 3g,건기식,기능성식품
persona_5,32,0.6458851099014282,에뛰드,순정 디렉터 톤업 수정 선크림 기획 세트 SPF50+/PA++++,선케어,선크림
persona_5,33,0.6312689185142517,에뛰드,베어 엣지 슬림 브로우 0.1g,메이크업,아이브로우
persona_5,34,0.6150891780853271,에뛰드,플레이 101 스틱 컨투어 듀오,기타,미분류
persona_5,35,0.6385536789894104,에뛰드,컬픽스 마스카라 올인원 3종 세트,메이크업,마스카라
persona_5,36,0.635532021522522,에뛰드,"6,400원",기타,미분류
persona_5,37,0.5992530584335327,에뛰드,아이돌 리얼 래쉬 픽서 8ml,메이크업,마스카라
persona_5,38,0.6411625742912292,에뛰드,베이킹 파우더 모공 클렌징 폼 듀오세트,기타,미분류
persona_5,39,0.6207280158996582,에뛰드,포근 픽싱틴트 4g,메이크업,립틴트
persona_5,40,0.6190940141677856,에뛰드,순정 약산성 클렌징 밀크 200ml,기타,미분류
persona_5,41,0.6412567496299744,에뛰드,리얼아트 클렌징 오일 모이스처 2종 세트,기타,미분류
persona_5,42,0.639919638633728,에뛰드,디어달링 마커틴트,메이크업,립틴트
persona_5,43,0.6343727111816406,에뛰드,님프 듀이 베이스프렙 30ml,기타,미분류
persona_5,44,0.6394214630126953,에뛰드,뽀용 아이 메이커,기타,미분류
persona_5,45,0.6226584911346436,에뛰드,재창조 메이커 1g,건기식,기능성식품
persona_5,46,0.6235219240188599,에뛰드,오 마이 래쉬 쌩얼 카라 7ml,기타,미분류
persona_5,47,0.6193873882293701,에뛰드,파워 래쉬 속눈썹 영양제 6g,건기식,기능성식품
persona_5,48,0.6372528076171875,에뛰드,재창조 메이커 오버립,기타,미분류
persona_5,49,0.6255820393562317,에뛰드,순정 약산성 5.5 폼 클렌저 150ml,기타,미분류
persona_5,50,0.6127220988273621,에뛰드,진저슈가 오버나이트 립마스크 23g,스킨케어,마스크팩
persona_5,51,0.6228066086769104,에뛰드,수분가득 콜라겐 아이크림 28ml,스킨케어,크림
persona_5,52,0.627648115158081,에뛰드,컬러 래스팅 글로우 스틱 3.2g,건기식,기능성식품
persona_5,53,0.6125733852386475,에뛰드,빅 커버 스킨 핏 컨실러 7g,건기식,기능성식품
persona_5,54,0.6216930747032166,에뛰드,닥터 마스카라 픽서 6g,메이크업,마스카라
persona_5,55,0.6320449709892273,에뛰드,뽀오얀 미소 발효 클렌징오일 150ml,기타,미분류
persona_5,56,0.6211446523666382,에뛰드,베이킹 파우더 B.B 딥 클렌징폼 160g,건기식,기능성식품
persona_5,57,0.6447696089744568,에뛰드,순정 디렉터 무기자차 선크림 기획세트 SPF50+/PA++++,선케어,선크림
persona_5,58,0.6282914876937866,에뛰드,피지쏙 파우더 5g,건기식,기능성식품
persona_5,59,0.6086528301239014,에뛰드,오마이래쉬 마스카라 1호 탑코트 12g,메이크업,마스카라
persona_5,60,0.6345941424369812,에뛰드,플레이 멀티 아이즈,메이크업,아이섀도우
persona_5,61,0.5946831703186035,에뛰드,피지쏙 젤리 파우더 8g,건기식,기능성식품
persona_5,62,0.6409822702407837,에뛰드,원더포어 프레쉬너 2종 세트,기타,미분류
persona_5,63,0.6265364289283752,에뛰드,더블 래스팅 비건 커버 파운데이션 SPF32/PA++ 30 g,선케어,선크림
persona_5,64,0.6350365281105042,에뛰드,순정 판텐소사이드10 시카밤 50ml,스킨케어,크림
persona_5,65,0.5956300497055054,에뛰드,래쉬 업 콤브 마스카라 8g,메이크업,마스카라
persona_5,66,0.6061925292015076,에뛰드,글로우 픽싱 틴트 3.8g,메이크업,립틴트
persona_5,67,0.6407491564750671,에뛰드,러블리쿠키 블러셔,기타,미분류
persona_5,68,0.6082453727722168,에뛰드,마스카라 전용 리무버 80ml,메이크업,마스카라
persona_5,69,0.6129012703895569,에뛰드,립 앤 아이 리무버 250ml,클렌징,리무버
persona_5,70,0.6372528076171875,에뛰드,오버 글로이 틴트,메이크업,립틴트
persona_5,71,0.6273959875106812,에뛰드,뽀오얀 미소 발효 클렌징폼 150ml,기타,미분류
persona_5,72,0.613700270652771,에뛰드,하트 팝 블러셔 4g,건기식,기능성식품
persona_5,73,0.6075921058654785,에뛰드,순정 2x 베리어 보습 크림 60ml,스킨케어,크림
persona_5,74,0.6258686780929565,에뛰드,순정 약산성 6.5 휩 클렌저 150ml,기타,미분류
persona_5,75,0.6155428886413574,에뛰드,순정 약산성 5.5 진정 토너 350ml,기타,미분류
persona_5,76,0.6400349736213684,에뛰드,애교살 메이커,기타,미분류
persona_5,77,0.6416019201278687,에뛰드,페이스 브라이트너,기타,미분류
persona_5,78,0.6226494908332825,에뛰드,디어달링 오일틴트 4.2g,메이크업,립틴트
persona_5,79,0.6505431532859802,에뛰드,그림자 쉐딩 브러쉬,기타,미분류
persona_5,80,0.6174362301826477,에뛰드,진저슈가 멜팅 밤 2.3g,스킨케어,크림
persona_5,81,0.6252272725105286,에뛰드,럭키 립햄치크 1.5g,건기식,기능성식품
persona_5,82,0.6400349736213684,에뛰드,홀리데이 에디션,기타,미분류
persona_5,83,0.6202965378761292,에뛰드,순정 10무 수분 에멀전 130ml,기타,미분류
persona_5,84,0.6303577423095703,에뛰드,순정 수분 베리어 크림 75ml,스킨케어,크림
persona_5,85,0.6399643421173096,에뛰드,그림자 쉐딩 브러쉬 1개입,기타,미분류
persona_5,86,0.6316608786582947,에뛰드,2X 쌩얼 라이너 0.5g,메이크업,아이라이너
persona_5,87,0.6069149971008301,에뛰드,AC 클린업 핑크스팟 15ml,기타,미분류
persona_5,88,0.6120584011077881,에뛰드,마이 래쉬 세럼 18g,스킨케어,세럼
persona_5,89,0.6335938572883606,에뛰드,소프트 픽스 메이크업 픽서 50ml,메이크업,마스카라
persona_5,90,0.64528489112854,에뛰드,그림자 쉐딩 브러쉬,기타,미분류
persona_5,91,0.6204736232757568,에뛰드,피지쏙 팩트 9.5g,스킨케어,마스크팩
persona_5,92,0.6002429127693176,에뛰드,시크릿 빔 파우더 팩트 15g,스킨케어,마스크팩
persona_5,93,0.6415644288063049,에뛰드,립 앤 아이 리무버 100ml,클렌징,리무버
persona_5,94,0.6210659742355347,에뛰드,리얼아트 클렌징 오일 모이스처 185ml,기타,미분류
persona_5,95,0.6361462473869324,에뛰드,클라우드 필터 쿠션 기획세트 SPF42/PA+++,선케어,선크림
persona_5,96,0.6289893984794617,에뛰드,님프 광채 볼류머 + 컨실러 2종 기획세트,기타,미분류
persona_5,97,0.6460949778556824,에뛰드,재창조 메이커 애교살 라이너,메이크업,아이라이너
persona_5,98,0.6116012334823608,에뛰드,베이킹 파우더 사각사각 모공 스크럽 200g,건기식,기능성식품
persona_5,99,0.6419559717178345,에뛰드,반짝눈물 라이너,메이크업,아이라이너
persona_5,100,0.6394843459129333,에뛰드,수분가득 콜라겐 크림 75ml,스킨케어,크림
persona_5,101,0.6195110082626343,에뛰드,수분가득 콜라겐 에멀전 180ml,기타,미분류
persona_5,102,0.6388745307922363,에뛰드,수분가득 콜라겐 2종 세트,기타,미분류
persona_5,103,0.6361462473869324,에뛰드,클라우드 필터 쿠션 기획세트 SPF42/PA+++,선케어,선크림
persona_5,104,0.6035666465759277,에뛰드,클라우드 필터 쿠션 SPF42/PA+++ 15g,선케어,선크림
persona_5,105,0.6510658860206604,에뛰드,그림자 쉐딩,기타,미분류
persona_5,106,0.6375939846038818,에뛰드,오버 글로이 틴트 기획세트,메이크업,립틴트
persona_5,107,0.6096890568733215,에뛰드,슈가컬러링 젤리밤 9g,스킨케어,크림
persona_5,108,0.6024491190910339,에뛰드,오버 글로이 글로스 2.8g,건기식,기능성식품
persona_5,109,0.6195111274719238,에뛰드,프루티 립앤치크 블러밤 2.3g,스킨케어,크림
persona_5,110,0.6403819918632507,에뛰드,마이 베스트 톤 아이즈 2구,메이크업,아이섀도우
persona_5,111,0.6292012929916382,에뛰드,수분가득 콜라겐 클렌징 폼 150g,건기식,기능성식품
persona_5,112,0.641416609287262,에뛰드,룩 앳 마이 아이즈,메이크업,아이섀도우
persona_5,113,0.6419381499290466,에뛰드,뉴이어 컬렉션,기타,미분류
persona_5,114,0.6458023190498352,에뛰드,컬러래스팅 글로우 스틱,기타,미분류
persona_5,115,0.6348255276679993,에뛰드,더블래스팅 커버 컨실러 팔레트,기타,미분류
persona_5,116,0.6395144462585449,에뛰드,디어달링 필오프 립스테인,기타,미분류
persona_5,117,0.634656548500061,에뛰드,컬픽스 스키니 마스카라 1+1 기획세트,메이크업,마스카라
persona_5,118,0.623603343963623,에뛰드,팡팡 헤어카라 픽서 10ml,메이크업,마스카라
persona_5,119,0.586618185043335,에뛰드,진저슈가 립세럼 13g,스킨케어,세럼
persona_5,120,0.6366457939147949,에뛰드,님프 광채 볼류머 듀오 기획세트,기타,미분류
persona_5,121,0.6273959875106812,에뛰드,AC 클린업 클렌징 폼 150ml,기타,미분류
persona_5,122,0.6495693325996399,에뛰드,피지쏙 젤리 파우더 퍼프 2P,기타,미분류
persona_5,123,0.6391890645027161,에뛰드,카페인더 딥 에디션,기타,미분류
persona_5,124,0.6249558925628662,에뛰드,올데이 맑은 BB 크림 SPF36/PA+++ 35ml,선케어,선크림
persona_5,125,0.6147506237030029,에뛰드,순정 약산성 클렌징 밀크 200ml,기타,미분류
persona_5,126,0.6356719732284546,에뛰드,플레이 멀티 아이즈 마루 너만을 오로지 사랑해,메이크업,아이섀도우
persona_5,127,0.6188291311264038,에뛰드,벌룬 인 치크 6g,건기식,기능성식품
persona_5,128,0.6298233270645142,에뛰드,컬픽스 마스카라 1호 블랙  & 마스카라 픽서 퍼펙트래쉬,메이크업,마스카라
persona_5,129,0.6372528076171875,에뛰드,사르르 당충전 컬렉션,기타,미분류
persona_5,130,0.6027035117149353,에뛰드,클라우드 필터 쿠션 SPF42/PA+++ 15g,선케어,선크림
persona_5,131,0.639919638633728,에뛰드,밀키베리 에디션,기타,미분류
persona_5,132,0.6372528076171875,에뛰드,오버 글로이 틴트,메이크업,립틴트
persona_5,133,0.6378412246704102,에뛰드,오버글로이 틴트,메이크업,립틴트
persona_5,134,0.633546769618988,에뛰드,하트팝 블러셔,기타,미분류
persona_5,135,0.633546769618988,에뛰드,낫배드 컬렉션,기타,미분류
persona_5,136,0.6468238830566406,에뛰드,하트팝 듀오 블러셔,기타,미분류
persona_5,137,0.6435314416885376,에뛰드,님프 광채 볼류머 투명한 물광,기타,미분류
persona_5,138,0.6396549344062805,에뛰드,마이 베스트 톤 아이즈,메이크업,아이섀도우
persona_5,139,0.633546769618988,에뛰드,하트팝 블러셔,기타,미분류
persona_5,140,0.6275284290313721,에뛰드,순정판텐소사이드10시카밤 50ml *2,스킨케어,크림
persona_5,141,0.6430748701095581,에뛰드,순정 판텐소사이드 마스크 25ml,스킨케어,마스크팩
persona_5,142,0.617618978023529,에뛰드,0.2 테라피 에어 마스크 20ml,스킨케어,마스크팩
persona_5,143,0.6109517216682434,에뛰드,뽀오얀 미소 발효 립&아이 리무버 250ml,클렌징,리무버
persona_5,144,0.6275576949119568,에뛰드,뽀오얀 클렌징 오일 + 뽀오얀 클렌징 폼,기타,미분류
persona_5,145,0.5879538059234619,에뛰드,오마이래쉬 마스카라 1호 탑코트 12g *2,메이크업,마스카라
persona_5,146,0.6020969748497009,에뛰드,마스카라 전용 리무버 80ml *2,메이크업,마스카라
persona_5,147,0.6081960201263428,에뛰드,파워 래쉬 속눈썹 영양제 6g*2,건기식,기능성식품
persona_5,148,0.6276341080665588,에뛰드,제로피지 드라잉 파우더 4g,건기식,기능성식품
persona_5,149,0.6123504042625427,에뛰드,수분가득 콜라겐 토너 200ml,기타,미분류
persona_5,150,0.6083337664604187,에스트라,아토베리어365 크림 80ml,스킨케어,크림
persona_5,151,0.6157825589179993,에스트라,아토베리어365 크림 80ml or 로션150ml,스킨케어,크림
persona_5,152,0.6143481731414795,에스트라,아토베리어365크림미스트 120ml,스킨케어,크림
persona_5,153,0.6271297335624695,에스트라,아토베리어365 세라-히알 속수분 앰플 30ml,스킨케어,앰플
persona_5,154,0.6071818470954895,에스트라,아토베리어365 바디로션 400ml,바디,바디케어
persona_5,155,0.6209160089492798,에스트라,아토베리어365 하이드로 에센스 200ml,스킨케어,에센스
persona_5,156,0.6358143091201782,에스트라,아토베리어365 버블클렌저 150ml,기타,미분류
persona_5,157,0.6300843358039856,에스트라,아토베리어365 로션 150ml,기타,미분류
persona_5,158,0.634143590927124,에스트라,더마UV365 무기자차 선크림 or 톤업 선크림 or 비타C광채 수분 선크림 SPF 50+/ PA++++ 40ml,선케어,선크림
persona_5,159,0.6295996904373169,에스트라,리제덤365 모공탄력 캡슐세럼 30ml,스킨케어,세럼
persona_5,160,0.6083989143371582,에스트라,테라크네365 클리어 딥 클렌징 폼 200g,건기식,기능성식품
persona_5,161,0.6168106198310852,에스트라,아토베리어365 바디크림 250ml,스킨케어,크림
persona_5,162,0.6236953735351562,에스트라,아토베리어 365 하이드로 수딩크림 60ml,스킨케어,크림
persona_5,163,0.6147951483726501,에스트라,에이시카365 흔적진정세럼pH4.5 40ml,스킨케어,세럼
persona_5,164,0.6189649701118469,에스트라,에이시카 365 수분토너pH4.5 200ml,기타,미분류
persona_5,165,0.6170506477355957,에스트라,NEW 테라크네365 나이아신아마이드5% 흔적 바디 미스트 200ml,바디,바디케어
persona_5,166,0.6258178353309631,에스트라,테라크네365 수딩 액티브 모이스처라이저 60ml,기타,미분류
persona_5,167,0.6319056153297424,에스트라,에이시카365 리페어 크림pH4.5 60ml,스킨케어,크림
persona_5,168,0.6261064410209656,에스트라,테라크네365 액티브 세럼 30ml,스킨케어,세럼
persona_5,169,0.6160932183265686,에스트라,에이시카365 쿨링팩패드pH4.5 110ml,스킨케어,마스크팩
persona_5,170,0.6195592284202576,에스트라,테라크네365 하이드로 액티브 토너 200ml,기타,미분류
persona_5,171,0.6121652722358704,에스트라,NEW 리제덤365 레티노이드 아이세럼 15ml,스킨케어,세럼
persona_5,172,0.6300873160362244,에스트라,리제덤365 밀도탄력 캡슐크림 50ml,스킨케어,크림
persona_5,173,0.608481228351593,에스트라,NEW 더마UV365 비타C 광채수분 선크림 SPF50+ PA++++ 40ml,선케어,선크림
persona_5,174,0.6289215087890625,에스트라,더마UV365 레드진정 톤업 선크림 SPF 50+/ PA++++ 40ML,선케어,선크림
persona_5,175,0.6170435547828674,에스트라,아토베리어365 크림 150ml*2개 대용량 홀리데이 에디션,스킨케어,크림
persona_5,176,0.6202713251113892,에스트라,아토베리어365 크림 150ml 홀리데이 에디션,스킨케어,크림
persona_5,177,0.6202824115753174,에스트라,리제덤365 모공탄력 캡슐세럼 30ml*2개 + 월리 우프 무드등,스킨케어,세럼
persona_5,178,0.5947492122650146,에스트라,아토베리어365 크림 80ml*3개 + 월리 우프 무드등,스킨케어,크림
persona_5,179,0.6098147630691528,에스트라,에이시카365 흔적진정세럼pH4.5 40ml 더블 세트,스킨케어,세럼
persona_5,180,0.6207345724105835,에스트라,아토베리어365 로션 150ml 더블 세트,기타,미분류
persona_5,181,0.6265143156051636,에스트라,아토베리어365 크림 80ml+세라-히알 속수분 앰플 30ml 더블 세트,스킨케어,앰플
persona_5,182,0.5996154546737671,에스트라,아토베리어365 크림 80ml 더블 세트,스킨케어,크림
persona_5,183,0.6197579503059387,에스트라,테라크네365 액티브 세럼 30ml*2,스킨케어,세럼
persona_5,184,0.6175280809402466,에스트라,테라크네 365 바디미스트 200ml,바디,바디케어
persona_5,185,0.618588387966156,에스트라,에이시카365 쿨링팩 패드pH4.5 110ml,스킨케어,마스크팩
persona_5,186,0.6366322636604309,에스트라,NEW 더마UV365 비타C 광채수분 선크림 40mlX2개 SPF50+ PA++++,선케어,선크림
persona_5,187,0.6172534823417664,에스트라,에이시카365 수분토너pH4.5 200ml*2,기타,미분류
persona_5,188,0.6251684427261353,에스트라,에이시카365 리페어 크림pH4.5 60ml*2,스킨케어,크림
persona_5,189,0.6390056014060974,에스트라,에이시카 365 수분토너pH4.5+에이시카 365 흔적진정세럼pH4.5,스킨케어,세럼
persona_5,190,0.6252855062484741,에스트라,리제덤365 밀도탄력 캡슐크림 50ml*2개,스킨케어,크림
persona_5,191,0.60724276304245,에스트라,리제덤365 레티노이드 아이세럼 15ml*2개,스킨케어,세럼
persona_5,192,0.625076174736023,에스트라,아토베리어365 세라-히알 속수분 앰플 30ml*2개,스킨케어,앰플
persona_5,193,0.6281973719596863,에스트라,아토베리어365 크림 80ml+리제덤365 모공탄력 캡슐세럼 30ml,스킨케어,세럼
persona_5,194,0.6431074142456055,에스트라,아토베리어365 바디크림 250mlX2개,스킨케어,크림
persona_5,195,0.6276501417160034,에스트라,리제덤365 모공탄력 캡슐세럼 30ml + 캡슐크림 50ml,스킨케어,세럼
persona_5,196,0.6405180096626282,에스트라,아토베리어365 크림미스트 120mlX2개,스킨케어,크림
persona_5,197,0.6358755826950073,에스트라,더마UV365 장벽수분 무기자차 선크림 40mlX2개 SPF50+ PA++++,선케어,선크림
persona_5,198,0.6420646905899048,에스트라,테라크네365 클리어 딥 클렌징 폼 200gX2개,건기식,기능성식품
persona_5,199,0.6194878816604614,에스트라,아토베리어365 하이드로 에센스 200ml,스킨케어,에센스
persona_5,200,0.6358755826950073,에스트라,더마UV365 레드진정 톤업 선크림 40mlX2개 SPF50+ PA++++,선케어,선크림
persona_5,201,0.6427240967750549,에스트라,아토베리어365 버블클렌저 150mlX2개,기타,미분류
persona_5,202,0.6404776573181152,에스트라,아토베리어365바디로션 400mlX2개,바디,바디케어
persona_5,203,0.6396337151527405,에스트라,아토베리어365 하이드로 수딩크림 60mlX2개,스킨케어,크림
persona_5,204,0.5885254144668579,,수면양말 1EA,기타,미분류
persona_5,205,0.5662384033203125,,인형 파우치,기타,미분류
persona_5,206,0.587469756603241,,APBADAs스티커 1EA,기타,미분류
persona_5,207,0.5816766023635864,,APBADAs X KBP 스트링 파우치,기타,미분류
persona_5,208,0.5947495698928833,,APBADAs 아모레까뮈 지비츠,기타,미분류
persona_5,209,0.5832963585853577,,APBADAs 돌풍이 마우스패드 1EA,기타,미분류
persona_5,210,0.570906937122345,,APBADAs 아모레까뮈 인형파우치 1EA,기타,미분류
persona_5,211,0.5806040167808533,,APBADAs 돌풍이 캐릭터인형 L,기타,미분류
persona_5,212,0.5801531076431274,,앞바다즈 인형키링 8종,기타,미분류
persona_5,213,0.57683926820755,,돌풍이/돌풍E 캐릭터 인형,기타,미분류
persona_5,214,0.5783089399337769,,무릎담요,기타,미분류
persona_5,215,0.5819892287254333,,APBADAs X KBP 랩탑 파우치 1EA,기타,미분류
persona_5,216,0.5645723938941956,,무릎담요,기타,미분류
persona_5,217,0.5806040167808533,,APBADAs 돌풍E 캐릭터인형 L,기타,미분류
persona_5,218,0.5866603851318359,,APBADAs 인형 키링 아모레까뮈 1EA,기타,미분류
persona_5,219,0.5735411047935486,,APBADAs 아모레까뮈 캐릭터인형 1EA,기타,미분류
persona_5,220,0.5783683061599731,,캐릭터 지비츠,기타,미분류
persona_5,221,0.5828045010566711,,스노우 메이커,기타,미분류
persona_5,222,0.5694203972816467,,APBADAs 인형 6종,기타,미분류
persona_5,223,0.5686918497085571,,APBADAs캐릭터실리콘참 8EA,기타,미분류
persona_5,224,0.5588221549987793,,APBADAs스마트톡 1EA,기타,미분류
persona_5,225,0.6203804612159729,라보에이치,모발강화클리닉 샴푸 430ml,기타,미분류
persona_5,226,0.6205227375030518,라보에이치,모발강화클리닉 트리트먼트 200ml,기타,미분류
persona_5,227,0.608798086643219,라보에이치,두피강화 클리닉 샴푸 탈모증상완화 400ml,기타,미분류
persona_5,228,0.6410626769065857,라보에이치,모발강화클리닉 에센스 75ml,스킨케어,에센스
persona_5,229,0.608798086643219,라보에이치,두피강화클리닉 샴푸 탈모증상완화 리필팩 400ml,스킨케어,마스크팩
persona_5,230,0.6089608669281006,라보에이치,두피강화 클리닉 캡슐 트리트먼트 탈모증상완화 220ml,기타,미분류
persona_5,231,0.6462186574935913,라보에이치,프리미엄 샴푸 브러쉬 1입,기타,미분류
persona_5,232,0.6349220275878906,라보에이치,두피강화 클리닉 앰플 토닉 탈모증상완화 100ml,스킨케어,앰플
persona_5,233,0.6124014258384705,라보에이치,두피강화 클리닉 헤어라인 앰플 탈모증상완화 15ml,스킨케어,앰플
persona_5,234,0.6102067232131958,라보에이치,탈모증상완화 샴푸 두피강화 블랑쉬앤우디/페어앤프리지아 400ml,기타,미분류
persona_5,235,0.6100627183914185,라보에이치,댄드러프클리닉 샴푸 탈모증상완화 400ml,기타,미분류
persona_5,236,0.6036685705184937,라보에이치,두피강화클리닉 쿨링&노세범 샴푸 400ml,기타,미분류
persona_5,237,0.6036261320114136,라보에이치,두피강화클리닉 쿨링&노세범 샴푸 리필팩 400ml,스킨케어,마스크팩
persona_5,238,0.6092154383659363,라보에이치,탈모증상완화 샴푸 민감더마 400ml,기타,미분류
persona_5,239,0.6142249703407288,라보에이치,댄드러프클리닉 워터스케일러 탈모증상완화 250ml,기타,미분류
persona_5,240,0.608798086643219,라보에이치,두피강화클리닉 샴푸 탈모증상완화 종이리필 400ml,기타,미분류
persona_5,241,0.6217174530029297,라보에이치,댄드러프클리닉 샴푸 탈모증상완화 리필팩 400ml,스킨케어,마스크팩
persona_5,242,0.5925033688545227,라보에이치,두피강화클리닉 스케일러 탈모증상완화 208g,건기식,기능성식품
persona_5,243,0.6527635455131531,라보에이치,두피강화클리닉 샴푸 탈모증상완화 리필팩,스킨케어,마스크팩
persona_5,244,0.6527978777885437,라보에이치,두피강화 클리닉 샴푸 탈모증상완화,기타,미분류
persona_5,245,0.647727906703949,라보에이치,댄드러프클리닉 샴푸 탈모증상완화,기타,미분류
persona_5,246,0.6405418515205383,라보에이치,두피강화클리닉 쿨링&노세범 샴푸,기타,미분류
persona_5,247,0.6533119082450867,라보에이치,탈모증상완화 샴푸 두피강화 블랑쉬앤우디,기타,미분류
persona_5,248,0.6531800627708435,라보에이치,두피강화 클리닉 앰플 토닉 탈모증상완화,스킨케어,앰플
persona_5,249,0.6531707048416138,라보에이치,두피강화 클리닉 헤어라인 앰플 탈모증상완화,스킨케어,앰플
persona_5,250,0.6520718336105347,라보에이치,두피강화 클리닉 캡슐 탈모증상완화 트리트먼트,건기식,기능성식품
persona_5,251,0.6533119082450867,라보에이치,탈모증상완화 샴푸 두피강화 페어앤프리지아,기타,미분류
persona_5,252,0.6525805592536926,라보에이치,두피강화 클리닉 샴푸 탈모증상완화,기타,미분류
persona_5,253,0.6414523124694824,롱테이크,솔리드 퍼퓸 디스커버리 3종 키트,기타,미분류
persona_5,254,0.6145293116569519,롱테이크,NEW 헤어 오일  40ml,기타,미분류
persona_5,255,0.6362102031707764,롱테이크,샴푸  300ml,기타,미분류
persona_5,256,0.6514148712158203,롱테이크,샌달우드 인텐시브 3종 트라이얼 키트,기타,미분류
persona_5,257,0.636756956577301,롱테이크,핸드크림  50ml,스킨케어,크림
persona_5,258,0.624647319316864,롱테이크,바디로션  200ml,바디,바디케어
persona_5,259,0.6362102031707764,롱테이크,바디워시  300ml,바디,바디케어
persona_5,260,0.6315968632698059,롱테이크,NEW 솔리드 퍼퓸  30ml,기타,미분류
persona_5,261,0.6228200197219849,롱테이크,NEW 트리트먼트  200ml,기타,미분류
persona_5,262,0.6138482093811035,롱테이크,코어본딩 헤어마스크  200ml,스킨케어,마스크팩
persona_5,263,0.6511580944061279,롱테이크,샌달우드 오드퍼퓸 SET,기타,미분류
persona_5,264,0.6373392343521118,롱테이크,샌달우드 샴푸&헤어오일 SET,기타,미분류
persona_5,265,0.6517834663391113,롱테이크,블랙티앤피그 소프트닝 헤어 오일,기타,미분류
persona_5,266,0.6517834663391113,롱테이크,샌달우드 인텐시브 헤어 오일,기타,미분류
persona_5,267,0.6533252596855164,롱테이크,블랙티앤피그 소프트닝 바디워시+바디로션,바디,바디케어
persona_5,268,0.6533252596855164,롱테이크,샌달우드 인텐시브 바디워시+바디로션,바디,바디케어
persona_5,269,0.6533252596855164,롱테이크,블랙티앤피그 소프트닝 샴푸+트리트먼트,기타,미분류
persona_5,270,0.6533252596855164,롱테이크,샌달우드 인텐시브 샴푸+트리트먼트,기타,미분류
persona_5,271,0.6209833025932312,롱테이크,오드 퍼퓸  20ml,기타,미분류
persona_5,272,0.6439324617385864,에스쁘아,비벨벳 커버쿠션 기획세트 SPF42/PA++,선케어,선크림
persona_5,273,0.6144817471504211,에스쁘아,노웨어 립스틱 바밍글로우 3g,메이크업,립스틱
persona_5,274,0.6400089263916016,에스쁘아,더 브로우 밸런스 펜슬 0.1g,메이크업,아이브로우
persona_5,275,0.6164068579673767,에스쁘아,꾸뛰르 립 틴트 글레이즈 4g,메이크업,립틴트
persona_5,276,0.6614714860916138,에스쁘아,비글로우 볼륨쿠션 에어 퍼프 1ea,기타,미분류
persona_5,277,0.641891598701477,에스쁘아,리얼 아이 애교살 스틱,기타,미분류
persona_5,278,0.6233810782432556,에스쁘아,비글로우 파운데이션 SPF27/PA++ 30g,선케어,선크림
persona_5,279,0.6357946395874023,에스쁘아,아이 오프닝 펜슬 0.3g,메이크업,아이라이너
persona_5,280,0.5899800658226013,에스쁘아,스트로빙 하이라이터 8g,건기식,기능성식품
persona_5,281,0.6160909533500671,에스쁘아,꾸뛰르 립 틴트 피팅 블러 4g,메이크업,립틴트
persona_5,282,0.6395583748817444,에스쁘아,노웨어 립스틱 볼륨 매트,메이크업,립스틱
persona_5,283,0.6439324617385864,에스쁘아,프로테일러 비내추럴 쿠션 SPF50+/PA++++,선케어,선크림
persona_5,284,0.6265010833740234,에스쁘아,더브로우 컬러 픽싱 카라 3g,메이크업,아이브로우
persona_5,285,0.6356410980224609,에스쁘아,워터 스플래쉬 선크림 세라마이드 기획세트 SPF50+/PA++++,선케어,선크림
persona_5,286,0.6439324617385864,에스쁘아,비글로우 볼륨 쿠션 SPF42/PA+++,선케어,선크림
persona_5,287,0.6144817471504211,에스쁘아,베어 글로우 립밤 3g,스킨케어,크림
persona_5,288,0.6410804390907288,에스쁘아,스키니 픽스 블렌더,기타,미분류
persona_5,289,0.6395583748817444,에스쁘아,노웨어 립스틱 바밍 글로우,메이크업,립스틱
persona_5,290,0.6356497406959534,에스쁘아,블러리 치크,기타,미분류
persona_5,291,0.6400847434997559,에스쁘아,비벨벳 파운데이션 SPF22/PA++,선케어,선크림
persona_5,292,0.6408082842826843,에스쁘아,더브로우 이지쉐이핑 펜슬,메이크업,아이브로우
persona_5,293,0.6502362489700317,에스쁘아,플럼피즈 오버립 펜슬,메이크업,아이라이너
persona_5,294,0.6439324617385864,에스쁘아,비벨벳 커버 쿠션 SPF42/PA++,선케어,선크림
persona_5,295,0.5943679213523865,에스쁘아,비글로우 스틱 파운데이션 SPF50+/PA++++ 11g,선케어,선크림
persona_5,296,0.6158721446990967,에스쁘아,노머징 마스카라 워터프루프 XP 9g,메이크업,마스카라
persona_5,297,0.6401216387748718,에스쁘아,갤럭시 에디션,기타,미분류
persona_5,298,0.6350421905517578,에스쁘아,워터스플래쉬 선크림  SPF50+/PA++++,선케어,선크림
persona_5,299,0.6406285166740417,에스쁘아,비글로우 볼륨 쿠션 글리밍 캘리 3종 기획세트 SPF42/PA+++,선케어,선크림
persona_5,300,0.6292238235473633,에스쁘아,노머징 브러쉬 라이너 1g,메이크업,아이라이너
persona_5,301,0.6356497406959534,에스쁘아,디즈니 에디션,기타,미분류
persona_5,302,0.6356410980224609,에스쁘아,워터 스플래쉬 프레쉬 시카 선크림 SPF50+/PA++++,선케어,선크림
persona_5,303,0.6479469537734985,에스쁘아,트루 글로우 파운데이션 브러쉬 1ea,기타,미분류
persona_5,304,0.6142846345901489,에스쁘아,비글로우 스틱 쉐딩 9g,건기식,기능성식품
persona_5,305,0.6000509858131409,에스쁘아,비글로우 볼륨 쿠션 SPF42/PA+++ 13g,선케어,선크림
persona_5,306,0.6356497406959534,에스쁘아,플럼피즈 립글로스,기타,미분류
persona_5,307,0.6474306583404541,에스쁘아,파워컬링레드뷰러,기타,미분류
persona_5,308,0.6435542106628418,에스쁘아,톤페어링 컨투어 팔레트,기타,미분류
persona_5,309,0.6307290196418762,에스쁘아,워터 스플래쉬 선크림 톤업 래스팅 SPF50+/PA++++ 50ml,선케어,선크림
persona_5,310,0.5995666980743408,에스쁘아,톤페어링 리퀴드 치크 8ml,기타,미분류
persona_5,311,0.5993984937667847,에스쁘아,비벨벳 커버 쿠션 13g,건기식,기능성식품
persona_5,312,0.6101426482200623,에스쁘아,이지 블렌딩 컨실러 10g,건기식,기능성식품
persona_5,313,0.6435178518295288,에스쁘아,비글로우 스틱 래디언스,기타,미분류
persona_5,314,0.6182127594947815,에스쁘아,톤페어링 치크 9.6g,건기식,기능성식품
persona_5,315,0.6396823525428772,에스쁘아,비벨벳 커버쿠션 기획세트 SPF42/PA++,선케어,선크림
persona_5,316,0.6510658860206604,에스쁘아,플럼피즈 에디션,기타,미분류
persona_5,317,0.6088274121284485,에스쁘아,듀라이크 젤로 글로우라이저 40ml,기타,미분류
persona_5,318,0.6332204341888428,에스쁘아,프레쉬 세팅 픽서 100ml,메이크업,마스카라
persona_5,319,0.6364160180091858,에스쁘아,워터 스플래쉬 선 세럼 SPF50+/PA+++ 50ml,선케어,선크림
persona_5,320,0.6503629684448242,에스쁘아,듀얼 스머징 립 브러쉬,기타,미분류
persona_5,321,0.6220958232879639,에스쁘아,톤페어링 하이라이터 9.6g,건기식,기능성식품
persona_5,322,0.6150953769683838,에스쁘아,프레쉬 세팅 파우더 9g,건기식,기능성식품
persona_5,323,0.6469420790672302,에스쁘아,비벨벳 피팅 스펀지 1ea,기타,미분류
persona_5,324,0.5872936248779297,에스쁘아,프로테일러 비글로우 쉬어 파우더 8g,건기식,기능성식품
persona_5,325,0.5997950434684753,에스쁘아,비벨벳 세범컷 쿨링 쿠션 15.8g,건기식,기능성식품
persona_5,326,0.600836992263794,에스쁘아,프로테일러 비내추럴 쿠션 SPF50+/PA++++ 14g,선케어,선크림
persona_5,327,0.6417988538742065,에스쁘아,듀라이크 젤로 톤업 쿠션 SPF50+/PA+++,선케어,선크림
persona_5,328,0.626595139503479,에스쁘아,더브로우 컬러 픽싱 카라 쿨그레이 3g,메이크업,아이브로우
persona_5,329,0.6435944437980652,에스쁘아,리얼 아이 팔레트,기타,미분류
persona_5,330,0.6345941424369812,에스쁘아,플럼피즈 볼륨 밤,기타,미분류
persona_5,331,0.6238496899604797,에스쁘아,꾸뛰르 립 틴트 글레이즈 5.5g,메이크업,립틴트
persona_5,332,0.6157141327857971,에스쁘아,꾸뛰르 립 틴트  4g,메이크업,립틴트
persona_5,333,0.6351307034492493,에스쁘아,워터스플래쉬 선크림 톤업 래스팅 SPF50+/PA++++,선케어,선크림
persona_5,334,0.6246203780174255,에스쁘아,워터 스플래쉬 선크림 세라마이드 SPF50+/PA++++ 60ml,선케어,선크림
persona_5,335,0.6503629684448242,에스쁘아,비글로우 볼륨쿠션 에어 퍼프,기타,미분류
persona_5,336,0.6438156366348267,에스쁘아,비글로우 볼륨 쿠션 23호 베이지 SPF42/PA+++,선케어,선크림
persona_5,337,0.6438156366348267,에스쁘아,비글로우 볼륨 쿠션 22호 페탈 SPF42/PA+++,선케어,선크림
persona_5,338,0.6438156366348267,에스쁘아,비글로우 볼륨 쿠션 21호 아이보리 SPF42/PA+++,선케어,선크림
persona_5,339,0.6438156366348267,에스쁘아,비글로우 볼륨 쿠션 20호 바닐라 SPF42/PA+++,선케어,선크림
persona_5,340,0.6438156366348267,에스쁘아,비글로우 볼륨 쿠션 13호 포슬린 SPF42/PA+++,선케어,선크림
persona_5,341,0.641090989112854,에스쁘아,비글로우 볼륨쿠션 에어 퍼프,기타,미분류
persona_5,342,0.6458023190498352,에스쁘아,허쉬드 체리 에디션,기타,미분류
persona_5,343,0.6446359753608704,에스쁘아,수퍼 소프트 페이스 브러쉬 1EA,기타,미분류
persona_5,344,0.633842945098877,아모레성수,01 아이브로우 브러쉬,메이크업,아이브로우
persona_5,345,0.6244072318077087,아모레성수,12 블러셔 브러쉬,기타,미분류
persona_5,346,0.620516836643219,아모레성수,아모레 성수 토너 210ml,기타,미분류
persona_5,347,0.6023707985877991,아모레성수,15 립 브러쉬,기타,미분류
persona_5,348,0.6134127974510193,아모레성수,14 컨투어링 브러쉬,기타,미분류
persona_5,349,0.6136115193367004,아모레성수,11 하이라이트 브러쉬,기타,미분류
persona_5,350,0.6168054938316345,아모레성수,03 언더섀도우 브러쉬,메이크업,아이섀도우
persona_5,351,0.6189338564872742,아모레성수,10 파운데이션 브러쉬,기타,미분류
persona_5,352,0.622302770614624,아모레성수,09 컨실러 브러쉬,기타,미분류
persona_5,353,0.6218059062957764,아모레성수,07 아이섀도우 브러쉬,메이크업,아이섀도우
persona_5,354,0.6366168856620789,아모레성수,,기타,미분류
persona_5,355,0.6025654673576355,아모레성수,13 파우더 브러쉬,기타,미분류
persona_5,356,0.6095224022865295,아모레성수,08 아이섀도우 블렌딩 브러쉬,메이크업,아이섀도우
persona_5,357,0.6333735585212708,아모레성수,06 아이섀도우 브러쉬,메이크업,아이섀도우
persona_5,358,0.628615140914917,아모레성수,05 아이섀도우 브러쉬,메이크업,아이섀도우
persona_5,359,0.6142699122428894,아모레성수,02 아이섀도우 홀 브러쉬,메이크업,아이섀도우
persona_5,360,0.608156681060791,미쟝센,올뉴 쉽고 빠른 거품 염색 80g,건기식,기능성식품
persona_5,361,0.6143433451652527,미쟝센,퍼펙트 세럼 80ml,스킨케어,세럼
persona_5,362,0.6107777953147888,미쟝센,파워 스윙 왁스 9 80g,건기식,기능성식품
persona_5,363,0.6163415312767029,미쟝센,NEW 헬로크림 더블커버  120g,스킨케어,크림
persona_5,364,0.6028948426246643,미쟝센,헤어앤스칼프 부스터 샴푸 800g,건기식,기능성식품
persona_5,365,0.6358721256256104,미쟝센,살롱10 단백질 에센스 팩  990ml,스킨케어,마스크팩
persona_5,366,0.6314209699630737,미쟝센,컬링 에센스 2X 내추럴/볼륨 150ml,스킨케어,에센스
persona_5,367,0.6214618682861328,미쟝센,퍼펙트 오리지널 세럼 샴푸 680ml,스킨케어,세럼
persona_5,368,0.635412871837616,미쟝센,살롱10 단백질 샴푸  990ml,기타,미분류
persona_5,369,0.6251736879348755,미쟝센,퍼펙트 베이스업 에센스 200ml,스킨케어,에센스
persona_5,370,0.6203083395957947,미쟝센,펄샤이닝 리페어 샴푸/트리트먼트 1000ml,기타,미분류
persona_5,371,0.6301354765892029,미쟝센,스타일케어 헤어스프레이 300ml,기타,미분류
persona_5,372,0.616868793964386,미쟝센,퍼펙트 세럼 홈 케어 트리트먼트 900ml,스킨케어,세럼
persona_5,373,0.6195082068443298,미쟝센,살롱10 프로페셔널 시카 프로틴 트리트먼트 215ml,기타,미분류
persona_5,374,0.6361563205718994,미쟝센,퍼펙트 엉킴제로 노워시 트리트먼트 150ml,기타,미분류
persona_5,375,0.6452375054359436,미쟝센,올뉴 샤이닝에센스 100g,스킨케어,에센스
persona_5,376,0.6214618682861328,미쟝센,퍼펙트 오리지널 세럼 컨디셔너 680ml,스킨케어,세럼
persona_5,377,0.6186471581459045,미쟝센,살롱10 프로페셔널 시카 프로틴 샴푸 480ml,기타,미분류
persona_5,378,0.6445029377937317,미쟝센,NEW 헬로버블 100g,건기식,기능성식품
persona_5,379,0.6216066479682922,미쟝센,퍼펙트 매직 스트레이트 세럼 샴푸 530ml,스킨케어,세럼
persona_5,380,0.6104803681373596,미쟝센,퍼펙트 매직 스트레이트 세럼 80ml,스킨케어,세럼
persona_5,381,0.6518328785896301,미쟝센,볼륨케어 퍼플 콜라겐 샴푸,기타,미분류
persona_5,382,0.6518328785896301,미쟝센,스칼프케어 그린 시카 샴푸,기타,미분류
persona_5,383,0.6164812445640564,미쟝센,올뉴 쉽고 빠른 크림염색 80g,스킨케어,크림
persona_5,384,0.6519033312797546,미쟝센,퍼펙트 세럼 트리트먼트,스킨케어,세럼
persona_5,385,0.6203641295433044,미쟝센,퍼펙트 매직 스트레이트 세럼 트리트먼트 230ml,스킨케어,세럼
persona_5,386,0.6227239370346069,미쟝센,데미지케어 레드 프로틴 컨디셔너 680ml,기타,미분류
persona_5,387,0.6214618682861328,미쟝센,퍼펙트 슈퍼리치 세럼 컨디셔너 680ml,스킨케어,세럼
persona_5,388,0.6214618682861328,미쟝센,퍼펙트 슈퍼리치 세럼 샴푸 680ml,스킨케어,세럼
persona_5,389,0.6187112927436829,미쟝센,데미지케어 레드 프로틴 헤어크림에센스 140ml,스킨케어,에센스
persona_5,390,0.6329352259635925,미쟝센,데미지케어 레드 프로틴 샴푸,기타,미분류
persona_5,391,0.6275243759155273,미쟝센,이너플렉스 모발강화제 145g,건기식,기능성식품
persona_5,392,0.6357872486114502,미쟝센,헤어앤스칼프 너리싱 부스터 트리트먼트 300g,건기식,기능성식품
persona_5,393,0.6503836512565613,미쟝센,볼륨케어 퍼플 콜라겐 트리트먼트,기타,미분류
persona_5,394,0.6503836512565613,미쟝센,데미지케어 레드 프로틴 트리트먼트,기타,미분류
persona_5,395,0.6530123353004456,미쟝센,이너플렉스 모발강화 샴푸/트리트먼트,기타,미분류
persona_5,396,0.6175902485847473,미쟝센,퍼펙트 노 워시 워터 트리트먼트 215ml,기타,미분류
persona_5,397,0.6207134127616882,미쟝센,살롱10 단백질 트리트먼트 250ml,기타,미분류
persona_5,398,0.6222505569458008,미쟝센,쿨링케어 블루멘톨 샴푸 680ml,기타,미분류
persona_5,399,0.6237657070159912,미쟝센,컬링 매트 볼륨 헤어픽서 200ml,메이크업,마스카라
persona_5,400,0.6206507086753845,미쟝센,헬로버블 퍼퓸보색 핑크 샴푸 400ml,기타,미분류
persona_5,401,0.6453530788421631,미쟝센,NEW 헬로블리치 프라이머 버블 100g,건기식,기능성식품
persona_5,402,0.6214618682861328,미쟝센,퍼펙트 스타일링 세럼 컨디셔너 680ml,스킨케어,세럼
persona_5,403,0.6222538948059082,미쟝센,NEW 헬로크림 125g,스킨케어,크림
persona_5,404,0.6016890406608582,미쟝센,헬로 젤리팡팡 8g,건기식,기능성식품
persona_5,405,0.6466634273529053,미쟝센,살롱10 단백질 트리트먼트,기타,미분류
persona_5,406,0.6439115405082703,미쟝센,살롱10 시카 프로틴 샴푸,기타,미분류
persona_5,407,0.6521795988082886,미쟝센,퍼펙트 세럼 트리트먼트,스킨케어,세럼
persona_5,408,0.6528885364532471,미쟝센,퍼펙트 베이스업 헤어 에센스,스킨케어,에센스
persona_5,409,0.6433565616607666,미쟝센,컬링 에센스 2X 내추럴,스킨케어,에센스
persona_5,410,0.6433565616607666,미쟝센,컬링 에센스 2X 볼륨,스킨케어,에센스
persona_5,411,0.6537472605705261,미쟝센,퍼펙트 세럼 홈 케어 트리트먼트,스킨케어,세럼
persona_5,412,0.6286976933479309,미쟝센,퍼펙트 아르간 캡슐 리페어 헤어 마스크 180g,스킨케어,마스크팩
persona_5,413,0.6536785960197449,미쟝센,퍼펙트 매직 스트레이트 세럼 샴푸,스킨케어,세럼
persona_5,414,0.6516769528388977,미쟝센,퍼펙트 매직 스트레이트 세럼,스킨케어,세럼
persona_5,415,0.6536785960197449,미쟝센,퍼펙트 매직 스트레이트 세럼 트리트먼트,스킨케어,세럼
persona_5,416,0.6503942012786865,미쟝센,살롱10 프로페셔널 시카 프로틴 트리트먼트,기타,미분류
persona_5,417,0.6534157991409302,미쟝센,컬링 매트 볼륨 헤어픽서,메이크업,마스카라
persona_5,418,0.6214618682861328,미쟝센,퍼펙트 스타일링 세럼 샴푸 680ml,스킨케어,세럼
persona_5,419,0.6139529347419739,아모레퍼시픽,트리트먼트 엔자임 클렌징 폼 120g,건기식,기능성식품
persona_5,420,0.6323193311691284,아모레퍼시픽,모이스춰 플럼핑 넥타 크림 50ml,스킨케어,크림
persona_5,421,0.6142234802246094,아모레퍼시픽,타임 레스폰스 스킨 리뉴얼 미스트 200ml,기타,미분류
persona_5,422,0.6191605925559998,아모레퍼시픽,타임 레스폰스 스킨 리저브 플루이드 160ml,기타,미분류
persona_5,423,0.637481689453125,아모레퍼시픽,,스킨케어,미분류
persona_5,424,0.6132628917694092,아모레퍼시픽,보태니컬 수딩 토너 200ml,기타,미분류
persona_5,425,0.6154268383979797,아모레퍼시픽,타임 레스폰스 스킨 리저브 토너 200ml,기타,미분류
persona_5,426,0.6489500403404236,아모레베이직,듀얼 코튼 면봉 150매,기타,미분류
persona_5,427,0.6424188017845154,아모레베이직,프리티 눈썹칼 2입,기타,미분류
persona_5,428,0.6544488668441772,아모레베이직,순면 5겹 화장솜 50매 / 120매,기타,미분류
persona_5,429,0.6430841684341431,아모레베이직,그린티 오일 컨트롤 페이퍼 70매,기타,미분류
persona_5,430,0.6185370087623596,아모레베이직,토너 아껴주는 1/2 스킨팩 화장솜 400매,스킨케어,마스크팩
persona_5,431,0.6415846347808838,아모레베이직,물광 메이크업 씨앗 스펀지 2ea,기타,미분류
persona_5,432,0.6402190923690796,아모레베이직,애프터 마스카라 히팅 속눈썹 고데기,메이크업,마스카라
persona_5,433,0.6456366777420044,아모레베이직,소프트 엠보싱 원형 화장솜 100매,기타,미분류
persona_5,434,0.639596700668335,아모레베이직,컴팩트 아이래쉬 컬러,스킨케어,마스크팩
persona_5,435,0.6453678607940674,아모레베이직,아모레베이직 X 벤자민무어 더 에센셜 배쓰밤 2입세트,스킨케어,크림
persona_5,436,0.6458529233932495,아모레베이직,아모레베이직 X 벤자민무어 더 에센셜 세라믹 바디 괄사,바디,바디케어
persona_5,437,0.6350493431091309,아모레베이직,프로페셔널 아티스트 브러쉬 8종 키트,기타,미분류
persona_5,438,0.6510184407234192,아모레베이직,아모레베이직 미피 솔리드 퍼퓸 2종+실리콘키링,기타,미분류
persona_5,439,0.6572344303131104,아모레베이직,데일리 메이크업 조각 스펀지 20ea / 60ea,기타,미분류
persona_5,440,0.6435693502426147,한율,자연을 닮은 립밤,기타,미분류
persona_5,441,0.6258487105369568,한율,흰감국 광채 선크림 SPF50+/PA++++ 70ml,선케어,선크림
persona_5,442,0.6406562328338623,한율,부들밤 말끔피지 모공팩 기획세트,스킨케어,마스크팩
persona_5,443,0.6288690567016602,한율,어린쑥 수분진정 토너 150ml,기타,미분류
persona_5,444,0.6460949778556824,한율,랩핑 마스크 기획세트 4매,스킨케어,마스크팩
persona_5,445,0.623993992805481,한율,어린쑥 수분진정 플루이드 125ml,기타,미분류
persona_5,446,0.6324516534805298,한율,자연을 닮은 핸드크림 50ml,스킨케어,크림
persona_5,447,0.644698977470398,한율,빨간쌀 보습탄력 2종 세트,기타,미분류
persona_5,448,0.6402190923690796,한율,어린쑥 매끈결 클렌징 오일 기획세트,기타,미분류
persona_5,449,0.6406562328338623,한율,부들밤 깔끔각질 모공팩 기획세트,스킨케어,마스크팩
persona_5,450,0.6500032544136047,한율,달빛유자 패드 60매,기타,미분류
persona_5,451,0.6186772584915161,한율,백화고 클렌징 마사지 크림 200ml,스킨케어,크림
persona_5,452,0.6509253978729248,한율,어린쑥 속수분 쑥히알 패드 기획세트,기타,미분류
persona_5,453,0.6235691905021667,한율,송담 탄력 에멀젼 125ml,기타,미분류
persona_5,454,0.6279340386390686,한율,송담 탄력 스킨 150ml,기타,미분류
persona_5,455,0.6335917711257935,한율,빨간쌀 보습탄력 크림 55ml,스킨케어,크림
persona_5,456,0.6509253978729248,한율,보들은행잎 모공탄탄 펩타이드 패드 60매,기타,미분류
persona_5,457,0.6363275051116943,한율,어린쑥 수분진정 선크림 SPF50+/PA++++ 50ml,선케어,선크림
persona_5,458,0.6415291428565979,한율,극진 2종 기획 세트,기타,미분류
persona_5,459,0.6402587890625,한율,어린쑥 속수분 쑥히알 크림 기획세트,스킨케어,크림
persona_5,460,0.6372600197792053,한율,백화고 기미탄력 아이크림 25ml,스킨케어,크림
persona_5,461,0.6430238485336304,한율,빨간쌀 보습탄력 에센스 크림 2종세트,스킨케어,에센스
persona_5,462,0.6319928765296936,한율,빨간쌀 보습탄력 에센스 150ml,스킨케어,에센스
persona_5,463,0.6425278186798096,한율,어린쑥 수분진정 2종 세트,건기식,기능성식품
persona_5,464,0.610548734664917,한율,백화고 기미탄력 비비 크림 SPF40/PA++ 40ml,선케어,선크림
persona_5,465,0.6213231682777405,한율,빨간쌀 보습탄력 에멀젼 125ml,기타,미분류
persona_5,466,0.6384185552597046,한율,달빛유자 수면팩 100ml,스킨케어,마스크팩
persona_5,467,0.6312050819396973,한율,보들은행잎 모공핏 세럼 기획세트,스킨케어,세럼
persona_5,468,0.6469180583953857,한율,보들은행잎 모공핏 마스크 기획세트 4매,스킨케어,마스크팩
persona_5,469,0.623138964176178,한율,어린쑥 수분진정크림 리필 캡슐 30ml *2,스킨케어,크림
persona_5,470,0.6219436526298523,한율,백화고 기미탄력 크림 기획세트 60ml,스킨케어,크림
persona_5,471,0.626115620136261,한율,달빛유자C 세럼 30ml,스킨케어,세럼
persona_5,472,0.6224416494369507,한율,극진 스킨 125ml,기타,미분류
persona_5,473,0.6385536789894104,한율,어린쑥 속수분 쑥히알 세럼 기획세트,스킨케어,세럼
persona_5,474,0.6500867605209351,한율,백화고 기미탄력 듀얼샷 앰플 기획세트,스킨케어,앰플
persona_5,475,0.6412659287452698,한율,어린쑥 클렌징 팩밤 기획세트,스킨케어,마스크팩
persona_5,476,0.646245002746582,한율,극진 크림 대용량 단품 기획세트,스킨케어,크림
persona_5,477,0.6316620707511902,한율,극진 에센스 기획세트 60ml,스킨케어,에센스
persona_5,478,0.6310392022132874,한율,극진 아이크림 기획세트 30ml,스킨케어,크림
persona_5,479,0.6127201914787292,한율,극진 크림 클렌징폼 200ml,스킨케어,크림
persona_5,480,0.6023142337799072,한율,달빛유자 수면팩 리필세트 40ml*2,스킨케어,마스크팩
persona_5,481,0.631023645401001,한율,달빛유자C 세럼 50ml,스킨케어,세럼
persona_5,482,0.6205915212631226,한율,빨간쌀 보습탄력 크림 리필세트 30ml *2,스킨케어,크림
persona_5,483,0.6179235577583313,한율,극진 에멀젼 125ml,기타,미분류
persona_5,484,0.6390687823295593,한율,극진 크림 세트 50ml,스킨케어,크림
persona_5,485,0.6416282057762146,한율,송담 탄력 2종 기획세트,기타,미분류
persona_5,486,0.6176934838294983,한율,어린쑥 트러블 미스트 120ml,기타,미분류
persona_5,487,0.6364415884017944,한율,달빛유자 수면팩 기획세트,스킨케어,마스크팩
persona_5,488,0.6502188444137573,한율,어린쑥 수분진정 패드 기획세트,건기식,기능성식품
persona_5,489,0.65218585729599,한율,어린쑥 클렌징 흡착 팩폼 기획세트,스킨케어,마스크팩
persona_5,490,0.6366954445838928,한율,어린쑥 수분진정 크림 기획세트,스킨케어,크림
persona_5,491,0.6419736742973328,한율,달빛유자 클렌징 필링 젤밤 기획세트,스킨케어,크림
persona_5,492,0.65218585729599,한율,달빛유자 클렌징 톤업 팩폼 기획세트,스킨케어,마스크팩
persona_5,493,0.6350493431091309,한율,흰감국 광채 선크림 듀오 구성,선케어,선크림
persona_5,494,0.6502188444137573,한율,부들밤 모공수축 패드 기획세트,스킨케어,크림
persona_5,495,0.6242495179176331,해피바스,모이스처 퍼퓸 바디워시 760g,바디,바디케어
persona_5,496,0.6119270324707031,해피바스,오리지널 컬렉션 바디워시 910g,바디,바디케어
persona_5,497,0.6099823117256165,해피바스,정말 촉촉/순한 바디밀크 400g,바디,바디케어
persona_5,498,0.6256345510482788,해피바스,PH 4.5 약산성 여성청결제 300ml,기타,미분류
persona_5,499,0.6270471215248108,해피바스,제로퍼센트 저자극 버블핸드워시 500ml,기타,미분류
persona_5,500,0.6255530714988708,해피바스,오리지널 컬렉션 바디로션 500g,바디,바디케어
persona_5,501,0.6365423202514648,해피바스,마이크로 클린 솝베리 버블 클렌징폼 300ml,기타,미분류
persona_5,502,0.6440145373344421,해피바스,오리지널컬렉션 솝라벤더 비누 4입,기타,미분류
persona_5,503,0.6378222107887268,해피바스,오리지널 컬렉션 샤워 젤리 75g,건기식,기능성식품
persona_5,504,0.6271803379058838,해피바스,필쏘굿 풋샴푸 500ml,기타,미분류
persona_5,505,0.622157096862793,해피바스,오리지널 컬렉션 바디오일 250ml,바디,바디케어
persona_5,506,0.6081253886222839,해피바스,주스스무디 옐로우 바디워시 820g,바디,바디케어
persona_5,507,0.6091637015342712,해피바스,리얼가든 바디워시 900g,바디,바디케어
persona_5,508,0.6182841062545776,해피바스,스킨유 이노센트 샤워젤 500g,건기식,기능성식품
persona_5,509,0.607235312461853,해피바스,정말 촉촉/순한 바디워시 900g,바디,바디케어
persona_5,510,0.6224023699760437,해피바스,퍼퓸부티크 오일 바디로션 350g,바디,바디케어
persona_5,511,0.6365423202514648,해피바스,마이크로 클린 딥 버블 클렌징폼 300ml,기타,미분류
persona_5,512,0.6120439171791077,해피바스,딥클린 바디워시 900g,바디,바디케어
persona_5,513,0.6115954518318176,해피바스,크림 인 바디로션 400g,스킨케어,크림
persona_5,514,0.6304759979248047,해피바스,마이크로 클린 딥 클렌징폼 150g,건기식,기능성식품
persona_5,515,0.6303781867027283,해피바스,퍼퓸부티크 오일 바디워시 500ml,바디,바디케어
persona_5,516,0.6119270324707031,해피바스,오리지널 컬렉션 바디워시 910g,바디,바디케어
persona_5,517,0.6306974291801453,해피바스,제로퍼센트 항균 바솝,기타,미분류
persona_5,518,0.6084483861923218,해피바스,블로썸 바디워시 900g,바디,바디케어
persona_5,519,0.6447678208351135,해피바스,오리지널 컬렉션 올리브 비누 4입,기타,미분류
persona_5,520,0.6278849840164185,해피바스,화이트 클레이 모공 클렌징폼 150g,건기식,기능성식품
persona_5,521,0.6077350974082947,해피바스,크림 인 바디워시 900g,스킨케어,크림
persona_5,522,0.6094365119934082,해피바스,스마일 바디워시 900g,바디,바디케어
persona_5,523,0.6116140484809875,해피바스,오리지널 컬렉션 머스크 바디워시 910g,바디,바디케어
persona_5,524,0.6447678208351135,해피바스,오리지널 컬렉션 클린코튼 비누 4입,기타,미분류
persona_5,525,0.6201328039169312,해피바스,유황 소금 보들 바디워시 600g,바디,바디케어
persona_5,526,0.6185985207557678,해피바스,마일드 클렌징폼 200g,건기식,기능성식품
persona_5,527,0.6159276962280273,해피바스,스킨유 이노센트 로션 350g,건기식,기능성식품
persona_5,528,0.6447678208351135,해피바스,오리지널 컬렉션 베이비파우더 비누 4입,기타,미분류
persona_5,529,0.6283024549484253,해피바스,티트리 아크네 클렌징폼 150g,건기식,기능성식품
persona_5,530,0.6256698966026306,해피바스,오리지널 컬렉션 바디로션 500g,바디,바디케어
persona_5,531,0.6184285283088684,해피바스,스킨유 이노센트 딥 머스크 바디오일&괄사 증정 기획 130ml,바디,바디케어
persona_5,532,0.6506205201148987,해피바스,두보레 장미 에센스 비누 4입,스킨케어,에센스
persona_5,533,0.6506205201148987,해피바스,두보레 후리지아 에센스 비누 4입,스킨케어,에센스
persona_5,534,0.6304759979248047,해피바스,마이크로 클린 솝베리 클렌징폼 150g,건기식,기능성식품
persona_5,535,0.6355952024459839,해피바스,스킨유 프래그런스 핸드크림 50ml,스킨케어,크림
persona_5,536,0.6506205201148987,해피바스,두보레 백합 에센스 비누 4입,스킨케어,에센스
persona_5,537,0.6172122955322266,해피바스,히알루론 클렌징 폼 200g,건기식,기능성식품
persona_5,538,0.6447678208351135,해피바스,오리지널 컬렉션 체리블로섬 비누 4입,기타,미분류
persona_5,539,0.6447678208351135,해피바스,오리지널 컬렉션 오리지널 비누 4입,기타,미분류
persona_5,540,0.6314744353294373,해피바스,스킨유 이노센트 딥머스크 앰플 미스트 150ml,스킨케어,앰플
persona_5,541,0.6198667287826538,해피바스,퍼퓸부티크 바디&헤어 미스트 200ml,바디,바디케어
persona_5,542,0.6278849840164185,해피바스,퍼펙트 딥 씨솔트 클렌징폼 150g,건기식,기능성식품
persona_5,543,0.617395281791687,해피바스,스킨유 이노센트 스크럽 450g,건기식,기능성식품
persona_5,544,0.6349929571151733,해피바스,제로퍼센트 저자극 버블핸드워시 + 필쏘굿 풋샴푸,기타,미분류
persona_5,545,0.6097118854522705,해피바스,필쏘굿 시카 진정 수분 선크림 80ml,선케어,선크림
persona_5,546,0.6142532825469971,해피바스,필쏘굿 시카 진정 선 미스트 80ml,기타,미분류
persona_5,547,0.6450297236442566,온호프,쏘 캄 트래블 3종 세트,기타,미분류
persona_5,548,0.6433082818984985,홀리추얼,홀리추얼 래디언스 리설페이싱 필 12매,기타,미분류
persona_5,549,0.6104681491851807,홀리추얼,홀리추얼 코어 리프트 액티베이팅 세럼 140ml,스킨케어,세럼
persona_5,550,0.6412414312362671,홀리추얼,홀리추얼 울트라 너리싱 어드밴스드 크림,스킨케어,크림
persona_5,551,0.6124607920646667,홀리추얼,홀리추얼 엘리멘탈 스무딩 로션 110ml,기타,미분류
persona_5,552,0.613333523273468,홀리추얼,홀리추얼 릴랙스드 풋 트리트먼트 크림 130ml,스킨케어,크림
persona_5,553,0.6192464232444763,홀리추얼,홀리추얼 리디파이닝 클렌징 밀크 200ml,기타,미분류
persona_5,554,0.6271191835403442,홀리추얼,홀리추얼 마이크로 밸런싱 에센스 150ml,스킨케어,에센스
persona_5,555,0.5986753106117249,홀리추얼,홀리추얼 컨센트레이트 시그니처 크림 라이트 80ml,스킨케어,크림
persona_5,556,0.6307263374328613,홀리추얼,홀리추얼 피토 리쥬브네이팅 컨센트레이트 30ml,기타,미분류
persona_5,557,0.6100490093231201,홀리추얼,홀리추얼 울트라 너리싱 어드밴스드 에멀전 120ml,기타,미분류
persona_5,558,0.6407241821289062,홀리추얼,홀리추얼 뉴트리 엘릭서 미스트 홀리데이 기획 세트,기타,미분류
persona_5,559,0.6438401341438293,홀리추얼,홀리추얼  릴랙스드 풋 트리트먼트 크림 듀오 SET,스킨케어,크림
persona_5,560,0.649784505367279,홀리추얼,홀리추얼  리디파이닝 클렌징 밀크 듀오 SET,기타,미분류
persona_5,561,0.6110002994537354,홀리추얼,홀리추얼  코어 리프트 액티베이팅 세럼 기획세트 140ml,스킨케어,세럼
persona_5,562,0.6241585612297058,홀리추얼,홀리추얼 울트라 너리싱 어드밴스드 토너 150ml,기타,미분류
persona_5,563,0.635971188545227,홀리추얼,홀리추얼  뉴트리 엘릭서 바디 프라그랑스 미스트 100ml,바디,바디케어
persona_5,564,0.6420678496360779,홀리추얼,홀리추얼 프로 리프팅 앤 퍼밍 프로그램,기타,미분류
persona_5,565,0.6447469592094421,홀리추얼,홀리추얼 리디파이닝 앰플 4주 프로그램,스킨케어,앰플
persona_5,566,0.6427001953125,홀리추얼,홀리추얼 클린테라피 파우더 마스크,스킨케어,마스크팩
persona_5,567,0.6328829526901245,홀리추얼,홀리추얼 파워 리뉴얼 키트,기타,미분류
persona_5,568,0.6324080228805542,홀리추얼,홀리추얼 울트라 너리싱 어드밴스드 토너 + 에멀전,기타,미분류
persona_5,569,0.5878239274024963,,퍼즐우드 비건 디퓨저 200ml,기타,미분류
persona_5,570,0.6032137274742126,,퍼즐우드 비건 핸드크림 50ml,스킨케어,크림
persona_5,571,0.5722336173057556,,퍼즐우드 비건 인센스 스틱 20g,건기식,기능성식품
persona_5,572,0.6257060766220093,오딧세이,로맨틱 에멀전 130ml,기타,미분류
persona_5,573,0.6260815858840942,오딧세이,로맨틱 스킨 리파이너 130ml,기타,미분류
persona_5,574,0.637005090713501,오딧세이,챕터파이브 생츄어리 2종 세트,기타,미분류
persona_5,575,0.618778645992279,오딧세이,블랙 스킨 리파이너 130ml,기타,미분류
persona_5,576,0.6435178518295288,오딧세이,MMY 콜라보레이션 토트백,기타,미분류
persona_5,577,0.618556559085846,오딧세이,블랙 에멀전 130ml,기타,미분류
persona_5,578,0.6502362489700317,오딧세이,MMY 콜라보레이션 크로스백,기타,미분류
persona_5,579,0.637005090713501,오딧세이,챕터파이브 라이트하우스 2종 세트,기타,미분류
persona_5,580,0.6474710702896118,오딧세이,블랙 스페셜 2종 신년기획세트,기타,미분류
persona_5,581,0.6522268652915955,오딧세이,로맨틱 스페셜 2종 세트 신년기획세트,기타,미분류
persona_5,582,0.6540157794952393,프리메라,NEW 나이아시카 수딩 글로우 워터리 크림30ml,스킨케어,크림
persona_5,583,0.6144154667854309,프리메라,마일드 앤 퍼펙트 클렌징 오일 투 폼 200ml,기타,미분류
persona_5,584,0.6153044104576111,프리메라,NEW 비타티놀 바운시 리프트 세럼 30g*2입,스킨케어,세럼
persona_5,585,0.6177252531051636,프리메라,후리 앤 후리 200ml,기타,미분류
persona_5,586,0.6316543817520142,프리메라,마일드 포어 필링 패드 60매 기획세트,기타,미분류
persona_5,587,0.6343325972557068,프리메라,나이아시카 수딩글로우 워터리 크림 30ml,스킨케어,크림
persona_5,588,0.6126202344894409,프리메라,워터리 에센스 250ml,스킨케어,에센스
persona_5,589,0.6345933079719543,프리메라,알파인 베리 워터리 크림 100ml,스킨케어,크림
persona_5,590,0.6192384958267212,프리메라,비타티놀 세럼 메가샷 마스크 34g 1입,스킨케어,마스크팩
persona_5,591,0.6038103103637695,프리메라,레티놀 볼륨 립 세럼 12g,스킨케어,세럼
persona_5,592,0.6186284422874451,프리메라,마일드 앤 퍼펙트 클렌징 오일 투 폼 300ml,기타,미분류
persona_5,593,0.6198661923408508,프리메라,인리치드 클렌징 티슈 60매 300g,건기식,기능성식품
persona_5,594,0.6027148365974426,프리메라,비타티놀 세럼 메가샷 마스크 34g*5입,스킨케어,마스크팩
persona_5,595,0.6191368699073792,프리메라,오가니언스 BR 소프트 필링 투 폼 클렌저 120ml,기타,미분류
persona_5,596,0.6452504396438599,프리메라,오가니언스 배리어 리페어 2종 기획세트,기타,미분류
persona_5,597,0.6423748731613159,프리메라,비타티놀 인텐스 바운시 리프트 마스크 크림,스킨케어,마스크팩
persona_5,598,0.6155862212181091,프리메라,씨드 앤 스프라우트 에너지마스크로터스기획세트 20ml*30매,스킨케어,마스크팩
persona_5,599,0.6286517977714539,프리메라,마일드 앤 퍼펙트 페이셜 필링 150ml,기타,미분류
persona_5,600,0.6365585923194885,프리메라,알파인베리 워터리 크림 75ml,스킨케어,크림
persona_5,601,0.609592080116272,프리메라,바하 버블 필링 클렌저 200ml,기타,미분류
persona_5,602,0.6259899139404297,프리메라,후리 앤 후리 소프트 폼 150ml,기타,미분류
persona_5,603,0.5969907641410828,프리메라,NEW 인리치드 바디 오일 투 폼 클렌저 390ml,바디,바디케어
persona_5,604,0.6074438095092773,프리메라,NEW 나이아시카 워터리 크림 쿠션 15g,스킨케어,크림
persona_5,605,0.6263704895973206,프리메라,오가니언스 BR 컴포트 아미노 리치 폼 150ml,기타,미분류
persona_5,606,0.6439159512519836,프리메라,맨오가니언스 2종 기획세트,기타,미분류
persona_5,607,0.6271320581436157,프리메라,하이드로 글로우 트리트먼트 에센스 150ml,스킨케어,에센스
persona_5,608,0.6188722848892212,프리메라,오가니언스 베리어 리페어 카밍 에센스 토너 160ml,스킨케어,에센스
persona_5,609,0.628991961479187,프리메라,오가니언스 베리어 리페어 씨드펩타이드 리저브 크림 50ml,스킨케어,크림
persona_5,610,0.6177442669868469,프리메라,레티놀 볼륨 립 세럼 튜브 7g,스킨케어,세럼
persona_5,611,0.6278886198997498,프리메라,오가니언스 베리어 리페어 씨드 펩타이드 리저브 세럼 30ml,스킨케어,세럼
persona_5,612,0.621147632598877,프리메라,오가니언스 베리어 리페어 하이드레이션 크림 에멀젼 160ml,스킨케어,크림
persona_5,613,0.602313220500946,프리메라,리페어링 세라캡슐 UV프로텍터 40ml,기타,미분류
persona_5,614,0.619401752948761,프리메라,더 핸드크림 미스트 20ml,스킨케어,크림
persona_5,615,0.6290171146392822,프리메라,알파인 베리 워터리 크림 50ml,스킨케어,크림
persona_5,616,0.6281811594963074,프리메라,알파인 베리 워터리 크림 150ml,스킨케어,크림
persona_5,617,0.614725649356842,프리메라,NEW 비타티놀 바운시 리프트 세럼 30g 1입,스킨케어,세럼
persona_5,618,0.6217515468597412,프리메라,씨드 앤 스프라우트 에너지 마스크_로터스 5매 20ml,스킨케어,마스크팩
persona_5,619,0.6338462233543396,프리메라,알파인 베리 워터리 수딩 젤크림 100ml,스킨케어,크림
persona_5,620,0.6362766623497009,프리메라,알파인 베리 워터리 수딩젤 크림 75ml,스킨케어,크림
persona_5,621,0.6424543857574463,프리메라,마일드 앤 퍼펙트 포어 필링 패드 60매,기타,미분류
persona_5,622,0.6290171146392822,프리메라,알파인베리 워터리 수딩젤 크림 50ml,스킨케어,크림
persona_5,623,0.6018911004066467,프리메라,리페어링 세라캡슐 UV프로텍터 톤업 프라이밍 40ml,기타,미분류
persona_5,624,0.627644419670105,프리메라,알파인베리 워터리 크림 100ml*2입 + 월리 우프 무드등,스킨케어,크림
persona_5,625,0.6205753684043884,프리메라,비타티놀 바운시 리프트 세럼 30g 4입 + 월리 우프 무드등,스킨케어,세럼
persona_5,626,0.6139786839485168,프리메라,워터리 에센스 250ml 더블 세트,스킨케어,에센스
persona_5,627,0.6151500344276428,프리메라,마일드 앤 퍼펙트 클렌징 오일 투 폼 200ml 더블 기프트 세트,기타,미분류
persona_5,628,0.6258504390716553,프리메라,비타티놀 인텐스 바운시 리프트 마스크 크림 30ml+리필 30ml 더블 세트,스킨케어,마스크팩
persona_5,629,0.6084523797035217,프리메라,비타티놀 세럼 메가샷 마스크세트 34g*5매 X 4개 세트,스킨케어,마스크팩
persona_5,630,0.6168044805526733,프리메라,마일드 앤 퍼펙트 페이셜 필링 250ml,기타,미분류
persona_5,631,0.6273593306541443,프리메라,비타티놀 인텐스 바운시 리프트 마스크 크림 30ml,스킨케어,마스크팩
persona_5,632,0.6434077024459839,프리메라,마일드 앤 퍼펙트 포어 필링 패드 60매*2,기타,미분류
persona_5,633,0.6195604801177979,프리메라,후리 앤 후리 소프트폼 150ml*2,기타,미분류
persona_5,634,0.6145287752151489,프리메라,비타티놀 세럼 메가샷 마스크세트 34g*5매X2개,스킨케어,마스크팩
persona_5,635,0.6149515509605408,프리메라,오가니언스 BR 소프트 필링 투 폼 클렌저 120ml,기타,미분류
persona_5,636,0.6231821179389954,프리메라,마일드 앤 퍼펙트 페이셜 필링 150ml*2,기타,미분류
persona_5,637,0.650391161441803,프리메라,나이아시카 수딩글로우 워터리 크림,스킨케어,크림
persona_5,638,0.6508361101150513,프리메라,나이아시카 수딩글로우 워터리 크림,스킨케어,크림
persona_5,639,0.6080169081687927,프리메라,후리 앤 후리 200ml*2,기타,미분류
persona_5,640,0.5949835777282715,프리메라,마일드 앤 퍼펙트 클렌징 오일 투 폼 200ml + 오가니언스 BR 소프트 필링 투 폼 클렌저 120ml,기타,미분류
persona_5,641,0.6307533383369446,헤라,UV프로텍터 톤업 SPF50+/PA++++ 50ml,선케어,선크림
persona_5,642,0.6387814879417419,헤라,NEW 블랙 쿠션 파운데이션 SPF34/PA++,선케어,선크림
persona_5,643,0.6073189973831177,헤라,NEW 블랙 쿠션 파운데이션 SPF34/PA++ 15g,선케어,선크림
persona_5,644,0.6280577778816223,헤라,센슈얼 누드 글로스 5g,건기식,기능성식품
persona_5,645,0.6203711628913879,헤라,리프레싱 클렌징 폼 160g,건기식,기능성식품
persona_5,646,0.6279473900794983,헤라,실키 스테이 24H 롱웨어 파운데이션 SPF20/PA++ 30g,선케어,선크림
persona_5,647,0.6384098529815674,헤라,블랙 쿠션 파운데이션 퍼프 2ea,기타,미분류
persona_5,648,0.6268617510795593,헤라,센슈얼 누드 밤 3.5g,스킨케어,크림
persona_5,649,0.6250501871109009,헤라,센슈얼 틴티드 샤인스틱 3.5g,건기식,기능성식품
persona_5,650,0.6301245093345642,헤라,NEW 리플렉션 스킨 글로우 파운데이션 SPF15/PA++ 30g,선케어,선크림
persona_5,651,0.6127657890319824,헤라,NEW 리플렉션 스킨 글로우 쿠션 파운데이션 SPF40/PA++ 15g,선케어,선크림
persona_5,652,0.6073795557022095,헤라,NEW 리플렉션 스킨 글로우 쿠션 파운데이션 SPF40/PA++ 15g,선케어,선크림
persona_5,653,0.6307533383369446,헤라,UV프로텍터 멀티디펜스 SPF50+/PA++++ 50ml,선케어,선크림
persona_5,654,0.6337699294090271,헤라,옴므 베이직 스페셜 기획세트 2종,기타,미분류
persona_5,655,0.6433499455451965,헤라,에이지 어웨이 에스테틱 2종 세트,기타,미분류
persona_5,656,0.6256208419799805,헤라,센슈얼 파우더 매트 리퀴드 5g,건기식,기능성식품
persona_5,657,0.6441431641578674,헤라,NEW 옴므 블랙 액티브 세트 2종,기타,미분류
persona_5,658,0.6293969750404358,헤라,루즈 클래시 3.5g,건기식,기능성식품
persona_5,659,0.6061426401138306,헤라,NEW 블랙 쿠션 파운데이션 SPF34/PA++ 15g,선케어,선크림
persona_5,660,0.6289977431297302,헤라,옴므 올인원 스킨 하이드로 트리트먼트 150ml,기타,미분류
persona_5,661,0.6441729068756104,헤라,시그니아 워터 에멀젼 기프트 세트 2종,기타,미분류
persona_5,662,0.6285713911056519,헤라,블러쉬 5.5g,건기식,기능성식품
persona_5,663,0.625774085521698,헤라,UV프로텍터 익스트림포스 레포츠 SPF50+/PA++++ 70ml,선케어,선크림
persona_5,664,0.6308500170707703,헤라,UV프로텍터 멀티디펜스 프레쉬 SPF50+/PA++++ 50ml,선케어,선크림
persona_5,665,0.6425969004631042,헤라,NEW 옴므 블루 에센스 기획 2종 세트,스킨케어,에센스
persona_5,666,0.6386419534683228,헤라,리치 컬링 마스카라,메이크업,마스카라
persona_5,667,0.6435178518295288,헤라,브로우 디자이너 오토펜슬,메이크업,아이브로우
persona_5,668,0.6282234191894531,헤라,NEW 코렉팅 베이스 UV 프로텍터 SPF50+/PA++++ 35ml,선케어,선크림
persona_5,669,0.6206710338592529,헤라,센슈얼 파우더 매트 립스틱 3g,메이크업,립스틱
persona_5,670,0.6502362489700317,헤라,브로우 디자이너 오토펜슬,메이크업,아이브로우
persona_5,671,0.6333438754081726,헤라,에이지 어웨이 에스테틱 BX 아이크림 25ml,스킨케어,크림
persona_5,672,0.6133385300636292,헤라,지일 오 데 퍼퓸 40ml,기타,미분류
persona_5,673,0.6228757500648499,헤라,옴므 에센스 인 스킨 125ml,스킨케어,에센스
persona_5,674,0.6028763651847839,헤라,에이지 어웨이 에스테틱 BX83 리포솜 40ml,기타,미분류
persona_5,675,0.6094945073127747,헤라,NEW 쿼드 아이 컬러 섀도우 9g,메이크업,아이섀도우
persona_5,676,0.6151160001754761,헤라,NEW 에어리 파우더 프라이머 8.5g,건기식,기능성식품
persona_5,677,0.6430109143257141,헤라,파워부스팅 스페셜세트 2종,기타,미분류
persona_5,678,0.5930005311965942,헤라,NEW 립 세럼 11g,스킨케어,세럼
persona_5,679,0.6092509627342224,헤라,옴므 에센스 인 에멀젼 110ml,스킨케어,에센스
persona_5,680,0.6114031076431274,헤라,메이크업픽서 80ml,메이크업,마스카라
persona_5,681,0.6207867860794067,헤라,딥 클렌징 오일 225ml,기타,미분류
persona_5,682,0.6249170303344727,헤라,센슈얼 피팅 글로우틴트 5g,메이크업,립틴트
persona_5,683,0.6213290691375732,헤라,컴피 리바이탈라이징 세럼 미스트 90ml,스킨케어,세럼
persona_5,684,0.6303333640098572,헤라,에이지 어웨이 에스테틱 BX 워터 150ml,기타,미분류
persona_5,685,0.6256210207939148,헤라,에이지 어웨이 에스테틱 BX 크림 50ml,스킨케어,크림
persona_5,686,0.6403359770774841,헤라,이지 스타일링 아이라이너 0.5g,메이크업,아이라이너
persona_5,687,0.6318520307540894,헤라,크리미 커버 컨실러 7.5g,건기식,기능성식품
persona_5,688,0.6366798281669617,헤라,하이드로 리플렉팅 마이크로 크림 50ml,스킨케어,크림
persona_5,689,0.6078327298164368,헤라,소프트 피니시 루스 파우더 15g,건기식,기능성식품
persona_5,690,0.6077590584754944,헤라,에이지 어웨이 에스테틱 BX 에멀젼 120ml,기타,미분류
persona_5,691,0.6388044953346252,헤라,하이드로 리플렉팅 2종 세트,기타,미분류
persona_5,692,0.6135984063148499,헤라,파워부스팅 페이스 트리트먼트 110ml,기타,미분류
persona_5,693,0.6191533803939819,헤라,센슈얼 립앤치크 7g,건기식,기능성식품
persona_5,694,0.6126689314842224,헤라,하이드로 리플렉팅 플루이드 140ml,기타,미분류
persona_5,695,0.6191235184669495,헤라,하이드로 리플렉팅 토너 170ml,기타,미분류
persona_5,696,0.6247603893280029,헤라,시그니아 에센셜 밸런싱 에멀젼 150ml,기타,미분류
persona_5,697,0.6327851414680481,헤라,리쥬브네이트 앰플 크림 50ml,스킨케어,앰플
persona_5,698,0.6435944437980652,헤라,아이 디자이너 펜슬,메이크업,아이라이너
persona_5,699,0.617030143737793,헤라,벨벳 나이트 퍼퓸드 샤워젤 250g,건기식,기능성식품
persona_5,700,0.6143559813499451,헤라,UV 프로텍터 액티브 선 밤 SPF 50+/PA++++ 10g,선케어,선크림
persona_5,701,0.6063708662986755,헤라,NEW 헬씨 글로우 듀이 밤 10g,스킨케어,크림
persona_5,702,0.6325581669807434,헤라,하이드로-듀 플럼핑 앰플 50ml,스킨케어,앰플
persona_5,703,0.6203261613845825,헤라,리치 컬링 워터프루프 마스카라 6g,메이크업,마스카라
persona_5,704,0.6223396062850952,헤라,지일 블루밍 퍼퓸드 바디로션 230ml,바디,바디케어
persona_5,705,0.6262338161468506,헤라,NEW 부스팅 베이스 UV 프로텍터 SPF15 35ml,선케어,선크림
persona_5,706,0.6169207096099854,헤라,메이크업 리무버 125ml,클렌징,리무버
persona_5,707,0.6325581669807434,헤라,하이드로-듀 플럼핑 크림 50ml,스킨케어,크림
persona_5,708,0.6213728189468384,헤라,NEW 리프레싱 토닉 클렌징워터 200ml,기타,미분류
persona_5,709,0.6313771605491638,헤라,NEW 시그니아 일루미네이팅 세럼 30ml,스킨케어,세럼
persona_5,710,0.6261477470397949,헤라,파워부스팅 토너 150ml,기타,미분류
persona_5,711,0.6333438754081726,헤라,NEW 레티놀 3X 리프팅 세럼 25ml,스킨케어,세럼
persona_5,712,0.6129096746444702,헤라,벨벳 나이트 오 데 퍼퓸 40ml,기타,미분류
persona_5,713,0.6085584163665771,헤라,스킨 틴트 컴피 스프레더 SPF50/ PA++++ 15g,선케어,선크림
persona_5,714,0.6133468151092529,헤라,파워부스팅 모이스춰라이저 110ml,기타,미분류
persona_5,715,0.6057064533233643,헤라,옴므 블랙 액티브 어드밴스드 에멀전 110ml,기타,미분류
persona_5,716,0.6181681752204895,헤라,옴므 블랙 액티브 어드밴스드 토너 125ml,기타,미분류
persona_5,717,0.6332385540008545,헤라,하이드로-듀 플럼핑 워터 드롭 50ml,기타,미분류
persona_5,718,0.6099479794502258,헤라,NEW 옴므 블루 에센스 인 에멀전 110ml,스킨케어,에센스
persona_5,719,0.6206477284431458,헤라,NEW 옴므 블루 에센스 인 토너 125ml,스킨케어,에센스
persona_5,720,0.6133385300636292,헤라,페르소프 오 데 퍼퓸 40ml,기타,미분류
persona_5,721,0.6149596571922302,헤라,NEW 블랙 쿠션 파운데이션 00P1 SPF34/PA++ 15g,선케어,선크림
persona_5,722,0.6204269528388977,헤라,UV 프로텍터 톤업 2개 + 월리 뽀모도로 타이머 & 포스트카드,기타,미분류
persona_5,723,0.6301532983779907,헤라,블랙쿠션 23N1 듀오 + 리필 + 월리 우프 무드등,기타,미분류
persona_5,724,0.6301532983779907,헤라,블랙쿠션 21N1 듀오 + 리필 + 월리 우프 무드등,기타,미분류
persona_5,725,0.6436449289321899,헤라,실키스테이 24H 롱웨어 파운데이션 23N1 기획세트,기타,미분류
persona_5,726,0.6436449289321899,헤라,실키스테이 24H 롱웨어 파운데이션 21N1 기획세트,기타,미분류
persona_5,727,0.630526602268219,헤라,글로우쿠션 리필 21N1 + 쿠션 케이스 #1 메탈릭레더,기타,미분류
persona_5,728,0.6196516752243042,헤라,블러쉬 스틱 7.7g,건기식,기능성식품
persona_5,729,0.629458487033844,헤라,NEW 컴피 컨디셔닝 에센스 150g,스킨케어,에센스
persona_5,730,0.6167585849761963,헤라,지일 블루밍 퍼퓸드 샤워 젤 250g,건기식,기능성식품
persona_5,731,0.6213975548744202,헤라,벨벳 나이트 퍼퓸드 바디 로션 230ml,바디,바디케어
persona_5,732,0.629481852054596,비레디,웨이크업 생기 립밤 3g,스킨케어,크림
persona_5,733,0.629481852054596,라네즈,웨이크업 생기 립밤 3g,스킨케어,크림
persona_5,734,0.6076282262802124,비레디,트루톤 로션  40ml,기타,미분류
persona_5,735,0.6076282262802124,라네즈,트루톤 로션  40ml,기타,미분류
persona_5,736,0.6422248482704163,비레디,블루 수분 선크림 1+1 기획세트 SPF50+PA++++,선케어,선크림
persona_5,737,0.6422248482704163,라네즈,블루 수분 선크림 1+1 기획세트 SPF50+PA++++,선케어,선크림
persona_5,738,0.6269375085830688,비레디,블루 파운데이션 SPF27/PA++ 35ml,선케어,선크림
persona_5,739,0.6269375085830688,라네즈,블루 파운데이션 SPF27/PA++ 35ml,선케어,선크림
persona_5,740,0.6125404834747314,비레디,블루쿠션 SPF34/PA++ 15g,선케어,선크림
persona_5,741,0.6125404834747314,라네즈,블루쿠션 SPF34/PA++ 15g,선케어,선크림
persona_5,742,0.641090989112854,비레디,무드업 듀얼 아이섀도우 브러쉬,메이크업,아이섀도우
persona_5,743,0.641090989112854,라네즈,무드업 듀얼 아이섀도우 브러쉬,메이크업,아이섀도우
persona_5,744,0.610204815864563,비레디,블루쿠션 SPF34/PA++ 15g,선케어,선크림
persona_5,745,0.610204815864563,라네즈,블루쿠션 SPF34/PA++ 15g,선케어,선크림
persona_5,746,0.6039932370185852,비레디,시카페인 트러블리셋 세럼 40ml,스킨케어,세럼
persona_5,747,0.6039932370185852,라네즈,시카페인 트러블리셋 세럼 40ml,스킨케어,세럼
persona_5,748,0.6360977292060852,비레디,블루 수분 선크림 SPF50+/PA++++ 50ml,선케어,선크림
persona_5,749,0.6360977292060852,라네즈,블루 수분 선크림 SPF50+/PA++++ 50ml,선케어,선크림
persona_5,750,0.6349838972091675,비레디,프라이드업 아이브로우 0.6G,메이크업,아이브로우
persona_5,751,0.6349838972091675,라네즈,프라이드업 아이브로우 0.6G,메이크업,아이브로우
persona_5,752,0.6204129457473755,비레디,블루 세범 파우더 7g,건기식,기능성식품
persona_5,753,0.6204129457473755,라네즈,블루 세범 파우더 7g,건기식,기능성식품
persona_5,754,0.6154313087463379,비레디,시카페인 트러블리셋 토너 250ml,기타,미분류
persona_5,755,0.6154313087463379,라네즈,시카페인 트러블리셋 토너 250ml,기타,미분류
persona_5,756,0.6210267543792725,비레디,시카페인 트러블리셋 크림 70ml,스킨케어,크림
persona_5,757,0.6210267543792725,라네즈,시카페인 트러블리셋 크림 70ml,스킨케어,크림
persona_5,758,0.6391890645027161,비레디,블루 파운데이션 퍼프,기타,미분류
persona_5,759,0.6391890645027161,라네즈,블루 파운데이션 퍼프,기타,미분류
persona_5,760,0.6360977292060852,비레디,하이드로 스웻프루프 선크림 SPF50+/PA++++ 50ml,선케어,선크림
persona_5,761,0.6360977292060852,라네즈,하이드로 스웻프루프 선크림 SPF50+/PA++++ 50ml,선케어,선크림
persona_5,762,0.605548083782196,비레디,에어리 헤어 페이스트 80g,건기식,기능성식품
persona_5,763,0.605548083782196,라네즈,에어리 헤어 페이스트 80g,건기식,기능성식품
persona_5,764,0.646084189414978,비레디,4.4,기타,미분류
persona_5,765,0.646084189414978,라네즈,4.4,기타,미분류
persona_5,766,0.6300735473632812,비레디,시카페인 트러블리셋 클렌징폼 150g,건기식,기능성식품
persona_5,767,0.6300735473632812,라네즈,시카페인 트러블리셋 클렌징폼 150g,건기식,기능성식품
persona_5,768,0.6219736933708191,비레디,무드업 음영 아이팔레트 7g,건기식,기능성식품
persona_5,769,0.6219736933708191,라네즈,무드업 음영 아이팔레트 7g,건기식,기능성식품
persona_5,770,0.6283997893333435,비레디,생기 립밤 3g,스킨케어,크림
persona_5,771,0.6283997893333435,라네즈,생기 립밤 3g,스킨케어,크림
persona_5,772,0.6283997893333435,비레디,생기 립밤 3g,스킨케어,크림
persona_5,773,0.6283997893333435,라네즈,생기 립밤 3g,스킨케어,크림
persona_5,774,0.6283997893333435,비레디,생기 립밤 3g,스킨케어,크림
persona_5,775,0.6283997893333435,라네즈,생기 립밤 3g,스킨케어,크림
persona_5,776,0.6430915594100952,비레디,블루 파운데이션 3호,기타,미분류
persona_5,777,0.6430915594100952,라네즈,블루 파운데이션 3호,기타,미분류
persona_5,778,0.6430915594100952,비레디,블루 파운데이션 2호,기타,미분류
persona_5,779,0.6430915594100952,라네즈,블루 파운데이션 2호,기타,미분류
persona_5,780,0.6486813426017761,비레디,블루쿠션 3호 제프리,기타,미분류
persona_5,781,0.6486813426017761,라네즈,블루쿠션 3호 제프리,기타,미분류
persona_5,782,0.6486813426017761,비레디,블루쿠션 2호 라이언,기타,미분류
persona_5,783,0.6486813426017761,라네즈,블루쿠션 2호 라이언,기타,미분류
persona_5,784,0.651229202747345,비레디,시카페인 트러블리셋 2종,기타,미분류
persona_5,785,0.651229202747345,라네즈,시카페인 트러블리셋 2종,기타,미분류
persona_5,786,0.6464855670928955,비레디,블루 수분 선크림 SPF50+/PA++++,선케어,선크림
persona_5,787,0.6464855670928955,라네즈,블루 수분 선크림 SPF50+/PA++++,선케어,선크림
persona_5,788,0.6424133777618408,아이오페,슈퍼바이탈 기초 2종 세트,기타,미분류
persona_5,789,0.6282790303230286,아이오페,비타민C 엑스퍼트25% 토닝앰플 23ml,스킨케어,앰플
persona_5,790,0.6453678607940674,아이오페,바이오 컨디셔닝 에센스 하이드로 인핸싱 마스크 5매,스킨케어,마스크팩
persona_5,791,0.6121646761894226,아이오페,맨 올데이 퍼펙트 올인원 120ml,기타,미분류
persona_5,792,0.6265770792961121,아이오페,슈퍼바이탈 크림 세트 50ml,스킨케어,크림
persona_5,793,0.6221941709518433,아이오페,바이오 컨디셔닝 에센스 168ml,스킨케어,에센스
persona_5,794,0.6358857154846191,아이오페,XMD 스템3 스페셜 2종 세트,기타,미분류
persona_5,795,0.6111023426055908,아이오페,맨 프로 레티놀 올인원 기획세트 120ml,기타,미분류
persona_5,796,0.6319366693496704,아이오페,슈퍼바이탈 아이크림 25ml,스킨케어,크림
persona_5,797,0.6040690541267395,아이오페,골든 글로우 페이스 오일 40ml,기타,미분류
persona_5,798,0.6538604497909546,아이오페,레티놀 세럼 인 겔 마스크,스킨케어,마스크팩
persona_5,799,0.6294206380844116,아이오페,XMD 스템3 클리니컬 리커버리 크림 50ml,스킨케어,크림
persona_5,800,0.6367363333702087,아이오페,맨 바이오 안티에이징 2종 세트,기타,미분류
persona_5,801,0.6253000497817993,아이오페,바이오 컨디셔닝 에센스 폼 클렌저 180ml,스킨케어,에센스
persona_5,802,0.6058987975120544,아이오페,에어쿠션 5.5세대 커버 SPF50/PA+++ 15g,선케어,선크림
persona_5,803,0.6307900547981262,아이오페,UV 쉴드 선 프로텍터 SPF50+/PA++++ 50ml,선케어,선크림
persona_5,804,0.6064181327819824,아이오페,에어쿠션 5.5세대 커버 SPF50/PA+++ 15g,선케어,선크림
persona_5,805,0.6184864640235901,아이오페,맨 퍼펙트 올인원 클렌저 125g,건기식,기능성식품
persona_5,806,0.6345763206481934,아이오페,레티놀 엑스퍼트 0.1% 링클 코렉터 기획세트 30ml,기타,미분류
persona_5,807,0.630286455154419,아이오페,XMD 스템3 클리니컬 리커버리 세럼 50ml,스킨케어,세럼
persona_5,808,0.6073921918869019,아이오페,슈퍼바이탈 오일 블렌딩 세럼 40ml,스킨케어,세럼
persona_5,809,0.6391059160232544,아이오페,히아루로닉 크림 100ml,스킨케어,크림
persona_5,810,0.6211150884628296,아이오페,레티놀 엑스퍼트 0.5% 얼티밋 컨센트레이트 15ml,기타,미분류
persona_5,811,0.6295792460441589,아이오페,PDRN 카페인샷 50ml,기타,미분류
persona_5,812,0.6307620406150818,아이오페,PDRN 카페인샷 30ml,기타,미분류
persona_5,813,0.6311665773391724,아이오페,레티놀 엑스퍼트 0.3% 링클 코렉터 20ml,기타,미분류
persona_5,814,0.6307900547981262,아이오페,UV 쉴드 톤업 선 SPF50+/PA++++ 50ml,선케어,선크림
persona_5,815,0.6208171844482422,아이오페,브라이트닝 기미 에센스 45ml,스킨케어,에센스
persona_5,816,0.639763593673706,아이오페,프로 필링 소프트젤 100ml,기타,미분류
persona_5,817,0.628272533416748,아이오페,슈퍼바이탈 소프너 150ml,기타,미분류
persona_5,818,0.6117771863937378,아이오페,맨 올데이 퍼펙트 톤업 올인원 SPF15 120ml,선케어,선크림
persona_5,819,0.6180237531661987,아이오페,맨 안티에이징 에멀젼 EX 120ml,기타,미분류
persona_5,820,0.6125826835632324,아이오페,슈퍼바이탈 쿠션 이엑스 SPF 50+/PA+++ 16g,선케어,선크림
persona_5,821,0.6431074142456055,아이오페,하이드로 리프트 크림,스킨케어,크림
persona_5,822,0.631598949432373,아이오페,슈퍼바이탈 에멀젼 150ml,기타,미분류
persona_5,823,0.6307708024978638,아이오페,바이오 컨디셔닝 클렌징 오일 인 젤 150ml,기타,미분류
persona_5,824,0.6319928765296936,아이오페,하이드로 리프트 에멀젼 150ml,기타,미분류
persona_5,825,0.6148523092269897,아이오페,UV 쉴드 선 앰플 SPF 50+/PA+++ 40ml,선케어,선크림
persona_5,826,0.6241462230682373,아이오페,맨 컴파운드 선 스크린 SPF 50+/PA++++ 50ml,선케어,선크림
persona_5,827,0.6262221336364746,아이오페,XMD 스템3 클리니컬 리커버리 세럼 30ml,스킨케어,세럼
persona_5,828,0.6267696022987366,아이오페,레티놀 엑스퍼트 0.1% 링클 코렉터 기획세트 20ml,기타,미분류
persona_5,829,0.6133428812026978,아이오페,UV 쉴드 선 스틱 SPF50+/PA++++ 20g,선케어,선크림
persona_5,830,0.6216421723365784,아이오페,XMD 스템3 클리니컬 리커버리 소프너 130ml,기타,미분류
persona_5,831,0.6187872886657715,아이오페,XMD 스템3 클리니컬 리커버리 에멀전 130ml,기타,미분류
persona_5,832,0.6274124383926392,아이오페,슈퍼바이탈 쿠션 이엑스 SPF 50+/PA+++,선케어,선크림
persona_5,833,0.6230268478393555,아이오페,맨 바이오 컨디셔닝 에센스 145ml,스킨케어,에센스
persona_5,834,0.6361980438232422,아이오페,하이드로 리프트 2종 세트,기타,미분류
persona_5,835,0.6424249410629272,아이오페,슈퍼바이탈 3종 세트,기타,미분류
persona_5,836,0.6279231905937195,아이오페,하이드로 리프트 소프너 150ml,기타,미분류
persona_5,837,0.6358696818351746,아이오페,슈퍼바이탈 2종 세트,기타,미분류
persona_5,838,0.6341729164123535,아이오페,레티놀 레티젝션 세럼 30ml,스킨케어,세럼
persona_5,839,0.6440817713737488,아이오페,스킨 부스터 앰플 필 패드 8매입,스킨케어,앰플
persona_5,840,0.6394896507263184,아이오페,하이드로 리프트 세럼,스킨케어,세럼
persona_5,841,0.6099932789802551,아이오페,슈퍼바이탈 넥앤데콜테 크림 40ml,스킨케어,크림
persona_5,842,0.6310394406318665,아이오페,레티놀 0.1% 기획세트 + 월리 우프 무드등,기타,미분류
persona_5,843,0.6215761303901672,아이오페,레티놀 레티젝션 세럼 50ml 기획세트 + 월리 우프 무드등,스킨케어,세럼
persona_5,844,0.620978057384491,아이오페,브라이트닝 기미 에센스 기획세트 45ml,스킨케어,에센스
persona_5,845,0.6111023426055908,아이오페,맨 올데이 퍼펙트 올인원 기획세트 120ml,기타,미분류
persona_5,846,0.6308920979499817,아이오페,XMD 스템3 클리니컬 리커버리 세럼 기획세트 50ml,스킨케어,세럼
persona_5,847,0.6225916147232056,아이오페,비타민C 엑스퍼트25% 토닝앰플 기획세트 23ml,스킨케어,앰플
persona_5,848,0.6202281713485718,아이오페,멀티 비타민 10% 얼티밋 토닝 겔 마스크,스킨케어,마스크팩
persona_5,849,0.6267838478088379,아이오페,레티놀 레티젝션 세럼 50ml,스킨케어,세럼
persona_5,850,0.6472948789596558,아이오페,레티놀 세럼 인 겔 마스크,스킨케어,마스크팩
persona_5,851,0.6450596451759338,아이오페,스킨 부스터 앰플 필 패드 기획세트,스킨케어,앰플
persona_5,852,0.6024458408355713,아이오페,비타민C 엑스퍼트 40% 마스크 컨센트레이트 15g,스킨케어,마스크팩
persona_5,853,0.6456232070922852,아이오페,바이오 컨디셔닝 에센스 하이드로 인핸싱 마스크 10매,스킨케어,마스크팩
persona_5,854,0.6348385810852051,아이오페,레티놀 슈퍼 바운스 세럼 50ml,스킨케어,세럼
persona_5,855,0.6279250979423523,아이오페,바이오 컨디셔닝 에센스 기획세트 84ml,스킨케어,에센스
persona_5,856,0.6397688388824463,에이피뷰티,에이피 프라임 리저브 리트리니티 메쉬 파운데이션 스펀지 2개입,기타,미분류
persona_5,857,0.6255908608436584,에이피뷰티,마이크로파인 인텐시브 크림 투 폼 클렌저 150g,스킨케어,크림
persona_5,858,0.5940245985984802,에이피뷰티,프라임 리저브 리트리니티 메쉬 파운데이션 12g,건기식,기능성식품
persona_5,859,0.606905460357666,에이피뷰티,NEW 에이오 리부트 앤 리뉴 에센스 80ml,스킨케어,에센스
persona_5,860,0.6313450932502747,에이피뷰티,리쥬브네이팅 부스터 샷 엠디 세럼 30ml,스킨케어,세럼
persona_5,861,0.6337758898735046,에이피뷰티,에이피 리파이닝 파우더 투 폼 클렌저 55g,건기식,기능성식품
persona_5,862,0.6090176105499268,에이피뷰티,에이오 트리플 디펜스 에어리 선 세럼 40ml,스킨케어,세럼
persona_5,863,0.6277360916137695,에이피뷰티,에이피 에이오 리부트 앤 리뉴 에센스 150ml,스킨케어,에센스
persona_5,864,0.6213093996047974,에이피뷰티,에이피 얼티밋 오일 투 밀크 클렌저 200ml,기타,미분류
persona_5,865,0.636486291885376,에이피뷰티,프라임 리저브 리트리니 메쉬 파운데이션 케이스,기타,미분류
persona_5,866,0.6256564855575562,에이피뷰티,퍼밍 앤 래디언스 플럼핑 에멀전 150ml,기타,미분류
persona_5,867,0.6256564855575562,에이피뷰티,퍼밍 앤 래디언스 플럼핑 로션 150ml,기타,미분류
persona_5,868,0.614811897277832,에이피뷰티,에이피 에이오 리부트 앤 리뉴 더블 컨센트레이트 40ml,기타,미분류
persona_5,869,0.6283730864524841,에이피뷰티,에이피 듀얼 리페어 리프트 크림 30ml,스킨케어,크림
persona_5,870,0.6290052533149719,에이피뷰티,에이피 프라임 리저브 리트리니티 세럼 30ml,스킨케어,세럼
persona_5,871,0.6456868052482605,에이피뷰티,에이피 리프트 앤 펌 듀얼 아이 트리트먼트,기타,미분류
persona_5,872,0.6166480779647827,에이피뷰티,듀얼 리페어 리프트 크림 마스크 5매 23g*5,스킨케어,마스크팩
persona_5,873,0.6429086327552795,에이피뷰티,에이피 에이오 리부트 앤 리뉴 크림,스킨케어,크림
persona_5,874,0.6312851309776306,에이피뷰티,에이피 프라임 리저브 리트리니티 에센스 로션 150ml,스킨케어,에센스
persona_5,875,0.6468738913536072,에이피뷰티,에이피 리프트 앤 리뉴 더블 샷 프로그램 1ea,기타,미분류
persona_5,876,0.6311555504798889,에이피뷰티,리서페이싱 앤 리페어 에센스 150ml,스킨케어,에센스
persona_5,877,0.629872739315033,에이피뷰티,에이피 프라임 리저브 리트리니티 크림 50ml,스킨케어,크림
persona_5,878,0.6323110461235046,에이피뷰티,에이피 프라임 리저브 리트리니티 크림 50ml,스킨케어,크림
persona_5,879,0.6231316328048706,에이피뷰티,에이피 프라임 리저브 리트리니티 아이 앤 익스프레션 크림 20ml,스킨케어,크림
persona_5,880,0.6171239018440247,에이피뷰티,에이피 듀얼 리페어 리프트 리퀴드 크림 120ml,스킨케어,크림
persona_5,881,0.6238975524902344,에이피뷰티,에이피 듀얼 리페어 리프트 크림 50 ml,스킨케어,크림
persona_5,882,0.6466244459152222,에이피뷰티,퍼밍 앤 래디언스 플럼핑 듀오,기타,미분류
persona_5,883,0.6100807785987854,에이피뷰티,프라임 리저브 리트리니티 메쉬 파운데이션 22N + 에이오 트리플 디펜스 에어리 선 세럼 40ml,스킨케어,세럼
persona_5,884,0.6100807785987854,에이피뷰티,프라임 리저브 리트리니티 메쉬 파운데이션 21N + 에이오 트리플 디펜스 에어리 선 세럼 40ml,스킨케어,세럼
persona_5,885,0.6100807785987854,에이피뷰티,프라임 리저브 리트리니티 메쉬 파운데이션 17C + 에이오 트리플 디펜스 에어리 선 세럼 40ml,스킨케어,세럼
persona_5,886,0.6313450932502747,에이피뷰티,리쥬브네이팅 부스터 샷 엠디 세럼 30ml,스킨케어,세럼
persona_5,887,0.6330229043960571,에이피뷰티,리쥬브네이팅 트리트먼트 엠디 크림 50ml,스킨케어,크림
persona_5,888,0.6445011496543884,에이피뷰티,프라임 리저브 리트리니티 메쉬 파운데이션 22N+블랙 케이스,기타,미분류
persona_5,889,0.6455007195472717,에이피뷰티,프라임 리저브 리트리니티 메쉬 파운데이션 21N+ 블랙 케이스,기타,미분류
persona_5,890,0.6038020849227905,에이피뷰티,프라임 리저브 리트리니티 메쉬 파운데이션 17C+ 블랙 케이스 12g,건기식,기능성식품
persona_5,891,0.6411849856376648,에이피뷰티,에이피 리프트 앤 리뉴 더블 샷 프로그램 3ea,기타,미분류
persona_5,892,0.6218872666358948,에이피뷰티,에이피 프라임 리저브 리트리니티 아이 앤 익스프레션 크림 20ml,스킨케어,크림
persona_5,893,0.6446083188056946,일리윤,NEW  세라마이드 아토 로션 564ml,기타,미분류
persona_5,894,0.6314049363136292,일리윤,울트라 리페어 로션 528ml,기타,미분류
persona_5,895,0.6423247456550598,일리윤,히알루론 모이스춰 수분크림 100ml,스킨케어,크림
persona_5,896,0.6227690577507019,일리윤,세라마이드 아토 집중 크림 230ml,스킨케어,크림
persona_5,897,0.6282961964607239,일리윤,세라마이드 아토 6.0 탑투토워시 500ml,기타,미분류
persona_5,898,0.6281804442405701,일리윤,세라마이드 아토 로션 350ml,기타,미분류
persona_5,899,0.6268237233161926,일리윤,세라마이드 아토 6.0 탑투토워시 500ml,기타,미분류
persona_5,900,0.630450427532196,일리윤,울트라 리페어 로션 350ml,기타,미분류
persona_5,901,0.6284494996070862,일리윤,세라마이드 아토 집중 크림 500ml,스킨케어,크림
persona_5,902,0.6281416416168213,일리윤,프레쉬 모이스춰 바디워시 500ml,바디,바디케어
persona_5,903,0.6278519630432129,일리윤,레드이치 케어크림 330ml,스킨케어,크림
persona_5,904,0.637227475643158,일리윤,저자극 이지워시 선크림 SPF50+/PA++++ 150ml,선케어,선크림
persona_5,905,0.6260727047920227,일리윤,울트라 리페어 딥 모이스춰 워시 500ml,기타,미분류
persona_5,906,0.6124162077903748,일리윤,세라마이드 아토 6.0 탑투토워시 1000ml,기타,미분류
persona_5,907,0.6135197281837463,일리윤,세라마이드 아토 속보습 스킨 250ml,기타,미분류
persona_5,908,0.6386963725090027,일리윤,레드이치 케어크림 75ml,스킨케어,크림
persona_5,909,0.6192717552185059,일리윤,레드이치 케어오일 200ml,기타,미분류
persona_5,910,0.6514655947685242,일리윤,세라마이드 아토 여행용 키트,기타,미분류
persona_5,911,0.6259883642196655,일리윤,프로바이오틱스 스킨 배리어 약산성 여성청결제 300ml,기타,미분류
persona_5,912,0.6330958604812622,일리윤,프레쉬 모이스춰 립앤아이 리무버 300ml,클렌징,리무버
persona_5,913,0.6327816843986511,일리윤,레드이치 큐어밤 60ml,스킨케어,크림
persona_5,914,0.6147129535675049,일리윤,세라마이드 아토 버블워시 앤 샴푸 900ml,기타,미분류
persona_5,915,0.6084174513816833,일리윤,레드이치 케어크림 128ml,스킨케어,크림
persona_5,916,0.6302483677864075,일리윤,프레쉬 모이스춰 로션 350ml,기타,미분류
persona_5,917,0.6263401508331299,일리윤,울트라 리페어 인텐시브 케어 크림 200ml,스킨케어,크림
persona_5,918,0.6104824542999268,일리윤,젠틀 딥 립앤아이 리무버 140ml,클렌징,리무버
persona_5,919,0.6212980151176453,일리윤,세라마이드 아토 수딩 젤 175ml,기타,미분류
persona_5,920,0.6194195747375488,일리윤,세라마이드 아토 5.0 젠틀스킨클렌져 400ml,기타,미분류
persona_5,921,0.6400187015533447,일리윤,무기자차 장벽 선크림 SPF50+/PA++++ 50ml,선케어,선크림
persona_5,922,0.6230735182762146,일리윤,데일리 무기자차 선스틱 SPF50+/PA++++ 20g,선케어,선크림
persona_5,923,0.6302806735038757,일리윤,세라마이드 아토 로션 508ml,기타,미분류
persona_5,924,0.6229225397109985,일리윤,튼살크림 330ml,스킨케어,크림
persona_5,925,0.6093990802764893,일리윤,시카 아크네 클리어 필링 스크럽 200g,건기식,기능성식품
persona_5,926,0.6166525483131409,일리윤,시카 아크네 클리어 바디 워시 400ml,바디,바디케어
persona_5,927,0.6210266351699829,일리윤,젠틀 딥 클렌징 오일 250ml,기타,미분류
persona_5,928,0.6131390333175659,일리윤,시카 트러블 클리어 바디 미스트 200ml,바디,바디케어
persona_5,929,0.6161678433418274,일리윤,젠틀 딥 페이셜 클렌저 250ml,기타,미분류
persona_5,930,0.6345127820968628,일리윤,프로바이오틱스 스킨 배리어 젠틀 클렌저 300ml,기타,미분류
persona_5,931,0.6154264211654663,일리윤,세라마이드 아토 버블워시 앤 샴푸 400ml,기타,미분류
persona_5,932,0.6464374661445618,일리윤,히알루론 모이스춰 수분크림,스킨케어,크림
persona_5,933,0.652312159538269,일리윤,세라마이드 아토 탑투토워시 본품+리필 SET,기타,미분류
persona_5,934,0.6507527828216553,일리윤,세라마이드 아토 로션 2입 SET,기타,미분류
persona_5,935,0.6190795302391052,일리윤,인텐시브 세라마이드 비건 립 마스크 7g,스킨케어,마스크팩
persona_5,936,0.6517886519432068,일리윤,울트라 리페어 인텐시브 케어 크림,스킨케어,크림
persona_5,937,0.65011066198349,일리윤,울트라 리페어 로션,기타,미분류
persona_5,938,0.6528651118278503,일리윤,울트라 리페어 딥 모이스춰 워시,기타,미분류
persona_5,939,0.6512441635131836,일리윤,울트라 리페어 로션,기타,미분류
persona_5,940,0.6439324617385864,일리윤,데일리 무기자차 선스틱 SPF50+/PA++++,선케어,선크림
persona_5,941,0.6519403457641602,일리윤,레드이치 케어크림,스킨케어,크림
persona_5,942,0.6491515040397644,일리윤,레드이치 고보습 워시,기타,미분류
persona_5,943,0.6521567702293396,일리윤,레드이치 케어오일,기타,미분류
persona_5,944,0.6502876877784729,일리윤,레드이치 케어크림,스킨케어,크림
persona_5,945,0.6234229803085327,일리윤,세라마이드 아토 집중 크림 230ml,스킨케어,크림
persona_5,946,0.6386725902557373,일리윤,레드이치 크림 + 고보습 워시,스킨케어,크림
persona_5,947,0.6236860752105713,일리윤,세라마이드 아토 집중크림 230ml,스킨케어,크림
persona_5,948,0.6495891213417053,일리윤,세라마이드 아토 로션,기타,미분류
persona_5,949,0.6522759199142456,일리윤,무기자차 장벽 선크림 SPF50+/PA++++,선케어,선크림
persona_5,950,0.6535809636116028,일리윤,저자극 이지워시 선크림 SPF50+/PA++++,선케어,선크림
persona_5,951,0.6525645852088928,일리윤,세라마이드 아토 수딩 젤,기타,미분류
persona_5,952,0.6511363387107849,일리윤,프레쉬 모이스춰 바디워시,바디,바디케어
persona_5,953,0.6399180889129639,일리윤,세라마이드 아토 로션 564ml,기타,미분류
persona_5,954,0.6179268956184387,일리윤,레드이치 고보습 워시 470g,건기식,기능성식품
persona_5,955,0.6324724555015564,일리윤,세라마이드 무향 비건 립밤 3.2g,스킨케어,크림
persona_5,956,0.6361319422721863,일리윤,세라마이드 무향 비건 핸드크림 50ml,스킨케어,크림
persona_5,957,0.6483757495880127,이니스프리,레티놀 PDRN 앰플 겔 마스크 1매,스킨케어,마스크팩
persona_5,958,0.635293185710907,이니스프리,한란 핸드 크림 50ml,스킨케어,크림
persona_5,959,0.6199774742126465,이니스프리,그린티 아미노 수분 클렌징 폼 150g,건기식,기능성식품
persona_5,960,0.6472260355949402,이니스프리,NEW 세럼/앰플 겔 마스크,스킨케어,마스크팩
persona_5,961,0.6486760973930359,이니스프리,비타C 그린티 엔자임 세럼 겔 마스크 1매,스킨케어,마스크팩
persona_5,962,0.6348636746406555,이니스프리,마이 퍼퓸드 핸드크림 30ml,스킨케어,크림
persona_5,963,0.6498485803604126,이니스프리,고급 종이 면봉 150P,기타,미분류
persona_5,964,0.644584596157074,이니스프리,New 납작 아이브로우 펜슬,메이크업,아이브로우
persona_5,965,0.6486760973930359,이니스프리,레티놀 시카 리페어 앰플 겔 마스크 1매,스킨케어,마스크팩
persona_5,966,0.6254861950874329,이니스프리,그린티 아미노 수분 클렌징 오일 150ml,기타,미분류
persona_5,967,0.6289033889770508,이니스프리,노세범 미네랄 파우더 5g,건기식,기능성식품
persona_5,968,0.6177703738212585,이니스프리,그린티 아미노 수분 클렌징 워터 320ml,기타,미분류
persona_5,969,0.6369836926460266,이니스프리,블랙티 유스 인핸싱 앰플 마스크 28ml,스킨케어,마스크팩
persona_5,970,0.629557728767395,이니스프리,유채꿀 립밤  3.5g,스킨케어,크림
persona_5,971,0.6171313524246216,이니스프리,그린티 세라마이드 밀크 에센스 160ml,스킨케어,에센스
persona_5,972,0.6206254363059998,이니스프리,듀이 틴트 립밤 3.2g,메이크업,립틴트
persona_5,973,0.6289033889770508,이니스프리,노세범 모이스처 파우더 5g,건기식,기능성식품
persona_5,974,0.6435792446136475,이니스프리,비타C 그린티 엔자임세럼 기획세트,스킨케어,세럼
persona_5,975,0.6355661749839783,이니스프리,그린티 씨드 히알루론산 크림 50ml,스킨케어,크림
persona_5,976,0.6199774742126465,이니스프리,화산송이 모공 바하 클렌징 폼 150g,건기식,기능성식품
persona_5,977,0.617195188999176,이니스프리,노세범 미네랄 팩트 8.5g,스킨케어,마스크팩
persona_5,978,0.6514044404029846,이니스프리,레티놀 PDRN 앰플 겔 마스크 6매,스킨케어,마스크팩
persona_5,979,0.6206853985786438,이니스프리,스페셜케어마스크 풋 20ml,스킨케어,마스크팩
persona_5,980,0.6446359753608704,이니스프리,그린티 데일리 수딩 마스크 30매,스킨케어,마스크팩
persona_5,981,0.6234897971153259,이니스프리,화산송이 모공 바하 클렌징폼  250g,건기식,기능성식품
persona_5,982,0.6371414065361023,이니스프리,올리브 비타민 E 리얼 오일 미스트 75ml,기타,미분류
persona_5,983,0.6487547755241394,이니스프리,눈썹 수정칼 2P,건기식,기능성식품
persona_5,984,0.6187552213668823,이니스프리,그린티 씨드 히알루론산 세럼 대용량 130ml,스킨케어,세럼
persona_5,985,0.6179081201553345,이니스프리,퍼펙트 9 인텐시브 아이크림 30ml,스킨케어,크림
persona_5,986,0.6417946219444275,이니스프리,올리브 비타민 E 리얼 클렌징 티슈 30매,기타,미분류
persona_5,987,0.6070095300674438,이니스프리,마이 퍼퓸드 핸드크림 80ml,스킨케어,크림
persona_5,988,0.6190152764320374,이니스프리,그린티 히알루론산 스킨 170ml,기타,미분류
persona_5,989,0.636484682559967,이니스프리,노세범 블러 프라이머 25ml,기타,미분류
persona_5,990,0.6439842581748962,이니스프리,블랙티 유스 인핸싱 앰플 대용량 단품 세트,스킨케어,앰플
persona_5,991,0.6046309471130371,이니스프리,그린티 씨드 히알루론산 크림  80ml,스킨케어,크림
persona_5,992,0.629310131072998,이니스프리,블랙티 유스 인핸싱 오일 30ml,기타,미분류
persona_5,993,0.6580261588096619,이니스프리,파우더 퍼프 1ea,기타,미분류
persona_5,994,0.6154325604438782,이니스프리,퍼펙트 9 인텐시브 크림 60ml,스킨케어,크림
persona_5,995,0.6257601976394653,이니스프리,노세범 AC 파우더 5g,건기식,기능성식품
persona_5,996,0.629557728767395,이니스프리,유채꿀 립밤  3.5g,스킨케어,크림
persona_5,997,0.6206853985786438,이니스프리,스페셜케어마스크 핸드 20ml,스킨케어,마스크팩
persona_5,998,0.6350241899490356,이니스프리,블랙티 유스 인핸싱 크림 50ml,스킨케어,크림
persona_5,999,0.647764265537262,이니스프리,화산송이 한지 기름종이 50매,기타,미분류
persona_5,1000,0.6277814507484436,이니스프리,비자 트러블 클렌징폼 150g,건기식,기능성식품
persona_5,1001,0.6130765676498413,이니스프리,그린티 히알루론산 로션 170ml,기타,미분류
persona_5,1002,0.614474892616272,이니스프리,비타C 그린티 엔자임 잡티 토닝 패드 60매/170ml,기타,미분류
persona_5,1003,0.626960277557373,이니스프리,라이트 피팅 메이크업 베이스 SPF23/PA++ 30ml,선케어,선크림
persona_5,1004,0.6305570602416992,이니스프리,그린티 히알루론산 미스트 150ml,기타,미분류
persona_5,1005,0.62997967004776,이니스프리,레티놀 시카 흔적 장벽 크림 50ml,스킨케어,크림
persona_5,1006,0.6204295754432678,이니스프리,그린티 세라마이드 밀크 에센스 리필 160ml,스킨케어,에센스
persona_5,1007,0.6279216408729553,이니스프리,한란 아이 크림 30ml,스킨케어,크림
persona_5,1008,0.6279739141464233,이니스프리,파워프루프 라이너  0.6g,메이크업,아이라이너
persona_5,1009,0.6143206357955933,이니스프리,올리브 비타민 E 리얼 스킨 170ml,기타,미분류
persona_5,1010,0.6090458035469055,이니스프리,그린티 씨드 히알루론산 세럼 80ml,스킨케어,세럼
persona_5,1011,0.6154406070709229,이니스프리,레티놀 그린티 PDRN 스킨부스터 토너 170ml,기타,미분류
persona_5,1012,0.6207446455955505,이니스프리,올리브 비타민 E 리얼 로션 170ml,기타,미분류
persona_5,1013,0.6138136982917786,이니스프리,그린티 씨드 히알루론산 세럼 리필 80ml,스킨케어,세럼
persona_5,1014,0.6370712518692017,이니스프리,그린티 히알루론산 진정수분 선세럼 AD SPF50/PA++++ 50ml,선케어,선크림
persona_5,1015,0.6373775005340576,이니스프리,수퍼 화산송이 쿨민초 모공팩 100ml,스킨케어,마스크팩
persona_5,1016,0.632652759552002,이니스프리,비타C 잡티 톤업 선스크린 SPF50+/PA++++ 50ml,선케어,선크림
persona_5,1017,0.6351984739303589,이니스프리,레티놀 그린티 PDRN 스킨부스터 앰플 25ml,스킨케어,앰플
persona_5,1018,0.6355661749839783,이니스프리,올리브 비타민e 리얼 크림 50ml,스킨케어,크림
persona_5,1019,0.6115539073944092,이니스프리,그린티 히알루론산 글로우 아이&페이스볼 10ml,기타,미분류
persona_5,1020,0.6435314416885376,이니스프리,그린티 씨드 히알루론산 스킨케어 세트,건기식,기능성식품
persona_5,1021,0.6343364715576172,이니스프리,애플씨드 립 앤 아이 메이크업 리무버 100ml,클렌징,리무버
persona_5,1022,0.6148996353149414,이니스프리,블랙티 유스 인핸싱 로션 170ml,기타,미분류
persona_5,1023,0.6374961137771606,이니스프리,비타C 엔자임 잡티 토닝 크림 50ml,스킨케어,크림
persona_5,1024,0.635138213634491,이니스프리,한란인리치드크림 50ml,스킨케어,크림
persona_5,1025,0.6160873770713806,이니스프리,국화 여성 청결제 200ml,기타,미분류
persona_5,1026,0.6367497444152832,이니스프리,왕벚꽃 글로우 스킨핏 톤업크림 SPF50 / PA++++ 50ml,선케어,선크림
persona_5,1027,0.6298618316650391,이니스프리,애플씨드 클렌징 크림 150ml,스킨케어,크림
persona_5,1028,0.6089963316917419,이니스프리,레티놀 그린티 PDRN 스킨부스터 앰플 40ml,스킨케어,앰플
persona_5,1029,0.6138111352920532,이니스프리,레티놀 시카 흔적 패드 60매/170ml,기타,미분류
persona_5,1030,0.5907188057899475,이니스프리,노세범 파우더 쿠션 SPF35/PA++ 14g,선케어,선크림
persona_5,1031,0.6355661749839783,이니스프리,그린티 씨드 히알루론산 크림  50ml,스킨케어,크림
persona_5,1032,0.6149444580078125,이니스프리,포레스트 포맨 쉐이빙 & 클렌징 폼 150g,건기식,기능성식품
persona_5,1033,0.6373775005340576,이니스프리,수퍼 화산송이 모공 마스크 100ml,스킨케어,마스크팩
persona_5,1034,0.6314443945884705,이니스프리,비타C 엔자임 잡티 토닝 크림 리필 50ml,스킨케어,크림
persona_5,1035,0.6080495715141296,이니스프리,청보리 마일드 필링젤 120ml,기타,미분류
persona_5,1036,0.6245138645172119,이니스프리,아일넘버 바디로션 씨즈더모먼트 300ml,바디,바디케어
persona_5,1037,0.6232573390007019,이니스프리,마이퍼퓸드바디 코튼플라워 바디로션 330ml,바디,바디케어
persona_5,1038,0.6386529803276062,이니스프리,포레스트 센서티브 올인원 에센스 100ml,스킨케어,에센스
persona_5,1039,0.6271995902061462,이니스프리,톤업 노세범 선스크린 EX SPF50+/PA++++ 60ml,선케어,선크림
persona_5,1040,0.5979565382003784,이니스프리,노세범 파우더 쿠션 리필 SPF35/PA++ 14g,선케어,선크림
persona_5,1041,0.6234897971153259,이니스프리,그린티 아미노 수분 클렌징폼  250g,건기식,기능성식품
persona_5,1042,0.633963942527771,이니스프리,콜라겐 그린티 세라마이드 탄력장벽 크림 리필 50ml,스킨케어,크림
persona_5,1043,0.6105856895446777,이니스프리,링클 사이언스 스팟 트리트먼트 40ml,기타,미분류
persona_5,1044,0.616394579410553,이니스프리,한란로션 170ml,기타,미분류
persona_5,1045,0.6327945590019226,이니스프리,심플라벨 워터프루프 펜슬라이너 0.1g,메이크업,아이라이너
persona_5,1046,0.6232573390007019,이니스프리,마이퍼퓸드바디 그린텐저린 바디로션 330ml,바디,바디케어
persona_5,1047,0.6386529803276062,이니스프리,포레스트 안티에이징 올인원 에센스 100ml,스킨케어,에센스
persona_5,1048,0.6217911243438721,이니스프리,비타C 그린티 엔자임 잡티 토닝 세럼 30ml,스킨케어,세럼
persona_5,1049,0.6206254363059998,이니스프리,듀이 트리트먼트 립밤 3.2g,스킨케어,크림
persona_5,1050,0.6351005434989929,이니스프리,유브이 액티브 포어리스 선스크린 SPF50+/PA++++ 50ml,선케어,선크림
persona_5,1051,0.641389012336731,이니스프리,레티놀 시카 앰플 포커싱 패치 1개입 9매,스킨케어,앰플
persona_5,1052,0.6305768489837646,이니스프리,알로에 리바이탈라이징 수딩젤 300ml,기타,미분류
persona_5,1053,0.6125733852386475,이니스프리,라이트 피팅 컨실러 다크서클 커버 7g,건기식,기능성식품
persona_5,1054,0.6331267356872559,이니스프리,한란인리치드에센스 50ml,스킨케어,에센스
persona_5,1055,0.6227037906646729,이니스프리,아일넘버 바디워시 씨즈더모먼트 300ml,바디,바디케어
persona_5,1056,0.6244373917579651,이니스프리,스키니 꼼꼼카라 3.5g,건기식,기능성식품
persona_5,1057,0.6279929280281067,이니스프리,파워프루프 브러시 라이너 0.6g,메이크업,아이라이너
persona_5,1058,0.6347082257270813,이니스프리,히알루론 수분 선크림 SPF50+/PA++++ 50ml,선케어,선크림
persona_5,1059,0.6268579959869385,이니스프리,애플씨드 클렌징 오일 150ml,기타,미분류
persona_5,1060,0.629310131072998,이니스프리,레티놀 시카 흔적 앰플 30ml,스킨케어,앰플
persona_5,1061,0.629310131072998,이니스프리,블랙티 유스 인핸싱 앰플 30ml,스킨케어,앰플
persona_5,1062,0.6226163506507874,이니스프리,블랙티 유스 인핸싱 트리트먼트 에센스 145ml,스킨케어,에센스
persona_5,1063,0.6355574727058411,이니스프리,블랙티 유스 인핸싱 트리트먼트 에센스 75ml,스킨케어,에센스
persona_5,1064,0.5924471020698547,이니스프리,노세범 선쿠션 이엑스 SPF50+/PA++++ 14g,선케어,선크림
persona_5,1065,0.6256314516067505,이니스프리,하우스 스펀지 6p,기타,미분류
persona_5,1066,0.6286262273788452,이니스프리,콜라겐 그린티 세라마이드 탄력 장벽 크림 50ml,스킨케어,크림
persona_5,1067,0.5951681733131409,이니스프리,포어 블러 파우더 11g,건기식,기능성식품
persona_5,1068,0.6129424571990967,이니스프리,에어리매트 틴트 3.8g,메이크업,립틴트
persona_5,1069,0.6256532073020935,이니스프리,라이트 피팅 파운데이션 SPF20/PA++ 30ml,선케어,선크림
persona_5,1070,0.6195589303970337,이니스프리,스키니 꼼꼼카라 Zero 3.5g,건기식,기능성식품
persona_5,1071,0.6271995902061462,이니스프리,인텐시브 롱래스팅 선스크린 EX SPF50+/PA++++ 60ml,선케어,선크림
persona_5,1072,0.6409463286399841,이니스프리,비자 트러블 로션 100ml,기타,미분류
persona_5,1073,0.6160956025123596,이니스프리,블랙티 유스 인핸싱 스킨 170ml,기타,미분류
persona_5,1074,0.6247140765190125,이니스프리,그린티 스킨 포맨 150ml,기타,미분류
persona_5,1075,0.6145923733711243,이니스프리,한란스킨 170ml,기타,미분류
persona_5,1076,0.6248375773429871,이니스프리,마이퍼퓸드바디 코튼플라워바디클렌저 330ml,바디,바디케어
persona_5,1077,0.6209975481033325,이니스프리,퍼펙트 9 인텐시브 세럼 50ml,스킨케어,세럼
persona_5,1078,0.6139581799507141,이니스프리,퍼펙트 9 인텐시브 스킨 200ml,기타,미분류
persona_5,1079,0.6087357997894287,이니스프리,비자 시카 밤 EX 40ml,스킨케어,크림
persona_5,1080,0.6190152764320374,이니스프리,비자 트러블 토너 170ml,기타,미분류
persona_5,1081,0.6398587822914124,이니스프리,레티놀 시카 앰플 듀오 SET,스킨케어,앰플
persona_5,1082,0.6347082257270813,이니스프리,히알루론 수분 선크림 SPF50+/PA++++ 50ml,선케어,선크림
persona_5,1083,0.6247140765190125,이니스프리,그린티 로션 포맨 150ml,기타,미분류
persona_5,1084,0.6291983723640442,이니스프리,왕벚꽃 글로우 톤업 크림 50ml,스킨케어,크림
persona_5,1085,0.6168864965438843,이니스프리,스키니 브로우카라 4g,메이크업,아이브로우
persona_5,1086,0.6252149343490601,이니스프리,화산송이 모공 바하 클렌징 오일 150ml,기타,미분류
persona_5,1087,0.6116310954093933,이니스프리,인텐시브 레져 선스틱 SPF50+/PA++++ 18g,선케어,선크림
persona_5,1088,0.6221779584884644,이니스프리,올리브 비타민 E 리얼 클렌징폼 150g,건기식,기능성식품
persona_5,1089,0.6306369304656982,이니스프리,실키 파우더 블러쉬 6.2g,건기식,기능성식품
persona_5,1090,0.6303873658180237,이니스프리,애플씨드 버블 클렌저 150ml,기타,미분류
persona_5,1091,0.6207446455955505,이니스프리,화산송이 파하 모공 매끈결 토너 170ml,기타,미분류
persona_5,1092,0.6248375773429871,이니스프리,마이퍼퓸드바디 워터릴리바디클렌저 330ml,바디,바디케어
persona_5,1093,0.5907188057899475,이니스프리,라이트 글로우 쿠션 SPF26/PA++ 14g,선케어,선크림
persona_5,1094,0.6196215152740479,이니스프리,비자 시카 밤 EX 대용량 70ml,스킨케어,크림
persona_5,1095,0.5851208567619324,이니스프리,퍼펙트 9 인텐시브 스킨케어 세트  퍼펙트 9 인텐시브 스킨 200ml+ 퍼펙트 9 인텐시브 로션 160ml &  세럼 5ml + 크림 10ml + 아이크림 5ml,스킨케어,세럼
persona_5,1096,0.629557728767395,이니스프리,유채꿀 립밤 3.5g,스킨케어,크림
persona_5,1097,0.6142279505729675,이니스프리,포어 블러 팩트 12.5g,스킨케어,마스크팩
persona_5,1098,0.622484028339386,이니스프리,아일 넘버 바디앤핸드워시 웜앤퍼지스 300ml,바디,바디케어
persona_5,1099,0.6333204507827759,이니스프리,아일넘버 핸드크림 씨즈더모먼트 50ml,스킨케어,크림
persona_5,1100,0.6248375773429871,이니스프리,마이퍼퓸드바디 그린텐저린바디클렌저 330ml,바디,바디케어
persona_5,1101,0.6176024675369263,이니스프리,포레스트 프레시 스킨 180ml,기타,미분류
persona_5,1102,0.6153907775878906,이니스프리,포레스트 프레시 로션 140ml,기타,미분류
persona_5,1103,0.5914326310157776,이니스프리,블랙티 유스 인핸싱 스킨 케어 세트  블랙티 유스 인핸싱 스킨 170ml + 블랙티 유스 인핸싱 로션 170ml&  스킨 15ml + 로션 15ml + 앰플 12ml,스킨케어,앰플
persona_5,1104,0.6089121103286743,이니스프리,퍼펙트 9 인텐시브 로션 160ml,기타,미분류
persona_5,1105,0.6271995902061462,이니스프리,톤업 노세범 선스크린 EX SPF50+/PA++++ 60ml,선케어,선크림
persona_5,1106,0.6096235513687134,이니스프리,비타C 엔자임 잡티 토닝 크림  80ml,스킨케어,크림
persona_5,1107,0.6158344149589539,이니스프리,화산송이 모공 듀얼 마스크 110ml,스킨케어,마스크팩
persona_5,1108,0.627448320388794,이니스프리,올리브 비타민E 리얼 클렌징 오일 150ml,기타,미분류
persona_5,1109,0.6232573390007019,이니스프리,마이퍼퓸드바디 워터릴리 바디로션 330ml,바디,바디케어
persona_5,1110,0.6197015047073364,이니스프리,스컬프팅 파우더 쉐이딩 6.8g,건기식,기능성식품
persona_5,1111,0.6463741064071655,이니스프리,포레스트 프레시 스킨 로션 2종 세트,기타,미분류
persona_5,1112,0.6174095273017883,이니스프리,심플라벨 래스팅 펜슬 브로우 0.15g,메이크업,아이브로우
persona_5,1113,0.6260465383529663,이니스프리,심플라벨 마스카라 7.5g,메이크업,마스카라
persona_5,1114,0.5979565382003784,이니스프리,라이트 글로우 쿠션 리필 SPF26/PA++ 14g,선케어,선크림
persona_5,1115,0.6378686428070068,이니스프리,포레스트 포어 케어 올인원 에센스 100ml,스킨케어,에센스
persona_5,1116,0.6195152401924133,이니스프리,청보리 마일드 필링 토너 250ml,기타,미분류
persona_5,1117,0.6092486381530762,이니스프리,레티놀 PDRN 앰플 기획세트 40ml,스킨케어,앰플
persona_5,1118,0.6307907104492188,이니스프리,레티놀 시카 앰플 기획세트 50ml,스킨케어,앰플
persona_5,1119,0.6349142789840698,이니스프리,그린티 씨드 히알루론산 크림 기획세트,스킨케어,크림
persona_5,1120,0.6395583748817444,이니스프리,마이 퍼퓸드 핸드크림 세트,스킨케어,크림
persona_5,1121,0.6092486381530762,이니스프리,레티놀 PDRN 앰플 기획세트 40ml,스킨케어,앰플
persona_5,1122,0.6160266995429993,이니스프리,그린티 밀크 에센스 160ml 더블 기획세트,스킨케어,에센스
persona_5,1123,0.632753849029541,이니스프리,이니스프리 클렌징 폼,기타,미분류
persona_5,1124,0.6213489770889282,이니스프리,스페셜 케어 마스크  20ml,스킨케어,마스크팩
persona_5,1125,0.6045724749565125,이니스프리,그린티 세라마이드 크림 80ml,스킨케어,크림
persona_5,1126,0.6354634165763855,이니스프리,그린티 세라마이드 크림 50ml,스킨케어,크림
persona_5,1127,0.6354634165763855,이니스프리,그린티 세라마이드 크림 50ml,스킨케어,크림
persona_5,1128,0.6355661749839783,이니스프리,그린티 씨드 히알루론산 크림 50ml,스킨케어,크림
persona_5,1129,0.6267789602279663,이니스프리,톤업 워터링 선스크린 SPF50+/PA++++ 60ml,선케어,선크림
persona_5,1130,0.6191480159759521,이니스프리,스마트 블렌더  1p,기타,미분류
persona_5,1131,0.6300020813941956,이니스프리,쉬어 글로이 하이라이터 5.5g,건기식,기능성식품
persona_5,1132,0.6500102281570435,이니스프리,일반 화장솜 80매,기타,미분류
persona_5,1133,0.6262091994285583,이니스프리,그린펫클럽 꼼꼼 워터리스 발세정제  150ml,기타,미분류
persona_5,1134,0.6335938572883606,이니스프리,아일 넘버 핸드크림 웜앤퍼지스 50ml,스킨케어,크림
persona_5,1135,0.6279929280281067,이니스프리,파워프루프 펜 라이너 0.6g,메이크업,아이라이너
persona_5,1136,0.6291983723640442,이니스프리,왕벚꽃 글로우 젤리 크림 50ml,스킨케어,크림
persona_5,1137,0.6273114681243896,이니스프리,스퀴즈 에너지 마스크 1매 22ml,스킨케어,마스크팩
persona_5,1138,0.6307907104492188,이니스프리,레티놀 시카 흔적 앰플 50ml,스킨케어,앰플
persona_5,1139,0.6491456031799316,메디안,그린프로폴리스 치약 100g*3,건기식,기능성식품
persona_5,1140,0.6462186574935913,메디안,이지클린 센서티브 칫솔 4입,기타,미분류
persona_5,1141,0.6507999897003174,메디안,소금의 명작 치약,기타,미분류
persona_5,1142,0.6145642995834351,메디안,후레쉬 치약 3입  120g*3,건기식,기능성식품
persona_5,1143,0.6378591656684875,메디안,잇몸과학 치약 3입,기타,미분류
persona_5,1144,0.6394543051719666,메디안,NEW 치석케어칫솔 4입,기타,미분류
persona_5,1145,0.6499517560005188,메디안,대나무숯 담은 칫솔 미세모 4입,기타,미분류
persona_5,1146,0.6374589800834656,메디안,듀얼이펙션 칫솔 4입 미세모,기타,미분류
persona_5,1147,0.6437007784843445,메디안,닥터메디안 멀티케어 치약,기타,미분류
persona_5,1148,0.6540462374687195,메디안,송천염 치약,기타,미분류
persona_5,1149,0.6438018083572388,메디안,젠티스트 치약 핑크 2입,기타,미분류
persona_5,1150,0.6213332414627075,메디안,구취과학 치약 프리징쿨 3입  120g*3,건기식,기능성식품
persona_5,1151,0.6464795470237732,메디안,그래핀 칫솔 4+1입,기타,미분류
persona_5,1152,0.6507999897003174,메디안,녹차의 명작 치약,기타,미분류
persona_5,1153,0.64528489112854,메디안,미백과학 치약 플럼민트향,기타,미분류
persona_5,1154,0.649766206741333,메디안,닥터메디안 칫솔 5+5입,기타,미분류
persona_5,1155,0.6403325796127319,메디안,365DAYS step3 충치 불소 어린이 펌핑 치약 300g,건기식,기능성식품
persona_5,1156,0.6493539810180664,메디안,플렉스 이펙션 칫솔 4입,기타,미분류
persona_5,1157,0.6493706703186035,메디안,키즈 365DAYS step3 칫솔 12입,기타,미분류
persona_5,1158,0.6378591656684875,메디안,잇몸과학 칫솔 4입,기타,미분류
persona_5,1159,0.651748538017273,메디안,골드와이드 칫솔 10입,기타,미분류
persona_5,1160,0.6496742963790894,메디안,365DAYS 고밀도 초극세모 딥클린 칫솔 16입,기타,미분류
persona_5,1161,0.6490798592567444,메디안,성인용 365DAYS 칫솔 12입,기타,미분류
persona_5,1162,0.6510506868362427,메디안,소금의 명작 칫솔 4입,기타,미분류
persona_5,1163,0.6430716514587402,메디안,그린프로폴리스 잇몸케어 칫솔 4+1입,기타,미분류
persona_5,1164,0.6472975015640259,메디안,키즈 365DAYS step3 칫솔 6입,기타,미분류
persona_5,1165,0.6372213959693909,메디안,키즈 365DAYS step2 칫솔 12입,기타,미분류
persona_5,1166,0.6493539810180664,메디안,송천염 미세모 칫솔 4입,기타,미분류
persona_5,1167,0.6442521214485168,메디안,젠티스트 치약 핑크 100g,건기식,기능성식품
persona_5,1168,0.6510506868362427,메디안,녹차의 명작 칫솔 4입,기타,미분류
persona_5,1169,0.6508606672286987,메디안,젠티스트 치약 핑크 4입+쇼핑백 증정,건기식,기능성식품
persona_5,1170,0.6395375728607178,메디안,치석케어 치약 오리지널/구취/화이트/잇몸,기타,미분류
persona_5,1171,0.629481852054596,비레디,웨이크업 생기 립밤 3g,스킨케어,크림
persona_5,1172,0.629481852054596,라네즈,웨이크업 생기 립밤 3g,스킨케어,크림
persona_5,1173,0.6076282262802124,비레디,트루톤 로션  40ml,기타,미분류
persona_5,1174,0.6076282262802124,라네즈,트루톤 로션  40ml,기타,미분류
persona_5,1175,0.6422248482704163,비레디,블루 수분 선크림 1+1 기획세트 SPF50+PA++++,선케어,선크림
persona_5,1176,0.6422248482704163,라네즈,블루 수분 선크림 1+1 기획세트 SPF50+PA++++,선케어,선크림
persona_5,1177,0.6269375085830688,비레디,블루 파운데이션 SPF27/PA++ 35ml,선케어,선크림
persona_5,1178,0.6269375085830688,라네즈,블루 파운데이션 SPF27/PA++ 35ml,선케어,선크림
persona_5,1179,0.6125404834747314,비레디,블루쿠션 SPF34/PA++ 15g,선케어,선크림
persona_5,1180,0.6125404834747314,라네즈,블루쿠션 SPF34/PA++ 15g,선케어,선크림
persona_5,1181,0.641090989112854,비레디,무드업 듀얼 아이섀도우 브러쉬,메이크업,아이섀도우
persona_5,1182,0.641090989112854,라네즈,무드업 듀얼 아이섀도우 브러쉬,메이크업,아이섀도우
persona_5,1183,0.610204815864563,비레디,블루쿠션 SPF34/PA++ 15g,선케어,선크림
persona_5,1184,0.610204815864563,라네즈,블루쿠션 SPF34/PA++ 15g,선케어,선크림
persona_5,1185,0.6039932370185852,비레디,시카페인 트러블리셋 세럼 40ml,스킨케어,세럼
persona_5,1186,0.6039932370185852,라네즈,시카페인 트러블리셋 세럼 40ml,스킨케어,세럼
persona_5,1187,0.6360977292060852,비레디,블루 수분 선크림 SPF50+/PA++++ 50ml,선케어,선크림
persona_5,1188,0.6360977292060852,라네즈,블루 수분 선크림 SPF50+/PA++++ 50ml,선케어,선크림
persona_5,1189,0.6349838972091675,비레디,프라이드업 아이브로우 0.6G,메이크업,아이브로우
persona_5,1190,0.6349838972091675,라네즈,프라이드업 아이브로우 0.6G,메이크업,아이브로우
persona_5,1191,0.6204129457473755,비레디,블루 세범 파우더 7g,건기식,기능성식품
persona_5,1192,0.6204129457473755,라네즈,블루 세범 파우더 7g,건기식,기능성식품
persona_5,1193,0.6154313087463379,비레디,시카페인 트러블리셋 토너 250ml,기타,미분류
persona_5,1194,0.6154313087463379,라네즈,시카페인 트러블리셋 토너 250ml,기타,미분류
persona_5,1195,0.6210267543792725,비레디,시카페인 트러블리셋 크림 70ml,스킨케어,크림
persona_5,1196,0.6210267543792725,라네즈,시카페인 트러블리셋 크림 70ml,스킨케어,크림
persona_5,1197,0.6391890645027161,비레디,블루 파운데이션 퍼프,기타,미분류
persona_5,1198,0.6391890645027161,라네즈,블루 파운데이션 퍼프,기타,미분류
persona_5,1199,0.6360977292060852,비레디,하이드로 스웻프루프 선크림 SPF50+/PA++++ 50ml,선케어,선크림
persona_5,1200,0.6360977292060852,라네즈,하이드로 스웻프루프 선크림 SPF50+/PA++++ 50ml,선케어,선크림
persona_5,1201,0.605548083782196,비레디,에어리 헤어 페이스트 80g,건기식,기능성식품
persona_5,1202,0.605548083782196,라네즈,에어리 헤어 페이스트 80g,건기식,기능성식품
persona_5,1203,0.646084189414978,비레디,4.4,기타,미분류
persona_5,1204,0.646084189414978,라네즈,4.4,기타,미분류
persona_5,1205,0.6300735473632812,비레디,시카페인 트러블리셋 클렌징폼 150g,건기식,기능성식품
persona_5,1206,0.6300735473632812,라네즈,시카페인 트러블리셋 클렌징폼 150g,건기식,기능성식품
persona_5,1207,0.6219736933708191,비레디,무드업 음영 아이팔레트 7g,건기식,기능성식품
persona_5,1208,0.6219736933708191,라네즈,무드업 음영 아이팔레트 7g,건기식,기능성식품
persona_5,1209,0.6283997893333435,비레디,생기 립밤 3g,스킨케어,크림
persona_5,1210,0.6283997893333435,라네즈,생기 립밤 3g,스킨케어,크림
persona_5,1211,0.6283997893333435,비레디,생기 립밤 3g,스킨케어,크림
persona_5,1212,0.6283997893333435,라네즈,생기 립밤 3g,스킨케어,크림
persona_5,1213,0.6283997893333435,비레디,생기 립밤 3g,스킨케어,크림
persona_5,1214,0.6283997893333435,라네즈,생기 립밤 3g,스킨케어,크림
persona_5,1215,0.6430915594100952,비레디,블루 파운데이션 3호,기타,미분류
persona_5,1216,0.6430915594100952,라네즈,블루 파운데이션 3호,기타,미분류
persona_5,1217,0.6430915594100952,비레디,블루 파운데이션 2호,기타,미분류
persona_5,1218,0.6430915594100952,라네즈,블루 파운데이션 2호,기타,미분류
persona_5,1219,0.6486813426017761,비레디,블루쿠션 3호 제프리,기타,미분류
persona_5,1220,0.6486813426017761,라네즈,블루쿠션 3호 제프리,기타,미분류
persona_5,1221,0.6486813426017761,비레디,블루쿠션 2호 라이언,기타,미분류
persona_5,1222,0.6486813426017761,라네즈,블루쿠션 2호 라이언,기타,미분류
persona_5,1223,0.651229202747345,비레디,시카페인 트러블리셋 2종,기타,미분류
persona_5,1224,0.651229202747345,라네즈,시카페인 트러블리셋 2종,기타,미분류
persona_5,1225,0.6464855670928955,비레디,블루 수분 선크림 SPF50+/PA++++,선케어,선크림
persona_5,1226,0.6464855670928955,라네즈,블루 수분 선크림 SPF50+/PA++++,선케어,선크림
persona_5,1227,0.6452769637107849,퍼즐우드,메타그린 칼로리컷 젤리 다이어트 기능성 젤리 혈당탄수화물컷,기타,미분류
persona_5,1228,0.6395733952522278,퍼즐우드,메타그린 부스터샷 7일,기타,미분류
persona_5,1229,0.6443551778793335,퍼즐우드,메타그린 슬림업 다이어트 비건 기능성,기타,미분류
persona_5,1230,0.6435542106628418,퍼즐우드,메타그린 클린티 10입,기타,미분류
persona_5,1231,0.6395733952522278,퍼즐우드,녹차에서 온 유산균,기타,미분류
persona_5,1232,0.642592191696167,퍼즐우드,슈퍼콜라겐 28입,기타,미분류
persona_5,1233,0.6435279846191406,퍼즐우드,멀티비타민미네랄,기타,미분류
persona_5,1234,0.6380424499511719,퍼즐우드,메타그린 효소 14입,기타,미분류
persona_5,1235,0.6404987573623657,퍼즐우드,슈퍼레티놀 30포,기타,미분류
persona_5,1236,0.6435555815696716,퍼즐우드,액티브 멀티팩,스킨케어,마스크팩
persona_5,1237,0.6455610394477844,퍼즐우드,오메가케어 30일,기타,미분류
persona_5,1238,0.6372718214988708,퍼즐우드,메타그린 슬림업,기타,미분류
persona_5,1239,0.6421788930892944,퍼즐우드,슈퍼콜라겐 골드,기타,미분류
persona_5,1240,0.6296714544296265,퍼즐우드,굿슬립 가바 365  식약처 인정 수면기능성,건기식,기능성식품
persona_5,1241,0.6393343210220337,퍼즐우드,슈퍼콜라겐 프리미엄,기타,미분류
persona_5,1242,0.6469445824623108,퍼즐우드,슈퍼에센셜,기타,미분류
persona_5,1243,0.6467682123184204,퍼즐우드,트루아이,기타,미분류
persona_5,1244,0.6524387001991272,퍼즐우드,슈퍼에센셜,기타,미분류
persona_5,1245,0.635915219783783,퍼즐우드,메타그린 골드 플러스,기타,미분류
persona_5,1246,0.6455044150352478,퍼즐우드,명작수 골드,기타,미분류
persona_5,1247,0.6458657383918762,퍼즐우드,명작수 골드,기타,미분류
persona_5,1248,0.6401383876800537,퍼즐우드,메타그린 골드 플러스 패밀리 기획세트,기타,미분류
persona_5,1249,0.6335576772689819,퍼즐우드,슈퍼콜라겐 골드,기타,미분류
persona_5,1250,0.6395733952522278,퍼즐우드,NEW 슈퍼시카 B5,기타,미분류
persona_5,1251,0.6439598202705383,퍼즐우드,액티브멀티팩 기획세트,스킨케어,마스크팩
persona_5,1252,0.6461195349693298,퍼즐우드,리버프라임,기타,미분류
persona_5,1253,0.6372718214988708,퍼즐우드,조이스텝 골드,기타,미분류
persona_5,1254,0.6441073417663574,퍼즐우드,올인원 멀티팩,스킨케어,마스크팩
persona_5,1255,0.6439598202705383,퍼즐우드,트루아이 기획세트,기타,미분류
persona_5,1256,0.6361583471298218,퍼즐우드,조이스텝 골드,기타,미분류
persona_5,1257,0.6462153196334839,퍼즐우드,슈퍼콜라겐 플래티넘,기타,미분류
persona_5,1258,0.6361583471298218,퍼즐우드,슈퍼콜라겐 플래티넘,기타,미분류
persona_5,1259,0.6439598202705383,퍼즐우드,슈퍼콜라겐 골드,기타,미분류
persona_5,1260,0.6487970948219299,퍼즐우드,비타클렌즈,기타,미분류
persona_5,1261,0.6408328413963318,퍼즐우드,굿슬립 가바 365,기타,미분류
persona_5,1262,0.6416442394256592,퍼즐우드,올인원 멀티팩,스킨케어,마스크팩
persona_5,1263,0.6404987573623657,퍼즐우드,슈퍼레티놀 30포,기타,미분류
persona_5,1264,0.6395733952522278,퍼즐우드,메타그린 부스터샷 7일,기타,미분류
persona_5,1265,0.6443551778793335,퍼즐우드,메타그린 슬림업 다이어트 비건 기능성,기타,미분류
persona_5,1266,0.64356929063797,퍼즐우드,슈퍼콜라겐 14입,기타,미분류
persona_5,1267,0.6351739764213562,퍼즐우드,슈퍼콜라겐 28입X2개 + 월리 우프 무드등,기타,미분류
persona_5,1268,0.626887857913971,퍼즐우드,메타그린 슬림업 30일X3개 + 월리 뽀모도로 타이머 & 포스트카드,기타,미분류
persona_5,1269,0.6392709016799927,퍼즐우드,슈퍼레티놀 기획세트,기타,미분류
persona_5,1270,0.6494110822677612,퍼즐우드,슈퍼에센셜 기획세트,기타,미분류
persona_5,1271,0.6443393230438232,퍼즐우드,리버프라임 105일,기타,미분류
persona_5,1272,0.6416442394256592,퍼즐우드,오메가케어 3입세트,기타,미분류
persona_5,1273,0.638314962387085,퍼즐우드,NEW 슈퍼시카 B5,기타,미분류
persona_5,1274,0.643069863319397,퍼즐우드,메타그린 슬림업,기타,미분류
persona_5,1275,0.6446042060852051,퍼즐우드,메타그린 슬림업,기타,미분류
persona_5,1276,0.638314962387085,퍼즐우드,메타그린 부스터샷 7일,기타,미분류
persona_5,1277,0.6432661414146423,퍼즐우드,메타그린 부스터샷 7일,기타,미분류
persona_5,1278,0.6486619114875793,퍼즐우드,메타그린 효소,기타,미분류
persona_5,1279,0.6438467502593994,퍼즐우드,메타그린 부스터샷 7일,기타,미분류
persona_5,1280,0.6424059271812439,퍼즐우드,메타그린 부스터샷 7일,기타,미분류
persona_5,1281,0.641507089138031,퍼즐우드,메타그린 클린티 10입,기타,미분류
persona_5,1282,0.6392709016799927,퍼즐우드,슈퍼레티놀 30포,기타,미분류
persona_5,1283,0.6432116031646729,퍼즐우드,슈퍼콜라겐 28입,기타,미분류
persona_5,1284,0.6477183699607849,퍼즐우드,슈퍼에센셜 28입,기타,미분류
persona_5,1285,0.6482309699058533,퍼즐우드,메타그린 슬림업,기타,미분류
persona_5,1286,0.635177731513977,퍼즐우드,메타그린 골드 플러스 패밀리기획,기타,미분류
persona_5,1287,0.641507089138031,퍼즐우드,메타그린 칼로리컷 젤리,기타,미분류
persona_5,1288,0.638314962387085,퍼즐우드,녹차에서 온 유산균,기타,미분류
persona_5,1289,0.6443083882331848,퍼즐우드,메타그린 슬림업,기타,미분류
persona_5,1290,0.6443393230438232,퍼즐우드,프로바이오틱스 골드,기타,미분류
persona_5,1291,0.6342010498046875,퍼즐우드,프로바이오틱스&이뮨,기타,미분류
persona_5,1292,0.6108485460281372,마몽드,BEST 플로라 글로우 로즈 리퀴드 마스크 80ml,스킨케어,마스크팩
persona_5,1293,0.6257368326187134,마몽드,프로바이오틱스 세라마이드 앰플 마스크팩 23ml,스킨케어,마스크팩
persona_5,1294,0.634124755859375,마몽드,BEST 어메이징 딥 민트 클렌징밤 90ml,스킨케어,크림
persona_5,1295,0.6537986993789673,마몽드,프로바이오틱스 세라마이드 2종 세트,기타,미분류
persona_5,1296,0.6257977485656738,마몽드,에이지 컨트롤 카멜리아 앰플 마스크팩 23ml,스킨케어,마스크팩
persona_5,1297,0.6360618472099304,마몽드,에이지 컨트롤 카멜리아 크림 50ml,스킨케어,크림
persona_5,1298,0.6507762670516968,마몽드,어메이징 딥 민트 클렌징 티슈 70매,기타,미분류
persona_5,1299,0.628072202205658,마몽드,프로바이오틱스 세라마이드 에멀젼 150ml,기타,미분류
persona_5,1300,0.6297612190246582,마몽드,프로바이오틱스 세라마이드 인텐스 크림 60ml,스킨케어,크림
persona_5,1301,0.6203011274337769,마몽드,플로라 글로우 로즈 워터 토너 500ml 500ml,기타,미분류
persona_5,1302,0.6389917135238647,마몽드,BEST 카밍 샷 아줄렌 흔적 수분 앰플 50ml,스킨케어,앰플
persona_5,1303,0.6411866545677185,마몽드,4.8,기타,미분류
persona_5,1304,0.6161471605300903,마몽드,세라마이드 아미노 폼 120g,건기식,기능성식품
persona_5,1305,0.6357223987579346,마몽드,맨 리차징 로션 150ml,기타,미분류
persona_5,1306,0.6257977485656738,마몽드,카밍 샷 아줄렌 앰플 마스크팩 23ml,스킨케어,마스크팩
persona_5,1307,0.6209610104560852,마몽드,프로바이오틱스 세라마이드 스킨소프너 200ml,기타,미분류
persona_5,1308,0.6257977485656738,마몽드,플로라 글로우 로즈 앰플 마스크팩 23ml,스킨케어,마스크팩
persona_5,1309,0.6250539422035217,마몽드,맨 리차징 토너 180ml,기타,미분류
persona_5,1310,0.6259034872055054,마몽드,에이지 컨트롤 카멜리아 에멀젼 125ml,기타,미분류
persona_5,1311,0.635345995426178,마몽드,에이지 컨트롤 카멜리아 세럼 50ml,스킨케어,세럼
persona_5,1312,0.6227481365203857,마몽드,어메이징 딥 민트 클렌징밤 180ml,스킨케어,크림
persona_5,1313,0.6466487050056458,마몽드,맨 리차징 2종 세트,기타,미분류
persona_5,1314,0.6304084658622742,마몽드,카밍 샷 아줄렌 크림 60ml,스킨케어,크림
persona_5,1315,0.6224989295005798,마몽드,어메이징 딥 민트 클렌징폼 120ml,기타,미분류
persona_5,1316,0.6304402947425842,마몽드,에이지 컨트롤 카멜리아 에센스 워터 150ml,스킨케어,에센스
persona_5,1317,0.633327066898346,마몽드,플로라 글로우 로즈 워터 토너 300ml,기타,미분류
persona_5,1318,0.6346316933631897,마몽드,카밍 샷 아줄렌 선크림 SPF50+PA++++ 35ml,선케어,선크림
persona_5,1319,0.6190419793128967,마몽드,포어 슈링커 바쿠치올 레티놀 토너 200ml,기타,미분류
persona_5,1320,0.6362297534942627,마몽드,플로라 글로우 로즈 스무딩 크림 50ml,스킨케어,크림
persona_5,1321,0.6316726803779602,마몽드,포어 슈링커 바쿠치올 크림 60ml,스킨케어,크림
persona_5,1322,0.6348908543586731,마몽드,포어 슈링커 바쿠치올 세럼 50ml,스킨케어,세럼
persona_5,1323,0.6252870559692383,마몽드,어메이징 딥 민트차콜릿 클렌징밤 90ml,스킨케어,크림
persona_5,1324,0.642209529876709,마몽드,에이지 컨트롤 카멜리아 2종 세트,기타,미분류
persona_5,1325,0.6198075413703918,마몽드,어메이징 딥 민트차콜릿 팩클렌저 135g,스킨케어,마스크팩
persona_5,1326,0.6270454525947571,마몽드,플로라 글로우 로즈 틴티드 선세럼 35ml,스킨케어,세럼
persona_5,1327,0.6427189111709595,마몽드,좋아요,기타,미분류
persona_5,1328,0.6487970948219299,마몽드,좋아요,기타,미분류
persona_5,1329,0.6373075246810913,마몽드,플로라글로우 로즈 볼마스크 3.5ml,스킨케어,마스크팩
persona_5,1330,0.6307166814804077,마몽드,에이지컨트롤 카멜리아 크림 50ml X2개,스킨케어,크림
persona_5,1331,0.6570038795471191,마몽드,사은품,기타,미분류
persona_5,1332,0.6351226568222046,마몽드,카밍 샷 아줄렌 흔적 수분 앰플 50ml X2개,스킨케어,앰플
persona_5,1333,0.626224935054779,마몽드,어메이징 딥 민트 클렌징밤 90ml X2개,스킨케어,크림
persona_5,1334,0.6081415414810181,마몽드,플로라글로우 로즈 리퀴드 마스크 80ml X2개,스킨케어,마스크팩
persona_5,1335,0.6435503959655762,마몽드,플로라글로우 로즈 하이드로겔 마스크,스킨케어,마스크팩
persona_5,1336,0.627842128276825,마몽드,플로라글로우 로즈 볼마스크 3.5ml,스킨케어,마스크팩
persona_5,1337,0.6086625456809998,마몽드,NEW 플로라글로우 로즈 슬리핑 마스크 80g,스킨케어,마스크팩
persona_5,1338,0.6490662693977356,마몽드,플로라글로우 로즈 하이드로겔 마스크,스킨케어,마스크팩
persona_5,1339,0.6342526078224182,마몽드,플로라 글로우 로즈 볼마스크 3.5ml,스킨케어,마스크팩
persona_5,1340,0.620564341545105,마몽드,NEW 오리지널 레시피 허니 모델링팩  66g,스킨케어,마스크팩
persona_5,1341,0.6202170848846436,마몽드,NEW 카밍샷 아줄렌 모델링팩  66g,스킨케어,마스크팩
persona_5,1342,0.645210862159729,마몽드,프로바이오틱스 세라마이드 앰플 마스크팩,스킨케어,마스크팩
persona_5,1343,0.6460316181182861,마몽드,카밍 샷 아줄렌 앰플 마스크팩,스킨케어,마스크팩
persona_5,1344,0.6460316181182861,마몽드,에이지 컨트롤 카멜리아 앰플 마스크팩,스킨케어,마스크팩
persona_5,1345,0.645210862159729,마몽드,플로라글로우 로즈 앰플 마스크팩,스킨케어,마스크팩
persona_5,1346,0.6516760587692261,마몽드,프로바이오틱스 세라마이드 에멀젼,기타,미분류
persona_5,1347,0.6497752070426941,마몽드,프로바이오틱스 세라마이드 스킨소프너,기타,미분류
persona_5,1348,0.6445291042327881,마몽드,맨 리차징 토너,기타,미분류
persona_5,1349,0.6524502038955688,마몽드,에이지 컨트롤 카멜리아 크림,스킨케어,크림
persona_5,1350,0.6503581404685974,마몽드,에이지 컨트롤 카멜리아 세럼,스킨케어,세럼
persona_5,1351,0.6340474486351013,마몽드,카밍 샷 아줄렌 토너 300ml,기타,미분류
persona_5,1352,0.6438509821891785,마몽드,플로라글로우 로즈 앰플 마스크팩,스킨케어,마스크팩
persona_5,1353,0.6446359753608704,마몽드,에이지 컨트롤 카멜리아 앰플 마스크팩,스킨케어,마스크팩
persona_5,1354,0.6446359753608704,마몽드,카밍 샷 아줄렌 앰플 마스크팩,스킨케어,마스크팩
persona_5,1355,0.6438509821891785,마몽드,프로바이오틱스 세라마이드 앰플 마스크팩,스킨케어,마스크팩
persona_5,1356,0.6524608135223389,마몽드,어메이징 딥 민트 클렌징폼,기타,미분류
persona_5,1357,0.6348908543586731,마몽드,포어 슈링커 바쿠치올 세럼 50ml,스킨케어,세럼
persona_5,1358,0.6458452939987183,오설록,"22,400원",기타,미분류
persona_5,1359,0.625790536403656,오설록,"11,700원",기타,미분류
persona_5,1360,0.6324246525764465,오설록,"13,300원",기타,미분류
persona_5,1361,0.6503443121910095,오설록,"5,400원",기타,미분류
persona_5,1362,0.6472545266151428,오설록,"22,500원",기타,미분류
persona_5,1363,0.6473037600517273,오설록,"21,850원",기타,미분류
persona_5,1364,0.6561762094497681,오설록,"5,700원",기타,미분류
persona_5,1365,0.6357429623603821,오설록,"12,600원",기타,미분류
persona_5,1366,0.6324246525764465,오설록,"13,300원",기타,미분류
persona_5,1367,0.6450940370559692,오설록,"9,900원",기타,미분류
persona_5,1368,0.6561762094497681,오설록,"5,700원",기타,미분류
persona_5,1369,0.6433451175689697,오설록,"10,450원",기타,미분류
persona_5,1370,0.6450940370559692,오설록,"9,900원",기타,미분류
persona_5,1371,0.6394670009613037,오설록,"21,600원",기타,미분류
persona_5,1372,0.6454324126243591,오설록,"26,250원",기타,미분류
persona_5,1373,0.6292336583137512,오설록,"11,000원",기타,미분류
persona_5,1374,0.625790536403656,오설록,"11,700원",기타,미분류
persona_5,1375,0.6427596211433411,오설록,"27,000원",기타,미분류
persona_5,1376,0.6450940370559692,오설록,"9,900원",기타,미분류
persona_5,1377,0.6450940370559692,오설록,"9,900원",기타,미분류
persona_5,1378,0.6543064117431641,오설록,"9,500원",기타,미분류
persona_5,1379,0.6464738845825195,오설록,"23,750원",기타,미분류
persona_5,1380,0.625790536403656,오설록,"11,700원",기타,미분류
persona_5,1381,0.6311195492744446,오설록,"15,300원",기타,미분류
persona_5,1382,0.6292336583137512,오설록,"11,000원",기타,미분류
persona_5,1383,0.6465473771095276,오설록,"24,000원",기타,미분류
persona_5,1384,0.6401973962783813,오설록,"24,300원",기타,미분류
persona_5,1385,0.6292336583137512,오설록,"11,000원",기타,미분류
persona_5,1386,0.6450940370559692,오설록,"9,900원",기타,미분류
persona_5,1387,0.6258677840232849,오설록,"8,550원",기타,미분류
persona_5,1388,0.6450940370559692,오설록,"9,900원",기타,미분류
persona_5,1389,0.6394083499908447,오설록,"45,900원",기타,미분류
persona_5,1390,0.6324246525764465,오설록,"13,300원",기타,미분류
persona_5,1391,0.6466294527053833,오설록,"9,900원",기타,미분류
persona_5,1392,0.6375684142112732,오설록,"27,000원",기타,미분류
persona_5,1393,0.6427875757217407,오설록,"12,350원",기타,미분류
persona_5,1394,0.6450940370559692,오설록,"9,900원",기타,미분류
persona_5,1395,0.6272209882736206,오설록,"14,850원",기타,미분류
persona_5,1396,0.6450940370559692,오설록,"9,900원",기타,미분류
persona_5,1397,0.6529437899589539,오설록,"17,550원",기타,미분류
persona_5,1398,0.6529437899589539,오설록,"17,550원",기타,미분류
persona_5,1399,0.6450940370559692,오설록,"9,900원",기타,미분류
persona_5,1400,0.6401973962783813,오설록,"24,300원",기타,미분류
persona_5,1401,0.6258677840232849,오설록,"8,550원",기타,미분류
persona_5,1402,0.6272209882736206,오설록,"14,850원",기타,미분류
persona_5,1403,0.6272209882736206,오설록,"14,850원",기타,미분류
persona_5,1404,0.6401973962783813,오설록,"24,300원",기타,미분류
persona_5,1405,0.6450940370559692,오설록,"9,900원",기타,미분류
persona_5,1406,0.634660005569458,오설록,"66,300원",기타,미분류
persona_5,1407,0.6510000824928284,오설록,"54,400원",기타,미분류
persona_5,1408,0.6450940370559692,오설록,"9,900원",기타,미분류
persona_5,1409,0.6272209882736206,오설록,"14,850원",기타,미분류
persona_5,1410,0.6466294527053833,오설록,"9,000원",기타,미분류
persona_5,1411,0.6292336583137512,오설록,"11,000원",기타,미분류
persona_5,1412,0.6401973962783813,오설록,"24,300원",기타,미분류
persona_5,1413,0.6450940370559692,오설록,"9,900원",기타,미분류
persona_5,1414,0.6401973962783813,오설록,"24,300원",기타,미분류
persona_5,1415,0.6377446055412292,오설록,"38,000원",기타,미분류
persona_5,1416,0.6305468082427979,오설록,"8,000원",기타,미분류
persona_5,1417,0.6529437899589539,오설록,"17,550원",기타,미분류
persona_5,1418,0.6401973962783813,오설록,"24,300원",기타,미분류
persona_5,1419,0.6433451175689697,오설록,"10,450원",기타,미분류
persona_5,1420,0.6423037052154541,오설록,"7,200원",기타,미분류
persona_5,1421,0.6423037052154541,오설록,"7,200원",기타,미분류
persona_5,1422,0.6450940370559692,오설록,"9,900원",기타,미분류
persona_5,1423,0.6450940370559692,오설록,"9,900원",기타,미분류
persona_5,1424,0.6376290917396545,오설록,"16,650원",기타,미분류
persona_5,1425,0.6324246525764465,오설록,"13,300원",기타,미분류
persona_5,1426,0.6340287923812866,오설록,"14,250원",기타,미분류
persona_5,1427,0.6431775689125061,오설록,"12,375원",기타,미분류
persona_5,1428,0.6445488333702087,오설록,"93,500원",기타,미분류
persona_5,1429,0.6297670602798462,오설록,"12,600원",기타,미분류
persona_5,1430,0.6272209882736206,오설록,"14,850원",기타,미분류
persona_5,1431,0.6272209882736206,오설록,"14,850원",기타,미분류
persona_5,1432,0.6423037052154541,오설록,"7,200원",기타,미분류
persona_5,1433,0.6272209882736206,오설록,"14,850원",기타,미분류
persona_5,1434,0.6431775689125061,오설록,"12,375원",기타,미분류
persona_5,1435,0.6431775689125061,오설록,"12,375원",기타,미분류
persona_5,1436,0.6272209882736206,오설록,"14,850원",기타,미분류
persona_5,1437,0.6272209882736206,오설록,"14,850원",기타,미분류
persona_5,1438,0.6466294527053833,오설록,"9,900원",기타,미분류
persona_5,1439,0.6401973962783813,오설록,"24,300원",기타,미분류
persona_5,1440,0.6311739683151245,오설록,"14,850원",기타,미분류
persona_5,1441,0.6357429623603821,오설록,"12,600원",기타,미분류
persona_5,1442,0.6430934071540833,오설록,"24,300원",기타,미분류
persona_5,1443,0.6272209882736206,오설록,"14,850원",기타,미분류
persona_5,1444,0.6401973962783813,오설록,"24,300원",기타,미분류
persona_5,1445,0.6401973962783813,오설록,"24,300원",기타,미분류
persona_5,1446,0.6401973962783813,오설록,"24,300원",기타,미분류
persona_5,1447,0.6357429623603821,오설록,"12,600원",기타,미분류
persona_5,1448,0.626160740852356,오설록,"127,500원",기타,미분류
persona_5,1449,0.6311739683151245,오설록,"14,850원",기타,미분류
persona_5,1450,0.6272209882736206,오설록,"14,850원",기타,미분류
persona_5,1451,0.6288936138153076,오설록,"11,700원",기타,미분류
persona_5,1452,0.6409751772880554,오설록,"37,800원",기타,미분류
persona_5,1453,0.6522545218467712,오설록,"39,000원",기타,미분류
persona_5,1454,0.6489520072937012,오설록,"30,000원",기타,미분류
persona_5,1455,0.6543064117431641,오설록,"9,500원",기타,미분류
persona_5,1456,0.6324246525764465,오설록,"13,300원",기타,미분류
persona_5,1457,0.625790536403656,오설록,"11,700원",기타,미분류
persona_5,1458,0.6288936138153076,오설록,"11,700원",기타,미분류
persona_5,1459,0.6292336583137512,오설록,"11,000원",기타,미분류
persona_5,1460,0.6332499384880066,오설록,"15,200원",기타,미분류
persona_5,1461,0.648884654045105,오설록,"19,800원",기타,미분류
persona_5,1462,0.6332499384880066,오설록,"15,200원",기타,미분류
persona_5,1463,0.6263270974159241,려,함빛/청아/흑운/민감 샴푸&컨디셔너 480ml,기타,미분류
persona_5,1464,0.6042117476463318,려,루트젠 탈모증상전문케어 두피 에센스 80ml,스킨케어,에센스
persona_5,1465,0.6194771528244019,려,두피 편한 검은콩 염색 120g,건기식,기능성식품
persona_5,1466,0.5980047583580017,려,자양윤모 9ex 탈모증상전문케어 샴푸 400ml,기타,미분류
persona_5,1467,0.6401722431182861,려,루트젠 여성 맞춤 탈모증상전문케어 샴푸 515ml,기타,미분류
persona_5,1468,0.6264322996139526,려,헤어쿠션  7g,건기식,기능성식품
persona_5,1469,0.6208354234695435,려,루트젠 여성 맞춤 탈모증상전문케어 샴푸 리필팩 400ml,스킨케어,마스크팩
persona_5,1470,0.6242608428001404,려,댄트롤 비듬샴푸 박하/멘톨/애플 820ml,기타,미분류
persona_5,1471,0.6401722431182861,려,루트젠 남성 맞춤 탈모증상전문케어 샴푸 515ml,기타,미분류
persona_5,1472,0.6206163763999939,려,진생보 두피모발영양 샴푸/컨디셔너 400ml,기타,미분류
persona_5,1473,0.6274804472923279,려,자양윤모 9이엑스 탈모증상전문케어 모근강화 트리트먼트 330ml,기타,미분류
persona_5,1474,0.6401722431182861,려,루트젠 여성 맞춤 탈모증상전문케어 트리트먼트 515ml,기타,미분류
persona_5,1475,0.619105875492096,려,명품 에이치비엑스 탈모증상완화 앰플 샴푸 500ml,스킨케어,앰플
persona_5,1476,0.6458438038825989,려,루트젠 두피코어강화 아쿠아필 두피토닉 100ml,기타,미분류
persona_5,1477,0.6422345042228699,려,루트젠 두피코어강화 두피청정샴푸 515ml,기타,미분류
persona_5,1478,0.632998526096344,려,함빛 극손상 앤 영양 트리트먼트 300ml,기타,미분류
persona_5,1479,0.6256157159805298,려,자양윤모 탈모전문케어 경주달밤/여수하늘 트리트먼트 200ml,기타,미분류
persona_5,1480,0.6364753246307373,려,루트젠 탈모증상전문케어 헤어볼륨필러 150ml,기타,미분류
persona_5,1481,0.6515957117080688,려,루트젠 두피코어강화 두피 청정샴푸,건기식,기능성식품
persona_5,1482,0.6519801020622253,려,자양윤모 9이엑스 탈모증상전문케어 모근강화 트리트먼트,기타,미분류
persona_5,1483,0.6522245407104492,려,자양윤모 탈모증상전문케어 샴푸 지성두피용,기타,미분류
persona_5,1484,0.6515033841133118,려,루트젠 남성 맞춤 탈모증상전문케어 샴푸,기타,미분류
persona_5,1485,0.624261200428009,려,루트젠 탈모케어 트리플샷 두피리페어 세럼 60ml,스킨케어,세럼
persona_5,1486,0.649696409702301,려,루트젠 두피코어강화 아쿠아필 두피토닉,기타,미분류
persona_5,1487,0.6502103209495544,려,루트젠 탈모증상전문케어 두피 에센스,스킨케어,에센스
persona_5,1488,0.6159179210662842,려,진생보 두피모발영양 샴푸 400ml,기타,미분류
persona_5,1489,0.6518694162368774,려,루트젠 여성 맞춤 탈모증상전문케어 샴푸,기타,미분류
persona_5,1490,0.6505414247512817,려,루트젠 여성 맞춤 탈모증상전문케어 샴푸,기타,미분류
persona_5,1491,0.6500874161720276,려,루트젠 여성 맞춤 탈모증상전문케어 샴푸+두피에센스,스킨케어,에센스
persona_5,1492,0.6503691077232361,려,루트젠 여성 맞춤 탈모증상전문케어 샴푸+리필,기타,미분류
persona_5,1493,0.6517102718353271,려,루트젠 탈모증상전문케어 여성 샴푸+남성 샴푸,기타,미분류
persona_5,1494,0.6517102718353271,려,루트젠 여성 맞춤 탈모증상전문케어 샴푸+트리트먼트,기타,미분류
persona_5,1495,0.6079979538917542,려,우아채 영양새치염색  120g,건기식,기능성식품
persona_5,1496,0.6416442394256592,설화수,자음2종 세트,기타,미분류
persona_5,1497,0.6195781826972961,설화수,순행클렌징폼 200ml,기타,미분류
persona_5,1498,0.6430578827857971,설화수,탄력3종 세트,기타,미분류
persona_5,1499,0.6338744759559631,설화수,탄력크림 단품세트 75ml,스킨케어,크림
persona_5,1500,0.6232149600982666,설화수,순행클렌징오일 200ml,기타,미분류
persona_5,1501,0.6424850225448608,설화수,본윤 데일리 루틴,기타,미분류
persona_5,1502,0.6338744759559631,설화수,탄력크림 단품세트 75ml,스킨케어,크림
persona_5,1503,0.6432116031646729,설화수,자음생2종 세트,기타,미분류
persona_5,1504,0.6190327405929565,설화수,윤조에센스 6세대 단품세트 90ml,스킨케어,에센스
persona_5,1505,0.6471695899963379,설화수,,기타,미분류
persona_5,1506,0.618513286113739,설화수,자음유액 EX 125ml,기타,미분류
persona_5,1507,0.6427296996116638,설화수,윤조에센스 6세대,스킨케어,에센스
persona_5,1508,0.631598949432373,설화수,자음수 EX 150ml,기타,미분류
persona_5,1509,0.6318426132202148,설화수,상백톤업선크림 SPF50+/PA++++ 50ml,선케어,선크림
persona_5,1510,0.6187072396278381,설화수,옥용팩 120ml,스킨케어,마스크팩
persona_5,1511,0.6084688305854797,설화수,자음생아이크림 15ml,스킨케어,크림
persona_5,1512,0.6028652191162109,설화수,퍼펙팅 쿠션 SPF50+/PA+++ 15g,선케어,선크림
persona_5,1513,0.6424978971481323,설화수,퍼펙팅 쿠션 에어리 SPF50+/PA+++,선케어,선크림
persona_5,1514,0.6105043888092041,설화수,여윤팩 120ml,스킨케어,마스크팩
persona_5,1515,0.602861225605011,설화수,퍼펙팅 쿠션 에어리 SPF50+/PA+++ 15g,선케어,선크림
persona_5,1516,0.6403915882110596,설화수,퍼펙팅 립컬러,기타,미분류
persona_5,1517,0.6338744759559631,설화수,탄력크림 EX 75ml,스킨케어,크림
persona_5,1518,0.6435555815696716,설화수,윤조마스크 5매,스킨케어,마스크팩
persona_5,1519,0.6211197376251221,설화수,윤조립밤 3g,스킨케어,크림
persona_5,1520,0.6318426132202148,설화수,상백선크림 SPF50+/PA++++ 50ml,선케어,선크림
persona_5,1521,0.641507089138031,설화수,퍼펙팅 트윈 케이크,기타,미분류
persona_5,1522,0.6422945261001587,설화수,진설수유액 2종 세트,기타,미분류
persona_5,1523,0.6358461380004883,설화수,본윤선크림 SPF50+/PA++++ 50ml,선케어,선크림
persona_5,1524,0.642568826675415,설화수,퍼펙팅 쿠션 SPF50+/PA+++,선케어,선크림
persona_5,1525,0.634063184261322,설화수,자음생크림 리치 단품세트 50ml,스킨케어,크림
persona_5,1526,0.6170626282691956,설화수,자음생유액 125ml,기타,미분류
persona_5,1527,0.6332747936248779,설화수,탄력크림 EX 50ml,스킨케어,크림
persona_5,1528,0.6267378926277161,설화수,NEW 자음생클렌징폼 150g,건기식,기능성식품
persona_5,1529,0.6112014651298523,설화수,자음생앰플 20g,스킨케어,앰플
persona_5,1530,0.6466473937034607,설화수,자음생캡슐세럼 단품세트,스킨케어,세럼
persona_5,1531,0.6334773302078247,설화수,자음생캡슐세럼 50ml,스킨케어,세럼
persona_5,1532,0.6191704869270325,설화수,백삼팩 120ml,스킨케어,마스크팩
persona_5,1533,0.6283268332481384,설화수,자음생수 150ml,기타,미분류
persona_5,1534,0.6367890238761902,설화수,자음생마스크EX 5매,스킨케어,마스크팩
persona_5,1535,0.6163273453712463,설화수,본윤에센스 140ml,스킨케어,에센스
persona_5,1536,0.6095887422561646,설화수,시그니처 진생 페이셜 솝 1입 120g,건기식,기능성식품
persona_5,1537,0.6355323195457458,설화수,상백선플루이드 SPF50+/PA+++ 50ml,선케어,선크림
persona_5,1538,0.6110488176345825,설화수,퍼펙팅 파우더 20g,건기식,기능성식품
persona_5,1539,0.6253510117530823,설화수,본윤유액 90ml,기타,미분류
persona_5,1540,0.6333204507827759,설화수,자음생크림 단품세트 50ml,스킨케어,크림
persona_5,1541,0.6434633731842041,설화수,퍼펙팅 쿠션 에어리 SPF50+/PA+++,선케어,선크림
persona_5,1542,0.6016566753387451,설화수,시그니처 진생 페이셜 솝 2입 120g*2,건기식,기능성식품
persona_5,1543,0.6242382526397705,설화수,진설유액 125ml,기타,미분류
persona_5,1544,0.6469056010246277,설화수,,스킨케어,크림
persona_5,1545,0.6296921372413635,설화수,자음생세럼 브라이트닝 50ml,스킨케어,세럼
persona_5,1546,0.6251493692398071,설화수,진설크림 60ml,스킨케어,크림
persona_5,1547,0.6232454776763916,설화수,진설클렌징폼 150g,건기식,기능성식품
persona_5,1548,0.642592191696167,설화수,퍼펙팅 스킨커버,기타,미분류
persona_5,1549,0.6306264996528625,설화수,자음생캡슐세럼 30ml,스킨케어,세럼
persona_5,1550,0.6289060711860657,설화수,자음생크림 30ml,스킨케어,크림
persona_5,1551,0.6287368535995483,설화수,진설수 150ml,기타,미분류
persona_5,1552,0.6275444030761719,설화수,자음생크림 리치 30ml,스킨케어,크림
persona_5,1553,0.6309037208557129,설화수,진설세럼 50ml,스킨케어,세럼
persona_5,1554,0.6440672874450684,설화수,퍼펙팅 쿠션 에어리 트리플  SPF50+/PA+++,선케어,선크림
persona_5,1555,0.6439152359962463,설화수,퍼펙팅 쿠션 트리플  SPF50+/PA+++,선케어,선크림
persona_5,1556,0.6333204507827759,설화수,자음생크림 리치 50ml,스킨케어,크림
persona_5,1557,0.6343439817428589,설화수,자음생크림 50ml,스킨케어,크림
persona_5,1558,0.6431428790092468,설화수,퍼펙팅 쿠션 SPF50+/PA+++,선케어,선크림
persona_5,1559,0.6290784478187561,설화수,진설크림 60ml,스킨케어,크림
persona_5,1560,0.6038802266120911,설화수,자음생앰플 브라이트닝 20g,스킨케어,앰플
persona_5,1561,0.6237273216247559,설화수,진설크림 리치 60ml,스킨케어,크림
persona_5,1562,0.6311970353126526,설화수,자음생세럼 브라이트닝 30ml,스킨케어,세럼
persona_5,1563,0.6261314153671265,설화수,퍼펙팅 틴티드 크림 35ml,스킨케어,크림
persona_5,1564,0.6292967200279236,설화수,퍼펙팅 베일 프라이머 35ml,기타,미분류
persona_5,1565,0.6211628317832947,설화수,자음생크림 리치 30ml + 월리 우프 무드등,스킨케어,크림
persona_5,1566,0.6085556149482727,설화수,윤조에센스 90ml 세트 + 월리 우프 무드등,스킨케어,에센스
persona_5,1567,0.6297010779380798,설화수,자음생크림 리치 50ml 단품기획세트,스킨케어,크림
persona_5,1568,0.6141340732574463,설화수,윤조에센스 6세대 90ml 단품기획세트,스킨케어,에센스
persona_5,1569,0.5957930088043213,설화수,퍼펙팅 트윈 케이크 11g,건기식,기능성식품
persona_5,1570,0.6305806636810303,설화수,윤조에센스 6세대 기프트박스 30ml,스킨케어,에센스
persona_5,1571,0.6274935603141785,설화수,진설크림 리치 60ml,스킨케어,크림
persona_5,1572,0.6261946558952332,설화수,진설세럼 30ml,스킨케어,세럼
persona_5,1573,0.6258222460746765,설화수,진설크림 30ml,스킨케어,크림
persona_5,1574,0.6326841115951538,설화수,퍼펙팅 파운데이션 SPF17/PA+ 35ml,선케어,선크림
persona_6,0,0.6444839239120483,메이크온,메이크온 시너지 마스크,스킨케어,마스크팩
persona_6,1,0.6320882439613342,메이크온,가볍게 마시는 히알루론산,건기식,기능성식품
persona_6,2,0.6351280808448792,메이크온,스킨 라이트 테라피 III,디바이스,스킨기기
persona_6,3,0.6502150893211365,메이크온,스킨 라이트 테라피 3S,디바이스,스킨기기
persona_6,4,0.6420455574989319,메이크온,젬 소노 테라피 릴리프,디바이스,스킨기기
persona_6,5,0.6318982243537903,메이크온,히알루로닉 스파 캡슐 24개입,건기식,기능성식품
persona_6,6,0.6347920298576355,메이크온,마그네타이트 바디롤러,바디,바디케어
persona_6,7,0.6537102460861206,메이크온,,기타,미분류
persona_6,8,0.6384720802307129,메이크온,페이셜 부스팅 스파,기타,미분류
persona_6,9,0.6337253451347351,에뛰드,수분가득 콜라겐 시트 마스크 25ml,스킨케어,마스크팩
persona_6,10,0.6360227465629578,에뛰드,드로잉 아이 브로우 0.25g,메이크업,아이브로우
persona_6,11,0.6460227966308594,에뛰드,진저슈가 립케어 2종 기획세트,메이크업,립제품
persona_6,12,0.6463824510574341,에뛰드,왓츠 인 마이 아이즈,메이크업,아이섀도우
persona_6,13,0.6372368335723877,에뛰드,디어 달링 워터젤 틴트,메이크업,립틴트
persona_6,14,0.6379769444465637,에뛰드,왓츠 인 마이 아이즈 카페 더블,메이크업,아이섀도우
persona_6,15,0.616186261177063,에뛰드,수분가득 콜라겐 딥시트 마스크 37ml,스킨케어,마스크팩
persona_6,16,0.6419919729232788,에뛰드,순정 디렉터 수분 선크림 기획세트 SPF50+/PA++++,선케어,선크림
persona_6,17,0.6201201677322388,에뛰드,닥터 마스카라 픽서 포 래쉬  6g,메이크업,마스카라
persona_6,18,0.6165714263916016,에뛰드,프루프 10 젤 방수 펜슬 0.3 g,메이크업,아이라이너
persona_6,19,0.6402902007102966,에뛰드,순정 디렉터 선크림,선케어,선크림
persona_6,20,0.6034668684005737,에뛰드,뽀오얀 미소 발효 립&아이 리무버 250ml,클렌징,리무버
persona_6,21,0.6248950958251953,에뛰드,님프 광채볼류머 투명한 물광 24g,건기식,기능성식품
persona_6,22,0.6378917098045349,에뛰드,청순거짓 브라우카라 대용량 기획세트,기타,미분류
persona_6,23,0.6430585980415344,에뛰드,컬 픽스 마스카라,메이크업,마스카라
persona_6,24,0.6216050982475281,에뛰드,블링블링 아이스틱 1.4g,건기식,기능성식품
persona_6,25,0.6302828192710876,에뛰드,라인 픽스 브러쉬 라이너 0.5g,메이크업,아이라이너
persona_6,26,0.625492513179779,에뛰드,팡팡 헤어 섀도우 3.5g,메이크업,아이섀도우
persona_6,27,0.613427996635437,에뛰드,픽싱틴트 4g,메이크업,립틴트
persona_6,28,0.6075865030288696,에뛰드,진저슈가 립밤스틱 3.7g,건기식,기능성식품
persona_6,29,0.6051934957504272,에뛰드,진저슈가 에센셜 립밤 15ml,스킨케어,크림
persona_6,30,0.6378536224365234,에뛰드,그림자쉐딩 재창조 & 재창조 쉐딩스틱 기획세트,기타,미분류
persona_6,31,0.6081778407096863,에뛰드,슈팅빔 하이라이터 3g,건기식,기능성식품
persona_6,32,0.6429294943809509,에뛰드,순정 디렉터 톤업 수정 선크림 기획 세트 SPF50+/PA++++,선케어,선크림
persona_6,33,0.6310904622077942,에뛰드,베어 엣지 슬림 브로우 0.1g,메이크업,아이브로우
persona_6,34,0.6125349402427673,에뛰드,플레이 101 스틱 컨투어 듀오,기타,미분류
persona_6,35,0.6317851543426514,에뛰드,컬픽스 마스카라 올인원 3종 세트,메이크업,마스카라
persona_6,36,0.6342455148696899,에뛰드,"6,400원",기타,미분류
persona_6,37,0.5963106155395508,에뛰드,아이돌 리얼 래쉬 픽서 8ml,메이크업,마스카라
persona_6,38,0.6387896537780762,에뛰드,베이킹 파우더 모공 클렌징 폼 듀오세트,기타,미분류
persona_6,39,0.6148775815963745,에뛰드,포근 픽싱틴트 4g,메이크업,립틴트
persona_6,40,0.617792546749115,에뛰드,순정 약산성 클렌징 밀크 200ml,기타,미분류
persona_6,41,0.6365652084350586,에뛰드,리얼아트 클렌징 오일 모이스처 2종 세트,기타,미분류
persona_6,42,0.6383259296417236,에뛰드,디어달링 마커틴트,메이크업,립틴트
persona_6,43,0.6276050209999084,에뛰드,님프 듀이 베이스프렙 30ml,기타,미분류
persona_6,44,0.6363607048988342,에뛰드,뽀용 아이 메이커,기타,미분류
persona_6,45,0.6196982264518738,에뛰드,재창조 메이커 1g,건기식,기능성식품
persona_6,46,0.6196376085281372,에뛰드,오 마이 래쉬 쌩얼 카라 7ml,기타,미분류
persona_6,47,0.6165398955345154,에뛰드,파워 래쉬 속눈썹 영양제 6g,건기식,기능성식품
persona_6,48,0.6351918578147888,에뛰드,재창조 메이커 오버립,기타,미분류
persona_6,49,0.6206308603286743,에뛰드,순정 약산성 5.5 폼 클렌저 150ml,기타,미분류
persona_6,50,0.6097426414489746,에뛰드,진저슈가 오버나이트 립마스크 23g,스킨케어,마스크팩
persona_6,51,0.6200383901596069,에뛰드,수분가득 콜라겐 아이크림 28ml,스킨케어,크림
persona_6,52,0.6235480308532715,에뛰드,컬러 래스팅 글로우 스틱 3.2g,건기식,기능성식품
persona_6,53,0.609448254108429,에뛰드,빅 커버 스킨 핏 컨실러 7g,건기식,기능성식품
persona_6,54,0.6196277737617493,에뛰드,닥터 마스카라 픽서 6g,메이크업,마스카라
persona_6,55,0.6266594529151917,에뛰드,뽀오얀 미소 발효 클렌징오일 150ml,기타,미분류
persona_6,56,0.6146905422210693,에뛰드,베이킹 파우더 B.B 딥 클렌징폼 160g,건기식,기능성식품
persona_6,57,0.6419919729232788,에뛰드,순정 디렉터 무기자차 선크림 기획세트 SPF50+/PA++++,선케어,선크림
persona_6,58,0.6251901984214783,에뛰드,피지쏙 파우더 5g,건기식,기능성식품
persona_6,59,0.6076949238777161,에뛰드,오마이래쉬 마스카라 1호 탑코트 12g,메이크업,마스카라
persona_6,60,0.6336661577224731,에뛰드,플레이 멀티 아이즈,메이크업,아이섀도우
persona_6,61,0.5935065746307373,에뛰드,피지쏙 젤리 파우더 8g,건기식,기능성식품
persona_6,62,0.639244556427002,에뛰드,원더포어 프레쉬너 2종 세트,기타,미분류
persona_6,63,0.6211516857147217,에뛰드,더블 래스팅 비건 커버 파운데이션 SPF32/PA++ 30 g,선케어,선크림
persona_6,64,0.6302909851074219,에뛰드,순정 판텐소사이드10 시카밤 50ml,스킨케어,크림
persona_6,65,0.5945175886154175,에뛰드,래쉬 업 콤브 마스카라 8g,메이크업,마스카라
persona_6,66,0.6021294593811035,에뛰드,글로우 픽싱 틴트 3.8g,메이크업,립틴트
persona_6,67,0.6387040615081787,에뛰드,러블리쿠키 블러셔,기타,미분류
persona_6,68,0.6052904725074768,에뛰드,마스카라 전용 리무버 80ml,메이크업,마스카라
persona_6,69,0.6029676198959351,에뛰드,립 앤 아이 리무버 250ml,클렌징,리무버
persona_6,70,0.6351918578147888,에뛰드,오버 글로이 틴트,메이크업,립틴트
persona_6,71,0.6208826899528503,에뛰드,뽀오얀 미소 발효 클렌징폼 150ml,기타,미분류
persona_6,72,0.6073624491691589,에뛰드,하트 팝 블러셔 4g,건기식,기능성식품
persona_6,73,0.6076601147651672,에뛰드,순정 2x 베리어 보습 크림 60ml,스킨케어,크림
persona_6,74,0.620684802532196,에뛰드,순정 약산성 6.5 휩 클렌저 150ml,기타,미분류
persona_6,75,0.6040860414505005,에뛰드,순정 약산성 5.5 진정 토너 350ml,기타,미분류
persona_6,76,0.6383064389228821,에뛰드,애교살 메이커,기타,미분류
persona_6,77,0.6402704119682312,에뛰드,페이스 브라이트너,기타,미분류
persona_6,78,0.6207362413406372,에뛰드,디어달링 오일틴트 4.2g,메이크업,립틴트
persona_6,79,0.6472339630126953,에뛰드,그림자 쉐딩 브러쉬,기타,미분류
persona_6,80,0.6153920888900757,에뛰드,진저슈가 멜팅 밤 2.3g,스킨케어,크림
persona_6,81,0.6241788268089294,에뛰드,럭키 립햄치크 1.5g,건기식,기능성식품
persona_6,82,0.6383064389228821,에뛰드,홀리데이 에디션,기타,미분류
persona_6,83,0.6122228503227234,에뛰드,순정 10무 수분 에멀전 130ml,기타,미분류
persona_6,84,0.6253844499588013,에뛰드,순정 수분 베리어 크림 75ml,스킨케어,크림
persona_6,85,0.6377974152565002,에뛰드,그림자 쉐딩 브러쉬 1개입,기타,미분류
persona_6,86,0.6301472783088684,에뛰드,2X 쌩얼 라이너 0.5g,메이크업,아이라이너
persona_6,87,0.5994241237640381,에뛰드,AC 클린업 핑크스팟 15ml,기타,미분류
persona_6,88,0.6078884601593018,에뛰드,마이 래쉬 세럼 18g,스킨케어,세럼
persona_6,89,0.6291942596435547,에뛰드,소프트 픽스 메이크업 픽서 50ml,메이크업,마스카라
persona_6,90,0.6427993178367615,에뛰드,그림자 쉐딩 브러쉬,기타,미분류
persona_6,91,0.6186786890029907,에뛰드,피지쏙 팩트 9.5g,스킨케어,마스크팩
persona_6,92,0.5927452445030212,에뛰드,시크릿 빔 파우더 팩트 15g,스킨케어,마스크팩
persona_6,93,0.6365246176719666,에뛰드,립 앤 아이 리무버 100ml,클렌징,리무버
persona_6,94,0.6158371567726135,에뛰드,리얼아트 클렌징 오일 모이스처 185ml,기타,미분류
persona_6,95,0.6330015063285828,에뛰드,클라우드 필터 쿠션 기획세트 SPF42/PA+++,선케어,선크림
persona_6,96,0.6253149509429932,에뛰드,님프 광채 볼류머 + 컨실러 2종 기획세트,기타,미분류
persona_6,97,0.6431913375854492,에뛰드,재창조 메이커 애교살 라이너,메이크업,아이라이너
persona_6,98,0.6111623644828796,에뛰드,베이킹 파우더 사각사각 모공 스크럽 200g,건기식,기능성식품
persona_6,99,0.6398892998695374,에뛰드,반짝눈물 라이너,메이크업,아이라이너
persona_6,100,0.6332017183303833,에뛰드,수분가득 콜라겐 크림 75ml,스킨케어,크림
persona_6,101,0.6183497309684753,에뛰드,수분가득 콜라겐 에멀전 180ml,기타,미분류
persona_6,102,0.6369510293006897,에뛰드,수분가득 콜라겐 2종 세트,기타,미분류
persona_6,103,0.6330015063285828,에뛰드,클라우드 필터 쿠션 기획세트 SPF42/PA+++,선케어,선크림
persona_6,104,0.5972753763198853,에뛰드,클라우드 필터 쿠션 SPF42/PA+++ 15g,선케어,선크림
persona_6,105,0.6497280597686768,에뛰드,그림자 쉐딩,기타,미분류
persona_6,106,0.6353856325149536,에뛰드,오버 글로이 틴트 기획세트,메이크업,립틴트
persona_6,107,0.6073431968688965,에뛰드,슈가컬러링 젤리밤 9g,스킨케어,크림
persona_6,108,0.6043099761009216,에뛰드,오버 글로이 글로스 2.8g,건기식,기능성식품
persona_6,109,0.6186662912368774,에뛰드,프루티 립앤치크 블러밤 2.3g,스킨케어,크림
persona_6,110,0.6378753781318665,에뛰드,마이 베스트 톤 아이즈 2구,메이크업,아이섀도우
persona_6,111,0.6240517497062683,에뛰드,수분가득 콜라겐 클렌징 폼 150g,건기식,기능성식품
persona_6,112,0.6387506723403931,에뛰드,룩 앳 마이 아이즈,메이크업,아이섀도우
persona_6,113,0.639748752117157,에뛰드,뉴이어 컬렉션,기타,미분류
persona_6,114,0.6430585980415344,에뛰드,컬러래스팅 글로우 스틱,기타,미분류
persona_6,115,0.6337411403656006,에뛰드,더블래스팅 커버 컨실러 팔레트,기타,미분류
persona_6,116,0.6374912858009338,에뛰드,디어달링 필오프 립스테인,기타,미분류
persona_6,117,0.6344711184501648,에뛰드,컬픽스 스키니 마스카라 1+1 기획세트,메이크업,마스카라
persona_6,118,0.6186153292655945,에뛰드,팡팡 헤어카라 픽서 10ml,메이크업,마스카라
persona_6,119,0.5833906531333923,에뛰드,진저슈가 립세럼 13g,스킨케어,세럼
persona_6,120,0.6326575875282288,에뛰드,님프 광채 볼류머 듀오 기획세트,기타,미분류
persona_6,121,0.6208826899528503,에뛰드,AC 클린업 클렌징 폼 150ml,기타,미분류
persona_6,122,0.6448636651039124,에뛰드,피지쏙 젤리 파우더 퍼프 2P,기타,미분류
persona_6,123,0.6369231939315796,에뛰드,카페인더 딥 에디션,기타,미분류
persona_6,124,0.6154040098190308,에뛰드,올데이 맑은 BB 크림 SPF36/PA+++ 35ml,선케어,선크림
persona_6,125,0.6120299696922302,에뛰드,순정 약산성 클렌징 밀크 200ml,기타,미분류
persona_6,126,0.6343598365783691,에뛰드,플레이 멀티 아이즈 마루 너만을 오로지 사랑해,메이크업,아이섀도우
persona_6,127,0.616089940071106,에뛰드,벌룬 인 치크 6g,건기식,기능성식품
persona_6,128,0.6274667382240295,에뛰드,컬픽스 마스카라 1호 블랙  & 마스카라 픽서 퍼펙트래쉬,메이크업,마스카라
persona_6,129,0.6351918578147888,에뛰드,사르르 당충전 컬렉션,기타,미분류
persona_6,130,0.5969337821006775,에뛰드,클라우드 필터 쿠션 SPF42/PA+++ 15g,선케어,선크림
persona_6,131,0.6383259296417236,에뛰드,밀키베리 에디션,기타,미분류
persona_6,132,0.6351918578147888,에뛰드,오버 글로이 틴트,메이크업,립틴트
persona_6,133,0.6360703110694885,에뛰드,오버글로이 틴트,메이크업,립틴트
persona_6,134,0.630619466304779,에뛰드,하트팝 블러셔,기타,미분류
persona_6,135,0.630619466304779,에뛰드,낫배드 컬렉션,기타,미분류
persona_6,136,0.6459731459617615,에뛰드,하트팝 듀오 블러셔,기타,미분류
persona_6,137,0.6400376558303833,에뛰드,님프 광채 볼류머 투명한 물광,기타,미분류
persona_6,138,0.6372368335723877,에뛰드,마이 베스트 톤 아이즈,메이크업,아이섀도우
persona_6,139,0.630619466304779,에뛰드,하트팝 블러셔,기타,미분류
persona_6,140,0.6260514259338379,에뛰드,순정판텐소사이드10시카밤 50ml *2,스킨케어,크림
persona_6,141,0.6381940841674805,에뛰드,순정 판텐소사이드 마스크 25ml,스킨케어,마스크팩
persona_6,142,0.6183546781539917,에뛰드,0.2 테라피 에어 마스크 20ml,스킨케어,마스크팩
persona_6,143,0.6006659865379333,에뛰드,뽀오얀 미소 발효 립&아이 리무버 250ml,클렌징,리무버
persona_6,144,0.625449001789093,에뛰드,뽀오얀 클렌징 오일 + 뽀오얀 클렌징 폼,기타,미분류
persona_6,145,0.5899323225021362,에뛰드,오마이래쉬 마스카라 1호 탑코트 12g *2,메이크업,마스카라
persona_6,146,0.6030336022377014,에뛰드,마스카라 전용 리무버 80ml *2,메이크업,마스카라
persona_6,147,0.6093263626098633,에뛰드,파워 래쉬 속눈썹 영양제 6g*2,건기식,기능성식품
persona_6,148,0.6212270259857178,에뛰드,제로피지 드라잉 파우더 4g,건기식,기능성식품
persona_6,149,0.6101975440979004,에뛰드,수분가득 콜라겐 토너 200ml,기타,미분류
persona_6,150,0.6040114760398865,에스트라,아토베리어365 크림 80ml,스킨케어,크림
persona_6,151,0.611981213092804,에스트라,아토베리어365 크림 80ml or 로션150ml,스킨케어,크림
persona_6,152,0.6092089414596558,에스트라,아토베리어365크림미스트 120ml,스킨케어,크림
persona_6,153,0.6187784075737,에스트라,아토베리어365 세라-히알 속수분 앰플 30ml,스킨케어,앰플
persona_6,154,0.598906397819519,에스트라,아토베리어365 바디로션 400ml,바디,바디케어
persona_6,155,0.6172749996185303,에스트라,아토베리어365 하이드로 에센스 200ml,스킨케어,에센스
persona_6,156,0.6297035217285156,에스트라,아토베리어365 버블클렌저 150ml,기타,미분류
persona_6,157,0.6223617196083069,에스트라,아토베리어365 로션 150ml,기타,미분류
persona_6,158,0.6306368708610535,에스트라,더마UV365 무기자차 선크림 or 톤업 선크림 or 비타C광채 수분 선크림 SPF 50+/ PA++++ 40ml,선케어,선크림
persona_6,159,0.6228716373443604,에스트라,리제덤365 모공탄력 캡슐세럼 30ml,스킨케어,세럼
persona_6,160,0.60688716173172,에스트라,테라크네365 클리어 딥 클렌징 폼 200g,건기식,기능성식품
persona_6,161,0.6062825918197632,에스트라,아토베리어365 바디크림 250ml,스킨케어,크림
persona_6,162,0.6163360476493835,에스트라,아토베리어 365 하이드로 수딩크림 60ml,스킨케어,크림
persona_6,163,0.6093262434005737,에스트라,에이시카365 흔적진정세럼pH4.5 40ml,스킨케어,세럼
persona_6,164,0.6137925386428833,에스트라,에이시카 365 수분토너pH4.5 200ml,기타,미분류
persona_6,165,0.6142796874046326,에스트라,NEW 테라크네365 나이아신아마이드5% 흔적 바디 미스트 200ml,바디,바디케어
persona_6,166,0.619225800037384,에스트라,테라크네365 수딩 액티브 모이스처라이저 60ml,기타,미분류
persona_6,167,0.6245866417884827,에스트라,에이시카365 리페어 크림pH4.5 60ml,스킨케어,크림
persona_6,168,0.6194438338279724,에스트라,테라크네365 액티브 세럼 30ml,스킨케어,세럼
persona_6,169,0.6110979914665222,에스트라,에이시카365 쿨링팩패드pH4.5 110ml,스킨케어,마스크팩
persona_6,170,0.6158875823020935,에스트라,테라크네365 하이드로 액티브 토너 200ml,기타,미분류
persona_6,171,0.6012406349182129,에스트라,NEW 리제덤365 레티노이드 아이세럼 15ml,스킨케어,세럼
persona_6,172,0.625261664390564,에스트라,리제덤365 밀도탄력 캡슐크림 50ml,스킨케어,크림
persona_6,173,0.6024057269096375,에스트라,NEW 더마UV365 비타C 광채수분 선크림 SPF50+ PA++++ 40ml,선케어,선크림
persona_6,174,0.6254408359527588,에스트라,더마UV365 레드진정 톤업 선크림 SPF 50+/ PA++++ 40ML,선케어,선크림
persona_6,175,0.610608696937561,에스트라,아토베리어365 크림 150ml*2개 대용량 홀리데이 에디션,스킨케어,크림
persona_6,176,0.6124558448791504,에스트라,아토베리어365 크림 150ml 홀리데이 에디션,스킨케어,크림
persona_6,177,0.6127287149429321,에스트라,리제덤365 모공탄력 캡슐세럼 30ml*2개 + 월리 우프 무드등,스킨케어,세럼
persona_6,178,0.5913612246513367,에스트라,아토베리어365 크림 80ml*3개 + 월리 우프 무드등,스킨케어,크림
persona_6,179,0.6047316193580627,에스트라,에이시카365 흔적진정세럼pH4.5 40ml 더블 세트,스킨케어,세럼
persona_6,180,0.6131730675697327,에스트라,아토베리어365 로션 150ml 더블 세트,기타,미분류
persona_6,181,0.6182112097740173,에스트라,아토베리어365 크림 80ml+세라-히알 속수분 앰플 30ml 더블 세트,스킨케어,앰플
persona_6,182,0.5957123041152954,에스트라,아토베리어365 크림 80ml 더블 세트,스킨케어,크림
persona_6,183,0.6159762144088745,에스트라,테라크네365 액티브 세럼 30ml*2,스킨케어,세럼
persona_6,184,0.6134616732597351,에스트라,테라크네 365 바디미스트 200ml,바디,바디케어
persona_6,185,0.613798201084137,에스트라,에이시카365 쿨링팩 패드pH4.5 110ml,스킨케어,마스크팩
persona_6,186,0.6340336799621582,에스트라,NEW 더마UV365 비타C 광채수분 선크림 40mlX2개 SPF50+ PA++++,선케어,선크림
persona_6,187,0.6151439547538757,에스트라,에이시카365 수분토너pH4.5 200ml*2,기타,미분류
persona_6,188,0.6217432618141174,에스트라,에이시카365 리페어 크림pH4.5 60ml*2,스킨케어,크림
persona_6,189,0.6348989605903625,에스트라,에이시카 365 수분토너pH4.5+에이시카 365 흔적진정세럼pH4.5,스킨케어,세럼
persona_6,190,0.6208826303482056,에스트라,리제덤365 밀도탄력 캡슐크림 50ml*2개,스킨케어,크림
persona_6,191,0.5989106297492981,에스트라,리제덤365 레티노이드 아이세럼 15ml*2개,스킨케어,세럼
persona_6,192,0.6172323822975159,에스트라,아토베리어365 세라-히알 속수분 앰플 30ml*2개,스킨케어,앰플
persona_6,193,0.6209514737129211,에스트라,아토베리어365 크림 80ml+리제덤365 모공탄력 캡슐세럼 30ml,스킨케어,세럼
persona_6,194,0.6405866146087646,에스트라,아토베리어365 바디크림 250mlX2개,스킨케어,크림
persona_6,195,0.6219687461853027,에스트라,리제덤365 모공탄력 캡슐세럼 30ml + 캡슐크림 50ml,스킨케어,세럼
persona_6,196,0.6384729743003845,에스트라,아토베리어365 크림미스트 120mlX2개,스킨케어,크림
persona_6,197,0.6333616375923157,에스트라,더마UV365 장벽수분 무기자차 선크림 40mlX2개 SPF50+ PA++++,선케어,선크림
persona_6,198,0.6395370364189148,에스트라,테라크네365 클리어 딥 클렌징 폼 200gX2개,건기식,기능성식품
persona_6,199,0.6164681315422058,에스트라,아토베리어365 하이드로 에센스 200ml,스킨케어,에센스
persona_6,200,0.6333616375923157,에스트라,더마UV365 레드진정 톤업 선크림 40mlX2개 SPF50+ PA++++,선케어,선크림
persona_6,201,0.6395068764686584,에스트라,아토베리어365 버블클렌저 150mlX2개,기타,미분류
persona_6,202,0.637741208076477,에스트라,아토베리어365바디로션 400mlX2개,바디,바디케어
persona_6,203,0.6364051699638367,에스트라,아토베리어365 하이드로 수딩크림 60mlX2개,스킨케어,크림
persona_6,204,0.593290388584137,,수면양말 1EA,기타,미분류
persona_6,205,0.5715252757072449,,인형 파우치,기타,미분류
persona_6,206,0.5907779932022095,,APBADAs스티커 1EA,기타,미분류
persona_6,207,0.5855883955955505,,APBADAs X KBP 스트링 파우치,기타,미분류
persona_6,208,0.5994545817375183,,APBADAs 아모레까뮈 지비츠,기타,미분류
persona_6,209,0.5814813375473022,,APBADAs 돌풍이 마우스패드 1EA,기타,미분류
persona_6,210,0.575517475605011,,APBADAs 아모레까뮈 인형파우치 1EA,기타,미분류
persona_6,211,0.5830771923065186,,APBADAs 돌풍이 캐릭터인형 L,기타,미분류
persona_6,212,0.5840720534324646,,앞바다즈 인형키링 8종,기타,미분류
persona_6,213,0.5792931914329529,,돌풍이/돌풍E 캐릭터 인형,기타,미분류
persona_6,214,0.5819839239120483,,무릎담요,기타,미분류
persona_6,215,0.5878657102584839,,APBADAs X KBP 랩탑 파우치 1EA,기타,미분류
persona_6,216,0.570797860622406,,무릎담요,기타,미분류
persona_6,217,0.5830771923065186,,APBADAs 돌풍E 캐릭터인형 L,기타,미분류
persona_6,218,0.589876651763916,,APBADAs 인형 키링 아모레까뮈 1EA,기타,미분류
persona_6,219,0.5761081576347351,,APBADAs 아모레까뮈 캐릭터인형 1EA,기타,미분류
persona_6,220,0.5826056599617004,,캐릭터 지비츠,기타,미분류
persona_6,221,0.5910980105400085,,스노우 메이커,기타,미분류
persona_6,222,0.574433445930481,,APBADAs 인형 6종,기타,미분류
persona_6,223,0.5740450620651245,,APBADAs캐릭터실리콘참 8EA,기타,미분류
persona_6,224,0.5613859295845032,,APBADAs스마트톡 1EA,기타,미분류
persona_6,225,0.6177284717559814,라보에이치,모발강화클리닉 샴푸 430ml,기타,미분류
persona_6,226,0.618572473526001,라보에이치,모발강화클리닉 트리트먼트 200ml,기타,미분류
persona_6,227,0.6012775897979736,라보에이치,두피강화 클리닉 샴푸 탈모증상완화 400ml,기타,미분류
persona_6,228,0.6357592940330505,라보에이치,모발강화클리닉 에센스 75ml,스킨케어,에센스
persona_6,229,0.6012775897979736,라보에이치,두피강화클리닉 샴푸 탈모증상완화 리필팩 400ml,스킨케어,마스크팩
persona_6,230,0.6087160706520081,라보에이치,두피강화 클리닉 캡슐 트리트먼트 탈모증상완화 220ml,기타,미분류
persona_6,231,0.6447203159332275,라보에이치,프리미엄 샴푸 브러쉬 1입,기타,미분류
persona_6,232,0.6290749907493591,라보에이치,두피강화 클리닉 앰플 토닉 탈모증상완화 100ml,스킨케어,앰플
persona_6,233,0.6037359237670898,라보에이치,두피강화 클리닉 헤어라인 앰플 탈모증상완화 15ml,스킨케어,앰플
persona_6,234,0.603551983833313,라보에이치,탈모증상완화 샴푸 두피강화 블랑쉬앤우디/페어앤프리지아 400ml,기타,미분류
persona_6,235,0.6018133759498596,라보에이치,댄드러프클리닉 샴푸 탈모증상완화 400ml,기타,미분류
persona_6,236,0.596731424331665,라보에이치,두피강화클리닉 쿨링&노세범 샴푸 400ml,기타,미분류
persona_6,237,0.5967215895652771,라보에이치,두피강화클리닉 쿨링&노세범 샴푸 리필팩 400ml,스킨케어,마스크팩
persona_6,238,0.6017672419548035,라보에이치,탈모증상완화 샴푸 민감더마 400ml,기타,미분류
persona_6,239,0.6044887900352478,라보에이치,댄드러프클리닉 워터스케일러 탈모증상완화 250ml,기타,미분류
persona_6,240,0.6012775897979736,라보에이치,두피강화클리닉 샴푸 탈모증상완화 종이리필 400ml,기타,미분류
persona_6,241,0.6137105226516724,라보에이치,댄드러프클리닉 샴푸 탈모증상완화 리필팩 400ml,스킨케어,마스크팩
persona_6,242,0.5912308096885681,라보에이치,두피강화클리닉 스케일러 탈모증상완화 208g,건기식,기능성식품
persona_6,243,0.6493765711784363,라보에이치,두피강화클리닉 샴푸 탈모증상완화 리필팩,스킨케어,마스크팩
persona_6,244,0.6496770977973938,라보에이치,두피강화 클리닉 샴푸 탈모증상완화,기타,미분류
persona_6,245,0.6443698406219482,라보에이치,댄드러프클리닉 샴푸 탈모증상완화,기타,미분류
persona_6,246,0.6389297246932983,라보에이치,두피강화클리닉 쿨링&노세범 샴푸,기타,미분류
persona_6,247,0.6502218842506409,라보에이치,탈모증상완화 샴푸 두피강화 블랑쉬앤우디,기타,미분류
persona_6,248,0.6497268676757812,라보에이치,두피강화 클리닉 앰플 토닉 탈모증상완화,스킨케어,앰플
persona_6,249,0.6497275829315186,라보에이치,두피강화 클리닉 헤어라인 앰플 탈모증상완화,스킨케어,앰플
persona_6,250,0.6481390595436096,라보에이치,두피강화 클리닉 캡슐 탈모증상완화 트리트먼트,건기식,기능성식품
persona_6,251,0.6502218842506409,라보에이치,탈모증상완화 샴푸 두피강화 페어앤프리지아,기타,미분류
persona_6,252,0.6489007472991943,라보에이치,두피강화 클리닉 샴푸 탈모증상완화,기타,미분류
persona_6,253,0.6396695375442505,롱테이크,솔리드 퍼퓸 디스커버리 3종 키트,기타,미분류
persona_6,254,0.6097822785377502,롱테이크,NEW 헤어 오일  40ml,기타,미분류
persona_6,255,0.6241990327835083,롱테이크,샴푸  300ml,기타,미분류
persona_6,256,0.6480266451835632,롱테이크,샌달우드 인텐시브 3종 트라이얼 키트,기타,미분류
persona_6,257,0.6334331631660461,롱테이크,핸드크림  50ml,스킨케어,크림
persona_6,258,0.6216773986816406,롱테이크,바디로션  200ml,바디,바디케어
persona_6,259,0.6241990327835083,롱테이크,바디워시  300ml,바디,바디케어
persona_6,260,0.6230499744415283,롱테이크,NEW 솔리드 퍼퓸  30ml,기타,미분류
persona_6,261,0.6197998523712158,롱테이크,NEW 트리트먼트  200ml,기타,미분류
persona_6,262,0.6111344695091248,롱테이크,코어본딩 헤어마스크  200ml,스킨케어,마스크팩
persona_6,263,0.6480767130851746,롱테이크,샌달우드 오드퍼퓸 SET,기타,미분류
persona_6,264,0.6351476907730103,롱테이크,샌달우드 샴푸&헤어오일 SET,기타,미분류
persona_6,265,0.6485654711723328,롱테이크,블랙티앤피그 소프트닝 헤어 오일,기타,미분류
persona_6,266,0.6485654711723328,롱테이크,샌달우드 인텐시브 헤어 오일,기타,미분류
persona_6,267,0.6502698063850403,롱테이크,블랙티앤피그 소프트닝 바디워시+바디로션,바디,바디케어
persona_6,268,0.6502698063850403,롱테이크,샌달우드 인텐시브 바디워시+바디로션,바디,바디케어
persona_6,269,0.6502698063850403,롱테이크,블랙티앤피그 소프트닝 샴푸+트리트먼트,기타,미분류
persona_6,270,0.6502698063850403,롱테이크,샌달우드 인텐시브 샴푸+트리트먼트,기타,미분류
persona_6,271,0.6172844171524048,롱테이크,오드 퍼퓸  20ml,기타,미분류
persona_6,272,0.6414721012115479,에스쁘아,비벨벳 커버쿠션 기획세트 SPF42/PA++,선케어,선크림
persona_6,273,0.6060251593589783,에스쁘아,노웨어 립스틱 바밍글로우 3g,메이크업,립스틱
persona_6,274,0.6394038796424866,에스쁘아,더 브로우 밸런스 펜슬 0.1g,메이크업,아이브로우
persona_6,275,0.6119197010993958,에스쁘아,꾸뛰르 립 틴트 글레이즈 4g,메이크업,립틴트
persona_6,276,0.6586635112762451,에스쁘아,비글로우 볼륨쿠션 에어 퍼프 1ea,기타,미분류
persona_6,277,0.6402642130851746,에스쁘아,리얼 아이 애교살 스틱,기타,미분류
persona_6,278,0.6191744208335876,에스쁘아,비글로우 파운데이션 SPF27/PA++ 30g,선케어,선크림
persona_6,279,0.6322541832923889,에스쁘아,아이 오프닝 펜슬 0.3g,메이크업,아이라이너
persona_6,280,0.5880691409111023,에스쁘아,스트로빙 하이라이터 8g,건기식,기능성식품
persona_6,281,0.6116019487380981,에스쁘아,꾸뛰르 립 틴트 피팅 블러 4g,메이크업,립틴트
persona_6,282,0.6363058090209961,에스쁘아,노웨어 립스틱 볼륨 매트,메이크업,립스틱
persona_6,283,0.6414721012115479,에스쁘아,프로테일러 비내추럴 쿠션 SPF50+/PA++++,선케어,선크림
persona_6,284,0.6178897023200989,에스쁘아,더브로우 컬러 픽싱 카라 3g,메이크업,아이브로우
persona_6,285,0.635421633720398,에스쁘아,워터 스플래쉬 선크림 세라마이드 기획세트 SPF50+/PA++++,선케어,선크림
persona_6,286,0.6414721012115479,에스쁘아,비글로우 볼륨 쿠션 SPF42/PA+++,선케어,선크림
persona_6,287,0.6060251593589783,에스쁘아,베어 글로우 립밤 3g,스킨케어,크림
persona_6,288,0.6387360692024231,에스쁘아,스키니 픽스 블렌더,기타,미분류
persona_6,289,0.6363058090209961,에스쁘아,노웨어 립스틱 바밍 글로우,메이크업,립스틱
persona_6,290,0.6349992752075195,에스쁘아,블러리 치크,기타,미분류
persona_6,291,0.6393800973892212,에스쁘아,비벨벳 파운데이션 SPF22/PA++,선케어,선크림
persona_6,292,0.6391999125480652,에스쁘아,더브로우 이지쉐이핑 펜슬,메이크업,아이브로우
persona_6,293,0.6486235857009888,에스쁘아,플럼피즈 오버립 펜슬,메이크업,아이라이너
persona_6,294,0.6414721012115479,에스쁘아,비벨벳 커버 쿠션 SPF42/PA++,선케어,선크림
persona_6,295,0.5935118198394775,에스쁘아,비글로우 스틱 파운데이션 SPF50+/PA++++ 11g,선케어,선크림
persona_6,296,0.6121156811714172,에스쁘아,노머징 마스카라 워터프루프 XP 9g,메이크업,마스카라
persona_6,297,0.6373664140701294,에스쁘아,갤럭시 에디션,기타,미분류
persona_6,298,0.6352728009223938,에스쁘아,워터스플래쉬 선크림  SPF50+/PA++++,선케어,선크림
persona_6,299,0.6359291076660156,에스쁘아,비글로우 볼륨 쿠션 글리밍 캘리 3종 기획세트 SPF42/PA+++,선케어,선크림
persona_6,300,0.6266194581985474,에스쁘아,노머징 브러쉬 라이너 1g,메이크업,아이라이너
persona_6,301,0.6349992752075195,에스쁘아,디즈니 에디션,기타,미분류
persona_6,302,0.635421633720398,에스쁘아,워터 스플래쉬 프레쉬 시카 선크림 SPF50+/PA++++,선케어,선크림
persona_6,303,0.6433725357055664,에스쁘아,트루 글로우 파운데이션 브러쉬 1ea,기타,미분류
persona_6,304,0.6104777455329895,에스쁘아,비글로우 스틱 쉐딩 9g,건기식,기능성식품
persona_6,305,0.5983276963233948,에스쁘아,비글로우 볼륨 쿠션 SPF42/PA+++ 13g,선케어,선크림
persona_6,306,0.6349992752075195,에스쁘아,플럼피즈 립글로스,기타,미분류
persona_6,307,0.6454901695251465,에스쁘아,파워컬링레드뷰러,기타,미분류
persona_6,308,0.6402902007102966,에스쁘아,톤페어링 컨투어 팔레트,기타,미분류
persona_6,309,0.628119707107544,에스쁘아,워터 스플래쉬 선크림 톤업 래스팅 SPF50+/PA++++ 50ml,선케어,선크림
persona_6,310,0.5975347757339478,에스쁘아,톤페어링 리퀴드 치크 8ml,기타,미분류
persona_6,311,0.5968237519264221,에스쁘아,비벨벳 커버 쿠션 13g,건기식,기능성식품
persona_6,312,0.6068050861358643,에스쁘아,이지 블렌딩 컨실러 10g,건기식,기능성식품
persona_6,313,0.6395162343978882,에스쁘아,비글로우 스틱 래디언스,기타,미분류
persona_6,314,0.6163211464881897,에스쁘아,톤페어링 치크 9.6g,건기식,기능성식품
persona_6,315,0.6354246139526367,에스쁘아,비벨벳 커버쿠션 기획세트 SPF42/PA++,선케어,선크림
persona_6,316,0.6497280597686768,에스쁘아,플럼피즈 에디션,기타,미분류
persona_6,317,0.6037139892578125,에스쁘아,듀라이크 젤로 글로우라이저 40ml,기타,미분류
persona_6,318,0.6293308138847351,에스쁘아,프레쉬 세팅 픽서 100ml,메이크업,마스카라
persona_6,319,0.6320868730545044,에스쁘아,워터 스플래쉬 선 세럼 SPF50+/PA+++ 50ml,선케어,선크림
persona_6,320,0.6486140489578247,에스쁘아,듀얼 스머징 립 브러쉬,기타,미분류
persona_6,321,0.6185766458511353,에스쁘아,톤페어링 하이라이터 9.6g,건기식,기능성식품
persona_6,322,0.6117652058601379,에스쁘아,프레쉬 세팅 파우더 9g,건기식,기능성식품
persona_6,323,0.6434303522109985,에스쁘아,비벨벳 피팅 스펀지 1ea,기타,미분류
persona_6,324,0.586314857006073,에스쁘아,프로테일러 비글로우 쉬어 파우더 8g,건기식,기능성식품
persona_6,325,0.5963926911354065,에스쁘아,비벨벳 세범컷 쿨링 쿠션 15.8g,건기식,기능성식품
persona_6,326,0.597662091255188,에스쁘아,프로테일러 비내추럴 쿠션 SPF50+/PA++++ 14g,선케어,선크림
persona_6,327,0.639029324054718,에스쁘아,듀라이크 젤로 톤업 쿠션 SPF50+/PA+++,선케어,선크림
persona_6,328,0.6179803609848022,에스쁘아,더브로우 컬러 픽싱 카라 쿨그레이 3g,메이크업,아이브로우
persona_6,329,0.6393535137176514,에스쁘아,리얼 아이 팔레트,기타,미분류
persona_6,330,0.6336661577224731,에스쁘아,플럼피즈 볼륨 밤,기타,미분류
persona_6,331,0.6232134699821472,에스쁘아,꾸뛰르 립 틴트 글레이즈 5.5g,메이크업,립틴트
persona_6,332,0.6112402081489563,에스쁘아,꾸뛰르 립 틴트  4g,메이크업,립틴트
persona_6,333,0.6350468993186951,에스쁘아,워터스플래쉬 선크림 톤업 래스팅 SPF50+/PA++++,선케어,선크림
persona_6,334,0.6214874386787415,에스쁘아,워터 스플래쉬 선크림 세라마이드 SPF50+/PA++++ 60ml,선케어,선크림
persona_6,335,0.6486140489578247,에스쁘아,비글로우 볼륨쿠션 에어 퍼프,기타,미분류
persona_6,336,0.6410548686981201,에스쁘아,비글로우 볼륨 쿠션 23호 베이지 SPF42/PA+++,선케어,선크림
persona_6,337,0.6410548686981201,에스쁘아,비글로우 볼륨 쿠션 22호 페탈 SPF42/PA+++,선케어,선크림
persona_6,338,0.6410548686981201,에스쁘아,비글로우 볼륨 쿠션 21호 아이보리 SPF42/PA+++,선케어,선크림
persona_6,339,0.6410548686981201,에스쁘아,비글로우 볼륨 쿠션 20호 바닐라 SPF42/PA+++,선케어,선크림
persona_6,340,0.6410548686981201,에스쁘아,비글로우 볼륨 쿠션 13호 포슬린 SPF42/PA+++,선케어,선크림
persona_6,341,0.6385873556137085,에스쁘아,비글로우 볼륨쿠션 에어 퍼프,기타,미분류
persona_6,342,0.6430585980415344,에스쁘아,허쉬드 체리 에디션,기타,미분류
persona_6,343,0.641062319278717,에스쁘아,수퍼 소프트 페이스 브러쉬 1EA,기타,미분류
persona_6,344,0.6353099942207336,아모레성수,01 아이브로우 브러쉬,메이크업,아이브로우
persona_6,345,0.625695526599884,아모레성수,12 블러셔 브러쉬,기타,미분류
persona_6,346,0.6169804930686951,아모레성수,아모레 성수 토너 210ml,기타,미분류
persona_6,347,0.5972908139228821,아모레성수,15 립 브러쉬,기타,미분류
persona_6,348,0.6112973093986511,아모레성수,14 컨투어링 브러쉬,기타,미분류
persona_6,349,0.6140857338905334,아모레성수,11 하이라이트 브러쉬,기타,미분류
persona_6,350,0.6109877228736877,아모레성수,03 언더섀도우 브러쉬,메이크업,아이섀도우
persona_6,351,0.6173581480979919,아모레성수,10 파운데이션 브러쉬,기타,미분류
persona_6,352,0.6208755373954773,아모레성수,09 컨실러 브러쉬,기타,미분류
persona_6,353,0.6205394268035889,아모레성수,07 아이섀도우 브러쉬,메이크업,아이섀도우
persona_6,354,0.6353240013122559,아모레성수,,기타,미분류
persona_6,355,0.5997240543365479,아모레성수,13 파우더 브러쉬,기타,미분류
persona_6,356,0.6094134449958801,아모레성수,08 아이섀도우 블렌딩 브러쉬,메이크업,아이섀도우
persona_6,357,0.6314006447792053,아모레성수,06 아이섀도우 브러쉬,메이크업,아이섀도우
persona_6,358,0.6266182661056519,아모레성수,05 아이섀도우 브러쉬,메이크업,아이섀도우
persona_6,359,0.6161264777183533,아모레성수,02 아이섀도우 홀 브러쉬,메이크업,아이섀도우
persona_6,360,0.6059438586235046,미쟝센,올뉴 쉽고 빠른 거품 염색 80g,건기식,기능성식품
persona_6,361,0.6110917329788208,미쟝센,퍼펙트 세럼 80ml,스킨케어,세럼
persona_6,362,0.6070604920387268,미쟝센,파워 스윙 왁스 9 80g,건기식,기능성식품
persona_6,363,0.6121355891227722,미쟝센,NEW 헬로크림 더블커버  120g,스킨케어,크림
persona_6,364,0.5993161797523499,미쟝센,헤어앤스칼프 부스터 샴푸 800g,건기식,기능성식품
persona_6,365,0.6336456537246704,미쟝센,살롱10 단백질 에센스 팩  990ml,스킨케어,마스크팩
persona_6,366,0.6256639361381531,미쟝센,컬링 에센스 2X 내추럴/볼륨 150ml,스킨케어,에센스
persona_6,367,0.6182213425636292,미쟝센,퍼펙트 오리지널 세럼 샴푸 680ml,스킨케어,세럼
persona_6,368,0.633259117603302,미쟝센,살롱10 단백질 샴푸  990ml,기타,미분류
persona_6,369,0.6223068833351135,미쟝센,퍼펙트 베이스업 에센스 200ml,스킨케어,에센스
persona_6,370,0.6162328720092773,미쟝센,펄샤이닝 리페어 샴푸/트리트먼트 1000ml,기타,미분류
persona_6,371,0.6188220977783203,미쟝센,스타일케어 헤어스프레이 300ml,기타,미분류
persona_6,372,0.6100846529006958,미쟝센,퍼펙트 세럼 홈 케어 트리트먼트 900ml,스킨케어,세럼
persona_6,373,0.6121393442153931,미쟝센,살롱10 프로페셔널 시카 프로틴 트리트먼트 215ml,기타,미분류
persona_6,374,0.6291822195053101,미쟝센,퍼펙트 엉킴제로 노워시 트리트먼트 150ml,기타,미분류
persona_6,375,0.64151531457901,미쟝센,올뉴 샤이닝에센스 100g,스킨케어,에센스
persona_6,376,0.6182213425636292,미쟝센,퍼펙트 오리지널 세럼 컨디셔너 680ml,스킨케어,세럼
persona_6,377,0.6170895099639893,미쟝센,살롱10 프로페셔널 시카 프로틴 샴푸 480ml,기타,미분류
persona_6,378,0.6402979493141174,미쟝센,NEW 헬로버블 100g,건기식,기능성식품
persona_6,379,0.6155351400375366,미쟝센,퍼펙트 매직 스트레이트 세럼 샴푸 530ml,스킨케어,세럼
persona_6,380,0.6072636842727661,미쟝센,퍼펙트 매직 스트레이트 세럼 80ml,스킨케어,세럼
persona_6,381,0.6485555171966553,미쟝센,볼륨케어 퍼플 콜라겐 샴푸,기타,미분류
persona_6,382,0.6485555171966553,미쟝센,스칼프케어 그린 시카 샴푸,기타,미분류
persona_6,383,0.6152368783950806,미쟝센,올뉴 쉽고 빠른 크림염색 80g,스킨케어,크림
persona_6,384,0.6489738821983337,미쟝센,퍼펙트 세럼 트리트먼트,스킨케어,세럼
persona_6,385,0.6140222549438477,미쟝센,퍼펙트 매직 스트레이트 세럼 트리트먼트 230ml,스킨케어,세럼
persona_6,386,0.6195065379142761,미쟝센,데미지케어 레드 프로틴 컨디셔너 680ml,기타,미분류
persona_6,387,0.6182213425636292,미쟝센,퍼펙트 슈퍼리치 세럼 컨디셔너 680ml,스킨케어,세럼
persona_6,388,0.6182213425636292,미쟝센,퍼펙트 슈퍼리치 세럼 샴푸 680ml,스킨케어,세럼
persona_6,389,0.6108385920524597,미쟝센,데미지케어 레드 프로틴 헤어크림에센스 140ml,스킨케어,에센스
persona_6,390,0.6295291185379028,미쟝센,데미지케어 레드 프로틴 샴푸,기타,미분류
persona_6,391,0.6220223307609558,미쟝센,이너플렉스 모발강화제 145g,건기식,기능성식품
persona_6,392,0.6253237724304199,미쟝센,헤어앤스칼프 너리싱 부스터 트리트먼트 300g,건기식,기능성식품
persona_6,393,0.6471229791641235,미쟝센,볼륨케어 퍼플 콜라겐 트리트먼트,기타,미분류
persona_6,394,0.6471229791641235,미쟝센,데미지케어 레드 프로틴 트리트먼트,기타,미분류
persona_6,395,0.6509012579917908,미쟝센,이너플렉스 모발강화 샴푸/트리트먼트,기타,미분류
persona_6,396,0.6096840500831604,미쟝센,퍼펙트 노 워시 워터 트리트먼트 215ml,기타,미분류
persona_6,397,0.610501766204834,미쟝센,살롱10 단백질 트리트먼트 250ml,기타,미분류
persona_6,398,0.6190748810768127,미쟝센,쿨링케어 블루멘톨 샴푸 680ml,기타,미분류
persona_6,399,0.6210976243019104,미쟝센,컬링 매트 볼륨 헤어픽서 200ml,메이크업,마스카라
persona_6,400,0.6130198836326599,미쟝센,헬로버블 퍼퓸보색 핑크 샴푸 400ml,기타,미분류
persona_6,401,0.6411327719688416,미쟝센,NEW 헬로블리치 프라이머 버블 100g,건기식,기능성식품
persona_6,402,0.6182213425636292,미쟝센,퍼펙트 스타일링 세럼 컨디셔너 680ml,스킨케어,세럼
persona_6,403,0.6152300834655762,미쟝센,NEW 헬로크림 125g,스킨케어,크림
persona_6,404,0.6006906628608704,미쟝센,헬로 젤리팡팡 8g,건기식,기능성식품
persona_6,405,0.642421305179596,미쟝센,살롱10 단백질 트리트먼트,기타,미분류
persona_6,406,0.639720618724823,미쟝센,살롱10 시카 프로틴 샴푸,기타,미분류
persona_6,407,0.648573637008667,미쟝센,퍼펙트 세럼 트리트먼트,스킨케어,세럼
persona_6,408,0.6496726274490356,미쟝센,퍼펙트 베이스업 헤어 에센스,스킨케어,에센스
persona_6,409,0.6402450203895569,미쟝센,컬링 에센스 2X 내추럴,스킨케어,에센스
persona_6,410,0.6402450203895569,미쟝센,컬링 에센스 2X 볼륨,스킨케어,에센스
persona_6,411,0.6494673490524292,미쟝센,퍼펙트 세럼 홈 케어 트리트먼트,스킨케어,세럼
persona_6,412,0.6298153400421143,미쟝센,퍼펙트 아르간 캡슐 리페어 헤어 마스크 180g,스킨케어,마스크팩
persona_6,413,0.650239109992981,미쟝센,퍼펙트 매직 스트레이트 세럼 샴푸,스킨케어,세럼
persona_6,414,0.6477400064468384,미쟝센,퍼펙트 매직 스트레이트 세럼,스킨케어,세럼
persona_6,415,0.650239109992981,미쟝센,퍼펙트 매직 스트레이트 세럼 트리트먼트,스킨케어,세럼
persona_6,416,0.6466248035430908,미쟝센,살롱10 프로페셔널 시카 프로틴 트리트먼트,기타,미분류
persona_6,417,0.6500820517539978,미쟝센,컬링 매트 볼륨 헤어픽서,메이크업,마스카라
persona_6,418,0.6182213425636292,미쟝센,퍼펙트 스타일링 세럼 샴푸 680ml,스킨케어,세럼
persona_6,419,0.6109291911125183,아모레퍼시픽,트리트먼트 엔자임 클렌징 폼 120g,건기식,기능성식품
persona_6,420,0.6277883052825928,아모레퍼시픽,모이스춰 플럼핑 넥타 크림 50ml,스킨케어,크림
persona_6,421,0.6120979189872742,아모레퍼시픽,타임 레스폰스 스킨 리뉴얼 미스트 200ml,기타,미분류
persona_6,422,0.6118056178092957,아모레퍼시픽,타임 레스폰스 스킨 리저브 플루이드 160ml,기타,미분류
persona_6,423,0.6369184851646423,아모레퍼시픽,,스킨케어,미분류
persona_6,424,0.6109238266944885,아모레퍼시픽,보태니컬 수딩 토너 200ml,기타,미분류
persona_6,425,0.6135210990905762,아모레퍼시픽,타임 레스폰스 스킨 리저브 토너 200ml,기타,미분류
persona_6,426,0.6443741917610168,아모레베이직,듀얼 코튼 면봉 150매,기타,미분류
persona_6,427,0.6366332769393921,아모레베이직,프리티 눈썹칼 2입,기타,미분류
persona_6,428,0.6520960927009583,아모레베이직,순면 5겹 화장솜 50매 / 120매,기타,미분류
persona_6,429,0.6368790864944458,아모레베이직,그린티 오일 컨트롤 페이퍼 70매,기타,미분류
persona_6,430,0.6195537447929382,아모레베이직,토너 아껴주는 1/2 스킨팩 화장솜 400매,스킨케어,마스크팩
persona_6,431,0.6413528323173523,아모레베이직,물광 메이크업 씨앗 스펀지 2ea,기타,미분류
persona_6,432,0.6372151374816895,아모레베이직,애프터 마스카라 히팅 속눈썹 고데기,메이크업,마스카라
persona_6,433,0.6423144340515137,아모레베이직,소프트 엠보싱 원형 화장솜 100매,기타,미분류
persona_6,434,0.6364710330963135,아모레베이직,컴팩트 아이래쉬 컬러,스킨케어,마스크팩
persona_6,435,0.642072856426239,아모레베이직,아모레베이직 X 벤자민무어 더 에센셜 배쓰밤 2입세트,스킨케어,크림
persona_6,436,0.6419249773025513,아모레베이직,아모레베이직 X 벤자민무어 더 에센셜 세라믹 바디 괄사,바디,바디케어
persona_6,437,0.6323864459991455,아모레베이직,프로페셔널 아티스트 브러쉬 8종 키트,기타,미분류
persona_6,438,0.6491864323616028,아모레베이직,아모레베이직 미피 솔리드 퍼퓸 2종+실리콘키링,기타,미분류
persona_6,439,0.6535030007362366,아모레베이직,데일리 메이크업 조각 스펀지 20ea / 60ea,기타,미분류
persona_6,440,0.6407966017723083,한율,자연을 닮은 립밤,기타,미분류
persona_6,441,0.6206876635551453,한율,흰감국 광채 선크림 SPF50+/PA++++ 70ml,선케어,선크림
persona_6,442,0.6362794041633606,한율,부들밤 말끔피지 모공팩 기획세트,스킨케어,마스크팩
persona_6,443,0.6214461922645569,한율,어린쑥 수분진정 토너 150ml,기타,미분류
persona_6,444,0.6431913375854492,한율,랩핑 마스크 기획세트 4매,스킨케어,마스크팩
persona_6,445,0.6158583760261536,한율,어린쑥 수분진정 플루이드 125ml,기타,미분류
persona_6,446,0.6283571124076843,한율,자연을 닮은 핸드크림 50ml,스킨케어,크림
persona_6,447,0.6412997245788574,한율,빨간쌀 보습탄력 2종 세트,기타,미분류
persona_6,448,0.6372151374816895,한율,어린쑥 매끈결 클렌징 오일 기획세트,기타,미분류
persona_6,449,0.6362794041633606,한율,부들밤 깔끔각질 모공팩 기획세트,스킨케어,마스크팩
persona_6,450,0.6466509699821472,한율,달빛유자 패드 60매,기타,미분류
persona_6,451,0.6166103482246399,한율,백화고 클렌징 마사지 크림 200ml,스킨케어,크림
persona_6,452,0.647310197353363,한율,어린쑥 속수분 쑥히알 패드 기획세트,기타,미분류
persona_6,453,0.615872859954834,한율,송담 탄력 에멀젼 125ml,기타,미분류
persona_6,454,0.6185669302940369,한율,송담 탄력 스킨 150ml,기타,미분류
persona_6,455,0.6289592385292053,한율,빨간쌀 보습탄력 크림 55ml,스킨케어,크림
persona_6,456,0.647310197353363,한율,보들은행잎 모공탄탄 펩타이드 패드 60매,기타,미분류
persona_6,457,0.6314579248428345,한율,어린쑥 수분진정 선크림 SPF50+/PA++++ 50ml,선케어,선크림
persona_6,458,0.6392487287521362,한율,극진 2종 기획 세트,기타,미분류
persona_6,459,0.6368802785873413,한율,어린쑥 속수분 쑥히알 크림 기획세트,스킨케어,크림
persona_6,460,0.6328855156898499,한율,백화고 기미탄력 아이크림 25ml,스킨케어,크림
persona_6,461,0.6405777335166931,한율,빨간쌀 보습탄력 에센스 크림 2종세트,스킨케어,에센스
persona_6,462,0.6247665286064148,한율,빨간쌀 보습탄력 에센스 150ml,스킨케어,에센스
persona_6,463,0.6390810608863831,한율,어린쑥 수분진정 2종 세트,건기식,기능성식품
persona_6,464,0.6077408790588379,한율,백화고 기미탄력 비비 크림 SPF40/PA++ 40ml,선케어,선크림
persona_6,465,0.6149188876152039,한율,빨간쌀 보습탄력 에멀젼 125ml,기타,미분류
persona_6,466,0.6339271664619446,한율,달빛유자 수면팩 100ml,스킨케어,마스크팩
persona_6,467,0.6282317042350769,한율,보들은행잎 모공핏 세럼 기획세트,스킨케어,세럼
persona_6,468,0.6439083218574524,한율,보들은행잎 모공핏 마스크 기획세트 4매,스킨케어,마스크팩
persona_6,469,0.6177877187728882,한율,어린쑥 수분진정크림 리필 캡슐 30ml *2,스킨케어,크림
persona_6,470,0.6170066595077515,한율,백화고 기미탄력 크림 기획세트 60ml,스킨케어,크림
persona_6,471,0.6185298562049866,한율,달빛유자C 세럼 30ml,스킨케어,세럼
persona_6,472,0.6154898405075073,한율,극진 스킨 125ml,기타,미분류
persona_6,473,0.6317851543426514,한율,어린쑥 속수분 쑥히알 세럼 기획세트,스킨케어,세럼
persona_6,474,0.6480404138565063,한율,백화고 기미탄력 듀얼샷 앰플 기획세트,스킨케어,앰플
persona_6,475,0.6377766132354736,한율,어린쑥 클렌징 팩밤 기획세트,스킨케어,마스크팩
persona_6,476,0.6446280479431152,한율,극진 크림 대용량 단품 기획세트,스킨케어,크림
persona_6,477,0.6271647214889526,한율,극진 에센스 기획세트 60ml,스킨케어,에센스
persona_6,478,0.6232849955558777,한율,극진 아이크림 기획세트 30ml,스킨케어,크림
persona_6,479,0.610078752040863,한율,극진 크림 클렌징폼 200ml,스킨케어,크림
persona_6,480,0.6009113788604736,한율,달빛유자 수면팩 리필세트 40ml*2,스킨케어,마스크팩
persona_6,481,0.6265305280685425,한율,달빛유자C 세럼 50ml,스킨케어,세럼
persona_6,482,0.6168757081031799,한율,빨간쌀 보습탄력 크림 리필세트 30ml *2,스킨케어,크림
persona_6,483,0.6114038228988647,한율,극진 에멀젼 125ml,기타,미분류
persona_6,484,0.6353849768638611,한율,극진 크림 세트 50ml,스킨케어,크림
persona_6,485,0.6387795805931091,한율,송담 탄력 2종 기획세트,기타,미분류
persona_6,486,0.6124786734580994,한율,어린쑥 트러블 미스트 120ml,기타,미분류
persona_6,487,0.6327976584434509,한율,달빛유자 수면팩 기획세트,스킨케어,마스크팩
persona_6,488,0.6467134356498718,한율,어린쑥 수분진정 패드 기획세트,건기식,기능성식품
persona_6,489,0.6483314633369446,한율,어린쑥 클렌징 흡착 팩폼 기획세트,스킨케어,마스크팩
persona_6,490,0.6334898471832275,한율,어린쑥 수분진정 크림 기획세트,스킨케어,크림
persona_6,491,0.6383589506149292,한율,달빛유자 클렌징 필링 젤밤 기획세트,스킨케어,크림
persona_6,492,0.6483314633369446,한율,달빛유자 클렌징 톤업 팩폼 기획세트,스킨케어,마스크팩
persona_6,493,0.6323864459991455,한율,흰감국 광채 선크림 듀오 구성,선케어,선크림
persona_6,494,0.6467134356498718,한율,부들밤 모공수축 패드 기획세트,스킨케어,크림
persona_6,495,0.625942587852478,해피바스,모이스처 퍼퓸 바디워시 760g,바디,바디케어
persona_6,496,0.6092568039894104,해피바스,오리지널 컬렉션 바디워시 910g,바디,바디케어
persona_6,497,0.6042354702949524,해피바스,정말 촉촉/순한 바디밀크 400g,바디,바디케어
persona_6,498,0.6125736832618713,해피바스,PH 4.5 약산성 여성청결제 300ml,기타,미분류
persona_6,499,0.6209951639175415,해피바스,제로퍼센트 저자극 버블핸드워시 500ml,기타,미분류
persona_6,500,0.6223404407501221,해피바스,오리지널 컬렉션 바디로션 500g,바디,바디케어
persona_6,501,0.6243984699249268,해피바스,마이크로 클린 솝베리 버블 클렌징폼 300ml,기타,미분류
persona_6,502,0.6410441994667053,해피바스,오리지널컬렉션 솝라벤더 비누 4입,기타,미분류
persona_6,503,0.6329621076583862,해피바스,오리지널 컬렉션 샤워 젤리 75g,건기식,기능성식품
persona_6,504,0.6221877336502075,해피바스,필쏘굿 풋샴푸 500ml,기타,미분류
persona_6,505,0.6121291518211365,해피바스,오리지널 컬렉션 바디오일 250ml,바디,바디케어
persona_6,506,0.6076427698135376,해피바스,주스스무디 옐로우 바디워시 820g,바디,바디케어
persona_6,507,0.6060178875923157,해피바스,리얼가든 바디워시 900g,바디,바디케어
persona_6,508,0.6166936159133911,해피바스,스킨유 이노센트 샤워젤 500g,건기식,기능성식품
persona_6,509,0.6042324900627136,해피바스,정말 촉촉/순한 바디워시 900g,바디,바디케어
persona_6,510,0.6086626648902893,해피바스,퍼퓸부티크 오일 바디로션 350g,바디,바디케어
persona_6,511,0.6243984699249268,해피바스,마이크로 클린 딥 버블 클렌징폼 300ml,기타,미분류
persona_6,512,0.6083005666732788,해피바스,딥클린 바디워시 900g,바디,바디케어
persona_6,513,0.6054388284683228,해피바스,크림 인 바디로션 400g,스킨케어,크림
persona_6,514,0.624518632888794,해피바스,마이크로 클린 딥 클렌징폼 150g,건기식,기능성식품
persona_6,515,0.6240187287330627,해피바스,퍼퓸부티크 오일 바디워시 500ml,바디,바디케어
persona_6,516,0.6092568039894104,해피바스,오리지널 컬렉션 바디워시 910g,바디,바디케어
persona_6,517,0.6286547780036926,해피바스,제로퍼센트 항균 바솝,기타,미분류
persona_6,518,0.6046870946884155,해피바스,블로썸 바디워시 900g,바디,바디케어
persona_6,519,0.6416994333267212,해피바스,오리지널 컬렉션 올리브 비누 4입,기타,미분류
persona_6,520,0.6229626536369324,해피바스,화이트 클레이 모공 클렌징폼 150g,건기식,기능성식품
persona_6,521,0.6043555736541748,해피바스,크림 인 바디워시 900g,스킨케어,크림
persona_6,522,0.6055251359939575,해피바스,스마일 바디워시 900g,바디,바디케어
persona_6,523,0.6088773012161255,해피바스,오리지널 컬렉션 머스크 바디워시 910g,바디,바디케어
persona_6,524,0.6416994333267212,해피바스,오리지널 컬렉션 클린코튼 비누 4입,기타,미분류
persona_6,525,0.6168545484542847,해피바스,유황 소금 보들 바디워시 600g,바디,바디케어
persona_6,526,0.6178308129310608,해피바스,마일드 클렌징폼 200g,건기식,기능성식품
persona_6,527,0.60480797290802,해피바스,스킨유 이노센트 로션 350g,건기식,기능성식품
persona_6,528,0.6416994333267212,해피바스,오리지널 컬렉션 베이비파우더 비누 4입,기타,미분류
persona_6,529,0.6233040690422058,해피바스,티트리 아크네 클렌징폼 150g,건기식,기능성식품
persona_6,530,0.622400164604187,해피바스,오리지널 컬렉션 바디로션 500g,바디,바디케어
persona_6,531,0.6092601418495178,해피바스,스킨유 이노센트 딥 머스크 바디오일&괄사 증정 기획 130ml,바디,바디케어
persona_6,532,0.6474677324295044,해피바스,두보레 장미 에센스 비누 4입,스킨케어,에센스
persona_6,533,0.6474677324295044,해피바스,두보레 후리지아 에센스 비누 4입,스킨케어,에센스
persona_6,534,0.624518632888794,해피바스,마이크로 클린 솝베리 클렌징폼 150g,건기식,기능성식품
persona_6,535,0.6307723522186279,해피바스,스킨유 프래그런스 핸드크림 50ml,스킨케어,크림
persona_6,536,0.6474677324295044,해피바스,두보레 백합 에센스 비누 4입,스킨케어,에센스
persona_6,537,0.6172871589660645,해피바스,히알루론 클렌징 폼 200g,건기식,기능성식품
persona_6,538,0.6416994333267212,해피바스,오리지널 컬렉션 체리블로섬 비누 4입,기타,미분류
persona_6,539,0.6416994333267212,해피바스,오리지널 컬렉션 오리지널 비누 4입,기타,미분류
persona_6,540,0.6251060962677002,해피바스,스킨유 이노센트 딥머스크 앰플 미스트 150ml,스킨케어,앰플
persona_6,541,0.6179394125938416,해피바스,퍼퓸부티크 바디&헤어 미스트 200ml,바디,바디케어
persona_6,542,0.6229626536369324,해피바스,퍼펙트 딥 씨솔트 클렌징폼 150g,건기식,기능성식품
persona_6,543,0.6120557188987732,해피바스,스킨유 이노센트 스크럽 450g,건기식,기능성식품
persona_6,544,0.6334858536720276,해피바스,제로퍼센트 저자극 버블핸드워시 + 필쏘굿 풋샴푸,기타,미분류
persona_6,545,0.6061840057373047,해피바스,필쏘굿 시카 진정 수분 선크림 80ml,선케어,선크림
persona_6,546,0.6109991073608398,해피바스,필쏘굿 시카 진정 선 미스트 80ml,기타,미분류
persona_6,547,0.6391936540603638,온호프,쏘 캄 트래블 3종 세트,기타,미분류
persona_6,548,0.6410021781921387,홀리추얼,홀리추얼 래디언스 리설페이싱 필 12매,기타,미분류
persona_6,549,0.602623701095581,홀리추얼,홀리추얼 코어 리프트 액티베이팅 세럼 140ml,스킨케어,세럼
persona_6,550,0.6392157673835754,홀리추얼,홀리추얼 울트라 너리싱 어드밴스드 크림,스킨케어,크림
persona_6,551,0.6075283288955688,홀리추얼,홀리추얼 엘리멘탈 스무딩 로션 110ml,기타,미분류
persona_6,552,0.6018979549407959,홀리추얼,홀리추얼 릴랙스드 풋 트리트먼트 크림 130ml,스킨케어,크림
persona_6,553,0.617043673992157,홀리추얼,홀리추얼 리디파이닝 클렌징 밀크 200ml,기타,미분류
persona_6,554,0.6210293173789978,홀리추얼,홀리추얼 마이크로 밸런싱 에센스 150ml,스킨케어,에센스
persona_6,555,0.597001314163208,홀리추얼,홀리추얼 컨센트레이트 시그니처 크림 라이트 80ml,스킨케어,크림
persona_6,556,0.6235775351524353,홀리추얼,홀리추얼 피토 리쥬브네이팅 컨센트레이트 30ml,기타,미분류
persona_6,557,0.6056712865829468,홀리추얼,홀리추얼 울트라 너리싱 어드밴스드 에멀전 120ml,기타,미분류
persona_6,558,0.6386212110519409,홀리추얼,홀리추얼 뉴트리 엘릭서 미스트 홀리데이 기획 세트,기타,미분류
persona_6,559,0.6406844258308411,홀리추얼,홀리추얼  릴랙스드 풋 트리트먼트 크림 듀오 SET,스킨케어,크림
persona_6,560,0.6474285125732422,홀리추얼,홀리추얼  리디파이닝 클렌징 밀크 듀오 SET,기타,미분류
persona_6,561,0.6031500101089478,홀리추얼,홀리추얼  코어 리프트 액티베이팅 세럼 기획세트 140ml,스킨케어,세럼
persona_6,562,0.6185486316680908,홀리추얼,홀리추얼 울트라 너리싱 어드밴스드 토너 150ml,기타,미분류
persona_6,563,0.6314241886138916,홀리추얼,홀리추얼  뉴트리 엘릭서 바디 프라그랑스 미스트 100ml,바디,바디케어
persona_6,564,0.6387467980384827,홀리추얼,홀리추얼 프로 리프팅 앤 퍼밍 프로그램,기타,미분류
persona_6,565,0.641596257686615,홀리추얼,홀리추얼 리디파이닝 앰플 4주 프로그램,스킨케어,앰플
persona_6,566,0.6396481394767761,홀리추얼,홀리추얼 클린테라피 파우더 마스크,스킨케어,마스크팩
persona_6,567,0.6309289336204529,홀리추얼,홀리추얼 파워 리뉴얼 키트,기타,미분류
persona_6,568,0.6298387050628662,홀리추얼,홀리추얼 울트라 너리싱 어드밴스드 토너 + 에멀전,기타,미분류
persona_6,569,0.5855231881141663,,퍼즐우드 비건 디퓨저 200ml,기타,미분류
persona_6,570,0.599993109703064,,퍼즐우드 비건 핸드크림 50ml,스킨케어,크림
persona_6,571,0.5720125436782837,,퍼즐우드 비건 인센스 스틱 20g,건기식,기능성식품
persona_6,572,0.6161649227142334,오딧세이,로맨틱 에멀전 130ml,기타,미분류
persona_6,573,0.6164342761039734,오딧세이,로맨틱 스킨 리파이너 130ml,기타,미분류
persona_6,574,0.6351920366287231,오딧세이,챕터파이브 생츄어리 2종 세트,기타,미분류
persona_6,575,0.609122633934021,오딧세이,블랙 스킨 리파이너 130ml,기타,미분류
persona_6,576,0.6395162343978882,오딧세이,MMY 콜라보레이션 토트백,기타,미분류
persona_6,577,0.609033465385437,오딧세이,블랙 에멀전 130ml,기타,미분류
persona_6,578,0.6486235857009888,오딧세이,MMY 콜라보레이션 크로스백,기타,미분류
persona_6,579,0.6351920366287231,오딧세이,챕터파이브 라이트하우스 2종 세트,기타,미분류
persona_6,580,0.6440364122390747,오딧세이,블랙 스페셜 2종 신년기획세트,기타,미분류
persona_6,581,0.6489224433898926,오딧세이,로맨틱 스페셜 2종 세트 신년기획세트,기타,미분류
persona_6,582,0.6498265862464905,프리메라,NEW 나이아시카 수딩 글로우 워터리 크림30ml,스킨케어,크림
persona_6,583,0.6123301386833191,프리메라,마일드 앤 퍼펙트 클렌징 오일 투 폼 200ml,기타,미분류
persona_6,584,0.6095374226570129,프리메라,NEW 비타티놀 바운시 리프트 세럼 30g*2입,스킨케어,세럼
persona_6,585,0.6134045720100403,프리메라,후리 앤 후리 200ml,기타,미분류
persona_6,586,0.6284554600715637,프리메라,마일드 포어 필링 패드 60매 기획세트,기타,미분류
persona_6,587,0.6266301870346069,프리메라,나이아시카 수딩글로우 워터리 크림 30ml,스킨케어,크림
persona_6,588,0.602601945400238,프리메라,워터리 에센스 250ml,스킨케어,에센스
persona_6,589,0.6297177076339722,프리메라,알파인 베리 워터리 크림 100ml,스킨케어,크림
persona_6,590,0.6121464967727661,프리메라,비타티놀 세럼 메가샷 마스크 34g 1입,스킨케어,마스크팩
persona_6,591,0.6023790240287781,프리메라,레티놀 볼륨 립 세럼 12g,스킨케어,세럼
persona_6,592,0.6070850491523743,프리메라,마일드 앤 퍼펙트 클렌징 오일 투 폼 300ml,기타,미분류
persona_6,593,0.6090195775032043,프리메라,인리치드 클렌징 티슈 60매 300g,건기식,기능성식품
persona_6,594,0.5936022996902466,프리메라,비타티놀 세럼 메가샷 마스크 34g*5입,스킨케어,마스크팩
persona_6,595,0.6146799325942993,프리메라,오가니언스 BR 소프트 필링 투 폼 클렌저 120ml,기타,미분류
persona_6,596,0.6430730223655701,프리메라,오가니언스 배리어 리페어 2종 기획세트,기타,미분류
persona_6,597,0.6386216282844543,프리메라,비타티놀 인텐스 바운시 리프트 마스크 크림,스킨케어,마스크팩
persona_6,598,0.611937403678894,프리메라,씨드 앤 스프라우트 에너지마스크로터스기획세트 20ml*30매,스킨케어,마스크팩
persona_6,599,0.6209477782249451,프리메라,마일드 앤 퍼펙트 페이셜 필링 150ml,기타,미분류
persona_6,600,0.6318252086639404,프리메라,알파인베리 워터리 크림 75ml,스킨케어,크림
persona_6,601,0.6084291934967041,프리메라,바하 버블 필링 클렌저 200ml,기타,미분류
persona_6,602,0.6176792979240417,프리메라,후리 앤 후리 소프트 폼 150ml,기타,미분류
persona_6,603,0.593287467956543,프리메라,NEW 인리치드 바디 오일 투 폼 클렌저 390ml,바디,바디케어
persona_6,604,0.5991289019584656,프리메라,NEW 나이아시카 워터리 크림 쿠션 15g,스킨케어,크림
persona_6,605,0.6191009283065796,프리메라,오가니언스 BR 컴포트 아미노 리치 폼 150ml,기타,미분류
persona_6,606,0.6420316696166992,프리메라,맨오가니언스 2종 기획세트,기타,미분류
persona_6,607,0.6204358339309692,프리메라,하이드로 글로우 트리트먼트 에센스 150ml,스킨케어,에센스
persona_6,608,0.6080728769302368,프리메라,오가니언스 베리어 리페어 카밍 에센스 토너 160ml,스킨케어,에센스
persona_6,609,0.6251418590545654,프리메라,오가니언스 베리어 리페어 씨드펩타이드 리저브 크림 50ml,스킨케어,크림
persona_6,610,0.6159055829048157,프리메라,레티놀 볼륨 립 세럼 튜브 7g,스킨케어,세럼
persona_6,611,0.6200238466262817,프리메라,오가니언스 베리어 리페어 씨드 펩타이드 리저브 세럼 30ml,스킨케어,세럼
persona_6,612,0.613029956817627,프리메라,오가니언스 베리어 리페어 하이드레이션 크림 에멀젼 160ml,스킨케어,크림
persona_6,613,0.5978894233703613,프리메라,리페어링 세라캡슐 UV프로텍터 40ml,기타,미분류
persona_6,614,0.6164208054542542,프리메라,더 핸드크림 미스트 20ml,스킨케어,크림
persona_6,615,0.6240158677101135,프리메라,알파인 베리 워터리 크림 50ml,스킨케어,크림
persona_6,616,0.6219800114631653,프리메라,알파인 베리 워터리 크림 150ml,스킨케어,크림
persona_6,617,0.6089045405387878,프리메라,NEW 비타티놀 바운시 리프트 세럼 30g 1입,스킨케어,세럼
persona_6,618,0.6187289357185364,프리메라,씨드 앤 스프라우트 에너지 마스크_로터스 5매 20ml,스킨케어,마스크팩
persona_6,619,0.6288597583770752,프리메라,알파인 베리 워터리 수딩 젤크림 100ml,스킨케어,크림
persona_6,620,0.6313265562057495,프리메라,알파인 베리 워터리 수딩젤 크림 75ml,스킨케어,크림
persona_6,621,0.6385778188705444,프리메라,마일드 앤 퍼펙트 포어 필링 패드 60매,기타,미분류
persona_6,622,0.6240158677101135,프리메라,알파인베리 워터리 수딩젤 크림 50ml,스킨케어,크림
persona_6,623,0.5971705317497253,프리메라,리페어링 세라캡슐 UV프로텍터 톤업 프라이밍 40ml,기타,미분류
persona_6,624,0.6223739981651306,프리메라,알파인베리 워터리 크림 100ml*2입 + 월리 우프 무드등,스킨케어,크림
persona_6,625,0.6137839555740356,프리메라,비타티놀 바운시 리프트 세럼 30g 4입 + 월리 우프 무드등,스킨케어,세럼
persona_6,626,0.6046026945114136,프리메라,워터리 에센스 250ml 더블 세트,스킨케어,에센스
persona_6,627,0.612740695476532,프리메라,마일드 앤 퍼펙트 클렌징 오일 투 폼 200ml 더블 기프트 세트,기타,미분류
persona_6,628,0.617572546005249,프리메라,비타티놀 인텐스 바운시 리프트 마스크 크림 30ml+리필 30ml 더블 세트,스킨케어,마스크팩
persona_6,629,0.6020336151123047,프리메라,비타티놀 세럼 메가샷 마스크세트 34g*5매 X 4개 세트,스킨케어,마스크팩
persona_6,630,0.6076613068580627,프리메라,마일드 앤 퍼펙트 페이셜 필링 250ml,기타,미분류
persona_6,631,0.6195784211158752,프리메라,비타티놀 인텐스 바운시 리프트 마스크 크림 30ml,스킨케어,마스크팩
persona_6,632,0.6457632184028625,프리메라,마일드 앤 퍼펙트 포어 필링 패드 60매*2,기타,미분류
persona_6,633,0.6163210868835449,프리메라,후리 앤 후리 소프트폼 150ml*2,기타,미분류
persona_6,634,0.60765141248703,프리메라,비타티놀 세럼 메가샷 마스크세트 34g*5매X2개,스킨케어,마스크팩
persona_6,635,0.6092075705528259,프리메라,오가니언스 BR 소프트 필링 투 폼 클렌저 120ml,기타,미분류
persona_6,636,0.6198892593383789,프리메라,마일드 앤 퍼펙트 페이셜 필링 150ml*2,기타,미분류
persona_6,637,0.6471858024597168,프리메라,나이아시카 수딩글로우 워터리 크림,스킨케어,크림
persona_6,638,0.6481170654296875,프리메라,나이아시카 수딩글로우 워터리 크림,스킨케어,크림
persona_6,639,0.6081959009170532,프리메라,후리 앤 후리 200ml*2,기타,미분류
persona_6,640,0.5913292169570923,프리메라,마일드 앤 퍼펙트 클렌징 오일 투 폼 200ml + 오가니언스 BR 소프트 필링 투 폼 클렌저 120ml,기타,미분류
persona_6,641,0.6264599561691284,헤라,UV프로텍터 톤업 SPF50+/PA++++ 50ml,선케어,선크림
persona_6,642,0.6375846266746521,헤라,NEW 블랙 쿠션 파운데이션 SPF34/PA++,선케어,선크림
persona_6,643,0.6007781624794006,헤라,NEW 블랙 쿠션 파운데이션 SPF34/PA++ 15g,선케어,선크림
persona_6,644,0.6242703795433044,헤라,센슈얼 누드 글로스 5g,건기식,기능성식품
persona_6,645,0.6105141043663025,헤라,리프레싱 클렌징 폼 160g,건기식,기능성식품
persona_6,646,0.6228939890861511,헤라,실키 스테이 24H 롱웨어 파운데이션 SPF20/PA++ 30g,선케어,선크림
persona_6,647,0.6386999487876892,헤라,블랙 쿠션 파운데이션 퍼프 2ea,기타,미분류
persona_6,648,0.6194974184036255,헤라,센슈얼 누드 밤 3.5g,스킨케어,크림
persona_6,649,0.6179009079933167,헤라,센슈얼 틴티드 샤인스틱 3.5g,건기식,기능성식품
persona_6,650,0.625269889831543,헤라,NEW 리플렉션 스킨 글로우 파운데이션 SPF15/PA++ 30g,선케어,선크림
persona_6,651,0.6060318350791931,헤라,NEW 리플렉션 스킨 글로우 쿠션 파운데이션 SPF40/PA++ 15g,선케어,선크림
persona_6,652,0.6004186868667603,헤라,NEW 리플렉션 스킨 글로우 쿠션 파운데이션 SPF40/PA++ 15g,선케어,선크림
persona_6,653,0.6264599561691284,헤라,UV프로텍터 멀티디펜스 SPF50+/PA++++ 50ml,선케어,선크림
persona_6,654,0.6315871477127075,헤라,옴므 베이직 스페셜 기획세트 2종,기타,미분류
persona_6,655,0.6401523351669312,헤라,에이지 어웨이 에스테틱 2종 세트,기타,미분류
persona_6,656,0.6218622326850891,헤라,센슈얼 파우더 매트 리퀴드 5g,건기식,기능성식품
persona_6,657,0.6410795450210571,헤라,NEW 옴므 블랙 액티브 세트 2종,기타,미분류
persona_6,658,0.6224619150161743,헤라,루즈 클래시 3.5g,건기식,기능성식품
persona_6,659,0.6002630591392517,헤라,NEW 블랙 쿠션 파운데이션 SPF34/PA++ 15g,선케어,선크림
persona_6,660,0.6228740215301514,헤라,옴므 올인원 스킨 하이드로 트리트먼트 150ml,기타,미분류
persona_6,661,0.641488254070282,헤라,시그니아 워터 에멀젼 기프트 세트 2종,기타,미분류
persona_6,662,0.6262512803077698,헤라,블러쉬 5.5g,건기식,기능성식품
persona_6,663,0.6206235289573669,헤라,UV프로텍터 익스트림포스 레포츠 SPF50+/PA++++ 70ml,선케어,선크림
persona_6,664,0.6264908909797668,헤라,UV프로텍터 멀티디펜스 프레쉬 SPF50+/PA++++ 50ml,선케어,선크림
persona_6,665,0.6404704451560974,헤라,NEW 옴므 블루 에센스 기획 2종 세트,스킨케어,에센스
persona_6,666,0.6368722915649414,헤라,리치 컬링 마스카라,메이크업,마스카라
persona_6,667,0.6395162343978882,헤라,브로우 디자이너 오토펜슬,메이크업,아이브로우
persona_6,668,0.6183472275733948,헤라,NEW 코렉팅 베이스 UV 프로텍터 SPF50+/PA++++ 35ml,선케어,선크림
persona_6,669,0.6119415760040283,헤라,센슈얼 파우더 매트 립스틱 3g,메이크업,립스틱
persona_6,670,0.6486235857009888,헤라,브로우 디자이너 오토펜슬,메이크업,아이브로우
persona_6,671,0.6281028389930725,헤라,에이지 어웨이 에스테틱 BX 아이크림 25ml,스킨케어,크림
persona_6,672,0.6092811822891235,헤라,지일 오 데 퍼퓸 40ml,기타,미분류
persona_6,673,0.6161099076271057,헤라,옴므 에센스 인 스킨 125ml,스킨케어,에센스
persona_6,674,0.5980964303016663,헤라,에이지 어웨이 에스테틱 BX83 리포솜 40ml,기타,미분류
persona_6,675,0.6079387664794922,헤라,NEW 쿼드 아이 컬러 섀도우 9g,메이크업,아이섀도우
persona_6,676,0.6141436100006104,헤라,NEW 에어리 파우더 프라이머 8.5g,건기식,기능성식품
persona_6,677,0.6391383409500122,헤라,파워부스팅 스페셜세트 2종,기타,미분류
persona_6,678,0.5917591452598572,헤라,NEW 립 세럼 11g,스킨케어,세럼
persona_6,679,0.6054548621177673,헤라,옴므 에센스 인 에멀젼 110ml,스킨케어,에센스
persona_6,680,0.6079698801040649,헤라,메이크업픽서 80ml,메이크업,마스카라
persona_6,681,0.6137645840644836,헤라,딥 클렌징 오일 225ml,기타,미분류
persona_6,682,0.6212310194969177,헤라,센슈얼 피팅 글로우틴트 5g,메이크업,립틴트
persona_6,683,0.6168901920318604,헤라,컴피 리바이탈라이징 세럼 미스트 90ml,스킨케어,세럼
persona_6,684,0.6237958669662476,헤라,에이지 어웨이 에스테틱 BX 워터 150ml,기타,미분류
persona_6,685,0.6206779479980469,헤라,에이지 어웨이 에스테틱 BX 크림 50ml,스킨케어,크림
persona_6,686,0.636199951171875,헤라,이지 스타일링 아이라이너 0.5g,메이크업,아이라이너
persona_6,687,0.6292582750320435,헤라,크리미 커버 컨실러 7.5g,건기식,기능성식품
persona_6,688,0.6327791213989258,헤라,하이드로 리플렉팅 마이크로 크림 50ml,스킨케어,크림
persona_6,689,0.6006046533584595,헤라,소프트 피니시 루스 파우더 15g,건기식,기능성식품
persona_6,690,0.6026389002799988,헤라,에이지 어웨이 에스테틱 BX 에멀젼 120ml,기타,미분류
persona_6,691,0.6360701322555542,헤라,하이드로 리플렉팅 2종 세트,기타,미분류
persona_6,692,0.6092702746391296,헤라,파워부스팅 페이스 트리트먼트 110ml,기타,미분류
persona_6,693,0.615702748298645,헤라,센슈얼 립앤치크 7g,건기식,기능성식품
persona_6,694,0.6060042381286621,헤라,하이드로 리플렉팅 플루이드 140ml,기타,미분류
persona_6,695,0.6137272119522095,헤라,하이드로 리플렉팅 토너 170ml,기타,미분류
persona_6,696,0.6184268593788147,헤라,시그니아 에센셜 밸런싱 에멀젼 150ml,기타,미분류
persona_6,697,0.628900408744812,헤라,리쥬브네이트 앰플 크림 50ml,스킨케어,앰플
persona_6,698,0.6393535137176514,헤라,아이 디자이너 펜슬,메이크업,아이라이너
persona_6,699,0.6098325252532959,헤라,벨벳 나이트 퍼퓸드 샤워젤 250g,건기식,기능성식품
persona_6,700,0.6107125878334045,헤라,UV 프로텍터 액티브 선 밤 SPF 50+/PA++++ 10g,선케어,선크림
persona_6,701,0.6033757328987122,헤라,NEW 헬씨 글로우 듀이 밤 10g,스킨케어,크림
persona_6,702,0.6285860538482666,헤라,하이드로-듀 플럼핑 앰플 50ml,스킨케어,앰플
persona_6,703,0.6185612678527832,헤라,리치 컬링 워터프루프 마스카라 6g,메이크업,마스카라
persona_6,704,0.6157873868942261,헤라,지일 블루밍 퍼퓸드 바디로션 230ml,바디,바디케어
persona_6,705,0.6153930425643921,헤라,NEW 부스팅 베이스 UV 프로텍터 SPF15 35ml,선케어,선크림
persona_6,706,0.609961986541748,헤라,메이크업 리무버 125ml,클렌징,리무버
persona_6,707,0.6285860538482666,헤라,하이드로-듀 플럼핑 크림 50ml,스킨케어,크림
persona_6,708,0.6181566119194031,헤라,NEW 리프레싱 토닉 클렌징워터 200ml,기타,미분류
persona_6,709,0.6248123645782471,헤라,NEW 시그니아 일루미네이팅 세럼 30ml,스킨케어,세럼
persona_6,710,0.6195595860481262,헤라,파워부스팅 토너 150ml,기타,미분류
persona_6,711,0.6281028389930725,헤라,NEW 레티놀 3X 리프팅 세럼 25ml,스킨케어,세럼
persona_6,712,0.6087777018547058,헤라,벨벳 나이트 오 데 퍼퓸 40ml,기타,미분류
persona_6,713,0.6022664904594421,헤라,스킨 틴트 컴피 스프레더 SPF50/ PA++++ 15g,선케어,선크림
persona_6,714,0.6105959415435791,헤라,파워부스팅 모이스춰라이저 110ml,기타,미분류
persona_6,715,0.6023837924003601,헤라,옴므 블랙 액티브 어드밴스드 에멀전 110ml,기타,미분류
persona_6,716,0.6120291352272034,헤라,옴므 블랙 액티브 어드밴스드 토너 125ml,기타,미분류
persona_6,717,0.6292617917060852,헤라,하이드로-듀 플럼핑 워터 드롭 50ml,기타,미분류
persona_6,718,0.6061850786209106,헤라,NEW 옴므 블루 에센스 인 에멀전 110ml,스킨케어,에센스
persona_6,719,0.613960325717926,헤라,NEW 옴므 블루 에센스 인 토너 125ml,스킨케어,에센스
persona_6,720,0.6092811822891235,헤라,페르소프 오 데 퍼퓸 40ml,기타,미분류
persona_6,721,0.6078559160232544,헤라,NEW 블랙 쿠션 파운데이션 00P1 SPF34/PA++ 15g,선케어,선크림
persona_6,722,0.6189367771148682,헤라,UV 프로텍터 톤업 2개 + 월리 뽀모도로 타이머 & 포스트카드,기타,미분류
persona_6,723,0.6290543675422668,헤라,블랙쿠션 23N1 듀오 + 리필 + 월리 우프 무드등,기타,미분류
persona_6,724,0.6290543675422668,헤라,블랙쿠션 21N1 듀오 + 리필 + 월리 우프 무드등,기타,미분류
persona_6,725,0.640616774559021,헤라,실키스테이 24H 롱웨어 파운데이션 23N1 기획세트,기타,미분류
persona_6,726,0.640616774559021,헤라,실키스테이 24H 롱웨어 파운데이션 21N1 기획세트,기타,미분류
persona_6,727,0.6324838399887085,헤라,글로우쿠션 리필 21N1 + 쿠션 케이스 #1 메탈릭레더,기타,미분류
persona_6,728,0.6184424757957458,헤라,블러쉬 스틱 7.7g,건기식,기능성식품
persona_6,729,0.6243262887001038,헤라,NEW 컴피 컨디셔닝 에센스 150g,스킨케어,에센스
persona_6,730,0.6097139120101929,헤라,지일 블루밍 퍼퓸드 샤워 젤 250g,건기식,기능성식품
persona_6,731,0.6148331165313721,헤라,벨벳 나이트 퍼퓸드 바디 로션 230ml,바디,바디케어
persona_6,732,0.6206253170967102,비레디,웨이크업 생기 립밤 3g,스킨케어,크림
persona_6,733,0.6206253170967102,라네즈,웨이크업 생기 립밤 3g,스킨케어,크림
persona_6,734,0.6025698781013489,비레디,트루톤 로션  40ml,기타,미분류
persona_6,735,0.6025698781013489,라네즈,트루톤 로션  40ml,기타,미분류
persona_6,736,0.640407145023346,비레디,블루 수분 선크림 1+1 기획세트 SPF50+PA++++,선케어,선크림
persona_6,737,0.640407145023346,라네즈,블루 수분 선크림 1+1 기획세트 SPF50+PA++++,선케어,선크림
persona_6,738,0.6159607172012329,비레디,블루 파운데이션 SPF27/PA++ 35ml,선케어,선크림
persona_6,739,0.6159607172012329,라네즈,블루 파운데이션 SPF27/PA++ 35ml,선케어,선크림
persona_6,740,0.6058200001716614,비레디,블루쿠션 SPF34/PA++ 15g,선케어,선크림
persona_6,741,0.6058200001716614,라네즈,블루쿠션 SPF34/PA++ 15g,선케어,선크림
persona_6,742,0.6385873556137085,비레디,무드업 듀얼 아이섀도우 브러쉬,메이크업,아이섀도우
persona_6,743,0.6385873556137085,라네즈,무드업 듀얼 아이섀도우 브러쉬,메이크업,아이섀도우
persona_6,744,0.6026601195335388,비레디,블루쿠션 SPF34/PA++ 15g,선케어,선크림
persona_6,745,0.6026601195335388,라네즈,블루쿠션 SPF34/PA++ 15g,선케어,선크림
persona_6,746,0.5998736619949341,비레디,시카페인 트러블리셋 세럼 40ml,스킨케어,세럼
persona_6,747,0.5998736619949341,라네즈,시카페인 트러블리셋 세럼 40ml,스킨케어,세럼
persona_6,748,0.6318343877792358,비레디,블루 수분 선크림 SPF50+/PA++++ 50ml,선케어,선크림
persona_6,749,0.6318343877792358,라네즈,블루 수분 선크림 SPF50+/PA++++ 50ml,선케어,선크림
persona_6,750,0.634050190448761,비레디,프라이드업 아이브로우 0.6G,메이크업,아이브로우
persona_6,751,0.634050190448761,라네즈,프라이드업 아이브로우 0.6G,메이크업,아이브로우
persona_6,752,0.6177747249603271,비레디,블루 세범 파우더 7g,건기식,기능성식품
persona_6,753,0.6177747249603271,라네즈,블루 세범 파우더 7g,건기식,기능성식품
persona_6,754,0.6058371067047119,비레디,시카페인 트러블리셋 토너 250ml,기타,미분류
persona_6,755,0.6058371067047119,라네즈,시카페인 트러블리셋 토너 250ml,기타,미분류
persona_6,756,0.6154236793518066,비레디,시카페인 트러블리셋 크림 70ml,스킨케어,크림
persona_6,757,0.6154236793518066,라네즈,시카페인 트러블리셋 크림 70ml,스킨케어,크림
persona_6,758,0.6369231939315796,비레디,블루 파운데이션 퍼프,기타,미분류
persona_6,759,0.6369231939315796,라네즈,블루 파운데이션 퍼프,기타,미분류
persona_6,760,0.6318343877792358,비레디,하이드로 스웻프루프 선크림 SPF50+/PA++++ 50ml,선케어,선크림
persona_6,761,0.6318343877792358,라네즈,하이드로 스웻프루프 선크림 SPF50+/PA++++ 50ml,선케어,선크림
persona_6,762,0.6042274832725525,비레디,에어리 헤어 페이스트 80g,건기식,기능성식품
persona_6,763,0.6042274832725525,라네즈,에어리 헤어 페이스트 80g,건기식,기능성식품
persona_6,764,0.643587589263916,비레디,4.4,기타,미분류
persona_6,765,0.643587589263916,라네즈,4.4,기타,미분류
persona_6,766,0.6260866522789001,비레디,시카페인 트러블리셋 클렌징폼 150g,건기식,기능성식품
persona_6,767,0.6260866522789001,라네즈,시카페인 트러블리셋 클렌징폼 150g,건기식,기능성식품
persona_6,768,0.6198939681053162,비레디,무드업 음영 아이팔레트 7g,건기식,기능성식품
persona_6,769,0.6198939681053162,라네즈,무드업 음영 아이팔레트 7g,건기식,기능성식품
persona_6,770,0.6189616322517395,비레디,생기 립밤 3g,스킨케어,크림
persona_6,771,0.6189616322517395,라네즈,생기 립밤 3g,스킨케어,크림
persona_6,772,0.6189616322517395,비레디,생기 립밤 3g,스킨케어,크림
persona_6,773,0.6189616322517395,라네즈,생기 립밤 3g,스킨케어,크림
persona_6,774,0.6189616322517395,비레디,생기 립밤 3g,스킨케어,크림
persona_6,775,0.6189616322517395,라네즈,생기 립밤 3g,스킨케어,크림
persona_6,776,0.6394258737564087,비레디,블루 파운데이션 3호,기타,미분류
persona_6,777,0.6394258737564087,라네즈,블루 파운데이션 3호,기타,미분류
persona_6,778,0.6394258737564087,비레디,블루 파운데이션 2호,기타,미분류
persona_6,779,0.6394258737564087,라네즈,블루 파운데이션 2호,기타,미분류
persona_6,780,0.6466493606567383,비레디,블루쿠션 3호 제프리,기타,미분류
persona_6,781,0.6466493606567383,라네즈,블루쿠션 3호 제프리,기타,미분류
persona_6,782,0.6466493606567383,비레디,블루쿠션 2호 라이언,기타,미분류
persona_6,783,0.6466493606567383,라네즈,블루쿠션 2호 라이언,기타,미분류
persona_6,784,0.6479566693305969,비레디,시카페인 트러블리셋 2종,기타,미분류
persona_6,785,0.6479566693305969,라네즈,시카페인 트러블리셋 2종,기타,미분류
persona_6,786,0.6443327069282532,비레디,블루 수분 선크림 SPF50+/PA++++,선케어,선크림
persona_6,787,0.6443327069282532,라네즈,블루 수분 선크림 SPF50+/PA++++,선케어,선크림
persona_6,788,0.63913893699646,아이오페,슈퍼바이탈 기초 2종 세트,기타,미분류
persona_6,789,0.6233049631118774,아이오페,비타민C 엑스퍼트25% 토닝앰플 23ml,스킨케어,앰플
persona_6,790,0.642072856426239,아이오페,바이오 컨디셔닝 에센스 하이드로 인핸싱 마스크 5매,스킨케어,마스크팩
persona_6,791,0.6071532368659973,아이오페,맨 올데이 퍼펙트 올인원 120ml,기타,미분류
persona_6,792,0.6218279004096985,아이오페,슈퍼바이탈 크림 세트 50ml,스킨케어,크림
persona_6,793,0.6200743317604065,아이오페,바이오 컨디셔닝 에센스 168ml,스킨케어,에센스
persona_6,794,0.6337506175041199,아이오페,XMD 스템3 스페셜 2종 세트,기타,미분류
persona_6,795,0.606000542640686,아이오페,맨 프로 레티놀 올인원 기획세트 120ml,기타,미분류
persona_6,796,0.6258920431137085,아이오페,슈퍼바이탈 아이크림 25ml,스킨케어,크림
persona_6,797,0.6004820466041565,아이오페,골든 글로우 페이스 오일 40ml,기타,미분류
persona_6,798,0.6504756212234497,아이오페,레티놀 세럼 인 겔 마스크,스킨케어,마스크팩
persona_6,799,0.6250625848770142,아이오페,XMD 스템3 클리니컬 리커버리 크림 50ml,스킨케어,크림
persona_6,800,0.6350908875465393,아이오페,맨 바이오 안티에이징 2종 세트,기타,미분류
persona_6,801,0.6227735280990601,아이오페,바이오 컨디셔닝 에센스 폼 클렌저 180ml,스킨케어,에센스
persona_6,802,0.6006887555122375,아이오페,에어쿠션 5.5세대 커버 SPF50/PA+++ 15g,선케어,선크림
persona_6,803,0.6266030669212341,아이오페,UV 쉴드 선 프로텍터 SPF50+/PA++++ 50ml,선케어,선크림
persona_6,804,0.6003601551055908,아이오페,에어쿠션 5.5세대 커버 SPF50/PA+++ 15g,선케어,선크림
persona_6,805,0.6131923198699951,아이오페,맨 퍼펙트 올인원 클렌저 125g,건기식,기능성식품
persona_6,806,0.6280111074447632,아이오페,레티놀 엑스퍼트 0.1% 링클 코렉터 기획세트 30ml,기타,미분류
persona_6,807,0.6263238787651062,아이오페,XMD 스템3 클리니컬 리커버리 세럼 50ml,스킨케어,세럼
persona_6,808,0.6029823422431946,아이오페,슈퍼바이탈 오일 블렌딩 세럼 40ml,스킨케어,세럼
persona_6,809,0.6335890889167786,아이오페,히아루로닉 크림 100ml,스킨케어,크림
persona_6,810,0.6130713224411011,아이오페,레티놀 엑스퍼트 0.5% 얼티밋 컨센트레이트 15ml,기타,미분류
persona_6,811,0.6254150867462158,아이오페,PDRN 카페인샷 50ml,기타,미분류
persona_6,812,0.6232264637947083,아이오페,PDRN 카페인샷 30ml,기타,미분류
persona_6,813,0.625426173210144,아이오페,레티놀 엑스퍼트 0.3% 링클 코렉터 20ml,기타,미분류
persona_6,814,0.6266030669212341,아이오페,UV 쉴드 톤업 선 SPF50+/PA++++ 50ml,선케어,선크림
persona_6,815,0.61700838804245,아이오페,브라이트닝 기미 에센스 45ml,스킨케어,에센스
persona_6,816,0.6336637735366821,아이오페,프로 필링 소프트젤 100ml,기타,미분류
persona_6,817,0.6220483183860779,아이오페,슈퍼바이탈 소프너 150ml,기타,미분류
persona_6,818,0.606590211391449,아이오페,맨 올데이 퍼펙트 톤업 올인원 SPF15 120ml,선케어,선크림
persona_6,819,0.6128200888633728,아이오페,맨 안티에이징 에멀젼 EX 120ml,기타,미분류
persona_6,820,0.6075767278671265,아이오페,슈퍼바이탈 쿠션 이엑스 SPF 50+/PA+++ 16g,선케어,선크림
persona_6,821,0.6405866146087646,아이오페,하이드로 리프트 크림,스킨케어,크림
persona_6,822,0.6254956722259521,아이오페,슈퍼바이탈 에멀젼 150ml,기타,미분류
persona_6,823,0.6227797269821167,아이오페,바이오 컨디셔닝 클렌징 오일 인 젤 150ml,기타,미분류
persona_6,824,0.6247665286064148,아이오페,하이드로 리프트 에멀젼 150ml,기타,미분류
persona_6,825,0.6103785634040833,아이오페,UV 쉴드 선 앰플 SPF 50+/PA+++ 40ml,선케어,선크림
persona_6,826,0.6196192502975464,아이오페,맨 컴파운드 선 스크린 SPF 50+/PA++++ 50ml,선케어,선크림
persona_6,827,0.6189598441123962,아이오페,XMD 스템3 클리니컬 리커버리 세럼 30ml,스킨케어,세럼
persona_6,828,0.6239372491836548,아이오페,레티놀 엑스퍼트 0.1% 링클 코렉터 기획세트 20ml,기타,미분류
persona_6,829,0.6111657023429871,아이오페,UV 쉴드 선 스틱 SPF50+/PA++++ 20g,선케어,선크림
persona_6,830,0.6131892800331116,아이오페,XMD 스템3 클리니컬 리커버리 소프너 130ml,기타,미분류
persona_6,831,0.6103426814079285,아이오페,XMD 스템3 클리니컬 리커버리 에멀전 130ml,기타,미분류
persona_6,832,0.625917911529541,아이오페,슈퍼바이탈 쿠션 이엑스 SPF 50+/PA+++,선케어,선크림
persona_6,833,0.6177355051040649,아이오페,맨 바이오 컨디셔닝 에센스 145ml,스킨케어,에센스
persona_6,834,0.6346505880355835,아이오페,하이드로 리프트 2종 세트,기타,미분류
persona_6,835,0.639826774597168,아이오페,슈퍼바이탈 3종 세트,기타,미분류
persona_6,836,0.6212854981422424,아이오페,하이드로 리프트 소프너 150ml,기타,미분류
persona_6,837,0.634482741355896,아이오페,슈퍼바이탈 2종 세트,기타,미분류
persona_6,838,0.6260390877723694,아이오페,레티놀 레티젝션 세럼 30ml,스킨케어,세럼
persona_6,839,0.6404421329498291,아이오페,스킨 부스터 앰플 필 패드 8매입,스킨케어,앰플
persona_6,840,0.637824535369873,아이오페,하이드로 리프트 세럼,스킨케어,세럼
persona_6,841,0.6057718396186829,아이오페,슈퍼바이탈 넥앤데콜테 크림 40ml,스킨케어,크림
persona_6,842,0.6291475892066956,아이오페,레티놀 0.1% 기획세트 + 월리 우프 무드등,기타,미분류
persona_6,843,0.6165820956230164,아이오페,레티놀 레티젝션 세럼 50ml 기획세트 + 월리 우프 무드등,스킨케어,세럼
persona_6,844,0.6170026659965515,아이오페,브라이트닝 기미 에센스 기획세트 45ml,스킨케어,에센스
persona_6,845,0.606000542640686,아이오페,맨 올데이 퍼펙트 올인원 기획세트 120ml,기타,미분류
persona_6,846,0.6269270777702332,아이오페,XMD 스템3 클리니컬 리커버리 세럼 기획세트 50ml,스킨케어,세럼
persona_6,847,0.6175593733787537,아이오페,비타민C 엑스퍼트25% 토닝앰플 기획세트 23ml,스킨케어,앰플
persona_6,848,0.6144903898239136,아이오페,멀티 비타민 10% 얼티밋 토닝 겔 마스크,스킨케어,마스크팩
persona_6,849,0.6230616569519043,아이오페,레티놀 레티젝션 세럼 50ml,스킨케어,세럼
persona_6,850,0.6448037624359131,아이오페,레티놀 세럼 인 겔 마스크,스킨케어,마스크팩
persona_6,851,0.6413375735282898,아이오페,스킨 부스터 앰플 필 패드 기획세트,스킨케어,앰플
persona_6,852,0.5963103175163269,아이오페,비타민C 엑스퍼트 40% 마스크 컨센트레이트 15g,스킨케어,마스크팩
persona_6,853,0.641001284122467,아이오페,바이오 컨디셔닝 에센스 하이드로 인핸싱 마스크 10매,스킨케어,마스크팩
persona_6,854,0.630011260509491,아이오페,레티놀 슈퍼 바운스 세럼 50ml,스킨케어,세럼
persona_6,855,0.6206087470054626,아이오페,바이오 컨디셔닝 에센스 기획세트 84ml,스킨케어,에센스
persona_6,856,0.6371937990188599,에이피뷰티,에이피 프라임 리저브 리트리니티 메쉬 파운데이션 스펀지 2개입,기타,미분류
persona_6,857,0.6205387115478516,에이피뷰티,마이크로파인 인텐시브 크림 투 폼 클렌저 150g,스킨케어,크림
persona_6,858,0.5924564599990845,에이피뷰티,프라임 리저브 리트리니티 메쉬 파운데이션 12g,건기식,기능성식품
persona_6,859,0.6038206815719604,에이피뷰티,NEW 에이오 리부트 앤 리뉴 에센스 80ml,스킨케어,에센스
persona_6,860,0.6235260367393494,에이피뷰티,리쥬브네이팅 부스터 샷 엠디 세럼 30ml,스킨케어,세럼
persona_6,861,0.6290597319602966,에이피뷰티,에이피 리파이닝 파우더 투 폼 클렌저 55g,건기식,기능성식품
persona_6,862,0.6050316691398621,에이피뷰티,에이오 트리플 디펜스 에어리 선 세럼 40ml,스킨케어,세럼
persona_6,863,0.6206753253936768,에이피뷰티,에이피 에이오 리부트 앤 리뉴 에센스 150ml,스킨케어,에센스
persona_6,864,0.6191602945327759,에이피뷰티,에이피 얼티밋 오일 투 밀크 클렌저 200ml,기타,미분류
persona_6,865,0.6323300004005432,에이피뷰티,프라임 리저브 리트리니 메쉬 파운데이션 케이스,기타,미분류
persona_6,866,0.6196837425231934,에이피뷰티,퍼밍 앤 래디언스 플럼핑 에멀전 150ml,기타,미분류
persona_6,867,0.6196837425231934,에이피뷰티,퍼밍 앤 래디언스 플럼핑 로션 150ml,기타,미분류
persona_6,868,0.6111106276512146,에이피뷰티,에이피 에이오 리부트 앤 리뉴 더블 컨센트레이트 40ml,기타,미분류
persona_6,869,0.6210401058197021,에이피뷰티,에이피 듀얼 리페어 리프트 크림 30ml,스킨케어,크림
persona_6,870,0.6217005848884583,에이피뷰티,에이피 프라임 리저브 리트리니티 세럼 30ml,스킨케어,세럼
persona_6,871,0.6424233317375183,에이피뷰티,에이피 리프트 앤 펌 듀얼 아이 트리트먼트,기타,미분류
persona_6,872,0.6132639646530151,에이피뷰티,듀얼 리페어 리프트 크림 마스크 5매 23g*5,스킨케어,마스크팩
persona_6,873,0.6401938199996948,에이피뷰티,에이피 에이오 리부트 앤 리뉴 크림,스킨케어,크림
persona_6,874,0.6236785054206848,에이피뷰티,에이피 프라임 리저브 리트리니티 에센스 로션 150ml,스킨케어,에센스
persona_6,875,0.6435379385948181,에이피뷰티,에이피 리프트 앤 리뉴 더블 샷 프로그램 1ea,기타,미분류
persona_6,876,0.6245949268341064,에이피뷰티,리서페이싱 앤 리페어 에센스 150ml,스킨케어,에센스
persona_6,877,0.6249586939811707,에이피뷰티,에이피 프라임 리저브 리트리니티 크림 50ml,스킨케어,크림
persona_6,878,0.6276503205299377,에이피뷰티,에이피 프라임 리저브 리트리니티 크림 50ml,스킨케어,크림
persona_6,879,0.618759274482727,에이피뷰티,에이피 프라임 리저브 리트리니티 아이 앤 익스프레션 크림 20ml,스킨케어,크림
persona_6,880,0.611346423625946,에이피뷰티,에이피 듀얼 리페어 리프트 리퀴드 크림 120ml,스킨케어,크림
persona_6,881,0.6200000643730164,에이피뷰티,에이피 듀얼 리페어 리프트 크림 50 ml,스킨케어,크림
persona_6,882,0.6446523070335388,에이피뷰티,퍼밍 앤 래디언스 플럼핑 듀오,기타,미분류
persona_6,883,0.6060376763343811,에이피뷰티,프라임 리저브 리트리니티 메쉬 파운데이션 22N + 에이오 트리플 디펜스 에어리 선 세럼 40ml,스킨케어,세럼
persona_6,884,0.6060376763343811,에이피뷰티,프라임 리저브 리트리니티 메쉬 파운데이션 21N + 에이오 트리플 디펜스 에어리 선 세럼 40ml,스킨케어,세럼
persona_6,885,0.6060376763343811,에이피뷰티,프라임 리저브 리트리니티 메쉬 파운데이션 17C + 에이오 트리플 디펜스 에어리 선 세럼 40ml,스킨케어,세럼
persona_6,886,0.6235260367393494,에이피뷰티,리쥬브네이팅 부스터 샷 엠디 세럼 30ml,스킨케어,세럼
persona_6,887,0.6283179521560669,에이피뷰티,리쥬브네이팅 트리트먼트 엠디 크림 50ml,스킨케어,크림
persona_6,888,0.6412647366523743,에이피뷰티,프라임 리저브 리트리니티 메쉬 파운데이션 22N+블랙 케이스,기타,미분류
persona_6,889,0.6421898007392883,에이피뷰티,프라임 리저브 리트리니티 메쉬 파운데이션 21N+ 블랙 케이스,기타,미분류
persona_6,890,0.6021376252174377,에이피뷰티,프라임 리저브 리트리니티 메쉬 파운데이션 17C+ 블랙 케이스 12g,건기식,기능성식품
persona_6,891,0.6277748942375183,에이피뷰티,에이피 리프트 앤 리뉴 더블 샷 프로그램 3ea,기타,미분류
persona_6,892,0.6171935200691223,에이피뷰티,에이피 프라임 리저브 리트리니티 아이 앤 익스프레션 크림 20ml,스킨케어,크림
persona_6,893,0.6392822265625,일리윤,NEW  세라마이드 아토 로션 564ml,기타,미분류
persona_6,894,0.6272046566009521,일리윤,울트라 리페어 로션 528ml,기타,미분류
persona_6,895,0.6368098258972168,일리윤,히알루론 모이스춰 수분크림 100ml,스킨케어,크림
persona_6,896,0.6158715486526489,일리윤,세라마이드 아토 집중 크림 230ml,스킨케어,크림
persona_6,897,0.6245594024658203,일리윤,세라마이드 아토 6.0 탑투토워시 500ml,기타,미분류
persona_6,898,0.6147821545600891,일리윤,세라마이드 아토 로션 350ml,기타,미분류
persona_6,899,0.6222938895225525,일리윤,세라마이드 아토 6.0 탑투토워시 500ml,기타,미분류
persona_6,900,0.6174252033233643,일리윤,울트라 리페어 로션 350ml,기타,미분류
persona_6,901,0.6216985583305359,일리윤,세라마이드 아토 집중 크림 500ml,스킨케어,크림
persona_6,902,0.6217525005340576,일리윤,프레쉬 모이스춰 바디워시 500ml,바디,바디케어
persona_6,903,0.6184698343276978,일리윤,레드이치 케어크림 330ml,스킨케어,크림
persona_6,904,0.6309016346931458,일리윤,저자극 이지워시 선크림 SPF50+/PA++++ 150ml,선케어,선크림
persona_6,905,0.6201318502426147,일리윤,울트라 리페어 딥 모이스춰 워시 500ml,기타,미분류
persona_6,906,0.6078001856803894,일리윤,세라마이드 아토 6.0 탑투토워시 1000ml,기타,미분류
persona_6,907,0.603508472442627,일리윤,세라마이드 아토 속보습 스킨 250ml,기타,미분류
persona_6,908,0.6332260370254517,일리윤,레드이치 케어크림 75ml,스킨케어,크림
persona_6,909,0.6159148812294006,일리윤,레드이치 케어오일 200ml,기타,미분류
persona_6,910,0.6485089659690857,일리윤,세라마이드 아토 여행용 키트,기타,미분류
persona_6,911,0.6131152510643005,일리윤,프로바이오틱스 스킨 배리어 약산성 여성청결제 300ml,기타,미분류
persona_6,912,0.620999813079834,일리윤,프레쉬 모이스춰 립앤아이 리무버 300ml,클렌징,리무버
persona_6,913,0.6274862289428711,일리윤,레드이치 큐어밤 60ml,스킨케어,크림
persona_6,914,0.607759952545166,일리윤,세라마이드 아토 버블워시 앤 샴푸 900ml,기타,미분류
persona_6,915,0.6036660075187683,일리윤,레드이치 케어크림 128ml,스킨케어,크림
persona_6,916,0.6169828176498413,일리윤,프레쉬 모이스춰 로션 350ml,기타,미분류
persona_6,917,0.624163031578064,일리윤,울트라 리페어 인텐시브 케어 크림 200ml,스킨케어,크림
persona_6,918,0.6020581126213074,일리윤,젠틀 딥 립앤아이 리무버 140ml,클렌징,리무버
persona_6,919,0.6168776154518127,일리윤,세라마이드 아토 수딩 젤 175ml,기타,미분류
persona_6,920,0.6132940649986267,일리윤,세라마이드 아토 5.0 젠틀스킨클렌져 400ml,기타,미분류
persona_6,921,0.635776698589325,일리윤,무기자차 장벽 선크림 SPF50+/PA++++ 50ml,선케어,선크림
persona_6,922,0.62147057056427,일리윤,데일리 무기자차 선스틱 SPF50+/PA++++ 20g,선케어,선크림
persona_6,923,0.6272854804992676,일리윤,세라마이드 아토 로션 508ml,기타,미분류
persona_6,924,0.6139650940895081,일리윤,튼살크림 330ml,스킨케어,크림
persona_6,925,0.6092440485954285,일리윤,시카 아크네 클리어 필링 스크럽 200g,건기식,기능성식품
persona_6,926,0.6106376647949219,일리윤,시카 아크네 클리어 바디 워시 400ml,바디,바디케어
persona_6,927,0.6105396151542664,일리윤,젠틀 딥 클렌징 오일 250ml,기타,미분류
persona_6,928,0.610213041305542,일리윤,시카 트러블 클리어 바디 미스트 200ml,바디,바디케어
persona_6,929,0.6067634224891663,일리윤,젠틀 딥 페이셜 클렌저 250ml,기타,미분류
persona_6,930,0.622698187828064,일리윤,프로바이오틱스 스킨 배리어 젠틀 클렌저 300ml,기타,미분류
persona_6,931,0.6078146696090698,일리윤,세라마이드 아토 버블워시 앤 샴푸 400ml,기타,미분류
persona_6,932,0.643334686756134,일리윤,히알루론 모이스춰 수분크림,스킨케어,크림
persona_6,933,0.648672878742218,일리윤,세라마이드 아토 탑투토워시 본품+리필 SET,기타,미분류
persona_6,934,0.6472533345222473,일리윤,세라마이드 아토 로션 2입 SET,기타,미분류
persona_6,935,0.6159500479698181,일리윤,인텐시브 세라마이드 비건 립 마스크 7g,스킨케어,마스크팩
persona_6,936,0.647784411907196,일리윤,울트라 리페어 인텐시브 케어 크림,스킨케어,크림
persona_6,937,0.6456851363182068,일리윤,울트라 리페어 로션,기타,미분류
persona_6,938,0.6486719250679016,일리윤,울트라 리페어 딥 모이스춰 워시,기타,미분류
persona_6,939,0.6487919688224792,일리윤,울트라 리페어 로션,기타,미분류
persona_6,940,0.6414721012115479,일리윤,데일리 무기자차 선스틱 SPF50+/PA++++,선케어,선크림
persona_6,941,0.6491467952728271,일리윤,레드이치 케어크림,스킨케어,크림
persona_6,942,0.6461125612258911,일리윤,레드이치 고보습 워시,기타,미분류
persona_6,943,0.6492255926132202,일리윤,레드이치 케어오일,기타,미분류
persona_6,944,0.6471766829490662,일리윤,레드이치 케어크림,스킨케어,크림
persona_6,945,0.6164731979370117,일리윤,세라마이드 아토 집중 크림 230ml,스킨케어,크림
persona_6,946,0.63715660572052,일리윤,레드이치 크림 + 고보습 워시,스킨케어,크림
persona_6,947,0.6168534159660339,일리윤,세라마이드 아토 집중크림 230ml,스킨케어,크림
persona_6,948,0.6472032070159912,일리윤,세라마이드 아토 로션,기타,미분류
persona_6,949,0.6501027345657349,일리윤,무기자차 장벽 선크림 SPF50+/PA++++,선케어,선크림
persona_6,950,0.6513975262641907,일리윤,저자극 이지워시 선크림 SPF50+/PA++++,선케어,선크림
persona_6,951,0.6488742828369141,일리윤,세라마이드 아토 수딩 젤,기타,미분류
persona_6,952,0.6480196714401245,일리윤,프레쉬 모이스춰 바디워시,바디,바디케어
persona_6,953,0.6347787380218506,일리윤,세라마이드 아토 로션 564ml,기타,미분류
persona_6,954,0.6180657148361206,일리윤,레드이치 고보습 워시 470g,건기식,기능성식품
persona_6,955,0.6274265050888062,일리윤,세라마이드 무향 비건 립밤 3.2g,스킨케어,크림
persona_6,956,0.6317723989486694,일리윤,세라마이드 무향 비건 핸드크림 50ml,스킨케어,크림
persona_6,957,0.6447321772575378,이니스프리,레티놀 PDRN 앰플 겔 마스크 1매,스킨케어,마스크팩
persona_6,958,0.6313275098800659,이니스프리,한란 핸드 크림 50ml,스킨케어,크림
persona_6,959,0.6144040822982788,이니스프리,그린티 아미노 수분 클렌징 폼 150g,건기식,기능성식품
persona_6,960,0.6448524594306946,이니스프리,NEW 세럼/앰플 겔 마스크,스킨케어,마스크팩
persona_6,961,0.644922137260437,이니스프리,비타C 그린티 엔자임 세럼 겔 마스크 1매,스킨케어,마스크팩
persona_6,962,0.6274695992469788,이니스프리,마이 퍼퓸드 핸드크림 30ml,스킨케어,크림
persona_6,963,0.6463897228240967,이니스프리,고급 종이 면봉 150P,기타,미분류
persona_6,964,0.641348123550415,이니스프리,New 납작 아이브로우 펜슬,메이크업,아이브로우
persona_6,965,0.644922137260437,이니스프리,레티놀 시카 리페어 앰플 겔 마스크 1매,스킨케어,마스크팩
persona_6,966,0.6183989644050598,이니스프리,그린티 아미노 수분 클렌징 오일 150ml,기타,미분류
persona_6,967,0.6258332133293152,이니스프리,노세범 미네랄 파우더 5g,건기식,기능성식품
persona_6,968,0.6111268997192383,이니스프리,그린티 아미노 수분 클렌징 워터 320ml,기타,미분류
persona_6,969,0.6340088248252869,이니스프리,블랙티 유스 인핸싱 앰플 마스크 28ml,스킨케어,마스크팩
persona_6,970,0.6232346892356873,이니스프리,유채꿀 립밤  3.5g,스킨케어,크림
persona_6,971,0.6107946038246155,이니스프리,그린티 세라마이드 밀크 에센스 160ml,스킨케어,에센스
persona_6,972,0.6179669499397278,이니스프리,듀이 틴트 립밤 3.2g,메이크업,립틴트
persona_6,973,0.6258332133293152,이니스프리,노세범 모이스처 파우더 5g,건기식,기능성식품
persona_6,974,0.6412573456764221,이니스프리,비타C 그린티 엔자임세럼 기획세트,스킨케어,세럼
persona_6,975,0.630128026008606,이니스프리,그린티 씨드 히알루론산 크림 50ml,스킨케어,크림
persona_6,976,0.6144040822982788,이니스프리,화산송이 모공 바하 클렌징 폼 150g,건기식,기능성식품
persona_6,977,0.6159733533859253,이니스프리,노세범 미네랄 팩트 8.5g,스킨케어,마스크팩
persona_6,978,0.6494860053062439,이니스프리,레티놀 PDRN 앰플 겔 마스크 6매,스킨케어,마스크팩
persona_6,979,0.6152963638305664,이니스프리,스페셜케어마스크 풋 20ml,스킨케어,마스크팩
persona_6,980,0.641062319278717,이니스프리,그린티 데일리 수딩 마스크 30매,스킨케어,마스크팩
persona_6,981,0.6169105172157288,이니스프리,화산송이 모공 바하 클렌징폼  250g,건기식,기능성식품
persona_6,982,0.6309288740158081,이니스프리,올리브 비타민 E 리얼 오일 미스트 75ml,기타,미분류
persona_6,983,0.6443896293640137,이니스프리,눈썹 수정칼 2P,건기식,기능성식품
persona_6,984,0.6094511151313782,이니스프리,그린티 씨드 히알루론산 세럼 대용량 130ml,스킨케어,세럼
persona_6,985,0.6102195382118225,이니스프리,퍼펙트 9 인텐시브 아이크림 30ml,스킨케어,크림
persona_6,986,0.6390080451965332,이니스프리,올리브 비타민 E 리얼 클렌징 티슈 30매,기타,미분류
persona_6,987,0.6044495105743408,이니스프리,마이 퍼퓸드 핸드크림 80ml,스킨케어,크림
persona_6,988,0.6152894496917725,이니스프리,그린티 히알루론산 스킨 170ml,기타,미분류
persona_6,989,0.6309407353401184,이니스프리,노세범 블러 프라이머 25ml,기타,미분류
persona_6,990,0.6401543617248535,이니스프리,블랙티 유스 인핸싱 앰플 대용량 단품 세트,스킨케어,앰플
persona_6,991,0.6010892391204834,이니스프리,그린티 씨드 히알루론산 크림  80ml,스킨케어,크림
persona_6,992,0.6212677359580994,이니스프리,블랙티 유스 인핸싱 오일 30ml,기타,미분류
persona_6,993,0.6526293754577637,이니스프리,파우더 퍼프 1ea,기타,미분류
persona_6,994,0.6098021864891052,이니스프리,퍼펙트 9 인텐시브 크림 60ml,스킨케어,크림
persona_6,995,0.6230841875076294,이니스프리,노세범 AC 파우더 5g,건기식,기능성식품
persona_6,996,0.6232346892356873,이니스프리,유채꿀 립밤  3.5g,스킨케어,크림
persona_6,997,0.6152963638305664,이니스프리,스페셜케어마스크 핸드 20ml,스킨케어,마스크팩
persona_6,998,0.6303725242614746,이니스프리,블랙티 유스 인핸싱 크림 50ml,스킨케어,크림
persona_6,999,0.6443570852279663,이니스프리,화산송이 한지 기름종이 50매,기타,미분류
persona_6,1000,0.6230912804603577,이니스프리,비자 트러블 클렌징폼 150g,건기식,기능성식품
persona_6,1001,0.6084920167922974,이니스프리,그린티 히알루론산 로션 170ml,기타,미분류
persona_6,1002,0.6103672981262207,이니스프리,비타C 그린티 엔자임 잡티 토닝 패드 60매/170ml,기타,미분류
persona_6,1003,0.6209279298782349,이니스프리,라이트 피팅 메이크업 베이스 SPF23/PA++ 30ml,선케어,선크림
persona_6,1004,0.6247887015342712,이니스프리,그린티 히알루론산 미스트 150ml,기타,미분류
persona_6,1005,0.6223343014717102,이니스프리,레티놀 시카 흔적 장벽 크림 50ml,스킨케어,크림
persona_6,1006,0.6137955188751221,이니스프리,그린티 세라마이드 밀크 에센스 리필 160ml,스킨케어,에센스
persona_6,1007,0.619681715965271,이니스프리,한란 아이 크림 30ml,스킨케어,크림
persona_6,1008,0.6272469758987427,이니스프리,파워프루프 라이너  0.6g,메이크업,아이라이너
persona_6,1009,0.6102149486541748,이니스프리,올리브 비타민 E 리얼 스킨 170ml,기타,미분류
persona_6,1010,0.6039786338806152,이니스프리,그린티 씨드 히알루론산 세럼 80ml,스킨케어,세럼
persona_6,1011,0.6101251244544983,이니스프리,레티놀 그린티 PDRN 스킨부스터 토너 170ml,기타,미분류
persona_6,1012,0.6163344383239746,이니스프리,올리브 비타민 E 리얼 로션 170ml,기타,미분류
persona_6,1013,0.6098709106445312,이니스프리,그린티 씨드 히알루론산 세럼 리필 80ml,스킨케어,세럼
persona_6,1014,0.632684588432312,이니스프리,그린티 히알루론산 진정수분 선세럼 AD SPF50/PA++++ 50ml,선케어,선크림
persona_6,1015,0.633078396320343,이니스프리,수퍼 화산송이 쿨민초 모공팩 100ml,스킨케어,마스크팩
persona_6,1016,0.629259467124939,이니스프리,비타C 잡티 톤업 선스크린 SPF50+/PA++++ 50ml,선케어,선크림
persona_6,1017,0.6287972927093506,이니스프리,레티놀 그린티 PDRN 스킨부스터 앰플 25ml,스킨케어,앰플
persona_6,1018,0.630128026008606,이니스프리,올리브 비타민e 리얼 크림 50ml,스킨케어,크림
persona_6,1019,0.605950117111206,이니스프리,그린티 히알루론산 글로우 아이&페이스볼 10ml,기타,미분류
persona_6,1020,0.6400376558303833,이니스프리,그린티 씨드 히알루론산 스킨케어 세트,건기식,기능성식품
persona_6,1021,0.6290493607521057,이니스프리,애플씨드 립 앤 아이 메이크업 리무버 100ml,클렌징,리무버
persona_6,1022,0.609573483467102,이니스프리,블랙티 유스 인핸싱 로션 170ml,기타,미분류
persona_6,1023,0.6316937208175659,이니스프리,비타C 엔자임 잡티 토닝 크림 50ml,스킨케어,크림
persona_6,1024,0.6300445199012756,이니스프리,한란인리치드크림 50ml,스킨케어,크림
persona_6,1025,0.6142129302024841,이니스프리,국화 여성 청결제 200ml,기타,미분류
persona_6,1026,0.6317981481552124,이니스프리,왕벚꽃 글로우 스킨핏 톤업크림 SPF50 / PA++++ 50ml,선케어,선크림
persona_6,1027,0.6239683628082275,이니스프리,애플씨드 클렌징 크림 150ml,스킨케어,크림
persona_6,1028,0.6067792177200317,이니스프리,레티놀 그린티 PDRN 스킨부스터 앰플 40ml,스킨케어,앰플
persona_6,1029,0.609764039516449,이니스프리,레티놀 시카 흔적 패드 60매/170ml,기타,미분류
persona_6,1030,0.5868357419967651,이니스프리,노세범 파우더 쿠션 SPF35/PA++ 14g,선케어,선크림
persona_6,1031,0.630128026008606,이니스프리,그린티 씨드 히알루론산 크림  50ml,스킨케어,크림
persona_6,1032,0.609981894493103,이니스프리,포레스트 포맨 쉐이빙 & 클렌징 폼 150g,건기식,기능성식품
persona_6,1033,0.633078396320343,이니스프리,수퍼 화산송이 모공 마스크 100ml,스킨케어,마스크팩
persona_6,1034,0.6263852715492249,이니스프리,비타C 엔자임 잡티 토닝 크림 리필 50ml,스킨케어,크림
persona_6,1035,0.6029041409492493,이니스프리,청보리 마일드 필링젤 120ml,기타,미분류
persona_6,1036,0.6131078004837036,이니스프리,아일넘버 바디로션 씨즈더모먼트 300ml,바디,바디케어
persona_6,1037,0.6150940656661987,이니스프리,마이퍼퓸드바디 코튼플라워 바디로션 330ml,바디,바디케어
persona_6,1038,0.6329491138458252,이니스프리,포레스트 센서티브 올인원 에센스 100ml,스킨케어,에센스
persona_6,1039,0.6222204566001892,이니스프리,톤업 노세범 선스크린 EX SPF50+/PA++++ 60ml,선케어,선크림
persona_6,1040,0.5942656993865967,이니스프리,노세범 파우더 쿠션 리필 SPF35/PA++ 14g,선케어,선크림
persona_6,1041,0.6169105172157288,이니스프리,그린티 아미노 수분 클렌징폼  250g,건기식,기능성식품
persona_6,1042,0.6293522715568542,이니스프리,콜라겐 그린티 세라마이드 탄력장벽 크림 리필 50ml,스킨케어,크림
persona_6,1043,0.6060134768486023,이니스프리,링클 사이언스 스팟 트리트먼트 40ml,기타,미분류
persona_6,1044,0.6113007664680481,이니스프리,한란로션 170ml,기타,미분류
persona_6,1045,0.6334310173988342,이니스프리,심플라벨 워터프루프 펜슬라이너 0.1g,메이크업,아이라이너
persona_6,1046,0.6150940656661987,이니스프리,마이퍼퓸드바디 그린텐저린 바디로션 330ml,바디,바디케어
persona_6,1047,0.6329491138458252,이니스프리,포레스트 안티에이징 올인원 에센스 100ml,스킨케어,에센스
persona_6,1048,0.6145026087760925,이니스프리,비타C 그린티 엔자임 잡티 토닝 세럼 30ml,스킨케어,세럼
persona_6,1049,0.6179669499397278,이니스프리,듀이 트리트먼트 립밤 3.2g,스킨케어,크림
persona_6,1050,0.6311217546463013,이니스프리,유브이 액티브 포어리스 선스크린 SPF50+/PA++++ 50ml,선케어,선크림
persona_6,1051,0.638903796672821,이니스프리,레티놀 시카 앰플 포커싱 패치 1개입 9매,스킨케어,앰플
persona_6,1052,0.6192578077316284,이니스프리,알로에 리바이탈라이징 수딩젤 300ml,기타,미분류
persona_6,1053,0.609448254108429,이니스프리,라이트 피팅 컨실러 다크서클 커버 7g,건기식,기능성식품
persona_6,1054,0.6277576684951782,이니스프리,한란인리치드에센스 50ml,스킨케어,에센스
persona_6,1055,0.6125484108924866,이니스프리,아일넘버 바디워시 씨즈더모먼트 300ml,바디,바디케어
persona_6,1056,0.6187430024147034,이니스프리,스키니 꼼꼼카라 3.5g,건기식,기능성식품
persona_6,1057,0.6272238492965698,이니스프리,파워프루프 브러시 라이너 0.6g,메이크업,아이라이너
persona_6,1058,0.6308159232139587,이니스프리,히알루론 수분 선크림 SPF50+/PA++++ 50ml,선케어,선크림
persona_6,1059,0.6205227375030518,이니스프리,애플씨드 클렌징 오일 150ml,기타,미분류
persona_6,1060,0.6212677359580994,이니스프리,레티놀 시카 흔적 앰플 30ml,스킨케어,앰플
persona_6,1061,0.6212677359580994,이니스프리,블랙티 유스 인핸싱 앰플 30ml,스킨케어,앰플
persona_6,1062,0.6162605285644531,이니스프리,블랙티 유스 인핸싱 트리트먼트 에센스 145ml,스킨케어,에센스
persona_6,1063,0.628993570804596,이니스프리,블랙티 유스 인핸싱 트리트먼트 에센스 75ml,스킨케어,에센스
persona_6,1064,0.5878461599349976,이니스프리,노세범 선쿠션 이엑스 SPF50+/PA++++ 14g,선케어,선크림
persona_6,1065,0.6251422166824341,이니스프리,하우스 스펀지 6p,기타,미분류
persona_6,1066,0.6239867210388184,이니스프리,콜라겐 그린티 세라마이드 탄력 장벽 크림 50ml,스킨케어,크림
persona_6,1067,0.5950024127960205,이니스프리,포어 블러 파우더 11g,건기식,기능성식품
persona_6,1068,0.6093219518661499,이니스프리,에어리매트 틴트 3.8g,메이크업,립틴트
persona_6,1069,0.6188352704048157,이니스프리,라이트 피팅 파운데이션 SPF20/PA++ 30ml,선케어,선크림
persona_6,1070,0.6124610900878906,이니스프리,스키니 꼼꼼카라 Zero 3.5g,건기식,기능성식품
persona_6,1071,0.6222204566001892,이니스프리,인텐시브 롱래스팅 선스크린 EX SPF50+/PA++++ 60ml,선케어,선크림
persona_6,1072,0.6358466744422913,이니스프리,비자 트러블 로션 100ml,기타,미분류
persona_6,1073,0.6108344793319702,이니스프리,블랙티 유스 인핸싱 스킨 170ml,기타,미분류
persona_6,1074,0.6193191409111023,이니스프리,그린티 스킨 포맨 150ml,기타,미분류
persona_6,1075,0.6092962622642517,이니스프리,한란스킨 170ml,기타,미분류
persona_6,1076,0.6159179210662842,이니스프리,마이퍼퓸드바디 코튼플라워바디클렌저 330ml,바디,바디케어
persona_6,1077,0.6151217222213745,이니스프리,퍼펙트 9 인텐시브 세럼 50ml,스킨케어,세럼
persona_6,1078,0.6094498038291931,이니스프리,퍼펙트 9 인텐시브 스킨 200ml,기타,미분류
persona_6,1079,0.6050320267677307,이니스프리,비자 시카 밤 EX 40ml,스킨케어,크림
persona_6,1080,0.6152894496917725,이니스프리,비자 트러블 토너 170ml,기타,미분류
persona_6,1081,0.6370335221290588,이니스프리,레티놀 시카 앰플 듀오 SET,스킨케어,앰플
persona_6,1082,0.6308159232139587,이니스프리,히알루론 수분 선크림 SPF50+/PA++++ 50ml,선케어,선크림
persona_6,1083,0.6193191409111023,이니스프리,그린티 로션 포맨 150ml,기타,미분류
persona_6,1084,0.6260002851486206,이니스프리,왕벚꽃 글로우 톤업 크림 50ml,스킨케어,크림
persona_6,1085,0.6112929582595825,이니스프리,스키니 브로우카라 4g,메이크업,아이브로우
persona_6,1086,0.6186174750328064,이니스프리,화산송이 모공 바하 클렌징 오일 150ml,기타,미분류
persona_6,1087,0.6080288290977478,이니스프리,인텐시브 레져 선스틱 SPF50+/PA++++ 18g,선케어,선크림
persona_6,1088,0.6175050139427185,이니스프리,올리브 비타민 E 리얼 클렌징폼 150g,건기식,기능성식품
persona_6,1089,0.6309598684310913,이니스프리,실키 파우더 블러쉬 6.2g,건기식,기능성식품
persona_6,1090,0.6246961951255798,이니스프리,애플씨드 버블 클렌저 150ml,기타,미분류
persona_6,1091,0.6163344383239746,이니스프리,화산송이 파하 모공 매끈결 토너 170ml,기타,미분류
persona_6,1092,0.6159179210662842,이니스프리,마이퍼퓸드바디 워터릴리바디클렌저 330ml,바디,바디케어
persona_6,1093,0.5868357419967651,이니스프리,라이트 글로우 쿠션 SPF26/PA++ 14g,선케어,선크림
persona_6,1094,0.6140279769897461,이니스프리,비자 시카 밤 EX 대용량 70ml,스킨케어,크림
persona_6,1095,0.5770100951194763,이니스프리,퍼펙트 9 인텐시브 스킨케어 세트  퍼펙트 9 인텐시브 스킨 200ml+ 퍼펙트 9 인텐시브 로션 160ml &  세럼 5ml + 크림 10ml + 아이크림 5ml,스킨케어,세럼
persona_6,1096,0.6232346892356873,이니스프리,유채꿀 립밤 3.5g,스킨케어,크림
persona_6,1097,0.6155465841293335,이니스프리,포어 블러 팩트 12.5g,스킨케어,마스크팩
persona_6,1098,0.6123512387275696,이니스프리,아일 넘버 바디앤핸드워시 웜앤퍼지스 300ml,바디,바디케어
persona_6,1099,0.6290467977523804,이니스프리,아일넘버 핸드크림 씨즈더모먼트 50ml,스킨케어,크림
persona_6,1100,0.6159179210662842,이니스프리,마이퍼퓸드바디 그린텐저린바디클렌저 330ml,바디,바디케어
persona_6,1101,0.6173418164253235,이니스프리,포레스트 프레시 스킨 180ml,기타,미분류
persona_6,1102,0.6074074506759644,이니스프리,포레스트 프레시 로션 140ml,기타,미분류
persona_6,1103,0.5839764475822449,이니스프리,블랙티 유스 인핸싱 스킨 케어 세트  블랙티 유스 인핸싱 스킨 170ml + 블랙티 유스 인핸싱 로션 170ml&  스킨 15ml + 로션 15ml + 앰플 12ml,스킨케어,앰플
persona_6,1104,0.6014858484268188,이니스프리,퍼펙트 9 인텐시브 로션 160ml,기타,미분류
persona_6,1105,0.6222204566001892,이니스프리,톤업 노세범 선스크린 EX SPF50+/PA++++ 60ml,선케어,선크림
persona_6,1106,0.6055357456207275,이니스프리,비타C 엔자임 잡티 토닝 크림  80ml,스킨케어,크림
persona_6,1107,0.6109567880630493,이니스프리,화산송이 모공 듀얼 마스크 110ml,스킨케어,마스크팩
persona_6,1108,0.6198777556419373,이니스프리,올리브 비타민E 리얼 클렌징 오일 150ml,기타,미분류
persona_6,1109,0.6150940656661987,이니스프리,마이퍼퓸드바디 워터릴리 바디로션 330ml,바디,바디케어
persona_6,1110,0.618578314781189,이니스프리,스컬프팅 파우더 쉐이딩 6.8g,건기식,기능성식품
persona_6,1111,0.6441187858581543,이니스프리,포레스트 프레시 스킨 로션 2종 세트,기타,미분류
persona_6,1112,0.6116635203361511,이니스프리,심플라벨 래스팅 펜슬 브로우 0.15g,메이크업,아이브로우
persona_6,1113,0.6248339414596558,이니스프리,심플라벨 마스카라 7.5g,메이크업,마스카라
persona_6,1114,0.5942656993865967,이니스프리,라이트 글로우 쿠션 리필 SPF26/PA++ 14g,선케어,선크림
persona_6,1115,0.632010817527771,이니스프리,포레스트 포어 케어 올인원 에센스 100ml,스킨케어,에센스
persona_6,1116,0.6104931831359863,이니스프리,청보리 마일드 필링 토너 250ml,기타,미분류
persona_6,1117,0.6070590019226074,이니스프리,레티놀 PDRN 앰플 기획세트 40ml,스킨케어,앰플
persona_6,1118,0.6284008026123047,이니스프리,레티놀 시카 앰플 기획세트 50ml,스킨케어,앰플
persona_6,1119,0.6323754191398621,이니스프리,그린티 씨드 히알루론산 크림 기획세트,스킨케어,크림
persona_6,1120,0.6363058090209961,이니스프리,마이 퍼퓸드 핸드크림 세트,스킨케어,크림
persona_6,1121,0.6070590019226074,이니스프리,레티놀 PDRN 앰플 기획세트 40ml,스킨케어,앰플
persona_6,1122,0.6072927117347717,이니스프리,그린티 밀크 에센스 160ml 더블 기획세트,스킨케어,에센스
persona_6,1123,0.629507839679718,이니스프리,이니스프리 클렌징 폼,기타,미분류
persona_6,1124,0.6158114075660706,이니스프리,스페셜 케어 마스크  20ml,스킨케어,마스크팩
persona_6,1125,0.6012102365493774,이니스프리,그린티 세라마이드 크림 80ml,스킨케어,크림
persona_6,1126,0.6301711797714233,이니스프리,그린티 세라마이드 크림 50ml,스킨케어,크림
persona_6,1127,0.6301711797714233,이니스프리,그린티 세라마이드 크림 50ml,스킨케어,크림
persona_6,1128,0.630128026008606,이니스프리,그린티 씨드 히알루론산 크림 50ml,스킨케어,크림
persona_6,1129,0.6218921542167664,이니스프리,톤업 워터링 선스크린 SPF50+/PA++++ 60ml,선케어,선크림
persona_6,1130,0.6180676221847534,이니스프리,스마트 블렌더  1p,기타,미분류
persona_6,1131,0.6287899613380432,이니스프리,쉬어 글로이 하이라이터 5.5g,건기식,기능성식품
persona_6,1132,0.6471695303916931,이니스프리,일반 화장솜 80매,기타,미분류
persona_6,1133,0.6196399927139282,이니스프리,그린펫클럽 꼼꼼 워터리스 발세정제  150ml,기타,미분류
persona_6,1134,0.6291942596435547,이니스프리,아일 넘버 핸드크림 웜앤퍼지스 50ml,스킨케어,크림
persona_6,1135,0.6272238492965698,이니스프리,파워프루프 펜 라이너 0.6g,메이크업,아이라이너
persona_6,1136,0.6260002851486206,이니스프리,왕벚꽃 글로우 젤리 크림 50ml,스킨케어,크림
persona_6,1137,0.6254936456680298,이니스프리,스퀴즈 에너지 마스크 1매 22ml,스킨케어,마스크팩
persona_6,1138,0.6284008026123047,이니스프리,레티놀 시카 흔적 앰플 50ml,스킨케어,앰플
persona_6,1139,0.641754686832428,메디안,그린프로폴리스 치약 100g*3,건기식,기능성식품
persona_6,1140,0.6447203159332275,메디안,이지클린 센서티브 칫솔 4입,기타,미분류
persona_6,1141,0.6480855941772461,메디안,소금의 명작 치약,기타,미분류
persona_6,1142,0.606816828250885,메디안,후레쉬 치약 3입  120g*3,건기식,기능성식품
persona_6,1143,0.6348466873168945,메디안,잇몸과학 치약 3입,기타,미분류
persona_6,1144,0.6365224719047546,메디안,NEW 치석케어칫솔 4입,기타,미분류
persona_6,1145,0.6488223075866699,메디안,대나무숯 담은 칫솔 미세모 4입,기타,미분류
persona_6,1146,0.6348132491111755,메디안,듀얼이펙션 칫솔 4입 미세모,기타,미분류
persona_6,1147,0.6425554752349854,메디안,닥터메디안 멀티케어 치약,기타,미분류
persona_6,1148,0.6516485214233398,메디안,송천염 치약,기타,미분류
persona_6,1149,0.6430699229240417,메디안,젠티스트 치약 핑크 2입,기타,미분류
persona_6,1150,0.6138118505477905,메디안,구취과학 치약 프리징쿨 3입  120g*3,건기식,기능성식품
persona_6,1151,0.6444712281227112,메디안,그래핀 칫솔 4+1입,기타,미분류
persona_6,1152,0.6480855941772461,메디안,녹차의 명작 치약,기타,미분류
persona_6,1153,0.6427993178367615,메디안,미백과학 치약 플럼민트향,기타,미분류
persona_6,1154,0.6474609971046448,메디안,닥터메디안 칫솔 5+5입,기타,미분류
persona_6,1155,0.6276018023490906,메디안,365DAYS step3 충치 불소 어린이 펌핑 치약 300g,건기식,기능성식품
persona_6,1156,0.64827960729599,메디안,플렉스 이펙션 칫솔 4입,기타,미분류
persona_6,1157,0.6418353319168091,메디안,키즈 365DAYS step3 칫솔 12입,기타,미분류
persona_6,1158,0.6348466873168945,메디안,잇몸과학 칫솔 4입,기타,미분류
persona_6,1159,0.6487521529197693,메디안,골드와이드 칫솔 10입,기타,미분류
persona_6,1160,0.6471815705299377,메디안,365DAYS 고밀도 초극세모 딥클린 칫솔 16입,기타,미분류
persona_6,1161,0.6467808485031128,메디안,성인용 365DAYS 칫솔 12입,기타,미분류
persona_6,1162,0.6481745839118958,메디안,소금의 명작 칫솔 4입,기타,미분류
persona_6,1163,0.6402999758720398,메디안,그린프로폴리스 잇몸케어 칫솔 4+1입,기타,미분류
persona_6,1164,0.6392174959182739,메디안,키즈 365DAYS step3 칫솔 6입,기타,미분류
persona_6,1165,0.6371102929115295,메디안,키즈 365DAYS step2 칫솔 12입,기타,미분류
persona_6,1166,0.64827960729599,메디안,송천염 미세모 칫솔 4입,기타,미분류
persona_6,1167,0.6410894393920898,메디안,젠티스트 치약 핑크 100g,건기식,기능성식품
persona_6,1168,0.6481745839118958,메디안,녹차의 명작 칫솔 4입,기타,미분류
persona_6,1169,0.6463198661804199,메디안,젠티스트 치약 핑크 4입+쇼핑백 증정,건기식,기능성식품
persona_6,1170,0.6375860571861267,메디안,치석케어 치약 오리지널/구취/화이트/잇몸,기타,미분류
persona_6,1171,0.6206253170967102,비레디,웨이크업 생기 립밤 3g,스킨케어,크림
persona_6,1172,0.6206253170967102,라네즈,웨이크업 생기 립밤 3g,스킨케어,크림
persona_6,1173,0.6025698781013489,비레디,트루톤 로션  40ml,기타,미분류
persona_6,1174,0.6025698781013489,라네즈,트루톤 로션  40ml,기타,미분류
persona_6,1175,0.640407145023346,비레디,블루 수분 선크림 1+1 기획세트 SPF50+PA++++,선케어,선크림
persona_6,1176,0.640407145023346,라네즈,블루 수분 선크림 1+1 기획세트 SPF50+PA++++,선케어,선크림
persona_6,1177,0.6159607172012329,비레디,블루 파운데이션 SPF27/PA++ 35ml,선케어,선크림
persona_6,1178,0.6159607172012329,라네즈,블루 파운데이션 SPF27/PA++ 35ml,선케어,선크림
persona_6,1179,0.6058200001716614,비레디,블루쿠션 SPF34/PA++ 15g,선케어,선크림
persona_6,1180,0.6058200001716614,라네즈,블루쿠션 SPF34/PA++ 15g,선케어,선크림
persona_6,1181,0.6385873556137085,비레디,무드업 듀얼 아이섀도우 브러쉬,메이크업,아이섀도우
persona_6,1182,0.6385873556137085,라네즈,무드업 듀얼 아이섀도우 브러쉬,메이크업,아이섀도우
persona_6,1183,0.6026601195335388,비레디,블루쿠션 SPF34/PA++ 15g,선케어,선크림
persona_6,1184,0.6026601195335388,라네즈,블루쿠션 SPF34/PA++ 15g,선케어,선크림
persona_6,1185,0.5998736619949341,비레디,시카페인 트러블리셋 세럼 40ml,스킨케어,세럼
persona_6,1186,0.5998736619949341,라네즈,시카페인 트러블리셋 세럼 40ml,스킨케어,세럼
persona_6,1187,0.6318343877792358,비레디,블루 수분 선크림 SPF50+/PA++++ 50ml,선케어,선크림
persona_6,1188,0.6318343877792358,라네즈,블루 수분 선크림 SPF50+/PA++++ 50ml,선케어,선크림
persona_6,1189,0.634050190448761,비레디,프라이드업 아이브로우 0.6G,메이크업,아이브로우
persona_6,1190,0.634050190448761,라네즈,프라이드업 아이브로우 0.6G,메이크업,아이브로우
persona_6,1191,0.6177747249603271,비레디,블루 세범 파우더 7g,건기식,기능성식품
persona_6,1192,0.6177747249603271,라네즈,블루 세범 파우더 7g,건기식,기능성식품
persona_6,1193,0.6058371067047119,비레디,시카페인 트러블리셋 토너 250ml,기타,미분류
persona_6,1194,0.6058371067047119,라네즈,시카페인 트러블리셋 토너 250ml,기타,미분류
persona_6,1195,0.6154236793518066,비레디,시카페인 트러블리셋 크림 70ml,스킨케어,크림
persona_6,1196,0.6154236793518066,라네즈,시카페인 트러블리셋 크림 70ml,스킨케어,크림
persona_6,1197,0.6369231939315796,비레디,블루 파운데이션 퍼프,기타,미분류
persona_6,1198,0.6369231939315796,라네즈,블루 파운데이션 퍼프,기타,미분류
persona_6,1199,0.6318343877792358,비레디,하이드로 스웻프루프 선크림 SPF50+/PA++++ 50ml,선케어,선크림
persona_6,1200,0.6318343877792358,라네즈,하이드로 스웻프루프 선크림 SPF50+/PA++++ 50ml,선케어,선크림
persona_6,1201,0.6042274832725525,비레디,에어리 헤어 페이스트 80g,건기식,기능성식품
persona_6,1202,0.6042274832725525,라네즈,에어리 헤어 페이스트 80g,건기식,기능성식품
persona_6,1203,0.643587589263916,비레디,4.4,기타,미분류
persona_6,1204,0.643587589263916,라네즈,4.4,기타,미분류
persona_6,1205,0.6260866522789001,비레디,시카페인 트러블리셋 클렌징폼 150g,건기식,기능성식품
persona_6,1206,0.6260866522789001,라네즈,시카페인 트러블리셋 클렌징폼 150g,건기식,기능성식품
persona_6,1207,0.6198939681053162,비레디,무드업 음영 아이팔레트 7g,건기식,기능성식품
persona_6,1208,0.6198939681053162,라네즈,무드업 음영 아이팔레트 7g,건기식,기능성식품
persona_6,1209,0.6189616322517395,비레디,생기 립밤 3g,스킨케어,크림
persona_6,1210,0.6189616322517395,라네즈,생기 립밤 3g,스킨케어,크림
persona_6,1211,0.6189616322517395,비레디,생기 립밤 3g,스킨케어,크림
persona_6,1212,0.6189616322517395,라네즈,생기 립밤 3g,스킨케어,크림
persona_6,1213,0.6189616322517395,비레디,생기 립밤 3g,스킨케어,크림
persona_6,1214,0.6189616322517395,라네즈,생기 립밤 3g,스킨케어,크림
persona_6,1215,0.6394258737564087,비레디,블루 파운데이션 3호,기타,미분류
persona_6,1216,0.6394258737564087,라네즈,블루 파운데이션 3호,기타,미분류
persona_6,1217,0.6394258737564087,비레디,블루 파운데이션 2호,기타,미분류
persona_6,1218,0.6394258737564087,라네즈,블루 파운데이션 2호,기타,미분류
persona_6,1219,0.6466493606567383,비레디,블루쿠션 3호 제프리,기타,미분류
persona_6,1220,0.6466493606567383,라네즈,블루쿠션 3호 제프리,기타,미분류
persona_6,1221,0.6466493606567383,비레디,블루쿠션 2호 라이언,기타,미분류
persona_6,1222,0.6466493606567383,라네즈,블루쿠션 2호 라이언,기타,미분류
persona_6,1223,0.6479566693305969,비레디,시카페인 트러블리셋 2종,기타,미분류
persona_6,1224,0.6479566693305969,라네즈,시카페인 트러블리셋 2종,기타,미분류
persona_6,1225,0.6443327069282532,비레디,블루 수분 선크림 SPF50+/PA++++,선케어,선크림
persona_6,1226,0.6443327069282532,라네즈,블루 수분 선크림 SPF50+/PA++++,선케어,선크림
persona_6,1227,0.6414222121238708,퍼즐우드,메타그린 칼로리컷 젤리 다이어트 기능성 젤리 혈당탄수화물컷,기타,미분류
persona_6,1228,0.6368399858474731,퍼즐우드,메타그린 부스터샷 7일,기타,미분류
persona_6,1229,0.6412733197212219,퍼즐우드,메타그린 슬림업 다이어트 비건 기능성,기타,미분류
persona_6,1230,0.6402902007102966,퍼즐우드,메타그린 클린티 10입,기타,미분류
persona_6,1231,0.6368399858474731,퍼즐우드,녹차에서 온 유산균,기타,미분류
persona_6,1232,0.6402038931846619,퍼즐우드,슈퍼콜라겐 28입,기타,미분류
persona_6,1233,0.638114333152771,퍼즐우드,멀티비타민미네랄,기타,미분류
persona_6,1234,0.6348268389701843,퍼즐우드,메타그린 효소 14입,기타,미분류
persona_6,1235,0.6380416750907898,퍼즐우드,슈퍼레티놀 30포,기타,미분류
persona_6,1236,0.6413198113441467,퍼즐우드,액티브 멀티팩,스킨케어,마스크팩
persona_6,1237,0.6429106593132019,퍼즐우드,오메가케어 30일,기타,미분류
persona_6,1238,0.634712278842926,퍼즐우드,메타그린 슬림업,기타,미분류
persona_6,1239,0.6394867300987244,퍼즐우드,슈퍼콜라겐 골드,기타,미분류
persona_6,1240,0.6251145005226135,퍼즐우드,굿슬립 가바 365  식약처 인정 수면기능성,건기식,기능성식품
persona_6,1241,0.637424886226654,퍼즐우드,슈퍼콜라겐 프리미엄,기타,미분류
persona_6,1242,0.6438696384429932,퍼즐우드,슈퍼에센셜,기타,미분류
persona_6,1243,0.645056426525116,퍼즐우드,트루아이,기타,미분류
persona_6,1244,0.6514744162559509,퍼즐우드,슈퍼에센셜,기타,미분류
persona_6,1245,0.633057713508606,퍼즐우드,메타그린 골드 플러스,기타,미분류
persona_6,1246,0.6432810425758362,퍼즐우드,명작수 골드,기타,미분류
persona_6,1247,0.6422507166862488,퍼즐우드,명작수 골드,기타,미분류
persona_6,1248,0.6354075074195862,퍼즐우드,메타그린 골드 플러스 패밀리 기획세트,기타,미분류
persona_6,1249,0.6320158839225769,퍼즐우드,슈퍼콜라겐 골드,기타,미분류
persona_6,1250,0.6368399858474731,퍼즐우드,NEW 슈퍼시카 B5,기타,미분류
persona_6,1251,0.6413793563842773,퍼즐우드,액티브멀티팩 기획세트,스킨케어,마스크팩
persona_6,1252,0.6436828374862671,퍼즐우드,리버프라임,기타,미분류
persona_6,1253,0.634712278842926,퍼즐우드,조이스텝 골드,기타,미분류
persona_6,1254,0.6406152844429016,퍼즐우드,올인원 멀티팩,스킨케어,마스크팩
persona_6,1255,0.6413793563842773,퍼즐우드,트루아이 기획세트,기타,미분류
persona_6,1256,0.6347920298576355,퍼즐우드,조이스텝 골드,기타,미분류
persona_6,1257,0.6436519622802734,퍼즐우드,슈퍼콜라겐 플래티넘,기타,미분류
persona_6,1258,0.6347920298576355,퍼즐우드,슈퍼콜라겐 플래티넘,기타,미분류
persona_6,1259,0.6413793563842773,퍼즐우드,슈퍼콜라겐 골드,기타,미분류
persona_6,1260,0.6466640830039978,퍼즐우드,비타클렌즈,기타,미분류
persona_6,1261,0.6384544968605042,퍼즐우드,굿슬립 가바 365,기타,미분류
persona_6,1262,0.639020562171936,퍼즐우드,올인원 멀티팩,스킨케어,마스크팩
persona_6,1263,0.6380416750907898,퍼즐우드,슈퍼레티놀 30포,기타,미분류
persona_6,1264,0.6368399858474731,퍼즐우드,메타그린 부스터샷 7일,기타,미분류
persona_6,1265,0.6412733197212219,퍼즐우드,메타그린 슬림업 다이어트 비건 기능성,기타,미분류
persona_6,1266,0.640656054019928,퍼즐우드,슈퍼콜라겐 14입,기타,미분류
persona_6,1267,0.6334421634674072,퍼즐우드,슈퍼콜라겐 28입X2개 + 월리 우프 무드등,기타,미분류
persona_6,1268,0.6253852248191833,퍼즐우드,메타그린 슬림업 30일X3개 + 월리 뽀모도로 타이머 & 포스트카드,기타,미분류
persona_6,1269,0.6374472975730896,퍼즐우드,슈퍼레티놀 기획세트,기타,미분류
persona_6,1270,0.6479424238204956,퍼즐우드,슈퍼에센셜 기획세트,기타,미분류
persona_6,1271,0.6427921056747437,퍼즐우드,리버프라임 105일,기타,미분류
persona_6,1272,0.639020562171936,퍼즐우드,오메가케어 3입세트,기타,미분류
persona_6,1273,0.63619065284729,퍼즐우드,NEW 슈퍼시카 B5,기타,미분류
persona_6,1274,0.6413122415542603,퍼즐우드,메타그린 슬림업,기타,미분류
persona_6,1275,0.6430069804191589,퍼즐우드,메타그린 슬림업,기타,미분류
persona_6,1276,0.63619065284729,퍼즐우드,메타그린 부스터샷 7일,기타,미분류
persona_6,1277,0.6411072611808777,퍼즐우드,메타그린 부스터샷 7일,기타,미분류
persona_6,1278,0.6470274329185486,퍼즐우드,메타그린 효소,기타,미분류
persona_6,1279,0.6408527493476868,퍼즐우드,메타그린 부스터샷 7일,기타,미분류
persona_6,1280,0.6407785415649414,퍼즐우드,메타그린 부스터샷 7일,기타,미분류
persona_6,1281,0.6388242840766907,퍼즐우드,메타그린 클린티 10입,기타,미분류
persona_6,1282,0.6374472975730896,퍼즐우드,슈퍼레티놀 30포,기타,미분류
persona_6,1283,0.6405297517776489,퍼즐우드,슈퍼콜라겐 28입,기타,미분류
persona_6,1284,0.6448807120323181,퍼즐우드,슈퍼에센셜 28입,기타,미분류
persona_6,1285,0.6467640399932861,퍼즐우드,메타그린 슬림업,기타,미분류
persona_6,1286,0.6333824992179871,퍼즐우드,메타그린 골드 플러스 패밀리기획,기타,미분류
persona_6,1287,0.6388242840766907,퍼즐우드,메타그린 칼로리컷 젤리,기타,미분류
persona_6,1288,0.63619065284729,퍼즐우드,녹차에서 온 유산균,기타,미분류
persona_6,1289,0.6423800587654114,퍼즐우드,메타그린 슬림업,기타,미분류
persona_6,1290,0.6427921056747437,퍼즐우드,프로바이오틱스 골드,기타,미분류
persona_6,1291,0.6325316429138184,퍼즐우드,프로바이오틱스&이뮨,기타,미분류
persona_6,1292,0.6064980030059814,마몽드,BEST 플로라 글로우 로즈 리퀴드 마스크 80ml,스킨케어,마스크팩
persona_6,1293,0.6204792261123657,마몽드,프로바이오틱스 세라마이드 앰플 마스크팩 23ml,스킨케어,마스크팩
persona_6,1294,0.6285707950592041,마몽드,BEST 어메이징 딥 민트 클렌징밤 90ml,스킨케어,크림
persona_6,1295,0.6512303948402405,마몽드,프로바이오틱스 세라마이드 2종 세트,기타,미분류
persona_6,1296,0.6204752326011658,마몽드,에이지 컨트롤 카멜리아 앰플 마스크팩 23ml,스킨케어,마스크팩
persona_6,1297,0.6312099695205688,마몽드,에이지 컨트롤 카멜리아 크림 50ml,스킨케어,크림
persona_6,1298,0.6469273567199707,마몽드,어메이징 딥 민트 클렌징 티슈 70매,기타,미분류
persona_6,1299,0.6219658851623535,마몽드,프로바이오틱스 세라마이드 에멀젼 150ml,기타,미분류
persona_6,1300,0.6234923005104065,마몽드,프로바이오틱스 세라마이드 인텐스 크림 60ml,스킨케어,크림
persona_6,1301,0.6146987080574036,마몽드,플로라 글로우 로즈 워터 토너 500ml 500ml,기타,미분류
persona_6,1302,0.6338537931442261,마몽드,BEST 카밍 샷 아줄렌 흔적 수분 앰플 50ml,스킨케어,앰플
persona_6,1303,0.6379159688949585,마몽드,4.8,기타,미분류
persona_6,1304,0.611724853515625,마몽드,세라마이드 아미노 폼 120g,건기식,기능성식품
persona_6,1305,0.6295703649520874,마몽드,맨 리차징 로션 150ml,기타,미분류
persona_6,1306,0.6204752326011658,마몽드,카밍 샷 아줄렌 앰플 마스크팩 23ml,스킨케어,마스크팩
persona_6,1307,0.6177990436553955,마몽드,프로바이오틱스 세라마이드 스킨소프너 200ml,기타,미분류
persona_6,1308,0.6204752326011658,마몽드,플로라 글로우 로즈 앰플 마스크팩 23ml,스킨케어,마스크팩
persona_6,1309,0.6249549984931946,마몽드,맨 리차징 토너 180ml,기타,미분류
persona_6,1310,0.6180189251899719,마몽드,에이지 컨트롤 카멜리아 에멀젼 125ml,기타,미분류
persona_6,1311,0.6306324601173401,마몽드,에이지 컨트롤 카멜리아 세럼 50ml,스킨케어,세럼
persona_6,1312,0.6179631948471069,마몽드,어메이징 딥 민트 클렌징밤 180ml,스킨케어,크림
persona_6,1313,0.642833411693573,마몽드,맨 리차징 2종 세트,기타,미분류
persona_6,1314,0.6243793964385986,마몽드,카밍 샷 아줄렌 크림 60ml,스킨케어,크림
persona_6,1315,0.6170810461044312,마몽드,어메이징 딥 민트 클렌징폼 120ml,기타,미분류
persona_6,1316,0.6228364109992981,마몽드,에이지 컨트롤 카멜리아 에센스 워터 150ml,스킨케어,에센스
persona_6,1317,0.6213018894195557,마몽드,플로라 글로우 로즈 워터 토너 300ml,기타,미분류
persona_6,1318,0.6222867965698242,마몽드,카밍 샷 아줄렌 선크림 SPF50+PA++++ 35ml,선케어,선크림
persona_6,1319,0.6155185103416443,마몽드,포어 슈링커 바쿠치올 레티놀 토너 200ml,기타,미분류
persona_6,1320,0.6313815116882324,마몽드,플로라 글로우 로즈 스무딩 크림 50ml,스킨케어,크림
persona_6,1321,0.6252155303955078,마몽드,포어 슈링커 바쿠치올 크림 60ml,스킨케어,크림
persona_6,1322,0.6297539472579956,마몽드,포어 슈링커 바쿠치올 세럼 50ml,스킨케어,세럼
persona_6,1323,0.6193104386329651,마몽드,어메이징 딥 민트차콜릿 클렌징밤 90ml,스킨케어,크림
persona_6,1324,0.6392474174499512,마몽드,에이지 컨트롤 카멜리아 2종 세트,기타,미분류
persona_6,1325,0.6134717464447021,마몽드,어메이징 딥 민트차콜릿 팩클렌저 135g,스킨케어,마스크팩
persona_6,1326,0.6148995161056519,마몽드,플로라 글로우 로즈 틴티드 선세럼 35ml,스킨케어,세럼
persona_6,1327,0.6411683559417725,마몽드,좋아요,기타,미분류
persona_6,1328,0.6466640830039978,마몽드,좋아요,기타,미분류
persona_6,1329,0.6283847689628601,마몽드,플로라글로우 로즈 볼마스크 3.5ml,스킨케어,마스크팩
persona_6,1330,0.6257122159004211,마몽드,에이지컨트롤 카멜리아 크림 50ml X2개,스킨케어,크림
persona_6,1331,0.6539869904518127,마몽드,사은품,기타,미분류
persona_6,1332,0.6299908757209778,마몽드,카밍 샷 아줄렌 흔적 수분 앰플 50ml X2개,스킨케어,앰플
persona_6,1333,0.6205445528030396,마몽드,어메이징 딥 민트 클렌징밤 90ml X2개,스킨케어,크림
persona_6,1334,0.6038916707038879,마몽드,플로라글로우 로즈 리퀴드 마스크 80ml X2개,스킨케어,마스크팩
persona_6,1335,0.6405850052833557,마몽드,플로라글로우 로즈 하이드로겔 마스크,스킨케어,마스크팩
persona_6,1336,0.619627833366394,마몽드,플로라글로우 로즈 볼마스크 3.5ml,스킨케어,마스크팩
persona_6,1337,0.6058231592178345,마몽드,NEW 플로라글로우 로즈 슬리핑 마스크 80g,스킨케어,마스크팩
persona_6,1338,0.6463824510574341,마몽드,플로라글로우 로즈 하이드로겔 마스크,스킨케어,마스크팩
persona_6,1339,0.6254889965057373,마몽드,플로라 글로우 로즈 볼마스크 3.5ml,스킨케어,마스크팩
persona_6,1340,0.6162015795707703,마몽드,NEW 오리지널 레시피 허니 모델링팩  66g,스킨케어,마스크팩
persona_6,1341,0.6158249378204346,마몽드,NEW 카밍샷 아줄렌 모델링팩  66g,스킨케어,마스크팩
persona_6,1342,0.6421076655387878,마몽드,프로바이오틱스 세라마이드 앰플 마스크팩,스킨케어,마스크팩
persona_6,1343,0.6428053975105286,마몽드,카밍 샷 아줄렌 앰플 마스크팩,스킨케어,마스크팩
persona_6,1344,0.6428053975105286,마몽드,에이지 컨트롤 카멜리아 앰플 마스크팩,스킨케어,마스크팩
persona_6,1345,0.6421076655387878,마몽드,플로라글로우 로즈 앰플 마스크팩,스킨케어,마스크팩
persona_6,1346,0.6486158967018127,마몽드,프로바이오틱스 세라마이드 에멀젼,기타,미분류
persona_6,1347,0.6470781564712524,마몽드,프로바이오틱스 세라마이드 스킨소프너,기타,미분류
persona_6,1348,0.6401586532592773,마몽드,맨 리차징 토너,기타,미분류
persona_6,1349,0.6493585109710693,마몽드,에이지 컨트롤 카멜리아 크림,스킨케어,크림
persona_6,1350,0.6472512483596802,마몽드,에이지 컨트롤 카멜리아 세럼,스킨케어,세럼
persona_6,1351,0.6217004060745239,마몽드,카밍 샷 아줄렌 토너 300ml,기타,미분류
persona_6,1352,0.6404191255569458,마몽드,플로라글로우 로즈 앰플 마스크팩,스킨케어,마스크팩
persona_6,1353,0.641062319278717,마몽드,에이지 컨트롤 카멜리아 앰플 마스크팩,스킨케어,마스크팩
persona_6,1354,0.641062319278717,마몽드,카밍 샷 아줄렌 앰플 마스크팩,스킨케어,마스크팩
persona_6,1355,0.6404191255569458,마몽드,프로바이오틱스 세라마이드 앰플 마스크팩,스킨케어,마스크팩
persona_6,1356,0.649158775806427,마몽드,어메이징 딥 민트 클렌징폼,기타,미분류
persona_6,1357,0.6297539472579956,마몽드,포어 슈링커 바쿠치올 세럼 50ml,스킨케어,세럼
persona_6,1358,0.6459821462631226,오설록,"22,400원",기타,미분류
persona_6,1359,0.627709150314331,오설록,"11,700원",기타,미분류
persona_6,1360,0.6304817795753479,오설록,"13,300원",기타,미분류
persona_6,1361,0.6492311954498291,오설록,"5,400원",기타,미분류
persona_6,1362,0.6475887894630432,오설록,"22,500원",기타,미분류
persona_6,1363,0.6465105414390564,오설록,"21,850원",기타,미분류
persona_6,1364,0.6550585627555847,오설록,"5,700원",기타,미분류
persona_6,1365,0.6369412541389465,오설록,"12,600원",기타,미분류
persona_6,1366,0.6304817795753479,오설록,"13,300원",기타,미분류
persona_6,1367,0.6440625190734863,오설록,"9,900원",기타,미분류
persona_6,1368,0.6550585627555847,오설록,"5,700원",기타,미분류
persona_6,1369,0.6428393721580505,오설록,"10,450원",기타,미분류
persona_6,1370,0.6440625190734863,오설록,"9,900원",기타,미분류
persona_6,1371,0.6395147442817688,오설록,"21,600원",기타,미분류
persona_6,1372,0.6454523205757141,오설록,"26,250원",기타,미분류
persona_6,1373,0.6297025084495544,오설록,"11,000원",기타,미분류
persona_6,1374,0.627709150314331,오설록,"11,700원",기타,미분류
persona_6,1375,0.6408364176750183,오설록,"27,000원",기타,미분류
persona_6,1376,0.6440625190734863,오설록,"9,900원",기타,미분류
persona_6,1377,0.6440625190734863,오설록,"9,900원",기타,미분류
persona_6,1378,0.6522670388221741,오설록,"9,500원",기타,미분류
persona_6,1379,0.6447858214378357,오설록,"23,750원",기타,미분류
persona_6,1380,0.627709150314331,오설록,"11,700원",기타,미분류
persona_6,1381,0.6282268762588501,오설록,"15,300원",기타,미분류
persona_6,1382,0.6297025084495544,오설록,"11,000원",기타,미분류
persona_6,1383,0.6464260816574097,오설록,"24,000원",기타,미분류
persona_6,1384,0.6410688161849976,오설록,"24,300원",기타,미분류
persona_6,1385,0.6297025084495544,오설록,"11,000원",기타,미분류
persona_6,1386,0.6440625190734863,오설록,"9,900원",기타,미분류
persona_6,1387,0.6268340349197388,오설록,"8,550원",기타,미분류
persona_6,1388,0.6440625190734863,오설록,"9,900원",기타,미분류
persona_6,1389,0.6396806240081787,오설록,"45,900원",기타,미분류
persona_6,1390,0.6304817795753479,오설록,"13,300원",기타,미분류
persona_6,1391,0.644843578338623,오설록,"9,900원",기타,미분류
persona_6,1392,0.6362371444702148,오설록,"27,000원",기타,미분류
persona_6,1393,0.6438896656036377,오설록,"12,350원",기타,미분류
persona_6,1394,0.6440625190734863,오설록,"9,900원",기타,미분류
persona_6,1395,0.625829815864563,오설록,"14,850원",기타,미분류
persona_6,1396,0.6440625190734863,오설록,"9,900원",기타,미분류
persona_6,1397,0.6494126319885254,오설록,"17,550원",기타,미분류
persona_6,1398,0.6494126319885254,오설록,"17,550원",기타,미분류
persona_6,1399,0.6440625190734863,오설록,"9,900원",기타,미분류
persona_6,1400,0.6410688161849976,오설록,"24,300원",기타,미분류
persona_6,1401,0.6268340349197388,오설록,"8,550원",기타,미분류
persona_6,1402,0.625829815864563,오설록,"14,850원",기타,미분류
persona_6,1403,0.625829815864563,오설록,"14,850원",기타,미분류
persona_6,1404,0.6410688161849976,오설록,"24,300원",기타,미분류
persona_6,1405,0.6440625190734863,오설록,"9,900원",기타,미분류
persona_6,1406,0.6324135065078735,오설록,"66,300원",기타,미분류
persona_6,1407,0.6489697098731995,오설록,"54,400원",기타,미분류
persona_6,1408,0.6440625190734863,오설록,"9,900원",기타,미분류
persona_6,1409,0.625829815864563,오설록,"14,850원",기타,미분류
persona_6,1410,0.644843578338623,오설록,"9,000원",기타,미분류
persona_6,1411,0.6297025084495544,오설록,"11,000원",기타,미분류
persona_6,1412,0.6410688161849976,오설록,"24,300원",기타,미분류
persona_6,1413,0.6440625190734863,오설록,"9,900원",기타,미분류
persona_6,1414,0.6410688161849976,오설록,"24,300원",기타,미분류
persona_6,1415,0.6366679668426514,오설록,"38,000원",기타,미분류
persona_6,1416,0.6307038068771362,오설록,"8,000원",기타,미분류
persona_6,1417,0.6494126319885254,오설록,"17,550원",기타,미분류
persona_6,1418,0.6410688161849976,오설록,"24,300원",기타,미분류
persona_6,1419,0.6428393721580505,오설록,"10,450원",기타,미분류
persona_6,1420,0.6423972845077515,오설록,"7,200원",기타,미분류
persona_6,1421,0.6423972845077515,오설록,"7,200원",기타,미분류
persona_6,1422,0.6440625190734863,오설록,"9,900원",기타,미분류
persona_6,1423,0.6440625190734863,오설록,"9,900원",기타,미분류
persona_6,1424,0.6343241930007935,오설록,"16,650원",기타,미분류
persona_6,1425,0.6304817795753479,오설록,"13,300원",기타,미분류
persona_6,1426,0.6318497061729431,오설록,"14,250원",기타,미분류
persona_6,1427,0.644456148147583,오설록,"12,375원",기타,미분류
persona_6,1428,0.6443203091621399,오설록,"93,500원",기타,미분류
persona_6,1429,0.6318543553352356,오설록,"12,600원",기타,미분류
persona_6,1430,0.625829815864563,오설록,"14,850원",기타,미분류
persona_6,1431,0.625829815864563,오설록,"14,850원",기타,미분류
persona_6,1432,0.6423972845077515,오설록,"7,200원",기타,미분류
persona_6,1433,0.625829815864563,오설록,"14,850원",기타,미분류
persona_6,1434,0.644456148147583,오설록,"12,375원",기타,미분류
persona_6,1435,0.644456148147583,오설록,"12,375원",기타,미분류
persona_6,1436,0.625829815864563,오설록,"14,850원",기타,미분류
persona_6,1437,0.625829815864563,오설록,"14,850원",기타,미분류
persona_6,1438,0.644843578338623,오설록,"9,900원",기타,미분류
persona_6,1439,0.6410688161849976,오설록,"24,300원",기타,미분류
persona_6,1440,0.6291574239730835,오설록,"14,850원",기타,미분류
persona_6,1441,0.6369412541389465,오설록,"12,600원",기타,미분류
persona_6,1442,0.6433099508285522,오설록,"24,300원",기타,미분류
persona_6,1443,0.625829815864563,오설록,"14,850원",기타,미분류
persona_6,1444,0.6410688161849976,오설록,"24,300원",기타,미분류
persona_6,1445,0.6410688161849976,오설록,"24,300원",기타,미분류
persona_6,1446,0.6410688161849976,오설록,"24,300원",기타,미분류
persona_6,1447,0.6369412541389465,오설록,"12,600원",기타,미분류
persona_6,1448,0.6234645247459412,오설록,"127,500원",기타,미분류
persona_6,1449,0.6291574239730835,오설록,"14,850원",기타,미분류
persona_6,1450,0.625829815864563,오설록,"14,850원",기타,미분류
persona_6,1451,0.629454493522644,오설록,"11,700원",기타,미분류
persona_6,1452,0.6398446559906006,오설록,"37,800원",기타,미분류
persona_6,1453,0.6492474675178528,오설록,"39,000원",기타,미분류
persona_6,1454,0.6472234129905701,오설록,"30,000원",기타,미분류
persona_6,1455,0.6522670388221741,오설록,"9,500원",기타,미분류
persona_6,1456,0.6304817795753479,오설록,"13,300원",기타,미분류
persona_6,1457,0.627709150314331,오설록,"11,700원",기타,미분류
persona_6,1458,0.629454493522644,오설록,"11,700원",기타,미분류
persona_6,1459,0.6297025084495544,오설록,"11,000원",기타,미분류
persona_6,1460,0.6297736763954163,오설록,"15,200원",기타,미분류
persona_6,1461,0.6474195122718811,오설록,"19,800원",기타,미분류
persona_6,1462,0.6297736763954163,오설록,"15,200원",기타,미분류
persona_6,1463,0.6254409551620483,려,함빛/청아/흑운/민감 샴푸&컨디셔너 480ml,기타,미분류
persona_6,1464,0.6026005744934082,려,루트젠 탈모증상전문케어 두피 에센스 80ml,스킨케어,에센스
persona_6,1465,0.6156243085861206,려,두피 편한 검은콩 염색 120g,건기식,기능성식품
persona_6,1466,0.5908808708190918,려,자양윤모 9ex 탈모증상전문케어 샴푸 400ml,기타,미분류
persona_6,1467,0.6344675421714783,려,루트젠 여성 맞춤 탈모증상전문케어 샴푸 515ml,기타,미분류
persona_6,1468,0.6237857937812805,려,헤어쿠션  7g,건기식,기능성식품
persona_6,1469,0.6132605671882629,려,루트젠 여성 맞춤 탈모증상전문케어 샴푸 리필팩 400ml,스킨케어,마스크팩
persona_6,1470,0.6221713423728943,려,댄트롤 비듬샴푸 박하/멘톨/애플 820ml,기타,미분류
persona_6,1471,0.6344675421714783,려,루트젠 남성 맞춤 탈모증상전문케어 샴푸 515ml,기타,미분류
persona_6,1472,0.6137261986732483,려,진생보 두피모발영양 샴푸/컨디셔너 400ml,기타,미분류
persona_6,1473,0.6180212497711182,려,자양윤모 9이엑스 탈모증상전문케어 모근강화 트리트먼트 330ml,기타,미분류
persona_6,1474,0.6344675421714783,려,루트젠 여성 맞춤 탈모증상전문케어 트리트먼트 515ml,기타,미분류
persona_6,1475,0.612312912940979,려,명품 에이치비엑스 탈모증상완화 앰플 샴푸 500ml,스킨케어,앰플
persona_6,1476,0.640282392501831,려,루트젠 두피코어강화 아쿠아필 두피토닉 100ml,기타,미분류
persona_6,1477,0.6377578973770142,려,루트젠 두피코어강화 두피청정샴푸 515ml,기타,미분류
persona_6,1478,0.6207374930381775,려,함빛 극손상 앤 영양 트리트먼트 300ml,기타,미분류
persona_6,1479,0.6235084533691406,려,자양윤모 탈모전문케어 경주달밤/여수하늘 트리트먼트 200ml,기타,미분류
persona_6,1480,0.6303781270980835,려,루트젠 탈모증상전문케어 헤어볼륨필러 150ml,기타,미분류
persona_6,1481,0.6479715704917908,려,루트젠 두피코어강화 두피 청정샴푸,건기식,기능성식품
persona_6,1482,0.6484269499778748,려,자양윤모 9이엑스 탈모증상전문케어 모근강화 트리트먼트,기타,미분류
persona_6,1483,0.6486524939537048,려,자양윤모 탈모증상전문케어 샴푸 지성두피용,기타,미분류
persona_6,1484,0.6478217840194702,려,루트젠 남성 맞춤 탈모증상전문케어 샴푸,기타,미분류
persona_6,1485,0.6209675073623657,려,루트젠 탈모케어 트리플샷 두피리페어 세럼 60ml,스킨케어,세럼
persona_6,1486,0.6461419463157654,려,루트젠 두피코어강화 아쿠아필 두피토닉,기타,미분류
persona_6,1487,0.6461426615715027,려,루트젠 탈모증상전문케어 두피 에센스,스킨케어,에센스
persona_6,1488,0.6078815460205078,려,진생보 두피모발영양 샴푸 400ml,기타,미분류
persona_6,1489,0.6482570171356201,려,루트젠 여성 맞춤 탈모증상전문케어 샴푸,기타,미분류
persona_6,1490,0.6469829678535461,려,루트젠 여성 맞춤 탈모증상전문케어 샴푸,기타,미분류
persona_6,1491,0.6474471688270569,려,루트젠 여성 맞춤 탈모증상전문케어 샴푸+두피에센스,스킨케어,에센스
persona_6,1492,0.646711528301239,려,루트젠 여성 맞춤 탈모증상전문케어 샴푸+리필,기타,미분류
persona_6,1493,0.6483983993530273,려,루트젠 탈모증상전문케어 여성 샴푸+남성 샴푸,기타,미분류
persona_6,1494,0.6483983993530273,려,루트젠 여성 맞춤 탈모증상전문케어 샴푸+트리트먼트,기타,미분류
persona_6,1495,0.60403972864151,려,우아채 영양새치염색  120g,건기식,기능성식품
persona_6,1496,0.639020562171936,설화수,자음2종 세트,기타,미분류
persona_6,1497,0.6176520586013794,설화수,순행클렌징폼 200ml,기타,미분류
persona_6,1498,0.6404305100440979,설화수,탄력3종 세트,기타,미분류
persona_6,1499,0.6278411746025085,설화수,탄력크림 단품세트 75ml,스킨케어,크림
persona_6,1500,0.6212849617004395,설화수,순행클렌징오일 200ml,기타,미분류
persona_6,1501,0.6396421790122986,설화수,본윤 데일리 루틴,기타,미분류
persona_6,1502,0.6278411746025085,설화수,탄력크림 단품세트 75ml,스킨케어,크림
persona_6,1503,0.6405297517776489,설화수,자음생2종 세트,기타,미분류
persona_6,1504,0.6147462129592896,설화수,윤조에센스 6세대 단품세트 90ml,스킨케어,에센스
persona_6,1505,0.6464847326278687,설화수,,기타,미분류
persona_6,1506,0.6123759150505066,설화수,자음유액 EX 125ml,기타,미분류
persona_6,1507,0.639811635017395,설화수,윤조에센스 6세대,스킨케어,에센스
persona_6,1508,0.6254956722259521,설화수,자음수 EX 150ml,기타,미분류
persona_6,1509,0.62845778465271,설화수,상백톤업선크림 SPF50+/PA++++ 50ml,선케어,선크림
persona_6,1510,0.6140917539596558,설화수,옥용팩 120ml,스킨케어,마스크팩
persona_6,1511,0.6002258062362671,설화수,자음생아이크림 15ml,스킨케어,크림
persona_6,1512,0.5960274338722229,설화수,퍼펙팅 쿠션 SPF50+/PA+++ 15g,선케어,선크림
persona_6,1513,0.641190767288208,설화수,퍼펙팅 쿠션 에어리 SPF50+/PA+++,선케어,선크림
persona_6,1514,0.6058076024055481,설화수,여윤팩 120ml,스킨케어,마스크팩
persona_6,1515,0.5960012078285217,설화수,퍼펙팅 쿠션 에어리 SPF50+/PA+++ 15g,선케어,선크림
persona_6,1516,0.6372875571250916,설화수,퍼펙팅 립컬러,기타,미분류
persona_6,1517,0.6278411746025085,설화수,탄력크림 EX 75ml,스킨케어,크림
persona_6,1518,0.6413198113441467,설화수,윤조마스크 5매,스킨케어,마스크팩
persona_6,1519,0.6126818656921387,설화수,윤조립밤 3g,스킨케어,크림
persona_6,1520,0.62845778465271,설화수,상백선크림 SPF50+/PA++++ 50ml,선케어,선크림
persona_6,1521,0.6388242840766907,설화수,퍼펙팅 트윈 케이크,기타,미분류
persona_6,1522,0.6380188465118408,설화수,진설수유액 2종 세트,기타,미분류
persona_6,1523,0.6316421031951904,설화수,본윤선크림 SPF50+/PA++++ 50ml,선케어,선크림
persona_6,1524,0.6415034532546997,설화수,퍼펙팅 쿠션 SPF50+/PA+++,선케어,선크림
persona_6,1525,0.629132866859436,설화수,자음생크림 리치 단품세트 50ml,스킨케어,크림
persona_6,1526,0.6102058291435242,설화수,자음생유액 125ml,기타,미분류
persona_6,1527,0.6289606094360352,설화수,탄력크림 EX 50ml,스킨케어,크림
persona_6,1528,0.622622013092041,설화수,NEW 자음생클렌징폼 150g,건기식,기능성식품
persona_6,1529,0.6097866892814636,설화수,자음생앰플 20g,스킨케어,앰플
persona_6,1530,0.6438477635383606,설화수,자음생캡슐세럼 단품세트,스킨케어,세럼
persona_6,1531,0.6289466619491577,설화수,자음생캡슐세럼 50ml,스킨케어,세럼
persona_6,1532,0.6150144338607788,설화수,백삼팩 120ml,스킨케어,마스크팩
persona_6,1533,0.6226117610931396,설화수,자음생수 150ml,기타,미분류
persona_6,1534,0.6350361704826355,설화수,자음생마스크EX 5매,스킨케어,마스크팩
persona_6,1535,0.6090388894081116,설화수,본윤에센스 140ml,스킨케어,에센스
persona_6,1536,0.6047049164772034,설화수,시그니처 진생 페이셜 솝 1입 120g,건기식,기능성식품
persona_6,1537,0.6322008967399597,설화수,상백선플루이드 SPF50+/PA+++ 50ml,선케어,선크림
persona_6,1538,0.6095305681228638,설화수,퍼펙팅 파우더 20g,건기식,기능성식품
persona_6,1539,0.6211831569671631,설화수,본윤유액 90ml,기타,미분류
persona_6,1540,0.6284623146057129,설화수,자음생크림 단품세트 50ml,스킨케어,크림
persona_6,1541,0.6409569382667542,설화수,퍼펙팅 쿠션 에어리 SPF50+/PA+++,선케어,선크림
persona_6,1542,0.6028302907943726,설화수,시그니처 진생 페이셜 솝 2입 120g*2,건기식,기능성식품
persona_6,1543,0.617754340171814,설화수,진설유액 125ml,기타,미분류
persona_6,1544,0.6451174020767212,설화수,,스킨케어,크림
persona_6,1545,0.6259862780570984,설화수,자음생세럼 브라이트닝 50ml,스킨케어,세럼
persona_6,1546,0.6207082867622375,설화수,진설크림 60ml,스킨케어,크림
persona_6,1547,0.618476927280426,설화수,진설클렌징폼 150g,건기식,기능성식품
persona_6,1548,0.6402038931846619,설화수,퍼펙팅 스킨커버,기타,미분류
persona_6,1549,0.6240003108978271,설화수,자음생캡슐세럼 30ml,스킨케어,세럼
persona_6,1550,0.622686505317688,설화수,자음생크림 30ml,스킨케어,크림
persona_6,1551,0.6224796772003174,설화수,진설수 150ml,기타,미분류
persona_6,1552,0.621192991733551,설화수,자음생크림 리치 30ml,스킨케어,크림
persona_6,1553,0.6263922452926636,설화수,진설세럼 50ml,스킨케어,세럼
persona_6,1554,0.6422622203826904,설화수,퍼펙팅 쿠션 에어리 트리플  SPF50+/PA+++,선케어,선크림
persona_6,1555,0.6422597765922546,설화수,퍼펙팅 쿠션 트리플  SPF50+/PA+++,선케어,선크림
persona_6,1556,0.6284623146057129,설화수,자음생크림 리치 50ml,스킨케어,크림
persona_6,1557,0.62961745262146,설화수,자음생크림 50ml,스킨케어,크림
persona_6,1558,0.6408781409263611,설화수,퍼펙팅 쿠션 SPF50+/PA+++,선케어,선크림
persona_6,1559,0.6246496438980103,설화수,진설크림 60ml,스킨케어,크림
persona_6,1560,0.6028279066085815,설화수,자음생앰플 브라이트닝 20g,스킨케어,앰플
persona_6,1561,0.619074285030365,설화수,진설크림 리치 60ml,스킨케어,크림
persona_6,1562,0.6239137649536133,설화수,자음생세럼 브라이트닝 30ml,스킨케어,세럼
persona_6,1563,0.6147042512893677,설화수,퍼펙팅 틴티드 크림 35ml,스킨케어,크림
persona_6,1564,0.6178603768348694,설화수,퍼펙팅 베일 프라이머 35ml,기타,미분류
persona_6,1565,0.6124825477600098,설화수,자음생크림 리치 30ml + 월리 우프 무드등,스킨케어,크림
persona_6,1566,0.6040506362915039,설화수,윤조에센스 90ml 세트 + 월리 우프 무드등,스킨케어,에센스
persona_6,1567,0.6243709921836853,설화수,자음생크림 리치 50ml 단품기획세트,스킨케어,크림
persona_6,1568,0.6095020174980164,설화수,윤조에센스 6세대 90ml 단품기획세트,스킨케어,에센스
persona_6,1569,0.594727098941803,설화수,퍼펙팅 트윈 케이크 11g,건기식,기능성식품
persona_6,1570,0.6227862238883972,설화수,윤조에센스 6세대 기프트박스 30ml,스킨케어,에센스
persona_6,1571,0.6228417158126831,설화수,진설크림 리치 60ml,스킨케어,크림
persona_6,1572,0.6179821491241455,설화수,진설세럼 30ml,스킨케어,세럼
persona_6,1573,0.6182547807693481,설화수,진설크림 30ml,스킨케어,크림
persona_6,1574,0.6223049759864807,설화수,퍼펙팅 파운데이션 SPF17/PA+ 35ml,선케어,선크림
persona_7,0,0.6464681029319763,메이크온,메이크온 시너지 마스크,스킨케어,마스크팩
persona_7,1,0.6337733268737793,메이크온,가볍게 마시는 히알루론산,건기식,기능성식품
persona_7,2,0.6367148756980896,메이크온,스킨 라이트 테라피 III,디바이스,스킨기기
persona_7,3,0.6512123346328735,메이크온,스킨 라이트 테라피 3S,디바이스,스킨기기
persona_7,4,0.6431301236152649,메이크온,젬 소노 테라피 릴리프,디바이스,스킨기기
persona_7,5,0.6323348879814148,메이크온,히알루로닉 스파 캡슐 24개입,건기식,기능성식품
persona_7,6,0.6350184082984924,메이크온,마그네타이트 바디롤러,바디,바디케어
persona_7,7,0.6543290019035339,메이크온,,기타,미분류
persona_7,8,0.6401010155677795,메이크온,페이셜 부스팅 스파,기타,미분류
persona_7,9,0.6354231834411621,에뛰드,수분가득 콜라겐 시트 마스크 25ml,스킨케어,마스크팩
persona_7,10,0.6397657990455627,에뛰드,드로잉 아이 브로우 0.25g,메이크업,아이브로우
persona_7,11,0.6463462114334106,에뛰드,진저슈가 립케어 2종 기획세트,메이크업,립제품
persona_7,12,0.6472345590591431,에뛰드,왓츠 인 마이 아이즈,메이크업,아이섀도우
persona_7,13,0.638058066368103,에뛰드,디어 달링 워터젤 틴트,메이크업,립틴트
persona_7,14,0.6388952136039734,에뛰드,왓츠 인 마이 아이즈 카페 더블,메이크업,아이섀도우
persona_7,15,0.617425799369812,에뛰드,수분가득 콜라겐 딥시트 마스크 37ml,스킨케어,마스크팩
persona_7,16,0.6423588395118713,에뛰드,순정 디렉터 수분 선크림 기획세트 SPF50+/PA++++,선케어,선크림
persona_7,17,0.6236693859100342,에뛰드,닥터 마스카라 픽서 포 래쉬  6g,메이크업,마스카라
persona_7,18,0.6189162135124207,에뛰드,프루프 10 젤 방수 펜슬 0.3 g,메이크업,아이라이너
persona_7,19,0.6407403349876404,에뛰드,순정 디렉터 선크림,선케어,선크림
persona_7,20,0.6034017205238342,에뛰드,뽀오얀 미소 발효 립&아이 리무버 250ml,클렌징,리무버
persona_7,21,0.6299973130226135,에뛰드,님프 광채볼류머 투명한 물광 24g,건기식,기능성식품
persona_7,22,0.6383668780326843,에뛰드,청순거짓 브라우카라 대용량 기획세트,기타,미분류
persona_7,23,0.6442084312438965,에뛰드,컬 픽스 마스카라,메이크업,마스카라
persona_7,24,0.6269466876983643,에뛰드,블링블링 아이스틱 1.4g,건기식,기능성식품
persona_7,25,0.6324356198310852,에뛰드,라인 픽스 브러쉬 라이너 0.5g,메이크업,아이라이너
persona_7,26,0.6289317011833191,에뛰드,팡팡 헤어 섀도우 3.5g,메이크업,아이섀도우
persona_7,27,0.6223719120025635,에뛰드,픽싱틴트 4g,메이크업,립틴트
persona_7,28,0.6103607416152954,에뛰드,진저슈가 립밤스틱 3.7g,건기식,기능성식품
persona_7,29,0.6062557697296143,에뛰드,진저슈가 에센셜 립밤 15ml,스킨케어,크림
persona_7,30,0.6368020176887512,에뛰드,그림자쉐딩 재창조 & 재창조 쉐딩스틱 기획세트,기타,미분류
persona_7,31,0.6107877492904663,에뛰드,슈팅빔 하이라이터 3g,건기식,기능성식품
persona_7,32,0.6433595418930054,에뛰드,순정 디렉터 톤업 수정 선크림 기획 세트 SPF50+/PA++++,선케어,선크림
persona_7,33,0.6322318315505981,에뛰드,베어 엣지 슬림 브로우 0.1g,메이크업,아이브로우
persona_7,34,0.612615168094635,에뛰드,플레이 101 스틱 컨투어 듀오,기타,미분류
persona_7,35,0.6336166262626648,에뛰드,컬픽스 마스카라 올인원 3종 세트,메이크업,마스카라
persona_7,36,0.6373726725578308,에뛰드,"6,400원",기타,미분류
persona_7,37,0.5977299809455872,에뛰드,아이돌 리얼 래쉬 픽서 8ml,메이크업,마스카라
persona_7,38,0.6399016976356506,에뛰드,베이킹 파우더 모공 클렌징 폼 듀오세트,기타,미분류
persona_7,39,0.6239677667617798,에뛰드,포근 픽싱틴트 4g,메이크업,립틴트
persona_7,40,0.6156448721885681,에뛰드,순정 약산성 클렌징 밀크 200ml,기타,미분류
persona_7,41,0.6369067430496216,에뛰드,리얼아트 클렌징 오일 모이스처 2종 세트,기타,미분류
persona_7,42,0.6387210488319397,에뛰드,디어달링 마커틴트,메이크업,립틴트
persona_7,43,0.6278939843177795,에뛰드,님프 듀이 베이스프렙 30ml,기타,미분류
persona_7,44,0.6367244124412537,에뛰드,뽀용 아이 메이커,기타,미분류
persona_7,45,0.6206575632095337,에뛰드,재창조 메이커 1g,건기식,기능성식품
persona_7,46,0.6216137409210205,에뛰드,오 마이 래쉬 쌩얼 카라 7ml,기타,미분류
persona_7,47,0.6195756196975708,에뛰드,파워 래쉬 속눈썹 영양제 6g,건기식,기능성식품
persona_7,48,0.635896623134613,에뛰드,재창조 메이커 오버립,기타,미분류
persona_7,49,0.6224804520606995,에뛰드,순정 약산성 5.5 폼 클렌저 150ml,기타,미분류
persona_7,50,0.6112210750579834,에뛰드,진저슈가 오버나이트 립마스크 23g,스킨케어,마스크팩
persona_7,51,0.621115505695343,에뛰드,수분가득 콜라겐 아이크림 28ml,스킨케어,크림
persona_7,52,0.6243070363998413,에뛰드,컬러 래스팅 글로우 스틱 3.2g,건기식,기능성식품
persona_7,53,0.6119977831840515,에뛰드,빅 커버 스킨 핏 컨실러 7g,건기식,기능성식품
persona_7,54,0.6231628656387329,에뛰드,닥터 마스카라 픽서 6g,메이크업,마스카라
persona_7,55,0.6268680691719055,에뛰드,뽀오얀 미소 발효 클렌징오일 150ml,기타,미분류
persona_7,56,0.6164092421531677,에뛰드,베이킹 파우더 B.B 딥 클렌징폼 160g,건기식,기능성식품
persona_7,57,0.6423588395118713,에뛰드,순정 디렉터 무기자차 선크림 기획세트 SPF50+/PA++++,선케어,선크림
persona_7,58,0.6280884146690369,에뛰드,피지쏙 파우더 5g,건기식,기능성식품
persona_7,59,0.6095219254493713,에뛰드,오마이래쉬 마스카라 1호 탑코트 12g,메이크업,마스카라
persona_7,60,0.6333853006362915,에뛰드,플레이 멀티 아이즈,메이크업,아이섀도우
persona_7,61,0.5956757068634033,에뛰드,피지쏙 젤리 파우더 8g,건기식,기능성식품
persona_7,62,0.6395931839942932,에뛰드,원더포어 프레쉬너 2종 세트,기타,미분류
persona_7,63,0.6220093369483948,에뛰드,더블 래스팅 비건 커버 파운데이션 SPF32/PA++ 30 g,선케어,선크림
persona_7,64,0.6307557225227356,에뛰드,순정 판텐소사이드10 시카밤 50ml,스킨케어,크림
persona_7,65,0.5965284109115601,에뛰드,래쉬 업 콤브 마스카라 8g,메이크업,마스카라
persona_7,66,0.604328989982605,에뛰드,글로우 픽싱 틴트 3.8g,메이크업,립틴트
persona_7,67,0.6390854120254517,에뛰드,러블리쿠키 블러셔,기타,미분류
persona_7,68,0.6064339280128479,에뛰드,마스카라 전용 리무버 80ml,메이크업,마스카라
persona_7,69,0.6030178666114807,에뛰드,립 앤 아이 리무버 250ml,클렌징,리무버
persona_7,70,0.635896623134613,에뛰드,오버 글로이 틴트,메이크업,립틴트
persona_7,71,0.6212317943572998,에뛰드,뽀오얀 미소 발효 클렌징폼 150ml,기타,미분류
persona_7,72,0.6160823106765747,에뛰드,하트 팝 블러셔 4g,건기식,기능성식품
persona_7,73,0.6032294631004333,에뛰드,순정 2x 베리어 보습 크림 60ml,스킨케어,크림
persona_7,74,0.6233238577842712,에뛰드,순정 약산성 6.5 휩 클렌저 150ml,기타,미분류
persona_7,75,0.6067954301834106,에뛰드,순정 약산성 5.5 진정 토너 350ml,기타,미분류
persona_7,76,0.6391833424568176,에뛰드,애교살 메이커,기타,미분류
persona_7,77,0.6405264139175415,에뛰드,페이스 브라이트너,기타,미분류
persona_7,78,0.6251363158226013,에뛰드,디어달링 오일틴트 4.2g,메이크업,립틴트
persona_7,79,0.6487239599227905,에뛰드,그림자 쉐딩 브러쉬,기타,미분류
persona_7,80,0.6143370270729065,에뛰드,진저슈가 멜팅 밤 2.3g,스킨케어,크림
persona_7,81,0.6252762675285339,에뛰드,럭키 립햄치크 1.5g,건기식,기능성식품
persona_7,82,0.6391833424568176,에뛰드,홀리데이 에디션,기타,미분류
persona_7,83,0.6129922866821289,에뛰드,순정 10무 수분 에멀전 130ml,기타,미분류
persona_7,84,0.6263726949691772,에뛰드,순정 수분 베리어 크림 75ml,스킨케어,크림
persona_7,85,0.6387815475463867,에뛰드,그림자 쉐딩 브러쉬 1개입,기타,미분류
persona_7,86,0.6323658227920532,에뛰드,2X 쌩얼 라이너 0.5g,메이크업,아이라이너
persona_7,87,0.5999534130096436,에뛰드,AC 클린업 핑크스팟 15ml,기타,미분류
persona_7,88,0.6091281175613403,에뛰드,마이 래쉬 세럼 18g,스킨케어,세럼
persona_7,89,0.6304119825363159,에뛰드,소프트 픽스 메이크업 픽서 50ml,메이크업,마스카라
persona_7,90,0.64369136095047,에뛰드,그림자 쉐딩 브러쉬,기타,미분류
persona_7,91,0.6203182339668274,에뛰드,피지쏙 팩트 9.5g,스킨케어,마스크팩
persona_7,92,0.5935516953468323,에뛰드,시크릿 빔 파우더 팩트 15g,스킨케어,마스크팩
persona_7,93,0.6375030279159546,에뛰드,립 앤 아이 리무버 100ml,클렌징,리무버
persona_7,94,0.6153385639190674,에뛰드,리얼아트 클렌징 오일 모이스처 185ml,기타,미분류
persona_7,95,0.6339481472969055,에뛰드,클라우드 필터 쿠션 기획세트 SPF42/PA+++,선케어,선크림
persona_7,96,0.6260780096054077,에뛰드,님프 광채 볼류머 + 컨실러 2종 기획세트,기타,미분류
persona_7,97,0.6443913578987122,에뛰드,재창조 메이커 애교살 라이너,메이크업,아이라이너
persona_7,98,0.6085828542709351,에뛰드,베이킹 파우더 사각사각 모공 스크럽 200g,건기식,기능성식품
persona_7,99,0.6402732133865356,에뛰드,반짝눈물 라이너,메이크업,아이라이너
persona_7,100,0.6346204280853271,에뛰드,수분가득 콜라겐 크림 75ml,스킨케어,크림
persona_7,101,0.6176910400390625,에뛰드,수분가득 콜라겐 에멀전 180ml,기타,미분류
persona_7,102,0.6388648748397827,에뛰드,수분가득 콜라겐 2종 세트,기타,미분류
persona_7,103,0.6339481472969055,에뛰드,클라우드 필터 쿠션 기획세트 SPF42/PA+++,선케어,선크림
persona_7,104,0.5983666777610779,에뛰드,클라우드 필터 쿠션 SPF42/PA+++ 15g,선케어,선크림
persona_7,105,0.6499457359313965,에뛰드,그림자 쉐딩,기타,미분류
persona_7,106,0.6361371278762817,에뛰드,오버 글로이 틴트 기획세트,메이크업,립틴트
persona_7,107,0.6084181666374207,에뛰드,슈가컬러링 젤리밤 9g,스킨케어,크림
persona_7,108,0.6029545068740845,에뛰드,오버 글로이 글로스 2.8g,건기식,기능성식품
persona_7,109,0.617572546005249,에뛰드,프루티 립앤치크 블러밤 2.3g,스킨케어,크림
persona_7,110,0.6387590169906616,에뛰드,마이 베스트 톤 아이즈 2구,메이크업,아이섀도우
persona_7,111,0.6243278384208679,에뛰드,수분가득 콜라겐 클렌징 폼 150g,건기식,기능성식품
persona_7,112,0.6396483182907104,에뛰드,룩 앳 마이 아이즈,메이크업,아이섀도우
persona_7,113,0.6405446529388428,에뛰드,뉴이어 컬렉션,기타,미분류
persona_7,114,0.6442084312438965,에뛰드,컬러래스팅 글로우 스틱,기타,미분류
persona_7,115,0.633493959903717,에뛰드,더블래스팅 커버 컨실러 팔레트,기타,미분류
persona_7,116,0.638427734375,에뛰드,디어달링 필오프 립스테인,기타,미분류
persona_7,117,0.6351670622825623,에뛰드,컬픽스 스키니 마스카라 1+1 기획세트,메이크업,마스카라
persona_7,118,0.6201416254043579,에뛰드,팡팡 헤어카라 픽서 10ml,메이크업,마스카라
persona_7,119,0.5846717357635498,에뛰드,진저슈가 립세럼 13g,스킨케어,세럼
persona_7,120,0.6337566375732422,에뛰드,님프 광채 볼류머 듀오 기획세트,기타,미분류
persona_7,121,0.6212317943572998,에뛰드,AC 클린업 클렌징 폼 150ml,기타,미분류
persona_7,122,0.6458567976951599,에뛰드,피지쏙 젤리 파우더 퍼프 2P,기타,미분류
persona_7,123,0.6376994252204895,에뛰드,카페인더 딥 에디션,기타,미분류
persona_7,124,0.61674964427948,에뛰드,올데이 맑은 BB 크림 SPF36/PA+++ 35ml,선케어,선크림
persona_7,125,0.6104624271392822,에뛰드,순정 약산성 클렌징 밀크 200ml,기타,미분류
persona_7,126,0.6341679096221924,에뛰드,플레이 멀티 아이즈 마루 너만을 오로지 사랑해,메이크업,아이섀도우
persona_7,127,0.6195535659790039,에뛰드,벌룬 인 치크 6g,건기식,기능성식품
persona_7,128,0.6267698407173157,에뛰드,컬픽스 마스카라 1호 블랙  & 마스카라 픽서 퍼펙트래쉬,메이크업,마스카라
persona_7,129,0.635896623134613,에뛰드,사르르 당충전 컬렉션,기타,미분류
persona_7,130,0.5970442891120911,에뛰드,클라우드 필터 쿠션 SPF42/PA+++ 15g,선케어,선크림
persona_7,131,0.6387210488319397,에뛰드,밀키베리 에디션,기타,미분류
persona_7,132,0.635896623134613,에뛰드,오버 글로이 틴트,메이크업,립틴트
persona_7,133,0.6367045640945435,에뛰드,오버글로이 틴트,메이크업,립틴트
persona_7,134,0.631331741809845,에뛰드,하트팝 블러셔,기타,미분류
persona_7,135,0.631331741809845,에뛰드,낫배드 컬렉션,기타,미분류
persona_7,136,0.6462606191635132,에뛰드,하트팝 듀오 블러셔,기타,미분류
persona_7,137,0.6422600746154785,에뛰드,님프 광채 볼류머 투명한 물광,기타,미분류
persona_7,138,0.638058066368103,에뛰드,마이 베스트 톤 아이즈,메이크업,아이섀도우
persona_7,139,0.631331741809845,에뛰드,하트팝 블러셔,기타,미분류
persona_7,140,0.6237286329269409,에뛰드,순정판텐소사이드10시카밤 50ml *2,스킨케어,크림
persona_7,141,0.6394762992858887,에뛰드,순정 판텐소사이드 마스크 25ml,스킨케어,마스크팩
persona_7,142,0.6175104975700378,에뛰드,0.2 테라피 에어 마스크 20ml,스킨케어,마스크팩
persona_7,143,0.6004443764686584,에뛰드,뽀오얀 미소 발효 립&아이 리무버 250ml,클렌징,리무버
persona_7,144,0.6263567209243774,에뛰드,뽀오얀 클렌징 오일 + 뽀오얀 클렌징 폼,기타,미분류
persona_7,145,0.5884093046188354,에뛰드,오마이래쉬 마스카라 1호 탑코트 12g *2,메이크업,마스카라
persona_7,146,0.6003551483154297,에뛰드,마스카라 전용 리무버 80ml *2,메이크업,마스카라
persona_7,147,0.6099239587783813,에뛰드,파워 래쉬 속눈썹 영양제 6g*2,건기식,기능성식품
persona_7,148,0.6301485300064087,에뛰드,제로피지 드라잉 파우더 4g,건기식,기능성식품
persona_7,149,0.6076434254646301,에뛰드,수분가득 콜라겐 토너 200ml,기타,미분류
persona_7,150,0.6050293445587158,에스트라,아토베리어365 크림 80ml,스킨케어,크림
persona_7,151,0.6126078367233276,에스트라,아토베리어365 크림 80ml or 로션150ml,스킨케어,크림
persona_7,152,0.6094089150428772,에스트라,아토베리어365크림미스트 120ml,스킨케어,크림
persona_7,153,0.6194299459457397,에스트라,아토베리어365 세라-히알 속수분 앰플 30ml,스킨케어,앰플
persona_7,154,0.6023585796356201,에스트라,아토베리어365 바디로션 400ml,바디,바디케어
persona_7,155,0.6161960363388062,에스트라,아토베리어365 하이드로 에센스 200ml,스킨케어,에센스
persona_7,156,0.6298604607582092,에스트라,아토베리어365 버블클렌저 150ml,기타,미분류
persona_7,157,0.6227418184280396,에스트라,아토베리어365 로션 150ml,기타,미분류
persona_7,158,0.6324179768562317,에스트라,더마UV365 무기자차 선크림 or 톤업 선크림 or 비타C광채 수분 선크림 SPF 50+/ PA++++ 40ml,선케어,선크림
persona_7,159,0.6238998174667358,에스트라,리제덤365 모공탄력 캡슐세럼 30ml,스킨케어,세럼
persona_7,160,0.6042870283126831,에스트라,테라크네365 클리어 딥 클렌징 폼 200g,건기식,기능성식품
persona_7,161,0.606383204460144,에스트라,아토베리어365 바디크림 250ml,스킨케어,크림
persona_7,162,0.6180033087730408,에스트라,아토베리어 365 하이드로 수딩크림 60ml,스킨케어,크림
persona_7,163,0.6128751039505005,에스트라,에이시카365 흔적진정세럼pH4.5 40ml,스킨케어,세럼
persona_7,164,0.6143940091133118,에스트라,에이시카 365 수분토너pH4.5 200ml,기타,미분류
persona_7,165,0.6137301325798035,에스트라,NEW 테라크네365 나이아신아마이드5% 흔적 바디 미스트 200ml,바디,바디케어
persona_7,166,0.6199515461921692,에스트라,테라크네365 수딩 액티브 모이스처라이저 60ml,기타,미분류
persona_7,167,0.6265369653701782,에스트라,에이시카365 리페어 크림pH4.5 60ml,스킨케어,크림
persona_7,168,0.6208299994468689,에스트라,테라크네365 액티브 세럼 30ml,스킨케어,세럼
persona_7,169,0.6130216121673584,에스트라,에이시카365 쿨링팩패드pH4.5 110ml,스킨케어,마스크팩
persona_7,170,0.6142047047615051,에스트라,테라크네365 하이드로 액티브 토너 200ml,기타,미분류
persona_7,171,0.602545440196991,에스트라,NEW 리제덤365 레티노이드 아이세럼 15ml,스킨케어,세럼
persona_7,172,0.6267651915550232,에스트라,리제덤365 밀도탄력 캡슐크림 50ml,스킨케어,크림
persona_7,173,0.6052955389022827,에스트라,NEW 더마UV365 비타C 광채수분 선크림 SPF50+ PA++++ 40ml,선케어,선크림
persona_7,174,0.6270363926887512,에스트라,더마UV365 레드진정 톤업 선크림 SPF 50+/ PA++++ 40ML,선케어,선크림
persona_7,175,0.6109683513641357,에스트라,아토베리어365 크림 150ml*2개 대용량 홀리데이 에디션,스킨케어,크림
persona_7,176,0.6137528419494629,에스트라,아토베리어365 크림 150ml 홀리데이 에디션,스킨케어,크림
persona_7,177,0.6141976118087769,에스트라,리제덤365 모공탄력 캡슐세럼 30ml*2개 + 월리 우프 무드등,스킨케어,세럼
persona_7,178,0.5928765535354614,에스트라,아토베리어365 크림 80ml*3개 + 월리 우프 무드등,스킨케어,크림
persona_7,179,0.609329104423523,에스트라,에이시카365 흔적진정세럼pH4.5 40ml 더블 세트,스킨케어,세럼
persona_7,180,0.6137248277664185,에스트라,아토베리어365 로션 150ml 더블 세트,기타,미분류
persona_7,181,0.6190224885940552,에스트라,아토베리어365 크림 80ml+세라-히알 속수분 앰플 30ml 더블 세트,스킨케어,앰플
persona_7,182,0.5969250202178955,에스트라,아토베리어365 크림 80ml 더블 세트,스킨케어,크림
persona_7,183,0.6135457158088684,에스트라,테라크네365 액티브 세럼 30ml*2,스킨케어,세럼
persona_7,184,0.6135050654411316,에스트라,테라크네 365 바디미스트 200ml,바디,바디케어
persona_7,185,0.6161924004554749,에스트라,에이시카365 쿨링팩 패드pH4.5 110ml,스킨케어,마스크팩
persona_7,186,0.6350083947181702,에스트라,NEW 더마UV365 비타C 광채수분 선크림 40mlX2개 SPF50+ PA++++,선케어,선크림
persona_7,187,0.613147497177124,에스트라,에이시카365 수분토너pH4.5 200ml*2,기타,미분류
persona_7,188,0.6208236813545227,에스트라,에이시카365 리페어 크림pH4.5 60ml*2,스킨케어,크림
persona_7,189,0.6371168494224548,에스트라,에이시카 365 수분토너pH4.5+에이시카 365 흔적진정세럼pH4.5,스킨케어,세럼
persona_7,190,0.6214049458503723,에스트라,리제덤365 밀도탄력 캡슐크림 50ml*2개,스킨케어,크림
persona_7,191,0.5997685790061951,에스트라,리제덤365 레티노이드 아이세럼 15ml*2개,스킨케어,세럼
persona_7,192,0.6178957223892212,에스트라,아토베리어365 세라-히알 속수분 앰플 30ml*2개,스킨케어,앰플
persona_7,193,0.621583878993988,에스트라,아토베리어365 크림 80ml+리제덤365 모공탄력 캡슐세럼 30ml,스킨케어,세럼
persona_7,194,0.6416317224502563,에스트라,아토베리어365 바디크림 250mlX2개,스킨케어,크림
persona_7,195,0.6223610043525696,에스트라,리제덤365 모공탄력 캡슐세럼 30ml + 캡슐크림 50ml,스킨케어,세럼
persona_7,196,0.6394709944725037,에스트라,아토베리어365 크림미스트 120mlX2개,스킨케어,크림
persona_7,197,0.634337842464447,에스트라,더마UV365 장벽수분 무기자차 선크림 40mlX2개 SPF50+ PA++++,선케어,선크림
persona_7,198,0.6407151222229004,에스트라,테라크네365 클리어 딥 클렌징 폼 200gX2개,건기식,기능성식품
persona_7,199,0.6154171824455261,에스트라,아토베리어365 하이드로 에센스 200ml,스킨케어,에센스
persona_7,200,0.634337842464447,에스트라,더마UV365 레드진정 톤업 선크림 40mlX2개 SPF50+ PA++++,선케어,선크림
persona_7,201,0.641575813293457,에스트라,아토베리어365 버블클렌저 150mlX2개,기타,미분류
persona_7,202,0.6383442878723145,에스트라,아토베리어365바디로션 400mlX2개,바디,바디케어
persona_7,203,0.6371044516563416,에스트라,아토베리어365 하이드로 수딩크림 60mlX2개,스킨케어,크림
persona_7,204,0.5944986343383789,,수면양말 1EA,기타,미분류
persona_7,205,0.5723196268081665,,인형 파우치,기타,미분류
persona_7,206,0.5909396409988403,,APBADAs스티커 1EA,기타,미분류
persona_7,207,0.586391806602478,,APBADAs X KBP 스트링 파우치,기타,미분류
persona_7,208,0.6007112860679626,,APBADAs 아모레까뮈 지비츠,기타,미분류
persona_7,209,0.583529531955719,,APBADAs 돌풍이 마우스패드 1EA,기타,미분류
persona_7,210,0.5761159658432007,,APBADAs 아모레까뮈 인형파우치 1EA,기타,미분류
persona_7,211,0.5831537246704102,,APBADAs 돌풍이 캐릭터인형 L,기타,미분류
persona_7,212,0.5860186219215393,,앞바다즈 인형키링 8종,기타,미분류
persona_7,213,0.5789368152618408,,돌풍이/돌풍E 캐릭터 인형,기타,미분류
persona_7,214,0.5820753574371338,,무릎담요,기타,미분류
persona_7,215,0.5889154076576233,,APBADAs X KBP 랩탑 파우치 1EA,기타,미분류
persona_7,216,0.571406364440918,,무릎담요,기타,미분류
persona_7,217,0.5831537246704102,,APBADAs 돌풍E 캐릭터인형 L,기타,미분류
persona_7,218,0.5917989611625671,,APBADAs 인형 키링 아모레까뮈 1EA,기타,미분류
persona_7,219,0.5754212737083435,,APBADAs 아모레까뮈 캐릭터인형 1EA,기타,미분류
persona_7,220,0.5847060084342957,,캐릭터 지비츠,기타,미분류
persona_7,221,0.5910342335700989,,스노우 메이커,기타,미분류
persona_7,222,0.5733687877655029,,APBADAs 인형 6종,기타,미분류
persona_7,223,0.573153018951416,,APBADAs캐릭터실리콘참 8EA,기타,미분류
persona_7,224,0.5622110962867737,,APBADAs스마트톡 1EA,기타,미분류
persona_7,225,0.6187674403190613,라보에이치,모발강화클리닉 샴푸 430ml,기타,미분류
persona_7,226,0.6162815690040588,라보에이치,모발강화클리닉 트리트먼트 200ml,기타,미분류
persona_7,227,0.6045058369636536,라보에이치,두피강화 클리닉 샴푸 탈모증상완화 400ml,기타,미분류
persona_7,228,0.6371054649353027,라보에이치,모발강화클리닉 에센스 75ml,스킨케어,에센스
persona_7,229,0.6045058369636536,라보에이치,두피강화클리닉 샴푸 탈모증상완화 리필팩 400ml,스킨케어,마스크팩
persona_7,230,0.6071251630783081,라보에이치,두피강화 클리닉 캡슐 트리트먼트 탈모증상완화 220ml,기타,미분류
persona_7,231,0.6454346776008606,라보에이치,프리미엄 샴푸 브러쉬 1입,기타,미분류
persona_7,232,0.6295945048332214,라보에이치,두피강화 클리닉 앰플 토닉 탈모증상완화 100ml,스킨케어,앰플
persona_7,233,0.6040392518043518,라보에이치,두피강화 클리닉 헤어라인 앰플 탈모증상완화 15ml,스킨케어,앰플
persona_7,234,0.6065680384635925,라보에이치,탈모증상완화 샴푸 두피강화 블랑쉬앤우디/페어앤프리지아 400ml,기타,미분류
persona_7,235,0.6049535274505615,라보에이치,댄드러프클리닉 샴푸 탈모증상완화 400ml,기타,미분류
persona_7,236,0.5994835495948792,라보에이치,두피강화클리닉 쿨링&노세범 샴푸 400ml,기타,미분류
persona_7,237,0.5993921756744385,라보에이치,두피강화클리닉 쿨링&노세범 샴푸 리필팩 400ml,스킨케어,마스크팩
persona_7,238,0.6049717664718628,라보에이치,탈모증상완화 샴푸 민감더마 400ml,기타,미분류
persona_7,239,0.6042777895927429,라보에이치,댄드러프클리닉 워터스케일러 탈모증상완화 250ml,기타,미분류
persona_7,240,0.6045058369636536,라보에이치,두피강화클리닉 샴푸 탈모증상완화 종이리필 400ml,기타,미분류
persona_7,241,0.6172693371772766,라보에이치,댄드러프클리닉 샴푸 탈모증상완화 리필팩 400ml,스킨케어,마스크팩
persona_7,242,0.592770516872406,라보에이치,두피강화클리닉 스케일러 탈모증상완화 208g,건기식,기능성식품
persona_7,243,0.6505405902862549,라보에이치,두피강화클리닉 샴푸 탈모증상완화 리필팩,스킨케어,마스크팩
persona_7,244,0.6508126258850098,라보에이치,두피강화 클리닉 샴푸 탈모증상완화,기타,미분류
persona_7,245,0.6456046104431152,라보에이치,댄드러프클리닉 샴푸 탈모증상완화,기타,미분류
persona_7,246,0.6390185952186584,라보에이치,두피강화클리닉 쿨링&노세범 샴푸,기타,미분류
persona_7,247,0.651337206363678,라보에이치,탈모증상완화 샴푸 두피강화 블랑쉬앤우디,기타,미분류
persona_7,248,0.6509445905685425,라보에이치,두피강화 클리닉 앰플 토닉 탈모증상완화,스킨케어,앰플
persona_7,249,0.6510831713676453,라보에이치,두피강화 클리닉 헤어라인 앰플 탈모증상완화,스킨케어,앰플
persona_7,250,0.6495237350463867,라보에이치,두피강화 클리닉 캡슐 탈모증상완화 트리트먼트,건기식,기능성식품
persona_7,251,0.651337206363678,라보에이치,탈모증상완화 샴푸 두피강화 페어앤프리지아,기타,미분류
persona_7,252,0.6499960422515869,라보에이치,두피강화 클리닉 샴푸 탈모증상완화,기타,미분류
persona_7,253,0.6400711536407471,롱테이크,솔리드 퍼퓸 디스커버리 3종 키트,기타,미분류
persona_7,254,0.6126219630241394,롱테이크,NEW 헤어 오일  40ml,기타,미분류
persona_7,255,0.624214231967926,롱테이크,샴푸  300ml,기타,미분류
persona_7,256,0.6487512588500977,롱테이크,샌달우드 인텐시브 3종 트라이얼 키트,기타,미분류
persona_7,257,0.6336971521377563,롱테이크,핸드크림  50ml,스킨케어,크림
persona_7,258,0.6192895174026489,롱테이크,바디로션  200ml,바디,바디케어
persona_7,259,0.624214231967926,롱테이크,바디워시  300ml,바디,바디케어
persona_7,260,0.6237008571624756,롱테이크,NEW 솔리드 퍼퓸  30ml,기타,미분류
persona_7,261,0.6174941658973694,롱테이크,NEW 트리트먼트  200ml,기타,미분류
persona_7,262,0.6087976098060608,롱테이크,코어본딩 헤어마스크  200ml,스킨케어,마스크팩
persona_7,263,0.6492592096328735,롱테이크,샌달우드 오드퍼퓸 SET,기타,미분류
persona_7,264,0.6355447173118591,롱테이크,샌달우드 샴푸&헤어오일 SET,기타,미분류
persona_7,265,0.6496955752372742,롱테이크,블랙티앤피그 소프트닝 헤어 오일,기타,미분류
persona_7,266,0.6496955752372742,롱테이크,샌달우드 인텐시브 헤어 오일,기타,미분류
persona_7,267,0.6514087915420532,롱테이크,블랙티앤피그 소프트닝 바디워시+바디로션,바디,바디케어
persona_7,268,0.6514087915420532,롱테이크,샌달우드 인텐시브 바디워시+바디로션,바디,바디케어
persona_7,269,0.6514087915420532,롱테이크,블랙티앤피그 소프트닝 샴푸+트리트먼트,기타,미분류
persona_7,270,0.6514087915420532,롱테이크,샌달우드 인텐시브 샴푸+트리트먼트,기타,미분류
persona_7,271,0.6191956996917725,롱테이크,오드 퍼퓸  20ml,기타,미분류
persona_7,272,0.6435701847076416,에스쁘아,비벨벳 커버쿠션 기획세트 SPF42/PA++,선케어,선크림
persona_7,273,0.6083659529685974,에스쁘아,노웨어 립스틱 바밍글로우 3g,메이크업,립스틱
persona_7,274,0.6410305500030518,에스쁘아,더 브로우 밸런스 펜슬 0.1g,메이크업,아이브로우
persona_7,275,0.6199923157691956,에스쁘아,꾸뛰르 립 틴트 글레이즈 4g,메이크업,립틴트
persona_7,276,0.6588126420974731,에스쁘아,비글로우 볼륨쿠션 에어 퍼프 1ea,기타,미분류
persona_7,277,0.6408979296684265,에스쁘아,리얼 아이 애교살 스틱,기타,미분류
persona_7,278,0.6205410361289978,에스쁘아,비글로우 파운데이션 SPF27/PA++ 30g,선케어,선크림
persona_7,279,0.6339256167411804,에스쁘아,아이 오프닝 펜슬 0.3g,메이크업,아이라이너
persona_7,280,0.5899474024772644,에스쁘아,스트로빙 하이라이터 8g,건기식,기능성식품
persona_7,281,0.619638204574585,에스쁘아,꾸뛰르 립 틴트 피팅 블러 4g,메이크업,립틴트
persona_7,282,0.6367223858833313,에스쁘아,노웨어 립스틱 볼륨 매트,메이크업,립스틱
persona_7,283,0.6435701847076416,에스쁘아,프로테일러 비내추럴 쿠션 SPF50+/PA++++,선케어,선크림
persona_7,284,0.6209542751312256,에스쁘아,더브로우 컬러 픽싱 카라 3g,메이크업,아이브로우
persona_7,285,0.6350013017654419,에스쁘아,워터 스플래쉬 선크림 세라마이드 기획세트 SPF50+/PA++++,선케어,선크림
persona_7,286,0.6435701847076416,에스쁘아,비글로우 볼륨 쿠션 SPF42/PA+++,선케어,선크림
persona_7,287,0.6083659529685974,에스쁘아,베어 글로우 립밤 3g,스킨케어,크림
persona_7,288,0.6391600370407104,에스쁘아,스키니 픽스 블렌더,기타,미분류
persona_7,289,0.6367223858833313,에스쁘아,노웨어 립스틱 바밍 글로우,메이크업,립스틱
persona_7,290,0.634670078754425,에스쁘아,블러리 치크,기타,미분류
persona_7,291,0.6411640048027039,에스쁘아,비벨벳 파운데이션 SPF22/PA++,선케어,선크림
persona_7,292,0.6395068168640137,에스쁘아,더브로우 이지쉐이핑 펜슬,메이크업,아이브로우
persona_7,293,0.6489028930664062,에스쁘아,플럼피즈 오버립 펜슬,메이크업,아이라이너
persona_7,294,0.6435701847076416,에스쁘아,비벨벳 커버 쿠션 SPF42/PA++,선케어,선크림
persona_7,295,0.5963715314865112,에스쁘아,비글로우 스틱 파운데이션 SPF50+/PA++++ 11g,선케어,선크림
persona_7,296,0.6126855611801147,에스쁘아,노머징 마스카라 워터프루프 XP 9g,메이크업,마스카라
persona_7,297,0.6376749873161316,에스쁘아,갤럭시 에디션,기타,미분류
persona_7,298,0.634798526763916,에스쁘아,워터스플래쉬 선크림  SPF50+/PA++++,선케어,선크림
persona_7,299,0.6367484331130981,에스쁘아,비글로우 볼륨 쿠션 글리밍 캘리 3종 기획세트 SPF42/PA+++,선케어,선크림
persona_7,300,0.6275338530540466,에스쁘아,노머징 브러쉬 라이너 1g,메이크업,아이라이너
persona_7,301,0.634670078754425,에스쁘아,디즈니 에디션,기타,미분류
persona_7,302,0.6350013017654419,에스쁘아,워터 스플래쉬 프레쉬 시카 선크림 SPF50+/PA++++,선케어,선크림
persona_7,303,0.6439967751502991,에스쁘아,트루 글로우 파운데이션 브러쉬 1ea,기타,미분류
persona_7,304,0.6116204857826233,에스쁘아,비글로우 스틱 쉐딩 9g,건기식,기능성식품
persona_7,305,0.599225640296936,에스쁘아,비글로우 볼륨 쿠션 SPF42/PA+++ 13g,선케어,선크림
persona_7,306,0.634670078754425,에스쁘아,플럼피즈 립글로스,기타,미분류
persona_7,307,0.6467040181159973,에스쁘아,파워컬링레드뷰러,기타,미분류
persona_7,308,0.6407403349876404,에스쁘아,톤페어링 컨투어 팔레트,기타,미분류
persona_7,309,0.6279014945030212,에스쁘아,워터 스플래쉬 선크림 톤업 래스팅 SPF50+/PA++++ 50ml,선케어,선크림
persona_7,310,0.5981771945953369,에스쁘아,톤페어링 리퀴드 치크 8ml,기타,미분류
persona_7,311,0.5978590250015259,에스쁘아,비벨벳 커버 쿠션 13g,건기식,기능성식품
persona_7,312,0.6074157357215881,에스쁘아,이지 블렌딩 컨실러 10g,건기식,기능성식품
persona_7,313,0.6405531167984009,에스쁘아,비글로우 스틱 래디언스,기타,미분류
persona_7,314,0.6174948215484619,에스쁘아,톤페어링 치크 9.6g,건기식,기능성식품
persona_7,315,0.6361398696899414,에스쁘아,비벨벳 커버쿠션 기획세트 SPF42/PA++,선케어,선크림
persona_7,316,0.6499457359313965,에스쁘아,플럼피즈 에디션,기타,미분류
persona_7,317,0.6075108051300049,에스쁘아,듀라이크 젤로 글로우라이저 40ml,기타,미분류
persona_7,318,0.629407525062561,에스쁘아,프레쉬 세팅 픽서 100ml,메이크업,마스카라
persona_7,319,0.6324609518051147,에스쁘아,워터 스플래쉬 선 세럼 SPF50+/PA+++ 50ml,선케어,선크림
persona_7,320,0.6489405632019043,에스쁘아,듀얼 스머징 립 브러쉬,기타,미분류
persona_7,321,0.6208801865577698,에스쁘아,톤페어링 하이라이터 9.6g,건기식,기능성식품
persona_7,322,0.6125493049621582,에스쁘아,프레쉬 세팅 파우더 9g,건기식,기능성식품
persona_7,323,0.6443426012992859,에스쁘아,비벨벳 피팅 스펀지 1ea,기타,미분류
persona_7,324,0.588180661201477,에스쁘아,프로테일러 비글로우 쉬어 파우더 8g,건기식,기능성식품
persona_7,325,0.5972843170166016,에스쁘아,비벨벳 세범컷 쿨링 쿠션 15.8g,건기식,기능성식품
persona_7,326,0.5985795259475708,에스쁘아,프로테일러 비내추럴 쿠션 SPF50+/PA++++ 14g,선케어,선크림
persona_7,327,0.6392667293548584,에스쁘아,듀라이크 젤로 톤업 쿠션 SPF50+/PA+++,선케어,선크림
persona_7,328,0.6210930943489075,에스쁘아,더브로우 컬러 픽싱 카라 쿨그레이 3g,메이크업,아이브로우
persona_7,329,0.6414431929588318,에스쁘아,리얼 아이 팔레트,기타,미분류
persona_7,330,0.6333853006362915,에스쁘아,플럼피즈 볼륨 밤,기타,미분류
persona_7,331,0.6249359250068665,에스쁘아,꾸뛰르 립 틴트 글레이즈 5.5g,메이크업,립틴트
persona_7,332,0.6193637251853943,에스쁘아,꾸뛰르 립 틴트  4g,메이크업,립틴트
persona_7,333,0.6346083879470825,에스쁘아,워터스플래쉬 선크림 톤업 래스팅 SPF50+/PA++++,선케어,선크림
persona_7,334,0.6212535500526428,에스쁘아,워터 스플래쉬 선크림 세라마이드 SPF50+/PA++++ 60ml,선케어,선크림
persona_7,335,0.6489405632019043,에스쁘아,비글로우 볼륨쿠션 에어 퍼프,기타,미분류
persona_7,336,0.6418846249580383,에스쁘아,비글로우 볼륨 쿠션 23호 베이지 SPF42/PA+++,선케어,선크림
persona_7,337,0.6418846249580383,에스쁘아,비글로우 볼륨 쿠션 22호 페탈 SPF42/PA+++,선케어,선크림
persona_7,338,0.6418846249580383,에스쁘아,비글로우 볼륨 쿠션 21호 아이보리 SPF42/PA+++,선케어,선크림
persona_7,339,0.6418846249580383,에스쁘아,비글로우 볼륨 쿠션 20호 바닐라 SPF42/PA+++,선케어,선크림
persona_7,340,0.6418846249580383,에스쁘아,비글로우 볼륨 쿠션 13호 포슬린 SPF42/PA+++,선케어,선크림
persona_7,341,0.6390483379364014,에스쁘아,비글로우 볼륨쿠션 에어 퍼프,기타,미분류
persona_7,342,0.6442084312438965,에스쁘아,허쉬드 체리 에디션,기타,미분류
persona_7,343,0.6416015028953552,에스쁘아,수퍼 소프트 페이스 브러쉬 1EA,기타,미분류
persona_7,344,0.6349218487739563,아모레성수,01 아이브로우 브러쉬,메이크업,아이브로우
persona_7,345,0.627090334892273,아모레성수,12 블러셔 브러쉬,기타,미분류
persona_7,346,0.615955114364624,아모레성수,아모레 성수 토너 210ml,기타,미분류
persona_7,347,0.5981236696243286,아모레성수,15 립 브러쉬,기타,미분류
persona_7,348,0.6119657754898071,아모레성수,14 컨투어링 브러쉬,기타,미분류
persona_7,349,0.6154966950416565,아모레성수,11 하이라이트 브러쉬,기타,미분류
persona_7,350,0.6121602654457092,아모레성수,03 언더섀도우 브러쉬,메이크업,아이섀도우
persona_7,351,0.61766517162323,아모레성수,10 파운데이션 브러쉬,기타,미분류
persona_7,352,0.6212212443351746,아모레성수,09 컨실러 브러쉬,기타,미분류
persona_7,353,0.6228004693984985,아모레성수,07 아이섀도우 브러쉬,메이크업,아이섀도우
persona_7,354,0.6363554000854492,아모레성수,,기타,미분류
persona_7,355,0.6007457375526428,아모레성수,13 파우더 브러쉬,기타,미분류
persona_7,356,0.6103183031082153,아모레성수,08 아이섀도우 블렌딩 브러쉬,메이크업,아이섀도우
persona_7,357,0.6336177587509155,아모레성수,06 아이섀도우 브러쉬,메이크업,아이섀도우
persona_7,358,0.6281118988990784,아모레성수,05 아이섀도우 브러쉬,메이크업,아이섀도우
persona_7,359,0.6125392317771912,아모레성수,02 아이섀도우 홀 브러쉬,메이크업,아이섀도우
persona_7,360,0.6073558330535889,미쟝센,올뉴 쉽고 빠른 거품 염색 80g,건기식,기능성식품
persona_7,361,0.6120797991752625,미쟝센,퍼펙트 세럼 80ml,스킨케어,세럼
persona_7,362,0.6086777448654175,미쟝센,파워 스윙 왁스 9 80g,건기식,기능성식품
persona_7,363,0.6128427982330322,미쟝센,NEW 헬로크림 더블커버  120g,스킨케어,크림
persona_7,364,0.6001129150390625,미쟝센,헤어앤스칼프 부스터 샴푸 800g,건기식,기능성식품
persona_7,365,0.6347751021385193,미쟝센,살롱10 단백질 에센스 팩  990ml,스킨케어,마스크팩
persona_7,366,0.6258949637413025,미쟝센,컬링 에센스 2X 내추럴/볼륨 150ml,스킨케어,에센스
persona_7,367,0.6207674741744995,미쟝센,퍼펙트 오리지널 세럼 샴푸 680ml,스킨케어,세럼
persona_7,368,0.6344250440597534,미쟝센,살롱10 단백질 샴푸  990ml,기타,미분류
persona_7,369,0.6203262209892273,미쟝센,퍼펙트 베이스업 에센스 200ml,스킨케어,에센스
persona_7,370,0.6165427565574646,미쟝센,펄샤이닝 리페어 샴푸/트리트먼트 1000ml,기타,미분류
persona_7,371,0.618915855884552,미쟝센,스타일케어 헤어스프레이 300ml,기타,미분류
persona_7,372,0.61051344871521,미쟝센,퍼펙트 세럼 홈 케어 트리트먼트 900ml,스킨케어,세럼
persona_7,373,0.6137499809265137,미쟝센,살롱10 프로페셔널 시카 프로틴 트리트먼트 215ml,기타,미분류
persona_7,374,0.629651665687561,미쟝센,퍼펙트 엉킴제로 노워시 트리트먼트 150ml,기타,미분류
persona_7,375,0.6419577598571777,미쟝센,올뉴 샤이닝에센스 100g,스킨케어,에센스
persona_7,376,0.6207674741744995,미쟝센,퍼펙트 오리지널 세럼 컨디셔너 680ml,스킨케어,세럼
persona_7,377,0.6207040548324585,미쟝센,살롱10 프로페셔널 시카 프로틴 샴푸 480ml,기타,미분류
persona_7,378,0.6412652730941772,미쟝센,NEW 헬로버블 100g,건기식,기능성식품
persona_7,379,0.6177962422370911,미쟝센,퍼펙트 매직 스트레이트 세럼 샴푸 530ml,스킨케어,세럼
persona_7,380,0.6088518500328064,미쟝센,퍼펙트 매직 스트레이트 세럼 80ml,스킨케어,세럼
persona_7,381,0.648733913898468,미쟝센,볼륨케어 퍼플 콜라겐 샴푸,기타,미분류
persona_7,382,0.648733913898468,미쟝센,스칼프케어 그린 시카 샴푸,기타,미분류
persona_7,383,0.6168704628944397,미쟝센,올뉴 쉽고 빠른 크림염색 80g,스킨케어,크림
persona_7,384,0.6496542692184448,미쟝센,퍼펙트 세럼 트리트먼트,스킨케어,세럼
persona_7,385,0.6143871545791626,미쟝센,퍼펙트 매직 스트레이트 세럼 트리트먼트 230ml,스킨케어,세럼
persona_7,386,0.621746301651001,미쟝센,데미지케어 레드 프로틴 컨디셔너 680ml,기타,미분류
persona_7,387,0.6207674741744995,미쟝센,퍼펙트 슈퍼리치 세럼 컨디셔너 680ml,스킨케어,세럼
persona_7,388,0.6207674741744995,미쟝센,퍼펙트 슈퍼리치 세럼 샴푸 680ml,스킨케어,세럼
persona_7,389,0.6116350889205933,미쟝센,데미지케어 레드 프로틴 헤어크림에센스 140ml,스킨케어,에센스
persona_7,390,0.6303290128707886,미쟝센,데미지케어 레드 프로틴 샴푸,기타,미분류
persona_7,391,0.6239104270935059,미쟝센,이너플렉스 모발강화제 145g,건기식,기능성식품
persona_7,392,0.6251665949821472,미쟝센,헤어앤스칼프 너리싱 부스터 트리트먼트 300g,건기식,기능성식품
persona_7,393,0.6484612822532654,미쟝센,볼륨케어 퍼플 콜라겐 트리트먼트,기타,미분류
persona_7,394,0.6484612822532654,미쟝센,데미지케어 레드 프로틴 트리트먼트,기타,미분류
persona_7,395,0.6513444185256958,미쟝센,이너플렉스 모발강화 샴푸/트리트먼트,기타,미분류
persona_7,396,0.6109910011291504,미쟝센,퍼펙트 노 워시 워터 트리트먼트 215ml,기타,미분류
persona_7,397,0.6103363037109375,미쟝센,살롱10 단백질 트리트먼트 250ml,기타,미분류
persona_7,398,0.6213111281394958,미쟝센,쿨링케어 블루멘톨 샴푸 680ml,기타,미분류
persona_7,399,0.6191566586494446,미쟝센,컬링 매트 볼륨 헤어픽서 200ml,메이크업,마스카라
persona_7,400,0.6166443228721619,미쟝센,헬로버블 퍼퓸보색 핑크 샴푸 400ml,기타,미분류
persona_7,401,0.6421504616737366,미쟝센,NEW 헬로블리치 프라이머 버블 100g,건기식,기능성식품
persona_7,402,0.6207674741744995,미쟝센,퍼펙트 스타일링 세럼 컨디셔너 680ml,스킨케어,세럼
persona_7,403,0.6162229776382446,미쟝센,NEW 헬로크림 125g,스킨케어,크림
persona_7,404,0.6022331118583679,미쟝센,헬로 젤리팡팡 8g,건기식,기능성식품
persona_7,405,0.6434119939804077,미쟝센,살롱10 단백질 트리트먼트,기타,미분류
persona_7,406,0.6407985091209412,미쟝센,살롱10 시카 프로틴 샴푸,기타,미분류
persona_7,407,0.6490077376365662,미쟝센,퍼펙트 세럼 트리트먼트,스킨케어,세럼
persona_7,408,0.6501574516296387,미쟝센,퍼펙트 베이스업 헤어 에센스,스킨케어,에센스
persona_7,409,0.6408113241195679,미쟝센,컬링 에센스 2X 내추럴,스킨케어,에센스
persona_7,410,0.6408113241195679,미쟝센,컬링 에센스 2X 볼륨,스킨케어,에센스
persona_7,411,0.6506161093711853,미쟝센,퍼펙트 세럼 홈 케어 트리트먼트,스킨케어,세럼
persona_7,412,0.6296589970588684,미쟝센,퍼펙트 아르간 캡슐 리페어 헤어 마스크 180g,스킨케어,마스크팩
persona_7,413,0.650881290435791,미쟝센,퍼펙트 매직 스트레이트 세럼 샴푸,스킨케어,세럼
persona_7,414,0.648500919342041,미쟝센,퍼펙트 매직 스트레이트 세럼,스킨케어,세럼
persona_7,415,0.650881290435791,미쟝센,퍼펙트 매직 스트레이트 세럼 트리트먼트,스킨케어,세럼
persona_7,416,0.6481276750564575,미쟝센,살롱10 프로페셔널 시카 프로틴 트리트먼트,기타,미분류
persona_7,417,0.6507762670516968,미쟝센,컬링 매트 볼륨 헤어픽서,메이크업,마스카라
persona_7,418,0.6207674741744995,미쟝센,퍼펙트 스타일링 세럼 샴푸 680ml,스킨케어,세럼
persona_7,419,0.6124849915504456,아모레퍼시픽,트리트먼트 엔자임 클렌징 폼 120g,건기식,기능성식품
persona_7,420,0.629082977771759,아모레퍼시픽,모이스춰 플럼핑 넥타 크림 50ml,스킨케어,크림
persona_7,421,0.6103960871696472,아모레퍼시픽,타임 레스폰스 스킨 리뉴얼 미스트 200ml,기타,미분류
persona_7,422,0.6131699085235596,아모레퍼시픽,타임 레스폰스 스킨 리저브 플루이드 160ml,기타,미분류
persona_7,423,0.6379324793815613,아모레퍼시픽,,스킨케어,미분류
persona_7,424,0.6087904572486877,아모레퍼시픽,보태니컬 수딩 토너 200ml,기타,미분류
persona_7,425,0.6114464998245239,아모레퍼시픽,타임 레스폰스 스킨 리저브 토너 200ml,기타,미분류
persona_7,426,0.6452805399894714,아모레베이직,듀얼 코튼 면봉 150매,기타,미분류
persona_7,427,0.6382187604904175,아모레베이직,프리티 눈썹칼 2입,기타,미분류
persona_7,428,0.6525453329086304,아모레베이직,순면 5겹 화장솜 50매 / 120매,기타,미분류
persona_7,429,0.6386008262634277,아모레베이직,그린티 오일 컨트롤 페이퍼 70매,기타,미분류
persona_7,430,0.6169673800468445,아모레베이직,토너 아껴주는 1/2 스킨팩 화장솜 400매,스킨케어,마스크팩
persona_7,431,0.6379154324531555,아모레베이직,물광 메이크업 씨앗 스펀지 2ea,기타,미분류
persona_7,432,0.6382309794425964,아모레베이직,애프터 마스카라 히팅 속눈썹 고데기,메이크업,마스카라
persona_7,433,0.6438438296318054,아모레베이직,소프트 엠보싱 원형 화장솜 100매,기타,미분류
persona_7,434,0.6373764276504517,아모레베이직,컴팩트 아이래쉬 컬러,스킨케어,마스크팩
persona_7,435,0.6436358690261841,아모레베이직,아모레베이직 X 벤자민무어 더 에센셜 배쓰밤 2입세트,스킨케어,크림
persona_7,436,0.6425278782844543,아모레베이직,아모레베이직 X 벤자민무어 더 에센셜 세라믹 바디 괄사,바디,바디케어
persona_7,437,0.6332643032073975,아모레베이직,프로페셔널 아티스트 브러쉬 8종 키트,기타,미분류
persona_7,438,0.6495688557624817,아모레베이직,아모레베이직 미피 솔리드 퍼퓸 2종+실리콘키링,기타,미분류
persona_7,439,0.6550329923629761,아모레베이직,데일리 메이크업 조각 스펀지 20ea / 60ea,기타,미분류
persona_7,440,0.6421467661857605,한율,자연을 닮은 립밤,기타,미분류
persona_7,441,0.6220007538795471,한율,흰감국 광채 선크림 SPF50+/PA++++ 70ml,선케어,선크림
persona_7,442,0.6365554332733154,한율,부들밤 말끔피지 모공팩 기획세트,스킨케어,마스크팩
persona_7,443,0.6216633319854736,한율,어린쑥 수분진정 토너 150ml,기타,미분류
persona_7,444,0.6443913578987122,한율,랩핑 마스크 기획세트 4매,스킨케어,마스크팩
persona_7,445,0.6176027059555054,한율,어린쑥 수분진정 플루이드 125ml,기타,미분류
persona_7,446,0.6288467049598694,한율,자연을 닮은 핸드크림 50ml,스킨케어,크림
persona_7,447,0.641940176486969,한율,빨간쌀 보습탄력 2종 세트,기타,미분류
persona_7,448,0.6382309794425964,한율,어린쑥 매끈결 클렌징 오일 기획세트,기타,미분류
persona_7,449,0.6365554332733154,한율,부들밤 깔끔각질 모공팩 기획세트,스킨케어,마스크팩
persona_7,450,0.6474686861038208,한율,달빛유자 패드 60매,기타,미분류
persona_7,451,0.6156510710716248,한율,백화고 클렌징 마사지 크림 200ml,스킨케어,크림
persona_7,452,0.6482220888137817,한율,어린쑥 속수분 쑥히알 패드 기획세트,기타,미분류
persona_7,453,0.6177647709846497,한율,송담 탄력 에멀젼 125ml,기타,미분류
persona_7,454,0.6197908520698547,한율,송담 탄력 스킨 150ml,기타,미분류
persona_7,455,0.6306164860725403,한율,빨간쌀 보습탄력 크림 55ml,스킨케어,크림
persona_7,456,0.6482220888137817,한율,보들은행잎 모공탄탄 펩타이드 패드 60매,기타,미분류
persona_7,457,0.6316997408866882,한율,어린쑥 수분진정 선크림 SPF50+/PA++++ 50ml,선케어,선크림
persona_7,458,0.6400287747383118,한율,극진 2종 기획 세트,기타,미분류
persona_7,459,0.6373581886291504,한율,어린쑥 속수분 쑥히알 크림 기획세트,스킨케어,크림
persona_7,460,0.6347026824951172,한율,백화고 기미탄력 아이크림 25ml,스킨케어,크림
persona_7,461,0.6410470604896545,한율,빨간쌀 보습탄력 에센스 크림 2종세트,스킨케어,에센스
persona_7,462,0.626247227191925,한율,빨간쌀 보습탄력 에센스 150ml,스킨케어,에센스
persona_7,463,0.6399931311607361,한율,어린쑥 수분진정 2종 세트,건기식,기능성식품
persona_7,464,0.6109597086906433,한율,백화고 기미탄력 비비 크림 SPF40/PA++ 40ml,선케어,선크림
persona_7,465,0.6158581972122192,한율,빨간쌀 보습탄력 에멀젼 125ml,기타,미분류
persona_7,466,0.6350342035293579,한율,달빛유자 수면팩 100ml,스킨케어,마스크팩
persona_7,467,0.6292204856872559,한율,보들은행잎 모공핏 세럼 기획세트,스킨케어,세럼
persona_7,468,0.645184338092804,한율,보들은행잎 모공핏 마스크 기획세트 4매,스킨케어,마스크팩
persona_7,469,0.6161691546440125,한율,어린쑥 수분진정크림 리필 캡슐 30ml *2,스킨케어,크림
persona_7,470,0.6175432205200195,한율,백화고 기미탄력 크림 기획세트 60ml,스킨케어,크림
persona_7,471,0.6192831993103027,한율,달빛유자C 세럼 30ml,스킨케어,세럼
persona_7,472,0.6163889765739441,한율,극진 스킨 125ml,기타,미분류
persona_7,473,0.6336166262626648,한율,어린쑥 속수분 쑥히알 세럼 기획세트,스킨케어,세럼
persona_7,474,0.6488689184188843,한율,백화고 기미탄력 듀얼샷 앰플 기획세트,스킨케어,앰플
persona_7,475,0.6381259560585022,한율,어린쑥 클렌징 팩밤 기획세트,스킨케어,마스크팩
persona_7,476,0.644874095916748,한율,극진 크림 대용량 단품 기획세트,스킨케어,크림
persona_7,477,0.6275944113731384,한율,극진 에센스 기획세트 60ml,스킨케어,에센스
persona_7,478,0.623615026473999,한율,극진 아이크림 기획세트 30ml,스킨케어,크림
persona_7,479,0.6084484457969666,한율,극진 크림 클렌징폼 200ml,스킨케어,크림
persona_7,480,0.6003065705299377,한율,달빛유자 수면팩 리필세트 40ml*2,스킨케어,마스크팩
persona_7,481,0.6275368332862854,한율,달빛유자C 세럼 50ml,스킨케어,세럼
persona_7,482,0.6151846647262573,한율,빨간쌀 보습탄력 크림 리필세트 30ml *2,스킨케어,크림
persona_7,483,0.6121203303337097,한율,극진 에멀젼 125ml,기타,미분류
persona_7,484,0.635679304599762,한율,극진 크림 세트 50ml,스킨케어,크림
persona_7,485,0.6403645277023315,한율,송담 탄력 2종 기획세트,기타,미분류
persona_7,486,0.612974226474762,한율,어린쑥 트러블 미스트 120ml,기타,미분류
persona_7,487,0.6337897777557373,한율,달빛유자 수면팩 기획세트,스킨케어,마스크팩
persona_7,488,0.647556722164154,한율,어린쑥 수분진정 패드 기획세트,건기식,기능성식품
persona_7,489,0.6491029858589172,한율,어린쑥 클렌징 흡착 팩폼 기획세트,스킨케어,마스크팩
persona_7,490,0.6345712542533875,한율,어린쑥 수분진정 크림 기획세트,스킨케어,크림
persona_7,491,0.6387624144554138,한율,달빛유자 클렌징 필링 젤밤 기획세트,스킨케어,크림
persona_7,492,0.6491029858589172,한율,달빛유자 클렌징 톤업 팩폼 기획세트,스킨케어,마스크팩
persona_7,493,0.6332643032073975,한율,흰감국 광채 선크림 듀오 구성,선케어,선크림
persona_7,494,0.647556722164154,한율,부들밤 모공수축 패드 기획세트,스킨케어,크림
persona_7,495,0.6289408206939697,해피바스,모이스처 퍼퓸 바디워시 760g,바디,바디케어
persona_7,496,0.611645519733429,해피바스,오리지널 컬렉션 바디워시 910g,바디,바디케어
persona_7,497,0.6082228422164917,해피바스,정말 촉촉/순한 바디밀크 400g,바디,바디케어
persona_7,498,0.6178267002105713,해피바스,PH 4.5 약산성 여성청결제 300ml,기타,미분류
persona_7,499,0.6229069232940674,해피바스,제로퍼센트 저자극 버블핸드워시 500ml,기타,미분류
persona_7,500,0.6246015429496765,해피바스,오리지널 컬렉션 바디로션 500g,바디,바디케어
persona_7,501,0.6245745420455933,해피바스,마이크로 클린 솝베리 버블 클렌징폼 300ml,기타,미분류
persona_7,502,0.6416656374931335,해피바스,오리지널컬렉션 솝라벤더 비누 4입,기타,미분류
persona_7,503,0.6348932385444641,해피바스,오리지널 컬렉션 샤워 젤리 75g,건기식,기능성식품
persona_7,504,0.6241369247436523,해피바스,필쏘굿 풋샴푸 500ml,기타,미분류
persona_7,505,0.6120036244392395,해피바스,오리지널 컬렉션 바디오일 250ml,바디,바디케어
persona_7,506,0.6082189083099365,해피바스,주스스무디 옐로우 바디워시 820g,바디,바디케어
persona_7,507,0.6063195466995239,해피바스,리얼가든 바디워시 900g,바디,바디케어
persona_7,508,0.618273138999939,해피바스,스킨유 이노센트 샤워젤 500g,건기식,기능성식품
persona_7,509,0.6045463681221008,해피바스,정말 촉촉/순한 바디워시 900g,바디,바디케어
persona_7,510,0.6112216711044312,해피바스,퍼퓸부티크 오일 바디로션 350g,바디,바디케어
persona_7,511,0.6245745420455933,해피바스,마이크로 클린 딥 버블 클렌징폼 300ml,기타,미분류
persona_7,512,0.6085435152053833,해피바스,딥클린 바디워시 900g,바디,바디케어
persona_7,513,0.609596312046051,해피바스,크림 인 바디로션 400g,스킨케어,크림
persona_7,514,0.624839186668396,해피바스,마이크로 클린 딥 클렌징폼 150g,건기식,기능성식품
persona_7,515,0.6261215806007385,해피바스,퍼퓸부티크 오일 바디워시 500ml,바디,바디케어
persona_7,516,0.611645519733429,해피바스,오리지널 컬렉션 바디워시 910g,바디,바디케어
persona_7,517,0.6287266612052917,해피바스,제로퍼센트 항균 바솝,기타,미분류
persona_7,518,0.6054672002792358,해피바스,블로썸 바디워시 900g,바디,바디케어
persona_7,519,0.6423854827880859,해피바스,오리지널 컬렉션 올리브 비누 4입,기타,미분류
persona_7,520,0.6233062744140625,해피바스,화이트 클레이 모공 클렌징폼 150g,건기식,기능성식품
persona_7,521,0.6050267815589905,해피바스,크림 인 바디워시 900g,스킨케어,크림
persona_7,522,0.6057907342910767,해피바스,스마일 바디워시 900g,바디,바디케어
persona_7,523,0.6112561225891113,해피바스,오리지널 컬렉션 머스크 바디워시 910g,바디,바디케어
persona_7,524,0.6423854827880859,해피바스,오리지널 컬렉션 클린코튼 비누 4입,기타,미분류
persona_7,525,0.6180602312088013,해피바스,유황 소금 보들 바디워시 600g,바디,바디케어
persona_7,526,0.6154289841651917,해피바스,마일드 클렌징폼 200g,건기식,기능성식품
persona_7,527,0.6068068146705627,해피바스,스킨유 이노센트 로션 350g,건기식,기능성식품
persona_7,528,0.6423854827880859,해피바스,오리지널 컬렉션 베이비파우더 비누 4입,기타,미분류
persona_7,529,0.623601496219635,해피바스,티트리 아크네 클렌징폼 150g,건기식,기능성식품
persona_7,530,0.6244093179702759,해피바스,오리지널 컬렉션 바디로션 500g,바디,바디케어
persona_7,531,0.6097986698150635,해피바스,스킨유 이노센트 딥 머스크 바디오일&괄사 증정 기획 130ml,바디,바디케어
persona_7,532,0.6482108235359192,해피바스,두보레 장미 에센스 비누 4입,스킨케어,에센스
persona_7,533,0.6482108235359192,해피바스,두보레 후리지아 에센스 비누 4입,스킨케어,에센스
persona_7,534,0.624839186668396,해피바스,마이크로 클린 솝베리 클렌징폼 150g,건기식,기능성식품
persona_7,535,0.6314229369163513,해피바스,스킨유 프래그런스 핸드크림 50ml,스킨케어,크림
persona_7,536,0.6482108235359192,해피바스,두보레 백합 에센스 비누 4입,스킨케어,에센스
persona_7,537,0.6150267720222473,해피바스,히알루론 클렌징 폼 200g,건기식,기능성식품
persona_7,538,0.6423854827880859,해피바스,오리지널 컬렉션 체리블로섬 비누 4입,기타,미분류
persona_7,539,0.6423854827880859,해피바스,오리지널 컬렉션 오리지널 비누 4입,기타,미분류
persona_7,540,0.6253595352172852,해피바스,스킨유 이노센트 딥머스크 앰플 미스트 150ml,스킨케어,앰플
persona_7,541,0.6155329942703247,해피바스,퍼퓸부티크 바디&헤어 미스트 200ml,바디,바디케어
persona_7,542,0.6233062744140625,해피바스,퍼펙트 딥 씨솔트 클렌징폼 150g,건기식,기능성식품
persona_7,543,0.6160047054290771,해피바스,스킨유 이노센트 스크럽 450g,건기식,기능성식품
persona_7,544,0.6345080137252808,해피바스,제로퍼센트 저자극 버블핸드워시 + 필쏘굿 풋샴푸,기타,미분류
persona_7,545,0.6073666214942932,해피바스,필쏘굿 시카 진정 수분 선크림 80ml,선케어,선크림
persona_7,546,0.6120869517326355,해피바스,필쏘굿 시카 진정 선 미스트 80ml,기타,미분류
persona_7,547,0.6404231786727905,온호프,쏘 캄 트래블 3종 세트,기타,미분류
persona_7,548,0.6424943208694458,홀리추얼,홀리추얼 래디언스 리설페이싱 필 12매,기타,미분류
persona_7,549,0.6038260459899902,홀리추얼,홀리추얼 코어 리프트 액티베이팅 세럼 140ml,스킨케어,세럼
persona_7,550,0.6394879221916199,홀리추얼,홀리추얼 울트라 너리싱 어드밴스드 크림,스킨케어,크림
persona_7,551,0.6094552278518677,홀리추얼,홀리추얼 엘리멘탈 스무딩 로션 110ml,기타,미분류
persona_7,552,0.6034479141235352,홀리추얼,홀리추얼 릴랙스드 풋 트리트먼트 크림 130ml,스킨케어,크림
persona_7,553,0.6154112219810486,홀리추얼,홀리추얼 리디파이닝 클렌징 밀크 200ml,기타,미분류
persona_7,554,0.6217422485351562,홀리추얼,홀리추얼 마이크로 밸런싱 에센스 150ml,스킨케어,에센스
persona_7,555,0.5982211828231812,홀리추얼,홀리추얼 컨센트레이트 시그니처 크림 라이트 80ml,스킨케어,크림
persona_7,556,0.624518632888794,홀리추얼,홀리추얼 피토 리쥬브네이팅 컨센트레이트 30ml,기타,미분류
persona_7,557,0.6062324643135071,홀리추얼,홀리추얼 울트라 너리싱 어드밴스드 에멀전 120ml,기타,미분류
persona_7,558,0.6394405961036682,홀리추얼,홀리추얼 뉴트리 엘릭서 미스트 홀리데이 기획 세트,기타,미분류
persona_7,559,0.6419078707695007,홀리추얼,홀리추얼  릴랙스드 풋 트리트먼트 크림 듀오 SET,스킨케어,크림
persona_7,560,0.6485734581947327,홀리추얼,홀리추얼  리디파이닝 클렌징 밀크 듀오 SET,기타,미분류
persona_7,561,0.6043251752853394,홀리추얼,홀리추얼  코어 리프트 액티베이팅 세럼 기획세트 140ml,스킨케어,세럼
persona_7,562,0.6190446019172668,홀리추얼,홀리추얼 울트라 너리싱 어드밴스드 토너 150ml,기타,미분류
persona_7,563,0.6321462392807007,홀리추얼,홀리추얼  뉴트리 엘릭서 바디 프라그랑스 미스트 100ml,바디,바디케어
persona_7,564,0.640423595905304,홀리추얼,홀리추얼 프로 리프팅 앤 퍼밍 프로그램,기타,미분류
persona_7,565,0.6425666213035583,홀리추얼,홀리추얼 리디파이닝 앰플 4주 프로그램,스킨케어,앰플
persona_7,566,0.6403568387031555,홀리추얼,홀리추얼 클린테라피 파우더 마스크,스킨케어,마스크팩
persona_7,567,0.6315652132034302,홀리추얼,홀리추얼 파워 리뉴얼 키트,기타,미분류
persona_7,568,0.6311993598937988,홀리추얼,홀리추얼 울트라 너리싱 어드밴스드 토너 + 에멀전,기타,미분류
persona_7,569,0.5834668278694153,,퍼즐우드 비건 디퓨저 200ml,기타,미분류
persona_7,570,0.5997933149337769,,퍼즐우드 비건 핸드크림 50ml,스킨케어,크림
persona_7,571,0.5730071067810059,,퍼즐우드 비건 인센스 스틱 20g,건기식,기능성식품
persona_7,572,0.6170111894607544,오딧세이,로맨틱 에멀전 130ml,기타,미분류
persona_7,573,0.6173276901245117,오딧세이,로맨틱 스킨 리파이너 130ml,기타,미분류
persona_7,574,0.6356413960456848,오딧세이,챕터파이브 생츄어리 2종 세트,기타,미분류
persona_7,575,0.6099416017532349,오딧세이,블랙 스킨 리파이너 130ml,기타,미분류
persona_7,576,0.6405531167984009,오딧세이,MMY 콜라보레이션 토트백,기타,미분류
persona_7,577,0.6098038554191589,오딧세이,블랙 에멀전 130ml,기타,미분류
persona_7,578,0.6489028930664062,오딧세이,MMY 콜라보레이션 크로스백,기타,미분류
persona_7,579,0.6356413960456848,오딧세이,챕터파이브 라이트하우스 2종 세트,기타,미분류
persona_7,580,0.6451320052146912,오딧세이,블랙 스페셜 2종 신년기획세트,기타,미분류
persona_7,581,0.6497556567192078,오딧세이,로맨틱 스페셜 2종 세트 신년기획세트,기타,미분류
persona_7,582,0.6509745717048645,프리메라,NEW 나이아시카 수딩 글로우 워터리 크림30ml,스킨케어,크림
persona_7,583,0.6097183227539062,프리메라,마일드 앤 퍼펙트 클렌징 오일 투 폼 200ml,기타,미분류
persona_7,584,0.610029935836792,프리메라,NEW 비타티놀 바운시 리프트 세럼 30g*2입,스킨케어,세럼
persona_7,585,0.6114200353622437,프리메라,후리 앤 후리 200ml,기타,미분류
persona_7,586,0.6295320391654968,프리메라,마일드 포어 필링 패드 60매 기획세트,기타,미분류
persona_7,587,0.6269186735153198,프리메라,나이아시카 수딩글로우 워터리 크림 30ml,스킨케어,크림
persona_7,588,0.602643609046936,프리메라,워터리 에센스 250ml,스킨케어,에센스
persona_7,589,0.63054358959198,프리메라,알파인 베리 워터리 크림 100ml,스킨케어,크림
persona_7,590,0.6157819628715515,프리메라,비타티놀 세럼 메가샷 마스크 34g 1입,스킨케어,마스크팩
persona_7,591,0.6037091612815857,프리메라,레티놀 볼륨 립 세럼 12g,스킨케어,세럼
persona_7,592,0.6074856519699097,프리메라,마일드 앤 퍼펙트 클렌징 오일 투 폼 300ml,기타,미분류
persona_7,593,0.6088751554489136,프리메라,인리치드 클렌징 티슈 60매 300g,건기식,기능성식품
persona_7,594,0.5975238084793091,프리메라,비타티놀 세럼 메가샷 마스크 34g*5입,스킨케어,마스크팩
persona_7,595,0.6152347326278687,프리메라,오가니언스 BR 소프트 필링 투 폼 클렌저 120ml,기타,미분류
persona_7,596,0.6442909836769104,프리메라,오가니언스 배리어 리페어 2종 기획세트,기타,미분류
persona_7,597,0.6390554308891296,프리메라,비타티놀 인텐스 바운시 리프트 마스크 크림,스킨케어,마스크팩
persona_7,598,0.6141485571861267,프리메라,씨드 앤 스프라우트 에너지마스크로터스기획세트 20ml*30매,스킨케어,마스크팩
persona_7,599,0.6216480135917664,프리메라,마일드 앤 퍼펙트 페이셜 필링 150ml,기타,미분류
persona_7,600,0.6335673928260803,프리메라,알파인베리 워터리 크림 75ml,스킨케어,크림
persona_7,601,0.6059242486953735,프리메라,바하 버블 필링 클렌저 200ml,기타,미분류
persona_7,602,0.6182149648666382,프리메라,후리 앤 후리 소프트 폼 150ml,기타,미분류
persona_7,603,0.5950343608856201,프리메라,NEW 인리치드 바디 오일 투 폼 클렌저 390ml,바디,바디케어
persona_7,604,0.5998218655586243,프리메라,NEW 나이아시카 워터리 크림 쿠션 15g,스킨케어,크림
persona_7,605,0.6191797852516174,프리메라,오가니언스 BR 컴포트 아미노 리치 폼 150ml,기타,미분류
persona_7,606,0.6431249976158142,프리메라,맨오가니언스 2종 기획세트,기타,미분류
persona_7,607,0.6212339997291565,프리메라,하이드로 글로우 트리트먼트 에센스 150ml,스킨케어,에센스
persona_7,608,0.6105844974517822,프리메라,오가니언스 베리어 리페어 카밍 에센스 토너 160ml,스킨케어,에센스
persona_7,609,0.6258506774902344,프리메라,오가니언스 베리어 리페어 씨드펩타이드 리저브 크림 50ml,스킨케어,크림
persona_7,610,0.6181672811508179,프리메라,레티놀 볼륨 립 세럼 튜브 7g,스킨케어,세럼
persona_7,611,0.6215881109237671,프리메라,오가니언스 베리어 리페어 씨드 펩타이드 리저브 세럼 30ml,스킨케어,세럼
persona_7,612,0.6149362921714783,프리메라,오가니언스 베리어 리페어 하이드레이션 크림 에멀젼 160ml,스킨케어,크림
persona_7,613,0.6008946895599365,프리메라,리페어링 세라캡슐 UV프로텍터 40ml,기타,미분류
persona_7,614,0.6179757118225098,프리메라,더 핸드크림 미스트 20ml,스킨케어,크림
persona_7,615,0.6247413754463196,프리메라,알파인 베리 워터리 크림 50ml,스킨케어,크림
persona_7,616,0.6226215362548828,프리메라,알파인 베리 워터리 크림 150ml,스킨케어,크림
persona_7,617,0.6097831726074219,프리메라,NEW 비타티놀 바운시 리프트 세럼 30g 1입,스킨케어,세럼
persona_7,618,0.6206618547439575,프리메라,씨드 앤 스프라우트 에너지 마스크_로터스 5매 20ml,스킨케어,마스크팩
persona_7,619,0.6296964287757874,프리메라,알파인 베리 워터리 수딩 젤크림 100ml,스킨케어,크림
persona_7,620,0.6331028342247009,프리메라,알파인 베리 워터리 수딩젤 크림 75ml,스킨케어,크림
persona_7,621,0.6390299797058105,프리메라,마일드 앤 퍼펙트 포어 필링 패드 60매,기타,미분류
persona_7,622,0.6247413754463196,프리메라,알파인베리 워터리 수딩젤 크림 50ml,스킨케어,크림
persona_7,623,0.6002048850059509,프리메라,리페어링 세라캡슐 UV프로텍터 톤업 프라이밍 40ml,기타,미분류
persona_7,624,0.6236491799354553,프리메라,알파인베리 워터리 크림 100ml*2입 + 월리 우프 무드등,스킨케어,크림
persona_7,625,0.6150263547897339,프리메라,비타티놀 바운시 리프트 세럼 30g 4입 + 월리 우프 무드등,스킨케어,세럼
persona_7,626,0.6051287651062012,프리메라,워터리 에센스 250ml 더블 세트,스킨케어,에센스
persona_7,627,0.6110404133796692,프리메라,마일드 앤 퍼펙트 클렌징 오일 투 폼 200ml 더블 기프트 세트,기타,미분류
persona_7,628,0.6183549165725708,프리메라,비타티놀 인텐스 바운시 리프트 마스크 크림 30ml+리필 30ml 더블 세트,스킨케어,마스크팩
persona_7,629,0.6055386662483215,프리메라,비타티놀 세럼 메가샷 마스크세트 34g*5매 X 4개 세트,스킨케어,마스크팩
persona_7,630,0.6084625124931335,프리메라,마일드 앤 퍼펙트 페이셜 필링 250ml,기타,미분류
persona_7,631,0.6204469203948975,프리메라,비타티놀 인텐스 바운시 리프트 마스크 크림 30ml,스킨케어,마스크팩
persona_7,632,0.6421838998794556,프리메라,마일드 앤 퍼펙트 포어 필링 패드 60매*2,기타,미분류
persona_7,633,0.6136536002159119,프리메라,후리 앤 후리 소프트폼 150ml*2,기타,미분류
persona_7,634,0.6113511323928833,프리메라,비타티놀 세럼 메가샷 마스크세트 34g*5매X2개,스킨케어,마스크팩
persona_7,635,0.6110155582427979,프리메라,오가니언스 BR 소프트 필링 투 폼 클렌저 120ml,기타,미분류
persona_7,636,0.6172505617141724,프리메라,마일드 앤 퍼펙트 페이셜 필링 150ml*2,기타,미분류
persona_7,637,0.6480944752693176,프리메라,나이아시카 수딩글로우 워터리 크림,스킨케어,크림
persona_7,638,0.6487098932266235,프리메라,나이아시카 수딩글로우 워터리 크림,스킨케어,크림
persona_7,639,0.6037976741790771,프리메라,후리 앤 후리 200ml*2,기타,미분류
persona_7,640,0.5902951955795288,프리메라,마일드 앤 퍼펙트 클렌징 오일 투 폼 200ml + 오가니언스 BR 소프트 필링 투 폼 클렌저 120ml,기타,미분류
persona_7,641,0.6279920935630798,헤라,UV프로텍터 톤업 SPF50+/PA++++ 50ml,선케어,선크림
persona_7,642,0.6387896537780762,헤라,NEW 블랙 쿠션 파운데이션 SPF34/PA++,선케어,선크림
persona_7,643,0.6018031239509583,헤라,NEW 블랙 쿠션 파운데이션 SPF34/PA++ 15g,선케어,선크림
persona_7,644,0.6284885406494141,헤라,센슈얼 누드 글로스 5g,건기식,기능성식품
persona_7,645,0.6133059859275818,헤라,리프레싱 클렌징 폼 160g,건기식,기능성식품
persona_7,646,0.623810350894928,헤라,실키 스테이 24H 롱웨어 파운데이션 SPF20/PA++ 30g,선케어,선크림
persona_7,647,0.634596049785614,헤라,블랙 쿠션 파운데이션 퍼프 2ea,기타,미분류
persona_7,648,0.6239179372787476,헤라,센슈얼 누드 밤 3.5g,스킨케어,크림
persona_7,649,0.6218500733375549,헤라,센슈얼 틴티드 샤인스틱 3.5g,건기식,기능성식품
persona_7,650,0.6261106729507446,헤라,NEW 리플렉션 스킨 글로우 파운데이션 SPF15/PA++ 30g,선케어,선크림
persona_7,651,0.6070525646209717,헤라,NEW 리플렉션 스킨 글로우 쿠션 파운데이션 SPF40/PA++ 15g,선케어,선크림
persona_7,652,0.6021189093589783,헤라,NEW 리플렉션 스킨 글로우 쿠션 파운데이션 SPF40/PA++ 15g,선케어,선크림
persona_7,653,0.6279920935630798,헤라,UV프로텍터 멀티디펜스 SPF50+/PA++++ 50ml,선케어,선크림
persona_7,654,0.6327909231185913,헤라,옴므 베이직 스페셜 기획세트 2종,기타,미분류
persona_7,655,0.640933632850647,헤라,에이지 어웨이 에스테틱 2종 세트,기타,미분류
persona_7,656,0.6259434223175049,헤라,센슈얼 파우더 매트 리퀴드 5g,건기식,기능성식품
persona_7,657,0.6419340372085571,헤라,NEW 옴므 블랙 액티브 세트 2종,기타,미분류
persona_7,658,0.6260594725608826,헤라,루즈 클래시 3.5g,건기식,기능성식품
persona_7,659,0.6012253165245056,헤라,NEW 블랙 쿠션 파운데이션 SPF34/PA++ 15g,선케어,선크림
persona_7,660,0.6237870454788208,헤라,옴므 올인원 스킨 하이드로 트리트먼트 150ml,기타,미분류
persona_7,661,0.6419952511787415,헤라,시그니아 워터 에멀젼 기프트 세트 2종,기타,미분류
persona_7,662,0.6297330260276794,헤라,블러쉬 5.5g,건기식,기능성식품
persona_7,663,0.6218420267105103,헤라,UV프로텍터 익스트림포스 레포츠 SPF50+/PA++++ 70ml,선케어,선크림
persona_7,664,0.6279891729354858,헤라,UV프로텍터 멀티디펜스 프레쉬 SPF50+/PA++++ 50ml,선케어,선크림
persona_7,665,0.6414183974266052,헤라,NEW 옴므 블루 에센스 기획 2종 세트,스킨케어,에센스
persona_7,666,0.6387254595756531,헤라,리치 컬링 마스카라,메이크업,마스카라
persona_7,667,0.6405531167984009,헤라,브로우 디자이너 오토펜슬,메이크업,아이브로우
persona_7,668,0.6203536987304688,헤라,NEW 코렉팅 베이스 UV 프로텍터 SPF50+/PA++++ 35ml,선케어,선크림
persona_7,669,0.6155178546905518,헤라,센슈얼 파우더 매트 립스틱 3g,메이크업,립스틱
persona_7,670,0.6489028930664062,헤라,브로우 디자이너 오토펜슬,메이크업,아이브로우
persona_7,671,0.6295972466468811,헤라,에이지 어웨이 에스테틱 BX 아이크림 25ml,스킨케어,크림
persona_7,672,0.6125329732894897,헤라,지일 오 데 퍼퓸 40ml,기타,미분류
persona_7,673,0.6172486543655396,헤라,옴므 에센스 인 스킨 125ml,스킨케어,에센스
persona_7,674,0.6010736227035522,헤라,에이지 어웨이 에스테틱 BX83 리포솜 40ml,기타,미분류
persona_7,675,0.6089457869529724,헤라,NEW 쿼드 아이 컬러 섀도우 9g,메이크업,아이섀도우
persona_7,676,0.6165269017219543,헤라,NEW 에어리 파우더 프라이머 8.5g,건기식,기능성식품
persona_7,677,0.6408149600028992,헤라,파워부스팅 스페셜세트 2종,기타,미분류
persona_7,678,0.594843327999115,헤라,NEW 립 세럼 11g,스킨케어,세럼
persona_7,679,0.6075165271759033,헤라,옴므 에센스 인 에멀젼 110ml,스킨케어,에센스
persona_7,680,0.6098234057426453,헤라,메이크업픽서 80ml,메이크업,마스카라
persona_7,681,0.6135590672492981,헤라,딥 클렌징 오일 225ml,기타,미분류
persona_7,682,0.6252985596656799,헤라,센슈얼 피팅 글로우틴트 5g,메이크업,립틴트
persona_7,683,0.6169017553329468,헤라,컴피 리바이탈라이징 세럼 미스트 90ml,스킨케어,세럼
persona_7,684,0.6245526671409607,헤라,에이지 어웨이 에스테틱 BX 워터 150ml,기타,미분류
persona_7,685,0.6214354038238525,헤라,에이지 어웨이 에스테틱 BX 크림 50ml,스킨케어,크림
persona_7,686,0.6399068236351013,헤라,이지 스타일링 아이라이너 0.5g,메이크업,아이라이너
persona_7,687,0.6332106590270996,헤라,크리미 커버 컨실러 7.5g,건기식,기능성식품
persona_7,688,0.6336946487426758,헤라,하이드로 리플렉팅 마이크로 크림 50ml,스킨케어,크림
persona_7,689,0.6016157865524292,헤라,소프트 피니시 루스 파우더 15g,건기식,기능성식품
persona_7,690,0.6036254167556763,헤라,에이지 어웨이 에스테틱 BX 에멀젼 120ml,기타,미분류
persona_7,691,0.636594295501709,헤라,하이드로 리플렉팅 2종 세트,기타,미분류
persona_7,692,0.6110737323760986,헤라,파워부스팅 페이스 트리트먼트 110ml,기타,미분류
persona_7,693,0.6185572147369385,헤라,센슈얼 립앤치크 7g,건기식,기능성식품
persona_7,694,0.6070670485496521,헤라,하이드로 리플렉팅 플루이드 140ml,기타,미분류
persona_7,695,0.6160571575164795,헤라,하이드로 리플렉팅 토너 170ml,기타,미분류
persona_7,696,0.6187648177146912,헤라,시그니아 에센셜 밸런싱 에멀젼 150ml,기타,미분류
persona_7,697,0.6296154260635376,헤라,리쥬브네이트 앰플 크림 50ml,스킨케어,앰플
persona_7,698,0.6414431929588318,헤라,아이 디자이너 펜슬,메이크업,아이라이너
persona_7,699,0.6100495457649231,헤라,벨벳 나이트 퍼퓸드 샤워젤 250g,건기식,기능성식품
persona_7,700,0.6124856472015381,헤라,UV 프로텍터 액티브 선 밤 SPF 50+/PA++++ 10g,선케어,선크림
persona_7,701,0.6047431230545044,헤라,NEW 헬씨 글로우 듀이 밤 10g,스킨케어,크림
persona_7,702,0.6292597055435181,헤라,하이드로-듀 플럼핑 앰플 50ml,스킨케어,앰플
persona_7,703,0.6227569580078125,헤라,리치 컬링 워터프루프 마스카라 6g,메이크업,마스카라
persona_7,704,0.6162230372428894,헤라,지일 블루밍 퍼퓸드 바디로션 230ml,바디,바디케어
persona_7,705,0.6175425052642822,헤라,NEW 부스팅 베이스 UV 프로텍터 SPF15 35ml,선케어,선크림
persona_7,706,0.6111050248146057,헤라,메이크업 리무버 125ml,클렌징,리무버
persona_7,707,0.6292597055435181,헤라,하이드로-듀 플럼핑 크림 50ml,스킨케어,크림
persona_7,708,0.61725914478302,헤라,NEW 리프레싱 토닉 클렌징워터 200ml,기타,미분류
persona_7,709,0.6251375079154968,헤라,NEW 시그니아 일루미네이팅 세럼 30ml,스킨케어,세럼
persona_7,710,0.6200442910194397,헤라,파워부스팅 토너 150ml,기타,미분류
persona_7,711,0.6295972466468811,헤라,NEW 레티놀 3X 리프팅 세럼 25ml,스킨케어,세럼
persona_7,712,0.6120337843894958,헤라,벨벳 나이트 오 데 퍼퓸 40ml,기타,미분류
persona_7,713,0.6033076643943787,헤라,스킨 틴트 컴피 스프레더 SPF50/ PA++++ 15g,선케어,선크림
persona_7,714,0.6116482615470886,헤라,파워부스팅 모이스춰라이저 110ml,기타,미분류
persona_7,715,0.603452742099762,헤라,옴므 블랙 액티브 어드밴스드 에멀전 110ml,기타,미분류
persona_7,716,0.612915575504303,헤라,옴므 블랙 액티브 어드밴스드 토너 125ml,기타,미분류
persona_7,717,0.6298871636390686,헤라,하이드로-듀 플럼핑 워터 드롭 50ml,기타,미분류
persona_7,718,0.6077485084533691,헤라,NEW 옴므 블루 에센스 인 에멀전 110ml,스킨케어,에센스
persona_7,719,0.6152845621109009,헤라,NEW 옴므 블루 에센스 인 토너 125ml,스킨케어,에센스
persona_7,720,0.6125329732894897,헤라,페르소프 오 데 퍼퓸 40ml,기타,미분류
persona_7,721,0.6087848544120789,헤라,NEW 블랙 쿠션 파운데이션 00P1 SPF34/PA++ 15g,선케어,선크림
persona_7,722,0.6194688081741333,헤라,UV 프로텍터 톤업 2개 + 월리 뽀모도로 타이머 & 포스트카드,기타,미분류
persona_7,723,0.6300358772277832,헤라,블랙쿠션 23N1 듀오 + 리필 + 월리 우프 무드등,기타,미분류
persona_7,724,0.6300358772277832,헤라,블랙쿠션 21N1 듀오 + 리필 + 월리 우프 무드등,기타,미분류
persona_7,725,0.6418161988258362,헤라,실키스테이 24H 롱웨어 파운데이션 23N1 기획세트,기타,미분류
persona_7,726,0.6418161988258362,헤라,실키스테이 24H 롱웨어 파운데이션 21N1 기획세트,기타,미분류
persona_7,727,0.6318327784538269,헤라,글로우쿠션 리필 21N1 + 쿠션 케이스 #1 메탈릭레더,기타,미분류
persona_7,728,0.6216094493865967,헤라,블러쉬 스틱 7.7g,건기식,기능성식품
persona_7,729,0.624923050403595,헤라,NEW 컴피 컨디셔닝 에센스 150g,스킨케어,에센스
persona_7,730,0.6099605560302734,헤라,지일 블루밍 퍼퓸드 샤워 젤 250g,건기식,기능성식품
persona_7,731,0.6152744293212891,헤라,벨벳 나이트 퍼퓸드 바디 로션 230ml,바디,바디케어
persona_7,732,0.6232868432998657,비레디,웨이크업 생기 립밤 3g,스킨케어,크림
persona_7,733,0.6232868432998657,라네즈,웨이크업 생기 립밤 3g,스킨케어,크림
persona_7,734,0.6063013672828674,비레디,트루톤 로션  40ml,기타,미분류
persona_7,735,0.6063013672828674,라네즈,트루톤 로션  40ml,기타,미분류
persona_7,736,0.641017735004425,비레디,블루 수분 선크림 1+1 기획세트 SPF50+PA++++,선케어,선크림
persona_7,737,0.641017735004425,라네즈,블루 수분 선크림 1+1 기획세트 SPF50+PA++++,선케어,선크림
persona_7,738,0.6176872849464417,비레디,블루 파운데이션 SPF27/PA++ 35ml,선케어,선크림
persona_7,739,0.6176872849464417,라네즈,블루 파운데이션 SPF27/PA++ 35ml,선케어,선크림
persona_7,740,0.6062060594558716,비레디,블루쿠션 SPF34/PA++ 15g,선케어,선크림
persona_7,741,0.6062060594558716,라네즈,블루쿠션 SPF34/PA++ 15g,선케어,선크림
persona_7,742,0.6390483379364014,비레디,무드업 듀얼 아이섀도우 브러쉬,메이크업,아이섀도우
persona_7,743,0.6390483379364014,라네즈,무드업 듀얼 아이섀도우 브러쉬,메이크업,아이섀도우
persona_7,744,0.6035650968551636,비레디,블루쿠션 SPF34/PA++ 15g,선케어,선크림
persona_7,745,0.6035650968551636,라네즈,블루쿠션 SPF34/PA++ 15g,선케어,선크림
persona_7,746,0.6030519008636475,비레디,시카페인 트러블리셋 세럼 40ml,스킨케어,세럼
persona_7,747,0.6030519008636475,라네즈,시카페인 트러블리셋 세럼 40ml,스킨케어,세럼
persona_7,748,0.6322087645530701,비레디,블루 수분 선크림 SPF50+/PA++++ 50ml,선케어,선크림
persona_7,749,0.6322087645530701,라네즈,블루 수분 선크림 SPF50+/PA++++ 50ml,선케어,선크림
persona_7,750,0.6343871355056763,비레디,프라이드업 아이브로우 0.6G,메이크업,아이브로우
persona_7,751,0.6343871355056763,라네즈,프라이드업 아이브로우 0.6G,메이크업,아이브로우
persona_7,752,0.6207038760185242,비레디,블루 세범 파우더 7g,건기식,기능성식품
persona_7,753,0.6207038760185242,라네즈,블루 세범 파우더 7g,건기식,기능성식품
persona_7,754,0.6056957840919495,비레디,시카페인 트러블리셋 토너 250ml,기타,미분류
persona_7,755,0.6056957840919495,라네즈,시카페인 트러블리셋 토너 250ml,기타,미분류
persona_7,756,0.6158570647239685,비레디,시카페인 트러블리셋 크림 70ml,스킨케어,크림
persona_7,757,0.6158570647239685,라네즈,시카페인 트러블리셋 크림 70ml,스킨케어,크림
persona_7,758,0.6376994252204895,비레디,블루 파운데이션 퍼프,기타,미분류
persona_7,759,0.6376994252204895,라네즈,블루 파운데이션 퍼프,기타,미분류
persona_7,760,0.6322087645530701,비레디,하이드로 스웻프루프 선크림 SPF50+/PA++++ 50ml,선케어,선크림
persona_7,761,0.6322087645530701,라네즈,하이드로 스웻프루프 선크림 SPF50+/PA++++ 50ml,선케어,선크림
persona_7,762,0.6055289506912231,비레디,에어리 헤어 페이스트 80g,건기식,기능성식품
persona_7,763,0.6055289506912231,라네즈,에어리 헤어 페이스트 80g,건기식,기능성식품
persona_7,764,0.6503961682319641,비레디,4.4,기타,미분류
persona_7,765,0.6503961682319641,라네즈,4.4,기타,미분류
persona_7,766,0.6262738108634949,비레디,시카페인 트러블리셋 클렌징폼 150g,건기식,기능성식품
persona_7,767,0.6262738108634949,라네즈,시카페인 트러블리셋 클렌징폼 150g,건기식,기능성식품
persona_7,768,0.6221392154693604,비레디,무드업 음영 아이팔레트 7g,건기식,기능성식품
persona_7,769,0.6221392154693604,라네즈,무드업 음영 아이팔레트 7g,건기식,기능성식품
persona_7,770,0.621467113494873,비레디,생기 립밤 3g,스킨케어,크림
persona_7,771,0.621467113494873,라네즈,생기 립밤 3g,스킨케어,크림
persona_7,772,0.621467113494873,비레디,생기 립밤 3g,스킨케어,크림
persona_7,773,0.621467113494873,라네즈,생기 립밤 3g,스킨케어,크림
persona_7,774,0.621467113494873,비레디,생기 립밤 3g,스킨케어,크림
persona_7,775,0.621467113494873,라네즈,생기 립밤 3g,스킨케어,크림
persona_7,776,0.6404602527618408,비레디,블루 파운데이션 3호,기타,미분류
persona_7,777,0.6404602527618408,라네즈,블루 파운데이션 3호,기타,미분류
persona_7,778,0.6404602527618408,비레디,블루 파운데이션 2호,기타,미분류
persona_7,779,0.6404602527618408,라네즈,블루 파운데이션 2호,기타,미분류
persona_7,780,0.6471563577651978,비레디,블루쿠션 3호 제프리,기타,미분류
persona_7,781,0.6471563577651978,라네즈,블루쿠션 3호 제프리,기타,미분류
persona_7,782,0.6471563577651978,비레디,블루쿠션 2호 라이언,기타,미분류
persona_7,783,0.6471563577651978,라네즈,블루쿠션 2호 라이언,기타,미분류
persona_7,784,0.648773729801178,비레디,시카페인 트러블리셋 2종,기타,미분류
persona_7,785,0.648773729801178,라네즈,시카페인 트러블리셋 2종,기타,미분류
persona_7,786,0.6457254886627197,비레디,블루 수분 선크림 SPF50+/PA++++,선케어,선크림
persona_7,787,0.6457254886627197,라네즈,블루 수분 선크림 SPF50+/PA++++,선케어,선크림
persona_7,788,0.6396879553794861,아이오페,슈퍼바이탈 기초 2종 세트,기타,미분류
persona_7,789,0.6259828805923462,아이오페,비타민C 엑스퍼트25% 토닝앰플 23ml,스킨케어,앰플
persona_7,790,0.6436358690261841,아이오페,바이오 컨디셔닝 에센스 하이드로 인핸싱 마스크 5매,스킨케어,마스크팩
persona_7,791,0.608245849609375,아이오페,맨 올데이 퍼펙트 올인원 120ml,기타,미분류
persona_7,792,0.6225129961967468,아이오페,슈퍼바이탈 크림 세트 50ml,스킨케어,크림
persona_7,793,0.6218357086181641,아이오페,바이오 컨디셔닝 에센스 168ml,스킨케어,에센스
persona_7,794,0.6349813938140869,아이오페,XMD 스템3 스페셜 2종 세트,기타,미분류
persona_7,795,0.6070974469184875,아이오페,맨 프로 레티놀 올인원 기획세트 120ml,기타,미분류
persona_7,796,0.6276480555534363,아이오페,슈퍼바이탈 아이크림 25ml,스킨케어,크림
persona_7,797,0.6042348146438599,아이오페,골든 글로우 페이스 오일 40ml,기타,미분류
persona_7,798,0.6515411138534546,아이오페,레티놀 세럼 인 겔 마스크,스킨케어,마스크팩
persona_7,799,0.6258715391159058,아이오페,XMD 스템3 클리니컬 리커버리 크림 50ml,스킨케어,크림
persona_7,800,0.6358357071876526,아이오페,맨 바이오 안티에이징 2종 세트,기타,미분류
persona_7,801,0.6229480504989624,아이오페,바이오 컨디셔닝 에센스 폼 클렌저 180ml,스킨케어,에센스
persona_7,802,0.6021220684051514,아이오페,에어쿠션 5.5세대 커버 SPF50/PA+++ 15g,선케어,선크림
persona_7,803,0.6274840235710144,아이오페,UV 쉴드 선 프로텍터 SPF50+/PA++++ 50ml,선케어,선크림
persona_7,804,0.6025424003601074,아이오페,에어쿠션 5.5세대 커버 SPF50/PA+++ 15g,선케어,선크림
persona_7,805,0.6138456463813782,아이오페,맨 퍼펙트 올인원 클렌저 125g,건기식,기능성식품
persona_7,806,0.6289202570915222,아이오페,레티놀 엑스퍼트 0.1% 링클 코렉터 기획세트 30ml,기타,미분류
persona_7,807,0.6273739337921143,아이오페,XMD 스템3 클리니컬 리커버리 세럼 50ml,스킨케어,세럼
persona_7,808,0.606176495552063,아이오페,슈퍼바이탈 오일 블렌딩 세럼 40ml,스킨케어,세럼
persona_7,809,0.6349999904632568,아이오페,히아루로닉 크림 100ml,스킨케어,크림
persona_7,810,0.6146227717399597,아이오페,레티놀 엑스퍼트 0.5% 얼티밋 컨센트레이트 15ml,기타,미분류
persona_7,811,0.6260901689529419,아이오페,PDRN 카페인샷 50ml,기타,미분류
persona_7,812,0.6242308616638184,아이오페,PDRN 카페인샷 30ml,기타,미분류
persona_7,813,0.6276587247848511,아이오페,레티놀 엑스퍼트 0.3% 링클 코렉터 20ml,기타,미분류
persona_7,814,0.6274840235710144,아이오페,UV 쉴드 톤업 선 SPF50+/PA++++ 50ml,선케어,선크림
persona_7,815,0.6194449663162231,아이오페,브라이트닝 기미 에센스 45ml,스킨케어,에센스
persona_7,816,0.6346305012702942,아이오페,프로 필링 소프트젤 100ml,기타,미분류
persona_7,817,0.6226771473884583,아이오페,슈퍼바이탈 소프너 150ml,기타,미분류
persona_7,818,0.6076524257659912,아이오페,맨 올데이 퍼펙트 톤업 올인원 SPF15 120ml,선케어,선크림
persona_7,819,0.614342451095581,아이오페,맨 안티에이징 에멀젼 EX 120ml,기타,미분류
persona_7,820,0.6102755665779114,아이오페,슈퍼바이탈 쿠션 이엑스 SPF 50+/PA+++ 16g,선케어,선크림
persona_7,821,0.6416317224502563,아이오페,하이드로 리프트 크림,스킨케어,크림
persona_7,822,0.6260576248168945,아이오페,슈퍼바이탈 에멀젼 150ml,기타,미분류
persona_7,823,0.6241496801376343,아이오페,바이오 컨디셔닝 클렌징 오일 인 젤 150ml,기타,미분류
persona_7,824,0.626247227191925,아이오페,하이드로 리프트 에멀젼 150ml,기타,미분류
persona_7,825,0.613457977771759,아이오페,UV 쉴드 선 앰플 SPF 50+/PA+++ 40ml,선케어,선크림
persona_7,826,0.6210669875144958,아이오페,맨 컴파운드 선 스크린 SPF 50+/PA++++ 50ml,선케어,선크림
persona_7,827,0.6192688941955566,아이오페,XMD 스템3 클리니컬 리커버리 세럼 30ml,스킨케어,세럼
persona_7,828,0.6254448294639587,아이오페,레티놀 엑스퍼트 0.1% 링클 코렉터 기획세트 20ml,기타,미분류
persona_7,829,0.6130484938621521,아이오페,UV 쉴드 선 스틱 SPF50+/PA++++ 20g,선케어,선크림
persona_7,830,0.6142538785934448,아이오페,XMD 스템3 클리니컬 리커버리 소프너 130ml,기타,미분류
persona_7,831,0.6115652918815613,아이오페,XMD 스템3 클리니컬 리커버리 에멀전 130ml,기타,미분류
persona_7,832,0.6272605657577515,아이오페,슈퍼바이탈 쿠션 이엑스 SPF 50+/PA+++,선케어,선크림
persona_7,833,0.6208274960517883,아이오페,맨 바이오 컨디셔닝 에센스 145ml,스킨케어,에센스
persona_7,834,0.6353284120559692,아이오페,하이드로 리프트 2종 세트,기타,미분류
persona_7,835,0.6405544877052307,아이오페,슈퍼바이탈 3종 세트,기타,미분류
persona_7,836,0.6220272779464722,아이오페,하이드로 리프트 소프너 150ml,기타,미분류
persona_7,837,0.6351128816604614,아이오페,슈퍼바이탈 2종 세트,기타,미분류
persona_7,838,0.626530647277832,아이오페,레티놀 레티젝션 세럼 30ml,스킨케어,세럼
persona_7,839,0.6427488327026367,아이오페,스킨 부스터 앰플 필 패드 8매입,스킨케어,앰플
persona_7,840,0.6384578347206116,아이오페,하이드로 리프트 세럼,스킨케어,세럼
persona_7,841,0.6092826128005981,아이오페,슈퍼바이탈 넥앤데콜테 크림 40ml,스킨케어,크림
persona_7,842,0.6306696534156799,아이오페,레티놀 0.1% 기획세트 + 월리 우프 무드등,기타,미분류
persona_7,843,0.6177361011505127,아이오페,레티놀 레티젝션 세럼 50ml 기획세트 + 월리 우프 무드등,스킨케어,세럼
persona_7,844,0.6194786429405212,아이오페,브라이트닝 기미 에센스 기획세트 45ml,스킨케어,에센스
persona_7,845,0.6070974469184875,아이오페,맨 올데이 퍼펙트 올인원 기획세트 120ml,기타,미분류
persona_7,846,0.6279474496841431,아이오페,XMD 스템3 클리니컬 리커버리 세럼 기획세트 50ml,스킨케어,세럼
persona_7,847,0.6202590465545654,아이오페,비타민C 엑스퍼트25% 토닝앰플 기획세트 23ml,스킨케어,앰플
persona_7,848,0.6168666481971741,아이오페,멀티 비타민 10% 얼티밋 토닝 겔 마스크,스킨케어,마스크팩
persona_7,849,0.62400883436203,아이오페,레티놀 레티젝션 세럼 50ml,스킨케어,세럼
persona_7,850,0.6451891660690308,아이오페,레티놀 세럼 인 겔 마스크,스킨케어,마스크팩
persona_7,851,0.6419097185134888,아이오페,스킨 부스터 앰플 필 패드 기획세트,스킨케어,앰플
persona_7,852,0.5990766286849976,아이오페,비타민C 엑스퍼트 40% 마스크 컨센트레이트 15g,스킨케어,마스크팩
persona_7,853,0.6422332525253296,아이오페,바이오 컨디셔닝 에센스 하이드로 인핸싱 마스크 10매,스킨케어,마스크팩
persona_7,854,0.6306253671646118,아이오페,레티놀 슈퍼 바운스 세럼 50ml,스킨케어,세럼
persona_7,855,0.6236336827278137,아이오페,바이오 컨디셔닝 에센스 기획세트 84ml,스킨케어,에센스
persona_7,856,0.6381071209907532,에이피뷰티,에이피 프라임 리저브 리트리니티 메쉬 파운데이션 스펀지 2개입,기타,미분류
persona_7,857,0.6212034821510315,에이피뷰티,마이크로파인 인텐시브 크림 투 폼 클렌저 150g,스킨케어,크림
persona_7,858,0.5942206978797913,에이피뷰티,프라임 리저브 리트리니티 메쉬 파운데이션 12g,건기식,기능성식품
persona_7,859,0.6047618985176086,에이피뷰티,NEW 에이오 리부트 앤 리뉴 에센스 80ml,스킨케어,에센스
persona_7,860,0.623866617679596,에이피뷰티,리쥬브네이팅 부스터 샷 엠디 세럼 30ml,스킨케어,세럼
persona_7,861,0.6314109563827515,에이피뷰티,에이피 리파이닝 파우더 투 폼 클렌저 55g,건기식,기능성식품
persona_7,862,0.6078335046768188,에이피뷰티,에이오 트리플 디펜스 에어리 선 세럼 40ml,스킨케어,세럼
persona_7,863,0.6212745308876038,에이피뷰티,에이피 에이오 리부트 앤 리뉴 에센스 150ml,스킨케어,에센스
persona_7,864,0.6174821853637695,에이피뷰티,에이피 얼티밋 오일 투 밀크 클렌저 200ml,기타,미분류
persona_7,865,0.633471667766571,에이피뷰티,프라임 리저브 리트리니 메쉬 파운데이션 케이스,기타,미분류
persona_7,866,0.6198585033416748,에이피뷰티,퍼밍 앤 래디언스 플럼핑 에멀전 150ml,기타,미분류
persona_7,867,0.6198585033416748,에이피뷰티,퍼밍 앤 래디언스 플럼핑 로션 150ml,기타,미분류
persona_7,868,0.6139764785766602,에이피뷰티,에이피 에이오 리부트 앤 리뉴 더블 컨센트레이트 40ml,기타,미분류
persona_7,869,0.6213054060935974,에이피뷰티,에이피 듀얼 리페어 리프트 크림 30ml,스킨케어,크림
persona_7,870,0.6225137114524841,에이피뷰티,에이피 프라임 리저브 리트리니티 세럼 30ml,스킨케어,세럼
persona_7,871,0.6428396701812744,에이피뷰티,에이피 리프트 앤 펌 듀얼 아이 트리트먼트,기타,미분류
persona_7,872,0.6163560152053833,에이피뷰티,듀얼 리페어 리프트 크림 마스크 5매 23g*5,스킨케어,마스크팩
persona_7,873,0.640515148639679,에이피뷰티,에이피 에이오 리부트 앤 리뉴 크림,스킨케어,크림
persona_7,874,0.6239333748817444,에이피뷰티,에이피 프라임 리저브 리트리니티 에센스 로션 150ml,스킨케어,에센스
persona_7,875,0.6443690657615662,에이피뷰티,에이피 리프트 앤 리뉴 더블 샷 프로그램 1ea,기타,미분류
persona_7,876,0.6252361536026001,에이피뷰티,리서페이싱 앤 리페어 에센스 150ml,스킨케어,에센스
persona_7,877,0.6261347532272339,에이피뷰티,에이피 프라임 리저브 리트리니티 크림 50ml,스킨케어,크림
persona_7,878,0.6285901665687561,에이피뷰티,에이피 프라임 리저브 리트리니티 크림 50ml,스킨케어,크림
persona_7,879,0.620278537273407,에이피뷰티,에이피 프라임 리저브 리트리니티 아이 앤 익스프레션 크림 20ml,스킨케어,크림
persona_7,880,0.6121060848236084,에이피뷰티,에이피 듀얼 리페어 리프트 리퀴드 크림 120ml,스킨케어,크림
persona_7,881,0.621505856513977,에이피뷰티,에이피 듀얼 리페어 리프트 크림 50 ml,스킨케어,크림
persona_7,882,0.645710289478302,에이피뷰티,퍼밍 앤 래디언스 플럼핑 듀오,기타,미분류
persona_7,883,0.609038770198822,에이피뷰티,프라임 리저브 리트리니티 메쉬 파운데이션 22N + 에이오 트리플 디펜스 에어리 선 세럼 40ml,스킨케어,세럼
persona_7,884,0.609038770198822,에이피뷰티,프라임 리저브 리트리니티 메쉬 파운데이션 21N + 에이오 트리플 디펜스 에어리 선 세럼 40ml,스킨케어,세럼
persona_7,885,0.609038770198822,에이피뷰티,프라임 리저브 리트리니티 메쉬 파운데이션 17C + 에이오 트리플 디펜스 에어리 선 세럼 40ml,스킨케어,세럼
persona_7,886,0.623866617679596,에이피뷰티,리쥬브네이팅 부스터 샷 엠디 세럼 30ml,스킨케어,세럼
persona_7,887,0.628768801689148,에이피뷰티,리쥬브네이팅 트리트먼트 엠디 크림 50ml,스킨케어,크림
persona_7,888,0.6422144770622253,에이피뷰티,프라임 리저브 리트리니티 메쉬 파운데이션 22N+블랙 케이스,기타,미분류
persona_7,889,0.6431460380554199,에이피뷰티,프라임 리저브 리트리니티 메쉬 파운데이션 21N+ 블랙 케이스,기타,미분류
persona_7,890,0.6040362119674683,에이피뷰티,프라임 리저브 리트리니티 메쉬 파운데이션 17C+ 블랙 케이스 12g,건기식,기능성식품
persona_7,891,0.6322341561317444,에이피뷰티,에이피 리프트 앤 리뉴 더블 샷 프로그램 3ea,기타,미분류
persona_7,892,0.6189134120941162,에이피뷰티,에이피 프라임 리저브 리트리니티 아이 앤 익스프레션 크림 20ml,스킨케어,크림
persona_7,893,0.6432976126670837,일리윤,NEW  세라마이드 아토 로션 564ml,기타,미분류
persona_7,894,0.6294369101524353,일리윤,울트라 리페어 로션 528ml,기타,미분류
persona_7,895,0.6373762488365173,일리윤,히알루론 모이스춰 수분크림 100ml,스킨케어,크림
persona_7,896,0.6158874034881592,일리윤,세라마이드 아토 집중 크림 230ml,스킨케어,크림
persona_7,897,0.6280783414840698,일리윤,세라마이드 아토 6.0 탑투토워시 500ml,기타,미분류
persona_7,898,0.617087185382843,일리윤,세라마이드 아토 로션 350ml,기타,미분류
persona_7,899,0.6255348324775696,일리윤,세라마이드 아토 6.0 탑투토워시 500ml,기타,미분류
persona_7,900,0.6198524236679077,일리윤,울트라 리페어 로션 350ml,기타,미분류
persona_7,901,0.6240382790565491,일리윤,세라마이드 아토 집중 크림 500ml,스킨케어,크림
persona_7,902,0.6235296726226807,일리윤,프레쉬 모이스춰 바디워시 500ml,바디,바디케어
persona_7,903,0.6194107532501221,일리윤,레드이치 케어크림 330ml,스킨케어,크림
persona_7,904,0.6309904456138611,일리윤,저자극 이지워시 선크림 SPF50+/PA++++ 150ml,선케어,선크림
persona_7,905,0.622119665145874,일리윤,울트라 리페어 딥 모이스춰 워시 500ml,기타,미분류
persona_7,906,0.610259473323822,일리윤,세라마이드 아토 6.0 탑투토워시 1000ml,기타,미분류
persona_7,907,0.6032030582427979,일리윤,세라마이드 아토 속보습 스킨 250ml,기타,미분류
persona_7,908,0.6348206996917725,일리윤,레드이치 케어크림 75ml,스킨케어,크림
persona_7,909,0.6139057874679565,일리윤,레드이치 케어오일 200ml,기타,미분류
persona_7,910,0.649296224117279,일리윤,세라마이드 아토 여행용 키트,기타,미분류
persona_7,911,0.613308846950531,일리윤,프로바이오틱스 스킨 배리어 약산성 여성청결제 300ml,기타,미분류
persona_7,912,0.6211134195327759,일리윤,프레쉬 모이스춰 립앤아이 리무버 300ml,클렌징,리무버
persona_7,913,0.6279222965240479,일리윤,레드이치 큐어밤 60ml,스킨케어,크림
persona_7,914,0.608477771282196,일리윤,세라마이드 아토 버블워시 앤 샴푸 900ml,기타,미분류
persona_7,915,0.6046912670135498,일리윤,레드이치 케어크림 128ml,스킨케어,크림
persona_7,916,0.6190409064292908,일리윤,프레쉬 모이스춰 로션 350ml,기타,미분류
persona_7,917,0.6220786571502686,일리윤,울트라 리페어 인텐시브 케어 크림 200ml,스킨케어,크림
persona_7,918,0.6030040979385376,일리윤,젠틀 딥 립앤아이 리무버 140ml,클렌징,리무버
persona_7,919,0.6175909638404846,일리윤,세라마이드 아토 수딩 젤 175ml,기타,미분류
persona_7,920,0.6180721521377563,일리윤,세라마이드 아토 5.0 젠틀스킨클렌져 400ml,기타,미분류
persona_7,921,0.6360803246498108,일리윤,무기자차 장벽 선크림 SPF50+/PA++++ 50ml,선케어,선크림
persona_7,922,0.6231431365013123,일리윤,데일리 무기자차 선스틱 SPF50+/PA++++ 20g,선케어,선크림
persona_7,923,0.6284916996955872,일리윤,세라마이드 아토 로션 508ml,기타,미분류
persona_7,924,0.6160140633583069,일리윤,튼살크림 330ml,스킨케어,크림
persona_7,925,0.6068230271339417,일리윤,시카 아크네 클리어 필링 스크럽 200g,건기식,기능성식품
persona_7,926,0.6138752102851868,일리윤,시카 아크네 클리어 바디 워시 400ml,바디,바디케어
persona_7,927,0.6105769872665405,일리윤,젠틀 딥 클렌징 오일 250ml,기타,미분류
persona_7,928,0.6081089377403259,일리윤,시카 트러블 클리어 바디 미스트 200ml,바디,바디케어
persona_7,929,0.6061405539512634,일리윤,젠틀 딥 페이셜 클렌저 250ml,기타,미분류
persona_7,930,0.6229519248008728,일리윤,프로바이오틱스 스킨 배리어 젠틀 클렌저 300ml,기타,미분류
persona_7,931,0.6116363406181335,일리윤,세라마이드 아토 버블워시 앤 샴푸 400ml,기타,미분류
persona_7,932,0.6442224979400635,일리윤,히알루론 모이스춰 수분크림,스킨케어,크림
persona_7,933,0.6492827534675598,일리윤,세라마이드 아토 탑투토워시 본품+리필 SET,기타,미분류
persona_7,934,0.648455798625946,일리윤,세라마이드 아토 로션 2입 SET,기타,미분류
persona_7,935,0.6184309720993042,일리윤,인텐시브 세라마이드 비건 립 마스크 7g,스킨케어,마스크팩
persona_7,936,0.6493222117424011,일리윤,울트라 리페어 인텐시브 케어 크림,스킨케어,크림
persona_7,937,0.6469441056251526,일리윤,울트라 리페어 로션,기타,미분류
persona_7,938,0.6498721837997437,일리윤,울트라 리페어 딥 모이스춰 워시,기타,미분류
persona_7,939,0.6499764323234558,일리윤,울트라 리페어 로션,기타,미분류
persona_7,940,0.6435701847076416,일리윤,데일리 무기자차 선스틱 SPF50+/PA++++,선케어,선크림
persona_7,941,0.6499891877174377,일리윤,레드이치 케어크림,스킨케어,크림
persona_7,942,0.647078275680542,일리윤,레드이치 고보습 워시,기타,미분류
persona_7,943,0.6503854990005493,일리윤,레드이치 케어오일,기타,미분류
persona_7,944,0.6478113532066345,일리윤,레드이치 케어크림,스킨케어,크림
persona_7,945,0.6162464618682861,일리윤,세라마이드 아토 집중 크림 230ml,스킨케어,크림
persona_7,946,0.6378122568130493,일리윤,레드이치 크림 + 고보습 워시,스킨케어,크림
persona_7,947,0.6166598200798035,일리윤,세라마이드 아토 집중크림 230ml,스킨케어,크림
persona_7,948,0.6479855179786682,일리윤,세라마이드 아토 로션,기타,미분류
persona_7,949,0.6508874297142029,일리윤,무기자차 장벽 선크림 SPF50+/PA++++,선케어,선크림
persona_7,950,0.651987612247467,일리윤,저자극 이지워시 선크림 SPF50+/PA++++,선케어,선크림
persona_7,951,0.6498883962631226,일리윤,세라마이드 아토 수딩 젤,기타,미분류
persona_7,952,0.6486034393310547,일리윤,프레쉬 모이스춰 바디워시,바디,바디케어
persona_7,953,0.6391878724098206,일리윤,세라마이드 아토 로션 564ml,기타,미분류
persona_7,954,0.6206682920455933,일리윤,레드이치 고보습 워시 470g,건기식,기능성식품
persona_7,955,0.6276186108589172,일리윤,세라마이드 무향 비건 립밤 3.2g,스킨케어,크림
persona_7,956,0.6324260830879211,일리윤,세라마이드 무향 비건 핸드크림 50ml,스킨케어,크림
persona_7,957,0.6470257043838501,이니스프리,레티놀 PDRN 앰플 겔 마스크 1매,스킨케어,마스크팩
persona_7,958,0.6321516036987305,이니스프리,한란 핸드 크림 50ml,스킨케어,크림
persona_7,959,0.6148766279220581,이니스프리,그린티 아미노 수분 클렌징 폼 150g,건기식,기능성식품
persona_7,960,0.6468331217765808,이니스프리,NEW 세럼/앰플 겔 마스크,스킨케어,마스크팩
persona_7,961,0.6472830772399902,이니스프리,비타C 그린티 엔자임 세럼 겔 마스크 1매,스킨케어,마스크팩
persona_7,962,0.6281588077545166,이니스프리,마이 퍼퓸드 핸드크림 30ml,스킨케어,크림
persona_7,963,0.6466267704963684,이니스프리,고급 종이 면봉 150P,기타,미분류
persona_7,964,0.6428030729293823,이니스프리,New 납작 아이브로우 펜슬,메이크업,아이브로우
persona_7,965,0.6472830772399902,이니스프리,레티놀 시카 리페어 앰플 겔 마스크 1매,스킨케어,마스크팩
persona_7,966,0.6186056137084961,이니스프리,그린티 아미노 수분 클렌징 오일 150ml,기타,미분류
persona_7,967,0.628756582736969,이니스프리,노세범 미네랄 파우더 5g,건기식,기능성식품
persona_7,968,0.6144615411758423,이니스프리,그린티 아미노 수분 클렌징 워터 320ml,기타,미분류
persona_7,969,0.6361119747161865,이니스프리,블랙티 유스 인핸싱 앰플 마스크 28ml,스킨케어,마스크팩
persona_7,970,0.6258351802825928,이니스프리,유채꿀 립밤  3.5g,스킨케어,크림
persona_7,971,0.6117706894874573,이니스프리,그린티 세라마이드 밀크 에센스 160ml,스킨케어,에센스
persona_7,972,0.6177334189414978,이니스프리,듀이 틴트 립밤 3.2g,메이크업,립틴트
persona_7,973,0.628756582736969,이니스프리,노세범 모이스처 파우더 5g,건기식,기능성식품
persona_7,974,0.6426464319229126,이니스프리,비타C 그린티 엔자임세럼 기획세트,스킨케어,세럼
persona_7,975,0.6305562853813171,이니스프리,그린티 씨드 히알루론산 크림 50ml,스킨케어,크림
persona_7,976,0.6148766279220581,이니스프리,화산송이 모공 바하 클렌징 폼 150g,건기식,기능성식품
persona_7,977,0.6186966896057129,이니스프리,노세범 미네랄 팩트 8.5g,스킨케어,마스크팩
persona_7,978,0.6498947143554688,이니스프리,레티놀 PDRN 앰플 겔 마스크 6매,스킨케어,마스크팩
persona_7,979,0.6173357367515564,이니스프리,스페셜케어마스크 풋 20ml,스킨케어,마스크팩
persona_7,980,0.6416015028953552,이니스프리,그린티 데일리 수딩 마스크 30매,스킨케어,마스크팩
persona_7,981,0.6165245771408081,이니스프리,화산송이 모공 바하 클렌징폼  250g,건기식,기능성식품
persona_7,982,0.6330307722091675,이니스프리,올리브 비타민 E 리얼 오일 미스트 75ml,기타,미분류
persona_7,983,0.6452469229698181,이니스프리,눈썹 수정칼 2P,건기식,기능성식품
persona_7,984,0.611129105091095,이니스프리,그린티 씨드 히알루론산 세럼 대용량 130ml,스킨케어,세럼
persona_7,985,0.6118266582489014,이니스프리,퍼펙트 9 인텐시브 아이크림 30ml,스킨케어,크림
persona_7,986,0.6396052241325378,이니스프리,올리브 비타민 E 리얼 클렌징 티슈 30매,기타,미분류
persona_7,987,0.6056963801383972,이니스프리,마이 퍼퓸드 핸드크림 80ml,스킨케어,크림
persona_7,988,0.6165904402732849,이니스프리,그린티 히알루론산 스킨 170ml,기타,미분류
persona_7,989,0.6331321597099304,이니스프리,노세범 블러 프라이머 25ml,기타,미분류
persona_7,990,0.6412118673324585,이니스프리,블랙티 유스 인핸싱 앰플 대용량 단품 세트,스킨케어,앰플
persona_7,991,0.6025248765945435,이니스프리,그린티 씨드 히알루론산 크림  80ml,스킨케어,크림
persona_7,992,0.622930109500885,이니스프리,블랙티 유스 인핸싱 오일 30ml,기타,미분류
persona_7,993,0.6535946130752563,이니스프리,파우더 퍼프 1ea,기타,미분류
persona_7,994,0.6108298897743225,이니스프리,퍼펙트 9 인텐시브 크림 60ml,스킨케어,크림
persona_7,995,0.6264415979385376,이니스프리,노세범 AC 파우더 5g,건기식,기능성식품
persona_7,996,0.6258351802825928,이니스프리,유채꿀 립밤  3.5g,스킨케어,크림
persona_7,997,0.6173357367515564,이니스프리,스페셜케어마스크 핸드 20ml,스킨케어,마스크팩
persona_7,998,0.6317803859710693,이니스프리,블랙티 유스 인핸싱 크림 50ml,스킨케어,크림
persona_7,999,0.6464100480079651,이니스프리,화산송이 한지 기름종이 50매,기타,미분류
persona_7,1000,0.6236221194267273,이니스프리,비자 트러블 클렌징폼 150g,건기식,기능성식품
persona_7,1001,0.6094509959220886,이니스프리,그린티 히알루론산 로션 170ml,기타,미분류
persona_7,1002,0.6118934750556946,이니스프리,비타C 그린티 엔자임 잡티 토닝 패드 60매/170ml,기타,미분류
persona_7,1003,0.6207138895988464,이니스프리,라이트 피팅 메이크업 베이스 SPF23/PA++ 30ml,선케어,선크림
persona_7,1004,0.6251809000968933,이니스프리,그린티 히알루론산 미스트 150ml,기타,미분류
persona_7,1005,0.6238743662834167,이니스프리,레티놀 시카 흔적 장벽 크림 50ml,스킨케어,크림
persona_7,1006,0.615218460559845,이니스프리,그린티 세라마이드 밀크 에센스 리필 160ml,스킨케어,에센스
persona_7,1007,0.620478630065918,이니스프리,한란 아이 크림 30ml,스킨케어,크림
persona_7,1008,0.6302359104156494,이니스프리,파워프루프 라이너  0.6g,메이크업,아이라이너
persona_7,1009,0.6115676164627075,이니스프리,올리브 비타민 E 리얼 스킨 170ml,기타,미분류
persona_7,1010,0.605086088180542,이니스프리,그린티 씨드 히알루론산 세럼 80ml,스킨케어,세럼
persona_7,1011,0.6115015745162964,이니스프리,레티놀 그린티 PDRN 스킨부스터 토너 170ml,기타,미분류
persona_7,1012,0.6177322864532471,이니스프리,올리브 비타민 E 리얼 로션 170ml,기타,미분류
persona_7,1013,0.6108174920082092,이니스프리,그린티 씨드 히알루론산 세럼 리필 80ml,스킨케어,세럼
persona_7,1014,0.6330780982971191,이니스프리,그린티 히알루론산 진정수분 선세럼 AD SPF50/PA++++ 50ml,선케어,선크림
persona_7,1015,0.6336560249328613,이니스프리,수퍼 화산송이 쿨민초 모공팩 100ml,스킨케어,마스크팩
persona_7,1016,0.6290976405143738,이니스프리,비타C 잡티 톤업 선스크린 SPF50+/PA++++ 50ml,선케어,선크림
persona_7,1017,0.631573498249054,이니스프리,레티놀 그린티 PDRN 스킨부스터 앰플 25ml,스킨케어,앰플
persona_7,1018,0.6305562853813171,이니스프리,올리브 비타민e 리얼 크림 50ml,스킨케어,크림
persona_7,1019,0.6061864495277405,이니스프리,그린티 히알루론산 글로우 아이&페이스볼 10ml,기타,미분류
persona_7,1020,0.6422600746154785,이니스프리,그린티 씨드 히알루론산 스킨케어 세트,건기식,기능성식품
persona_7,1021,0.629713773727417,이니스프리,애플씨드 립 앤 아이 메이크업 리무버 100ml,클렌징,리무버
persona_7,1022,0.6109079122543335,이니스프리,블랙티 유스 인핸싱 로션 170ml,기타,미분류
persona_7,1023,0.6333838701248169,이니스프리,비타C 엔자임 잡티 토닝 크림 50ml,스킨케어,크림
persona_7,1024,0.6308076977729797,이니스프리,한란인리치드크림 50ml,스킨케어,크림
persona_7,1025,0.6123920679092407,이니스프리,국화 여성 청결제 200ml,기타,미분류
persona_7,1026,0.6320400834083557,이니스프리,왕벚꽃 글로우 스킨핏 톤업크림 SPF50 / PA++++ 50ml,선케어,선크림
persona_7,1027,0.6246334910392761,이니스프리,애플씨드 클렌징 크림 150ml,스킨케어,크림
persona_7,1028,0.6094890832901001,이니스프리,레티놀 그린티 PDRN 스킨부스터 앰플 40ml,스킨케어,앰플
persona_7,1029,0.6112720966339111,이니스프리,레티놀 시카 흔적 패드 60매/170ml,기타,미분류
persona_7,1030,0.5874353051185608,이니스프리,노세범 파우더 쿠션 SPF35/PA++ 14g,선케어,선크림
persona_7,1031,0.6305562853813171,이니스프리,그린티 씨드 히알루론산 크림  50ml,스킨케어,크림
persona_7,1032,0.6099618077278137,이니스프리,포레스트 포맨 쉐이빙 & 클렌징 폼 150g,건기식,기능성식품
persona_7,1033,0.6336560249328613,이니스프리,수퍼 화산송이 모공 마스크 100ml,스킨케어,마스크팩
persona_7,1034,0.6266342997550964,이니스프리,비타C 엔자임 잡티 토닝 크림 리필 50ml,스킨케어,크림
persona_7,1035,0.6036640405654907,이니스프리,청보리 마일드 필링젤 120ml,기타,미분류
persona_7,1036,0.6131781935691833,이니스프리,아일넘버 바디로션 씨즈더모먼트 300ml,바디,바디케어
persona_7,1037,0.6161811947822571,이니스프리,마이퍼퓸드바디 코튼플라워 바디로션 330ml,바디,바디케어
persona_7,1038,0.6334319710731506,이니스프리,포레스트 센서티브 올인원 에센스 100ml,스킨케어,에센스
persona_7,1039,0.6225160360336304,이니스프리,톤업 노세범 선스크린 EX SPF50+/PA++++ 60ml,선케어,선크림
persona_7,1040,0.5952962040901184,이니스프리,노세범 파우더 쿠션 리필 SPF35/PA++ 14g,선케어,선크림
persona_7,1041,0.6165245771408081,이니스프리,그린티 아미노 수분 클렌징폼  250g,건기식,기능성식품
persona_7,1042,0.6302201151847839,이니스프리,콜라겐 그린티 세라마이드 탄력장벽 크림 리필 50ml,스킨케어,크림
persona_7,1043,0.6091669201850891,이니스프리,링클 사이언스 스팟 트리트먼트 40ml,기타,미분류
persona_7,1044,0.6124342679977417,이니스프리,한란로션 170ml,기타,미분류
persona_7,1045,0.6349046230316162,이니스프리,심플라벨 워터프루프 펜슬라이너 0.1g,메이크업,아이라이너
persona_7,1046,0.6161811947822571,이니스프리,마이퍼퓸드바디 그린텐저린 바디로션 330ml,바디,바디케어
persona_7,1047,0.6334319710731506,이니스프리,포레스트 안티에이징 올인원 에센스 100ml,스킨케어,에센스
persona_7,1048,0.6154844760894775,이니스프리,비타C 그린티 엔자임 잡티 토닝 세럼 30ml,스킨케어,세럼
persona_7,1049,0.6177334189414978,이니스프리,듀이 트리트먼트 립밤 3.2g,스킨케어,크림
persona_7,1050,0.6318777203559875,이니스프리,유브이 액티브 포어리스 선스크린 SPF50+/PA++++ 50ml,선케어,선크림
persona_7,1051,0.6400535106658936,이니스프리,레티놀 시카 앰플 포커싱 패치 1개입 9매,스킨케어,앰플
persona_7,1052,0.6193946599960327,이니스프리,알로에 리바이탈라이징 수딩젤 300ml,기타,미분류
persona_7,1053,0.6119977831840515,이니스프리,라이트 피팅 컨실러 다크서클 커버 7g,건기식,기능성식품
persona_7,1054,0.628302812576294,이니스프리,한란인리치드에센스 50ml,스킨케어,에센스
persona_7,1055,0.6121885776519775,이니스프리,아일넘버 바디워시 씨즈더모먼트 300ml,바디,바디케어
persona_7,1056,0.621742308139801,이니스프리,스키니 꼼꼼카라 3.5g,건기식,기능성식품
persona_7,1057,0.6302439570426941,이니스프리,파워프루프 브러시 라이너 0.6g,메이크업,아이라이너
persona_7,1058,0.6315800547599792,이니스프리,히알루론 수분 선크림 SPF50+/PA++++ 50ml,선케어,선크림
persona_7,1059,0.6203680038452148,이니스프리,애플씨드 클렌징 오일 150ml,기타,미분류
persona_7,1060,0.622930109500885,이니스프리,레티놀 시카 흔적 앰플 30ml,스킨케어,앰플
persona_7,1061,0.622930109500885,이니스프리,블랙티 유스 인핸싱 앰플 30ml,스킨케어,앰플
persona_7,1062,0.6194285154342651,이니스프리,블랙티 유스 인핸싱 트리트먼트 에센스 145ml,스킨케어,에센스
persona_7,1063,0.6303012371063232,이니스프리,블랙티 유스 인핸싱 트리트먼트 에센스 75ml,스킨케어,에센스
persona_7,1064,0.5887209177017212,이니스프리,노세범 선쿠션 이엑스 SPF50+/PA++++ 14g,선케어,선크림
persona_7,1065,0.6293818950653076,이니스프리,하우스 스펀지 6p,기타,미분류
persona_7,1066,0.6248731017112732,이니스프리,콜라겐 그린티 세라마이드 탄력 장벽 크림 50ml,스킨케어,크림
persona_7,1067,0.5969642400741577,이니스프리,포어 블러 파우더 11g,건기식,기능성식품
persona_7,1068,0.6114351153373718,이니스프리,에어리매트 틴트 3.8g,메이크업,립틴트
persona_7,1069,0.6190188527107239,이니스프리,라이트 피팅 파운데이션 SPF20/PA++ 30ml,선케어,선크림
persona_7,1070,0.6153203845024109,이니스프리,스키니 꼼꼼카라 Zero 3.5g,건기식,기능성식품
persona_7,1071,0.6225160360336304,이니스프리,인텐시브 롱래스팅 선스크린 EX SPF50+/PA++++ 60ml,선케어,선크림
persona_7,1072,0.6368939280509949,이니스프리,비자 트러블 로션 100ml,기타,미분류
persona_7,1073,0.6122061610221863,이니스프리,블랙티 유스 인핸싱 스킨 170ml,기타,미분류
persona_7,1074,0.6191117167472839,이니스프리,그린티 스킨 포맨 150ml,기타,미분류
persona_7,1075,0.6102724671363831,이니스프리,한란스킨 170ml,기타,미분류
persona_7,1076,0.6174958944320679,이니스프리,마이퍼퓸드바디 코튼플라워바디클렌저 330ml,바디,바디케어
persona_7,1077,0.6166794896125793,이니스프리,퍼펙트 9 인텐시브 세럼 50ml,스킨케어,세럼
persona_7,1078,0.6092599630355835,이니스프리,퍼펙트 9 인텐시브 스킨 200ml,기타,미분류
persona_7,1079,0.6073129773139954,이니스프리,비자 시카 밤 EX 40ml,스킨케어,크림
persona_7,1080,0.6165904402732849,이니스프리,비자 트러블 토너 170ml,기타,미분류
persona_7,1081,0.6382773518562317,이니스프리,레티놀 시카 앰플 듀오 SET,스킨케어,앰플
persona_7,1082,0.6315800547599792,이니스프리,히알루론 수분 선크림 SPF50+/PA++++ 50ml,선케어,선크림
persona_7,1083,0.6191117167472839,이니스프리,그린티 로션 포맨 150ml,기타,미분류
persona_7,1084,0.6259398460388184,이니스프리,왕벚꽃 글로우 톤업 크림 50ml,스킨케어,크림
persona_7,1085,0.6200870871543884,이니스프리,스키니 브로우카라 4g,메이크업,아이브로우
persona_7,1086,0.619336724281311,이니스프리,화산송이 모공 바하 클렌징 오일 150ml,기타,미분류
persona_7,1087,0.6084291338920593,이니스프리,인텐시브 레져 선스틱 SPF50+/PA++++ 18g,선케어,선크림
persona_7,1088,0.6179594397544861,이니스프리,올리브 비타민 E 리얼 클렌징폼 150g,건기식,기능성식품
persona_7,1089,0.6328126192092896,이니스프리,실키 파우더 블러쉬 6.2g,건기식,기능성식품
persona_7,1090,0.624941885471344,이니스프리,애플씨드 버블 클렌저 150ml,기타,미분류
persona_7,1091,0.6177322864532471,이니스프리,화산송이 파하 모공 매끈결 토너 170ml,기타,미분류
persona_7,1092,0.6174958944320679,이니스프리,마이퍼퓸드바디 워터릴리바디클렌저 330ml,바디,바디케어
persona_7,1093,0.5874353051185608,이니스프리,라이트 글로우 쿠션 SPF26/PA++ 14g,선케어,선크림
persona_7,1094,0.614817202091217,이니스프리,비자 시카 밤 EX 대용량 70ml,스킨케어,크림
persona_7,1095,0.5782102346420288,이니스프리,퍼펙트 9 인텐시브 스킨케어 세트  퍼펙트 9 인텐시브 스킨 200ml+ 퍼펙트 9 인텐시브 로션 160ml &  세럼 5ml + 크림 10ml + 아이크림 5ml,스킨케어,세럼
persona_7,1096,0.6258351802825928,이니스프리,유채꿀 립밤 3.5g,스킨케어,크림
persona_7,1097,0.6170665621757507,이니스프리,포어 블러 팩트 12.5g,스킨케어,마스크팩
persona_7,1098,0.6119968295097351,이니스프리,아일 넘버 바디앤핸드워시 웜앤퍼지스 300ml,바디,바디케어
persona_7,1099,0.6301988363265991,이니스프리,아일넘버 핸드크림 씨즈더모먼트 50ml,스킨케어,크림
persona_7,1100,0.6174958944320679,이니스프리,마이퍼퓸드바디 그린텐저린바디클렌저 330ml,바디,바디케어
persona_7,1101,0.6166778802871704,이니스프리,포레스트 프레시 스킨 180ml,기타,미분류
persona_7,1102,0.6082610487937927,이니스프리,포레스트 프레시 로션 140ml,기타,미분류
persona_7,1103,0.5865882635116577,이니스프리,블랙티 유스 인핸싱 스킨 케어 세트  블랙티 유스 인핸싱 스킨 170ml + 블랙티 유스 인핸싱 로션 170ml&  스킨 15ml + 로션 15ml + 앰플 12ml,스킨케어,앰플
persona_7,1104,0.6034493446350098,이니스프리,퍼펙트 9 인텐시브 로션 160ml,기타,미분류
persona_7,1105,0.6225160360336304,이니스프리,톤업 노세범 선스크린 EX SPF50+/PA++++ 60ml,선케어,선크림
persona_7,1106,0.6075748205184937,이니스프리,비타C 엔자임 잡티 토닝 크림  80ml,스킨케어,크림
persona_7,1107,0.6118812561035156,이니스프리,화산송이 모공 듀얼 마스크 110ml,스킨케어,마스크팩
persona_7,1108,0.6201255321502686,이니스프리,올리브 비타민E 리얼 클렌징 오일 150ml,기타,미분류
persona_7,1109,0.6161811947822571,이니스프리,마이퍼퓸드바디 워터릴리 바디로션 330ml,바디,바디케어
persona_7,1110,0.6220045685768127,이니스프리,스컬프팅 파우더 쉐이딩 6.8g,건기식,기능성식품
persona_7,1111,0.6454752683639526,이니스프리,포레스트 프레시 스킨 로션 2종 세트,기타,미분류
persona_7,1112,0.6127968430519104,이니스프리,심플라벨 래스팅 펜슬 브로우 0.15g,메이크업,아이브로우
persona_7,1113,0.6268073320388794,이니스프리,심플라벨 마스카라 7.5g,메이크업,마스카라
persona_7,1114,0.5952962040901184,이니스프리,라이트 글로우 쿠션 리필 SPF26/PA++ 14g,선케어,선크림
persona_7,1115,0.6325041055679321,이니스프리,포레스트 포어 케어 올인원 에센스 100ml,스킨케어,에센스
persona_7,1116,0.6104103922843933,이니스프리,청보리 마일드 필링 토너 250ml,기타,미분류
persona_7,1117,0.6097835302352905,이니스프리,레티놀 PDRN 앰플 기획세트 40ml,스킨케어,앰플
persona_7,1118,0.6287679672241211,이니스프리,레티놀 시카 앰플 기획세트 50ml,스킨케어,앰플
persona_7,1119,0.6328673362731934,이니스프리,그린티 씨드 히알루론산 크림 기획세트,스킨케어,크림
persona_7,1120,0.6367223858833313,이니스프리,마이 퍼퓸드 핸드크림 세트,스킨케어,크림
persona_7,1121,0.6097835302352905,이니스프리,레티놀 PDRN 앰플 기획세트 40ml,스킨케어,앰플
persona_7,1122,0.6103121638298035,이니스프리,그린티 밀크 에센스 160ml 더블 기획세트,스킨케어,에센스
persona_7,1123,0.630272626876831,이니스프리,이니스프리 클렌징 폼,기타,미분류
persona_7,1124,0.617915689945221,이니스프리,스페셜 케어 마스크  20ml,스킨케어,마스크팩
persona_7,1125,0.6025999188423157,이니스프리,그린티 세라마이드 크림 80ml,스킨케어,크림
persona_7,1126,0.6305590271949768,이니스프리,그린티 세라마이드 크림 50ml,스킨케어,크림
persona_7,1127,0.6305590271949768,이니스프리,그린티 세라마이드 크림 50ml,스킨케어,크림
persona_7,1128,0.6305562853813171,이니스프리,그린티 씨드 히알루론산 크림 50ml,스킨케어,크림
persona_7,1129,0.6221675276756287,이니스프리,톤업 워터링 선스크린 SPF50+/PA++++ 60ml,선케어,선크림
persona_7,1130,0.6189572811126709,이니스프리,스마트 블렌더  1p,기타,미분류
persona_7,1131,0.6311629414558411,이니스프리,쉬어 글로이 하이라이터 5.5g,건기식,기능성식품
persona_7,1132,0.6480647325515747,이니스프리,일반 화장솜 80매,기타,미분류
persona_7,1133,0.6203517913818359,이니스프리,그린펫클럽 꼼꼼 워터리스 발세정제  150ml,기타,미분류
persona_7,1134,0.6304119825363159,이니스프리,아일 넘버 핸드크림 웜앤퍼지스 50ml,스킨케어,크림
persona_7,1135,0.6302439570426941,이니스프리,파워프루프 펜 라이너 0.6g,메이크업,아이라이너
persona_7,1136,0.6259398460388184,이니스프리,왕벚꽃 글로우 젤리 크림 50ml,스킨케어,크림
persona_7,1137,0.6239697337150574,이니스프리,스퀴즈 에너지 마스크 1매 22ml,스킨케어,마스크팩
persona_7,1138,0.6287679672241211,이니스프리,레티놀 시카 흔적 앰플 50ml,스킨케어,앰플
persona_7,1139,0.6438174843788147,메디안,그린프로폴리스 치약 100g*3,건기식,기능성식품
persona_7,1140,0.6454346776008606,메디안,이지클린 센서티브 칫솔 4입,기타,미분류
persona_7,1141,0.6488428115844727,메디안,소금의 명작 치약,기타,미분류
persona_7,1142,0.6086300611495972,메디안,후레쉬 치약 3입  120g*3,건기식,기능성식품
persona_7,1143,0.6351131796836853,메디안,잇몸과학 치약 3입,기타,미분류
persona_7,1144,0.6365354657173157,메디안,NEW 치석케어칫솔 4입,기타,미분류
persona_7,1145,0.6494770646095276,메디안,대나무숯 담은 칫솔 미세모 4입,기타,미분류
persona_7,1146,0.6364721655845642,메디안,듀얼이펙션 칫솔 4입 미세모,기타,미분류
persona_7,1147,0.6433926820755005,메디안,닥터메디안 멀티케어 치약,기타,미분류
persona_7,1148,0.652199923992157,메디안,송천염 치약,기타,미분류
persona_7,1149,0.6432509422302246,메디안,젠티스트 치약 핑크 2입,기타,미분류
persona_7,1150,0.6155849099159241,메디안,구취과학 치약 프리징쿨 3입  120g*3,건기식,기능성식품
persona_7,1151,0.6453500986099243,메디안,그래핀 칫솔 4+1입,기타,미분류
persona_7,1152,0.6488428115844727,메디안,녹차의 명작 치약,기타,미분류
persona_7,1153,0.64369136095047,메디안,미백과학 치약 플럼민트향,기타,미분류
persona_7,1154,0.6484220623970032,메디안,닥터메디안 칫솔 5+5입,기타,미분류
persona_7,1155,0.6292876601219177,메디안,365DAYS step3 충치 불소 어린이 펌핑 치약 300g,건기식,기능성식품
persona_7,1156,0.6488710045814514,메디안,플렉스 이펙션 칫솔 4입,기타,미분류
persona_7,1157,0.6442559361457825,메디안,키즈 365DAYS step3 칫솔 12입,기타,미분류
persona_7,1158,0.6351131796836853,메디안,잇몸과학 칫솔 4입,기타,미분류
persona_7,1159,0.649265706539154,메디안,골드와이드 칫솔 10입,기타,미분류
persona_7,1160,0.6483391523361206,메디안,365DAYS 고밀도 초극세모 딥클린 칫솔 16입,기타,미분류
persona_7,1161,0.6478763222694397,메디안,성인용 365DAYS 칫솔 12입,기타,미분류
persona_7,1162,0.648967444896698,메디안,소금의 명작 칫솔 4입,기타,미분류
persona_7,1163,0.6412065625190735,메디안,그린프로폴리스 잇몸케어 칫솔 4+1입,기타,미분류
persona_7,1164,0.6411666870117188,메디안,키즈 365DAYS step3 칫솔 6입,기타,미분류
persona_7,1165,0.6344270706176758,메디안,키즈 365DAYS step2 칫솔 12입,기타,미분류
persona_7,1166,0.6488710045814514,메디안,송천염 미세모 칫솔 4입,기타,미분류
persona_7,1167,0.6418181657791138,메디안,젠티스트 치약 핑크 100g,건기식,기능성식품
persona_7,1168,0.648967444896698,메디안,녹차의 명작 칫솔 4입,기타,미분류
persona_7,1169,0.6470702886581421,메디안,젠티스트 치약 핑크 4입+쇼핑백 증정,건기식,기능성식품
persona_7,1170,0.6375894546508789,메디안,치석케어 치약 오리지널/구취/화이트/잇몸,기타,미분류
persona_7,1171,0.6232868432998657,비레디,웨이크업 생기 립밤 3g,스킨케어,크림
persona_7,1172,0.6232868432998657,라네즈,웨이크업 생기 립밤 3g,스킨케어,크림
persona_7,1173,0.6063013672828674,비레디,트루톤 로션  40ml,기타,미분류
persona_7,1174,0.6063013672828674,라네즈,트루톤 로션  40ml,기타,미분류
persona_7,1175,0.641017735004425,비레디,블루 수분 선크림 1+1 기획세트 SPF50+PA++++,선케어,선크림
persona_7,1176,0.641017735004425,라네즈,블루 수분 선크림 1+1 기획세트 SPF50+PA++++,선케어,선크림
persona_7,1177,0.6176872849464417,비레디,블루 파운데이션 SPF27/PA++ 35ml,선케어,선크림
persona_7,1178,0.6176872849464417,라네즈,블루 파운데이션 SPF27/PA++ 35ml,선케어,선크림
persona_7,1179,0.6062060594558716,비레디,블루쿠션 SPF34/PA++ 15g,선케어,선크림
persona_7,1180,0.6062060594558716,라네즈,블루쿠션 SPF34/PA++ 15g,선케어,선크림
persona_7,1181,0.6390483379364014,비레디,무드업 듀얼 아이섀도우 브러쉬,메이크업,아이섀도우
persona_7,1182,0.6390483379364014,라네즈,무드업 듀얼 아이섀도우 브러쉬,메이크업,아이섀도우
persona_7,1183,0.6035650968551636,비레디,블루쿠션 SPF34/PA++ 15g,선케어,선크림
persona_7,1184,0.6035650968551636,라네즈,블루쿠션 SPF34/PA++ 15g,선케어,선크림
persona_7,1185,0.6030519008636475,비레디,시카페인 트러블리셋 세럼 40ml,스킨케어,세럼
persona_7,1186,0.6030519008636475,라네즈,시카페인 트러블리셋 세럼 40ml,스킨케어,세럼
persona_7,1187,0.6322087645530701,비레디,블루 수분 선크림 SPF50+/PA++++ 50ml,선케어,선크림
persona_7,1188,0.6322087645530701,라네즈,블루 수분 선크림 SPF50+/PA++++ 50ml,선케어,선크림
persona_7,1189,0.6343871355056763,비레디,프라이드업 아이브로우 0.6G,메이크업,아이브로우
persona_7,1190,0.6343871355056763,라네즈,프라이드업 아이브로우 0.6G,메이크업,아이브로우
persona_7,1191,0.6207038760185242,비레디,블루 세범 파우더 7g,건기식,기능성식품
persona_7,1192,0.6207038760185242,라네즈,블루 세범 파우더 7g,건기식,기능성식품
persona_7,1193,0.6056957840919495,비레디,시카페인 트러블리셋 토너 250ml,기타,미분류
persona_7,1194,0.6056957840919495,라네즈,시카페인 트러블리셋 토너 250ml,기타,미분류
persona_7,1195,0.6158570647239685,비레디,시카페인 트러블리셋 크림 70ml,스킨케어,크림
persona_7,1196,0.6158570647239685,라네즈,시카페인 트러블리셋 크림 70ml,스킨케어,크림
persona_7,1197,0.6376994252204895,비레디,블루 파운데이션 퍼프,기타,미분류
persona_7,1198,0.6376994252204895,라네즈,블루 파운데이션 퍼프,기타,미분류
persona_7,1199,0.6322087645530701,비레디,하이드로 스웻프루프 선크림 SPF50+/PA++++ 50ml,선케어,선크림
persona_7,1200,0.6322087645530701,라네즈,하이드로 스웻프루프 선크림 SPF50+/PA++++ 50ml,선케어,선크림
persona_7,1201,0.6055289506912231,비레디,에어리 헤어 페이스트 80g,건기식,기능성식품
persona_7,1202,0.6055289506912231,라네즈,에어리 헤어 페이스트 80g,건기식,기능성식품
persona_7,1203,0.6503961682319641,비레디,4.4,기타,미분류
persona_7,1204,0.6503961682319641,라네즈,4.4,기타,미분류
persona_7,1205,0.6262738108634949,비레디,시카페인 트러블리셋 클렌징폼 150g,건기식,기능성식품
persona_7,1206,0.6262738108634949,라네즈,시카페인 트러블리셋 클렌징폼 150g,건기식,기능성식품
persona_7,1207,0.6221392154693604,비레디,무드업 음영 아이팔레트 7g,건기식,기능성식품
persona_7,1208,0.6221392154693604,라네즈,무드업 음영 아이팔레트 7g,건기식,기능성식품
persona_7,1209,0.621467113494873,비레디,생기 립밤 3g,스킨케어,크림
persona_7,1210,0.621467113494873,라네즈,생기 립밤 3g,스킨케어,크림
persona_7,1211,0.621467113494873,비레디,생기 립밤 3g,스킨케어,크림
persona_7,1212,0.621467113494873,라네즈,생기 립밤 3g,스킨케어,크림
persona_7,1213,0.621467113494873,비레디,생기 립밤 3g,스킨케어,크림
persona_7,1214,0.621467113494873,라네즈,생기 립밤 3g,스킨케어,크림
persona_7,1215,0.6404602527618408,비레디,블루 파운데이션 3호,기타,미분류
persona_7,1216,0.6404602527618408,라네즈,블루 파운데이션 3호,기타,미분류
persona_7,1217,0.6404602527618408,비레디,블루 파운데이션 2호,기타,미분류
persona_7,1218,0.6404602527618408,라네즈,블루 파운데이션 2호,기타,미분류
persona_7,1219,0.6471563577651978,비레디,블루쿠션 3호 제프리,기타,미분류
persona_7,1220,0.6471563577651978,라네즈,블루쿠션 3호 제프리,기타,미분류
persona_7,1221,0.6471563577651978,비레디,블루쿠션 2호 라이언,기타,미분류
persona_7,1222,0.6471563577651978,라네즈,블루쿠션 2호 라이언,기타,미분류
persona_7,1223,0.648773729801178,비레디,시카페인 트러블리셋 2종,기타,미분류
persona_7,1224,0.648773729801178,라네즈,시카페인 트러블리셋 2종,기타,미분류
persona_7,1225,0.6457254886627197,비레디,블루 수분 선크림 SPF50+/PA++++,선케어,선크림
persona_7,1226,0.6457254886627197,라네즈,블루 수분 선크림 SPF50+/PA++++,선케어,선크림
persona_7,1227,0.6420249342918396,퍼즐우드,메타그린 칼로리컷 젤리 다이어트 기능성 젤리 혈당탄수화물컷,기타,미분류
persona_7,1228,0.6377320885658264,퍼즐우드,메타그린 부스터샷 7일,기타,미분류
persona_7,1229,0.6430911421775818,퍼즐우드,메타그린 슬림업 다이어트 비건 기능성,기타,미분류
persona_7,1230,0.6407403349876404,퍼즐우드,메타그린 클린티 10입,기타,미분류
persona_7,1231,0.6377320885658264,퍼즐우드,녹차에서 온 유산균,기타,미분류
persona_7,1232,0.641655445098877,퍼즐우드,슈퍼콜라겐 28입,기타,미분류
persona_7,1233,0.6396781206130981,퍼즐우드,멀티비타민미네랄,기타,미분류
persona_7,1234,0.634975790977478,퍼즐우드,메타그린 효소 14입,기타,미분류
persona_7,1235,0.6388714909553528,퍼즐우드,슈퍼레티놀 30포,기타,미분류
persona_7,1236,0.6423004865646362,퍼즐우드,액티브 멀티팩,스킨케어,마스크팩
persona_7,1237,0.6442778706550598,퍼즐우드,오메가케어 30일,기타,미분류
persona_7,1238,0.6355416774749756,퍼즐우드,메타그린 슬림업,기타,미분류
persona_7,1239,0.6404397487640381,퍼즐우드,슈퍼콜라겐 골드,기타,미분류
persona_7,1240,0.6274092793464661,퍼즐우드,굿슬립 가바 365  식약처 인정 수면기능성,건기식,기능성식품
persona_7,1241,0.6379338502883911,퍼즐우드,슈퍼콜라겐 프리미엄,기타,미분류
persona_7,1242,0.6443761587142944,퍼즐우드,슈퍼에센셜,기타,미분류
persona_7,1243,0.6459717154502869,퍼즐우드,트루아이,기타,미분류
persona_7,1244,0.6521123647689819,퍼즐우드,슈퍼에센셜,기타,미분류
persona_7,1245,0.6339477300643921,퍼즐우드,메타그린 골드 플러스,기타,미분류
persona_7,1246,0.6444535851478577,퍼즐우드,명작수 골드,기타,미분류
persona_7,1247,0.6439316868782043,퍼즐우드,명작수 골드,기타,미분류
persona_7,1248,0.6366071105003357,퍼즐우드,메타그린 골드 플러스 패밀리 기획세트,기타,미분류
persona_7,1249,0.6325476169586182,퍼즐우드,슈퍼콜라겐 골드,기타,미분류
persona_7,1250,0.6377320885658264,퍼즐우드,NEW 슈퍼시카 B5,기타,미분류
persona_7,1251,0.6422156095504761,퍼즐우드,액티브멀티팩 기획세트,스킨케어,마스크팩
persona_7,1252,0.6452603340148926,퍼즐우드,리버프라임,기타,미분류
persona_7,1253,0.6355416774749756,퍼즐우드,조이스텝 골드,기타,미분류
persona_7,1254,0.6410443186759949,퍼즐우드,올인원 멀티팩,스킨케어,마스크팩
persona_7,1255,0.6422156095504761,퍼즐우드,트루아이 기획세트,기타,미분류
persona_7,1256,0.6350184082984924,퍼즐우드,조이스텝 골드,기타,미분류
persona_7,1257,0.6450534462928772,퍼즐우드,슈퍼콜라겐 플래티넘,기타,미분류
persona_7,1258,0.6350184082984924,퍼즐우드,슈퍼콜라겐 플래티넘,기타,미분류
persona_7,1259,0.6422156095504761,퍼즐우드,슈퍼콜라겐 골드,기타,미분류
persona_7,1260,0.64797443151474,퍼즐우드,비타클렌즈,기타,미분류
persona_7,1261,0.6394479274749756,퍼즐우드,굿슬립 가바 365,기타,미분류
persona_7,1262,0.640447735786438,퍼즐우드,올인원 멀티팩,스킨케어,마스크팩
persona_7,1263,0.6388714909553528,퍼즐우드,슈퍼레티놀 30포,기타,미분류
persona_7,1264,0.6377320885658264,퍼즐우드,메타그린 부스터샷 7일,기타,미분류
persona_7,1265,0.6430911421775818,퍼즐우드,메타그린 슬림업 다이어트 비건 기능성,기타,미분류
persona_7,1266,0.6426580548286438,퍼즐우드,슈퍼콜라겐 14입,기타,미분류
persona_7,1267,0.6337999701499939,퍼즐우드,슈퍼콜라겐 28입X2개 + 월리 우프 무드등,기타,미분류
persona_7,1268,0.6263201832771301,퍼즐우드,메타그린 슬림업 30일X3개 + 월리 뽀모도로 타이머 & 포스트카드,기타,미분류
persona_7,1269,0.6383492350578308,퍼즐우드,슈퍼레티놀 기획세트,기타,미분류
persona_7,1270,0.6486487984657288,퍼즐우드,슈퍼에센셜 기획세트,기타,미분류
persona_7,1271,0.6434885263442993,퍼즐우드,리버프라임 105일,기타,미분류
persona_7,1272,0.640447735786438,퍼즐우드,오메가케어 3입세트,기타,미분류
persona_7,1273,0.6371514201164246,퍼즐우드,NEW 슈퍼시카 B5,기타,미분류
persona_7,1274,0.6420968770980835,퍼즐우드,메타그린 슬림업,기타,미분류
persona_7,1275,0.6440352201461792,퍼즐우드,메타그린 슬림업,기타,미분류
persona_7,1276,0.6371514201164246,퍼즐우드,메타그린 부스터샷 7일,기타,미분류
persona_7,1277,0.6424466371536255,퍼즐우드,메타그린 부스터샷 7일,기타,미분류
persona_7,1278,0.6479842066764832,퍼즐우드,메타그린 효소,기타,미분류
persona_7,1279,0.641547679901123,퍼즐우드,메타그린 부스터샷 7일,기타,미분류
persona_7,1280,0.6412639617919922,퍼즐우드,메타그린 부스터샷 7일,기타,미분류
persona_7,1281,0.640351414680481,퍼즐우드,메타그린 클린티 10입,기타,미분류
persona_7,1282,0.6383492350578308,퍼즐우드,슈퍼레티놀 30포,기타,미분류
persona_7,1283,0.6406712532043457,퍼즐우드,슈퍼콜라겐 28입,기타,미분류
persona_7,1284,0.6453762650489807,퍼즐우드,슈퍼에센셜 28입,기타,미분류
persona_7,1285,0.6476734280586243,퍼즐우드,메타그린 슬림업,기타,미분류
persona_7,1286,0.6336978673934937,퍼즐우드,메타그린 골드 플러스 패밀리기획,기타,미분류
persona_7,1287,0.640351414680481,퍼즐우드,메타그린 칼로리컷 젤리,기타,미분류
persona_7,1288,0.6371514201164246,퍼즐우드,녹차에서 온 유산균,기타,미분류
persona_7,1289,0.6428173184394836,퍼즐우드,메타그린 슬림업,기타,미분류
persona_7,1290,0.6434885263442993,퍼즐우드,프로바이오틱스 골드,기타,미분류
persona_7,1291,0.6333811283111572,퍼즐우드,프로바이오틱스&이뮨,기타,미분류
persona_7,1292,0.6078042984008789,마몽드,BEST 플로라 글로우 로즈 리퀴드 마스크 80ml,스킨케어,마스크팩
persona_7,1293,0.6214393377304077,마몽드,프로바이오틱스 세라마이드 앰플 마스크팩 23ml,스킨케어,마스크팩
persona_7,1294,0.6286348104476929,마몽드,BEST 어메이징 딥 민트 클렌징밤 90ml,스킨케어,크림
persona_7,1295,0.6522601246833801,마몽드,프로바이오틱스 세라마이드 2종 세트,기타,미분류
persona_7,1296,0.6214365363121033,마몽드,에이지 컨트롤 카멜리아 앰플 마스크팩 23ml,스킨케어,마스크팩
persona_7,1297,0.6320183873176575,마몽드,에이지 컨트롤 카멜리아 크림 50ml,스킨케어,크림
persona_7,1298,0.6478596925735474,마몽드,어메이징 딥 민트 클렌징 티슈 70매,기타,미분류
persona_7,1299,0.6218129396438599,마몽드,프로바이오틱스 세라마이드 에멀젼 150ml,기타,미분류
persona_7,1300,0.6245454549789429,마몽드,프로바이오틱스 세라마이드 인텐스 크림 60ml,스킨케어,크림
persona_7,1301,0.6171920895576477,마몽드,플로라 글로우 로즈 워터 토너 500ml 500ml,기타,미분류
persona_7,1302,0.6344813108444214,마몽드,BEST 카밍 샷 아줄렌 흔적 수분 앰플 50ml,스킨케어,앰플
persona_7,1303,0.6424943208694458,마몽드,4.8,기타,미분류
persona_7,1304,0.6124754548072815,마몽드,세라마이드 아미노 폼 120g,건기식,기능성식품
persona_7,1305,0.6297878623008728,마몽드,맨 리차징 로션 150ml,기타,미분류
persona_7,1306,0.6214365363121033,마몽드,카밍 샷 아줄렌 앰플 마스크팩 23ml,스킨케어,마스크팩
persona_7,1307,0.6157029867172241,마몽드,프로바이오틱스 세라마이드 스킨소프너 200ml,기타,미분류
persona_7,1308,0.6214365363121033,마몽드,플로라 글로우 로즈 앰플 마스크팩 23ml,스킨케어,마스크팩
persona_7,1309,0.6245707869529724,마몽드,맨 리차징 토너 180ml,기타,미분류
persona_7,1310,0.6190372109413147,마몽드,에이지 컨트롤 카멜리아 에멀젼 125ml,기타,미분류
persona_7,1311,0.631473183631897,마몽드,에이지 컨트롤 카멜리아 세럼 50ml,스킨케어,세럼
persona_7,1312,0.6187775135040283,마몽드,어메이징 딥 민트 클렌징밤 180ml,스킨케어,크림
persona_7,1313,0.6436517238616943,마몽드,맨 리차징 2종 세트,기타,미분류
persona_7,1314,0.6249406337738037,마몽드,카밍 샷 아줄렌 크림 60ml,스킨케어,크림
persona_7,1315,0.6177934408187866,마몽드,어메이징 딥 민트 클렌징폼 120ml,기타,미분류
persona_7,1316,0.6235767006874084,마몽드,에이지 컨트롤 카멜리아 에센스 워터 150ml,스킨케어,에센스
persona_7,1317,0.6216514706611633,마몽드,플로라 글로우 로즈 워터 토너 300ml,기타,미분류
persona_7,1318,0.6244861483573914,마몽드,카밍 샷 아줄렌 선크림 SPF50+PA++++ 35ml,선케어,선크림
persona_7,1319,0.6135644912719727,마몽드,포어 슈링커 바쿠치올 레티놀 토너 200ml,기타,미분류
persona_7,1320,0.6322172284126282,마몽드,플로라 글로우 로즈 스무딩 크림 50ml,스킨케어,크림
persona_7,1321,0.626219630241394,마몽드,포어 슈링커 바쿠치올 크림 60ml,스킨케어,크림
persona_7,1322,0.6304551959037781,마몽드,포어 슈링커 바쿠치올 세럼 50ml,스킨케어,세럼
persona_7,1323,0.6192684769630432,마몽드,어메이징 딥 민트차콜릿 클렌징밤 90ml,스킨케어,크림
persona_7,1324,0.6409282088279724,마몽드,에이지 컨트롤 카멜리아 2종 세트,기타,미분류
persona_7,1325,0.6151479482650757,마몽드,어메이징 딥 민트차콜릿 팩클렌저 135g,스킨케어,마스크팩
persona_7,1326,0.616930365562439,마몽드,플로라 글로우 로즈 틴티드 선세럼 35ml,스킨케어,세럼
persona_7,1327,0.6408994197845459,마몽드,좋아요,기타,미분류
persona_7,1328,0.64797443151474,마몽드,좋아요,기타,미분류
persona_7,1329,0.6305565237998962,마몽드,플로라글로우 로즈 볼마스크 3.5ml,스킨케어,마스크팩
persona_7,1330,0.6265819668769836,마몽드,에이지컨트롤 카멜리아 크림 50ml X2개,스킨케어,크림
persona_7,1331,0.6548498868942261,마몽드,사은품,기타,미분류
persona_7,1332,0.6309704184532166,마몽드,카밍 샷 아줄렌 흔적 수분 앰플 50ml X2개,스킨케어,앰플
persona_7,1333,0.6207003593444824,마몽드,어메이징 딥 민트 클렌징밤 90ml X2개,스킨케어,크림
persona_7,1334,0.6051366925239563,마몽드,플로라글로우 로즈 리퀴드 마스크 80ml X2개,스킨케어,마스크팩
persona_7,1335,0.6423178315162659,마몽드,플로라글로우 로즈 하이드로겔 마스크,스킨케어,마스크팩
persona_7,1336,0.6216574311256409,마몽드,플로라글로우 로즈 볼마스크 3.5ml,스킨케어,마스크팩
persona_7,1337,0.6070494651794434,마몽드,NEW 플로라글로우 로즈 슬리핑 마스크 80g,스킨케어,마스크팩
persona_7,1338,0.6472345590591431,마몽드,플로라글로우 로즈 하이드로겔 마스크,스킨케어,마스크팩
persona_7,1339,0.6272149682044983,마몽드,플로라 글로우 로즈 볼마스크 3.5ml,스킨케어,마스크팩
persona_7,1340,0.6177158951759338,마몽드,NEW 오리지널 레시피 허니 모델링팩  66g,스킨케어,마스크팩
persona_7,1341,0.6173343658447266,마몽드,NEW 카밍샷 아줄렌 모델링팩  66g,스킨케어,마스크팩
persona_7,1342,0.6435902118682861,마몽드,프로바이오틱스 세라마이드 앰플 마스크팩,스킨케어,마스크팩
persona_7,1343,0.6443684101104736,마몽드,카밍 샷 아줄렌 앰플 마스크팩,스킨케어,마스크팩
persona_7,1344,0.6443684101104736,마몽드,에이지 컨트롤 카멜리아 앰플 마스크팩,스킨케어,마스크팩
persona_7,1345,0.6435902118682861,마몽드,플로라글로우 로즈 앰플 마스크팩,스킨케어,마스크팩
persona_7,1346,0.6494966149330139,마몽드,프로바이오틱스 세라마이드 에멀젼,기타,미분류
persona_7,1347,0.6484978199005127,마몽드,프로바이오틱스 세라마이드 스킨소프너,기타,미분류
persona_7,1348,0.6412704586982727,마몽드,맨 리차징 토너,기타,미분류
persona_7,1349,0.6502771973609924,마몽드,에이지 컨트롤 카멜리아 크림,스킨케어,크림
persona_7,1350,0.6479609608650208,마몽드,에이지 컨트롤 카멜리아 세럼,스킨케어,세럼
persona_7,1351,0.6221974492073059,마몽드,카밍 샷 아줄렌 토너 300ml,기타,미분류
persona_7,1352,0.6409023404121399,마몽드,플로라글로우 로즈 앰플 마스크팩,스킨케어,마스크팩
persona_7,1353,0.6416015028953552,마몽드,에이지 컨트롤 카멜리아 앰플 마스크팩,스킨케어,마스크팩
persona_7,1354,0.6416015028953552,마몽드,카밍 샷 아줄렌 앰플 마스크팩,스킨케어,마스크팩
persona_7,1355,0.6409023404121399,마몽드,프로바이오틱스 세라마이드 앰플 마스크팩,스킨케어,마스크팩
persona_7,1356,0.6497958898544312,마몽드,어메이징 딥 민트 클렌징폼,기타,미분류
persona_7,1357,0.6304551959037781,마몽드,포어 슈링커 바쿠치올 세럼 50ml,스킨케어,세럼
persona_7,1358,0.6450560688972473,오설록,"22,400원",기타,미분류
persona_7,1359,0.6292147636413574,오설록,"11,700원",기타,미분류
persona_7,1360,0.6317638754844666,오설록,"13,300원",기타,미분류
persona_7,1361,0.6520347595214844,오설록,"5,400원",기타,미분류
persona_7,1362,0.6466177701950073,오설록,"22,500원",기타,미분류
persona_7,1363,0.6467841267585754,오설록,"21,850원",기타,미분류
persona_7,1364,0.6578090190887451,오설록,"5,700원",기타,미분류
persona_7,1365,0.6381396055221558,오설록,"12,600원",기타,미분류
persona_7,1366,0.6317638754844666,오설록,"13,300원",기타,미분류
persona_7,1367,0.6445287466049194,오설록,"9,900원",기타,미분류
persona_7,1368,0.6578090190887451,오설록,"5,700원",기타,미분류
persona_7,1369,0.6440178155899048,오설록,"10,450원",기타,미분류
persona_7,1370,0.6445287466049194,오설록,"9,900원",기타,미분류
persona_7,1371,0.6396051645278931,오설록,"21,600원",기타,미분류
persona_7,1372,0.6461322903633118,오설록,"26,250원",기타,미분류
persona_7,1373,0.6309976577758789,오설록,"11,000원",기타,미분류
persona_7,1374,0.6292147636413574,오설록,"11,700원",기타,미분류
persona_7,1375,0.6412222385406494,오설록,"27,000원",기타,미분류
persona_7,1376,0.6445287466049194,오설록,"9,900원",기타,미분류
persona_7,1377,0.6445287466049194,오설록,"9,900원",기타,미분류
persona_7,1378,0.6530256271362305,오설록,"9,500원",기타,미분류
persona_7,1379,0.6462810635566711,오설록,"23,750원",기타,미분류
persona_7,1380,0.6292147636413574,오설록,"11,700원",기타,미분류
persona_7,1381,0.6287304162979126,오설록,"15,300원",기타,미분류
persona_7,1382,0.6309976577758789,오설록,"11,000원",기타,미분류
persona_7,1383,0.6496073603630066,오설록,"24,000원",기타,미분류
persona_7,1384,0.6448960304260254,오설록,"24,300원",기타,미분류
persona_7,1385,0.6309976577758789,오설록,"11,000원",기타,미분류
persona_7,1386,0.6445287466049194,오설록,"9,900원",기타,미분류
persona_7,1387,0.6274345517158508,오설록,"8,550원",기타,미분류
persona_7,1388,0.6445287466049194,오설록,"9,900원",기타,미분류
persona_7,1389,0.6411945223808289,오설록,"45,900원",기타,미분류
persona_7,1390,0.6317638754844666,오설록,"13,300원",기타,미분류
persona_7,1391,0.6450785994529724,오설록,"9,900원",기타,미분류
persona_7,1392,0.6367214918136597,오설록,"27,000원",기타,미분류
persona_7,1393,0.6456652283668518,오설록,"12,350원",기타,미분류
persona_7,1394,0.6445287466049194,오설록,"9,900원",기타,미분류
persona_7,1395,0.6264224648475647,오설록,"14,850원",기타,미분류
persona_7,1396,0.6445287466049194,오설록,"9,900원",기타,미분류
persona_7,1397,0.6500278115272522,오설록,"17,550원",기타,미분류
persona_7,1398,0.6500278115272522,오설록,"17,550원",기타,미분류
persona_7,1399,0.6445287466049194,오설록,"9,900원",기타,미분류
persona_7,1400,0.6448960304260254,오설록,"24,300원",기타,미분류
persona_7,1401,0.6274345517158508,오설록,"8,550원",기타,미분류
persona_7,1402,0.6264224648475647,오설록,"14,850원",기타,미분류
persona_7,1403,0.6264224648475647,오설록,"14,850원",기타,미분류
persona_7,1404,0.6448960304260254,오설록,"24,300원",기타,미분류
persona_7,1405,0.6445287466049194,오설록,"9,900원",기타,미분류
persona_7,1406,0.6337409615516663,오설록,"66,300원",기타,미분류
persona_7,1407,0.6501433849334717,오설록,"54,400원",기타,미분류
persona_7,1408,0.6445287466049194,오설록,"9,900원",기타,미분류
persona_7,1409,0.6264224648475647,오설록,"14,850원",기타,미분류
persona_7,1410,0.6450785994529724,오설록,"9,000원",기타,미분류
persona_7,1411,0.6309976577758789,오설록,"11,000원",기타,미분류
persona_7,1412,0.6448960304260254,오설록,"24,300원",기타,미분류
persona_7,1413,0.6445287466049194,오설록,"9,900원",기타,미분류
persona_7,1414,0.6448960304260254,오설록,"24,300원",기타,미분류
persona_7,1415,0.6371312141418457,오설록,"38,000원",기타,미분류
persona_7,1416,0.630935788154602,오설록,"8,000원",기타,미분류
persona_7,1417,0.6500278115272522,오설록,"17,550원",기타,미분류
persona_7,1418,0.6448960304260254,오설록,"24,300원",기타,미분류
persona_7,1419,0.6440178155899048,오설록,"10,450원",기타,미분류
persona_7,1420,0.6438300013542175,오설록,"7,200원",기타,미분류
persona_7,1421,0.6438300013542175,오설록,"7,200원",기타,미분류
persona_7,1422,0.6445287466049194,오설록,"9,900원",기타,미분류
persona_7,1423,0.6445287466049194,오설록,"9,900원",기타,미분류
persona_7,1424,0.6359733939170837,오설록,"16,650원",기타,미분류
persona_7,1425,0.6317638754844666,오설록,"13,300원",기타,미분류
persona_7,1426,0.6327770352363586,오설록,"14,250원",기타,미분류
persona_7,1427,0.6455651521682739,오설록,"12,375원",기타,미분류
persona_7,1428,0.6452479958534241,오설록,"93,500원",기타,미분류
persona_7,1429,0.6332921981811523,오설록,"12,600원",기타,미분류
persona_7,1430,0.6264224648475647,오설록,"14,850원",기타,미분류
persona_7,1431,0.6264224648475647,오설록,"14,850원",기타,미분류
persona_7,1432,0.6438300013542175,오설록,"7,200원",기타,미분류
persona_7,1433,0.6264224648475647,오설록,"14,850원",기타,미분류
persona_7,1434,0.6455651521682739,오설록,"12,375원",기타,미분류
persona_7,1435,0.6455651521682739,오설록,"12,375원",기타,미분류
persona_7,1436,0.6264224648475647,오설록,"14,850원",기타,미분류
persona_7,1437,0.6264224648475647,오설록,"14,850원",기타,미분류
persona_7,1438,0.6450785994529724,오설록,"9,900원",기타,미분류
persona_7,1439,0.6448960304260254,오설록,"24,300원",기타,미분류
persona_7,1440,0.6295713782310486,오설록,"14,850원",기타,미분류
persona_7,1441,0.6381396055221558,오설록,"12,600원",기타,미분류
persona_7,1442,0.646975040435791,오설록,"24,300원",기타,미분류
persona_7,1443,0.6264224648475647,오설록,"14,850원",기타,미분류
persona_7,1444,0.6448960304260254,오설록,"24,300원",기타,미분류
persona_7,1445,0.6448960304260254,오설록,"24,300원",기타,미분류
persona_7,1446,0.6448960304260254,오설록,"24,300원",기타,미분류
persona_7,1447,0.6381396055221558,오설록,"12,600원",기타,미분류
persona_7,1448,0.6240038871765137,오설록,"127,500원",기타,미분류
persona_7,1449,0.6295713782310486,오설록,"14,850원",기타,미분류
persona_7,1450,0.6264224648475647,오설록,"14,850원",기타,미분류
persona_7,1451,0.6306396126747131,오설록,"11,700원",기타,미분류
persona_7,1452,0.6398202776908875,오설록,"37,800원",기타,미분류
persona_7,1453,0.6493784189224243,오설록,"39,000원",기타,미분류
persona_7,1454,0.6472226977348328,오설록,"30,000원",기타,미분류
persona_7,1455,0.6530256271362305,오설록,"9,500원",기타,미분류
persona_7,1456,0.6317638754844666,오설록,"13,300원",기타,미분류
persona_7,1457,0.6292147636413574,오설록,"11,700원",기타,미분류
persona_7,1458,0.6306396126747131,오설록,"11,700원",기타,미분류
persona_7,1459,0.6309976577758789,오설록,"11,000원",기타,미분류
persona_7,1460,0.6298112273216248,오설록,"15,200원",기타,미분류
persona_7,1461,0.6479435563087463,오설록,"19,800원",기타,미분류
persona_7,1462,0.6298112273216248,오설록,"15,200원",기타,미분류
persona_7,1463,0.6277499794960022,려,함빛/청아/흑운/민감 샴푸&컨디셔너 480ml,기타,미분류
persona_7,1464,0.6032644510269165,려,루트젠 탈모증상전문케어 두피 에센스 80ml,스킨케어,에센스
persona_7,1465,0.6161585450172424,려,두피 편한 검은콩 염색 120g,건기식,기능성식품
persona_7,1466,0.5934555530548096,려,자양윤모 9ex 탈모증상전문케어 샴푸 400ml,기타,미분류
persona_7,1467,0.6370077133178711,려,루트젠 여성 맞춤 탈모증상전문케어 샴푸 515ml,기타,미분류
persona_7,1468,0.6259678602218628,려,헤어쿠션  7g,건기식,기능성식품
persona_7,1469,0.6169580817222595,려,루트젠 여성 맞춤 탈모증상전문케어 샴푸 리필팩 400ml,스킨케어,마스크팩
persona_7,1470,0.6228901743888855,려,댄트롤 비듬샴푸 박하/멘톨/애플 820ml,기타,미분류
persona_7,1471,0.6370077133178711,려,루트젠 남성 맞춤 탈모증상전문케어 샴푸 515ml,기타,미분류
persona_7,1472,0.6168820261955261,려,진생보 두피모발영양 샴푸/컨디셔너 400ml,기타,미분류
persona_7,1473,0.6189364194869995,려,자양윤모 9이엑스 탈모증상전문케어 모근강화 트리트먼트 330ml,기타,미분류
persona_7,1474,0.6370077133178711,려,루트젠 여성 맞춤 탈모증상전문케어 트리트먼트 515ml,기타,미분류
persona_7,1475,0.6143051981925964,려,명품 에이치비엑스 탈모증상완화 앰플 샴푸 500ml,스킨케어,앰플
persona_7,1476,0.6409192085266113,려,루트젠 두피코어강화 아쿠아필 두피토닉 100ml,기타,미분류
persona_7,1477,0.6401981115341187,려,루트젠 두피코어강화 두피청정샴푸 515ml,기타,미분류
persona_7,1478,0.6208388805389404,려,함빛 극손상 앤 영양 트리트먼트 300ml,기타,미분류
persona_7,1479,0.6215198040008545,려,자양윤모 탈모전문케어 경주달밤/여수하늘 트리트먼트 200ml,기타,미분류
persona_7,1480,0.6306777000427246,려,루트젠 탈모증상전문케어 헤어볼륨필러 150ml,기타,미분류
persona_7,1481,0.6488921642303467,려,루트젠 두피코어강화 두피 청정샴푸,건기식,기능성식품
persona_7,1482,0.6495422720909119,려,자양윤모 9이엑스 탈모증상전문케어 모근강화 트리트먼트,기타,미분류
persona_7,1483,0.6493242979049683,려,자양윤모 탈모증상전문케어 샴푸 지성두피용,기타,미분류
persona_7,1484,0.6486742496490479,려,루트젠 남성 맞춤 탈모증상전문케어 샴푸,기타,미분류
persona_7,1485,0.6212143301963806,려,루트젠 탈모케어 트리플샷 두피리페어 세럼 60ml,스킨케어,세럼
persona_7,1486,0.6476563811302185,려,루트젠 두피코어강화 아쿠아필 두피토닉,기타,미분류
persona_7,1487,0.6469637155532837,려,루트젠 탈모증상전문케어 두피 에센스,스킨케어,에센스
persona_7,1488,0.6117929220199585,려,진생보 두피모발영양 샴푸 400ml,기타,미분류
persona_7,1489,0.649161159992218,려,루트젠 여성 맞춤 탈모증상전문케어 샴푸,기타,미분류
persona_7,1490,0.648127019405365,려,루트젠 여성 맞춤 탈모증상전문케어 샴푸,기타,미분류
persona_7,1491,0.6483091711997986,려,루트젠 여성 맞춤 탈모증상전문케어 샴푸+두피에센스,스킨케어,에센스
persona_7,1492,0.6474680304527283,려,루트젠 여성 맞춤 탈모증상전문케어 샴푸+리필,기타,미분류
persona_7,1493,0.6494774222373962,려,루트젠 탈모증상전문케어 여성 샴푸+남성 샴푸,기타,미분류
persona_7,1494,0.6494774222373962,려,루트젠 여성 맞춤 탈모증상전문케어 샴푸+트리트먼트,기타,미분류
persona_7,1495,0.6045441627502441,려,우아채 영양새치염색  120g,건기식,기능성식품
persona_7,1496,0.640447735786438,설화수,자음2종 세트,기타,미분류
persona_7,1497,0.6163015365600586,설화수,순행클렌징폼 200ml,기타,미분류
persona_7,1498,0.6411792039871216,설화수,탄력3종 세트,기타,미분류
persona_7,1499,0.6295751333236694,설화수,탄력크림 단품세트 75ml,스킨케어,크림
persona_7,1500,0.61939537525177,설화수,순행클렌징오일 200ml,기타,미분류
persona_7,1501,0.6403247117996216,설화수,본윤 데일리 루틴,기타,미분류
persona_7,1502,0.6295751333236694,설화수,탄력크림 단품세트 75ml,스킨케어,크림
persona_7,1503,0.6406712532043457,설화수,자음생2종 세트,기타,미분류
persona_7,1504,0.6148461103439331,설화수,윤조에센스 6세대 단품세트 90ml,스킨케어,에센스
persona_7,1505,0.6470233798027039,설화수,,기타,미분류
persona_7,1506,0.6132676601409912,설화수,자음유액 EX 125ml,기타,미분류
persona_7,1507,0.6414420008659363,설화수,윤조에센스 6세대,스킨케어,에센스
persona_7,1508,0.6260576248168945,설화수,자음수 EX 150ml,기타,미분류
persona_7,1509,0.6288439035415649,설화수,상백톤업선크림 SPF50+/PA++++ 50ml,선케어,선크림
persona_7,1510,0.6149744987487793,설화수,옥용팩 120ml,스킨케어,마스크팩
persona_7,1511,0.6006619930267334,설화수,자음생아이크림 15ml,스킨케어,크림
persona_7,1512,0.5967264175415039,설화수,퍼펙팅 쿠션 SPF50+/PA+++ 15g,선케어,선크림
persona_7,1513,0.6414070725440979,설화수,퍼펙팅 쿠션 에어리 SPF50+/PA+++,선케어,선크림
persona_7,1514,0.6065400242805481,설화수,여윤팩 120ml,스킨케어,마스크팩
persona_7,1515,0.596706211566925,설화수,퍼펙팅 쿠션 에어리 SPF50+/PA+++ 15g,선케어,선크림
persona_7,1516,0.6391588449478149,설화수,퍼펙팅 립컬러,기타,미분류
persona_7,1517,0.6295751333236694,설화수,탄력크림 EX 75ml,스킨케어,크림
persona_7,1518,0.6423004865646362,설화수,윤조마스크 5매,스킨케어,마스크팩
persona_7,1519,0.6160468459129333,설화수,윤조립밤 3g,스킨케어,크림
persona_7,1520,0.6288439035415649,설화수,상백선크림 SPF50+/PA++++ 50ml,선케어,선크림
persona_7,1521,0.640351414680481,설화수,퍼펙팅 트윈 케이크,기타,미분류
persona_7,1522,0.6388975977897644,설화수,진설수유액 2종 세트,기타,미분류
persona_7,1523,0.6333039402961731,설화수,본윤선크림 SPF50+/PA++++ 50ml,선케어,선크림
persona_7,1524,0.6416926383972168,설화수,퍼펙팅 쿠션 SPF50+/PA+++,선케어,선크림
persona_7,1525,0.6296619176864624,설화수,자음생크림 리치 단품세트 50ml,스킨케어,크림
persona_7,1526,0.6110000610351562,설화수,자음생유액 125ml,기타,미분류
persona_7,1527,0.6294794678688049,설화수,탄력크림 EX 50ml,스킨케어,크림
persona_7,1528,0.6234791874885559,설화수,NEW 자음생클렌징폼 150g,건기식,기능성식품
persona_7,1529,0.6119644641876221,설화수,자음생앰플 20g,스킨케어,앰플
persona_7,1530,0.6447745561599731,설화수,자음생캡슐세럼 단품세트,스킨케어,세럼
persona_7,1531,0.6296229958534241,설화수,자음생캡슐세럼 50ml,스킨케어,세럼
persona_7,1532,0.6158081889152527,설화수,백삼팩 120ml,스킨케어,마스크팩
persona_7,1533,0.6225795745849609,설화수,자음생수 150ml,기타,미분류
persona_7,1534,0.635886549949646,설화수,자음생마스크EX 5매,스킨케어,마스크팩
persona_7,1535,0.609893798828125,설화수,본윤에센스 140ml,스킨케어,에센스
persona_7,1536,0.6053236126899719,설화수,시그니처 진생 페이셜 솝 1입 120g,건기식,기능성식품
persona_7,1537,0.6330081820487976,설화수,상백선플루이드 SPF50+/PA+++ 50ml,선케어,선크림
persona_7,1538,0.6113508343696594,설화수,퍼펙팅 파우더 20g,건기식,기능성식품
persona_7,1539,0.6214709877967834,설화수,본윤유액 90ml,기타,미분류
persona_7,1540,0.6289430260658264,설화수,자음생크림 단품세트 50ml,스킨케어,크림
persona_7,1541,0.6417586207389832,설화수,퍼펙팅 쿠션 에어리 SPF50+/PA+++,선케어,선크림
persona_7,1542,0.5996918082237244,설화수,시그니처 진생 페이셜 솝 2입 120g*2,건기식,기능성식품
persona_7,1543,0.6186211109161377,설화수,진설유액 125ml,기타,미분류
persona_7,1544,0.6458687782287598,설화수,,스킨케어,크림
persona_7,1545,0.6262006163597107,설화수,자음생세럼 브라이트닝 50ml,스킨케어,세럼
persona_7,1546,0.6214373111724854,설화수,진설크림 60ml,스킨케어,크림
persona_7,1547,0.6184802055358887,설화수,진설클렌징폼 150g,건기식,기능성식품
persona_7,1548,0.641655445098877,설화수,퍼펙팅 스킨커버,기타,미분류
persona_7,1549,0.62447190284729,설화수,자음생캡슐세럼 30ml,스킨케어,세럼
persona_7,1550,0.6232590675354004,설화수,자음생크림 30ml,스킨케어,크림
persona_7,1551,0.6229317784309387,설화수,진설수 150ml,기타,미분류
persona_7,1552,0.6218476891517639,설화수,자음생크림 리치 30ml,스킨케어,크림
persona_7,1553,0.6275092959403992,설화수,진설세럼 50ml,스킨케어,세럼
persona_7,1554,0.6431313157081604,설화수,퍼펙팅 쿠션 에어리 트리플  SPF50+/PA+++,선케어,선크림
persona_7,1555,0.6431114077568054,설화수,퍼펙팅 쿠션 트리플  SPF50+/PA+++,선케어,선크림
persona_7,1556,0.6289430260658264,설화수,자음생크림 리치 50ml,스킨케어,크림
persona_7,1557,0.6300563812255859,설화수,자음생크림 50ml,스킨케어,크림
persona_7,1558,0.6416317224502563,설화수,퍼펙팅 쿠션 SPF50+/PA+++,선케어,선크림
persona_7,1559,0.6254536509513855,설화수,진설크림 60ml,스킨케어,크림
persona_7,1560,0.60438072681427,설화수,자음생앰플 브라이트닝 20g,스킨케어,앰플
persona_7,1561,0.619857132434845,설화수,진설크림 리치 60ml,스킨케어,크림
persona_7,1562,0.624552309513092,설화수,자음생세럼 브라이트닝 30ml,스킨케어,세럼
persona_7,1563,0.616960346698761,설화수,퍼펙팅 틴티드 크림 35ml,스킨케어,크림
persona_7,1564,0.6205785274505615,설화수,퍼펙팅 베일 프라이머 35ml,기타,미분류
persona_7,1565,0.6134077310562134,설화수,자음생크림 리치 30ml + 월리 우프 무드등,스킨케어,크림
persona_7,1566,0.6042149662971497,설화수,윤조에센스 90ml 세트 + 월리 우프 무드등,스킨케어,에센스
persona_7,1567,0.6250646114349365,설화수,자음생크림 리치 50ml 단품기획세트,스킨케어,크림
persona_7,1568,0.6095393300056458,설화수,윤조에센스 6세대 90ml 단품기획세트,스킨케어,에센스
persona_7,1569,0.5975958108901978,설화수,퍼펙팅 트윈 케이크 11g,건기식,기능성식품
persona_7,1570,0.6241167783737183,설화수,윤조에센스 6세대 기프트박스 30ml,스킨케어,에센스
persona_7,1571,0.6237019300460815,설화수,진설크림 리치 60ml,스킨케어,크림
persona_7,1572,0.6186984777450562,설화수,진설세럼 30ml,스킨케어,세럼
persona_7,1573,0.6186056137084961,설화수,진설크림 30ml,스킨케어,크림
persona_7,1574,0.6246037483215332,설화수,퍼펙팅 파운데이션 SPF17/PA+ 35ml,선케어,선크림
persona_8,0,0.6394906044006348,메이크온,메이크온 시너지 마스크,스킨케어,마스크팩
persona_8,1,0.6269057393074036,메이크온,가볍게 마시는 히알루론산,건기식,기능성식품
persona_8,2,0.6298483610153198,메이크온,스킨 라이트 테라피 III,디바이스,스킨기기
persona_8,3,0.6448371410369873,메이크온,스킨 라이트 테라피 3S,디바이스,스킨기기
persona_8,4,0.6365314722061157,메이크온,젬 소노 테라피 릴리프,디바이스,스킨기기
persona_8,5,0.626960813999176,메이크온,히알루로닉 스파 캡슐 24개입,건기식,기능성식품
persona_8,6,0.6294760704040527,메이크온,마그네타이트 바디롤러,바디,바디케어
persona_8,7,0.6488386392593384,메이크온,,기타,미분류
persona_8,8,0.6330971121788025,메이크온,페이셜 부스팅 스파,기타,미분류
persona_8,9,0.6289952397346497,에뛰드,수분가득 콜라겐 시트 마스크 25ml,스킨케어,마스크팩
persona_8,10,0.6316136717796326,에뛰드,드로잉 아이 브로우 0.25g,메이크업,아이브로우
persona_8,11,0.640557050704956,에뛰드,진저슈가 립케어 2종 기획세트,메이크업,립제품
persona_8,12,0.6411579847335815,에뛰드,왓츠 인 마이 아이즈,메이크업,아이섀도우
persona_8,13,0.6317545175552368,에뛰드,디어 달링 워터젤 틴트,메이크업,립틴트
persona_8,14,0.6326078176498413,에뛰드,왓츠 인 마이 아이즈 카페 더블,메이크업,아이섀도우
persona_8,15,0.610651969909668,에뛰드,수분가득 콜라겐 딥시트 마스크 37ml,스킨케어,마스크팩
persona_8,16,0.6357486844062805,에뛰드,순정 디렉터 수분 선크림 기획세트 SPF50+/PA++++,선케어,선크림
persona_8,17,0.6160262823104858,에뛰드,닥터 마스카라 픽서 포 래쉬  6g,메이크업,마스카라
persona_8,18,0.6120447516441345,에뛰드,프루프 10 젤 방수 펜슬 0.3 g,메이크업,아이라이너
persona_8,19,0.6343880295753479,에뛰드,순정 디렉터 선크림,선케어,선크림
persona_8,20,0.5974695086479187,에뛰드,뽀오얀 미소 발효 립&아이 리무버 250ml,클렌징,리무버
persona_8,21,0.6204543113708496,에뛰드,님프 광채볼류머 투명한 물광 24g,건기식,기능성식품
persona_8,22,0.6327971816062927,에뛰드,청순거짓 브라우카라 대용량 기획세트,기타,미분류
persona_8,23,0.6377881765365601,에뛰드,컬 픽스 마스카라,메이크업,마스카라
persona_8,24,0.6177882552146912,에뛰드,블링블링 아이스틱 1.4g,건기식,기능성식품
persona_8,25,0.6260227560997009,에뛰드,라인 픽스 브러쉬 라이너 0.5g,메이크업,아이라이너
persona_8,26,0.6197465062141418,에뛰드,팡팡 헤어 섀도우 3.5g,메이크업,아이섀도우
persona_8,27,0.609116792678833,에뛰드,픽싱틴트 4g,메이크업,립틴트
persona_8,28,0.6016536355018616,에뛰드,진저슈가 립밤스틱 3.7g,건기식,기능성식품
persona_8,29,0.6012279391288757,에뛰드,진저슈가 에센셜 립밤 15ml,스킨케어,크림
persona_8,30,0.6307355165481567,에뛰드,그림자쉐딩 재창조 & 재창조 쉐딩스틱 기획세트,기타,미분류
persona_8,31,0.6023455858230591,에뛰드,슈팅빔 하이라이터 3g,건기식,기능성식품
persona_8,32,0.6369652152061462,에뛰드,순정 디렉터 톤업 수정 선크림 기획 세트 SPF50+/PA++++,선케어,선크림
persona_8,33,0.626663088798523,에뛰드,베어 엣지 슬림 브로우 0.1g,메이크업,아이브로우
persona_8,34,0.6095610857009888,에뛰드,플레이 101 스틱 컨투어 듀오,기타,미분류
persona_8,35,0.6265955567359924,에뛰드,컬픽스 마스카라 올인원 3종 세트,메이크업,마스카라
persona_8,36,0.6300265192985535,에뛰드,"6,400원",기타,미분류
persona_8,37,0.5906944274902344,에뛰드,아이돌 리얼 래쉬 픽서 8ml,메이크업,마스카라
persona_8,38,0.6337727904319763,에뛰드,베이킹 파우더 모공 클렌징 폼 듀오세트,기타,미분류
persona_8,39,0.6102619767189026,에뛰드,포근 픽싱틴트 4g,메이크업,립틴트
persona_8,40,0.6104294657707214,에뛰드,순정 약산성 클렌징 밀크 200ml,기타,미분류
persona_8,41,0.630663275718689,에뛰드,리얼아트 클렌징 오일 모이스처 2종 세트,기타,미분류
persona_8,42,0.633306622505188,에뛰드,디어달링 마커틴트,메이크업,립틴트
persona_8,43,0.6217610239982605,에뛰드,님프 듀이 베이스프렙 30ml,기타,미분류
persona_8,44,0.6305176615715027,에뛰드,뽀용 아이 메이커,기타,미분류
persona_8,45,0.617318868637085,에뛰드,재창조 메이커 1g,건기식,기능성식품
persona_8,46,0.6147751212120056,에뛰드,오 마이 래쉬 쌩얼 카라 7ml,기타,미분류
persona_8,47,0.6119442582130432,에뛰드,파워 래쉬 속눈썹 영양제 6g,건기식,기능성식품
persona_8,48,0.6302359104156494,에뛰드,재창조 메이커 오버립,기타,미분류
persona_8,49,0.6160195469856262,에뛰드,순정 약산성 5.5 폼 클렌저 150ml,기타,미분류
persona_8,50,0.605009138584137,에뛰드,진저슈가 오버나이트 립마스크 23g,스킨케어,마스크팩
persona_8,51,0.6139333248138428,에뛰드,수분가득 콜라겐 아이크림 28ml,스킨케어,크림
persona_8,52,0.6152156591415405,에뛰드,컬러 래스팅 글로우 스틱 3.2g,건기식,기능성식품
persona_8,53,0.6044505834579468,에뛰드,빅 커버 스킨 핏 컨실러 7g,건기식,기능성식품
persona_8,54,0.615536093711853,에뛰드,닥터 마스카라 픽서 6g,메이크업,마스카라
persona_8,55,0.6215262413024902,에뛰드,뽀오얀 미소 발효 클렌징오일 150ml,기타,미분류
persona_8,56,0.6093676090240479,에뛰드,베이킹 파우더 B.B 딥 클렌징폼 160g,건기식,기능성식품
persona_8,57,0.6357486844062805,에뛰드,순정 디렉터 무기자차 선크림 기획세트 SPF50+/PA++++,선케어,선크림
persona_8,58,0.6209789514541626,에뛰드,피지쏙 파우더 5g,건기식,기능성식품
persona_8,59,0.6038572192192078,에뛰드,오마이래쉬 마스카라 1호 탑코트 12g,메이크업,마스카라
persona_8,60,0.6281224489212036,에뛰드,플레이 멀티 아이즈,메이크업,아이섀도우
persona_8,61,0.5878216624259949,에뛰드,피지쏙 젤리 파우더 8g,건기식,기능성식품
persona_8,62,0.633746325969696,에뛰드,원더포어 프레쉬너 2종 세트,기타,미분류
persona_8,63,0.6149322986602783,에뛰드,더블 래스팅 비건 커버 파운데이션 SPF32/PA++ 30 g,선케어,선크림
persona_8,64,0.6251406669616699,에뛰드,순정 판텐소사이드10 시카밤 50ml,스킨케어,크림
persona_8,65,0.5888217091560364,에뛰드,래쉬 업 콤브 마스카라 8g,메이크업,마스카라
persona_8,66,0.5962441563606262,에뛰드,글로우 픽싱 틴트 3.8g,메이크업,립틴트
persona_8,67,0.6337924599647522,에뛰드,러블리쿠키 블러셔,기타,미분류
persona_8,68,0.5998509526252747,에뛰드,마스카라 전용 리무버 80ml,메이크업,마스카라
persona_8,69,0.5975795984268188,에뛰드,립 앤 아이 리무버 250ml,클렌징,리무버
persona_8,70,0.6302359104156494,에뛰드,오버 글로이 틴트,메이크업,립틴트
persona_8,71,0.6161156296730042,에뛰드,뽀오얀 미소 발효 클렌징폼 150ml,기타,미분류
persona_8,72,0.6026216745376587,에뛰드,하트 팝 블러셔 4g,건기식,기능성식품
persona_8,73,0.5978406071662903,에뛰드,순정 2x 베리어 보습 크림 60ml,스킨케어,크림
persona_8,74,0.6164438724517822,에뛰드,순정 약산성 6.5 휩 클렌저 150ml,기타,미분류
persona_8,75,0.5989740490913391,에뛰드,순정 약산성 5.5 진정 토너 350ml,기타,미분류
persona_8,76,0.6333072185516357,에뛰드,애교살 메이커,기타,미분류
persona_8,77,0.6349608302116394,에뛰드,페이스 브라이트너,기타,미분류
persona_8,78,0.6136859059333801,에뛰드,디어달링 오일틴트 4.2g,메이크업,립틴트
persona_8,79,0.642338752746582,에뛰드,그림자 쉐딩 브러쉬,기타,미분류
persona_8,80,0.6071157455444336,에뛰드,진저슈가 멜팅 밤 2.3g,스킨케어,크림
persona_8,81,0.6208916306495667,에뛰드,럭키 립햄치크 1.5g,건기식,기능성식품
persona_8,82,0.6333072185516357,에뛰드,홀리데이 에디션,기타,미분류
persona_8,83,0.6071779727935791,에뛰드,순정 10무 수분 에멀전 130ml,기타,미분류
persona_8,84,0.6204354166984558,에뛰드,순정 수분 베리어 크림 75ml,스킨케어,크림
persona_8,85,0.6326225399971008,에뛰드,그림자 쉐딩 브러쉬 1개입,기타,미분류
persona_8,86,0.6259527802467346,에뛰드,2X 쌩얼 라이너 0.5g,메이크업,아이라이너
persona_8,87,0.5954281091690063,에뛰드,AC 클린업 핑크스팟 15ml,기타,미분류
persona_8,88,0.6032012701034546,에뛰드,마이 래쉬 세럼 18g,스킨케어,세럼
persona_8,89,0.6245179772377014,에뛰드,소프트 픽스 메이크업 픽서 50ml,메이크업,마스카라
persona_8,90,0.6373332142829895,에뛰드,그림자 쉐딩 브러쉬,기타,미분류
persona_8,91,0.6146738529205322,에뛰드,피지쏙 팩트 9.5g,스킨케어,마스크팩
persona_8,92,0.5884565114974976,에뛰드,시크릿 빔 파우더 팩트 15g,스킨케어,마스크팩
persona_8,93,0.6322677731513977,에뛰드,립 앤 아이 리무버 100ml,클렌징,리무버
persona_8,94,0.6087163686752319,에뛰드,리얼아트 클렌징 오일 모이스처 185ml,기타,미분류
persona_8,95,0.6272213459014893,에뛰드,클라우드 필터 쿠션 기획세트 SPF42/PA+++,선케어,선크림
persona_8,96,0.6197213530540466,에뛰드,님프 광채 볼류머 + 컨실러 2종 기획세트,기타,미분류
persona_8,97,0.6378879547119141,에뛰드,재창조 메이커 애교살 라이너,메이크업,아이라이너
persona_8,98,0.6034696698188782,에뛰드,베이킹 파우더 사각사각 모공 스크럽 200g,건기식,기능성식품
persona_8,99,0.6350632309913635,에뛰드,반짝눈물 라이너,메이크업,아이라이너
persona_8,100,0.6279670000076294,에뛰드,수분가득 콜라겐 크림 75ml,스킨케어,크림
persona_8,101,0.6113561987876892,에뛰드,수분가득 콜라겐 에멀전 180ml,기타,미분류
persona_8,102,0.6317876577377319,에뛰드,수분가득 콜라겐 2종 세트,기타,미분류
persona_8,103,0.6272213459014893,에뛰드,클라우드 필터 쿠션 기획세트 SPF42/PA+++,선케어,선크림
persona_8,104,0.5925575494766235,에뛰드,클라우드 필터 쿠션 SPF42/PA+++ 15g,선케어,선크림
persona_8,105,0.6442334055900574,에뛰드,그림자 쉐딩,기타,미분류
persona_8,106,0.6303959488868713,에뛰드,오버 글로이 틴트 기획세트,메이크업,립틴트
persona_8,107,0.6036895513534546,에뛰드,슈가컬러링 젤리밤 9g,스킨케어,크림
persona_8,108,0.5965536236763,에뛰드,오버 글로이 글로스 2.8g,건기식,기능성식품
persona_8,109,0.610693633556366,에뛰드,프루티 립앤치크 블러밤 2.3g,스킨케어,크림
persona_8,110,0.632416307926178,에뛰드,마이 베스트 톤 아이즈 2구,메이크업,아이섀도우
persona_8,111,0.6190505623817444,에뛰드,수분가득 콜라겐 클렌징 폼 150g,건기식,기능성식품
persona_8,112,0.6334624290466309,에뛰드,룩 앳 마이 아이즈,메이크업,아이섀도우
persona_8,113,0.6346411108970642,에뛰드,뉴이어 컬렉션,기타,미분류
persona_8,114,0.6377881765365601,에뛰드,컬러래스팅 글로우 스틱,기타,미분류
persona_8,115,0.6281560063362122,에뛰드,더블래스팅 커버 컨실러 팔레트,기타,미분류
persona_8,116,0.6323517560958862,에뛰드,디어달링 필오프 립스테인,기타,미분류
persona_8,117,0.6308358311653137,에뛰드,컬픽스 스키니 마스카라 1+1 기획세트,메이크업,마스카라
persona_8,118,0.6143491268157959,에뛰드,팡팡 헤어카라 픽서 10ml,메이크업,마스카라
persona_8,119,0.5798669457435608,에뛰드,진저슈가 립세럼 13g,스킨케어,세럼
persona_8,120,0.6272110939025879,에뛰드,님프 광채 볼류머 듀오 기획세트,기타,미분류
persona_8,121,0.6161156296730042,에뛰드,AC 클린업 클렌징 폼 150ml,기타,미분류
persona_8,122,0.6393810510635376,에뛰드,피지쏙 젤리 파우더 퍼프 2P,기타,미분류
persona_8,123,0.631476104259491,에뛰드,카페인더 딥 에디션,기타,미분류
persona_8,124,0.6099727749824524,에뛰드,올데이 맑은 BB 크림 SPF36/PA+++ 35ml,선케어,선크림
persona_8,125,0.6046034097671509,에뛰드,순정 약산성 클렌징 밀크 200ml,기타,미분류
persona_8,126,0.6289665699005127,에뛰드,플레이 멀티 아이즈 마루 너만을 오로지 사랑해,메이크업,아이섀도우
persona_8,127,0.6121166944503784,에뛰드,벌룬 인 치크 6g,건기식,기능성식품
persona_8,128,0.6205559372901917,에뛰드,컬픽스 마스카라 1호 블랙  & 마스카라 픽서 퍼펙트래쉬,메이크업,마스카라
persona_8,129,0.6302359104156494,에뛰드,사르르 당충전 컬렉션,기타,미분류
persona_8,130,0.5917811393737793,에뛰드,클라우드 필터 쿠션 SPF42/PA+++ 15g,선케어,선크림
persona_8,131,0.633306622505188,에뛰드,밀키베리 에디션,기타,미분류
persona_8,132,0.6302359104156494,에뛰드,오버 글로이 틴트,메이크업,립틴트
persona_8,133,0.6312450170516968,에뛰드,오버글로이 틴트,메이크업,립틴트
persona_8,134,0.6255198121070862,에뛰드,하트팝 블러셔,기타,미분류
persona_8,135,0.6255198121070862,에뛰드,낫배드 컬렉션,기타,미분류
persona_8,136,0.6405503749847412,에뛰드,하트팝 듀오 블러셔,기타,미분류
persona_8,137,0.6350358128547668,에뛰드,님프 광채 볼류머 투명한 물광,기타,미분류
persona_8,138,0.6317545175552368,에뛰드,마이 베스트 톤 아이즈,메이크업,아이섀도우
persona_8,139,0.6255198121070862,에뛰드,하트팝 블러셔,기타,미분류
persona_8,140,0.6182032227516174,에뛰드,순정판텐소사이드10시카밤 50ml *2,스킨케어,크림
persona_8,141,0.633349597454071,에뛰드,순정 판텐소사이드 마스크 25ml,스킨케어,마스크팩
persona_8,142,0.6112197041511536,에뛰드,0.2 테라피 에어 마스크 20ml,스킨케어,마스크팩
persona_8,143,0.5946521162986755,에뛰드,뽀오얀 미소 발효 립&아이 리무버 250ml,클렌징,리무버
persona_8,144,0.619533360004425,에뛰드,뽀오얀 클렌징 오일 + 뽀오얀 클렌징 폼,기타,미분류
persona_8,145,0.5820025205612183,에뛰드,오마이래쉬 마스카라 1호 탑코트 12g *2,메이크업,마스카라
persona_8,146,0.5935970544815063,에뛰드,마스카라 전용 리무버 80ml *2,메이크업,마스카라
persona_8,147,0.6015441417694092,에뛰드,파워 래쉬 속눈썹 영양제 6g*2,건기식,기능성식품
persona_8,148,0.6163358688354492,에뛰드,제로피지 드라잉 파우더 4g,건기식,기능성식품
persona_8,149,0.6026893854141235,에뛰드,수분가득 콜라겐 토너 200ml,기타,미분류
persona_8,150,0.5987468361854553,에스트라,아토베리어365 크림 80ml,스킨케어,크림
persona_8,151,0.6060850024223328,에스트라,아토베리어365 크림 80ml or 로션150ml,스킨케어,크림
persona_8,152,0.6049708127975464,에스트라,아토베리어365크림미스트 120ml,스킨케어,크림
persona_8,153,0.6131430864334106,에스트라,아토베리어365 세라-히알 속수분 앰플 30ml,스킨케어,앰플
persona_8,154,0.5940017104148865,에스트라,아토베리어365 바디로션 400ml,바디,바디케어
persona_8,155,0.6099737286567688,에스트라,아토베리어365 하이드로 에센스 200ml,스킨케어,에센스
persona_8,156,0.6245903372764587,에스트라,아토베리어365 버블클렌저 150ml,기타,미분류
persona_8,157,0.6173374652862549,에스트라,아토베리어365 로션 150ml,기타,미분류
persona_8,158,0.6251673698425293,에스트라,더마UV365 무기자차 선크림 or 톤업 선크림 or 비타C광채 수분 선크림 SPF 50+/ PA++++ 40ml,선케어,선크림
persona_8,159,0.617155134677887,에스트라,리제덤365 모공탄력 캡슐세럼 30ml,스킨케어,세럼
persona_8,160,0.5986844897270203,에스트라,테라크네365 클리어 딥 클렌징 폼 200g,건기식,기능성식품
persona_8,161,0.6008681058883667,에스트라,아토베리어365 바디크림 250ml,스킨케어,크림
persona_8,162,0.6116318106651306,에스트라,아토베리어 365 하이드로 수딩크림 60ml,스킨케어,크림
persona_8,163,0.6055864691734314,에스트라,에이시카365 흔적진정세럼pH4.5 40ml,스킨케어,세럼
persona_8,164,0.6076212525367737,에스트라,에이시카 365 수분토너pH4.5 200ml,기타,미분류
persona_8,165,0.6071527004241943,에스트라,NEW 테라크네365 나이아신아마이드5% 흔적 바디 미스트 200ml,바디,바디케어
persona_8,166,0.6141652464866638,에스트라,테라크네365 수딩 액티브 모이스처라이저 60ml,기타,미분류
persona_8,167,0.6204772591590881,에스트라,에이시카365 리페어 크림pH4.5 60ml,스킨케어,크림
persona_8,168,0.6140335202217102,에스트라,테라크네365 액티브 세럼 30ml,스킨케어,세럼
persona_8,169,0.6072430610656738,에스트라,에이시카365 쿨링팩패드pH4.5 110ml,스킨케어,마스크팩
persona_8,170,0.6084494590759277,에스트라,테라크네365 하이드로 액티브 토너 200ml,기타,미분류
persona_8,171,0.5970796346664429,에스트라,NEW 리제덤365 레티노이드 아이세럼 15ml,스킨케어,세럼
persona_8,172,0.6206064820289612,에스트라,리제덤365 밀도탄력 캡슐크림 50ml,스킨케어,크림
persona_8,173,0.5981305241584778,에스트라,NEW 더마UV365 비타C 광채수분 선크림 SPF50+ PA++++ 40ml,선케어,선크림
persona_8,174,0.6209380030632019,에스트라,더마UV365 레드진정 톤업 선크림 SPF 50+/ PA++++ 40ML,선케어,선크림
persona_8,175,0.6056555509567261,에스트라,아토베리어365 크림 150ml*2개 대용량 홀리데이 에디션,스킨케어,크림
persona_8,176,0.6076900362968445,에스트라,아토베리어365 크림 150ml 홀리데이 에디션,스킨케어,크림
persona_8,177,0.6073303818702698,에스트라,리제덤365 모공탄력 캡슐세럼 30ml*2개 + 월리 우프 무드등,스킨케어,세럼
persona_8,178,0.5860576629638672,에스트라,아토베리어365 크림 80ml*3개 + 월리 우프 무드등,스킨케어,크림
persona_8,179,0.6012941002845764,에스트라,에이시카365 흔적진정세럼pH4.5 40ml 더블 세트,스킨케어,세럼
persona_8,180,0.6083868145942688,에스트라,아토베리어365 로션 150ml 더블 세트,기타,미분류
persona_8,181,0.6129793524742126,에스트라,아토베리어365 크림 80ml+세라-히알 속수분 앰플 30ml 더블 세트,스킨케어,앰플
persona_8,182,0.5906726717948914,에스트라,아토베리어365 크림 80ml 더블 세트,스킨케어,크림
persona_8,183,0.6066679954528809,에스트라,테라크네365 액티브 세럼 30ml*2,스킨케어,세럼
persona_8,184,0.6072094440460205,에스트라,테라크네 365 바디미스트 200ml,바디,바디케어
persona_8,185,0.610469400882721,에스트라,에이시카365 쿨링팩 패드pH4.5 110ml,스킨케어,마스크팩
persona_8,186,0.6290245652198792,에스트라,NEW 더마UV365 비타C 광채수분 선크림 40mlX2개 SPF50+ PA++++,선케어,선크림
persona_8,187,0.6069298982620239,에스트라,에이시카365 수분토너pH4.5 200ml*2,기타,미분류
persona_8,188,0.6147287487983704,에스트라,에이시카365 리페어 크림pH4.5 60ml*2,스킨케어,크림
persona_8,189,0.6298660635948181,에스트라,에이시카 365 수분토너pH4.5+에이시카 365 흔적진정세럼pH4.5,스킨케어,세럼
persona_8,190,0.6163812279701233,에스트라,리제덤365 밀도탄력 캡슐크림 50ml*2개,스킨케어,크림
persona_8,191,0.5944917798042297,에스트라,리제덤365 레티노이드 아이세럼 15ml*2개,스킨케어,세럼
persona_8,192,0.6117563843727112,에스트라,아토베리어365 세라-히알 속수분 앰플 30ml*2개,스킨케어,앰플
persona_8,193,0.6153888702392578,에스트라,아토베리어365 크림 80ml+리제덤365 모공탄력 캡슐세럼 30ml,스킨케어,세럼
persona_8,194,0.6355054378509521,에스트라,아토베리어365 바디크림 250mlX2개,스킨케어,크림
persona_8,195,0.6163788437843323,에스트라,리제덤365 모공탄력 캡슐세럼 30ml + 캡슐크림 50ml,스킨케어,세럼
persona_8,196,0.6330394744873047,에스트라,아토베리어365 크림미스트 120mlX2개,스킨케어,크림
persona_8,197,0.628273069858551,에스트라,더마UV365 장벽수분 무기자차 선크림 40mlX2개 SPF50+ PA++++,선케어,선크림
persona_8,198,0.6341910362243652,에스트라,테라크네365 클리어 딥 클렌징 폼 200gX2개,건기식,기능성식품
persona_8,199,0.6093124747276306,에스트라,아토베리어365 하이드로 에센스 200ml,스킨케어,에센스
persona_8,200,0.628273069858551,에스트라,더마UV365 레드진정 톤업 선크림 40mlX2개 SPF50+ PA++++,선케어,선크림
persona_8,201,0.6345019936561584,에스트라,아토베리어365 버블클렌저 150mlX2개,기타,미분류
persona_8,202,0.632611095905304,에스트라,아토베리어365바디로션 400mlX2개,바디,바디케어
persona_8,203,0.6310478448867798,에스트라,아토베리어365 하이드로 수딩크림 60mlX2개,스킨케어,크림
persona_8,204,0.5882200598716736,,수면양말 1EA,기타,미분류
persona_8,205,0.5676817893981934,,인형 파우치,기타,미분류
persona_8,206,0.5845547914505005,,APBADAs스티커 1EA,기타,미분류
persona_8,207,0.5798403024673462,,APBADAs X KBP 스트링 파우치,기타,미분류
persona_8,208,0.594524085521698,,APBADAs 아모레까뮈 지비츠,기타,미분류
persona_8,209,0.5763012766838074,,APBADAs 돌풍이 마우스패드 1EA,기타,미분류
persona_8,210,0.5710968375205994,,APBADAs 아모레까뮈 인형파우치 1EA,기타,미분류
persona_8,211,0.5765045881271362,,APBADAs 돌풍이 캐릭터인형 L,기타,미분류
persona_8,212,0.5789677500724792,,앞바다즈 인형키링 8종,기타,미분류
persona_8,213,0.5718700885772705,,돌풍이/돌풍E 캐릭터 인형,기타,미분류
persona_8,214,0.5761039853096008,,무릎담요,기타,미분류
persona_8,215,0.581719160079956,,APBADAs X KBP 랩탑 파우치 1EA,기타,미분류
persona_8,216,0.5660843849182129,,무릎담요,기타,미분류
persona_8,217,0.5765045881271362,,APBADAs 돌풍E 캐릭터인형 L,기타,미분류
persona_8,218,0.5845049619674683,,APBADAs 인형 키링 아모레까뮈 1EA,기타,미분류
persona_8,219,0.5688566565513611,,APBADAs 아모레까뮈 캐릭터인형 1EA,기타,미분류
persona_8,220,0.5779256820678711,,캐릭터 지비츠,기타,미분류
persona_8,221,0.5860365629196167,,스노우 메이커,기타,미분류
persona_8,222,0.5682733058929443,,APBADAs 인형 6종,기타,미분류
persona_8,223,0.5682436227798462,,APBADAs캐릭터실리콘참 8EA,기타,미분류
persona_8,224,0.5569220185279846,,APBADAs스마트톡 1EA,기타,미분류
persona_8,225,0.6126676201820374,라보에이치,모발강화클리닉 샴푸 430ml,기타,미분류
persona_8,226,0.6111494898796082,라보에이치,모발강화클리닉 트리트먼트 200ml,기타,미분류
persona_8,227,0.5959843993186951,라보에이치,두피강화 클리닉 샴푸 탈모증상완화 400ml,기타,미분류
persona_8,228,0.6308724880218506,라보에이치,모발강화클리닉 에센스 75ml,스킨케어,에센스
persona_8,229,0.5959843993186951,라보에이치,두피강화클리닉 샴푸 탈모증상완화 리필팩 400ml,스킨케어,마스크팩
persona_8,230,0.6028417348861694,라보에이치,두피강화 클리닉 캡슐 트리트먼트 탈모증상완화 220ml,기타,미분류
persona_8,231,0.6391354203224182,라보에이치,프리미엄 샴푸 브러쉬 1입,기타,미분류
persona_8,232,0.624567985534668,라보에이치,두피강화 클리닉 앰플 토닉 탈모증상완화 100ml,스킨케어,앰플
persona_8,233,0.5990745425224304,라보에이치,두피강화 클리닉 헤어라인 앰플 탈모증상완화 15ml,스킨케어,앰플
persona_8,234,0.5979664921760559,라보에이치,탈모증상완화 샴푸 두피강화 블랑쉬앤우디/페어앤프리지아 400ml,기타,미분류
persona_8,235,0.5963780283927917,라보에이치,댄드러프클리닉 샴푸 탈모증상완화 400ml,기타,미분류
persona_8,236,0.5909490585327148,라보에이치,두피강화클리닉 쿨링&노세범 샴푸 400ml,기타,미분류
persona_8,237,0.5907251238822937,라보에이치,두피강화클리닉 쿨링&노세범 샴푸 리필팩 400ml,스킨케어,마스크팩
persona_8,238,0.5964860320091248,라보에이치,탈모증상완화 샴푸 민감더마 400ml,기타,미분류
persona_8,239,0.5987193584442139,라보에이치,댄드러프클리닉 워터스케일러 탈모증상완화 250ml,기타,미분류
persona_8,240,0.5959843993186951,라보에이치,두피강화클리닉 샴푸 탈모증상완화 종이리필 400ml,기타,미분류
persona_8,241,0.6086798310279846,라보에이치,댄드러프클리닉 샴푸 탈모증상완화 리필팩 400ml,스킨케어,마스크팩
persona_8,242,0.5855254530906677,라보에이치,두피강화클리닉 스케일러 탈모증상완화 208g,건기식,기능성식품
persona_8,243,0.643961489200592,라보에이치,두피강화클리닉 샴푸 탈모증상완화 리필팩,스킨케어,마스크팩
persona_8,244,0.6440876722335815,라보에이치,두피강화 클리닉 샴푸 탈모증상완화,기타,미분류
persona_8,245,0.6387689709663391,라보에이치,댄드러프클리닉 샴푸 탈모증상완화,기타,미분류
persona_8,246,0.6322838664054871,라보에이치,두피강화클리닉 쿨링&노세범 샴푸,기타,미분류
persona_8,247,0.6447315216064453,라보에이치,탈모증상완화 샴푸 두피강화 블랑쉬앤우디,기타,미분류
persona_8,248,0.6443438529968262,라보에이치,두피강화 클리닉 앰플 토닉 탈모증상완화,스킨케어,앰플
persona_8,249,0.6443570256233215,라보에이치,두피강화 클리닉 헤어라인 앰플 탈모증상완화,스킨케어,앰플
persona_8,250,0.6428961753845215,라보에이치,두피강화 클리닉 캡슐 탈모증상완화 트리트먼트,건기식,기능성식품
persona_8,251,0.6447315216064453,라보에이치,탈모증상완화 샴푸 두피강화 페어앤프리지아,기타,미분류
persona_8,252,0.643326997756958,라보에이치,두피강화 클리닉 샴푸 탈모증상완화,기타,미분류
persona_8,253,0.6342011094093323,롱테이크,솔리드 퍼퓸 디스커버리 3종 키트,기타,미분류
persona_8,254,0.6051936745643616,롱테이크,NEW 헤어 오일  40ml,기타,미분류
persona_8,255,0.6185781955718994,롱테이크,샴푸  300ml,기타,미분류
persona_8,256,0.6428911685943604,롱테이크,샌달우드 인텐시브 3종 트라이얼 키트,기타,미분류
persona_8,257,0.6290270090103149,롱테이크,핸드크림  50ml,스킨케어,크림
persona_8,258,0.6144972443580627,롱테이크,바디로션  200ml,바디,바디케어
persona_8,259,0.6185781955718994,롱테이크,바디워시  300ml,바디,바디케어
persona_8,260,0.6173508763313293,롱테이크,NEW 솔리드 퍼퓸  30ml,기타,미분류
persona_8,261,0.6122992038726807,롱테이크,NEW 트리트먼트  200ml,기타,미분류
persona_8,262,0.6035711169242859,롱테이크,코어본딩 헤어마스크  200ml,스킨케어,마스크팩
persona_8,263,0.6427048444747925,롱테이크,샌달우드 오드퍼퓸 SET,기타,미분류
persona_8,264,0.6285319924354553,롱테이크,샌달우드 샴푸&헤어오일 SET,기타,미분류
persona_8,265,0.6430984139442444,롱테이크,블랙티앤피그 소프트닝 헤어 오일,기타,미분류
persona_8,266,0.6430984139442444,롱테이크,샌달우드 인텐시브 헤어 오일,기타,미분류
persona_8,267,0.6448397636413574,롱테이크,블랙티앤피그 소프트닝 바디워시+바디로션,바디,바디케어
persona_8,268,0.6448397636413574,롱테이크,샌달우드 인텐시브 바디워시+바디로션,바디,바디케어
persona_8,269,0.6448397636413574,롱테이크,블랙티앤피그 소프트닝 샴푸+트리트먼트,기타,미분류
persona_8,270,0.6448397636413574,롱테이크,샌달우드 인텐시브 샴푸+트리트먼트,기타,미분류
persona_8,271,0.6124848127365112,롱테이크,오드 퍼퓸  20ml,기타,미분류
persona_8,272,0.6360346674919128,에스쁘아,비벨벳 커버쿠션 기획세트 SPF42/PA++,선케어,선크림
persona_8,273,0.5994842052459717,에스쁘아,노웨어 립스틱 바밍글로우 3g,메이크업,립스틱
persona_8,274,0.6352159380912781,에스쁘아,더 브로우 밸런스 펜슬 0.1g,메이크업,아이브로우
persona_8,275,0.6068953275680542,에스쁘아,꾸뛰르 립 틴트 글레이즈 4g,메이크업,립틴트
persona_8,276,0.6545363068580627,에스쁘아,비글로우 볼륨쿠션 에어 퍼프 1ea,기타,미분류
persona_8,277,0.6347821950912476,에스쁘아,리얼 아이 애교살 스틱,기타,미분류
persona_8,278,0.613139808177948,에스쁘아,비글로우 파운데이션 SPF27/PA++ 30g,선케어,선크림
persona_8,279,0.6266589164733887,에스쁘아,아이 오프닝 펜슬 0.3g,메이크업,아이라이너
persona_8,280,0.5824958682060242,에스쁘아,스트로빙 하이라이터 8g,건기식,기능성식품
persona_8,281,0.6065840125083923,에스쁘아,꾸뛰르 립 틴트 피팅 블러 4g,메이크업,립틴트
persona_8,282,0.6304144263267517,에스쁘아,노웨어 립스틱 볼륨 매트,메이크업,립스틱
persona_8,283,0.6360346674919128,에스쁘아,프로테일러 비내추럴 쿠션 SPF50+/PA++++,선케어,선크림
persona_8,284,0.6116538047790527,에스쁘아,더브로우 컬러 픽싱 카라 3g,메이크업,아이브로우
persona_8,285,0.629551887512207,에스쁘아,워터 스플래쉬 선크림 세라마이드 기획세트 SPF50+/PA++++,선케어,선크림
persona_8,286,0.6360346674919128,에스쁘아,비글로우 볼륨 쿠션 SPF42/PA+++,선케어,선크림
persona_8,287,0.5994842052459717,에스쁘아,베어 글로우 립밤 3g,스킨케어,크림
persona_8,288,0.6337589025497437,에스쁘아,스키니 픽스 블렌더,기타,미분류
persona_8,289,0.6304144263267517,에스쁘아,노웨어 립스틱 바밍 글로우,메이크업,립스틱
persona_8,290,0.6296029090881348,에스쁘아,블러리 치크,기타,미분류
persona_8,291,0.6337653398513794,에스쁘아,비벨벳 파운데이션 SPF22/PA++,선케어,선크림
persona_8,292,0.6337416768074036,에스쁘아,더브로우 이지쉐이핑 펜슬,메이크업,아이브로우
persona_8,293,0.6429793238639832,에스쁘아,플럼피즈 오버립 펜슬,메이크업,아이라이너
persona_8,294,0.6360346674919128,에스쁘아,비벨벳 커버 쿠션 SPF42/PA++,선케어,선크림
persona_8,295,0.5890793204307556,에스쁘아,비글로우 스틱 파운데이션 SPF50+/PA++++ 11g,선케어,선크림
persona_8,296,0.60756516456604,에스쁘아,노머징 마스카라 워터프루프 XP 9g,메이크업,마스카라
persona_8,297,0.6316770315170288,에스쁘아,갤럭시 에디션,기타,미분류
persona_8,298,0.6291979551315308,에스쁘아,워터스플래쉬 선크림  SPF50+/PA++++,선케어,선크림
persona_8,299,0.6306294202804565,에스쁘아,비글로우 볼륨 쿠션 글리밍 캘리 3종 기획세트 SPF42/PA+++,선케어,선크림
persona_8,300,0.623661458492279,에스쁘아,노머징 브러쉬 라이너 1g,메이크업,아이라이너
persona_8,301,0.6296029090881348,에스쁘아,디즈니 에디션,기타,미분류
persona_8,302,0.629551887512207,에스쁘아,워터 스플래쉬 프레쉬 시카 선크림 SPF50+/PA++++,선케어,선크림
persona_8,303,0.6392354965209961,에스쁘아,트루 글로우 파운데이션 브러쉬 1ea,기타,미분류
persona_8,304,0.6064713597297668,에스쁘아,비글로우 스틱 쉐딩 9g,건기식,기능성식품
persona_8,305,0.5937964916229248,에스쁘아,비글로우 볼륨 쿠션 SPF42/PA+++ 13g,선케어,선크림
persona_8,306,0.6296029090881348,에스쁘아,플럼피즈 립글로스,기타,미분류
persona_8,307,0.6406808495521545,에스쁘아,파워컬링레드뷰러,기타,미분류
persona_8,308,0.6343880295753479,에스쁘아,톤페어링 컨투어 팔레트,기타,미분류
persona_8,309,0.6229568123817444,에스쁘아,워터 스플래쉬 선크림 톤업 래스팅 SPF50+/PA++++ 50ml,선케어,선크림
persona_8,310,0.5918378829956055,에스쁘아,톤페어링 리퀴드 치크 8ml,기타,미분류
persona_8,311,0.5927397608757019,에스쁘아,비벨벳 커버 쿠션 13g,건기식,기능성식품
persona_8,312,0.6020156741142273,에스쁘아,이지 블렌딩 컨실러 10g,건기식,기능성식품
persona_8,313,0.6341482996940613,에스쁘아,비글로우 스틱 래디언스,기타,미분류
persona_8,314,0.6112203598022461,에스쁘아,톤페어링 치크 9.6g,건기식,기능성식품
persona_8,315,0.6296730637550354,에스쁘아,비벨벳 커버쿠션 기획세트 SPF42/PA++,선케어,선크림
persona_8,316,0.6442334055900574,에스쁘아,플럼피즈 에디션,기타,미분류
persona_8,317,0.5994035601615906,에스쁘아,듀라이크 젤로 글로우라이저 40ml,기타,미분류
persona_8,318,0.6250700950622559,에스쁘아,프레쉬 세팅 픽서 100ml,메이크업,마스카라
persona_8,319,0.6265926361083984,에스쁘아,워터 스플래쉬 선 세럼 SPF50+/PA+++ 50ml,선케어,선크림
persona_8,320,0.6429224014282227,에스쁘아,듀얼 스머징 립 브러쉬,기타,미분류
persona_8,321,0.6140736937522888,에스쁘아,톤페어링 하이라이터 9.6g,건기식,기능성식품
persona_8,322,0.60736083984375,에스쁘아,프레쉬 세팅 파우더 9g,건기식,기능성식품
persona_8,323,0.6402437686920166,에스쁘아,비벨벳 피팅 스펀지 1ea,기타,미분류
persona_8,324,0.5802480578422546,에스쁘아,프로테일러 비글로우 쉬어 파우더 8g,건기식,기능성식품
persona_8,325,0.5905699133872986,에스쁘아,비벨벳 세범컷 쿨링 쿠션 15.8g,건기식,기능성식품
persona_8,326,0.5923141837120056,에스쁘아,프로테일러 비내추럴 쿠션 SPF50+/PA++++ 14g,선케어,선크림
persona_8,327,0.6326124668121338,에스쁘아,듀라이크 젤로 톤업 쿠션 SPF50+/PA+++,선케어,선크림
persona_8,328,0.6117810010910034,에스쁘아,더브로우 컬러 픽싱 카라 쿨그레이 3g,메이크업,아이브로우
persona_8,329,0.6341051459312439,에스쁘아,리얼 아이 팔레트,기타,미분류
persona_8,330,0.6281224489212036,에스쁘아,플럼피즈 볼륨 밤,기타,미분류
persona_8,331,0.6179192066192627,에스쁘아,꾸뛰르 립 틴트 글레이즈 5.5g,메이크업,립틴트
persona_8,332,0.6062881946563721,에스쁘아,꾸뛰르 립 틴트  4g,메이크업,립틴트
persona_8,333,0.6291053891181946,에스쁘아,워터스플래쉬 선크림 톤업 래스팅 SPF50+/PA++++,선케어,선크림
persona_8,334,0.6161715984344482,에스쁘아,워터 스플래쉬 선크림 세라마이드 SPF50+/PA++++ 60ml,선케어,선크림
persona_8,335,0.6429224014282227,에스쁘아,비글로우 볼륨쿠션 에어 퍼프,기타,미분류
persona_8,336,0.6353166103363037,에스쁘아,비글로우 볼륨 쿠션 23호 베이지 SPF42/PA+++,선케어,선크림
persona_8,337,0.6353166103363037,에스쁘아,비글로우 볼륨 쿠션 22호 페탈 SPF42/PA+++,선케어,선크림
persona_8,338,0.6353166103363037,에스쁘아,비글로우 볼륨 쿠션 21호 아이보리 SPF42/PA+++,선케어,선크림
persona_8,339,0.6353166103363037,에스쁘아,비글로우 볼륨 쿠션 20호 바닐라 SPF42/PA+++,선케어,선크림
persona_8,340,0.6353166103363037,에스쁘아,비글로우 볼륨 쿠션 13호 포슬린 SPF42/PA+++,선케어,선크림
persona_8,341,0.6335757374763489,에스쁘아,비글로우 볼륨쿠션 에어 퍼프,기타,미분류
persona_8,342,0.6377881765365601,에스쁘아,허쉬드 체리 에디션,기타,미분류
persona_8,343,0.6351137161254883,에스쁘아,수퍼 소프트 페이스 브러쉬 1EA,기타,미분류
persona_8,344,0.6319445371627808,아모레성수,01 아이브로우 브러쉬,메이크업,아이브로우
persona_8,345,0.6212644577026367,아모레성수,12 블러셔 브러쉬,기타,미분류
persona_8,346,0.6108506917953491,아모레성수,아모레 성수 토너 210ml,기타,미분류
persona_8,347,0.5929381847381592,아모레성수,15 립 브러쉬,기타,미분류
persona_8,348,0.606086254119873,아모레성수,14 컨투어링 브러쉬,기타,미분류
persona_8,349,0.6095849275588989,아모레성수,11 하이라이트 브러쉬,기타,미분류
persona_8,350,0.6063390374183655,아모레성수,03 언더섀도우 브러쉬,메이크업,아이섀도우
persona_8,351,0.6124797463417053,아모레성수,10 파운데이션 브러쉬,기타,미분류
persona_8,352,0.6171000003814697,아모레성수,09 컨실러 브러쉬,기타,미분류
persona_8,353,0.6163561940193176,아모레성수,07 아이섀도우 브러쉬,메이크업,아이섀도우
persona_8,354,0.6304379105567932,아모레성수,,기타,미분류
persona_8,355,0.5956448316574097,아모레성수,13 파우더 브러쉬,기타,미분류
persona_8,356,0.6047433018684387,아모레성수,08 아이섀도우 블렌딩 브러쉬,메이크업,아이섀도우
persona_8,357,0.6276828050613403,아모레성수,06 아이섀도우 브러쉬,메이크업,아이섀도우
persona_8,358,0.6233514547348022,아모레성수,05 아이섀도우 브러쉬,메이크업,아이섀도우
persona_8,359,0.6082218885421753,아모레성수,02 아이섀도우 홀 브러쉬,메이크업,아이섀도우
persona_8,360,0.6000681519508362,미쟝센,올뉴 쉽고 빠른 거품 염색 80g,건기식,기능성식품
persona_8,361,0.6058142781257629,미쟝센,퍼펙트 세럼 80ml,스킨케어,세럼
persona_8,362,0.6024690866470337,미쟝센,파워 스윙 왁스 9 80g,건기식,기능성식품
persona_8,363,0.607588529586792,미쟝센,NEW 헬로크림 더블커버  120g,스킨케어,크림
persona_8,364,0.5937018394470215,미쟝센,헤어앤스칼프 부스터 샴푸 800g,건기식,기능성식품
persona_8,365,0.6291558742523193,미쟝센,살롱10 단백질 에센스 팩  990ml,스킨케어,마스크팩
persona_8,366,0.6206066012382507,미쟝센,컬링 에센스 2X 내추럴/볼륨 150ml,스킨케어,에센스
persona_8,367,0.6134213209152222,미쟝센,퍼펙트 오리지널 세럼 샴푸 680ml,스킨케어,세럼
persona_8,368,0.6288372278213501,미쟝센,살롱10 단백질 샴푸  990ml,기타,미분류
persona_8,369,0.6148677468299866,미쟝센,퍼펙트 베이스업 에센스 200ml,스킨케어,에센스
persona_8,370,0.6121140718460083,미쟝센,펄샤이닝 리페어 샴푸/트리트먼트 1000ml,기타,미분류
persona_8,371,0.6134415864944458,미쟝센,스타일케어 헤어스프레이 300ml,기타,미분류
persona_8,372,0.6061785817146301,미쟝센,퍼펙트 세럼 홈 케어 트리트먼트 900ml,스킨케어,세럼
persona_8,373,0.6065882444381714,미쟝센,살롱10 프로페셔널 시카 프로틴 트리트먼트 215ml,기타,미분류
persona_8,374,0.6241055130958557,미쟝센,퍼펙트 엉킴제로 노워시 트리트먼트 150ml,기타,미분류
persona_8,375,0.6373885273933411,미쟝센,올뉴 샤이닝에센스 100g,스킨케어,에센스
persona_8,376,0.6134213209152222,미쟝센,퍼펙트 오리지널 세럼 컨디셔너 680ml,스킨케어,세럼
persona_8,377,0.6120463013648987,미쟝센,살롱10 프로페셔널 시카 프로틴 샴푸 480ml,기타,미분류
persona_8,378,0.6362158060073853,미쟝센,NEW 헬로버블 100g,건기식,기능성식품
persona_8,379,0.6105236411094666,미쟝센,퍼펙트 매직 스트레이트 세럼 샴푸 530ml,스킨케어,세럼
persona_8,380,0.6019287109375,미쟝센,퍼펙트 매직 스트레이트 세럼 80ml,스킨케어,세럼
persona_8,381,0.6431947946548462,미쟝센,볼륨케어 퍼플 콜라겐 샴푸,기타,미분류
persona_8,382,0.6431947946548462,미쟝센,스칼프케어 그린 시카 샴푸,기타,미분류
persona_8,383,0.6098201870918274,미쟝센,올뉴 쉽고 빠른 크림염색 80g,스킨케어,크림
persona_8,384,0.6435431241989136,미쟝센,퍼펙트 세럼 트리트먼트,스킨케어,세럼
persona_8,385,0.6077073216438293,미쟝센,퍼펙트 매직 스트레이트 세럼 트리트먼트 230ml,스킨케어,세럼
persona_8,386,0.614812433719635,미쟝센,데미지케어 레드 프로틴 컨디셔너 680ml,기타,미분류
persona_8,387,0.6134213209152222,미쟝센,퍼펙트 슈퍼리치 세럼 컨디셔너 680ml,스킨케어,세럼
persona_8,388,0.6134213209152222,미쟝센,퍼펙트 슈퍼리치 세럼 샴푸 680ml,스킨케어,세럼
persona_8,389,0.6064043045043945,미쟝센,데미지케어 레드 프로틴 헤어크림에센스 140ml,스킨케어,에센스
persona_8,390,0.6242406368255615,미쟝센,데미지케어 레드 프로틴 샴푸,기타,미분류
persona_8,391,0.6166501641273499,미쟝센,이너플렉스 모발강화제 145g,건기식,기능성식품
persona_8,392,0.6188521981239319,미쟝센,헤어앤스칼프 너리싱 부스터 트리트먼트 300g,건기식,기능성식품
persona_8,393,0.6416996121406555,미쟝센,볼륨케어 퍼플 콜라겐 트리트먼트,기타,미분류
persona_8,394,0.6416996121406555,미쟝센,데미지케어 레드 프로틴 트리트먼트,기타,미분류
persona_8,395,0.6445719003677368,미쟝센,이너플렉스 모발강화 샴푸/트리트먼트,기타,미분류
persona_8,396,0.6039093136787415,미쟝센,퍼펙트 노 워시 워터 트리트먼트 215ml,기타,미분류
persona_8,397,0.6048305034637451,미쟝센,살롱10 단백질 트리트먼트 250ml,기타,미분류
persona_8,398,0.6144450902938843,미쟝센,쿨링케어 블루멘톨 샴푸 680ml,기타,미분류
persona_8,399,0.613505482673645,미쟝센,컬링 매트 볼륨 헤어픽서 200ml,메이크업,마스카라
persona_8,400,0.6080172657966614,미쟝센,헬로버블 퍼퓸보색 핑크 샴푸 400ml,기타,미분류
persona_8,401,0.636954665184021,미쟝센,NEW 헬로블리치 프라이머 버블 100g,건기식,기능성식품
persona_8,402,0.6134213209152222,미쟝센,퍼펙트 스타일링 세럼 컨디셔너 680ml,스킨케어,세럼
persona_8,403,0.6113218665122986,미쟝센,NEW 헬로크림 125g,스킨케어,크림
persona_8,404,0.5950539708137512,미쟝센,헬로 젤리팡팡 8g,건기식,기능성식품
persona_8,405,0.6368433237075806,미쟝센,살롱10 단백질 트리트먼트,기타,미분류
persona_8,406,0.6343120336532593,미쟝센,살롱10 시카 프로틴 샴푸,기타,미분류
persona_8,407,0.6427823305130005,미쟝센,퍼펙트 세럼 트리트먼트,스킨케어,세럼
persona_8,408,0.6439719796180725,미쟝센,퍼펙트 베이스업 헤어 에센스,스킨케어,에센스
persona_8,409,0.6344858407974243,미쟝센,컬링 에센스 2X 내추럴,스킨케어,에센스
persona_8,410,0.6344858407974243,미쟝센,컬링 에센스 2X 볼륨,스킨케어,에센스
persona_8,411,0.6440577507019043,미쟝센,퍼펙트 세럼 홈 케어 트리트먼트,스킨케어,세럼
persona_8,412,0.6226332783699036,미쟝센,퍼펙트 아르간 캡슐 리페어 헤어 마스크 180g,스킨케어,마스크팩
persona_8,413,0.6444250345230103,미쟝센,퍼펙트 매직 스트레이트 세럼 샴푸,스킨케어,세럼
persona_8,414,0.6418983340263367,미쟝센,퍼펙트 매직 스트레이트 세럼,스킨케어,세럼
persona_8,415,0.6444250345230103,미쟝센,퍼펙트 매직 스트레이트 세럼 트리트먼트,스킨케어,세럼
persona_8,416,0.641415536403656,미쟝센,살롱10 프로페셔널 시카 프로틴 트리트먼트,기타,미분류
persona_8,417,0.6444578170776367,미쟝센,컬링 매트 볼륨 헤어픽서,메이크업,마스카라
persona_8,418,0.6134213209152222,미쟝센,퍼펙트 스타일링 세럼 샴푸 680ml,스킨케어,세럼
persona_8,419,0.6066030859947205,아모레퍼시픽,트리트먼트 엔자임 클렌징 폼 120g,건기식,기능성식품
persona_8,420,0.6231458187103271,아모레퍼시픽,모이스춰 플럼핑 넥타 크림 50ml,스킨케어,크림
persona_8,421,0.6050957441329956,아모레퍼시픽,타임 레스폰스 스킨 리뉴얼 미스트 200ml,기타,미분류
persona_8,422,0.606751561164856,아모레퍼시픽,타임 레스폰스 스킨 리저브 플루이드 160ml,기타,미분류
persona_8,423,0.6318809986114502,아모레퍼시픽,,스킨케어,미분류
persona_8,424,0.6039832830429077,아모레퍼시픽,보태니컬 수딩 토너 200ml,기타,미분류
persona_8,425,0.6060424447059631,아모레퍼시픽,타임 레스폰스 스킨 리저브 토너 200ml,기타,미분류
persona_8,426,0.6388517618179321,아모레베이직,듀얼 코튼 면봉 150매,기타,미분류
persona_8,427,0.6314123868942261,아모레베이직,프리티 눈썹칼 2입,기타,미분류
persona_8,428,0.6459656953811646,아모레베이직,순면 5겹 화장솜 50매 / 120매,기타,미분류
persona_8,429,0.6316477060317993,아모레베이직,그린티 오일 컨트롤 페이퍼 70매,기타,미분류
persona_8,430,0.6115669012069702,아모레베이직,토너 아껴주는 1/2 스킨팩 화장솜 400매,스킨케어,마스크팩
persona_8,431,0.6308450102806091,아모레베이직,물광 메이크업 씨앗 스펀지 2ea,기타,미분류
persona_8,432,0.6312708258628845,아모레베이직,애프터 마스카라 히팅 속눈썹 고데기,메이크업,마스카라
persona_8,433,0.6369346380233765,아모레베이직,소프트 엠보싱 원형 화장솜 100매,기타,미분류
persona_8,434,0.6309627294540405,아모레베이직,컴팩트 아이래쉬 컬러,스킨케어,마스크팩
persona_8,435,0.636931300163269,아모레베이직,아모레베이직 X 벤자민무어 더 에센셜 배쓰밤 2입세트,스킨케어,크림
persona_8,436,0.6362345218658447,아모레베이직,아모레베이직 X 벤자민무어 더 에센셜 세라믹 바디 괄사,바디,바디케어
persona_8,437,0.6269823908805847,아모레베이직,프로페셔널 아티스트 브러쉬 8종 키트,기타,미분류
persona_8,438,0.6435154676437378,아모레베이직,아모레베이직 미피 솔리드 퍼퓸 2종+실리콘키링,기타,미분류
persona_8,439,0.6477926969528198,아모레베이직,데일리 메이크업 조각 스펀지 20ea / 60ea,기타,미분류
persona_8,440,0.6354809403419495,한율,자연을 닮은 립밤,기타,미분류
persona_8,441,0.614970326423645,한율,흰감국 광채 선크림 SPF50+/PA++++ 70ml,선케어,선크림
persona_8,442,0.6302898526191711,한율,부들밤 말끔피지 모공팩 기획세트,스킨케어,마스크팩
persona_8,443,0.6161076426506042,한율,어린쑥 수분진정 토너 150ml,기타,미분류
persona_8,444,0.6378879547119141,한율,랩핑 마스크 기획세트 4매,스킨케어,마스크팩
persona_8,445,0.6119698286056519,한율,어린쑥 수분진정 플루이드 125ml,기타,미분류
persona_8,446,0.6238596439361572,한율,자연을 닮은 핸드크림 50ml,스킨케어,크림
persona_8,447,0.6356374025344849,한율,빨간쌀 보습탄력 2종 세트,기타,미분류
persona_8,448,0.6312708258628845,한율,어린쑥 매끈결 클렌징 오일 기획세트,기타,미분류
persona_8,449,0.6302898526191711,한율,부들밤 깔끔각질 모공팩 기획세트,스킨케어,마스크팩
persona_8,450,0.641106367111206,한율,달빛유자 패드 60매,기타,미분류
persona_8,451,0.6094725131988525,한율,백화고 클렌징 마사지 크림 200ml,스킨케어,크림
persona_8,452,0.641741156578064,한율,어린쑥 속수분 쑥히알 패드 기획세트,기타,미분류
persona_8,453,0.612130343914032,한율,송담 탄력 에멀젼 125ml,기타,미분류
persona_8,454,0.6137673258781433,한율,송담 탄력 스킨 150ml,기타,미분류
persona_8,455,0.6243845224380493,한율,빨간쌀 보습탄력 크림 55ml,스킨케어,크림
persona_8,456,0.641741156578064,한율,보들은행잎 모공탄탄 펩타이드 패드 60매,기타,미분류
persona_8,457,0.6259112358093262,한율,어린쑥 수분진정 선크림 SPF50+/PA++++ 50ml,선케어,선크림
persona_8,458,0.633843183517456,한율,극진 2종 기획 세트,기타,미분류
persona_8,459,0.6310109496116638,한율,어린쑥 속수분 쑥히알 크림 기획세트,스킨케어,크림
persona_8,460,0.6282092928886414,한율,백화고 기미탄력 아이크림 25ml,스킨케어,크림
persona_8,461,0.6353369355201721,한율,빨간쌀 보습탄력 에센스 크림 2종세트,스킨케어,에센스
persona_8,462,0.6199511289596558,한율,빨간쌀 보습탄력 에센스 150ml,스킨케어,에센스
persona_8,463,0.6335965394973755,한율,어린쑥 수분진정 2종 세트,건기식,기능성식품
persona_8,464,0.602889895439148,한율,백화고 기미탄력 비비 크림 SPF40/PA++ 40ml,선케어,선크림
persona_8,465,0.6108567714691162,한율,빨간쌀 보습탄력 에멀젼 125ml,기타,미분류
persona_8,466,0.6298448443412781,한율,달빛유자 수면팩 100ml,스킨케어,마스크팩
persona_8,467,0.6224532723426819,한율,보들은행잎 모공핏 세럼 기획세트,스킨케어,세럼
persona_8,468,0.6386391520500183,한율,보들은행잎 모공핏 마스크 기획세트 4매,스킨케어,마스크팩
persona_8,469,0.60885089635849,한율,어린쑥 수분진정크림 리필 캡슐 30ml *2,스킨케어,크림
persona_8,470,0.6125016212463379,한율,백화고 기미탄력 크림 기획세트 60ml,스킨케어,크림
persona_8,471,0.6127995848655701,한율,달빛유자C 세럼 30ml,스킨케어,세럼
persona_8,472,0.611600935459137,한율,극진 스킨 125ml,기타,미분류
persona_8,473,0.6265955567359924,한율,어린쑥 속수분 쑥히알 세럼 기획세트,스킨케어,세럼
persona_8,474,0.6428903937339783,한율,백화고 기미탄력 듀얼샷 앰플 기획세트,스킨케어,앰플
persona_8,475,0.6317238211631775,한율,어린쑥 클렌징 팩밤 기획세트,스킨케어,마스크팩
persona_8,476,0.6389985680580139,한율,극진 크림 대용량 단품 기획세트,스킨케어,크림
persona_8,477,0.6222524046897888,한율,극진 에센스 기획세트 60ml,스킨케어,에센스
persona_8,478,0.6174776554107666,한율,극진 아이크림 기획세트 30ml,스킨케어,크림
persona_8,479,0.6025450229644775,한율,극진 크림 클렌징폼 200ml,스킨케어,크림
persona_8,480,0.5925037860870361,한율,달빛유자 수면팩 리필세트 40ml*2,스킨케어,마스크팩
persona_8,481,0.6221985816955566,한율,달빛유자C 세럼 50ml,스킨케어,세럼
persona_8,482,0.6079860329627991,한율,빨간쌀 보습탄력 크림 리필세트 30ml *2,스킨케어,크림
persona_8,483,0.6075489521026611,한율,극진 에멀젼 125ml,기타,미분류
persona_8,484,0.6305503845214844,한율,극진 크림 세트 50ml,스킨케어,크림
persona_8,485,0.6340051889419556,한율,송담 탄력 2종 기획세트,기타,미분류
persona_8,486,0.607731282711029,한율,어린쑥 트러블 미스트 120ml,기타,미분류
persona_8,487,0.6273395419120789,한율,달빛유자 수면팩 기획세트,스킨케어,마스크팩
persona_8,488,0.6411146521568298,한율,어린쑥 수분진정 패드 기획세트,건기식,기능성식품
persona_8,489,0.6426584124565125,한율,어린쑥 클렌징 흡착 팩폼 기획세트,스킨케어,마스크팩
persona_8,490,0.6278380155563354,한율,어린쑥 수분진정 크림 기획세트,스킨케어,크림
persona_8,491,0.6323251128196716,한율,달빛유자 클렌징 필링 젤밤 기획세트,스킨케어,크림
persona_8,492,0.6426584124565125,한율,달빛유자 클렌징 톤업 팩폼 기획세트,스킨케어,마스크팩
persona_8,493,0.6269823908805847,한율,흰감국 광채 선크림 듀오 구성,선케어,선크림
persona_8,494,0.6411146521568298,한율,부들밤 모공수축 패드 기획세트,스킨케어,크림
persona_8,495,0.6208738088607788,해피바스,모이스처 퍼퓸 바디워시 760g,바디,바디케어
persona_8,496,0.6046313047409058,해피바스,오리지널 컬렉션 바디워시 910g,바디,바디케어
persona_8,497,0.5983421802520752,해피바스,정말 촉촉/순한 바디밀크 400g,바디,바디케어
persona_8,498,0.6070906519889832,해피바스,PH 4.5 약산성 여성청결제 300ml,기타,미분류
persona_8,499,0.6167758107185364,해피바스,제로퍼센트 저자극 버블핸드워시 500ml,기타,미분류
persona_8,500,0.6176943778991699,해피바스,오리지널 컬렉션 바디로션 500g,바디,바디케어
persona_8,501,0.6185207366943359,해피바스,마이크로 클린 솝베리 버블 클렌징폼 300ml,기타,미분류
persona_8,502,0.6359379291534424,해피바스,오리지널컬렉션 솝라벤더 비누 4입,기타,미분류
persona_8,503,0.6280297636985779,해피바스,오리지널 컬렉션 샤워 젤리 75g,건기식,기능성식품
persona_8,504,0.6181762218475342,해피바스,필쏘굿 풋샴푸 500ml,기타,미분류
persona_8,505,0.6064316630363464,해피바스,오리지널 컬렉션 바디오일 250ml,바디,바디케어
persona_8,506,0.6016412973403931,해피바스,주스스무디 옐로우 바디워시 820g,바디,바디케어
persona_8,507,0.6019997000694275,해피바스,리얼가든 바디워시 900g,바디,바디케어
persona_8,508,0.6117571592330933,해피바스,스킨유 이노센트 샤워젤 500g,건기식,기능성식품
persona_8,509,0.5997636914253235,해피바스,정말 촉촉/순한 바디워시 900g,바디,바디케어
persona_8,510,0.6035634875297546,해피바스,퍼퓸부티크 오일 바디로션 350g,바디,바디케어
persona_8,511,0.6185207366943359,해피바스,마이크로 클린 딥 버블 클렌징폼 300ml,기타,미분류
persona_8,512,0.6042856574058533,해피바스,딥클린 바디워시 900g,바디,바디케어
persona_8,513,0.6001123189926147,해피바스,크림 인 바디로션 400g,스킨케어,크림
persona_8,514,0.6190609931945801,해피바스,마이크로 클린 딥 클렌징폼 150g,건기식,기능성식품
persona_8,515,0.6198709011077881,해피바스,퍼퓸부티크 오일 바디워시 500ml,바디,바디케어
persona_8,516,0.6046313047409058,해피바스,오리지널 컬렉션 바디워시 910g,바디,바디케어
persona_8,517,0.623563289642334,해피바스,제로퍼센트 항균 바솝,기타,미분류
persona_8,518,0.6007848381996155,해피바스,블로썸 바디워시 900g,바디,바디케어
persona_8,519,0.6366503834724426,해피바스,오리지널 컬렉션 올리브 비누 4입,기타,미분류
persona_8,520,0.617524266242981,해피바스,화이트 클레이 모공 클렌징폼 150g,건기식,기능성식품
persona_8,521,0.600273847579956,해피바스,크림 인 바디워시 900g,스킨케어,크림
persona_8,522,0.6016899943351746,해피바스,스마일 바디워시 900g,바디,바디케어
persona_8,523,0.6042284965515137,해피바스,오리지널 컬렉션 머스크 바디워시 910g,바디,바디케어
persona_8,524,0.6366503834724426,해피바스,오리지널 컬렉션 클린코튼 비누 4입,기타,미분류
persona_8,525,0.6117427349090576,해피바스,유황 소금 보들 바디워시 600g,바디,바디케어
persona_8,526,0.6098676323890686,해피바스,마일드 클렌징폼 200g,건기식,기능성식품
persona_8,527,0.5994853973388672,해피바스,스킨유 이노센트 로션 350g,건기식,기능성식품
persona_8,528,0.6366503834724426,해피바스,오리지널 컬렉션 베이비파우더 비누 4입,기타,미분류
persona_8,529,0.6178587675094604,해피바스,티트리 아크네 클렌징폼 150g,건기식,기능성식품
persona_8,530,0.6176649332046509,해피바스,오리지널 컬렉션 바디로션 500g,바디,바디케어
persona_8,531,0.6036246418952942,해피바스,스킨유 이노센트 딥 머스크 바디오일&괄사 증정 기획 130ml,바디,바디케어
persona_8,532,0.641758143901825,해피바스,두보레 장미 에센스 비누 4입,스킨케어,에센스
persona_8,533,0.641758143901825,해피바스,두보레 후리지아 에센스 비누 4입,스킨케어,에센스
persona_8,534,0.6190609931945801,해피바스,마이크로 클린 솝베리 클렌징폼 150g,건기식,기능성식품
persona_8,535,0.6259545683860779,해피바스,스킨유 프래그런스 핸드크림 50ml,스킨케어,크림
persona_8,536,0.641758143901825,해피바스,두보레 백합 에센스 비누 4입,스킨케어,에센스
persona_8,537,0.6091526746749878,해피바스,히알루론 클렌징 폼 200g,건기식,기능성식품
persona_8,538,0.6366503834724426,해피바스,오리지널 컬렉션 체리블로섬 비누 4입,기타,미분류
persona_8,539,0.6366503834724426,해피바스,오리지널 컬렉션 오리지널 비누 4입,기타,미분류
persona_8,540,0.6203732490539551,해피바스,스킨유 이노센트 딥머스크 앰플 미스트 150ml,스킨케어,앰플
persona_8,541,0.6099072694778442,해피바스,퍼퓸부티크 바디&헤어 미스트 200ml,바디,바디케어
persona_8,542,0.617524266242981,해피바스,퍼펙트 딥 씨솔트 클렌징폼 150g,건기식,기능성식품
persona_8,543,0.6069411635398865,해피바스,스킨유 이노센트 스크럽 450g,건기식,기능성식품
persona_8,544,0.6280242204666138,해피바스,제로퍼센트 저자극 버블핸드워시 + 필쏘굿 풋샴푸,기타,미분류
persona_8,545,0.60074383020401,해피바스,필쏘굿 시카 진정 수분 선크림 80ml,선케어,선크림
persona_8,546,0.6055940985679626,해피바스,필쏘굿 시카 진정 선 미스트 80ml,기타,미분류
persona_8,547,0.6337039470672607,온호프,쏘 캄 트래블 3종 세트,기타,미분류
persona_8,548,0.6354374289512634,홀리추얼,홀리추얼 래디언스 리설페이싱 필 12매,기타,미분류
persona_8,549,0.5983690023422241,홀리추얼,홀리추얼 코어 리프트 액티베이팅 세럼 140ml,스킨케어,세럼
persona_8,550,0.6336972117424011,홀리추얼,홀리추얼 울트라 너리싱 어드밴스드 크림,스킨케어,크림
persona_8,551,0.6036569476127625,홀리추얼,홀리추얼 엘리멘탈 스무딩 로션 110ml,기타,미분류
persona_8,552,0.5971987247467041,홀리추얼,홀리추얼 릴랙스드 풋 트리트먼트 크림 130ml,스킨케어,크림
persona_8,553,0.6097295880317688,홀리추얼,홀리추얼 리디파이닝 클렌징 밀크 200ml,기타,미분류
persona_8,554,0.6159369349479675,홀리추얼,홀리추얼 마이크로 밸런싱 에센스 150ml,스킨케어,에센스
persona_8,555,0.5915464162826538,홀리추얼,홀리추얼 컨센트레이트 시그니처 크림 라이트 80ml,스킨케어,크림
persona_8,556,0.6180347800254822,홀리추얼,홀리추얼 피토 리쥬브네이팅 컨센트레이트 30ml,기타,미분류
persona_8,557,0.6012781858444214,홀리추얼,홀리추얼 울트라 너리싱 어드밴스드 에멀전 120ml,기타,미분류
persona_8,558,0.633345365524292,홀리추얼,홀리추얼 뉴트리 엘릭서 미스트 홀리데이 기획 세트,기타,미분류
persona_8,559,0.635496199131012,홀리추얼,홀리추얼  릴랙스드 풋 트리트먼트 크림 듀오 SET,스킨케어,크림
persona_8,560,0.6422317028045654,홀리추얼,홀리추얼  리디파이닝 클렌징 밀크 듀오 SET,기타,미분류
persona_8,561,0.5989620089530945,홀리추얼,홀리추얼  코어 리프트 액티베이팅 세럼 기획세트 140ml,스킨케어,세럼
persona_8,562,0.613663911819458,홀리추얼,홀리추얼 울트라 너리싱 어드밴스드 토너 150ml,기타,미분류
persona_8,563,0.6272698044776917,홀리추얼,홀리추얼  뉴트리 엘릭서 바디 프라그랑스 미스트 100ml,바디,바디케어
persona_8,564,0.633529782295227,홀리추얼,홀리추얼 프로 리프팅 앤 퍼밍 프로그램,기타,미분류
persona_8,565,0.6357904672622681,홀리추얼,홀리추얼 리디파이닝 앰플 4주 프로그램,스킨케어,앰플
persona_8,566,0.6345703601837158,홀리추얼,홀리추얼 클린테라피 파우더 마스크,스킨케어,마스크팩
persona_8,567,0.6259913444519043,홀리추얼,홀리추얼 파워 리뉴얼 키트,기타,미분류
persona_8,568,0.6247438788414001,홀리추얼,홀리추얼 울트라 너리싱 어드밴스드 토너 + 에멀전,기타,미분류
persona_8,569,0.5775139331817627,,퍼즐우드 비건 디퓨저 200ml,기타,미분류
persona_8,570,0.594511091709137,,퍼즐우드 비건 핸드크림 50ml,스킨케어,크림
persona_8,571,0.5663495063781738,,퍼즐우드 비건 인센스 스틱 20g,건기식,기능성식품
persona_8,572,0.6113609671592712,오딧세이,로맨틱 에멀전 130ml,기타,미분류
persona_8,573,0.6114475131034851,오딧세이,로맨틱 스킨 리파이너 130ml,기타,미분류
persona_8,574,0.6295494437217712,오딧세이,챕터파이브 생츄어리 2종 세트,기타,미분류
persona_8,575,0.6040264368057251,오딧세이,블랙 스킨 리파이너 130ml,기타,미분류
persona_8,576,0.6341482996940613,오딧세이,MMY 콜라보레이션 토트백,기타,미분류
persona_8,577,0.6041277647018433,오딧세이,블랙 에멀전 130ml,기타,미분류
persona_8,578,0.6429793238639832,오딧세이,MMY 콜라보레이션 크로스백,기타,미분류
persona_8,579,0.6295494437217712,오딧세이,챕터파이브 라이트하우스 2종 세트,기타,미분류
persona_8,580,0.638618528842926,오딧세이,블랙 스페셜 2종 신년기획세트,기타,미분류
persona_8,581,0.6435348391532898,오딧세이,로맨틱 스페셜 2종 세트 신년기획세트,기타,미분류
persona_8,582,0.6443490982055664,프리메라,NEW 나이아시카 수딩 글로우 워터리 크림30ml,스킨케어,크림
persona_8,583,0.6047102808952332,프리메라,마일드 앤 퍼펙트 클렌징 오일 투 폼 200ml,기타,미분류
persona_8,584,0.6034808158874512,프리메라,NEW 비타티놀 바운시 리프트 세럼 30g*2입,스킨케어,세럼
persona_8,585,0.6060585975646973,프리메라,후리 앤 후리 200ml,기타,미분류
persona_8,586,0.6227850914001465,프리메라,마일드 포어 필링 패드 60매 기획세트,기타,미분류
persona_8,587,0.6208197474479675,프리메라,나이아시카 수딩글로우 워터리 크림 30ml,스킨케어,크림
persona_8,588,0.5971733927726746,프리메라,워터리 에센스 250ml,스킨케어,에센스
persona_8,589,0.6256395578384399,프리메라,알파인 베리 워터리 크림 100ml,스킨케어,크림
persona_8,590,0.6079853177070618,프리메라,비타티놀 세럼 메가샷 마스크 34g 1입,스킨케어,마스크팩
persona_8,591,0.5978124141693115,프리메라,레티놀 볼륨 립 세럼 12g,스킨케어,세럼
persona_8,592,0.6013568043708801,프리메라,마일드 앤 퍼펙트 클렌징 오일 투 폼 300ml,기타,미분류
persona_8,593,0.6023004651069641,프리메라,인리치드 클렌징 티슈 60매 300g,건기식,기능성식품
persona_8,594,0.5894090533256531,프리메라,비타티놀 세럼 메가샷 마스크 34g*5입,스킨케어,마스크팩
persona_8,595,0.6103135347366333,프리메라,오가니언스 BR 소프트 필링 투 폼 클렌저 120ml,기타,미분류
persona_8,596,0.6375335454940796,프리메라,오가니언스 배리어 리페어 2종 기획세트,기타,미분류
persona_8,597,0.6326558589935303,프리메라,비타티놀 인텐스 바운시 리프트 마스크 크림,스킨케어,마스크팩
persona_8,598,0.6069619655609131,프리메라,씨드 앤 스프라우트 에너지마스크로터스기획세트 20ml*30매,스킨케어,마스크팩
persona_8,599,0.6158648729324341,프리메라,마일드 앤 퍼펙트 페이셜 필링 150ml,기타,미분류
persona_8,600,0.6268578171730042,프리메라,알파인베리 워터리 크림 75ml,스킨케어,크림
persona_8,601,0.6010547280311584,프리메라,바하 버블 필링 클렌저 200ml,기타,미분류
persona_8,602,0.6127322912216187,프리메라,후리 앤 후리 소프트 폼 150ml,기타,미분류
persona_8,603,0.5874923467636108,프리메라,NEW 인리치드 바디 오일 투 폼 클렌저 390ml,바디,바디케어
persona_8,604,0.594569742679596,프리메라,NEW 나이아시카 워터리 크림 쿠션 15g,스킨케어,크림
persona_8,605,0.61370849609375,프리메라,오가니언스 BR 컴포트 아미노 리치 폼 150ml,기타,미분류
persona_8,606,0.6364879012107849,프리메라,맨오가니언스 2종 기획세트,기타,미분류
persona_8,607,0.6153017282485962,프리메라,하이드로 글로우 트리트먼트 에센스 150ml,스킨케어,에센스
persona_8,608,0.603416383266449,프리메라,오가니언스 베리어 리페어 카밍 에센스 토너 160ml,스킨케어,에센스
persona_8,609,0.620415985584259,프리메라,오가니언스 베리어 리페어 씨드펩타이드 리저브 크림 50ml,스킨케어,크림
persona_8,610,0.6107621788978577,프리메라,레티놀 볼륨 립 세럼 튜브 7g,스킨케어,세럼
persona_8,611,0.6147058010101318,프리메라,오가니언스 베리어 리페어 씨드 펩타이드 리저브 세럼 30ml,스킨케어,세럼
persona_8,612,0.6077778935432434,프리메라,오가니언스 베리어 리페어 하이드레이션 크림 에멀젼 160ml,스킨케어,크림
persona_8,613,0.5934138894081116,프리메라,리페어링 세라캡슐 UV프로텍터 40ml,기타,미분류
persona_8,614,0.6111797094345093,프리메라,더 핸드크림 미스트 20ml,스킨케어,크림
persona_8,615,0.6194510459899902,프리메라,알파인 베리 워터리 크림 50ml,스킨케어,크림
persona_8,616,0.6167919039726257,프리메라,알파인 베리 워터리 크림 150ml,스킨케어,크림
persona_8,617,0.6029316782951355,프리메라,NEW 비타티놀 바운시 리프트 세럼 30g 1입,스킨케어,세럼
persona_8,618,0.6139017343521118,프리메라,씨드 앤 스프라우트 에너지 마스크_로터스 5매 20ml,스킨케어,마스크팩
persona_8,619,0.6248096823692322,프리메라,알파인 베리 워터리 수딩 젤크림 100ml,스킨케어,크림
persona_8,620,0.6263604760169983,프리메라,알파인 베리 워터리 수딩젤 크림 75ml,스킨케어,크림
persona_8,621,0.6327058672904968,프리메라,마일드 앤 퍼펙트 포어 필링 패드 60매,기타,미분류
persona_8,622,0.6194510459899902,프리메라,알파인베리 워터리 수딩젤 크림 50ml,스킨케어,크림
persona_8,623,0.5926965475082397,프리메라,리페어링 세라캡슐 UV프로텍터 톤업 프라이밍 40ml,기타,미분류
persona_8,624,0.6181530356407166,프리메라,알파인베리 워터리 크림 100ml*2입 + 월리 우프 무드등,스킨케어,크림
persona_8,625,0.607966959476471,프리메라,비타티놀 바운시 리프트 세럼 30g 4입 + 월리 우프 무드등,스킨케어,세럼
persona_8,626,0.5994080901145935,프리메라,워터리 에센스 250ml 더블 세트,스킨케어,에센스
persona_8,627,0.6055235266685486,프리메라,마일드 앤 퍼펙트 클렌징 오일 투 폼 200ml 더블 기프트 세트,기타,미분류
persona_8,628,0.6124110817909241,프리메라,비타티놀 인텐스 바운시 리프트 마스크 크림 30ml+리필 30ml 더블 세트,스킨케어,마스크팩
persona_8,629,0.5980596542358398,프리메라,비타티놀 세럼 메가샷 마스크세트 34g*5매 X 4개 세트,스킨케어,마스크팩
persona_8,630,0.6022285223007202,프리메라,마일드 앤 퍼펙트 페이셜 필링 250ml,기타,미분류
persona_8,631,0.6137771606445312,프리메라,비타티놀 인텐스 바운시 리프트 마스크 크림 30ml,스킨케어,마스크팩
persona_8,632,0.6361619234085083,프리메라,마일드 앤 퍼펙트 포어 필링 패드 60매*2,기타,미분류
persona_8,633,0.6078180074691772,프리메라,후리 앤 후리 소프트폼 150ml*2,기타,미분류
persona_8,634,0.6033279895782471,프리메라,비타티놀 세럼 메가샷 마스크세트 34g*5매X2개,스킨케어,마스크팩
persona_8,635,0.6052688956260681,프리메라,오가니언스 BR 소프트 필링 투 폼 클렌저 120ml,기타,미분류
persona_8,636,0.6112886667251587,프리메라,마일드 앤 퍼펙트 페이셜 필링 150ml*2,기타,미분류
persona_8,637,0.641883134841919,프리메라,나이아시카 수딩글로우 워터리 크림,스킨케어,크림
persona_8,638,0.6426779627799988,프리메라,나이아시카 수딩글로우 워터리 크림,스킨케어,크림
persona_8,639,0.5980851054191589,프리메라,후리 앤 후리 200ml*2,기타,미분류
persona_8,640,0.5855244398117065,프리메라,마일드 앤 퍼펙트 클렌징 오일 투 폼 200ml + 오가니언스 BR 소프트 필링 투 폼 클렌저 120ml,기타,미분류
persona_8,641,0.6214815974235535,헤라,UV프로텍터 톤업 SPF50+/PA++++ 50ml,선케어,선크림
persona_8,642,0.6320179104804993,헤라,NEW 블랙 쿠션 파운데이션 SPF34/PA++,선케어,선크림
persona_8,643,0.5959389209747314,헤라,NEW 블랙 쿠션 파운데이션 SPF34/PA++ 15g,선케어,선크림
persona_8,644,0.6199066042900085,헤라,센슈얼 누드 글로스 5g,건기식,기능성식품
persona_8,645,0.6055868864059448,헤라,리프레싱 클렌징 폼 160g,건기식,기능성식품
persona_8,646,0.6168882250785828,헤라,실키 스테이 24H 롱웨어 파운데이션 SPF20/PA++ 30g,선케어,선크림
persona_8,647,0.6281508207321167,헤라,블랙 쿠션 파운데이션 퍼프 2ea,기타,미분류
persona_8,648,0.6139840483665466,헤라,센슈얼 누드 밤 3.5g,스킨케어,크림
persona_8,649,0.6121547222137451,헤라,센슈얼 틴티드 샤인스틱 3.5g,건기식,기능성식품
persona_8,650,0.619134247303009,헤라,NEW 리플렉션 스킨 글로우 파운데이션 SPF15/PA++ 30g,선케어,선크림
persona_8,651,0.6016332507133484,헤라,NEW 리플렉션 스킨 글로우 쿠션 파운데이션 SPF40/PA++ 15g,선케어,선크림
persona_8,652,0.5961018204689026,헤라,NEW 리플렉션 스킨 글로우 쿠션 파운데이션 SPF40/PA++ 15g,선케어,선크림
persona_8,653,0.6214815974235535,헤라,UV프로텍터 멀티디펜스 SPF50+/PA++++ 50ml,선케어,선크림
persona_8,654,0.6264455318450928,헤라,옴므 베이직 스페셜 기획세트 2종,기타,미분류
persona_8,655,0.6351224184036255,헤라,에이지 어웨이 에스테틱 2종 세트,기타,미분류
persona_8,656,0.617219865322113,헤라,센슈얼 파우더 매트 리퀴드 5g,건기식,기능성식품
persona_8,657,0.6356867551803589,헤라,NEW 옴므 블랙 액티브 세트 2종,기타,미분류
persona_8,658,0.6171286702156067,헤라,루즈 클래시 3.5g,건기식,기능성식품
persona_8,659,0.5954990386962891,헤라,NEW 블랙 쿠션 파운데이션 SPF34/PA++ 15g,선케어,선크림
persona_8,660,0.6177389025688171,헤라,옴므 올인원 스킨 하이드로 트리트먼트 150ml,기타,미분류
persona_8,661,0.6363034248352051,헤라,시그니아 워터 에멀젼 기프트 세트 2종,기타,미분류
persona_8,662,0.6220962405204773,헤라,블러쉬 5.5g,건기식,기능성식품
persona_8,663,0.6147930026054382,헤라,UV프로텍터 익스트림포스 레포츠 SPF50+/PA++++ 70ml,선케어,선크림
persona_8,664,0.621483564376831,헤라,UV프로텍터 멀티디펜스 프레쉬 SPF50+/PA++++ 50ml,선케어,선크림
persona_8,665,0.635394811630249,헤라,NEW 옴므 블루 에센스 기획 2종 세트,스킨케어,에센스
persona_8,666,0.6317600607872009,헤라,리치 컬링 마스카라,메이크업,마스카라
persona_8,667,0.6341482996940613,헤라,브로우 디자이너 오토펜슬,메이크업,아이브로우
persona_8,668,0.6130797863006592,헤라,NEW 코렉팅 베이스 UV 프로텍터 SPF50+/PA++++ 35ml,선케어,선크림
persona_8,669,0.6057277917861938,헤라,센슈얼 파우더 매트 립스틱 3g,메이크업,립스틱
persona_8,670,0.6429793238639832,헤라,브로우 디자이너 오토펜슬,메이크업,아이브로우
persona_8,671,0.6236592531204224,헤라,에이지 어웨이 에스테틱 BX 아이크림 25ml,스킨케어,크림
persona_8,672,0.6048399806022644,헤라,지일 오 데 퍼퓸 40ml,기타,미분류
persona_8,673,0.6120957732200623,헤라,옴므 에센스 인 스킨 125ml,스킨케어,에센스
persona_8,674,0.5938674211502075,헤라,에이지 어웨이 에스테틱 BX83 리포솜 40ml,기타,미분류
persona_8,675,0.6038677096366882,헤라,NEW 쿼드 아이 컬러 섀도우 9g,메이크업,아이섀도우
persona_8,676,0.608551561832428,헤라,NEW 에어리 파우더 프라이머 8.5g,건기식,기능성식품
persona_8,677,0.6340344548225403,헤라,파워부스팅 스페셜세트 2종,기타,미분류
persona_8,678,0.5878317356109619,헤라,NEW 립 세럼 11g,스킨케어,세럼
persona_8,679,0.6016624569892883,헤라,옴므 에센스 인 에멀젼 110ml,스킨케어,에센스
persona_8,680,0.6032274961471558,헤라,메이크업픽서 80ml,메이크업,마스카라
persona_8,681,0.6076869368553162,헤라,딥 클렌징 오일 225ml,기타,미분류
persona_8,682,0.6166608333587646,헤라,센슈얼 피팅 글로우틴트 5g,메이크업,립틴트
persona_8,683,0.6124095916748047,헤라,컴피 리바이탈라이징 세럼 미스트 90ml,스킨케어,세럼
persona_8,684,0.618941068649292,헤라,에이지 어웨이 에스테틱 BX 워터 150ml,기타,미분류
persona_8,685,0.6161941289901733,헤라,에이지 어웨이 에스테틱 BX 크림 50ml,스킨케어,크림
persona_8,686,0.6316189169883728,헤라,이지 스타일링 아이라이너 0.5g,메이크업,아이라이너
persona_8,687,0.6241023540496826,헤라,크리미 커버 컨실러 7.5g,건기식,기능성식품
persona_8,688,0.6279569268226624,헤라,하이드로 리플렉팅 마이크로 크림 50ml,스킨케어,크림
persona_8,689,0.5964104533195496,헤라,소프트 피니시 루스 파우더 15g,건기식,기능성식품
persona_8,690,0.5985845327377319,헤라,에이지 어웨이 에스테틱 BX 에멀젼 120ml,기타,미분류
persona_8,691,0.6307415962219238,헤라,하이드로 리플렉팅 2종 세트,기타,미분류
persona_8,692,0.6058425307273865,헤라,파워부스팅 페이스 트리트먼트 110ml,기타,미분류
persona_8,693,0.6107127666473389,헤라,센슈얼 립앤치크 7g,건기식,기능성식품
persona_8,694,0.601567268371582,헤라,하이드로 리플렉팅 플루이드 140ml,기타,미분류
persona_8,695,0.6079201698303223,헤라,하이드로 리플렉팅 토너 170ml,기타,미분류
persona_8,696,0.6137821674346924,헤라,시그니아 에센셜 밸런싱 에멀젼 150ml,기타,미분류
persona_8,697,0.6243864297866821,헤라,리쥬브네이트 앰플 크림 50ml,스킨케어,앰플
persona_8,698,0.6341051459312439,헤라,아이 디자이너 펜슬,메이크업,아이라이너
persona_8,699,0.6036864519119263,헤라,벨벳 나이트 퍼퓸드 샤워젤 250g,건기식,기능성식품
persona_8,700,0.6063921451568604,헤라,UV 프로텍터 액티브 선 밤 SPF 50+/PA++++ 10g,선케어,선크림
persona_8,701,0.5989997982978821,헤라,NEW 헬씨 글로우 듀이 밤 10g,스킨케어,크림
persona_8,702,0.6239867806434631,헤라,하이드로-듀 플럼핑 앰플 50ml,스킨케어,앰플
persona_8,703,0.6145809292793274,헤라,리치 컬링 워터프루프 마스카라 6g,메이크업,마스카라
persona_8,704,0.6096593737602234,헤라,지일 블루밍 퍼퓸드 바디로션 230ml,바디,바디케어
persona_8,705,0.6104158759117126,헤라,NEW 부스팅 베이스 UV 프로텍터 SPF15 35ml,선케어,선크림
persona_8,706,0.606074869632721,헤라,메이크업 리무버 125ml,클렌징,리무버
persona_8,707,0.6239867806434631,헤라,하이드로-듀 플럼핑 크림 50ml,스킨케어,크림
persona_8,708,0.6109010577201843,헤라,NEW 리프레싱 토닉 클렌징워터 200ml,기타,미분류
persona_8,709,0.6189535856246948,헤라,NEW 시그니아 일루미네이팅 세럼 30ml,스킨케어,세럼
persona_8,710,0.6148490309715271,헤라,파워부스팅 토너 150ml,기타,미분류
persona_8,711,0.6236592531204224,헤라,NEW 레티놀 3X 리프팅 세럼 25ml,스킨케어,세럼
persona_8,712,0.6043480038642883,헤라,벨벳 나이트 오 데 퍼퓸 40ml,기타,미분류
persona_8,713,0.5976128578186035,헤라,스킨 틴트 컴피 스프레더 SPF50/ PA++++ 15g,선케어,선크림
persona_8,714,0.6067847013473511,헤라,파워부스팅 모이스춰라이저 110ml,기타,미분류
persona_8,715,0.5984138250350952,헤라,옴므 블랙 액티브 어드밴스드 에멀전 110ml,기타,미분류
persona_8,716,0.6080564856529236,헤라,옴므 블랙 액티브 어드밴스드 토너 125ml,기타,미분류
persona_8,717,0.6246140599250793,헤라,하이드로-듀 플럼핑 워터 드롭 50ml,기타,미분류
persona_8,718,0.6021884083747864,헤라,NEW 옴므 블루 에센스 인 에멀전 110ml,스킨케어,에센스
persona_8,719,0.6099634766578674,헤라,NEW 옴므 블루 에센스 인 토너 125ml,스킨케어,에센스
persona_8,720,0.6048399806022644,헤라,페르소프 오 데 퍼퓸 40ml,기타,미분류
persona_8,721,0.6032301783561707,헤라,NEW 블랙 쿠션 파운데이션 00P1 SPF34/PA++ 15g,선케어,선크림
persona_8,722,0.6136584877967834,헤라,UV 프로텍터 톤업 2개 + 월리 뽀모도로 타이머 & 포스트카드,기타,미분류
persona_8,723,0.6240089535713196,헤라,블랙쿠션 23N1 듀오 + 리필 + 월리 우프 무드등,기타,미분류
persona_8,724,0.6240089535713196,헤라,블랙쿠션 21N1 듀오 + 리필 + 월리 우프 무드등,기타,미분류
persona_8,725,0.635336697101593,헤라,실키스테이 24H 롱웨어 파운데이션 23N1 기획세트,기타,미분류
persona_8,726,0.635336697101593,헤라,실키스테이 24H 롱웨어 파운데이션 21N1 기획세트,기타,미분류
persona_8,727,0.6277742981910706,헤라,글로우쿠션 리필 21N1 + 쿠션 케이스 #1 메탈릭레더,기타,미분류
persona_8,728,0.6131263971328735,헤라,블러쉬 스틱 7.7g,건기식,기능성식품
persona_8,729,0.6191451549530029,헤라,NEW 컴피 컨디셔닝 에센스 150g,스킨케어,에센스
persona_8,730,0.6035988926887512,헤라,지일 블루밍 퍼퓸드 샤워 젤 250g,건기식,기능성식품
persona_8,731,0.608714759349823,헤라,벨벳 나이트 퍼퓸드 바디 로션 230ml,바디,바디케어
persona_8,732,0.6143997311592102,비레디,웨이크업 생기 립밤 3g,스킨케어,크림
persona_8,733,0.6143997311592102,라네즈,웨이크업 생기 립밤 3g,스킨케어,크림
persona_8,734,0.598429799079895,비레디,트루톤 로션  40ml,기타,미분류
persona_8,735,0.598429799079895,라네즈,트루톤 로션  40ml,기타,미분류
persona_8,736,0.6358453035354614,비레디,블루 수분 선크림 1+1 기획세트 SPF50+PA++++,선케어,선크림
persona_8,737,0.6358453035354614,라네즈,블루 수분 선크림 1+1 기획세트 SPF50+PA++++,선케어,선크림
persona_8,738,0.6101721525192261,비레디,블루 파운데이션 SPF27/PA++ 35ml,선케어,선크림
persona_8,739,0.6101721525192261,라네즈,블루 파운데이션 SPF27/PA++ 35ml,선케어,선크림
persona_8,740,0.6008803844451904,비레디,블루쿠션 SPF34/PA++ 15g,선케어,선크림
persona_8,741,0.6008803844451904,라네즈,블루쿠션 SPF34/PA++ 15g,선케어,선크림
persona_8,742,0.6335757374763489,비레디,무드업 듀얼 아이섀도우 브러쉬,메이크업,아이섀도우
persona_8,743,0.6335757374763489,라네즈,무드업 듀얼 아이섀도우 브러쉬,메이크업,아이섀도우
persona_8,744,0.5978614687919617,비레디,블루쿠션 SPF34/PA++ 15g,선케어,선크림
persona_8,745,0.5978614687919617,라네즈,블루쿠션 SPF34/PA++ 15g,선케어,선크림
persona_8,746,0.5953750014305115,비레디,시카페인 트러블리셋 세럼 40ml,스킨케어,세럼
persona_8,747,0.5953750014305115,라네즈,시카페인 트러블리셋 세럼 40ml,스킨케어,세럼
persona_8,748,0.6263126730918884,비레디,블루 수분 선크림 SPF50+/PA++++ 50ml,선케어,선크림
persona_8,749,0.6263126730918884,라네즈,블루 수분 선크림 SPF50+/PA++++ 50ml,선케어,선크림
persona_8,750,0.6291946172714233,비레디,프라이드업 아이브로우 0.6G,메이크업,아이브로우
persona_8,751,0.6291946172714233,라네즈,프라이드업 아이브로우 0.6G,메이크업,아이브로우
persona_8,752,0.6126609444618225,비레디,블루 세범 파우더 7g,건기식,기능성식품
persona_8,753,0.6126609444618225,라네즈,블루 세범 파우더 7g,건기식,기능성식품
persona_8,754,0.6000134348869324,비레디,시카페인 트러블리셋 토너 250ml,기타,미분류
persona_8,755,0.6000134348869324,라네즈,시카페인 트러블리셋 토너 250ml,기타,미분류
persona_8,756,0.6097039580345154,비레디,시카페인 트러블리셋 크림 70ml,스킨케어,크림
persona_8,757,0.6097039580345154,라네즈,시카페인 트러블리셋 크림 70ml,스킨케어,크림
persona_8,758,0.631476104259491,비레디,블루 파운데이션 퍼프,기타,미분류
persona_8,759,0.631476104259491,라네즈,블루 파운데이션 퍼프,기타,미분류
persona_8,760,0.6263126730918884,비레디,하이드로 스웻프루프 선크림 SPF50+/PA++++ 50ml,선케어,선크림
persona_8,761,0.6263126730918884,라네즈,하이드로 스웻프루프 선크림 SPF50+/PA++++ 50ml,선케어,선크림
persona_8,762,0.5984264016151428,비레디,에어리 헤어 페이스트 80g,건기식,기능성식품
persona_8,763,0.5984264016151428,라네즈,에어리 헤어 페이스트 80g,건기식,기능성식품
persona_8,764,0.6391377449035645,비레디,4.4,기타,미분류
persona_8,765,0.6391377449035645,라네즈,4.4,기타,미분류
persona_8,766,0.6209014654159546,비레디,시카페인 트러블리셋 클렌징폼 150g,건기식,기능성식품
persona_8,767,0.6209014654159546,라네즈,시카페인 트러블리셋 클렌징폼 150g,건기식,기능성식품
persona_8,768,0.6146228909492493,비레디,무드업 음영 아이팔레트 7g,건기식,기능성식품
persona_8,769,0.6146228909492493,라네즈,무드업 음영 아이팔레트 7g,건기식,기능성식품
persona_8,770,0.612743616104126,비레디,생기 립밤 3g,스킨케어,크림
persona_8,771,0.612743616104126,라네즈,생기 립밤 3g,스킨케어,크림
persona_8,772,0.612743616104126,비레디,생기 립밤 3g,스킨케어,크림
persona_8,773,0.612743616104126,라네즈,생기 립밤 3g,스킨케어,크림
persona_8,774,0.612743616104126,비레디,생기 립밤 3g,스킨케어,크림
persona_8,775,0.612743616104126,라네즈,생기 립밤 3g,스킨케어,크림
persona_8,776,0.6335520148277283,비레디,블루 파운데이션 3호,기타,미분류
persona_8,777,0.6335520148277283,라네즈,블루 파운데이션 3호,기타,미분류
persona_8,778,0.6335520148277283,비레디,블루 파운데이션 2호,기타,미분류
persona_8,779,0.6335520148277283,라네즈,블루 파운데이션 2호,기타,미분류
persona_8,780,0.6410134434700012,비레디,블루쿠션 3호 제프리,기타,미분류
persona_8,781,0.6410134434700012,라네즈,블루쿠션 3호 제프리,기타,미분류
persona_8,782,0.6410134434700012,비레디,블루쿠션 2호 라이언,기타,미분류
persona_8,783,0.6410134434700012,라네즈,블루쿠션 2호 라이언,기타,미분류
persona_8,784,0.6424708366394043,비레디,시카페인 트러블리셋 2종,기타,미분류
persona_8,785,0.6424708366394043,라네즈,시카페인 트러블리셋 2종,기타,미분류
persona_8,786,0.6389113068580627,비레디,블루 수분 선크림 SPF50+/PA++++,선케어,선크림
persona_8,787,0.6389113068580627,라네즈,블루 수분 선크림 SPF50+/PA++++,선케어,선크림
persona_8,788,0.6340482831001282,아이오페,슈퍼바이탈 기초 2종 세트,기타,미분류
persona_8,789,0.6189858317375183,아이오페,비타민C 엑스퍼트25% 토닝앰플 23ml,스킨케어,앰플
persona_8,790,0.636931300163269,아이오페,바이오 컨디셔닝 에센스 하이드로 인핸싱 마스크 5매,스킨케어,마스크팩
persona_8,791,0.6026943325996399,아이오페,맨 올데이 퍼펙트 올인원 120ml,기타,미분류
persona_8,792,0.617296576499939,아이오페,슈퍼바이탈 크림 세트 50ml,스킨케어,크림
persona_8,793,0.6142371296882629,아이오페,바이오 컨디셔닝 에센스 168ml,스킨케어,에센스
persona_8,794,0.6288909912109375,아이오페,XMD 스템3 스페셜 2종 세트,기타,미분류
persona_8,795,0.6015688180923462,아이오페,맨 프로 레티놀 올인원 기획세트 120ml,기타,미분류
persona_8,796,0.621351957321167,아이오페,슈퍼바이탈 아이크림 25ml,스킨케어,크림
persona_8,797,0.5962340831756592,아이오페,골든 글로우 페이스 오일 40ml,기타,미분류
persona_8,798,0.6451104283332825,아이오페,레티놀 세럼 인 겔 마스크,스킨케어,마스크팩
persona_8,799,0.6203947067260742,아이오페,XMD 스템3 클리니컬 리커버리 크림 50ml,스킨케어,크림
persona_8,800,0.6297522187232971,아이오페,맨 바이오 안티에이징 2종 세트,기타,미분류
persona_8,801,0.6158229112625122,아이오페,바이오 컨디셔닝 에센스 폼 클렌저 180ml,스킨케어,에센스
persona_8,802,0.5961019992828369,아이오페,에어쿠션 5.5세대 커버 SPF50/PA+++ 15g,선케어,선크림
persona_8,803,0.6214269399642944,아이오페,UV 쉴드 선 프로텍터 SPF50+/PA++++ 50ml,선케어,선크림
persona_8,804,0.5954759120941162,아이오페,에어쿠션 5.5세대 커버 SPF50/PA+++ 15g,선케어,선크림
persona_8,805,0.6091446280479431,아이오페,맨 퍼펙트 올인원 클렌저 125g,건기식,기능성식품
persona_8,806,0.6230294704437256,아이오페,레티놀 엑스퍼트 0.1% 링클 코렉터 기획세트 30ml,기타,미분류
persona_8,807,0.6219906210899353,아이오페,XMD 스템3 클리니컬 리커버리 세럼 50ml,스킨케어,세럼
persona_8,808,0.5987757444381714,아이오페,슈퍼바이탈 오일 블렌딩 세럼 40ml,스킨케어,세럼
persona_8,809,0.6296949982643127,아이오페,히아루로닉 크림 100ml,스킨케어,크림
persona_8,810,0.6091331243515015,아이오페,레티놀 엑스퍼트 0.5% 얼티밋 컨센트레이트 15ml,기타,미분류
persona_8,811,0.6208708882331848,아이오페,PDRN 카페인샷 50ml,기타,미분류
persona_8,812,0.6179651021957397,아이오페,PDRN 카페인샷 30ml,기타,미분류
persona_8,813,0.6208409070968628,아이오페,레티놀 엑스퍼트 0.3% 링클 코렉터 20ml,기타,미분류
persona_8,814,0.6214269399642944,아이오페,UV 쉴드 톤업 선 SPF50+/PA++++ 50ml,선케어,선크림
persona_8,815,0.6124522686004639,아이오페,브라이트닝 기미 에센스 45ml,스킨케어,에센스
persona_8,816,0.6294613480567932,아이오페,프로 필링 소프트젤 100ml,기타,미분류
persona_8,817,0.6170161962509155,아이오페,슈퍼바이탈 소프너 150ml,기타,미분류
persona_8,818,0.6021963357925415,아이오페,맨 올데이 퍼펙트 톤업 올인원 SPF15 120ml,선케어,선크림
persona_8,819,0.6086922883987427,아이오페,맨 안티에이징 에멀젼 EX 120ml,기타,미분류
persona_8,820,0.6024875640869141,아이오페,슈퍼바이탈 쿠션 이엑스 SPF 50+/PA+++ 16g,선케어,선크림
persona_8,821,0.6355054378509521,아이오페,하이드로 리프트 크림,스킨케어,크림
persona_8,822,0.6205415725708008,아이오페,슈퍼바이탈 에멀젼 150ml,기타,미분류
persona_8,823,0.6179115176200867,아이오페,바이오 컨디셔닝 클렌징 오일 인 젤 150ml,기타,미분류
persona_8,824,0.6199511289596558,아이오페,하이드로 리프트 에멀젼 150ml,기타,미분류
persona_8,825,0.6062942147254944,아이오페,UV 쉴드 선 앰플 SPF 50+/PA+++ 40ml,선케어,선크림
persona_8,826,0.6150447726249695,아이오페,맨 컴파운드 선 스크린 SPF 50+/PA++++ 50ml,선케어,선크림
persona_8,827,0.6132650375366211,아이오페,XMD 스템3 클리니컬 리커버리 세럼 30ml,스킨케어,세럼
persona_8,828,0.6195113062858582,아이오페,레티놀 엑스퍼트 0.1% 링클 코렉터 기획세트 20ml,기타,미분류
persona_8,829,0.6059101223945618,아이오페,UV 쉴드 선 스틱 SPF50+/PA++++ 20g,선케어,선크림
persona_8,830,0.6081861853599548,아이오페,XMD 스템3 클리니컬 리커버리 소프너 130ml,기타,미분류
persona_8,831,0.6053524613380432,아이오페,XMD 스템3 클리니컬 리커버리 에멀전 130ml,기타,미분류
persona_8,832,0.6212509274482727,아이오페,슈퍼바이탈 쿠션 이엑스 SPF 50+/PA+++,선케어,선크림
persona_8,833,0.6129351258277893,아이오페,맨 바이오 컨디셔닝 에센스 145ml,스킨케어,에센스
persona_8,834,0.6292760372161865,아이오페,하이드로 리프트 2종 세트,기타,미분류
persona_8,835,0.6343657970428467,아이오페,슈퍼바이탈 3종 세트,기타,미분류
persona_8,836,0.6161775588989258,아이오페,하이드로 리프트 소프너 150ml,기타,미분류
persona_8,837,0.6291500329971313,아이오페,슈퍼바이탈 2종 세트,기타,미분류
persona_8,838,0.6202664971351624,아이오페,레티놀 레티젝션 세럼 30ml,스킨케어,세럼
persona_8,839,0.6355524659156799,아이오페,스킨 부스터 앰플 필 패드 8매입,스킨케어,앰플
persona_8,840,0.6323868036270142,아이오페,하이드로 리프트 세럼,스킨케어,세럼
persona_8,841,0.601593554019928,아이오페,슈퍼바이탈 넥앤데콜테 크림 40ml,스킨케어,크림
persona_8,842,0.624836802482605,아이오페,레티놀 0.1% 기획세트 + 월리 우프 무드등,기타,미분류
persona_8,843,0.6118931770324707,아이오페,레티놀 레티젝션 세럼 50ml 기획세트 + 월리 우프 무드등,스킨케어,세럼
persona_8,844,0.6124228835105896,아이오페,브라이트닝 기미 에센스 기획세트 45ml,스킨케어,에센스
persona_8,845,0.6015688180923462,아이오페,맨 올데이 퍼펙트 올인원 기획세트 120ml,기타,미분류
persona_8,846,0.6226250529289246,아이오페,XMD 스템3 클리니컬 리커버리 세럼 기획세트 50ml,스킨케어,세럼
persona_8,847,0.6131137609481812,아이오페,비타민C 엑스퍼트25% 토닝앰플 기획세트 23ml,스킨케어,앰플
persona_8,848,0.610086977481842,아이오페,멀티 비타민 10% 얼티밋 토닝 겔 마스크,스킨케어,마스크팩
persona_8,849,0.6185676455497742,아이오페,레티놀 레티젝션 세럼 50ml,스킨케어,세럼
persona_8,850,0.6393260359764099,아이오페,레티놀 세럼 인 겔 마스크,스킨케어,마스크팩
persona_8,851,0.6354628801345825,아이오페,스킨 부스터 앰플 필 패드 기획세트,스킨케어,앰플
persona_8,852,0.5919744372367859,아이오페,비타민C 엑스퍼트 40% 마스크 컨센트레이트 15g,스킨케어,마스크팩
persona_8,853,0.6358008980751038,아이오페,바이오 컨디셔닝 에센스 하이드로 인핸싱 마스크 10매,스킨케어,마스크팩
persona_8,854,0.6251341104507446,아이오페,레티놀 슈퍼 바운스 세럼 50ml,스킨케어,세럼
persona_8,855,0.6157093048095703,아이오페,바이오 컨디셔닝 에센스 기획세트 84ml,스킨케어,에센스
persona_8,856,0.6325558423995972,에이피뷰티,에이피 프라임 리저브 리트리니티 메쉬 파운데이션 스펀지 2개입,기타,미분류
persona_8,857,0.61521315574646,에이피뷰티,마이크로파인 인텐시브 크림 투 폼 클렌저 150g,스킨케어,크림
persona_8,858,0.5884354710578918,에이피뷰티,프라임 리저브 리트리니티 메쉬 파운데이션 12g,건기식,기능성식품
persona_8,859,0.5985406041145325,에이피뷰티,NEW 에이오 리부트 앤 리뉴 에센스 80ml,스킨케어,에센스
persona_8,860,0.6177561283111572,에이피뷰티,리쥬브네이팅 부스터 샷 엠디 세럼 30ml,스킨케어,세럼
persona_8,861,0.62459796667099,에이피뷰티,에이피 리파이닝 파우더 투 폼 클렌저 55g,건기식,기능성식품
persona_8,862,0.6007202863693237,에이피뷰티,에이오 트리플 디펜스 에어리 선 세럼 40ml,스킨케어,세럼
persona_8,863,0.6155697107315063,에이피뷰티,에이피 에이오 리부트 앤 리뉴 에센스 150ml,스킨케어,에센스
persona_8,864,0.6117850542068481,에이피뷰티,에이피 얼티밋 오일 투 밀크 클렌저 200ml,기타,미분류
persona_8,865,0.6269822716712952,에이피뷰티,프라임 리저브 리트리니 메쉬 파운데이션 케이스,기타,미분류
persona_8,866,0.6149048209190369,에이피뷰티,퍼밍 앤 래디언스 플럼핑 에멀전 150ml,기타,미분류
persona_8,867,0.6149048209190369,에이피뷰티,퍼밍 앤 래디언스 플럼핑 로션 150ml,기타,미분류
persona_8,868,0.6066917777061462,에이피뷰티,에이피 에이오 리부트 앤 리뉴 더블 컨센트레이트 40ml,기타,미분류
persona_8,869,0.6151793003082275,에이피뷰티,에이피 듀얼 리페어 리프트 크림 30ml,스킨케어,크림
persona_8,870,0.6159685254096985,에이피뷰티,에이피 프라임 리저브 리트리니티 세럼 30ml,스킨케어,세럼
persona_8,871,0.6368423104286194,에이피뷰티,에이피 리프트 앤 펌 듀얼 아이 트리트먼트,기타,미분류
persona_8,872,0.6088536381721497,에이피뷰티,듀얼 리페어 리프트 크림 마스크 5매 23g*5,스킨케어,마스크팩
persona_8,873,0.6347014904022217,에이피뷰티,에이피 에이오 리부트 앤 리뉴 크림,스킨케어,크림
persona_8,874,0.6186047792434692,에이피뷰티,에이피 프라임 리저브 리트리니티 에센스 로션 150ml,스킨케어,에센스
persona_8,875,0.6399334073066711,에이피뷰티,에이피 리프트 앤 리뉴 더블 샷 프로그램 1ea,기타,미분류
persona_8,876,0.6197481751441956,에이피뷰티,리서페이싱 앤 리페어 에센스 150ml,스킨케어,에센스
persona_8,877,0.6202638745307922,에이피뷰티,에이피 프라임 리저브 리트리니티 크림 50ml,스킨케어,크림
persona_8,878,0.6230579018592834,에이피뷰티,에이피 프라임 리저브 리트리니티 크림 50ml,스킨케어,크림
persona_8,879,0.6139377355575562,에이피뷰티,에이피 프라임 리저브 리트리니티 아이 앤 익스프레션 크림 20ml,스킨케어,크림
persona_8,880,0.6070235967636108,에이피뷰티,에이피 듀얼 리페어 리프트 리퀴드 크림 120ml,스킨케어,크림
persona_8,881,0.6151505708694458,에이피뷰티,에이피 듀얼 리페어 리프트 크림 50 ml,스킨케어,크림
persona_8,882,0.6394628286361694,에이피뷰티,퍼밍 앤 래디언스 플럼핑 듀오,기타,미분류
persona_8,883,0.601899266242981,에이피뷰티,프라임 리저브 리트리니티 메쉬 파운데이션 22N + 에이오 트리플 디펜스 에어리 선 세럼 40ml,스킨케어,세럼
persona_8,884,0.601899266242981,에이피뷰티,프라임 리저브 리트리니티 메쉬 파운데이션 21N + 에이오 트리플 디펜스 에어리 선 세럼 40ml,스킨케어,세럼
persona_8,885,0.601899266242981,에이피뷰티,프라임 리저브 리트리니티 메쉬 파운데이션 17C + 에이오 트리플 디펜스 에어리 선 세럼 40ml,스킨케어,세럼
persona_8,886,0.6177561283111572,에이피뷰티,리쥬브네이팅 부스터 샷 엠디 세럼 30ml,스킨케어,세럼
persona_8,887,0.6234174966812134,에이피뷰티,리쥬브네이팅 트리트먼트 엠디 크림 50ml,스킨케어,크림
persona_8,888,0.6365276575088501,에이피뷰티,프라임 리저브 리트리니티 메쉬 파운데이션 22N+블랙 케이스,기타,미분류
persona_8,889,0.6375486850738525,에이피뷰티,프라임 리저브 리트리니티 메쉬 파운데이션 21N+ 블랙 케이스,기타,미분류
persona_8,890,0.5986151695251465,에이피뷰티,프라임 리저브 리트리니티 메쉬 파운데이션 17C+ 블랙 케이스 12g,건기식,기능성식품
persona_8,891,0.6221489906311035,에이피뷰티,에이피 리프트 앤 리뉴 더블 샷 프로그램 3ea,기타,미분류
persona_8,892,0.6125273704528809,에이피뷰티,에이피 프라임 리저브 리트리니티 아이 앤 익스프레션 크림 20ml,스킨케어,크림
persona_8,893,0.6343715786933899,일리윤,NEW  세라마이드 아토 로션 564ml,기타,미분류
persona_8,894,0.6218298077583313,일리윤,울트라 리페어 로션 528ml,기타,미분류
persona_8,895,0.6325311064720154,일리윤,히알루론 모이스춰 수분크림 100ml,스킨케어,크림
persona_8,896,0.6093259453773499,일리윤,세라마이드 아토 집중 크림 230ml,스킨케어,크림
persona_8,897,0.6211488842964172,일리윤,세라마이드 아토 6.0 탑투토워시 500ml,기타,미분류
persona_8,898,0.6098619103431702,일리윤,세라마이드 아토 로션 350ml,기타,미분류
persona_8,899,0.6191266179084778,일리윤,세라마이드 아토 6.0 탑투토워시 500ml,기타,미분류
persona_8,900,0.6126139760017395,일리윤,울트라 리페어 로션 350ml,기타,미분류
persona_8,901,0.6177700757980347,일리윤,세라마이드 아토 집중 크림 500ml,스킨케어,크림
persona_8,902,0.6178696751594543,일리윤,프레쉬 모이스춰 바디워시 500ml,바디,바디케어
persona_8,903,0.6130489706993103,일리윤,레드이치 케어크림 330ml,스킨케어,크림
persona_8,904,0.6252821683883667,일리윤,저자극 이지워시 선크림 SPF50+/PA++++ 150ml,선케어,선크림
persona_8,905,0.6161757707595825,일리윤,울트라 리페어 딥 모이스춰 워시 500ml,기타,미분류
persona_8,906,0.6042690873146057,일리윤,세라마이드 아토 6.0 탑투토워시 1000ml,기타,미분류
persona_8,907,0.597615659236908,일리윤,세라마이드 아토 속보습 스킨 250ml,기타,미분류
persona_8,908,0.6285412907600403,일리윤,레드이치 케어크림 75ml,스킨케어,크림
persona_8,909,0.6083380579948425,일리윤,레드이치 케어오일 200ml,기타,미분류
persona_8,910,0.6432352066040039,일리윤,세라마이드 아토 여행용 키트,기타,미분류
persona_8,911,0.6070495843887329,일리윤,프로바이오틱스 스킨 배리어 약산성 여성청결제 300ml,기타,미분류
persona_8,912,0.6151293516159058,일리윤,프레쉬 모이스춰 립앤아이 리무버 300ml,클렌징,리무버
persona_8,913,0.6227405071258545,일리윤,레드이치 큐어밤 60ml,스킨케어,크림
persona_8,914,0.6040794253349304,일리윤,세라마이드 아토 버블워시 앤 샴푸 900ml,기타,미분류
persona_8,915,0.5983518362045288,일리윤,레드이치 케어크림 128ml,스킨케어,크림
persona_8,916,0.611869752407074,일리윤,프레쉬 모이스춰 로션 350ml,기타,미분류
persona_8,917,0.6166585683822632,일리윤,울트라 리페어 인텐시브 케어 크림 200ml,스킨케어,크림
persona_8,918,0.597512423992157,일리윤,젠틀 딥 립앤아이 리무버 140ml,클렌징,리무버
persona_8,919,0.6107320189476013,일리윤,세라마이드 아토 수딩 젤 175ml,기타,미분류
persona_8,920,0.6089867353439331,일리윤,세라마이드 아토 5.0 젠틀스킨클렌져 400ml,기타,미분류
persona_8,921,0.6305815577507019,일리윤,무기자차 장벽 선크림 SPF50+/PA++++ 50ml,선케어,선크림
persona_8,922,0.6162452697753906,일리윤,데일리 무기자차 선스틱 SPF50+/PA++++ 20g,선케어,선크림
persona_8,923,0.6223825812339783,일리윤,세라마이드 아토 로션 508ml,기타,미분류
persona_8,924,0.609046220779419,일리윤,튼살크림 330ml,스킨케어,크림
persona_8,925,0.6014456152915955,일리윤,시카 아크네 클리어 필링 스크럽 200g,건기식,기능성식품
persona_8,926,0.6055808067321777,일리윤,시카 아크네 클리어 바디 워시 400ml,바디,바디케어
persona_8,927,0.6048858165740967,일리윤,젠틀 딥 클렌징 오일 250ml,기타,미분류
persona_8,928,0.6026115417480469,일리윤,시카 트러블 클리어 바디 미스트 200ml,바디,바디케어
persona_8,929,0.6010145545005798,일리윤,젠틀 딥 페이셜 클렌저 250ml,기타,미분류
persona_8,930,0.6165943741798401,일리윤,프로바이오틱스 스킨 배리어 젠틀 클렌저 300ml,기타,미분류
persona_8,931,0.6029485464096069,일리윤,세라마이드 아토 버블워시 앤 샴푸 400ml,기타,미분류
persona_8,932,0.6379461288452148,일리윤,히알루론 모이스춰 수분크림,스킨케어,크림
persona_8,933,0.6429590582847595,일리윤,세라마이드 아토 탑투토워시 본품+리필 SET,기타,미분류
persona_8,934,0.6418689489364624,일리윤,세라마이드 아토 로션 2입 SET,기타,미분류
persona_8,935,0.6109092831611633,일리윤,인텐시브 세라마이드 비건 립 마스크 7g,스킨케어,마스크팩
persona_8,936,0.6423032283782959,일리윤,울트라 리페어 인텐시브 케어 크림,스킨케어,크림
persona_8,937,0.6402079463005066,일리윤,울트라 리페어 로션,기타,미분류
persona_8,938,0.6430037617683411,일리윤,울트라 리페어 딥 모이스춰 워시,기타,미분류
persona_8,939,0.643404483795166,일리윤,울트라 리페어 로션,기타,미분류
persona_8,940,0.6360346674919128,일리윤,데일리 무기자차 선스틱 SPF50+/PA++++,선케어,선크림
persona_8,941,0.6437146067619324,일리윤,레드이치 케어크림,스킨케어,크림
persona_8,942,0.6407549381256104,일리윤,레드이치 고보습 워시,기타,미분류
persona_8,943,0.6439123153686523,일리윤,레드이치 케어오일,기타,미분류
persona_8,944,0.6416326761245728,일리윤,레드이치 케어크림,스킨케어,크림
persona_8,945,0.6099494099617004,일리윤,세라마이드 아토 집중 크림 230ml,스킨케어,크림
persona_8,946,0.6314406394958496,일리윤,레드이치 크림 + 고보습 워시,스킨케어,크림
persona_8,947,0.6102498173713684,일리윤,세라마이드 아토 집중크림 230ml,스킨케어,크림
persona_8,948,0.6418188810348511,일리윤,세라마이드 아토 로션,기타,미분류
persona_8,949,0.6442195773124695,일리윤,무기자차 장벽 선크림 SPF50+/PA++++,선케어,선크림
persona_8,950,0.6454883217811584,일리윤,저자극 이지워시 선크림 SPF50+/PA++++,선케어,선크림
persona_8,951,0.6433952450752258,일리윤,세라마이드 아토 수딩 젤,기타,미분류
persona_8,952,0.642351508140564,일리윤,프레쉬 모이스춰 바디워시,바디,바디케어
persona_8,953,0.6297537088394165,일리윤,세라마이드 아토 로션 564ml,기타,미분류
persona_8,954,0.6123933792114258,일리윤,레드이치 고보습 워시 470g,건기식,기능성식품
persona_8,955,0.6188148856163025,일리윤,세라마이드 무향 비건 립밤 3.2g,스킨케어,크림
persona_8,956,0.6271573305130005,일리윤,세라마이드 무향 비건 핸드크림 50ml,스킨케어,크림
persona_8,957,0.6398628950119019,이니스프리,레티놀 PDRN 앰플 겔 마스크 1매,스킨케어,마스크팩
persona_8,958,0.6265062093734741,이니스프리,한란 핸드 크림 50ml,스킨케어,크림
persona_8,959,0.6092588901519775,이니스프리,그린티 아미노 수분 클렌징 폼 150g,건기식,기능성식품
persona_8,960,0.6390715837478638,이니스프리,NEW 세럼/앰플 겔 마스크,스킨케어,마스크팩
persona_8,961,0.640154242515564,이니스프리,비타C 그린티 엔자임 세럼 겔 마스크 1매,스킨케어,마스크팩
persona_8,962,0.6220273971557617,이니스프리,마이 퍼퓸드 핸드크림 30ml,스킨케어,크림
persona_8,963,0.6402086019515991,이니스프리,고급 종이 면봉 150P,기타,미분류
persona_8,964,0.6359453201293945,이니스프리,New 납작 아이브로우 펜슬,메이크업,아이브로우
persona_8,965,0.640154242515564,이니스프리,레티놀 시카 리페어 앰플 겔 마스크 1매,스킨케어,마스크팩
persona_8,966,0.6130784153938293,이니스프리,그린티 아미노 수분 클렌징 오일 150ml,기타,미분류
persona_8,967,0.6214097142219543,이니스프리,노세범 미네랄 파우더 5g,건기식,기능성식품
persona_8,968,0.6061186790466309,이니스프리,그린티 아미노 수분 클렌징 워터 320ml,기타,미분류
persona_8,969,0.6285305619239807,이니스프리,블랙티 유스 인핸싱 앰플 마스크 28ml,스킨케어,마스크팩
persona_8,970,0.6179623603820801,이니스프리,유채꿀 립밤  3.5g,스킨케어,크림
persona_8,971,0.605710506439209,이니스프리,그린티 세라마이드 밀크 에센스 160ml,스킨케어,에센스
persona_8,972,0.6094828248023987,이니스프리,듀이 틴트 립밤 3.2g,메이크업,립틴트
persona_8,973,0.6214097142219543,이니스프리,노세범 모이스처 파우더 5g,건기식,기능성식품
persona_8,974,0.6358611583709717,이니스프리,비타C 그린티 엔자임세럼 기획세트,스킨케어,세럼
persona_8,975,0.6249719858169556,이니스프리,그린티 씨드 히알루론산 크림 50ml,스킨케어,크림
persona_8,976,0.6092588901519775,이니스프리,화산송이 모공 바하 클렌징 폼 150g,건기식,기능성식품
persona_8,977,0.6102702021598816,이니스프리,노세범 미네랄 팩트 8.5g,스킨케어,마스크팩
persona_8,978,0.6438822150230408,이니스프리,레티놀 PDRN 앰플 겔 마스크 6매,스킨케어,마스크팩
persona_8,979,0.610699474811554,이니스프리,스페셜케어마스크 풋 20ml,스킨케어,마스크팩
persona_8,980,0.6351137161254883,이니스프리,그린티 데일리 수딩 마스크 30매,스킨케어,마스크팩
persona_8,981,0.6107665300369263,이니스프리,화산송이 모공 바하 클렌징폼  250g,건기식,기능성식품
persona_8,982,0.6261823177337646,이니스프리,올리브 비타민 E 리얼 오일 미스트 75ml,기타,미분류
persona_8,983,0.6389229893684387,이니스프리,눈썹 수정칼 2P,건기식,기능성식품
persona_8,984,0.6046210527420044,이니스프리,그린티 씨드 히알루론산 세럼 대용량 130ml,스킨케어,세럼
persona_8,985,0.6054966449737549,이니스프리,퍼펙트 9 인텐시브 아이크림 30ml,스킨케어,크림
persona_8,986,0.6341568231582642,이니스프리,올리브 비타민 E 리얼 클렌징 티슈 30매,기타,미분류
persona_8,987,0.5993131995201111,이니스프리,마이 퍼퓸드 핸드크림 80ml,스킨케어,크림
persona_8,988,0.609277606010437,이니스프리,그린티 히알루론산 스킨 170ml,기타,미분류
persona_8,989,0.6263190507888794,이니스프리,노세범 블러 프라이머 25ml,기타,미분류
persona_8,990,0.6348828673362732,이니스프리,블랙티 유스 인핸싱 앰플 대용량 단품 세트,스킨케어,앰플
persona_8,991,0.5956995487213135,이니스프리,그린티 씨드 히알루론산 크림  80ml,스킨케어,크림
persona_8,992,0.615921676158905,이니스프리,블랙티 유스 인핸싱 오일 30ml,기타,미분류
persona_8,993,0.6489132642745972,이니스프리,파우더 퍼프 1ea,기타,미분류
persona_8,994,0.605551540851593,이니스프리,퍼펙트 9 인텐시브 크림 60ml,스킨케어,크림
persona_8,995,0.6186752915382385,이니스프리,노세범 AC 파우더 5g,건기식,기능성식품
persona_8,996,0.6179623603820801,이니스프리,유채꿀 립밤  3.5g,스킨케어,크림
persona_8,997,0.610699474811554,이니스프리,스페셜케어마스크 핸드 20ml,스킨케어,마스크팩
persona_8,998,0.6258121132850647,이니스프리,블랙티 유스 인핸싱 크림 50ml,스킨케어,크림
persona_8,999,0.6393184661865234,이니스프리,화산송이 한지 기름종이 50매,기타,미분류
persona_8,1000,0.6179332137107849,이니스프리,비자 트러블 클렌징폼 150g,건기식,기능성식품
persona_8,1001,0.6024035811424255,이니스프리,그린티 히알루론산 로션 170ml,기타,미분류
persona_8,1002,0.6040475964546204,이니스프리,비타C 그린티 엔자임 잡티 토닝 패드 60매/170ml,기타,미분류
persona_8,1003,0.6146404147148132,이니스프리,라이트 피팅 메이크업 베이스 SPF23/PA++ 30ml,선케어,선크림
persona_8,1004,0.6196643710136414,이니스프리,그린티 히알루론산 미스트 150ml,기타,미분류
persona_8,1005,0.6177806854248047,이니스프리,레티놀 시카 흔적 장벽 크림 50ml,스킨케어,크림
persona_8,1006,0.6087810397148132,이니스프리,그린티 세라마이드 밀크 에센스 리필 160ml,스킨케어,에센스
persona_8,1007,0.6140527129173279,이니스프리,한란 아이 크림 30ml,스킨케어,크림
persona_8,1008,0.6230989694595337,이니스프리,파워프루프 라이너  0.6g,메이크업,아이라이너
persona_8,1009,0.6042948365211487,이니스프리,올리브 비타민 E 리얼 스킨 170ml,기타,미분류
persona_8,1010,0.5986756682395935,이니스프리,그린티 씨드 히알루론산 세럼 80ml,스킨케어,세럼
persona_8,1011,0.6038416028022766,이니스프리,레티놀 그린티 PDRN 스킨부스터 토너 170ml,기타,미분류
persona_8,1012,0.6102049350738525,이니스프리,올리브 비타민 E 리얼 로션 170ml,기타,미분류
persona_8,1013,0.6040627956390381,이니스프리,그린티 씨드 히알루론산 세럼 리필 80ml,스킨케어,세럼
persona_8,1014,0.627224862575531,이니스프리,그린티 히알루론산 진정수분 선세럼 AD SPF50/PA++++ 50ml,선케어,선크림
persona_8,1015,0.6288667321205139,이니스프리,수퍼 화산송이 쿨민초 모공팩 100ml,스킨케어,마스크팩
persona_8,1016,0.6236953735351562,이니스프리,비타C 잡티 톤업 선스크린 SPF50+/PA++++ 50ml,선케어,선크림
persona_8,1017,0.6244153380393982,이니스프리,레티놀 그린티 PDRN 스킨부스터 앰플 25ml,스킨케어,앰플
persona_8,1018,0.6249719858169556,이니스프리,올리브 비타민e 리얼 크림 50ml,스킨케어,크림
persona_8,1019,0.6008474826812744,이니스프리,그린티 히알루론산 글로우 아이&페이스볼 10ml,기타,미분류
persona_8,1020,0.6350358128547668,이니스프리,그린티 씨드 히알루론산 스킨케어 세트,건기식,기능성식품
persona_8,1021,0.6252281069755554,이니스프리,애플씨드 립 앤 아이 메이크업 리무버 100ml,클렌징,리무버
persona_8,1022,0.6032575368881226,이니스프리,블랙티 유스 인핸싱 로션 170ml,기타,미분류
persona_8,1023,0.627075731754303,이니스프리,비타C 엔자임 잡티 토닝 크림 50ml,스킨케어,크림
persona_8,1024,0.6256930828094482,이니스프리,한란인리치드크림 50ml,스킨케어,크림
persona_8,1025,0.6069976687431335,이니스프리,국화 여성 청결제 200ml,기타,미분류
persona_8,1026,0.6262848973274231,이니스프리,왕벚꽃 글로우 스킨핏 톤업크림 SPF50 / PA++++ 50ml,선케어,선크림
persona_8,1027,0.6190895438194275,이니스프리,애플씨드 클렌징 크림 150ml,스킨케어,크림
persona_8,1028,0.6019511818885803,이니스프리,레티놀 그린티 PDRN 스킨부스터 앰플 40ml,스킨케어,앰플
persona_8,1029,0.6032024025917053,이니스프리,레티놀 시카 흔적 패드 60매/170ml,기타,미분류
persona_8,1030,0.5812522172927856,이니스프리,노세범 파우더 쿠션 SPF35/PA++ 14g,선케어,선크림
persona_8,1031,0.6249719858169556,이니스프리,그린티 씨드 히알루론산 크림  50ml,스킨케어,크림
persona_8,1032,0.6041706800460815,이니스프리,포레스트 포맨 쉐이빙 & 클렌징 폼 150g,건기식,기능성식품
persona_8,1033,0.6288667321205139,이니스프리,수퍼 화산송이 모공 마스크 100ml,스킨케어,마스크팩
persona_8,1034,0.6212260723114014,이니스프리,비타C 엔자임 잡티 토닝 크림 리필 50ml,스킨케어,크림
persona_8,1035,0.5987240076065063,이니스프리,청보리 마일드 필링젤 120ml,기타,미분류
persona_8,1036,0.6069728136062622,이니스프리,아일넘버 바디로션 씨즈더모먼트 300ml,바디,바디케어
persona_8,1037,0.6093577742576599,이니스프리,마이퍼퓸드바디 코튼플라워 바디로션 330ml,바디,바디케어
persona_8,1038,0.6282870769500732,이니스프리,포레스트 센서티브 올인원 에센스 100ml,스킨케어,에센스
persona_8,1039,0.6167202591896057,이니스프리,톤업 노세범 선스크린 EX SPF50+/PA++++ 60ml,선케어,선크림
persona_8,1040,0.5889897346496582,이니스프리,노세범 파우더 쿠션 리필 SPF35/PA++ 14g,선케어,선크림
persona_8,1041,0.6107665300369263,이니스프리,그린티 아미노 수분 클렌징폼  250g,건기식,기능성식품
persona_8,1042,0.6242263317108154,이니스프리,콜라겐 그린티 세라마이드 탄력장벽 크림 리필 50ml,스킨케어,크림
persona_8,1043,0.6012159585952759,이니스프리,링클 사이언스 스팟 트리트먼트 40ml,기타,미분류
persona_8,1044,0.6053916811943054,이니스프리,한란로션 170ml,기타,미분류
persona_8,1045,0.6296215653419495,이니스프리,심플라벨 워터프루프 펜슬라이너 0.1g,메이크업,아이라이너
persona_8,1046,0.6093577742576599,이니스프리,마이퍼퓸드바디 그린텐저린 바디로션 330ml,바디,바디케어
persona_8,1047,0.6282870769500732,이니스프리,포레스트 안티에이징 올인원 에센스 100ml,스킨케어,에센스
persona_8,1048,0.6089804768562317,이니스프리,비타C 그린티 엔자임 잡티 토닝 세럼 30ml,스킨케어,세럼
persona_8,1049,0.6094828248023987,이니스프리,듀이 트리트먼트 립밤 3.2g,스킨케어,크림
persona_8,1050,0.6256051063537598,이니스프리,유브이 액티브 포어리스 선스크린 SPF50+/PA++++ 50ml,선케어,선크림
persona_8,1051,0.6339895129203796,이니스프리,레티놀 시카 앰플 포커싱 패치 1개입 9매,스킨케어,앰플
persona_8,1052,0.6137397885322571,이니스프리,알로에 리바이탈라이징 수딩젤 300ml,기타,미분류
persona_8,1053,0.6044505834579468,이니스프리,라이트 피팅 컨실러 다크서클 커버 7g,건기식,기능성식품
persona_8,1054,0.6233426332473755,이니스프리,한란인리치드에센스 50ml,스킨케어,에센스
persona_8,1055,0.6065858602523804,이니스프리,아일넘버 바디워시 씨즈더모먼트 300ml,바디,바디케어
persona_8,1056,0.6133371591567993,이니스프리,스키니 꼼꼼카라 3.5g,건기식,기능성식품
persona_8,1057,0.6229182481765747,이니스프리,파워프루프 브러시 라이너 0.6g,메이크업,아이라이너
persona_8,1058,0.6252630352973938,이니스프리,히알루론 수분 선크림 SPF50+/PA++++ 50ml,선케어,선크림
persona_8,1059,0.6153138875961304,이니스프리,애플씨드 클렌징 오일 150ml,기타,미분류
persona_8,1060,0.615921676158905,이니스프리,레티놀 시카 흔적 앰플 30ml,스킨케어,앰플
persona_8,1061,0.615921676158905,이니스프리,블랙티 유스 인핸싱 앰플 30ml,스킨케어,앰플
persona_8,1062,0.6114099621772766,이니스프리,블랙티 유스 인핸싱 트리트먼트 에센스 145ml,스킨케어,에센스
persona_8,1063,0.6236972212791443,이니스프리,블랙티 유스 인핸싱 트리트먼트 에센스 75ml,스킨케어,에센스
persona_8,1064,0.5822948217391968,이니스프리,노세범 선쿠션 이엑스 SPF50+/PA++++ 14g,선케어,선크림
persona_8,1065,0.6210139393806458,이니스프리,하우스 스펀지 6p,기타,미분류
persona_8,1066,0.6190215945243835,이니스프리,콜라겐 그린티 세라마이드 탄력 장벽 크림 50ml,스킨케어,크림
persona_8,1067,0.5907784104347229,이니스프리,포어 블러 파우더 11g,건기식,기능성식품
persona_8,1068,0.6030373573303223,이니스프리,에어리매트 틴트 3.8g,메이크업,립틴트
persona_8,1069,0.6125302910804749,이니스프리,라이트 피팅 파운데이션 SPF20/PA++ 30ml,선케어,선크림
persona_8,1070,0.6067808866500854,이니스프리,스키니 꼼꼼카라 Zero 3.5g,건기식,기능성식품
persona_8,1071,0.6167202591896057,이니스프리,인텐시브 롱래스팅 선스크린 EX SPF50+/PA++++ 60ml,선케어,선크림
persona_8,1072,0.6317785978317261,이니스프리,비자 트러블 로션 100ml,기타,미분류
persona_8,1073,0.6045201420783997,이니스프리,블랙티 유스 인핸싱 스킨 170ml,기타,미분류
persona_8,1074,0.6142131686210632,이니스프리,그린티 스킨 포맨 150ml,기타,미분류
persona_8,1075,0.6033762097358704,이니스프리,한란스킨 170ml,기타,미분류
persona_8,1076,0.6104406714439392,이니스프리,마이퍼퓸드바디 코튼플라워바디클렌저 330ml,바디,바디케어
persona_8,1077,0.6113407015800476,이니스프리,퍼펙트 9 인텐시브 세럼 50ml,스킨케어,세럼
persona_8,1078,0.6036832332611084,이니스프리,퍼펙트 9 인텐시브 스킨 200ml,기타,미분류
persona_8,1079,0.6001132130622864,이니스프리,비자 시카 밤 EX 40ml,스킨케어,크림
persona_8,1080,0.609277606010437,이니스프리,비자 트러블 토너 170ml,기타,미분류
persona_8,1081,0.631883978843689,이니스프리,레티놀 시카 앰플 듀오 SET,스킨케어,앰플
persona_8,1082,0.6252630352973938,이니스프리,히알루론 수분 선크림 SPF50+/PA++++ 50ml,선케어,선크림
persona_8,1083,0.6142131686210632,이니스프리,그린티 로션 포맨 150ml,기타,미분류
persona_8,1084,0.6211247444152832,이니스프리,왕벚꽃 글로우 톤업 크림 50ml,스킨케어,크림
persona_8,1085,0.606569766998291,이니스프리,스키니 브로우카라 4g,메이크업,아이브로우
persona_8,1086,0.6132543683052063,이니스프리,화산송이 모공 바하 클렌징 오일 150ml,기타,미분류
persona_8,1087,0.6025385856628418,이니스프리,인텐시브 레져 선스틱 SPF50+/PA++++ 18g,선케어,선크림
persona_8,1088,0.612609326839447,이니스프리,올리브 비타민 E 리얼 클렌징폼 150g,건기식,기능성식품
persona_8,1089,0.6243574023246765,이니스프리,실키 파우더 블러쉬 6.2g,건기식,기능성식품
persona_8,1090,0.6195914149284363,이니스프리,애플씨드 버블 클렌저 150ml,기타,미분류
persona_8,1091,0.6102049350738525,이니스프리,화산송이 파하 모공 매끈결 토너 170ml,기타,미분류
persona_8,1092,0.6104406714439392,이니스프리,마이퍼퓸드바디 워터릴리바디클렌저 330ml,바디,바디케어
persona_8,1093,0.5812522172927856,이니스프리,라이트 글로우 쿠션 SPF26/PA++ 14g,선케어,선크림
persona_8,1094,0.6083601117134094,이니스프리,비자 시카 밤 EX 대용량 70ml,스킨케어,크림
persona_8,1095,0.5732289552688599,이니스프리,퍼펙트 9 인텐시브 스킨케어 세트  퍼펙트 9 인텐시브 스킨 200ml+ 퍼펙트 9 인텐시브 로션 160ml &  세럼 5ml + 크림 10ml + 아이크림 5ml,스킨케어,세럼
persona_8,1096,0.6179623603820801,이니스프리,유채꿀 립밤 3.5g,스킨케어,크림
persona_8,1097,0.6108858585357666,이니스프리,포어 블러 팩트 12.5g,스킨케어,마스크팩
persona_8,1098,0.6063675880432129,이니스프리,아일 넘버 바디앤핸드워시 웜앤퍼지스 300ml,바디,바디케어
persona_8,1099,0.6243652105331421,이니스프리,아일넘버 핸드크림 씨즈더모먼트 50ml,스킨케어,크림
persona_8,1100,0.6104406714439392,이니스프리,마이퍼퓸드바디 그린텐저린바디클렌저 330ml,바디,바디케어
persona_8,1101,0.6104868650436401,이니스프리,포레스트 프레시 스킨 180ml,기타,미분류
persona_8,1102,0.6025087237358093,이니스프리,포레스트 프레시 로션 140ml,기타,미분류
persona_8,1103,0.5793077945709229,이니스프리,블랙티 유스 인핸싱 스킨 케어 세트  블랙티 유스 인핸싱 스킨 170ml + 블랙티 유스 인핸싱 로션 170ml&  스킨 15ml + 로션 15ml + 앰플 12ml,스킨케어,앰플
persona_8,1104,0.5972743034362793,이니스프리,퍼펙트 9 인텐시브 로션 160ml,기타,미분류
persona_8,1105,0.6167202591896057,이니스프리,톤업 노세범 선스크린 EX SPF50+/PA++++ 60ml,선케어,선크림
persona_8,1106,0.6002931594848633,이니스프리,비타C 엔자임 잡티 토닝 크림  80ml,스킨케어,크림
persona_8,1107,0.6065483093261719,이니스프리,화산송이 모공 듀얼 마스크 110ml,스킨케어,마스크팩
persona_8,1108,0.6145188808441162,이니스프리,올리브 비타민E 리얼 클렌징 오일 150ml,기타,미분류
persona_8,1109,0.6093577742576599,이니스프리,마이퍼퓸드바디 워터릴리 바디로션 330ml,바디,바디케어
persona_8,1110,0.6135216951370239,이니스프리,스컬프팅 파우더 쉐이딩 6.8g,건기식,기능성식품
persona_8,1111,0.6386294364929199,이니스프리,포레스트 프레시 스킨 로션 2종 세트,기타,미분류
persona_8,1112,0.6071248650550842,이니스프리,심플라벨 래스팅 펜슬 브로우 0.15g,메이크업,아이브로우
persona_8,1113,0.6194945573806763,이니스프리,심플라벨 마스카라 7.5g,메이크업,마스카라
persona_8,1114,0.5889897346496582,이니스프리,라이트 글로우 쿠션 리필 SPF26/PA++ 14g,선케어,선크림
persona_8,1115,0.627377450466156,이니스프리,포레스트 포어 케어 올인원 에센스 100ml,스킨케어,에센스
persona_8,1116,0.604865550994873,이니스프리,청보리 마일드 필링 토너 250ml,기타,미분류
persona_8,1117,0.6022374629974365,이니스프리,레티놀 PDRN 앰플 기획세트 40ml,스킨케어,앰플
persona_8,1118,0.623238205909729,이니스프리,레티놀 시카 앰플 기획세트 50ml,스킨케어,앰플
persona_8,1119,0.6274796724319458,이니스프리,그린티 씨드 히알루론산 크림 기획세트,스킨케어,크림
persona_8,1120,0.6304144263267517,이니스프리,마이 퍼퓸드 핸드크림 세트,스킨케어,크림
persona_8,1121,0.6022374629974365,이니스프리,레티놀 PDRN 앰플 기획세트 40ml,스킨케어,앰플
persona_8,1122,0.6027625203132629,이니스프리,그린티 밀크 에센스 160ml 더블 기획세트,스킨케어,에센스
persona_8,1123,0.6242578625679016,이니스프리,이니스프리 클렌징 폼,기타,미분류
persona_8,1124,0.61104816198349,이니스프리,스페셜 케어 마스크  20ml,스킨케어,마스크팩
persona_8,1125,0.595866322517395,이니스프리,그린티 세라마이드 크림 80ml,스킨케어,크림
persona_8,1126,0.6250418424606323,이니스프리,그린티 세라마이드 크림 50ml,스킨케어,크림
persona_8,1127,0.6250418424606323,이니스프리,그린티 세라마이드 크림 50ml,스킨케어,크림
persona_8,1128,0.6249719858169556,이니스프리,그린티 씨드 히알루론산 크림 50ml,스킨케어,크림
persona_8,1129,0.6163326501846313,이니스프리,톤업 워터링 선스크린 SPF50+/PA++++ 60ml,선케어,선크림
persona_8,1130,0.6150474548339844,이니스프리,스마트 블렌더  1p,기타,미분류
persona_8,1131,0.6236426830291748,이니스프리,쉬어 글로이 하이라이터 5.5g,건기식,기능성식품
persona_8,1132,0.6416841149330139,이니스프리,일반 화장솜 80매,기타,미분류
persona_8,1133,0.6142607927322388,이니스프리,그린펫클럽 꼼꼼 워터리스 발세정제  150ml,기타,미분류
persona_8,1134,0.6245179772377014,이니스프리,아일 넘버 핸드크림 웜앤퍼지스 50ml,스킨케어,크림
persona_8,1135,0.6229182481765747,이니스프리,파워프루프 펜 라이너 0.6g,메이크업,아이라이너
persona_8,1136,0.6211247444152832,이니스프리,왕벚꽃 글로우 젤리 크림 50ml,스킨케어,크림
persona_8,1137,0.6186627745628357,이니스프리,스퀴즈 에너지 마스크 1매 22ml,스킨케어,마스크팩
persona_8,1138,0.623238205909729,이니스프리,레티놀 시카 흔적 앰플 50ml,스킨케어,앰플
persona_8,1139,0.6366666555404663,메디안,그린프로폴리스 치약 100g*3,건기식,기능성식품
persona_8,1140,0.6391354203224182,메디안,이지클린 센서티브 칫솔 4입,기타,미분류
persona_8,1141,0.6430034041404724,메디안,소금의 명작 치약,기타,미분류
persona_8,1142,0.6015621423721313,메디안,후레쉬 치약 3입  120g*3,건기식,기능성식품
persona_8,1143,0.6300601363182068,메디안,잇몸과학 치약 3입,기타,미분류
persona_8,1144,0.6313928365707397,메디안,NEW 치석케어칫솔 4입,기타,미분류
persona_8,1145,0.6438674330711365,메디안,대나무숯 담은 칫솔 미세모 4입,기타,미분류
persona_8,1146,0.6293092370033264,메디안,듀얼이펙션 칫솔 4입 미세모,기타,미분류
persona_8,1147,0.6369449496269226,메디안,닥터메디안 멀티케어 치약,기타,미분류
persona_8,1148,0.6463524103164673,메디안,송천염 치약,기타,미분류
persona_8,1149,0.6375248432159424,메디안,젠티스트 치약 핑크 2입,기타,미분류
persona_8,1150,0.6086271405220032,메디안,구취과학 치약 프리징쿨 3입  120g*3,건기식,기능성식품
persona_8,1151,0.6390355825424194,메디안,그래핀 칫솔 4+1입,기타,미분류
persona_8,1152,0.6430034041404724,메디안,녹차의 명작 치약,기타,미분류
persona_8,1153,0.6373332142829895,메디안,미백과학 치약 플럼민트향,기타,미분류
persona_8,1154,0.6420825719833374,메디안,닥터메디안 칫솔 5+5입,기타,미분류
persona_8,1155,0.6230340600013733,메디안,365DAYS step3 충치 불소 어린이 펌핑 치약 300g,건기식,기능성식품
persona_8,1156,0.6432911157608032,메디안,플렉스 이펙션 칫솔 4입,기타,미분류
persona_8,1157,0.63818359375,메디안,키즈 365DAYS step3 칫솔 12입,기타,미분류
persona_8,1158,0.6300601363182068,메디안,잇몸과학 칫솔 4입,기타,미분류
persona_8,1159,0.643366813659668,메디안,골드와이드 칫솔 10입,기타,미분류
persona_8,1160,0.6419652700424194,메디안,365DAYS 고밀도 초극세모 딥클린 칫솔 16입,기타,미분류
persona_8,1161,0.6414543986320496,메디안,성인용 365DAYS 칫솔 12입,기타,미분류
persona_8,1162,0.6430555582046509,메디안,소금의 명작 칫솔 4입,기타,미분류
persona_8,1163,0.6350579857826233,메디안,그린프로폴리스 잇몸케어 칫솔 4+1입,기타,미분류
persona_8,1164,0.6353620290756226,메디안,키즈 365DAYS step3 칫솔 6입,기타,미분류
persona_8,1165,0.6295418739318848,메디안,키즈 365DAYS step2 칫솔 12입,기타,미분류
persona_8,1166,0.6432911157608032,메디안,송천염 미세모 칫솔 4입,기타,미분류
persona_8,1167,0.6366759538650513,메디안,젠티스트 치약 핑크 100g,건기식,기능성식품
persona_8,1168,0.6430555582046509,메디안,녹차의 명작 칫솔 4입,기타,미분류
persona_8,1169,0.6408327221870422,메디안,젠티스트 치약 핑크 4입+쇼핑백 증정,건기식,기능성식품
persona_8,1170,0.6320271492004395,메디안,치석케어 치약 오리지널/구취/화이트/잇몸,기타,미분류
persona_8,1171,0.6143997311592102,비레디,웨이크업 생기 립밤 3g,스킨케어,크림
persona_8,1172,0.6143997311592102,라네즈,웨이크업 생기 립밤 3g,스킨케어,크림
persona_8,1173,0.598429799079895,비레디,트루톤 로션  40ml,기타,미분류
persona_8,1174,0.598429799079895,라네즈,트루톤 로션  40ml,기타,미분류
persona_8,1175,0.6358453035354614,비레디,블루 수분 선크림 1+1 기획세트 SPF50+PA++++,선케어,선크림
persona_8,1176,0.6358453035354614,라네즈,블루 수분 선크림 1+1 기획세트 SPF50+PA++++,선케어,선크림
persona_8,1177,0.6101721525192261,비레디,블루 파운데이션 SPF27/PA++ 35ml,선케어,선크림
persona_8,1178,0.6101721525192261,라네즈,블루 파운데이션 SPF27/PA++ 35ml,선케어,선크림
persona_8,1179,0.6008803844451904,비레디,블루쿠션 SPF34/PA++ 15g,선케어,선크림
persona_8,1180,0.6008803844451904,라네즈,블루쿠션 SPF34/PA++ 15g,선케어,선크림
persona_8,1181,0.6335757374763489,비레디,무드업 듀얼 아이섀도우 브러쉬,메이크업,아이섀도우
persona_8,1182,0.6335757374763489,라네즈,무드업 듀얼 아이섀도우 브러쉬,메이크업,아이섀도우
persona_8,1183,0.5978614687919617,비레디,블루쿠션 SPF34/PA++ 15g,선케어,선크림
persona_8,1184,0.5978614687919617,라네즈,블루쿠션 SPF34/PA++ 15g,선케어,선크림
persona_8,1185,0.5953750014305115,비레디,시카페인 트러블리셋 세럼 40ml,스킨케어,세럼
persona_8,1186,0.5953750014305115,라네즈,시카페인 트러블리셋 세럼 40ml,스킨케어,세럼
persona_8,1187,0.6263126730918884,비레디,블루 수분 선크림 SPF50+/PA++++ 50ml,선케어,선크림
persona_8,1188,0.6263126730918884,라네즈,블루 수분 선크림 SPF50+/PA++++ 50ml,선케어,선크림
persona_8,1189,0.6291946172714233,비레디,프라이드업 아이브로우 0.6G,메이크업,아이브로우
persona_8,1190,0.6291946172714233,라네즈,프라이드업 아이브로우 0.6G,메이크업,아이브로우
persona_8,1191,0.6126609444618225,비레디,블루 세범 파우더 7g,건기식,기능성식품
persona_8,1192,0.6126609444618225,라네즈,블루 세범 파우더 7g,건기식,기능성식품
persona_8,1193,0.6000134348869324,비레디,시카페인 트러블리셋 토너 250ml,기타,미분류
persona_8,1194,0.6000134348869324,라네즈,시카페인 트러블리셋 토너 250ml,기타,미분류
persona_8,1195,0.6097039580345154,비레디,시카페인 트러블리셋 크림 70ml,스킨케어,크림
persona_8,1196,0.6097039580345154,라네즈,시카페인 트러블리셋 크림 70ml,스킨케어,크림
persona_8,1197,0.631476104259491,비레디,블루 파운데이션 퍼프,기타,미분류
persona_8,1198,0.631476104259491,라네즈,블루 파운데이션 퍼프,기타,미분류
persona_8,1199,0.6263126730918884,비레디,하이드로 스웻프루프 선크림 SPF50+/PA++++ 50ml,선케어,선크림
persona_8,1200,0.6263126730918884,라네즈,하이드로 스웻프루프 선크림 SPF50+/PA++++ 50ml,선케어,선크림
persona_8,1201,0.5984264016151428,비레디,에어리 헤어 페이스트 80g,건기식,기능성식품
persona_8,1202,0.5984264016151428,라네즈,에어리 헤어 페이스트 80g,건기식,기능성식품
persona_8,1203,0.6391377449035645,비레디,4.4,기타,미분류
persona_8,1204,0.6391377449035645,라네즈,4.4,기타,미분류
persona_8,1205,0.6209014654159546,비레디,시카페인 트러블리셋 클렌징폼 150g,건기식,기능성식품
persona_8,1206,0.6209014654159546,라네즈,시카페인 트러블리셋 클렌징폼 150g,건기식,기능성식품
persona_8,1207,0.6146228909492493,비레디,무드업 음영 아이팔레트 7g,건기식,기능성식품
persona_8,1208,0.6146228909492493,라네즈,무드업 음영 아이팔레트 7g,건기식,기능성식품
persona_8,1209,0.612743616104126,비레디,생기 립밤 3g,스킨케어,크림
persona_8,1210,0.612743616104126,라네즈,생기 립밤 3g,스킨케어,크림
persona_8,1211,0.612743616104126,비레디,생기 립밤 3g,스킨케어,크림
persona_8,1212,0.612743616104126,라네즈,생기 립밤 3g,스킨케어,크림
persona_8,1213,0.612743616104126,비레디,생기 립밤 3g,스킨케어,크림
persona_8,1214,0.612743616104126,라네즈,생기 립밤 3g,스킨케어,크림
persona_8,1215,0.6335520148277283,비레디,블루 파운데이션 3호,기타,미분류
persona_8,1216,0.6335520148277283,라네즈,블루 파운데이션 3호,기타,미분류
persona_8,1217,0.6335520148277283,비레디,블루 파운데이션 2호,기타,미분류
persona_8,1218,0.6335520148277283,라네즈,블루 파운데이션 2호,기타,미분류
persona_8,1219,0.6410134434700012,비레디,블루쿠션 3호 제프리,기타,미분류
persona_8,1220,0.6410134434700012,라네즈,블루쿠션 3호 제프리,기타,미분류
persona_8,1221,0.6410134434700012,비레디,블루쿠션 2호 라이언,기타,미분류
persona_8,1222,0.6410134434700012,라네즈,블루쿠션 2호 라이언,기타,미분류
persona_8,1223,0.6424708366394043,비레디,시카페인 트러블리셋 2종,기타,미분류
persona_8,1224,0.6424708366394043,라네즈,시카페인 트러블리셋 2종,기타,미분류
persona_8,1225,0.6389113068580627,비레디,블루 수분 선크림 SPF50+/PA++++,선케어,선크림
persona_8,1226,0.6389113068580627,라네즈,블루 수분 선크림 SPF50+/PA++++,선케어,선크림
persona_8,1227,0.6356403827667236,퍼즐우드,메타그린 칼로리컷 젤리 다이어트 기능성 젤리 혈당탄수화물컷,기타,미분류
persona_8,1228,0.6309389472007751,퍼즐우드,메타그린 부스터샷 7일,기타,미분류
persona_8,1229,0.6361711621284485,퍼즐우드,메타그린 슬림업 다이어트 비건 기능성,기타,미분류
persona_8,1230,0.6343880295753479,퍼즐우드,메타그린 클린티 10입,기타,미분류
persona_8,1231,0.6309389472007751,퍼즐우드,녹차에서 온 유산균,기타,미분류
persona_8,1232,0.6355978846549988,퍼즐우드,슈퍼콜라겐 28입,기타,미분류
persona_8,1233,0.6334582567214966,퍼즐우드,멀티비타민미네랄,기타,미분류
persona_8,1234,0.6287685632705688,퍼즐우드,메타그린 효소 14입,기타,미분류
persona_8,1235,0.6322939991950989,퍼즐우드,슈퍼레티놀 30포,기타,미분류
persona_8,1236,0.6363791227340698,퍼즐우드,액티브 멀티팩,스킨케어,마스크팩
persona_8,1237,0.6380669474601746,퍼즐우드,오메가케어 30일,기타,미분류
persona_8,1238,0.6296744346618652,퍼즐우드,메타그린 슬림업,기타,미분류
persona_8,1239,0.6340996026992798,퍼즐우드,슈퍼콜라겐 골드,기타,미분류
persona_8,1240,0.6199594140052795,퍼즐우드,굿슬립 가바 365  식약처 인정 수면기능성,건기식,기능성식품
persona_8,1241,0.6321289539337158,퍼즐우드,슈퍼콜라겐 프리미엄,기타,미분류
persona_8,1242,0.6384499669075012,퍼즐우드,슈퍼에센셜,기타,미분류
persona_8,1243,0.6404671669006348,퍼즐우드,트루아이,기타,미분류
persona_8,1244,0.6468439102172852,퍼즐우드,슈퍼에센셜,기타,미분류
persona_8,1245,0.6278754472732544,퍼즐우드,메타그린 골드 플러스,기타,미분류
persona_8,1246,0.6380256414413452,퍼즐우드,명작수 골드,기타,미분류
persona_8,1247,0.6370846033096313,퍼즐우드,명작수 골드,기타,미분류
persona_8,1248,0.6300576329231262,퍼즐우드,메타그린 골드 플러스 패밀리 기획세트,기타,미분류
persona_8,1249,0.6272579431533813,퍼즐우드,슈퍼콜라겐 골드,기타,미분류
persona_8,1250,0.6309389472007751,퍼즐우드,NEW 슈퍼시카 B5,기타,미분류
persona_8,1251,0.6357389688491821,퍼즐우드,액티브멀티팩 기획세트,스킨케어,마스크팩
persona_8,1252,0.6389123201370239,퍼즐우드,리버프라임,기타,미분류
persona_8,1253,0.6296744346618652,퍼즐우드,조이스텝 골드,기타,미분류
persona_8,1254,0.6350223422050476,퍼즐우드,올인원 멀티팩,스킨케어,마스크팩
persona_8,1255,0.6357389688491821,퍼즐우드,트루아이 기획세트,기타,미분류
persona_8,1256,0.6294760704040527,퍼즐우드,조이스텝 골드,기타,미분류
persona_8,1257,0.6386069655418396,퍼즐우드,슈퍼콜라겐 플래티넘,기타,미분류
persona_8,1258,0.6294760704040527,퍼즐우드,슈퍼콜라겐 플래티넘,기타,미분류
persona_8,1259,0.6357389688491821,퍼즐우드,슈퍼콜라겐 골드,기타,미분류
persona_8,1260,0.642173707485199,퍼즐우드,비타클렌즈,기타,미분류
persona_8,1261,0.633700966835022,퍼즐우드,굿슬립 가바 365,기타,미분류
persona_8,1262,0.6339021325111389,퍼즐우드,올인원 멀티팩,스킨케어,마스크팩
persona_8,1263,0.6322939991950989,퍼즐우드,슈퍼레티놀 30포,기타,미분류
persona_8,1264,0.6309389472007751,퍼즐우드,메타그린 부스터샷 7일,기타,미분류
persona_8,1265,0.6361711621284485,퍼즐우드,메타그린 슬림업 다이어트 비건 기능성,기타,미분류
persona_8,1266,0.6357978582382202,퍼즐우드,슈퍼콜라겐 14입,기타,미분류
persona_8,1267,0.627702534198761,퍼즐우드,슈퍼콜라겐 28입X2개 + 월리 우프 무드등,기타,미분류
persona_8,1268,0.6199096441268921,퍼즐우드,메타그린 슬림업 30일X3개 + 월리 뽀모도로 타이머 & 포스트카드,기타,미분류
persona_8,1269,0.6320036053657532,퍼즐우드,슈퍼레티놀 기획세트,기타,미분류
persona_8,1270,0.6429743766784668,퍼즐우드,슈퍼에센셜 기획세트,기타,미분류
persona_8,1271,0.6373997926712036,퍼즐우드,리버프라임 105일,기타,미분류
persona_8,1272,0.6339021325111389,퍼즐우드,오메가케어 3입세트,기타,미분류
persona_8,1273,0.6305994391441345,퍼즐우드,NEW 슈퍼시카 B5,기타,미분류
persona_8,1274,0.6364783048629761,퍼즐우드,메타그린 슬림업,기타,미분류
persona_8,1275,0.6376181244850159,퍼즐우드,메타그린 슬림업,기타,미분류
persona_8,1276,0.6305994391441345,퍼즐우드,메타그린 부스터샷 7일,기타,미분류
persona_8,1277,0.6357556581497192,퍼즐우드,메타그린 부스터샷 7일,기타,미분류
persona_8,1278,0.6419135928153992,퍼즐우드,메타그린 효소,기타,미분류
persona_8,1279,0.6355074048042297,퍼즐우드,메타그린 부스터샷 7일,기타,미분류
persona_8,1280,0.6353192329406738,퍼즐우드,메타그린 부스터샷 7일,기타,미분류
persona_8,1281,0.6340797543525696,퍼즐우드,메타그린 클린티 10입,기타,미분류
persona_8,1282,0.6320036053657532,퍼즐우드,슈퍼레티놀 30포,기타,미분류
persona_8,1283,0.634953498840332,퍼즐우드,슈퍼콜라겐 28입,기타,미분류
persona_8,1284,0.639151930809021,퍼즐우드,슈퍼에센셜 28입,기타,미분류
persona_8,1285,0.6417821049690247,퍼즐우드,메타그린 슬림업,기타,미분류
persona_8,1286,0.6278560757637024,퍼즐우드,메타그린 골드 플러스 패밀리기획,기타,미분류
persona_8,1287,0.6340797543525696,퍼즐우드,메타그린 칼로리컷 젤리,기타,미분류
persona_8,1288,0.6305994391441345,퍼즐우드,녹차에서 온 유산균,기타,미분류
persona_8,1289,0.6375144124031067,퍼즐우드,메타그린 슬림업,기타,미분류
persona_8,1290,0.6373997926712036,퍼즐우드,프로바이오틱스 골드,기타,미분류
persona_8,1291,0.6268711686134338,퍼즐우드,프로바이오틱스&이뮨,기타,미분류
persona_8,1292,0.601088285446167,마몽드,BEST 플로라 글로우 로즈 리퀴드 마스크 80ml,스킨케어,마스크팩
persona_8,1293,0.6150858402252197,마몽드,프로바이오틱스 세라마이드 앰플 마스크팩 23ml,스킨케어,마스크팩
persona_8,1294,0.6240190863609314,마몽드,BEST 어메이징 딥 민트 클렌징밤 90ml,스킨케어,크림
persona_8,1295,0.6459181308746338,마몽드,프로바이오틱스 세라마이드 2종 세트,기타,미분류
persona_8,1296,0.6150771379470825,마몽드,에이지 컨트롤 카멜리아 앰플 마스크팩 23ml,스킨케어,마스크팩
persona_8,1297,0.6264228820800781,마몽드,에이지 컨트롤 카멜리아 크림 50ml,스킨케어,크림
persona_8,1298,0.6414945721626282,마몽드,어메이징 딥 민트 클렌징 티슈 70매,기타,미분류
persona_8,1299,0.6165441870689392,마몽드,프로바이오틱스 세라마이드 에멀젼 150ml,기타,미분류
persona_8,1300,0.6186492443084717,마몽드,프로바이오틱스 세라마이드 인텐스 크림 60ml,스킨케어,크림
persona_8,1301,0.61067795753479,마몽드,플로라 글로우 로즈 워터 토너 500ml 500ml,기타,미분류
persona_8,1302,0.6291052103042603,마몽드,BEST 카밍 샷 아줄렌 흔적 수분 앰플 50ml,스킨케어,앰플
persona_8,1303,0.6331751942634583,마몽드,4.8,기타,미분류
persona_8,1304,0.6072401404380798,마몽드,세라마이드 아미노 폼 120g,건기식,기능성식품
persona_8,1305,0.6243191957473755,마몽드,맨 리차징 로션 150ml,기타,미분류
persona_8,1306,0.6150771379470825,마몽드,카밍 샷 아줄렌 앰플 마스크팩 23ml,스킨케어,마스크팩
persona_8,1307,0.6102292537689209,마몽드,프로바이오틱스 세라마이드 스킨소프너 200ml,기타,미분류
persona_8,1308,0.6150771379470825,마몽드,플로라 글로우 로즈 앰플 마스크팩 23ml,스킨케어,마스크팩
persona_8,1309,0.6179634928703308,마몽드,맨 리차징 토너 180ml,기타,미분류
persona_8,1310,0.6139869093894958,마몽드,에이지 컨트롤 카멜리아 에멀젼 125ml,기타,미분류
persona_8,1311,0.6257691979408264,마몽드,에이지 컨트롤 카멜리아 세럼 50ml,스킨케어,세럼
persona_8,1312,0.6114122271537781,마몽드,어메이징 딥 민트 클렌징밤 180ml,스킨케어,크림
persona_8,1313,0.6372355222702026,마몽드,맨 리차징 2종 세트,기타,미분류
persona_8,1314,0.6192089915275574,마몽드,카밍 샷 아줄렌 크림 60ml,스킨케어,크림
persona_8,1315,0.6126093864440918,마몽드,어메이징 딥 민트 클렌징폼 120ml,기타,미분류
persona_8,1316,0.6177082657814026,마몽드,에이지 컨트롤 카멜리아 에센스 워터 150ml,스킨케어,에센스
persona_8,1317,0.6154999732971191,마몽드,플로라 글로우 로즈 워터 토너 300ml,기타,미분류
persona_8,1318,0.6172946095466614,마몽드,카밍 샷 아줄렌 선크림 SPF50+PA++++ 35ml,선케어,선크림
persona_8,1319,0.6079138517379761,마몽드,포어 슈링커 바쿠치올 레티놀 토너 200ml,기타,미분류
persona_8,1320,0.6265882849693298,마몽드,플로라 글로우 로즈 스무딩 크림 50ml,스킨케어,크림
persona_8,1321,0.6201393008232117,마몽드,포어 슈링커 바쿠치올 크림 60ml,스킨케어,크림
persona_8,1322,0.6249299645423889,마몽드,포어 슈링커 바쿠치올 세럼 50ml,스킨케어,세럼
persona_8,1323,0.6145250201225281,마몽드,어메이징 딥 민트차콜릿 클렌징밤 90ml,스킨케어,크림
persona_8,1324,0.634526789188385,마몽드,에이지 컨트롤 카멜리아 2종 세트,기타,미분류
persona_8,1325,0.6096474528312683,마몽드,어메이징 딥 민트차콜릿 팩클렌저 135g,스킨케어,마스크팩
persona_8,1326,0.6095284819602966,마몽드,플로라 글로우 로즈 틴티드 선세럼 35ml,스킨케어,세럼
persona_8,1327,0.635766863822937,마몽드,좋아요,기타,미분류
persona_8,1328,0.642173707485199,마몽드,좋아요,기타,미분류
persona_8,1329,0.6225399374961853,마몽드,플로라글로우 로즈 볼마스크 3.5ml,스킨케어,마스크팩
persona_8,1330,0.6209115386009216,마몽드,에이지컨트롤 카멜리아 크림 50ml X2개,스킨케어,크림
persona_8,1331,0.6490757465362549,마몽드,사은품,기타,미분류
persona_8,1332,0.6254386901855469,마몽드,카밍 샷 아줄렌 흔적 수분 앰플 50ml X2개,스킨케어,앰플
persona_8,1333,0.616040050983429,마몽드,어메이징 딥 민트 클렌징밤 90ml X2개,스킨케어,크림
persona_8,1334,0.598459005355835,마몽드,플로라글로우 로즈 리퀴드 마스크 80ml X2개,스킨케어,마스크팩
persona_8,1335,0.6354442238807678,마몽드,플로라글로우 로즈 하이드로겔 마스크,스킨케어,마스크팩
persona_8,1336,0.6145071983337402,마몽드,플로라글로우 로즈 볼마스크 3.5ml,스킨케어,마스크팩
persona_8,1337,0.5999162197113037,마몽드,NEW 플로라글로우 로즈 슬리핑 마스크 80g,스킨케어,마스크팩
persona_8,1338,0.6411579847335815,마몽드,플로라글로우 로즈 하이드로겔 마스크,스킨케어,마스크팩
persona_8,1339,0.6190990805625916,마몽드,플로라 글로우 로즈 볼마스크 3.5ml,스킨케어,마스크팩
persona_8,1340,0.6111361384391785,마몽드,NEW 오리지널 레시피 허니 모델링팩  66g,스킨케어,마스크팩
persona_8,1341,0.610745906829834,마몽드,NEW 카밍샷 아줄렌 모델링팩  66g,스킨케어,마스크팩
persona_8,1342,0.6370840668678284,마몽드,프로바이오틱스 세라마이드 앰플 마스크팩,스킨케어,마스크팩
persona_8,1343,0.6378186345100403,마몽드,카밍 샷 아줄렌 앰플 마스크팩,스킨케어,마스크팩
persona_8,1344,0.6378186345100403,마몽드,에이지 컨트롤 카멜리아 앰플 마스크팩,스킨케어,마스크팩
persona_8,1345,0.6370840668678284,마몽드,플로라글로우 로즈 앰플 마스크팩,스킨케어,마스크팩
persona_8,1346,0.6431507468223572,마몽드,프로바이오틱스 세라마이드 에멀젼,기타,미분류
persona_8,1347,0.6416917443275452,마몽드,프로바이오틱스 세라마이드 스킨소프너,기타,미분류
persona_8,1348,0.6345349550247192,마몽드,맨 리차징 토너,기타,미분류
persona_8,1349,0.643927276134491,마몽드,에이지 컨트롤 카멜리아 크림,스킨케어,크림
persona_8,1350,0.6415702104568481,마몽드,에이지 컨트롤 카멜리아 세럼,스킨케어,세럼
persona_8,1351,0.6159191131591797,마몽드,카밍 샷 아줄렌 토너 300ml,기타,미분류
persona_8,1352,0.6344584822654724,마몽드,플로라글로우 로즈 앰플 마스크팩,스킨케어,마스크팩
persona_8,1353,0.6351137161254883,마몽드,에이지 컨트롤 카멜리아 앰플 마스크팩,스킨케어,마스크팩
persona_8,1354,0.6351137161254883,마몽드,카밍 샷 아줄렌 앰플 마스크팩,스킨케어,마스크팩
persona_8,1355,0.6344584822654724,마몽드,프로바이오틱스 세라마이드 앰플 마스크팩,스킨케어,마스크팩
persona_8,1356,0.6437760591506958,마몽드,어메이징 딥 민트 클렌징폼,기타,미분류
persona_8,1357,0.6249299645423889,마몽드,포어 슈링커 바쿠치올 세럼 50ml,스킨케어,세럼
persona_8,1358,0.6405038833618164,오설록,"22,400원",기타,미분류
persona_8,1359,0.6240905523300171,오설록,"11,700원",기타,미분류
persona_8,1360,0.6274340748786926,오설록,"13,300원",기타,미분류
persona_8,1361,0.6456738710403442,오설록,"5,400원",기타,미분류
persona_8,1362,0.6422172784805298,오설록,"22,500원",기타,미분류
persona_8,1363,0.6432414650917053,오설록,"21,850원",기타,미분류
persona_8,1364,0.6512919664382935,오설록,"5,700원",기타,미분류
persona_8,1365,0.6334930658340454,오설록,"12,600원",기타,미분류
persona_8,1366,0.6274340748786926,오설록,"13,300원",기타,미분류
persona_8,1367,0.6403459906578064,오설록,"9,900원",기타,미분류
persona_8,1368,0.6512919664382935,오설록,"5,700원",기타,미분류
persona_8,1369,0.6390436291694641,오설록,"10,450원",기타,미분류
persona_8,1370,0.6403459906578064,오설록,"9,900원",기타,미분류
persona_8,1371,0.6362742185592651,오설록,"21,600원",기타,미분류
persona_8,1372,0.6408671736717224,오설록,"26,250원",기타,미분류
persona_8,1373,0.6260007619857788,오설록,"11,000원",기타,미분류
persona_8,1374,0.6240905523300171,오설록,"11,700원",기타,미분류
persona_8,1375,0.636289119720459,오설록,"27,000원",기타,미분류
persona_8,1376,0.6403459906578064,오설록,"9,900원",기타,미분류
persona_8,1377,0.6403459906578064,오설록,"9,900원",기타,미분류
persona_8,1378,0.6485499143600464,오설록,"9,500원",기타,미분류
persona_8,1379,0.6409428715705872,오설록,"23,750원",기타,미분류
persona_8,1380,0.6240905523300171,오설록,"11,700원",기타,미분류
persona_8,1381,0.624641478061676,오설록,"15,300원",기타,미분류
persona_8,1382,0.6260007619857788,오설록,"11,000원",기타,미분류
persona_8,1383,0.6422597169876099,오설록,"24,000원",기타,미분류
persona_8,1384,0.6372315883636475,오설록,"24,300원",기타,미분류
persona_8,1385,0.6260007619857788,오설록,"11,000원",기타,미분류
persona_8,1386,0.6403459906578064,오설록,"9,900원",기타,미분류
persona_8,1387,0.6218876838684082,오설록,"8,550원",기타,미분류
persona_8,1388,0.6403459906578064,오설록,"9,900원",기타,미분류
persona_8,1389,0.6355078220367432,오설록,"45,900원",기타,미분류
persona_8,1390,0.6274340748786926,오설록,"13,300원",기타,미분류
persona_8,1391,0.641146183013916,오설록,"9,900원",기타,미분류
persona_8,1392,0.6319297552108765,오설록,"27,000원",기타,미분류
persona_8,1393,0.6404606103897095,오설록,"12,350원",기타,미분류
persona_8,1394,0.6403459906578064,오설록,"9,900원",기타,미분류
persona_8,1395,0.6217203736305237,오설록,"14,850원",기타,미분류
persona_8,1396,0.6403459906578064,오설록,"9,900원",기타,미분류
persona_8,1397,0.6450247764587402,오설록,"17,550원",기타,미분류
persona_8,1398,0.6450247764587402,오설록,"17,550원",기타,미분류
persona_8,1399,0.6403459906578064,오설록,"9,900원",기타,미분류
persona_8,1400,0.6372315883636475,오설록,"24,300원",기타,미분류
persona_8,1401,0.6218876838684082,오설록,"8,550원",기타,미분류
persona_8,1402,0.6217203736305237,오설록,"14,850원",기타,미분류
persona_8,1403,0.6217203736305237,오설록,"14,850원",기타,미분류
persona_8,1404,0.6372315883636475,오설록,"24,300원",기타,미분류
persona_8,1405,0.6403459906578064,오설록,"9,900원",기타,미분류
persona_8,1406,0.6281895637512207,오설록,"66,300원",기타,미분류
persona_8,1407,0.6444109082221985,오설록,"54,400원",기타,미분류
persona_8,1408,0.6403459906578064,오설록,"9,900원",기타,미분류
persona_8,1409,0.6217203736305237,오설록,"14,850원",기타,미분류
persona_8,1410,0.641146183013916,오설록,"9,000원",기타,미분류
persona_8,1411,0.6260007619857788,오설록,"11,000원",기타,미분류
persona_8,1412,0.6372315883636475,오설록,"24,300원",기타,미분류
persona_8,1413,0.6403459906578064,오설록,"9,900원",기타,미분류
persona_8,1414,0.6372315883636475,오설록,"24,300원",기타,미분류
persona_8,1415,0.6319724917411804,오설록,"38,000원",기타,미분류
persona_8,1416,0.6254454255104065,오설록,"8,000원",기타,미분류
persona_8,1417,0.6450247764587402,오설록,"17,550원",기타,미분류
persona_8,1418,0.6372315883636475,오설록,"24,300원",기타,미분류
persona_8,1419,0.6390436291694641,오설록,"10,450원",기타,미분류
persona_8,1420,0.6379229426383972,오설록,"7,200원",기타,미분류
persona_8,1421,0.6379229426383972,오설록,"7,200원",기타,미분류
persona_8,1422,0.6403459906578064,오설록,"9,900원",기타,미분류
persona_8,1423,0.6403459906578064,오설록,"9,900원",기타,미분류
persona_8,1424,0.6300759315490723,오설록,"16,650원",기타,미분류
persona_8,1425,0.6274340748786926,오설록,"13,300원",기타,미분류
persona_8,1426,0.6276994943618774,오설록,"14,250원",기타,미분류
persona_8,1427,0.6406782865524292,오설록,"12,375원",기타,미분류
persona_8,1428,0.6408176422119141,오설록,"93,500원",기타,미분류
persona_8,1429,0.6284136772155762,오설록,"12,600원",기타,미분류
persona_8,1430,0.6217203736305237,오설록,"14,850원",기타,미분류
persona_8,1431,0.6217203736305237,오설록,"14,850원",기타,미분류
persona_8,1432,0.6379229426383972,오설록,"7,200원",기타,미분류
persona_8,1433,0.6217203736305237,오설록,"14,850원",기타,미분류
persona_8,1434,0.6406782865524292,오설록,"12,375원",기타,미분류
persona_8,1435,0.6406782865524292,오설록,"12,375원",기타,미분류
persona_8,1436,0.6217203736305237,오설록,"14,850원",기타,미분류
persona_8,1437,0.6217203736305237,오설록,"14,850원",기타,미분류
persona_8,1438,0.641146183013916,오설록,"9,900원",기타,미분류
persona_8,1439,0.6372315883636475,오설록,"24,300원",기타,미분류
persona_8,1440,0.6250342130661011,오설록,"14,850원",기타,미분류
persona_8,1441,0.6334930658340454,오설록,"12,600원",기타,미분류
persona_8,1442,0.6394832730293274,오설록,"24,300원",기타,미분류
persona_8,1443,0.6217203736305237,오설록,"14,850원",기타,미분류
persona_8,1444,0.6372315883636475,오설록,"24,300원",기타,미분류
persona_8,1445,0.6372315883636475,오설록,"24,300원",기타,미분류
persona_8,1446,0.6372315883636475,오설록,"24,300원",기타,미분류
persona_8,1447,0.6334930658340454,오설록,"12,600원",기타,미분류
persona_8,1448,0.6194517016410828,오설록,"127,500원",기타,미분류
persona_8,1449,0.6250342130661011,오설록,"14,850원",기타,미분류
persona_8,1450,0.6217203736305237,오설록,"14,850원",기타,미분류
persona_8,1451,0.6257458925247192,오설록,"11,700원",기타,미분류
persona_8,1452,0.6350463628768921,오설록,"37,800원",기타,미분류
persona_8,1453,0.6447803378105164,오설록,"39,000원",기타,미분류
persona_8,1454,0.6419540047645569,오설록,"30,000원",기타,미분류
persona_8,1455,0.6485499143600464,오설록,"9,500원",기타,미분류
persona_8,1456,0.6274340748786926,오설록,"13,300원",기타,미분류
persona_8,1457,0.6240905523300171,오설록,"11,700원",기타,미분류
persona_8,1458,0.6257458925247192,오설록,"11,700원",기타,미분류
persona_8,1459,0.6260007619857788,오설록,"11,000원",기타,미분류
persona_8,1460,0.6262555122375488,오설록,"15,200원",기타,미분류
persona_8,1461,0.6439546346664429,오설록,"19,800원",기타,미분류
persona_8,1462,0.6262555122375488,오설록,"15,200원",기타,미분류
persona_8,1463,0.6196577548980713,려,함빛/청아/흑운/민감 샴푸&컨디셔너 480ml,기타,미분류
persona_8,1464,0.5970439314842224,려,루트젠 탈모증상전문케어 두피 에센스 80ml,스킨케어,에센스
persona_8,1465,0.6111133098602295,려,두피 편한 검은콩 염색 120g,건기식,기능성식품
persona_8,1466,0.5873740315437317,려,자양윤모 9ex 탈모증상전문케어 샴푸 400ml,기타,미분류
persona_8,1467,0.6294220685958862,려,루트젠 여성 맞춤 탈모증상전문케어 샴푸 515ml,기타,미분류
persona_8,1468,0.6189014315605164,려,헤어쿠션  7g,건기식,기능성식품
persona_8,1469,0.6082608699798584,려,루트젠 여성 맞춤 탈모증상전문케어 샴푸 리필팩 400ml,스킨케어,마스크팩
persona_8,1470,0.6160987019538879,려,댄트롤 비듬샴푸 박하/멘톨/애플 820ml,기타,미분류
persona_8,1471,0.6294220685958862,려,루트젠 남성 맞춤 탈모증상전문케어 샴푸 515ml,기타,미분류
persona_8,1472,0.6082943081855774,려,진생보 두피모발영양 샴푸/컨디셔너 400ml,기타,미분류
persona_8,1473,0.612201988697052,려,자양윤모 9이엑스 탈모증상전문케어 모근강화 트리트먼트 330ml,기타,미분류
persona_8,1474,0.6294220685958862,려,루트젠 여성 맞춤 탈모증상전문케어 트리트먼트 515ml,기타,미분류
persona_8,1475,0.6081012487411499,려,명품 에이치비엑스 탈모증상완화 앰플 샴푸 500ml,스킨케어,앰플
persona_8,1476,0.6359553337097168,려,루트젠 두피코어강화 아쿠아필 두피토닉 100ml,기타,미분류
persona_8,1477,0.6331210732460022,려,루트젠 두피코어강화 두피청정샴푸 515ml,기타,미분류
persona_8,1478,0.6147655248641968,려,함빛 극손상 앤 영양 트리트먼트 300ml,기타,미분류
persona_8,1479,0.6157736778259277,려,자양윤모 탈모전문케어 경주달밤/여수하늘 트리트먼트 200ml,기타,미분류
persona_8,1480,0.6255974173545837,려,루트젠 탈모증상전문케어 헤어볼륨필러 150ml,기타,미분류
persona_8,1481,0.642463743686676,려,루트젠 두피코어강화 두피 청정샴푸,건기식,기능성식품
persona_8,1482,0.6430374979972839,려,자양윤모 9이엑스 탈모증상전문케어 모근강화 트리트먼트,기타,미분류
persona_8,1483,0.6432998776435852,려,자양윤모 탈모증상전문케어 샴푸 지성두피용,기타,미분류
persona_8,1484,0.642271101474762,려,루트젠 남성 맞춤 탈모증상전문케어 샴푸,기타,미분류
persona_8,1485,0.6157840490341187,려,루트젠 탈모케어 트리플샷 두피리페어 세럼 60ml,스킨케어,세럼
persona_8,1486,0.6408631801605225,려,루트젠 두피코어강화 아쿠아필 두피토닉,기타,미분류
persona_8,1487,0.640661895275116,려,루트젠 탈모증상전문케어 두피 에센스,스킨케어,에센스
persona_8,1488,0.6028704047203064,려,진생보 두피모발영양 샴푸 400ml,기타,미분류
persona_8,1489,0.6428341865539551,려,루트젠 여성 맞춤 탈모증상전문케어 샴푸,기타,미분류
persona_8,1490,0.6415498852729797,려,루트젠 여성 맞춤 탈모증상전문케어 샴푸,기타,미분류
persona_8,1491,0.6419893503189087,려,루트젠 여성 맞춤 탈모증상전문케어 샴푸+두피에센스,스킨케어,에센스
persona_8,1492,0.6413474082946777,려,루트젠 여성 맞춤 탈모증상전문케어 샴푸+리필,기타,미분류
persona_8,1493,0.6429665088653564,려,루트젠 탈모증상전문케어 여성 샴푸+남성 샴푸,기타,미분류
persona_8,1494,0.6429665088653564,려,루트젠 여성 맞춤 탈모증상전문케어 샴푸+트리트먼트,기타,미분류
persona_8,1495,0.5998762845993042,려,우아채 영양새치염색  120g,건기식,기능성식품
persona_8,1496,0.6339021325111389,설화수,자음2종 세트,기타,미분류
persona_8,1497,0.6109071373939514,설화수,순행클렌징폼 200ml,기타,미분류
persona_8,1498,0.634990930557251,설화수,탄력3종 세트,기타,미분류
persona_8,1499,0.623371422290802,설화수,탄력크림 단품세트 75ml,스킨케어,크림
persona_8,1500,0.6142453551292419,설화수,순행클렌징오일 200ml,기타,미분류
persona_8,1501,0.6346071362495422,설화수,본윤 데일리 루틴,기타,미분류
persona_8,1502,0.623371422290802,설화수,탄력크림 단품세트 75ml,스킨케어,크림
persona_8,1503,0.634953498840332,설화수,자음생2종 세트,기타,미분류
persona_8,1504,0.6107025146484375,설화수,윤조에센스 6세대 단품세트 90ml,스킨케어,에센스
persona_8,1505,0.6411025524139404,설화수,,기타,미분류
persona_8,1506,0.6086855530738831,설화수,자음유액 EX 125ml,기타,미분류
persona_8,1507,0.6346765160560608,설화수,윤조에센스 6세대,스킨케어,에센스
persona_8,1508,0.6205415725708008,설화수,자음수 EX 150ml,기타,미분류
persona_8,1509,0.6238500475883484,설화수,상백톤업선크림 SPF50+/PA++++ 50ml,선케어,선크림
persona_8,1510,0.6102680563926697,설화수,옥용팩 120ml,스킨케어,마스크팩
persona_8,1511,0.5966295003890991,설화수,자음생아이크림 15ml,스킨케어,크림
persona_8,1512,0.5914589762687683,설화수,퍼펙팅 쿠션 SPF50+/PA+++ 15g,선케어,선크림
persona_8,1513,0.6354670524597168,설화수,퍼펙팅 쿠션 에어리 SPF50+/PA+++,선케어,선크림
persona_8,1514,0.602224588394165,설화수,여윤팩 120ml,스킨케어,마스크팩
persona_8,1515,0.5914256572723389,설화수,퍼펙팅 쿠션 에어리 SPF50+/PA+++ 15g,선케어,선크림
persona_8,1516,0.6321517825126648,설화수,퍼펙팅 립컬러,기타,미분류
persona_8,1517,0.623371422290802,설화수,탄력크림 EX 75ml,스킨케어,크림
persona_8,1518,0.6363791227340698,설화수,윤조마스크 5매,스킨케어,마스크팩
persona_8,1519,0.6068452596664429,설화수,윤조립밤 3g,스킨케어,크림
persona_8,1520,0.6238500475883484,설화수,상백선크림 SPF50+/PA++++ 50ml,선케어,선크림
persona_8,1521,0.6340797543525696,설화수,퍼펙팅 트윈 케이크,기타,미분류
persona_8,1522,0.6326590776443481,설화수,진설수유액 2종 세트,기타,미분류
persona_8,1523,0.6269019842147827,설화수,본윤선크림 SPF50+/PA++++ 50ml,선케어,선크림
persona_8,1524,0.6357122659683228,설화수,퍼펙팅 쿠션 SPF50+/PA+++,선케어,선크림
persona_8,1525,0.6241504549980164,설화수,자음생크림 리치 단품세트 50ml,스킨케어,크림
persona_8,1526,0.606715202331543,설화수,자음생유액 125ml,기타,미분류
persona_8,1527,0.6248085498809814,설화수,탄력크림 EX 50ml,스킨케어,크림
persona_8,1528,0.6175747513771057,설화수,NEW 자음생클렌징폼 150g,건기식,기능성식품
persona_8,1529,0.6053521633148193,설화수,자음생앰플 20g,스킨케어,앰플
persona_8,1530,0.6384398341178894,설화수,자음생캡슐세럼 단품세트,스킨케어,세럼
persona_8,1531,0.6245284080505371,설화수,자음생캡슐세럼 50ml,스킨케어,세럼
persona_8,1532,0.6111329793930054,설화수,백삼팩 120ml,스킨케어,마스크팩
persona_8,1533,0.6181917190551758,설화수,자음생수 150ml,기타,미분류
persona_8,1534,0.6301509141921997,설화수,자음생마스크EX 5매,스킨케어,마스크팩
persona_8,1535,0.6048991084098816,설화수,본윤에센스 140ml,스킨케어,에센스
persona_8,1536,0.6001556515693665,설화수,시그니처 진생 페이셜 솝 1입 120g,건기식,기능성식품
persona_8,1537,0.6273917555809021,설화수,상백선플루이드 SPF50+/PA+++ 50ml,선케어,선크림
persona_8,1538,0.6049089431762695,설화수,퍼펙팅 파우더 20g,건기식,기능성식품
persona_8,1539,0.6171749830245972,설화수,본윤유액 90ml,기타,미분류
persona_8,1540,0.6236220598220825,설화수,자음생크림 단품세트 50ml,스킨케어,크림
persona_8,1541,0.63505619764328,설화수,퍼펙팅 쿠션 에어리 SPF50+/PA+++,선케어,선크림
persona_8,1542,0.5942245125770569,설화수,시그니처 진생 페이셜 솝 2입 120g*2,건기식,기능성식품
persona_8,1543,0.6142198443412781,설화수,진설유액 125ml,기타,미분류
persona_8,1544,0.6397008299827576,설화수,,스킨케어,크림
persona_8,1545,0.6212847828865051,설화수,자음생세럼 브라이트닝 50ml,스킨케어,세럼
persona_8,1546,0.6161276698112488,설화수,진설크림 60ml,스킨케어,크림
persona_8,1547,0.6137497425079346,설화수,진설클렌징폼 150g,건기식,기능성식품
persona_8,1548,0.6355978846549988,설화수,퍼펙팅 스킨커버,기타,미분류
persona_8,1549,0.6188761591911316,설화수,자음생캡슐세럼 30ml,스킨케어,세럼
persona_8,1550,0.6173679232597351,설화수,자음생크림 30ml,스킨케어,크림
persona_8,1551,0.6178048253059387,설화수,진설수 150ml,기타,미분류
persona_8,1552,0.6155833005905151,설화수,자음생크림 리치 30ml,스킨케어,크림
persona_8,1553,0.6220724582672119,설화수,진설세럼 50ml,스킨케어,세럼
persona_8,1554,0.6363662481307983,설화수,퍼펙팅 쿠션 에어리 트리플  SPF50+/PA+++,선케어,선크림
persona_8,1555,0.6362878680229187,설화수,퍼펙팅 쿠션 트리플  SPF50+/PA+++,선케어,선크림
persona_8,1556,0.6236220598220825,설화수,자음생크림 리치 50ml,스킨케어,크림
persona_8,1557,0.6250841021537781,설화수,자음생크림 50ml,스킨케어,크림
persona_8,1558,0.6349195837974548,설화수,퍼펙팅 쿠션 SPF50+/PA+++,선케어,선크림
persona_8,1559,0.6200271248817444,설화수,진설크림 60ml,스킨케어,크림
persona_8,1560,0.5983679890632629,설화수,자음생앰플 브라이트닝 20g,스킨케어,앰플
persona_8,1561,0.6141895651817322,설화수,진설크림 리치 60ml,스킨케어,크림
persona_8,1562,0.618361234664917,설화수,자음생세럼 브라이트닝 30ml,스킨케어,세럼
persona_8,1563,0.6098058223724365,설화수,퍼펙팅 틴티드 크림 35ml,스킨케어,크림
persona_8,1564,0.6133803725242615,설화수,퍼펙팅 베일 프라이머 35ml,기타,미분류
persona_8,1565,0.6069355010986328,설화수,자음생크림 리치 30ml + 월리 우프 무드등,스킨케어,크림
persona_8,1566,0.5997787117958069,설화수,윤조에센스 90ml 세트 + 월리 우프 무드등,스킨케어,에센스
persona_8,1567,0.6196442246437073,설화수,자음생크림 리치 50ml 단품기획세트,스킨케어,크림
persona_8,1568,0.605707049369812,설화수,윤조에센스 6세대 90ml 단품기획세트,스킨케어,에센스
persona_8,1569,0.5906122326850891,설화수,퍼펙팅 트윈 케이크 11g,건기식,기능성식품
persona_8,1570,0.6172890663146973,설화수,윤조에센스 6세대 기프트박스 30ml,스킨케어,에센스
persona_8,1571,0.6179174184799194,설화수,진설크림 리치 60ml,스킨케어,크림
persona_8,1572,0.6128889918327332,설화수,진설세럼 30ml,스킨케어,세럼
persona_8,1573,0.6127504706382751,설화수,진설크림 30ml,스킨케어,크림
persona_8,1574,0.61698979139328,설화수,퍼펙팅 파운데이션 SPF17/PA+ 35ml,선케어,선크림
